Num_Acc,senc,catv,occutc,obs,obsm,choc,manv,num_veh
201500000283,0,7,0,13.0,0.0,0.0,1.0,A01
201500000284,0,33,0,0.0,2.0,2.0,21.0,A01
201500000284,0,7,0,0.0,2.0,3.0,10.0,B02
201500000285,0,7,0,0.0,2.0,7.0,0.0,A01
201500000285,0,7,0,0.0,2.0,1.0,0.0,B02
201500000286,0,7,0,1.0,0.0,3.0,2.0,A01
201500000286,0,33,0,0.0,0.0,4.0,0.0,B02
201500000287,0,2,0,8.0,0.0,1.0,0.0,A01
201500000288,0,10,0,0.0,1.0,1.0,1.0,A01
201500000289,0,15,0,0.0,1.0,4.0,23.0,A01
201500000289,0,7,0,0.0,2.0,1.0,1.0,B02
201500000290,0,36,0,1.0,0.0,3.0,0.0,A01
201500000291,0,10,0,0.0,1.0,7.0,1.0,A01
201500000292,0,7,0,0.0,0.0,0.0,0.0,A01
201500000293,0,31,0,0.0,0.0,7.0,16.0,A01
201500000293,0,31,0,0.0,0.0,1.0,1.0,B02
201500000294,0,33,0,0.0,9.0,1.0,1.0,A01
201500000295,0,2,0,0.0,2.0,1.0,1.0,A01
201500000295,0,17,0,0.0,2.0,1.0,1.0,B02
201500000296,0,7,0,0.0,2.0,7.0,15.0,A01
201500000296,0,2,0,0.0,2.0,1.0,1.0,B02
201500000297,0,7,0,2.0,0.0,1.0,1.0,A01
201500000298,0,7,0,0.0,1.0,2.0,17.0,A01
201500000299,0,7,0,0.0,2.0,3.0,19.0,A01
201500000299,0,7,0,0.0,2.0,2.0,1.0,B02
201500000300,0,99,0,0.0,0.0,5.0,0.0,A01
201500000301,0,7,0,0.0,2.0,2.0,1.0,A01
201500000301,0,31,0,0.0,2.0,8.0,19.0,B02
201500000302,0,2,0,0.0,2.0,1.0,5.0,A01
201500000302,0,7,0,0.0,2.0,3.0,1.0,B02
201500000303,0,7,0,0.0,9.0,3.0,1.0,A01
201500000303,0,1,0,0.0,2.0,1.0,19.0,B02
201500000304,0,14,0,0.0,2.0,1.0,15.0,A01
201500000304,0,30,0,0.0,2.0,7.0,1.0,B02
201500000305,0,7,0,6.0,0.0,2.0,0.0,A01
201500000306,0,7,0,0.0,2.0,3.0,13.0,A01
201500000306,0,7,0,0.0,2.0,3.0,0.0,B02
201500000307,0,7,0,0.0,2.0,3.0,13.0,A01
201500000307,0,7,0,0.0,2.0,3.0,1.0,B02
201500000308,0,36,0,1.0,0.0,1.0,21.0,A01
201500000309,0,7,0,6.0,0.0,3.0,13.0,A01
201500000310,0,7,0,12.0,0.0,1.0,1.0,A01
201500000311,0,32,0,0.0,2.0,2.0,2.0,A01
201500000311,0,7,0,0.0,2.0,6.0,2.0,B02
201500000312,0,36,0,1.0,0.0,1.0,1.0,A01
201500000313,0,7,0,0.0,0.0,3.0,0.0,A01
201500000313,0,2,0,0.0,0.0,0.0,0.0,B02
201500000314,0,7,0,2.0,0.0,9.0,1.0,A01
201500000315,0,30,0,0.0,2.0,1.0,1.0,A01
201500000315,0,14,0,0.0,2.0,1.0,1.0,B02
201500000316,0,7,0,0.0,2.0,7.0,13.0,A01
201500000316,0,15,0,0.0,2.0,1.0,1.0,B02
201500000317,0,14,0,0.0,0.0,8.0,1.0,A01
201500000318,0,7,0,0.0,2.0,1.0,13.0,A01
201500000318,0,7,0,0.0,2.0,1.0,1.0,B02
201500000319,0,7,0,6.0,0.0,1.0,1.0,A01
201500000320,0,30,0,0.0,2.0,1.0,13.0,A01
201500000320,0,7,0,0.0,2.0,3.0,13.0,B02
201500000321,0,7,0,0.0,9.0,7.0,1.0,A01
201500000321,0,1,0,0.0,2.0,1.0,9.0,B02
201500000322,0,7,0,0.0,2.0,1.0,13.0,A01
201500000322,0,7,0,0.0,2.0,1.0,1.0,B02
201500000323,0,7,0,2.0,0.0,1.0,1.0,A01
201500000324,0,7,0,2.0,0.0,1.0,13.0,A01
201500000325,0,7,0,0.0,2.0,8.0,19.0,B02
201500000325,0,15,0,0.0,2.0,1.0,1.0,A01
201500000326,0,10,0,13.0,0.0,1.0,1.0,A01
201500000327,0,33,0,15.0,0.0,1.0,1.0,A01
201500000328,0,33,0,0.0,2.0,2.0,1.0,A01
201500000328,0,7,0,0.0,2.0,2.0,15.0,B02
201500000329,0,33,0,0.0,2.0,1.0,17.0,A01
201500000329,0,7,0,0.0,2.0,3.0,15.0,B02
201500000330,0,7,0,0.0,2.0,1.0,1.0,A01
201500000330,0,7,0,0.0,2.0,4.0,1.0,B02
201500000331,0,33,0,0.0,2.0,1.0,2.0,A01
201500000331,0,7,0,0.0,2.0,4.0,2.0,B02
201500000332,0,7,0,0.0,2.0,0.0,0.0,A01
201500000332,0,7,0,0.0,2.0,1.0,0.0,B02
201500000333,0,7,0,0.0,1.0,1.0,1.0,A01
201500000334,0,7,0,0.0,2.0,7.0,1.0,A01
201500000334,0,33,0,0.0,2.0,1.0,1.0,B02
201500000335,0,21,0,0.0,0.0,0.0,1.0,A01
201500000336,0,30,0,6.0,0.0,1.0,1.0,A01
201500000337,0,10,0,0.0,2.0,1.0,9.0,A01
201500000337,0,17,0,0.0,0.0,2.0,1.0,B02
201500000338,0,7,0,0.0,1.0,1.0,1.0,A01
201500000339,0,7,0,0.0,2.0,7.0,15.0,A01
201500000339,0,7,0,0.0,2.0,1.0,1.0,B02
201500000340,0,7,0,0.0,2.0,1.0,9.0,A01
201500000340,0,1,0,0.0,0.0,7.0,1.0,B02
201500000341,0,7,0,0.0,1.0,2.0,1.0,A01
201500000342,0,31,0,0.0,0.0,7.0,1.0,A01
201500000343,0,7,0,0.0,1.0,5.0,4.0,A01
201500000344,0,7,0,0.0,1.0,2.0,1.0,A01
201500000345,0,7,0,13.0,0.0,1.0,13.0,A01
201500000346,0,7,0,0.0,5.0,1.0,0.0,A01
201500000347,0,33,0,9.0,0.0,1.0,0.0,A01
201500000348,0,7,0,0.0,2.0,3.0,24.0,A01
201500000348,0,1,0,1.0,0.0,1.0,1.0,B02
201500000349,0,10,0,0.0,1.0,4.0,4.0,A01
201500000350,0,2,0,0.0,0.0,7.0,1.0,A01
201500000350,0,7,0,0.0,0.0,1.0,9.0,B02
201500000351,0,7,0,0.0,2.0,1.0,13.0,A01
201500000351,0,10,0,0.0,2.0,1.0,1.0,B02
201500000352,0,14,0,0.0,2.0,1.0,1.0,A01
201500000352,0,7,0,0.0,2.0,8.0,9.0,B02
201500000353,0,7,0,0.0,2.0,1.0,1.0,B02
201500000353,0,7,0,0.0,2.0,1.0,5.0,A01
201500000354,0,2,0,0.0,0.0,3.0,10.0,A01
201500000354,0,7,0,0.0,0.0,2.0,17.0,B02
201500000355,0,7,0,0.0,2.0,1.0,9.0,A01
201500000355,0,7,0,0.0,0.0,4.0,23.0,B02
201500000356,0,7,0,0.0,2.0,6.0,1.0,D04
201500000356,0,10,0,0.0,2.0,6.0,15.0,C03
201500000356,0,7,0,0.0,2.0,2.0,17.0,A01
201500000356,0,7,0,0.0,2.0,1.0,1.0,E05
201500000356,0,7,0,0.0,2.0,6.0,1.0,B02
201500000357,0,15,0,0.0,2.0,2.0,1.0,B02
201500000357,0,7,0,0.0,2.0,3.0,15.0,A01
201500000358,0,7,0,8.0,0.0,2.0,14.0,A01
201500000359,0,2,0,12.0,0.0,8.0,14.0,A01
201500000360,0,7,0,0.0,2.0,3.0,1.0,C03
201500000360,0,7,0,0.0,2.0,3.0,1.0,B02
201500000360,0,7,0,0.0,2.0,1.0,13.0,A01
201500000361,0,7,0,16.0,0.0,9.0,14.0,A01
201500000362,0,7,0,0.0,2.0,3.0,1.0,B02
201500000362,0,7,0,0.0,2.0,1.0,13.0,A01
201500000363,0,7,0,0.0,1.0,4.0,1.0,B02
201500000363,0,7,0,0.0,2.0,1.0,2.0,A01
201500000364,0,7,0,0.0,0.0,3.0,16.0,A01
201500000364,0,7,0,0.0,2.0,1.0,1.0,B02
201500000365,0,7,0,13.0,0.0,9.0,13.0,A01
201500000366,0,7,0,13.0,0.0,3.0,13.0,A01
201500000367,0,31,0,16.0,0.0,0.0,13.0,A01
201500000368,0,7,0,8.0,0.0,1.0,13.0,A01
201500000369,0,7,0,0.0,0.0,5.0,15.0,B02
201500000369,0,7,0,0.0,2.0,3.0,2.0,A01
201500000370,0,7,0,2.0,0.0,8.0,14.0,A01
201500000371,0,33,0,8.0,0.0,2.0,14.0,A01
201500000372,0,30,0,0.0,0.0,8.0,1.0,A01
201500000373,0,7,0,6.0,0.0,1.0,13.0,A01
201500000374,0,7,0,0.0,2.0,8.0,1.0,B01
201500000374,0,7,0,0.0,2.0,2.0,9.0,A02
201500000375,0,7,0,0.0,2.0,1.0,1.0,B02
201500000375,0,7,0,0.0,2.0,7.0,13.0,A01
201500000376,0,17,0,0.0,2.0,3.0,1.0,A01
201500000376,0,99,0,0.0,0.0,2.0,9.0,B02
201500000377,0,33,0,13.0,0.0,1.0,17.0,A01
201500000378,0,7,0,16.0,0.0,9.0,13.0,A01
201500000379,0,10,0,8.0,0.0,1.0,14.0,A01
201500000380,0,1,0,0.0,2.0,8.0,1.0,A01
201500000380,0,7,0,0.0,9.0,1.0,19.0,B02
201500000381,0,7,0,2.0,0.0,1.0,14.0,A01
201500000382,0,2,0,0.0,2.0,1.0,1.0,B02
201500000382,0,10,0,0.0,2.0,3.0,17.0,A01
201500000383,0,7,0,0.0,2.0,1.0,13.0,A01
201500000383,0,7,0,0.0,2.0,1.0,1.0,B02
201500000384,0,33,0,13.0,0.0,1.0,13.0,A01
201500000385,0,7,0,0.0,2.0,1.0,1.0,B02
201500000385,0,21,0,0.0,2.0,0.0,1.0,A01
201500000386,0,7,0,2.0,0.0,0.0,14.0,A01
201500000387,0,7,0,0.0,1.0,1.0,1.0,A01
201500000388,0,7,0,0.0,2.0,1.0,13.0,A01
201500000388,0,7,0,0.0,2.0,1.0,1.0,B02
201500000389,0,1,0,0.0,2.0,8.0,1.0,A01
201500000389,0,7,0,0.0,2.0,0.0,17.0,B02
201500000390,0,7,0,8.0,0.0,7.0,14.0,A01
201500000391,0,2,0,0.0,2.0,1.0,1.0,A01
201500000391,0,7,0,0.0,0.0,3.0,1.0,B02
201500000392,0,7,0,0.0,2.0,3.0,13.0,A01
201500000392,0,7,0,0.0,2.0,7.0,17.0,B02
201500000393,0,7,0,0.0,1.0,2.0,1.0,A01
201500000394,0,17,0,0.0,2.0,2.0,19.0,B02
201500000394,0,7,0,0.0,2.0,3.0,1.0,A01
201500000395,0,33,0,8.0,0.0,1.0,14.0,A01
201500000396,0,7,0,0.0,2.0,1.0,1.0,B02
201500000396,0,7,0,0.0,2.0,1.0,13.0,A01
201500000397,0,7,0,0.0,2.0,1.0,1.0,B02
201500000397,0,7,0,0.0,0.0,8.0,13.0,A01
201500000398,0,33,0,0.0,2.0,2.0,17.0,A01
201500000398,0,7,0,0.0,2.0,6.0,1.0,B02
201500000399,0,7,0,0.0,2.0,1.0,1.0,B02
201500000399,0,7,0,0.0,2.0,1.0,13.0,A01
201500000400,0,7,0,0.0,2.0,1.0,1.0,B02
201500000400,0,7,0,0.0,2.0,1.0,13.0,A01
201500000401,0,7,0,0.0,1.0,3.0,1.0,A01
201500000402,0,7,0,16.0,0.0,9.0,13.0,A01
201500000403,0,7,0,0.0,2.0,1.0,1.0,A01
201500000403,0,33,0,0.0,2.0,7.0,1.0,B02
201500000404,0,10,0,0.0,2.0,3.0,13.0,A01
201500000404,0,7,0,0.0,2.0,3.0,1.0,B02
201500000405,0,7,0,6.0,0.0,1.0,14.0,A01
201500000406,0,7,0,0.0,5.0,2.0,1.0,A01
201500000406,0,99,0,,,4.0,2.0,B02
201500000407,0,7,0,0.0,1.0,1.0,21.0,A01
201500000408,0,14,0,0.0,1.0,7.0,9.0,A01
201500000409,0,7,0,0.0,2.0,2.0,15.0,A01
201500000409,0,7,0,0.0,2.0,1.0,1.0,B02
201500000410,0,10,0,0.0,2.0,1.0,13.0,A01
201500000410,0,7,0,0.0,2.0,1.0,1.0,B02
201500000411,0,10,0,0.0,9.0,1.0,1.0,A01
201500000411,0,1,0,0.0,2.0,4.0,1.0,B02
201500000412,0,7,0,8.0,0.0,1.0,13.0,A01
201500000413,0,7,0,0.0,2.0,9.0,1.0,B02
201500000413,0,7,0,0.0,2.0,2.0,19.0,A01
201500000414,0,7,0,0.0,2.0,1.0,13.0,A01
201500000414,0,7,0,0.0,2.0,1.0,14.0,B02
201500000415,0,33,0,0.0,2.0,1.0,1.0,A01
201500000415,0,7,0,0.0,2.0,5.0,15.0,B02
201500000416,0,7,0,0.0,2.0,3.0,1.0,B02
201500000416,0,7,0,0.0,2.0,3.0,13.0,A01
201500000417,0,7,0,0.0,0.0,5.0,1.0,A01
201500000417,0,33,0,0.0,2.0,1.0,2.0,B02
201500000418,0,7,0,0.0,2.0,1.0,1.0,B02
201500000418,0,7,0,0.0,2.0,4.0,5.0,A01
201500000419,0,7,0,0.0,2.0,1.0,1.0,A01
201500000419,0,7,0,0.0,0.0,4.0,2.0,B02
201500000420,0,30,0,0.0,2.0,1.0,1.0,B02
201500000420,0,10,0,0.0,1.0,6.0,1.0,A01
201500000421,0,7,0,0.0,2.0,1.0,13.0,A01
201500000421,0,15,0,0.0,2.0,1.0,1.0,B02
201500000422,0,33,0,0.0,6.0,1.0,1.0,A01
201500000423,0,7,0,0.0,2.0,1.0,13.0,A01
201500000423,0,14,0,0.0,2.0,3.0,1.0,B02
201500000424,0,30,0,13.0,0.0,1.0,1.0,A01
201500000425,0,7,0,0.0,2.0,1.0,1.0,B02
201500000425,0,7,0,0.0,2.0,7.0,19.0,A01
201500000426,0,7,0,13.0,0.0,9.0,13.0,A01
201500000427,0,7,0,2.0,0.0,8.0,13.0,A01
201500000428,0,7,0,0.0,2.0,1.0,1.0,B02
201500000428,0,38,1,0.0,2.0,3.0,15.0,A01
201500000429,0,7,0,0.0,1.0,2.0,15.0,A01
201500000430,1,7,0,0.0,1.0,2.0,1.0,A01
201500000431,0,7,0,0.0,1.0,2.0,1.0,A01
201500000432,0,10,0,0.0,2.0,8.0,1.0,B02
201500000432,0,7,0,6.0,2.0,1.0,13.0,A01
201500000433,0,3,0,8.0,0.0,2.0,14.0,A01
201500000434,0,3,0,0.0,1.0,2.0,14.0,A01
201500000435,0,33,0,0.0,0.0,0.0,1.0,A01
201500000436,0,7,0,0.0,2.0,1.0,2.0,A01
201500000436,0,32,0,0.0,2.0,4.0,2.0,B02
201500000436,0,7,0,0.0,2.0,1.0,1.0,C03
201500000437,0,7,0,0.0,2.0,1.0,13.0,A01
201500000437,0,7,0,0.0,2.0,1.0,1.0,B02
201500000438,0,10,0,13.0,0.0,1.0,1.0,A01
201500000439,0,7,0,0.0,2.0,3.0,19.0,A01
201500000439,0,33,0,0.0,2.0,1.0,1.0,B02
201500000440,0,7,0,6.0,0.0,3.0,13.0,A01
201500000441,0,10,0,0.0,2.0,7.0,19.0,A01
201500000441,0,10,0,0.0,2.0,1.0,1.0,B02
201500000442,0,14,0,0.0,0.0,0.0,1.0,A01
201500000443,0,7,0,0.0,2.0,2.0,17.0,A01
201500000443,0,1,0,0.0,0.0,4.0,1.0,B02
201500000444,0,7,0,0.0,2.0,3.0,1.0,A01
201500000444,0,1,0,0.0,2.0,3.0,13.0,B02
201500000445,0,7,0,0.0,2.0,1.0,1.0,A01
201500000445,0,7,0,0.0,2.0,4.0,1.0,B02
201500000445,0,7,0,0.0,0.0,5.0,1.0,C03
201500000445,0,7,0,0.0,2.0,8.0,1.0,D04
201500000446,0,7,0,1.0,0.0,1.0,14.0,A01
201500000447,0,7,0,0.0,2.0,3.0,13.0,A01
201500000447,0,7,0,0.0,2.0,3.0,1.0,B02
201500000448,0,7,0,0.0,2.0,1.0,1.0,B02
201500000448,0,7,0,0.0,2.0,1.0,1.0,A01
201500000449,0,33,0,0.0,0.0,1.0,17.0,A01
201500000450,0,7,0,0.0,2.0,1.0,13.0,A01
201500000450,0,7,0,0.0,2.0,1.0,1.0,B02
201500000451,0,33,0,0.0,2.0,1.0,17.0,A01
201500000451,0,10,0,0.0,2.0,8.0,1.0,B02
201500000452,0,7,0,0.0,2.0,2.0,1.0,B02
201500000452,0,10,0,0.0,0.0,0.0,0.0,A01
201500000453,0,30,0,14.0,0.0,0.0,1.0,A01
201500000454,0,33,0,12.0,0.0,1.0,0.0,A01
201500000455,0,7,0,0.0,0.0,3.0,1.0,A01
201500000455,0,15,0,0.0,0.0,8.0,0.0,B02
201500000456,0,7,0,1.0,0.0,3.0,5.0,A01
201500000457,0,7,0,2.0,0.0,7.0,13.0,A01
201500000458,0,7,0,13.0,0.0,4.0,0.0,A01
201500000459,0,33,0,12.0,0.0,1.0,1.0,A01
201500000460,0,10,0,2.0,0.0,2.0,13.0,A01
201500000461,0,7,0,0.0,2.0,1.0,1.0,A01
201500000461,0,7,0,0.0,2.0,1.0,1.0,B02
201500000462,0,7,0,0.0,1.0,0.0,21.0,A01
201500000463,0,7,0,13.0,0.0,2.0,1.0,A01
201500000464,0,7,0,0.0,2.0,2.0,0.0,A01
201500000464,0,7,0,0.0,2.0,1.0,13.0,B02
201500000465,0,7,0,0.0,2.0,0.0,0.0,A01
201500000465,0,7,0,0.0,2.0,0.0,0.0,B02
201500000466,0,30,0,1.0,2.0,1.0,17.0,A01
201500000466,0,10,0,0.0,2.0,1.0,24.0,B02
201500000466,0,7,0,0.0,0.0,6.0,2.0,C03
201500000467,0,14,0,0.0,9.0,1.0,16.0,A01
201500000467,0,1,0,0.0,2.0,1.0,18.0,B02
201500000468,0,2,0,0.0,1.0,3.0,17.0,A01
201500000469,0,7,0,0.0,1.0,2.0,1.0,A01
201500000470,0,7,0,0.0,0.0,9.0,1.0,A01
201500000471,0,7,0,0.0,2.0,2.0,2.0,A01
201500000471,0,3,0,0.0,0.0,5.0,1.0,B02
201500000471,0,7,0,0.0,2.0,1.0,5.0,C03
201500000471,0,7,0,0.0,0.0,8.0,0.0,D04
201500000472,0,7,0,0.0,0.0,0.0,16.0,A01
201500000472,0,33,0,0.0,0.0,0.0,21.0,B02
201500000473,0,7,0,0.0,9.0,3.0,1.0,B02
201500000473,0,1,0,0.0,2.0,1.0,1.0,A01
201500000474,0,34,0,2.0,0.0,7.0,13.0,A01
201500000475,0,7,0,0.0,1.0,1.0,16.0,A01
201500000476,0,7,0,0.0,2.0,2.0,15.0,A01
201500000476,0,7,0,0.0,2.0,3.0,1.0,B02
201500000477,0,7,0,0.0,2.0,2.0,2.0,A01
201500000477,0,20,0,0.0,0.0,6.0,1.0,B02
201500000478,0,7,0,0.0,2.0,3.0,1.0,A01
201500000478,0,30,0,0.0,2.0,1.0,1.0,B02
201500000479,0,7,0,16.0,0.0,1.0,1.0,A01
201500000480,0,7,0,0.0,2.0,3.0,1.0,A01
201500000480,0,7,0,0.0,2.0,3.0,1.0,B02
201500000481,0,7,0,2.0,0.0,2.0,1.0,A01
201500000482,0,10,0,0.0,2.0,1.0,1.0,A01
201500000482,0,7,0,0.0,2.0,1.0,1.0,B02
201500000483,0,7,0,0.0,2.0,5.0,1.0,A01
201500000483,0,21,0,0.0,2.0,6.0,1.0,B02
201500000484,0,7,0,0.0,1.0,3.0,14.0,A01
201500000485,0,7,0,0.0,2.0,6.0,19.0,B02
201500000485,0,7,0,0.0,2.0,1.0,23.0,C03
201500000485,0,3,0,0.0,2.0,2.0,1.0,A01
201500000486,0,1,0,0.0,2.0,8.0,15.0,A01
201500000486,0,7,0,0.0,2.0,1.0,15.0,B02
201500000487,0,7,0,1.0,9.0,1.0,15.0,A01
201500000487,0,1,0,1.0,2.0,7.0,16.0,B02
201500000488,0,7,0,0.0,1.0,1.0,1.0,A01
201500000489,1,7,0,0.0,1.0,2.0,1.0,A01
201500000490,0,33,0,6.0,0.0,1.0,1.0,A01
201500000491,0,31,0,4.0,0.0,1.0,1.0,A01
201500000492,0,7,0,0.0,0.0,0.0,0.0,B02
201500000492,0,7,0,0.0,0.0,0.0,0.0,A01
201500000493,0,7,0,0.0,0.0,6.0,1.0,A01
201500000493,0,39,0,0.0,2.0,1.0,1.0,B02
201500000494,0,10,0,0.0,2.0,1.0,1.0,B02
201500000494,0,7,0,0.0,2.0,2.0,19.0,A01
201500000495,0,32,0,0.0,0.0,0.0,1.0,A01
201500000496,0,7,0,0.0,2.0,3.0,1.0,A01
201500000496,0,7,0,0.0,2.0,3.0,5.0,B02
201500000497,0,7,0,0.0,0.0,3.0,19.0,B02
201500000497,0,33,0,0.0,2.0,1.0,1.0,A01
201500000498,0,7,0,0.0,2.0,3.0,17.0,A01
201500000498,0,7,0,0.0,2.0,3.0,1.0,B02
201500000499,0,7,0,0.0,1.0,1.0,1.0,A01
201500000500,0,7,0,0.0,1.0,0.0,0.0,A01
201500000501,0,10,0,0.0,2.0,3.0,1.0,B02
201500000501,0,31,0,0.0,2.0,1.0,13.0,A01
201500000502,0,7,0,8.0,0.0,8.0,1.0,A01
201500000503,0,7,0,0.0,2.0,1.0,1.0,A01
201500000503,0,10,0,0.0,2.0,6.0,15.0,B02
201500000503,0,14,0,0.0,2.0,1.0,1.0,C03
201500000504,0,7,0,0.0,2.0,1.0,17.0,A01
201500000504,0,33,0,0.0,2.0,1.0,1.0,B02
201500000505,0,7,0,6.0,0.0,1.0,14.0,A01
201500000506,0,10,0,0.0,2.0,8.0,1.0,A01
201500000506,0,7,0,0.0,2.0,1.0,1.0,B02
201500000507,0,10,0,0.0,2.0,7.0,19.0,B02
201500000507,0,33,0,0.0,2.0,1.0,1.0,A01
201500000508,0,7,0,0.0,2.0,2.0,13.0,B02
201500000508,0,30,0,0.0,2.0,1.0,13.0,A01
201500000509,0,7,0,0.0,0.0,0.0,16.0,A01
201500000510,0,7,0,0.0,1.0,3.0,1.0,A01
201500000511,0,7,0,2.0,0.0,9.0,1.0,A01
201500000512,0,30,0,0.0,2.0,8.0,2.0,A01
201500000512,0,10,0,0.0,2.0,2.0,2.0,B02
201500000513,0,33,0,7.0,0.0,0.0,1.0,A01
201500000514,0,7,0,0.0,2.0,4.0,2.0,A01
201500000514,2,7,0,0.0,2.0,1.0,2.0,B02
201500000515,0,7,0,6.0,0.0,1.0,1.0,A01
201500000516,0,33,0,14.0,9.0,7.0,1.0,A01
201500000517,0,10,0,3.0,0.0,1.0,0.0,A01
201500000518,0,7,0,0.0,2.0,2.0,15.0,A01
201500000518,0,33,0,0.0,2.0,1.0,2.0,B02
201500000519,0,7,0,0.0,2.0,3.0,1.0,A01
201500000519,0,7,0,0.0,2.0,3.0,13.0,B02
201500000520,0,7,0,0.0,2.0,8.0,15.0,A01
201500000520,0,10,0,0.0,2.0,1.0,1.0,B02
201500000521,0,33,0,13.0,0.0,9.0,1.0,A01
201500000522,0,14,0,0.0,0.0,9.0,1.0,A01
201500000523,0,7,0,6.0,0.0,1.0,1.0,A01
201500000524,0,7,0,0.0,1.0,7.0,1.0,A01
201500000525,0,7,0,0.0,9.0,1.0,1.0,A01
201500000526,0,7,0,0.0,1.0,1.0,19.0,A01
201500000527,0,10,0,0.0,2.0,3.0,1.0,A01
201500000527,0,7,0,0.0,2.0,1.0,1.0,B02
201500000527,0,7,0,0.0,2.0,3.0,13.0,C03
201500000527,0,7,0,0.0,2.0,1.0,1.0,D04
201500000528,0,7,0,0.0,1.0,3.0,1.0,A01
201500000529,0,7,0,2.0,0.0,8.0,0.0,A01
201500000530,0,7,0,0.0,9.0,1.0,15.0,A01
201500000530,0,1,0,0.0,2.0,1.0,1.0,B02
201500000531,0,15,0,0.0,2.0,5.0,14.0,A01
201500000531,0,2,0,0.0,2.0,3.0,1.0,B02
201500000532,0,7,0,0.0,0.0,1.0,14.0,A01
201500000533,0,7,0,0.0,1.0,2.0,1.0,A01
201500000534,0,7,0,13.0,2.0,8.0,13.0,A01
201500000534,0,7,0,0.0,2.0,8.0,1.0,B02
201500000535,0,7,0,0.0,2.0,1.0,2.0,A01
201500000535,0,7,0,0.0,2.0,4.0,2.0,B02
201500000536,0,33,0,0.0,2.0,1.0,2.0,A01
201500000536,1,7,0,0.0,0.0,6.0,10.0,B02
201500000537,0,7,0,0.0,2.0,1.0,13.0,A01
201500000537,0,7,0,0.0,2.0,1.0,16.0,B02
201500000538,0,7,0,0.0,2.0,7.0,17.0,A01
201500000538,0,7,0,0.0,2.0,1.0,1.0,B02
201500000539,0,7,0,0.0,0.0,2.0,2.0,A01
201500000539,0,1,0,0.0,0.0,4.0,2.0,B02
201500000540,0,7,0,0.0,1.0,1.0,1.0,A01
201500000541,0,7,0,0.0,2.0,3.0,17.0,A01
201500000541,0,7,0,0.0,2.0,3.0,1.0,B02
201500000542,0,7,0,8.0,1.0,3.0,1.0,A01
201500000543,0,7,0,11.0,0.0,7.0,2.0,A01
201500000544,0,7,0,0.0,2.0,3.0,0.0,A01
201500000544,0,1,0,0.0,2.0,7.0,0.0,B02
201500000545,0,7,0,0.0,2.0,1.0,1.0,A01
201500000545,0,7,0,0.0,2.0,3.0,10.0,B02
201500000546,0,7,0,1.0,0.0,6.0,20.0,A01
201500000546,0,33,0,0.0,2.0,1.0,13.0,B02
201500000546,0,7,0,0.0,2.0,5.0,0.0,C03
201500000546,0,10,0,0.0,2.0,1.0,1.0,D04
201500000547,0,7,0,2.0,0.0,1.0,19.0,A01
201500000548,0,3,0,0.0,0.0,0.0,0.0,B02
201500000548,0,1,0,0.0,0.0,0.0,0.0,A01
201500000549,0,10,0,6.0,0.0,1.0,1.0,A01
201500000550,0,32,0,0.0,0.0,0.0,0.0,A01
201500000551,0,7,0,0.0,0.0,9.0,13.0,A01
201500000552,0,33,0,0.0,0.0,4.0,0.0,A01
201500000552,0,7,0,0.0,2.0,1.0,2.0,B02
201500000553,0,7,0,2.0,0.0,8.0,13.0,A01
201500000554,0,7,0,0.0,0.0,9.0,0.0,A01
201500000555,0,30,0,0.0,0.0,1.0,0.0,A01
201500000556,0,7,0,0.0,2.0,3.0,1.0,B02
201500000556,0,7,0,0.0,2.0,1.0,19.0,A01
201500000557,0,14,0,0.0,0.0,0.0,0.0,B02
201500000557,0,14,0,0.0,0.0,0.0,0.0,A01
201500000557,0,14,0,0.0,0.0,0.0,0.0,C03
201500000558,0,7,0,0.0,1.0,7.0,1.0,A01
201500000559,0,7,0,0.0,1.0,7.0,2.0,A01
201500000560,0,7,0,0.0,1.0,2.0,19.0,A01
201500000561,0,7,0,0.0,0.0,7.0,15.0,A01
201500000561,0,1,0,0.0,2.0,1.0,1.0,B02
201500000562,0,33,0,12.0,0.0,8.0,0.0,A01
201500000563,0,7,0,0.0,1.0,1.0,1.0,A01
201500000564,0,7,0,0.0,2.0,3.0,15.0,A01
201500000564,0,33,0,0.0,2.0,1.0,17.0,B02
201500000565,0,10,0,0.0,2.0,1.0,1.0,A01
201500000565,0,7,0,0.0,2.0,8.0,15.0,B02
201500000566,0,33,0,15.0,0.0,3.0,1.0,A01
201500000567,0,30,0,0.0,0.0,0.0,1.0,A01
201500000568,0,1,0,0.0,2.0,4.0,2.0,B02
201500000568,0,7,0,0.0,9.0,2.0,2.0,A01
201500000569,0,7,0,0.0,2.0,4.0,5.0,A01
201500000569,0,7,0,0.0,2.0,1.0,0.0,B02
201500000570,0,7,0,2.0,,7.0,13.0,A01
201500000571,0,7,0,6.0,2.0,1.0,1.0,A01
201500000572,0,2,0,8.0,0.0,1.0,19.0,A01
201500000573,0,7,0,13.0,0.0,3.0,0.0,A01
201500000574,0,34,0,0.0,2.0,3.0,0.0,A01
201500000574,0,10,0,0.0,2.0,3.0,15.0,B02
201500000575,0,7,0,13.0,0.0,3.0,1.0,A01
201500000576,1,7,0,0.0,1.0,2.0,1.0,A01