Num_Acc,senc,catv,occutc,obs,obsm,choc,manv,num_veh
201500000577,0,21,0,0.0,2.0,3.0,1.0,A01
201500000577,0,33,0,0.0,2.0,1.0,1.0,B02
201500000578,0,10,0,0.0,2.0,3.0,1.0,A01
201500000578,0,7,0,0.0,0.0,8.0,1.0,B02
201500000579,0,2,0,8.0,0.0,1.0,13.0,A01
201500000580,0,7,0,12.0,0.0,2.0,1.0,A01
201500000581,0,10,0,0.0,2.0,1.0,1.0,B02
201500000581,0,33,0,0.0,2.0,1.0,13.0,A01
201500000582,0,30,0,1.0,2.0,8.0,13.0,A01
201500000582,0,7,0,0.0,9.0,6.0,1.0,B02
201500000583,0,7,0,1.0,0.0,2.0,1.0,A01
201500000584,0,7,0,0.0,0.0,7.0,15.0,A01
201500000584,0,33,0,0.0,2.0,1.0,1.0,B02
201500000585,0,7,0,1.0,0.0,8.0,1.0,A01
201500000586,0,7,0,0.0,2.0,2.0,21.0,B02
201500000586,0,2,0,0.0,2.0,1.0,13.0,A01
201500000587,0,7,0,0.0,2.0,1.0,24.0,B02
201500000587,0,7,0,1.0,0.0,1.0,13.0,A01
201500000588,0,7,0,3.0,0.0,3.0,17.0,A01
201500000589,0,36,0,2.0,0.0,3.0,1.0,A01
201500000590,0,7,0,6.0,1.0,1.0,1.0,A01
201500000591,0,7,0,13.0,0.0,1.0,1.0,A01
201500000592,0,30,0,0.0,2.0,1.0,1.0,A01
201500000592,0,7,0,0.0,2.0,2.0,1.0,B02
201500000593,0,7,0,0.0,9.0,4.0,1.0,B02
201500000593,0,1,0,1.0,2.0,1.0,1.0,A01
201500000594,0,7,0,0.0,2.0,7.0,1.0,A01
201500000594,0,30,0,0.0,2.0,1.0,1.0,B02
201500000595,0,10,0,0.0,2.0,7.0,15.0,A01
201500000595,0,33,0,0.0,2.0,1.0,1.0,B02
201500000596,0,7,0,0.0,2.0,1.0,13.0,A01
201500000596,0,7,0,0.0,2.0,3.0,1.0,B02
201500000597,0,7,0,0.0,1.0,3.0,17.0,A01
201500000598,0,33,0,0.0,2.0,1.0,13.0,B02
201500000598,0,7,0,0.0,2.0,1.0,1.0,A01
201500000599,0,7,0,0.0,2.0,8.0,0.0,C03
201500000599,0,7,0,0.0,2.0,8.0,17.0,A01
201500000599,0,7,0,0.0,2.0,3.0,0.0,B02
201500000600,0,33,0,0.0,2.0,1.0,1.0,B02
201500000600,0,7,0,0.0,2.0,2.0,15.0,A01
201500000601,0,7,0,11.0,0.0,7.0,1.0,A01
201500000602,0,1,0,0.0,2.0,7.0,1.0,A01
201500000602,0,7,0,0.0,2.0,1.0,1.0,B02
201500000603,0,30,0,0.0,2.0,1.0,1.0,A01
201500000603,0,7,0,0.0,2.0,3.0,0.0,B02
201500000604,0,7,0,8.0,9.0,6.0,1.0,A01
201500000605,0,7,0,2.0,0.0,5.0,1.0,A01
201500000606,0,7,0,0.0,2.0,3.0,1.0,A01
201500000606,0,7,0,0.0,2.0,2.0,15.0,B02
201500000607,0,7,0,0.0,1.0,3.0,1.0,A01
201500000608,0,7,0,8.0,0.0,2.0,1.0,A01
201500000609,0,7,0,0.0,2.0,2.0,23.0,A01
201500000609,0,33,0,0.0,2.0,1.0,21.0,B02
201500000610,0,7,0,0.0,2.0,1.0,19.0,A01
201500000610,0,7,0,0.0,2.0,5.0,1.0,B02
201500000610,0,7,0,0.0,2.0,1.0,1.0,C03
201500000611,0,30,0,0.0,2.0,1.0,15.0,A01
201500000611,0,10,0,0.0,2.0,3.0,1.0,B02
201500000612,0,1,0,0.0,0.0,0.0,13.0,B02
201500000612,0,21,0,0.0,0.0,6.0,1.0,A01
201500000613,0,7,0,0.0,0.0,1.0,2.0,A01
201500000613,0,7,0,0.0,0.0,4.0,2.0,C03
201500000613,0,7,0,0.0,0.0,4.0,2.0,B02
201500000614,0,33,0,0.0,2.0,7.0,17.0,B02
201500000614,0,7,0,0.0,2.0,8.0,15.0,A01
201500000615,0,7,0,0.0,2.0,7.0,19.0,B02
201500000615,0,7,0,0.0,2.0,1.0,1.0,A01
201500000616,0,7,0,0.0,0.0,6.0,17.0,B02
201500000616,0,33,0,0.0,2.0,1.0,17.0,A01
201500000617,0,7,0,0.0,2.0,7.0,15.0,A01
201500000617,0,7,0,0.0,2.0,1.0,1.0,B02
201500000618,0,7,0,0.0,0.0,7.0,15.0,A01
201500000618,0,33,0,0.0,2.0,1.0,1.0,B02
201500000619,0,7,0,0.0,2.0,8.0,10.0,A01
201500000619,0,2,0,0.0,2.0,1.0,1.0,B02
201500000620,0,7,0,0.0,2.0,2.0,1.0,A01
201500000620,0,33,0,0.0,2.0,1.0,5.0,B02
201500000621,0,7,0,0.0,2.0,2.0,1.0,A01
201500000621,0,33,0,0.0,0.0,0.0,0.0,B02
201500000622,0,15,0,0.0,2.0,3.0,1.0,B02
201500000622,0,7,0,0.0,2.0,1.0,13.0,A01
201500000623,0,7,0,0.0,2.0,3.0,2.0,A01
201500000623,0,7,0,0.0,2.0,8.0,19.0,B02
201500000624,0,7,0,0.0,2.0,3.0,1.0,B02
201500000624,0,7,0,0.0,2.0,2.0,19.0,A01
201500000625,0,33,0,0.0,2.0,1.0,1.0,B02
201500000625,0,7,0,0.0,2.0,7.0,1.0,A01
201500000626,0,7,0,2.0,0.0,1.0,14.0,A01
201500000627,0,7,0,0.0,2.0,1.0,1.0,B02
201500000627,0,7,0,0.0,2.0,7.0,11.0,A01
201500000628,0,7,0,0.0,2.0,3.0,1.0,B02
201500000628,0,99,0,0.0,2.0,1.0,13.0,A01
201500000629,0,7,0,0.0,2.0,1.0,13.0,A01
201500000629,0,7,0,0.0,2.0,1.0,1.0,B02
201500000630,0,30,0,0.0,2.0,2.0,15.0,A01
201500000630,0,7,0,0.0,2.0,2.0,16.0,B02
201500000631,0,7,0,0.0,2.0,1.0,2.0,B02
201500000631,0,7,0,0.0,2.0,3.0,15.0,A01
201500000632,0,30,0,0.0,0.0,7.0,1.0,A01
201500000633,0,7,0,0.0,2.0,3.0,1.0,B02
201500000633,0,7,0,0.0,2.0,3.0,1.0,A01
201500000634,0,7,0,0.0,2.0,1.0,1.0,B02
201500000634,0,7,0,0.0,2.0,2.0,1.0,A01
201500000635,0,15,0,0.0,2.0,3.0,1.0,B02
201500000635,0,7,0,0.0,2.0,3.0,13.0,A01
201500000636,0,7,0,0.0,2.0,1.0,1.0,A01
201500000636,0,7,0,0.0,2.0,7.0,19.0,B02
201500000637,0,7,0,0.0,0.0,1.0,17.0,A01
201500000637,0,7,0,0.0,0.0,1.0,1.0,B02
201500000638,0,7,0,0.0,0.0,7.0,1.0,B02
201500000638,0,7,0,0.0,2.0,1.0,1.0,A01
201500000639,0,7,0,0.0,2.0,1.0,1.0,B02
201500000639,0,7,0,0.0,2.0,1.0,13.0,A01
201500000640,0,2,0,0.0,0.0,0.0,1.0,A01
201500000641,0,7,0,0.0,0.0,6.0,10.0,B02
201500000641,0,33,0,0.0,2.0,1.0,17.0,A01
201500000642,0,31,0,8.0,0.0,1.0,1.0,A01
201500000643,0,7,0,0.0,2.0,2.0,17.0,B02
201500000643,0,7,0,0.0,0.0,6.0,15.0,A01
201500000644,0,7,0,0.0,2.0,1.0,11.0,A01
201500000644,0,7,0,0.0,2.0,1.0,1.0,B02
201500000645,0,31,0,1.0,0.0,1.0,1.0,A01
201500000645,0,38,0,0.0,2.0,4.0,24.0,B02
201500000646,0,7,0,0.0,2.0,2.0,2.0,A01
201500000646,0,1,0,0.0,0.0,4.0,0.0,B02
201500000647,0,7,0,0.0,2.0,5.0,15.0,B02
201500000647,0,33,0,0.0,2.0,1.0,1.0,A01
201500000648,0,7,0,16.0,0.0,1.0,1.0,A01
201500000649,0,21,0,0.0,2.0,2.0,1.0,B02
201500000649,0,21,0,6.0,2.0,8.0,1.0,A01
201500000650,0,7,0,0.0,0.0,3.0,1.0,A01
201500000651,0,7,0,0.0,0.0,2.0,15.0,A01
201500000651,0,7,0,0.0,2.0,1.0,1.0,B02
201500000652,0,7,0,0.0,1.0,1.0,2.0,A01
201500000653,0,10,0,2.0,0.0,1.0,1.0,A01
201500000654,0,2,0,0.0,2.0,1.0,0.0,B02
201500000654,0,7,0,0.0,2.0,3.0,1.0,A01
201500000655,0,7,0,8.0,0.0,3.0,1.0,A01
201500000656,0,7,0,0.0,2.0,1.0,1.0,C03
201500000656,0,21,0,0.0,0.0,6.0,1.0,A01
201500000656,0,7,0,0.0,2.0,1.0,21.0,B02
201500000657,0,7,0,0.0,0.0,3.0,13.0,A01
201500000657,0,7,0,0.0,0.0,3.0,0.0,B02
201500000658,0,7,0,0.0,2.0,6.0,19.0,B02
201500000658,0,30,0,0.0,2.0,1.0,1.0,A01
201500000659,1,7,0,0.0,1.0,0.0,0.0,A01
201500000660,0,33,0,0.0,0.0,1.0,1.0,B02
201500000660,0,2,0,0.0,0.0,8.0,1.0,A01
201500000661,0,7,0,0.0,1.0,1.0,1.0,A01
201500000662,0,7,0,8.0,0.0,1.0,14.0,A01
201500000663,0,10,0,0.0,2.0,8.0,15.0,B02
201500000663,0,2,0,0.0,2.0,7.0,17.0,A01
201500000664,0,7,0,0.0,2.0,3.0,13.0,C03
201500000664,0,17,0,0.0,2.0,0.0,1.0,A01
201500000665,0,7,0,0.0,2.0,3.0,15.0,A01
201500000665,0,15,0,0.0,2.0,1.0,1.0,B02
201500000666,0,7,0,0.0,1.0,3.0,1.0,A01
201500000667,0,7,0,13.0,0.0,3.0,19.0,A01
201500000668,0,7,0,0.0,2.0,1.0,1.0,B02
201500000668,0,7,0,0.0,2.0,8.0,13.0,A01
201500000669,0,7,0,13.0,0.0,1.0,1.0,A01
201500000670,0,7,0,0.0,2.0,2.0,21.0,A01
201500000670,0,7,0,0.0,2.0,3.0,0.0,B02
201500000671,0,10,0,2.0,0.0,1.0,1.0,A01
201500000672,0,7,0,8.0,0.0,1.0,1.0,A01
201500000673,0,7,0,0.0,2.0,1.0,1.0,A01
201500000673,0,7,0,0.0,2.0,1.0,1.0,B02
201500000674,0,7,0,0.0,2.0,1.0,1.0,B02
201500000674,0,7,0,0.0,2.0,2.0,1.0,A01
201500000675,0,7,0,0.0,2.0,1.0,2.0,C03
201500000675,0,7,0,0.0,2.0,1.0,1.0,B02
201500000675,0,7,0,0.0,2.0,1.0,1.0,A01
201500000676,0,33,0,0.0,1.0,1.0,0.0,A01
201500000677,0,7,0,0.0,0.0,3.0,17.0,A01
201500000677,0,7,0,0.0,2.0,3.0,1.0,B02
201500000677,0,7,0,0.0,0.0,6.0,16.0,C03
201500000678,0,33,0,0.0,2.0,1.0,1.0,B02
201500000678,0,10,0,0.0,2.0,3.0,15.0,A01
201500000679,0,3,0,0.0,2.0,1.0,1.0,A01
201500000679,0,10,0,0.0,2.0,8.0,15.0,B02
201500000680,0,33,0,0.0,2.0,1.0,21.0,A01
201500000680,0,7,0,0.0,2.0,8.0,1.0,B02
201500000681,0,21,0,0.0,0.0,8.0,16.0,A01
201500000681,0,7,0,0.0,2.0,2.0,2.0,B02
201500000682,0,7,0,0.0,2.0,1.0,1.0,A01
201500000682,0,7,0,0.0,0.0,8.0,19.0,B02
201500000683,0,7,0,0.0,2.0,1.0,1.0,B02
201500000683,0,33,0,0.0,2.0,1.0,1.0,A01
201500000684,0,30,0,13.0,0.0,1.0,1.0,A01
201500000685,0,33,0,0.0,2.0,8.0,1.0,B02
201500000685,0,33,0,0.0,2.0,2.0,17.0,A01
201500000686,0,31,0,0.0,2.0,1.0,1.0,B02
201500000686,0,7,0,0.0,2.0,3.0,16.0,A01
201500000687,0,7,0,0.0,2.0,7.0,5.0,A01
201500000687,0,7,0,0.0,2.0,1.0,1.0,B02
201500000688,0,10,0,0.0,2.0,3.0,1.0,B02
201500000688,0,7,0,0.0,2.0,3.0,13.0,A01
201500000689,0,7,0,16.0,0.0,9.0,1.0,A01
201500000690,0,7,0,0.0,1.0,2.0,1.0,A01
201500000691,0,7,0,0.0,2.0,4.0,1.0,B02
201500000691,0,30,0,14.0,0.0,1.0,2.0,A01
201500000692,0,7,0,0.0,2.0,1.0,1.0,B02
201500000692,0,7,0,0.0,2.0,1.0,15.0,A01
201500000693,0,1,0,0.0,2.0,1.0,1.0,A01
201500000693,0,7,0,0.0,9.0,3.0,15.0,B02
201500000694,0,30,0,0.0,2.0,8.0,1.0,B02
201500000694,0,7,0,0.0,2.0,2.0,1.0,A01
201500000695,0,7,0,4.0,0.0,1.0,17.0,A01
201500000696,0,7,0,0.0,2.0,3.0,1.0,B02
201500000696,0,17,0,0.0,2.0,5.0,12.0,A01
201500000697,0,7,0,13.0,0.0,2.0,1.0,A01
201500000698,0,7,0,0.0,2.0,7.0,15.0,A01
201500000698,0,33,0,0.0,2.0,8.0,1.0,B02
201500000699,0,33,0,6.0,0.0,1.0,1.0,A01
201500000700,0,7,0,0.0,2.0,3.0,21.0,B02
201500000700,0,7,0,0.0,2.0,3.0,13.0,A01
201500000701,0,7,0,0.0,2.0,4.0,2.0,B02
201500000701,0,7,0,0.0,2.0,1.0,2.0,A01
201500000702,0,33,0,0.0,0.0,0.0,1.0,A01
201500000703,0,7,0,16.0,0.0,3.0,21.0,A01
201500000704,0,7,0,2.0,0.0,1.0,0.0,A01
201500000705,0,7,0,0.0,2.0,3.0,1.0,B02
201500000705,0,33,0,0.0,2.0,1.0,1.0,A01
201500000706,0,33,0,0.0,0.0,1.0,2.0,A01
201500000707,0,7,0,0.0,2.0,1.0,1.0,B02
201500000707,0,14,0,0.0,2.0,2.0,1.0,A01
201500000708,0,7,0,0.0,2.0,3.0,1.0,A01
201500000708,0,7,0,0.0,2.0,3.0,0.0,B02
201500000709,0,33,0,0.0,0.0,7.0,0.0,A01
201500000710,0,7,0,0.0,0.0,9.0,0.0,A01
201500000711,0,7,0,0.0,2.0,5.0,1.0,A01
201500000711,0,7,0,0.0,2.0,1.0,0.0,B02
201500000712,0,7,0,0.0,2.0,2.0,19.0,A01
201500000712,0,7,0,0.0,2.0,3.0,1.0,B02
201500000713,0,10,0,6.0,0.0,1.0,14.0,A01
201500000714,0,7,0,0.0,2.0,1.0,1.0,B02
201500000714,0,7,0,0.0,2.0,3.0,15.0,A01
201500000715,0,7,0,0.0,2.0,3.0,1.0,A01
201500000715,0,7,0,0.0,2.0,3.0,1.0,B02
201500000716,0,2,0,0.0,2.0,1.0,1.0,A01
201500000716,0,7,0,0.0,2.0,3.0,1.0,B02
201500000717,0,7,0,14.0,0.0,9.0,1.0,A01
201500000718,0,7,0,8.0,2.0,1.0,1.0,A01
201500000719,0,7,0,0.0,1.0,2.0,1.0,A01
201500000720,0,33,0,13.0,2.0,7.0,13.0,A01
201500000720,0,7,0,0.0,2.0,1.0,1.0,B02
201500000721,0,33,0,0.0,6.0,1.0,1.0,A01
201500000722,0,7,0,13.0,0.0,2.0,1.0,A01
201500000723,0,7,0,0.0,2.0,1.0,1.0,A01
201500000723,0,2,0,0.0,2.0,1.0,1.0,B01
201500000724,0,10,0,0.0,2.0,2.0,19.0,A01
201500000724,0,33,0,0.0,2.0,1.0,1.0,B02
201500000725,0,7,0,0.0,2.0,2.0,13.0,A01
201500000725,0,7,0,0.0,2.0,3.0,1.0,B02
201500000726,0,7,0,0.0,2.0,1.0,1.0,A01
201500000726,0,1,0,0.0,2.0,3.0,5.0,B02
201500000727,0,7,0,0.0,2.0,2.0,1.0,A01
201500000727,0,2,0,0.0,0.0,5.0,1.0,B02
201500000728,0,7,0,16.0,0.0,9.0,1.0,A01
201500000729,0,7,0,0.0,2.0,4.0,2.0,E05
201500000729,0,7,0,0.0,2.0,1.0,2.0,A01
201500000729,0,7,0,0.0,2.0,4.0,2.0,B02
201500000729,0,7,0,0.0,2.0,4.0,2.0,C03
201500000729,0,7,0,0.0,0.0,4.0,2.0,F06
201500000729,0,7,0,0.0,2.0,4.0,2.0,D04
201500000730,0,7,0,2.0,0.0,1.0,1.0,A01
201500000731,0,7,0,6.0,0.0,2.0,1.0,A01
201500000732,0,7,0,2.0,2.0,3.0,1.0,A01
201500000733,0,7,0,0.0,2.0,4.0,15.0,A01
201500000733,0,37,1,0.0,2.0,1.0,1.0,B02
201500000734,0,7,0,0.0,0.0,2.0,1.0,A01
201500000735,0,7,0,2.0,0.0,1.0,1.0,A01
201500000736,0,33,0,0.0,2.0,1.0,1.0,A01
201500000736,0,7,0,0.0,2.0,8.0,19.0,B02
201500000737,0,33,0,0.0,0.0,0.0,1.0,A01
201500000738,0,7,0,0.0,2.0,1.0,1.0,B02
201500000738,0,7,0,0.0,2.0,3.0,15.0,A01
201500000739,0,7,0,0.0,1.0,1.0,15.0,A01
201500000740,0,1,0,0.0,2.0,1.0,1.0,B02
201500000740,0,7,0,0.0,2.0,1.0,13.0,A01
201500000741,0,7,0,0.0,2.0,2.0,1.0,A01
201500000741,0,31,0,0.0,2.0,1.0,1.0,B02
201500000742,0,33,0,16.0,0.0,1.0,1.0,A01
201500000743,0,7,0,8.0,0.0,6.0,1.0,A01
201500000744,0,36,0,0.0,2.0,1.0,13.0,A01
201500000744,0,7,0,0.0,2.0,3.0,1.0,B02
201500000745,0,7,0,2.0,0.0,1.0,0.0,A01
201500000746,0,7,0,0.0,0.0,8.0,1.0,B02
201500000746,0,7,0,0.0,0.0,1.0,15.0,A01
201500000747,0,7,0,0.0,0.0,1.0,17.0,A01
201500000747,0,7,0,0.0,0.0,7.0,1.0,B02
201500000748,0,7,0,0.0,0.0,5.0,1.0,A01
201500000748,0,33,0,0.0,0.0,1.0,1.0,B02
201500000749,0,7,0,0.0,0.0,3.0,16.0,A01
201500000749,0,33,0,0.0,2.0,1.0,1.0,B02
201500000750,0,7,0,2.0,0.0,9.0,1.0,A01
201500000751,0,7,0,0.0,2.0,3.0,13.0,A01
201500000751,0,7,0,0.0,2.0,3.0,1.0,B02
201500000752,0,7,0,0.0,1.0,2.0,0.0,A01
201500000753,0,7,0,0.0,,,15.0,A02
201500000753,0,33,0,0.0,2.0,1.0,17.0,B01
201500000754,0,7,0,0.0,0.0,9.0,17.0,A01
201500000755,0,10,0,0.0,2.0,3.0,1.0,A01
201500000755,0,30,0,0.0,2.0,1.0,1.0,B02
201500000756,0,33,0,0.0,2.0,8.0,1.0,A01
201500000756,0,33,0,0.0,2.0,7.0,1.0,B02
201500000757,0,7,0,0.0,2.0,2.0,5.0,A01
201500000757,0,7,0,0.0,2.0,3.0,1.0,B02
201500000758,0,7,0,0.0,0.0,4.0,1.0,A01
201500000758,0,30,0,0.0,2.0,2.0,1.0,B02
201500000759,0,21,0,0.0,0.0,4.0,1.0,B02
201500000759,0,10,0,0.0,2.0,3.0,1.0,A01
201500000760,0,7,0,0.0,2.0,1.0,1.0,A01
201500000760,0,7,0,0.0,0.0,1.0,1.0,B02
201500000761,0,7,0,0.0,6.0,5.0,0.0,B02
201500000761,0,10,0,0.0,2.0,3.0,14.0,A01
201500000762,0,30,0,0.0,1.0,2.0,1.0,A01
201500000763,0,7,0,2.0,0.0,1.0,1.0,A01
201500000764,0,7,0,0.0,2.0,3.0,13.0,A01
201500000764,0,10,0,0.0,2.0,1.0,1.0,B02
201500000765,0,7,0,0.0,2.0,3.0,17.0,A01
201500000765,0,30,0,0.0,2.0,1.0,2.0,B02
201500000766,0,2,0,0.0,2.0,8.0,1.0,B02
201500000766,0,7,0,0.0,2.0,2.0,19.0,A01
201500000767,0,7,0,0.0,2.0,3.0,1.0,B02
201500000767,0,7,0,0.0,2.0,1.0,19.0,A01
201500000768,0,7,0,2.0,0.0,8.0,1.0,A01
201500000769,0,7,0,0.0,2.0,1.0,15.0,B02
201500000769,0,30,0,0.0,2.0,1.0,1.0,A01
201500000770,0,15,0,0.0,0.0,8.0,1.0,A01
201500000771,0,7,0,0.0,2.0,2.0,17.0,A01
201500000771,0,7,0,13.0,0.0,6.0,1.0,B02
201500000772,0,7,0,0.0,2.0,7.0,19.0,A01
201500000772,0,7,0,0.0,2.0,1.0,1.0,B02
201500000773,0,7,0,0.0,2.0,3.0,1.0,C03
201500000773,0,33,0,0.0,2.0,6.0,1.0,B02
201500000773,0,36,0,0.0,2.0,3.0,1.0,A01
201500000774,0,7,0,0.0,0.0,9.0,1.0,A01
201500000775,0,7,0,0.0,2.0,2.0,1.0,A01
201500000775,0,7,0,0.0,2.0,2.0,1.0,B02
201500000776,0,33,0,6.0,0.0,2.0,1.0,A01
201500000777,0,33,0,0.0,2.0,1.0,1.0,A01
201500000777,0,21,0,0.0,2.0,4.0,1.0,B02
201500000778,0,7,0,0.0,2.0,2.0,1.0,A01
201500000778,0,7,0,0.0,2.0,6.0,1.0,B02
201500000779,0,7,0,0.0,1.0,2.0,1.0,A01
201500000780,0,7,0,12.0,0.0,2.0,1.0,A01
201500000781,0,14,0,0.0,2.0,5.0,24.0,C03
201500000781,0,7,0,0.0,2.0,7.0,23.0,B02
201500000781,0,30,0,0.0,2.0,1.0,1.0,A01
201500000782,0,7,0,0.0,0.0,3.0,1.0,B02
201500000782,0,7,0,0.0,2.0,1.0,19.0,A01
201500000783,0,33,0,0.0,2.0,1.0,1.0,A01
201500000783,0,10,0,0.0,2.0,8.0,15.0,B02
201500000784,0,33,0,0.0,2.0,1.0,1.0,B02
201500000784,0,10,0,0.0,0.0,3.0,19.0,A01
201500000785,0,7,0,0.0,2.0,3.0,1.0,A01
201500000785,0,1,0,0.0,2.0,6.0,19.0,B02
201500000786,0,33,0,0.0,2.0,8.0,18.0,A01
201500000786,0,7,0,0.0,2.0,7.0,9.0,B02
201500000787,0,7,0,0.0,0.0,0.0,17.0,A01
201500000787,0,33,0,13.0,2.0,1.0,21.0,B02
201500000788,0,7,0,0.0,2.0,3.0,1.0,B02
201500000788,0,2,0,0.0,2.0,1.0,9.0,A01
201500000789,0,1,0,0.0,2.0,4.0,2.0,B02
201500000789,0,10,0,0.0,2.0,2.0,2.0,A01
201500000790,0,7,0,0.0,1.0,2.0,2.0,A01
201500000791,0,17,0,0.0,0.0,6.0,1.0,A01
201500000791,0,7,0,0.0,9.0,1.0,1.0,C03
201500000791,0,30,0,0.0,2.0,1.0,1.0,B02
201500000792,0,7,0,0.0,1.0,1.0,1.0,A01
201500000793,0,7,0,0.0,2.0,1.0,2.0,A01
201500000793,0,2,0,0.0,0.0,4.0,2.0,B02
201500000794,0,7,0,15.0,0.0,8.0,11.0,A01
201500000795,0,31,0,8.0,0.0,1.0,1.0,A01
201500000796,0,33,0,0.0,2.0,1.0,1.0,A01
201500000796,0,21,0,0.0,2.0,5.0,17.0,B01
201500000797,0,7,0,0.0,2.0,6.0,10.0,A01
201500000797,0,33,0,0.0,2.0,1.0,1.0,B02
201500000798,0,1,0,0.0,2.0,7.0,1.0,A01
201500000798,0,7,0,0.0,9.0,1.0,1.0,B02
201500000799,0,7,0,0.0,2.0,8.0,1.0,A01
201500000799,0,7,0,0.0,2.0,1.0,17.0,B01
201500000800,0,7,0,8.0,0.0,8.0,1.0,A01
201500000801,0,7,0,0.0,2.0,0.0,1.0,A01
201500000801,0,31,0,0.0,2.0,1.0,1.0,B02
201500000802,0,2,0,0.0,2.0,1.0,1.0,B02
201500000802,0,7,0,0.0,2.0,8.0,1.0,A01
201500000803,0,33,0,0.0,2.0,0.0,21.0,B02
201500000803,1,7,0,0.0,2.0,0.0,5.0,A01
201500000804,0,14,0,0.0,2.0,0.0,2.0,A01
201500000804,0,2,0,0.0,2.0,0.0,2.0,B02
201500000805,0,7,0,13.0,0.0,2.0,1.0,A01
201500000806,0,2,0,8.0,2.0,3.0,1.0,A01
201500000807,0,7,0,0.0,2.0,8.0,5.0,A01
201500000807,0,7,0,0.0,2.0,8.0,1.0,B02
201500000807,0,7,0,0.0,2.0,1.0,1.0,C03
201500000808,0,7,0,0.0,1.0,1.0,1.0,A01
201500000809,0,2,0,13.0,2.0,3.0,15.0,B02
201500000809,0,7,0,0.0,2.0,1.0,17.0,A01
201500000810,0,2,0,0.0,2.0,1.0,17.0,B02
201500000810,0,7,0,0.0,2.0,3.0,15.0,A01
201500000811,0,33,0,0.0,2.0,1.0,1.0,A01
201500000811,0,7,0,0.0,2.0,6.0,15.0,B02
201500000812,0,7,0,0.0,1.0,2.0,1.0,A01
201500000813,1,7,0,0.0,2.0,7.0,1.0,A02
201500000813,0,2,0,0.0,2.0,1.0,1.0,A01
201500000814,0,7,0,0.0,2.0,6.0,10.0,A01
201500000814,0,2,0,0.0,2.0,1.0,1.0,B02
201500000815,0,7,0,0.0,1.0,3.0,1.0,A01
201500000816,0,7,0,0.0,2.0,2.0,1.0,A01
201500000816,0,7,0,0.0,2.0,2.0,1.0,B02
201500000817,0,7,0,2.0,0.0,8.0,1.0,A01
201500000818,0,7,0,0.0,1.0,1.0,1.0,A01
201500000819,0,7,0,2.0,0.0,8.0,1.0,A01
201500000820,0,7,0,0.0,2.0,2.0,1.0,A01
201500000820,0,7,0,0.0,2.0,3.0,19.0,B02
201500000821,0,7,0,0.0,2.0,3.0,1.0,A01
201500000821,0,7,0,0.0,2.0,2.0,19.0,B02
201500000822,0,33,0,0.0,6.0,1.0,1.0,A01
201500000823,0,7,0,0.0,1.0,1.0,1.0,A01
201500000824,0,33,0,0.0,0.0,7.0,1.0,B02
201500000824,0,7,0,0.0,0.0,3.0,9.0,A01
201500000825,0,7,0,14.0,1.0,1.0,1.0,A01
201500000826,0,7,0,0.0,2.0,2.0,15.0,B02
201500000826,0,7,0,0.0,2.0,5.0,1.0,A01
201500000827,0,7,0,0.0,2.0,3.0,5.0,A01
201500000827,0,10,0,0.0,2.0,1.0,1.0,B02
201500000828,0,7,0,16.0,0.0,2.0,1.0,A01
201500000829,0,33,0,0.0,0.0,1.0,0.0,A01
201500000830,0,7,0,0.0,2.0,2.0,19.0,A01
201500000830,0,7,0,0.0,2.0,1.0,1.0,B02
201500000831,0,7,0,0.0,2.0,1.0,1.0,B02
201500000831,0,7,0,0.0,2.0,1.0,1.0,A01
201500000832,0,7,0,0.0,2.0,3.0,1.0,B02
201500000832,0,7,0,0.0,2.0,3.0,13.0,A01
201500000833,0,7,0,3.0,0.0,8.0,21.0,C03
201500000833,0,7,0,0.0,2.0,3.0,1.0,A01
201500000833,0,7,0,0.0,2.0,3.0,1.0,B02
201500000834,0,7,0,0.0,2.0,3.0,1.0,B02
201500000834,0,3,0,0.0,2.0,8.0,19.0,A01
201500000835,0,1,0,0.0,2.0,8.0,1.0,A01
201500000835,0,10,0,0.0,9.0,1.0,19.0,B02
201500000836,0,7,0,0.0,2.0,3.0,1.0,B02
201500000836,0,7,0,0.0,2.0,5.0,1.0,A01
201500000837,0,7,0,3.0,0.0,3.0,19.0,A01
201500000838,0,33,0,0.0,2.0,1.0,1.0,B02
201500000838,0,7,0,0.0,2.0,8.0,19.0,A01
201500000839,0,7,0,0.0,2.0,1.0,1.0,B02
201500000839,0,10,0,0.0,2.0,7.0,15.0,A01
201500000840,0,7,0,0.0,2.0,3.0,15.0,B02
201500000840,0,30,0,0.0,2.0,1.0,17.0,A01
201500000841,0,30,0,0.0,2.0,1.0,5.0,A01
201500000841,0,7,0,0.0,9.0,2.0,1.0,B02
201500000842,0,7,0,0.0,1.0,3.0,1.0,A01
201500000842,0,10,0,0.0,1.0,1.0,1.0,B02
201500000843,2,7,0,2.0,0.0,1.0,6.0,A01
201500000844,0,7,0,0.0,2.0,1.0,5.0,B02
201500000844,0,7,0,3.0,2.0,1.0,1.0,A01
201500000844,0,13,0,3.0,2.0,1.0,1.0,C03
201500000845,0,7,0,0.0,0.0,1.0,1.0,A01
201500000846,0,7,0,1.0,0.0,2.0,0.0,A01
201500000847,0,1,0,0.0,0.0,1.0,0.0,B02
201500000847,0,1,0,0.0,0.0,1.0,0.0,C03
201500000847,0,7,0,0.0,2.0,1.0,13.0,A01