Num_Acc,senc,catv,occutc,obs,obsm,choc,manv,num_veh
201500000848,0,32,0,0.0,0.0,9.0,1.0,A01
201500000849,0,7,0,13.0,0.0,1.0,1.0,A01
201500000850,0,33,0,1.0,0.0,1.0,1.0,A01
201500000851,0,33,0,13.0,0.0,7.0,1.0,A01
201500000852,0,7,0,0.0,2.0,1.0,2.0,A01
201500000852,0,10,0,0.0,0.0,4.0,2.0,B02
201500000853,0,1,0,0.0,2.0,4.0,2.0,B02
201500000853,0,14,0,0.0,2.0,8.0,2.0,A01
201500000854,0,7,0,0.0,2.0,1.0,2.0,C03
201500000854,0,7,0,0.0,0.0,4.0,1.0,A01
201500000854,0,7,0,0.0,2.0,1.0,2.0,B02
201500000855,0,33,0,0.0,0.0,2.0,0.0,A01
201500000856,0,7,0,0.0,1.0,6.0,4.0,A01
201500000857,0,7,0,0.0,2.0,1.0,16.0,A01
201500000857,0,1,0,0.0,2.0,5.0,1.0,B02
201500000858,0,7,0,0.0,2.0,4.0,2.0,B02
201500000858,0,33,0,0.0,2.0,1.0,2.0,A01
201500000859,0,7,0,8.0,0.0,8.0,0.0,A01
201500000860,0,7,0,0.0,2.0,3.0,13.0,A01
201500000860,0,21,0,0.0,2.0,3.0,1.0,B02
201500000861,0,7,0,0.0,2.0,1.0,1.0,B02
201500000861,0,7,0,0.0,2.0,3.0,16.0,A01
201500000862,0,2,0,0.0,2.0,3.0,1.0,B02
201500000862,0,33,0,0.0,2.0,1.0,13.0,A01
201500000863,0,7,0,0.0,2.0,6.0,19.0,A01
201500000863,0,33,0,0.0,2.0,1.0,1.0,B02
201500000864,0,2,0,0.0,2.0,1.0,1.0,A01
201500000864,0,10,0,0.0,2.0,7.0,16.0,B02
201500000865,0,7,0,0.0,9.0,2.0,2.0,A01
201500000865,0,1,0,0.0,2.0,1.0,2.0,B02
201500000866,0,30,0,0.0,2.0,8.0,15.0,B02
201500000866,0,7,0,0.0,2.0,1.0,1.0,A01
201500000867,0,7,0,0.0,2.0,3.0,1.0,A01
201500000867,0,7,0,0.0,2.0,3.0,1.0,B02
201500000868,0,7,0,2.0,0.0,1.0,1.0,A01
201500000869,0,10,0,0.0,2.0,7.0,1.0,A01
201500000869,0,7,0,0.0,2.0,1.0,1.0,B02
201500000870,0,7,0,0.0,1.0,1.0,1.0,A01
201500000871,0,7,0,0.0,2.0,3.0,15.0,B02
201500000871,0,33,0,0.0,2.0,1.0,17.0,A01
201500000872,0,7,0,13.0,0.0,8.0,1.0,A01
201500000873,0,2,0,0.0,2.0,1.0,1.0,B02
201500000873,0,7,0,0.0,2.0,3.0,10.0,A01
201500000874,0,7,0,0.0,2.0,1.0,1.0,B02
201500000874,0,7,0,0.0,2.0,1.0,1.0,A01
201500000875,0,7,0,0.0,2.0,3.0,13.0,A01
201500000875,0,7,0,0.0,2.0,3.0,1.0,B02
201500000876,0,10,0,0.0,1.0,1.0,1.0,A01
201500000877,0,30,0,13.0,0.0,1.0,1.0,A01
201500000878,0,7,0,0.0,2.0,1.0,1.0,B02
201500000878,0,7,0,0.0,2.0,7.0,15.0,A01
201500000878,0,7,0,0.0,2.0,3.0,23.0,C03
201500000879,0,7,0,13.0,0.0,1.0,1.0,A01
201500000880,0,7,0,0.0,9.0,7.0,14.0,A01
201500000880,0,1,0,0.0,0.0,8.0,1.0,B02
201500000881,0,7,0,0.0,2.0,3.0,4.0,A01
201500000881,0,7,0,0.0,2.0,1.0,1.0,B02
201500000882,0,7,0,0.0,2.0,6.0,15.0,B02
201500000882,0,31,0,0.0,2.0,1.0,1.0,A01
201500000883,0,10,0,6.0,0.0,1.0,2.0,A01
201500000884,0,7,0,0.0,2.0,1.0,1.0,B02
201500000884,0,7,0,0.0,2.0,1.0,5.0,A01
201500000885,0,32,0,0.0,2.0,1.0,1.0,B02
201500000885,0,7,0,0.0,2.0,6.0,19.0,A01
201500000886,0,3,0,13.0,0.0,9.0,1.0,A01
201500000887,0,7,0,13.0,9.0,2.0,1.0,A01
201500000888,0,7,0,13.0,0.0,2.0,1.0,A01
201500000889,0,3,0,0.0,2.0,1.0,2.0,A01
201500000889,0,7,0,0.0,2.0,4.0,2.0,B02
201500000890,0,1,0,0.0,2.0,1.0,19.0,B02
201500000890,0,7,0,0.0,2.0,3.0,1.0,A01
201500000891,0,7,0,0.0,2.0,1.0,1.0,B02
201500000891,0,33,0,0.0,2.0,1.0,17.0,A01
201500000892,0,7,0,0.0,1.0,2.0,1.0,A01
201500000893,0,7,0,0.0,2.0,1.0,0.0,B02
201500000893,0,7,0,0.0,2.0,1.0,1.0,A01
201500000894,0,7,0,13.0,0.0,9.0,1.0,A01
201500000895,0,7,0,0.0,2.0,3.0,13.0,A01
201500000895,0,7,0,0.0,0.0,3.0,1.0,C03
201500000895,0,7,0,0.0,1.0,2.0,1.0,B02
201500000896,0,7,0,3.0,0.0,7.0,19.0,A01
201500000897,0,7,0,6.0,0.0,2.0,1.0,A01
201500000898,0,7,0,8.0,0.0,2.0,17.0,A01
201500000899,0,7,0,0.0,2.0,2.0,1.0,B02
201500000899,0,2,0,0.0,2.0,2.0,15.0,A01
201500000900,0,7,0,0.0,2.0,1.0,15.0,A01
201500000900,0,7,0,0.0,2.0,2.0,1.0,B02
201500000901,0,38,0,0.0,2.0,3.0,1.0,A01
201500000901,0,7,0,0.0,2.0,2.0,1.0,B02
201500000902,0,10,0,9.0,0.0,8.0,0.0,A01
201500000903,0,7,0,13.0,0.0,1.0,13.0,A01
201500000904,0,7,0,0.0,1.0,1.0,1.0,A01
201500000905,0,7,0,0.0,2.0,3.0,15.0,A01
201500000905,0,33,0,0.0,2.0,1.0,1.0,B02
201500000906,0,7,0,0.0,2.0,3.0,1.0,B02
201500000906,0,3,0,0.0,2.0,3.0,15.0,A01
201500000907,0,7,0,0.0,0.0,0.0,1.0,A01
201500000908,0,7,0,0.0,2.0,1.0,13.0,A01
201500000908,0,7,0,0.0,2.0,1.0,1.0,B02
201500000909,0,7,0,1.0,2.0,1.0,1.0,B02
201500000909,0,10,0,0.0,2.0,3.0,19.0,A01
201500000910,0,10,0,6.0,0.0,1.0,1.0,A01
201500000911,0,7,0,0.0,1.0,2.0,0.0,A01
201500000912,0,33,0,0.0,2.0,1.0,1.0,A01
201500000912,0,7,0,0.0,0.0,8.0,15.0,B02
201500000913,0,2,0,0.0,2.0,1.0,13.0,B02
201500000913,0,7,0,0.0,2.0,1.0,15.0,A01
201500000914,0,14,0,0.0,2.0,3.0,1.0,C03
201500000914,0,10,0,0.0,2.0,4.0,15.0,B02
201500000914,0,7,0,0.0,2.0,1.0,2.0,A01
201500000915,0,7,0,8.0,0.0,2.0,1.0,A01
201500000916,0,7,0,0.0,2.0,2.0,15.0,A01
201500000916,0,30,0,0.0,2.0,1.0,1.0,B02
201500000917,0,7,0,6.0,0.0,1.0,1.0,A01
201500000918,0,33,0,0.0,2.0,1.0,1.0,B02
201500000918,0,7,0,0.0,0.0,2.0,19.0,A01
201500000919,0,7,0,0.0,2.0,3.0,2.0,A01
201500000919,0,7,0,0.0,0.0,5.0,23.0,B02
201500000920,0,33,0,3.0,0.0,3.0,13.0,A01
201500000921,0,33,0,0.0,0.0,0.0,0.0,A01
201500000921,0,7,0,0.0,0.0,0.0,17.0,B02
201500000922,2,7,0,13.0,0.0,1.0,0.0,A01
201500000923,0,7,0,13.0,0.0,9.0,1.0,A01
201500000924,0,30,0,0.0,2.0,1.0,13.0,A01
201500000924,0,7,0,0.0,2.0,1.0,1.0,B02
201500000925,0,7,0,0.0,2.0,3.0,15.0,B02
201500000925,0,33,0,0.0,2.0,7.0,17.0,A01
201500000926,0,7,0,0.0,2.0,5.0,17.0,B02
201500000926,0,33,0,0.0,2.0,1.0,1.0,A01
201500000927,0,7,0,0.0,0.0,7.0,17.0,A01
201500000927,0,33,0,16.0,0.0,5.0,0.0,B02
201500000928,0,7,0,0.0,2.0,3.0,13.0,A01
201500000928,0,21,0,0.0,0.0,6.0,0.0,B02
201500000929,0,7,0,2.0,0.0,1.0,0.0,A01
201500000930,0,7,0,0.0,2.0,1.0,1.0,B02
201500000930,0,7,0,0.0,2.0,7.0,13.0,A01
201500000931,0,7,0,0.0,2.0,4.0,2.0,B02
201500000931,0,7,0,0.0,2.0,1.0,2.0,A01
201500000932,0,7,0,0.0,2.0,3.0,13.0,A01
201500000932,0,7,0,0.0,2.0,3.0,1.0,B02
201500000933,0,10,0,0.0,1.0,2.0,15.0,A01
201500000934,0,3,0,0.0,1.0,3.0,16.0,A01
201500000935,0,7,0,0.0,2.0,3.0,1.0,A01
201500000935,0,7,0,0.0,2.0,3.0,1.0,C03
201500000935,0,7,0,0.0,2.0,3.0,1.0,B02
201500000936,0,14,0,0.0,2.0,1.0,2.0,A01
201500000936,0,7,0,0.0,0.0,4.0,23.0,B02
201500000937,0,99,0,0.0,1.0,2.0,1.0,A01
201500000938,0,10,0,0.0,0.0,4.0,0.0,A01
201500000938,0,1,0,1.0,0.0,1.0,2.0,B02
201500000939,0,10,0,0.0,0.0,8.0,1.0,B02
201500000939,0,2,0,0.0,0.0,7.0,17.0,A01
201500000940,0,7,0,0.0,0.0,8.0,19.0,A01
201500000940,0,33,0,0.0,2.0,7.0,21.0,B02
201500000941,0,7,0,0.0,2.0,1.0,13.0,A01
201500000941,0,7,0,0.0,2.0,1.0,1.0,B02
201500000942,0,1,0,0.0,2.0,8.0,0.0,B02
201500000942,0,7,0,0.0,0.0,2.0,24.0,A01
201500000943,0,7,0,0.0,1.0,1.0,1.0,A01
201500000944,0,10,0,0.0,2.0,1.0,1.0,B02
201500000944,0,7,0,0.0,2.0,8.0,15.0,A01
201500000945,0,7,0,0.0,0.0,4.0,15.0,B02
201500000945,0,7,0,0.0,2.0,1.0,1.0,A01
201500000945,0,7,0,0.0,2.0,3.0,1.0,C03
201500000946,0,7,0,0.0,1.0,2.0,2.0,A01
201500000947,0,7,0,0.0,2.0,1.0,1.0,B02
201500000947,0,7,0,0.0,2.0,2.0,13.0,A01
201500000948,0,7,0,0.0,2.0,3.0,13.0,A01
201500000948,0,7,0,0.0,2.0,3.0,1.0,B02
201500000949,0,7,0,0.0,2.0,6.0,1.0,C03
201500000949,0,7,0,0.0,2.0,1.0,1.0,B02
201500000949,0,33,0,0.0,2.0,1.0,17.0,A01
201500000950,0,7,0,3.0,0.0,2.0,13.0,A01
201500000951,0,7,0,0.0,2.0,7.0,15.0,A01
201500000951,0,7,0,0.0,2.0,1.0,1.0,B02
201500000952,0,33,0,0.0,2.0,1.0,1.0,A01
201500000952,0,7,0,0.0,2.0,3.0,15.0,B02
201500000953,0,31,0,16.0,0.0,0.0,1.0,A01
201500000954,0,33,0,0.0,2.0,1.0,1.0,B02
201500000954,0,7,0,0.0,2.0,3.0,10.0,A01
201500000955,0,7,0,0.0,2.0,2.0,1.0,B02
201500000955,0,10,0,0.0,2.0,2.0,5.0,A01
201500000956,0,10,0,0.0,1.0,2.0,4.0,A01
201500000957,0,7,0,0.0,2.0,2.0,19.0,A01
201500000957,0,2,0,0.0,2.0,3.0,1.0,B02
201500000958,0,1,0,13.0,0.0,1.0,1.0,A01
201500000959,0,30,0,16.0,0.0,7.0,1.0,A01
201500000960,0,7,0,0.0,2.0,3.0,1.0,B02
201500000960,0,14,0,0.0,2.0,2.0,19.0,A01
201500000961,0,7,0,0.0,0.0,7.0,1.0,B02
201500000961,0,2,0,0.0,0.0,8.0,19.0,A01
201500000962,0,7,0,0.0,2.0,8.0,1.0,C03
201500000962,0,10,0,0.0,0.0,4.0,1.0,B02
201500000962,0,2,0,0.0,2.0,4.0,15.0,A01
201500000963,0,7,0,0.0,2.0,3.0,13.0,A01
201500000963,0,38,0,0.0,2.0,2.0,1.0,B02
201500000964,0,7,0,0.0,2.0,2.0,1.0,A01
201500000964,0,1,0,0.0,2.0,4.0,1.0,B02
201500000965,0,7,0,2.0,0.0,7.0,15.0,A01
201500000966,0,30,0,0.0,9.0,1.0,1.0,A01
201500000966,0,30,0,0.0,9.0,1.0,1.0,B02
201500000967,0,7,0,13.0,0.0,9.0,1.0,A01
201500000968,0,7,0,0.0,1.0,1.0,1.0,A01
201500000969,0,7,0,0.0,2.0,3.0,19.0,B02
201500000969,0,7,0,0.0,2.0,2.0,1.0,A01
201500000970,0,7,0,0.0,2.0,1.0,1.0,B02
201500000970,0,1,0,0.0,2.0,2.0,15.0,A01
201500000971,0,7,0,0.0,2.0,3.0,21.0,C03
201500000971,0,7,0,1.0,0.0,1.0,1.0,A01
201500000972,1,99,0,0.0,1.0,0.0,0.0,B02
201500000973,0,7,0,0.0,2.0,2.0,1.0,B02
201500000973,0,7,0,8.0,2.0,5.0,1.0,A01
201500000974,0,7,0,0.0,2.0,1.0,0.0,B02
201500000974,0,7,0,0.0,2.0,7.0,15.0,A01
201500000975,0,7,0,0.0,2.0,6.0,2.0,A01
201500000975,1,7,0,,,,,A02
201500000976,0,7,0,13.0,0.0,1.0,0.0,A01
201500000977,0,7,0,14.0,0.0,1.0,1.0,A01
201500000977,0,7,0,0.0,2.0,4.0,23.0,B02
201500000978,0,31,0,12.0,0.0,1.0,0.0,A01
201500000979,0,7,0,0.0,2.0,1.0,13.0,A01
201500000979,0,7,0,0.0,2.0,1.0,1.0,B02
201500000980,0,7,0,0.0,0.0,3.0,1.0,B02
201500000980,0,7,0,0.0,2.0,1.0,19.0,A01
201500000981,0,33,0,0.0,2.0,1.0,13.0,A01
201500000981,0,7,0,0.0,2.0,1.0,1.0,B02
201500000982,0,7,0,0.0,2.0,8.0,9.0,A01
201500000982,0,1,0,0.0,2.0,1.0,1.0,B02
201500000983,0,7,0,0.0,1.0,3.0,0.0,A01
201500000984,0,30,0,0.0,1.0,1.0,1.0,A01
201500000985,0,7,0,0.0,2.0,3.0,10.0,A01
201500000985,0,31,0,0.0,2.0,1.0,17.0,B02
201500000986,0,7,0,0.0,2.0,1.0,1.0,A01
201500000986,0,7,0,0.0,0.0,4.0,1.0,B02
201500000987,0,30,0,0.0,0.0,0.0,13.0,A01
201500000987,0,15,0,0.0,0.0,0.0,13.0,B02
201500000988,0,30,0,0.0,0.0,7.0,1.0,B02
201500000988,0,7,0,0.0,2.0,3.0,15.0,A01
201500000989,0,7,0,2.0,0.0,3.0,1.0,A01
201500000990,0,7,0,0.0,1.0,3.0,1.0,A01
201500000991,0,7,0,0.0,2.0,7.0,15.0,A01
201500000991,0,7,0,0.0,2.0,1.0,1.0,B02
201500000992,0,7,0,0.0,2.0,2.0,15.0,A01
201500000992,0,7,0,0.0,2.0,2.0,1.0,B02
201500000993,0,7,0,0.0,2.0,4.0,15.0,A01
201500000993,0,33,0,0.0,2.0,1.0,1.0,B02
201500000994,0,3,0,0.0,2.0,5.0,19.0,A01
201500000994,0,15,0,0.0,2.0,5.0,1.0,B02
201500000994,0,10,0,0.0,2.0,3.0,23.0,C03
201500000995,0,7,0,0.0,2.0,3.0,19.0,A01
201500000995,0,31,0,0.0,2.0,1.0,1.0,B02
201500000996,0,7,0,0.0,1.0,2.0,1.0,A01
201500000997,0,7,0,0.0,2.0,1.0,13.0,A01
201500000997,0,7,0,0.0,2.0,1.0,1.0,B02
201500000998,0,31,0,0.0,2.0,1.0,19.0,A01
201500000998,0,10,0,0.0,2.0,8.0,1.0,B02
201500000999,0,21,0,0.0,0.0,6.0,2.0,A01
201500000999,0,7,0,0.0,2.0,2.0,2.0,B02
201500001000,0,10,0,0.0,2.0,7.0,15.0,A01
201500001000,0,30,0,0.0,2.0,1.0,1.0,B02
201500001001,0,7,0,0.0,1.0,4.0,4.0,A01
201500001002,0,7,0,6.0,0.0,1.0,1.0,A01
201500001003,0,33,0,0.0,2.0,1.0,1.0,A01
201500001003,0,7,0,0.0,2.0,7.0,15.0,B02
201500001004,0,7,0,8.0,0.0,1.0,1.0,A01
201500001005,0,10,0,2.0,0.0,1.0,1.0,A01
201500001006,0,7,0,0.0,2.0,2.0,13.0,A01
201500001006,0,7,0,0.0,2.0,1.0,1.0,B02
201500001007,0,7,0,1.0,2.0,3.0,13.0,A01
201500001007,0,21,0,0.0,2.0,3.0,1.0,B02
201500001008,0,7,0,0.0,2.0,2.0,6.0,A01
201500001008,0,30,0,0.0,2.0,1.0,1.0,B02
201500001009,0,7,0,0.0,2.0,1.0,14.0,A01
201500001009,0,7,0,0.0,2.0,3.0,23.0,B02
201500001010,0,7,0,0.0,2.0,3.0,13.0,A01
201500001010,0,7,0,0.0,2.0,3.0,21.0,B02
201500001010,0,7,0,0.0,2.0,3.0,21.0,C03
201500001010,0,7,0,0.0,2.0,8.0,21.0,D04
201500001011,0,7,0,13.0,0.0,5.0,1.0,A01
201500001012,0,30,0,9.0,0.0,3.0,13.0,A01
201500001013,0,1,0,0.0,2.0,1.0,1.0,B02
201500001013,0,7,0,0.0,2.0,8.0,1.0,A01
201500001014,0,7,0,0.0,1.0,3.0,1.0,A01
201500001015,0,7,0,0.0,2.0,1.0,13.0,A01
201500001015,0,7,0,0.0,2.0,1.0,1.0,B02
201500001016,0,7,0,0.0,9.0,1.0,15.0,A01
201500001016,0,1,0,0.0,2.0,8.0,16.0,B02
201500001017,0,7,0,0.0,2.0,1.0,0.0,B02
201500001017,0,37,5,0.0,2.0,7.0,19.0,A01
201500001018,0,10,0,8.0,0.0,3.0,13.0,A01
201500001019,0,10,0,0.0,2.0,1.0,13.0,A01
201500001019,0,7,0,0.0,2.0,1.0,1.0,B02
201500001019,0,7,0,0.0,2.0,1.0,1.0,C03
201500001020,0,7,0,0.0,2.0,1.0,13.0,A01
201500001020,0,10,0,0.0,2.0,1.0,1.0,B02
201500001021,0,2,0,0.0,2.0,3.0,1.0,A01
201500001021,0,7,0,0.0,2.0,3.0,15.0,B02
201500001022,0,7,0,0.0,1.0,3.0,13.0,A01
201500001023,0,14,0,0.0,1.0,1.0,15.0,A01
201500001024,0,2,0,0.0,2.0,1.0,1.0,B02
201500001024,0,7,0,0.0,2.0,6.0,15.0,A01
201500001025,0,7,0,0.0,0.0,1.0,1.0,A01
201500001026,0,7,0,0.0,2.0,1.0,2.0,A01
201500001026,0,7,0,0.0,2.0,4.0,2.0,B02
201500001027,0,7,0,0.0,2.0,1.0,1.0,A01
201500001027,0,7,0,0.0,2.0,1.0,1.0,B02
201500001028,0,7,0,0.0,1.0,1.0,16.0,A01
201500001029,0,7,0,0.0,2.0,1.0,13.0,A01
201500001029,0,7,0,0.0,2.0,1.0,1.0,B02
201500001030,0,7,0,0.0,2.0,2.0,1.0,B02
201500001030,0,7,0,0.0,2.0,3.0,9.0,A01
201500001031,0,7,0,2.0,0.0,1.0,17.0,A01
201500001032,0,7,0,0.0,0.0,2.0,1.0,A01
201500001033,0,7,0,0.0,2.0,3.0,15.0,A01
201500001033,0,30,0,0.0,2.0,2.0,23.0,B02
201500001034,0,7,0,6.0,0.0,2.0,1.0,A01
201500001035,0,2,0,0.0,2.0,8.0,18.0,A01
201500001036,0,33,0,13.0,0.0,1.0,6.0,A01
201500001037,0,7,0,0.0,1.0,2.0,1.0,A01
201500001038,0,30,0,0.0,2.0,1.0,13.0,A01
201500001038,0,7,0,0.0,2.0,3.0,1.0,B02
201500001039,0,7,0,14.0,1.0,2.0,13.0,C01
201500001040,0,14,0,13.0,0.0,2.0,1.0,A01
201500001041,0,7,0,0.0,2.0,1.0,19.0,C03
201500001041,0,33,0,0.0,2.0,7.0,1.0,A01
201500001041,0,33,0,16.0,0.0,7.0,0.0,B02
201500001042,0,7,0,0.0,2.0,2.0,20.0,A01
201500001042,0,2,0,0.0,2.0,1.0,1.0,B02
201500001043,0,7,0,0.0,1.0,2.0,1.0,A01
201500001044,0,7,0,0.0,2.0,2.0,9.0,A01
201500001044,0,7,0,0.0,2.0,3.0,1.0,B02
201500001045,0,30,0,0.0,0.0,4.0,15.0,A01
201500001045,0,10,0,0.0,0.0,1.0,0.0,B02
201500001046,0,7,0,0.0,2.0,1.0,1.0,B02
201500001046,0,7,0,0.0,2.0,8.0,19.0,A01
201500001047,0,31,0,0.0,0.0,7.0,1.0,A01
201500001048,0,33,0,0.0,2.0,1.0,17.0,A01
201500001048,0,7,0,0.0,2.0,6.0,1.0,B02
201500001048,0,7,0,0.0,2.0,4.0,24.0,C03
201500001049,0,31,0,6.0,0.0,7.0,1.0,A01
201500001050,0,7,0,0.0,0.0,0.0,0.0,A01
201500001051,0,7,0,0.0,2.0,7.0,9.0,A01
201500001051,0,7,0,0.0,2.0,0.0,0.0,B02
201500001052,0,7,0,0.0,2.0,3.0,1.0,A01
201500001052,0,7,0,0.0,2.0,3.0,1.0,B02
201500001053,0,10,0,0.0,1.0,2.0,1.0,A01
201500001054,0,7,0,2.0,0.0,1.0,1.0,A01
201500001055,0,7,0,0.0,2.0,3.0,19.0,A01
201500001055,0,33,0,0.0,2.0,1.0,1.0,B02
201500001056,0,31,0,0.0,2.0,1.0,1.0,A01
201500001056,0,7,0,0.0,2.0,3.0,1.0,B02
201500001057,0,7,0,0.0,2.0,3.0,13.0,A01
201500001057,0,7,0,0.0,2.0,3.0,1.0,B02
201500001058,0,10,0,0.0,2.0,1.0,1.0,A01
201500001058,0,14,0,0.0,2.0,1.0,1.0,B02
201500001059,0,7,0,0.0,2.0,1.0,13.0,A01
201500001059,0,7,0,0.0,2.0,1.0,1.0,B02
201500001060,0,7,0,0.0,2.0,3.0,13.0,A01
201500001060,0,7,0,0.0,2.0,3.0,1.0,B02
201500001061,0,7,0,0.0,1.0,0.0,1.0,A01
201500001062,0,7,0,0.0,1.0,2.0,1.0,A01
201500001063,0,10,0,0.0,9.0,2.0,2.0,A01
201500001063,0,1,0,0.0,0.0,4.0,2.0,B02
201500001064,0,7,0,0.0,2.0,1.0,15.0,A01
201500001064,0,7,0,0.0,2.0,1.0,1.0,B02
201500001065,0,7,0,0.0,2.0,2.0,1.0,A01
201500001065,0,2,0,0.0,2.0,8.0,1.0,B02
201500001066,0,7,0,0.0,2.0,2.0,15.0,A01
201500001066,0,33,0,0.0,2.0,1.0,1.0,B02
201500001067,0,7,0,13.0,0.0,3.0,13.0,A01
201500001068,0,7,0,0.0,1.0,2.0,1.0,A01
201500001069,0,7,0,0.0,2.0,1.0,9.0,A01
201500001069,0,30,0,0.0,2.0,7.0,1.0,B02
201500001070,0,10,0,0.0,1.0,2.0,1.0,A01
201500001071,0,7,0,0.0,0.0,0.0,13.0,A01
201500001071,0,7,0,2.0,2.0,9.0,1.0,B02
201500001072,0,7,0,6.0,0.0,1.0,1.0,A01
201500001073,0,7,0,0.0,1.0,6.0,20.0,A01
201500001074,0,10,0,0.0,2.0,8.0,22.0,A01
201500001074,0,13,0,1.0,0.0,7.0,1.0,B02
201500001075,0,30,0,12.0,0.0,8.0,0.0,A01
201500001076,0,10,0,0.0,2.0,2.0,1.0,A01
201500001076,0,1,0,0.0,2.0,0.0,15.0,B02
201500001077,0,33,0,0.0,0.0,8.0,1.0,A01
201500001078,0,30,0,0.0,2.0,8.0,2.0,A01
201500001078,0,7,0,0.0,2.0,7.0,12.0,B02
201500001079,0,31,0,12.0,0.0,1.0,21.0,A01
201500001079,0,7,0,0.0,0.0,0.0,19.0,B02
201500001080,0,7,0,0.0,2.0,3.0,17.0,A01
201500001080,0,10,0,0.0,2.0,3.0,1.0,B02
201500001080,0,7,0,0.0,2.0,6.0,1.0,C03
201500001080,0,7,0,0.0,2.0,2.0,2.0,D04
201500001081,0,7,0,0.0,1.0,2.0,13.0,A01
201500001082,0,7,0,9.0,0.0,3.0,1.0,A01
201500001083,0,7,0,0.0,2.0,2.0,1.0,A01
201500001083,0,1,0,0.0,2.0,4.0,1.0,B02
201500001084,0,7,0,0.0,2.0,1.0,15.0,A01
201500001084,0,7,0,0.0,0.0,3.0,0.0,B02
201500001085,0,7,0,0.0,1.0,8.0,1.0,A01
201500001086,0,33,0,0.0,2.0,2.0,17.0,A01
201500001086,0,7,0,0.0,2.0,6.0,11.0,B02
201500001087,0,33,0,14.0,0.0,1.0,1.0,A01
201500001088,0,7,0,0.0,1.0,2.0,1.0,A01
201500001089,0,10,0,0.0,2.0,7.0,15.0,A01
201500001089,0,7,0,0.0,0.0,0.0,0.0,B02
201500001089,0,7,0,0.0,2.0,3.0,23.0,C03
201500001089,0,7,0,0.0,2.0,1.0,1.0,D04
201500001090,0,33,0,0.0,2.0,2.0,17.0,A01
201500001090,0,7,0,0.0,2.0,3.0,15.0,B02
201500001091,0,7,0,0.0,1.0,3.0,1.0,A01
201500001092,0,7,0,0.0,0.0,1.0,1.0,A01
201500001092,0,1,0,0.0,0.0,8.0,19.0,B02
201500001093,0,7,0,0.0,0.0,6.0,1.0,A01
201500001093,0,7,0,0.0,2.0,1.0,1.0,B02
201500001094,0,7,0,0.0,2.0,7.0,9.0,A01
201500001094,0,7,0,0.0,2.0,8.0,1.0,B02
201500001095,0,7,0,16.0,0.0,1.0,1.0,A01
201500001096,0,7,0,0.0,2.0,3.0,15.0,A01
201500001096,0,30,0,0.0,2.0,2.0,1.0,B02
201500001097,0,7,0,0.0,2.0,1.0,1.0,A01
201500001097,0,7,0,0.0,2.0,1.0,1.0,B02
201500001098,0,7,0,0.0,0.0,7.0,21.0,A01
201500001099,0,7,0,0.0,2.0,2.0,1.0,A01
201500001099,0,7,0,0.0,2.0,3.0,1.0,B02
201500001100,0,7,0,13.0,0.0,1.0,1.0,A01
201500001101,0,7,0,6.0,0.0,1.0,0.0,A01
201500001102,0,7,0,0.0,0.0,9.0,0.0,A01
201500001103,0,7,0,0.0,2.0,1.0,15.0,A01
201500001103,0,7,0,0.0,2.0,1.0,1.0,B02
201500001104,0,7,0,9.0,0.0,1.0,1.0,A01
201500001105,0,3,0,0.0,1.0,2.0,1.0,A01
201500001106,0,3,0,0.0,2.0,7.0,15.0,A01
201500001106,0,7,0,0.0,2.0,3.0,1.0,B02
201500001107,0,7,0,0.0,2.0,2.0,1.0,A01
201500001107,0,1,0,0.0,2.0,1.0,15.0,B02
201500001108,0,7,0,0.0,0.0,5.0,15.0,A01
201500001108,0,33,0,0.0,2.0,1.0,1.0,B02
201500001109,0,7,0,0.0,0.0,0.0,0.0,A01
201500001109,0,7,0,0.0,0.0,0.0,0.0,B02
201500001110,0,7,0,0.0,2.0,7.0,1.0,A01
201500001110,0,7,0,0.0,2.0,1.0,1.0,B02
201500001111,0,7,0,0.0,2.0,1.0,13.0,A01
201500001111,0,7,0,0.0,2.0,1.0,1.0,B02
201500001111,0,7,0,0.0,2.0,1.0,1.0,C03
201500001112,0,7,0,0.0,1.0,2.0,0.0,A01
201500001113,0,7,0,0.0,0.0,0.0,1.0,A01
201500001114,0,7,0,0.0,2.0,6.0,13.0,A01
201500001114,0,7,0,0.0,2.0,1.0,2.0,B02
201500001115,0,7,0,0.0,1.0,1.0,1.0,A01
201500001116,0,10,0,0.0,0.0,8.0,15.0,A01
201500001116,0,33,0,0.0,2.0,1.0,1.0,B02
201500001117,0,10,0,0.0,2.0,3.0,15.0,A01
201500001117,0,33,0,0.0,2.0,7.0,1.0,B02
201500001118,0,7,0,13.0,9.0,9.0,19.0,A01
201500001118,0,1,0,0.0,2.0,4.0,1.0,B02
201500001119,0,7,0,0.0,2.0,1.0,13.0,A01
201500001119,0,10,0,0.0,2.0,1.0,1.0,B02
201500001120,0,7,0,0.0,1.0,3.0,0.0,A01
201500001121,0,1,0,0.0,2.0,1.0,1.0,A01
201500001121,0,7,0,0.0,2.0,2.0,1.0,B02
201500001122,0,7,0,0.0,2.0,1.0,1.0,A01
201500001122,0,1,0,0.0,2.0,2.0,15.0,B02
201500001123,0,33,0,8.0,0.0,2.0,1.0,A01