Num_Acc,senc,catv,occutc,obs,obsm,choc,manv,num_veh
201500001422,0,7,0,0.0,2.0,8.0,19.0,A01
201500001423,0,7,0,13.0,0.0,1.0,14.0,A01
201500001424,0,7,0,0.0,2.0,1.0,1.0,A01
201500001424,0,7,0,0.0,2.0,4.0,15.0,B02
201500001425,0,33,0,0.0,2.0,1.0,21.0,A01
201500001425,0,7,0,0.0,2.0,3.0,19.0,B02
201500001426,0,7,0,15.0,5.0,2.0,1.0,A01
201500001426,0,99,0,0.0,2.0,5.0,21.0,B02
201500001427,0,7,0,0.0,2.0,6.0,21.0,B02
201500001427,0,7,0,13.0,2.0,3.0,13.0,A01
201500001428,0,7,0,0.0,2.0,1.0,1.0,A01
201500001428,0,7,0,0.0,2.0,7.0,13.0,B02
201500001429,0,7,0,0.0,2.0,1.0,1.0,A01
201500001429,0,7,0,0.0,2.0,8.0,15.0,B02
201500001429,0,15,0,0.0,2.0,5.0,1.0,C03
201500001430,0,10,0,0.0,2.0,1.0,21.0,A01
201500001430,0,3,0,0.0,2.0,3.0,15.0,B02
201500001431,0,10,0,0.0,1.0,3.0,15.0,A01
201500001432,0,7,0,0.0,2.0,1.0,13.0,A01
201500001432,0,7,0,0.0,2.0,1.0,1.0,B02
201500001432,0,10,0,1.0,0.0,1.0,21.0,C03
201500001433,0,7,0,0.0,1.0,1.0,1.0,A01
201500001434,0,33,0,0.0,2.0,9.0,19.0,A01
201500001434,0,7,0,0.0,2.0,3.0,21.0,B02
201500001435,0,7,0,6.0,0.0,1.0,1.0,A01
201500001436,0,33,0,0.0,2.0,1.0,17.0,A01
201500001436,0,10,0,0.0,0.0,6.0,15.0,B01
201500001437,0,7,0,0.0,2.0,7.0,13.0,A01
201500001437,0,7,0,0.0,2.0,1.0,1.0,B01
201500001438,0,1,0,0.0,1.0,1.0,1.0,A01
201500001439,0,31,0,0.0,2.0,3.0,13.0,A01
201500001439,0,7,0,0.0,2.0,3.0,1.0,B01
201500001440,0,33,0,13.0,0.0,1.0,1.0,A01
201500001441,0,7,0,0.0,2.0,3.0,1.0,A01
201500001441,0,10,0,0.0,2.0,2.0,16.0,B01
201500001442,0,7,0,6.0,0.0,8.0,1.0,A01
201500001443,0,7,0,13.0,0.0,1.0,1.0,A01
201500001444,0,7,0,6.0,0.0,1.0,1.0,A01
201500001445,0,21,0,0.0,0.0,2.0,15.0,B01
201500001445,0,33,0,0.0,0.0,1.0,17.0,C01
201500001446,0,7,0,14.0,0.0,1.0,2.0,A01
201500001446,0,33,0,0.0,2.0,4.0,15.0,B01
201500001447,0,7,0,0.0,2.0,3.0,13.0,A01
201500001447,0,33,0,0.0,2.0,8.0,1.0,B01
201500001448,0,33,0,0.0,2.0,1.0,13.0,A01
201500001448,0,10,0,0.0,2.0,8.0,1.0,B01
201500001449,0,7,0,0.0,2.0,1.0,6.0,A01
201500001449,0,31,0,0.0,2.0,2.0,1.0,B01
201500001450,0,7,0,0.0,2.0,1.0,2.0,A01
201500001450,0,7,0,0.0,2.0,9.0,2.0,B01
201500001450,0,7,0,0.0,2.0,4.0,1.0,C01
201500001451,0,7,0,0.0,2.0,5.0,4.0,A01
201500001451,0,33,0,0.0,2.0,1.0,1.0,B02
201500001452,1,7,0,0.0,2.0,4.0,23.0,Z03
201500001452,0,7,0,0.0,2.0,9.0,23.0,B02
201500001452,0,7,0,0.0,2.0,3.0,2.0,A01
201500001453,0,7,0,0.0,2.0,4.0,1.0,C03
201500001453,0,7,0,0.0,2.0,9.0,2.0,B02
201500001453,0,7,0,0.0,2.0,1.0,2.0,A01
201500001454,0,7,0,12.0,0.0,2.0,1.0,A01
201500001455,0,7,0,0.0,2.0,8.0,19.0,A01
201500001455,0,7,0,0.0,2.0,1.0,1.0,B01
201500001456,0,7,0,1.0,2.0,4.0,24.0,C02
201500001456,0,7,0,1.0,2.0,3.0,1.0,A01
201500001457,0,7,0,0.0,2.0,1.0,2.0,A01
201500001457,0,7,0,0.0,2.0,4.0,23.0,B02
201500001458,0,7,0,0.0,2.0,4.0,1.0,B02
201500001458,0,7,0,0.0,2.0,1.0,2.0,A01
201500001459,0,7,0,0.0,1.0,3.0,1.0,A01
201500001460,0,33,0,0.0,0.0,0.0,1.0,A01
201500001461,0,7,0,0.0,2.0,3.0,10.0,A01
201500001461,0,33,0,0.0,2.0,1.0,17.0,B01
201500001462,0,7,0,0.0,2.0,2.0,12.0,B01
201500001462,0,7,0,0.0,2.0,9.0,1.0,A01
201500001462,0,7,0,0.0,2.0,3.0,1.0,C01
201500001463,0,7,0,0.0,2.0,1.0,2.0,A01
201500001463,0,7,0,0.0,2.0,9.0,2.0,B01
201500001463,0,7,0,0.0,2.0,4.0,1.0,C01
201500001464,0,7,0,0.0,2.0,3.0,1.0,B01
201500001464,0,7,0,0.0,2.0,3.0,15.0,A01
201500001465,0,7,0,0.0,2.0,1.0,1.0,A02
201500001465,0,34,0,0.0,2.0,7.0,1.0,A01
201500001466,0,33,0,0.0,6.0,2.0,19.0,A01
201500001467,0,7,0,0.0,2.0,2.0,15.0,A01
201500001467,0,33,0,0.0,2.0,1.0,1.0,B01
201500001468,0,7,0,0.0,2.0,1.0,1.0,B01
201500001468,0,7,0,0.0,2.0,7.0,9.0,A01
201500001469,0,33,0,0.0,2.0,1.0,2.0,A01
201500001469,0,7,0,0.0,2.0,9.0,2.0,B02
201500001469,0,7,0,0.0,2.0,4.0,1.0,C02
201500001470,0,7,0,13.0,0.0,1.0,1.0,A01
201500001471,1,33,0,0.0,1.0,2.0,1.0,A01
201500001472,0,7,0,0.0,2.0,3.0,9.0,A01
201500001472,0,33,0,0.0,2.0,1.0,1.0,B01
201500001473,0,7,0,13.0,0.0,1.0,13.0,A01
201500001474,0,30,0,0.0,1.0,4.0,1.0,A01
201500001475,0,30,0,1.0,0.0,1.0,1.0,A01
201500001476,0,30,0,0.0,0.0,0.0,1.0,A01
201500001477,0,7,0,2.0,0.0,0.0,14.0,A01
201500001478,0,7,0,6.0,0.0,1.0,13.0,A01
201500001479,0,7,0,0.0,2.0,4.0,15.0,B01
201500001479,0,7,0,0.0,2.0,1.0,2.0,A01
201500001480,0,7,0,13.0,0.0,3.0,14.0,A01
201500001481,0,7,0,2.0,0.0,1.0,13.0,A01
201500001482,0,33,0,0.0,2.0,1.0,1.0,B01
201500001482,0,7,0,0.0,2.0,8.0,10.0,A01
201500001483,0,33,0,0.0,2.0,1.0,1.0,B01
201500001483,0,7,0,0.0,2.0,3.0,9.0,A01
201500001484,0,7,0,0.0,2.0,2.0,1.0,A01
201500001484,0,30,0,0.0,2.0,1.0,13.0,B01
201500001485,0,7,0,8.0,0.0,2.0,14.0,A01
201500001486,0,7,0,0.0,2.0,1.0,1.0,B01
201500001486,0,10,0,0.0,2.0,8.0,13.0,A01
201500001487,0,7,0,0.0,2.0,2.0,2.0,A01
201500001487,0,1,0,0.0,2.0,4.0,1.0,B01
201500001488,0,7,0,8.0,0.0,1.0,1.0,A01
201500001489,0,30,0,0.0,0.0,0.0,1.0,A01
201500001490,0,7,0,0.0,2.0,1.0,2.0,E01
201500001490,0,7,0,0.0,2.0,1.0,2.0,B01
201500001490,0,31,0,0.0,2.0,1.0,2.0,D01
201500001490,0,7,0,0.0,2.0,1.0,2.0,C01
201500001490,0,7,0,0.0,2.0,4.0,1.0,A01
201500001491,0,7,0,0.0,2.0,8.0,19.0,A01
201500001491,0,7,0,0.0,2.0,1.0,1.0,B01
201500001492,0,7,0,0.0,1.0,1.0,1.0,A01
201500001493,0,7,0,0.0,2.0,1.0,13.0,A01
201500001493,0,21,0,0.0,2.0,3.0,1.0,B01
201500001494,0,7,0,0.0,0.0,1.0,13.0,A01
201500001495,0,7,0,0.0,2.0,2.0,2.0,A01
201500001495,0,30,0,0.0,0.0,8.0,15.0,B01
201500001496,0,7,0,0.0,2.0,1.0,1.0,B01
201500001496,0,7,0,0.0,2.0,1.0,13.0,A01
201500001497,0,7,0,0.0,9.0,3.0,13.0,A01
201500001497,0,1,0,0.0,2.0,1.0,1.0,B01
201500001498,0,31,0,0.0,2.0,1.0,2.0,A01
201500001498,0,7,0,0.0,2.0,5.0,23.0,B01
201500001499,0,33,0,0.0,2.0,7.0,1.0,B01
201500001499,0,7,0,0.0,2.0,2.0,15.0,A01
201500001500,0,7,0,0.0,1.0,1.0,1.0,A01
201500001501,0,7,0,0.0,2.0,1.0,1.0,B01
201500001501,0,7,0,0.0,2.0,1.0,17.0,A01
201500001502,0,7,0,0.0,2.0,3.0,19.0,A01
201500001502,0,7,0,0.0,2.0,1.0,1.0,B01
201500001503,0,10,0,0.0,2.0,1.0,1.0,B01
201500001503,0,7,0,0.0,2.0,7.0,19.0,A01
201500001504,0,1,0,0.0,2.0,4.0,2.0,C01
201500001504,0,1,0,0.0,2.0,4.0,2.0,B01
201500001504,0,7,0,0.0,2.0,5.0,2.0,A01
201500001505,0,33,0,6.0,2.0,1.0,17.0,A01
201500001505,0,37,10,0.0,2.0,8.0,15.0,B01
201500001506,0,7,0,0.0,2.0,1.0,1.0,B01
201500001506,0,7,0,0.0,2.0,1.0,13.0,A01
201500001507,0,2,0,0.0,2.0,1.0,15.0,A01
201500001507,0,7,0,0.0,2.0,8.0,1.0,B01
201500001508,0,7,0,0.0,2.0,2.0,17.0,A01
201500001508,0,7,0,0.0,2.0,8.0,1.0,B01
201500001509,0,14,0,0.0,1.0,1.0,1.0,A01
201500001510,0,7,0,0.0,1.0,2.0,1.0,A01
201500001511,0,7,0,0.0,2.0,2.0,15.0,A01
201500001511,0,33,0,0.0,2.0,1.0,1.0,B01
201500001512,0,7,0,0.0,1.0,1.0,1.0,A01
201500001513,0,2,0,1.0,0.0,1.0,1.0,A01
201500001514,0,7,0,0.0,0.0,0.0,1.0,A01
201500001515,0,7,0,8.0,0.0,1.0,1.0,A01
201500001516,0,7,0,13.0,0.0,1.0,1.0,A01
201500001517,0,7,0,0.0,2.0,3.0,1.0,B01
201500001517,0,33,0,0.0,2.0,8.0,1.0,A01
201500001518,0,7,0,0.0,1.0,2.0,1.0,A01
201500001519,0,7,0,0.0,2.0,2.0,2.0,B01
201500001519,0,33,0,0.0,2.0,1.0,2.0,A01
201500001519,0,1,0,0.0,2.0,4.0,2.0,C01
201500001520,0,10,0,13.0,0.0,3.0,1.0,A01
201500001521,0,7,0,0.0,2.0,3.0,13.0,A01
201500001521,0,10,0,0.0,2.0,3.0,1.0,B01
201500001522,0,21,0,0.0,0.0,5.0,2.0,B01
201500001522,0,7,0,0.0,2.0,3.0,2.0,A01
201500001523,0,10,0,0.0,0.0,3.0,1.0,A01
201500001524,0,7,0,13.0,0.0,1.0,1.0,A01
201500001525,0,33,0,16.0,0.0,9.0,1.0,A01
201500001526,0,2,0,0.0,0.0,0.0,1.0,A01
201500001527,0,7,0,13.0,0.0,1.0,14.0,A01
201500001528,0,7,0,0.0,2.0,1.0,15.0,A01
201500001528,0,30,0,0.0,2.0,1.0,1.0,B01
201500001529,0,7,0,6.0,0.0,1.0,19.0,A01
201500001530,0,7,0,0.0,2.0,2.0,1.0,B01
201500001530,0,7,0,0.0,2.0,3.0,9.0,A01
201500001531,0,7,0,0.0,2.0,8.0,1.0,A01
201500001531,0,21,0,0.0,2.0,1.0,9.0,B01
201500001532,0,7,0,0.0,2.0,3.0,15.0,A01
201500001532,0,33,0,0.0,2.0,1.0,1.0,B01
201500001533,0,3,0,0.0,0.0,0.0,19.0,B01
201500001533,0,30,0,0.0,2.0,0.0,1.0,A01
201500001534,0,7,0,8.0,0.0,9.0,13.0,A01
201500001535,0,7,0,0.0,2.0,3.0,13.0,A01
201500001535,0,7,0,0.0,2.0,0.0,1.0,B01
201500001536,0,7,0,0.0,1.0,7.0,1.0,A01
201500001537,0,7,0,0.0,0.0,8.0,9.0,B01
201500001537,0,7,0,0.0,2.0,1.0,1.0,A01
201500001538,0,33,0,0.0,2.0,8.0,13.0,A01
201500001538,0,7,0,0.0,2.0,8.0,1.0,B01
201500001538,0,7,0,0.0,2.0,3.0,1.0,C01
201500001539,0,7,0,0.0,2.0,8.0,16.0,A01
201500001539,0,10,0,0.0,2.0,1.0,1.0,B01
201500001540,0,7,0,6.0,0.0,1.0,1.0,A01
201500001541,0,7,0,0.0,1.0,2.0,1.0,A01
201500001542,0,7,0,0.0,2.0,3.0,13.0,A01
201500001542,0,7,0,0.0,2.0,3.0,1.0,B01
201500001543,0,7,0,0.0,2.0,3.0,21.0,B01
201500001543,0,14,0,0.0,2.0,8.0,1.0,C01
201500001543,0,7,0,0.0,2.0,3.0,17.0,A01
201500001543,0,7,0,0.0,2.0,3.0,1.0,D01
201500001544,0,7,0,0.0,2.0,1.0,1.0,A01
201500001544,0,7,0,0.0,0.0,2.0,9.0,B01
201500001545,0,10,0,0.0,1.0,2.0,16.0,A01
201500001546,0,31,0,0.0,2.0,5.0,19.0,A01
201500001547,0,7,0,13.0,0.0,3.0,13.0,A01
201500001548,0,7,0,0.0,2.0,1.0,19.0,A01
201500001548,0,33,0,0.0,2.0,8.0,1.0,B01
201500001549,0,7,0,0.0,2.0,1.0,1.0,A01
201500001549,0,7,0,0.0,2.0,8.0,1.0,B01
201500001550,0,30,0,13.0,0.0,1.0,1.0,A01
201500001551,0,7,0,13.0,0.0,1.0,14.0,A01
201500001552,0,7,0,13.0,0.0,1.0,1.0,A01
201500001553,0,7,0,2.0,0.0,1.0,1.0,A01
201500001554,0,30,0,0.0,2.0,3.0,1.0,B01
201500001554,0,21,0,0.0,2.0,3.0,15.0,A01
201500001555,0,21,0,0.0,2.0,2.0,1.0,B01
201500001555,0,7,0,0.0,2.0,1.0,19.0,A01
201500001556,0,7,0,13.0,0.0,9.0,1.0,A01
201500001557,0,7,0,1.0,0.0,3.0,13.0,A01
201500001558,0,33,0,13.0,0.0,1.0,1.0,A01
201500001559,0,33,0,0.0,5.0,1.0,1.0,A01
201500001560,0,33,0,10.0,0.0,1.0,1.0,A01
201500001561,0,7,0,0.0,0.0,4.0,2.0,D01
201500001561,0,7,0,0.0,2.0,4.0,23.0,A01
201500001561,0,7,0,0.0,0.0,4.0,2.0,C01
201500001561,0,7,0,0.0,2.0,4.0,2.0,B01
201500001561,0,7,0,0.0,2.0,1.0,2.0,E01
201500001562,0,7,0,0.0,2.0,1.0,1.0,B01
201500001562,0,7,0,0.0,2.0,2.0,1.0,A01
201500001563,0,7,0,0.0,1.0,2.0,1.0,A01
201500001564,0,7,0,1.0,2.0,2.0,5.0,A01
201500001564,0,15,0,0.0,2.0,2.0,0.0,B01
201500001565,0,7,0,0.0,1.0,3.0,16.0,A01
201500001566,0,7,0,0.0,1.0,3.0,0.0,A01
201500001567,0,7,0,0.0,2.0,1.0,5.0,A01
201500001567,0,7,0,0.0,2.0,3.0,1.0,B02
201500001568,0,7,0,0.0,1.0,1.0,15.0,A01
201500001569,0,7,0,0.0,2.0,5.0,19.0,A01
201500001569,0,33,0,0.0,2.0,4.0,1.0,B01
201500001570,0,10,0,0.0,1.0,1.0,0.0,A01
201500001571,0,10,0,0.0,1.0,1.0,1.0,A01
201500001572,0,7,0,0.0,1.0,2.0,0.0,A01
201500001573,0,7,0,0.0,1.0,3.0,1.0,A01
201500001574,0,7,0,0.0,1.0,1.0,1.0,A01
201500001575,0,15,0,0.0,2.0,3.0,1.0,B01
201500001575,0,7,0,0.0,2.0,3.0,9.0,A01
201500001576,0,7,0,0.0,2.0,8.0,15.0,B01
201500001576,0,7,0,0.0,2.0,1.0,1.0,A01
201500001577,0,10,0,1.0,0.0,1.0,14.0,A01
201500001578,0,7,0,0.0,1.0,3.0,1.0,A01
201500001579,0,7,0,0.0,2.0,3.0,10.0,A01
201500001579,0,7,0,0.0,2.0,2.0,1.0,B01
201500001580,0,7,0,0.0,1.0,1.0,1.0,A01
201500001581,0,31,0,1.0,0.0,1.0,21.0,A01
201500001582,0,7,0,0.0,1.0,1.0,15.0,A01
201500001583,0,7,0,0.0,1.0,0.0,0.0,A01
201500001584,0,7,0,0.0,2.0,1.0,1.0,B01
201500001584,0,7,0,0.0,2.0,2.0,15.0,A01
201500001585,0,15,0,0.0,2.0,6.0,1.0,B01
201500001585,0,7,0,0.0,2.0,1.0,19.0,A01
201500001586,0,37,10,0.0,2.0,8.0,13.0,A01
201500001586,0,7,0,0.0,2.0,2.0,1.0,B01
201500001587,0,7,0,0.0,2.0,1.0,13.0,A01
201500001587,0,14,0,13.0,2.0,1.0,1.0,B02
201500001588,1,7,0,0.0,1.0,4.0,24.0,Z01
201500001589,0,7,0,0.0,1.0,4.0,20.0,A01
201500001590,0,7,0,0.0,2.0,7.0,15.0,A01
201500001590,0,33,0,0.0,2.0,1.0,1.0,B01
201500001591,0,10,0,0.0,2.0,1.0,2.0,A01
201500001591,0,7,0,0.0,2.0,4.0,2.0,B01
201500001591,0,7,0,0.0,2.0,4.0,2.0,C01
201500001592,0,7,0,0.0,9.0,3.0,0.0,A01
201500001592,0,3,0,0.0,2.0,2.0,1.0,B01
201500001593,0,7,0,0.0,2.0,2.0,15.0,A01
201500001593,0,33,0,0.0,2.0,1.0,1.0,B01
201500001594,0,7,0,0.0,2.0,2.0,15.0,A01
201500001594,0,30,0,0.0,2.0,1.0,0.0,B02
201500001595,2,7,0,0.0,2.0,1.0,19.0,A01
201500001595,0,7,0,0.0,2.0,8.0,19.0,B01
201500001596,0,7,0,0.0,2.0,1.0,1.0,A01
201500001596,0,7,0,0.0,2.0,3.0,1.0,B01
201500001597,0,7,0,0.0,1.0,3.0,0.0,A01
201500001598,0,7,0,0.0,2.0,2.0,9.0,A01
201500001598,0,7,0,0.0,2.0,1.0,1.0,B02
201500001598,0,7,0,0.0,2.0,1.0,5.0,C03
201500001599,0,1,0,0.0,2.0,3.0,1.0,B01
201500001599,0,7,0,0.0,2.0,2.0,16.0,A01
201500001600,0,17,0,0.0,2.0,3.0,1.0,B01
201500001600,0,7,0,0.0,2.0,2.0,1.0,A02
201500001601,0,7,0,1.0,0.0,4.0,1.0,B01
201500001601,0,7,0,6.0,2.0,1.0,1.0,A01
201500001602,0,10,0,0.0,2.0,3.0,1.0,B02
201500001602,0,14,0,0.0,2.0,3.0,1.0,A01
201500001603,0,7,0,15.0,0.0,1.0,14.0,A01
201500001604,0,7,0,0.0,1.0,1.0,11.0,A01
201500001605,0,31,0,0.0,2.0,1.0,2.0,A01
201500001605,0,7,0,0.0,2.0,5.0,1.0,B01
201500001606,0,7,0,0.0,2.0,3.0,19.0,B01
201500001606,0,7,0,0.0,2.0,2.0,15.0,A01
201500001607,0,7,0,0.0,2.0,3.0,17.0,A01
201500001607,0,7,0,0.0,2.0,7.0,2.0,C01
201500001607,0,10,0,0.0,2.0,3.0,1.0,B01
201500001608,0,7,0,0.0,2.0,8.0,1.0,B01
201500001608,0,7,0,0.0,2.0,1.0,19.0,A01
201500001609,0,10,0,0.0,2.0,2.0,1.0,B01
201500001609,0,1,0,0.0,2.0,1.0,19.0,A01
201500001610,0,2,0,0.0,2.0,2.0,17.0,B01
201500001610,0,7,0,0.0,2.0,3.0,15.0,A01
201500001611,0,7,0,0.0,1.0,3.0,15.0,A01
201500001612,0,7,0,0.0,2.0,3.0,0.0,B01
201500001612,0,7,0,0.0,2.0,1.0,17.0,A01
201500001613,0,7,0,0.0,1.0,2.0,1.0,A01
201500001614,0,7,0,0.0,2.0,2.0,15.0,A01
201500001614,0,33,0,0.0,2.0,1.0,1.0,B01
201500001615,0,7,0,0.0,2.0,8.0,1.0,A01
201500001615,0,7,0,0.0,2.0,1.0,1.0,B01
201500001616,0,7,0,15.0,0.0,1.0,13.0,A01
201500001617,0,7,0,15.0,2.0,7.0,0.0,B01
201500001617,0,7,0,15.0,2.0,1.0,1.0,A01
201500001618,0,7,0,0.0,1.0,2.0,1.0,A01
201500001619,0,32,0,0.0,2.0,4.0,2.0,A01
201500001619,0,7,0,0.0,2.0,4.0,16.0,B01
201500001620,0,33,0,0.0,2.0,7.0,0.0,B01
201500001620,0,10,0,0.0,2.0,3.0,19.0,A01
201500001621,0,7,0,16.0,0.0,9.0,1.0,A01
201500001622,0,30,0,0.0,2.0,1.0,17.0,A01
201500001622,0,7,0,0.0,2.0,3.0,15.0,B01
201500001623,0,7,0,0.0,2.0,1.0,1.0,A01
201500001623,0,30,0,12.0,2.0,7.0,1.0,B01
201500001624,0,7,0,16.0,0.0,9.0,1.0,A01
201500001625,0,14,0,0.0,2.0,8.0,1.0,A01
201500001625,0,32,0,0.0,2.0,8.0,18.0,B01
201500001626,0,38,12,0.0,1.0,2.0,16.0,A01
201500001627,0,7,0,1.0,0.0,4.0,4.0,A01
201500001627,0,7,0,0.0,2.0,3.0,24.0,B01
201500001628,0,7,0,0.0,2.0,1.0,1.0,B01
201500001628,0,7,0,0.0,2.0,3.0,1.0,C01
201500001628,0,7,0,0.0,2.0,7.0,1.0,A01
201500001629,0,7,0,0.0,2.0,4.0,23.0,B01
201500001629,0,7,0,0.0,2.0,1.0,2.0,A01
201500001630,0,7,0,0.0,9.0,7.0,16.0,B01
201500001630,0,30,0,0.0,2.0,8.0,1.0,A01
201500001631,0,7,0,1.0,0.0,2.0,2.0,A01
201500001631,0,7,0,0.0,2.0,6.0,2.0,B01
201500001632,0,7,0,0.0,1.0,1.0,15.0,A01
201500001633,0,7,0,0.0,2.0,1.0,2.0,A01
201500001633,0,7,0,0.0,2.0,4.0,2.0,B01
201500001634,0,15,0,0.0,2.0,7.0,16.0,A01
201500001634,0,1,0,0.0,2.0,7.0,16.0,B01
201500001635,0,7,0,0.0,2.0,8.0,15.0,B01
201500001635,0,33,0,0.0,2.0,1.0,17.0,A01
201500001636,0,7,0,0.0,2.0,5.0,15.0,A01
201500001636,0,7,0,0.0,2.0,1.0,1.0,B01
201500001637,0,1,0,0.0,2.0,1.0,1.0,B01
201500001637,0,7,0,0.0,2.0,2.0,19.0,A01
201500001638,0,33,0,0.0,2.0,4.0,23.0,B01
201500001638,0,7,0,0.0,2.0,1.0,2.0,A01
201500001639,0,2,0,0.0,2.0,2.0,1.0,B01
201500001639,0,7,0,0.0,2.0,3.0,9.0,A01
201500001640,0,7,0,0.0,1.0,1.0,0.0,A01
201500001641,1,7,0,0.0,2.0,2.0,15.0,Z01
201500001641,0,2,0,0.0,2.0,3.0,1.0,B01
201500001642,0,7,0,0.0,1.0,1.0,1.0,A01
201500001643,0,10,0,0.0,2.0,3.0,15.0,B01
201500001643,0,1,0,0.0,2.0,7.0,1.0,A01
201500001644,0,30,0,14.0,0.0,1.0,1.0,A01
201500001645,0,7,0,0.0,2.0,1.0,13.0,A01
201500001645,0,38,56,0.0,2.0,3.0,21.0,B02
201500001646,0,7,0,0.0,2.0,5.0,13.0,A01
201500001646,0,17,0,0.0,2.0,1.0,1.0,B02
201500001647,0,7,0,0.0,2.0,3.0,13.0,A01
201500001647,0,7,0,0.0,2.0,3.0,1.0,B02
201500001648,0,7,0,0.0,2.0,3.0,13.0,A01
201500001648,0,17,0,0.0,2.0,3.0,1.0,B02
201500001649,0,7,0,8.0,0.0,2.0,1.0,A01
201500001650,0,7,0,0.0,2.0,3.0,21.0,B02
201500001650,0,7,0,0.0,2.0,3.0,1.0,A01
201500001651,0,7,0,6.0,0.0,1.0,1.0,A01
201500001652,0,7,0,0.0,2.0,4.0,1.0,C03
201500001652,0,7,0,0.0,2.0,4.0,1.0,B02
201500001652,0,7,0,0.0,2.0,1.0,1.0,A01
201500001653,0,7,0,0.0,2.0,7.0,17.0,A01
201500001653,0,1,0,0.0,2.0,8.0,11.0,B02
201500001654,0,7,0,3.0,0.0,4.0,1.0,A01
201500001655,0,7,0,0.0,2.0,1.0,19.0,B02
201500001655,0,7,0,0.0,2.0,7.0,1.0,A01
201500001656,0,7,0,0.0,0.0,2.0,15.0,B02
201500001656,0,7,0,0.0,0.0,2.0,1.0,A01
201500001657,0,7,0,13.0,0.0,7.0,1.0,A01
201500001658,0,7,0,0.0,2.0,3.0,1.0,B02
201500001658,0,7,0,0.0,2.0,3.0,17.0,A01
201500001659,0,7,0,2.0,0.0,1.0,1.0,A01
201500001660,0,10,0,0.0,0.0,6.0,16.0,B02
201500001660,0,7,0,0.0,2.0,2.0,1.0,A01
201500001661,0,7,0,15.0,0.0,3.0,1.0,A01
201500001662,0,7,0,0.0,2.0,7.0,1.0,A01
201500001662,0,15,0,0.0,2.0,2.0,1.0,B02
201500001663,0,20,0,0.0,2.0,8.0,19.0,B02
201500001663,0,33,0,0.0,2.0,1.0,1.0,A01
201500001664,0,7,0,13.0,0.0,2.0,14.0,A01
201500001665,0,7,0,6.0,0.0,3.0,1.0,A01
201500001666,0,7,0,0.0,2.0,1.0,1.0,A01
201500001666,0,7,0,0.0,2.0,8.0,19.0,B02
201500001667,0,7,0,13.0,0.0,7.0,14.0,A01
201500001668,0,10,0,16.0,0.0,9.0,1.0,A01
201500001669,0,7,0,0.0,2.0,1.0,1.0,A01
201500001669,0,7,0,0.0,2.0,1.0,13.0,B02
201500001670,0,10,0,0.0,2.0,3.0,13.0,A01
201500001670,0,7,0,0.0,2.0,3.0,1.0,B02
201500001671,0,7,0,0.0,2.0,4.0,15.0,B02
201500001671,0,7,0,0.0,2.0,1.0,2.0,A01
201500001672,0,7,0,2.0,0.0,3.0,1.0,A01
201500001673,0,7,0,0.0,2.0,2.0,1.0,A01
201500001673,0,7,0,0.0,2.0,7.0,13.0,B02
201500001674,0,7,0,13.0,0.0,3.0,1.0,A01
201500001675,0,7,0,0.0,2.0,8.0,1.0,B02
201500001675,0,7,0,0.0,2.0,3.0,15.0,A01
201500001676,0,7,0,0.0,2.0,3.0,1.0,B02
201500001676,0,7,0,0.0,2.0,6.0,13.0,A01
201500001677,0,10,0,0.0,1.0,2.0,1.0,A01
201500001678,0,7,0,0.0,2.0,3.0,2.0,B02
201500001678,0,7,0,0.0,2.0,7.0,21.0,C03
201500001678,0,7,0,0.0,2.0,5.0,15.0,A01
201500001679,0,17,0,0.0,2.0,1.0,1.0,B02
201500001679,0,7,0,0.0,2.0,3.0,20.0,A01
201500001680,0,10,0,0.0,2.0,3.0,15.0,A01
201500001680,0,7,0,0.0,2.0,3.0,1.0,B02
201500001681,0,33,0,0.0,2.0,1.0,17.0,A01
201500001681,0,7,0,0.0,2.0,1.0,1.0,B02
201500001681,0,14,0,0.0,2.0,2.0,1.0,C03
201500001682,0,30,0,0.0,2.0,1.0,1.0,A01
201500001682,0,7,0,0.0,2.0,2.0,15.0,B02
201500001683,0,7,0,8.0,0.0,1.0,1.0,A01
201500001684,0,31,0,0.0,2.0,7.0,1.0,B02
201500001684,0,7,0,0.0,2.0,1.0,19.0,A01
201500001685,0,10,0,0.0,2.0,1.0,1.0,A01
201500001685,0,1,0,0.0,2.0,7.0,19.0,B02
201500001686,0,7,0,0.0,2.0,3.0,13.0,A01
201500001686,0,30,0,0.0,2.0,1.0,1.0,B02
201500001687,0,7,0,0.0,1.0,3.0,1.0,A01
201500001688,0,7,0,0.0,2.0,2.0,1.0,B02
201500001688,0,7,0,0.0,2.0,2.0,13.0,A01
201500001689,0,7,0,1.0,0.0,2.0,1.0,A01
201500001690,0,7,0,0.0,2.0,8.0,1.0,B02
201500001690,0,7,0,0.0,2.0,1.0,19.0,A01
201500001691,0,7,0,0.0,2.0,7.0,15.0,A01
201500001691,0,7,0,0.0,2.0,1.0,1.0,B02
201500001692,0,2,0,0.0,2.0,7.0,1.0,B02
201500001692,0,31,0,0.0,2.0,1.0,10.0,A01
201500001693,0,7,0,0.0,0.0,9.0,14.0,A01
201500001694,0,7,0,13.0,0.0,1.0,1.0,A01
201500001695,0,7,0,0.0,2.0,2.0,1.0,A01