Num_Acc,senc,catv,occutc,obs,obsm,choc,manv,num_veh
201500001695,0,33,0,0.0,2.0,1.0,13.0,B02
201500001696,0,7,0,8.0,0.0,7.0,1.0,A01
201500001697,0,7,0,0.0,2.0,3.0,1.0,B02
201500001697,0,30,0,0.0,2.0,2.0,1.0,A01
201500001698,0,7,0,0.0,2.0,3.0,6.0,A01
201500001698,0,7,0,0.0,2.0,3.0,1.0,B02
201500001699,0,7,0,0.0,2.0,3.0,1.0,B02
201500001699,0,7,0,0.0,2.0,3.0,13.0,A01
201500001700,0,33,0,15.0,0.0,1.0,1.0,A01
201500001701,0,30,0,8.0,0.0,1.0,16.0,A01
201500001702,0,30,0,0.0,1.0,1.0,1.0,A01
201500001703,0,7,0,0.0,2.0,1.0,13.0,A01
201500001703,0,7,0,0.0,2.0,1.0,13.0,B02
201500001704,0,7,0,0.0,1.0,6.0,4.0,A01
201500001705,0,7,0,0.0,1.0,2.0,1.0,A01
201500001706,0,7,0,0.0,2.0,1.0,2.0,A01
201500001706,0,7,0,0.0,2.0,4.0,1.0,B02
201500001707,0,7,0,0.0,2.0,3.0,1.0,B02
201500001707,0,7,0,0.0,2.0,3.0,13.0,A01
201500001708,0,7,0,2.0,0.0,2.0,1.0,A01
201500001709,0,21,0,0.0,2.0,6.0,1.0,B02
201500001709,0,30,0,0.0,2.0,3.0,13.0,A01
201500001710,0,7,0,2.0,0.0,1.0,1.0,A01
201500001711,0,7,0,7.0,0.0,1.0,1.0,A01
201500001712,0,7,0,0.0,2.0,3.0,13.0,A01
201500001712,0,14,0,0.0,2.0,3.0,1.0,B02
201500001713,0,7,0,13.0,0.0,3.0,1.0,A01
201500001714,0,7,0,0.0,2.0,1.0,15.0,A01
201500001714,0,7,0,0.0,2.0,1.0,1.0,B02
201500001715,0,7,0,0.0,1.0,7.0,16.0,A01
201500001716,0,30,0,16.0,0.0,8.0,1.0,A01
201500001717,0,2,0,16.0,0.0,0.0,1.0,A01
201500001718,0,36,0,2.0,0.0,1.0,1.0,A01
201500001719,0,7,0,3.0,0.0,9.0,6.0,A01
201500001720,0,7,0,0.0,2.0,5.0,16.0,A01
201500001720,0,1,0,0.0,2.0,8.0,1.0,B02
201500001721,0,33,0,16.0,0.0,7.0,1.0,A01
201500001722,0,10,0,0.0,2.0,8.0,9.0,A01
201500001722,0,33,0,0.0,2.0,1.0,1.0,B02
201500001723,0,7,0,15.0,0.0,1.0,1.0,A01
201500001724,0,7,0,0.0,2.0,1.0,1.0,B02
201500001724,0,7,0,0.0,2.0,1.0,5.0,A01
201500001725,0,7,0,6.0,0.0,1.0,13.0,A01
201500001726,0,39,2,0.0,2.0,1.0,1.0,B02
201500001726,0,7,0,0.0,4.0,8.0,23.0,A01
201500001727,0,36,0,16.0,0.0,3.0,16.0,A01
201500001728,0,7,0,13.0,0.0,2.0,1.0,A01
201500001729,0,7,0,0.0,2.0,3.0,1.0,B02
201500001729,0,7,0,0.0,2.0,3.0,13.0,A01
201500001730,0,7,0,15.0,0.0,2.0,1.0,A01
201500001731,0,2,0,0.0,1.0,4.0,1.0,A01
201500001732,0,7,0,0.0,2.0,3.0,15.0,A01
201500001732,0,32,0,0.0,2.0,5.0,17.0,B02
201500001733,0,34,0,0.0,2.0,7.0,17.0,B02
201500001733,0,7,0,0.0,0.0,3.0,11.0,A01
201500001734,0,7,0,0.0,1.0,7.0,1.0,A01
201500001735,0,7,0,0.0,2.0,3.0,1.0,B02
201500001735,0,7,0,0.0,2.0,3.0,1.0,A01
201500001736,0,13,0,0.0,2.0,1.0,1.0,B02
201500001736,0,7,0,0.0,2.0,7.0,19.0,A01
201500001737,0,7,0,0.0,2.0,1.0,1.0,A01
201500001737,0,7,0,0.0,2.0,1.0,15.0,B02
201500001738,0,7,0,0.0,2.0,1.0,1.0,A01
201500001738,0,7,0,0.0,0.0,8.0,1.0,B02
201500001739,0,30,0,12.0,0.0,7.0,1.0,A01
201500001740,0,7,0,0.0,2.0,3.0,1.0,B02
201500001740,0,33,0,0.0,2.0,1.0,1.0,A01
201500001741,0,7,0,2.0,0.0,9.0,1.0,A01
201500001742,0,7,0,0.0,2.0,1.0,21.0,B02
201500001742,0,7,0,0.0,2.0,1.0,21.0,A01
201500001743,0,7,0,0.0,2.0,3.0,15.0,A01
201500001743,0,30,0,0.0,2.0,1.0,1.0,B02
201500001744,0,30,0,0.0,0.0,7.0,1.0,A01
201500001745,0,33,0,0.0,2.0,1.0,5.0,A01
201500001745,0,7,0,0.0,2.0,1.0,15.0,B02
201500001746,0,7,0,13.0,0.0,0.0,1.0,A01
201500001747,0,21,0,0.0,2.0,8.0,1.0,B02
201500001747,0,7,0,0.0,2.0,3.0,1.0,A01
201500001748,0,30,0,0.0,0.0,4.0,2.0,A01
201500001748,2,33,0,0.0,2.0,1.0,2.0,B02
201500001749,0,7,0,0.0,1.0,3.0,1.0,A01
201500001750,0,7,0,0.0,2.0,3.0,1.0,B02
201500001750,0,31,0,0.0,2.0,1.0,13.0,A01
201500001751,0,7,0,0.0,1.0,1.0,21.0,A01
201500001752,0,7,0,0.0,2.0,2.0,14.0,A01
201500001752,0,3,0,0.0,2.0,3.0,1.0,B02
201500001753,0,7,0,16.0,0.0,2.0,1.0,A01
201500001754,0,7,0,8.0,0.0,1.0,1.0,A01
201500001755,0,33,0,0.0,2.0,1.0,1.0,B02
201500001755,0,7,0,0.0,0.0,2.0,19.0,A01
201500001756,0,10,0,0.0,2.0,1.0,1.0,A01
201500001756,0,30,0,0.0,0.0,4.0,15.0,B02
201500001757,2,7,0,0.0,2.0,3.0,13.0,A01
201500001757,0,7,0,0.0,2.0,1.0,1.0,B02
201500001758,0,10,0,0.0,2.0,3.0,15.0,A01
201500001758,0,10,0,0.0,2.0,3.0,1.0,B02
201500001759,0,1,0,0.0,0.0,6.0,0.0,B02
201500001759,0,7,0,0.0,9.0,3.0,15.0,A01
201500001760,0,7,0,1.0,0.0,1.0,2.0,A01
201500001761,0,7,0,10.0,0.0,2.0,0.0,A01
201500001762,0,7,0,0.0,0.0,2.0,13.0,A01
201500001762,0,7,0,0.0,0.0,3.0,1.0,B02
201500001763,0,33,0,0.0,2.0,1.0,1.0,A01
201500001763,0,33,0,0.0,0.0,3.0,15.0,B02
201500001764,0,7,0,0.0,1.0,3.0,1.0,A01
201500001765,0,7,0,0.0,2.0,1.0,15.0,A01
201500001765,0,31,0,0.0,2.0,1.0,1.0,B02
201500001766,0,7,0,0.0,2.0,3.0,19.0,A01
201500001766,0,33,0,0.0,2.0,1.0,1.0,B02
201500001767,0,7,0,0.0,2.0,5.0,1.0,A01
201500001767,0,2,0,0.0,2.0,1.0,18.0,B02
201500001768,0,30,0,7.0,0.0,1.0,1.0,A01
201500001769,0,33,0,0.0,2.0,1.0,14.0,A01
201500001769,0,33,0,14.0,0.0,4.0,0.0,B02
201500001770,0,7,0,0.0,2.0,2.0,15.0,A01
201500001770,0,30,0,0.0,2.0,8.0,1.0,B02
201500001771,0,7,0,0.0,2.0,2.0,15.0,A01
201500001771,0,2,0,0.0,2.0,1.0,1.0,B02
201500001772,0,7,0,0.0,2.0,2.0,1.0,B02
201500001772,0,7,0,0.0,2.0,1.0,1.0,C03
201500001772,0,33,0,0.0,2.0,3.0,17.0,A01
201500001773,0,30,0,0.0,2.0,1.0,0.0,B02
201500001773,0,7,0,0.0,2.0,3.0,1.0,A01
201500001774,0,7,0,0.0,0.0,3.0,1.0,B02
201500001774,0,7,0,0.0,0.0,3.0,5.0,A01
201500001775,0,7,0,0.0,2.0,1.0,1.0,B02
201500001775,0,3,0,0.0,2.0,1.0,5.0,A01
201500001776,0,7,0,0.0,2.0,1.0,1.0,A01
201500001776,0,7,0,0.0,2.0,3.0,1.0,C03
201500001776,0,10,0,0.0,2.0,7.0,1.0,B02
201500001777,0,7,0,0.0,0.0,2.0,21.0,B02
201500001777,0,2,0,0.0,0.0,1.0,13.0,A01
201500001778,0,7,0,0.0,2.0,1.0,1.0,B02
201500001778,0,7,0,0.0,2.0,4.0,1.0,E05
201500001778,0,13,0,0.0,2.0,2.0,1.0,D04
201500001778,0,10,0,0.0,2.0,1.0,1.0,F06
201500001778,0,7,0,0.0,2.0,1.0,1.0,C03
201500001778,0,7,0,0.0,2.0,9.0,15.0,A01
201500001779,0,7,0,0.0,5.0,3.0,1.0,A01
201500001780,0,7,0,8.0,0.0,8.0,1.0,A01
201500001781,0,7,0,0.0,2.0,3.0,13.0,A01
201500001781,0,7,0,0.0,2.0,3.0,1.0,B02
201500001782,0,34,0,13.0,0.0,1.0,14.0,A01
201500001783,0,7,0,0.0,2.0,3.0,13.0,A01
201500001783,0,7,0,0.0,2.0,3.0,1.0,B02
201500001784,0,33,0,0.0,2.0,1.0,1.0,B02
201500001784,0,7,0,0.0,2.0,8.0,9.0,A01
201500001785,0,7,0,0.0,1.0,3.0,1.0,A01
201500001786,0,7,0,0.0,2.0,1.0,13.0,A01
201500001786,0,7,0,0.0,2.0,1.0,1.0,B02
201500001787,0,33,0,16.0,0.0,1.0,1.0,A01
201500001788,0,7,0,2.0,0.0,1.0,19.0,A01
201500001789,0,7,0,13.0,0.0,2.0,0.0,A01
201500001790,0,7,0,0.0,2.0,1.0,19.0,A01
201500001790,0,7,0,0.0,2.0,7.0,1.0,B02
201500001791,0,30,0,0.0,1.0,1.0,1.0,A01
201500001792,0,33,0,0.0,2.0,7.0,1.0,B02
201500001792,0,7,0,0.0,2.0,1.0,9.0,A01
201500001793,0,7,0,2.0,0.0,7.0,1.0,A01
201500001794,0,7,0,2.0,0.0,1.0,1.0,A01
201500001795,0,7,0,0.0,2.0,8.0,13.0,A01
201500001795,0,7,0,0.0,2.0,7.0,1.0,B02
201500001796,1,7,0,0.0,2.0,3.0,2.0,B02
201500001796,0,1,0,0.0,2.0,4.0,2.0,A01
201500001797,0,7,0,0.0,0.0,3.0,15.0,A01
201500001797,0,30,0,0.0,2.0,2.0,1.0,B02
201500001798,0,7,0,0.0,2.0,3.0,13.0,A01
201500001798,0,30,0,0.0,2.0,4.0,23.0,B02
201500001799,0,10,0,8.0,0.0,2.0,1.0,A01
201500001800,0,10,0,8.0,0.0,8.0,1.0,A01
201500001801,0,33,0,0.0,2.0,1.0,1.0,B02
201500001801,0,7,0,0.0,2.0,6.0,4.0,A01
201500001802,0,7,0,0.0,2.0,3.0,13.0,B02
201500001802,0,7,0,0.0,2.0,3.0,2.0,A01
201500001803,0,7,0,0.0,2.0,1.0,1.0,B02
201500001803,0,10,0,0.0,2.0,7.0,19.0,A01
201500001804,0,31,0,0.0,2.0,5.0,1.0,A01
201500001804,0,31,0,0.0,2.0,3.0,18.0,B02
201500001805,1,7,0,0.0,1.0,2.0,1.0,A01
201500001806,0,10,0,0.0,9.0,2.0,1.0,A01
201500001806,0,1,0,0.0,2.0,4.0,1.0,B02
201500001807,0,10,0,13.0,0.0,5.0,1.0,A01
201500001808,0,7,0,0.0,2.0,3.0,1.0,B02
201500001808,0,7,0,0.0,2.0,3.0,13.0,A01
201500001809,0,7,0,16.0,0.0,9.0,1.0,A01
201500001810,0,33,0,0.0,2.0,7.0,1.0,A01
201500001810,0,7,0,0.0,2.0,2.0,15.0,B02
201500001811,0,10,0,2.0,0.0,9.0,13.0,A01
201500001812,0,33,0,0.0,2.0,1.0,1.0,B02
201500001812,0,10,0,0.0,2.0,7.0,15.0,A01
201500001813,0,7,0,0.0,9.0,1.0,1.0,C03
201500001813,0,15,0,0.0,0.0,0.0,13.0,A01
201500001814,0,7,0,0.0,2.0,1.0,17.0,A01
201500001814,0,7,0,0.0,2.0,6.0,1.0,C03
201500001814,0,7,0,0.0,2.0,1.0,1.0,B02
201500001815,0,16,0,0.0,2.0,2.0,15.0,A01
201500001815,0,30,0,0.0,0.0,0.0,5.0,B02
201500001816,0,30,0,7.0,0.0,1.0,1.0,A01
201500001817,0,7,0,0.0,0.0,0.0,1.0,A01
201500001818,0,7,0,13.0,0.0,0.0,5.0,A01
201500001819,0,7,0,0.0,1.0,2.0,1.0,A01
201500001820,0,7,0,8.0,0.0,7.0,1.0,A01
201500001821,0,21,0,0.0,2.0,2.0,15.0,B02
201500001821,0,33,0,0.0,2.0,1.0,1.0,A01
201500001822,0,7,0,0.0,1.0,1.0,1.0,A01
201500001823,0,7,0,0.0,0.0,1.0,13.0,A01
201500001823,0,7,0,0.0,0.0,1.0,1.0,B02
201500001824,0,33,0,0.0,2.0,1.0,1.0,A01
201500001824,0,7,0,0.0,0.0,3.0,19.0,B02
201500001825,0,7,0,6.0,0.0,1.0,1.0,A01
201500001826,0,7,0,0.0,2.0,3.0,1.0,A01
201500001826,0,33,0,0.0,2.0,8.0,0.0,B02
201500001827,0,30,0,0.0,2.0,1.0,17.0,A01
201500001827,0,7,0,0.0,2.0,8.0,15.0,B02
201500001828,0,7,0,0.0,0.0,6.0,23.0,A01
201500001828,0,30,0,1.0,0.0,1.0,1.0,B02
201500001829,0,7,0,3.0,0.0,9.0,1.0,A01
201500001830,0,7,0,0.0,2.0,1.0,1.0,A01
201500001830,0,7,0,0.0,2.0,3.0,15.0,B02
201500001831,0,7,0,0.0,1.0,2.0,1.0,A01
201500001832,0,2,0,0.0,2.0,3.0,19.0,B02
201500001832,0,7,0,0.0,2.0,2.0,1.0,A01
201500001833,0,14,0,2.0,0.0,8.0,19.0,A01
201500001834,0,7,0,2.0,0.0,3.0,1.0,A01
201500001835,0,10,0,0.0,1.0,2.0,16.0,A01
201500001836,0,7,0,0.0,2.0,8.0,13.0,A01
201500001836,0,7,0,0.0,2.0,1.0,1.0,B02
201500001837,0,33,0,13.0,0.0,1.0,1.0,A01
201500001838,0,7,0,0.0,2.0,4.0,1.0,A01
201500001838,0,33,0,0.0,2.0,1.0,1.0,B02
201500001839,0,10,0,0.0,2.0,3.0,1.0,B02
201500001839,0,30,0,0.0,2.0,2.0,1.0,A01
201500001840,0,33,0,13.0,0.0,0.0,17.0,A01
201500001841,0,7,0,0.0,2.0,8.0,16.0,B02
201500001841,0,30,0,0.0,2.0,7.0,16.0,A01
201500001842,0,7,0,2.0,0.0,1.0,1.0,A01
201500001843,0,7,0,0.0,2.0,8.0,10.0,A01
201500001843,0,32,0,0.0,2.0,1.0,2.0,B02
201500001844,0,7,0,6.0,0.0,7.0,1.0,A01
201500001845,0,7,0,0.0,1.0,1.0,1.0,A01
201500001846,0,30,0,9.0,0.0,7.0,13.0,A01
201500001847,0,7,0,0.0,2.0,7.0,15.0,A01
201500001847,0,30,0,0.0,2.0,2.0,1.0,B02
201500001848,0,7,0,13.0,0.0,1.0,1.0,A01
201500001849,0,1,0,0.0,2.0,3.0,9.0,B02
201500001849,0,7,0,0.0,2.0,2.0,1.0,A01
201500001850,0,1,0,0.0,2.0,4.0,1.0,B02
201500001850,0,7,0,0.0,2.0,2.0,1.0,A01
201500001851,0,33,0,0.0,2.0,8.0,0.0,B02
201500001851,0,7,0,0.0,2.0,3.0,1.0,A01
201500001852,0,10,0,0.0,2.0,1.0,0.0,B02
201500001852,0,7,0,0.0,2.0,1.0,13.0,A01
201500001853,0,7,0,0.0,2.0,1.0,1.0,B02
201500001853,0,7,0,0.0,2.0,1.0,15.0,A01
201500001854,0,7,0,0.0,2.0,1.0,17.0,A01
201500001854,0,2,0,0.0,2.0,1.0,1.0,B02
201500001855,0,7,0,0.0,2.0,2.0,13.0,B02
201500001855,0,7,0,0.0,2.0,2.0,21.0,A01
201500001856,0,10,0,0.0,2.0,6.0,15.0,A01
201500001856,0,30,0,0.0,0.0,1.0,1.0,B02
201500001857,0,21,0,0.0,2.0,1.0,1.0,B02
201500001857,0,31,0,0.0,2.0,1.0,5.0,A01
201500001858,0,7,0,0.0,0.0,4.0,1.0,B02
201500001858,0,7,0,0.0,2.0,1.0,2.0,A01
201500001859,0,10,0,0.0,2.0,3.0,15.0,A01
201500001859,0,33,0,0.0,2.0,1.0,17.0,B02
201500001860,0,7,0,0.0,1.0,1.0,1.0,A01
201500001861,0,7,0,0.0,2.0,1.0,5.0,A01
201500001861,0,7,0,0.0,2.0,3.0,1.0,C03
201500001861,0,33,0,0.0,2.0,1.0,1.0,B02
201500001862,0,7,0,0.0,2.0,3.0,16.0,B02
201500001862,0,1,0,0.0,2.0,7.0,1.0,A01
201500001863,0,7,0,0.0,2.0,1.0,1.0,B02
201500001863,0,7,0,0.0,2.0,4.0,15.0,A01
201500001863,0,7,0,0.0,2.0,1.0,1.0,C03
201500001864,0,32,0,0.0,2.0,1.0,1.0,A01
201500001864,0,7,0,0.0,2.0,8.0,19.0,B02
201500001865,0,7,0,2.0,0.0,8.0,0.0,A01
201500001866,0,10,0,13.0,0.0,1.0,1.0,A01
201500001867,0,7,0,0.0,2.0,1.0,5.0,A01
201500001867,0,7,0,0.0,2.0,1.0,1.0,B02
201500001867,0,7,0,0.0,2.0,1.0,1.0,C03
201500001868,0,7,0,0.0,1.0,2.0,1.0,A01
201500001869,0,1,0,0.0,0.0,6.0,15.0,B02
201500001869,0,7,0,0.0,0.0,3.0,1.0,A01
201500001870,0,7,0,13.0,0.0,2.0,1.0,A01
201500001871,0,10,0,13.0,0.0,1.0,1.0,A01
201500001872,0,10,0,0.0,1.0,2.0,1.0,A01
201500001873,0,7,0,0.0,2.0,3.0,15.0,A01
201500001873,0,1,0,0.0,2.0,0.0,1.0,B02
201500001874,0,2,0,0.0,2.0,1.0,1.0,B02
201500001874,0,7,0,0.0,2.0,1.0,13.0,A01
201500001875,0,7,0,0.0,2.0,3.0,19.0,A01
201500001875,0,7,0,0.0,2.0,2.0,1.0,B02
201500001876,0,7,0,0.0,2.0,1.0,1.0,B02
201500001876,0,7,0,0.0,2.0,1.0,13.0,A01
201500001877,0,7,0,0.0,2.0,3.0,13.0,A01
201500001877,0,7,0,0.0,2.0,3.0,1.0,B02
201500001878,0,7,0,0.0,2.0,3.0,1.0,A01
201500001878,0,32,0,0.0,2.0,8.0,17.0,B02
201500001879,0,7,0,0.0,2.0,1.0,1.0,A01
201500001879,0,7,0,0.0,0.0,8.0,9.0,B02
201500001880,0,7,0,8.0,2.0,1.0,1.0,A01
201500001880,0,7,0,0.0,2.0,2.0,1.0,B02
201500001881,0,10,0,0.0,1.0,7.0,1.0,A01
201500001882,0,7,0,0.0,0.0,8.0,9.0,A01
201500001882,0,1,0,0.0,0.0,7.0,1.0,B02
201500001883,0,10,0,0.0,2.0,3.0,13.0,A01
201500001883,0,10,0,0.0,2.0,3.0,13.0,B02
201500001884,0,1,0,0.0,2.0,5.0,1.0,B02
201500001884,0,7,0,0.0,9.0,1.0,1.0,A01
201500001885,0,30,0,0.0,0.0,0.0,1.0,A01
201500001885,0,30,0,8.0,0.0,1.0,1.0,B02
201500001886,0,7,0,0.0,1.0,2.0,1.0,A01
201500001887,0,10,0,0.0,1.0,2.0,1.0,A01
201500001888,0,7,0,0.0,1.0,1.0,1.0,A01
201500001889,0,30,0,0.0,2.0,2.0,15.0,A01
201500001889,0,10,0,0.0,2.0,3.0,1.0,B02
201500001890,0,2,0,0.0,2.0,7.0,15.0,A01
201500001890,0,2,0,0.0,2.0,8.0,15.0,B02
201500001891,0,34,0,0.0,2.0,8.0,13.0,A01
201500001891,0,7,0,0.0,2.0,7.0,0.0,B02
201500001892,0,31,0,16.0,0.0,1.0,1.0,A01
201500001893,0,7,0,0.0,2.0,8.0,15.0,A01
201500001893,0,33,0,0.0,2.0,1.0,1.0,B02
201500001894,0,30,0,0.0,2.0,1.0,1.0,A01
201500001894,0,7,0,0.0,2.0,3.0,15.0,B02
201500001895,0,7,0,0.0,2.0,3.0,15.0,B02
201500001895,0,33,0,0.0,2.0,1.0,17.0,A01
201500001896,0,2,0,0.0,2.0,3.0,2.0,A01
201500001896,0,7,0,0.0,2.0,5.0,2.0,B02
201500001897,0,7,0,0.0,1.0,1.0,1.0,A01
201500001898,0,33,0,0.0,2.0,1.0,1.0,B02
201500001898,0,7,0,0.0,2.0,2.0,17.0,A01
201500001899,0,33,0,0.0,2.0,1.0,0.0,B02
201500001899,0,7,0,0.0,2.0,3.0,16.0,A01
201500001900,0,7,0,0.0,2.0,7.0,15.0,A01
201500001900,0,33,0,0.0,2.0,1.0,1.0,B02
201500001901,0,7,0,0.0,1.0,1.0,1.0,A01
201500001902,0,33,0,16.0,0.0,9.0,1.0,A01
201500001902,0,33,0,16.0,0.0,9.0,1.0,B02
201500001903,0,7,0,2.0,0.0,8.0,1.0,A01
201500001904,0,7,0,0.0,2.0,2.0,1.0,A01
201500001904,0,1,0,0.0,2.0,4.0,1.0,B02
201500001905,0,7,0,0.0,1.0,2.0,1.0,A01
201500001906,0,99,0,0.0,2.0,3.0,15.0,B02
201500001906,0,7,0,0.0,2.0,2.0,1.0,A01
201500001907,0,7,0,0.0,2.0,3.0,1.0,B02
201500001907,0,10,0,0.0,2.0,3.0,1.0,D04
201500001907,0,7,0,0.0,2.0,3.0,1.0,E05
201500001907,0,7,0,0.0,2.0,8.0,1.0,C03
201500001907,0,7,0,0.0,2.0,1.0,6.0,A01
201500001908,0,7,0,13.0,0.0,5.0,1.0,A01
201500001909,0,7,0,0.0,1.0,3.0,0.0,A01
201500001910,0,7,0,13.0,0.0,3.0,1.0,A01
201500001911,0,10,0,0.0,1.0,3.0,17.0,A01
201500001912,0,33,0,0.0,2.0,1.0,2.0,A01
201500001912,0,7,0,0.0,0.0,3.0,15.0,B02
201500001913,0,30,0,0.0,0.0,1.0,5.0,A01
201500001913,0,7,0,0.0,0.0,3.0,1.0,B02
201500001914,0,7,0,0.0,2.0,2.0,2.0,A01
201500001914,0,30,0,0.0,2.0,4.0,11.0,B02
201500001915,0,30,0,0.0,0.0,0.0,1.0,A01
201500001916,0,33,0,0.0,2.0,2.0,17.0,A01
201500001916,0,7,0,0.0,2.0,1.0,1.0,C03
201500001916,0,7,0,0.0,2.0,3.0,0.0,D04
201500001916,0,7,0,0.0,2.0,3.0,1.0,B02
201500001917,0,7,0,0.0,2.0,2.0,17.0,B02
201500001917,0,7,0,0.0,2.0,2.0,5.0,A01
201500001918,0,7,0,0.0,2.0,5.0,1.0,B02
201500001918,0,2,0,0.0,2.0,1.0,2.0,A01
201500001919,0,7,0,2.0,0.0,1.0,13.0,A01
201500001920,0,7,0,0.0,2.0,6.0,10.0,B02
201500001920,0,31,0,0.0,2.0,1.0,1.0,A01
201500001921,0,30,0,0.0,2.0,1.0,1.0,A01
201500001921,0,14,0,0.0,2.0,5.0,15.0,B02
201500001922,0,10,0,8.0,0.0,1.0,0.0,A01
201500001923,0,7,0,0.0,2.0,3.0,1.0,A01
201500001923,0,7,0,0.0,2.0,1.0,9.0,B02
201500001924,0,33,0,0.0,2.0,1.0,1.0,B02
201500001924,0,14,0,0.0,2.0,8.0,1.0,A01
201500001925,0,7,0,0.0,2.0,1.0,1.0,A01
201500001925,0,7,0,0.0,,,3.0,C03
201500001925,0,7,0,0.0,2.0,7.0,13.0,B02
201500001926,0,2,0,0.0,2.0,1.0,1.0,A01
201500001926,0,10,0,0.0,2.0,3.0,9.0,B02
201500001927,0,7,0,13.0,0.0,2.0,14.0,A01
201500001928,0,38,0,0.0,2.0,7.0,13.0,B02
201500001928,0,7,0,6.0,2.0,3.0,5.0,A01
201500001929,0,31,0,0.0,2.0,1.0,1.0,B02
201500001929,0,7,0,0.0,2.0,2.0,15.0,A01
201500001930,0,7,0,6.0,2.0,3.0,1.0,A01
201500001930,0,7,0,0.0,2.0,3.0,10.0,B02
201500001931,0,7,0,0.0,2.0,3.0,1.0,C03
201500001931,0,7,0,0.0,2.0,3.0,13.0,A01
201500001931,0,7,0,0.0,2.0,3.0,1.0,B02
201500001932,0,7,0,0.0,1.0,2.0,1.0,A01
201500001933,0,7,0,0.0,1.0,1.0,1.0,A01
201500001934,0,7,0,0.0,2.0,3.0,1.0,B02
201500001934,0,7,0,0.0,2.0,2.0,13.0,A01
201500001935,0,33,0,0.0,2.0,7.0,1.0,A01
201500001935,0,7,0,0.0,2.0,1.0,23.0,B02
201500001936,0,7,0,0.0,1.0,1.0,1.0,A01
201500001937,0,33,0,0.0,2.0,2.0,21.0,A01
201500001937,0,7,0,0.0,2.0,1.0,15.0,B02
201500001938,0,7,0,0.0,2.0,1.0,2.0,A01
201500001938,0,2,0,0.0,2.0,7.0,1.0,B02
201500001939,0,7,0,0.0,2.0,8.0,13.0,A01
201500001939,0,10,0,0.0,2.0,6.0,1.0,B02
201500001939,0,7,0,0.0,2.0,1.0,17.0,C03
201500001940,0,7,0,6.0,0.0,1.0,16.0,A01
201500001941,0,7,0,10.0,0.0,3.0,1.0,A01
201500001942,0,7,0,0.0,2.0,8.0,13.0,A01
201500001942,0,7,0,0.0,2.0,8.0,1.0,B02
201500001942,0,7,0,0.0,2.0,1.0,1.0,C03
201500001942,0,7,0,0.0,2.0,1.0,1.0,D04
201500001943,0,7,0,0.0,0.0,1.0,1.0,A01
201500001943,0,7,0,0.0,0.0,1.0,1.0,B02
201500001944,0,7,0,0.0,1.0,2.0,1.0,A01
201500001945,0,2,0,0.0,0.0,0.0,0.0,A01
201500001946,0,7,0,0.0,2.0,2.0,13.0,A01
201500001946,0,7,0,0.0,2.0,3.0,1.0,B02
201500001947,0,33,0,0.0,0.0,8.0,1.0,A01
201500001948,0,7,0,0.0,9.0,3.0,13.0,A01
201500001948,0,30,0,0.0,2.0,1.0,1.0,B02
201500001949,0,30,0,0.0,2.0,1.0,13.0,A01
201500001949,0,7,0,13.0,2.0,1.0,1.0,B02
201500001950,0,7,0,0.0,2.0,1.0,1.0,A01
201500001950,0,10,0,0.0,2.0,1.0,1.0,B02
201500001951,0,2,0,0.0,2.0,1.0,15.0,A01
201500001951,0,7,0,0.0,2.0,7.0,1.0,B02
201500001952,0,33,0,0.0,2.0,1.0,1.0,B02
201500001952,0,7,0,0.0,2.0,8.0,19.0,A01
201500001953,0,7,0,0.0,2.0,1.0,17.0,A01
201500001953,0,7,0,0.0,2.0,1.0,1.0,B02
201500001954,0,30,0,2.0,0.0,1.0,14.0,A01
201500001955,0,7,0,0.0,2.0,1.0,15.0,A01
201500001955,0,33,0,7.0,2.0,8.0,1.0,B02
201500001956,0,32,0,0.0,0.0,0.0,1.0,A01
201500001957,0,10,0,0.0,2.0,1.0,5.0,A01
201500001957,0,7,0,0.0,2.0,1.0,1.0,B02
201500001957,0,7,0,0.0,2.0,1.0,1.0,C03
201500001958,0,7,0,0.0,2.0,1.0,1.0,B02
201500001958,0,10,0,0.0,2.0,2.0,15.0,A01
201500001959,0,33,0,7.0,0.0,1.0,16.0,A01
201500001960,0,7,0,0.0,2.0,8.0,1.0,A01
201500001960,0,30,0,0.0,2.0,1.0,1.0,B02
201500001961,0,33,0,0.0,2.0,1.0,17.0,A01
201500001961,0,7,0,0.0,2.0,6.0,15.0,B02
201500001962,0,7,0,13.0,0.0,1.0,1.0,A01
201500001963,0,7,0,0.0,1.0,1.0,1.0,A01
201500001964,0,7,0,13.0,0.0,2.0,13.0,A01
201500001965,0,36,0,0.0,2.0,3.0,1.0,A01
201500001965,0,7,0,0.0,2.0,3.0,1.0,B02
201500001966,0,7,0,15.0,2.0,2.0,19.0,A01
201500001966,0,1,0,15.0,2.0,1.0,1.0,B02
201500001967,0,7,0,0.0,2.0,1.0,15.0,A01
201500001967,0,7,0,0.0,2.0,1.0,1.0,B02
201500001968,0,7,0,14.0,0.0,1.0,1.0,B02
201500001968,0,7,0,14.0,2.0,3.0,19.0,A01
201500001969,0,7,0,0.0,2.0,7.0,13.0,A01
201500001969,0,10,0,0.0,2.0,1.0,1.0,B02
201500001970,0,33,0,13.0,0.0,3.0,14.0,A01