Num_Acc,senc,catv,occutc,obs,obsm,choc,manv,num_veh
201500002262,0,7,0,0.0,2.0,4.0,1.0,C03
201500002263,0,7,0,0.0,2.0,7.0,1.0,B02
201500002263,0,7,0,0.0,2.0,1.0,16.0,A01
201500002264,0,7,0,2.0,0.0,3.0,1.0,A01
201500002265,0,7,0,0.0,2.0,8.0,19.0,A01
201500002265,0,7,0,0.0,2.0,1.0,1.0,B02
201500002266,0,31,0,0.0,2.0,1.0,5.0,A01
201500002266,0,7,0,0.0,2.0,3.0,0.0,B02
201500002267,0,21,0,0.0,2.0,6.0,1.0,B02
201500002267,0,7,0,0.0,2.0,2.0,1.0,A01
201500002268,0,7,0,13.0,0.0,1.0,1.0,A01
201500002269,0,7,0,0.0,1.0,2.0,1.0,A01
201500002270,0,30,0,0.0,2.0,1.0,0.0,A01
201500002270,0,7,0,1.0,0.0,1.0,2.0,B02
201500002271,0,7,0,0.0,1.0,2.0,1.0,A01
201500002272,0,7,0,0.0,0.0,0.0,0.0,A01
201500002273,0,10,0,0.0,2.0,3.0,1.0,B02
201500002273,0,7,0,0.0,2.0,1.0,13.0,A01
201500002274,0,31,0,0.0,2.0,1.0,13.0,A01
201500002274,0,7,0,0.0,9.0,3.0,1.0,B02
201500002275,0,7,0,13.0,0.0,1.0,1.0,A01
201500002276,0,7,0,0.0,1.0,1.0,1.0,A01
201500002277,0,2,0,0.0,2.0,1.0,1.0,B02
201500002277,0,7,0,9.0,2.0,7.0,17.0,A01
201500002278,0,7,0,0.0,2.0,3.0,17.0,A01
201500002278,0,7,0,0.0,2.0,3.0,9.0,B02
201500002279,0,7,0,0.0,2.0,1.0,1.0,B02
201500002279,0,7,0,0.0,2.0,7.0,1.0,A01
201500002280,0,33,0,0.0,2.0,8.0,2.0,D04
201500002280,0,33,0,0.0,2.0,4.0,2.0,A01
201500002280,0,33,0,0.0,2.0,1.0,2.0,B02
201500002280,0,33,0,0.0,2.0,7.0,2.0,C03
201500002281,0,7,0,0.0,1.0,3.0,1.0,A01
201500002282,1,7,0,0.0,1.0,2.0,2.0,A01
201500002283,0,2,0,0.0,2.0,7.0,19.0,B02
201500002283,0,7,0,0.0,2.0,1.0,1.0,A01
201500002284,0,7,0,0.0,2.0,2.0,1.0,C03
201500002284,0,7,0,0.0,2.0,2.0,13.0,A01
201500002284,0,7,0,0.0,2.0,2.0,1.0,B02
201500002285,0,7,0,0.0,2.0,2.0,1.0,A01
201500002285,0,7,0,0.0,2.0,3.0,1.0,B02
201500002286,0,7,0,3.0,2.0,1.0,1.0,B02
201500002286,0,10,0,3.0,2.0,1.0,1.0,D04
201500002286,0,7,0,3.0,0.0,1.0,1.0,A01
201500002286,1,14,0,0.0,0.0,0.0,0.0,E05
201500002286,0,7,0,3.0,0.0,1.0,1.0,C03
201500002287,0,7,0,0.0,0.0,1.0,1.0,A01
201500002288,0,7,0,0.0,2.0,1.0,1.0,B02
201500002288,0,7,0,0.0,2.0,8.0,0.0,A01
201500002289,0,30,0,8.0,0.0,1.0,1.0,A01
201500002290,0,7,0,0.0,2.0,2.0,13.0,A01
201500002290,0,7,0,0.0,2.0,1.0,2.0,C03
201500002290,0,7,0,0.0,2.0,1.0,1.0,B02
201500002291,0,7,0,0.0,2.0,1.0,1.0,A01
201500002291,0,7,0,0.0,0.0,4.0,23.0,C03
201500002291,0,7,0,0.0,0.0,4.0,23.0,B02
201500002292,0,7,0,0.0,2.0,2.0,1.0,A01
201500002292,0,1,0,0.0,2.0,3.0,15.0,B02
201500002293,0,7,0,8.0,0.0,1.0,14.0,A01
201500002294,0,14,0,0.0,2.0,1.0,1.0,B02
201500002294,0,14,0,0.0,2.0,1.0,13.0,A01
201500002295,0,7,0,9.0,0.0,7.0,1.0,A01
201500002296,0,10,0,0.0,2.0,2.0,1.0,B02
201500002296,0,7,0,0.0,2.0,5.0,19.0,A01
201500002297,0,7,0,0.0,2.0,1.0,1.0,A01
201500002297,0,7,0,0.0,2.0,3.0,5.0,C03
201500002297,0,7,0,0.0,2.0,4.0,15.0,B02
201500002298,0,7,0,13.0,0.0,9.0,1.0,A01
201500002298,0,7,0,14.0,0.0,3.0,1.0,B02
201500002299,0,1,0,0.0,0.0,8.0,15.0,B02
201500002299,0,7,0,0.0,0.0,7.0,17.0,A01
201500002300,0,30,0,0.0,2.0,1.0,1.0,B02
201500002300,0,10,0,0.0,2.0,3.0,19.0,A01
201500002301,0,7,0,0.0,2.0,1.0,1.0,B02
201500002301,0,7,0,0.0,2.0,2.0,13.0,A01
201500002302,0,10,0,2.0,0.0,1.0,13.0,A01
201500002303,0,7,0,0.0,2.0,1.0,9.0,A01
201500002303,0,30,0,0.0,2.0,7.0,1.0,B02
201500002304,0,1,0,0.0,2.0,0.0,11.0,B02
201500002304,0,7,0,0.0,2.0,2.0,1.0,A01
201500002305,0,7,0,0.0,2.0,3.0,1.0,A01
201500002305,0,33,0,0.0,2.0,3.0,1.0,B02
201500002306,0,30,0,0.0,0.0,8.0,1.0,A01
201500002307,0,7,0,0.0,1.0,2.0,19.0,A01
201500002308,0,7,0,0.0,1.0,1.0,1.0,A01
201500002309,0,7,0,2.0,0.0,1.0,1.0,A01
201500002310,0,7,0,0.0,2.0,0.0,1.0,B02
201500002310,0,7,0,0.0,0.0,1.0,13.0,A01
201500002310,0,7,0,0.0,2.0,1.0,2.0,C03
201500002311,0,10,0,2.0,0.0,1.0,5.0,A01
201500002312,0,21,0,0.0,2.0,1.0,1.0,C03
201500002312,0,21,0,0.0,2.0,6.0,1.0,B02
201500002312,0,7,0,0.0,2.0,1.0,1.0,A01
201500002313,0,7,0,0.0,2.0,1.0,19.0,A01
201500002313,0,1,0,0.0,2.0,8.0,1.0,B02
201500002314,0,7,0,0.0,2.0,3.0,1.0,B02
201500002314,0,7,0,0.0,2.0,3.0,5.0,A01
201500002315,0,7,0,16.0,0.0,1.0,1.0,A01
201500002316,0,7,0,0.0,0.0,0.0,24.0,D02
201500002316,0,7,0,1.0,0.0,1.0,1.0,A01
201500002317,0,7,0,6.0,0.0,1.0,1.0,A01
201500002318,0,7,0,0.0,2.0,1.0,13.0,A01
201500002318,0,7,0,0.0,2.0,1.0,1.0,B02
201500002319,0,7,0,0.0,1.0,3.0,1.0,A01
201500002320,0,7,0,0.0,2.0,3.0,17.0,A01
201500002320,0,7,0,0.0,2.0,3.0,1.0,B02
201500002321,0,7,0,0.0,2.0,8.0,9.0,A01
201500002321,0,2,0,0.0,2.0,1.0,0.0,B02
201500002322,0,7,0,2.0,0.0,8.0,1.0,A01
201500002323,0,7,0,0.0,2.0,1.0,1.0,A01
201500002323,0,17,0,0.0,2.0,8.0,1.0,B02
201500002324,0,7,0,16.0,0.0,8.0,1.0,A01
201500002325,0,7,0,2.0,0.0,7.0,1.0,A01
201500002326,0,33,0,2.0,0.0,1.0,14.0,A01
201500002327,0,7,0,0.0,2.0,1.0,1.0,A01
201500002327,0,7,0,0.0,0.0,4.0,15.0,B02
201500002328,0,30,0,0.0,2.0,1.0,5.0,A01
201500002328,0,7,0,0.0,2.0,3.0,1.0,B02
201500002329,0,30,0,0.0,2.0,2.0,19.0,B02
201500002329,0,7,0,0.0,2.0,1.0,1.0,A01
201500002330,0,7,0,0.0,2.0,1.0,13.0,A01
201500002330,0,7,0,0.0,2.0,1.0,1.0,B02
201500002331,0,7,0,0.0,2.0,3.0,15.0,B02
201500002331,0,33,0,0.0,2.0,1.0,17.0,A01
201500002332,0,7,0,0.0,9.0,2.0,17.0,A01
201500002332,0,1,0,0.0,2.0,9.0,15.0,B02
201500002333,0,7,0,0.0,0.0,3.0,1.0,B02
201500002333,0,7,0,0.0,2.0,3.0,13.0,A01
201500002334,0,7,0,0.0,2.0,8.0,15.0,B02
201500002334,0,30,0,0.0,2.0,7.0,17.0,A01
201500002335,0,7,0,0.0,2.0,3.0,15.0,B02
201500002335,0,33,0,0.0,2.0,1.0,17.0,A01
201500002336,0,2,0,0.0,2.0,1.0,1.0,B02
201500002336,0,7,0,0.0,2.0,3.0,17.0,A01
201500002337,0,33,0,0.0,2.0,1.0,13.0,A01
201500002337,0,7,0,0.0,2.0,1.0,1.0,B02
201500002338,0,7,0,2.0,0.0,3.0,13.0,A01
201500002339,0,21,0,0.0,0.0,4.0,1.0,B02
201500002339,0,2,0,0.0,2.0,1.0,1.0,A01
201500002340,0,7,0,0.0,2.0,8.0,1.0,B02
201500002340,0,10,0,0.0,2.0,2.0,1.0,A01
201500002341,0,7,0,0.0,2.0,1.0,0.0,B02
201500002341,0,7,0,0.0,2.0,1.0,17.0,A01
201500002342,0,7,0,0.0,2.0,1.0,1.0,A01
201500002342,0,7,0,0.0,0.0,8.0,9.0,B02
201500002343,0,7,0,0.0,2.0,2.0,15.0,A01
201500002343,0,7,0,0.0,2.0,1.0,1.0,B02
201500002344,0,14,0,0.0,2.0,3.0,1.0,B02
201500002344,0,7,0,0.0,2.0,3.0,1.0,A01
201500002345,0,1,0,0.0,2.0,4.0,1.0,B02
201500002345,0,7,0,0.0,2.0,2.0,17.0,A01
201500002346,0,10,0,0.0,1.0,3.0,1.0,A01
201500002347,0,7,0,0.0,2.0,8.0,15.0,A01
201500002347,0,30,0,0.0,2.0,3.0,1.0,B02
201500002348,0,7,0,0.0,2.0,3.0,1.0,B02
201500002348,0,7,0,0.0,2.0,3.0,13.0,A01
201500002349,0,7,0,0.0,2.0,3.0,1.0,B02
201500002349,0,30,0,0.0,2.0,3.0,13.0,A01
201500002350,0,7,0,6.0,0.0,1.0,1.0,A01
201500002351,0,10,0,12.0,0.0,0.0,1.0,A01
201500002352,0,1,0,0.0,2.0,4.0,1.0,A01
201500002353,0,7,0,8.0,0.0,1.0,14.0,A01
201500002354,0,7,0,3.0,0.0,1.0,14.0,A01
201500002355,0,7,0,0.0,2.0,2.0,15.0,A01
201500002355,0,3,0,0.0,2.0,1.0,1.0,B02
201500002356,0,32,0,13.0,0.0,1.0,1.0,A01
201500002357,0,2,0,0.0,2.0,8.0,1.0,B02
201500002357,0,7,0,0.0,2.0,2.0,15.0,A01
201500002358,0,7,0,0.0,1.0,7.0,1.0,A01
201500002359,0,1,0,0.0,2.0,1.0,15.0,B02
201500002359,0,33,0,0.0,2.0,5.0,16.0,A01
201500002360,0,7,0,0.0,1.0,1.0,1.0,A01
201500002361,0,7,0,0.0,2.0,1.0,1.0,B02
201500002361,0,21,0,0.0,2.0,5.0,15.0,A01
201500002362,0,7,0,2.0,0.0,2.0,0.0,A01
201500002363,0,36,0,0.0,0.0,0.0,1.0,A01
201500002363,0,36,0,0.0,0.0,0.0,0.0,B02
201500002363,0,36,0,0.0,0.0,0.0,1.0,C03
201500002364,0,7,0,0.0,2.0,1.0,19.0,A01
201500002364,0,7,0,0.0,0.0,7.0,1.0,B02
201500002365,0,33,0,0.0,2.0,3.0,1.0,A01
201500002365,0,7,0,0.0,2.0,8.0,19.0,B02
201500002366,0,30,0,0.0,1.0,1.0,1.0,A01
201500002367,0,7,0,0.0,2.0,3.0,13.0,A01
201500002367,0,7,0,0.0,2.0,1.0,1.0,B02
201500002368,0,7,0,0.0,0.0,1.0,1.0,B02
201500002368,0,7,0,16.0,0.0,1.0,1.0,A01
201500002369,0,10,0,0.0,2.0,2.0,1.0,A01
201500002369,0,20,0,0.0,2.0,1.0,19.0,B02
201500002370,0,7,0,0.0,1.0,2.0,1.0,A01
201500002371,0,7,0,8.0,0.0,6.0,0.0,A01
201500002372,0,1,0,0.0,2.0,3.0,2.0,B02
201500002372,0,7,0,0.0,2.0,2.0,2.0,A01
201500002373,0,30,0,0.0,2.0,1.0,21.0,B02
201500002373,0,30,0,2.0,0.0,2.0,14.0,A01
201500002374,0,7,0,0.0,2.0,1.0,1.0,B02
201500002374,0,7,0,0.0,2.0,1.0,1.0,A01
201500002374,0,7,0,0.0,9.0,1.0,1.0,C03
201500002375,0,7,0,2.0,0.0,1.0,1.0,A01
201500002376,0,33,0,0.0,2.0,8.0,1.0,B02
201500002376,0,7,0,0.0,2.0,3.0,1.0,A01
201500002377,0,7,0,0.0,2.0,1.0,15.0,A01
201500002377,0,7,0,0.0,2.0,1.0,1.0,B02
201500002378,0,7,0,0.0,0.0,1.0,13.0,A01
201500002378,0,10,0,0.0,2.0,3.0,1.0,C03
201500002378,0,7,0,0.0,2.0,1.0,1.0,B02
201500002379,0,7,0,0.0,9.0,4.0,24.0,B02
201500002379,0,1,0,1.0,0.0,1.0,1.0,A01
201500002380,0,7,0,2.0,0.0,3.0,14.0,A01
201500002381,0,7,0,10.0,0.0,1.0,1.0,A01
201500002382,0,3,0,0.0,2.0,1.0,1.0,B02
201500002382,0,7,0,0.0,2.0,8.0,19.0,A01
201500002383,0,7,0,6.0,0.0,1.0,1.0,A01
201500002384,0,7,0,0.0,2.0,3.0,1.0,B02
201500002384,0,7,0,0.0,2.0,3.0,13.0,A01
201500002385,0,7,0,0.0,2.0,7.0,13.0,A01
201500002385,0,7,0,0.0,2.0,1.0,1.0,B02
201500002386,0,7,0,0.0,2.0,1.0,1.0,B02
201500002386,0,3,0,0.0,2.0,7.0,19.0,A01
201500002387,0,7,0,0.0,2.0,1.0,19.0,A01
201500002387,0,7,0,0.0,2.0,2.0,1.0,B02
201500002388,0,7,0,0.0,2.0,3.0,1.0,B02
201500002388,0,2,0,0.0,2.0,1.0,13.0,A01
201500002389,0,2,0,0.0,2.0,1.0,1.0,A01
201500002389,0,7,0,0.0,2.0,4.0,1.0,B02
201500002390,0,7,0,0.0,2.0,1.0,1.0,C03
201500002390,0,7,0,0.0,2.0,3.0,1.0,B02
201500002390,0,7,0,0.0,2.0,1.0,13.0,A01
201500002391,0,7,0,0.0,1.0,3.0,1.0,A01
201500002392,0,7,0,0.0,1.0,2.0,2.0,A01
201500002393,0,7,0,13.0,0.0,1.0,1.0,A01
201500002394,0,7,0,0.0,0.0,1.0,0.0,B02
201500002394,0,7,0,0.0,0.0,8.0,19.0,A01
201500002395,0,7,0,13.0,0.0,1.0,13.0,A01
201500002396,0,33,0,0.0,2.0,1.0,1.0,B02
201500002396,0,14,0,0.0,2.0,7.0,15.0,A01
201500002397,0,14,0,0.0,2.0,3.0,1.0,C03
201500002397,0,7,0,0.0,2.0,2.0,14.0,A01
201500002397,0,7,0,0.0,9.0,1.0,1.0,D04
201500002397,0,20,0,0.0,2.0,6.0,1.0,B02
201500002398,0,33,0,0.0,6.0,1.0,1.0,A01
201500002398,0,33,0,0.0,0.0,6.0,21.0,B02
201500002399,0,1,0,0.0,0.0,4.0,0.0,B02
201500002399,0,10,0,0.0,2.0,1.0,1.0,A01
201500002400,0,10,0,1.0,0.0,1.0,1.0,A01
201500002400,0,7,0,0.0,2.0,1.0,1.0,C03
201500002400,0,7,0,0.0,2.0,4.0,23.0,B02
201500002400,0,7,0,0.0,2.0,6.0,23.0,D04
201500002401,0,7,0,0.0,2.0,8.0,15.0,A01
201500002401,0,7,0,0.0,2.0,1.0,1.0,B02
201500002402,0,7,0,0.0,0.0,0.0,1.0,A01
201500002403,0,10,0,0.0,0.0,3.0,15.0,A01
201500002403,0,33,0,0.0,2.0,1.0,2.0,B02
201500002404,0,7,0,0.0,2.0,0.0,9.0,B01
201500002404,0,32,0,0.0,2.0,1.0,1.0,A01
201500002405,0,33,0,13.0,0.0,1.0,1.0,A01
201500002406,0,7,0,0.0,2.0,8.0,1.0,A01
201500002406,0,32,0,0.0,2.0,1.0,9.0,B02
201500002407,0,7,0,0.0,0.0,1.0,16.0,A01
201500002407,0,33,0,0.0,0.0,8.0,23.0,B02
201500002408,0,33,0,0.0,0.0,0.0,16.0,A01
201500002409,0,10,0,0.0,0.0,1.0,9.0,A01
201500002409,0,33,0,0.0,0.0,5.0,16.0,B02
201500002410,0,7,0,0.0,2.0,2.0,15.0,A01
201500002410,0,31,0,0.0,2.0,1.0,1.0,B02
201500002411,0,31,0,0.0,0.0,0.0,0.0,A01
201500002412,0,2,0,0.0,2.0,1.0,1.0,B02
201500002412,0,7,0,0.0,2.0,3.0,15.0,A01
201500002413,0,7,0,0.0,2.0,3.0,1.0,A01
201500002413,0,7,0,0.0,2.0,2.0,13.0,B02
201500002414,0,7,0,2.0,0.0,3.0,1.0,A01
201500002415,0,7,0,0.0,2.0,3.0,13.0,A01
201500002415,0,7,0,0.0,2.0,3.0,1.0,B02
201500002416,0,7,0,0.0,1.0,3.0,1.0,A01
201500002417,0,7,0,0.0,0.0,4.0,0.0,B02
201500002417,0,7,0,0.0,0.0,1.0,0.0,A01
201500002418,0,33,0,0.0,2.0,2.0,1.0,A01
201500002418,0,7,0,0.0,2.0,1.0,0.0,B01
201500002419,0,7,0,0.0,2.0,5.0,1.0,A01
201500002419,0,30,0,0.0,2.0,1.0,1.0,B02
201500002420,0,33,0,0.0,2.0,1.0,1.0,B02
201500002420,0,10,0,0.0,0.0,2.0,9.0,A01
201500002421,0,7,0,0.0,0.0,8.0,9.0,A01
201500002421,0,30,0,0.0,2.0,1.0,1.0,B02
201500002422,0,7,0,0.0,2.0,4.0,2.0,B02
201500002422,0,7,0,0.0,2.0,4.0,2.0,C03
201500002422,0,7,0,0.0,2.0,1.0,2.0,A01
201500002423,0,7,0,0.0,2.0,4.0,15.0,B02
201500002423,0,30,0,0.0,2.0,1.0,17.0,A01
201500002424,0,33,0,0.0,2.0,0.0,2.0,A01
201500002424,0,7,0,0.0,0.0,5.0,2.0,B02
201500002425,0,33,0,0.0,2.0,8.0,1.0,B02
201500002425,0,7,0,0.0,2.0,6.0,15.0,A01
201500002426,0,33,0,0.0,2.0,7.0,17.0,B02
201500002426,0,7,0,0.0,2.0,8.0,17.0,A01
201500002427,0,33,0,13.0,0.0,1.0,13.0,A01
201500002428,0,7,0,0.0,2.0,7.0,1.0,B02
201500002428,0,7,0,0.0,2.0,1.0,1.0,A01
201500002429,0,7,0,0.0,2.0,8.0,1.0,A01
201500002429,0,7,0,0.0,2.0,2.0,0.0,B02
201500002430,0,31,0,14.0,0.0,0.0,1.0,A01
201500002431,0,31,0,0.0,2.0,7.0,0.0,A01
201500002431,0,10,0,0.0,2.0,1.0,0.0,B02
201500002432,0,30,0,0.0,2.0,1.0,1.0,B02
201500002432,0,7,0,0.0,2.0,2.0,19.0,A01
201500002433,0,7,0,0.0,1.0,2.0,1.0,A01
201500002434,0,7,0,0.0,2.0,3.0,1.0,B01
201500002434,0,7,0,0.0,2.0,2.0,19.0,A01
201500002435,0,7,0,8.0,0.0,8.0,1.0,A01
201500002436,0,2,0,0.0,2.0,1.0,1.0,A01
201500002436,0,7,0,0.0,0.0,7.0,19.0,B02
201500002437,0,30,0,6.0,0.0,1.0,0.0,A01
201500002438,0,30,0,0.0,6.0,0.0,19.0,A01
201500002439,0,7,0,0.0,2.0,2.0,19.0,A01
201500002439,0,2,0,0.0,2.0,1.0,1.0,B02
201500002440,0,33,0,0.0,2.0,1.0,17.0,A01
201500002440,0,7,0,0.0,2.0,3.0,1.0,B02
201500002441,0,33,0,2.0,0.0,1.0,0.0,A01
201500002442,0,10,0,0.0,2.0,2.0,17.0,A01
201500002442,0,2,0,0.0,2.0,3.0,15.0,B02
201500002443,0,30,0,0.0,2.0,1.0,17.0,A01
201500002443,0,7,0,0.0,2.0,3.0,1.0,B02
201500002444,0,7,0,0.0,0.0,3.0,23.0,B02
201500002444,0,10,0,0.0,0.0,2.0,1.0,A01
201500002445,0,32,0,3.0,0.0,0.0,1.0,A01
201500002446,0,7,0,0.0,0.0,3.0,17.0,A01
201500002446,0,31,0,0.0,2.0,8.0,0.0,B02
201500002447,0,7,0,0.0,2.0,3.0,2.0,B02
201500002447,0,15,0,0.0,0.0,5.0,1.0,A01
201500002448,0,7,0,0.0,2.0,1.0,1.0,B02
201500002448,0,7,0,0.0,2.0,3.0,15.0,A01
201500002449,0,13,0,0.0,2.0,3.0,1.0,A01
201500002449,0,7,0,0.0,2.0,3.0,1.0,B02
201500002450,0,7,0,2.0,0.0,1.0,1.0,A01
201500002451,0,7,0,0.0,0.0,8.0,1.0,A01
201500002452,0,30,0,16.0,0.0,0.0,1.0,A01
201500002453,0,33,0,6.0,0.0,1.0,1.0,A01
201500002454,0,7,0,0.0,1.0,3.0,1.0,A01
201500002455,0,31,0,0.0,6.0,8.0,19.0,A01
201500002456,0,7,0,3.0,0.0,1.0,0.0,A01
201500002457,0,7,0,0.0,2.0,1.0,0.0,B02
201500002457,2,7,0,0.0,2.0,1.0,1.0,A01
201500002458,0,7,0,0.0,0.0,2.0,15.0,A01
201500002458,0,33,0,0.0,0.0,1.0,1.0,B02
201500002459,0,10,0,3.0,2.0,6.0,1.0,A01
201500002459,0,7,0,0.0,2.0,1.0,2.0,B02
201500002460,0,7,0,0.0,0.0,5.0,12.0,A01
201500002460,0,33,0,0.0,2.0,1.0,1.0,B02
201500002461,0,33,0,2.0,0.0,1.0,0.0,A01
201500002462,0,2,0,0.0,2.0,1.0,1.0,A01
201500002462,0,7,0,0.0,2.0,7.0,19.0,B02
201500002463,0,30,0,0.0,1.0,1.0,1.0,A01
201500002464,0,7,0,0.0,2.0,1.0,1.0,B02
201500002464,0,14,0,0.0,2.0,3.0,1.0,A01
201500002465,0,7,0,0.0,1.0,2.0,2.0,A01
201500002466,0,7,0,0.0,2.0,3.0,13.0,A01
201500002466,0,7,0,0.0,2.0,8.0,1.0,B02
201500002467,0,7,0,0.0,9.0,2.0,1.0,A01
201500002467,0,1,0,0.0,2.0,4.0,1.0,C03
201500002467,0,1,0,0.0,2.0,4.0,1.0,B02
201500002468,0,7,0,0.0,2.0,8.0,10.0,A01
201500002468,0,33,0,0.0,2.0,1.0,1.0,B02
201500002469,0,7,0,2.0,0.0,1.0,13.0,A01
201500002470,0,7,0,0.0,2.0,1.0,1.0,B02
201500002470,0,7,0,0.0,2.0,1.0,1.0,A01
201500002471,0,32,0,0.0,2.0,1.0,1.0,A01
201500002471,0,7,0,0.0,2.0,6.0,4.0,B02
201500002472,0,33,0,0.0,2.0,1.0,21.0,A01
201500002472,0,7,0,0.0,2.0,6.0,15.0,B02
201500002473,0,30,0,0.0,2.0,1.0,1.0,A01
201500002473,0,10,0,0.0,2.0,3.0,1.0,B02
201500002474,0,30,0,0.0,2.0,4.0,1.0,A01
201500002474,0,7,0,0.0,2.0,1.0,1.0,B02
201500002475,0,7,0,0.0,2.0,1.0,1.0,C03
201500002475,0,7,0,0.0,2.0,4.0,23.0,B02
201500002475,0,33,0,0.0,2.0,1.0,1.0,A01
201500002476,0,7,0,0.0,2.0,3.0,1.0,B02
201500002476,0,7,0,0.0,2.0,3.0,1.0,A01
201500002477,0,1,0,0.0,2.0,2.0,13.0,A01
201500002477,0,7,0,0.0,2.0,1.0,1.0,B02
201500002478,0,7,0,0.0,0.0,1.0,13.0,A01
201500002478,0,7,0,0.0,2.0,1.0,1.0,B02
201500002479,0,33,0,0.0,2.0,1.0,1.0,A01
201500002479,0,7,0,0.0,2.0,6.0,19.0,B02
201500002480,0,7,0,0.0,1.0,1.0,1.0,A01
201500002481,0,33,0,0.0,2.0,1.0,1.0,B02
201500002481,0,10,0,0.0,2.0,2.0,19.0,A01
201500002482,0,7,0,0.0,1.0,1.0,1.0,A01
201500002483,0,7,0,0.0,0.0,3.0,16.0,A01
201500002483,0,33,0,0.0,0.0,1.0,1.0,B02
201500002484,0,10,0,13.0,0.0,3.0,1.0,A01
201500002485,0,7,0,0.0,2.0,2.0,19.0,A01
201500002485,0,1,0,0.0,2.0,1.0,15.0,B02
201500002486,0,7,0,0.0,2.0,3.0,1.0,B02
201500002486,0,7,0,0.0,2.0,2.0,1.0,A01
201500002487,0,7,0,0.0,2.0,1.0,13.0,A01
201500002487,0,1,0,0.0,2.0,1.0,17.0,B02
201500002488,0,7,0,13.0,0.0,3.0,1.0,A01
201500002489,0,7,0,3.0,0.0,8.0,13.0,A01
201500002490,0,7,0,0.0,2.0,1.0,17.0,A01
201500002490,0,7,0,0.0,2.0,1.0,1.0,B02
201500002491,0,7,0,0.0,2.0,1.0,1.0,A01
201500002491,0,7,0,0.0,2.0,2.0,1.0,C03
201500002491,0,7,0,0.0,2.0,3.0,1.0,B02
201500002491,0,7,0,0.0,2.0,4.0,1.0,D04
201500002492,0,30,0,0.0,2.0,1.0,19.0,A01
201500002492,0,7,0,0.0,2.0,8.0,21.0,B02
201500002493,0,33,0,0.0,2.0,8.0,13.0,A01
201500002493,0,7,0,0.0,2.0,8.0,2.0,B02
201500002494,0,7,0,13.0,0.0,3.0,13.0,A01
201500002495,0,14,0,0.0,0.0,8.0,20.0,A01
201500002495,0,10,0,0.0,0.0,1.0,1.0,B02
201500002496,0,7,0,0.0,2.0,7.0,19.0,A01
201500002496,0,33,0,0.0,2.0,1.0,1.0,B02
201500002497,0,33,0,0.0,2.0,1.0,1.0,B02
201500002497,0,7,0,0.0,2.0,5.0,15.0,A01
201500002498,0,7,0,0.0,2.0,1.0,0.0,C03
201500002498,0,7,0,0.0,2.0,4.0,1.0,B02
201500002498,0,7,0,0.0,2.0,2.0,1.0,A01
201500002499,0,7,0,0.0,2.0,3.0,15.0,A01
201500002499,0,31,0,0.0,2.0,1.0,1.0,B02
201500002500,0,33,0,0.0,2.0,1.0,1.0,B02
201500002500,0,7,0,0.0,2.0,3.0,9.0,A02
201500002501,0,7,0,0.0,0.0,6.0,1.0,B02
201500002501,0,30,0,0.0,2.0,1.0,6.0,A01
201500002502,0,7,0,0.0,0.0,3.0,19.0,A01
201500002503,0,33,0,0.0,2.0,1.0,21.0,A01
201500002503,0,7,0,0.0,2.0,8.0,9.0,B02
201500002504,0,7,0,13.0,0.0,7.0,0.0,A01
201500002505,0,7,0,0.0,1.0,1.0,0.0,A01
201500002506,0,7,0,3.0,0.0,8.0,21.0,A01
201500002507,0,31,0,13.0,0.0,0.0,1.0,A01
201500002508,0,7,0,0.0,2.0,2.0,1.0,A01
201500002508,0,14,0,0.0,2.0,2.0,1.0,B02
201500002509,0,7,0,0.0,2.0,3.0,1.0,B02
201500002509,0,1,0,0.0,2.0,4.0,13.0,A01
201500002510,0,7,0,13.0,0.0,1.0,1.0,A01
201500002511,0,14,0,0.0,2.0,3.0,1.0,A01
201500002511,0,7,0,0.0,2.0,3.0,13.0,B02
201500002512,0,7,0,0.0,1.0,6.0,4.0,A01
201500002513,0,33,0,16.0,0.0,1.0,1.0,A01
201500002514,0,33,0,0.0,2.0,1.0,13.0,A01
201500002514,0,7,0,0.0,2.0,3.0,1.0,B02
201500002515,0,10,0,0.0,2.0,1.0,0.0,B02
201500002515,0,15,0,0.0,2.0,1.0,1.0,A01
201500002516,0,7,0,8.0,0.0,1.0,1.0,A01
201500002517,0,7,0,2.0,0.0,2.0,1.0,A01
201500002518,0,7,0,0.0,2.0,8.0,19.0,B02
201500002518,0,14,0,0.0,2.0,1.0,1.0,A01
201500002519,0,7,0,2.0,0.0,1.0,17.0,A01
201500002520,0,7,0,6.0,0.0,1.0,1.0,A01
201500002521,0,33,0,0.0,0.0,3.0,14.0,A01
201500002522,0,7,0,0.0,2.0,2.0,9.0,A01
201500002522,0,33,0,0.0,2.0,1.0,17.0,B02
201500002523,0,2,0,12.0,0.0,7.0,1.0,A01
201500002524,0,7,0,0.0,2.0,3.0,1.0,B02
201500002524,0,2,0,0.0,2.0,1.0,1.0,A01
201500002525,0,7,0,0.0,2.0,3.0,1.0,B02
201500002525,0,7,0,0.0,2.0,3.0,1.0,A01
201500002525,0,30,0,0.0,0.0,0.0,1.0,D04
201500002525,0,14,0,0.0,2.0,8.0,1.0,C03
201500002526,0,7,0,0.0,2.0,2.0,1.0,B02
201500002526,0,1,0,0.0,2.0,5.0,6.0,A01
201500002527,0,33,0,0.0,2.0,1.0,17.0,B02