Num_Acc,senc,catv,occutc,obs,obsm,choc,manv,num_veh
201500002527,0,10,0,0.0,0.0,6.0,15.0,A01
201500002528,0,10,0,2.0,0.0,1.0,1.0,A01
201500002529,0,7,0,0.0,2.0,1.0,13.0,A01
201500002529,0,10,0,0.0,2.0,1.0,1.0,B02
201500002530,0,7,0,0.0,2.0,1.0,13.0,A01
201500002530,0,10,0,0.0,2.0,1.0,1.0,B02
201500002531,0,7,0,0.0,2.0,3.0,1.0,B02
201500002531,0,7,0,0.0,2.0,2.0,15.0,A01
201500002532,0,7,0,0.0,0.0,7.0,20.0,A01
201500002532,0,99,0,0.0,2.0,1.0,1.0,B02
201500002533,0,10,0,0.0,2.0,7.0,21.0,B02
201500002533,0,1,0,0.0,2.0,2.0,14.0,A01
201500002534,0,7,0,0.0,2.0,1.0,1.0,B01
201500002534,0,7,0,0.0,2.0,2.0,15.0,A01
201500002535,0,7,0,0.0,2.0,2.0,15.0,A01
201500002535,0,33,0,0.0,2.0,1.0,1.0,B02
201500002536,0,7,0,0.0,0.0,3.0,13.0,B02
201500002536,0,7,0,0.0,0.0,3.0,1.0,A01
201500002537,0,30,0,0.0,2.0,3.0,13.0,A01
201500002537,0,7,0,0.0,2.0,8.0,1.0,B02
201500002538,0,30,0,0.0,2.0,8.0,16.0,A01
201500002538,0,37,1,0.0,2.0,8.0,23.0,B02
201500002539,0,31,0,0.0,2.0,1.0,21.0,A01
201500002539,0,10,0,0.0,2.0,8.0,19.0,B02
201500002540,0,7,0,0.0,2.0,2.0,1.0,C01
201500002540,0,10,0,0.0,2.0,3.0,1.0,B01
201500002540,0,7,0,0.0,2.0,3.0,13.0,A01
201500002541,0,7,0,8.0,0.0,3.0,13.0,A01
201500002542,0,7,0,0.0,2.0,3.0,1.0,A01
201500002542,0,7,0,0.0,2.0,3.0,1.0,B02
201500002543,0,7,0,0.0,2.0,4.0,0.0,B02
201500002543,0,7,0,0.0,2.0,1.0,0.0,A01
201500002544,0,7,0,0.0,2.0,7.0,1.0,A01
201500002544,0,7,0,0.0,2.0,1.0,15.0,B01
201500002545,0,7,0,0.0,2.0,3.0,1.0,B02
201500002545,0,7,0,0.0,2.0,3.0,1.0,A01
201500002546,0,7,0,0.0,2.0,3.0,1.0,B02
201500002546,0,30,0,0.0,0.0,1.0,13.0,A01
201500002547,0,7,0,0.0,2.0,1.0,1.0,C03
201500002547,0,7,0,0.0,2.0,1.0,13.0,A01
201500002547,0,7,0,0.0,2.0,1.0,1.0,B02
201500002548,0,7,0,2.0,0.0,1.0,0.0,A01
201500002549,0,10,0,0.0,2.0,3.0,15.0,B02
201500002549,0,10,0,0.0,2.0,3.0,1.0,A01
201500002550,0,7,0,0.0,2.0,3.0,1.0,A01
201500002550,0,30,0,0.0,2.0,1.0,15.0,B02
201500002551,0,1,0,0.0,2.0,9.0,1.0,B02
201500002551,0,7,0,0.0,2.0,2.0,11.0,A01
201500002552,0,7,0,7.0,0.0,9.0,2.0,A01
201500002553,0,7,0,0.0,2.0,3.0,21.0,A01
201500002553,0,7,0,0.0,2.0,3.0,1.0,B02
201500002554,0,7,0,0.0,2.0,3.0,1.0,B02
201500002554,0,7,0,0.0,2.0,3.0,17.0,A01
201500002554,0,7,0,0.0,2.0,5.0,1.0,C03
201500002555,0,31,0,0.0,2.0,1.0,1.0,A01
201500002555,0,1,0,0.0,2.0,8.0,13.0,B02
201500002556,0,7,0,0.0,2.0,1.0,1.0,A01
201500002556,0,7,0,0.0,2.0,8.0,19.0,B02
201500002557,0,10,0,0.0,1.0,2.0,1.0,A01
201500002558,0,30,0,0.0,2.0,8.0,1.0,B02
201500002558,0,7,0,0.0,2.0,7.0,20.0,A01
201500002559,0,7,0,13.0,0.0,9.0,1.0,A01
201500002560,0,33,0,0.0,2.0,1.0,1.0,A01
201500002560,0,33,0,0.0,2.0,1.0,9.0,B02
201500002561,0,31,0,0.0,2.0,1.0,1.0,B02
201500002561,0,7,0,0.0,2.0,3.0,15.0,A01
201500002562,0,7,0,0.0,2.0,8.0,15.0,A01
201500002562,0,31,0,0.0,2.0,1.0,17.0,B02
201500002563,0,7,0,0.0,2.0,3.0,15.0,A01
201500002563,0,30,0,0.0,2.0,1.0,1.0,B02
201500002564,0,30,0,0.0,0.0,7.0,1.0,A01
201500002565,0,7,0,0.0,2.0,1.0,1.0,A01
201500002565,0,10,0,0.0,2.0,4.0,1.0,B02
201500002566,0,7,0,0.0,1.0,1.0,1.0,A01
201500002567,0,7,0,0.0,2.0,1.0,1.0,B02
201500002567,0,7,0,0.0,2.0,2.0,1.0,A01
201500002568,0,10,0,0.0,2.0,3.0,13.0,A01
201500002568,0,7,0,0.0,2.0,3.0,1.0,B02
201500002569,0,33,0,6.0,0.0,1.0,1.0,A01
201500002570,0,7,0,0.0,1.0,3.0,1.0,A01
201500002571,0,33,0,13.0,0.0,1.0,1.0,A01
201500002572,0,7,0,0.0,2.0,1.0,1.0,B02
201500002572,0,7,0,0.0,2.0,1.0,1.0,A01
201500002573,0,7,0,0.0,2.0,4.0,15.0,A01
201500002573,0,33,0,0.0,2.0,1.0,1.0,B02
201500002574,0,7,0,0.0,2.0,2.0,19.0,B02
201500002574,0,33,0,0.0,2.0,8.0,1.0,A01
201500002575,0,7,0,0.0,2.0,2.0,13.0,A01
201500002575,0,7,0,0.0,2.0,1.0,1.0,B02
201500002576,0,1,0,0.0,0.0,0.0,1.0,A01
201500002577,0,10,0,0.0,2.0,1.0,1.0,B02
201500002577,0,7,0,0.0,2.0,7.0,19.0,A01
201500002578,0,7,0,0.0,2.0,2.0,2.0,A01
201500002578,0,1,0,0.0,0.0,4.0,2.0,B02
201500002579,0,7,0,0.0,2.0,1.0,1.0,A01
201500002579,0,7,0,0.0,2.0,1.0,1.0,B02
201500002579,0,7,0,0.0,2.0,1.0,1.0,C03
201500002580,0,7,0,0.0,2.0,1.0,1.0,B02
201500002580,0,7,0,0.0,2.0,2.0,1.0,A01
201500002580,0,7,0,0.0,2.0,1.0,19.0,C03
201500002581,0,30,0,0.0,2.0,1.0,13.0,B02
201500002581,0,7,0,0.0,2.0,2.0,21.0,A01
201500002582,0,14,0,0.0,2.0,1.0,1.0,B02
201500002582,0,14,0,0.0,2.0,4.0,1.0,A01
201500002583,0,33,0,0.0,2.0,1.0,1.0,B02
201500002583,0,1,0,0.0,2.0,2.0,19.0,A01
201500002584,0,7,0,13.0,0.0,1.0,13.0,A01
201500002585,0,7,0,15.0,0.0,8.0,1.0,A01
201500002586,0,7,0,1.0,0.0,1.0,1.0,B02
201500002586,0,7,0,13.0,6.0,2.0,1.0,A01
201500002587,0,7,0,13.0,0.0,2.0,14.0,A01
201500002588,0,7,0,0.0,1.0,6.0,4.0,A01
201500002589,0,33,0,0.0,2.0,1.0,17.0,A01
201500002589,0,7,0,0.0,2.0,8.0,15.0,B02
201500002590,0,7,0,13.0,0.0,9.0,1.0,A01
201500002591,0,31,0,0.0,2.0,8.0,1.0,B02
201500002591,0,7,0,0.0,2.0,8.0,13.0,A01
201500002592,0,33,0,9.0,0.0,1.0,1.0,A01
201500002593,0,7,0,0.0,2.0,1.0,17.0,B02
201500002593,0,7,0,0.0,2.0,1.0,1.0,A01
201500002594,0,7,0,0.0,2.0,3.0,1.0,A01
201500002594,0,30,0,0.0,2.0,1.0,5.0,B02
201500002595,0,7,0,0.0,1.0,2.0,1.0,A01
201500002596,0,7,0,0.0,0.0,0.0,1.0,B02
201500002596,0,7,0,0.0,0.0,2.0,1.0,A01
201500002597,1,10,0,0.0,1.0,3.0,0.0,A01
201500002598,0,33,0,0.0,0.0,0.0,1.0,A01
201500002598,0,7,0,0.0,2.0,1.0,1.0,B02
201500002599,0,7,0,0.0,2.0,6.0,15.0,A01
201500002599,0,33,0,0.0,2.0,1.0,17.0,B02
201500002600,0,3,0,13.0,0.0,1.0,0.0,A01
201500002601,0,7,0,0.0,0.0,6.0,24.0,B02
201500002601,0,10,0,0.0,0.0,2.0,1.0,A01
201500002602,0,7,0,0.0,1.0,1.0,1.0,A01
201500002603,0,1,0,0.0,2.0,3.0,6.0,A01
201500002603,0,7,0,0.0,2.0,3.0,1.0,B02
201500002604,0,7,0,13.0,0.0,3.0,1.0,A01
201500002605,0,7,0,13.0,0.0,9.0,1.0,A01
201500002606,0,33,0,13.0,0.0,7.0,1.0,A01
201500002607,0,7,0,16.0,0.0,9.0,19.0,A01
201500002608,0,7,0,0.0,2.0,1.0,1.0,A01
201500002608,0,7,0,0.0,2.0,1.0,1.0,B02
201500002609,0,7,0,13.0,0.0,1.0,0.0,A01
201500002610,0,7,0,0.0,2.0,1.0,5.0,B02
201500002610,0,7,0,0.0,2.0,1.0,1.0,A01
201500002611,0,7,0,0.0,2.0,1.0,5.0,B02
201500002611,0,7,0,0.0,2.0,1.0,1.0,A01
201500002612,0,14,0,0.0,2.0,3.0,13.0,A01
201500002612,0,10,0,0.0,2.0,8.0,1.0,B02
201500002612,0,7,0,0.0,2.0,3.0,1.0,C03
201500002613,0,7,0,0.0,2.0,2.0,13.0,A01
201500002613,0,10,0,0.0,2.0,2.0,21.0,B02
201500002614,0,7,0,0.0,2.0,0.0,21.0,B02
201500002614,0,7,0,0.0,2.0,1.0,13.0,A01
201500002615,0,7,0,13.0,0.0,1.0,13.0,A01
201500002616,0,2,0,0.0,2.0,1.0,13.0,A01
201500002616,0,7,0,0.0,2.0,3.0,1.0,B02
201500002617,0,7,0,2.0,0.0,3.0,14.0,A01
201500002618,0,7,0,0.0,0.0,5.0,15.0,A01
201500002618,0,33,0,0.0,2.0,1.0,1.0,B02
201500002619,0,10,0,0.0,2.0,5.0,10.0,A01
201500002619,0,7,0,0.0,2.0,2.0,1.0,B02
201500002620,0,7,0,0.0,2.0,3.0,9.0,A01
201500002620,0,30,0,0.0,2.0,1.0,1.0,B02
201500002621,0,33,0,0.0,2.0,3.0,1.0,A01
201500002621,0,7,0,0.0,2.0,8.0,1.0,B02
201500002621,0,7,0,0.0,2.0,1.0,1.0,C03
201500002622,0,7,0,13.0,0.0,1.0,14.0,A01
201500002623,0,7,0,8.0,0.0,1.0,19.0,A01
201500002624,0,33,0,0.0,6.0,1.0,1.0,A01
201500002625,0,7,0,2.0,0.0,1.0,14.0,A01
201500002626,0,7,0,1.0,0.0,1.0,1.0,A01
201500002627,0,33,0,8.0,0.0,1.0,0.0,A01
201500002628,0,33,0,0.0,2.0,1.0,13.0,A01
201500002628,0,7,0,0.0,2.0,3.0,1.0,B02
201500002629,0,7,0,2.0,0.0,3.0,14.0,A01
201500002630,0,7,0,0.0,2.0,1.0,1.0,A01
201500002630,0,7,0,0.0,2.0,8.0,9.0,B02
201500002631,0,7,0,0.0,2.0,1.0,1.0,C03
201500002631,0,7,0,0.0,2.0,1.0,6.0,A01
201500002631,0,7,0,0.0,2.0,6.0,1.0,B02
201500002632,0,7,0,6.0,0.0,1.0,17.0,A01
201500002633,0,33,0,0.0,2.0,1.0,1.0,B02
201500002633,0,7,0,0.0,2.0,5.0,15.0,A01
201500002634,0,31,0,0.0,1.0,1.0,1.0,A01
201500002635,0,1,0,0.0,0.0,8.0,1.0,B02
201500002635,0,7,0,0.0,0.0,7.0,17.0,A01
201500002636,0,7,0,0.0,2.0,0.0,15.0,A01
201500002636,0,1,0,0.0,0.0,1.0,1.0,B02
201500002637,0,7,0,0.0,2.0,3.0,13.0,A01
201500002637,0,7,0,0.0,2.0,3.0,1.0,B02
201500002638,0,7,0,0.0,2.0,3.0,1.0,A01
201500002638,0,7,0,0.0,2.0,3.0,1.0,B02
201500002639,0,31,0,0.0,9.0,7.0,23.0,D04
201500002639,0,33,0,0.0,2.0,1.0,1.0,B02
201500002639,0,7,0,0.0,2.0,3.0,13.0,A01
201500002639,0,33,0,0.0,9.0,3.0,1.0,C03
201500002639,0,7,0,0.0,2.0,1.0,1.0,E05
201500002640,0,33,0,0.0,0.0,0.0,1.0,A01
201500002641,0,7,0,2.0,0.0,1.0,0.0,A01
201500002642,0,2,0,0.0,0.0,0.0,17.0,A01
201500002643,0,10,0,0.0,2.0,1.0,16.0,A01
201500002643,0,1,0,0.0,2.0,4.0,1.0,B02
201500002644,0,15,0,0.0,2.0,1.0,1.0,A01
201500002644,0,7,0,0.0,2.0,1.0,13.0,B02
201500002645,0,7,0,0.0,2.0,1.0,1.0,B02
201500002645,0,7,0,0.0,2.0,7.0,1.0,A01
201500002646,0,7,0,6.0,0.0,2.0,14.0,A01
201500002647,0,7,0,0.0,2.0,3.0,1.0,A01
201500002647,0,7,0,0.0,2.0,3.0,11.0,B02
201500002648,0,7,0,0.0,2.0,2.0,15.0,A01
201500002648,0,7,0,0.0,2.0,2.0,1.0,B02
201500002649,0,7,0,0.0,2.0,2.0,1.0,A01
201500002649,0,1,0,0.0,0.0,4.0,1.0,B02
201500002650,0,7,0,12.0,0.0,3.0,17.0,B02
201500002650,0,21,0,12.0,0.0,5.0,15.0,A01
201500002651,0,7,0,0.0,0.0,1.0,15.0,A01
201500002651,0,33,0,0.0,2.0,1.0,1.0,B02
201500002652,0,7,0,0.0,2.0,1.0,9.0,A01
201500002652,0,30,0,0.0,2.0,8.0,1.0,B02
201500002653,0,7,0,2.0,0.0,1.0,1.0,A01
201500002654,0,7,0,6.0,0.0,3.0,14.0,A01
201500002655,0,7,0,8.0,0.0,1.0,13.0,A01
201500002656,0,7,0,0.0,2.0,3.0,13.0,A01
201500002656,0,7,0,0.0,2.0,3.0,1.0,B02
201500002657,0,33,0,2.0,0.0,0.0,1.0,A01
201500002658,0,7,0,8.0,0.0,8.0,1.0,A01
201500002659,0,7,0,0.0,2.0,2.0,13.0,B02
201500002659,0,7,0,0.0,2.0,2.0,13.0,A01
201500002660,0,7,0,6.0,0.0,1.0,1.0,A01
201500002661,0,33,0,0.0,0.0,0.0,1.0,A01
201500002662,0,7,0,0.0,2.0,5.0,19.0,B02
201500002662,0,7,0,0.0,2.0,1.0,1.0,A01
201500002663,0,33,0,16.0,0.0,1.0,1.0,A01
201500002664,0,30,0,0.0,2.0,1.0,5.0,A01
201500002664,0,7,0,0.0,2.0,1.0,1.0,B02
201500002665,0,7,0,10.0,0.0,1.0,14.0,A01
201500002666,0,7,0,0.0,2.0,2.0,13.0,A01
201500002666,0,7,0,0.0,2.0,2.0,1.0,B02
201500002667,0,10,0,0.0,9.0,3.0,1.0,B02
201500002667,0,1,0,0.0,2.0,7.0,1.0,A01
201500002668,0,10,0,0.0,2.0,1.0,2.0,A01
201500002668,0,10,0,0.0,2.0,3.0,2.0,B02
201500002669,0,7,0,0.0,2.0,1.0,1.0,B02
201500002669,0,7,0,0.0,2.0,6.0,1.0,A01
201500002670,0,10,0,6.0,0.0,3.0,0.0,A01
201500002671,0,31,0,8.0,0.0,1.0,5.0,A01
201500002672,0,33,0,0.0,2.0,2.0,1.0,A01
201500002672,0,7,0,0.0,2.0,2.0,1.0,B02
201500002673,0,7,0,0.0,1.0,1.0,1.0,A01
201500002674,0,10,0,15.0,0.0,3.0,1.0,A01
201500002675,0,7,0,13.0,0.0,3.0,1.0,A01
201500002676,0,30,0,0.0,2.0,8.0,16.0,B02
201500002676,0,7,0,0.0,2.0,1.0,1.0,A01
201500002677,0,1,0,0.0,2.0,8.0,1.0,B02
201500002677,0,7,0,0.0,2.0,7.0,17.0,A01
201500002678,0,7,0,15.0,0.0,2.0,1.0,A01
201500002679,0,30,0,0.0,6.0,1.0,1.0,A01
201500002680,0,33,0,0.0,2.0,3.0,1.0,B02
201500002680,0,10,0,0.0,2.0,3.0,1.0,A01
201500002681,0,32,0,0.0,5.0,7.0,1.0,A01
201500002682,0,7,0,2.0,0.0,1.0,1.0,A01
201500002683,0,7,0,0.0,2.0,2.0,13.0,A01
201500002683,0,7,0,0.0,2.0,2.0,21.0,B02
201500002684,0,7,0,2.0,0.0,1.0,1.0,A01
201500002685,0,1,0,0.0,0.0,7.0,15.0,A01
201500002685,0,7,0,0.0,0.0,2.0,1.0,B02
201500002686,0,30,0,0.0,0.0,0.0,1.0,A01
201500002686,0,10,0,0.0,0.0,0.0,1.0,B02
201500002687,0,33,0,0.0,2.0,1.0,15.0,A01
201500002687,0,7,0,0.0,2.0,8.0,2.0,B02
201500002688,0,7,0,0.0,2.0,3.0,15.0,A01
201500002688,0,32,0,0.0,2.0,1.0,1.0,B02
201500002689,0,10,0,0.0,1.0,2.0,1.0,A01
201500002690,0,7,0,0.0,2.0,3.0,16.0,A01
201500002690,0,10,0,0.0,2.0,3.0,1.0,B02
201500002691,0,7,0,13.0,0.0,1.0,1.0,A01
201500002692,0,7,0,0.0,0.0,5.0,15.0,B02
201500002692,0,33,0,0.0,2.0,1.0,1.0,A01
201500002693,0,31,0,16.0,0.0,1.0,0.0,A01
201500002694,0,7,0,0.0,2.0,1.0,1.0,B02
201500002694,0,7,0,0.0,2.0,7.0,9.0,A01
201500002695,0,31,0,0.0,2.0,1.0,1.0,A01
201500002695,0,7,0,0.0,2.0,8.0,15.0,B02
201500002696,0,7,0,2.0,0.0,3.0,1.0,A01
201500002697,0,7,0,8.0,0.0,2.0,0.0,A01
201500002698,0,32,0,0.0,0.0,0.0,0.0,A01
201500002699,0,7,0,0.0,0.0,4.0,23.0,B02
201500002699,0,30,0,0.0,2.0,1.0,1.0,A01
201500002700,0,7,0,0.0,2.0,3.0,13.0,A01
201500002700,0,15,0,0.0,2.0,3.0,1.0,B02
201500002701,0,33,0,7.0,2.0,1.0,1.0,A01
201500002701,0,7,0,0.0,2.0,1.0,1.0,B02
201500002701,0,10,0,0.0,0.0,5.0,23.0,C03
201500002702,0,10,0,2.0,0.0,0.0,1.0,A01
201500002703,0,7,0,8.0,0.0,3.0,13.0,A01
201500002704,0,10,0,13.0,0.0,1.0,1.0,A01
201500002705,0,7,0,8.0,0.0,9.0,1.0,A01
201500002706,0,30,0,0.0,2.0,2.0,17.0,A01
201500002706,0,7,0,0.0,2.0,8.0,1.0,B02
201500002707,0,7,0,0.0,2.0,1.0,13.0,A01
201500002707,0,7,0,0.0,2.0,1.0,1.0,B02
201500002708,0,7,0,13.0,0.0,1.0,1.0,A01
201500002709,0,14,0,13.0,0.0,0.0,14.0,A01
201500002709,0,14,0,13.0,0.0,1.0,21.0,B02
201500002710,0,7,0,2.0,0.0,1.0,13.0,A01
201500002711,0,10,0,2.0,0.0,3.0,13.0,A01
201500002712,0,7,0,13.0,0.0,2.0,0.0,A01
201500002713,0,7,0,7.0,0.0,0.0,0.0,A01
201500002714,0,7,0,0.0,2.0,3.0,1.0,A01
201500002714,0,7,0,0.0,2.0,3.0,1.0,B02
201500002715,0,30,0,1.0,0.0,1.0,0.0,A01
201500002715,0,10,0,0.0,0.0,4.0,0.0,B02
201500002716,0,17,0,13.0,0.0,8.0,1.0,A01
201500002717,0,7,0,0.0,1.0,3.0,1.0,B02
201500002717,0,10,0,0.0,0.0,7.0,1.0,C03
201500002718,0,7,0,0.0,2.0,2.0,14.0,A01
201500002718,0,7,0,0.0,2.0,6.0,1.0,B02
201500002719,0,7,0,0.0,0.0,4.0,23.0,A01
201500002719,0,2,0,1.0,0.0,1.0,1.0,B02
201500002720,0,7,0,0.0,6.0,1.0,0.0,A01
201500002720,0,7,0,0.0,6.0,1.0,0.0,B02
201500002721,0,7,0,2.0,0.0,3.0,1.0,A01
201500002722,0,10,0,16.0,0.0,9.0,1.0,A01
201500002723,0,7,0,0.0,1.0,1.0,1.0,A01
201500002724,0,7,0,0.0,2.0,7.0,1.0,A01
201500002724,0,30,0,0.0,2.0,8.0,1.0,B02
201500002725,0,7,0,0.0,2.0,2.0,15.0,A01
201500002725,0,30,0,0.0,2.0,1.0,1.0,B02
201500002726,0,7,0,0.0,2.0,3.0,5.0,A01
201500002726,0,7,0,0.0,2.0,3.0,1.0,B02
201500002727,0,33,0,0.0,2.0,1.0,1.0,B02
201500002727,0,7,0,0.0,2.0,3.0,15.0,A01
201500002728,0,7,0,0.0,1.0,2.0,1.0,A01
201500002729,0,7,0,2.0,0.0,1.0,1.0,A01
201500002730,0,33,0,0.0,9.0,8.0,1.0,A01
201500002731,0,7,0,0.0,0.0,3.0,5.0,A01
201500002731,0,31,0,0.0,2.0,1.0,1.0,B02
201500002732,0,33,0,0.0,2.0,1.0,13.0,A01
201500002732,0,7,0,0.0,2.0,3.0,19.0,B02
201500002733,0,10,0,0.0,2.0,6.0,17.0,A01
201500002733,0,7,0,0.0,2.0,2.0,17.0,B02
201500002733,0,1,0,0.0,2.0,1.0,0.0,C03
201500002734,0,7,0,13.0,0.0,3.0,1.0,A01
201500002735,0,7,0,0.0,0.0,1.0,13.0,A01
201500002736,0,30,0,0.0,2.0,3.0,13.0,A01
201500002736,0,7,0,0.0,2.0,8.0,14.0,B02
201500002737,0,33,0,15.0,0.0,1.0,14.0,A01
201500002738,0,7,0,0.0,2.0,2.0,1.0,B01
201500002738,0,7,0,0.0,2.0,3.0,1.0,C02
201500002738,0,7,0,0.0,2.0,1.0,0.0,A03
201500002739,0,7,0,2.0,0.0,1.0,1.0,A01
201500002740,0,7,0,0.0,2.0,3.0,13.0,A01
201500002740,0,7,0,0.0,2.0,3.0,1.0,B02
201500002741,0,7,0,13.0,0.0,7.0,0.0,A01
201500002742,0,7,0,8.0,0.0,1.0,1.0,A01
201500002743,0,7,0,2.0,0.0,1.0,14.0,A01
201500002744,0,7,0,0.0,2.0,1.0,13.0,A01
201500002744,0,7,0,0.0,2.0,1.0,1.0,B02
201500002745,0,17,0,2.0,0.0,2.0,1.0,A01
201500002746,0,7,0,0.0,2.0,5.0,15.0,A01
201500002746,0,30,0,0.0,2.0,1.0,1.0,B02
201500002747,0,7,0,0.0,2.0,1.0,1.0,A01
201500002747,0,7,0,0.0,2.0,1.0,1.0,B02
201500002748,0,10,0,0.0,1.0,3.0,1.0,A01
201500002749,0,30,0,0.0,2.0,1.0,17.0,A01
201500002749,0,7,0,0.0,2.0,3.0,15.0,B02
201500002750,0,33,0,0.0,0.0,0.0,1.0,A01
201500002751,0,7,0,0.0,2.0,1.0,9.0,A01
201500002751,0,30,0,0.0,2.0,7.0,1.0,B02
201500002752,0,14,0,0.0,0.0,0.0,1.0,A01
201500002753,0,33,0,0.0,2.0,1.0,2.0,A01
201500002753,0,7,0,0.0,2.0,6.0,15.0,B02
201500002754,0,7,0,14.0,0.0,1.0,1.0,A01
201500002755,0,7,0,2.0,0.0,0.0,1.0,A01
201500002756,0,33,0,13.0,0.0,1.0,1.0,A01
201500002757,0,33,0,0.0,2.0,1.0,1.0,B02
201500002757,0,7,0,0.0,2.0,7.0,19.0,A01
201500002758,0,7,0,0.0,0.0,6.0,0.0,A01
201500002758,0,33,0,0.0,2.0,1.0,17.0,B02
201500002759,0,33,0,0.0,0.0,0.0,0.0,A01
201500002760,0,7,0,0.0,2.0,3.0,15.0,A01
201500002760,0,2,0,0.0,2.0,1.0,1.0,B02
201500002761,1,15,0,0.0,1.0,0.0,2.0,B02
201500002762,0,7,0,0.0,2.0,1.0,13.0,A01
201500002762,0,14,0,0.0,2.0,3.0,1.0,B02
201500002763,0,30,0,8.0,0.0,1.0,13.0,A01
201500002764,0,7,0,0.0,2.0,8.0,19.0,A01
201500002764,0,31,0,0.0,2.0,1.0,1.0,B02
201500002765,0,7,0,0.0,2.0,1.0,1.0,A01
201500002765,0,30,0,0.0,2.0,1.0,17.0,B02
201500002766,0,7,0,0.0,1.0,3.0,1.0,A01
201500002767,0,7,0,0.0,2.0,5.0,19.0,A01
201500002767,0,7,0,0.0,2.0,1.0,1.0,B02
201500002768,0,7,0,6.0,0.0,7.0,19.0,A01
201500002769,0,14,0,0.0,2.0,6.0,13.0,A01
201500002769,0,10,0,0.0,2.0,3.0,1.0,B02
201500002769,0,7,0,0.0,2.0,3.0,1.0,C03
201500002770,0,7,0,6.0,0.0,8.0,1.0,A01
201500002771,0,7,0,2.0,0.0,1.0,1.0,A01
201500002772,0,10,0,2.0,0.0,3.0,13.0,A01
201500002773,0,15,0,13.0,0.0,2.0,14.0,A01
201500002774,0,7,0,6.0,0.0,9.0,1.0,A01
201500002775,0,7,0,8.0,0.0,1.0,1.0,A01
201500002776,0,7,0,13.0,0.0,2.0,1.0,A01
201500002777,0,33,0,0.0,0.0,8.0,1.0,A01
201500002778,0,7,0,0.0,1.0,4.0,4.0,A01
201500002779,0,7,0,15.0,0.0,1.0,1.0,A01
201500002780,0,10,0,6.0,0.0,1.0,1.0,A01
201500002781,0,7,0,0.0,2.0,3.0,13.0,A01
201500002781,0,7,0,0.0,2.0,3.0,1.0,B02
201500002782,0,7,0,2.0,0.0,1.0,1.0,A01
201500002783,0,33,0,13.0,0.0,1.0,1.0,A01
201500002784,0,33,0,0.0,0.0,3.0,1.0,A01
201500002785,0,7,0,13.0,0.0,9.0,1.0,A01
201500002786,0,7,0,2.0,0.0,7.0,1.0,A01
201500002787,0,7,0,13.0,6.0,3.0,1.0,A01
201500002788,0,7,0,0.0,1.0,2.0,1.0,A01
201500002789,0,2,0,0.0,0.0,8.0,10.0,A01
201500002789,0,30,0,0.0,2.0,1.0,2.0,B02
201500002790,0,7,0,0.0,2.0,3.0,13.0,A01
201500002790,0,13,0,0.0,2.0,3.0,1.0,B02
201500002791,0,7,0,0.0,2.0,7.0,19.0,A01
201500002791,0,7,0,0.0,2.0,2.0,1.0,B02
201500002792,0,7,0,13.0,0.0,2.0,14.0,A01
201500002793,0,7,0,0.0,1.0,3.0,1.0,A01
201500002794,0,7,0,15.0,0.0,1.0,13.0,A01
201500002795,0,7,0,2.0,0.0,8.0,13.0,A01
201500002796,0,33,0,16.0,0.0,0.0,15.0,A01
201500002797,0,14,0,0.0,2.0,2.0,13.0,A01
201500002797,0,10,0,0.0,0.0,1.0,1.0,B02
201500002798,0,7,0,13.0,0.0,1.0,1.0,A01
201500002799,1,7,0,,2.0,,17.0,B02
201500002799,0,2,0,0.0,2.0,4.0,1.0,A01
201500002800,0,7,0,6.0,0.0,1.0,1.0,A01
201500002801,0,7,0,2.0,2.0,8.0,15.0,A01
201500002801,0,33,0,0.0,2.0,2.0,13.0,B02
201500002802,0,7,0,0.0,2.0,3.0,1.0,B02
201500002802,0,7,0,0.0,2.0,8.0,15.0,A01
201500002803,0,33,0,0.0,2.0,1.0,1.0,A01
201500002803,0,7,0,0.0,2.0,5.0,19.0,B02
201500002804,0,7,0,0.0,1.0,7.0,1.0,A01
201500002805,0,10,0,0.0,2.0,3.0,1.0,A01
201500002805,0,15,0,0.0,2.0,2.0,19.0,B02
201500002805,0,7,0,0.0,2.0,1.0,23.0,C03
201500002806,0,7,0,0.0,2.0,8.0,12.0,A01
201500002806,0,2,0,0.0,2.0,1.0,1.0,B02
201500002807,0,7,0,0.0,2.0,1.0,1.0,A01
201500002807,0,7,0,0.0,2.0,8.0,19.0,B02
201500002808,0,7,0,0.0,2.0,3.0,1.0,A01
201500002808,0,7,0,0.0,2.0,3.0,1.0,B02
201500002809,0,31,0,0.0,2.0,1.0,18.0,A01
201500002809,0,7,0,0.0,9.0,2.0,16.0,B02
201500002810,0,7,0,0.0,2.0,3.0,13.0,A01
201500002810,0,7,0,0.0,2.0,3.0,1.0,B02
201500002811,0,1,0,0.0,2.0,3.0,13.0,A01
201500002811,0,7,0,0.0,2.0,2.0,1.0,B02
201500002812,0,7,0,0.0,2.0,3.0,16.0,A01
201500002812,0,7,0,0.0,1.0,7.0,1.0,B02
201500002813,0,7,0,8.0,0.0,2.0,13.0,A01
201500002814,0,7,0,0.0,9.0,2.0,1.0,A01
201500002814,0,1,0,0.0,2.0,1.0,19.0,B02