Num_Acc,senc,catv,occutc,obs,obsm,choc,manv,num_veh
201500002815,0,7,0,0.0,2.0,3.0,13.0,A01
201500002815,0,7,0,0.0,2.0,3.0,13.0,B02
201500002816,0,7,0,0.0,0.0,2.0,0.0,A01
201500002817,0,10,0,0.0,0.0,1.0,0.0,A01
201500002818,0,7,0,0.0,1.0,1.0,1.0,A01
201500002819,0,15,0,1.0,2.0,1.0,21.0,A01
201500002819,0,7,0,0.0,1.0,8.0,19.0,E02
201500002820,0,7,0,3.0,2.0,3.0,13.0,A01
201500002820,0,7,0,0.0,2.0,3.0,23.0,B02
201500002820,0,21,0,0.0,2.0,3.0,1.0,C03
201500002821,0,7,0,13.0,0.0,3.0,0.0,A01
201500002822,0,7,0,0.0,2.0,3.0,13.0,A01
201500002822,0,14,0,0.0,2.0,3.0,1.0,B02
201500002823,0,7,0,0.0,1.0,7.0,1.0,A01
201500002824,0,7,0,0.0,2.0,3.0,13.0,A01
201500002824,0,10,0,0.0,2.0,3.0,0.0,B02
201500002825,0,1,0,0.0,2.0,0.0,2.0,B02
201500002825,0,10,0,0.0,9.0,3.0,17.0,A01
201500002826,0,30,0,13.0,0.0,8.0,1.0,A01
201500002827,0,10,0,0.0,0.0,1.0,17.0,A01
201500002827,0,7,0,0.0,0.0,0.0,1.0,B02
201500002828,0,7,0,0.0,2.0,8.0,18.0,A01
201500002828,0,30,0,0.0,2.0,7.0,14.0,B02
201500002829,0,7,0,8.0,0.0,9.0,1.0,A01
201500002830,0,31,0,8.0,0.0,8.0,14.0,A01
201500002831,0,7,0,0.0,2.0,1.0,1.0,B02
201500002831,0,7,0,0.0,2.0,1.0,13.0,A01
201500002832,0,7,0,0.0,2.0,3.0,15.0,A01
201500002832,0,7,0,0.0,2.0,3.0,1.0,B02
201500002833,0,1,0,2.0,0.0,3.0,13.0,A01
201500002834,0,7,0,1.0,0.0,1.0,1.0,A01
201500002835,0,2,0,13.0,0.0,0.0,0.0,A01
201500002836,0,7,0,0.0,2.0,3.0,13.0,A01
201500002836,0,7,0,0.0,2.0,3.0,1.0,B02
201500002837,0,7,0,0.0,2.0,1.0,1.0,B02
201500002837,0,7,0,3.0,2.0,2.0,13.0,A01
201500002838,0,7,0,6.0,0.0,2.0,1.0,A01
201500002839,0,7,0,2.0,0.0,9.0,1.0,A01
201500002840,0,7,0,6.0,0.0,1.0,2.0,A01
201500002841,0,7,0,0.0,1.0,1.0,1.0,A01
201500002842,0,7,0,0.0,2.0,2.0,1.0,B02
201500002842,0,7,0,0.0,2.0,8.0,19.0,A01
201500002843,0,30,0,12.0,0.0,1.0,12.0,A01
201500002844,0,10,0,0.0,2.0,1.0,1.0,B02
201500002844,0,7,0,0.0,2.0,3.0,1.0,A01
201500002845,0,7,0,0.0,2.0,1.0,13.0,A01
201500002845,0,14,0,0.0,2.0,1.0,1.0,B02
201500002846,0,10,0,0.0,4.0,8.0,1.0,A01
201500002846,0,39,1,0.0,2.0,1.0,1.0,B01
201500002847,0,7,0,0.0,2.0,3.0,15.0,A01
201500002847,0,17,0,0.0,2.0,2.0,1.0,B02
201500002848,0,7,0,0.0,2.0,2.0,1.0,A01
201500002848,0,7,0,0.0,2.0,3.0,19.0,B02
201500002849,0,7,0,0.0,2.0,2.0,15.0,A01
201500002849,0,7,0,0.0,2.0,7.0,1.0,B02
201500002850,0,7,0,13.0,0.0,2.0,1.0,A01
201500002851,0,7,0,0.0,2.0,8.0,19.0,A01
201500002851,0,7,0,0.0,2.0,1.0,1.0,B02
201500002852,0,7,0,0.0,2.0,5.0,15.0,A01
201500002852,0,30,0,0.0,2.0,1.0,1.0,B02
201500002853,0,7,0,0.0,2.0,3.0,1.0,B02
201500002853,0,7,0,0.0,2.0,1.0,15.0,A01
201500002854,0,7,0,0.0,0.0,7.0,1.0,A01
201500002855,0,7,0,10.0,0.0,8.0,1.0,A01
201500002856,0,31,0,0.0,2.0,1.0,1.0,B02
201500002856,0,21,0,0.0,2.0,6.0,1.0,A01
201500002857,0,7,0,8.0,0.0,1.0,1.0,A01
201500002858,0,7,0,0.0,2.0,8.0,15.0,A01
201500002858,0,7,0,0.0,2.0,1.0,1.0,B02
201500002859,0,7,0,0.0,2.0,2.0,1.0,A01
201500002859,0,7,0,0.0,2.0,3.0,19.0,B02
201500002860,0,7,0,13.0,0.0,1.0,1.0,A01
201500002861,0,7,0,2.0,0.0,3.0,1.0,A01
201500002862,0,7,0,8.0,0.0,3.0,13.0,A01
201500002863,0,7,0,0.0,1.0,2.0,1.0,A01
201500002864,0,7,0,0.0,2.0,1.0,15.0,A01
201500002864,0,7,0,0.0,2.0,1.0,1.0,B02
201500002865,0,10,0,13.0,0.0,1.0,1.0,A01
201500002866,0,7,0,13.0,0.0,1.0,0.0,A01
201500002867,0,15,0,0.0,1.0,2.0,9.0,A01
201500002868,0,7,0,0.0,1.0,1.0,1.0,A01
201500002869,0,7,0,0.0,0.0,8.0,19.0,A01
201500002869,0,10,0,0.0,0.0,1.0,1.0,B02
201500002870,0,14,0,0.0,2.0,7.0,19.0,A01
201500002870,0,7,0,0.0,2.0,1.0,1.0,B02
201500002871,0,7,0,0.0,2.0,3.0,15.0,A01
201500002871,0,1,0,0.0,2.0,1.0,1.0,B02
201500002872,0,33,0,0.0,6.0,1.0,1.0,A01
201500002873,0,7,0,0.0,0.0,3.0,1.0,B02
201500002873,0,7,0,0.0,0.0,8.0,1.0,A01
201500002874,0,7,0,0.0,2.0,3.0,19.0,A01
201500002874,0,7,0,0.0,0.0,1.0,1.0,B02
201500002875,0,33,0,14.0,0.0,2.0,1.0,A01
201500002876,0,33,0,0.0,0.0,0.0,1.0,A01
201500002877,0,7,0,2.0,0.0,1.0,19.0,A01
201500002878,0,7,0,2.0,0.0,1.0,1.0,A01
201500002879,0,7,0,0.0,1.0,2.0,1.0,A01
201500002880,0,10,0,0.0,2.0,2.0,1.0,B02
201500002880,0,7,0,0.0,2.0,3.0,19.0,A01
201500002881,0,7,0,0.0,1.0,4.0,4.0,A01
201500002882,0,7,0,13.0,0.0,2.0,1.0,A01
201500002883,0,7,0,13.0,0.0,8.0,17.0,A01
201500002884,0,7,0,2.0,0.0,2.0,1.0,A01
201500002885,0,7,0,0.0,2.0,1.0,1.0,B02
201500002885,0,7,0,0.0,2.0,8.0,19.0,A01
201500002886,0,7,0,6.0,0.0,1.0,1.0,A01
201500002887,0,33,0,7.0,0.0,1.0,1.0,A01
201500002888,0,10,0,0.0,0.0,2.0,0.0,A01
201500002889,0,14,0,13.0,0.0,2.0,1.0,A01
201500002890,0,7,0,0.0,2.0,8.0,19.0,A01
201500002890,0,10,0,0.0,2.0,1.0,1.0,B02
201500002891,0,7,0,0.0,2.0,3.0,13.0,A01
201500002891,0,7,0,0.0,2.0,3.0,1.0,B02
201500002892,0,10,0,0.0,2.0,1.0,1.0,B02
201500002892,0,7,0,0.0,2.0,1.0,13.0,A01
201500002893,0,7,0,0.0,0.0,0.0,1.0,A01
201500002894,0,7,0,0.0,2.0,2.0,15.0,A01
201500002894,0,7,0,0.0,2.0,3.0,1.0,B02
201500002895,0,33,0,0.0,2.0,4.0,13.0,A01
201500002895,0,7,0,0.0,0.0,3.0,1.0,B02
201500002896,0,1,0,0.0,2.0,7.0,0.0,B02
201500002896,0,7,0,0.0,9.0,3.0,0.0,A01
201500002897,0,7,0,0.0,2.0,7.0,1.0,A01
201500002897,0,7,0,0.0,2.0,3.0,1.0,B02
201500002898,0,7,0,3.0,2.0,7.0,13.0,A01
201500002898,0,7,0,0.0,2.0,1.0,1.0,B02
201500002899,0,7,0,0.0,2.0,2.0,13.0,B02
201500002899,0,7,0,0.0,2.0,1.0,1.0,A01
201500002900,0,7,0,0.0,2.0,8.0,1.0,B02
201500002900,0,7,0,0.0,2.0,1.0,1.0,C03
201500002900,0,7,0,0.0,2.0,1.0,13.0,A01
201500002901,0,31,0,8.0,0.0,1.0,1.0,A01
201500002902,0,33,0,0.0,2.0,1.0,13.0,B02
201500002902,0,7,0,0.0,2.0,3.0,21.0,A01
201500002903,0,7,0,0.0,0.0,9.0,1.0,A01
201500002904,0,7,0,0.0,2.0,2.0,1.0,B02
201500002904,0,1,0,0.0,2.0,1.0,5.0,A01
201500002905,0,7,0,0.0,0.0,2.0,1.0,B02
201500002905,0,15,0,0.0,0.0,3.0,1.0,A01
201500002906,0,1,0,0.0,0.0,5.0,1.0,B02
201500002906,0,7,0,0.0,2.0,2.0,9.0,A01
201500002907,0,7,0,0.0,0.0,1.0,1.0,A01
201500002907,0,7,0,0.0,0.0,2.0,19.0,B02
201500002908,0,7,0,0.0,1.0,1.0,1.0,A01
201500002909,0,10,0,0.0,2.0,3.0,0.0,B02
201500002909,0,7,0,0.0,1.0,7.0,0.0,A01
201500002910,0,20,0,0.0,2.0,2.0,1.0,A01
201500002910,0,7,0,0.0,2.0,2.0,15.0,B02
201500002911,0,7,0,0.0,2.0,2.0,1.0,A01
201500002911,0,2,0,0.0,2.0,8.0,19.0,B02
201500002912,0,7,0,13.0,0.0,1.0,1.0,A01
201500002913,0,7,0,0.0,2.0,1.0,19.0,A01
201500002913,0,7,0,0.0,0.0,2.0,1.0,B02
201500002914,0,30,0,8.0,0.0,1.0,0.0,A01
201500002915,0,1,0,0.0,0.0,8.0,0.0,B02
201500002915,0,7,0,0.0,9.0,7.0,0.0,A01
201500002916,0,10,0,0.0,2.0,1.0,1.0,B02
201500002916,0,7,0,0.0,2.0,1.0,1.0,A01
201500002917,0,31,0,0.0,2.0,8.0,1.0,B02
201500002917,0,7,0,0.0,2.0,8.0,17.0,A01
201500002918,0,35,0,1.0,0.0,1.0,1.0,A01
201500002919,0,2,0,0.0,0.0,1.0,0.0,A01
201500002919,0,7,0,0.0,0.0,1.0,0.0,B02
201500002920,0,30,0,0.0,2.0,1.0,1.0,B02
201500002920,0,7,0,0.0,2.0,3.0,1.0,A01
201500002921,0,7,0,5.0,0.0,2.0,19.0,A01
201500002922,0,7,0,0.0,2.0,3.0,1.0,A01
201500002922,0,7,0,0.0,0.0,5.0,1.0,B02
201500002923,0,2,0,0.0,0.0,0.0,1.0,A01
201500002924,0,1,0,0.0,0.0,0.0,14.0,A01
201500002925,0,7,0,0.0,2.0,3.0,1.0,B02
201500002925,0,7,0,0.0,2.0,3.0,1.0,A01
201500002926,0,31,0,7.0,0.0,1.0,0.0,A01
201500002927,0,7,0,0.0,2.0,7.0,17.0,A01
201500002927,0,2,0,0.0,2.0,8.0,15.0,B02
201500002928,0,7,0,0.0,1.0,4.0,4.0,A01
201500002929,0,7,0,6.0,0.0,1.0,1.0,A01
201500002930,0,7,0,2.0,0.0,2.0,2.0,A01
201500002931,0,7,0,0.0,1.0,1.0,1.0,A01
201500002932,0,10,0,0.0,2.0,1.0,0.0,B02
201500002932,0,10,0,0.0,2.0,5.0,19.0,A01
201500002933,0,7,0,13.0,0.0,1.0,1.0,A01
201500002934,0,33,0,0.0,5.0,1.0,1.0,A01
201500002935,0,10,0,0.0,2.0,3.0,1.0,B02
201500002935,0,7,0,0.0,2.0,3.0,13.0,A01
201500002936,0,7,0,0.0,2.0,0.0,13.0,A01
201500002936,0,7,0,0.0,2.0,0.0,1.0,B02
201500002936,0,7,0,0.0,2.0,0.0,1.0,C03
201500002937,0,7,0,13.0,0.0,1.0,1.0,A01
201500002938,0,7,0,6.0,0.0,9.0,1.0,A01
201500002939,0,10,0,4.0,0.0,8.0,16.0,A01
201500002939,0,13,0,0.0,2.0,2.0,18.0,B02
201500002940,0,33,0,0.0,1.0,8.0,1.0,A01
201500002941,0,33,0,0.0,2.0,1.0,1.0,B02
201500002941,0,7,0,0.0,2.0,3.0,15.0,A01
201500002942,0,10,0,0.0,2.0,8.0,19.0,A01
201500002942,0,7,0,0.0,2.0,1.0,1.0,B02
201500002943,0,33,0,0.0,2.0,1.0,1.0,B02
201500002943,0,30,0,0.0,0.0,4.0,1.0,A01
201500002944,0,7,0,0.0,0.0,1.0,15.0,A01
201500002944,0,1,0,0.0,0.0,0.0,0.0,B02
201500002945,0,7,0,0.0,0.0,1.0,0.0,B02
201500002945,0,10,0,0.0,0.0,3.0,15.0,A01
201500002946,0,30,0,0.0,5.0,1.0,1.0,A01
201500002947,1,33,0,0.0,2.0,7.0,2.0,B02
201500002947,0,1,0,0.0,2.0,8.0,13.0,A01
201500002948,0,7,0,0.0,0.0,2.0,16.0,A01
201500002948,0,1,0,0.0,0.0,8.0,1.0,B02
201500002949,0,30,0,0.0,0.0,0.0,1.0,A01
201500002950,0,7,0,0.0,1.0,3.0,1.0,A01
201500002951,0,10,0,0.0,5.0,2.0,1.0,A01
201500002952,0,33,0,13.0,0.0,3.0,1.0,A01
201500002953,0,7,0,0.0,2.0,3.0,1.0,B02
201500002953,0,7,0,0.0,2.0,1.0,13.0,A01
201500002954,0,7,0,8.0,1.0,0.0,13.0,A01
201500002955,0,10,0,0.0,2.0,8.0,1.0,C03
201500002955,0,7,0,0.0,2.0,3.0,13.0,A01
201500002955,0,7,0,0.0,2.0,3.0,1.0,B02
201500002956,0,7,0,0.0,2.0,2.0,13.0,A01
201500002956,0,10,0,0.0,2.0,1.0,1.0,B02
201500002957,0,7,0,0.0,2.0,1.0,13.0,A01
201500002957,0,7,0,0.0,2.0,1.0,1.0,B02
201500002958,0,2,0,0.0,0.0,8.0,15.0,A01
201500002959,0,7,0,13.0,0.0,1.0,1.0,A01
201500002960,0,10,0,0.0,2.0,1.0,13.0,A01
201500002960,0,7,0,0.0,2.0,1.0,1.0,B02
201500002961,0,1,0,0.0,2.0,3.0,1.0,B02
201500002961,0,7,0,0.0,9.0,5.0,17.0,A01
201500002962,0,7,0,0.0,2.0,8.0,1.0,B02
201500002962,0,7,0,0.0,2.0,3.0,13.0,A01
201500002962,0,7,0,0.0,2.0,3.0,1.0,C03
201500002963,0,7,0,0.0,2.0,1.0,16.0,A01
201500002963,0,7,0,0.0,2.0,2.0,1.0,B02
201500002964,0,7,0,13.0,0.0,9.0,1.0,A01
201500002965,0,7,0,0.0,2.0,2.0,15.0,A01
201500002965,0,33,0,0.0,2.0,1.0,1.0,B02
201500002966,0,33,0,0.0,2.0,1.0,1.0,B02
201500002966,0,33,0,0.0,2.0,1.0,1.0,C03
201500002966,0,33,0,0.0,2.0,1.0,1.0,A01
201500002966,0,33,0,0.0,2.0,3.0,1.0,D04
201500002967,0,1,0,0.0,2.0,1.0,5.0,B02
201500002967,0,7,0,0.0,9.0,1.0,1.0,A01
201500002968,0,7,0,0.0,2.0,3.0,17.0,A01
201500002968,0,14,0,0.0,2.0,3.0,1.0,B02
201500002969,0,7,0,0.0,2.0,1.0,1.0,B02
201500002969,0,7,0,0.0,2.0,3.0,19.0,A01
201500002970,0,7,0,6.0,0.0,3.0,9.0,A01
201500002971,0,1,0,0.0,2.0,1.0,1.0,B02
201500002971,0,7,0,0.0,2.0,2.0,15.0,A01
201500002972,0,31,0,15.0,0.0,7.0,13.0,A01
201500002973,0,7,0,0.0,2.0,3.0,15.0,B02
201500002973,0,7,0,0.0,2.0,2.0,17.0,A01
201500002974,0,7,0,16.0,0.0,2.0,1.0,A01
201500002975,0,33,0,0.0,0.0,1.0,1.0,A01
201500002976,0,7,0,0.0,2.0,2.0,1.0,A01
201500002976,0,21,0,0.0,2.0,5.0,15.0,B02
201500002977,0,2,0,0.0,2.0,1.0,18.0,A01
201500002977,0,7,0,0.0,2.0,2.0,20.0,B02
201500002978,0,7,0,2.0,0.0,3.0,13.0,A01
201500002979,0,7,0,0.0,2.0,3.0,1.0,B02
201500002979,0,7,0,0.0,2.0,3.0,13.0,A01
201500002980,0,7,0,0.0,2.0,3.0,15.0,B02
201500002980,0,34,0,0.0,2.0,7.0,17.0,A01
201500002981,0,7,0,2.0,0.0,1.0,1.0,A01
201500002982,0,7,0,0.0,1.0,3.0,4.0,A01
201500002983,0,7,0,13.0,0.0,9.0,1.0,A01
201500002984,0,14,0,0.0,2.0,2.0,15.0,A01
201500002984,0,17,0,0.0,2.0,2.0,1.0,B02
201500002985,0,7,0,0.0,2.0,7.0,15.0,A01
201500002985,0,1,0,0.0,2.0,1.0,1.0,B02
201500002986,0,7,0,0.0,2.0,1.0,1.0,B02
201500002986,0,7,0,0.0,2.0,1.0,1.0,A01
201500002987,0,21,0,16.0,0.0,8.0,1.0,A01
201500002988,0,7,0,0.0,0.0,9.0,1.0,A01
201500002989,0,33,0,11.0,0.0,9.0,1.0,A01
201500002990,0,31,0,0.0,2.0,1.0,1.0,A01
201500002990,0,7,0,0.0,2.0,2.0,15.0,B02
201500002991,0,10,0,8.0,0.0,3.0,2.0,A01
201500002992,0,1,0,0.0,2.0,1.0,1.0,B02
201500002992,0,7,0,0.0,9.0,5.0,20.0,A01
201500002993,0,33,0,0.0,2.0,1.0,1.0,A01
201500002993,0,7,0,0.0,2.0,3.0,15.0,B02
201500002994,0,7,0,0.0,2.0,1.0,5.0,A01
201500002994,0,7,0,0.0,2.0,4.0,1.0,B02
201500002995,0,7,0,0.0,2.0,1.0,17.0,A01
201500002995,0,7,0,0.0,2.0,1.0,21.0,B02
201500002996,0,30,0,0.0,2.0,3.0,18.0,A01
201500002996,0,7,0,0.0,2.0,2.0,16.0,B02
201500002997,0,14,0,0.0,1.0,2.0,16.0,A01
201500002998,0,2,0,0.0,2.0,1.0,1.0,A01
201500002998,0,10,0,0.0,2.0,5.0,15.0,B02
201500002999,0,10,0,0.0,0.0,0.0,17.0,C03
201500002999,0,14,0,0.0,2.0,3.0,21.0,A01
201500002999,0,7,0,0.0,2.0,8.0,1.0,B02
201500003000,0,1,0,0.0,2.0,7.0,1.0,B02
201500003000,0,7,0,0.0,2.0,3.0,9.0,A01
201500003001,0,36,0,13.0,0.0,2.0,14.0,A01
201500003002,0,1,0,0.0,2.0,4.0,15.0,B02
201500003002,0,7,0,0.0,2.0,3.0,17.0,A01
201500003003,0,33,0,4.0,0.0,1.0,0.0,A01
201500003004,0,36,0,13.0,0.0,1.0,19.0,A01
201500003005,0,33,0,4.0,0.0,0.0,14.0,A01
201500003006,0,7,0,16.0,0.0,9.0,1.0,A01
201500003007,0,7,0,0.0,2.0,2.0,0.0,B02
201500003007,0,7,0,0.0,2.0,2.0,0.0,A01
201500003008,0,31,0,0.0,2.0,9.0,13.0,A01
201500003008,0,15,0,0.0,2.0,1.0,1.0,B02
201500003009,0,7,0,3.0,0.0,1.0,1.0,A01
201500003010,0,7,0,0.0,2.0,6.0,1.0,C03
201500003010,0,7,0,0.0,2.0,3.0,17.0,A01
201500003010,0,7,0,0.0,2.0,3.0,1.0,B02
201500003011,0,7,0,2.0,0.0,3.0,0.0,A01
201500003012,0,7,0,2.0,0.0,0.0,1.0,A01
201500003013,0,14,0,0.0,2.0,6.0,1.0,B02
201500003013,0,7,0,0.0,2.0,1.0,13.0,A01
201500003013,0,7,0,0.0,2.0,2.0,21.0,C03
201500003014,0,10,0,2.0,0.0,3.0,1.0,A01
201500003015,0,7,0,8.0,0.0,7.0,1.0,A01
201500003016,0,7,0,0.0,2.0,1.0,15.0,B02
201500003016,0,7,0,0.0,2.0,1.0,1.0,A01
201500003017,0,7,0,0.0,0.0,4.0,23.0,B02
201500003017,0,7,0,0.0,2.0,1.0,1.0,A01
201500003018,0,3,0,2.0,0.0,1.0,1.0,A01
201500003019,0,7,0,0.0,1.0,2.0,1.0,A01
201500003020,0,7,0,0.0,2.0,1.0,13.0,A01
201500003020,0,7,0,0.0,2.0,1.0,1.0,B02
201500003021,0,33,0,12.0,0.0,1.0,13.0,A01
201500003022,0,7,0,2.0,0.0,2.0,13.0,A01
201500003023,0,7,0,0.0,2.0,5.0,13.0,A01
201500003023,0,10,0,0.0,2.0,1.0,1.0,B02
201500003024,0,7,0,0.0,2.0,1.0,19.0,A01
201500003024,0,7,0,0.0,2.0,8.0,1.0,B02
201500003025,0,7,0,0.0,2.0,7.0,19.0,A01
201500003025,0,7,0,0.0,2.0,1.0,1.0,B02
201500003026,0,7,0,13.0,0.0,1.0,0.0,A01
201500003027,0,2,0,0.0,2.0,1.0,15.0,A01
201500003027,0,10,0,0.0,2.0,2.0,1.0,B02
201500003028,0,7,0,0.0,2.0,2.0,17.0,A01
201500003028,0,7,0,3.0,2.0,8.0,1.0,B02
201500003029,0,7,0,2.0,0.0,3.0,1.0,A01
201500003030,0,36,0,0.0,0.0,9.0,1.0,A01
201500003031,0,7,0,8.0,0.0,1.0,24.0,A01
201500003032,0,7,0,0.0,2.0,1.0,1.0,B02
201500003032,0,7,0,0.0,2.0,2.0,13.0,A01
201500003033,0,7,0,6.0,0.0,3.0,1.0,A01
201500003034,0,7,0,0.0,2.0,2.0,19.0,A01
201500003034,0,2,0,0.0,2.0,1.0,1.0,B02
201500003035,0,7,0,0.0,1.0,1.0,1.0,A01
201500003036,0,7,0,0.0,2.0,7.0,19.0,A01
201500003036,0,7,0,0.0,2.0,1.0,1.0,B02
201500003037,0,7,0,13.0,0.0,9.0,13.0,A01
201500003038,0,7,0,0.0,1.0,7.0,1.0,A01
201500003039,0,33,0,0.0,0.0,1.0,0.0,A01
201500003040,0,33,0,0.0,0.0,1.0,0.0,A01
201500003041,0,7,0,0.0,2.0,1.0,5.0,A01
201500003041,0,7,0,0.0,2.0,1.0,1.0,B02
201500003042,0,7,0,0.0,0.0,3.0,1.0,A01
201500003042,0,7,0,0.0,0.0,3.0,1.0,B02
201500003043,0,7,0,13.0,0.0,9.0,1.0,A01
201500003044,0,10,0,0.0,1.0,1.0,1.0,A01
201500003045,0,33,0,0.0,2.0,0.0,17.0,A01
201500003045,0,10,0,0.0,0.0,0.0,17.0,B02
201500003045,0,10,0,0.0,0.0,4.0,2.0,C03
201500003046,0,7,0,0.0,1.0,2.0,16.0,A01
201500003047,0,7,0,0.0,2.0,7.0,14.0,A01
201500003047,0,7,0,0.0,2.0,1.0,1.0,B02
201500003048,0,7,0,6.0,0.0,7.0,1.0,A01
201500003049,0,7,0,0.0,0.0,2.0,1.0,A01
201500003050,0,7,0,0.0,2.0,2.0,1.0,A01
201500003050,0,36,0,0.0,2.0,0.0,15.0,B02
201500003051,0,30,0,8.0,0.0,2.0,0.0,A01
201500003052,0,10,0,0.0,2.0,3.0,17.0,A01
201500003052,0,7,0,0.0,2.0,3.0,1.0,B02
201500003052,0,33,0,0.0,2.0,4.0,17.0,C03
201500003052,0,33,0,0.0,2.0,4.0,17.0,D04
201500003053,0,2,0,6.0,0.0,1.0,1.0,A01
201500003054,0,7,0,2.0,0.0,2.0,1.0,A01
201500003055,0,7,0,13.0,0.0,1.0,1.0,A01
201500003056,0,10,0,16.0,2.0,3.0,19.0,A01
201500003056,0,10,0,16.0,2.0,1.0,5.0,B02
201500003057,0,33,0,13.0,0.0,9.0,0.0,A01
201500003058,0,33,0,6.0,0.0,1.0,2.0,A01
201500003059,0,30,0,0.0,2.0,1.0,5.0,A01
201500003059,0,7,0,0.0,2.0,6.0,1.0,B02
201500003060,0,7,0,13.0,0.0,1.0,1.0,A01
201500003061,0,10,0,0.0,0.0,7.0,1.0,A01
201500003061,0,7,0,0.0,2.0,1.0,1.0,B02
201500003062,0,33,0,0.0,0.0,8.0,1.0,A01
201500003063,0,7,0,0.0,9.0,2.0,15.0,A01
201500003063,0,1,0,0.0,2.0,1.0,1.0,B02
201500003064,0,7,0,1.0,0.0,2.0,1.0,A01
201500003064,0,7,0,0.0,0.0,3.0,23.0,B02
201500003065,0,10,0,2.0,0.0,7.0,1.0,A01
201500003066,0,10,0,2.0,0.0,7.0,1.0,A01
201500003067,0,7,0,10.0,0.0,1.0,1.0,A01
201500003068,0,10,0,0.0,2.0,3.0,1.0,A01
201500003068,0,7,0,0.0,0.0,5.0,15.0,B02
201500003068,0,7,0,0.0,2.0,3.0,1.0,C03
201500003069,0,7,0,0.0,0.0,0.0,13.0,A01
201500003069,0,7,0,13.0,0.0,2.0,17.0,B02
201500003070,0,36,0,8.0,0.0,2.0,1.0,A01
201500003071,0,7,0,0.0,9.0,1.0,0.0,A01
201500003071,0,21,0,0.0,0.0,0.0,0.0,B02
201500003072,0,7,0,13.0,0.0,1.0,13.0,A01
201500003073,0,7,0,0.0,0.0,5.0,19.0,A01
201500003073,0,33,0,0.0,2.0,1.0,1.0,B02
201500003074,0,30,0,0.0,0.0,1.0,1.0,A01
201500003075,0,30,0,0.0,2.0,2.0,1.0,A01
201500003075,0,7,0,0.0,2.0,2.0,1.0,B02
201500003076,0,33,0,0.0,0.0,1.0,1.0,A01
201500003077,0,7,0,0.0,2.0,3.0,17.0,A01
201500003077,0,7,0,0.0,2.0,3.0,1.0,C03
201500003077,0,7,0,2.0,2.0,8.0,1.0,B02
201500003078,0,7,0,0.0,2.0,1.0,1.0,A01
201500003078,0,7,0,0.0,2.0,3.0,1.0,B02
201500003079,0,7,0,0.0,2.0,6.0,1.0,A01
201500003079,0,7,0,0.0,2.0,1.0,1.0,B02
201500003080,0,7,0,0.0,2.0,7.0,15.0,A01
201500003080,0,7,0,0.0,2.0,1.0,1.0,B02
201500003081,0,7,0,0.0,0.0,1.0,1.0,A01
201500003082,0,33,0,0.0,0.0,2.0,1.0,A01
201500003083,0,7,0,2.0,0.0,1.0,1.0,A01
201500003084,0,7,0,0.0,9.0,2.0,1.0,A01
201500003085,0,7,0,0.0,2.0,3.0,1.0,A01
201500003085,0,10,0,0.0,2.0,2.0,15.0,B02
201500003086,0,21,0,0.0,0.0,8.0,19.0,A01
201500003086,0,7,0,0.0,2.0,1.0,1.0,B02
201500003087,0,7,0,0.0,1.0,8.0,15.0,A01
201500003088,0,7,0,7.0,0.0,3.0,0.0,A01
201500003089,0,7,0,13.0,0.0,2.0,1.0,A01
201500003090,0,7,0,0.0,2.0,3.0,13.0,A01
201500003090,0,7,0,0.0,2.0,3.0,1.0,B02
201500003091,0,7,0,0.0,1.0,2.0,1.0,A01
201500003092,0,1,0,0.0,2.0,1.0,1.0,B02
201500003092,0,7,0,0.0,9.0,2.0,15.0,A01
201500003093,0,7,0,3.0,0.0,1.0,1.0,A01
201500003094,0,33,0,8.0,0.0,1.0,14.0,A01
201500003095,0,7,0,0.0,2.0,9.0,17.0,A01
201500003095,0,7,0,0.0,2.0,9.0,1.0,B02
201500003095,0,7,0,0.0,2.0,9.0,21.0,C03
201500003096,0,20,0,0.0,2.0,1.0,13.0,A01
201500003096,0,7,0,0.0,2.0,1.0,1.0,B02
201500003097,0,31,0,0.0,2.0,1.0,1.0,B02
201500003097,0,10,0,0.0,2.0,8.0,19.0,A01
201500003098,0,7,0,0.0,2.0,1.0,13.0,A01
201500003098,0,7,0,0.0,2.0,3.0,1.0,B02
201500003099,0,7,0,8.0,0.0,1.0,1.0,A01
201500003100,0,10,0,0.0,2.0,1.0,1.0,A01
201500003100,0,7,0,0.0,2.0,1.0,1.0,B02
201500003101,0,7,0,0.0,2.0,1.0,0.0,A01
201500003101,0,7,0,0.0,2.0,4.0,0.0,B02
201500003102,0,7,0,13.0,0.0,2.0,1.0,A01
201500003103,0,7,0,0.0,2.0,3.0,13.0,A01
201500003103,0,17,0,0.0,2.0,3.0,1.0,B02
201500003104,0,7,0,2.0,0.0,9.0,1.0,A01
201500003105,0,33,0,0.0,2.0,1.0,17.0,B02
201500003105,0,30,0,0.0,2.0,8.0,10.0,A01
201500003106,0,7,0,0.0,1.0,3.0,1.0,A01
201500003107,0,7,0,13.0,0.0,1.0,1.0,A01
201500003108,0,7,0,0.0,4.0,7.0,9.0,A01
201500003108,0,39,40,0.0,2.0,2.0,1.0,B02
201500003109,0,31,0,0.0,2.0,1.0,2.0,A01