Num_Acc,senc,catv,occutc,obs,obsm,choc,manv,num_veh
201500003109,0,14,0,0.0,2.0,6.0,2.0,B02
201500003110,0,7,0,0.0,2.0,3.0,15.0,B02
201500003110,0,33,0,0.0,2.0,1.0,17.0,A01
201500003111,0,10,0,0.0,2.0,8.0,13.0,A01
201500003111,0,17,0,0.0,2.0,8.0,21.0,B02
201500003112,0,7,0,0.0,2.0,7.0,15.0,A01
201500003112,0,33,0,0.0,2.0,7.0,1.0,B02
201500003113,0,7,0,13.0,0.0,1.0,1.0,A01
201500003114,0,7,0,0.0,2.0,1.0,1.0,A01
201500003114,0,21,0,0.0,2.0,4.0,1.0,B02
201500003115,0,7,0,2.0,0.0,0.0,1.0,A01
201500003116,0,7,0,0.0,2.0,3.0,9.0,B02
201500003116,0,7,0,0.0,2.0,2.0,1.0,A01
201500003117,0,10,0,16.0,0.0,9.0,1.0,A01
201500003118,0,7,0,6.0,0.0,1.0,1.0,A01
201500003119,0,7,0,0.0,2.0,1.0,1.0,B02
201500003119,0,14,0,0.0,2.0,7.0,1.0,A01
201500003120,0,7,0,0.0,2.0,3.0,1.0,B02
201500003120,0,7,0,0.0,2.0,2.0,5.0,A01
201500003121,0,7,0,2.0,0.0,2.0,1.0,A01
201500003122,0,7,0,0.0,1.0,2.0,2.0,A01
201500003123,0,7,0,0.0,2.0,3.0,13.0,A01
201500003123,0,14,0,0.0,2.0,3.0,1.0,B02
201500003124,0,7,0,0.0,2.0,6.0,1.0,A01
201500003124,0,7,0,0.0,2.0,1.0,0.0,B02
201500003125,0,7,0,0.0,2.0,1.0,2.0,A01
201500003125,0,7,0,0.0,2.0,6.0,2.0,B02
201500003126,0,7,0,0.0,2.0,8.0,1.0,A01
201500003126,0,33,0,0.0,2.0,1.0,0.0,B02
201500003127,0,7,0,13.0,0.0,1.0,1.0,A01
201500003128,0,7,0,0.0,2.0,2.0,15.0,A01
201500003128,0,30,0,0.0,2.0,1.0,1.0,B02
201500003129,0,10,0,16.0,0.0,9.0,1.0,A01
201500003130,0,7,0,0.0,2.0,1.0,1.0,A01
201500003130,0,7,0,0.0,2.0,1.0,15.0,B02
201500003131,0,21,0,0.0,2.0,0.0,1.0,A01
201500003131,0,30,0,0.0,2.0,1.0,1.0,B02
201500003132,0,10,0,0.0,2.0,3.0,13.0,A01
201500003132,0,37,40,0.0,2.0,3.0,1.0,B02
201500003133,0,7,0,13.0,0.0,9.0,1.0,A01
201500003134,0,7,0,0.0,2.0,1.0,1.0,B02
201500003134,0,7,0,0.0,2.0,8.0,10.0,A01
201500003135,0,7,0,0.0,1.0,3.0,1.0,A01
201500003136,0,7,0,2.0,0.0,8.0,17.0,A01
201500003137,0,7,0,0.0,2.0,6.0,9.0,A01
201500003137,0,7,0,0.0,2.0,1.0,1.0,B02
201500003138,0,33,0,0.0,2.0,1.0,17.0,A01
201500003138,0,20,0,0.0,2.0,5.0,17.0,B02
201500003138,0,21,0,0.0,0.0,8.0,1.0,C03
201500003139,0,10,0,0.0,2.0,4.0,1.0,A01
201500003139,0,2,0,0.0,2.0,1.0,1.0,B02
201500003140,0,7,0,8.0,0.0,1.0,14.0,A01
201500003141,0,14,0,0.0,2.0,1.0,1.0,B02
201500003141,0,35,0,0.0,2.0,7.0,19.0,A01
201500003142,0,2,0,0.0,2.0,3.0,21.0,A01
201500003142,0,7,0,0.0,2.0,3.0,13.0,B02
201500003143,0,7,0,13.0,0.0,1.0,1.0,A01
201500003144,0,7,0,0.0,1.0,1.0,14.0,A01
201500003145,0,7,0,2.0,0.0,7.0,1.0,A01
201500003146,0,7,0,13.0,0.0,3.0,1.0,A01
201500003147,0,36,0,16.0,0.0,9.0,1.0,A01
201500003148,0,7,0,2.0,0.0,1.0,19.0,A01
201500003149,1,7,0,0.0,1.0,3.0,13.0,A01
201500003150,0,7,0,2.0,0.0,2.0,1.0,A01
201500003151,0,33,0,0.0,2.0,2.0,17.0,B02
201500003151,0,7,0,0.0,2.0,6.0,11.0,A01
201500003152,0,7,0,0.0,6.0,1.0,6.0,A01
201500003153,0,7,0,0.0,2.0,4.0,9.0,B02
201500003153,0,7,0,0.0,2.0,4.0,1.0,D04
201500003153,0,7,0,0.0,2.0,5.0,9.0,C03
201500003153,0,10,0,0.0,2.0,1.0,1.0,A01
201500003153,0,10,0,0.0,2.0,8.0,1.0,E05
201500003154,0,7,0,0.0,2.0,1.0,11.0,B02
201500003154,0,7,0,0.0,2.0,8.0,15.0,A01
201500003155,0,7,0,2.0,0.0,1.0,1.0,A01
201500003156,0,1,0,0.0,2.0,1.0,13.0,A01
201500003156,0,7,0,0.0,2.0,3.0,1.0,B02
201500003157,0,33,0,8.0,0.0,1.0,1.0,A01
201500003158,0,7,0,0.0,2.0,2.0,2.0,A01
201500003158,0,1,0,0.0,0.0,4.0,2.0,B02
201500003159,0,7,0,0.0,2.0,2.0,1.0,A01
201500003159,0,1,0,0.0,0.0,5.0,19.0,B02
201500003160,0,7,0,0.0,2.0,1.0,13.0,A01
201500003160,0,7,0,0.0,2.0,1.0,1.0,B02
201500003160,0,7,0,0.0,2.0,8.0,1.0,C03
201500003160,0,10,0,0.0,2.0,1.0,1.0,D04
201500003161,0,7,0,0.0,0.0,0.0,1.0,A01
201500003162,0,7,0,0.0,2.0,2.0,9.0,A01
201500003162,0,10,0,0.0,0.0,3.0,1.0,B02
201500003163,0,7,0,0.0,0.0,9.0,1.0,A01
201500003164,0,7,0,0.0,2.0,3.0,13.0,A01
201500003164,0,7,0,0.0,2.0,3.0,1.0,B02
201500003165,0,7,0,1.0,1.0,1.0,1.0,A01
201500003165,0,21,0,0.0,2.0,8.0,24.0,B02
201500003166,0,1,0,0.0,2.0,7.0,1.0,A01
201500003166,0,10,0,0.0,9.0,5.0,4.0,B02
201500003167,0,7,0,0.0,2.0,7.0,13.0,A01
201500003167,0,7,0,0.0,2.0,1.0,1.0,B02
201500003168,0,7,0,0.0,2.0,1.0,17.0,A01
201500003168,0,7,0,0.0,2.0,3.0,1.0,B02
201500003169,0,7,0,0.0,1.0,2.0,1.0,A01
201500003170,0,7,0,0.0,2.0,3.0,15.0,A01
201500003170,0,33,0,0.0,2.0,1.0,1.0,B02
201500003171,0,7,0,0.0,2.0,1.0,1.0,A01
201500003171,0,7,0,0.0,2.0,1.0,1.0,B02
201500003172,0,7,0,8.0,0.0,9.0,13.0,A01
201500003173,0,7,0,0.0,2.0,2.0,1.0,B02
201500003173,0,7,0,0.0,2.0,2.0,15.0,A01
201500003174,0,33,0,16.0,0.0,8.0,1.0,A01
201500003175,0,7,0,0.0,2.0,8.0,1.0,B02
201500003175,0,7,0,0.0,2.0,2.0,19.0,A01
201500003176,0,7,0,0.0,2.0,7.0,22.0,A01
201500003176,0,1,0,1.0,2.0,7.0,1.0,B02
201500003177,0,7,0,0.0,2.0,2.0,1.0,B02
201500003177,0,7,0,0.0,2.0,2.0,19.0,A01
201500003178,0,10,0,16.0,0.0,1.0,1.0,A01
201500003179,0,7,0,0.0,1.0,1.0,13.0,A01
201500003180,0,7,0,0.0,2.0,3.0,1.0,A01
201500003180,0,7,0,0.0,2.0,1.0,13.0,B02
201500003181,0,33,0,0.0,0.0,0.0,1.0,A01
201500003182,0,7,0,2.0,0.0,1.0,13.0,A01
201500003183,0,7,0,0.0,1.0,3.0,1.0,A01
201500003184,0,7,0,0.0,2.0,2.0,13.0,A01
201500003184,0,33,0,0.0,2.0,6.0,15.0,B02
201500003185,0,7,0,0.0,1.0,1.0,1.0,A01
201500003186,0,7,0,3.0,0.0,0.0,1.0,A01
201500003187,0,7,0,13.0,0.0,8.0,1.0,A01
201500003188,0,7,0,0.0,0.0,2.0,14.0,A01
201500003189,0,7,0,8.0,0.0,2.0,14.0,A01
201500003190,0,7,0,0.0,1.0,2.0,1.0,A01
201500003191,0,7,0,0.0,2.0,1.0,1.0,B02
201500003191,0,7,0,0.0,2.0,3.0,16.0,A01
201500003192,0,1,0,0.0,0.0,1.0,9.0,B02
201500003192,0,7,0,0.0,0.0,2.0,1.0,A01
201500003193,0,30,0,0.0,0.0,4.0,2.0,B02
201500003193,0,7,0,0.0,2.0,1.0,2.0,A01
201500003194,0,7,0,0.0,2.0,8.0,19.0,A01
201500003194,0,33,0,0.0,2.0,1.0,1.0,B02
201500003195,0,33,0,6.0,0.0,1.0,1.0,A01
201500003196,0,7,0,2.0,0.0,2.0,1.0,A01
201500003197,0,7,0,0.0,1.0,8.0,1.0,A01
201500003198,0,2,0,0.0,2.0,1.0,1.0,B02
201500003198,0,7,0,0.0,2.0,7.0,19.0,A01
201500003199,0,7,0,0.0,2.0,2.0,1.0,A01
201500003199,0,10,0,0.0,2.0,3.0,1.0,B02
201500003200,0,1,0,0.0,2.0,1.0,17.0,B02
201500003200,0,7,0,0.0,9.0,3.0,15.0,A01
201500003201,0,33,0,0.0,2.0,1.0,17.0,A01
201500003201,0,7,0,0.0,0.0,6.0,19.0,B02
201500003202,0,7,0,0.0,2.0,8.0,19.0,A01
201500003202,0,33,0,0.0,2.0,1.0,17.0,B02
201500003203,0,7,0,0.0,2.0,3.0,13.0,A01
201500003203,0,7,0,0.0,2.0,3.0,13.0,B02
201500003204,0,7,0,0.0,2.0,7.0,1.0,B02
201500003204,0,30,0,0.0,2.0,1.0,9.0,A01
201500003205,0,7,0,16.0,0.0,2.0,1.0,A01
201500003206,0,10,0,0.0,2.0,1.0,1.0,B02
201500003206,0,7,0,0.0,2.0,1.0,13.0,A01
201500003207,0,10,0,0.0,2.0,8.0,1.0,A01
201500003207,0,7,0,0.0,2.0,1.0,19.0,B02
201500003208,0,7,0,13.0,0.0,1.0,1.0,A01
201500003209,0,7,0,0.0,2.0,3.0,15.0,A01
201500003209,0,33,0,0.0,2.0,3.0,1.0,B02
201500003210,0,33,0,13.0,0.0,1.0,1.0,A01
201500003211,0,7,0,14.0,1.0,1.0,2.0,A01
201500003211,0,7,0,0.0,2.0,9.0,23.0,B01
201500003212,0,33,0,0.0,2.0,2.0,1.0,B02
201500003212,0,10,0,0.0,2.0,2.0,19.0,A01
201500003213,0,7,0,0.0,0.0,3.0,15.0,A01
201500003213,0,33,0,0.0,2.0,2.0,17.0,B02
201500003214,0,7,0,1.0,0.0,1.0,13.0,A01
201500003215,0,33,0,0.0,1.0,1.0,1.0,A01
201500003216,0,31,0,0.0,2.0,8.0,1.0,A01
201500003216,0,7,0,0.0,2.0,7.0,9.0,B02
201500003217,0,7,0,0.0,2.0,2.0,2.0,A01
201500003217,0,1,0,0.0,2.0,4.0,2.0,B02
201500003218,0,7,0,0.0,1.0,2.0,1.0,A01
201500003219,0,1,0,0.0,2.0,4.0,15.0,A01
201500003219,0,7,0,0.0,2.0,1.0,19.0,B02
201500003220,0,7,0,13.0,0.0,7.0,1.0,A01
201500003221,0,7,0,2.0,0.0,1.0,1.0,A01
201500003222,0,10,0,10.0,0.0,8.0,1.0,A01
201500003223,0,30,0,0.0,2.0,1.0,13.0,A01
201500003223,0,7,0,0.0,2.0,3.0,1.0,B02
201500003224,0,30,0,0.0,0.0,8.0,1.0,A01
201500003225,0,30,0,1.0,0.0,2.0,1.0,A01
201500003226,0,7,0,0.0,2.0,8.0,4.0,A01
201500003226,0,33,0,0.0,2.0,1.0,1.0,B02
201500003227,0,7,0,0.0,2.0,2.0,1.0,A01
201500003227,0,1,0,0.0,2.0,8.0,1.0,B02
201500003228,0,7,0,13.0,0.0,2.0,13.0,A01
201500003229,0,7,0,8.0,2.0,1.0,1.0,A01
201500003229,0,1,0,0.0,9.0,1.0,5.0,B02
201500003229,0,1,0,0.0,9.0,1.0,1.0,C03
201500003230,0,7,0,0.0,2.0,2.0,1.0,B02
201500003230,0,30,0,0.0,2.0,7.0,16.0,A01
201500003231,0,7,0,0.0,1.0,2.0,2.0,A01
201500003232,0,7,0,2.0,0.0,8.0,1.0,A01
201500003233,0,1,0,0.0,2.0,1.0,0.0,B02
201500003233,0,1,0,0.0,9.0,1.0,0.0,A01
201500003234,0,10,0,0.0,2.0,1.0,1.0,B02
201500003234,0,7,0,0.0,2.0,4.0,15.0,A01
201500003235,0,33,0,0.0,0.0,8.0,1.0,A01
201500003236,0,33,0,6.0,0.0,2.0,1.0,A01
201500003237,0,17,0,0.0,0.0,6.0,15.0,A01
201500003237,0,33,0,0.0,2.0,2.0,17.0,B02
201500003238,0,7,0,6.0,0.0,1.0,1.0,A01
201500003239,0,7,0,6.0,0.0,1.0,14.0,A01
201500003240,0,7,0,3.0,2.0,1.0,13.0,A01
201500003240,0,7,0,0.0,2.0,6.0,1.0,B02
201500003241,0,7,0,0.0,2.0,2.0,15.0,A01
201500003241,0,7,0,0.0,2.0,1.0,1.0,B02
201500003241,0,7,0,0.0,2.0,5.0,15.0,C03
201500003242,0,31,0,6.0,0.0,1.0,1.0,A01
201500003243,0,7,0,2.0,0.0,3.0,13.0,A01
201500003244,0,7,0,0.0,2.0,2.0,13.0,A01
201500003244,0,7,0,0.0,2.0,3.0,1.0,B02
201500003245,0,7,0,2.0,0.0,3.0,2.0,A01
201500003246,0,7,0,0.0,2.0,7.0,1.0,A01
201500003246,0,7,0,0.0,2.0,1.0,9.0,B02
201500003247,0,7,0,2.0,0.0,8.0,1.0,A01
201500003248,0,17,0,13.0,0.0,8.0,21.0,A01
201500003249,0,7,0,2.0,0.0,3.0,1.0,A01
201500003250,0,10,0,0.0,0.0,2.0,13.0,A01
201500003251,0,33,0,0.0,2.0,2.0,2.0,A01
201500003251,0,7,0,0.0,2.0,3.0,15.0,B02
201500003252,0,30,0,9.0,0.0,1.0,1.0,A01
201500003253,0,31,0,0.0,0.0,0.0,0.0,A01
201500003254,0,7,0,0.0,2.0,3.0,1.0,A01
201500003254,0,7,0,0.0,2.0,1.0,9.0,B02
201500003255,0,7,0,0.0,2.0,1.0,13.0,A01
201500003255,0,7,0,0.0,2.0,2.0,1.0,B02
201500003256,0,7,0,0.0,2.0,1.0,1.0,B02
201500003256,0,30,0,0.0,2.0,8.0,9.0,A01
201500003257,0,33,0,0.0,2.0,1.0,17.0,A01
201500003257,0,2,0,0.0,2.0,8.0,1.0,B02
201500003257,0,7,0,0.0,2.0,1.0,1.0,C03
201500003258,0,7,0,0.0,2.0,2.0,1.0,A01
201500003258,0,7,0,0.0,2.0,3.0,6.0,B02
201500003259,0,7,0,13.0,0.0,7.0,1.0,A01
201500003260,0,7,0,0.0,2.0,8.0,1.0,B02
201500003260,0,7,0,0.0,2.0,3.0,13.0,A01
201500003260,0,7,0,0.0,2.0,3.0,1.0,C03
201500003261,0,7,0,0.0,2.0,1.0,1.0,B02
201500003261,0,7,0,0.0,2.0,1.0,13.0,A01
201500003262,0,7,0,13.0,0.0,2.0,1.0,A01
201500003263,0,7,0,0.0,2.0,2.0,15.0,A01
201500003263,0,7,0,0.0,2.0,1.0,1.0,B02
201500003264,0,33,0,0.0,2.0,7.0,1.0,B02
201500003264,0,7,0,0.0,2.0,3.0,9.0,A01
201500003265,0,7,0,0.0,2.0,2.0,17.0,A01
201500003265,0,7,0,0.0,2.0,3.0,15.0,B02
201500003266,0,7,0,2.0,0.0,3.0,13.0,A01
201500003267,0,7,0,0.0,2.0,2.0,13.0,A01
201500003267,0,7,0,0.0,2.0,2.0,1.0,B02
201500003268,0,7,0,13.0,0.0,2.0,1.0,A01
201500003269,0,7,0,0.0,1.0,3.0,2.0,A01
201500003270,0,30,0,0.0,2.0,1.0,1.0,A01
201500003270,0,7,0,0.0,2.0,3.0,15.0,B02
201500003271,0,7,0,15.0,0.0,7.0,1.0,A01
201500003272,0,7,0,6.0,0.0,1.0,15.0,A01
201500003273,0,33,0,0.0,0.0,0.0,14.0,A01
201500003274,0,7,0,0.0,2.0,8.0,1.0,B02
201500003274,0,33,0,0.0,2.0,1.0,1.0,A01
201500003275,0,7,0,0.0,2.0,3.0,1.0,A01
201500003275,0,2,0,0.0,2.0,1.0,1.0,B02
201500003276,0,33,0,0.0,2.0,1.0,1.0,B02
201500003276,0,7,0,0.0,2.0,3.0,15.0,A01
201500003277,0,7,0,0.0,1.0,4.0,4.0,A01
201500003278,0,30,0,14.0,0.0,1.0,13.0,A01
201500003279,0,7,0,0.0,0.0,9.0,1.0,A01
201500003280,0,7,0,1.0,1.0,5.0,4.0,A01
201500003281,0,7,0,0.0,2.0,5.0,16.0,A01
201500003281,0,2,0,0.0,2.0,3.0,1.0,B02
201500003282,0,7,0,0.0,0.0,1.0,1.0,A01
201500003283,0,7,0,0.0,2.0,1.0,13.0,A01
201500003283,0,10,0,0.0,2.0,1.0,1.0,B02
201500003283,0,7,0,0.0,2.0,8.0,1.0,C03
201500003284,0,7,0,0.0,2.0,9.0,1.0,A01
201500003284,1,7,0,0.0,2.0,3.0,9.0,B02
201500003285,0,7,0,13.0,0.0,3.0,13.0,A01
201500003286,0,7,0,0.0,2.0,1.0,0.0,C03
201500003286,0,7,0,0.0,2.0,1.0,2.0,B02
201500003286,0,7,0,0.0,0.0,4.0,15.0,A01
201500003287,0,10,0,0.0,2.0,4.0,23.0,B02
201500003287,0,1,0,1.0,0.0,1.0,2.0,A01
201500003288,0,1,0,0.0,2.0,6.0,1.0,C03
201500003288,0,7,0,0.0,2.0,3.0,1.0,A01
201500003288,0,1,0,0.0,2.0,6.0,1.0,B02
201500003289,0,7,0,0.0,2.0,1.0,1.0,A01
201500003289,0,7,0,0.0,2.0,8.0,19.0,B02
201500003290,0,7,0,0.0,2.0,6.0,15.0,B02
201500003290,0,33,0,0.0,2.0,1.0,2.0,A01
201500003291,0,7,0,0.0,2.0,3.0,13.0,A01
201500003291,0,10,0,0.0,2.0,1.0,1.0,C03
201500003291,0,7,0,0.0,2.0,3.0,1.0,B02
201500003292,0,2,0,0.0,2.0,1.0,1.0,B02
201500003292,0,7,0,0.0,2.0,3.0,15.0,A01
201500003293,0,7,0,0.0,2.0,1.0,13.0,A01
201500003293,0,7,0,0.0,2.0,1.0,1.0,B02
201500003294,0,7,0,0.0,2.0,1.0,1.0,A01
201500003294,0,10,0,0.0,0.0,7.0,19.0,B02
201500003295,0,7,0,0.0,2.0,1.0,1.0,B02
201500003295,0,3,0,0.0,0.0,4.0,1.0,A01
201500003296,0,7,0,0.0,2.0,4.0,23.0,B02
201500003296,0,33,0,0.0,2.0,1.0,1.0,A01
201500003297,0,10,0,0.0,2.0,2.0,17.0,A01
201500003297,0,30,0,0.0,2.0,8.0,15.0,B02
201500003298,0,7,0,0.0,2.0,7.0,15.0,A01
201500003298,0,7,0,0.0,2.0,3.0,1.0,B02
201500003299,0,7,0,15.0,0.0,3.0,1.0,A01
201500003300,0,7,0,1.0,0.0,1.0,13.0,A01
201500003301,0,7,0,8.0,0.0,3.0,13.0,A01
201500003302,0,7,0,0.0,2.0,3.0,13.0,A01
201500003302,0,7,0,0.0,2.0,3.0,1.0,B02
201500003303,0,33,0,0.0,2.0,1.0,1.0,B02
201500003303,0,7,0,0.0,2.0,3.0,19.0,A01
201500003304,0,2,0,0.0,0.0,7.0,1.0,B02
201500003304,0,7,0,0.0,2.0,1.0,19.0,A01
201500003305,0,10,0,0.0,2.0,7.0,19.0,B02
201500003305,0,7,0,0.0,2.0,1.0,1.0,A01
201500003306,0,31,0,0.0,2.0,1.0,1.0,B02
201500003306,0,10,0,0.0,2.0,2.0,15.0,A01
201500003307,0,1,0,0.0,5.0,1.0,1.0,A01
201500003308,0,10,0,0.0,2.0,1.0,19.0,A01
201500003308,0,3,0,0.0,2.0,7.0,19.0,B02
201500003309,0,7,0,0.0,2.0,3.0,1.0,A01
201500003309,0,7,0,0.0,2.0,1.0,1.0,B02
201500003310,0,7,0,0.0,1.0,1.0,1.0,A01
201500003311,0,7,0,8.0,2.0,1.0,1.0,A01
201500003311,0,10,0,0.0,2.0,5.0,17.0,B02
201500003312,0,2,0,0.0,2.0,2.0,15.0,A01
201500003312,0,10,0,0.0,2.0,1.0,1.0,B02
201500003313,0,31,0,0.0,2.0,1.0,1.0,A01
201500003313,0,7,0,0.0,9.0,5.0,1.0,B02
201500003314,0,7,0,2.0,0.0,3.0,13.0,A01
201500003315,0,7,0,0.0,2.0,3.0,1.0,A01
201500003315,0,2,0,0.0,2.0,1.0,1.0,B02
201500003316,0,33,0,6.0,0.0,8.0,13.0,A01
201500003317,0,7,0,0.0,2.0,8.0,1.0,A01
201500003317,0,7,0,0.0,2.0,1.0,19.0,B02
201500003318,0,10,0,0.0,2.0,3.0,1.0,B02
201500003318,0,7,0,0.0,2.0,3.0,13.0,A01
201500003319,0,7,0,2.0,0.0,3.0,1.0,A01
201500003320,0,30,0,0.0,2.0,1.0,1.0,A01
201500003320,0,10,0,0.0,2.0,2.0,1.0,B02
201500003321,0,7,0,13.0,0.0,9.0,1.0,A01
201500003322,0,7,0,0.0,2.0,8.0,19.0,A01
201500003322,0,7,0,0.0,2.0,1.0,1.0,B02
201500003323,0,7,0,15.0,0.0,8.0,1.0,A01
201500003324,0,7,0,0.0,2.0,2.0,1.0,B02
201500003324,0,21,0,0.0,2.0,3.0,1.0,A01
201500003325,0,7,0,0.0,2.0,1.0,1.0,B02
201500003325,0,7,0,8.0,0.0,7.0,1.0,A01
201500003326,0,7,0,0.0,2.0,3.0,1.0,A01
201500003326,0,7,0,0.0,2.0,2.0,0.0,B02
201500003327,0,7,0,0.0,2.0,1.0,1.0,B02
201500003327,0,7,0,0.0,2.0,7.0,21.0,A01
201500003328,0,7,0,13.0,0.0,0.0,1.0,A01
201500003329,0,7,0,2.0,0.0,3.0,1.0,A01
201500003330,0,7,0,0.0,2.0,2.0,1.0,A01
201500003330,0,10,0,0.0,2.0,2.0,1.0,B02
201500003331,0,30,0,0.0,2.0,1.0,13.0,A01
201500003331,0,7,0,0.0,2.0,1.0,1.0,B02
201500003332,0,7,0,0.0,2.0,3.0,13.0,A01
201500003332,0,7,0,0.0,2.0,3.0,1.0,B02
201500003333,0,7,0,0.0,2.0,8.0,19.0,A02
201500003333,0,7,0,0.0,2.0,1.0,1.0,B02
201500003334,0,7,0,2.0,0.0,8.0,13.0,A01
201500003335,0,7,0,13.0,0.0,1.0,15.0,A01
201500003336,0,7,0,0.0,1.0,3.0,1.0,A01
201500003337,0,30,0,0.0,2.0,1.0,1.0,A01
201500003337,0,7,0,0.0,2.0,3.0,1.0,B02
201500003338,0,7,0,0.0,2.0,6.0,2.0,B02
201500003338,0,30,0,0.0,2.0,1.0,2.0,A01
201500003339,0,7,0,2.0,0.0,8.0,1.0,A01
201500003340,0,7,0,0.0,0.0,2.0,15.0,A01
201500003340,0,33,0,0.0,0.0,1.0,0.0,B01
201500003341,0,7,0,0.0,2.0,3.0,13.0,A01
201500003341,0,14,0,0.0,2.0,8.0,1.0,B01
201500003342,0,7,0,0.0,2.0,3.0,1.0,B01
201500003342,0,7,0,0.0,2.0,3.0,15.0,A01
201500003343,0,1,0,0.0,2.0,1.0,1.0,B01
201500003343,0,7,0,0.0,2.0,2.0,15.0,A01
201500003344,0,15,0,0.0,2.0,1.0,1.0,D01
201500003344,0,7,0,0.0,2.0,3.0,13.0,A01
201500003344,0,14,0,0.0,2.0,3.0,1.0,B01
201500003345,0,7,0,0.0,2.0,1.0,1.0,B02
201500003345,0,36,0,0.0,2.0,1.0,13.0,A01
201500003346,0,7,0,0.0,2.0,3.0,17.0,A01
201500003346,0,7,0,0.0,2.0,3.0,1.0,B01
201500003347,0,7,0,8.0,0.0,3.0,1.0,A01
201500003348,0,7,0,0.0,2.0,8.0,15.0,A01
201500003348,0,7,0,0.0,2.0,1.0,1.0,B01
201500003349,0,7,0,0.0,2.0,1.0,17.0,A01
201500003349,0,7,0,0.0,2.0,1.0,1.0,B01
201500003350,0,3,0,13.0,0.0,1.0,1.0,A01
201500003351,0,7,0,0.0,2.0,2.0,13.0,A01
201500003351,0,10,0,0.0,2.0,1.0,1.0,B01
201500003352,0,7,0,6.0,0.0,3.0,1.0,A01
201500003353,0,7,0,0.0,2.0,3.0,1.0,B02
201500003353,0,7,0,0.0,2.0,1.0,1.0,C03
201500003353,0,7,0,0.0,2.0,1.0,13.0,A01
201500003354,0,1,0,0.0,2.0,1.0,1.0,B02
201500003354,0,7,0,0.0,2.0,2.0,15.0,A01
201500003355,0,7,0,0.0,2.0,6.0,19.0,A01
201500003355,0,33,0,0.0,2.0,1.0,21.0,B02
201500003356,0,10,0,2.0,0.0,3.0,1.0,A01
201500003357,0,7,0,0.0,2.0,7.0,13.0,A01
201500003357,0,10,0,0.0,2.0,1.0,1.0,B01
201500003358,0,30,0,5.0,0.0,5.0,0.0,A01
201500003359,0,10,0,2.0,0.0,3.0,1.0,A01
201500003360,0,7,0,0.0,2.0,7.0,19.0,B02
201500003360,0,7,0,0.0,2.0,1.0,1.0,A01
201500003361,0,7,0,0.0,2.0,2.0,1.0,B01
201500003361,0,7,0,0.0,2.0,3.0,5.0,A01
201500003362,0,14,0,0.0,2.0,3.0,1.0,B01
201500003362,0,7,0,0.0,2.0,3.0,13.0,A01
201500003363,0,7,0,13.0,0.0,1.0,1.0,A01
201500003364,0,7,0,0.0,2.0,1.0,1.0,A01
201500003364,0,7,0,0.0,2.0,1.0,1.0,B02
201500003365,0,7,0,0.0,2.0,1.0,13.0,A01
201500003365,0,10,0,0.0,2.0,2.0,1.0,B01
201500003366,0,7,0,0.0,1.0,2.0,1.0,A01
201500003367,0,7,0,14.0,0.0,2.0,1.0,A01
201500003368,0,33,0,0.0,2.0,8.0,21.0,A01
201500003368,0,10,0,0.0,2.0,8.0,1.0,B01
201500003369,0,7,0,0.0,2.0,2.0,1.0,C01
201500003369,0,7,0,0.0,2.0,2.0,13.0,A01
201500003369,0,7,0,0.0,2.0,8.0,1.0,B01
201500003370,0,17,0,1.0,0.0,1.0,1.0,A01
201500003370,0,10,0,1.0,0.0,4.0,24.0,C03
201500003370,0,17,0,1.0,0.0,4.0,24.0,B02
201500003370,0,17,0,0.0,2.0,4.0,24.0,D04
201500003371,0,7,0,0.0,2.0,1.0,5.0,A01
201500003371,0,7,0,0.0,2.0,1.0,1.0,B02
201500003372,0,7,0,0.0,2.0,8.0,10.0,A01
201500003372,0,7,0,0.0,2.0,1.0,1.0,B02
201500003373,0,7,0,0.0,2.0,1.0,1.0,B01
201500003373,0,7,0,0.0,2.0,1.0,13.0,A01
201500003374,0,33,0,2.0,0.0,1.0,1.0,A01
201500003375,0,10,0,2.0,0.0,1.0,1.0,A01
201500003376,0,7,0,0.0,2.0,2.0,15.0,A01
201500003376,0,33,0,0.0,2.0,1.0,1.0,B01
201500003377,0,7,0,0.0,2.0,3.0,1.0,A01
201500003377,0,14,0,0.0,2.0,3.0,1.0,B01
201500003378,0,7,0,2.0,0.0,1.0,1.0,A01
201500003379,0,7,0,0.0,2.0,5.0,24.0,A01
201500003379,0,2,0,1.0,0.0,2.0,14.0,B01
201500003380,0,7,0,13.0,0.0,1.0,14.0,A01
201500003381,0,7,0,0.0,2.0,3.0,17.0,A01
201500003381,0,7,0,0.0,0.0,3.0,1.0,B01
201500003382,0,7,0,0.0,2.0,1.0,5.0,A01
201500003382,0,15,0,0.0,2.0,1.0,0.0,B02
201500003383,0,10,0,3.0,0.0,2.0,1.0,A01
201500003384,0,7,0,0.0,9.0,1.0,1.0,A01
201500003384,0,1,0,0.0,2.0,7.0,1.0,B01
201500003385,0,30,0,0.0,2.0,1.0,0.0,B01
201500003385,0,7,0,0.0,2.0,1.0,5.0,A01
201500003386,0,7,0,8.0,0.0,3.0,1.0,A01
201500003387,0,7,0,0.0,1.0,1.0,1.0,A01
201500003388,0,7,0,0.0,2.0,3.0,15.0,B02
201500003388,0,31,0,0.0,2.0,2.0,17.0,A01
201500003389,0,7,0,0.0,1.0,1.0,1.0,A01