Num_Acc,senc,catv,occutc,obs,obsm,choc,manv,num_veh
201500003390,0,7,0,13.0,0.0,1.0,1.0,A01
201500003391,0,33,0,0.0,6.0,3.0,1.0,A01
201500003392,0,7,0,0.0,2.0,7.0,15.0,A01
201500003392,0,33,0,0.0,2.0,1.0,1.0,B02
201500003393,0,33,0,0.0,0.0,8.0,14.0,A01
201500003394,0,7,0,0.0,0.0,9.0,1.0,A01
201500003395,0,7,0,0.0,9.0,1.0,19.0,B01
201500003395,0,1,0,0.0,0.0,8.0,1.0,A01
201500003396,0,31,0,0.0,2.0,3.0,1.0,B01
201500003396,0,7,0,0.0,2.0,3.0,15.0,A01
201500003397,0,10,0,0.0,2.0,1.0,1.0,B01
201500003397,0,7,0,0.0,2.0,1.0,5.0,A01
201500003398,0,7,0,0.0,0.0,1.0,13.0,A01
201500003398,0,10,0,0.0,0.0,1.0,1.0,B02
201500003399,0,31,0,0.0,2.0,5.0,1.0,B01
201500003399,0,10,0,0.0,2.0,3.0,1.0,A01
201500003400,0,7,0,0.0,1.0,2.0,1.0,A01
201500003401,0,33,0,0.0,0.0,1.0,1.0,B02
201500003401,0,33,0,0.0,0.0,1.0,1.0,C03
201500003401,0,33,0,0.0,0.0,1.0,1.0,D04
201500003401,0,33,0,0.0,0.0,1.0,1.0,A01
201500003402,0,33,0,0.0,2.0,1.0,1.0,B01
201500003402,0,7,0,0.0,2.0,8.0,15.0,A01
201500003403,0,7,0,0.0,2.0,5.0,15.0,A01
201500003403,0,33,0,0.0,2.0,1.0,1.0,B02
201500003403,0,10,0,0.0,2.0,1.0,1.0,C03
201500003404,0,30,0,0.0,2.0,1.0,1.0,A01
201500003404,0,31,0,0.0,2.0,4.0,10.0,B02
201500003405,0,7,0,2.0,0.0,1.0,1.0,A01
201500003406,0,7,0,2.0,0.0,8.0,1.0,A01
201500003407,0,7,0,0.0,2.0,3.0,13.0,A01
201500003407,0,7,0,0.0,2.0,3.0,1.0,B02
201500003408,0,33,0,0.0,0.0,7.0,1.0,A01
201500003409,0,30,0,0.0,2.0,3.0,1.0,A01
201500003409,0,7,0,0.0,2.0,3.0,1.0,B02
201500003410,0,7,0,0.0,2.0,1.0,1.0,A01
201500003410,0,7,0,0.0,2.0,1.0,1.0,B01
201500003411,0,7,0,0.0,2.0,3.0,23.0,A01
201500003411,0,31,0,1.0,0.0,7.0,1.0,B02
201500003412,0,7,0,0.0,2.0,1.0,15.0,A01
201500003412,0,7,0,0.0,2.0,3.0,1.0,B02
201500003413,0,33,0,16.0,0.0,7.0,1.0,A01
201500003414,0,7,0,0.0,2.0,1.0,1.0,A01
201500003414,0,7,0,0.0,2.0,1.0,1.0,B01
201500003415,0,2,0,0.0,2.0,1.0,1.0,B02
201500003415,0,10,0,0.0,2.0,2.0,1.0,A01
201500003416,0,7,0,0.0,2.0,1.0,1.0,C03
201500003416,0,7,0,0.0,2.0,7.0,15.0,A01
201500003416,0,2,0,0.0,2.0,1.0,1.0,B02
201500003417,0,7,0,0.0,2.0,3.0,13.0,A01
201500003417,0,7,0,0.0,2.0,3.0,1.0,B02
201500003418,0,33,0,0.0,2.0,4.0,1.0,B02
201500003418,0,33,0,0.0,2.0,1.0,1.0,A01
201500003419,0,10,0,0.0,2.0,3.0,13.0,A01
201500003419,0,33,0,0.0,2.0,1.0,1.0,B02
201500003420,0,1,0,0.0,2.0,1.0,15.0,A01
201500003420,0,7,0,0.0,9.0,1.0,1.0,B02
201500003421,0,7,0,0.0,1.0,1.0,0.0,A01
201500003422,0,7,0,13.0,0.0,1.0,6.0,A01
201500003423,0,7,0,0.0,2.0,1.0,1.0,C01
201500003423,0,7,0,0.0,2.0,8.0,1.0,B01
201500003423,0,7,0,0.0,2.0,1.0,13.0,A01
201500003424,0,33,0,0.0,1.0,1.0,1.0,A01
201500003425,0,7,0,0.0,2.0,7.0,13.0,A01
201500003425,0,7,0,0.0,2.0,2.0,1.0,B01
201500003426,0,7,0,0.0,1.0,1.0,1.0,A01
201500003427,0,33,0,0.0,0.0,7.0,1.0,A01
201500003428,0,10,0,0.0,2.0,2.0,1.0,A01
201500003428,0,10,0,0.0,2.0,3.0,15.0,B01
201500003429,0,7,0,0.0,2.0,2.0,1.0,B01
201500003429,0,7,0,0.0,2.0,1.0,13.0,A01
201500003430,0,7,0,12.0,0.0,1.0,1.0,A01
201500003431,0,7,0,0.0,2.0,2.0,1.0,B02
201500003431,0,2,0,0.0,2.0,7.0,15.0,A01
201500003432,0,7,0,0.0,2.0,1.0,1.0,A01
201500003432,0,7,0,0.0,2.0,2.0,1.0,B02
201500003433,0,7,0,0.0,2.0,2.0,13.0,A01
201500003433,0,7,0,0.0,2.0,1.0,1.0,B02
201500003434,0,34,0,0.0,0.0,7.0,1.0,A01
201500003435,0,7,0,0.0,2.0,3.0,1.0,B01
201500003435,0,7,0,0.0,2.0,3.0,17.0,A01
201500003436,0,33,0,0.0,2.0,1.0,13.0,A01
201500003436,0,7,0,0.0,2.0,1.0,1.0,B01
201500003437,0,7,0,0.0,1.0,8.0,1.0,A01
201500003438,0,7,0,2.0,0.0,1.0,1.0,A01
201500003439,0,7,0,0.0,2.0,2.0,1.0,A01
201500003439,0,1,0,0.0,2.0,1.0,19.0,B01
201500003440,0,7,0,0.0,2.0,1.0,13.0,A01
201500003440,0,7,0,0.0,2.0,1.0,1.0,B02
201500003441,0,7,0,0.0,1.0,2.0,1.0,A01
201500003442,0,7,0,6.0,0.0,1.0,13.0,A01
201500003443,0,7,0,2.0,0.0,3.0,13.0,A01
201500003444,0,31,0,6.0,0.0,7.0,14.0,A01
201500003445,0,7,0,2.0,0.0,1.0,1.0,A01
201500003446,0,7,0,2.0,0.0,1.0,1.0,A01
201500003447,0,7,0,8.0,2.0,1.0,17.0,A01
201500003448,0,7,0,0.0,2.0,1.0,1.0,A01
201500003448,0,30,0,0.0,0.0,6.0,1.0,B02
201500003449,0,7,0,0.0,1.0,3.0,1.0,A01
201500003450,0,7,0,0.0,2.0,2.0,1.0,A01
201500003450,0,7,0,0.0,2.0,3.0,15.0,B02
201500003451,0,10,0,0.0,1.0,2.0,1.0,A01
201500003452,0,30,0,0.0,0.0,8.0,1.0,A01
201500003453,0,33,0,13.0,0.0,1.0,1.0,A01
201500003454,0,7,0,8.0,0.0,8.0,14.0,A01
201500003455,0,7,0,8.0,0.0,3.0,1.0,A01
201500003456,0,7,0,0.0,0.0,1.0,15.0,A01
201500003457,0,7,0,13.0,0.0,7.0,1.0,A01
201500003458,0,31,0,12.0,0.0,0.0,1.0,A01
201500003459,0,7,0,0.0,2.0,1.0,1.0,B02
201500003459,0,7,0,0.0,0.0,6.0,9.0,A01
201500003460,0,7,0,0.0,1.0,2.0,1.0,A01
201500003461,0,7,0,0.0,2.0,5.0,15.0,A01
201500003461,0,33,0,0.0,2.0,1.0,1.0,B02
201500003462,0,7,0,13.0,0.0,1.0,1.0,A01
201500003463,0,7,0,0.0,0.0,3.0,1.0,B02
201500003463,0,7,0,0.0,0.0,1.0,13.0,A01
201500003464,0,30,0,0.0,1.0,1.0,1.0,A01
201500003465,0,33,0,0.0,2.0,1.0,21.0,A01
201500003465,0,10,0,0.0,2.0,3.0,15.0,B02
201500003466,0,33,0,0.0,2.0,1.0,1.0,B02
201500003466,0,10,0,0.0,0.0,3.0,17.0,A01
201500003467,0,7,0,0.0,2.0,3.0,1.0,A01
201500003467,0,7,0,0.0,2.0,3.0,1.0,B02
201500003468,0,7,0,13.0,0.0,1.0,19.0,A01
201500003469,0,7,0,0.0,2.0,3.0,19.0,A01
201500003469,0,33,0,2.0,2.0,1.0,1.0,B02
201500003470,0,7,0,0.0,1.0,3.0,1.0,A01
201500003471,0,7,0,0.0,0.0,8.0,17.0,A01
201500003471,0,33,0,13.0,2.0,9.0,17.0,B02
201500003472,0,33,0,0.0,9.0,1.0,1.0,A01
201500003472,0,1,0,0.0,2.0,4.0,13.0,B02
201500003473,0,7,0,2.0,0.0,3.0,1.0,A01
201500003474,0,7,0,0.0,2.0,3.0,5.0,A01
201500003474,0,30,0,0.0,2.0,2.0,16.0,B02
201500003475,0,30,0,0.0,0.0,0.0,2.0,A01
201500003476,0,7,0,0.0,2.0,1.0,1.0,A01
201500003476,0,7,0,0.0,2.0,3.0,15.0,B02
201500003477,0,7,0,0.0,2.0,1.0,1.0,B02
201500003477,0,7,0,0.0,2.0,8.0,19.0,A01
201500003478,0,7,0,2.0,0.0,1.0,2.0,A01
201500003479,0,7,0,13.0,0.0,1.0,14.0,A01
201500003480,0,30,0,0.0,2.0,1.0,1.0,A01
201500003480,0,7,0,0.0,2.0,2.0,15.0,B02
201500003481,0,7,0,8.0,0.0,3.0,1.0,A01
201500003482,0,7,0,2.0,0.0,2.0,13.0,A01
201500003483,0,30,0,0.0,2.0,1.0,1.0,B02
201500003483,0,7,0,0.0,2.0,7.0,15.0,A01
201500003484,0,7,0,0.0,1.0,2.0,16.0,A01
201500003485,0,7,0,0.0,2.0,1.0,1.0,C03
201500003485,0,7,0,0.0,2.0,1.0,17.0,A01
201500003485,0,7,0,0.0,2.0,8.0,1.0,B02
201500003486,0,7,0,0.0,0.0,6.0,15.0,A01
201500003486,0,33,0,0.0,2.0,1.0,17.0,B02
201500003487,0,7,0,2.0,0.0,1.0,1.0,A01
201500003488,0,7,0,0.0,1.0,3.0,1.0,A01
201500003489,0,7,0,0.0,1.0,1.0,1.0,A01
201500003490,0,33,0,13.0,0.0,1.0,1.0,A01
201500003491,0,7,0,14.0,0.0,1.0,1.0,A01
201500003492,0,7,0,0.0,2.0,1.0,1.0,A01
201500003492,0,1,0,0.0,2.0,1.0,1.0,B02
201500003493,0,10,0,0.0,2.0,1.0,13.0,A01
201500003493,0,7,0,0.0,2.0,8.0,1.0,B02
201500003493,0,7,0,0.0,2.0,8.0,1.0,C03
201500003494,0,34,0,0.0,2.0,1.0,13.0,A01
201500003494,0,7,0,0.0,2.0,3.0,1.0,B02
201500003495,0,7,0,3.0,0.0,4.0,1.0,B02
201500003495,0,7,0,0.0,1.0,1.0,1.0,A01
201500003495,0,7,0,0.0,2.0,4.0,23.0,C03
201500003496,0,7,0,0.0,2.0,3.0,1.0,B02
201500003496,0,7,0,0.0,2.0,3.0,13.0,A01
201500003497,0,33,0,0.0,0.0,7.0,1.0,A01
201500003498,0,7,0,0.0,2.0,3.0,1.0,A01
201500003498,0,7,0,0.0,0.0,3.0,13.0,B02
201500003499,0,7,0,0.0,2.0,3.0,15.0,A01
201500003499,0,2,0,0.0,2.0,1.0,1.0,B02
201500003500,0,7,0,8.0,0.0,2.0,1.0,A01
201500003501,0,7,0,0.0,1.0,3.0,1.0,A01
201500003502,0,38,1,0.0,1.0,2.0,1.0,A01
201500003503,0,34,0,0.0,2.0,7.0,1.0,B02
201500003503,0,7,0,0.0,2.0,8.0,1.0,A01
201500003504,0,31,0,0.0,2.0,1.0,1.0,B02
201500003504,0,10,0,0.0,2.0,3.0,15.0,A01
201500003505,0,7,0,6.0,0.0,1.0,0.0,A01
201500003506,0,30,0,8.0,0.0,1.0,1.0,A01
201500003507,0,7,0,0.0,2.0,1.0,1.0,B02
201500003507,0,7,0,0.0,2.0,3.0,17.0,A01
201500003508,0,7,0,13.0,0.0,1.0,1.0,A01
201500003509,0,7,0,0.0,1.0,1.0,1.0,A01
201500003510,0,2,0,0.0,2.0,1.0,1.0,A01
201500003510,0,7,0,0.0,2.0,2.0,1.0,B02
201500003510,0,7,0,0.0,2.0,1.0,13.0,C03
201500003511,0,7,0,0.0,2.0,3.0,11.0,B02
201500003511,0,33,0,0.0,2.0,1.0,3.0,A01
201500003512,0,7,0,0.0,2.0,1.0,1.0,A01
201500003512,0,7,0,0.0,2.0,1.0,1.0,B02
201500003513,0,33,0,0.0,2.0,1.0,1.0,B02
201500003513,0,7,0,0.0,2.0,8.0,10.0,A01
201500003514,0,2,0,0.0,2.0,1.0,1.0,B02
201500003514,0,7,0,0.0,2.0,6.0,15.0,A01
201500003515,0,31,0,0.0,0.0,0.0,0.0,A01
201500003516,0,10,0,0.0,2.0,3.0,0.0,B02
201500003516,0,31,0,0.0,2.0,1.0,5.0,A01
201500003517,0,7,0,8.0,0.0,1.0,1.0,A01
201500003518,0,7,0,0.0,2.0,1.0,13.0,B02
201500003518,0,7,0,0.0,2.0,3.0,1.0,A01
201500003519,0,7,0,2.0,0.0,2.0,1.0,A01
201500003520,0,7,0,0.0,2.0,3.0,1.0,B02
201500003520,0,2,0,0.0,2.0,3.0,20.0,A01
201500003521,0,33,0,0.0,2.0,1.0,1.0,A01
201500003521,0,7,0,0.0,2.0,3.0,15.0,B02
201500003522,0,30,0,0.0,0.0,7.0,1.0,A01
201500003523,0,31,0,0.0,2.0,7.0,1.0,B02
201500003523,0,7,0,0.0,2.0,1.0,19.0,A01
201500003524,0,7,0,0.0,1.0,1.0,1.0,A01
201500003525,0,33,0,0.0,2.0,1.0,1.0,A01
201500003525,0,7,0,0.0,2.0,2.0,15.0,B02
201500003526,0,33,0,12.0,0.0,8.0,13.0,A01
201500003527,0,7,0,0.0,2.0,1.0,2.0,A01
201500003527,0,2,0,0.0,2.0,7.0,2.0,B02
201500003528,0,7,0,0.0,2.0,3.0,1.0,B02
201500003528,0,7,0,0.0,2.0,1.0,13.0,A01
201500003529,0,7,0,0.0,0.0,1.0,0.0,B02
201500003529,0,7,0,0.0,0.0,1.0,0.0,C03
201500003529,0,7,0,0.0,2.0,3.0,13.0,A01
201500003530,0,33,0,13.0,0.0,2.0,1.0,A01
201500003531,0,7,0,0.0,1.0,2.0,1.0,A01
201500003532,0,34,0,0.0,2.0,1.0,1.0,B02
201500003532,0,10,0,0.0,2.0,2.0,15.0,A01
201500003533,0,7,0,0.0,2.0,5.0,16.0,A01
201500003533,0,2,0,0.0,2.0,3.0,2.0,B02
201500003534,0,7,0,0.0,1.0,1.0,1.0,A01
201500003535,0,7,0,0.0,2.0,1.0,1.0,B02
201500003535,0,7,0,0.0,2.0,1.0,1.0,A01
201500003536,0,7,0,0.0,2.0,1.0,1.0,A01
201500003536,0,7,0,0.0,2.0,3.0,1.0,B02
201500003537,0,7,0,13.0,0.0,9.0,1.0,A01
201500003538,0,33,0,0.0,2.0,1.0,17.0,A01
201500003538,0,7,0,0.0,2.0,8.0,1.0,B02
201500003539,0,7,0,16.0,0.0,1.0,1.0,A01
201500003540,0,7,0,0.0,0.0,1.0,6.0,A01
201500003541,0,7,0,0.0,2.0,1.0,13.0,A01
201500003541,0,7,0,0.0,2.0,1.0,0.0,B02
201500003542,0,7,0,0.0,2.0,1.0,1.0,B02
201500003542,0,7,0,0.0,2.0,4.0,15.0,A01
201500003543,0,30,0,0.0,2.0,1.0,13.0,A01
201500003543,0,7,0,0.0,2.0,2.0,1.0,B02
201500003544,0,33,0,0.0,2.0,1.0,1.0,B02
201500003544,0,7,0,0.0,2.0,1.0,15.0,A01
201500003545,0,3,0,6.0,0.0,1.0,0.0,A01
201500003546,0,7,0,0.0,0.0,6.0,1.0,A01
201500003546,0,10,0,0.0,9.0,8.0,1.0,B02
201500003546,0,1,0,0.0,2.0,2.0,21.0,C03
201500003547,0,7,0,2.0,0.0,7.0,13.0,A01
201500003548,0,7,0,0.0,2.0,3.0,13.0,A01
201500003548,0,7,0,0.0,2.0,3.0,1.0,B02
201500003549,0,33,0,0.0,6.0,1.0,21.0,A01
201500003550,0,7,0,13.0,0.0,1.0,1.0,A01
201500003551,0,2,0,0.0,1.0,3.0,21.0,A01
201500003552,0,7,0,0.0,2.0,2.0,0.0,B02
201500003552,0,99,0,0.0,2.0,8.0,1.0,A01
201500003553,0,30,0,0.0,0.0,2.0,1.0,A01
201500003554,0,32,0,0.0,2.0,1.0,1.0,B02
201500003554,0,7,0,0.0,0.0,4.0,23.0,A01
201500003555,0,33,0,0.0,2.0,1.0,1.0,B02
201500003555,0,7,0,0.0,0.0,6.0,1.0,A01
201500003556,0,3,0,13.0,0.0,1.0,0.0,A01
201500003557,0,7,0,2.0,0.0,9.0,1.0,A01
201500003558,0,10,0,0.0,2.0,5.0,1.0,A01
201500003558,0,7,0,0.0,2.0,1.0,19.0,B02
201500003559,0,7,0,13.0,0.0,2.0,1.0,A01
201500003560,0,7,0,0.0,2.0,3.0,1.0,B02
201500003560,0,7,0,0.0,2.0,3.0,1.0,A01
201500003561,0,7,0,2.0,0.0,3.0,14.0,A01
201500003562,0,10,0,2.0,0.0,1.0,14.0,A01
201500003563,0,7,0,13.0,0.0,1.0,1.0,A01
201500003564,0,7,0,13.0,0.0,2.0,1.0,A01
201500003565,0,30,0,0.0,2.0,3.0,15.0,B02
201500003565,0,30,0,0.0,2.0,2.0,1.0,A01
201500003566,0,33,0,0.0,2.0,1.0,1.0,B02
201500003566,0,10,0,0.0,2.0,3.0,1.0,A01
201500003567,0,7,0,2.0,0.0,1.0,13.0,A01
201500003568,0,7,0,0.0,0.0,1.0,1.0,B02
201500003568,0,38,1,0.0,0.0,1.0,1.0,A01
201500003569,0,10,0,2.0,0.0,2.0,2.0,A01
201500003570,0,7,0,2.0,0.0,2.0,13.0,A01
201500003571,0,7,0,2.0,0.0,1.0,1.0,A01
201500003572,0,2,0,0.0,2.0,1.0,1.0,B02
201500003572,0,10,0,0.0,2.0,2.0,15.0,A01
201500003573,0,7,0,0.0,2.0,3.0,13.0,A01
201500003573,0,7,0,0.0,2.0,3.0,1.0,B02
201500003574,0,31,0,2.0,0.0,7.0,16.0,A01
201500003575,0,10,0,8.0,0.0,1.0,13.0,A01
201500003576,0,7,0,0.0,1.0,3.0,1.0,A01
201500003577,0,7,0,0.0,2.0,1.0,11.0,A01
201500003577,0,30,0,0.0,2.0,3.0,1.0,B02
201500003578,0,33,0,0.0,0.0,1.0,1.0,B02
201500003578,0,14,0,0.0,0.0,5.0,1.0,A01
201500003579,0,30,0,0.0,2.0,1.0,1.0,B02
201500003579,0,7,0,0.0,2.0,7.0,15.0,A01
201500003580,0,7,0,0.0,2.0,7.0,13.0,A01
201500003580,0,7,0,0.0,2.0,1.0,1.0,B02
201500003581,0,1,0,0.0,0.0,4.0,0.0,A01
201500003581,0,7,0,0.0,9.0,2.0,1.0,B02
201500003582,0,1,0,0.0,2.0,1.0,1.0,B02
201500003582,0,7,0,0.0,9.0,5.0,15.0,A01
201500003583,0,33,0,0.0,2.0,1.0,0.0,B02
201500003583,0,7,0,0.0,2.0,3.0,15.0,A01
201500003584,0,7,0,6.0,0.0,1.0,13.0,A01
201500003585,0,7,0,6.0,0.0,4.0,1.0,A01
201500003586,0,7,0,6.0,0.0,1.0,0.0,A01
201500003587,0,7,0,0.0,2.0,3.0,1.0,B02
201500003587,0,32,0,0.0,2.0,1.0,1.0,A01
201500003588,0,7,0,2.0,0.0,2.0,1.0,A01
201500003589,0,7,0,8.0,1.0,5.0,1.0,A01
201500003589,0,7,0,0.0,2.0,3.0,16.0,B02
201500003590,0,7,0,0.0,1.0,1.0,15.0,A01
201500003591,0,7,0,0.0,1.0,3.0,1.0,A01
201500003592,0,7,0,0.0,2.0,1.0,1.0,B02
201500003592,0,7,0,0.0,2.0,7.0,13.0,A01
201500003593,0,10,0,2.0,0.0,3.0,13.0,A01
201500003594,0,7,0,0.0,1.0,7.0,1.0,A01
201500003595,0,7,0,2.0,0.0,1.0,15.0,A01
201500003596,0,7,0,13.0,0.0,2.0,1.0,A01
201500003597,0,7,0,2.0,0.0,2.0,1.0,A01
201500003598,0,1,0,0.0,2.0,4.0,1.0,A01
201500003598,0,17,0,0.0,2.0,6.0,1.0,B02
201500003599,0,7,0,0.0,2.0,8.0,1.0,B02
201500003599,0,7,0,0.0,2.0,1.0,19.0,A01
201500003600,1,7,0,1.0,1.0,2.0,1.0,A01
201500003600,0,7,0,0.0,2.0,8.0,24.0,B02
201500003601,0,33,0,5.0,0.0,1.0,2.0,A01
201500003602,0,30,0,16.0,0.0,9.0,14.0,A01
201500003603,0,34,0,0.0,2.0,1.0,1.0,B02
201500003603,0,7,0,0.0,2.0,3.0,19.0,A01
201500003604,0,7,0,8.0,0.0,1.0,14.0,A01
201500003605,0,33,0,0.0,0.0,7.0,1.0,A01
201500003606,0,7,0,8.0,0.0,9.0,6.0,A01
201500003607,0,7,0,2.0,0.0,1.0,1.0,A01
201500003608,0,7,0,2.0,0.0,5.0,1.0,A01
201500003609,0,7,0,10.0,0.0,2.0,0.0,A01
201500003610,0,7,0,0.0,2.0,8.0,19.0,B02
201500003610,0,30,0,0.0,2.0,8.0,1.0,A01
201500003611,0,7,0,2.0,0.0,1.0,1.0,A01
201500003612,0,7,0,6.0,0.0,3.0,1.0,A01
201500003613,0,30,0,0.0,0.0,1.0,1.0,A01
201500003614,0,33,0,16.0,0.0,1.0,1.0,A01
201500003615,0,7,0,2.0,5.0,9.0,13.0,A01
201500003616,0,10,0,13.0,0.0,1.0,1.0,A01
201500003617,0,7,0,0.0,1.0,6.0,4.0,A01
201500003618,0,1,0,14.0,0.0,0.0,1.0,A01
201500003619,0,7,0,0.0,2.0,1.0,1.0,A01
201500003619,0,10,0,0.0,0.0,3.0,1.0,B02
201500003620,0,10,0,13.0,0.0,7.0,14.0,A01
201500003621,0,1,0,0.0,2.0,8.0,1.0,B02
201500003621,0,1,0,0.0,2.0,8.0,1.0,C03
201500003621,0,7,0,0.0,2.0,7.0,17.0,A01
201500003622,0,7,0,0.0,2.0,1.0,19.0,A01
201500003622,0,7,0,2.0,2.0,9.0,1.0,B02
201500003623,0,7,0,0.0,2.0,8.0,19.0,A01
201500003623,0,7,0,0.0,2.0,1.0,1.0,B02
201500003624,0,7,0,2.0,0.0,1.0,1.0,A01
201500003625,0,33,0,0.0,2.0,8.0,1.0,B02
201500003625,0,7,0,0.0,2.0,1.0,15.0,A01
201500003626,2,10,0,0.0,2.0,1.0,1.0,A01
201500003626,0,1,0,0.0,2.0,5.0,1.0,B02
201500003627,0,7,0,0.0,9.0,1.0,1.0,A01
201500003628,0,20,0,0.0,2.0,2.0,19.0,B02
201500003628,0,14,0,0.0,2.0,1.0,1.0,A01
201500003629,0,7,0,8.0,0.0,1.0,1.0,A01
201500003630,0,33,0,2.0,0.0,0.0,13.0,A01
201500003631,0,7,0,0.0,9.0,5.0,17.0,A01
201500003631,0,1,0,0.0,2.0,8.0,2.0,B02
201500003632,0,10,0,8.0,0.0,1.0,1.0,A01
201500003633,0,7,0,13.0,0.0,2.0,1.0,A01
201500003634,0,31,0,0.0,0.0,1.0,1.0,B02
201500003634,0,7,0,0.0,2.0,3.0,19.0,A01
201500003635,0,33,0,0.0,0.0,1.0,1.0,B02
201500003635,0,10,0,0.0,0.0,7.0,15.0,A01
201500003636,0,7,0,0.0,1.0,2.0,1.0,A01
201500003637,0,7,0,0.0,9.0,2.0,1.0,A01
201500003637,0,1,0,0.0,2.0,4.0,1.0,B02
201500003638,0,30,0,2.0,0.0,1.0,13.0,A01
201500003639,0,7,0,0.0,2.0,3.0,1.0,B02
201500003639,0,7,0,0.0,2.0,2.0,15.0,A01
201500003640,0,7,0,2.0,0.0,1.0,1.0,A01
201500003641,0,7,0,0.0,2.0,1.0,1.0,B02
201500003641,0,7,0,0.0,2.0,1.0,1.0,A01
201500003642,0,7,0,0.0,2.0,3.0,1.0,B02
201500003642,0,7,0,0.0,2.0,3.0,15.0,A01
201500003643,0,33,0,0.0,0.0,7.0,15.0,A01
201500003644,0,7,0,2.0,0.0,1.0,1.0,A01
201500003645,0,7,0,0.0,1.0,2.0,1.0,A01
201500003646,0,33,0,12.0,0.0,0.0,1.0,A01
201500003647,0,7,0,15.0,0.0,1.0,0.0,A01
201500003648,0,30,0,0.0,2.0,2.0,17.0,A01
201500003648,0,7,0,0.0,2.0,3.0,20.0,B02
201500003649,0,30,0,6.0,0.0,1.0,0.0,A01
201500003650,0,7,0,16.0,0.0,0.0,16.0,A01
201500003651,0,2,0,0.0,0.0,2.0,1.0,A01
201500003652,0,31,0,0.0,0.0,8.0,14.0,A01
201500003653,0,7,0,2.0,0.0,6.0,1.0,A01
201500003654,0,7,0,0.0,2.0,3.0,19.0,A01
201500003654,0,7,0,0.0,2.0,1.0,1.0,B02
201500003655,0,31,0,0.0,2.0,1.0,1.0,B02
201500003655,0,7,0,0.0,2.0,1.0,13.0,A01
201500003656,0,7,0,0.0,2.0,1.0,1.0,B02
201500003656,0,7,0,0.0,2.0,8.0,19.0,A01
201500003657,0,33,0,0.0,2.0,1.0,2.0,B02
201500003657,0,10,0,0.0,2.0,4.0,2.0,A01
201500003658,0,7,0,1.0,0.0,1.0,1.0,A01
201500003659,0,7,0,0.0,2.0,1.0,17.0,B02
201500003659,0,1,0,0.0,2.0,8.0,15.0,A01
201500003660,0,7,0,0.0,2.0,3.0,15.0,A01
201500003660,0,2,0,0.0,2.0,8.0,1.0,B02
201500003661,0,7,0,0.0,2.0,1.0,5.0,A01
201500003661,0,7,0,0.0,2.0,1.0,1.0,B02
201500003662,0,1,0,0.0,2.0,0.0,15.0,B02
201500003662,0,31,0,0.0,9.0,1.0,1.0,A01
201500003663,0,7,0,2.0,0.0,1.0,13.0,A01
201500003664,0,33,0,16.0,0.0,9.0,1.0,A01
201500003665,0,7,0,0.0,9.0,2.0,1.0,A01
201500003665,0,1,0,0.0,2.0,1.0,9.0,B02
201500003666,0,33,0,0.0,2.0,8.0,1.0,A01
201500003666,0,7,0,0.0,2.0,8.0,15.0,B02
201500003667,0,32,0,0.0,2.0,2.0,17.0,A01
201500003667,0,3,0,0.0,2.0,8.0,15.0,B02
201500003668,0,32,0,0.0,0.0,2.0,1.0,A01
201500003669,0,33,0,13.0,0.0,1.0,0.0,A01
201500003670,0,33,0,16.0,0.0,1.0,1.0,A01
201500003671,0,7,0,2.0,0.0,2.0,1.0,A01
201500003672,0,7,0,0.0,2.0,3.0,1.0,B02
201500003672,0,7,0,0.0,2.0,3.0,13.0,A01
201500003673,0,7,0,13.0,0.0,1.0,13.0,A01
201500003674,0,33,0,0.0,2.0,3.0,13.0,A01
201500003674,0,33,0,0.0,2.0,3.0,1.0,B02
201500003675,0,2,0,0.0,2.0,1.0,1.0,B02
201500003675,0,7,0,0.0,2.0,5.0,19.0,A01
201500003676,0,7,0,0.0,0.0,7.0,1.0,A01
201500003677,0,1,0,0.0,0.0,4.0,1.0,B02
201500003677,0,1,0,0.0,2.0,0.0,1.0,A01
201500003678,0,7,0,0.0,0.0,1.0,6.0,A01
201500003679,0,7,0,0.0,1.0,1.0,1.0,A01
201500003680,0,7,0,8.0,0.0,1.0,14.0,A01
201500003680,0,10,0,0.0,9.0,3.0,2.0,B02
201500003681,0,7,0,0.0,2.0,2.0,15.0,A01
201500003681,0,33,0,0.0,2.0,1.0,1.0,B02
201500003682,0,10,0,0.0,1.0,2.0,1.0,A01
201500003683,0,7,0,0.0,2.0,1.0,0.0,B02
201500003683,0,33,0,0.0,2.0,1.0,13.0,A01
201500003684,0,7,0,0.0,2.0,3.0,1.0,B02
201500003684,0,7,0,0.0,2.0,1.0,13.0,A01
201500003685,0,2,0,0.0,2.0,1.0,17.0,A01
201500003685,0,7,0,0.0,2.0,3.0,1.0,B02
201500003686,0,7,0,0.0,1.0,3.0,1.0,A01
201500003687,0,7,0,0.0,2.0,1.0,17.0,B02
201500003687,0,7,0,0.0,2.0,4.0,13.0,A01
201500003688,0,20,0,0.0,0.0,0.0,14.0,A01
201500003689,0,1,0,1.0,0.0,1.0,1.0,A01
201500003689,0,10,0,0.0,9.0,6.0,24.0,B02
201500003690,0,1,0,0.0,2.0,8.0,19.0,A01
201500003690,0,7,0,0.0,9.0,1.0,1.0,B01