Num_Acc,senc,catv,occutc,obs,obsm,choc,manv,num_veh
201500003691,0,7,0,0.0,1.0,1.0,15.0,A01
201500003692,0,7,0,0.0,1.0,1.0,1.0,A01
201500003693,0,7,0,0.0,2.0,8.0,9.0,A01
201500003693,0,33,0,0.0,2.0,1.0,1.0,B01
201500003694,0,7,0,0.0,2.0,2.0,2.0,A01
201500003694,0,2,0,0.0,0.0,4.0,2.0,B01
201500003695,0,36,0,8.0,0.0,3.0,14.0,A01
201500003696,0,15,0,0.0,2.0,1.0,2.0,A01
201500003696,0,7,0,0.0,0.0,4.0,23.0,B01
201500003697,0,7,0,0.0,2.0,2.0,13.0,A01
201500003697,0,15,0,0.0,2.0,3.0,1.0,B02
201500003698,0,15,0,0.0,2.0,3.0,2.0,A01
201500003698,0,7,0,0.0,2.0,5.0,15.0,B02
201500003699,0,7,0,0.0,2.0,1.0,13.0,A01
201500003699,0,7,0,0.0,2.0,1.0,1.0,B02
201500003700,0,15,0,3.0,2.0,3.0,1.0,B02
201500003700,0,7,0,0.0,2.0,1.0,13.0,A01
201500003700,0,7,0,0.0,2.0,1.0,2.0,D04
201500003700,0,7,0,0.0,2.0,3.0,2.0,C03
201500003701,0,33,0,0.0,0.0,0.0,1.0,A01
201500003702,0,7,0,0.0,2.0,1.0,13.0,A01
201500003702,0,7,0,0.0,2.0,1.0,1.0,B02
201500003703,0,7,0,0.0,2.0,1.0,13.0,A01
201500003703,0,7,0,0.0,2.0,1.0,1.0,C03
201500003703,0,7,0,0.0,2.0,8.0,1.0,B02
201500003704,0,1,0,0.0,0.0,0.0,0.0,A01
201500003705,0,7,0,0.0,2.0,3.0,1.0,A01
201500003705,0,32,0,0.0,2.0,1.0,1.0,B02
201500003706,0,33,0,0.0,0.0,8.0,1.0,A01
201500003707,0,7,0,13.0,0.0,1.0,21.0,A01
201500003707,0,7,0,0.0,0.0,0.0,13.0,B02
201500003708,0,7,0,0.0,2.0,4.0,23.0,B02
201500003708,0,13,0,0.0,2.0,4.0,23.0,C03
201500003708,0,10,0,0.0,2.0,1.0,2.0,A01
201500003709,0,7,0,0.0,0.0,9.0,1.0,A01
201500003710,0,7,0,0.0,2.0,9.0,2.0,B02
201500003710,0,7,0,0.0,2.0,1.0,2.0,C03
201500003710,0,7,0,0.0,2.0,1.0,2.0,D04
201500003710,0,7,0,0.0,2.0,2.0,17.0,A01
201500003710,0,17,0,0.0,2.0,1.0,1.0,E05
201500003711,0,7,0,13.0,0.0,3.0,1.0,A01
201500003712,0,7,0,0.0,2.0,1.0,13.0,A01
201500003712,0,14,0,0.0,2.0,1.0,1.0,B02
201500003713,0,7,0,0.0,2.0,3.0,15.0,A01
201500003713,0,33,0,0.0,2.0,1.0,1.0,B02
201500003714,0,7,0,0.0,2.0,3.0,1.0,B02
201500003714,0,10,0,0.0,2.0,2.0,19.0,A01
201500003715,0,31,0,0.0,2.0,1.0,1.0,A01
201500003715,0,33,0,0.0,2.0,1.0,0.0,B01
201500003716,0,7,0,0.0,0.0,3.0,19.0,A01
201500003716,0,30,0,0.0,2.0,2.0,1.0,B02
201500003717,0,7,0,13.0,0.0,1.0,13.0,A01
201500003718,0,7,0,13.0,0.0,1.0,1.0,A01
201500003719,0,7,0,0.0,2.0,8.0,1.0,B02
201500003719,0,36,0,0.0,2.0,3.0,1.0,A01
201500003720,0,7,0,0.0,1.0,4.0,4.0,A01
201500003721,0,7,0,6.0,0.0,1.0,1.0,A01
201500003722,0,10,0,0.0,2.0,1.0,1.0,B02
201500003722,0,7,0,0.0,2.0,7.0,1.0,A01
201500003723,0,7,0,0.0,0.0,3.0,1.0,B02
201500003723,0,7,0,0.0,0.0,3.0,13.0,A01
201500003724,0,7,0,6.0,0.0,1.0,1.0,A01
201500003725,0,1,0,0.0,0.0,0.0,1.0,A01
201500003726,0,33,0,0.0,2.0,1.0,1.0,B02
201500003726,0,7,0,0.0,2.0,3.0,9.0,A01
201500003727,0,7,0,0.0,2.0,1.0,1.0,B02
201500003727,0,7,0,0.0,2.0,3.0,13.0,A01
201500003728,0,7,0,0.0,2.0,1.0,1.0,B02
201500003728,0,7,0,0.0,2.0,1.0,13.0,A01
201500003729,0,7,0,0.0,2.0,3.0,1.0,B02
201500003729,0,7,0,0.0,2.0,3.0,13.0,A01
201500003730,0,31,0,0.0,2.0,3.0,13.0,A01
201500003730,0,7,0,0.0,2.0,3.0,1.0,B02
201500003731,0,7,0,0.0,2.0,3.0,15.0,B02
201500003731,0,10,0,0.0,2.0,2.0,1.0,A01
201500003732,0,33,0,16.0,0.0,1.0,1.0,A01
201500003733,0,10,0,2.0,0.0,3.0,1.0,A01
201500003734,0,7,0,13.0,0.0,8.0,1.0,A01
201500003735,0,7,0,0.0,1.0,1.0,1.0,A01
201500003736,0,33,0,0.0,0.0,1.0,1.0,A01
201500003737,0,2,0,0.0,2.0,1.0,13.0,A01
201500003737,0,10,0,0.0,2.0,3.0,1.0,B02
201500003738,0,2,0,0.0,2.0,1.0,15.0,A01
201500003738,0,7,0,0.0,2.0,2.0,1.0,B02
201500003739,0,7,0,2.0,0.0,1.0,1.0,A01
201500003740,0,31,0,0.0,2.0,1.0,1.0,A01
201500003740,0,31,0,0.0,2.0,4.0,16.0,B02
201500003741,0,7,0,0.0,1.0,2.0,1.0,A01
201500003742,0,33,0,0.0,2.0,1.0,1.0,B02
201500003742,0,7,0,0.0,2.0,3.0,15.0,A01
201500003743,0,7,0,2.0,0.0,2.0,1.0,A01
201500003744,0,30,0,12.0,0.0,8.0,13.0,A01
201500003745,0,7,0,2.0,0.0,1.0,1.0,A01
201500003746,0,33,0,0.0,2.0,8.0,1.0,A01
201500003746,0,7,0,0.0,2.0,7.0,17.0,B02
201500003747,0,33,0,6.0,0.0,3.0,1.0,A01
201500003748,0,7,0,2.0,0.0,2.0,1.0,A01
201500003749,0,7,0,13.0,1.0,8.0,1.0,A01
201500003750,0,3,0,16.0,0.0,9.0,1.0,A01
201500003751,0,7,0,0.0,2.0,7.0,14.0,B02
201500003751,0,7,0,0.0,2.0,0.0,12.0,A01
201500003752,0,7,0,0.0,2.0,7.0,0.0,C03
201500003752,0,7,0,0.0,2.0,3.0,0.0,B02
201500003752,0,10,0,0.0,0.0,3.0,0.0,A01
201500003753,0,7,0,13.0,0.0,0.0,1.0,A01
201500003754,0,21,0,0.0,2.0,1.0,9.0,A01
201500003754,0,33,0,0.0,2.0,1.0,1.0,B02
201500003755,0,7,0,0.0,2.0,2.0,1.0,A01
201500003755,0,1,0,0.0,2.0,4.0,1.0,B02
201500003756,0,38,6,7.0,0.0,2.0,14.0,A01
201500003757,0,7,0,0.0,1.0,2.0,1.0,A01
201500003758,0,7,0,0.0,2.0,8.0,23.0,C03
201500003758,0,7,0,0.0,2.0,2.0,15.0,A01
201500003758,0,7,0,0.0,2.0,1.0,1.0,B02
201500003758,0,7,0,0.0,2.0,1.0,1.0,D04
201500003759,0,7,0,13.0,0.0,3.0,1.0,A01
201500003760,0,7,0,7.0,0.0,7.0,1.0,A01
201500003761,0,7,0,0.0,0.0,4.0,1.0,C03
201500003761,0,31,0,0.0,2.0,1.0,2.0,A01
201500003761,0,7,0,0.0,0.0,4.0,1.0,B02
201500003762,0,7,0,0.0,2.0,3.0,13.0,A01
201500003762,0,7,0,0.0,2.0,3.0,1.0,B02
201500003763,0,7,0,0.0,2.0,7.0,15.0,A01
201500003763,0,33,0,0.0,2.0,7.0,1.0,B02
201500003764,0,7,0,0.0,2.0,2.0,1.0,A01
201500003764,0,7,0,0.0,2.0,2.0,1.0,B02
201500003765,0,7,0,0.0,0.0,0.0,1.0,A01
201500003766,0,7,0,0.0,2.0,8.0,10.0,A01
201500003766,0,15,0,0.0,2.0,2.0,1.0,B02
201500003767,0,7,0,12.0,1.0,8.0,23.0,A01
201500003768,0,7,0,2.0,0.0,9.0,1.0,A01
201500003769,0,31,0,0.0,0.0,1.0,1.0,A01
201500003770,0,33,0,0.0,2.0,1.0,1.0,B02
201500003770,0,7,0,0.0,2.0,1.0,13.0,A01
201500003771,0,7,0,0.0,2.0,1.0,2.0,A01
201500003771,0,1,0,0.0,2.0,4.0,2.0,B02
201500003772,0,7,0,0.0,2.0,1.0,9.0,A01
201500003772,0,1,0,0.0,2.0,8.0,15.0,B02
201500003773,0,7,0,0.0,2.0,1.0,1.0,B02
201500003773,0,7,0,0.0,2.0,3.0,19.0,A01
201500003774,0,7,0,0.0,2.0,8.0,15.0,A01
201500003774,0,7,0,0.0,2.0,2.0,17.0,B02
201500003775,0,7,0,0.0,2.0,3.0,15.0,A01
201500003775,0,2,0,0.0,2.0,3.0,1.0,B02
201500003776,0,31,0,0.0,2.0,8.0,1.0,B02
201500003776,0,7,0,0.0,2.0,7.0,14.0,A01
201500003777,0,7,0,0.0,2.0,1.0,13.0,A01
201500003777,0,7,0,0.0,2.0,1.0,1.0,B02
201500003778,0,2,0,3.0,0.0,1.0,1.0,A01
201500003779,0,7,0,0.0,2.0,1.0,15.0,A01
201500003779,0,30,0,0.0,2.0,1.0,1.0,B02
201500003780,0,2,0,0.0,2.0,1.0,1.0,A01
201500003780,0,7,0,0.0,2.0,7.0,16.0,B02
201500003781,0,33,0,0.0,0.0,0.0,1.0,A01
201500003782,0,7,0,0.0,2.0,1.0,1.0,A01
201500003782,0,10,0,0.0,2.0,4.0,1.0,B02
201500003783,0,7,0,16.0,0.0,9.0,14.0,A01
201500003784,0,7,0,0.0,2.0,3.0,13.0,A01
201500003784,0,10,0,0.0,2.0,3.0,1.0,B02
201500003785,0,7,0,0.0,1.0,1.0,1.0,A01
201500003786,0,33,0,16.0,0.0,0.0,14.0,A01
201500003787,0,7,0,2.0,0.0,7.0,14.0,A01
201500003788,0,7,0,0.0,1.0,3.0,19.0,A01
201500003789,0,7,0,0.0,2.0,7.0,19.0,A01
201500003789,0,17,0,0.0,2.0,1.0,1.0,B02
201500003790,0,2,0,0.0,2.0,8.0,15.0,B02
201500003790,0,7,0,0.0,2.0,1.0,17.0,A01
201500003791,0,7,0,0.0,2.0,1.0,1.0,B02
201500003791,0,7,0,0.0,2.0,1.0,13.0,A01
201500003792,0,10,0,13.0,0.0,9.0,17.0,A01
201500003793,0,7,0,13.0,0.0,3.0,13.0,A01
201500003794,0,7,0,13.0,0.0,3.0,13.0,A01
201500003795,0,7,0,2.0,0.0,1.0,14.0,A01
201500003796,0,2,0,0.0,2.0,8.0,13.0,A02
201500003796,0,7,0,0.0,2.0,2.0,1.0,B01
201500003797,0,7,0,0.0,2.0,4.0,2.0,B02
201500003797,0,10,0,0.0,2.0,1.0,2.0,A03
201500003797,0,7,0,0.0,2.0,4.0,2.0,C01
201500003798,0,10,0,16.0,0.0,9.0,14.0,A01
201500003799,0,14,0,10.0,2.0,3.0,21.0,B02
201500003799,0,7,0,10.0,2.0,3.0,1.0,A01
201500003800,0,7,0,0.0,2.0,3.0,1.0,A01
201500003800,0,33,0,0.0,2.0,8.0,1.0,B02
201500003801,0,7,0,0.0,2.0,1.0,1.0,C03
201500003801,0,7,0,0.0,2.0,2.0,13.0,A01
201500003801,0,7,0,0.0,2.0,3.0,1.0,B02
201500003802,0,33,0,0.0,2.0,1.0,17.0,A01
201500003802,0,7,0,0.0,2.0,8.0,15.0,B02
201500003803,0,7,0,0.0,0.0,9.0,14.0,A01
201500003804,0,7,0,0.0,1.0,2.0,1.0,A01
201500003805,0,33,0,13.0,0.0,1.0,14.0,A01
201500003806,0,7,0,13.0,0.0,3.0,13.0,A01
201500003807,0,7,0,8.0,0.0,8.0,13.0,A01
201500003808,0,7,0,13.0,0.0,9.0,13.0,A01
201500003809,0,7,0,13.0,0.0,9.0,14.0,A01
201500003810,0,7,0,0.0,2.0,8.0,13.0,A01
201500003810,0,10,0,0.0,2.0,1.0,1.0,B02
201500003811,0,7,0,0.0,2.0,6.0,15.0,A01
201500003811,0,33,0,0.0,2.0,1.0,1.0,B02
201500003812,0,7,0,2.0,0.0,3.0,13.0,A01
201500003813,0,7,0,0.0,2.0,3.0,13.0,A01
201500003813,0,7,0,0.0,2.0,1.0,1.0,B02
201500003814,0,10,0,0.0,2.0,1.0,21.0,A01
201500003814,0,7,0,0.0,2.0,6.0,15.0,B02
201500003815,0,7,0,0.0,2.0,2.0,13.0,A01
201500003815,0,7,0,0.0,2.0,2.0,21.0,B02
201500003816,0,7,0,2.0,0.0,9.0,14.0,A01
201500003817,0,7,0,0.0,0.0,3.0,19.0,B02
201500003817,0,7,0,0.0,2.0,7.0,19.0,A01
201500003818,0,10,0,0.0,2.0,2.0,1.0,B02
201500003818,0,10,0,0.0,2.0,3.0,16.0,A01
201500003819,0,7,0,2.0,0.0,1.0,13.0,A01
201500003820,0,30,0,0.0,0.0,1.0,1.0,A01
201500003820,0,7,0,0.0,0.0,7.0,11.0,B02
201500003821,0,7,0,0.0,0.0,3.0,15.0,A01
201500003821,0,33,0,0.0,2.0,1.0,1.0,B02
201500003822,0,33,0,0.0,2.0,1.0,1.0,B02
201500003822,0,7,0,0.0,2.0,7.0,15.0,A01
201500003823,0,7,0,6.0,0.0,3.0,13.0,A01
201500003824,0,2,0,0.0,1.0,1.0,1.0,A01
201500003825,0,7,0,2.0,0.0,8.0,13.0,A01
201500003826,0,7,0,13.0,0.0,3.0,13.0,A01
201500003827,1,7,0,0.0,2.0,8.0,2.0,B01
201500003827,0,30,0,0.0,2.0,7.0,17.0,A01
201500003828,0,7,0,0.0,0.0,6.0,17.0,A01
201500003828,0,7,0,0.0,2.0,2.0,17.0,B02
201500003829,0,7,0,13.0,0.0,1.0,14.0,A01
201500003830,0,7,0,0.0,0.0,8.0,13.0,A01
201500003831,0,7,0,2.0,0.0,1.0,13.0,A01
201500003832,0,7,0,0.0,2.0,1.0,13.0,A01
201500003832,0,17,0,0.0,2.0,3.0,1.0,B02
201500003833,0,7,0,16.0,0.0,8.0,13.0,A01
201500003834,0,7,0,0.0,2.0,6.0,19.0,A01
201500003834,0,7,0,0.0,2.0,1.0,1.0,B02
201500003835,0,7,0,0.0,2.0,1.0,1.0,B02
201500003835,2,7,0,0.0,2.0,7.0,1.0,A01
201500003836,0,10,0,0.0,2.0,1.0,17.0,A01
201500003836,0,7,0,0.0,2.0,1.0,1.0,B02
201500003837,0,10,0,0.0,1.0,2.0,1.0,A01
201500003838,0,7,0,16.0,0.0,9.0,13.0,A01
201500003839,0,7,0,2.0,0.0,1.0,13.0,A01
201500003840,0,7,0,0.0,2.0,3.0,13.0,A01
201500003840,0,7,0,0.0,2.0,3.0,1.0,B02
201500003841,0,31,0,0.0,0.0,8.0,1.0,A01
201500003842,0,7,0,13.0,0.0,3.0,13.0,A01
201500003843,0,7,0,0.0,2.0,8.0,17.0,A01
201500003843,0,33,0,0.0,2.0,7.0,17.0,B02
201500003844,0,7,0,0.0,2.0,1.0,1.0,B02
201500003844,0,7,0,0.0,2.0,8.0,15.0,A01
201500003845,0,7,0,8.0,0.0,1.0,15.0,A01
201500003846,0,7,0,13.0,0.0,1.0,21.0,B01
201500003846,0,14,0,0.0,0.0,0.0,19.0,A02
201500003847,0,7,0,0.0,1.0,3.0,1.0,A01
201500003848,0,31,0,0.0,2.0,1.0,1.0,B02
201500003848,0,99,0,0.0,2.0,3.0,19.0,A01
201500003849,0,1,0,11.0,0.0,1.0,14.0,A01
201500003850,0,7,0,0.0,1.0,2.0,1.0,A01
201500003851,0,21,0,0.0,2.0,5.0,15.0,A01
201500003851,0,7,0,0.0,2.0,1.0,1.0,B02
201500003852,0,33,0,0.0,6.0,1.0,0.0,A01
201500003853,0,7,0,0.0,2.0,3.0,17.0,A01
201500003853,0,7,0,0.0,2.0,3.0,1.0,B02
201500003854,0,10,0,0.0,2.0,1.0,19.0,A01
201500003854,0,10,0,0.0,2.0,1.0,1.0,B02
201500003855,0,15,0,0.0,1.0,1.0,0.0,A01
201500003856,0,7,0,2.0,6.0,1.0,1.0,A01
201500003857,0,7,0,0.0,2.0,1.0,1.0,A01
201500003857,0,1,0,0.0,2.0,4.0,1.0,B02
201500003858,0,7,0,16.0,0.0,9.0,14.0,A01
201500003859,0,7,0,0.0,1.0,3.0,1.0,A01
201500003860,0,7,0,0.0,2.0,1.0,13.0,A01
201500003860,0,7,0,0.0,2.0,1.0,1.0,B02
201500003861,0,33,0,7.0,0.0,7.0,14.0,A01
201500003862,0,21,0,6.0,0.0,3.0,16.0,A01
201500003863,0,30,0,0.0,0.0,2.0,16.0,A01
201500003864,0,10,0,2.0,0.0,1.0,17.0,A01
201500003865,0,7,0,0.0,2.0,1.0,15.0,A01
201500003865,0,7,0,0.0,2.0,1.0,1.0,B02
201500003865,0,7,0,0.0,2.0,1.0,23.0,C03
201500003866,0,7,0,0.0,2.0,1.0,19.0,A01
201500003866,0,10,0,0.0,2.0,8.0,1.0,B02
201500003867,0,7,0,0.0,1.0,1.0,1.0,A01
201500003868,0,7,0,0.0,2.0,1.0,13.0,A01
201500003868,0,17,0,0.0,2.0,1.0,1.0,B02
201500003869,0,7,0,3.0,0.0,3.0,13.0,A01
201500003870,0,14,0,0.0,0.0,6.0,24.0,B02
201500003870,0,15,0,1.0,0.0,2.0,14.0,A01
201500003871,0,7,0,14.0,0.0,2.0,1.0,B02
201500003871,0,7,0,0.0,2.0,3.0,1.0,D04
201500003871,0,7,0,0.0,2.0,5.0,1.0,C03
201500003871,0,7,0,0.0,0.0,2.0,23.0,A01
201500003872,0,7,0,13.0,0.0,1.0,1.0,A01
201500003873,0,7,0,6.0,0.0,9.0,2.0,A01
201500003874,0,7,0,0.0,2.0,2.0,13.0,B02
201500003874,0,7,0,0.0,2.0,1.0,1.0,A01
201500003875,0,7,0,0.0,2.0,3.0,1.0,B02
201500003875,0,10,0,0.0,2.0,3.0,13.0,A01
201500003876,0,7,0,0.0,2.0,1.0,1.0,A01
201500003876,0,30,0,0.0,0.0,4.0,1.0,B02
201500003877,0,7,0,0.0,2.0,1.0,1.0,A01
201500003877,0,7,0,0.0,2.0,2.0,1.0,B02
201500003878,0,30,0,0.0,2.0,8.0,15.0,B02
201500003878,0,7,0,0.0,2.0,1.0,17.0,A01
201500003879,0,17,0,0.0,2.0,3.0,0.0,A01
201500003879,0,7,0,0.0,2.0,3.0,1.0,B02
201500003880,0,7,0,0.0,1.0,1.0,1.0,A01
201500003881,0,7,0,0.0,0.0,3.0,1.0,B02
201500003881,0,7,0,0.0,0.0,3.0,13.0,A01
201500003882,0,33,0,0.0,0.0,0.0,1.0,B02
201500003882,0,7,0,0.0,2.0,1.0,1.0,A01
201500003883,0,7,0,0.0,2.0,3.0,1.0,B02
201500003883,0,31,0,0.0,2.0,1.0,13.0,A01
201500003884,0,33,0,0.0,5.0,1.0,1.0,A01
201500003885,0,1,0,0.0,2.0,1.0,1.0,B02
201500003885,0,10,0,0.0,9.0,1.0,1.0,A01
201500003886,0,7,0,6.0,0.0,8.0,13.0,A01
201500003887,0,1,0,0.0,2.0,1.0,13.0,A01
201500003887,0,7,0,0.0,2.0,1.0,1.0,B02
201500003888,0,7,0,8.0,0.0,3.0,1.0,A01
201500003889,0,7,0,2.0,0.0,8.0,1.0,A01
201500003890,0,7,0,13.0,0.0,1.0,1.0,A01
201500003891,0,7,0,0.0,0.0,1.0,1.0,A01
201500003892,0,7,0,0.0,1.0,0.0,1.0,A01
201500003893,0,7,0,2.0,0.0,1.0,0.0,A01
201500003894,0,7,0,0.0,2.0,8.0,1.0,A01
201500003894,0,30,0,0.0,2.0,1.0,19.0,B02
201500003895,0,30,0,0.0,2.0,2.0,2.0,A01
201500003895,0,7,0,0.0,2.0,4.0,23.0,B02
201500003896,0,7,0,0.0,2.0,2.0,17.0,A01
201500003896,0,1,0,0.0,2.0,1.0,1.0,B02
201500003897,0,33,0,0.0,0.0,0.0,1.0,A01
201500003898,0,7,0,0.0,2.0,7.0,1.0,B02
201500003898,0,30,0,0.0,2.0,7.0,19.0,A01
201500003899,0,33,0,0.0,0.0,8.0,1.0,A01
201500003900,0,7,0,2.0,0.0,1.0,14.0,A01
201500003901,0,33,0,0.0,2.0,7.0,1.0,B02
201500003901,0,7,0,0.0,2.0,1.0,9.0,A01
201500003902,0,33,0,0.0,2.0,1.0,1.0,A01
201500003902,0,7,0,0.0,2.0,3.0,1.0,B02
201500003903,0,1,0,0.0,2.0,1.0,21.0,B02
201500003903,0,7,0,0.0,2.0,8.0,1.0,A01
201500003904,0,7,0,0.0,2.0,1.0,13.0,A01
201500003904,0,21,0,0.0,0.0,0.0,1.0,B02
201500003905,0,7,0,0.0,2.0,3.0,0.0,A01
201500003905,0,7,0,0.0,2.0,2.0,0.0,B02
201500003906,0,7,0,0.0,2.0,3.0,13.0,A01
201500003906,0,7,0,0.0,2.0,3.0,1.0,B02
201500003907,0,7,0,0.0,2.0,2.0,15.0,B02
201500003907,0,1,0,0.0,2.0,1.0,13.0,A01
201500003908,0,7,0,0.0,2.0,1.0,15.0,A01
201500003908,0,1,0,0.0,2.0,1.0,1.0,B02
201500003909,0,7,0,0.0,2.0,8.0,9.0,A01
201500003909,0,33,0,0.0,2.0,1.0,1.0,B02
201500003910,0,7,0,0.0,0.0,1.0,1.0,A01
201500003910,0,7,0,0.0,2.0,1.0,1.0,B02
201500003910,0,7,0,0.0,2.0,1.0,1.0,C03
201500003911,0,1,0,0.0,2.0,8.0,2.0,B02
201500003911,1,7,0,0.0,2.0,7.0,17.0,A01
201500003911,0,1,0,0.0,2.0,8.0,2.0,C03
201500003912,0,1,0,0.0,4.0,2.0,19.0,A01
201500003912,0,39,0,0.0,9.0,3.0,1.0,B02
201500003913,0,7,0,8.0,0.0,1.0,1.0,A01
201500003914,0,7,0,0.0,2.0,4.0,23.0,B02
201500003914,0,7,0,1.0,0.0,1.0,1.0,A01
201500003915,1,30,0,0.0,1.0,1.0,1.0,A01
201500003916,0,7,0,0.0,2.0,3.0,1.0,B02
201500003916,0,33,0,0.0,2.0,1.0,1.0,A01
201500003917,0,21,0,0.0,2.0,3.0,15.0,B02
201500003917,0,33,0,0.0,2.0,1.0,17.0,A01
201500003918,0,7,0,2.0,0.0,1.0,13.0,A01
201500003919,0,10,0,0.0,2.0,1.0,1.0,B02
201500003919,0,7,0,0.0,2.0,1.0,13.0,A01
201500003920,0,7,0,10.0,0.0,1.0,1.0,A01
201500003921,0,33,0,3.0,0.0,1.0,1.0,A01
201500003922,0,7,0,0.0,2.0,1.0,23.0,C03
201500003922,0,7,0,0.0,2.0,1.0,1.0,B02
201500003922,0,7,0,0.0,2.0,1.0,15.0,A01
201500003923,0,7,0,2.0,0.0,1.0,1.0,A01
201500003924,0,7,0,6.0,0.0,2.0,1.0,A01
201500003925,0,10,0,0.0,2.0,3.0,1.0,B02
201500003925,0,7,0,0.0,2.0,2.0,1.0,A01
201500003926,0,7,0,2.0,0.0,1.0,1.0,A01
201500003927,0,7,0,0.0,2.0,1.0,17.0,B02
201500003927,0,7,0,0.0,2.0,1.0,1.0,A01
201500003928,0,7,0,2.0,0.0,1.0,1.0,A01
201500003929,0,10,0,0.0,2.0,3.0,18.0,A01
201500003929,0,1,0,0.0,2.0,7.0,1.0,B02
201500003930,0,7,0,2.0,0.0,1.0,1.0,A01
201500003931,0,31,0,0.0,5.0,1.0,1.0,A01
201500003932,0,10,0,0.0,2.0,6.0,2.0,B02
201500003932,0,7,0,0.0,2.0,2.0,2.0,A01
201500003932,0,17,0,0.0,2.0,2.0,1.0,C03
201500003933,0,1,0,0.0,0.0,0.0,0.0,A01
201500003934,0,10,0,13.0,2.0,1.0,1.0,A01
201500003934,0,7,0,0.0,2.0,5.0,1.0,B02
201500003935,0,7,0,6.0,0.0,1.0,1.0,A01
201500003936,0,7,0,0.0,2.0,1.0,1.0,B02
201500003936,0,10,0,0.0,2.0,2.0,15.0,A01
201500003937,0,10,0,0.0,2.0,1.0,1.0,B02
201500003937,0,10,0,0.0,2.0,1.0,17.0,A01
201500003938,0,7,0,6.0,0.0,1.0,13.0,A01
201500003939,0,1,0,0.0,2.0,1.0,13.0,B02
201500003939,0,7,0,0.0,2.0,8.0,1.0,A01
201500003940,0,7,0,16.0,9.0,9.0,1.0,A01
201500003941,0,32,0,0.0,2.0,1.0,9.0,B02
201500003941,0,14,0,0.0,0.0,1.0,1.0,A01
201500003942,0,1,0,14.0,0.0,0.0,1.0,A01
201500003943,0,1,0,0.0,2.0,1.0,17.0,A01
201500003943,0,7,0,0.0,0.0,8.0,15.0,B02
201500003944,0,7,0,0.0,2.0,2.0,1.0,B02
201500003944,0,33,0,0.0,2.0,1.0,13.0,A01
201500003945,0,7,0,8.0,0.0,1.0,14.0,A01
201500003946,0,7,0,0.0,0.0,3.0,24.0,B02
201500003946,0,7,0,1.0,1.0,3.0,5.0,A01
201500003947,0,7,0,0.0,2.0,3.0,13.0,A01
201500003947,0,33,0,6.0,2.0,3.0,1.0,B02
201500003948,0,1,0,0.0,1.0,2.0,1.0,A01
201500003949,0,21,0,13.0,0.0,2.0,17.0,A01
201500003950,0,7,0,2.0,2.0,2.0,1.0,A01
201500003951,0,1,0,0.0,2.0,4.0,2.0,A01
201500003951,0,7,0,0.0,2.0,5.0,1.0,B02
201500003952,0,33,0,13.0,0.0,1.0,1.0,A01
201500003953,0,7,0,0.0,1.0,2.0,1.0,A01
201500003954,0,36,0,13.0,0.0,9.0,1.0,A01
201500003955,0,7,0,6.0,0.0,2.0,16.0,A01
201500003956,0,7,0,0.0,0.0,0.0,0.0,A01
201500003957,0,31,0,13.0,0.0,1.0,13.0,A01
201500003958,0,7,0,0.0,2.0,1.0,1.0,B02
201500003958,0,7,0,0.0,2.0,2.0,15.0,A01
201500003959,0,7,0,0.0,2.0,2.0,1.0,A01
201500003959,0,7,0,0.0,2.0,3.0,9.0,B02
201500003960,0,7,0,6.0,0.0,3.0,17.0,A01
201500003961,0,7,0,0.0,2.0,7.0,13.0,A01
201500003961,0,14,0,0.0,2.0,1.0,1.0,B02
201500003962,0,15,0,0.0,2.0,0.0,10.0,A01
201500003962,0,7,0,0.0,2.0,1.0,1.0,B02
201500003963,0,21,0,0.0,2.0,6.0,1.0,A01
201500003963,0,33,0,0.0,2.0,8.0,1.0,B02
201500003964,0,39,0,0.0,1.0,3.0,1.0,A01
201500003965,0,7,0,0.0,2.0,1.0,1.0,B02
201500003965,0,7,0,0.0,2.0,1.0,13.0,A01
201500003966,0,33,0,0.0,0.0,0.0,1.0,A01
201500003966,0,33,0,0.0,0.0,0.0,1.0,B02
201500003967,0,36,0,2.0,0.0,1.0,1.0,A01
201500003968,0,7,0,0.0,1.0,1.0,1.0,A01
201500003969,0,33,0,0.0,2.0,1.0,1.0,B02
201500003969,0,14,0,0.0,2.0,1.0,15.0,A01
201500003970,0,7,0,16.0,0.0,9.0,1.0,A01
201500003971,0,14,0,0.0,1.0,4.0,4.0,A01
201500003972,0,7,0,13.0,9.0,1.0,15.0,A01
201500003973,0,36,0,3.0,0.0,7.0,16.0,A01
201500003974,0,7,0,13.0,0.0,9.0,1.0,A01
201500003975,0,33,0,0.0,0.0,1.0,1.0,A01
201500003976,0,10,0,0.0,0.0,9.0,1.0,A01
201500003977,0,7,0,2.0,0.0,7.0,1.0,A01
201500003978,0,7,0,0.0,2.0,1.0,1.0,A01
201500003978,0,15,0,0.0,0.0,0.0,1.0,B02
201500003979,0,7,0,0.0,2.0,1.0,1.0,A01
201500003979,0,2,0,0.0,2.0,1.0,1.0,B02
201500003980,0,7,0,13.0,0.0,1.0,1.0,A01
201500003981,0,7,0,0.0,2.0,7.0,13.0,A01
201500003981,0,7,0,0.0,2.0,1.0,1.0,B02