Num_Acc,senc,catv,occutc,obs,obsm,choc,manv,num_veh
201500003982,0,7,0,0.0,2.0,3.0,13.0,A01
201500003982,0,7,0,0.0,2.0,3.0,1.0,B02
201500003983,0,99,0,0.0,0.0,1.0,1.0,A01
201500003984,0,33,0,3.0,0.0,8.0,15.0,A01
201500003985,0,33,0,0.0,6.0,8.0,1.0,A01
201500003985,0,7,0,0.0,2.0,3.0,1.0,B02
201500003986,0,2,0,0.0,0.0,0.0,14.0,A01
201500003987,0,7,0,0.0,2.0,8.0,9.0,A01
201500003987,0,32,0,0.0,2.0,1.0,1.0,B02
201500003988,0,33,0,0.0,0.0,7.0,1.0,A01
201500003989,0,7,0,0.0,2.0,1.0,1.0,A01
201500003989,0,7,0,0.0,0.0,4.0,23.0,B02
201500003990,0,2,0,14.0,0.0,7.0,1.0,A01
201500003991,0,30,0,9.0,0.0,1.0,1.0,A01
201500003992,0,7,0,2.0,0.0,1.0,1.0,A01
201500003993,0,7,0,2.0,0.0,3.0,1.0,A01
201500003994,0,33,0,0.0,2.0,1.0,17.0,B02
201500003994,0,10,0,0.0,0.0,6.0,15.0,A01
201500003995,0,7,0,2.0,0.0,1.0,1.0,A01
201500003996,0,7,0,2.0,0.0,1.0,0.0,A01
201500003997,0,2,0,0.0,2.0,8.0,1.0,B02
201500003997,0,10,0,0.0,2.0,1.0,19.0,A01
201500003998,0,7,0,2.0,0.0,1.0,1.0,A01
201500003999,0,33,0,0.0,2.0,7.0,16.0,B02
201500003999,0,7,0,0.0,2.0,1.0,9.0,A01
201500004000,0,7,0,8.0,0.0,2.0,1.0,A01
201500004001,0,7,0,0.0,2.0,8.0,19.0,B02
201500004001,0,7,0,0.0,2.0,3.0,1.0,A01
201500004002,0,7,0,0.0,2.0,1.0,13.0,A01
201500004002,0,7,0,0.0,2.0,1.0,1.0,B02
201500004003,0,10,0,0.0,2.0,1.0,19.0,A01
201500004003,0,7,0,0.0,2.0,8.0,1.0,B02
201500004004,0,7,0,0.0,2.0,3.0,15.0,A01
201500004004,0,7,0,0.0,2.0,3.0,1.0,B02
201500004004,0,10,0,0.0,2.0,3.0,23.0,C03
201500004005,0,7,0,2.0,0.0,3.0,13.0,A01
201500004006,0,7,0,0.0,1.0,2.0,1.0,A01
201500004007,0,10,0,0.0,2.0,3.0,1.0,A01
201500004007,0,10,0,0.0,2.0,2.0,15.0,B02
201500004008,0,7,0,0.0,2.0,1.0,1.0,A01
201500004008,0,7,0,0.0,2.0,8.0,10.0,B02
201500004009,0,7,0,8.0,0.0,6.0,1.0,A01
201500004010,0,10,0,0.0,2.0,1.0,5.0,A01
201500004010,0,7,0,0.0,2.0,1.0,1.0,B02
201500004011,0,7,0,0.0,1.0,2.0,1.0,A01
201500004012,0,7,0,16.0,0.0,9.0,13.0,A01
201500004013,0,7,0,10.0,0.0,1.0,1.0,A01
201500004014,0,7,0,0.0,1.0,2.0,1.0,A01
201500004015,0,7,0,0.0,1.0,1.0,19.0,A01
201500004016,0,2,0,0.0,2.0,6.0,0.0,B02
201500004016,0,7,0,0.0,2.0,3.0,19.0,A01
201500004017,0,7,0,0.0,2.0,7.0,15.0,A01
201500004017,0,2,0,0.0,2.0,1.0,1.0,B02
201500004018,0,33,0,14.0,0.0,1.0,1.0,B02
201500004018,0,7,0,0.0,0.0,6.0,1.0,A01
201500004019,0,33,0,0.0,2.0,1.0,1.0,A01
201500004019,0,7,0,0.0,2.0,3.0,15.0,B02
201500004020,0,7,0,,2.0,7.0,1.0,A01
201500004020,0,1,0,0.0,2.0,4.0,,A02
201500004021,0,7,0,0.0,2.0,8.0,11.0,A01
201500004021,0,30,0,0.0,2.0,1.0,1.0,B02
201500004022,0,2,0,0.0,2.0,1.0,1.0,B01
201500004022,0,7,0,0.0,2.0,5.0,15.0,A01
201500004023,0,7,0,0.0,1.0,3.0,1.0,A01
201500004024,0,7,0,0.0,2.0,1.0,13.0,A01
201500004024,0,10,0,3.0,2.0,1.0,1.0,B01
201500004024,0,7,0,0.0,2.0,7.0,1.0,C01
201500004025,0,7,0,0.0,2.0,1.0,21.0,A01
201500004025,0,7,0,0.0,2.0,7.0,15.0,C01
201500004025,0,7,0,0.0,2.0,3.0,23.0,B01
201500004026,0,7,0,15.0,0.0,2.0,15.0,A01
201500004027,0,7,0,0.0,1.0,3.0,1.0,A01
201500004028,0,7,0,0.0,1.0,2.0,1.0,A01
201500004029,0,7,0,0.0,1.0,4.0,4.0,A01
201500004030,0,30,0,0.0,2.0,1.0,16.0,A01
201500004030,0,7,0,0.0,2.0,1.0,1.0,B01
201500004031,0,7,0,0.0,2.0,2.0,1.0,A01
201500004031,0,7,0,0.0,2.0,3.0,1.0,B01
201500004032,0,15,0,0.0,2.0,3.0,1.0,B01
201500004032,0,7,0,0.0,2.0,1.0,13.0,A01
201500004033,0,7,0,8.0,2.0,5.0,19.0,B01
201500004033,0,7,0,0.0,2.0,1.0,1.0,A01
201500004034,0,7,0,0.0,1.0,3.0,1.0,A01
201500004035,0,10,0,0.0,2.0,1.0,2.0,B01
201500004035,0,7,0,0.0,0.0,4.0,2.0,A01
201500004036,0,2,0,,2.0,1.0,17.0,A02
201500004036,0,7,0,,2.0,3.0,15.0,A01
201500004037,0,7,0,0.0,2.0,1.0,1.0,A01
201500004037,0,10,0,0.0,2.0,7.0,19.0,B02
201500004038,0,7,0,2.0,0.0,1.0,13.0,A01
201500004039,0,30,0,0.0,2.0,1.0,2.0,A01
201500004039,0,10,0,0.0,2.0,4.0,2.0,B02
201500004040,0,10,0,0.0,2.0,8.0,1.0,B02
201500004040,0,10,0,0.0,2.0,1.0,1.0,A01
201500004041,0,7,0,0.0,2.0,7.0,19.0,B02
201500004041,0,33,0,0.0,2.0,1.0,1.0,A01
201500004042,0,30,0,2.0,0.0,1.0,1.0,A01
201500004043,0,1,0,0.0,2.0,1.0,1.0,B02
201500004043,0,7,0,0.0,9.0,7.0,15.0,A01
201500004044,0,10,0,0.0,1.0,3.0,1.0,A01
201500004045,0,33,0,0.0,0.0,0.0,17.0,A01
201500004046,0,10,0,0.0,2.0,1.0,1.0,B02
201500004046,0,7,0,0.0,2.0,7.0,1.0,A01
201500004047,0,7,0,13.0,0.0,3.0,1.0,A01
201500004048,0,7,0,4.0,0.0,6.0,1.0,A01
201500004049,0,30,0,0.0,0.0,0.0,0.0,B02
201500004049,0,30,0,0.0,0.0,0.0,0.0,A01
201500004050,0,7,0,2.0,0.0,2.0,1.0,A01
201500004051,0,7,0,0.0,2.0,3.0,13.0,A01
201500004051,0,14,0,0.0,2.0,3.0,1.0,B02
201500004052,0,7,0,0.0,2.0,2.0,10.0,A01
201500004052,0,33,0,0.0,2.0,1.0,1.0,B02
201500004053,0,7,0,0.0,2.0,1.0,2.0,A01
201500004053,0,30,0,0.0,2.0,4.0,2.0,B02
201500004054,0,7,0,0.0,2.0,2.0,2.0,C03
201500004054,0,7,0,0.0,2.0,1.0,13.0,A01
201500004054,0,7,0,0.0,2.0,1.0,0.0,B02
201500004055,0,7,0,0.0,2.0,1.0,2.0,A01
201500004055,0,7,0,0.0,0.0,8.0,15.0,B02
201500004056,0,7,0,2.0,0.0,1.0,1.0,A01
201500004057,0,10,0,2.0,0.0,1.0,1.0,A01
201500004058,0,7,0,0.0,2.0,1.0,1.0,A01
201500004058,0,7,0,0.0,2.0,1.0,1.0,B02
201500004059,0,7,0,0.0,2.0,3.0,13.0,A01
201500004059,0,17,0,0.0,2.0,6.0,21.0,B02
201500004059,0,7,0,0.0,2.0,8.0,23.0,C03
201500004060,0,33,0,0.0,2.0,3.0,1.0,A01
201500004060,0,7,0,0.0,2.0,3.0,1.0,B02
201500004061,0,7,0,0.0,2.0,3.0,17.0,A01
201500004061,0,7,0,0.0,0.0,3.0,1.0,B02
201500004062,0,7,0,2.0,0.0,1.0,1.0,A01
201500004063,0,30,0,0.0,2.0,1.0,19.0,A01
201500004063,0,7,0,0.0,2.0,3.0,1.0,B02
201500004064,0,7,0,0.0,2.0,7.0,1.0,A01
201500004064,0,7,0,0.0,2.0,1.0,16.0,B02
201500004065,0,7,0,0.0,1.0,3.0,1.0,A01
201500004066,0,7,0,13.0,0.0,1.0,13.0,A01
201500004067,0,10,0,0.0,2.0,2.0,1.0,A01
201500004067,0,1,0,0.0,0.0,4.0,1.0,B02
201500004068,0,7,0,13.0,0.0,3.0,0.0,A01
201500004069,0,7,0,0.0,0.0,0.0,0.0,A01
201500004070,0,7,0,2.0,0.0,2.0,14.0,A01
201500004071,0,7,0,0.0,2.0,3.0,15.0,A01
201500004071,0,34,0,0.0,2.0,3.0,1.0,B02
201500004072,0,7,0,0.0,2.0,7.0,15.0,A01
201500004072,0,33,0,0.0,2.0,1.0,1.0,B02
201500004073,0,7,0,2.0,0.0,8.0,1.0,A01
201500004074,0,7,0,6.0,0.0,3.0,13.0,A01
201500004075,0,7,0,0.0,2.0,8.0,15.0,A01
201500004075,0,31,0,0.0,2.0,7.0,17.0,B02
201500004076,0,10,0,0.0,2.0,2.0,13.0,A01
201500004076,0,10,0,0.0,2.0,1.0,1.0,B02
201500004077,0,7,0,0.0,2.0,3.0,1.0,A01
201500004077,0,7,0,0.0,2.0,3.0,1.0,B02
201500004078,0,33,0,8.0,0.0,1.0,13.0,A01
201500004079,0,30,0,13.0,0.0,0.0,1.0,A01
201500004080,0,7,0,8.0,0.0,1.0,14.0,A01
201500004081,0,7,0,6.0,0.0,1.0,14.0,A01
201500004082,0,7,0,0.0,2.0,3.0,1.0,A01
201500004082,0,7,0,0.0,2.0,3.0,1.0,B02
201500004083,0,7,0,0.0,2.0,3.0,19.0,A01
201500004083,0,33,0,0.0,2.0,1.0,1.0,B02
201500004084,0,33,0,3.0,0.0,1.0,1.0,A01
201500004085,0,7,0,2.0,0.0,9.0,13.0,A01
201500004086,0,7,0,2.0,0.0,2.0,14.0,A01
201500004087,0,99,0,0.0,0.0,7.0,1.0,A01
201500004088,0,10,0,0.0,9.0,2.0,15.0,A01
201500004088,0,1,0,0.0,2.0,1.0,1.0,B02
201500004089,0,7,0,0.0,2.0,3.0,1.0,A01
201500004089,0,7,0,0.0,2.0,3.0,1.0,B02
201500004090,0,21,0,0.0,2.0,3.0,0.0,A01
201500004090,0,31,0,0.0,2.0,3.0,0.0,B02
201500004091,0,31,0,13.0,0.0,1.0,1.0,A01
201500004092,0,7,0,2.0,0.0,1.0,1.0,A01
201500004093,0,10,0,0.0,1.0,0.0,1.0,B02
201500004094,0,33,0,0.0,2.0,1.0,1.0,A01
201500004094,0,7,0,0.0,2.0,2.0,17.0,B02
201500004095,0,7,0,16.0,0.0,3.0,1.0,A01
201500004096,0,7,0,0.0,2.0,2.0,1.0,A01
201500004096,0,2,0,0.0,2.0,1.0,1.0,B02
201500004097,0,7,0,0.0,2.0,2.0,1.0,A01
201500004097,0,7,0,0.0,2.0,3.0,16.0,B02
201500004098,0,1,0,0.0,0.0,0.0,1.0,A01
201500004099,0,7,0,0.0,2.0,3.0,1.0,A01
201500004099,0,7,0,13.0,2.0,3.0,1.0,B02
201500004100,0,7,0,6.0,0.0,1.0,0.0,A01
201500004101,0,7,0,0.0,2.0,1.0,1.0,A01
201500004101,0,7,0,0.0,2.0,1.0,17.0,B02
201500004102,0,7,0,13.0,0.0,1.0,1.0,A01
201500004103,0,7,0,0.0,2.0,1.0,13.0,A01
201500004103,0,7,0,0.0,2.0,8.0,1.0,B02
201500004103,0,7,0,0.0,2.0,1.0,1.0,C03
201500004104,0,36,0,6.0,0.0,1.0,1.0,A01
201500004105,0,1,0,0.0,2.0,1.0,2.0,A01
201500004105,0,1,0,0.0,2.0,4.0,2.0,B02
201500004106,0,33,0,0.0,2.0,1.0,1.0,A01
201500004106,0,7,0,0.0,9.0,8.0,1.0,B02
201500004106,0,7,0,0.0,2.0,3.0,15.0,C03
201500004107,0,7,0,0.0,0.0,6.0,13.0,A01
201500004108,0,7,0,6.0,0.0,1.0,1.0,A01
201500004109,0,7,0,2.0,0.0,2.0,1.0,A01
201500004110,0,7,0,2.0,0.0,2.0,13.0,A01
201500004111,0,7,0,2.0,0.0,1.0,13.0,A01
201500004112,0,7,0,0.0,2.0,3.0,19.0,A01
201500004112,0,33,0,0.0,2.0,1.0,1.0,B02
201500004113,0,7,0,0.0,2.0,1.0,1.0,A01
201500004113,0,7,0,0.0,0.0,4.0,16.0,B02
201500004114,0,7,0,0.0,0.0,9.0,1.0,A01
201500004115,0,7,0,0.0,2.0,1.0,5.0,A01
201500004115,0,2,0,0.0,2.0,1.0,0.0,B02
201500004116,0,7,0,2.0,0.0,3.0,14.0,A01
201500004117,0,7,0,3.0,2.0,0.0,5.0,A01
201500004117,0,7,0,3.0,2.0,1.0,1.0,B02
201500004117,0,7,0,3.0,2.0,3.0,1.0,C03
201500004118,0,7,0,0.0,2.0,2.0,16.0,A01
201500004118,0,7,0,0.0,2.0,3.0,1.0,B02
201500004119,0,2,0,0.0,2.0,1.0,2.0,A01
201500004119,0,7,0,0.0,2.0,5.0,15.0,B02
201500004120,0,10,0,0.0,2.0,1.0,1.0,B02
201500004120,0,7,0,0.0,2.0,7.0,19.0,A01
201500004121,0,1,0,0.0,2.0,8.0,2.0,A01
201500004121,0,1,0,0.0,2.0,7.0,2.0,B02
201500004122,0,7,0,6.0,0.0,7.0,1.0,A01
201500004123,0,7,0,0.0,2.0,7.0,1.0,A01
201500004123,0,7,0,0.0,2.0,1.0,19.0,B02
201500004124,0,7,0,13.0,0.0,1.0,0.0,A01
201500004125,0,7,0,0.0,2.0,1.0,19.0,A01
201500004125,0,1,0,0.0,2.0,6.0,1.0,B02
201500004126,0,7,0,0.0,0.0,6.0,23.0,A01
201500004127,0,7,0,0.0,9.0,9.0,1.0,A01
201500004128,0,7,0,6.0,0.0,1.0,1.0,A01
201500004129,0,7,0,0.0,2.0,3.0,15.0,A01
201500004129,0,30,0,0.0,2.0,1.0,1.0,B02
201500004130,0,7,0,0.0,2.0,2.0,13.0,A01
201500004130,0,7,0,0.0,2.0,1.0,1.0,B02
201500004131,0,31,0,3.0,0.0,1.0,1.0,A01
201500004132,0,7,0,13.0,0.0,1.0,19.0,A01
201500004133,0,7,0,13.0,0.0,1.0,1.0,A01
201500004134,0,7,0,2.0,0.0,1.0,1.0,A01
201500004135,0,7,0,2.0,0.0,3.0,1.0,A01
201500004136,0,7,0,0.0,1.0,2.0,1.0,A01
201500004137,0,7,0,0.0,2.0,2.0,1.0,B02
201500004137,0,7,0,0.0,2.0,3.0,1.0,A01
201500004138,0,10,0,0.0,2.0,7.0,1.0,A01
201500004138,0,30,0,0.0,2.0,1.0,1.0,B02
201500004139,0,7,0,0.0,2.0,6.0,10.0,A01
201500004139,0,7,0,0.0,2.0,3.0,1.0,B02
201500004140,0,7,0,13.0,0.0,0.0,1.0,A01
201500004141,0,7,0,0.0,2.0,1.0,17.0,A01
201500004141,0,7,0,0.0,2.0,3.0,15.0,B02
201500004142,0,30,0,3.0,0.0,8.0,1.0,A01
201500004143,0,32,0,0.0,0.0,7.0,1.0,A01
201500004144,0,33,0,2.0,0.0,2.0,1.0,A01
201500004145,0,33,0,0.0,2.0,8.0,3.0,B02
201500004145,0,10,0,0.0,2.0,2.0,12.0,A01
201500004146,0,31,0,0.0,0.0,7.0,1.0,B02
201500004146,1,7,0,0.0,2.0,2.0,5.0,A01
201500004147,0,7,0,0.0,1.0,1.0,2.0,A01
201500004148,0,7,0,0.0,1.0,7.0,1.0,A01
201500004149,0,7,0,0.0,2.0,1.0,1.0,B02
201500004149,0,33,0,0.0,2.0,1.0,1.0,A01
201500004150,0,7,0,0.0,1.0,3.0,1.0,A01
201500004151,2,10,0,,1.0,,,A01
201500004152,0,33,0,0.0,2.0,7.0,1.0,B02
201500004152,0,7,0,0.0,2.0,1.0,15.0,A01
201500004153,0,33,0,4.0,0.0,7.0,1.0,A01
201500004154,0,7,0,14.0,0.0,1.0,1.0,A01
201500004155,0,33,0,0.0,2.0,1.0,1.0,A01
201500004155,0,7,0,0.0,2.0,6.0,2.0,B02
201500004156,0,7,0,0.0,1.0,1.0,17.0,A01
201500004157,0,33,0,0.0,0.0,0.0,0.0,A01
201500004158,0,33,0,0.0,2.0,1.0,13.0,A01
201500004158,0,33,0,0.0,2.0,8.0,1.0,B02
201500004159,0,33,0,0.0,0.0,0.0,0.0,A01
201500004160,0,31,0,0.0,2.0,1.0,1.0,B02
201500004160,0,31,0,0.0,2.0,1.0,1.0,A01
201500004161,0,33,0,0.0,2.0,1.0,0.0,B02
201500004161,0,7,0,0.0,2.0,8.0,10.0,A01
201500004162,0,33,0,0.0,0.0,1.0,1.0,A01
201500004163,0,2,0,0.0,0.0,7.0,17.0,B02
201500004163,0,7,0,0.0,0.0,3.0,15.0,A01
201500004164,0,7,0,0.0,1.0,3.0,1.0,A01
201500004165,0,7,0,0.0,0.0,8.0,15.0,A01
201500004165,0,7,0,1.0,0.0,9.0,0.0,B02
201500004165,0,7,0,0.0,0.0,9.0,17.0,C03
201500004166,0,33,0,12.0,0.0,7.0,1.0,A01
201500004167,0,7,0,0.0,2.0,1.0,1.0,B02
201500004167,0,7,0,0.0,2.0,2.0,13.0,A01
201500004168,0,33,0,4.0,0.0,1.0,1.0,A01
201500004169,0,7,0,0.0,2.0,3.0,1.0,A01
201500004169,0,7,0,0.0,2.0,3.0,1.0,B02
201500004170,0,7,0,0.0,1.0,3.0,1.0,A01
201500004171,0,33,0,0.0,2.0,1.0,19.0,A01
201500004171,0,7,0,0.0,2.0,8.0,19.0,B02
201500004172,0,7,0,8.0,0.0,1.0,1.0,A01
201500004173,0,33,0,0.0,0.0,0.0,1.0,A01
201500004174,0,7,0,0.0,2.0,1.0,9.0,A01
201500004174,0,7,0,0.0,2.0,7.0,15.0,B02
201500004175,0,7,0,0.0,1.0,7.0,1.0,B01
201500004176,0,7,0,0.0,1.0,3.0,1.0,A01
201500004177,0,1,0,0.0,2.0,1.0,1.0,B02
201500004177,0,7,0,0.0,2.0,2.0,15.0,A01
201500004178,0,31,0,0.0,2.0,1.0,1.0,B02
201500004178,0,7,0,0.0,2.0,2.0,15.0,A01
201500004179,0,7,0,4.0,2.0,9.0,17.0,A01
201500004179,0,7,0,0.0,2.0,1.0,1.0,B02
201500004180,0,30,0,0.0,2.0,7.0,1.0,A01
201500004180,0,7,0,0.0,2.0,3.0,9.0,B02
201500004181,0,30,0,0.0,1.0,1.0,1.0,A01
201500004182,0,7,0,0.0,1.0,1.0,15.0,A01
201500004183,0,7,0,0.0,2.0,2.0,10.0,A01
201500004183,0,33,0,1.0,2.0,8.0,1.0,B02
201500004184,0,17,0,0.0,2.0,3.0,21.0,B02
201500004184,0,7,0,0.0,2.0,3.0,5.0,A01
201500004185,0,7,0,13.0,0.0,1.0,1.0,A01
201500004186,0,14,0,0.0,0.0,0.0,15.0,A01
201500004186,0,31,0,0.0,0.0,0.0,21.0,B02
201500004187,0,7,0,0.0,2.0,1.0,13.0,A01
201500004187,0,14,0,0.0,2.0,6.0,1.0,B02
201500004188,0,7,0,0.0,2.0,3.0,5.0,A01
201500004188,0,2,0,0.0,2.0,3.0,1.0,B02
201500004189,0,7,0,12.0,0.0,7.0,1.0,A01
201500004190,0,30,0,0.0,2.0,1.0,1.0,A01
201500004190,0,7,0,0.0,2.0,2.0,1.0,B02
201500004191,0,1,0,0.0,2.0,4.0,1.0,B02
201500004191,0,7,0,0.0,9.0,1.0,1.0,A01
201500004192,0,33,0,0.0,0.0,6.0,9.0,B02
201500004192,0,7,0,0.0,0.0,2.0,2.0,A01
201500004193,0,7,0,0.0,0.0,4.0,1.0,A01
201500004194,0,2,0,0.0,2.0,1.0,18.0,A01
201500004194,0,14,0,0.0,2.0,2.0,15.0,B02
201500004195,0,30,0,0.0,0.0,1.0,0.0,B02
201500004195,0,7,0,0.0,2.0,7.0,15.0,A01
201500004196,0,7,0,0.0,2.0,0.0,15.0,A01
201500004196,0,7,0,0.0,2.0,1.0,1.0,B02
201500004197,0,31,0,0.0,2.0,7.0,17.0,A01
201500004197,0,7,0,0.0,2.0,8.0,1.0,B02
201500004198,0,7,0,6.0,0.0,8.0,1.0,A01
201500004199,0,2,0,0.0,1.0,1.0,1.0,A01
201500004200,0,7,0,0.0,2.0,5.0,1.0,A01
201500004200,0,10,0,0.0,2.0,3.0,1.0,B02
201500004201,0,7,0,0.0,2.0,5.0,15.0,A01
201500004201,0,7,0,0.0,2.0,1.0,1.0,B02
201500004202,0,7,0,13.0,0.0,2.0,1.0,A01
201500004203,0,14,0,0.0,2.0,1.0,1.0,B02
201500004203,0,14,0,0.0,2.0,1.0,0.0,A01
201500004204,0,7,0,2.0,0.0,1.0,1.0,A01
201500004205,0,33,0,12.0,0.0,1.0,1.0,A01
201500004206,0,7,0,0.0,2.0,3.0,13.0,A01
201500004206,0,7,0,0.0,2.0,3.0,1.0,B02
201500004207,0,7,0,0.0,2.0,3.0,23.0,B02
201500004207,0,7,0,0.0,2.0,3.0,13.0,C03
201500004207,0,7,0,0.0,2.0,1.0,1.0,A01
201500004208,0,7,0,0.0,2.0,3.0,1.0,B02
201500004208,0,7,0,0.0,2.0,3.0,1.0,A01
201500004209,0,7,0,,2.0,1.0,,A01
201500004209,0,7,0,,2.0,1.0,,A02
201500004210,0,10,0,0.0,2.0,1.0,13.0,A01
201500004210,0,10,0,0.0,2.0,3.0,1.0,C03
201500004210,0,10,0,0.0,2.0,2.0,1.0,B02
201500004211,0,7,0,2.0,0.0,1.0,1.0,A01
201500004212,0,10,0,0.0,2.0,6.0,15.0,A01
201500004212,0,33,0,0.0,2.0,3.0,1.0,B02
201500004213,0,2,0,0.0,2.0,3.0,1.0,B02
201500004213,0,7,0,3.0,2.0,3.0,13.0,A01
201500004214,0,2,0,0.0,2.0,1.0,1.0,A01
201500004214,0,7,0,0.0,2.0,1.0,9.0,B02
201500004215,0,30,0,0.0,2.0,7.0,1.0,B02
201500004215,0,7,0,0.0,2.0,1.0,1.0,A01
201500004216,0,7,0,0.0,2.0,1.0,1.0,B02
201500004216,0,10,0,0.0,2.0,1.0,1.0,C03
201500004216,0,7,0,0.0,2.0,1.0,1.0,A01
201500004217,0,7,0,0.0,2.0,3.0,13.0,B02
201500004217,0,7,0,0.0,2.0,3.0,1.0,A01
201500004218,0,7,0,0.0,2.0,1.0,5.0,A01
201500004218,0,7,0,0.0,2.0,1.0,0.0,B02
201500004219,0,31,0,8.0,0.0,1.0,1.0,A01
201500004220,0,7,0,0.0,2.0,1.0,1.0,B02
201500004220,0,33,0,0.0,2.0,1.0,19.0,A01
201500004221,0,7,0,6.0,0.0,1.0,0.0,A01
201500004222,0,10,0,2.0,0.0,1.0,1.0,A01
201500004223,0,10,0,6.0,0.0,7.0,1.0,A01
201500004224,0,7,0,0.0,0.0,2.0,15.0,A01
201500004224,0,7,0,0.0,0.0,1.0,23.0,B02
201500004225,0,7,0,0.0,2.0,1.0,9.0,A01
201500004225,0,7,0,0.0,2.0,5.0,1.0,B02
201500004226,0,1,0,0.0,0.0,1.0,1.0,B02
201500004226,0,7,0,0.0,0.0,3.0,15.0,A01
201500004227,0,7,0,3.0,0.0,0.0,1.0,A01
201500004228,0,10,0,0.0,1.0,3.0,15.0,A01
201500004229,0,10,0,0.0,2.0,1.0,15.0,B02
201500004229,0,31,0,0.0,2.0,2.0,1.0,A01
201500004230,0,7,0,2.0,0.0,3.0,0.0,A01
201500004231,0,7,0,0.0,2.0,2.0,13.0,A01
201500004231,0,7,0,0.0,2.0,2.0,21.0,B02
201500004232,0,10,0,0.0,2.0,1.0,1.0,A01
201500004232,0,7,0,0.0,2.0,8.0,1.0,B02
201500004233,0,7,0,0.0,2.0,1.0,1.0,A01
201500004233,0,7,0,0.0,2.0,1.0,13.0,B02
201500004234,0,7,0,0.0,2.0,3.0,1.0,B02
201500004234,0,7,0,0.0,2.0,3.0,13.0,A01
201500004235,0,7,0,0.0,1.0,2.0,14.0,A01
201500004236,0,7,0,13.0,0.0,4.0,4.0,A01
201500004237,0,7,0,0.0,2.0,1.0,13.0,A01
201500004237,0,15,0,0.0,2.0,1.0,1.0,B02
201500004238,0,10,0,0.0,1.0,0.0,1.0,A01
201500004239,0,7,0,2.0,0.0,1.0,14.0,A01
201500004240,0,7,0,0.0,1.0,8.0,1.0,A01
201500004241,0,7,0,0.0,1.0,5.0,13.0,A01
201500004242,0,10,0,0.0,0.0,2.0,15.0,A01
201500004242,0,7,0,0.0,0.0,1.0,1.0,B02
201500004243,0,31,0,8.0,0.0,1.0,0.0,A01
201500004244,0,31,0,0.0,2.0,1.0,1.0,A01
201500004244,0,7,0,0.0,2.0,1.0,15.0,B02
201500004245,0,30,0,12.0,0.0,2.0,21.0,A01
201500004246,0,7,0,0.0,1.0,1.0,1.0,A01
201500004247,0,33,0,0.0,2.0,1.0,1.0,B02
201500004247,0,7,0,0.0,2.0,8.0,15.0,A01
201500004248,0,33,0,12.0,2.0,0.0,1.0,B02
201500004248,0,33,0,12.0,2.0,0.0,1.0,A01
201500004248,0,7,0,0.0,0.0,0.0,15.0,C03
201500004249,0,33,0,6.0,0.0,1.0,14.0,A01
201500004250,0,33,0,0.0,2.0,1.0,1.0,B02
201500004250,0,7,0,0.0,2.0,2.0,15.0,A01
201500004251,0,33,0,0.0,2.0,1.0,1.0,B02
201500004251,0,10,0,0.0,2.0,7.0,15.0,A01
201500004252,0,7,0,2.0,0.0,2.0,0.0,A01
201500004253,0,1,0,,1.0,1.0,1.0,A01
201500004254,0,7,0,8.0,0.0,7.0,1.0,A01
201500004255,0,33,0,0.0,2.0,3.0,5.0,B02
201500004255,1,7,0,0.0,2.0,3.0,5.0,A01
201500004256,0,7,0,0.0,2.0,1.0,13.0,A01
201500004256,0,10,0,0.0,2.0,3.0,1.0,B02
201500004257,0,31,0,2.0,6.0,3.0,13.0,A01
201500004258,0,10,0,0.0,2.0,3.0,1.0,A01
201500004258,0,7,0,0.0,2.0,3.0,1.0,B02
201500004259,0,33,0,0.0,0.0,7.0,1.0,A01
201500004260,0,33,0,8.0,0.0,1.0,0.0,A01
201500004261,0,7,0,0.0,1.0,2.0,1.0,A01
201500004262,0,3,0,0.0,2.0,2.0,13.0,A01
201500004262,0,7,0,0.0,2.0,1.0,1.0,B02
201500004263,0,7,0,0.0,2.0,1.0,1.0,B02
201500004263,0,7,0,0.0,2.0,2.0,6.0,A01
201500004264,0,14,0,0.0,2.0,1.0,21.0,B02
201500004264,0,7,0,0.0,2.0,1.0,13.0,A01
201500004265,0,7,0,0.0,2.0,3.0,1.0,A01
201500004265,0,7,0,0.0,2.0,1.0,1.0,B02
201500004266,0,7,0,8.0,0.0,7.0,19.0,A01
201500004267,0,7,0,13.0,0.0,8.0,1.0,A01
201500004268,0,33,0,1.0,0.0,8.0,1.0,A01
201500004269,0,30,0,0.0,2.0,1.0,17.0,A01
201500004269,0,7,0,0.0,2.0,3.0,1.0,B02
201500004270,0,7,0,0.0,2.0,7.0,1.0,A01
201500004270,0,7,0,0.0,2.0,1.0,1.0,B02
201500004271,0,33,0,14.0,0.0,1.0,1.0,A01
201500004272,0,30,0,0.0,2.0,5.0,17.0,A01
201500004272,0,10,0,0.0,2.0,3.0,15.0,B02
201500004273,0,7,0,0.0,2.0,1.0,10.0,A01
201500004273,0,33,0,0.0,2.0,8.0,1.0,B02
201500004274,0,10,0,0.0,1.0,2.0,1.0,A01
201500004275,0,7,0,0.0,2.0,3.0,21.0,B02
201500004275,0,7,0,0.0,2.0,3.0,5.0,A01
201500004276,0,2,0,0.0,2.0,1.0,1.0,B02
201500004276,0,10,0,0.0,2.0,2.0,19.0,A01