Num_Acc,senc,catv,occutc,obs,obsm,choc,manv,num_veh
201500004552,0,21,0,0.0,2.0,6.0,1.0,B02
201500004552,0,31,0,0.0,2.0,3.0,1.0,A01
201500004553,0,7,0,2.0,0.0,1.0,13.0,A01
201500004554,0,7,0,0.0,2.0,1.0,13.0,A01
201500004554,0,7,0,0.0,2.0,1.0,1.0,B02
201500004555,0,7,0,0.0,2.0,3.0,1.0,B02
201500004555,0,7,0,0.0,2.0,1.0,13.0,A01
201500004556,0,7,0,4.0,0.0,2.0,14.0,A01
201500004557,0,33,0,0.0,2.0,3.0,1.0,A01
201500004557,0,7,0,0.0,2.0,3.0,9.0,B02
201500004558,0,7,0,0.0,2.0,3.0,13.0,A01
201500004558,0,10,0,0.0,2.0,2.0,21.0,B02
201500004559,0,7,0,0.0,2.0,1.0,5.0,A01
201500004559,0,7,0,0.0,2.0,1.0,1.0,B02
201500004560,0,7,0,0.0,2.0,2.0,1.0,B02
201500004560,0,7,0,0.0,2.0,2.0,17.0,A01
201500004560,0,7,0,0.0,2.0,2.0,2.0,C03
201500004561,0,33,0,0.0,2.0,1.0,1.0,A01
201500004561,0,7,0,0.0,2.0,3.0,9.0,B02
201500004562,0,33,0,16.0,0.0,1.0,1.0,A01
201500004563,0,7,0,0.0,1.0,2.0,1.0,A01
201500004564,0,7,0,0.0,1.0,1.0,1.0,A01
201500004565,0,7,0,2.0,0.0,5.0,13.0,A01
201500004566,0,7,0,0.0,1.0,2.0,1.0,A01
201500004567,0,7,0,0.0,1.0,2.0,1.0,A01
201500004568,0,7,0,0.0,2.0,7.0,13.0,A01
201500004568,0,7,0,0.0,2.0,1.0,1.0,B02
201500004569,0,7,0,0.0,2.0,3.0,17.0,A01
201500004569,0,1,0,0.0,2.0,1.0,1.0,B02
201500004570,0,7,0,2.0,0.0,0.0,19.0,A01
201500004571,0,10,0,0.0,2.0,1.0,1.0,B02
201500004571,0,7,0,0.0,2.0,1.0,13.0,A01
201500004572,0,33,0,0.0,2.0,3.0,1.0,B02
201500004572,0,7,0,0.0,2.0,1.0,15.0,A01
201500004573,0,33,0,12.0,0.0,7.0,1.0,A01
201500004574,0,7,0,0.0,1.0,2.0,1.0,A01
201500004575,0,7,0,0.0,1.0,2.0,1.0,A01
201500004576,0,7,0,6.0,0.0,2.0,1.0,A01
201500004577,0,7,0,13.0,0.0,1.0,13.0,A01
201500004578,0,7,0,13.0,0.0,8.0,13.0,A01
201500004579,0,33,0,0.0,2.0,1.0,1.0,B02
201500004579,0,15,0,0.0,2.0,2.0,15.0,A01
201500004580,0,33,0,0.0,0.0,2.0,17.0,A01
201500004580,0,7,0,0.0,0.0,3.0,15.0,B02
201500004581,0,33,0,0.0,0.0,0.0,0.0,A01
201500004582,0,7,0,2.0,0.0,8.0,1.0,A01
201500004583,0,7,0,0.0,2.0,3.0,23.0,A01
201500004583,0,33,0,1.0,0.0,1.0,13.0,B02
201500004584,0,7,0,0.0,2.0,6.0,1.0,B02
201500004584,0,30,0,0.0,2.0,1.0,1.0,A01
201500004585,0,7,0,13.0,0.0,1.0,13.0,A01
201500004586,0,33,0,0.0,2.0,1.0,1.0,A01
201500004586,0,7,0,0.0,0.0,6.0,20.0,B02
201500004587,0,30,0,0.0,0.0,0.0,2.0,A01
201500004588,0,7,0,6.0,1.0,1.0,13.0,A01
201500004589,0,33,0,0.0,2.0,1.0,1.0,D04
201500004589,0,33,0,0.0,2.0,1.0,13.0,A01
201500004589,0,33,0,0.0,2.0,1.0,1.0,C03
201500004589,0,7,0,0.0,2.0,3.0,1.0,B02
201500004590,0,33,0,0.0,0.0,9.0,1.0,A01
201500004591,0,7,0,0.0,2.0,3.0,1.0,A01
201500004591,0,31,0,0.0,2.0,1.0,13.0,B02
201500004592,0,33,0,2.0,0.0,1.0,13.0,A01
201500004593,0,7,0,0.0,2.0,6.0,24.0,A01
201500004593,0,33,0,1.0,2.0,2.0,1.0,C03
201500004593,0,7,0,0.0,2.0,5.0,20.0,B02
201500004594,0,32,0,0.0,2.0,1.0,1.0,A01
201500004594,0,7,0,0.0,2.0,2.0,15.0,B02
201500004595,0,14,0,4.0,0.0,3.0,6.0,A01
201500004596,0,7,0,0.0,1.0,2.0,1.0,A01
201500004597,0,7,0,6.0,0.0,3.0,1.0,A01
201500004598,0,7,0,0.0,2.0,1.0,1.0,A01
201500004598,0,2,0,0.0,2.0,4.0,1.0,B02
201500004599,0,7,0,2.0,0.0,7.0,1.0,A01
201500004600,0,10,0,0.0,2.0,8.0,1.0,B02
201500004600,0,33,0,0.0,2.0,8.0,13.0,A01
201500004601,0,33,0,0.0,0.0,0.0,1.0,A01
201500004602,0,7,0,13.0,0.0,9.0,1.0,A01
201500004603,0,7,0,2.0,0.0,1.0,2.0,A01
201500004604,0,7,0,0.0,2.0,2.0,1.0,B02
201500004604,0,7,0,0.0,2.0,7.0,15.0,A01
201500004605,0,7,0,0.0,1.0,2.0,0.0,A01
201500004606,0,7,0,0.0,2.0,3.0,5.0,A01
201500004606,0,17,0,0.0,2.0,3.0,1.0,B02
201500004607,0,7,0,0.0,1.0,2.0,1.0,A01
201500004608,0,7,0,0.0,1.0,1.0,1.0,A01
201500004609,0,1,0,0.0,2.0,7.0,1.0,A01
201500004609,0,7,0,0.0,2.0,3.0,16.0,B02
201500004610,1,7,0,0.0,1.0,0.0,16.0,A01
201500004610,0,33,0,0.0,2.0,0.0,1.0,B02
201500004611,0,7,0,6.0,0.0,1.0,2.0,A01
201500004612,0,2,0,0.0,2.0,2.0,17.0,A01
201500004612,0,7,0,0.0,2.0,3.0,15.0,B02
201500004613,0,32,0,0.0,2.0,1.0,1.0,A01
201500004613,0,7,0,0.0,2.0,2.0,1.0,B02
201500004614,0,7,0,0.0,2.0,3.0,13.0,A01
201500004614,0,7,0,0.0,2.0,8.0,1.0,B02
201500004615,0,33,0,0.0,2.0,1.0,5.0,A01
201500004615,0,10,0,0.0,2.0,1.0,1.0,B02
201500004616,0,7,0,0.0,2.0,2.0,17.0,A01
201500004616,0,7,0,0.0,0.0,8.0,15.0,B02
201500004617,0,7,0,0.0,2.0,1.0,2.0,A01
201500004617,0,14,0,0.0,2.0,4.0,2.0,B02
201500004618,0,7,0,13.0,0.0,3.0,1.0,A01
201500004619,0,33,0,8.0,0.0,1.0,1.0,A01
201500004620,0,33,0,0.0,0.0,7.0,1.0,A01
201500004621,0,7,0,6.0,0.0,1.0,1.0,A01
201500004622,0,7,0,3.0,0.0,2.0,1.0,A01
201500004623,0,7,0,0.0,1.0,3.0,1.0,A01
201500004624,0,2,0,0.0,2.0,1.0,1.0,B01
201500004624,0,13,0,0.0,2.0,4.0,4.0,A01
201500004625,0,7,0,0.0,1.0,1.0,1.0,A01
201500004626,0,7,0,1.0,0.0,8.0,1.0,A01
201500004626,0,15,0,0.0,2.0,6.0,24.0,B01
201500004627,0,7,0,0.0,1.0,1.0,1.0,A01
201500004628,0,7,0,0.0,2.0,7.0,15.0,A01
201500004628,0,36,0,0.0,2.0,1.0,1.0,B01
201500004629,0,7,0,0.0,1.0,1.0,15.0,A01
201500004630,0,7,0,0.0,1.0,2.0,1.0,A01
201500004631,0,7,0,0.0,2.0,3.0,23.0,B01
201500004631,0,7,0,0.0,2.0,1.0,1.0,A01
201500004632,0,7,0,2.0,0.0,2.0,14.0,A01
201500004633,0,17,0,0.0,1.0,3.0,1.0,A01
201500004634,0,7,0,0.0,1.0,4.0,4.0,A01
201500004635,0,7,0,0.0,1.0,1.0,1.0,A01
201500004636,0,7,0,0.0,2.0,3.0,1.0,B02
201500004636,0,2,0,0.0,2.0,8.0,13.0,A01
201500004637,0,33,0,0.0,2.0,1.0,1.0,A01
201500004637,0,7,0,0.0,2.0,8.0,15.0,B02
201500004638,0,7,0,13.0,0.0,3.0,13.0,A01
201500004639,0,33,0,0.0,2.0,1.0,1.0,A01
201500004639,0,7,0,0.0,2.0,7.0,15.0,B02
201500004640,0,7,0,1.0,0.0,3.0,1.0,A01
201500004640,0,15,0,0.0,2.0,7.0,0.0,B02
201500004641,0,33,0,10.0,0.0,3.0,1.0,A01
201500004642,0,7,0,0.0,0.0,0.0,1.0,A01
201500004643,0,38,1,0.0,1.0,5.0,2.0,A01
201500004644,0,10,0,0.0,2.0,6.0,1.0,C03
201500004644,0,7,0,0.0,2.0,1.0,13.0,B02
201500004644,0,14,0,0.0,2.0,1.0,1.0,A01
201500004645,0,33,0,0.0,9.0,3.0,2.0,A01
201500004645,0,15,0,0.0,0.0,7.0,2.0,B02
201500004646,0,7,0,13.0,0.0,9.0,13.0,A01
201500004647,0,33,0,0.0,2.0,1.0,1.0,B01
201500004647,0,37,0,0.0,2.0,6.0,15.0,A01
201500004648,0,7,0,0.0,2.0,3.0,19.0,A01
201500004648,0,7,0,0.0,2.0,2.0,1.0,B01
201500004649,0,7,0,1.0,2.0,3.0,1.0,B01
201500004649,2,7,0,1.0,2.0,9.0,13.0,A01
201500004649,0,10,0,0.0,2.0,6.0,1.0,C01
201500004650,0,7,0,0.0,2.0,1.0,1.0,B01
201500004650,0,7,0,0.0,2.0,3.0,1.0,A01
201500004651,0,7,0,0.0,2.0,7.0,9.0,A01
201500004651,0,2,0,0.0,2.0,1.0,1.0,B01
201500004652,0,7,0,0.0,2.0,9.0,13.0,A01
201500004652,0,7,0,0.0,2.0,0.0,1.0,B01
201500004652,0,7,0,0.0,2.0,6.0,1.0,C01
201500004653,0,2,0,6.0,0.0,2.0,1.0,A01
201500004654,0,2,0,0.0,2.0,1.0,17.0,B01
201500004654,0,7,0,0.0,2.0,3.0,15.0,A01
201500004654,0,7,0,0.0,2.0,3.0,1.0,C01
201500004655,0,7,0,0.0,2.0,1.0,1.0,A01
201500004655,0,2,0,0.0,2.0,8.0,9.0,B01
201500004656,0,7,0,8.0,0.0,1.0,14.0,A01
201500004657,0,7,0,0.0,2.0,1.0,2.0,B01
201500004657,0,7,0,0.0,2.0,3.0,10.0,A01
201500004658,0,33,0,0.0,2.0,1.0,1.0,B01
201500004658,0,7,0,0.0,2.0,2.0,13.0,A01
201500004659,0,7,0,0.0,1.0,1.0,1.0,A01
201500004660,0,7,0,0.0,1.0,2.0,2.0,A01
201500004661,0,7,0,0.0,1.0,3.0,1.0,A01
201500004662,0,7,0,0.0,2.0,2.0,19.0,A01
201500004662,0,7,0,0.0,2.0,3.0,1.0,C01
201500004662,0,7,0,0.0,2.0,5.0,1.0,B01
201500004663,0,7,0,0.0,2.0,3.0,1.0,A01
201500004663,0,7,0,0.0,2.0,3.0,6.0,B02
201500004664,0,10,0,0.0,1.0,2.0,1.0,A01
201500004665,0,7,0,0.0,2.0,3.0,15.0,B02
201500004665,0,2,0,0.0,2.0,2.0,17.0,A01
201500004666,0,10,0,0.0,2.0,2.0,15.0,A01
201500004666,0,31,0,0.0,2.0,1.0,1.0,B02
201500004667,0,7,0,0.0,2.0,2.0,15.0,A01
201500004667,0,1,0,0.0,2.0,8.0,1.0,B02
201500004668,0,7,0,9.0,0.0,3.0,1.0,A01
201500004669,0,33,0,0.0,0.0,0.0,10.0,A01
201500004670,0,7,0,0.0,2.0,1.0,9.0,A01
201500004670,0,1,0,0.0,2.0,5.0,15.0,B02
201500004671,0,7,0,0.0,2.0,7.0,10.0,A01
201500004671,0,33,0,0.0,2.0,1.0,1.0,B02
201500004672,2,7,0,0.0,0.0,0.0,0.0,B02
201500004672,0,32,0,0.0,2.0,3.0,1.0,A01
201500004673,0,7,0,0.0,1.0,7.0,4.0,A01
201500004674,0,30,0,0.0,0.0,1.0,1.0,A01
201500004675,1,7,0,0.0,1.0,0.0,0.0,A01
201500004676,0,7,0,4.0,0.0,1.0,1.0,A01
201500004677,0,7,0,0.0,1.0,3.0,1.0,A01
201500004678,0,7,0,0.0,2.0,6.0,1.0,B02
201500004678,0,7,0,0.0,2.0,3.0,13.0,A01
201500004679,0,7,0,0.0,0.0,1.0,13.0,A01
201500004679,0,10,0,0.0,2.0,1.0,1.0,B02
201500004680,0,7,0,16.0,0.0,1.0,14.0,A01
201500004681,0,7,0,1.0,0.0,3.0,21.0,A01
201500004681,0,7,0,0.0,2.0,4.0,23.0,B02
201500004681,0,7,0,1.0,0.0,3.0,1.0,C03
201500004682,0,7,0,0.0,2.0,3.0,1.0,A01
201500004682,0,7,0,0.0,2.0,2.0,19.0,B02
201500004683,0,7,0,0.0,2.0,2.0,15.0,A01
201500004683,0,1,0,0.0,2.0,1.0,1.0,B02
201500004684,0,7,0,0.0,1.0,3.0,1.0,A01
201500004685,0,31,0,0.0,0.0,0.0,1.0,A01
201500004686,0,7,0,0.0,0.0,3.0,19.0,A01
201500004686,0,1,0,0.0,2.0,8.0,1.0,B02
201500004687,0,7,0,2.0,0.0,5.0,13.0,A01
201500004688,0,7,0,0.0,2.0,1.0,1.0,B02
201500004688,0,7,0,0.0,2.0,2.0,13.0,A01
201500004689,0,33,0,11.0,0.0,1.0,13.0,A01
201500004690,0,7,0,0.0,2.0,3.0,5.0,A01
201500004690,0,15,0,0.0,2.0,1.0,2.0,B02
201500004690,0,7,0,0.0,2.0,1.0,2.0,C03
201500004691,0,33,0,3.0,0.0,8.0,1.0,A01
201500004692,0,1,0,0.0,2.0,1.0,13.0,A01
201500004692,0,7,0,0.0,2.0,8.0,1.0,B02
201500004693,0,33,0,0.0,0.0,4.0,23.0,A01
201500004693,0,7,0,0.0,0.0,1.0,2.0,B02
201500004694,0,33,0,0.0,2.0,1.0,17.0,A01
201500004694,0,7,0,0.0,2.0,3.0,15.0,B02
201500004695,0,14,0,0.0,2.0,1.0,1.0,A01
201500004695,0,7,0,0.0,2.0,4.0,1.0,B02
201500004696,0,1,0,0.0,1.0,1.0,1.0,A01
201500004697,0,7,0,0.0,0.0,0.0,19.0,A01
201500004698,0,7,0,0.0,2.0,7.0,15.0,A01
201500004698,0,31,0,0.0,2.0,1.0,1.0,B02
201500004699,0,7,0,13.0,0.0,3.0,1.0,A01
201500004700,0,33,0,5.0,0.0,1.0,1.0,A01
201500004701,0,7,0,0.0,1.0,1.0,15.0,A01
201500004702,0,7,0,0.0,2.0,3.0,1.0,B02
201500004702,0,7,0,0.0,2.0,1.0,19.0,A01
201500004703,0,7,0,2.0,0.0,9.0,19.0,A01
201500004704,0,7,0,0.0,0.0,5.0,15.0,A01
201500004704,0,33,0,0.0,2.0,1.0,1.0,B02
201500004705,0,10,0,0.0,9.0,3.0,19.0,A01
201500004705,0,1,0,0.0,2.0,7.0,1.0,B02
201500004706,0,7,0,2.0,0.0,1.0,1.0,A01
201500004707,0,7,0,0.0,2.0,1.0,1.0,B02
201500004707,0,7,0,0.0,2.0,1.0,5.0,A01
201500004708,0,33,0,0.0,2.0,4.0,2.0,C03
201500004708,0,33,0,0.0,2.0,1.0,2.0,D04
201500004708,0,10,0,0.0,2.0,4.0,13.0,A01
201500004708,0,33,0,0.0,2.0,1.0,23.0,B02
201500004709,0,7,0,0.0,2.0,4.0,2.0,C03
201500004709,0,7,0,0.0,2.0,1.0,2.0,A01
201500004709,0,7,0,0.0,2.0,4.0,2.0,B02
201500004710,0,33,0,0.0,0.0,8.0,1.0,A01
201500004711,0,33,0,0.0,2.0,1.0,1.0,A01
201500004711,0,7,0,0.0,2.0,3.0,1.0,B02
201500004712,0,1,0,0.0,9.0,1.0,9.0,B02
201500004712,0,1,0,0.0,9.0,7.0,1.0,A01
201500004713,0,7,0,0.0,2.0,2.0,15.0,A01
201500004713,0,32,0,0.0,2.0,1.0,1.0,B02
201500004714,0,7,0,6.0,0.0,1.0,11.0,A01
201500004715,0,33,0,8.0,0.0,1.0,1.0,A01
201500004716,0,7,0,2.0,0.0,9.0,2.0,A01
201500004717,0,33,0,0.0,2.0,1.0,0.0,B02
201500004717,0,7,0,0.0,2.0,1.0,0.0,A01
201500004718,0,1,0,0.0,2.0,4.0,1.0,A01
201500004718,0,37,0,0.0,2.0,6.0,1.0,B02
201500004719,0,7,0,13.0,0.0,1.0,0.0,A01
201500004720,0,1,0,0.0,2.0,7.0,1.0,B01
201500004720,0,7,0,0.0,2.0,3.0,9.0,A01
201500004721,0,7,0,0.0,2.0,1.0,13.0,A01
201500004721,0,15,0,0.0,2.0,6.0,1.0,B01
201500004722,0,7,0,0.0,1.0,2.0,1.0,A01
201500004723,0,1,0,8.0,0.0,0.0,1.0,A01
201500004724,0,33,0,0.0,0.0,0.0,1.0,A01
201500004725,0,7,0,0.0,1.0,2.0,1.0,A01
201500004726,0,10,0,0.0,1.0,2.0,1.0,A01
201500004727,0,7,0,0.0,2.0,8.0,1.0,C01
201500004727,0,7,0,0.0,2.0,6.0,23.0,B01
201500004727,0,33,0,0.0,2.0,1.0,2.0,A01
201500004727,0,7,0,0.0,2.0,1.0,1.0,D01
201500004728,0,3,0,0.0,2.0,4.0,2.0,B01
201500004728,0,7,0,0.0,2.0,1.0,2.0,A01
201500004729,0,7,0,0.0,1.0,3.0,15.0,A01
201500004730,0,7,0,0.0,2.0,2.0,2.0,B01
201500004730,0,7,0,0.0,2.0,3.0,16.0,A01
201500004731,0,7,0,0.0,2.0,4.0,2.0,B01
201500004731,0,7,0,0.0,0.0,4.0,1.0,C01
201500004731,0,7,0,0.0,2.0,1.0,2.0,A01
201500004732,1,7,0,1.0,1.0,0.0,1.0,A01
201500004732,0,7,0,0.0,0.0,6.0,24.0,B01
201500004733,0,33,0,0.0,0.0,1.0,1.0,B01
201500004733,0,7,0,0.0,2.0,3.0,19.0,A01
201500004734,0,30,0,0.0,0.0,0.0,16.0,A01
201500004735,0,7,0,0.0,1.0,1.0,1.0,A01
201500004736,0,33,0,0.0,2.0,7.0,2.0,C01
201500004736,0,33,0,0.0,2.0,7.0,2.0,B01
201500004736,0,33,0,0.0,2.0,7.0,2.0,A01
201500004737,0,7,0,0.0,1.0,6.0,4.0,A01
201500004738,0,30,0,0.0,2.0,1.0,1.0,A01
201500004738,1,7,0,0.0,2.0,8.0,19.0,B02
201500004739,0,1,0,0.0,2.0,1.0,1.0,A01
201500004739,0,10,0,0.0,9.0,2.0,1.0,B02
201500004740,0,33,0,0.0,2.0,2.0,12.0,A01
201500004740,0,7,0,0.0,2.0,3.0,1.0,B02
201500004741,0,7,0,0.0,2.0,1.0,1.0,B02
201500004741,0,7,0,0.0,2.0,1.0,13.0,A01
201500004742,0,1,0,1.0,0.0,1.0,1.0,A01
201500004742,0,10,0,0.0,0.0,0.0,24.0,B02
201500004743,0,7,0,0.0,2.0,4.0,1.0,C03
201500004743,0,7,0,0.0,2.0,4.0,1.0,B02
201500004743,0,14,0,0.0,2.0,1.0,1.0,A01
201500004743,0,7,0,0.0,2.0,4.0,1.0,D04
201500004744,0,1,0,0.0,0.0,1.0,1.0,A01
201500004745,0,33,0,0.0,0.0,8.0,1.0,A01
201500004746,0,10,0,0.0,1.0,7.0,1.0,A01
201500004747,0,14,0,0.0,0.0,0.0,1.0,A01
201500004748,0,33,0,0.0,2.0,4.0,2.0,B02
201500004748,0,7,0,0.0,2.0,1.0,2.0,A01
201500004749,0,7,0,0.0,2.0,1.0,1.0,B02
201500004749,0,7,0,0.0,2.0,5.0,15.0,A01
201500004750,0,7,0,0.0,2.0,1.0,13.0,A01
201500004750,0,7,0,0.0,2.0,3.0,1.0,B02
201500004751,0,7,0,8.0,0.0,6.0,0.0,A01
201500004752,0,7,0,0.0,0.0,3.0,19.0,A01
201500004752,0,33,0,0.0,2.0,1.0,1.0,B02
201500004753,0,33,0,0.0,2.0,1.0,0.0,A01
201500004753,0,10,0,0.0,2.0,8.0,1.0,B02
201500004754,0,7,0,13.0,0.0,9.0,18.0,A01
201500004755,0,7,0,0.0,2.0,1.0,1.0,B02
201500004755,0,7,0,0.0,2.0,1.0,5.0,A01
201500004756,0,7,0,0.0,2.0,3.0,11.0,A01
201500004756,0,7,0,0.0,2.0,3.0,1.0,B02
201500004757,0,33,0,0.0,2.0,1.0,1.0,B02
201500004757,0,10,0,0.0,2.0,6.0,19.0,A01
201500004758,0,7,0,0.0,2.0,2.0,15.0,A01
201500004758,0,33,0,0.0,2.0,1.0,1.0,B02
201500004759,0,7,0,0.0,2.0,3.0,13.0,A01
201500004759,0,32,0,0.0,2.0,2.0,17.0,B02
201500004760,0,33,0,1.0,0.0,7.0,1.0,A01
201500004761,0,7,0,0.0,2.0,2.0,13.0,A01
201500004761,0,7,0,0.0,2.0,3.0,1.0,B02
201500004762,0,10,0,2.0,0.0,1.0,14.0,A01
201500004763,0,1,0,0.0,2.0,1.0,1.0,A01
201500004763,0,7,0,0.0,9.0,2.0,15.0,B02
201500004764,0,33,0,0.0,2.0,2.0,17.0,B02
201500004764,0,7,0,0.0,2.0,8.0,15.0,A01
201500004765,0,7,0,0.0,2.0,1.0,17.0,A01
201500004765,0,7,0,0.0,2.0,3.0,15.0,B02
201500004766,0,7,0,0.0,2.0,1.0,13.0,A01
201500004766,0,15,0,0.0,2.0,3.0,0.0,B02
201500004767,0,10,0,0.0,0.0,3.0,1.0,B02
201500004767,0,7,0,0.0,2.0,3.0,13.0,A01
201500004768,0,7,0,0.0,2.0,4.0,1.0,A01
201500004768,0,7,0,0.0,2.0,1.0,1.0,B02
201500004769,0,33,0,0.0,2.0,1.0,17.0,A01
201500004769,0,21,0,0.0,0.0,3.0,15.0,B02
201500004770,0,1,0,0.0,0.0,4.0,0.0,A01
201500004771,0,33,0,7.0,0.0,1.0,1.0,A01
201500004772,0,33,0,0.0,2.0,1.0,1.0,A01
201500004772,0,7,0,0.0,2.0,3.0,15.0,B02
201500004773,0,33,0,0.0,0.0,0.0,1.0,A01
201500004774,0,1,0,0.0,2.0,1.0,1.0,A01
201500004774,0,30,0,0.0,2.0,1.0,1.0,B02
201500004775,0,7,0,0.0,1.0,2.0,1.0,A01
201500004776,0,7,0,0.0,2.0,3.0,13.0,A01
201500004776,0,7,0,0.0,2.0,3.0,1.0,B02
201500004777,0,10,0,0.0,2.0,3.0,1.0,A01
201500004777,0,1,0,0.0,2.0,3.0,1.0,B02
201500004778,0,7,0,0.0,1.0,1.0,1.0,A01
201500004779,0,32,0,2.0,0.0,1.0,1.0,A01
201500004780,0,7,0,10.0,0.0,1.0,14.0,A01
201500004781,0,1,0,0.0,2.0,1.0,19.0,A01
201500004781,0,7,0,0.0,2.0,2.0,1.0,B02
201500004782,0,7,0,0.0,2.0,1.0,17.0,A01
201500004782,0,7,0,0.0,2.0,8.0,15.0,B02
201500004783,0,10,0,3.0,0.0,9.0,1.0,A01
201500004784,0,7,0,0.0,2.0,3.0,1.0,D04
201500004784,0,7,0,0.0,2.0,8.0,1.0,B02
201500004784,0,7,0,0.0,0.0,3.0,13.0,A01
201500004784,0,7,0,0.0,2.0,6.0,1.0,C03
201500004785,0,7,0,0.0,2.0,1.0,15.0,A01
201500004785,0,33,0,0.0,2.0,1.0,21.0,B02
201500004786,0,7,0,0.0,2.0,1.0,1.0,B02
201500004786,0,31,0,0.0,2.0,1.0,17.0,A01
201500004787,0,15,0,0.0,1.0,0.0,1.0,A01
201500004788,0,7,0,13.0,0.0,9.0,1.0,A01
201500004789,0,10,0,2.0,0.0,7.0,1.0,A01
201500004790,0,7,0,0.0,2.0,8.0,15.0,A01
201500004790,0,33,0,0.0,2.0,7.0,17.0,B02
201500004791,0,30,0,0.0,2.0,1.0,1.0,B02
201500004791,0,7,0,0.0,2.0,3.0,13.0,A01
201500004792,0,7,0,0.0,2.0,1.0,1.0,A01
201500004792,0,7,0,0.0,2.0,1.0,1.0,B02
201500004793,0,7,0,6.0,0.0,1.0,1.0,A01
201500004794,0,7,0,0.0,2.0,2.0,15.0,A01
201500004794,0,33,0,0.0,2.0,1.0,1.0,B02
201500004795,0,34,0,0.0,0.0,0.0,1.0,A01
201500004796,0,7,0,0.0,0.0,1.0,0.0,B02
201500004796,0,7,0,0.0,0.0,2.0,0.0,A01
201500004797,0,33,0,0.0,2.0,1.0,13.0,A01
201500004797,0,7,0,0.0,2.0,3.0,1.0,B02
201500004798,0,7,0,8.0,0.0,1.0,13.0,A01
201500004799,0,7,0,1.0,0.0,2.0,14.0,A01
201500004800,0,33,0,8.0,0.0,7.0,1.0,A01
201500004801,0,7,0,0.0,1.0,3.0,1.0,A01
201500004802,0,2,0,0.0,2.0,1.0,5.0,A01
201500004802,0,7,0,0.0,2.0,3.0,15.0,B02
201500004803,0,33,0,13.0,0.0,3.0,1.0,A01
201500004804,0,7,0,0.0,1.0,3.0,1.0,A01
201500004805,0,7,0,0.0,2.0,2.0,17.0,A01
201500004805,0,7,0,0.0,2.0,8.0,15.0,B02
201500004806,0,7,0,0.0,2.0,3.0,13.0,A01
201500004806,0,7,0,0.0,2.0,3.0,1.0,B02
201500004807,0,7,0,0.0,9.0,5.0,19.0,A01
201500004807,0,1,0,0.0,0.0,1.0,1.0,B02
201500004807,0,1,0,0.0,0.0,1.0,1.0,C03
201500004808,0,7,0,13.0,0.0,8.0,1.0,A01
201500004809,0,7,0,0.0,2.0,3.0,1.0,B02
201500004809,0,7,0,0.0,2.0,1.0,1.0,C03
201500004809,0,10,0,0.0,2.0,0.0,13.0,A01
201500004810,0,7,0,0.0,0.0,6.0,1.0,B02
201500004810,0,10,0,0.0,0.0,1.0,1.0,A01
201500004811,0,10,0,0.0,2.0,1.0,15.0,A01
201500004811,0,33,0,0.0,2.0,1.0,1.0,B02
201500004812,0,7,0,0.0,2.0,1.0,1.0,A01
201500004812,0,2,0,0.0,2.0,1.0,1.0,B02
201500004813,0,7,0,0.0,0.0,1.0,0.0,A01
201500004814,0,7,0,5.0,0.0,2.0,1.0,A01
201500004815,0,10,0,2.0,0.0,1.0,0.0,A01
201500004816,0,1,0,0.0,0.0,0.0,1.0,A01
201500004816,0,7,0,0.0,9.0,2.0,0.0,B02
201500004817,0,7,0,0.0,2.0,1.0,1.0,C03
201500004817,0,7,0,0.0,2.0,1.0,1.0,B02
201500004817,0,7,0,0.0,2.0,1.0,15.0,A01
201500004818,0,7,0,0.0,2.0,3.0,1.0,B02
201500004818,0,7,0,0.0,2.0,2.0,19.0,A01
201500004819,0,33,0,0.0,2.0,8.0,15.0,A01
201500004819,0,33,0,0.0,2.0,1.0,1.0,B02
201500004820,0,33,0,0.0,2.0,1.0,1.0,A01
201500004820,0,7,0,0.0,2.0,3.0,13.0,B02
201500004821,0,33,0,0.0,2.0,2.0,17.0,B02
201500004821,0,7,0,0.0,2.0,3.0,15.0,A01
201500004822,0,30,0,0.0,2.0,1.0,1.0,B02
201500004822,0,7,0,0.0,2.0,2.0,15.0,A01
201500004823,0,7,0,0.0,2.0,3.0,1.0,B02
201500004823,0,3,0,0.0,2.0,1.0,15.0,A01
201500004824,0,7,0,2.0,0.0,3.0,1.0,A01
201500004825,0,33,0,16.0,0.0,1.0,1.0,A01
201500004826,0,7,0,0.0,2.0,2.0,17.0,A01
201500004826,0,7,0,0.0,2.0,8.0,15.0,B02
201500004827,0,33,0,3.0,0.0,4.0,0.0,A01
201500004828,0,7,0,0.0,2.0,8.0,15.0,B02
201500004828,0,33,0,0.0,2.0,1.0,17.0,A01
201500004829,0,7,0,0.0,2.0,3.0,19.0,A01
201500004829,0,14,0,0.0,2.0,2.0,21.0,B02
201500004830,0,7,0,0.0,2.0,4.0,16.0,B02
201500004830,0,7,0,0.0,2.0,1.0,1.0,A01
201500004831,0,7,0,0.0,2.0,3.0,5.0,A01
201500004831,0,7,0,0.0,2.0,8.0,1.0,B02
201500004831,0,7,0,0.0,2.0,8.0,1.0,C03
201500004832,0,7,0,0.0,1.0,2.0,16.0,A01
201500004833,0,7,0,0.0,1.0,2.0,1.0,A01
201500004834,0,7,0,0.0,2.0,3.0,17.0,A01