Num_Acc,senc,catv,occutc,obs,obsm,choc,manv,num_veh
201500004834,0,33,0,0.0,2.0,2.0,17.0,B02
201500004835,0,30,0,0.0,2.0,3.0,1.0,A01
201500004835,0,7,0,0.0,2.0,2.0,15.0,B02
201500004836,0,7,0,13.0,0.0,3.0,0.0,A01
201500004837,0,10,0,0.0,2.0,1.0,1.0,C03
201500004837,0,7,0,0.0,2.0,1.0,13.0,A01
201500004837,0,7,0,0.0,2.0,8.0,1.0,B02
201500004838,0,7,0,0.0,2.0,5.0,15.0,A01
201500004838,0,2,0,0.0,2.0,1.0,1.0,B02
201500004839,0,33,0,0.0,0.0,7.0,1.0,A01
201500004840,0,10,0,0.0,1.0,3.0,1.0,A01
201500004841,0,2,0,0.0,0.0,1.0,13.0,A01
201500004841,0,7,0,0.0,0.0,1.0,1.0,B02
201500004842,0,7,0,0.0,2.0,1.0,1.0,A01
201500004842,0,1,0,0.0,2.0,4.0,2.0,B02
201500004843,0,7,0,0.0,2.0,7.0,13.0,A01
201500004843,0,7,0,0.0,2.0,1.0,1.0,B02
201500004844,0,33,0,13.0,0.0,1.0,0.0,A01
201500004845,0,7,0,2.0,0.0,1.0,0.0,A01
201500004846,0,10,0,0.0,2.0,6.0,15.0,B02
201500004846,0,33,0,0.0,2.0,3.0,1.0,A01
201500004847,0,30,0,0.0,2.0,1.0,19.0,A01
201500004847,0,7,0,0.0,2.0,2.0,1.0,B02
201500004848,0,7,0,0.0,9.0,3.0,1.0,A01
201500004848,0,1,0,0.0,2.0,1.0,1.0,B02
201500004849,0,7,0,0.0,2.0,3.0,9.0,A01
201500004849,0,1,0,0.0,2.0,8.0,1.0,B02
201500004850,0,7,0,0.0,2.0,1.0,15.0,A01
201500004850,0,33,0,0.0,2.0,7.0,21.0,B02
201500004851,0,7,0,0.0,2.0,1.0,5.0,A01
201500004851,0,7,0,0.0,2.0,1.0,1.0,B02
201500004852,0,7,0,13.0,0.0,3.0,1.0,A01
201500004853,0,10,0,0.0,2.0,2.0,17.0,A01
201500004853,0,7,0,0.0,2.0,3.0,1.0,B02
201500004854,0,7,0,3.0,0.0,1.0,1.0,A01
201500004855,0,7,0,13.0,2.0,1.0,13.0,A01
201500004855,0,14,0,0.0,2.0,1.0,1.0,B02
201500004856,0,7,0,0.0,2.0,3.0,19.0,B02
201500004856,0,33,0,0.0,2.0,1.0,2.0,A01
201500004857,0,7,0,0.0,2.0,2.0,1.0,A01
201500004857,0,33,0,0.0,2.0,3.0,1.0,B02
201500004858,0,7,0,13.0,0.0,1.0,0.0,A01
201500004859,0,31,0,12.0,0.0,1.0,1.0,A01
201500004860,0,21,0,0.0,2.0,7.0,19.0,A01
201500004860,0,33,0,0.0,2.0,1.0,1.0,B02
201500004861,0,7,0,0.0,0.0,1.0,14.0,A01
201500004862,0,14,0,0.0,0.0,1.0,0.0,A01
201500004862,0,7,0,0.0,0.0,3.0,9.0,B02
201500004863,0,7,0,0.0,1.0,1.0,1.0,A01
201500004864,0,33,0,0.0,0.0,2.0,17.0,A01
201500004864,0,7,0,0.0,0.0,6.0,15.0,B02
201500004865,0,7,0,0.0,9.0,1.0,1.0,A01
201500004865,0,1,0,0.0,2.0,3.0,1.0,B02
201500004866,0,7,0,0.0,1.0,1.0,1.0,A01
201500004867,0,7,0,0.0,0.0,0.0,0.0,A01
201500004868,0,33,0,13.0,0.0,1.0,1.0,A01
201500004869,0,7,0,0.0,2.0,1.0,15.0,A01
201500004869,0,31,0,0.0,2.0,1.0,1.0,B02
201500004870,0,7,0,0.0,0.0,8.0,10.0,A01
201500004870,0,33,0,0.0,2.0,1.0,1.0,B02
201500004871,0,7,0,0.0,2.0,3.0,1.0,A01
201500004871,0,7,0,0.0,2.0,3.0,23.0,C03
201500004871,0,7,0,0.0,2.0,2.0,19.0,B02
201500004872,0,7,0,0.0,2.0,2.0,15.0,A01
201500004872,0,34,0,0.0,0.0,8.0,1.0,B02
201500004872,0,10,0,0.0,9.0,1.0,23.0,C03
201500004873,0,7,0,6.0,0.0,1.0,0.0,A01
201500004874,0,7,0,0.0,2.0,8.0,1.0,A01
201500004874,0,7,0,0.0,2.0,1.0,15.0,B02
201500004875,0,7,0,0.0,0.0,3.0,19.0,B02
201500004875,0,7,0,0.0,0.0,2.0,1.0,A01
201500004876,0,7,0,0.0,2.0,3.0,5.0,A01
201500004876,0,33,0,0.0,2.0,1.0,0.0,B02
201500004877,1,7,0,0.0,0.0,0.0,17.0,A01
201500004877,0,7,0,0.0,2.0,1.0,2.0,C03
201500004877,0,7,0,0.0,2.0,4.0,1.0,B02
201500004878,0,7,0,0.0,1.0,3.0,1.0,A01
201500004879,0,7,0,0.0,0.0,0.0,13.0,A01
201500004879,0,7,0,0.0,0.0,0.0,1.0,B02
201500004880,0,7,0,0.0,2.0,3.0,1.0,B02
201500004880,0,7,0,0.0,2.0,3.0,13.0,A01
201500004881,0,7,0,8.0,2.0,7.0,19.0,A01
201500004881,0,7,0,0.0,2.0,1.0,1.0,B02
201500004882,0,14,0,0.0,2.0,1.0,1.0,A01
201500004882,0,7,0,0.0,0.0,7.0,1.0,B02
201500004883,0,14,0,0.0,0.0,0.0,13.0,B02
201500004883,0,33,0,0.0,2.0,0.0,1.0,A01
201500004884,0,7,0,0.0,2.0,6.0,23.0,B02
201500004884,2,7,0,1.0,0.0,2.0,1.0,A01
201500004885,0,7,0,0.0,2.0,1.0,1.0,A01
201500004885,0,7,0,0.0,0.0,4.0,1.0,B02
201500004886,0,7,0,3.0,0.0,1.0,1.0,A01
201500004887,0,7,0,0.0,2.0,1.0,1.0,A01
201500004887,0,7,0,0.0,2.0,2.0,19.0,B02
201500004888,0,7,0,6.0,0.0,3.0,1.0,A01
201500004889,0,7,0,0.0,2.0,3.0,1.0,B02
201500004889,0,7,0,0.0,2.0,3.0,13.0,A01
201500004890,0,2,0,0.0,2.0,1.0,2.0,A01
201500004890,0,7,0,0.0,2.0,4.0,15.0,B02
201500004891,0,7,0,2.0,0.0,9.0,1.0,A01
201500004892,0,7,0,0.0,2.0,1.0,13.0,A01
201500004892,0,7,0,0.0,2.0,1.0,1.0,B02
201500004893,0,33,0,0.0,2.0,1.0,1.0,B02
201500004893,0,7,0,0.0,2.0,1.0,15.0,A01
201500004894,0,10,0,0.0,2.0,2.0,13.0,A01
201500004894,0,10,0,0.0,2.0,5.0,21.0,B02
201500004895,0,7,0,0.0,2.0,1.0,15.0,B02
201500004895,0,7,0,0.0,2.0,3.0,13.0,A01
201500004896,0,7,0,0.0,2.0,1.0,1.0,B02
201500004896,0,7,0,0.0,0.0,8.0,1.0,A01
201500004897,0,7,0,0.0,0.0,1.0,1.0,A01
201500004897,0,7,0,0.0,0.0,2.0,0.0,B02
201500004898,0,7,0,0.0,2.0,2.0,1.0,A01
201500004898,0,10,0,0.0,2.0,3.0,1.0,B02
201500004899,0,7,0,0.0,0.0,0.0,15.0,A01
201500004899,0,30,0,0.0,2.0,1.0,17.0,B02
201500004900,0,7,0,0.0,2.0,1.0,1.0,B02
201500004900,0,7,0,0.0,2.0,1.0,13.0,A01
201500004901,0,30,0,0.0,2.0,1.0,1.0,A01
201500004901,0,10,0,0.0,2.0,3.0,1.0,B02
201500004902,0,7,0,0.0,2.0,1.0,1.0,B02
201500004902,0,7,0,15.0,0.0,4.0,6.0,A01
201500004903,0,7,0,13.0,0.0,2.0,1.0,A01
201500004904,0,7,0,2.0,0.0,7.0,1.0,A01
201500004905,0,32,0,0.0,2.0,1.0,1.0,A01
201500004905,0,7,0,0.0,0.0,8.0,19.0,B02
201500004906,0,7,0,0.0,2.0,1.0,16.0,B02
201500004906,0,15,0,0.0,2.0,7.0,1.0,A01
201500004907,0,7,0,0.0,0.0,3.0,0.0,A01
201500004907,0,7,0,0.0,0.0,3.0,0.0,B02
201500004908,0,33,0,0.0,2.0,1.0,1.0,A01
201500004908,0,10,0,0.0,2.0,3.0,19.0,B02
201500004909,0,7,0,0.0,2.0,3.0,1.0,B02
201500004909,0,10,0,0.0,2.0,3.0,13.0,A01
201500004910,0,7,0,0.0,2.0,8.0,0.0,C03
201500004910,0,7,0,0.0,2.0,7.0,5.0,A01
201500004910,0,7,0,6.0,2.0,9.0,2.0,B02
201500004911,0,7,0,0.0,0.0,3.0,1.0,A01
201500004911,0,1,0,0.0,0.0,2.0,16.0,B02
201500004912,0,7,0,0.0,2.0,8.0,15.0,B02
201500004912,0,33,0,0.0,2.0,7.0,13.0,A01
201500004913,0,7,0,0.0,2.0,8.0,0.0,A01
201500004913,0,30,0,0.0,2.0,1.0,9.0,B02
201500004914,0,33,0,0.0,2.0,2.0,11.0,B02
201500004914,0,7,0,0.0,2.0,3.0,11.0,A01
201500004915,0,7,0,0.0,1.0,3.0,1.0,A01
201500004916,0,7,0,10.0,0.0,2.0,14.0,A01
201500004917,0,33,0,0.0,2.0,7.0,17.0,A01
201500004917,0,7,0,0.0,2.0,1.0,17.0,B02
201500004918,0,7,0,10.0,0.0,1.0,14.0,A01
201500004919,0,7,0,0.0,1.0,3.0,21.0,A01
201500004920,0,7,0,6.0,0.0,3.0,13.0,A01
201500004921,0,7,0,0.0,2.0,6.0,4.0,A01
201500004921,0,2,0,0.0,2.0,1.0,1.0,B02
201500004922,0,7,0,0.0,1.0,3.0,15.0,A01
201500004923,0,7,0,0.0,1.0,2.0,1.0,A01
201500004924,0,7,0,13.0,2.0,8.0,19.0,B02
201500004924,0,7,0,0.0,2.0,2.0,19.0,A01
201500004925,0,7,0,0.0,2.0,3.0,1.0,A01
201500004925,0,7,0,0.0,2.0,1.0,1.0,B02
201500004926,0,31,0,13.0,0.0,9.0,21.0,A01
201500004927,0,14,0,0.0,2.0,3.0,21.0,B02
201500004927,0,7,0,0.0,2.0,3.0,13.0,A01
201500004928,0,10,0,0.0,2.0,8.0,2.0,B02
201500004928,0,32,0,0.0,2.0,7.0,2.0,A01
201500004929,0,7,0,0.0,2.0,3.0,17.0,A01
201500004929,0,17,0,0.0,2.0,3.0,1.0,B02
201500004929,0,17,0,0.0,2.0,3.0,1.0,C03
201500004930,0,7,0,0.0,9.0,2.0,2.0,A01
201500004930,0,1,0,0.0,2.0,6.0,2.0,B02
201500004931,0,7,0,0.0,1.0,1.0,15.0,A01
201500004932,0,7,0,0.0,0.0,4.0,2.0,A01
201500004932,0,7,0,0.0,0.0,1.0,2.0,B02
201500004933,0,7,0,0.0,1.0,3.0,1.0,A01
201500004934,0,7,0,0.0,2.0,1.0,1.0,B02
201500004934,0,7,0,0.0,2.0,3.0,19.0,A01
201500004935,0,7,0,12.0,2.0,3.0,9.0,A01
201500004935,0,38,0,0.0,2.0,2.0,1.0,B02
201500004936,0,33,0,13.0,0.0,7.0,1.0,A01
201500004937,0,38,0,0.0,2.0,3.0,1.0,B02
201500004937,0,10,0,0.0,2.0,3.0,15.0,A01
201500004938,0,17,0,0.0,2.0,3.0,1.0,B02
201500004938,0,10,0,0.0,2.0,8.0,9.0,A01
201500004938,0,17,0,0.0,0.0,0.0,2.0,C03
201500004939,0,7,0,0.0,2.0,1.0,1.0,B02
201500004939,0,7,0,0.0,2.0,1.0,17.0,A01
201500004940,0,7,0,0.0,2.0,1.0,13.0,A01
201500004940,0,7,0,0.0,2.0,1.0,1.0,B02
201500004941,0,7,0,0.0,2.0,4.0,1.0,A01
201500004941,0,7,0,0.0,2.0,1.0,1.0,B02
201500004942,0,7,0,6.0,0.0,1.0,13.0,A01
201500004943,0,33,0,0.0,0.0,8.0,1.0,A01
201500004944,0,33,0,0.0,0.0,8.0,1.0,A01
201500004945,0,33,0,14.0,0.0,1.0,2.0,A01
201500004946,0,7,0,8.0,0.0,1.0,1.0,A01
201500004947,0,20,0,0.0,0.0,5.0,23.0,B02
201500004947,0,7,0,1.0,0.0,3.0,1.0,A01
201500004948,0,7,0,9.0,0.0,1.0,2.0,A01
201500004949,0,31,0,0.0,0.0,8.0,1.0,A01
201500004950,0,1,0,0.0,2.0,1.0,1.0,B02
201500004950,0,7,0,0.0,2.0,3.0,1.0,A01
201500004951,0,33,0,3.0,0.0,0.0,13.0,A01
201500004952,0,1,0,0.0,2.0,1.0,1.0,B02
201500004952,0,7,0,0.0,9.0,1.0,1.0,A01
201500004953,0,7,0,0.0,0.0,0.0,0.0,B02
201500004953,0,10,0,0.0,0.0,0.0,0.0,A01
201500004954,0,7,0,0.0,2.0,1.0,1.0,B02
201500004954,0,33,0,0.0,2.0,8.0,15.0,A01
201500004955,0,7,0,0.0,2.0,3.0,1.0,B02
201500004955,0,33,0,0.0,2.0,3.0,13.0,A01
201500004956,0,33,0,0.0,0.0,8.0,1.0,A01
201500004957,0,33,0,0.0,2.0,7.0,17.0,B02
201500004957,0,7,0,0.0,2.0,3.0,17.0,A01
201500004958,0,7,0,0.0,0.0,0.0,1.0,A01
201500004958,0,33,0,13.0,0.0,0.0,0.0,B02
201500004959,0,33,0,11.0,0.0,1.0,13.0,A01
201500004960,0,10,0,0.0,2.0,3.0,15.0,A01
201500004960,0,31,0,0.0,2.0,1.0,1.0,B02
201500004961,0,7,0,0.0,2.0,1.0,1.0,A01
201500004961,0,1,0,0.0,2.0,7.0,1.0,B02
201500004962,0,33,0,0.0,0.0,8.0,0.0,A01
201500004963,0,7,0,0.0,1.0,6.0,1.0,A01
201500004964,0,30,0,13.0,0.0,1.0,14.0,A01
201500004965,0,7,0,0.0,2.0,2.0,1.0,A01
201500004965,0,1,0,0.0,2.0,4.0,1.0,B02
201500004966,0,2,0,0.0,2.0,1.0,1.0,A01
201500004966,0,7,0,0.0,2.0,2.0,1.0,B02
201500004967,0,33,0,0.0,2.0,8.0,17.0,A01
201500004967,0,7,0,0.0,2.0,8.0,1.0,B02
201500004968,0,15,0,0.0,1.0,2.0,16.0,A01
201500004969,0,1,0,0.0,2.0,1.0,1.0,B02
201500004969,0,7,0,0.0,2.0,3.0,9.0,A01
201500004970,0,1,0,0.0,2.0,1.0,1.0,B02
201500004970,0,14,0,0.0,9.0,3.0,1.0,A01
201500004971,1,7,0,0.0,1.0,4.0,4.0,A01
201500004972,0,2,0,0.0,5.0,1.0,1.0,A01
201500004973,0,7,0,0.0,2.0,7.0,17.0,B02
201500004973,0,1,0,0.0,2.0,8.0,15.0,A01
201500004974,0,7,0,0.0,0.0,0.0,0.0,A01
201500004975,0,7,0,0.0,1.0,1.0,1.0,A01
201500004976,0,10,0,0.0,0.0,4.0,0.0,B02
201500004976,0,7,0,0.0,0.0,1.0,1.0,A01
201500004977,0,2,0,0.0,2.0,1.0,1.0,A01
201500004977,0,7,0,0.0,2.0,4.0,1.0,B02
201500004978,0,7,0,0.0,2.0,2.0,1.0,A01
201500004978,0,7,0,0.0,2.0,3.0,1.0,B02
201500004979,0,7,0,8.0,0.0,1.0,1.0,A01
201500004980,0,7,0,0.0,2.0,3.0,13.0,A01
201500004980,0,7,0,0.0,2.0,3.0,1.0,B02
201500004981,0,7,0,0.0,0.0,4.0,2.0,A01
201500004981,0,7,0,0.0,0.0,1.0,2.0,B02
201500004982,0,7,0,6.0,0.0,1.0,1.0,A01
201500004983,0,7,0,0.0,1.0,2.0,1.0,A01
201500004984,0,7,0,13.0,0.0,1.0,1.0,A01
201500004985,0,30,0,0.0,2.0,8.0,1.0,A01
201500004985,0,7,0,0.0,2.0,7.0,1.0,B02
201500004986,0,7,0,0.0,2.0,2.0,1.0,A01
201500004986,0,7,0,0.0,2.0,3.0,1.0,B02
201500004987,0,2,0,0.0,2.0,1.0,0.0,B02
201500004987,0,7,0,0.0,2.0,7.0,15.0,A01
201500004988,0,2,0,6.0,0.0,1.0,1.0,A01
201500004989,0,7,0,0.0,2.0,8.0,15.0,B02
201500004989,0,7,0,0.0,2.0,2.0,1.0,A01
201500004990,0,7,0,0.0,2.0,3.0,15.0,B02
201500004990,0,33,0,0.0,2.0,2.0,17.0,A01
201500004991,0,7,0,0.0,1.0,1.0,0.0,A01
201500004992,0,7,0,0.0,9.0,2.0,15.0,A01
201500004992,0,1,0,0.0,2.0,3.0,1.0,B02
201500004993,0,1,0,0.0,2.0,4.0,1.0,B02
201500004993,0,7,0,0.0,9.0,2.0,1.0,A01
201500004994,0,33,0,0.0,2.0,1.0,17.0,A01
201500004994,0,7,0,0.0,2.0,6.0,13.0,B02
201500004995,0,7,0,11.0,2.0,1.0,13.0,A01
201500004995,0,7,0,11.0,2.0,1.0,1.0,B02
201500004996,0,30,0,14.0,0.0,1.0,17.0,A01
201500004997,0,7,0,0.0,2.0,1.0,1.0,A01
201500004997,0,10,0,0.0,2.0,1.0,1.0,B02
201500004998,0,7,0,0.0,2.0,3.0,1.0,B02
201500004998,0,2,0,0.0,2.0,1.0,13.0,A01
201500004999,0,7,0,0.0,1.0,2.0,1.0,A01
201500005000,0,10,0,0.0,0.0,1.0,1.0,B02
201500005000,0,7,0,0.0,2.0,8.0,15.0,A01
201500005001,0,30,0,0.0,0.0,2.0,1.0,A01
201500005002,0,7,0,0.0,1.0,0.0,1.0,A01
201500005003,0,7,0,2.0,0.0,2.0,14.0,A01
201500005004,0,7,0,0.0,2.0,2.0,13.0,A01
201500005004,0,1,0,0.0,0.0,1.0,17.0,B02
201500005005,0,2,0,0.0,2.0,1.0,1.0,B02
201500005005,0,7,0,0.0,2.0,1.0,1.0,A01
201500005006,0,2,0,0.0,2.0,1.0,1.0,A01
201500005006,0,7,0,0.0,2.0,3.0,1.0,B02
201500005007,0,7,0,0.0,2.0,1.0,21.0,B02
201500005007,0,7,0,0.0,2.0,1.0,13.0,A01
201500005008,0,7,0,0.0,2.0,3.0,1.0,B02
201500005008,0,21,0,0.0,2.0,6.0,1.0,A01
201500005009,0,7,0,0.0,2.0,3.0,1.0,C03
201500005009,0,10,0,0.0,2.0,5.0,15.0,A01
201500005009,0,7,0,0.0,2.0,3.0,1.0,B02
201500005010,0,7,0,0.0,0.0,9.0,1.0,A01
201500005011,0,7,0,0.0,1.0,3.0,1.0,A01
201500005012,0,7,0,0.0,2.0,2.0,19.0,B02
201500005012,0,7,0,0.0,2.0,3.0,1.0,A01
201500005013,0,7,0,13.0,0.0,9.0,1.0,A01
201500005014,0,7,0,0.0,2.0,3.0,1.0,A01
201500005014,0,7,0,0.0,2.0,3.0,13.0,B02
201500005015,0,30,0,0.0,2.0,1.0,1.0,A01
201500005015,0,7,0,0.0,0.0,4.0,23.0,B02
201500005016,0,1,0,0.0,2.0,4.0,2.0,B02
201500005016,0,1,0,0.0,2.0,1.0,2.0,A01
201500005017,0,7,0,0.0,2.0,1.0,1.0,B02
201500005017,0,7,0,0.0,0.0,3.0,15.0,A01
201500005018,0,7,0,13.0,0.0,9.0,1.0,A01
201500005019,0,36,0,13.0,0.0,3.0,1.0,A01
201500005020,0,33,0,0.0,2.0,1.0,1.0,B02
201500005020,0,7,0,0.0,2.0,1.0,16.0,A01
201500005021,0,10,0,0.0,2.0,1.0,1.0,B02
201500005021,0,7,0,0.0,2.0,3.0,15.0,A01
201500005022,0,7,0,0.0,1.0,1.0,1.0,A01
201500005023,0,7,0,0.0,2.0,6.0,0.0,A01
201500005023,0,14,0,0.0,2.0,1.0,0.0,B02
201500005024,0,7,0,13.0,0.0,9.0,1.0,A01
201500005025,0,7,0,0.0,2.0,5.0,15.0,A01
201500005025,0,10,0,8.0,2.0,1.0,1.0,C03
201500005025,0,7,0,0.0,2.0,3.0,1.0,D04
201500005025,0,10,0,0.0,2.0,3.0,1.0,E05
201500005025,0,7,0,0.0,2.0,3.0,1.0,B02
201500005026,0,3,0,0.0,2.0,1.0,1.0,A01
201500005026,0,10,0,0.0,2.0,1.0,1.0,B02
201500005027,0,7,0,0.0,6.0,9.0,1.0,A01
201500005028,0,1,0,0.0,2.0,1.0,15.0,B02
201500005028,0,7,0,0.0,2.0,2.0,13.0,A01
201500005029,0,7,0,0.0,2.0,3.0,0.0,B02
201500005029,0,7,0,0.0,2.0,3.0,1.0,A01
201500005030,0,31,0,0.0,2.0,1.0,1.0,B02
201500005030,0,10,0,0.0,2.0,3.0,1.0,A01
201500005031,0,7,0,6.0,0.0,8.0,1.0,A01
201500005032,0,10,0,0.0,2.0,1.0,19.0,A01
201500005032,0,7,0,0.0,2.0,8.0,19.0,B02
201500005033,0,10,0,0.0,0.0,1.0,0.0,C03
201500005033,0,10,0,0.0,0.0,0.0,0.0,A01
201500005033,0,10,0,0.0,9.0,1.0,0.0,B02
201500005034,0,7,0,6.0,0.0,1.0,0.0,A01
201500005035,0,33,0,0.0,2.0,7.0,17.0,A01
201500005035,0,7,0,0.0,2.0,8.0,15.0,B02
201500005036,0,7,0,0.0,2.0,1.0,2.0,B02
201500005036,0,7,0,0.0,2.0,8.0,13.0,A01
201500005036,0,7,0,0.0,2.0,7.0,17.0,C03
201500005037,0,33,0,13.0,0.0,7.0,1.0,A01
201500005038,0,7,0,13.0,0.0,1.0,1.0,A01
201500005039,0,2,0,0.0,2.0,1.0,1.0,A01
201500005039,0,10,0,0.0,2.0,3.0,16.0,B02
201500005040,0,10,0,0.0,1.0,1.0,1.0,A01
201500005041,0,7,0,0.0,1.0,8.0,1.0,A01
201500005042,0,7,0,0.0,2.0,2.0,19.0,B02
201500005042,0,7,0,0.0,2.0,2.0,1.0,A01
201500005043,0,33,0,0.0,0.0,0.0,0.0,A01
201500005044,0,1,0,0.0,0.0,0.0,1.0,A01
201500005045,0,7,0,8.0,0.0,1.0,1.0,A01
201500005046,0,36,0,15.0,0.0,1.0,1.0,A01
201500005047,0,7,0,13.0,0.0,1.0,0.0,A01
201500005048,0,7,0,0.0,2.0,8.0,1.0,B02
201500005048,0,33,0,0.0,2.0,1.0,1.0,A01
201500005049,0,7,0,0.0,0.0,0.0,1.0,A01
201500005050,0,21,0,0.0,1.0,5.0,22.0,A01
201500005051,0,33,0,0.0,0.0,8.0,1.0,A01
201500005052,0,32,0,0.0,2.0,1.0,1.0,B02
201500005052,0,7,0,0.0,2.0,1.0,13.0,A01
201500005053,0,1,0,0.0,2.0,8.0,1.0,B02
201500005053,0,10,0,0.0,2.0,3.0,15.0,A01
201500005054,0,7,0,0.0,2.0,1.0,17.0,B02
201500005054,0,7,0,0.0,2.0,3.0,10.0,A01
201500005055,0,33,0,0.0,2.0,1.0,17.0,A01
201500005055,0,7,0,0.0,2.0,8.0,15.0,B02
201500005056,0,33,0,0.0,2.0,7.0,1.0,A01
201500005056,0,7,0,0.0,2.0,1.0,19.0,B02
201500005057,0,7,0,0.0,2.0,0.0,13.0,A01
201500005057,0,7,0,0.0,2.0,1.0,1.0,B02
201500005058,0,30,0,13.0,0.0,1.0,13.0,A01
201500005059,0,7,0,0.0,2.0,3.0,2.0,A01
201500005059,0,7,0,0.0,2.0,1.0,1.0,C03
201500005059,0,30,0,0.0,2.0,4.0,23.0,B02
201500005060,0,7,0,0.0,2.0,5.0,9.0,A01
201500005060,0,1,0,0.0,2.0,4.0,1.0,B02
201500005061,0,33,0,0.0,2.0,1.0,1.0,B02
201500005061,0,7,0,0.0,2.0,7.0,15.0,A01
201500005062,0,7,0,0.0,1.0,1.0,1.0,A01
201500005063,0,7,0,0.0,2.0,8.0,15.0,B02
201500005063,0,30,0,0.0,2.0,1.0,17.0,A01
201500005064,0,33,0,0.0,2.0,1.0,1.0,B02
201500005064,0,7,0,0.0,2.0,3.0,15.0,A01
201500005065,0,33,0,0.0,6.0,1.0,21.0,A01
201500005066,0,14,0,0.0,1.0,3.0,1.0,A01
201500005067,0,31,0,14.0,0.0,7.0,17.0,A01
201500005068,0,7,0,0.0,1.0,2.0,1.0,A01
201500005069,0,33,0,0.0,0.0,3.0,1.0,A01
201500005070,0,2,0,0.0,2.0,1.0,5.0,A01
201500005070,0,10,0,0.0,2.0,1.0,6.0,B02
201500005071,0,7,0,0.0,0.0,3.0,5.0,A01
201500005071,0,30,0,0.0,0.0,1.0,1.0,B02
201500005072,0,7,0,0.0,2.0,5.0,15.0,A01
201500005072,0,31,0,0.0,2.0,1.0,1.0,B02
201500005073,0,7,0,0.0,2.0,3.0,1.0,B02
201500005073,0,7,0,0.0,2.0,1.0,15.0,A01
201500005074,0,7,0,0.0,2.0,3.0,9.0,A01
201500005074,0,1,0,0.0,2.0,1.0,1.0,B02
201500005074,0,1,0,0.0,2.0,1.0,1.0,C03
201500005075,0,33,0,0.0,2.0,8.0,13.0,A01
201500005075,0,33,0,0.0,2.0,7.0,17.0,B02
201500005076,0,7,0,0.0,2.0,3.0,1.0,A01
201500005076,0,7,0,0.0,2.0,1.0,1.0,B02
201500005077,0,7,0,0.0,2.0,1.0,6.0,A01
201500005077,0,7,0,0.0,0.0,1.0,1.0,B02
201500005078,0,33,0,0.0,2.0,3.0,1.0,A01
201500005078,1,7,0,0.0,2.0,8.0,13.0,B02
201500005079,0,7,0,0.0,0.0,1.0,1.0,A01
201500005079,0,7,0,0.0,0.0,3.0,1.0,B02
201500005080,0,7,0,9.0,0.0,1.0,15.0,A01
201500005081,0,7,0,0.0,2.0,3.0,15.0,A01
201500005081,0,7,0,0.0,2.0,1.0,1.0,B02
201500005082,0,7,0,0.0,2.0,1.0,2.0,A01
201500005082,0,7,0,0.0,2.0,4.0,2.0,B02
201500005083,0,7,0,13.0,0.0,1.0,1.0,A01
201500005084,0,7,0,2.0,0.0,1.0,1.0,A01
201500005085,0,7,0,0.0,2.0,1.0,1.0,A01
201500005085,0,7,0,0.0,2.0,8.0,19.0,B02
201500005086,0,33,0,0.0,0.0,1.0,1.0,A01
201500005087,0,7,0,0.0,2.0,1.0,19.0,A01
201500005087,0,7,0,0.0,2.0,8.0,1.0,B02
201500005088,0,7,0,13.0,0.0,1.0,1.0,A01
201500005089,0,7,0,14.0,0.0,1.0,1.0,A01
201500005090,0,7,0,0.0,2.0,3.0,10.0,A01
201500005090,0,33,0,0.0,2.0,1.0,1.0,B02
201500005091,0,7,0,13.0,0.0,1.0,1.0,A01
201500005092,0,7,0,0.0,2.0,1.0,1.0,A01
201500005092,0,7,0,0.0,0.0,1.0,1.0,B02
201500005093,0,7,0,2.0,0.0,2.0,1.0,A01
201500005094,0,7,0,0.0,1.0,2.0,1.0,A01
201500005095,0,1,0,0.0,2.0,7.0,19.0,B02
201500005095,0,7,0,0.0,2.0,2.0,9.0,A01
201500005096,0,33,0,13.0,0.0,0.0,14.0,A01
201500005097,0,7,0,7.0,0.0,3.0,1.0,A01
201500005098,0,7,0,8.0,0.0,1.0,14.0,A01
201500005099,0,7,0,13.0,0.0,3.0,13.0,A01
201500005100,0,33,0,13.0,0.0,7.0,14.0,A01
201500005101,0,7,0,0.0,2.0,2.0,15.0,A01
201500005101,0,30,0,0.0,2.0,1.0,1.0,B02
201500005102,0,21,0,0.0,0.0,1.0,13.0,A01
201500005102,0,7,0,1.0,0.0,1.0,1.0,B02
201500005103,0,7,0,6.0,0.0,1.0,1.0,A01
201500005104,0,7,0,2.0,0.0,3.0,1.0,A01
201500005105,0,7,0,0.0,2.0,1.0,19.0,B02
201500005105,0,7,0,0.0,2.0,3.0,1.0,A01
201500005106,0,30,0,0.0,2.0,7.0,1.0,A01
201500005106,0,7,0,0.0,2.0,1.0,19.0,B02
201500005107,0,7,0,13.0,0.0,2.0,14.0,A01
201500005108,0,7,0,13.0,0.0,2.0,1.0,A01
201500005109,0,7,0,0.0,1.0,2.0,1.0,A01
201500005110,0,7,0,2.0,0.0,7.0,1.0,A01
201500005111,0,10,0,0.0,2.0,6.0,1.0,B02
201500005111,0,99,0,0.0,2.0,2.0,17.0,A01
201500005112,0,33,0,13.0,0.0,1.0,1.0,A01
201500005113,0,1,0,0.0,2.0,2.0,15.0,A01
201500005113,0,7,0,0.0,0.0,0.0,0.0,B02