Num_Acc,senc,catv,occutc,obs,obsm,choc,manv,num_veh
201500005114,0,7,0,3.0,0.0,7.0,1.0,A01
201500005115,0,7,0,2.0,0.0,1.0,1.0,A01
201500005116,0,7,0,0.0,0.0,1.0,5.0,A01
201500005116,0,7,0,0.0,0.0,1.0,1.0,B02
201500005117,0,7,0,0.0,1.0,1.0,1.0,A01
201500005118,0,7,0,0.0,9.0,5.0,2.0,A01
201500005118,0,1,0,0.0,2.0,1.0,2.0,B02
201500005119,0,7,0,0.0,2.0,1.0,1.0,A01
201500005119,0,21,0,0.0,2.0,4.0,1.0,B02
201500005119,0,7,0,0.0,2.0,3.0,1.0,C03
201500005120,0,7,0,0.0,2.0,7.0,15.0,A01
201500005120,0,33,0,0.0,2.0,1.0,1.0,B02
201500005121,0,7,0,2.0,0.0,3.0,1.0,A01
201500005122,0,33,0,16.0,0.0,9.0,1.0,A01
201500005123,0,7,0,0.0,0.0,4.0,23.0,B02
201500005123,0,7,0,0.0,1.0,1.0,1.0,A01
201500005124,0,30,0,2.0,0.0,1.0,1.0,A01
201500005125,0,7,0,2.0,0.0,9.0,1.0,A01
201500005126,0,7,0,2.0,0.0,1.0,14.0,A01
201500005127,0,36,0,16.0,0.0,2.0,13.0,A01
201500005128,0,7,0,0.0,2.0,1.0,1.0,B02
201500005128,0,7,0,0.0,2.0,1.0,1.0,C03
201500005128,0,7,0,0.0,2.0,2.0,15.0,A01
201500005129,0,7,0,0.0,2.0,1.0,5.0,A01
201500005129,0,7,0,0.0,2.0,1.0,1.0,B02
201500005130,0,7,0,0.0,2.0,1.0,15.0,A01
201500005130,0,7,0,0.0,2.0,8.0,1.0,B02
201500005131,1,7,0,0.0,1.0,2.0,1.0,A01
201500005132,0,7,0,0.0,1.0,3.0,0.0,A01
201500005133,0,7,0,0.0,1.0,3.0,1.0,A01
201500005134,0,7,0,0.0,2.0,1.0,23.0,B02
201500005134,0,33,0,0.0,2.0,1.0,15.0,A01
201500005134,0,10,0,0.0,2.0,1.0,1.0,C03
201500005135,0,7,0,6.0,0.0,1.0,1.0,A01
201500005136,0,10,0,0.0,2.0,2.0,15.0,B02
201500005136,0,30,0,0.0,2.0,1.0,1.0,A01
201500005137,0,7,0,8.0,1.0,3.0,1.0,A01
201500005138,0,7,0,0.0,1.0,2.0,1.0,A01
201500005139,0,7,0,0.0,2.0,3.0,15.0,C03
201500005139,0,7,0,0.0,2.0,1.0,1.0,A01
201500005139,0,7,0,0.0,2.0,1.0,2.0,B02
201500005140,0,30,0,0.0,2.0,8.0,19.0,A01
201500005140,0,33,0,0.0,2.0,1.0,1.0,B02
201500005141,0,1,0,0.0,0.0,1.0,0.0,A01
201500005142,0,7,0,0.0,2.0,8.0,10.0,A01
201500005142,0,33,0,0.0,2.0,1.0,2.0,B02
201500005142,0,33,0,0.0,2.0,1.0,2.0,C03
201500005143,0,7,0,0.0,2.0,7.0,15.0,A01
201500005143,0,33,0,0.0,2.0,1.0,1.0,B02
201500005144,0,1,0,0.0,2.0,1.0,1.0,B02
201500005144,0,10,0,0.0,2.0,3.0,1.0,A01
201500005145,0,7,0,0.0,2.0,3.0,13.0,A01
201500005145,0,7,0,0.0,2.0,3.0,1.0,B02
201500005146,0,7,0,0.0,2.0,7.0,13.0,A01
201500005146,0,38,1,0.0,2.0,1.0,0.0,B02
201500005147,0,7,0,0.0,2.0,3.0,1.0,A01
201500005147,0,7,0,0.0,2.0,3.0,1.0,B02
201500005148,0,10,0,0.0,0.0,3.0,1.0,B02
201500005148,0,7,0,0.0,0.0,3.0,1.0,A01
201500005149,0,7,0,0.0,2.0,1.0,13.0,A01
201500005149,0,7,0,0.0,2.0,1.0,1.0,B02
201500005150,0,10,0,0.0,0.0,6.0,19.0,A01
201500005150,0,33,0,0.0,2.0,1.0,1.0,B02
201500005151,0,10,0,0.0,1.0,2.0,1.0,A01
201500005152,0,7,0,0.0,2.0,3.0,1.0,B02
201500005152,0,7,0,0.0,2.0,1.0,17.0,A01
201500005153,0,7,0,0.0,2.0,3.0,1.0,B02
201500005153,0,31,0,0.0,2.0,1.0,1.0,A01
201500005154,0,1,0,0.0,0.0,1.0,0.0,B02
201500005154,0,7,0,0.0,0.0,3.0,15.0,A01
201500005155,0,7,0,2.0,0.0,7.0,1.0,A01
201500005156,0,7,0,0.0,2.0,1.0,20.0,B02
201500005156,0,36,0,1.0,0.0,7.0,1.0,A01
201500005157,0,1,0,0.0,0.0,0.0,1.0,A01
201500005158,0,33,0,16.0,0.0,1.0,1.0,A01
201500005159,0,7,0,13.0,0.0,9.0,4.0,A01
201500005160,0,10,0,0.0,2.0,1.0,9.0,A01
201500005160,0,2,0,0.0,2.0,1.0,1.0,B02
201500005161,0,3,0,0.0,2.0,7.0,15.0,A01
201500005161,0,10,0,0.0,2.0,1.0,1.0,B02
201500005162,0,7,0,2.0,0.0,9.0,1.0,A01
201500005163,0,7,0,0.0,2.0,7.0,13.0,A01
201500005163,0,7,0,0.0,2.0,1.0,1.0,B02
201500005164,0,7,0,0.0,1.0,2.0,1.0,A01
201500005165,0,33,0,16.0,0.0,9.0,17.0,A01
201500005166,0,10,0,16.0,0.0,9.0,1.0,A01
201500005167,0,7,0,0.0,2.0,1.0,17.0,B02
201500005167,0,7,0,0.0,2.0,1.0,1.0,A01
201500005168,0,36,0,0.0,0.0,2.0,1.0,A01
201500005169,0,7,0,0.0,1.0,1.0,1.0,A01
201500005170,0,7,0,0.0,2.0,1.0,17.0,B02
201500005170,0,7,0,0.0,2.0,8.0,15.0,A01
201500005171,0,7,0,0.0,2.0,2.0,2.0,A01
201500005171,0,1,0,0.0,2.0,4.0,2.0,B02
201500005172,0,7,0,0.0,1.0,2.0,13.0,A01
201500005173,0,7,0,0.0,1.0,4.0,20.0,A01
201500005174,0,10,0,0.0,1.0,4.0,4.0,A01
201500005175,0,10,0,2.0,0.0,1.0,1.0,A01
201500005176,0,31,0,4.0,0.0,3.0,1.0,A01
201500005177,0,7,0,0.0,2.0,1.0,1.0,B02
201500005177,0,7,0,0.0,2.0,1.0,5.0,A01
201500005178,0,7,0,0.0,2.0,3.0,13.0,B02
201500005178,0,7,0,0.0,2.0,3.0,1.0,A01
201500005179,0,7,0,2.0,0.0,3.0,1.0,A01
201500005180,0,7,0,4.0,0.0,1.0,1.0,A01
201500005181,0,7,0,2.0,0.0,2.0,1.0,A01
201500005182,0,7,0,0.0,2.0,2.0,9.0,A01
201500005182,0,32,0,0.0,2.0,6.0,15.0,B02
201500005183,0,33,0,0.0,0.0,0.0,0.0,A01
201500005183,0,1,0,0.0,0.0,0.0,0.0,B02
201500005184,0,1,0,0.0,0.0,0.0,2.0,A01
201500005185,0,33,0,0.0,9.0,1.0,2.0,A01
201500005185,0,1,0,0.0,0.0,4.0,0.0,B02
201500005186,0,7,0,0.0,0.0,1.0,2.0,A01
201500005186,0,7,0,0.0,0.0,4.0,2.0,B02
201500005187,0,7,0,0.0,2.0,1.0,1.0,B02
201500005187,0,7,0,0.0,2.0,3.0,13.0,A01
201500005188,0,1,0,0.0,2.0,1.0,1.0,B02
201500005188,0,7,0,0.0,9.0,2.0,15.0,A01
201500005189,0,7,0,0.0,2.0,1.0,15.0,A01
201500005189,0,1,0,0.0,2.0,1.0,1.0,B02
201500005190,0,7,0,0.0,2.0,8.0,1.0,B02
201500005190,0,33,0,0.0,2.0,3.0,1.0,A01
201500005191,0,33,0,0.0,2.0,1.0,1.0,B02
201500005191,0,33,0,0.0,2.0,4.0,1.0,A01
201500005191,0,33,0,0.0,2.0,1.0,1.0,C03
201500005192,0,7,0,13.0,0.0,3.0,1.0,A01
201500005193,0,7,0,0.0,1.0,2.0,16.0,A01
201500005194,0,7,0,0.0,1.0,2.0,1.0,A01
201500005195,0,7,0,0.0,2.0,1.0,1.0,B02
201500005195,0,7,0,0.0,2.0,1.0,15.0,A01
201500005196,0,33,0,0.0,2.0,1.0,13.0,B02
201500005196,0,33,0,0.0,2.0,1.0,1.0,A01
201500005196,0,7,0,0.0,2.0,1.0,1.0,C03
201500005197,0,7,0,0.0,0.0,8.0,10.0,A01
201500005197,0,31,0,0.0,2.0,1.0,1.0,B02
201500005198,0,33,0,0.0,2.0,1.0,1.0,B02
201500005198,0,7,0,0.0,2.0,5.0,15.0,A01
201500005199,0,7,0,0.0,2.0,1.0,13.0,A01
201500005199,0,14,0,0.0,2.0,3.0,1.0,B02
201500005200,0,33,0,0.0,2.0,1.0,1.0,A01
201500005200,0,7,0,0.0,0.0,6.0,10.0,B02
201500005201,0,7,0,0.0,2.0,8.0,1.0,D04
201500005201,0,7,0,0.0,2.0,1.0,1.0,B02
201500005201,0,7,0,0.0,2.0,1.0,1.0,C03
201500005201,0,7,0,0.0,2.0,1.0,13.0,A01
201500005202,0,33,0,16.0,2.0,7.0,14.0,A01
201500005203,0,7,0,0.0,2.0,1.0,1.0,B02
201500005203,0,30,0,0.0,2.0,1.0,13.0,A01
201500005204,0,33,0,0.0,0.0,1.0,1.0,A01
201500005205,0,33,0,11.0,0.0,1.0,1.0,A01
201500005206,0,7,0,6.0,0.0,1.0,1.0,A01
201500005207,0,33,0,0.0,0.0,7.0,1.0,B02
201500005207,0,7,0,0.0,0.0,8.0,16.0,A01
201500005208,0,7,0,0.0,2.0,1.0,15.0,A01
201500005208,0,33,0,0.0,2.0,1.0,1.0,B02
201500005209,0,7,0,0.0,2.0,3.0,1.0,B02
201500005209,0,7,0,0.0,2.0,2.0,19.0,A01
201500005210,0,33,0,0.0,2.0,1.0,17.0,B02
201500005210,0,7,0,0.0,0.0,3.0,15.0,A01
201500005211,0,34,0,4.0,0.0,7.0,1.0,A01
201500005212,0,7,0,6.0,0.0,1.0,1.0,A01
201500005213,0,33,0,0.0,2.0,1.0,1.0,A01
201500005213,0,7,0,0.0,0.0,4.0,15.0,B02
201500005214,0,7,0,0.0,2.0,3.0,1.0,B02
201500005214,0,7,0,0.0,2.0,3.0,13.0,A01
201500005215,0,1,0,0.0,2.0,3.0,0.0,A01
201500005215,0,7,0,0.0,9.0,3.0,0.0,B02
201500005216,0,7,0,0.0,2.0,1.0,0.0,B02
201500005216,0,7,0,0.0,2.0,1.0,17.0,A01
201500005217,0,7,0,3.0,0.0,9.0,1.0,A01
201500005218,0,7,0,0.0,1.0,1.0,1.0,B02
201500005218,0,7,0,0.0,1.0,1.0,1.0,A01
201500005219,0,38,0,0.0,2.0,1.0,1.0,B02
201500005219,0,30,0,0.0,2.0,1.0,1.0,A01
201500005220,0,7,0,0.0,2.0,2.0,15.0,A01
201500005220,0,32,0,0.0,2.0,1.0,1.0,B02
201500005221,0,7,0,2.0,0.0,9.0,1.0,A01
201500005222,0,7,0,0.0,1.0,2.0,1.0,A01
201500005223,0,7,0,0.0,2.0,1.0,1.0,B02
201500005223,0,7,0,0.0,2.0,1.0,5.0,A01
201500005224,0,7,0,0.0,1.0,3.0,1.0,A01
201500005225,0,33,0,0.0,2.0,1.0,1.0,B02
201500005225,0,7,0,0.0,2.0,5.0,15.0,A01
201500005226,0,31,0,9.0,0.0,1.0,1.0,A01
201500005227,0,7,0,13.0,0.0,1.0,1.0,A01
201500005228,0,33,0,3.0,0.0,8.0,1.0,A01
201500005229,0,7,0,0.0,2.0,6.0,15.0,A01
201500005229,0,7,0,0.0,2.0,2.0,21.0,B02
201500005229,0,33,0,0.0,2.0,1.0,1.0,C03
201500005230,0,33,0,0.0,2.0,1.0,1.0,A01
201500005230,0,7,0,0.0,2.0,8.0,0.0,B02
201500005231,0,7,0,0.0,2.0,3.0,5.0,A01
201500005231,0,7,0,0.0,0.0,1.0,1.0,B02
201500005231,0,7,0,0.0,0.0,6.0,1.0,C03
201500005232,0,7,0,0.0,1.0,2.0,1.0,A01
201500005233,0,7,0,13.0,0.0,2.0,1.0,A01
201500005234,0,33,0,3.0,0.0,0.0,1.0,A01
201500005235,0,10,0,2.0,0.0,2.0,1.0,A01
201500005236,0,7,0,0.0,1.0,1.0,1.0,A01
201500005237,0,7,0,0.0,2.0,2.0,15.0,A01
201500005237,0,99,0,0.0,2.0,1.0,1.0,B02
201500005238,0,7,0,0.0,2.0,6.0,1.0,B02
201500005238,0,7,0,0.0,2.0,3.0,19.0,A01
201500005239,0,7,0,6.0,0.0,8.0,1.0,A01
201500005240,0,33,0,13.0,0.0,3.0,21.0,A01
201500005241,0,7,0,0.0,2.0,2.0,15.0,A01
201500005241,0,33,0,0.0,0.0,1.0,1.0,B02
201500005242,0,7,0,0.0,1.0,2.0,1.0,A01
201500005243,0,2,0,0.0,2.0,3.0,1.0,B02
201500005243,0,7,0,0.0,2.0,3.0,5.0,A01
201500005244,0,7,0,0.0,2.0,1.0,0.0,B02
201500005244,0,33,0,0.0,2.0,1.0,13.0,A01
201500005245,0,33,0,0.0,2.0,1.0,1.0,B02
201500005245,0,7,0,0.0,2.0,3.0,15.0,A01
201500005246,0,7,0,0.0,2.0,8.0,1.0,B02
201500005246,0,30,0,0.0,2.0,1.0,19.0,A01
201500005247,0,7,0,0.0,1.0,1.0,9.0,A01
201500005248,0,7,0,0.0,1.0,2.0,1.0,A01
201500005249,0,33,0,8.0,0.0,2.0,13.0,A01
201500005250,0,7,0,0.0,9.0,5.0,15.0,A01
201500005250,0,1,0,0.0,2.0,1.0,1.0,B02
201500005251,0,7,0,2.0,0.0,2.0,6.0,A01
201500005252,0,7,0,0.0,1.0,3.0,13.0,A01
201500005253,0,31,0,6.0,0.0,7.0,0.0,A01
201500005254,0,7,0,13.0,0.0,9.0,1.0,A01
201500005255,0,7,0,0.0,2.0,1.0,2.0,A01
201500005255,0,37,0,0.0,0.0,4.0,23.0,B02
201500005256,0,37,0,0.0,1.0,1.0,17.0,A01
201500005257,0,1,0,0.0,2.0,6.0,1.0,A01
201500005257,0,7,0,0.0,2.0,6.0,1.0,B02
201500005258,0,7,0,0.0,1.0,6.0,20.0,A01
201500005259,0,7,0,8.0,0.0,7.0,1.0,A01
201500005260,0,33,0,16.0,0.0,8.0,1.0,A01
201500005261,0,36,0,12.0,0.0,0.0,1.0,A01
201500005262,0,36,0,6.0,0.0,2.0,1.0,A01
201500005263,0,7,0,0.0,1.0,3.0,1.0,A01
201500005264,0,7,0,0.0,1.0,7.0,1.0,A01
201500005265,0,17,0,0.0,0.0,6.0,1.0,A01
201500005265,0,33,0,0.0,2.0,1.0,17.0,B02
201500005266,0,7,0,0.0,2.0,2.0,1.0,A01
201500005266,0,33,0,0.0,2.0,3.0,15.0,B02
201500005267,0,7,0,13.0,0.0,7.0,1.0,A01
201500005268,0,33,0,0.0,0.0,8.0,1.0,A01
201500005269,0,7,0,0.0,2.0,2.0,2.0,A01
201500005269,0,1,0,0.0,0.0,4.0,2.0,B02
201500005270,0,2,0,0.0,2.0,1.0,21.0,A01
201500005270,0,7,0,0.0,2.0,8.0,15.0,B02
201500005271,0,7,0,0.0,2.0,1.0,17.0,A01
201500005271,0,7,0,0.0,2.0,1.0,1.0,B02
201500005271,0,7,0,0.0,2.0,6.0,1.0,C03
201500005272,0,7,0,0.0,2.0,3.0,13.0,A01
201500005272,0,10,0,0.0,2.0,3.0,1.0,B02
201500005273,0,7,0,0.0,2.0,2.0,1.0,B02
201500005273,0,1,0,0.0,2.0,1.0,9.0,A01
201500005274,0,33,0,13.0,0.0,1.0,1.0,A01
201500005275,0,1,0,0.0,6.0,1.0,1.0,A01
201500005276,0,1,0,0.0,2.0,1.0,1.0,A01
201500005276,0,7,0,0.0,9.0,3.0,19.0,B02
201500005277,0,14,0,0.0,2.0,3.0,1.0,B02
201500005277,0,1,0,0.0,2.0,1.0,1.0,A01
201500005278,0,33,0,0.0,2.0,1.0,1.0,A01
201500005278,0,7,0,0.0,2.0,3.0,13.0,B02
201500005278,0,10,0,0.0,2.0,1.0,1.0,C03
201500005279,0,7,0,0.0,1.0,2.0,1.0,A01
201500005280,0,7,0,2.0,0.0,1.0,1.0,A01
201500005281,0,1,0,0.0,0.0,7.0,15.0,B02
201500005281,0,7,0,0.0,0.0,3.0,9.0,A01
201500005282,0,33,0,0.0,0.0,1.0,17.0,B02
201500005282,0,7,0,0.0,0.0,3.0,10.0,A01
201500005283,0,7,0,0.0,2.0,1.0,1.0,B02
201500005283,0,7,0,0.0,2.0,1.0,1.0,A01
201500005284,0,10,0,0.0,9.0,3.0,15.0,A01
201500005284,0,1,0,0.0,2.0,2.0,17.0,B02
201500005285,0,32,0,0.0,2.0,1.0,17.0,B02
201500005285,0,7,0,0.0,2.0,8.0,10.0,A01
201500005286,0,7,0,0.0,2.0,8.0,13.0,A01
201500005286,0,14,0,0.0,2.0,2.0,1.0,B02
201500005287,0,7,0,6.0,0.0,1.0,13.0,A01
201500005288,0,7,0,2.0,0.0,1.0,13.0,A01
201500005289,0,7,0,0.0,0.0,3.0,10.0,A01
201500005289,0,7,0,0.0,2.0,2.0,1.0,B02
201500005290,0,7,0,0.0,0.0,8.0,10.0,A01
201500005290,0,33,0,0.0,2.0,1.0,1.0,B02
201500005291,0,33,0,0.0,2.0,1.0,2.0,A01
201500005291,0,30,0,0.0,2.0,4.0,1.0,B02
201500005292,0,7,0,0.0,2.0,1.0,15.0,B02
201500005292,0,1,0,0.0,2.0,1.0,1.0,A01
201500005293,0,7,0,0.0,1.0,2.0,1.0,A01
201500005294,0,7,0,0.0,2.0,3.0,13.0,B02
201500005294,0,7,0,0.0,2.0,3.0,1.0,A01
201500005295,0,7,0,0.0,2.0,1.0,1.0,B02
201500005295,0,7,0,0.0,0.0,1.0,6.0,A01
201500005296,0,7,0,6.0,0.0,1.0,0.0,A01
201500005297,0,7,0,0.0,2.0,3.0,1.0,B02
201500005297,0,7,0,0.0,2.0,2.0,15.0,A01
201500005298,0,7,0,13.0,0.0,1.0,2.0,A01
201500005299,0,36,0,0.0,2.0,1.0,13.0,A01
201500005299,0,7,0,0.0,2.0,1.0,1.0,B02
201500005300,0,30,0,0.0,2.0,3.0,13.0,A01
201500005300,0,7,0,0.0,2.0,3.0,1.0,B02
201500005301,0,33,0,13.0,0.0,2.0,1.0,A01
201500005302,0,7,0,0.0,2.0,1.0,1.0,B02
201500005302,0,7,0,0.0,2.0,3.0,13.0,A01
201500005303,0,7,0,3.0,0.0,9.0,14.0,A01
201500005304,0,32,0,0.0,2.0,1.0,13.0,A01
201500005304,0,38,0,0.0,2.0,3.0,1.0,B02
201500005305,0,33,0,0.0,2.0,1.0,13.0,A01
201500005305,0,7,0,0.0,2.0,6.0,1.0,B02
201500005306,0,1,0,0.0,2.0,1.0,5.0,B02
201500005306,0,7,0,0.0,9.0,1.0,5.0,A01
201500005307,0,1,0,14.0,0.0,0.0,1.0,A01
201500005308,0,7,0,2.0,0.0,3.0,13.0,A01
201500005309,0,7,0,0.0,2.0,1.0,17.0,B02
201500005309,0,7,0,0.0,2.0,4.0,17.0,A01
201500005310,0,7,0,0.0,2.0,7.0,15.0,A01
201500005310,0,33,0,0.0,2.0,1.0,0.0,B02
201500005311,0,7,0,0.0,2.0,1.0,13.0,B02
201500005311,0,7,0,0.0,2.0,1.0,13.0,A01
201500005312,0,7,0,0.0,2.0,7.0,1.0,A01
201500005312,0,7,0,0.0,2.0,1.0,1.0,B02
201500005313,0,33,0,13.0,0.0,8.0,1.0,A01
201500005314,0,33,0,0.0,2.0,1.0,13.0,A01
201500005314,0,7,0,0.0,2.0,3.0,1.0,B02
201500005315,0,7,0,0.0,9.0,3.0,1.0,A01
201500005315,0,1,0,0.0,2.0,8.0,13.0,B02
201500005316,0,7,0,0.0,2.0,1.0,1.0,B02
201500005316,0,7,0,0.0,2.0,1.0,13.0,A01
201500005317,0,7,0,2.0,0.0,2.0,0.0,A01
201500005318,0,7,0,0.0,2.0,1.0,16.0,B02
201500005318,0,33,0,0.0,2.0,2.0,1.0,A01
201500005319,0,14,0,3.0,0.0,2.0,1.0,A01
201500005320,0,7,0,6.0,0.0,2.0,1.0,A01
201500005321,0,33,0,6.0,0.0,1.0,1.0,A01
201500005322,0,16,0,0.0,0.0,2.0,5.0,A01
201500005322,0,33,0,0.0,0.0,7.0,21.0,B02
201500005323,0,10,0,0.0,2.0,1.0,21.0,B02
201500005323,0,7,0,0.0,2.0,2.0,1.0,A01
201500005324,0,7,0,6.0,0.0,1.0,1.0,A01
201500005325,0,10,0,0.0,2.0,1.0,0.0,B02
201500005325,0,7,0,0.0,2.0,1.0,0.0,A01
201500005326,0,7,0,0.0,2.0,3.0,1.0,B02
201500005326,0,7,0,0.0,2.0,3.0,1.0,A01
201500005327,0,7,0,16.0,0.0,0.0,1.0,A01
201500005328,0,7,0,0.0,2.0,1.0,1.0,A01
201500005328,0,7,0,0.0,2.0,7.0,19.0,B02
201500005329,0,7,0,0.0,2.0,1.0,1.0,B02
201500005329,0,7,0,0.0,2.0,1.0,13.0,A01
201500005330,0,7,0,1.0,1.0,1.0,14.0,A01
201500005331,0,7,0,0.0,2.0,1.0,1.0,B02
201500005331,0,7,0,0.0,2.0,1.0,1.0,A01
201500005332,0,7,0,16.0,0.0,9.0,13.0,A01
201500005333,0,33,0,0.0,2.0,1.0,1.0,A01
201500005333,0,7,0,0.0,2.0,6.0,1.0,B02
201500005333,0,7,0,0.0,2.0,1.0,1.0,C03
201500005334,0,7,0,2.0,0.0,5.0,1.0,A01
201500005335,0,7,0,0.0,9.0,3.0,13.0,A01
201500005335,0,1,0,0.0,2.0,1.0,0.0,B02
201500005336,0,33,0,0.0,2.0,1.0,2.0,A01
201500005336,0,14,0,0.0,2.0,4.0,2.0,B02
201500005337,0,7,0,13.0,0.0,3.0,1.0,A01
201500005338,0,33,0,0.0,0.0,9.0,1.0,A01
201500005339,0,7,0,0.0,2.0,1.0,2.0,A01
201500005339,0,7,0,0.0,2.0,4.0,2.0,B02
201500005340,0,7,0,8.0,0.0,1.0,0.0,A01
201500005341,0,15,0,0.0,2.0,2.0,0.0,A01
201500005341,0,1,0,0.0,0.0,4.0,0.0,B02
201500005342,0,7,0,0.0,0.0,4.0,1.0,B02
201500005342,0,31,0,0.0,2.0,1.0,2.0,A01
201500005343,0,33,0,0.0,0.0,8.0,1.0,A01
201500005344,0,7,0,13.0,0.0,3.0,17.0,A01
201500005345,0,14,0,0.0,9.0,0.0,1.0,A01
201500005345,0,1,0,0.0,0.0,0.0,1.0,B02
201500005346,0,1,0,0.0,2.0,8.0,15.0,B02
201500005346,0,7,0,0.0,2.0,7.0,17.0,A01
201500005347,0,2,0,0.0,2.0,0.0,21.0,A01
201500005348,0,7,0,0.0,2.0,3.0,13.0,A01
201500005348,0,14,0,0.0,2.0,6.0,1.0,B02
201500005349,0,7,0,0.0,2.0,3.0,6.0,B02
201500005349,0,33,0,0.0,2.0,2.0,1.0,A01
201500005350,0,33,0,11.0,0.0,1.0,17.0,A01
201500005351,0,7,0,0.0,2.0,1.0,1.0,A01
201500005351,0,7,0,0.0,0.0,4.0,1.0,B02
201500005352,0,7,0,0.0,2.0,2.0,1.0,B02
201500005352,0,7,0,0.0,2.0,8.0,19.0,A01
201500005353,0,7,0,0.0,2.0,6.0,10.0,B02
201500005353,0,30,0,0.0,2.0,1.0,1.0,A01
201500005354,0,7,0,15.0,0.0,2.0,1.0,A01
201500005355,0,33,0,16.0,0.0,7.0,1.0,A01
201500005356,0,7,0,16.0,0.0,9.0,2.0,A01
201500005357,0,7,0,0.0,2.0,1.0,2.0,A01
201500005357,0,7,0,0.0,0.0,4.0,23.0,B02
201500005358,0,10,0,0.0,2.0,1.0,1.0,B02
201500005358,0,7,0,0.0,2.0,7.0,19.0,A01
201500005359,0,7,0,0.0,2.0,3.0,1.0,B02
201500005359,0,33,0,0.0,2.0,1.0,17.0,A01
201500005360,0,7,0,13.0,0.0,1.0,1.0,A01
201500005361,0,3,0,0.0,2.0,8.0,19.0,A01
201500005361,0,7,0,0.0,2.0,1.0,1.0,B02
201500005362,0,7,0,0.0,2.0,6.0,1.0,A01
201500005362,0,2,0,0.0,2.0,1.0,1.0,B02
201500005363,0,7,0,0.0,2.0,4.0,1.0,A01
201500005363,0,7,0,0.0,2.0,2.0,1.0,B02
201500005364,0,1,0,0.0,2.0,4.0,1.0,B02
201500005364,0,7,0,0.0,2.0,2.0,1.0,A01
201500005365,0,7,0,12.0,0.0,1.0,1.0,A01
201500005366,0,7,0,0.0,2.0,2.0,15.0,A01
201500005366,0,7,0,0.0,2.0,1.0,1.0,B02
201500005367,0,7,0,0.0,2.0,7.0,1.0,A01
201500005367,0,10,0,0.0,2.0,1.0,1.0,B02
201500005368,0,7,0,0.0,2.0,2.0,1.0,B02
201500005368,0,10,0,0.0,2.0,3.0,19.0,A01
201500005369,0,7,0,0.0,0.0,9.0,1.0,A01
201500005370,0,33,0,0.0,0.0,8.0,1.0,A01
201500005371,0,10,0,2.0,0.0,3.0,13.0,A01
201500005372,0,7,0,2.0,0.0,7.0,1.0,A01
201500005373,0,7,0,2.0,0.0,2.0,13.0,A01
201500005374,0,7,0,2.0,0.0,7.0,1.0,A01
201500005375,0,7,0,0.0,2.0,1.0,13.0,A01
201500005375,0,7,0,0.0,2.0,1.0,1.0,B02
201500005376,0,1,0,0.0,2.0,1.0,1.0,B02
201500005376,0,7,0,0.0,2.0,3.0,15.0,A01
201500005377,0,7,0,0.0,2.0,2.0,15.0,B02
201500005377,0,30,0,0.0,2.0,1.0,1.0,A01
201500005378,0,30,0,0.0,2.0,7.0,16.0,B02
201500005378,0,7,0,0.0,2.0,3.0,1.0,A01
201500005379,0,7,0,0.0,2.0,3.0,19.0,A01
201500005379,0,31,0,0.0,2.0,1.0,1.0,B02
201500005380,0,33,0,0.0,2.0,1.0,1.0,B02
201500005380,0,7,0,0.0,2.0,2.0,15.0,A01
201500005381,0,7,0,0.0,1.0,3.0,1.0,A01
201500005382,0,7,0,13.0,0.0,1.0,1.0,A01
201500005383,0,7,0,0.0,2.0,8.0,17.0,A01
201500005383,0,2,0,0.0,2.0,8.0,0.0,B02
201500005384,0,7,0,6.0,0.0,7.0,1.0,A01
201500005385,0,33,0,0.0,2.0,3.0,5.0,A01
201500005385,0,7,0,0.0,2.0,3.0,1.0,B02
201500005386,0,7,0,2.0,0.0,8.0,1.0,A01
201500005387,0,7,0,13.0,2.0,3.0,17.0,A01
201500005387,0,7,0,13.0,2.0,3.0,1.0,B02
201500005387,0,15,0,0.0,2.0,8.0,2.0,C03
201500005388,0,7,0,0.0,2.0,1.0,1.0,B02
201500005388,0,7,0,0.0,2.0,4.0,23.0,A01
201500005389,0,1,0,0.0,0.0,2.0,1.0,A01
201500005390,0,2,0,0.0,2.0,1.0,13.0,A01
201500005390,0,7,0,0.0,2.0,3.0,1.0,B02
201500005391,0,10,0,0.0,2.0,1.0,1.0,A01
201500005391,0,7,0,0.0,2.0,1.0,1.0,B02
201500005392,0,3,0,0.0,0.0,9.0,1.0,A01
201500005393,0,7,0,13.0,0.0,1.0,1.0,A01
201500005394,0,31,0,0.0,0.0,7.0,1.0,A01
201500005395,0,33,0,0.0,2.0,1.0,1.0,B02
201500005395,0,7,0,0.0,2.0,3.0,13.0,A01
201500005395,0,33,0,0.0,0.0,8.0,21.0,C03
201500005396,0,33,0,0.0,2.0,8.0,1.0,A01
201500005396,0,7,0,0.0,2.0,7.0,15.0,B02
201500005397,0,7,0,0.0,2.0,3.0,1.0,B02
201500005397,0,7,0,0.0,2.0,3.0,13.0,A01
201500005398,0,7,0,1.0,0.0,1.0,2.0,A01
201500005398,0,15,0,0.0,2.0,4.0,24.0,B02
201500005399,0,7,0,0.0,2.0,5.0,15.0,A01
201500005399,0,33,0,0.0,2.0,1.0,1.0,B02
201500005400,0,38,17,6.0,0.0,2.0,0.0,A01