Num_Acc,senc,catv,occutc,obs,obsm,choc,manv,num_veh
201500005695,2,7,0,0.0,9.0,5.0,17.0,A01
201500005695,0,1,0,0.0,0.0,1.0,1.0,B02
201500005696,0,7,0,0.0,2.0,1.0,1.0,B02
201500005696,0,7,0,0.0,2.0,6.0,19.0,A01
201500005697,0,7,0,0.0,0.0,9.0,1.0,A01
201500005698,0,7,0,0.0,1.0,3.0,1.0,A01
201500005699,0,7,0,0.0,0.0,5.0,2.0,B02
201500005699,0,15,0,0.0,2.0,3.0,2.0,A01
201500005700,0,7,0,0.0,2.0,1.0,2.0,A01
201500005700,0,7,0,0.0,0.0,4.0,23.0,B02
201500005701,0,7,0,0.0,2.0,2.0,19.0,A01
201500005701,0,7,0,0.0,2.0,3.0,1.0,B02
201500005702,0,33,0,0.0,0.0,1.0,15.0,A01
201500005702,0,7,0,0.0,0.0,3.0,15.0,B02
201500005703,0,7,0,0.0,2.0,3.0,1.0,B02
201500005703,0,7,0,0.0,2.0,3.0,5.0,A01
201500005704,0,7,0,0.0,9.0,4.0,1.0,A01
201500005704,0,33,0,0.0,2.0,1.0,1.0,B02
201500005705,0,7,0,0.0,1.0,3.0,1.0,A01
201500005706,0,2,0,0.0,2.0,1.0,1.0,B02
201500005706,0,7,0,0.0,2.0,8.0,10.0,A01
201500005707,0,7,0,0.0,2.0,1.0,1.0,A01
201500005707,0,7,0,0.0,2.0,8.0,15.0,B02
201500005708,0,7,0,2.0,0.0,1.0,0.0,A01
201500005709,0,7,0,0.0,2.0,1.0,15.0,A01
201500005709,0,33,0,0.0,2.0,3.0,1.0,B02
201500005710,0,7,0,0.0,1.0,2.0,1.0,A01
201500005711,0,7,0,1.0,0.0,5.0,0.0,A01
201500005711,0,33,0,1.0,2.0,1.0,1.0,C03
201500005711,0,7,0,0.0,2.0,5.0,4.0,B02
201500005712,0,7,0,6.0,0.0,1.0,1.0,A01
201500005713,0,1,0,0.0,2.0,3.0,0.0,B02
201500005713,0,7,0,0.0,9.0,2.0,19.0,A01
201500005714,0,30,0,0.0,2.0,1.0,2.0,B02
201500005714,0,7,0,0.0,2.0,7.0,2.0,A01
201500005715,0,7,0,0.0,2.0,1.0,1.0,C03
201500005715,0,7,0,0.0,2.0,8.0,21.0,B02
201500005715,0,7,0,0.0,2.0,8.0,1.0,D04
201500005715,0,7,0,0.0,2.0,1.0,13.0,A01
201500005716,0,17,0,0.0,2.0,1.0,1.0,B02
201500005716,0,7,0,0.0,2.0,1.0,11.0,A01
201500005717,0,7,0,0.0,2.0,1.0,13.0,A01
201500005717,0,7,0,0.0,2.0,1.0,1.0,B02
201500005718,0,7,0,0.0,2.0,3.0,1.0,A01
201500005718,0,7,0,0.0,2.0,3.0,13.0,B02
201500005719,0,7,0,0.0,2.0,1.0,1.0,A01
201500005719,0,7,0,0.0,2.0,3.0,1.0,B02
201500005720,0,7,0,0.0,2.0,1.0,1.0,A01
201500005720,0,7,0,0.0,2.0,2.0,10.0,B02
201500005721,0,7,0,0.0,0.0,4.0,1.0,B02
201500005721,0,33,0,0.0,2.0,1.0,1.0,A01
201500005722,0,31,0,0.0,2.0,1.0,13.0,A01
201500005722,0,7,0,0.0,2.0,3.0,1.0,B02
201500005723,0,10,0,0.0,2.0,1.0,1.0,A01
201500005723,0,7,0,0.0,2.0,8.0,19.0,B02
201500005724,0,7,0,0.0,2.0,3.0,1.0,B02
201500005724,0,7,0,0.0,2.0,3.0,17.0,A01
201500005724,0,15,0,0.0,0.0,0.0,1.0,C03
201500005725,0,7,0,13.0,0.0,1.0,1.0,A01
201500005726,0,31,0,0.0,6.0,1.0,1.0,A01
201500005727,0,10,0,0.0,2.0,1.0,1.0,B02
201500005727,0,7,0,0.0,2.0,7.0,1.0,A01
201500005728,0,14,0,0.0,2.0,3.0,21.0,B02
201500005728,0,7,0,0.0,2.0,3.0,13.0,A01
201500005729,0,14,0,0.0,2.0,2.0,1.0,B02
201500005729,0,3,0,0.0,2.0,1.0,13.0,A01
201500005730,0,1,0,0.0,2.0,6.0,2.0,B02
201500005730,0,10,0,0.0,2.0,2.0,2.0,A01
201500005731,0,7,0,0.0,1.0,3.0,1.0,A01
201500005732,0,17,0,0.0,0.0,8.0,1.0,A01
201500005733,0,33,0,12.0,0.0,1.0,1.0,A01
201500005734,0,7,0,2.0,0.0,3.0,1.0,A01
201500005735,0,33,0,2.0,0.0,0.0,1.0,A01
201500005736,0,7,0,0.0,1.0,2.0,1.0,A01
201500005737,0,10,0,0.0,2.0,1.0,0.0,B02
201500005737,0,7,0,0.0,2.0,3.0,0.0,A01
201500005738,0,33,0,0.0,2.0,1.0,1.0,A01
201500005738,0,7,0,0.0,2.0,2.0,10.0,B02
201500005739,0,7,0,0.0,2.0,1.0,13.0,A01
201500005739,0,7,0,0.0,2.0,1.0,1.0,B02
201500005740,0,7,0,0.0,1.0,5.0,0.0,A01
201500005741,0,7,0,0.0,2.0,7.0,20.0,A01
201500005741,0,2,0,0.0,2.0,2.0,1.0,B02
201500005742,0,7,0,0.0,2.0,7.0,13.0,A01
201500005742,0,7,0,0.0,2.0,1.0,1.0,B02
201500005743,0,14,0,0.0,2.0,3.0,1.0,B02
201500005743,0,7,0,0.0,2.0,3.0,13.0,A01
201500005744,0,33,0,0.0,6.0,8.0,1.0,A01
201500005745,0,10,0,0.0,0.0,1.0,11.0,A01
201500005746,0,17,0,0.0,0.0,7.0,14.0,A01
201500005747,0,1,0,0.0,2.0,4.0,2.0,B02
201500005747,1,7,0,0.0,9.0,2.0,2.0,A01
201500005748,0,33,0,16.0,0.0,0.0,1.0,A01
201500005749,0,7,0,13.0,0.0,1.0,1.0,A01
201500005750,0,7,0,13.0,0.0,1.0,1.0,A01
201500005751,0,7,0,0.0,2.0,1.0,1.0,B02
201500005751,0,7,0,0.0,2.0,2.0,17.0,A01
201500005752,0,31,0,6.0,0.0,1.0,13.0,A01
201500005753,0,15,0,0.0,0.0,0.0,2.0,A01
201500005753,0,20,0,1.0,0.0,0.0,23.0,B02
201500005754,0,7,0,13.0,0.0,2.0,1.0,A01
201500005755,0,7,0,0.0,0.0,5.0,23.0,D04
201500005755,0,7,0,0.0,2.0,1.0,18.0,A01
201500005755,0,7,0,0.0,0.0,5.0,23.0,B02
201500005755,0,7,0,0.0,0.0,7.0,23.0,C03
201500005756,0,13,0,0.0,1.0,3.0,1.0,A01
201500005757,0,7,0,13.0,0.0,1.0,1.0,A01
201500005758,0,7,0,0.0,2.0,1.0,1.0,B02
201500005758,0,7,0,0.0,2.0,2.0,13.0,A01
201500005759,0,7,0,0.0,2.0,1.0,15.0,A01
201500005759,0,7,0,0.0,2.0,1.0,1.0,B02
201500005760,0,7,0,0.0,1.0,2.0,0.0,A01
201500005761,0,7,0,0.0,1.0,2.0,1.0,A01
201500005762,0,7,0,13.0,0.0,1.0,1.0,A01
201500005763,0,7,0,13.0,0.0,3.0,1.0,A01
201500005764,0,10,0,0.0,2.0,5.0,15.0,B02
201500005764,0,7,0,0.0,2.0,3.0,1.0,A01
201500005765,0,33,0,8.0,0.0,7.0,1.0,A01
201500005766,0,7,0,0.0,2.0,1.0,1.0,B02
201500005766,0,7,0,0.0,2.0,1.0,11.0,A01
201500005767,0,33,0,0.0,2.0,1.0,1.0,B02
201500005767,0,7,0,0.0,2.0,3.0,9.0,A01
201500005768,0,7,0,0.0,1.0,2.0,1.0,A01
201500005769,0,33,0,0.0,2.0,7.0,1.0,A01
201500005769,0,14,0,0.0,0.0,0.0,20.0,B02
201500005770,0,7,0,0.0,0.0,2.0,1.0,A01
201500005771,0,37,0,0.0,2.0,3.0,1.0,B02
201500005771,0,7,0,0.0,2.0,3.0,13.0,A01
201500005772,0,7,0,0.0,2.0,2.0,14.0,B02
201500005772,0,33,0,0.0,2.0,3.0,18.0,A01
201500005773,0,7,0,0.0,1.0,2.0,2.0,A01
201500005774,0,7,0,0.0,0.0,0.0,1.0,A01
201500005775,0,7,0,0.0,2.0,0.0,0.0,B02
201500005775,0,7,0,0.0,2.0,0.0,0.0,A01
201500005776,0,7,0,6.0,0.0,3.0,13.0,A01
201500005777,0,7,0,0.0,0.0,9.0,1.0,A01
201500005778,0,7,0,12.0,0.0,1.0,1.0,A01
201500005779,0,7,0,0.0,1.0,2.0,1.0,A01
201500005780,0,7,0,0.0,2.0,1.0,1.0,B02
201500005780,0,7,0,0.0,0.0,3.0,13.0,A01
201500005781,0,7,0,0.0,0.0,3.0,1.0,B02
201500005781,0,31,0,0.0,2.0,2.0,17.0,A01
201500005781,0,10,0,0.0,0.0,6.0,1.0,C03
201500005782,0,14,0,0.0,0.0,1.0,2.0,B02
201500005782,0,7,0,0.0,0.0,4.0,2.0,A01
201500005783,0,7,0,0.0,2.0,3.0,1.0,A01
201500005783,0,7,0,0.0,2.0,3.0,19.0,B02
201500005784,0,33,0,0.0,0.0,8.0,1.0,A01
201500005784,0,33,0,0.0,0.0,7.0,15.0,B02
201500005785,0,33,0,0.0,2.0,1.0,1.0,B02
201500005785,0,10,0,0.0,2.0,3.0,19.0,A01
201500005786,0,7,0,2.0,0.0,2.0,14.0,A01
201500005787,0,7,0,0.0,0.0,3.0,23.0,A01
201500005787,0,13,0,0.0,0.0,2.0,6.0,B02
201500005788,0,7,0,0.0,2.0,1.0,1.0,A01
201500005788,0,14,0,0.0,2.0,8.0,1.0,B02
201500005789,0,7,0,3.0,0.0,2.0,1.0,A01
201500005790,0,7,0,0.0,2.0,1.0,1.0,B02
201500005790,0,7,0,0.0,2.0,1.0,1.0,A01
201500005791,0,7,0,13.0,0.0,3.0,19.0,A01
201500005792,0,33,0,0.0,2.0,1.0,1.0,B02
201500005792,0,17,0,0.0,2.0,3.0,1.0,A01
201500005793,0,7,0,2.0,0.0,3.0,21.0,B02
201500005793,0,7,0,2.0,0.0,9.0,21.0,A01
201500005794,0,33,0,5.0,0.0,1.0,1.0,A01
201500005795,0,33,0,0.0,0.0,8.0,1.0,A01
201500005796,0,10,0,0.0,0.0,4.0,2.0,B02
201500005796,0,2,0,0.0,2.0,1.0,2.0,A01
201500005797,0,7,0,0.0,0.0,4.0,2.0,A01
201500005797,0,1,0,1.0,0.0,1.0,2.0,B02
201500005798,0,33,0,0.0,0.0,8.0,1.0,A01
201500005799,0,7,0,0.0,2.0,1.0,5.0,A01
201500005799,0,7,0,0.0,2.0,2.0,21.0,B02
201500005800,0,7,0,0.0,1.0,3.0,1.0,A01
201500005801,0,7,0,0.0,2.0,3.0,9.0,B02
201500005801,0,33,0,0.0,2.0,1.0,1.0,A01
201500005802,0,7,0,6.0,0.0,2.0,1.0,A01
201500005803,0,7,0,0.0,1.0,3.0,1.0,A01
201500005804,0,7,0,0.0,1.0,1.0,1.0,A01
201500005805,0,7,0,0.0,0.0,9.0,1.0,A01
201500005806,0,7,0,0.0,0.0,9.0,1.0,A01
201500005807,0,31,0,0.0,0.0,8.0,15.0,A01
201500005808,0,10,0,0.0,2.0,3.0,13.0,A01
201500005808,0,10,0,0.0,2.0,3.0,1.0,B02
201500005809,0,10,0,0.0,2.0,8.0,1.0,B02
201500005809,0,7,0,0.0,2.0,3.0,13.0,A01
201500005810,0,36,0,13.0,0.0,0.0,1.0,A01
201500005811,0,1,0,0.0,2.0,0.0,19.0,A01
201500005811,0,1,0,0.0,2.0,1.0,1.0,B02
201500005812,0,1,0,0.0,2.0,8.0,1.0,B02
201500005812,0,7,0,0.0,2.0,7.0,2.0,A01
201500005813,0,7,0,13.0,0.0,2.0,1.0,A01
201500005814,0,33,0,13.0,0.0,1.0,1.0,A01
201500005815,0,10,0,2.0,0.0,1.0,13.0,A01
201500005816,0,7,0,2.0,0.0,1.0,1.0,A01
201500005817,0,7,0,13.0,0.0,9.0,1.0,A01
201500005818,0,7,0,0.0,1.0,1.0,1.0,A01
201500005819,0,7,0,0.0,2.0,8.0,20.0,B02
201500005819,0,33,0,9.0,2.0,9.0,1.0,A01
201500005820,0,30,0,0.0,2.0,1.0,0.0,B02
201500005820,0,7,0,0.0,2.0,8.0,20.0,A01
201500005821,0,7,0,13.0,0.0,1.0,1.0,A01
201500005822,0,33,0,6.0,0.0,6.0,2.0,A01
201500005822,0,33,0,0.0,2.0,1.0,1.0,B02
201500005823,0,1,0,0.0,2.0,1.0,1.0,B02
201500005823,0,7,0,0.0,2.0,3.0,1.0,A01
201500005824,0,7,0,0.0,0.0,3.0,19.0,A01
201500005824,0,2,0,0.0,2.0,1.0,1.0,B02
201500005825,0,30,0,0.0,2.0,1.0,1.0,A01
201500005825,0,7,0,0.0,2.0,3.0,15.0,B02
201500005826,0,2,0,0.0,0.0,8.0,1.0,A01
201500005827,0,7,0,0.0,2.0,8.0,15.0,B02
201500005827,0,15,0,0.0,2.0,3.0,1.0,A01
201500005828,0,7,0,0.0,2.0,3.0,2.0,B02
201500005828,0,7,0,0.0,2.0,2.0,15.0,A01
201500005829,0,7,0,0.0,2.0,7.0,15.0,A01
201500005829,0,31,0,0.0,2.0,1.0,1.0,B02
201500005830,0,1,0,0.0,1.0,1.0,1.0,A01
201500005831,0,30,0,0.0,2.0,8.0,1.0,A01
201500005831,0,7,0,0.0,2.0,3.0,1.0,B02
201500005832,0,7,0,1.0,2.0,6.0,1.0,A01
201500005832,0,7,0,0.0,2.0,2.0,15.0,B02
201500005833,0,33,0,0.0,0.0,8.0,1.0,A01
201500005833,0,7,0,0.0,2.0,2.0,15.0,B02
201500005834,0,7,0,6.0,0.0,1.0,14.0,A01
201500005835,0,7,0,0.0,2.0,1.0,1.0,A01
201500005835,0,7,0,0.0,2.0,2.0,1.0,B02
201500005836,0,7,0,0.0,2.0,4.0,1.0,C03
201500005836,0,33,0,0.0,2.0,1.0,17.0,A01
201500005836,0,7,0,0.0,2.0,1.0,1.0,B02
201500005837,0,7,0,0.0,2.0,2.0,15.0,A01
201500005837,0,31,0,0.0,2.0,1.0,1.0,B02
201500005838,0,33,0,0.0,2.0,2.0,17.0,B02
201500005838,0,7,0,0.0,0.0,8.0,13.0,A01
201500005839,0,30,0,0.0,2.0,1.0,17.0,A01
201500005839,0,7,0,0.0,0.0,3.0,15.0,B02
201500005840,0,7,0,0.0,2.0,6.0,11.0,B02
201500005840,0,7,0,0.0,2.0,6.0,21.0,A01
201500005841,0,7,0,0.0,2.0,5.0,19.0,A01
201500005841,0,2,0,0.0,2.0,2.0,21.0,B02
201500005842,0,33,0,6.0,0.0,1.0,13.0,A01
201500005843,0,7,0,0.0,2.0,3.0,1.0,B02
201500005843,0,7,0,0.0,2.0,3.0,9.0,A01
201500005844,0,7,0,0.0,2.0,3.0,9.0,B02
201500005844,0,7,0,0.0,2.0,2.0,1.0,A01
201500005845,0,33,0,0.0,2.0,1.0,17.0,A01
201500005845,0,7,0,0.0,2.0,3.0,15.0,B02
201500005846,1,37,1,0.0,1.0,7.0,1.0,Z01
201500005847,0,7,0,0.0,2.0,2.0,10.0,A01
201500005847,0,1,0,1.0,2.0,1.0,1.0,B01
201500005848,0,7,0,0.0,2.0,2.0,15.0,A01
201500005848,0,33,0,0.0,2.0,1.0,1.0,B01
201500005849,0,7,0,3.0,0.0,1.0,13.0,A01
201500005850,0,7,0,0.0,2.0,1.0,1.0,B01
201500005850,0,7,0,0.0,2.0,2.0,6.0,A01
201500005851,0,7,0,0.0,2.0,3.0,15.0,B01
201500005851,0,30,0,0.0,2.0,3.0,1.0,A01
201500005852,0,7,0,0.0,1.0,5.0,4.0,A01
201500005853,0,33,0,0.0,2.0,1.0,1.0,B01
201500005853,0,7,0,0.0,2.0,3.0,9.0,A01
201500005854,0,7,0,0.0,2.0,7.0,15.0,A01
201500005854,0,30,0,0.0,2.0,1.0,1.0,B01
201500005855,0,30,0,0.0,2.0,1.0,1.0,B01
201500005855,0,7,0,0.0,2.0,2.0,15.0,A01
201500005856,0,10,0,14.0,0.0,1.0,2.0,A01
201500005856,0,7,0,0.0,0.0,4.0,23.0,B01
201500005857,0,1,0,12.0,0.0,0.0,21.0,A01
201500005857,1,7,0,0.0,0.0,0.0,9.0,Z01
201500005858,0,7,0,1.0,0.0,1.0,14.0,A01
201500005859,0,33,0,8.0,0.0,1.0,13.0,A01
201500005860,0,7,0,13.0,0.0,1.0,13.0,A01
201500005861,0,7,0,8.0,0.0,9.0,14.0,A01
201500005862,0,7,0,6.0,0.0,1.0,15.0,A01
201500005863,1,7,0,0.0,1.0,3.0,1.0,Z01
201500005864,0,2,0,0.0,2.0,2.0,2.0,A01
201500005864,0,7,0,0.0,0.0,6.0,2.0,B01
201500005865,0,7,0,0.0,2.0,2.0,1.0,A01
201500005865,0,7,0,0.0,0.0,4.0,1.0,B01
201500005865,1,10,0,0.0,0.0,0.0,9.0,Z01
201500005866,0,7,0,0.0,1.0,1.0,1.0,A01
201500005867,0,7,0,0.0,1.0,1.0,1.0,A01
201500005868,0,7,0,0.0,2.0,2.0,1.0,A01
201500005868,0,7,0,0.0,2.0,3.0,15.0,B01
201500005869,0,7,0,0.0,1.0,2.0,1.0,A01
201500005870,0,7,0,0.0,2.0,5.0,15.0,A01
201500005870,0,7,0,0.0,2.0,3.0,2.0,B01
201500005871,0,10,0,0.0,1.0,2.0,15.0,A01
201500005872,0,7,0,0.0,2.0,1.0,2.0,A01
201500005872,0,7,0,0.0,1.0,4.0,0.0,B01
201500005873,1,7,0,0.0,2.0,1.0,9.0,Z01
201500005873,0,7,0,0.0,2.0,2.0,1.0,A01
201500005874,0,1,0,0.0,2.0,6.0,1.0,A01
201500005874,1,7,0,0.0,2.0,1.0,2.0,Z01
201500005875,0,7,0,0.0,1.0,0.0,0.0,A01
201500005876,0,7,0,0.0,2.0,8.0,15.0,A01
201500005876,0,1,0,0.0,2.0,1.0,1.0,B01
201500005877,0,30,0,0.0,2.0,6.0,9.0,A01
201500005877,0,7,0,0.0,2.0,2.0,1.0,B01
201500005878,0,7,0,1.0,1.0,1.0,1.0,A01
201500005879,0,7,0,0.0,1.0,1.0,15.0,A01
201500005880,0,2,0,14.0,0.0,1.0,2.0,A01
201500005880,0,7,0,0.0,0.0,6.0,23.0,B01
201500005881,1,7,0,0.0,1.0,3.0,1.0,Z01
201500005882,0,7,0,0.0,9.0,6.0,15.0,A01
201500005882,0,1,0,0.0,2.0,1.0,1.0,B01
201500005883,0,7,0,0.0,2.0,1.0,9.0,A01
201500005883,0,2,0,0.0,2.0,8.0,1.0,B01
201500005884,0,7,0,0.0,2.0,3.0,13.0,A01
201500005884,0,7,0,0.0,2.0,3.0,1.0,B01
201500005885,0,1,0,0.0,2.0,2.0,1.0,A01
201500005885,0,7,0,0.0,9.0,3.0,1.0,B01
201500005886,1,7,0,0.0,1.0,1.0,1.0,Z01
201500005887,0,7,0,0.0,2.0,3.0,20.0,A01
201500005887,0,2,0,0.0,2.0,1.0,1.0,B01
201500005888,0,7,0,0.0,2.0,3.0,9.0,A01
201500005888,0,2,0,0.0,2.0,1.0,1.0,B01
201500005889,1,7,0,0.0,1.0,1.0,15.0,Z01
201500005890,0,2,0,6.0,2.0,2.0,17.0,A01
201500005890,0,7,0,0.0,2.0,3.0,15.0,B01
201500005891,1,7,0,0.0,1.0,4.0,4.0,Z01
201500005892,0,30,0,14.0,0.0,1.0,2.0,A01
201500005892,0,7,0,0.0,0.0,4.0,23.0,B01
201500005893,0,7,0,0.0,1.0,2.0,1.0,A01
201500005894,0,2,0,0.0,2.0,1.0,1.0,A01
201500005894,0,2,0,0.0,2.0,1.0,1.0,B01
201500005895,0,7,0,0.0,1.0,1.0,1.0,A01
201500005896,0,10,0,0.0,2.0,2.0,11.0,A01
201500005896,0,30,0,0.0,2.0,1.0,1.0,B01
201500005897,0,7,0,8.0,0.0,1.0,14.0,A01
201500005898,0,7,0,0.0,2.0,1.0,20.0,A01
201500005898,0,2,0,0.0,2.0,1.0,21.0,B01
201500005899,0,10,0,1.0,1.0,7.0,1.0,A01
201500005900,1,7,0,0.0,2.0,1.0,9.0,Z01
201500005900,0,7,0,8.0,1.0,5.0,1.0,A01
201500005901,2,7,0,6.0,0.0,1.0,14.0,A01
201500005902,0,7,0,0.0,1.0,2.0,1.0,A01
201500005903,0,7,0,0.0,2.0,1.0,13.0,A01
201500005903,0,7,0,8.0,2.0,1.0,1.0,B01
201500005903,0,7,0,0.0,2.0,0.0,0.0,C01
201500005904,0,7,0,0.0,0.0,9.0,1.0,A01
201500005905,0,7,0,0.0,2.0,1.0,5.0,A01
201500005905,0,10,0,0.0,2.0,1.0,1.0,B02
201500005906,0,7,0,2.0,0.0,7.0,1.0,A01
201500005907,0,7,0,0.0,2.0,2.0,19.0,A01
201500005907,0,33,0,0.0,2.0,2.0,1.0,B02
201500005908,0,33,0,0.0,0.0,0.0,1.0,A01
201500005909,0,2,0,0.0,0.0,7.0,1.0,A01
201500005910,0,7,0,0.0,2.0,1.0,1.0,A01
201500005910,0,7,0,0.0,2.0,8.0,19.0,B02
201500005911,0,33,0,0.0,2.0,1.0,1.0,B02
201500005911,0,10,0,0.0,2.0,2.0,15.0,A01
201500005912,0,7,0,0.0,0.0,0.0,0.0,A01
201500005913,0,7,0,2.0,0.0,8.0,1.0,A01
201500005914,0,7,0,2.0,0.0,1.0,1.0,A01
201500005915,0,7,0,0.0,2.0,8.0,15.0,B02
201500005915,0,33,0,6.0,2.0,1.0,17.0,A01
201500005916,0,7,0,0.0,2.0,3.0,19.0,B02
201500005916,0,7,0,0.0,2.0,3.0,1.0,A01
201500005917,0,7,0,0.0,2.0,3.0,17.0,B02
201500005917,0,33,0,0.0,2.0,7.0,17.0,A01
201500005918,0,7,0,0.0,1.0,3.0,1.0,A01
201500005919,0,10,0,0.0,2.0,2.0,23.0,B02
201500005919,0,30,0,0.0,2.0,1.0,1.0,A01
201500005920,0,30,0,0.0,4.0,2.0,1.0,A01
201500005920,0,39,0,0.0,2.0,3.0,0.0,B02
201500005921,0,7,0,13.0,0.0,2.0,1.0,A01
201500005922,0,7,0,13.0,0.0,1.0,1.0,A01
201500005923,0,33,0,0.0,0.0,0.0,16.0,A01
201500005924,0,7,0,2.0,0.0,1.0,14.0,A01
201500005925,0,31,0,6.0,0.0,1.0,0.0,A01
201500005926,0,7,0,0.0,2.0,1.0,0.0,B02
201500005926,0,7,0,0.0,2.0,1.0,13.0,A01
201500005927,0,7,0,0.0,2.0,2.0,9.0,A01
201500005927,0,1,0,0.0,0.0,8.0,1.0,B02
201500005928,0,7,0,15.0,0.0,2.0,0.0,A01
201500005929,0,7,0,0.0,1.0,1.0,1.0,A01
201500005930,0,21,0,13.0,0.0,9.0,1.0,A01
201500005931,0,14,0,0.0,0.0,5.0,23.0,A01
201500005931,0,7,0,14.0,0.0,1.0,1.0,B02
201500005932,0,7,0,0.0,1.0,1.0,15.0,A01
201500005933,0,31,0,0.0,6.0,1.0,0.0,A01
201500005934,0,21,0,3.0,0.0,5.0,14.0,A01
201500005935,0,7,0,0.0,1.0,0.0,0.0,A01
201500005936,0,7,0,0.0,0.0,9.0,14.0,A01
201500005937,0,10,0,2.0,0.0,1.0,13.0,A01
201500005938,0,7,0,2.0,0.0,1.0,1.0,A01
201500005939,0,7,0,0.0,2.0,1.0,1.0,A01
201500005939,0,33,0,0.0,2.0,8.0,0.0,B02
201500005940,0,7,0,0.0,2.0,1.0,1.0,B02
201500005940,0,7,0,0.0,2.0,8.0,15.0,A01
201500005941,0,7,0,8.0,0.0,2.0,14.0,A01
201500005942,0,31,0,2.0,0.0,7.0,1.0,A01
201500005943,0,7,0,6.0,0.0,2.0,14.0,A01
201500005944,0,7,0,13.0,0.0,5.0,1.0,A01
201500005945,0,99,0,8.0,0.0,8.0,1.0,A01
201500005946,0,7,0,0.0,2.0,2.0,1.0,A01
201500005946,0,7,0,0.0,2.0,2.0,5.0,B02
201500005947,0,7,0,6.0,0.0,2.0,13.0,A01
201500005948,0,7,0,0.0,2.0,3.0,1.0,B02
201500005948,0,7,0,0.0,2.0,6.0,2.0,C03
201500005948,0,7,0,0.0,2.0,6.0,1.0,D04
201500005948,0,7,0,0.0,2.0,1.0,21.0,A01
201500005949,0,7,0,0.0,0.0,9.0,21.0,A01
201500005950,0,7,0,8.0,0.0,0.0,1.0,A01
201500005951,0,10,0,0.0,2.0,1.0,1.0,A01
201500005951,0,10,0,0.0,2.0,3.0,1.0,B02
201500005952,0,7,0,0.0,2.0,1.0,2.0,A01
201500005952,0,7,0,0.0,2.0,4.0,2.0,B02
201500005953,0,7,0,0.0,2.0,8.0,15.0,B02
201500005953,0,10,0,0.0,2.0,1.0,17.0,A01
201500005954,0,33,0,0.0,2.0,8.0,1.0,B02
201500005954,0,2,0,0.0,2.0,8.0,5.0,A01
201500005955,0,7,0,2.0,0.0,2.0,1.0,A01
201500005956,0,31,0,8.0,0.0,1.0,1.0,A01
201500005957,0,7,0,0.0,0.0,1.0,5.0,A01
201500005957,0,7,0,0.0,0.0,4.0,1.0,C03
201500005957,0,7,0,0.0,0.0,1.0,1.0,B02
201500005957,0,7,0,0.0,0.0,1.0,1.0,D04
201500005957,0,7,0,0.0,0.0,1.0,1.0,E05
201500005958,0,32,0,0.0,2.0,3.0,1.0,B02
201500005958,0,7,0,0.0,2.0,1.0,15.0,A01
201500005959,0,10,0,2.0,0.0,1.0,14.0,A01
201500005960,0,7,0,13.0,0.0,2.0,1.0,A01
201500005961,0,15,0,0.0,2.0,3.0,1.0,A01
201500005961,0,10,0,0.0,2.0,2.0,1.0,B02
201500005962,0,7,0,0.0,0.0,1.0,1.0,A01
201500005963,0,33,0,13.0,0.0,9.0,1.0,A01
201500005964,0,7,0,0.0,2.0,2.0,13.0,A01
201500005964,0,10,0,0.0,2.0,3.0,1.0,B02
201500005965,0,7,0,9.0,0.0,1.0,2.0,A01
201500005966,0,7,0,0.0,0.0,4.0,2.0,A01
201500005967,0,7,0,2.0,0.0,2.0,0.0,A01
201500005968,0,7,0,0.0,2.0,1.0,1.0,B02
201500005968,0,7,0,0.0,2.0,1.0,15.0,A01
201500005969,0,33,0,0.0,0.0,0.0,1.0,A01
201500005970,0,7,0,0.0,2.0,7.0,15.0,B02
201500005970,0,2,0,0.0,2.0,1.0,1.0,A01
201500005971,0,33,0,2.0,0.0,1.0,15.0,A01
201500005972,0,31,0,0.0,2.0,1.0,1.0,A01
201500005972,0,7,0,0.0,2.0,3.0,15.0,B02
201500005973,0,7,0,0.0,2.0,1.0,1.0,B02
201500005973,0,7,0,0.0,2.0,3.0,5.0,A01
201500005974,0,7,0,16.0,0.0,1.0,1.0,A01
201500005975,0,1,0,0.0,1.0,1.0,1.0,A01
201500005976,0,7,0,2.0,0.0,3.0,14.0,A01
201500005977,0,31,0,12.0,0.0,1.0,1.0,A01
201500005978,0,7,0,0.0,1.0,6.0,4.0,A01
201500005979,0,7,0,0.0,0.0,9.0,1.0,A01
201500005980,0,15,0,0.0,1.0,5.0,1.0,A01
201500005981,0,7,0,0.0,1.0,3.0,1.0,A01
201500005982,0,7,0,0.0,2.0,1.0,13.0,A01
201500005982,0,7,0,0.0,2.0,1.0,1.0,B02
201500005983,0,34,0,14.0,0.0,2.0,1.0,A01
201500005984,0,7,0,13.0,0.0,1.0,14.0,A01
201500005985,0,15,0,16.0,0.0,8.0,1.0,A01
201500005986,0,7,0,2.0,0.0,1.0,1.0,A01
201500005987,0,17,0,0.0,2.0,2.0,15.0,A01
201500005987,0,7,0,0.0,2.0,1.0,1.0,B02
201500005988,0,15,0,0.0,2.0,3.0,13.0,A01
201500005988,0,7,0,0.0,2.0,8.0,1.0,B02
201500005989,0,7,0,0.0,2.0,8.0,1.0,B02
201500005989,0,7,0,0.0,2.0,1.0,1.0,A01
201500005990,0,7,0,0.0,2.0,7.0,1.0,A01
201500005990,0,10,0,3.0,2.0,1.0,1.0,B02