Num_Acc,senc,catv,occutc,obs,obsm,choc,manv,num_veh
201500005991,0,7,0,0.0,1.0,1.0,2.0,A01
201500005992,0,33,0,0.0,2.0,3.0,17.0,A01
201500005992,0,7,0,0.0,2.0,3.0,1.0,B02
201500005992,0,7,0,0.0,2.0,3.0,1.0,C03
201500005992,0,7,0,0.0,2.0,1.0,1.0,D04
201500005993,0,10,0,0.0,2.0,2.0,17.0,A01
201500005993,0,7,0,0.0,2.0,2.0,1.0,B02
201500005994,0,7,0,0.0,2.0,2.0,1.0,A01
201500005994,0,7,0,0.0,0.0,7.0,19.0,B02
201500005995,0,7,0,0.0,1.0,2.0,1.0,A01
201500005996,0,7,0,6.0,0.0,1.0,1.0,A01
201500005997,0,7,0,2.0,0.0,1.0,1.0,A01
201500005998,0,7,0,0.0,1.0,3.0,1.0,A01
201500005999,0,7,0,0.0,1.0,2.0,1.0,A01
201500006000,0,30,0,0.0,0.0,8.0,1.0,A01
201500006001,0,7,0,13.0,0.0,2.0,1.0,A01
201500006002,0,7,0,0.0,1.0,3.0,1.0,A01
201500006003,0,7,0,0.0,2.0,3.0,1.0,C03
201500006003,0,7,0,0.0,2.0,1.0,1.0,A01
201500006003,0,7,0,0.0,2.0,6.0,2.0,B02
201500006004,0,7,0,2.0,0.0,1.0,1.0,A01
201500006005,0,7,0,0.0,2.0,5.0,1.0,A01
201500006005,0,37,1,0.0,0.0,2.0,1.0,B02
201500006006,0,7,0,2.0,0.0,1.0,1.0,A01
201500006007,0,7,0,0.0,2.0,2.0,13.0,A01
201500006007,0,7,0,0.0,2.0,3.0,1.0,B02
201500006008,0,30,0,15.0,0.0,1.0,1.0,A01
201500006009,0,7,0,0.0,2.0,1.0,13.0,A01
201500006009,0,7,0,0.0,2.0,1.0,1.0,B02
201500006009,0,10,0,0.0,2.0,9.0,1.0,C03
201500006010,0,7,0,0.0,1.0,2.0,1.0,A01
201500006011,0,7,0,2.0,0.0,8.0,15.0,A01
201500006012,0,30,0,0.0,2.0,1.0,1.0,B02
201500006012,0,7,0,0.0,0.0,5.0,15.0,A01
201500006013,0,7,0,0.0,0.0,3.0,1.0,A01
201500006013,0,7,0,0.0,0.0,3.0,19.0,B02
201500006014,0,7,0,13.0,0.0,1.0,1.0,A01
201500006015,0,7,0,0.0,2.0,1.0,1.0,A01
201500006015,0,1,0,0.0,2.0,8.0,15.0,B02
201500006016,0,7,0,0.0,2.0,2.0,15.0,A01
201500006016,0,7,0,0.0,2.0,1.0,1.0,B02
201500006017,0,7,0,0.0,0.0,2.0,2.0,A01
201500006018,0,7,0,0.0,0.0,7.0,1.0,A01
201500006018,0,30,0,0.0,0.0,8.0,1.0,B02
201500006019,0,7,0,0.0,0.0,1.0,1.0,A01
201500006019,0,30,0,0.0,0.0,8.0,1.0,B02
201500006020,0,7,0,0.0,2.0,4.0,2.0,A01
201500006020,0,7,0,2.0,2.0,1.0,2.0,B02
201500006021,0,7,0,0.0,1.0,1.0,1.0,A01
201500006022,0,7,0,13.0,0.0,3.0,13.0,A01
201500006023,0,7,0,13.0,0.0,2.0,14.0,A01
201500006024,0,7,0,0.0,0.0,7.0,19.0,A01
201500006024,0,1,0,0.0,0.0,1.0,15.0,B02
201500006025,0,2,0,8.0,0.0,7.0,1.0,A01
201500006026,0,7,0,0.0,0.0,2.0,13.0,A01
201500006027,0,7,0,2.0,0.0,9.0,1.0,A01
201500006028,0,7,0,2.0,0.0,9.0,1.0,A01
201500006029,0,7,0,0.0,0.0,5.0,1.0,A01
201500006029,0,33,0,0.0,2.0,1.0,1.0,B02
201500006030,0,7,0,0.0,2.0,3.0,1.0,A01
201500006030,0,10,0,0.0,2.0,3.0,13.0,B02
201500006031,0,1,0,0.0,2.0,8.0,1.0,A01
201500006031,0,7,0,0.0,9.0,7.0,14.0,B02
201500006032,0,17,0,0.0,2.0,3.0,21.0,A01
201500006032,0,7,0,0.0,2.0,3.0,13.0,B02
201500006033,0,7,0,0.0,1.0,7.0,1.0,A01
201500006034,0,14,0,0.0,2.0,1.0,1.0,A01
201500006034,0,14,0,0.0,2.0,1.0,1.0,B02
201500006035,0,7,0,0.0,9.0,0.0,0.0,A01
201500006036,0,7,0,0.0,2.0,3.0,1.0,A01
201500006036,0,7,0,0.0,2.0,3.0,1.0,B02
201500006037,0,33,0,0.0,0.0,8.0,10.0,A01
201500006038,0,7,0,3.0,0.0,1.0,0.0,A01
201500006039,0,7,0,0.0,0.0,9.0,0.0,A01
201500006040,0,7,0,13.0,0.0,2.0,1.0,A01
201500006041,0,7,0,0.0,2.0,2.0,15.0,A01
201500006041,0,7,0,0.0,2.0,2.0,1.0,B02
201500006042,0,30,0,0.0,0.0,0.0,16.0,A01
201500006043,0,2,0,6.0,0.0,1.0,1.0,A01
201500006044,0,7,0,0.0,2.0,6.0,15.0,A01
201500006044,0,33,0,0.0,2.0,2.0,1.0,B02
201500006045,0,7,0,13.0,0.0,9.0,1.0,A01
201500006046,0,7,0,0.0,2.0,7.0,1.0,A01
201500006046,0,7,0,0.0,2.0,1.0,1.0,B02
201500006047,0,7,0,13.0,0.0,1.0,1.0,A01
201500006048,0,7,0,0.0,2.0,1.0,13.0,A01
201500006048,0,7,0,0.0,2.0,1.0,1.0,B02
201500006049,0,7,0,0.0,2.0,1.0,13.0,A01
201500006049,0,7,0,0.0,2.0,1.0,1.0,B02
201500006050,0,7,0,2.0,0.0,3.0,0.0,A01
201500006051,0,7,0,2.0,0.0,1.0,1.0,A01
201500006052,0,7,0,2.0,0.0,7.0,1.0,A01
201500006053,0,7,0,6.0,0.0,1.0,0.0,A01
201500006054,0,7,0,0.0,1.0,1.0,1.0,A01
201500006055,0,7,0,0.0,2.0,7.0,19.0,A01
201500006055,0,2,0,0.0,2.0,1.0,1.0,B02
201500006056,0,7,0,2.0,0.0,1.0,1.0,A01
201500006057,0,1,0,0.0,2.0,1.0,13.0,A01
201500006057,0,30,0,0.0,2.0,0.0,1.0,B02
201500006058,0,7,0,0.0,2.0,1.0,1.0,A01
201500006058,0,7,0,0.0,2.0,9.0,1.0,B02
201500006058,0,7,0,0.0,2.0,4.0,1.0,C03
201500006059,0,7,0,0.0,1.0,2.0,1.0,A01
201500006060,0,1,0,0.0,0.0,1.0,1.0,A01
201500006061,0,7,0,0.0,1.0,1.0,1.0,A01
201500006062,0,7,0,0.0,2.0,2.0,1.0,A01
201500006062,0,7,0,0.0,2.0,1.0,1.0,B02
201500006063,0,7,0,3.0,2.0,1.0,5.0,A01
201500006063,0,7,0,0.0,2.0,1.0,1.0,B02
201500006064,0,7,0,0.0,2.0,1.0,5.0,A01
201500006064,0,7,0,0.0,2.0,1.0,1.0,B02
201500006065,0,7,0,0.0,9.0,1.0,1.0,A01
201500006065,0,1,0,0.0,2.0,8.0,6.0,B02
201500006066,0,33,0,16.0,0.0,3.0,1.0,A01
201500006067,0,7,0,0.0,1.0,1.0,1.0,A01
201500006068,0,30,0,0.0,0.0,4.0,15.0,A01
201500006068,0,30,0,0.0,2.0,1.0,1.0,B02
201500006069,0,7,0,13.0,0.0,3.0,1.0,A01
201500006070,0,7,0,0.0,2.0,1.0,1.0,B02
201500006070,0,15,0,0.0,2.0,3.0,4.0,A01
201500006071,0,7,0,0.0,2.0,2.0,17.0,A01
201500006071,0,7,0,0.0,2.0,6.0,13.0,B02
201500006072,0,7,0,0.0,2.0,1.0,13.0,A01
201500006072,0,7,0,0.0,2.0,3.0,1.0,B02
201500006073,0,7,0,0.0,2.0,1.0,17.0,A01
201500006073,0,10,0,0.0,2.0,6.0,1.0,B02
201500006073,0,7,0,0.0,2.0,1.0,1.0,C03
201500006074,0,7,0,0.0,2.0,7.0,17.0,A01
201500006074,0,2,0,0.0,2.0,8.0,2.0,B02
201500006075,0,7,0,0.0,0.0,6.0,19.0,A01
201500006075,0,33,0,0.0,0.0,1.0,1.0,B02
201500006076,0,7,0,2.0,0.0,2.0,1.0,A01
201500006077,0,37,0,0.0,1.0,0.0,11.0,A01
201500006078,0,7,0,0.0,1.0,4.0,20.0,A01
201500006079,0,30,0,12.0,0.0,3.0,1.0,A01
201500006080,0,7,0,0.0,1.0,1.0,1.0,A01
201500006081,0,7,0,0.0,2.0,3.0,3.0,A01
201500006081,0,7,0,0.0,2.0,3.0,1.0,B02
201500006081,0,7,0,0.0,2.0,3.0,1.0,C03
201500006082,0,7,0,0.0,2.0,3.0,10.0,A01
201500006082,0,33,0,0.0,2.0,7.0,17.0,B02
201500006083,0,7,0,8.0,0.0,3.0,1.0,A01
201500006084,0,7,0,0.0,2.0,3.0,15.0,A01
201500006084,0,33,0,0.0,2.0,1.0,1.0,B02
201500006085,0,31,0,0.0,1.0,1.0,21.0,A01
201500006086,0,7,0,13.0,0.0,9.0,6.0,A01
201500006087,0,31,0,0.0,0.0,1.0,1.0,A01
201500006088,0,7,0,16.0,0.0,9.0,2.0,A01
201500006089,0,7,0,13.0,2.0,1.0,14.0,A01
201500006089,0,7,0,0.0,2.0,1.0,1.0,B02
201500006090,0,7,0,6.0,0.0,1.0,14.0,A01
201500006091,0,7,0,0.0,2.0,1.0,5.0,A01
201500006091,0,7,0,0.0,2.0,1.0,1.0,B02
201500006092,0,33,0,0.0,2.0,8.0,21.0,A01
201500006092,0,10,0,0.0,2.0,8.0,1.0,B02
201500006093,0,33,0,16.0,0.0,0.0,1.0,A01
201500006094,2,7,0,0.0,9.0,1.0,2.0,B02
201500006094,0,1,0,0.0,0.0,4.0,1.0,A01
201500006095,0,7,0,0.0,2.0,3.0,2.0,A01
201500006095,0,33,0,0.0,2.0,1.0,17.0,B02
201500006096,0,10,0,1.0,0.0,3.0,19.0,A01
201500006096,0,7,0,0.0,2.0,1.0,24.0,D02
201500006097,0,7,0,6.0,0.0,1.0,1.0,A01
201500006098,0,31,0,0.0,2.0,1.0,1.0,A01
201500006098,0,10,0,0.0,0.0,2.0,1.0,B02
201500006099,0,7,0,0.0,2.0,1.0,5.0,A01
201500006099,0,7,0,0.0,2.0,1.0,1.0,B02
201500006100,0,7,0,0.0,1.0,1.0,1.0,A01
201500006101,0,7,0,13.0,0.0,1.0,1.0,A01
201500006102,0,7,0,0.0,1.0,1.0,1.0,A01
201500006103,0,7,0,0.0,2.0,3.0,15.0,A01
201500006103,0,33,0,0.0,2.0,7.0,1.0,B02
201500006104,0,7,0,2.0,0.0,3.0,0.0,A01
201500006105,0,7,0,0.0,1.0,2.0,1.0,A01
201500006106,0,7,0,0.0,2.0,3.0,0.0,A01
201500006106,0,7,0,0.0,2.0,2.0,1.0,B02
201500006107,0,33,0,0.0,0.0,7.0,1.0,A01
201500006108,0,1,0,0.0,1.0,1.0,1.0,A01
201500006109,0,7,0,0.0,2.0,1.0,1.0,A01
201500006109,0,1,0,0.0,2.0,3.0,15.0,B02
201500006110,0,30,0,0.0,0.0,7.0,1.0,A01
201500006111,0,7,0,6.0,0.0,1.0,14.0,A01
201500006112,0,7,0,0.0,2.0,0.0,1.0,A01
201500006113,0,2,0,0.0,2.0,1.0,1.0,A01
201500006113,0,7,0,0.0,2.0,6.0,1.0,B02
201500006114,0,7,0,0.0,2.0,3.0,13.0,A01
201500006114,0,32,0,0.0,2.0,1.0,13.0,B02
201500006115,0,7,0,2.0,0.0,9.0,2.0,A01
201500006116,0,32,0,0.0,2.0,2.0,19.0,A01
201500006116,0,7,0,0.0,2.0,1.0,1.0,B02
201500006117,0,7,0,2.0,0.0,1.0,1.0,A01
201500006118,0,10,0,0.0,1.0,1.0,1.0,A01
201500006119,0,33,0,0.0,2.0,1.0,1.0,A01
201500006119,0,7,0,0.0,0.0,3.0,15.0,B02
201500006120,0,7,0,2.0,0.0,9.0,1.0,A01
201500006121,0,32,0,0.0,2.0,1.0,17.0,A01
201500006121,0,7,0,0.0,2.0,3.0,15.0,B02
201500006122,0,7,0,0.0,1.0,7.0,1.0,A01
201500006123,0,7,0,0.0,2.0,2.0,15.0,A01
201500006123,0,30,0,0.0,2.0,7.0,13.0,B02
201500006124,0,7,0,0.0,2.0,0.0,17.0,B02
201500006124,0,7,0,0.0,2.0,0.0,13.0,A01
201500006125,0,7,0,0.0,0.0,0.0,2.0,A01
201500006126,0,7,0,0.0,2.0,3.0,9.0,A01
201500006126,0,1,0,0.0,2.0,2.0,21.0,B02
201500006127,0,7,0,0.0,2.0,8.0,15.0,B02
201500006127,0,2,0,0.0,2.0,1.0,1.0,A01
201500006128,0,7,0,0.0,1.0,2.0,1.0,A01
201500006129,0,33,0,0.0,2.0,1.0,2.0,A01
201500006130,0,1,0,0.0,2.0,8.0,15.0,B02
201500006130,0,7,0,0.0,2.0,3.0,1.0,A01
201500006131,0,1,0,0.0,0.0,7.0,1.0,A01
201500006131,0,7,0,0.0,0.0,8.0,22.0,B02
201500006132,0,7,0,0.0,2.0,5.0,1.0,A01
201500006132,0,7,0,0.0,2.0,3.0,13.0,B02
201500006133,0,1,0,0.0,1.0,1.0,13.0,A01
201500006134,0,7,0,0.0,2.0,2.0,1.0,A01
201500006134,0,30,0,0.0,2.0,1.0,15.0,B02
201500006135,0,7,0,0.0,2.0,1.0,20.0,A01
201500006135,0,1,0,0.0,0.0,8.0,1.0,B02
201500006136,0,7,0,0.0,1.0,7.0,17.0,A01
201500006137,0,30,0,0.0,2.0,1.0,1.0,B02
201500006137,0,7,0,0.0,2.0,7.0,15.0,A01
201500006138,0,1,0,0.0,2.0,8.0,19.0,B02
201500006138,0,7,0,0.0,9.0,1.0,1.0,A01
201500006139,0,7,0,2.0,0.0,7.0,1.0,A01
201500006140,0,7,0,0.0,1.0,2.0,1.0,A01
201500006141,0,2,0,0.0,2.0,2.0,2.0,A01
201500006141,0,10,0,0.0,2.0,3.0,2.0,B02
201500006142,0,21,0,0.0,2.0,6.0,1.0,B02
201500006142,0,31,0,0.0,2.0,3.0,13.0,A01
201500006143,0,7,0,0.0,2.0,1.0,13.0,B02
201500006143,0,7,0,0.0,2.0,3.0,1.0,A01
201500006144,0,7,0,13.0,0.0,1.0,13.0,A01
201500006145,0,10,0,0.0,1.0,2.0,1.0,A01
201500006146,0,15,0,0.0,2.0,3.0,1.0,B02
201500006146,0,7,0,0.0,2.0,3.0,1.0,A01
201500006147,0,7,0,0.0,2.0,1.0,13.0,A01
201500006147,0,7,0,0.0,2.0,6.0,1.0,B02
201500006148,0,7,0,13.0,0.0,0.0,13.0,A01
201500006149,0,7,0,0.0,0.0,5.0,15.0,A01
201500006149,0,33,0,0.0,0.0,2.0,21.0,B02
201500006150,0,7,0,0.0,0.0,3.0,1.0,A01
201500006150,0,7,0,0.0,2.0,3.0,1.0,B02
201500006151,0,99,0,16.0,0.0,9.0,15.0,A01
201500006152,0,7,0,13.0,0.0,9.0,1.0,B02
201500006152,0,7,0,0.0,2.0,1.0,19.0,A01
201500006153,0,7,0,0.0,2.0,3.0,0.0,A01
201500006153,0,7,0,0.0,2.0,6.0,0.0,B02
201500006154,0,7,0,0.0,2.0,4.0,23.0,B02
201500006154,0,7,0,0.0,0.0,1.0,2.0,A01
201500006155,0,7,0,0.0,2.0,8.0,13.0,A01
201500006155,0,7,0,0.0,2.0,3.0,1.0,B02
201500006156,0,7,0,0.0,1.0,3.0,19.0,A01
201500006157,0,33,0,0.0,2.0,5.0,1.0,A01
201500006157,0,7,0,0.0,2.0,2.0,1.0,B02
201500006158,0,10,0,0.0,1.0,2.0,0.0,A01
201500006159,0,2,0,0.0,2.0,1.0,1.0,B02
201500006159,0,7,0,0.0,2.0,2.0,15.0,A01
201500006160,0,7,0,2.0,0.0,1.0,2.0,A01
201500006161,0,7,0,0.0,0.0,6.0,17.0,A01
201500006161,0,33,0,2.0,2.0,2.0,17.0,B02
201500006162,0,7,0,2.0,0.0,1.0,16.0,A01
201500006163,0,34,0,0.0,0.0,0.0,2.0,A01
201500006164,0,7,0,1.0,1.0,1.0,21.0,B01
201500006165,0,7,0,0.0,2.0,3.0,1.0,B02
201500006165,0,33,0,0.0,2.0,1.0,17.0,A01
201500006166,0,7,0,1.0,2.0,7.0,1.0,A01
201500006167,0,33,0,9.0,0.0,2.0,1.0,A01
201500006168,0,7,0,0.0,2.0,3.0,15.0,B02
201500006168,0,33,0,0.0,2.0,8.0,1.0,A01
201500006169,0,7,0,0.0,2.0,3.0,1.0,A01
201500006169,0,2,0,0.0,2.0,1.0,13.0,B02
201500006170,0,7,0,2.0,0.0,2.0,1.0,A01
201500006171,0,7,0,0.0,2.0,1.0,1.0,A01
201500006171,0,7,0,0.0,2.0,1.0,1.0,B02
201500006172,0,7,0,0.0,2.0,7.0,17.0,A01
201500006172,0,2,0,0.0,2.0,8.0,15.0,B02
201500006173,0,31,0,0.0,6.0,1.0,1.0,A01
201500006174,0,30,0,0.0,0.0,7.0,1.0,A01
201500006175,0,7,0,8.0,0.0,1.0,1.0,A01
201500006176,0,30,0,0.0,6.0,1.0,1.0,A01
201500006177,0,7,0,0.0,2.0,3.0,1.0,A01
201500006177,0,33,0,0.0,2.0,3.0,1.0,B02
201500006178,0,33,0,0.0,0.0,3.0,16.0,B02
201500006178,0,33,0,0.0,0.0,3.0,15.0,A01
201500006179,0,7,0,0.0,0.0,1.0,1.0,A01
201500006179,0,1,0,0.0,0.0,8.0,21.0,B02
201500006180,0,33,0,0.0,2.0,7.0,1.0,A01
201500006180,0,7,0,0.0,2.0,8.0,9.0,B02
201500006181,0,33,0,2.0,0.0,1.0,1.0,A01
201500006182,0,21,0,0.0,2.0,3.0,1.0,B02
201500006182,0,21,0,0.0,2.0,1.0,1.0,A01
201500006183,0,7,0,16.0,0.0,0.0,1.0,A01
201500006184,0,31,0,9.0,0.0,0.0,15.0,A01
201500006185,0,21,0,0.0,0.0,6.0,0.0,A01
201500006186,0,7,0,0.0,0.0,4.0,17.0,A01
201500006186,0,7,0,0.0,0.0,1.0,15.0,B02
201500006187,0,7,0,2.0,0.0,1.0,1.0,A01
201500006188,0,7,0,2.0,0.0,1.0,0.0,A01
201500006189,0,7,0,0.0,0.0,5.0,13.0,A01
201500006189,0,30,0,0.0,0.0,1.0,1.0,B02
201500006190,0,7,0,2.0,0.0,1.0,13.0,A01
201500006191,0,7,0,7.0,2.0,8.0,19.0,A01
201500006191,0,7,0,0.0,2.0,1.0,1.0,B02
201500006192,0,7,0,2.0,0.0,1.0,1.0,A01
201500006193,0,7,0,0.0,2.0,2.0,1.0,B02
201500006193,0,31,0,0.0,2.0,1.0,13.0,A01
201500006194,0,7,0,0.0,2.0,3.0,1.0,B02
201500006194,0,7,0,0.0,2.0,3.0,13.0,A01
201500006195,0,1,0,0.0,2.0,1.0,1.0,A01
201500006195,0,10,0,0.0,2.0,1.0,19.0,B02
201500006196,0,33,0,0.0,2.0,1.0,0.0,A01
201500006196,0,7,0,0.0,2.0,3.0,15.0,B02
201500006197,0,7,0,0.0,2.0,3.0,13.0,A01
201500006197,0,7,0,0.0,2.0,3.0,1.0,B02
201500006198,0,7,0,0.0,2.0,1.0,15.0,A01
201500006198,0,2,0,0.0,2.0,9.0,1.0,B02
201500006199,0,7,0,2.0,0.0,1.0,1.0,A01
201500006200,0,7,0,0.0,1.0,1.0,1.0,A01
201500006201,0,7,0,0.0,1.0,8.0,1.0,A01
201500006202,0,7,0,0.0,1.0,1.0,1.0,A01
201500006203,0,7,0,8.0,0.0,6.0,1.0,A01
201500006204,0,30,0,0.0,2.0,1.0,1.0,B02
201500006204,0,7,0,0.0,2.0,3.0,1.0,A01
201500006205,0,7,0,0.0,2.0,1.0,5.0,A01
201500006205,0,7,0,0.0,2.0,1.0,1.0,B02
201500006206,0,21,0,0.0,2.0,4.0,1.0,A01
201500006206,0,7,0,0.0,2.0,1.0,1.0,B02
201500006207,0,7,0,0.0,1.0,1.0,19.0,A01
201500006208,0,7,0,0.0,2.0,1.0,13.0,A01
201500006208,0,7,0,16.0,2.0,3.0,1.0,B02
201500006208,0,7,0,0.0,9.0,1.0,1.0,C03
201500006209,0,7,0,2.0,0.0,7.0,14.0,A01
201500006210,0,7,0,2.0,0.0,7.0,0.0,A01
201500006211,0,7,0,1.0,1.0,1.0,1.0,A01
201500006212,0,33,0,12.0,0.0,2.0,1.0,A01
201500006213,0,7,0,0.0,1.0,2.0,1.0,A01
201500006214,0,7,0,0.0,1.0,1.0,20.0,A01
201500006215,0,14,0,0.0,2.0,1.0,1.0,A01
201500006215,0,7,0,0.0,2.0,1.0,5.0,B02
201500006216,0,7,0,0.0,2.0,2.0,1.0,B02
201500006216,0,7,0,0.0,2.0,3.0,1.0,A01
201500006217,0,10,0,0.0,0.0,1.0,0.0,A01
201500006217,0,10,0,0.0,0.0,1.0,0.0,B02
201500006218,0,7,0,0.0,2.0,2.0,15.0,A01
201500006218,0,7,0,0.0,2.0,1.0,1.0,B02
201500006219,0,31,0,0.0,0.0,2.0,0.0,B02
201500006219,0,7,0,0.0,2.0,3.0,9.0,A01
201500006220,0,10,0,0.0,2.0,2.0,1.0,A01
201500006221,0,7,0,0.0,2.0,1.0,0.0,B02
201500006221,0,7,0,0.0,2.0,7.0,13.0,A01
201500006222,0,7,0,0.0,1.0,3.0,2.0,A01
201500006223,0,7,0,0.0,2.0,3.0,13.0,A01
201500006223,0,15,0,0.0,2.0,2.0,1.0,B02
201500006224,0,7,0,0.0,1.0,1.0,1.0,A01
201500006225,0,10,0,0.0,2.0,1.0,1.0,B02
201500006225,0,10,0,0.0,2.0,1.0,13.0,A01
201500006226,0,31,0,0.0,0.0,1.0,1.0,A01
201500006226,0,1,0,0.0,0.0,4.0,15.0,B02
201500006227,0,7,0,13.0,0.0,1.0,13.0,A01
201500006228,0,7,0,2.0,0.0,5.0,13.0,A01
201500006229,0,10,0,0.0,2.0,2.0,17.0,B02
201500006229,0,10,0,0.0,2.0,1.0,1.0,A01
201500006230,0,7,0,0.0,2.0,3.0,13.0,A01
201500006230,0,7,0,0.0,2.0,3.0,1.0,B02
201500006231,0,7,0,0.0,1.0,5.0,20.0,A01
201500006232,0,7,0,0.0,0.0,2.0,15.0,A01
201500006232,0,7,0,0.0,0.0,3.0,1.0,B02
201500006233,0,7,0,0.0,2.0,2.0,1.0,B02
201500006233,0,30,0,0.0,2.0,2.0,15.0,A01
201500006234,0,33,0,0.0,2.0,1.0,1.0,A01
201500006234,0,7,0,0.0,2.0,8.0,19.0,B02
201500006235,0,7,0,2.0,0.0,3.0,14.0,A01
201500006236,0,33,0,0.0,2.0,0.0,0.0,A01
201500006236,0,7,0,0.0,2.0,2.0,1.0,B02
201500006237,0,7,0,0.0,2.0,2.0,19.0,A01
201500006237,0,7,0,0.0,2.0,1.0,1.0,B02
201500006238,0,7,0,0.0,0.0,9.0,1.0,A01
201500006239,0,10,0,15.0,2.0,1.0,9.0,B02
201500006239,0,1,0,0.0,2.0,1.0,15.0,A01
201500006240,0,7,0,0.0,0.0,9.0,21.0,A01
201500006241,0,1,0,0.0,0.0,0.0,0.0,A01
201500006242,0,7,0,2.0,0.0,1.0,14.0,A01
201500006243,0,7,0,0.0,1.0,1.0,1.0,A01
201500006244,0,33,0,0.0,2.0,9.0,1.0,B02
201500006244,0,7,0,0.0,2.0,2.0,15.0,A01
201500006245,0,31,0,0.0,2.0,1.0,1.0,A01
201500006245,0,7,0,0.0,2.0,1.0,17.0,B02
201500006246,0,33,0,0.0,2.0,1.0,21.0,B02
201500006246,0,7,0,0.0,2.0,2.0,15.0,A01
201500006247,0,7,0,0.0,2.0,1.0,1.0,B02
201500006247,0,7,0,0.0,2.0,8.0,19.0,A01
201500006248,0,7,0,0.0,0.0,4.0,15.0,B02
201500006248,0,7,0,0.0,2.0,1.0,2.0,A01
201500006249,0,7,0,0.0,2.0,1.0,21.0,B02
201500006249,0,7,0,0.0,2.0,2.0,15.0,A01
201500006250,0,7,0,0.0,0.0,2.0,19.0,A01
201500006250,0,31,0,0.0,0.0,5.0,21.0,B02
201500006251,0,7,0,2.0,0.0,2.0,1.0,A01
201500006252,0,33,0,0.0,2.0,7.0,2.0,A01
201500006252,0,7,0,0.0,2.0,1.0,15.0,B02
201500006253,0,7,0,0.0,2.0,1.0,1.0,B02
201500006253,0,7,0,0.0,2.0,3.0,19.0,A01
201500006254,0,7,0,0.0,2.0,7.0,19.0,A01
201500006254,0,33,0,0.0,2.0,1.0,1.0,B02
201500006255,0,7,0,2.0,0.0,1.0,5.0,A01
201500006256,0,2,0,0.0,2.0,1.0,11.0,A01
201500006256,0,7,0,0.0,2.0,3.0,1.0,B02
201500006257,0,33,0,0.0,0.0,0.0,17.0,A01
201500006258,0,7,0,0.0,2.0,2.0,17.0,A01
201500006258,0,1,0,0.0,2.0,6.0,1.0,B02
201500006259,0,7,0,0.0,0.0,1.0,1.0,A01
201500006260,0,7,0,0.0,0.0,6.0,1.0,A01
201500006260,0,7,0,0.0,0.0,2.0,1.0,B02
201500006261,0,7,0,2.0,0.0,7.0,1.0,A01
201500006262,0,7,0,0.0,2.0,1.0,1.0,A01
201500006262,0,7,0,0.0,2.0,1.0,1.0,B02
201500006263,0,1,0,0.0,2.0,5.0,1.0,B02
201500006263,0,7,0,0.0,2.0,1.0,19.0,A01
201500006264,0,1,0,0.0,2.0,7.0,1.0,B02
201500006264,0,7,0,0.0,2.0,1.0,9.0,A01
201500006265,0,7,0,0.0,2.0,8.0,10.0,A01
201500006265,0,7,0,0.0,2.0,2.0,1.0,B02
201500006266,0,7,0,0.0,2.0,1.0,1.0,B01
201500006266,0,7,0,0.0,2.0,1.0,19.0,A01
201500006267,0,7,0,0.0,2.0,2.0,9.0,A01
201500006267,0,2,0,0.0,2.0,7.0,1.0,B02
201500006268,0,7,0,0.0,2.0,8.0,16.0,A01
201500006268,0,7,0,0.0,2.0,1.0,1.0,B02
201500006269,0,7,0,2.0,0.0,3.0,1.0,A01
201500006270,0,10,0,0.0,1.0,2.0,1.0,A01
201500006271,0,7,0,2.0,0.0,3.0,1.0,A01
201500006272,0,7,0,2.0,0.0,3.0,19.0,A01
201500006273,0,1,0,0.0,2.0,1.0,1.0,B02
201500006273,0,7,0,0.0,2.0,3.0,1.0,A01
201500006274,0,3,0,0.0,2.0,7.0,13.0,A01
201500006274,0,7,0,0.0,2.0,1.0,1.0,B02
201500006275,0,7,0,0.0,2.0,2.0,10.0,A01
201500006275,0,33,0,0.0,2.0,1.0,17.0,B02
201500006276,0,7,0,0.0,0.0,6.0,1.0,A01
201500006276,0,7,0,0.0,2.0,1.0,21.0,B02
201500006276,0,7,0,0.0,2.0,1.0,1.0,C03
201500006277,0,32,0,0.0,2.0,8.0,13.0,A01
201500006277,0,7,0,0.0,2.0,3.0,1.0,B02
201500006278,0,7,0,0.0,0.0,0.0,15.0,A01
201500006278,0,1,0,0.0,1.0,4.0,1.0,B01
201500006279,0,7,0,0.0,2.0,1.0,1.0,A01
201500006279,0,7,0,0.0,2.0,7.0,15.0,B02
201500006280,0,7,0,0.0,1.0,7.0,21.0,A01
201500006281,0,15,0,0.0,2.0,3.0,1.0,A01
201500006281,0,7,0,0.0,2.0,1.0,13.0,B02
201500006282,0,7,0,2.0,0.0,1.0,13.0,A01
201500006283,0,10,0,0.0,2.0,1.0,1.0,A01
201500006283,0,7,0,0.0,2.0,8.0,15.0,B02
201500006284,0,7,0,0.0,2.0,8.0,15.0,A01
201500006284,0,2,0,0.0,2.0,1.0,17.0,B02
201500006285,0,33,0,0.0,2.0,7.0,13.0,A01
201500006285,0,10,0,0.0,2.0,3.0,1.0,B02
201500006286,0,33,0,0.0,0.0,8.0,23.0,A01
201500006287,0,33,0,0.0,2.0,1.0,13.0,A01
201500006287,0,7,0,0.0,2.0,1.0,1.0,B02
201500006288,0,33,0,0.0,2.0,3.0,17.0,A01