Num_Acc,senc,catv,occutc,obs,obsm,choc,manv,num_veh
201500006589,0,17,0,0.0,2.0,3.0,2.0,B02
201500006590,0,7,0,0.0,2.0,3.0,1.0,A01
201500006590,0,7,0,0.0,2.0,3.0,1.0,B02
201500006590,0,7,0,0.0,9.0,1.0,1.0,C03
201500006591,0,21,0,0.0,2.0,3.0,15.0,A01
201500006591,0,7,0,0.0,2.0,5.0,1.0,B02
201500006592,0,17,0,0.0,0.0,0.0,1.0,A01
201500006592,0,10,0,0.0,2.0,1.0,2.0,C03
201500006593,0,10,0,0.0,2.0,1.0,11.0,A01
201500006593,0,33,0,0.0,2.0,1.0,1.0,B02
201500006594,0,36,0,0.0,0.0,9.0,1.0,A01
201500006595,0,7,0,0.0,2.0,3.0,5.0,A01
201500006595,0,7,0,0.0,2.0,3.0,1.0,B02
201500006596,0,36,0,2.0,0.0,1.0,1.0,A01
201500006597,0,33,0,0.0,0.0,0.0,1.0,A01
201500006598,0,10,0,0.0,2.0,3.0,13.0,A01
201500006598,0,17,0,0.0,2.0,3.0,1.0,B02
201500006599,0,7,0,0.0,2.0,1.0,13.0,A01
201500006599,0,7,0,0.0,2.0,1.0,1.0,B02
201500006600,0,7,0,2.0,0.0,1.0,1.0,A01
201500006601,0,33,0,0.0,2.0,7.0,21.0,A01
201500006601,0,7,0,0.0,2.0,8.0,23.0,B02
201500006602,0,7,0,2.0,0.0,2.0,1.0,A01
201500006603,0,2,0,0.0,2.0,1.0,1.0,A01
201500006603,0,7,0,0.0,2.0,8.0,15.0,B02
201500006604,0,7,0,0.0,2.0,1.0,1.0,B02
201500006604,0,7,0,0.0,2.0,7.0,1.0,A01
201500006605,0,7,0,2.0,0.0,2.0,0.0,A01
201500006606,0,10,0,0.0,9.0,1.0,0.0,A01
201500006607,0,7,0,0.0,0.0,1.0,1.0,A01
201500006607,0,7,0,0.0,0.0,1.0,0.0,B02
201500006608,0,7,0,8.0,0.0,8.0,0.0,A01
201500006609,0,33,0,0.0,5.0,1.0,1.0,A01
201500006610,0,30,0,1.0,0.0,3.0,13.0,A01
201500006611,0,10,0,0.0,1.0,5.0,4.0,A01
201500006612,0,7,0,13.0,0.0,2.0,1.0,A01
201500006613,0,33,0,0.0,0.0,0.0,1.0,A01
201500006614,0,36,0,2.0,0.0,2.0,14.0,A01
201500006615,0,7,0,6.0,0.0,3.0,19.0,A01
201500006616,0,7,0,0.0,2.0,7.0,19.0,B02
201500006616,0,7,0,0.0,2.0,1.0,1.0,A01
201500006617,0,7,0,0.0,2.0,2.0,1.0,A01
201500006617,0,15,0,0.0,2.0,2.0,1.0,B02
201500006618,0,7,0,0.0,2.0,1.0,1.0,B02
201500006618,0,2,0,0.0,2.0,1.0,1.0,A01
201500006619,0,7,0,0.0,2.0,2.0,1.0,B02
201500006619,0,7,0,0.0,2.0,3.0,1.0,A01
201500006620,0,7,0,2.0,0.0,2.0,1.0,A01
201500006621,0,33,0,0.0,2.0,3.0,1.0,B02
201500006621,0,10,0,0.0,2.0,3.0,1.0,A01
201500006622,0,10,0,0.0,2.0,8.0,19.0,A01
201500006622,0,2,0,0.0,2.0,1.0,1.0,B02
201500006623,0,30,0,13.0,0.0,3.0,1.0,A01
201500006624,0,10,0,0.0,1.0,1.0,1.0,A01
201500006625,0,7,0,0.0,2.0,3.0,1.0,A01
201500006625,0,7,0,0.0,2.0,1.0,15.0,B02
201500006626,0,7,0,0.0,2.0,1.0,13.0,A01
201500006626,0,10,0,0.0,2.0,1.0,1.0,B02
201500006627,0,7,0,0.0,2.0,9.0,1.0,A01
201500006628,0,7,0,0.0,0.0,0.0,1.0,A01
201500006629,0,30,0,0.0,0.0,0.0,21.0,A01
201500006629,0,10,0,0.0,0.0,0.0,1.0,B02
201500006630,0,7,0,8.0,0.0,7.0,14.0,A01
201500006631,0,33,0,0.0,6.0,1.0,1.0,A01
201500006632,0,33,0,16.0,0.0,8.0,15.0,A01
201500006633,0,7,0,0.0,2.0,3.0,5.0,A01
201500006633,0,38,0,0.0,2.0,3.0,5.0,B02
201500006634,0,7,0,0.0,9.0,1.0,15.0,A01
201500006634,0,1,0,0.0,2.0,1.0,23.0,B02
201500006635,0,7,0,0.0,1.0,6.0,4.0,A01
201500006636,0,36,0,0.0,0.0,0.0,1.0,A01
201500006637,0,2,0,13.0,0.0,1.0,1.0,A01
201500006638,0,33,0,0.0,2.0,7.0,1.0,C03
201500006638,2,7,0,3.0,2.0,1.0,13.0,A01
201500006638,0,33,0,0.0,2.0,1.0,1.0,B02
201500006639,0,33,0,0.0,0.0,8.0,1.0,A01
201500006640,0,33,0,0.0,0.0,1.0,14.0,A01
201500006641,0,7,0,0.0,2.0,2.0,15.0,A01
201500006641,0,7,0,0.0,2.0,1.0,1.0,B02
201500006642,0,7,0,2.0,0.0,8.0,13.0,A01
201500006643,0,7,0,13.0,0.0,9.0,1.0,A01
201500006644,0,7,0,0.0,0.0,2.0,19.0,B02
201500006644,0,33,0,0.0,2.0,1.0,1.0,A01
201500006645,0,7,0,2.0,0.0,3.0,13.0,A01
201500006646,0,10,0,0.0,2.0,2.0,1.0,B02
201500006646,0,7,0,0.0,2.0,8.0,10.0,A01
201500006647,0,7,0,0.0,2.0,1.0,1.0,B02
201500006647,0,7,0,0.0,2.0,5.0,1.0,A01
201500006648,0,7,0,6.0,0.0,3.0,16.0,A01
201500006649,0,7,0,0.0,2.0,4.0,23.0,C03
201500006649,0,7,0,0.0,2.0,3.0,1.0,B02
201500006649,0,7,0,0.0,2.0,2.0,21.0,A01
201500006650,0,39,0,14.0,0.0,1.0,1.0,A01
201500006650,0,1,0,14.0,0.0,1.0,1.0,B02
201500006651,0,7,0,0.0,2.0,2.0,1.0,A01
201500006651,0,7,0,0.0,2.0,3.0,1.0,B02
201500006652,0,7,0,0.0,2.0,3.0,1.0,A01
201500006652,0,7,0,0.0,2.0,8.0,1.0,B02
201500006653,0,7,0,2.0,0.0,1.0,13.0,A01
201500006654,0,1,0,0.0,2.0,1.0,13.0,A01
201500006654,0,7,0,0.0,9.0,3.0,1.0,B02
201500006655,0,10,0,3.0,0.0,1.0,1.0,A01
201500006656,0,3,0,8.0,0.0,1.0,14.0,A01
201500006657,0,31,0,13.0,0.0,0.0,1.0,A01
201500006658,0,17,0,0.0,2.0,5.0,1.0,A01
201500006658,0,7,0,0.0,2.0,3.0,19.0,B02
201500006659,0,7,0,0.0,0.0,2.0,1.0,A01
201500006660,0,7,0,0.0,1.0,2.0,1.0,A01
201500006661,0,7,0,0.0,0.0,3.0,1.0,A01
201500006662,0,7,0,0.0,2.0,3.0,1.0,A01
201500006662,0,7,0,0.0,2.0,3.0,1.0,B02
201500006663,0,33,0,0.0,2.0,6.0,17.0,B02
201500006663,0,7,0,0.0,2.0,3.0,1.0,A01
201500006664,0,36,0,6.0,0.0,1.0,1.0,A01
201500006665,0,7,0,0.0,2.0,8.0,19.0,A01
201500006665,0,33,0,0.0,2.0,1.0,21.0,B02
201500006666,0,7,0,0.0,2.0,1.0,13.0,A01
201500006666,0,7,0,0.0,2.0,1.0,21.0,B02
201500006667,0,7,0,0.0,2.0,3.0,1.0,A01
201500006667,0,7,0,0.0,2.0,3.0,21.0,B02
201500006668,0,7,0,0.0,0.0,3.0,1.0,B02
201500006668,0,7,0,0.0,0.0,1.0,3.0,A01
201500006669,0,7,0,1.0,0.0,6.0,0.0,B02
201500006669,0,31,0,1.0,0.0,1.0,21.0,A01
201500006670,0,33,0,0.0,0.0,1.0,1.0,A01
201500006671,0,31,0,6.0,0.0,2.0,1.0,A01
201500006672,0,38,0,2.0,0.0,3.0,13.0,A01
201500006673,0,7,0,2.0,0.0,3.0,13.0,A01
201500006674,0,7,0,0.0,0.0,9.0,13.0,A01
201500006675,0,7,0,0.0,2.0,1.0,17.0,A01
201500006675,0,7,0,0.0,2.0,1.0,21.0,B02
201500006675,0,7,0,0.0,2.0,1.0,21.0,C03
201500006676,0,33,0,0.0,0.0,9.0,1.0,A01
201500006677,0,1,0,0.0,0.0,8.0,1.0,A01
201500006677,0,7,0,0.0,2.0,1.0,19.0,B02
201500006678,0,33,0,13.0,0.0,3.0,1.0,A01
201500006679,0,7,0,0.0,0.0,1.0,13.0,A01
201500006679,0,7,0,0.0,0.0,1.0,1.0,B02
201500006680,0,7,0,0.0,2.0,3.0,13.0,A01
201500006680,0,7,0,0.0,2.0,3.0,1.0,B02
201500006681,0,7,0,0.0,0.0,3.0,0.0,A01
201500006682,0,7,0,13.0,0.0,1.0,1.0,A01
201500006683,0,7,0,0.0,2.0,8.0,1.0,A01
201500006683,0,7,0,0.0,2.0,1.0,1.0,B02
201500006684,0,30,0,0.0,0.0,1.0,1.0,A01
201500006685,0,7,0,0.0,2.0,3.0,1.0,A01
201500006685,0,31,0,0.0,2.0,1.0,1.0,B02
201500006686,0,7,0,0.0,9.0,8.0,1.0,A01
201500006686,0,1,0,0.0,2.0,1.0,1.0,B02
201500006687,0,33,0,0.0,2.0,1.0,1.0,A01
201500006687,0,17,0,0.0,2.0,6.0,1.0,B02
201500006688,0,7,0,0.0,1.0,2.0,1.0,A01
201500006689,0,7,0,0.0,2.0,7.0,15.0,A01
201500006689,0,33,0,0.0,2.0,1.0,1.0,B02
201500006690,0,7,0,0.0,2.0,1.0,13.0,A01
201500006690,0,30,0,0.0,2.0,4.0,15.0,B02
201500006691,0,30,0,0.0,2.0,1.0,16.0,A01
201500006691,0,7,0,0.0,2.0,7.0,19.0,B02
201500006692,0,30,0,0.0,2.0,8.0,9.0,A01
201500006693,0,33,0,15.0,0.0,1.0,1.0,A01
201500006694,0,2,0,0.0,0.0,0.0,13.0,A01
201500006695,0,7,0,0.0,2.0,5.0,1.0,A01
201500006695,0,34,0,0.0,2.0,1.0,1.0,B02
201500006696,0,7,0,0.0,2.0,1.0,1.0,A01
201500006696,0,1,0,0.0,2.0,4.0,1.0,B02
201500006697,0,7,0,0.0,2.0,2.0,17.0,A01
201500006697,0,21,0,0.0,2.0,8.0,15.0,B02
201500006698,0,10,0,0.0,0.0,1.0,1.0,A01
201500006698,0,2,0,0.0,0.0,4.0,1.0,B02
201500006699,0,7,0,0.0,2.0,3.0,13.0,A01
201500006699,0,7,0,0.0,2.0,3.0,1.0,B02
201500006700,0,7,0,2.0,0.0,8.0,1.0,A01
201500006701,0,7,0,0.0,2.0,7.0,16.0,A01
201500006701,0,1,0,0.0,2.0,8.0,16.0,B02
201500006702,0,7,0,0.0,0.0,5.0,15.0,A01
201500006702,0,33,0,0.0,0.0,1.0,1.0,B02
201500006703,0,7,0,0.0,1.0,5.0,4.0,A01
201500006704,0,2,0,1.0,0.0,7.0,0.0,B02
201500006705,0,7,0,0.0,1.0,2.0,1.0,A01
201500006706,0,17,0,16.0,0.0,0.0,0.0,A01
201500006707,0,7,0,2.0,0.0,8.0,1.0,A01
201500006708,0,7,0,0.0,9.0,2.0,17.0,A01
201500006708,0,1,0,0.0,2.0,3.0,15.0,B02
201500006709,0,33,0,0.0,2.0,3.0,17.0,A01
201500006709,0,7,0,0.0,2.0,0.0,17.0,B02
201500006709,0,7,0,0.0,2.0,3.0,1.0,C03
201500006710,0,10,0,0.0,2.0,1.0,1.0,A01
201500006710,0,7,0,0.0,2.0,9.0,5.0,B02
201500006711,0,10,0,0.0,2.0,1.0,15.0,A01
201500006711,0,10,0,0.0,2.0,1.0,1.0,B02
201500006712,0,7,0,13.0,0.0,9.0,1.0,A01
201500006713,0,7,0,16.0,0.0,9.0,1.0,A01
201500006714,0,30,0,0.0,2.0,1.0,1.0,A01
201500006714,0,7,0,0.0,2.0,3.0,19.0,B02
201500006715,0,7,0,6.0,0.0,9.0,1.0,A01
201500006716,0,33,0,13.0,0.0,2.0,14.0,A01
201500006717,0,7,0,0.0,2.0,1.0,5.0,A01
201500006717,0,7,0,0.0,2.0,1.0,1.0,B02
201500006718,0,7,0,0.0,2.0,7.0,1.0,A01
201500006718,0,7,0,0.0,2.0,1.0,0.0,B02
201500006719,0,2,0,0.0,2.0,8.0,1.0,A01
201500006719,0,15,0,0.0,2.0,6.0,1.0,B02
201500006720,0,7,0,0.0,2.0,1.0,19.0,A01
201500006720,0,7,0,0.0,0.0,1.0,1.0,B02
201500006721,0,7,0,13.0,0.0,0.0,1.0,A01
201500006722,0,7,0,0.0,2.0,1.0,5.0,A01
201500006722,0,21,0,0.0,2.0,1.0,1.0,B02
201500006723,0,10,0,0.0,2.0,3.0,13.0,A01
201500006723,0,14,0,0.0,2.0,3.0,0.0,B02
201500006724,0,38,0,13.0,0.0,8.0,13.0,A01
201500006725,0,2,0,0.0,0.0,0.0,6.0,A01
201500006726,0,7,0,0.0,2.0,7.0,13.0,A01
201500006726,0,7,0,0.0,2.0,1.0,1.0,B02
201500006727,0,7,0,0.0,2.0,3.0,19.0,B02
201500006727,0,7,0,0.0,2.0,2.0,1.0,A01
201500006728,0,7,0,0.0,2.0,1.0,13.0,A01
201500006728,0,7,0,0.0,2.0,1.0,1.0,B02
201500006729,0,7,0,3.0,0.0,1.0,15.0,A01
201500006730,0,33,0,0.0,2.0,8.0,13.0,A01
201500006730,0,7,0,0.0,2.0,1.0,1.0,B02
201500006731,0,7,0,0.0,1.0,2.0,11.0,A01
201500006732,0,7,0,0.0,2.0,1.0,1.0,A01
201500006732,0,10,0,0.0,2.0,6.0,9.0,B02
201500006733,0,7,0,8.0,0.0,3.0,1.0,A01
201500006733,0,7,0,8.0,0.0,1.0,1.0,B02
201500006734,0,7,0,0.0,1.0,1.0,0.0,A01
201500006735,0,7,0,2.0,0.0,3.0,13.0,A01
201500006736,0,10,0,0.0,2.0,4.0,6.0,A01
201500006736,0,7,0,0.0,2.0,1.0,1.0,B02
201500006737,0,7,0,2.0,2.0,1.0,1.0,A01
201500006737,0,7,0,0.0,2.0,1.0,1.0,B02
201500006738,0,17,0,0.0,1.0,5.0,15.0,A01
201500006739,0,7,0,2.0,0.0,3.0,1.0,A01
201500006740,0,33,0,0.0,2.0,3.0,5.0,A01
201500006740,0,7,0,0.0,2.0,3.0,5.0,B02
201500006741,0,7,0,2.0,0.0,1.0,13.0,A01
201500006742,0,7,0,0.0,2.0,2.0,15.0,A01
201500006742,0,7,0,0.0,2.0,1.0,1.0,B02
201500006743,0,7,0,2.0,0.0,3.0,5.0,A01
201500006744,0,31,0,0.0,2.0,7.0,1.0,B02
201500006744,0,14,0,0.0,2.0,1.0,19.0,A01
201500006745,0,7,0,1.0,1.0,1.0,2.0,A01
201500006746,0,7,0,2.0,0.0,3.0,1.0,A01
201500006747,0,7,0,0.0,2.0,2.0,13.0,A01
201500006747,0,7,0,0.0,2.0,2.0,1.0,B02
201500006748,0,7,0,0.0,2.0,1.0,13.0,A01
201500006748,0,7,0,0.0,2.0,1.0,1.0,B02
201500006749,0,7,0,0.0,2.0,3.0,13.0,A01
201500006749,0,21,0,0.0,2.0,3.0,1.0,B02
201500006750,0,10,0,0.0,1.0,4.0,4.0,A01
201500006751,0,7,0,0.0,1.0,4.0,4.0,A01
201500006752,0,7,0,15.0,0.0,1.0,1.0,A01
201500006753,0,7,0,2.0,0.0,1.0,19.0,A01
201500006754,0,7,0,0.0,2.0,2.0,15.0,A01
201500006754,0,33,0,0.0,2.0,1.0,18.0,B02
201500006755,0,7,0,2.0,0.0,3.0,1.0,A01
201500006756,0,7,0,0.0,0.0,8.0,17.0,A01
201500006756,0,7,0,0.0,2.0,7.0,17.0,B02
201500006756,0,7,0,0.0,0.0,7.0,1.0,C03
201500006757,0,7,0,0.0,2.0,7.0,19.0,A01
201500006757,0,7,0,0.0,2.0,1.0,1.0,B02
201500006758,0,7,0,2.0,0.0,3.0,1.0,A01
201500006759,0,7,0,13.0,0.0,2.0,1.0,A01
201500006760,0,36,0,15.0,0.0,1.0,0.0,A01
201500006761,0,7,0,0.0,2.0,1.0,13.0,A01
201500006761,0,7,0,0.0,2.0,1.0,1.0,B02
201500006762,0,2,0,0.0,2.0,8.0,13.0,B02
201500006762,0,10,0,0.0,2.0,8.0,1.0,A01
201500006763,0,7,0,0.0,2.0,2.0,21.0,A01
201500006763,0,21,0,0.0,2.0,6.0,2.0,B02
201500006764,0,21,0,0.0,1.0,2.0,2.0,A01
201500006765,0,7,0,2.0,0.0,3.0,1.0,A01
201500006766,0,7,0,0.0,2.0,1.0,1.0,A01
201500006766,0,7,0,0.0,2.0,3.0,1.0,B02
201500006767,0,7,0,0.0,0.0,9.0,1.0,A01
201500006768,0,7,0,13.0,0.0,1.0,1.0,A01
201500006769,0,7,0,6.0,0.0,1.0,1.0,A01
201500006770,0,7,0,6.0,0.0,1.0,5.0,A01
201500006771,0,2,0,0.0,2.0,1.0,1.0,B02
201500006771,0,7,0,0.0,2.0,7.0,16.0,A01
201500006772,0,31,0,3.0,0.0,1.0,1.0,A01
201500006773,0,7,0,1.0,0.0,2.0,20.0,B02
201500006773,0,7,0,0.0,1.0,3.0,1.0,A01
201500006774,0,7,0,0.0,1.0,3.0,1.0,A01
201500006775,0,7,0,0.0,1.0,2.0,15.0,A01
201500006776,0,7,0,2.0,0.0,7.0,1.0,A01
201500006777,0,7,0,8.0,0.0,2.0,1.0,A01
201500006778,0,7,0,16.0,0.0,1.0,1.0,A01
201500006779,0,7,0,0.0,2.0,2.0,15.0,A01
201500006779,0,33,0,0.0,2.0,1.0,1.0,B02
201500006780,0,7,0,0.0,1.0,7.0,1.0,A01
201500006781,0,7,0,0.0,0.0,3.0,19.0,A01
201500006781,0,33,0,0.0,0.0,1.0,17.0,B02
201500006782,1,7,0,0.0,1.0,3.0,1.0,A01
201500006783,0,7,0,0.0,2.0,1.0,1.0,A01
201500006783,0,7,0,0.0,2.0,2.0,1.0,B02
201500006784,0,1,0,0.0,2.0,1.0,13.0,A01
201500006785,0,33,0,13.0,0.0,8.0,1.0,A01
201500006786,0,33,0,2.0,0.0,2.0,1.0,A01
201500006787,0,31,0,1.0,0.0,1.0,1.0,A01
201500006788,0,7,0,0.0,2.0,1.0,1.0,B02
201500006788,0,33,0,0.0,2.0,1.0,13.0,A01
201500006789,0,33,0,3.0,0.0,3.0,1.0,A01
201500006790,0,7,0,13.0,0.0,3.0,1.0,A01
201500006791,0,33,0,0.0,2.0,8.0,1.0,A01
201500006791,0,7,0,0.0,2.0,1.0,19.0,B02
201500006792,0,7,0,0.0,2.0,1.0,2.0,B02
201500006792,0,7,0,0.0,0.0,1.0,6.0,A01
201500006793,0,7,0,13.0,0.0,1.0,1.0,A01
201500006794,0,7,0,2.0,0.0,2.0,1.0,A01
201500006795,0,7,0,0.0,0.0,0.0,0.0,A01
201500006795,0,30,0,0.0,2.0,0.0,21.0,B02
201500006796,0,7,0,6.0,0.0,4.0,4.0,A01
201500006797,0,7,0,0.0,1.0,1.0,23.0,A01
201500006798,0,10,0,0.0,0.0,8.0,1.0,A01
201500006799,0,7,0,0.0,1.0,1.0,2.0,A01
201500006800,0,30,0,1.0,0.0,1.0,1.0,A01
201500006801,0,36,0,2.0,0.0,1.0,1.0,A01
201500006802,0,7,0,15.0,0.0,1.0,1.0,A01
201500006803,0,7,0,0.0,1.0,1.0,19.0,A01
201500006804,0,7,0,0.0,0.0,3.0,15.0,B02
201500006804,0,33,0,0.0,2.0,1.0,17.0,A01
201500006805,0,7,0,0.0,1.0,8.0,1.0,A01
201500006806,0,36,0,13.0,0.0,9.0,1.0,A01
201500006807,0,7,0,0.0,2.0,2.0,15.0,A01
201500006807,0,1,0,0.0,2.0,1.0,1.0,B02
201500006808,0,30,0,0.0,2.0,3.0,15.0,A01
201500006808,0,31,0,0.0,2.0,1.0,1.0,B02
201500006809,0,7,0,8.0,0.0,1.0,1.0,A01
201500006810,0,7,0,2.0,0.0,1.0,1.0,A01
201500006811,0,3,0,2.0,0.0,9.0,15.0,A01
201500006812,0,7,0,0.0,0.0,6.0,15.0,A01
201500006812,0,7,0,0.0,2.0,3.0,1.0,B02
201500006813,0,7,0,6.0,0.0,1.0,1.0,A01
201500006814,0,7,0,13.0,0.0,3.0,1.0,A01
201500006815,0,33,0,15.0,0.0,9.0,1.0,A01
201500006816,0,7,0,13.0,0.0,7.0,1.0,A01
201500006817,0,7,0,0.0,2.0,5.0,19.0,A01
201500006817,0,7,0,0.0,0.0,1.0,1.0,B02
201500006818,0,7,0,0.0,2.0,1.0,1.0,A01
201500006818,0,7,0,0.0,2.0,8.0,19.0,B02
201500006819,0,7,0,0.0,2.0,3.0,1.0,A01
201500006819,0,7,0,0.0,2.0,3.0,1.0,B02
201500006820,0,7,0,0.0,2.0,1.0,1.0,B02
201500006820,0,7,0,0.0,2.0,5.0,1.0,A01
201500006821,0,31,0,2.0,0.0,1.0,6.0,A01
201500006822,0,7,0,0.0,0.0,1.0,1.0,A01
201500006823,0,7,0,0.0,0.0,6.0,15.0,A01
201500006823,0,33,0,0.0,2.0,1.0,17.0,B02
201500006824,0,7,0,0.0,2.0,2.0,19.0,A01
201500006824,0,2,0,0.0,2.0,1.0,1.0,B02
201500006825,0,7,0,14.0,0.0,1.0,1.0,A01
201500006825,0,7,0,14.0,0.0,1.0,23.0,B02
201500006825,0,7,0,0.0,2.0,4.0,23.0,C03
201500006826,0,1,0,0.0,2.0,1.0,19.0,A01
201500006826,0,7,0,0.0,9.0,1.0,1.0,B02
201500006826,0,7,0,0.0,2.0,1.0,1.0,C03
201500006827,0,7,0,0.0,9.0,7.0,2.0,A01
201500006827,0,1,0,0.0,2.0,8.0,13.0,B02
201500006828,0,7,0,0.0,0.0,4.0,0.0,A01
201500006828,0,1,0,1.0,0.0,1.0,2.0,B02
201500006829,0,10,0,0.0,0.0,3.0,1.0,A01
201500006829,0,10,0,0.0,0.0,2.0,11.0,B02
201500006830,0,10,0,0.0,0.0,4.0,23.0,A01
201500006830,0,13,0,1.0,0.0,1.0,14.0,B02
201500006831,0,14,0,0.0,2.0,1.0,1.0,A01
201500006831,0,7,0,0.0,0.0,4.0,1.0,B02
201500006831,0,7,0,0.0,0.0,4.0,0.0,C03
201500006831,0,7,0,0.0,0.0,0.0,0.0,D04
201500006832,0,7,0,0.0,2.0,1.0,19.0,A01
201500006832,0,7,0,0.0,2.0,5.0,1.0,B02
201500006833,0,7,0,0.0,0.0,4.0,23.0,A01
201500006833,0,10,0,0.0,2.0,1.0,0.0,B02
201500006834,0,7,0,0.0,1.0,4.0,4.0,A01
201500006835,0,7,0,0.0,2.0,8.0,19.0,A01
201500006835,0,33,0,0.0,2.0,1.0,1.0,B02
201500006836,0,14,0,0.0,2.0,1.0,1.0,A01
201500006836,0,2,0,0.0,0.0,8.0,19.0,B02
201500006837,0,7,0,6.0,0.0,1.0,16.0,A01
201500006838,0,7,0,0.0,2.0,1.0,1.0,A01
201500006838,0,7,0,0.0,0.0,8.0,19.0,B02
201500006839,0,7,0,1.0,0.0,3.0,13.0,A01
201500006840,0,7,0,0.0,2.0,2.0,2.0,A01
201500006840,0,2,0,0.0,0.0,4.0,2.0,B02
201500006841,0,7,0,0.0,2.0,3.0,1.0,A01
201500006841,0,7,0,0.0,0.0,6.0,19.0,B02
201500006842,0,7,0,2.0,0.0,1.0,6.0,A01
201500006843,0,3,0,1.0,0.0,1.0,14.0,A01
201500006844,0,7,0,2.0,0.0,1.0,1.0,A01
201500006845,0,7,0,0.0,2.0,3.0,15.0,A01
201500006845,0,7,0,0.0,2.0,2.0,1.0,B02
201500006846,0,1,0,0.0,0.0,0.0,1.0,A01
201500006847,0,10,0,2.0,0.0,1.0,1.0,A01
201500006848,0,30,0,0.0,0.0,2.0,19.0,A01
201500006848,0,7,0,0.0,0.0,3.0,1.0,B02
201500006849,0,7,0,6.0,0.0,2.0,1.0,A01
201500006850,0,33,0,0.0,0.0,0.0,2.0,A01
201500006851,0,7,0,16.0,0.0,3.0,1.0,A01
201500006852,0,7,0,0.0,1.0,1.0,15.0,A01
201500006853,0,7,0,0.0,0.0,3.0,15.0,A01
201500006853,0,31,0,0.0,2.0,1.0,17.0,B02
201500006854,0,7,0,0.0,1.0,1.0,1.0,A01
201500006855,0,33,0,12.0,0.0,7.0,1.0,A01
201500006856,0,7,0,0.0,9.0,2.0,15.0,B02
201500006856,0,1,0,0.0,2.0,1.0,1.0,A01
201500006857,0,7,0,8.0,0.0,1.0,1.0,A01
201500006858,0,7,0,13.0,0.0,2.0,1.0,A01
201500006859,0,33,0,0.0,0.0,7.0,16.0,A01
201500006860,0,7,0,16.0,0.0,2.0,15.0,A01
201500006861,0,7,0,13.0,0.0,2.0,15.0,A01
201500006862,0,7,0,0.0,2.0,3.0,20.0,A01
201500006862,0,2,0,0.0,2.0,2.0,1.0,B02
201500006863,0,7,0,0.0,0.0,1.0,0.0,A01
201500006863,0,7,0,0.0,2.0,8.0,1.0,B02
201500006864,0,7,0,6.0,0.0,1.0,13.0,A01
201500006865,0,7,0,0.0,0.0,8.0,19.0,A01
201500006865,0,7,0,0.0,2.0,1.0,1.0,B02
201500006866,0,33,0,13.0,0.0,1.0,1.0,A01
201500006867,0,7,0,0.0,0.0,0.0,1.0,A01
201500006868,0,7,0,0.0,2.0,1.0,1.0,A01
201500006868,0,1,0,0.0,2.0,7.0,1.0,B02
201500006869,0,2,0,0.0,2.0,1.0,13.0,A01
201500006869,0,7,0,0.0,2.0,2.0,1.0,B02
201500006870,0,33,0,0.0,2.0,1.0,13.0,A01
201500006870,0,7,0,0.0,2.0,3.0,1.0,B02
201500006871,0,10,0,0.0,2.0,8.0,15.0,A01
201500006871,0,33,0,0.0,2.0,2.0,1.0,B02
201500006872,0,33,0,3.0,0.0,1.0,1.0,A01
201500006873,0,1,0,0.0,2.0,1.0,1.0,A01
201500006873,0,7,0,0.0,2.0,6.0,16.0,B02
201500006874,0,14,0,1.0,1.0,1.0,14.0,A01
201500006875,0,7,0,0.0,2.0,3.0,13.0,A01
201500006875,0,17,0,0.0,2.0,3.0,21.0,B02
201500006876,0,33,0,0.0,2.0,7.0,15.0,A01
201500006876,0,7,0,0.0,2.0,6.0,15.0,B02
201500006877,0,33,0,0.0,2.0,1.0,17.0,A01
201500006877,0,7,0,0.0,2.0,6.0,15.0,B02
201500006878,0,36,0,13.0,0.0,0.0,1.0,A01
201500006879,0,7,0,0.0,0.0,4.0,15.0,A01
201500006879,0,7,0,0.0,2.0,1.0,1.0,B02
201500006880,0,7,0,13.0,0.0,1.0,1.0,A01
201500006881,0,7,0,0.0,0.0,2.0,1.0,A01
201500006882,0,7,0,0.0,0.0,7.0,19.0,A01
201500006882,0,7,0,0.0,2.0,1.0,1.0,B02
201500006883,0,7,0,6.0,0.0,2.0,14.0,A01
201500006884,0,7,0,6.0,0.0,1.0,1.0,A01
201500006885,0,7,0,0.0,2.0,1.0,16.0,A01
201500006885,0,30,0,0.0,2.0,8.0,1.0,B02
201500006886,0,10,0,0.0,2.0,8.0,1.0,A01
201500006886,0,1,0,0.0,2.0,1.0,13.0,B02
201500006887,0,7,0,6.0,0.0,2.0,14.0,A01
201500006888,0,10,0,0.0,2.0,3.0,13.0,A01
201500006888,0,7,0,0.0,2.0,3.0,17.0,B02
201500006889,0,30,0,0.0,2.0,1.0,2.0,A01
201500006889,0,7,0,0.0,2.0,4.0,2.0,B02
201500006890,0,7,0,0.0,0.0,8.0,16.0,A01
201500006890,0,7,0,0.0,0.0,2.0,1.0,B02
201500006891,0,7,0,0.0,1.0,3.0,1.0,A01
201500006892,0,7,0,0.0,2.0,2.0,15.0,A01
201500006892,0,7,0,0.0,2.0,5.0,1.0,B02
201500006892,0,10,0,0.0,2.0,2.0,1.0,C03
201500006893,0,1,0,0.0,0.0,0.0,0.0,A01
201500006894,0,7,0,0.0,2.0,1.0,1.0,A01