Num_Acc,senc,catv,occutc,obs,obsm,choc,manv,num_veh
201500006894,0,7,0,0.0,2.0,3.0,1.0,B02
201500006895,0,10,0,8.0,0.0,8.0,1.0,A01
201500006896,0,33,0,0.0,2.0,1.0,21.0,B02
201500006896,0,7,0,0.0,2.0,8.0,1.0,A01
201500006897,0,30,0,1.0,0.0,1.0,1.0,A01
201500006898,0,7,0,0.0,9.0,3.0,1.0,A01
201500006898,0,1,0,0.0,0.0,4.0,1.0,B02
201500006899,0,7,0,0.0,1.0,1.0,1.0,A01
201500006900,0,7,0,2.0,1.0,8.0,1.0,A01
201500006901,0,10,0,0.0,1.0,4.0,4.0,A01
201500006902,0,7,0,6.0,0.0,1.0,1.0,A01
201500006903,0,7,0,13.0,0.0,2.0,1.0,A01
201500006904,0,30,0,12.0,0.0,1.0,1.0,A01
201500006905,0,7,0,0.0,2.0,2.0,15.0,A01
201500006905,0,30,0,0.0,2.0,1.0,1.0,B02
201500006906,0,33,0,12.0,5.0,1.0,19.0,A01
201500006907,0,7,0,0.0,2.0,3.0,13.0,A01
201500006907,0,7,0,0.0,2.0,3.0,1.0,B02
201500006908,0,10,0,0.0,2.0,3.0,19.0,A01
201500006908,0,31,0,0.0,2.0,1.0,1.0,B02
201500006909,0,2,0,0.0,2.0,1.0,19.0,A01
201500006909,0,7,0,0.0,2.0,2.0,1.0,B02
201500006910,0,7,0,6.0,0.0,1.0,1.0,A01
201500006911,0,7,0,13.0,0.0,3.0,1.0,A01
201500006912,0,7,0,8.0,0.0,2.0,1.0,A01
201500006913,0,33,0,0.0,0.0,0.0,0.0,A01
201500006914,0,7,0,0.0,1.0,4.0,4.0,A01
201500006915,0,7,0,0.0,2.0,8.0,15.0,A01
201500006915,0,2,0,0.0,2.0,1.0,1.0,B02
201500006916,0,7,0,0.0,2.0,2.0,15.0,A01
201500006916,0,2,0,0.0,2.0,1.0,5.0,B02
201500006917,0,7,0,0.0,2.0,1.0,17.0,A01
201500006917,0,7,0,0.0,2.0,3.0,15.0,B02
201500006918,0,7,0,0.0,2.0,3.0,1.0,A01
201500006918,0,7,0,0.0,2.0,3.0,1.0,B02
201500006919,0,7,0,0.0,0.0,7.0,1.0,A01
201500006919,0,14,0,0.0,0.0,3.0,1.0,B02
201500006920,0,7,0,2.0,0.0,7.0,0.0,A01
201500006921,0,7,0,0.0,2.0,1.0,1.0,A01
201500006921,0,7,0,0.0,2.0,1.0,1.0,B02
201500006922,0,7,0,0.0,2.0,1.0,1.0,A01
201500006922,0,7,0,0.0,2.0,1.0,1.0,B02
201500006923,0,20,0,0.0,2.0,3.0,0.0,A01
201500006923,0,7,0,1.0,0.0,3.0,1.0,B02
201500006924,0,7,0,0.0,2.0,2.0,19.0,A01
201500006924,0,7,0,0.0,2.0,1.0,1.0,B02
201500006925,0,7,0,0.0,2.0,7.0,1.0,A01
201500006925,0,10,0,0.0,2.0,1.0,1.0,B02
201500006926,0,7,0,0.0,2.0,3.0,15.0,A01
201500006926,0,7,0,0.0,2.0,1.0,17.0,B02
201500006927,0,7,0,0.0,2.0,3.0,17.0,A01
201500006927,0,7,0,0.0,2.0,3.0,1.0,B02
201500006927,0,7,0,0.0,2.0,8.0,1.0,C03
201500006928,0,7,0,0.0,2.0,3.0,1.0,A01
201500006928,0,7,0,0.0,2.0,8.0,19.0,B02
201500006929,0,7,0,0.0,2.0,3.0,23.0,A01
201500006929,0,2,0,1.0,0.0,3.0,1.0,B02
201500006930,0,7,0,0.0,2.0,1.0,13.0,A01
201500006930,0,7,0,0.0,2.0,8.0,1.0,B02
201500006930,0,10,0,0.0,2.0,1.0,1.0,C03
201500006931,0,7,0,13.0,0.0,2.0,1.0,A01
201500006932,0,1,0,0.0,2.0,8.0,19.0,A01
201500006932,0,10,0,0.0,2.0,3.0,1.0,B02
201500006933,0,7,0,13.0,0.0,2.0,1.0,A01
201500006934,0,7,0,6.0,0.0,1.0,1.0,A01
201500006935,0,7,0,0.0,2.0,1.0,17.0,A01
201500006935,0,7,0,6.0,0.0,4.0,15.0,B02
201500006936,0,7,0,13.0,0.0,1.0,1.0,A01
201500006937,0,7,0,13.0,0.0,1.0,1.0,A01
201500006938,0,7,0,0.0,0.0,2.0,1.0,A01
201500006938,0,31,0,0.0,0.0,1.0,5.0,B02
201500006939,0,7,0,0.0,2.0,3.0,13.0,A01
201500006939,0,7,0,0.0,2.0,6.0,1.0,B02
201500006939,0,17,0,0.0,2.0,3.0,1.0,C03
201500006940,0,7,0,0.0,1.0,3.0,1.0,A01
201500006941,0,7,0,2.0,0.0,3.0,0.0,A01
201500006942,0,1,0,3.0,0.0,7.0,1.0,A01
201500006943,0,7,0,0.0,2.0,2.0,13.0,A01
201500006943,0,7,0,0.0,2.0,1.0,1.0,B02
201500006944,0,7,0,0.0,1.0,1.0,1.0,A01
201500006945,0,7,0,0.0,2.0,1.0,2.0,A01
201500006945,0,7,0,0.0,2.0,1.0,2.0,B02
201500006945,0,7,0,0.0,2.0,1.0,2.0,C03
201500006945,0,7,0,0.0,2.0,4.0,23.0,D04
201500006945,0,7,0,0.0,0.0,4.0,23.0,E05
201500006946,0,7,0,0.0,2.0,1.0,1.0,A01
201500006946,0,10,0,0.0,0.0,4.0,1.0,B02
201500006947,0,7,0,0.0,2.0,1.0,2.0,A01
201500006947,0,7,0,0.0,0.0,4.0,2.0,B02
201500006948,0,17,0,0.0,2.0,1.0,1.0,A01
201500006948,0,17,0,0.0,2.0,4.0,1.0,B02
201500006949,0,7,0,0.0,0.0,2.0,1.0,A01
201500006949,0,14,0,0.0,0.0,6.0,1.0,B02
201500006950,0,10,0,0.0,2.0,2.0,3.0,A01
201500006950,0,15,0,0.0,0.0,6.0,1.0,B02
201500006951,0,7,0,4.0,0.0,1.0,1.0,A01
201500006952,0,7,0,0.0,2.0,1.0,0.0,A01
201500006952,0,10,0,0.0,0.0,4.0,0.0,B02
201500006953,0,7,0,6.0,1.0,1.0,1.0,A01
201500006954,0,17,0,0.0,2.0,2.0,2.0,A01
201500006954,0,17,0,3.0,0.0,6.0,2.0,C03
201500006954,0,7,0,0.0,2.0,1.0,1.0,E05
201500006955,0,7,0,0.0,0.0,2.0,1.0,A01
201500006956,0,17,0,3.0,0.0,1.0,1.0,A01
201500006957,0,7,0,3.0,0.0,3.0,1.0,A01
201500006958,0,7,0,0.0,5.0,9.0,21.0,A01
201500006958,0,7,0,0.0,5.0,1.0,21.0,B02
201500006959,0,7,0,3.0,2.0,3.0,19.0,A01
201500006959,0,7,0,0.0,2.0,1.0,1.0,B02
201500006959,0,7,0,0.0,9.0,3.0,1.0,C03
201500006960,0,17,0,1.0,0.0,2.0,1.0,A01
201500006960,0,14,0,0.0,0.0,6.0,23.0,B02
201500006961,0,7,0,0.0,2.0,1.0,2.0,A01
201500006961,0,7,0,0.0,0.0,4.0,2.0,B02
201500006962,0,7,0,3.0,0.0,3.0,0.0,A01
201500006963,0,10,0,3.0,0.0,3.0,1.0,A01
201500006964,0,17,0,0.0,0.0,6.0,1.0,A01
201500006964,0,10,0,0.0,2.0,1.0,2.0,B02
201500006965,0,7,0,4.0,0.0,2.0,14.0,A01
201500006966,0,7,0,2.0,0.0,7.0,17.0,A01
201500006967,0,7,0,0.0,0.0,2.0,1.0,A01
201500006967,0,1,0,0.0,0.0,4.0,1.0,B02
201500006968,0,30,0,0.0,2.0,1.0,5.0,A01
201500006968,0,7,0,0.0,2.0,3.0,1.0,B02
201500006969,0,7,0,0.0,2.0,1.0,15.0,A01
201500006969,0,7,0,0.0,2.0,1.0,1.0,B02
201500006970,0,7,0,0.0,2.0,8.0,15.0,B02
201500006970,0,7,0,0.0,2.0,1.0,1.0,A01
201500006971,0,7,0,0.0,0.0,9.0,1.0,A01
201500006972,0,7,0,2.0,0.0,8.0,1.0,A01
201500006973,0,10,0,0.0,2.0,1.0,1.0,A01
201500006973,0,7,0,0.0,2.0,3.0,1.0,B02
201500006974,0,7,0,0.0,2.0,2.0,1.0,A01
201500006974,0,7,0,0.0,2.0,3.0,15.0,B02
201500006975,0,36,0,6.0,0.0,1.0,19.0,A01
201500006976,0,7,0,0.0,1.0,5.0,20.0,A01
201500006977,0,7,0,0.0,2.0,1.0,13.0,A01
201500006977,0,10,0,0.0,2.0,1.0,1.0,B02
201500006978,0,10,0,0.0,2.0,3.0,23.0,A01
201500006978,0,31,0,0.0,2.0,1.0,1.0,B02
201500006978,0,10,0,0.0,2.0,1.0,15.0,C03
201500006979,0,7,0,6.0,0.0,2.0,2.0,A01
201500006980,0,31,0,0.0,2.0,3.0,17.0,A01
201500006980,0,7,0,0.0,2.0,8.0,14.0,B02
201500006981,0,33,0,3.0,0.0,1.0,0.0,A01
201500006982,0,7,0,0.0,2.0,1.0,2.0,A01
201500006982,0,7,0,0.0,0.0,4.0,15.0,B02
201500006983,0,7,0,6.0,0.0,2.0,14.0,A01
201500006984,0,7,0,2.0,0.0,6.0,19.0,A01
201500006985,0,1,0,0.0,2.0,3.0,18.0,A01
201500006985,0,10,0,0.0,9.0,7.0,2.0,B02
201500006986,0,7,0,13.0,0.0,3.0,1.0,A01
201500006987,0,7,0,0.0,2.0,5.0,1.0,A01
201500006987,0,7,0,0.0,2.0,2.0,2.0,B02
201500006988,0,33,0,9.0,2.0,1.0,6.0,A01
201500006988,0,15,0,0.0,2.0,3.0,1.0,B02
201500006989,0,7,0,2.0,0.0,1.0,13.0,A01
201500006990,0,14,0,13.0,0.0,8.0,0.0,A01
201500006991,1,7,0,0.0,2.0,0.0,0.0,Z01
201500006991,0,30,0,0.0,2.0,1.0,1.0,B02
201500006992,0,7,0,0.0,2.0,1.0,17.0,A01
201500006992,0,7,0,0.0,2.0,1.0,1.0,B02
201500006992,0,7,0,0.0,2.0,1.0,1.0,C03
201500006993,0,7,0,0.0,1.0,2.0,1.0,A01
201500006994,0,7,0,13.0,0.0,1.0,1.0,A01
201500006995,0,31,0,0.0,2.0,1.0,13.0,A01
201500006995,0,7,0,0.0,2.0,3.0,1.0,B02
201500006996,0,7,0,0.0,2.0,3.0,1.0,A01
201500006996,0,1,0,0.0,2.0,4.0,15.0,B02
201500006997,0,7,0,0.0,2.0,3.0,13.0,A01
201500006997,0,30,0,0.0,2.0,1.0,1.0,B02
201500006998,0,7,0,0.0,2.0,2.0,1.0,A01
201500006998,0,2,0,0.0,2.0,5.0,15.0,B02
201500006999,0,7,0,0.0,2.0,9.0,13.0,A01
201500006999,0,2,0,0.0,2.0,8.0,1.0,B02
201500006999,0,7,0,0.0,2.0,1.0,1.0,C03
201500007000,0,7,0,13.0,0.0,2.0,14.0,A01
201500007001,0,7,0,6.0,0.0,1.0,0.0,A01
201500007002,0,10,0,13.0,0.0,9.0,1.0,A01
201500007003,0,10,0,13.0,0.0,9.0,1.0,A01
201500007004,0,7,0,0.0,2.0,1.0,13.0,A01
201500007004,0,7,0,0.0,2.0,1.0,2.0,B02
201500007005,0,7,0,0.0,2.0,1.0,1.0,A01
201500007005,0,7,0,0.0,2.0,3.0,19.0,B02
201500007006,0,10,0,0.0,2.0,7.0,13.0,A01
201500007006,0,7,0,0.0,2.0,1.0,1.0,B02
201500007007,0,10,0,0.0,2.0,2.0,23.0,A01
201500007007,0,10,0,0.0,2.0,3.0,1.0,B02
201500007008,0,30,0,0.0,2.0,1.0,1.0,A01
201500007008,0,21,0,0.0,2.0,8.0,1.0,B02
201500007009,0,7,0,0.0,2.0,1.0,13.0,A01
201500007009,0,7,0,0.0,2.0,1.0,0.0,B02
201500007010,0,7,0,0.0,2.0,5.0,1.0,A01
201500007010,0,33,0,0.0,2.0,1.0,1.0,B02
201500007011,0,7,0,0.0,2.0,1.0,17.0,A01
201500007011,0,7,0,0.0,2.0,1.0,1.0,B02
201500007012,0,7,0,13.0,0.0,3.0,13.0,A01
201500007013,0,7,0,0.0,2.0,1.0,5.0,A01
201500007013,0,7,0,0.0,2.0,1.0,1.0,B02
201500007014,0,15,0,0.0,2.0,8.0,13.0,A01
201500007014,0,7,0,0.0,2.0,1.0,1.0,B02
201500007015,0,10,0,0.0,0.0,1.0,9.0,A01
201500007015,0,7,0,0.0,0.0,7.0,1.0,B02
201500007016,0,7,0,0.0,2.0,3.0,19.0,A01
201500007016,0,2,0,0.0,0.0,8.0,1.0,B02
201500007017,0,7,0,0.0,2.0,1.0,2.0,A01
201500007017,0,7,0,0.0,2.0,4.0,23.0,B02
201500007017,0,7,0,0.0,0.0,4.0,23.0,C03
201500007018,0,36,0,0.0,0.0,0.0,0.0,A01
201500007019,0,7,0,0.0,1.0,1.0,15.0,A01
201500007020,0,7,0,0.0,2.0,1.0,1.0,B02
201500007020,0,7,0,0.0,2.0,1.0,1.0,A01
201500007021,0,7,0,0.0,2.0,3.0,0.0,A01
201500007021,0,7,0,0.0,2.0,1.0,0.0,B02
201500007022,0,2,0,0.0,1.0,8.0,1.0,A01
201500007023,0,7,0,0.0,1.0,7.0,20.0,A01
201500007024,0,7,0,0.0,2.0,3.0,1.0,A01
201500007024,0,99,0,0.0,2.0,3.0,23.0,B02
201500007025,0,7,0,0.0,2.0,3.0,13.0,A01
201500007025,0,7,0,0.0,2.0,3.0,1.0,B02
201500007026,0,7,0,0.0,2.0,1.0,13.0,A01
201500007026,0,33,0,0.0,2.0,1.0,1.0,B02
201500007027,0,7,0,0.0,2.0,3.0,15.0,A01
201500007027,0,7,0,0.0,2.0,8.0,1.0,B02
201500007028,0,7,0,8.0,0.0,1.0,13.0,A01
201500007029,0,7,0,2.0,0.0,8.0,13.0,A01
201500007030,0,7,0,0.0,2.0,3.0,9.0,A01
201500007030,0,30,0,0.0,2.0,1.0,1.0,B02
201500007031,0,30,0,0.0,1.0,1.0,1.0,A01
201500007032,0,31,0,13.0,0.0,0.0,1.0,A01
201500007032,0,31,0,0.0,2.0,1.0,2.0,B02
201500007033,0,15,0,0.0,2.0,3.0,1.0,A01
201500007033,0,7,0,0.0,2.0,5.0,9.0,B02
201500007034,0,7,0,0.0,0.0,9.0,1.0,A01
201500007035,0,31,0,0.0,2.0,1.0,13.0,A01
201500007035,0,7,0,0.0,2.0,2.0,1.0,B02
201500007036,0,21,0,0.0,2.0,8.0,1.0,A01
201500007036,0,30,0,0.0,2.0,3.0,1.0,B02
201500007037,0,7,0,6.0,0.0,1.0,1.0,A01
201500007038,0,1,0,1.0,0.0,7.0,1.0,A01
201500007038,1,7,0,0.0,2.0,8.0,24.0,B02
201500007039,0,7,0,0.0,2.0,1.0,13.0,A01
201500007039,0,10,0,0.0,2.0,1.0,1.0,B02
201500007039,0,7,0,0.0,2.0,1.0,1.0,C03
201500007040,0,32,0,0.0,2.0,1.0,15.0,A01
201500007040,0,7,0,0.0,2.0,3.0,1.0,B02
201500007041,0,7,0,13.0,0.0,3.0,1.0,A01
201500007042,0,7,0,0.0,2.0,1.0,1.0,B02
201500007042,0,7,0,0.0,2.0,5.0,19.0,A01
201500007043,0,7,0,0.0,0.0,9.0,1.0,A01
201500007044,0,7,0,13.0,0.0,1.0,1.0,A01
201500007045,0,7,0,3.0,0.0,1.0,1.0,A01
201500007046,0,7,0,8.0,0.0,3.0,1.0,A01
201500007047,2,7,0,0.0,2.0,1.0,1.0,A01
201500007047,0,7,0,0.0,2.0,3.0,1.0,B02
201500007048,0,10,0,0.0,0.0,5.0,0.0,A01
201500007048,0,7,0,0.0,0.0,1.0,0.0,B02
201500007049,0,7,0,0.0,2.0,2.0,6.0,A01
201500007049,0,7,0,0.0,2.0,7.0,1.0,B02
201500007050,0,7,0,0.0,2.0,1.0,1.0,A01
201500007050,0,7,0,0.0,2.0,1.0,1.0,B02
201500007051,0,7,0,0.0,0.0,9.0,1.0,A01
201500007052,0,21,0,0.0,2.0,4.0,1.0,A01
201500007052,0,10,0,0.0,2.0,1.0,2.0,B02
201500007053,0,7,0,0.0,1.0,1.0,1.0,A01
201500007054,0,7,0,0.0,2.0,3.0,13.0,A01
201500007054,0,7,0,0.0,2.0,1.0,1.0,B02
201500007054,0,7,0,0.0,2.0,9.0,1.0,C03
201500007054,0,7,0,3.0,0.0,9.0,1.0,D04
201500007055,0,7,0,0.0,0.0,1.0,15.0,A01
201500007056,0,1,0,0.0,2.0,3.0,2.0,A01
201500007056,0,2,0,0.0,2.0,1.0,1.0,B02
201500007057,0,7,0,13.0,0.0,1.0,14.0,A01
201500007058,0,7,0,6.0,0.0,3.0,0.0,A01
201500007059,0,7,0,0.0,1.0,2.0,1.0,A01
201500007060,0,7,0,0.0,1.0,7.0,1.0,A01
201500007061,0,7,0,6.0,0.0,1.0,15.0,A01
201500007062,0,38,1,0.0,2.0,2.0,15.0,A01
201500007062,0,31,0,0.0,2.0,5.0,1.0,B02
201500007063,0,10,0,0.0,2.0,2.0,15.0,A01
201500007063,0,7,0,0.0,2.0,3.0,1.0,B02
201500007064,0,7,0,2.0,0.0,8.0,1.0,A01
201500007065,0,7,0,0.0,2.0,3.0,1.0,A01
201500007065,0,7,0,0.0,2.0,3.0,1.0,B02
201500007066,0,10,0,0.0,2.0,3.0,15.0,A01
201500007066,0,7,0,0.0,2.0,7.0,1.0,B02
201500007067,0,31,0,5.0,0.0,0.0,13.0,A01
201500007068,0,36,0,0.0,2.0,3.0,9.0,A01
201500007068,0,7,0,0.0,2.0,2.0,1.0,B02
201500007069,0,10,0,0.0,2.0,3.0,1.0,A01
201500007069,0,33,0,0.0,2.0,1.0,13.0,B02
201500007070,0,10,0,0.0,9.0,2.0,17.0,A01
201500007070,0,1,0,0.0,2.0,4.0,1.0,B02
201500007071,0,7,0,0.0,1.0,7.0,1.0,A01
201500007072,0,7,0,0.0,2.0,8.0,15.0,A01
201500007072,0,7,0,0.0,2.0,1.0,1.0,B02
201500007073,0,7,0,0.0,2.0,2.0,13.0,A01
201500007073,0,7,0,0.0,2.0,1.0,1.0,B02
201500007074,0,7,0,13.0,0.0,1.0,1.0,A01
201500007075,0,7,0,0.0,2.0,3.0,1.0,A01
201500007075,0,7,0,0.0,2.0,8.0,1.0,B02
201500007075,0,7,0,0.0,2.0,3.0,1.0,C03
201500007076,0,7,0,16.0,0.0,9.0,19.0,A01
201500007077,0,7,0,6.0,0.0,7.0,1.0,A01
201500007078,0,33,0,6.0,0.0,8.0,13.0,A01
201500007079,0,31,0,0.0,2.0,4.0,15.0,A01
201500007079,0,31,0,0.0,2.0,1.0,1.0,B02
201500007080,0,7,0,0.0,2.0,3.0,13.0,A01
201500007080,0,33,0,0.0,2.0,1.0,1.0,B02
201500007081,0,7,0,13.0,0.0,0.0,14.0,A01
201500007082,0,7,0,13.0,0.0,0.0,1.0,A01
201500007083,0,7,0,7.0,0.0,2.0,1.0,A01
201500007084,0,7,0,0.0,2.0,1.0,1.0,A01
201500007084,0,7,0,0.0,2.0,3.0,15.0,B02
201500007085,0,7,0,0.0,2.0,3.0,1.0,A01
201500007085,0,7,0,0.0,2.0,7.0,13.0,B02
201500007086,0,30,0,0.0,2.0,8.0,19.0,A01
201500007086,0,7,0,0.0,2.0,1.0,1.0,B02
201500007087,0,30,0,0.0,2.0,1.0,5.0,A01
201500007087,0,7,0,0.0,2.0,3.0,1.0,B02
201500007088,0,33,0,12.0,0.0,1.0,1.0,A01
201500007089,0,10,0,0.0,0.0,3.0,1.0,A01
201500007090,0,30,0,0.0,2.0,1.0,1.0,A01
201500007090,0,7,0,0.0,2.0,3.0,5.0,B02
201500007090,0,7,0,0.0,2.0,8.0,1.0,C03
201500007091,0,7,0,0.0,2.0,3.0,13.0,A01
201500007091,0,7,0,0.0,2.0,3.0,14.0,B02
201500007092,0,17,0,0.0,0.0,5.0,23.0,A01
201500007092,0,30,0,0.0,2.0,1.0,1.0,B02
201500007093,0,30,0,0.0,2.0,1.0,1.0,B02
201500007093,0,3,0,0.0,2.0,3.0,16.0,A01
201500007094,0,33,0,0.0,2.0,1.0,13.0,A01
201500007094,0,7,0,0.0,2.0,3.0,1.0,B02
201500007095,0,7,0,2.0,0.0,3.0,0.0,A01
201500007096,0,7,0,2.0,0.0,3.0,1.0,A01
201500007097,0,7,0,0.0,2.0,3.0,1.0,A01
201500007097,0,7,0,0.0,2.0,3.0,1.0,B02
201500007098,0,30,0,0.0,2.0,1.0,1.0,A01
201500007098,0,7,0,0.0,2.0,3.0,1.0,B02
201500007099,0,30,0,0.0,2.0,1.0,1.0,A01
201500007099,0,7,0,0.0,2.0,3.0,1.0,B02
201500007100,0,33,0,0.0,0.0,9.0,1.0,A01
201500007101,0,33,0,0.0,0.0,1.0,0.0,A01
201500007102,0,33,0,0.0,2.0,1.0,1.0,A01
201500007102,0,7,0,0.0,2.0,3.0,1.0,B02
201500007103,0,7,0,0.0,1.0,3.0,1.0,A01
201500007104,0,31,0,0.0,5.0,0.0,1.0,A01
201500007105,0,7,0,0.0,2.0,3.0,1.0,B02
201500007105,0,33,0,0.0,2.0,1.0,13.0,A01
201500007106,0,7,0,0.0,0.0,0.0,1.0,A01
201500007107,0,33,0,0.0,2.0,7.0,1.0,A01
201500007107,0,7,0,0.0,2.0,2.0,13.0,B02
201500007108,0,7,0,0.0,1.0,2.0,1.0,A01
201500007109,0,7,0,0.0,2.0,1.0,13.0,A01
201500007109,0,7,0,0.0,2.0,1.0,1.0,B02
201500007110,0,33,0,0.0,0.0,9.0,0.0,A01
201500007111,0,7,0,0.0,1.0,1.0,1.0,A01
201500007112,0,33,0,0.0,9.0,1.0,1.0,A01
201500007113,0,7,0,2.0,0.0,8.0,1.0,A01
201500007114,0,33,0,0.0,2.0,3.0,13.0,A01
201500007114,0,7,0,0.0,2.0,6.0,1.0,B02
201500007114,0,7,0,0.0,2.0,1.0,24.0,C03
201500007115,0,7,0,0.0,2.0,8.0,10.0,A01
201500007115,0,33,0,0.0,2.0,1.0,1.0,B02
201500007116,0,7,0,0.0,2.0,3.0,13.0,A01
201500007116,0,7,0,0.0,2.0,6.0,1.0,C03
201500007116,0,7,0,0.0,2.0,1.0,1.0,B02
201500007116,0,7,0,0.0,2.0,8.0,1.0,E05
201500007116,0,7,0,0.0,2.0,8.0,1.0,D04
201500007117,0,10,0,0.0,1.0,3.0,1.0,A01
201500007118,0,7,0,13.0,2.0,5.0,9.0,A01
201500007118,0,7,0,0.0,2.0,1.0,1.0,B02
201500007119,0,7,0,0.0,0.0,4.0,2.0,A01
201500007119,0,33,0,0.0,2.0,1.0,1.0,B02
201500007120,0,7,0,13.0,0.0,1.0,1.0,A01
201500007121,0,2,0,0.0,2.0,3.0,13.0,A01
201500007121,0,7,0,0.0,2.0,3.0,1.0,B02
201500007122,0,7,0,0.0,2.0,1.0,17.0,A01
201500007122,0,7,0,0.0,2.0,1.0,1.0,B02
201500007123,0,7,0,0.0,2.0,3.0,0.0,A01
201500007123,0,33,0,0.0,2.0,3.0,0.0,B02
201500007124,0,10,0,13.0,0.0,5.0,0.0,A01
201500007125,0,7,0,8.0,0.0,1.0,1.0,A01
201500007126,0,7,0,2.0,0.0,9.0,0.0,A01
201500007127,0,7,0,0.0,2.0,2.0,13.0,A01
201500007127,0,10,0,0.0,0.0,8.0,1.0,B02
201500007128,0,7,0,0.0,2.0,2.0,13.0,A01
201500007128,0,7,0,0.0,2.0,2.0,13.0,B02
201500007129,0,7,0,0.0,2.0,3.0,9.0,A01
201500007129,0,30,0,0.0,2.0,1.0,1.0,B02
201500007130,0,10,0,0.0,2.0,3.0,21.0,A01
201500007130,0,10,0,0.0,2.0,3.0,0.0,B02
201500007131,0,33,0,3.0,0.0,7.0,1.0,A01
201500007132,0,7,0,0.0,0.0,9.0,0.0,A01
201500007133,0,7,0,13.0,0.0,1.0,13.0,A01
201500007134,0,30,0,0.0,9.0,0.0,1.0,A01
201500007135,0,7,0,0.0,2.0,3.0,1.0,A01
201500007135,0,2,0,0.0,2.0,1.0,9.0,B02
201500007136,0,7,0,0.0,2.0,1.0,1.0,B02
201500007136,0,7,0,0.0,2.0,1.0,17.0,A01
201500007137,0,7,0,0.0,2.0,1.0,19.0,A01
201500007137,0,2,0,0.0,2.0,8.0,1.0,B02
201500007138,0,7,0,0.0,2.0,2.0,0.0,A01
201500007138,0,7,0,0.0,2.0,1.0,1.0,B02
201500007138,0,7,0,0.0,2.0,3.0,1.0,C03
201500007139,0,7,0,2.0,0.0,7.0,1.0,A01
201500007140,0,3,0,0.0,2.0,8.0,19.0,A01
201500007140,0,7,0,0.0,2.0,2.0,1.0,B02
201500007141,0,7,0,0.0,1.0,3.0,1.0,A01
201500007142,0,7,0,13.0,0.0,9.0,13.0,A01
201500007143,0,7,0,0.0,2.0,2.0,13.0,A01
201500007143,0,7,0,0.0,2.0,1.0,1.0,B02
201500007144,0,7,0,0.0,2.0,1.0,1.0,A01
201500007144,0,7,0,0.0,2.0,1.0,1.0,B02
201500007145,0,7,0,0.0,2.0,1.0,9.0,A01
201500007145,0,99,0,0.0,2.0,3.0,1.0,B02
201500007145,0,10,0,0.0,2.0,3.0,1.0,C03
201500007146,0,1,0,0.0,2.0,1.0,18.0,A01
201500007146,0,7,0,0.0,9.0,2.0,16.0,B02
201500007147,0,7,0,0.0,2.0,1.0,13.0,A01
201500007147,0,7,0,0.0,2.0,1.0,1.0,B02
201500007148,0,7,0,2.0,0.0,1.0,1.0,A01
201500007149,0,7,0,0.0,0.0,4.0,23.0,A01
201500007149,0,7,0,0.0,2.0,1.0,1.0,B02
201500007150,0,7,0,0.0,2.0,2.0,1.0,A01
201500007150,0,7,0,0.0,2.0,1.0,1.0,B02
201500007151,0,7,0,2.0,0.0,9.0,1.0,A01
201500007152,0,10,0,0.0,0.0,8.0,1.0,A01
201500007152,0,1,0,0.0,2.0,1.0,19.0,B02
201500007153,0,7,0,0.0,1.0,4.0,4.0,A01
201500007154,0,1,0,0.0,2.0,0.0,1.0,A01
201500007154,0,7,0,0.0,2.0,0.0,1.0,B02
201500007155,0,33,0,0.0,0.0,0.0,0.0,A01
201500007156,0,7,0,0.0,2.0,8.0,1.0,A01
201500007156,0,33,0,0.0,2.0,4.0,1.0,B02
201500007157,0,1,0,0.0,2.0,1.0,1.0,B02
201500007157,0,7,0,0.0,2.0,2.0,15.0,A01
201500007158,0,7,0,0.0,9.0,2.0,0.0,A01
201500007158,0,1,0,0.0,2.0,3.0,0.0,B02
201500007159,0,7,0,0.0,1.0,1.0,1.0,A01
201500007160,0,14,0,0.0,0.0,0.0,15.0,A01
201500007160,0,2,0,0.0,2.0,0.0,21.0,B02
201500007161,0,7,0,0.0,2.0,8.0,10.0,A01
201500007161,0,33,0,0.0,2.0,1.0,17.0,B02
201500007162,0,17,0,0.0,2.0,6.0,15.0,A01
201500007162,0,33,0,0.0,2.0,1.0,1.0,B02
201500007163,0,2,0,0.0,2.0,1.0,1.0,B02
201500007163,0,7,0,0.0,0.0,8.0,20.0,A01
201500007164,0,32,0,0.0,0.0,0.0,16.0,A01
201500007165,0,10,0,0.0,0.0,6.0,11.0,A01
201500007165,0,33,0,0.0,2.0,1.0,17.0,B02
201500007166,0,7,0,0.0,2.0,2.0,1.0,A01
201500007166,0,10,0,0.0,2.0,3.0,1.0,B02
201500007167,0,10,0,2.0,0.0,1.0,1.0,A01
201500007168,0,31,0,0.0,2.0,3.0,15.0,A01
201500007168,0,7,0,0.0,2.0,3.0,1.0,B02
201500007169,0,7,0,0.0,2.0,1.0,1.0,B02
201500007169,0,7,0,0.0,2.0,1.0,13.0,A01
201500007170,0,7,0,0.0,2.0,3.0,19.0,A01
201500007170,0,2,0,0.0,2.0,1.0,1.0,B02
201500007171,0,7,0,2.0,0.0,6.0,1.0,A01
201500007172,0,7,0,6.0,0.0,1.0,0.0,A01
201500007173,0,14,0,0.0,1.0,2.0,1.0,A01
201500007174,0,7,0,0.0,1.0,1.0,1.0,A01