Num_Acc,senc,catv,occutc,obs,obsm,choc,manv,num_veh
201500007175,0,7,0,0.0,1.0,7.0,1.0,A01
201500007176,0,7,0,0.0,1.0,2.0,1.0,A01
201500007177,0,7,0,0.0,2.0,3.0,1.0,B01
201500007177,0,30,0,0.0,2.0,3.0,9.0,A01
201500007178,0,10,0,,,,,B02
201500007178,0,7,0,,2.0,1.0,1.0,A01
201500007179,0,7,0,0.0,2.0,6.0,15.0,A01
201500007179,0,2,0,0.0,2.0,7.0,17.0,B01
201500007180,0,7,0,0.0,1.0,7.0,1.0,A01
201500007181,0,7,0,0.0,1.0,3.0,1.0,A01
201500007182,0,7,0,0.0,1.0,3.0,0.0,A01
201500007183,0,7,0,0.0,2.0,1.0,1.0,A01
201500007183,0,7,0,0.0,2.0,4.0,1.0,B01
201500007184,0,7,0,0.0,1.0,1.0,1.0,A01
201500007185,0,7,0,0.0,1.0,1.0,1.0,A01
201500007186,0,7,0,0.0,2.0,3.0,1.0,A01
201500007186,0,7,0,0.0,2.0,3.0,1.0,B02
201500007186,0,10,0,0.0,0.0,8.0,1.0,C03
201500007187,0,7,0,0.0,0.0,0.0,1.0,A01
201500007188,0,1,0,0.0,0.0,1.0,15.0,A01
201500007188,0,7,0,0.0,0.0,2.0,1.0,B02
201500007189,0,10,0,2.0,0.0,1.0,14.0,A01
201500007190,0,10,0,0.0,1.0,1.0,1.0,A01
201500007191,0,7,0,2.0,0.0,2.0,14.0,A01
201500007192,0,7,0,6.0,0.0,1.0,1.0,A01
201500007193,0,10,0,0.0,0.0,3.0,15.0,A01
201500007193,0,1,0,0.0,2.0,1.0,1.0,B02
201500007194,0,7,0,0.0,1.0,4.0,20.0,A01
201500007195,0,7,0,2.0,0.0,2.0,1.0,A01
201500007196,0,7,0,8.0,0.0,1.0,11.0,A01
201500007197,0,7,0,0.0,2.0,7.0,2.0,A01
201500007197,0,1,0,0.0,2.0,8.0,2.0,B02
201500007198,0,7,0,0.0,2.0,2.0,1.0,B02
201500007198,0,21,0,0.0,2.0,1.0,1.0,A01
201500007199,0,33,0,0.0,2.0,1.0,0.0,B02
201500007199,0,7,0,0.0,2.0,3.0,13.0,A01
201500007200,0,7,0,2.0,0.0,8.0,1.0,A01
201500007201,0,33,0,0.0,2.0,1.0,1.0,B02
201500007201,0,7,0,0.0,2.0,3.0,15.0,A01
201500007202,0,7,0,0.0,2.0,3.0,16.0,B02
201500007202,0,1,0,0.0,2.0,1.0,15.0,A01
201500007203,0,2,0,0.0,2.0,4.0,2.0,A01
201500007203,0,10,0,0.0,2.0,1.0,2.0,B02
201500007204,0,7,0,0.0,2.0,2.0,1.0,A01
201500007204,0,1,0,0.0,2.0,4.0,1.0,B02
201500007205,0,7,0,0.0,2.0,1.0,13.0,A01
201500007205,0,7,0,0.0,2.0,1.0,1.0,B02
201500007206,0,7,0,11.0,0.0,3.0,13.0,A01
201500007207,0,7,0,13.0,0.0,2.0,1.0,A01
201500007208,0,21,0,13.0,0.0,2.0,1.0,A01
201500007209,0,7,0,0.0,0.0,1.0,1.0,B02
201500007209,0,7,0,0.0,0.0,1.0,13.0,A01
201500007210,0,7,0,13.0,0.0,0.0,1.0,A01
201500007211,0,7,0,0.0,2.0,1.0,1.0,B02
201500007211,0,7,0,0.0,2.0,1.0,5.0,A01
201500007212,0,33,0,1.0,0.0,1.0,1.0,A01
201500007213,0,7,0,0.0,2.0,1.0,1.0,A01
201500007213,0,7,0,0.0,2.0,1.0,1.0,B02
201500007214,0,7,0,0.0,2.0,3.0,13.0,A01
201500007214,0,7,0,0.0,2.0,3.0,1.0,B02
201500007215,1,99,0,0.0,1.0,1.0,1.0,A01
201500007216,0,7,0,13.0,0.0,2.0,14.0,A01
201500007217,0,33,0,8.0,0.0,1.0,1.0,A01
201500007218,0,7,0,0.0,2.0,1.0,1.0,B02
201500007218,0,31,0,0.0,2.0,8.0,15.0,A01
201500007219,0,7,0,0.0,2.0,3.0,1.0,A01
201500007219,0,30,0,0.0,2.0,1.0,1.0,B02
201500007220,0,30,0,0.0,0.0,7.0,2.0,A01
201500007221,0,7,0,0.0,0.0,2.0,1.0,B02
201500007221,0,7,0,0.0,0.0,6.0,9.0,A01
201500007222,0,7,0,6.0,0.0,2.0,1.0,A01
201500007223,0,33,0,0.0,2.0,1.0,17.0,A01
201500007223,0,7,0,0.0,2.0,3.0,1.0,B02
201500007223,0,7,0,0.0,2.0,3.0,2.0,C03
201500007224,0,7,0,0.0,0.0,6.0,1.0,A01
201500007224,0,1,0,0.0,2.0,0.0,17.0,B02
201500007225,0,10,0,0.0,0.0,2.0,19.0,A01
201500007225,0,33,0,0.0,2.0,1.0,1.0,B02
201500007226,0,33,0,0.0,1.0,1.0,21.0,A01
201500007227,0,7,0,0.0,6.0,0.0,2.0,A01
201500007228,0,30,0,0.0,0.0,8.0,1.0,A01
201500007228,0,7,0,0.0,2.0,2.0,19.0,B02
201500007229,0,7,0,0.0,2.0,3.0,1.0,B02
201500007229,0,7,0,0.0,2.0,3.0,13.0,A01
201500007229,0,7,0,0.0,2.0,8.0,1.0,C03
201500007230,0,30,0,0.0,1.0,1.0,1.0,A01
201500007231,1,17,0,0.0,2.0,2.0,2.0,A01
201500007231,0,1,0,0.0,0.0,6.0,2.0,B02
201500007232,0,21,0,0.0,2.0,0.0,19.0,A01
201500007232,0,7,0,0.0,2.0,1.0,0.0,B02
201500007233,0,7,0,0.0,2.0,7.0,15.0,A01
201500007233,0,36,0,0.0,2.0,1.0,1.0,B02
201500007234,0,7,0,0.0,2.0,1.0,13.0,A01
201500007234,0,7,0,0.0,2.0,1.0,1.0,B02
201500007235,0,7,0,0.0,2.0,5.0,4.0,A01
201500007235,0,2,0,0.0,2.0,3.0,21.0,B02
201500007236,0,10,0,0.0,2.0,8.0,19.0,A01
201500007236,0,7,0,0.0,2.0,2.0,1.0,B02
201500007237,0,33,0,16.0,0.0,8.0,1.0,A01
201500007238,0,33,0,0.0,0.0,8.0,1.0,A01
201500007239,0,7,0,0.0,2.0,1.0,5.0,A01
201500007239,0,7,0,0.0,2.0,1.0,1.0,B02
201500007240,0,7,0,0.0,2.0,4.0,13.0,A01
201500007240,0,7,0,0.0,2.0,1.0,1.0,B02
201500007241,0,30,0,6.0,0.0,7.0,1.0,A01
201500007242,0,7,0,0.0,9.0,2.0,13.0,A01
201500007242,0,1,0,0.0,0.0,5.0,19.0,B02
201500007243,0,33,0,0.0,2.0,8.0,1.0,B02
201500007243,0,7,0,0.0,0.0,3.0,15.0,A01
201500007244,0,7,0,13.0,0.0,1.0,13.0,A01
201500007245,0,10,0,0.0,2.0,1.0,0.0,A01
201500007245,0,7,0,0.0,2.0,1.0,0.0,B02
201500007246,0,31,0,0.0,0.0,0.0,1.0,A01
201500007247,0,7,0,7.0,0.0,9.0,1.0,A01
201500007248,0,7,0,0.0,1.0,7.0,1.0,A01
201500007249,0,7,0,2.0,0.0,8.0,13.0,A01
201500007250,0,2,0,16.0,0.0,1.0,1.0,A01
201500007251,0,7,0,0.0,2.0,3.0,13.0,A01
201500007251,0,7,0,0.0,2.0,3.0,1.0,B02
201500007252,0,7,0,2.0,0.0,3.0,0.0,A01
201500007253,0,7,0,0.0,2.0,5.0,0.0,A01
201500007253,0,31,0,0.0,2.0,1.0,1.0,B02
201500007254,0,2,0,0.0,2.0,1.0,0.0,B02
201500007254,0,7,0,0.0,2.0,8.0,15.0,A01
201500007255,0,99,0,0.0,2.0,1.0,1.0,A01
201500007255,0,99,0,0.0,0.0,4.0,1.0,B02
201500007255,0,99,0,0.0,2.0,9.0,1.0,C03
201500007256,0,7,0,0.0,2.0,2.0,2.0,A01
201500007256,0,7,0,0.0,2.0,6.0,1.0,B02
201500007256,0,7,0,0.0,0.0,0.0,0.0,C03
201500007257,0,7,0,0.0,2.0,5.0,13.0,A01
201500007257,0,7,0,0.0,2.0,3.0,2.0,B02
201500007258,0,7,0,,1.0,1.0,1.0,A01
201500007259,0,31,0,0.0,2.0,1.0,1.0,A01
201500007259,0,7,0,,2.0,1.0,17.0,A02
201500007260,0,33,0,,1.0,1.0,17.0,A01
201500007261,0,33,0,0.0,2.0,8.0,0.0,A01
201500007261,0,7,0,0.0,2.0,8.0,13.0,B01
201500007262,0,7,0,0.0,2.0,0.0,11.0,A01
201500007262,0,33,0,0.0,2.0,2.0,1.0,B01
201500007263,0,7,0,0.0,2.0,8.0,10.0,A01
201500007263,0,33,0,0.0,2.0,1.0,1.0,B02
201500007264,0,7,0,0.0,2.0,3.0,0.0,B01
201500007264,0,3,0,0.0,2.0,3.0,13.0,A01
201500007265,0,7,0,0.0,2.0,8.0,0.0,B01
201500007265,0,33,0,0.0,2.0,1.0,5.0,A01
201500007266,0,7,0,,2.0,2.0,15.0,A01
201500007266,0,33,0,,2.0,1.0,,B01
201500007267,0,7,0,,1.0,0.0,24.0,A01
201500007268,0,7,0,0.0,2.0,7.0,21.0,B02
201500007268,0,7,0,0.0,2.0,2.0,13.0,A01
201500007269,0,7,0,12.0,0.0,1.0,1.0,A01
201500007270,0,7,0,4.0,0.0,9.0,14.0,A01
201500007271,0,7,0,0.0,2.0,3.0,13.0,A01
201500007271,0,15,0,0.0,2.0,3.0,0.0,B02
201500007272,0,7,0,0.0,2.0,7.0,13.0,A01
201500007272,0,7,0,0.0,2.0,1.0,1.0,B02
201500007273,0,7,0,13.0,0.0,0.0,1.0,A01
201500007274,0,33,0,0.0,2.0,1.0,1.0,A01
201500007274,0,7,0,0.0,2.0,2.0,9.0,B02
201500007275,0,7,0,0.0,2.0,3.0,13.0,A01
201500007275,0,7,0,0.0,2.0,3.0,1.0,B02
201500007276,0,7,0,4.0,0.0,7.0,13.0,A01
201500007277,0,7,0,13.0,0.0,9.0,1.0,A01
201500007278,0,2,0,10.0,0.0,3.0,13.0,A01
201500007279,0,7,0,0.0,2.0,3.0,9.0,A01
201500007279,0,33,0,0.0,2.0,1.0,1.0,B02
201500007280,0,7,0,10.0,0.0,3.0,13.0,A01
201500007281,0,31,0,0.0,1.0,1.0,1.0,A01
201500007282,0,7,0,16.0,0.0,1.0,1.0,A01
201500007283,0,7,0,15.0,0.0,9.0,14.0,A01
201500007284,0,10,0,10.0,0.0,1.0,1.0,A01
201500007285,0,7,0,0.0,2.0,1.0,1.0,B02
201500007285,0,7,0,0.0,2.0,8.0,19.0,A01
201500007286,0,10,0,0.0,1.0,4.0,4.0,A01
201500007287,0,7,0,0.0,0.0,9.0,19.0,A01
201500007288,0,7,0,0.0,1.0,7.0,1.0,A01
201500007289,0,7,0,0.0,2.0,3.0,19.0,A01
201500007289,0,14,0,0.0,2.0,2.0,1.0,B02
201500007290,0,38,2,0.0,0.0,0.0,1.0,A01
201500007291,0,7,0,0.0,2.0,1.0,1.0,A01
201500007291,0,7,0,0.0,2.0,1.0,1.0,B02
201500007292,0,7,0,0.0,9.0,7.0,15.0,A01
201500007292,0,1,0,0.0,2.0,1.0,1.0,B02
201500007293,0,33,0,6.0,0.0,1.0,1.0,A01
201500007294,0,7,0,0.0,2.0,3.0,13.0,A01
201500007294,0,15,0,0.0,2.0,3.0,1.0,B02
201500007294,0,7,0,0.0,2.0,2.0,1.0,C03
201500007295,0,7,0,0.0,1.0,3.0,1.0,A01
201500007296,0,33,0,15.0,0.0,1.0,2.0,A01
201500007297,0,7,0,0.0,0.0,1.0,17.0,A01
201500007298,0,7,0,1.0,0.0,8.0,22.0,A01
201500007298,0,1,0,1.0,2.0,8.0,0.0,B02
201500007299,0,33,0,0.0,0.0,0.0,1.0,A01
201500007300,0,7,0,2.0,0.0,1.0,1.0,A01
201500007301,0,10,0,0.0,2.0,1.0,17.0,A01
201500007301,0,7,0,0.0,2.0,1.0,1.0,B02
201500007302,0,10,0,0.0,0.0,8.0,15.0,A01
201500007302,0,33,0,0.0,0.0,1.0,17.0,B02
201500007303,0,7,0,0.0,1.0,2.0,1.0,A01
201500007304,0,7,0,0.0,0.0,8.0,16.0,A01
201500007304,0,7,0,0.0,0.0,7.0,1.0,B02
201500007305,0,7,0,0.0,0.0,2.0,1.0,B02
201500007305,0,30,0,0.0,0.0,4.0,2.0,A01
201500007306,0,7,0,0.0,2.0,7.0,1.0,A01
201500007306,0,7,0,0.0,2.0,1.0,1.0,B02
201500007307,0,7,0,0.0,0.0,3.0,9.0,A01
201500007307,0,37,1,0.0,0.0,1.0,1.0,B02
201500007308,0,7,0,0.0,1.0,1.0,1.0,A01
201500007309,0,7,0,0.0,2.0,1.0,1.0,A01
201500007309,0,7,0,0.0,2.0,1.0,17.0,B02
201500007310,0,33,0,0.0,2.0,3.0,1.0,B02
201500007310,0,7,0,0.0,2.0,1.0,19.0,A01
201500007311,0,7,0,0.0,2.0,2.0,17.0,A01
201500007311,0,1,0,0.0,2.0,4.0,1.0,B02
201500007312,0,7,0,1.0,1.0,7.0,1.0,A01
201500007313,0,7,0,0.0,2.0,8.0,15.0,A01
201500007313,0,33,0,0.0,2.0,1.0,17.0,B02
201500007314,0,33,0,0.0,0.0,0.0,1.0,A01
201500007315,0,7,0,0.0,2.0,5.0,15.0,A01
201500007315,0,33,0,0.0,2.0,7.0,1.0,B02
201500007316,0,7,0,0.0,2.0,1.0,9.0,A01
201500007316,0,7,0,0.0,2.0,1.0,1.0,B02
201500007317,0,7,0,0.0,2.0,1.0,5.0,A01
201500007317,0,10,0,0.0,2.0,8.0,1.0,B02
201500007317,0,7,0,0.0,2.0,2.0,1.0,D04
201500007317,0,7,0,0.0,2.0,1.0,1.0,C03
201500007318,0,7,0,13.0,0.0,3.0,1.0,A01
201500007319,0,7,0,0.0,2.0,2.0,17.0,A01
201500007319,0,7,0,0.0,2.0,6.0,0.0,B02
201500007320,0,33,0,0.0,2.0,8.0,5.0,A01
201500007320,0,7,0,0.0,2.0,3.0,1.0,B02
201500007321,0,7,0,0.0,2.0,1.0,2.0,A01
201500007321,0,33,0,0.0,2.0,4.0,2.0,B02
201500007322,0,33,0,0.0,0.0,1.0,1.0,A01
201500007323,0,10,0,0.0,9.0,2.0,2.0,A01
201500007323,0,1,0,0.0,2.0,4.0,2.0,B02
201500007324,0,33,0,0.0,0.0,6.0,15.0,A01
201500007324,0,33,0,0.0,2.0,2.0,2.0,B02
201500007325,0,21,0,0.0,2.0,1.0,0.0,A01
201500007325,0,7,0,0.0,2.0,1.0,13.0,B02
201500007326,0,15,0,0.0,2.0,5.0,20.0,A01
201500007326,0,7,0,0.0,2.0,2.0,20.0,B02
201500007327,0,33,0,0.0,2.0,8.0,13.0,A01
201500007327,0,7,0,0.0,2.0,8.0,21.0,B02
201500007328,0,1,0,0.0,0.0,1.0,1.0,A01
201500007329,0,33,0,3.0,0.0,1.0,1.0,A01
201500007330,0,99,0,13.0,0.0,5.0,1.0,A01
201500007331,0,7,0,0.0,2.0,3.0,13.0,A01
201500007331,0,7,0,0.0,2.0,3.0,0.0,B02
201500007332,0,30,0,13.0,0.0,1.0,1.0,A01
201500007333,0,7,0,0.0,2.0,2.0,17.0,A01
201500007333,0,21,0,0.0,2.0,6.0,15.0,B02
201500007334,0,10,0,0.0,2.0,3.0,1.0,A01
201500007334,0,7,0,0.0,2.0,2.0,13.0,B02
201500007335,0,33,0,0.0,2.0,1.0,1.0,A01
201500007335,0,7,0,0.0,2.0,3.0,13.0,B02
201500007336,0,15,0,0.0,2.0,8.0,20.0,C03
201500007336,0,7,0,0.0,2.0,1.0,1.0,B02
201500007336,0,7,0,0.0,2.0,1.0,1.0,A01
201500007337,0,36,0,0.0,0.0,1.0,1.0,A01
201500007338,0,7,0,0.0,2.0,1.0,13.0,A01
201500007338,0,7,0,0.0,2.0,3.0,1.0,B02
201500007339,0,33,0,0.0,2.0,1.0,13.0,A01
201500007339,0,7,0,0.0,2.0,3.0,1.0,B02
201500007340,0,7,0,0.0,2.0,3.0,15.0,A01
201500007340,0,7,0,0.0,2.0,3.0,1.0,B02
201500007341,0,7,0,0.0,2.0,8.0,10.0,A01
201500007341,0,15,0,0.0,2.0,1.0,1.0,B02
201500007342,0,7,0,0.0,2.0,2.0,1.0,B02
201500007342,0,7,0,0.0,2.0,3.0,15.0,A01
201500007343,0,7,0,13.0,0.0,3.0,1.0,A01
201500007344,0,14,0,0.0,1.0,1.0,1.0,A01
201500007345,0,33,0,1.0,0.0,7.0,0.0,A01
201500007345,0,7,0,0.0,0.0,6.0,0.0,B02
201500007346,0,31,0,12.0,0.0,1.0,1.0,A01
201500007347,0,34,0,0.0,2.0,1.0,17.0,A01
201500007347,0,7,0,0.0,2.0,3.0,15.0,B02
201500007348,0,7,0,0.0,2.0,1.0,1.0,A01
201500007348,0,30,0,0.0,2.0,3.0,15.0,B02
201500007349,0,7,0,0.0,2.0,3.0,1.0,A01
201500007349,0,10,0,0.0,2.0,3.0,1.0,B02
201500007350,0,7,0,0.0,2.0,3.0,1.0,A01
201500007350,0,7,0,0.0,2.0,3.0,1.0,B02
201500007351,0,7,0,13.0,0.0,1.0,1.0,A01
201500007352,0,7,0,0.0,2.0,3.0,5.0,A01
201500007352,0,10,0,0.0,2.0,6.0,1.0,B02
201500007352,0,7,0,0.0,2.0,3.0,1.0,C03
201500007353,0,7,0,8.0,0.0,2.0,1.0,A01
201500007354,0,7,0,13.0,0.0,9.0,1.0,A01
201500007354,0,7,0,0.0,0.0,2.0,21.0,B02
201500007355,0,10,0,13.0,0.0,1.0,1.0,A01
201500007356,0,7,0,13.0,0.0,1.0,1.0,A01
201500007357,0,14,0,0.0,2.0,3.0,0.0,A01
201500007357,0,7,0,0.0,2.0,3.0,13.0,B02
201500007358,0,7,0,0.0,0.0,9.0,19.0,A01
201500007359,0,7,0,0.0,2.0,2.0,5.0,A01
201500007359,0,7,0,0.0,2.0,1.0,1.0,B02
201500007360,0,17,0,6.0,0.0,1.0,13.0,A01
201500007361,0,33,0,0.0,2.0,1.0,2.0,B02
201500007361,0,7,0,0.0,0.0,5.0,2.0,A01
201500007362,0,7,0,0.0,2.0,3.0,9.0,A01
201500007362,0,32,0,0.0,2.0,7.0,1.0,B02
201500007363,0,33,0,13.0,0.0,0.0,1.0,A01
201500007364,0,7,0,2.0,0.0,3.0,1.0,A01
201500007365,0,7,0,0.0,6.0,1.0,1.0,B02
201500007365,0,33,0,0.0,6.0,1.0,1.0,A01
201500007366,0,30,0,0.0,2.0,1.0,1.0,A01
201500007366,0,7,0,0.0,2.0,3.0,15.0,B02
201500007367,0,10,0,0.0,2.0,1.0,13.0,A01
201500007367,0,7,0,0.0,2.0,1.0,1.0,B02
201500007368,0,7,0,0.0,1.0,2.0,1.0,A01
201500007369,0,7,0,13.0,0.0,1.0,1.0,A01
201500007370,0,7,0,0.0,2.0,3.0,17.0,A01
201500007370,0,33,0,0.0,2.0,2.0,17.0,B02
201500007371,0,7,0,0.0,0.0,4.0,2.0,B02
201500007371,0,7,0,0.0,0.0,1.0,2.0,A01
201500007372,0,7,0,0.0,2.0,3.0,13.0,B02
201500007372,0,7,0,0.0,2.0,1.0,13.0,A01
201500007373,0,1,0,0.0,6.0,1.0,1.0,A01
201500007374,0,21,0,0.0,0.0,0.0,15.0,B02
201500007374,0,33,0,0.0,2.0,0.0,17.0,A01
201500007375,0,33,0,13.0,0.0,8.0,16.0,A01
201500007376,0,7,0,0.0,2.0,2.0,13.0,A01
201500007376,0,7,0,0.0,2.0,1.0,1.0,B02
201500007377,0,7,0,2.0,0.0,8.0,1.0,A01
201500007378,0,33,0,0.0,0.0,8.0,0.0,A01
201500007379,0,33,0,0.0,6.0,1.0,1.0,A01
201500007380,0,7,0,0.0,2.0,1.0,1.0,A01
201500007380,0,7,0,0.0,2.0,3.0,19.0,B02
201500007381,0,7,0,0.0,2.0,2.0,1.0,B02
201500007381,0,7,0,0.0,2.0,8.0,9.0,A01
201500007382,0,10,0,0.0,9.0,2.0,17.0,A01
201500007382,0,1,0,0.0,0.0,0.0,1.0,B02
201500007383,0,30,0,12.0,0.0,8.0,1.0,A01
201500007384,0,7,0,0.0,2.0,2.0,1.0,A01
201500007384,0,7,0,0.0,2.0,2.0,1.0,B02
201500007385,0,1,0,0.0,2.0,7.0,1.0,A01
201500007386,0,30,0,12.0,0.0,1.0,15.0,A01
201500007387,0,7,0,0.0,1.0,2.0,1.0,A01
201500007388,0,7,0,1.0,0.0,1.0,16.0,A01
201500007389,0,33,0,16.0,0.0,7.0,14.0,A01
201500007390,0,14,0,0.0,0.0,7.0,14.0,A01
201500007391,0,15,0,4.0,2.0,1.0,19.0,D04
201500007391,0,7,0,14.0,0.0,0.0,21.0,C03
201500007391,0,7,0,14.0,0.0,0.0,21.0,B02
201500007391,0,7,0,0.0,2.0,8.0,21.0,A01
201500007392,0,7,0,11.0,0.0,1.0,1.0,A01
201500007393,0,7,0,3.0,0.0,2.0,1.0,A01
201500007394,0,7,0,0.0,1.0,3.0,1.0,A01
201500007395,0,7,0,3.0,0.0,1.0,1.0,A01
201500007396,0,7,0,0.0,2.0,1.0,2.0,B02
201500007396,0,15,0,4.0,0.0,1.0,6.0,A01
201500007397,0,10,0,4.0,2.0,7.0,13.0,B02
201500007397,0,10,0,0.0,2.0,2.0,1.0,C03
201500007397,0,10,0,0.0,2.0,3.0,13.0,A01
201500007398,0,7,0,4.0,0.0,3.0,13.0,A01
201500007399,0,15,0,6.0,0.0,2.0,14.0,A01
201500007400,0,15,0,0.0,2.0,1.0,1.0,A01
201500007400,0,10,0,3.0,0.0,4.0,1.0,B02
201500007401,0,7,0,3.0,0.0,1.0,14.0,A01
201500007402,0,7,0,4.0,2.0,7.0,14.0,A01
201500007402,0,15,0,0.0,2.0,8.0,1.0,B02
201500007403,0,17,0,6.0,0.0,5.0,21.0,A01
201500007403,0,17,0,0.0,9.0,1.0,1.0,B02
201500007403,0,7,0,0.0,9.0,1.0,0.0,C03
201500007403,0,7,0,0.0,9.0,1.0,1.0,D04
201500007403,0,7,0,0.0,9.0,1.0,0.0,E05
201500007403,0,7,0,0.0,9.0,1.0,1.0,F06
201500007403,0,7,0,0.0,9.0,1.0,1.0,G07
201500007404,0,7,0,0.0,2.0,1.0,19.0,A01
201500007404,0,7,0,8.0,2.0,3.0,1.0,B02
201500007405,1,7,0,0.0,2.0,1.0,1.0,Z02
201500007405,0,7,0,0.0,2.0,8.0,1.0,A01
201500007406,0,17,0,0.0,2.0,2.0,14.0,A01
201500007406,0,17,0,0.0,2.0,6.0,23.0,B02
201500007407,0,2,0,0.0,2.0,1.0,5.0,A01
201500007407,0,7,0,0.0,2.0,1.0,1.0,B02
201500007408,0,7,0,0.0,2.0,1.0,2.0,A01
201500007408,0,7,0,0.0,2.0,4.0,2.0,B02
201500007409,0,10,0,0.0,2.0,7.0,15.0,A01
201500007409,0,30,0,0.0,2.0,1.0,1.0,B02
201500007410,0,7,0,0.0,2.0,2.0,15.0,A01
201500007410,0,7,0,0.0,2.0,3.0,1.0,B02
201500007411,0,7,0,2.0,0.0,7.0,13.0,A01
201500007412,0,7,0,0.0,2.0,8.0,11.0,A01
201500007412,0,7,0,0.0,2.0,1.0,1.0,B02
201500007413,0,7,0,6.0,0.0,2.0,1.0,A01
201500007414,0,7,0,3.0,0.0,3.0,13.0,A01
201500007415,0,33,0,0.0,2.0,1.0,21.0,A01
201500007415,0,7,0,0.0,2.0,3.0,10.0,B02
201500007416,0,7,0,0.0,2.0,2.0,1.0,A01
201500007416,0,15,0,0.0,2.0,6.0,1.0,B02
201500007417,0,38,1,0.0,2.0,2.0,1.0,B02
201500007417,0,7,0,0.0,0.0,4.0,1.0,A01
201500007418,0,33,0,0.0,2.0,1.0,1.0,A01
201500007418,0,7,0,0.0,2.0,4.0,1.0,B02
201500007419,0,7,0,0.0,2.0,1.0,13.0,A01
201500007419,0,14,0,0.0,2.0,1.0,1.0,B02
201500007420,0,7,0,0.0,2.0,2.0,21.0,A01
201500007420,0,7,0,0.0,2.0,2.0,15.0,B02
201500007421,0,7,0,4.0,2.0,3.0,1.0,A01
201500007421,0,14,0,0.0,2.0,4.0,1.0,B02
201500007422,0,33,0,7.0,0.0,1.0,16.0,A01
201500007423,0,7,0,4.0,0.0,1.0,21.0,A01
201500007424,0,7,0,2.0,6.0,3.0,1.0,A01
201500007425,0,7,0,0.0,1.0,1.0,1.0,A01
201500007426,0,17,0,0.0,0.0,5.0,2.0,C03
201500007426,0,7,0,0.0,2.0,4.0,2.0,B02
201500007426,0,7,0,0.0,2.0,1.0,2.0,A01
201500007427,0,7,0,4.0,0.0,7.0,1.0,A01
201500007428,0,7,0,6.0,0.0,2.0,14.0,A01
201500007429,0,7,0,0.0,2.0,2.0,1.0,A01
201500007429,0,14,0,0.0,0.0,6.0,1.0,B02
201500007430,0,7,0,13.0,2.0,8.0,19.0,A01
201500007430,0,7,0,13.0,2.0,1.0,1.0,B02
201500007431,0,14,0,0.0,2.0,2.0,17.0,A01
201500007431,0,1,0,0.0,2.0,3.0,15.0,B02
201500007432,0,7,0,2.0,0.0,1.0,1.0,A01
201500007433,0,7,0,13.0,0.0,1.0,1.0,A01
201500007434,0,1,0,0.0,0.0,0.0,16.0,A01
201500007435,0,31,0,0.0,2.0,1.0,1.0,A01
201500007435,0,7,0,0.0,0.0,4.0,1.0,B02
201500007436,0,7,0,0.0,2.0,2.0,1.0,A01
201500007436,0,7,0,0.0,2.0,3.0,1.0,B02
201500007437,0,7,0,0.0,2.0,2.0,15.0,A01
201500007437,0,2,0,0.0,2.0,1.0,1.0,B02
201500007438,0,10,0,0.0,2.0,1.0,15.0,A01
201500007438,0,33,0,0.0,2.0,1.0,1.0,B02
201500007439,0,7,0,0.0,2.0,7.0,14.0,A01
201500007439,0,15,0,0.0,2.0,6.0,1.0,B02
201500007440,0,7,0,0.0,2.0,2.0,1.0,B02
201500007440,0,30,0,0.0,2.0,1.0,5.0,A01
201500007441,0,10,0,2.0,0.0,1.0,5.0,A01
201500007442,0,7,0,0.0,2.0,7.0,5.0,B02
201500007442,0,33,0,0.0,2.0,7.0,5.0,A01
201500007443,0,7,0,6.0,0.0,1.0,13.0,A01
201500007444,0,7,0,0.0,2.0,3.0,13.0,A01
201500007444,0,7,0,0.0,2.0,3.0,1.0,B02
201500007445,0,10,0,0.0,0.0,0.0,18.0,A01
201500007446,0,10,0,0.0,2.0,1.0,2.0,A01
201500007446,0,17,0,0.0,2.0,0.0,2.0,B02
201500007447,0,7,0,0.0,2.0,1.0,1.0,B02
201500007447,0,1,0,0.0,2.0,7.0,1.0,A01
201500007448,0,7,0,0.0,2.0,3.0,1.0,A01
201500007448,0,7,0,0.0,2.0,3.0,1.0,B02
201500007449,0,7,0,8.0,0.0,1.0,1.0,A01
201500007450,0,17,0,0.0,2.0,2.0,1.0,A01
201500007450,0,99,0,3.0,0.0,6.0,1.0,B02
201500007450,0,7,0,0.0,2.0,6.0,1.0,C03
201500007450,0,14,0,0.0,0.0,8.0,1.0,D04
201500007451,0,7,0,0.0,2.0,8.0,19.0,A01
201500007451,0,7,0,0.0,2.0,1.0,1.0,B02
201500007452,0,7,0,0.0,2.0,2.0,19.0,A01
201500007452,0,7,0,0.0,2.0,3.0,23.0,B02
201500007452,0,31,0,0.0,2.0,1.0,1.0,C03
201500007453,0,33,0,13.0,0.0,1.0,16.0,A01
201500007454,0,7,0,0.0,0.0,1.0,1.0,B02
201500007454,0,31,0,0.0,2.0,1.0,13.0,A01
201500007455,0,10,0,0.0,0.0,6.0,1.0,B02
201500007455,0,7,0,14.0,0.0,2.0,14.0,A01
201500007456,0,10,0,2.0,0.0,1.0,13.0,A01
201500007457,0,33,0,12.0,0.0,1.0,1.0,A01