Num_Acc,senc,catv,occutc,obs,obsm,choc,manv,num_veh
201500007458,0,7,0,0.0,1.0,2.0,1.0,A01
201500007459,0,15,0,0.0,2.0,3.0,1.0,B02
201500007459,0,7,0,3.0,2.0,1.0,1.0,A01
201500007460,0,10,0,2.0,0.0,8.0,1.0,A01
201500007461,0,7,0,0.0,0.0,9.0,0.0,A01
201500007462,0,7,0,0.0,2.0,3.0,15.0,B02
201500007462,0,33,0,0.0,2.0,1.0,17.0,A01
201500007463,0,7,0,0.0,2.0,1.0,1.0,A01
201500007463,0,7,0,0.0,2.0,8.0,19.0,B02
201500007464,0,7,0,2.0,0.0,1.0,1.0,A01
201500007465,2,7,0,0.0,1.0,2.0,1.0,A01
201500007466,0,7,0,0.0,2.0,3.0,1.0,B02
201500007466,0,7,0,2.0,2.0,3.0,13.0,A01
201500007467,0,7,0,0.0,2.0,1.0,1.0,B02
201500007467,0,7,0,0.0,2.0,7.0,1.0,A01
201500007468,0,33,0,13.0,0.0,1.0,0.0,A01
201500007469,0,7,0,8.0,0.0,2.0,13.0,A01
201500007470,0,33,0,0.0,2.0,1.0,1.0,A01
201500007470,0,7,0,0.0,2.0,3.0,1.0,B02
201500007471,0,7,0,0.0,0.0,3.0,0.0,B02
201500007471,0,7,0,0.0,0.0,7.0,0.0,A01
201500007472,1,10,0,1.0,0.0,3.0,1.0,A01
201500007472,0,7,0,0.0,2.0,3.0,23.0,B02
201500007473,0,17,0,13.0,0.0,2.0,1.0,A01
201500007474,0,7,0,0.0,2.0,3.0,21.0,A01
201500007474,0,7,0,0.0,2.0,3.0,5.0,B02
201500007475,0,7,0,0.0,2.0,2.0,15.0,A01
201500007475,0,7,0,0.0,2.0,8.0,1.0,B02
201500007476,0,7,0,0.0,0.0,4.0,2.0,B02
201500007476,0,33,0,0.0,2.0,1.0,2.0,A01
201500007477,0,7,0,0.0,2.0,1.0,2.0,C03
201500007477,0,7,0,0.0,2.0,3.0,1.0,B02
201500007477,0,7,0,0.0,2.0,3.0,5.0,A01
201500007478,0,7,0,0.0,2.0,1.0,9.0,B02
201500007478,0,32,0,0.0,2.0,8.0,1.0,A01
201500007479,0,7,0,0.0,1.0,1.0,0.0,A01
201500007480,0,7,0,0.0,0.0,3.0,1.0,C03
201500007480,0,10,0,0.0,0.0,7.0,1.0,B02
201500007480,0,7,0,0.0,2.0,1.0,1.0,A01
201500007481,0,7,0,0.0,2.0,5.0,13.0,A01
201500007481,0,7,0,0.0,2.0,1.0,1.0,B02
201500007482,0,7,0,0.0,2.0,2.0,13.0,A01
201500007482,0,7,0,0.0,2.0,1.0,1.0,B02
201500007483,0,7,0,0.0,2.0,1.0,13.0,A01
201500007483,0,7,0,0.0,2.0,1.0,1.0,B02
201500007484,0,33,0,0.0,2.0,8.0,17.0,A01
201500007484,0,7,0,0.0,2.0,3.0,1.0,B02
201500007485,0,7,0,0.0,2.0,2.0,2.0,A01
201500007485,0,7,0,0.0,2.0,6.0,2.0,B02
201500007486,0,33,0,0.0,2.0,1.0,1.0,B02
201500007486,0,7,0,0.0,0.0,8.0,15.0,A01
201500007487,0,7,0,0.0,2.0,8.0,21.0,C03
201500007487,0,7,0,0.0,2.0,8.0,21.0,D04
201500007487,0,7,0,0.0,2.0,7.0,13.0,B02
201500007487,0,7,0,0.0,2.0,7.0,23.0,A01
201500007488,0,7,0,0.0,2.0,1.0,1.0,B02
201500007488,0,7,0,0.0,2.0,2.0,13.0,A01
201500007489,0,7,0,0.0,2.0,1.0,17.0,A01
201500007489,0,7,0,0.0,2.0,1.0,1.0,B02
201500007490,0,7,0,10.0,0.0,2.0,1.0,A01
201500007491,0,7,0,0.0,1.0,1.0,1.0,A01
201500007492,0,10,0,0.0,1.0,7.0,1.0,A01
201500007493,0,7,0,0.0,2.0,1.0,1.0,A01
201500007493,0,2,0,0.0,2.0,1.0,13.0,B02
201500007494,0,14,0,0.0,2.0,8.0,15.0,B02
201500007494,0,33,0,0.0,2.0,1.0,1.0,A01
201500007495,0,10,0,0.0,2.0,6.0,15.0,B02
201500007495,0,33,0,0.0,2.0,1.0,17.0,A01
201500007496,0,37,0,0.0,0.0,3.0,1.0,B02
201500007496,0,7,0,0.0,0.0,3.0,1.0,A01
201500007497,0,7,0,0.0,0.0,2.0,16.0,B02
201500007497,0,33,0,0.0,0.0,1.0,18.0,A01
201500007498,0,7,0,1.0,0.0,1.0,14.0,A01
201500007498,0,7,0,0.0,2.0,1.0,24.0,B02
201500007498,0,7,0,0.0,2.0,3.0,23.0,C03
201500007499,0,7,0,0.0,0.0,5.0,1.0,C03
201500007499,0,7,0,0.0,0.0,4.0,1.0,B02
201500007499,0,7,0,0.0,2.0,1.0,9.0,A01
201500007500,0,7,0,0.0,0.0,2.0,15.0,A01
201500007500,0,34,0,0.0,2.0,1.0,1.0,B02
201500007501,0,33,0,0.0,0.0,1.0,17.0,A01
201500007501,0,7,0,0.0,0.0,6.0,15.0,B02
201500007502,0,7,0,6.0,0.0,1.0,17.0,A01
201500007503,0,7,0,13.0,0.0,1.0,17.0,A01
201500007504,0,7,0,13.0,0.0,2.0,1.0,A01
201500007505,0,14,0,0.0,0.0,4.0,15.0,B02
201500007505,0,7,0,0.0,2.0,1.0,17.0,A01
201500007506,0,7,0,13.0,0.0,7.0,1.0,A01
201500007507,0,7,0,0.0,2.0,3.0,1.0,B02
201500007507,0,7,0,0.0,2.0,3.0,13.0,A01
201500007507,0,7,0,0.0,2.0,8.0,1.0,C03
201500007508,0,10,0,0.0,2.0,5.0,1.0,B02
201500007508,0,33,0,0.0,2.0,1.0,1.0,A01
201500007509,0,7,0,0.0,0.0,1.0,1.0,A01
201500007510,0,99,0,0.0,2.0,3.0,0.0,B02
201500007510,0,7,0,0.0,2.0,3.0,13.0,A01
201500007511,0,7,0,13.0,0.0,2.0,1.0,A01
201500007512,0,7,0,0.0,2.0,8.0,13.0,A01
201500007512,0,7,0,0.0,2.0,7.0,17.0,B02
201500007513,0,34,0,2.0,0.0,1.0,1.0,A01
201500007514,0,7,0,4.0,0.0,9.0,1.0,A01
201500007515,0,7,0,2.0,0.0,1.0,1.0,A01
201500007516,0,7,0,0.0,2.0,7.0,15.0,A01
201500007516,0,33,0,0.0,2.0,1.0,1.0,B02
201500007517,0,10,0,0.0,2.0,3.0,23.0,A01
201500007517,0,7,0,6.0,2.0,3.0,1.0,B02
201500007518,0,10,0,0.0,0.0,7.0,20.0,A01
201500007518,0,32,0,0.0,0.0,1.0,1.0,B02
201500007519,0,10,0,0.0,2.0,1.0,1.0,B02
201500007519,0,7,0,0.0,2.0,2.0,15.0,A01
201500007520,0,7,0,0.0,1.0,1.0,1.0,A01
201500007521,0,7,0,0.0,2.0,1.0,1.0,B02
201500007521,0,7,0,0.0,0.0,7.0,19.0,A01
201500007522,0,7,0,13.0,0.0,1.0,0.0,A01
201500007523,0,31,0,0.0,2.0,3.0,1.0,B02
201500007523,0,7,0,0.0,2.0,1.0,19.0,A01
201500007524,0,10,0,0.0,2.0,3.0,13.0,A01
201500007524,0,33,0,0.0,2.0,1.0,1.0,B02
201500007525,0,7,0,0.0,2.0,6.0,15.0,B02
201500007525,0,34,0,0.0,2.0,1.0,17.0,A01
201500007526,0,7,0,13.0,0.0,1.0,13.0,A01
201500007527,0,7,0,0.0,0.0,2.0,1.0,A01
201500007528,0,7,0,0.0,0.0,3.0,1.0,A01
201500007529,0,33,0,0.0,0.0,1.0,17.0,A01
201500007530,0,3,0,0.0,2.0,1.0,1.0,B02
201500007530,0,10,0,0.0,2.0,1.0,1.0,A01
201500007531,0,31,0,0.0,0.0,8.0,1.0,A01
201500007532,0,7,0,0.0,9.0,2.0,1.0,A01
201500007532,0,1,0,0.0,2.0,7.0,1.0,B02
201500007533,0,7,0,0.0,2.0,3.0,15.0,B02
201500007533,0,32,0,0.0,0.0,3.0,1.0,A01
201500007534,0,33,0,0.0,0.0,0.0,1.0,A01
201500007535,0,7,0,13.0,0.0,1.0,1.0,A01
201500007536,0,1,0,0.0,0.0,6.0,2.0,B02
201500007536,0,7,0,0.0,2.0,2.0,2.0,A01
201500007537,0,33,0,0.0,2.0,1.0,1.0,B02
201500007537,0,14,0,0.0,2.0,3.0,15.0,A01
201500007538,0,7,0,13.0,0.0,9.0,1.0,A01
201500007539,0,7,0,0.0,0.0,1.0,1.0,B02
201500007539,0,7,0,0.0,0.0,8.0,15.0,A01
201500007540,0,7,0,0.0,0.0,1.0,1.0,B02
201500007540,0,7,0,0.0,0.0,1.0,13.0,A01
201500007541,0,10,0,2.0,0.0,3.0,1.0,A01
201500007542,0,14,0,0.0,2.0,3.0,1.0,A01
201500007542,0,10,0,0.0,2.0,3.0,13.0,B02
201500007543,0,7,0,2.0,2.0,3.0,13.0,A01
201500007543,0,10,0,0.0,2.0,6.0,1.0,B02
201500007544,0,7,0,0.0,0.0,9.0,0.0,A01
201500007545,0,10,0,16.0,0.0,9.0,14.0,A01
201500007546,0,7,0,0.0,2.0,1.0,1.0,A01
201500007546,0,10,0,0.0,2.0,8.0,19.0,B02
201500007547,0,7,0,0.0,9.0,5.0,15.0,A01
201500007547,0,1,0,0.0,2.0,1.0,1.0,B02
201500007548,0,10,0,0.0,2.0,1.0,1.0,A01
201500007548,0,1,0,0.0,2.0,4.0,1.0,B02
201500007549,0,7,0,0.0,2.0,4.0,15.0,B02
201500007549,0,17,0,0.0,2.0,1.0,21.0,A01
201500007550,0,10,0,0.0,2.0,3.0,19.0,B02
201500007550,0,17,0,0.0,2.0,3.0,1.0,A01
201500007551,0,7,0,2.0,0.0,1.0,14.0,A01
201500007552,0,33,0,0.0,2.0,8.0,1.0,A01
201500007552,0,1,0,0.0,0.0,4.0,1.0,B02
201500007553,0,31,0,4.0,2.0,1.0,1.0,A01
201500007553,0,7,0,0.0,2.0,1.0,1.0,B02
201500007554,0,7,0,0.0,2.0,1.0,13.0,A01
201500007554,0,7,0,0.0,2.0,1.0,1.0,B02
201500007555,0,33,0,3.0,0.0,1.0,13.0,A01
201500007556,0,33,0,13.0,0.0,2.0,1.0,A01
201500007557,0,7,0,0.0,2.0,8.0,15.0,A01
201500007557,0,33,0,0.0,2.0,1.0,17.0,B02
201500007558,0,2,0,3.0,0.0,7.0,1.0,A01
201500007559,0,33,0,0.0,2.0,1.0,1.0,B02
201500007559,0,7,0,13.0,2.0,1.0,1.0,A01
201500007560,0,33,0,0.0,2.0,1.0,2.0,A01
201500007560,0,7,0,0.0,2.0,6.0,15.0,B02
201500007561,0,33,0,4.0,0.0,1.0,1.0,A01
201500007562,0,1,0,0.0,2.0,8.0,1.0,C03
201500007562,0,7,0,0.0,2.0,1.0,1.0,B02
201500007562,0,1,0,0.0,2.0,8.0,1.0,D04
201500007562,0,33,0,0.0,2.0,1.0,1.0,A01
201500007563,0,7,0,0.0,0.0,2.0,13.0,A01
201500007563,0,33,0,0.0,0.0,8.0,1.0,B02
201500007564,0,7,0,0.0,2.0,2.0,17.0,A01
201500007564,0,7,0,0.0,2.0,3.0,15.0,B02
201500007565,0,33,0,13.0,0.0,7.0,1.0,B02
201500007565,0,33,0,13.0,0.0,7.0,1.0,A01
201500007566,0,31,0,0.0,2.0,1.0,1.0,A01
201500007566,0,3,0,0.0,2.0,2.0,1.0,B02
201500007567,0,7,0,0.0,2.0,2.0,1.0,C03
201500007567,0,7,0,3.0,2.0,1.0,1.0,A01
201500007567,0,10,0,0.0,2.0,1.0,1.0,D04
201500007567,0,3,0,3.0,2.0,8.0,1.0,B02
201500007568,0,33,0,7.0,0.0,1.0,1.0,A01
201500007569,0,7,0,0.0,2.0,1.0,19.0,A01
201500007569,0,7,0,0.0,2.0,6.0,1.0,B02
201500007570,0,10,0,0.0,0.0,0.0,1.0,A01
201500007571,0,33,0,0.0,2.0,1.0,1.0,B02
201500007571,0,7,0,0.0,2.0,2.0,15.0,A01
201500007572,0,7,0,0.0,2.0,3.0,1.0,B02
201500007572,0,33,0,0.0,2.0,8.0,13.0,A01
201500007573,0,7,0,0.0,1.0,4.0,4.0,A01
201500007574,0,7,0,13.0,0.0,1.0,1.0,A01
201500007575,0,7,0,0.0,2.0,1.0,1.0,B02
201500007575,0,33,0,0.0,2.0,3.0,1.0,A01
201500007576,0,2,0,0.0,2.0,1.0,1.0,A01
201500007576,0,38,0,0.0,2.0,4.0,1.0,B02
201500007577,0,7,0,16.0,0.0,9.0,16.0,A01
201500007578,1,7,0,0.0,2.0,3.0,13.0,A01
201500007578,0,31,0,0.0,2.0,8.0,1.0,B02
201500007579,0,7,0,0.0,2.0,3.0,16.0,A01
201500007579,0,33,0,0.0,2.0,3.0,15.0,B02
201500007580,0,2,0,13.0,0.0,9.0,1.0,A01
201500007581,0,7,0,0.0,1.0,3.0,1.0,A01
201500007582,0,33,0,0.0,2.0,7.0,1.0,A01
201500007582,0,7,0,0.0,2.0,8.0,19.0,B02
201500007583,0,7,0,2.0,0.0,7.0,1.0,A01
201500007584,0,2,0,0.0,2.0,3.0,1.0,A01
201500007584,0,7,0,0.0,2.0,3.0,1.0,B02
201500007585,0,7,0,0.0,2.0,1.0,1.0,A01
201500007585,0,10,0,0.0,2.0,3.0,1.0,B02
201500007586,0,7,0,0.0,2.0,3.0,1.0,B02
201500007586,0,33,0,0.0,2.0,1.0,13.0,A01
201500007587,0,2,0,16.0,0.0,1.0,1.0,A01
201500007588,0,7,0,0.0,2.0,5.0,1.0,B02
201500007588,0,33,0,0.0,2.0,1.0,17.0,A01
201500007589,0,7,0,9.0,0.0,1.0,14.0,A01
201500007590,0,7,0,0.0,2.0,8.0,9.0,B02
201500007590,0,7,0,0.0,2.0,3.0,1.0,C03
201500007590,0,34,0,0.0,2.0,1.0,1.0,A01
201500007591,0,33,0,0.0,2.0,1.0,1.0,B02
201500007591,0,7,0,0.0,2.0,2.0,19.0,A01
201500007592,0,7,0,0.0,2.0,3.0,1.0,B02
201500007592,0,2,0,0.0,2.0,1.0,13.0,A01
201500007593,0,7,0,0.0,2.0,3.0,19.0,A01
201500007593,0,33,0,0.0,2.0,1.0,17.0,B02
201500007594,0,7,0,0.0,0.0,0.0,1.0,A01
201500007595,0,33,0,0.0,2.0,1.0,17.0,A01
201500007595,0,7,0,0.0,2.0,1.0,1.0,C03
201500007595,0,10,0,0.0,2.0,3.0,1.0,B02
201500007596,0,33,0,0.0,2.0,1.0,1.0,B02
201500007596,0,7,0,0.0,2.0,3.0,19.0,A01
201500007597,0,7,0,0.0,2.0,3.0,1.0,B02
201500007597,0,7,0,0.0,2.0,8.0,1.0,C03
201500007597,0,10,0,0.0,2.0,3.0,17.0,A01
201500007598,0,10,0,0.0,2.0,5.0,15.0,B02
201500007598,0,7,0,0.0,2.0,1.0,1.0,C03
201500007598,0,15,0,0.0,2.0,3.0,1.0,A01
201500007598,0,7,0,0.0,2.0,1.0,1.0,D04
201500007599,0,33,0,0.0,2.0,1.0,17.0,B02
201500007599,0,15,0,0.0,2.0,8.0,15.0,A01
201500007600,0,7,0,0.0,1.0,1.0,1.0,A01
201500007601,0,7,0,0.0,9.0,1.0,1.0,A01
201500007602,0,14,0,0.0,2.0,2.0,1.0,B02
201500007602,0,7,0,10.0,2.0,8.0,15.0,A01
201500007603,0,7,0,0.0,2.0,1.0,0.0,A01
201500007603,0,7,0,0.0,2.0,8.0,0.0,B02
201500007604,0,7,0,2.0,0.0,2.0,1.0,A01
201500007605,0,15,0,0.0,2.0,2.0,1.0,A01
201500007605,0,7,0,0.0,0.0,8.0,16.0,B02
201500007606,0,10,0,0.0,2.0,4.0,21.0,B02
201500007606,0,7,0,0.0,2.0,1.0,19.0,A01
201500007606,0,7,0,0.0,2.0,1.0,19.0,C03
201500007607,0,7,0,0.0,2.0,2.0,15.0,A01
201500007607,0,33,0,0.0,2.0,1.0,1.0,B02
201500007608,0,33,0,0.0,2.0,1.0,1.0,B02
201500007608,0,7,0,0.0,2.0,7.0,15.0,A01
201500007609,0,10,0,0.0,2.0,6.0,1.0,C03
201500007609,0,7,0,0.0,2.0,1.0,1.0,B02
201500007609,0,10,0,0.0,2.0,1.0,1.0,A01
201500007610,0,10,0,0.0,1.0,1.0,19.0,A01
201500007611,0,7,0,0.0,2.0,1.0,19.0,A01
201500007611,0,33,0,0.0,2.0,1.0,17.0,B02
201500007612,0,10,0,0.0,0.0,0.0,11.0,B02
201500007612,0,10,0,0.0,0.0,0.0,1.0,A01
201500007613,0,7,0,0.0,0.0,3.0,9.0,B02
201500007613,0,30,0,0.0,2.0,2.0,1.0,A01
201500007614,0,31,0,0.0,2.0,1.0,1.0,A01
201500007614,0,7,0,0.0,2.0,2.0,23.0,B02
201500007615,0,17,0,0.0,0.0,6.0,1.0,B02
201500007615,0,10,0,0.0,2.0,2.0,2.0,A01
201500007616,0,2,0,0.0,2.0,1.0,1.0,A01
201500007616,0,7,0,0.0,2.0,2.0,11.0,B02
201500007617,0,7,0,3.0,2.0,1.0,13.0,A01
201500007617,0,7,0,0.0,2.0,1.0,1.0,B02
201500007618,0,33,0,0.0,0.0,0.0,1.0,A01
201500007619,0,33,0,13.0,0.0,1.0,14.0,A01
201500007620,0,31,0,0.0,0.0,3.0,1.0,A01
201500007621,0,7,0,0.0,2.0,1.0,13.0,A01
201500007621,0,7,0,0.0,2.0,7.0,1.0,B02
201500007621,0,7,0,0.0,2.0,1.0,1.0,C03
201500007621,0,7,0,0.0,2.0,6.0,1.0,D04
201500007622,0,7,0,0.0,2.0,9.0,17.0,A01
201500007622,0,7,0,0.0,2.0,8.0,13.0,B02
201500007623,0,7,0,0.0,2.0,8.0,9.0,A01
201500007623,0,33,0,0.0,2.0,1.0,1.0,B02
201500007624,0,7,0,0.0,2.0,1.0,0.0,C03
201500007624,0,7,0,0.0,0.0,3.0,1.0,A01
201500007624,0,7,0,0.0,2.0,8.0,0.0,B02
201500007625,0,33,0,0.0,0.0,8.0,1.0,A01
201500007626,0,7,0,0.0,2.0,1.0,1.0,A01
201500007626,0,7,0,0.0,2.0,1.0,1.0,B02
201500007627,0,7,0,13.0,0.0,9.0,1.0,A01
201500007628,0,7,0,0.0,2.0,1.0,1.0,B02
201500007628,0,33,0,0.0,2.0,1.0,1.0,A01
201500007629,0,7,0,0.0,2.0,3.0,11.0,A01
201500007629,0,38,0,0.0,2.0,3.0,1.0,B02
201500007629,0,7,0,0.0,2.0,1.0,1.0,C03
201500007630,0,7,0,0.0,0.0,0.0,1.0,A01
201500007631,0,15,0,0.0,2.0,3.0,21.0,B02
201500007631,0,7,0,0.0,2.0,7.0,13.0,A01
201500007632,0,7,0,2.0,0.0,2.0,14.0,A01
201500007633,0,7,0,0.0,2.0,1.0,1.0,B02
201500007633,0,7,0,0.0,2.0,8.0,13.0,A01
201500007633,0,7,0,0.0,2.0,1.0,24.0,C03
201500007634,0,7,0,0.0,2.0,1.0,15.0,A01
201500007634,0,33,0,0.0,2.0,1.0,1.0,B02
201500007635,0,7,0,0.0,2.0,3.0,13.0,A01
201500007635,0,10,0,0.0,2.0,3.0,0.0,B02
201500007636,0,1,0,0.0,2.0,3.0,1.0,B02
201500007636,0,10,0,0.0,2.0,7.0,1.0,A01
201500007637,0,7,0,0.0,2.0,1.0,1.0,B02
201500007637,0,7,0,0.0,2.0,9.0,15.0,A01
201500007637,0,7,0,0.0,2.0,1.0,1.0,C03
201500007638,0,33,0,0.0,2.0,1.0,17.0,A01
201500007638,0,7,0,0.0,2.0,1.0,13.0,B02
201500007639,0,33,0,0.0,2.0,1.0,13.0,A01
201500007639,0,7,0,0.0,2.0,1.0,1.0,B02
201500007640,0,1,0,0.0,0.0,8.0,13.0,A01
201500007640,0,7,0,0.0,2.0,6.0,1.0,B02
201500007641,0,7,0,0.0,2.0,3.0,17.0,A01
201500007641,0,33,0,0.0,2.0,1.0,1.0,B02
201500007641,0,7,0,0.0,9.0,3.0,1.0,C03
201500007642,0,33,0,0.0,2.0,4.0,2.0,C03
201500007642,0,7,0,0.0,2.0,4.0,2.0,B02
201500007642,0,33,0,0.0,2.0,1.0,2.0,A01
201500007642,0,33,0,0.0,2.0,4.0,2.0,D04
201500007643,0,1,0,0.0,0.0,0.0,13.0,A01
201500007643,0,7,0,0.0,9.0,0.0,0.0,B02
201500007644,0,7,0,0.0,0.0,2.0,1.0,A01
201500007645,0,7,0,0.0,2.0,2.0,13.0,A01
201500007645,0,33,0,0.0,2.0,1.0,9.0,B02
201500007646,0,7,0,8.0,0.0,1.0,13.0,A01
201500007647,0,7,0,2.0,0.0,1.0,1.0,A01
201500007648,0,7,0,0.0,2.0,1.0,1.0,B02
201500007648,0,7,0,0.0,2.0,1.0,13.0,A01
201500007649,0,33,0,0.0,0.0,8.0,2.0,A01
201500007650,0,7,0,0.0,2.0,8.0,13.0,A01
201500007650,0,7,0,0.0,2.0,8.0,1.0,B02
201500007651,0,10,0,0.0,1.0,4.0,4.0,A01
201500007652,0,7,0,0.0,2.0,3.0,1.0,A01
201500007652,0,7,0,0.0,2.0,3.0,1.0,B02
201500007653,0,33,0,0.0,0.0,1.0,0.0,A01
201500007654,0,33,0,13.0,0.0,8.0,1.0,A01
201500007655,0,10,0,2.0,0.0,1.0,1.0,A01
201500007656,0,33,0,15.0,0.0,8.0,14.0,A01
201500007657,0,33,0,0.0,0.0,7.0,1.0,A01
201500007658,0,7,0,0.0,2.0,4.0,23.0,A01
201500007658,0,7,0,0.0,2.0,1.0,2.0,B02
201500007659,0,33,0,0.0,0.0,1.0,13.0,A01
201500007659,0,7,0,0.0,0.0,3.0,1.0,B02
201500007660,0,33,0,0.0,2.0,1.0,2.0,A01
201500007660,0,7,0,0.0,2.0,6.0,1.0,B02
201500007661,0,33,0,0.0,0.0,0.0,19.0,A01
201500007662,0,33,0,3.0,0.0,7.0,1.0,A01
201500007663,0,33,0,2.0,0.0,7.0,1.0,A01
201500007664,0,7,0,2.0,0.0,9.0,1.0,A01
201500007665,0,33,0,3.0,0.0,1.0,2.0,A01
201500007666,0,7,0,16.0,0.0,9.0,19.0,A01
201500007667,0,10,0,6.0,0.0,3.0,1.0,A01
201500007668,0,10,0,13.0,0.0,1.0,17.0,A01
201500007669,0,7,0,16.0,0.0,2.0,1.0,A01
201500007670,0,7,0,0.0,2.0,8.0,1.0,A01
201500007670,0,33,0,0.0,2.0,3.0,1.0,B02
201500007671,0,33,0,0.0,0.0,7.0,1.0,A01
201500007672,0,30,0,2.0,0.0,1.0,1.0,A01
201500007673,0,33,0,4.0,0.0,1.0,1.0,A01
201500007674,0,7,0,0.0,0.0,5.0,0.0,B02
201500007674,0,33,0,0.0,2.0,1.0,2.0,A01
201500007675,0,33,0,16.0,0.0,0.0,1.0,A01
201500007676,0,33,0,0.0,0.0,3.0,1.0,A01
201500007677,0,10,0,1.0,1.0,3.0,1.0,A01
201500007678,0,7,0,0.0,2.0,2.0,13.0,A01
201500007678,0,33,0,0.0,2.0,6.0,0.0,B02
201500007679,0,10,0,13.0,0.0,1.0,1.0,A01
201500007680,0,7,0,1.0,0.0,1.0,1.0,A01
201500007681,0,7,0,0.0,0.0,9.0,1.0,A01
201500007682,0,1,0,0.0,0.0,4.0,1.0,B02
201500007682,0,7,0,0.0,2.0,2.0,2.0,A01
201500007683,0,7,0,0.0,2.0,1.0,1.0,A01
201500007683,0,7,0,0.0,2.0,2.0,15.0,B02
201500007684,0,7,0,13.0,0.0,1.0,1.0,A01
201500007685,0,7,0,0.0,2.0,1.0,1.0,B02
201500007685,0,7,0,0.0,2.0,1.0,1.0,A01
201500007686,0,7,0,2.0,0.0,1.0,1.0,A01
201500007687,0,7,0,2.0,0.0,8.0,0.0,A01
201500007688,0,33,0,0.0,2.0,1.0,2.0,A01
201500007688,0,10,0,0.0,0.0,6.0,23.0,B02
201500007689,0,33,0,0.0,2.0,1.0,1.0,A01
201500007689,0,7,0,0.0,2.0,3.0,1.0,B02
201500007690,0,34,0,0.0,2.0,1.0,2.0,A01
201500007690,0,7,0,0.0,2.0,6.0,2.0,B02
201500007691,0,33,0,0.0,0.0,0.0,1.0,A01
201500007692,0,33,0,0.0,2.0,1.0,1.0,B02
201500007692,0,7,0,0.0,2.0,6.0,19.0,A01
201500007693,0,33,0,0.0,0.0,3.0,1.0,A01
201500007694,0,7,0,2.0,0.0,1.0,13.0,A01
201500007695,0,7,0,0.0,2.0,3.0,2.0,B02
201500007695,0,10,0,0.0,2.0,1.0,2.0,C03
201500007695,0,7,0,0.0,2.0,3.0,13.0,A01
201500007696,0,7,0,0.0,2.0,6.0,2.0,B02
201500007696,0,7,0,0.0,2.0,1.0,2.0,A01
201500007697,0,7,0,2.0,0.0,1.0,14.0,A01
201500007698,0,7,0,13.0,9.0,1.0,13.0,A01
201500007699,0,33,0,,2.0,0.0,1.0,B02
201500007699,0,10,0,0.0,2.0,1.0,1.0,A01
201500007700,0,7,0,0.0,2.0,3.0,13.0,A01
201500007700,0,7,0,0.0,2.0,3.0,1.0,B02
201500007700,0,7,0,0.0,2.0,3.0,1.0,C03
201500007701,0,33,0,2.0,0.0,1.0,1.0,A01
201500007702,0,7,0,0.0,2.0,2.0,19.0,A01
201500007702,0,7,0,0.0,2.0,3.0,1.0,B02
201500007703,0,1,0,0.0,2.0,3.0,1.0,B02
201500007703,0,7,0,0.0,2.0,3.0,1.0,A01
201500007704,0,33,0,0.0,0.0,0.0,2.0,A01
201500007705,0,33,0,0.0,2.0,4.0,2.0,A01
201500007705,0,33,0,0.0,2.0,4.0,2.0,B02
201500007706,0,7,0,0.0,0.0,8.0,10.0,A01
201500007706,0,33,0,0.0,0.0,1.0,2.0,B02
201500007707,0,7,0,0.0,2.0,3.0,13.0,A01
201500007707,0,7,0,0.0,2.0,3.0,1.0,B02
201500007708,0,30,0,0.0,2.0,1.0,5.0,A01
201500007708,0,10,0,0.0,2.0,1.0,1.0,B02
201500007709,0,7,0,0.0,1.0,3.0,1.0,A01
201500007710,0,7,0,0.0,1.0,1.0,1.0,A01
201500007711,0,33,0,8.0,0.0,1.0,1.0,A01
201500007712,0,7,0,0.0,2.0,7.0,16.0,A01
201500007712,0,30,0,0.0,2.0,8.0,0.0,B02
201500007713,0,7,0,0.0,2.0,1.0,1.0,A01
201500007713,0,7,0,0.0,2.0,3.0,15.0,B02
201500007713,0,7,0,0.0,2.0,8.0,2.0,C03
201500007713,0,7,0,0.0,2.0,6.0,2.0,D04
201500007714,0,7,0,0.0,0.0,8.0,15.0,B02
201500007714,0,33,0,13.0,2.0,1.0,17.0,A01
201500007715,0,7,0,0.0,2.0,3.0,13.0,A01
201500007715,0,7,0,0.0,2.0,3.0,1.0,B02
201500007716,0,7,0,0.0,1.0,2.0,1.0,A01
201500007717,0,7,0,13.0,0.0,1.0,13.0,A01
201500007718,0,33,0,14.0,0.0,0.0,1.0,A01
201500007719,0,7,0,0.0,2.0,3.0,1.0,A01
201500007719,0,7,0,0.0,2.0,3.0,13.0,B02
201500007720,0,7,0,0.0,2.0,1.0,6.0,A01
201500007720,0,7,0,8.0,,1.0,1.0,B02
201500007721,0,7,0,0.0,,1.0,1.0,B02
201500007721,0,7,0,0.0,2.0,2.0,15.0,A01
201500007722,0,1,0,0.0,2.0,8.0,2.0,B02
201500007722,0,7,0,0.0,2.0,7.0,17.0,A01
201500007723,0,7,0,0.0,1.0,1.0,1.0,A01
201500007724,0,7,0,0.0,1.0,1.0,1.0,A01
201500007725,0,7,0,0.0,0.0,1.0,0.0,A01
201500007726,0,33,0,7.0,0.0,8.0,1.0,A01
201500007727,0,33,0,0.0,2.0,1.0,1.0,A01
201500007727,0,7,0,0.0,,3.0,9.0,B02