Num_Acc,senc,catv,occutc,obs,obsm,choc,manv,num_veh
201500007728,0,7,0,6.0,0.0,1.0,13.0,A01
201500007729,0,10,0,0.0,1.0,1.0,1.0,A01
201500007730,0,33,0,0.0,0.0,1.0,2.0,A01
201500007731,0,33,0,0.0,6.0,1.0,1.0,A01
201500007732,0,7,0,13.0,2.0,2.0,14.0,A01
201500007732,0,7,0,0.0,,7.0,21.0,B02
201500007733,0,31,0,0.0,1.0,1.0,2.0,A01
201500007734,0,33,0,0.0,,4.0,1.0,A01
201500007734,0,10,0,0.0,2.0,1.0,1.0,B02
201500007735,0,34,0,0.0,2.0,2.0,17.0,A01
201500007735,0,7,0,0.0,2.0,3.0,15.0,B02
201500007736,0,7,0,0.0,2.0,1.0,13.0,A01
201500007736,0,7,0,0.0,,3.0,1.0,B02
201500007737,0,7,0,13.0,0.0,1.0,1.0,A01
201500007738,0,7,0,13.0,0.0,1.0,1.0,A01
201500007739,0,33,0,16.0,0.0,1.0,13.0,A01
201500007740,0,7,0,0.0,,8.0,15.0,B02
201500007740,0,31,0,0.0,2.0,2.0,17.0,A01
201500007741,0,7,0,0.0,,3.0,1.0,B02
201500007741,0,7,0,0.0,2.0,1.0,13.0,A01
201500007742,0,7,0,0.0,6.0,1.0,1.0,A01
201500007743,0,7,0,0.0,2.0,8.0,13.0,A01
201500007743,0,7,0,0.0,,7.0,1.0,D04
201500007743,0,10,0,0.0,,7.0,1.0,C03
201500007743,0,7,0,0.0,,8.0,1.0,B02
201500007744,0,7,0,0.0,2.0,5.0,13.0,A01
201500007744,0,7,0,0.0,,1.0,1.0,B02
201500007745,0,7,0,0.0,0.0,2.0,15.0,A01
201500007745,0,31,0,0.0,0.0,8.0,1.0,B02
201500007746,0,2,0,0.0,2.0,1.0,1.0,B02
201500007746,0,7,0,0.0,2.0,3.0,17.0,A01
201500007747,0,7,0,0.0,2.0,1.0,6.0,A01
201500007747,0,15,0,0.0,,3.0,1.0,B02
201500007748,0,7,0,0.0,2.0,3.0,13.0,A01
201500007748,0,7,0,0.0,,1.0,1.0,B02
201500007749,0,7,0,0.0,2.0,1.0,1.0,B02
201500007749,0,35,0,0.0,2.0,6.0,13.0,A01
201500007750,0,7,0,6.0,0.0,1.0,0.0,A01
201500007751,0,7,0,0.0,,3.0,2.0,B02
201500007751,0,7,0,0.0,2.0,3.0,13.0,A01
201500007752,2,7,0,2.0,0.0,1.0,1.0,A01
201500007753,0,33,0,0.0,2.0,3.0,17.0,A01
201500007753,0,10,0,0.0,,5.0,15.0,B02
201500007754,0,33,0,0.0,2.0,1.0,17.0,A01
201500007754,0,7,0,0.0,,3.0,1.0,B02
201500007755,0,7,0,0.0,,6.0,2.0,B01
201500007755,0,7,0,0.0,2.0,2.0,2.0,A02
201500007756,0,36,0,0.0,0.0,7.0,15.0,A01
201500007757,0,33,0,0.0,2.0,1.0,1.0,A01
201500007757,0,33,0,0.0,,4.0,1.0,B02
201500007758,0,36,0,0.0,0.0,1.0,1.0,A01
201500007759,0,7,0,2.0,0.0,7.0,13.0,A01
201500007760,0,7,0,16.0,0.0,1.0,1.0,A01
201500007761,0,33,0,0.0,2.0,1.0,13.0,A01
201500007761,0,7,0,0.0,2.0,2.0,1.0,B02
201500007762,2,3,0,0.0,1.0,2.0,1.0,A01
201500007763,0,10,0,0.0,1.0,1.0,1.0,A01
201500007764,0,7,0,0.0,2.0,3.0,1.0,B02
201500007764,0,33,0,0.0,2.0,1.0,13.0,A01
201500007765,0,33,0,13.0,0.0,1.0,1.0,A01
201500007766,0,1,0,0.0,0.0,0.0,1.0,A01
201500007767,0,30,0,0.0,0.0,7.0,1.0,A01
201500007768,0,7,0,0.0,2.0,3.0,13.0,A01
201500007768,0,7,0,0.0,,3.0,1.0,B02
201500007769,0,7,0,3.0,0.0,2.0,1.0,A01
201500007770,0,7,0,0.0,0.0,1.0,19.0,A01
201500007771,0,33,0,13.0,0.0,2.0,1.0,A01
201500007772,0,7,0,0.0,2.0,2.0,17.0,A01
201500007772,0,1,0,0.0,,8.0,1.0,B02
201500007773,0,33,0,0.0,2.0,1.0,17.0,A01
201500007773,0,21,0,0.0,2.0,8.0,15.0,B02
201500007774,0,7,0,13.0,0.0,1.0,1.0,A01
201500007775,0,7,0,13.0,0.0,9.0,14.0,A01
201500007776,0,14,0,0.0,,1.0,1.0,A01
201500007776,0,7,0,0.0,2.0,1.0,13.0,B02
201500007777,0,7,0,0.0,2.0,8.0,0.0,B02
201500007777,0,30,0,0.0,2.0,1.0,1.0,A01
201500007778,0,7,0,0.0,2.0,3.0,1.0,C03
201500007778,0,7,0,0.0,2.0,1.0,2.0,B02
201500007778,0,7,0,0.0,0.0,4.0,1.0,A01
201500007779,0,7,0,0.0,0.0,6.0,15.0,B02
201500007779,0,32,0,0.0,0.0,1.0,17.0,A01
201500007780,0,1,0,0.0,2.0,1.0,5.0,A01
201500007780,0,7,0,0.0,2.0,3.0,1.0,B02
201500007781,0,7,0,13.0,0.0,7.0,19.0,A01
201500007782,0,7,0,2.0,0.0,1.0,1.0,A01
201500007783,0,10,0,2.0,0.0,1.0,1.0,A01
201500007784,0,7,0,0.0,2.0,7.0,16.0,B02
201500007784,0,33,0,0.0,2.0,1.0,1.0,A01
201500007785,0,33,0,0.0,2.0,1.0,13.0,A01
201500007785,0,7,0,0.0,2.0,1.0,1.0,B02
201500007786,0,7,0,8.0,0.0,1.0,1.0,A01
201500007787,0,7,0,1.0,0.0,1.0,19.0,A01
201500007788,0,14,0,0.0,0.0,2.0,1.0,A01
201500007789,0,33,0,0.0,2.0,1.0,13.0,B02
201500007789,0,7,0,0.0,2.0,1.0,1.0,A01
201500007790,0,33,0,0.0,0.0,0.0,1.0,A01
201500007791,0,30,0,0.0,2.0,2.0,13.0,A01
201500007791,0,7,0,0.0,2.0,1.0,1.0,B02
201500007792,0,7,0,13.0,2.0,9.0,13.0,A01
201500007792,0,7,0,0.0,2.0,1.0,1.0,B02
201500007793,0,7,0,0.0,2.0,3.0,1.0,A01
201500007793,0,7,0,0.0,2.0,3.0,1.0,B02
201500007794,0,7,0,0.0,2.0,1.0,1.0,B02
201500007794,0,7,0,0.0,2.0,1.0,5.0,A01
201500007795,0,1,0,0.0,2.0,8.0,13.0,A01
201500007795,0,15,0,0.0,2.0,8.0,1.0,B02
201500007796,0,7,0,0.0,2.0,3.0,1.0,C03
201500007796,0,7,0,0.0,2.0,3.0,1.0,B02
201500007796,0,7,0,0.0,2.0,3.0,13.0,A01
201500007797,0,30,0,0.0,2.0,3.0,18.0,A01
201500007797,0,7,0,0.0,2.0,2.0,16.0,B02
201500007798,0,33,0,0.0,2.0,7.0,21.0,B02
201500007798,0,14,0,0.0,2.0,8.0,1.0,A01
201500007799,0,7,0,10.0,0.0,1.0,1.0,A01
201500007800,0,33,0,13.0,0.0,2.0,1.0,A01
201500007801,0,7,0,0.0,2.0,0.0,11.0,A01
201500007801,0,30,0,0.0,2.0,1.0,1.0,B02
201500007802,0,14,0,0.0,9.0,2.0,2.0,A01
201500007802,0,1,0,0.0,2.0,3.0,2.0,B02
201500007803,0,31,0,0.0,0.0,7.0,1.0,A01
201500007804,0,7,0,0.0,0.0,3.0,19.0,A01
201500007804,0,34,0,0.0,2.0,1.0,1.0,B02
201500007805,0,99,0,12.0,0.0,7.0,1.0,A01
201500007806,0,10,0,0.0,2.0,1.0,1.0,B02
201500007806,0,15,0,0.0,2.0,3.0,1.0,A01
201500007807,0,7,0,0.0,2.0,3.0,1.0,B02
201500007807,0,33,0,0.0,2.0,1.0,2.0,A01
201500007808,0,32,0,0.0,2.0,1.0,17.0,A01
201500007808,0,10,0,0.0,2.0,1.0,15.0,B02
201500007809,0,7,0,0.0,9.0,3.0,15.0,B02
201500007809,0,33,0,0.0,2.0,2.0,17.0,A01
201500007810,0,33,0,0.0,1.0,1.0,1.0,A01
201500007811,0,32,0,0.0,2.0,1.0,1.0,B02
201500007811,0,10,0,0.0,2.0,7.0,19.0,A01
201500007812,0,7,0,0.0,9.0,7.0,2.0,A01
201500007812,0,1,0,0.0,2.0,8.0,2.0,B02
201500007813,0,33,0,0.0,2.0,1.0,2.0,B02
201500007813,0,33,0,0.0,2.0,1.0,17.0,A01
201500007814,0,7,0,0.0,2.0,3.0,9.0,A01
201500007814,0,1,0,0.0,2.0,1.0,1.0,B02
201500007815,0,7,0,0.0,2.0,0.0,1.0,A01
201500007815,0,1,0,0.0,2.0,1.0,1.0,B02
201500007816,0,7,0,0.0,2.0,8.0,15.0,B02
201500007816,0,31,0,0.0,2.0,7.0,13.0,A01
201500007817,0,7,0,0.0,1.0,3.0,15.0,A01
201500007818,0,7,0,0.0,2.0,3.0,15.0,B02
201500007818,0,33,0,0.0,2.0,1.0,1.0,A01
201500007819,0,7,0,10.0,0.0,1.0,14.0,A01
201500007820,0,33,0,12.0,0.0,2.0,15.0,A01
201500007821,0,30,0,0.0,2.0,1.0,1.0,B02
201500007821,0,7,0,0.0,2.0,3.0,15.0,A01
201500007822,0,7,0,6.0,0.0,1.0,1.0,A01
201500007823,0,7,0,0.0,2.0,4.0,2.0,B02
201500007823,0,31,0,0.0,2.0,1.0,2.0,A01
201500007824,0,30,0,0.0,0.0,0.0,6.0,A01
201500007825,0,33,0,4.0,0.0,8.0,1.0,A01
201500007826,1,7,0,0.0,2.0,1.0,2.0,A01
201500007826,0,7,0,0.0,2.0,4.0,2.0,B02
201500007826,0,7,0,0.0,2.0,4.0,2.0,C03
201500007827,0,7,0,13.0,0.0,1.0,1.0,A01
201500007828,0,33,0,0.0,2.0,8.0,11.0,A01
201500007828,0,33,0,0.0,2.0,8.0,1.0,B02
201500007829,0,1,0,0.0,2.0,8.0,1.0,A01
201500007829,0,33,0,0.0,0.0,0.0,1.0,B02
201500007830,0,7,0,6.0,0.0,9.0,1.0,A01
201500007831,0,7,0,13.0,0.0,9.0,1.0,A01
201500007832,2,7,0,0.0,2.0,3.0,13.0,A01
201500007832,0,7,0,0.0,2.0,9.0,1.0,B02
201500007833,0,7,0,13.0,0.0,2.0,1.0,A01
201500007834,0,7,0,6.0,0.0,2.0,1.0,A01
201500007835,0,7,0,0.0,2.0,3.0,13.0,B02
201500007835,0,7,0,0.0,2.0,3.0,1.0,A01
201500007836,0,7,0,0.0,0.0,9.0,0.0,A01
201500007837,0,14,0,0.0,1.0,2.0,1.0,A01
201500007838,0,7,0,0.0,2.0,3.0,13.0,A01
201500007838,0,10,0,0.0,2.0,8.0,1.0,B02
201500007839,0,1,0,0.0,2.0,1.0,15.0,B02
201500007839,0,7,0,0.0,2.0,1.0,1.0,A01
201500007840,0,7,0,0.0,2.0,1.0,1.0,B02
201500007840,0,7,0,0.0,2.0,3.0,1.0,A01
201500007841,0,7,0,0.0,2.0,8.0,10.0,A01
201500007841,0,30,0,0.0,2.0,1.0,17.0,B02
201500007842,0,7,0,0.0,0.0,1.0,0.0,B02
201500007842,0,10,0,0.0,0.0,1.0,0.0,A01
201500007843,0,10,0,0.0,2.0,8.0,9.0,A01
201500007843,0,1,0,0.0,2.0,1.0,1.0,B02
201500007844,0,14,0,3.0,0.0,2.0,1.0,A01
201500007845,0,7,0,0.0,0.0,1.0,15.0,B02
201500007845,0,33,0,0.0,0.0,1.0,1.0,A01
201500007846,0,32,0,0.0,2.0,1.0,1.0,A01
201500007846,0,10,0,0.0,2.0,5.0,15.0,B02
201500007847,0,7,0,0.0,2.0,1.0,13.0,A01
201500007847,0,7,0,0.0,2.0,1.0,1.0,B02
201500007848,0,33,0,6.0,0.0,7.0,1.0,A01
201500007849,0,33,0,0.0,2.0,0.0,5.0,A01
201500007850,0,31,0,0.0,2.0,0.0,1.0,A01
201500007850,0,7,0,0.0,0.0,0.0,15.0,B02
201500007851,0,7,0,0.0,2.0,6.0,20.0,B02
201500007851,0,34,0,0.0,2.0,2.0,2.0,A01
201500007852,0,10,0,0.0,0.0,0.0,1.0,A01
201500007852,0,7,0,0.0,1.0,8.0,1.0,B02
201500007853,0,34,0,0.0,1.0,2.0,0.0,A01
201500007854,0,7,0,0.0,2.0,1.0,1.0,B02
201500007854,0,7,0,0.0,2.0,3.0,9.0,A01
201500007855,0,33,0,0.0,2.0,1.0,1.0,A01
201500007855,0,7,0,0.0,2.0,3.0,1.0,B02
201500007856,0,7,0,9.0,0.0,2.0,1.0,A01
201500007857,0,7,0,0.0,2.0,6.0,23.0,B02
201500007857,0,10,0,0.0,2.0,3.0,1.0,C03
201500007857,0,33,0,14.0,0.0,1.0,3.0,A01
201500007858,0,33,0,0.0,2.0,1.0,17.0,A01
201500007858,0,7,0,0.0,2.0,3.0,5.0,B02
201500007859,0,7,0,5.0,0.0,9.0,14.0,A01
201500007860,0,7,0,13.0,0.0,1.0,1.0,A01
201500007861,0,7,0,0.0,2.0,3.0,23.0,B02
201500007861,0,33,0,0.0,0.0,1.0,13.0,A01
201500007862,0,33,0,12.0,0.0,1.0,2.0,A01
201500007863,0,33,0,0.0,0.0,7.0,2.0,A01
201500007864,0,10,0,13.0,0.0,1.0,14.0,A01
201500007865,0,7,0,0.0,9.0,1.0,13.0,A01
201500007865,0,1,0,0.0,2.0,1.0,0.0,B02
201500007866,0,7,0,5.0,0.0,3.0,0.0,A01
201500007867,0,33,0,0.0,2.0,2.0,21.0,A01
201500007867,0,14,0,0.0,0.0,2.0,13.0,B02
201500007868,0,7,0,0.0,0.0,1.0,0.0,A01
201500007868,0,1,0,0.0,0.0,0.0,0.0,B02
201500007869,0,7,0,0.0,2.0,2.0,1.0,A01
201500007869,0,1,0,0.0,2.0,8.0,13.0,B02
201500007870,0,7,0,0.0,2.0,1.0,1.0,F06
201500007870,0,7,0,0.0,2.0,6.0,1.0,D04
201500007870,0,7,0,0.0,2.0,2.0,13.0,B02
201500007870,0,7,0,0.0,2.0,1.0,1.0,A01
201500007870,0,7,0,0.0,2.0,4.0,1.0,E05
201500007870,0,7,0,0.0,0.0,0.0,1.0,G07
201500007870,0,7,0,3.0,0.0,7.0,21.0,C03
201500007871,0,7,0,0.0,1.0,7.0,0.0,A01
201500007872,0,7,0,0.0,2.0,3.0,5.0,A01
201500007872,0,34,0,0.0,2.0,1.0,1.0,B02
201500007873,0,7,0,0.0,1.0,2.0,1.0,A01
201500007874,0,10,0,2.0,0.0,8.0,14.0,A01
201500007875,0,31,0,0.0,0.0,1.0,9.0,A01
201500007875,0,33,0,0.0,0.0,1.0,9.0,B02
201500007876,0,7,0,0.0,2.0,7.0,13.0,A01
201500007876,0,7,0,0.0,2.0,1.0,1.0,B02
201500007877,0,2,0,0.0,2.0,3.0,1.0,B02
201500007877,0,31,0,0.0,2.0,3.0,13.0,A01
201500007878,0,7,0,0.0,0.0,1.0,0.0,A01
201500007879,0,7,0,3.0,0.0,2.0,1.0,A01
201500007880,0,33,0,0.0,0.0,0.0,0.0,A01
201500007881,0,10,0,0.0,2.0,3.0,1.0,B02
201500007881,0,10,0,0.0,2.0,3.0,13.0,A01
201500007882,0,7,0,13.0,0.0,3.0,13.0,A01
201500007883,0,7,0,0.0,1.0,2.0,1.0,A01
201500007884,0,10,0,0.0,2.0,1.0,1.0,B02
201500007884,0,7,0,0.0,2.0,1.0,13.0,A01
201500007885,0,7,0,13.0,0.0,9.0,19.0,A01
201500007886,0,7,0,0.0,2.0,7.0,15.0,A01
201500007886,0,7,0,0.0,2.0,3.0,1.0,B02
201500007887,0,7,0,8.0,0.0,1.0,1.0,A01
201500007888,0,33,0,0.0,2.0,1.0,17.0,B02
201500007888,0,7,0,0.0,2.0,3.0,15.0,A01
201500007889,0,7,0,0.0,2.0,1.0,1.0,B02
201500007889,0,7,0,0.0,2.0,2.0,13.0,A01
201500007890,0,33,0,0.0,1.0,1.0,1.0,A01
201500007891,0,1,0,0.0,2.0,1.0,13.0,B02
201500007891,0,7,0,0.0,9.0,3.0,1.0,A01
201500007892,0,34,0,0.0,2.0,0.0,18.0,A01
201500007892,0,7,0,0.0,2.0,5.0,15.0,B02
201500007893,0,7,0,0.0,2.0,5.0,10.0,A01
201500007893,0,33,0,0.0,2.0,1.0,1.0,B02
201500007894,0,2,0,0.0,2.0,3.0,1.0,B02
201500007894,0,7,0,0.0,2.0,3.0,13.0,A01
201500007895,0,10,0,8.0,0.0,7.0,1.0,A01
201500007896,0,7,0,0.0,2.0,3.0,13.0,A01
201500007896,0,7,0,0.0,2.0,1.0,1.0,B02
201500007897,0,14,0,0.0,2.0,4.0,4.0,A01
201500007897,0,30,0,0.0,2.0,1.0,2.0,B02
201500007898,0,33,0,0.0,2.0,1.0,1.0,B02
201500007898,0,7,0,0.0,2.0,8.0,10.0,A01
201500007899,0,33,0,0.0,6.0,1.0,1.0,A01
201500007900,0,10,0,0.0,1.0,4.0,4.0,A01
201500007901,0,30,0,0.0,2.0,1.0,14.0,A01
201500007901,0,7,0,0.0,2.0,5.0,23.0,B02
201500007902,0,33,0,0.0,2.0,1.0,1.0,B02
201500007902,0,7,0,0.0,2.0,3.0,13.0,A01
201500007903,0,7,0,2.0,0.0,2.0,0.0,A01
201500007904,0,7,0,0.0,0.0,3.0,15.0,A01
201500007904,0,7,0,0.0,0.0,3.0,1.0,B02
201500007905,0,7,0,0.0,0.0,0.0,14.0,A01
201500007906,0,7,0,0.0,0.0,7.0,1.0,A01
201500007907,0,7,0,0.0,2.0,8.0,9.0,A01
201500007907,0,7,0,0.0,2.0,2.0,1.0,B02
201500007908,0,7,0,0.0,2.0,8.0,19.0,B02
201500007908,0,7,0,0.0,2.0,1.0,1.0,A01
201500007909,0,2,0,9.0,2.0,8.0,18.0,B02
201500007909,0,7,0,0.0,2.0,2.0,16.0,A01
201500007910,0,7,0,0.0,2.0,3.0,11.0,B02
201500007910,0,14,0,0.0,2.0,6.0,19.0,A01
201500007911,0,33,0,16.0,0.0,1.0,1.0,A01
201500007912,0,7,0,0.0,2.0,5.0,13.0,A01
201500007912,0,7,0,0.0,2.0,3.0,1.0,B02
201500007913,0,34,0,0.0,0.0,7.0,1.0,A01
201500007914,0,7,0,0.0,2.0,1.0,1.0,A01
201500007914,0,10,0,0.0,2.0,4.0,1.0,B02
201500007914,0,10,0,0.0,0.0,4.0,0.0,C03
201500007915,0,31,0,12.0,1.0,1.0,1.0,A01
201500007916,0,33,0,0.0,0.0,1.0,1.0,A01
201500007917,0,7,0,14.0,0.0,1.0,13.0,A01
201500007918,0,7,0,0.0,9.0,1.0,1.0,A01
201500007918,0,1,0,0.0,2.0,1.0,1.0,B02
201500007919,0,1,0,0.0,2.0,1.0,18.0,B02
201500007919,0,10,0,0.0,2.0,7.0,16.0,A01
201500007920,0,7,0,6.0,0.0,1.0,13.0,A01
201500007921,0,7,0,0.0,2.0,1.0,13.0,A01
201500007921,0,7,0,0.0,2.0,1.0,1.0,B02
201500007922,0,10,0,0.0,1.0,1.0,1.0,A01
201500007923,0,7,0,0.0,0.0,4.0,2.0,B02
201500007923,0,10,0,0.0,2.0,1.0,2.0,A01
201500007924,0,15,0,0.0,9.0,7.0,2.0,A01
201500007924,0,1,0,0.0,2.0,8.0,2.0,B02
201500007925,0,7,0,8.0,0.0,1.0,1.0,A01
201500007926,0,7,0,0.0,2.0,1.0,5.0,A01
201500007926,0,14,0,0.0,2.0,1.0,1.0,B02
201500007927,0,35,0,0.0,2.0,1.0,5.0,B02
201500007927,0,7,0,0.0,2.0,1.0,13.0,A01
201500007928,0,7,0,0.0,2.0,8.0,15.0,A01
201500007928,0,34,0,0.0,2.0,1.0,17.0,B02
201500007929,0,33,0,0.0,2.0,7.0,1.0,A01
201500007929,0,7,0,0.0,2.0,1.0,19.0,B02
201500007930,0,7,0,0.0,2.0,3.0,13.0,A01
201500007930,0,31,0,0.0,2.0,1.0,1.0,B02
201500007931,0,7,0,0.0,2.0,6.0,15.0,B02
201500007931,0,7,0,0.0,2.0,1.0,1.0,A01
201500007932,0,7,0,0.0,1.0,1.0,1.0,A01
201500007933,0,7,0,0.0,2.0,2.0,1.0,A01
201500007933,0,7,0,0.0,2.0,3.0,1.0,B02
201500007934,0,32,0,0.0,2.0,1.0,2.0,A01
201500007934,0,7,0,0.0,0.0,6.0,15.0,B02
201500007935,0,7,0,0.0,2.0,1.0,2.0,A01
201500007935,0,7,0,0.0,0.0,4.0,15.0,B02
201500007936,0,33,0,0.0,2.0,3.0,0.0,B02
201500007936,0,7,0,0.0,2.0,3.0,5.0,A01
201500007937,0,10,0,0.0,2.0,8.0,1.0,B02
201500007937,0,7,0,0.0,2.0,3.0,13.0,A01
201500007938,0,7,0,0.0,6.0,1.0,21.0,A01
201500007939,0,7,0,0.0,0.0,1.0,0.0,B02
201500007939,0,7,0,1.0,0.0,1.0,1.0,A01
201500007940,0,30,0,0.0,0.0,4.0,1.0,A01
201500007941,0,33,0,16.0,0.0,1.0,1.0,A01
201500007942,0,7,0,0.0,2.0,3.0,5.0,A01
201500007942,0,7,0,0.0,2.0,8.0,1.0,B02
201500007943,0,31,0,3.0,0.0,2.0,2.0,A01
201500007944,0,33,0,0.0,2.0,1.0,1.0,A01
201500007944,0,7,0,0.0,2.0,2.0,0.0,B02
201500007945,0,10,0,2.0,0.0,7.0,0.0,A01
201500007946,0,13,0,13.0,0.0,2.0,0.0,A01
201500007947,0,7,0,0.0,1.0,2.0,1.0,A01
201500007948,0,10,0,0.0,2.0,1.0,11.0,A01
201500007948,0,7,0,0.0,2.0,1.0,1.0,B02
201500007949,0,7,0,0.0,2.0,1.0,5.0,A01
201500007949,0,7,0,0.0,2.0,1.0,5.0,B02
201500007949,0,7,0,0.0,2.0,1.0,5.0,C03
201500007950,0,33,0,0.0,5.0,1.0,19.0,A01
201500007951,0,7,0,16.0,0.0,0.0,2.0,A01
201500007952,0,14,0,2.0,0.0,1.0,19.0,A01
201500007953,0,7,0,2.0,0.0,1.0,0.0,A01
201500007954,0,7,0,0.0,2.0,2.0,1.0,A01
201500007954,0,7,0,0.0,2.0,1.0,1.0,B02
201500007955,0,7,0,0.0,2.0,7.0,6.0,A01
201500007955,0,17,0,0.0,2.0,3.0,1.0,B02
201500007956,0,7,0,0.0,0.0,4.0,2.0,B02
201500007956,0,7,0,0.0,0.0,1.0,2.0,A01
201500007957,0,14,0,0.0,2.0,3.0,24.0,C03
201500007957,0,14,0,0.0,2.0,1.0,1.0,A01
201500007957,0,7,0,1.0,2.0,4.0,16.0,B02
201500007958,0,10,0,13.0,0.0,2.0,1.0,A01
201500007959,0,33,0,0.0,2.0,3.0,15.0,A01
201500007959,0,33,0,8.0,0.0,1.0,16.0,B02
201500007959,0,7,0,0.0,2.0,3.0,1.0,C03
201500007960,0,14,0,0.0,1.0,1.0,1.0,A01
201500007961,0,7,0,0.0,0.0,1.0,6.0,A01
201500007961,0,7,0,0.0,0.0,1.0,1.0,B02
201500007962,0,33,0,0.0,0.0,7.0,1.0,A01
201500007963,0,7,0,0.0,1.0,6.0,20.0,A01
201500007964,0,1,0,0.0,0.0,4.0,1.0,B02
201500007964,0,7,0,0.0,0.0,2.0,1.0,A01
201500007965,0,7,0,2.0,0.0,1.0,1.0,A01
201500007966,0,33,0,0.0,2.0,1.0,13.0,A01
201500007966,0,7,0,0.0,2.0,2.0,1.0,B02
201500007967,0,2,0,0.0,2.0,1.0,1.0,B02
201500007967,0,10,0,0.0,0.0,8.0,9.0,A01
201500007968,0,7,0,0.0,1.0,3.0,9.0,A01
201500007969,0,10,0,0.0,2.0,3.0,1.0,A01
201500007969,0,7,0,0.0,2.0,1.0,13.0,B02
201500007970,0,7,0,0.0,2.0,1.0,2.0,B02
201500007970,0,10,0,0.0,2.0,4.0,14.0,A01
201500007971,0,1,0,0.0,0.0,0.0,0.0,A01
201500007972,0,7,0,2.0,0.0,3.0,1.0,A01
201500007973,0,1,0,0.0,2.0,1.0,1.0,A01
201500007973,0,10,0,0.0,2.0,3.0,1.0,B02
201500007974,0,7,0,0.0,2.0,1.0,1.0,B02
201500007974,0,7,0,0.0,2.0,2.0,5.0,A01
201500007975,0,7,0,0.0,2.0,1.0,1.0,B02
201500007975,0,7,0,0.0,2.0,7.0,1.0,A01
201500007976,0,30,0,12.0,0.0,1.0,1.0,A01
201500007977,0,33,0,0.0,0.0,7.0,1.0,A01
201500007978,0,7,0,2.0,0.0,1.0,1.0,A01
201500007979,0,99,0,0.0,2.0,1.0,1.0,C03
201500007979,0,99,0,0.0,2.0,8.0,1.0,B02
201500007979,0,99,0,0.0,2.0,2.0,1.0,A01
201500007980,0,7,0,0.0,2.0,3.0,13.0,A01
201500007980,0,7,0,0.0,2.0,3.0,1.0,B02
201500007981,0,7,0,0.0,1.0,2.0,2.0,A01
201500007982,0,1,0,0.0,2.0,3.0,1.0,B02
201500007982,0,7,0,0.0,2.0,7.0,17.0,A01
201500007983,0,7,0,13.0,0.0,9.0,1.0,A01
201500007984,0,7,0,0.0,2.0,5.0,1.0,B02
201500007984,0,33,0,0.0,2.0,2.0,19.0,A01
201500007985,0,7,0,0.0,1.0,2.0,1.0,A01
201500007986,0,13,0,0.0,0.0,3.0,0.0,A01
201500007986,0,7,0,0.0,0.0,0.0,13.0,B02
201500007987,0,7,0,0.0,2.0,3.0,1.0,A01
201500007987,0,7,0,0.0,2.0,9.0,23.0,B02
201500007987,0,2,0,0.0,2.0,1.0,1.0,C03
201500007988,0,7,0,0.0,2.0,1.0,13.0,A01
201500007988,0,7,0,0.0,2.0,1.0,1.0,B02
201500007989,0,7,0,0.0,2.0,1.0,17.0,A01
201500007989,0,7,0,0.0,2.0,1.0,1.0,B02
201500007990,0,31,0,0.0,0.0,7.0,1.0,A01
201500007991,0,7,0,5.0,0.0,1.0,1.0,A01
201500007992,0,99,0,0.0,1.0,0.0,4.0,A01
201500007993,0,31,0,0.0,2.0,1.0,1.0,B02
201500007993,0,7,0,0.0,0.0,1.0,23.0,C03
201500007993,0,7,0,0.0,2.0,4.0,10.0,A01
201500007994,0,33,0,0.0,2.0,4.0,2.0,B02
201500007994,0,7,0,0.0,2.0,4.0,2.0,C03
201500007994,0,7,0,0.0,2.0,1.0,2.0,A01
201500007995,0,32,0,0.0,1.0,1.0,1.0,A01
201500007996,0,7,0,0.0,1.0,3.0,1.0,A01
201500007997,0,99,0,0.0,2.0,0.0,21.0,B02
201500007997,0,7,0,0.0,2.0,8.0,1.0,A01
201500007998,0,33,0,15.0,0.0,1.0,1.0,A01
201500007999,0,30,0,0.0,2.0,3.0,2.0,A01
201500007999,0,15,0,0.0,2.0,5.0,17.0,B02
201500008000,0,7,0,0.0,2.0,3.0,13.0,A01
201500008000,0,30,0,0.0,2.0,1.0,1.0,B02
201500008001,0,30,0,8.0,0.0,1.0,1.0,A01
201500008002,0,7,0,0.0,2.0,7.0,17.0,A01
201500008002,0,33,0,0.0,2.0,8.0,17.0,B02
201500008003,0,33,0,0.0,2.0,8.0,1.0,B02
201500008003,0,7,0,0.0,2.0,3.0,13.0,A01
201500008004,0,10,0,0.0,2.0,3.0,15.0,B02
201500008004,0,31,0,0.0,2.0,1.0,6.0,A01
201500008005,0,10,0,0.0,2.0,1.0,1.0,B02
201500008005,0,33,0,0.0,2.0,1.0,13.0,A01
201500008006,0,2,0,0.0,0.0,1.0,1.0,A01
201500008007,0,30,0,0.0,1.0,1.0,17.0,A01
201500008008,0,7,0,0.0,2.0,1.0,21.0,B02
201500008008,0,33,0,0.0,1.0,1.0,1.0,A01
201500008009,0,7,0,0.0,2.0,1.0,1.0,B02
201500008009,0,1,0,0.0,2.0,1.0,5.0,A01
201500008010,0,32,0,0.0,2.0,1.0,3.0,A01
201500008010,0,7,0,0.0,2.0,8.0,9.0,B02