Num_Acc,senc,catv,occutc,obs,obsm,choc,manv,num_veh
201500008011,0,7,0,0.0,2.0,1.0,13.0,A01
201500008011,0,33,0,0.0,2.0,1.0,1.0,B02
201500008012,0,7,0,0.0,2.0,1.0,2.0,C03
201500008012,0,7,0,0.0,2.0,8.0,21.0,B02
201500008012,0,7,0,0.0,2.0,3.0,13.0,A01
201500008013,0,7,0,0.0,1.0,2.0,1.0,A01
201500008014,0,30,0,0.0,2.0,1.0,1.0,A01
201500008014,0,7,0,0.0,2.0,3.0,1.0,B02
201500008015,0,10,0,0.0,2.0,6.0,1.0,B02
201500008015,0,2,0,0.0,2.0,1.0,1.0,A01
201500008016,0,33,0,14.0,2.0,1.0,13.0,A01
201500008016,0,7,0,0.0,2.0,3.0,1.0,B02
201500008017,0,32,0,12.0,0.0,0.0,14.0,A01
201500008018,0,7,0,0.0,1.0,7.0,1.0,A01
201500008019,0,31,0,0.0,2.0,2.0,16.0,B02
201500008019,0,7,0,0.0,2.0,3.0,15.0,A01
201500008020,0,7,0,0.0,1.0,3.0,1.0,A01
201500008021,0,31,0,0.0,2.0,1.0,1.0,B02
201500008021,0,7,0,0.0,2.0,2.0,15.0,A01
201500008022,0,7,0,0.0,1.0,4.0,0.0,A01
201500008023,0,10,0,0.0,1.0,1.0,1.0,A01
201500008024,0,32,0,0.0,2.0,1.0,0.0,B02
201500008024,0,7,0,0.0,2.0,3.0,13.0,A01
201500008025,0,33,0,0.0,2.0,1.0,13.0,B02
201500008025,0,7,0,0.0,2.0,2.0,1.0,A01
201500008026,0,33,0,0.0,2.0,2.0,1.0,B02
201500008026,0,7,0,0.0,2.0,3.0,15.0,A01
201500008027,0,7,0,0.0,2.0,3.0,15.0,A01
201500008027,0,33,0,0.0,2.0,8.0,1.0,B02
201500008028,0,7,0,0.0,2.0,3.0,15.0,A01
201500008028,0,30,0,0.0,2.0,1.0,1.0,B02
201500008029,0,7,0,0.0,1.0,1.0,13.0,A01
201500008030,0,7,0,0.0,1.0,4.0,4.0,A01
201500008031,0,7,0,0.0,2.0,0.0,1.0,A01
201500008031,0,1,0,0.0,2.0,1.0,1.0,B02
201500008032,0,30,0,0.0,0.0,1.0,1.0,A01
201500008033,0,7,0,0.0,1.0,2.0,1.0,A01
201500008034,0,10,0,0.0,2.0,2.0,1.0,A01
201500008034,0,7,0,0.0,2.0,6.0,1.0,B02
201500008035,0,7,0,0.0,2.0,1.0,1.0,B02
201500008035,0,32,0,0.0,2.0,1.0,13.0,A01
201500008036,0,7,0,0.0,0.0,8.0,10.0,A01
201500008036,0,33,0,0.0,2.0,1.0,2.0,B02
201500008037,0,33,0,0.0,0.0,7.0,14.0,A01
201500008038,0,14,0,0.0,2.0,8.0,13.0,A01
201500008038,0,33,0,0.0,2.0,7.0,1.0,B02
201500008039,0,31,0,15.0,0.0,7.0,1.0,A01
201500008040,0,30,0,0.0,1.0,1.0,3.0,A01
201500008041,0,7,0,0.0,1.0,1.0,0.0,A01
201500008042,0,7,0,0.0,2.0,3.0,11.0,A01
201500008042,0,33,0,0.0,2.0,1.0,1.0,B02
201500008043,0,34,0,0.0,0.0,0.0,1.0,A01
201500008044,0,32,0,0.0,2.0,1.0,1.0,B02
201500008044,0,7,0,0.0,2.0,6.0,19.0,A01
201500008045,0,7,0,0.0,2.0,8.0,1.0,A01
201500008045,0,31,0,0.0,2.0,7.0,17.0,B02
201500008046,0,33,0,0.0,2.0,1.0,2.0,B02
201500008046,0,33,0,0.0,0.0,4.0,2.0,A01
201500008047,0,32,0,0.0,1.0,8.0,17.0,A01
201500008048,0,30,0,0.0,2.0,1.0,17.0,A01
201500008048,0,7,0,0.0,2.0,3.0,9.0,B02
201500008049,0,7,0,0.0,2.0,2.0,1.0,B02
201500008049,0,7,0,0.0,2.0,3.0,9.0,A01
201500008050,0,7,0,4.0,0.0,1.0,19.0,A01
201500008051,0,7,0,0.0,2.0,3.0,16.0,B02
201500008051,0,7,0,0.0,2.0,3.0,15.0,A01
201500008052,0,33,0,16.0,0.0,9.0,14.0,A01
201500008053,0,7,0,0.0,2.0,1.0,1.0,B02
201500008053,0,7,0,0.0,2.0,1.0,13.0,A01
201500008054,0,33,0,0.0,2.0,8.0,13.0,A01
201500008054,0,10,0,0.0,2.0,8.0,1.0,B02
201500008055,0,7,0,7.0,2.0,1.0,2.0,A01
201500008055,0,7,0,0.0,0.0,4.0,1.0,B02
201500008056,0,7,0,0.0,2.0,2.0,15.0,A01
201500008056,0,33,0,0.0,2.0,1.0,1.0,B02
201500008057,0,7,0,0.0,0.0,3.0,0.0,B02
201500008057,0,34,0,0.0,2.0,1.0,3.0,A01
201500008058,0,33,0,0.0,2.0,1.0,17.0,A01
201500008058,0,33,0,0.0,2.0,3.0,1.0,B02
201500008059,0,7,0,0.0,2.0,1.0,1.0,B02
201500008059,0,7,0,0.0,2.0,1.0,5.0,A01
201500008060,0,7,0,0.0,2.0,1.0,1.0,C03
201500008060,0,33,0,0.0,2.0,1.0,1.0,A01
201500008060,0,7,0,0.0,2.0,6.0,15.0,B02
201500008061,0,7,0,0.0,2.0,3.0,0.0,A01
201500008061,0,7,0,0.0,2.0,3.0,0.0,B02
201500008062,0,33,0,4.0,0.0,7.0,1.0,A01
201500008063,0,33,0,4.0,0.0,2.0,1.0,A01
201500008064,0,7,0,0.0,2.0,8.0,13.0,A01
201500008064,0,7,0,0.0,2.0,8.0,1.0,B02
201500008065,0,7,0,0.0,2.0,8.0,19.0,B02
201500008065,0,7,0,0.0,2.0,1.0,1.0,A01
201500008066,0,7,0,13.0,0.0,2.0,1.0,A01
201500008067,0,7,0,0.0,2.0,1.0,16.0,A01
201500008067,0,1,0,0.0,0.0,4.0,1.0,B02
201500008068,0,7,0,0.0,2.0,3.0,1.0,B02
201500008068,0,31,0,0.0,2.0,3.0,13.0,A01
201500008069,1,33,0,0.0,1.0,2.0,0.0,A01
201500008070,0,7,0,0.0,1.0,2.0,1.0,A01
201500008071,0,31,0,0.0,2.0,1.0,3.0,A01
201500008071,0,7,0,0.0,2.0,5.0,15.0,B02
201500008072,0,7,0,0.0,2.0,1.0,1.0,B02
201500008072,0,2,0,0.0,2.0,1.0,13.0,A01
201500008073,0,10,0,0.0,2.0,1.0,13.0,A01
201500008073,0,7,0,0.0,2.0,1.0,1.0,B02
201500008074,0,14,0,0.0,1.0,2.0,1.0,A01
201500008075,0,7,0,0.0,9.0,4.0,2.0,B02
201500008075,0,1,0,0.0,2.0,4.0,2.0,A01
201500008076,0,7,0,0.0,1.0,5.0,20.0,A01
201500008077,0,7,0,0.0,2.0,3.0,11.0,A01
201500008077,0,33,0,0.0,2.0,1.0,1.0,B02
201500008078,0,7,0,0.0,1.0,3.0,15.0,A01
201500008079,0,7,0,0.0,2.0,2.0,15.0,A01
201500008079,0,33,0,0.0,2.0,8.0,1.0,B02
201500008080,0,7,0,0.0,2.0,2.0,16.0,B02
201500008080,0,34,0,0.0,2.0,3.0,1.0,A01
201500008081,0,7,0,1.0,0.0,2.0,1.0,A01
201500008082,0,7,0,0.0,2.0,1.0,13.0,B02
201500008082,0,10,0,0.0,2.0,1.0,21.0,A01
201500008083,0,7,0,0.0,0.0,4.0,13.0,B01
201500008083,0,33,0,0.0,2.0,1.0,13.0,A02
201500008084,0,33,0,0.0,2.0,3.0,18.0,A01
201500008084,0,7,0,0.0,2.0,7.0,16.0,B02
201500008085,0,33,0,0.0,2.0,1.0,1.0,A01
201500008085,0,7,0,0.0,2.0,3.0,15.0,B02
201500008086,0,33,0,0.0,2.0,1.0,1.0,B02
201500008086,0,7,0,0.0,0.0,2.0,15.0,A01
201500008087,0,20,0,0.0,2.0,3.0,13.0,A01
201500008087,0,20,0,0.0,2.0,8.0,1.0,B02
201500008087,0,14,0,0.0,2.0,1.0,1.0,C03
201500008088,0,7,0,0.0,2.0,1.0,2.0,A01
201500008088,0,7,0,0.0,0.0,4.0,2.0,B02
201500008088,0,7,0,0.0,0.0,4.0,2.0,C03
201500008089,0,30,0,0.0,2.0,1.0,1.0,B02
201500008089,0,7,0,0.0,2.0,2.0,15.0,A01
201500008090,0,7,0,0.0,2.0,1.0,1.0,A01
201500008090,0,7,0,0.0,2.0,8.0,15.0,B02
201500008091,0,7,0,6.0,0.0,1.0,19.0,A01
201500008092,0,7,0,0.0,2.0,2.0,1.0,A01
201500008092,0,33,0,0.0,2.0,3.0,9.0,B02
201500008093,0,1,0,0.0,2.0,1.0,1.0,A01
201500008093,0,7,0,0.0,2.0,8.0,1.0,B02
201500008094,0,7,0,0.0,2.0,3.0,1.0,B02
201500008094,0,7,0,0.0,2.0,3.0,13.0,A01
201500008095,0,14,0,0.0,1.0,1.0,16.0,A01
201500008096,0,7,0,0.0,2.0,8.0,19.0,A02
201500008096,0,15,0,0.0,2.0,2.0,1.0,B01
201500008097,0,7,0,16.0,0.0,2.0,14.0,A01
201500008098,0,30,0,0.0,2.0,6.0,1.0,A01
201500008098,0,7,0,0.0,2.0,3.0,1.0,B02
201500008099,0,7,0,0.0,2.0,6.0,1.0,B02
201500008099,0,7,0,2.0,2.0,9.0,11.0,A01
201500008100,0,7,0,0.0,2.0,3.0,16.0,A01
201500008100,0,30,0,0.0,2.0,0.0,1.0,B02
201500008101,0,2,0,0.0,0.0,3.0,1.0,A01
201500008102,0,7,0,0.0,2.0,3.0,17.0,A01
201500008102,0,1,0,0.0,2.0,4.0,15.0,B02
201500008103,0,33,0,0.0,0.0,8.0,1.0,A01
201500008104,0,7,0,0.0,2.0,1.0,1.0,A01
201500008104,0,7,0,0.0,2.0,8.0,15.0,B02
201500008105,0,7,0,0.0,2.0,3.0,1.0,B02
201500008105,0,7,0,0.0,2.0,3.0,15.0,A01
201500008106,0,30,0,0.0,0.0,0.0,1.0,A01
201500008107,0,10,0,8.0,0.0,5.0,1.0,A01
201500008108,0,2,0,0.0,2.0,1.0,0.0,A01
201500008108,0,10,0,0.0,2.0,5.0,1.0,B02
201500008109,0,7,0,0.0,1.0,1.0,1.0,A01
201500008110,0,7,0,0.0,2.0,7.0,14.0,A01
201500008110,0,30,0,0.0,2.0,8.0,1.0,B02
201500008111,0,7,0,0.0,1.0,1.0,1.0,A01
201500008112,0,7,0,0.0,2.0,1.0,1.0,A01
201500008112,0,33,0,0.0,2.0,1.0,0.0,B02
201500008113,0,7,0,4.0,0.0,2.0,1.0,A01
201500008114,0,7,0,0.0,2.0,6.0,2.0,A01
201500008114,0,7,0,0.0,2.0,3.0,2.0,B02
201500008115,0,7,0,0.0,0.0,8.0,1.0,A01
201500008115,0,14,0,0.0,0.0,1.0,19.0,B02
201500008116,2,7,0,0.0,2.0,1.0,1.0,B02
201500008116,0,7,0,0.0,2.0,8.0,19.0,A01
201500008117,0,2,0,0.0,0.0,8.0,1.0,A01
201500008118,0,33,0,0.0,0.0,0.0,0.0,A01
201500008119,0,32,0,0.0,2.0,7.0,6.0,A01
201500008119,0,7,0,0.0,2.0,8.0,13.0,B02
201500008120,0,7,0,1.0,0.0,3.0,0.0,A01
201500008121,0,14,0,0.0,2.0,1.0,19.0,A01
201500008121,0,2,0,0.0,2.0,3.0,1.0,B02
201500008122,0,7,0,2.0,0.0,7.0,0.0,A01
201500008123,1,7,0,0.0,1.0,0.0,1.0,A01
201500008124,0,10,0,0.0,1.0,1.0,16.0,A01
201500008125,0,7,0,2.0,0.0,2.0,0.0,A01
201500008126,0,2,0,0.0,2.0,1.0,1.0,A01
201500008126,0,7,0,0.0,2.0,7.0,19.0,B02
201500008127,0,7,0,8.0,9.0,1.0,1.0,A01
201500008127,0,14,0,8.0,0.0,1.0,1.0,B02
201500008127,0,1,0,0.0,2.0,1.0,1.0,C03
201500008128,0,33,0,0.0,2.0,1.0,15.0,A01
201500008128,0,7,0,0.0,2.0,3.0,1.0,B02
201500008129,1,7,0,0.0,2.0,6.0,10.0,A01
201500008129,0,31,0,0.0,2.0,1.0,1.0,B02
201500008130,0,7,0,0.0,0.0,7.0,15.0,A01
201500008130,0,33,0,0.0,2.0,1.0,1.0,B02
201500008131,0,7,0,0.0,2.0,5.0,15.0,A01
201500008131,0,2,0,0.0,2.0,1.0,1.0,B02
201500008132,0,7,0,0.0,2.0,3.0,1.0,B02
201500008132,0,7,0,0.0,2.0,3.0,1.0,C03
201500008132,0,7,0,0.0,2.0,5.0,19.0,A01
201500008133,0,33,0,0.0,2.0,1.0,17.0,A01
201500008133,0,7,0,0.0,2.0,6.0,15.0,B02
201500008134,0,7,0,1.0,0.0,3.0,15.0,A01
201500008134,0,10,0,0.0,0.0,7.0,24.0,B02
201500008135,0,7,0,0.0,2.0,2.0,1.0,A01
201500008135,0,1,0,0.0,2.0,8.0,15.0,B02
201500008136,0,7,0,0.0,2.0,2.0,1.0,A01
201500008136,0,7,0,0.0,2.0,2.0,1.0,B02
201500008137,0,33,0,0.0,2.0,1.0,2.0,B02
201500008137,0,33,0,0.0,0.0,4.0,2.0,A01
201500008138,0,33,0,3.0,0.0,1.0,1.0,A01
201500008139,0,7,0,16.0,0.0,9.0,1.0,A01
201500008140,0,7,0,0.0,2.0,1.0,1.0,A01
201500008140,0,33,0,0.0,2.0,1.0,13.0,B02
201500008141,0,7,0,0.0,2.0,3.0,1.0,A01
201500008141,0,7,0,0.0,2.0,3.0,13.0,B02
201500008142,0,7,0,0.0,2.0,1.0,17.0,B02
201500008142,0,99,0,0.0,2.0,8.0,15.0,A01
201500008143,0,17,0,0.0,2.0,3.0,2.0,A01
201500008143,0,7,0,0.0,0.0,4.0,15.0,B02
201500008143,0,10,0,0.0,2.0,1.0,1.0,C03
201500008144,0,1,0,0.0,0.0,1.0,1.0,A01
201500008145,0,7,0,13.0,0.0,1.0,1.0,A01
201500008146,0,2,0,0.0,2.0,1.0,1.0,B02
201500008146,0,10,0,0.0,2.0,6.0,4.0,A01
201500008147,0,7,0,0.0,2.0,3.0,1.0,A01
201500008147,0,7,0,0.0,2.0,3.0,1.0,B02
201500008148,0,30,0,0.0,2.0,2.0,17.0,B02
201500008148,0,7,0,0.0,0.0,3.0,20.0,A01
201500008149,0,7,0,0.0,2.0,1.0,13.0,A01
201500008149,0,7,0,0.0,2.0,1.0,1.0,B02
201500008149,0,7,0,0.0,2.0,1.0,1.0,C03
201500008150,0,30,0,0.0,2.0,7.0,19.0,A01
201500008150,0,7,0,0.0,2.0,1.0,1.0,B02
201500008151,0,33,0,0.0,2.0,7.0,1.0,B02
201500008151,0,7,0,0.0,2.0,3.0,19.0,A01
201500008152,0,7,0,0.0,2.0,1.0,1.0,B02
201500008152,0,7,0,0.0,2.0,2.0,0.0,A01
201500008153,0,7,0,0.0,1.0,2.0,2.0,A01
201500008154,0,7,0,0.0,1.0,1.0,1.0,A01
201500008155,0,1,0,0.0,2.0,8.0,15.0,B02
201500008155,0,33,0,0.0,9.0,1.0,1.0,A01
201500008156,1,7,0,0.0,1.0,3.0,17.0,A01
201500008157,0,1,0,0.0,2.0,1.0,5.0,A01
201500008157,0,10,0,0.0,2.0,6.0,2.0,B02
201500008158,0,33,0,0.0,2.0,1.0,5.0,A01
201500008158,0,7,0,0.0,2.0,3.0,21.0,B02
201500008159,0,1,0,0.0,2.0,1.0,1.0,A01
201500008159,0,7,0,0.0,9.0,6.0,1.0,B02
201500008160,0,7,0,0.0,1.0,7.0,14.0,A01
201500008161,0,34,0,3.0,0.0,8.0,0.0,A01
201500008162,0,33,0,0.0,2.0,1.0,1.0,A01
201500008162,0,7,0,0.0,2.0,1.0,13.0,B02
201500008163,0,30,0,0.0,2.0,1.0,1.0,A01
201500008163,0,10,0,0.0,2.0,1.0,1.0,B02
201500008163,0,10,0,0.0,2.0,3.0,19.0,C03
201500008164,0,7,0,0.0,1.0,1.0,1.0,A01
201500008165,0,7,0,2.0,0.0,3.0,1.0,A01
201500008166,0,7,0,2.0,0.0,2.0,13.0,A01
201500008167,0,7,0,2.0,0.0,1.0,13.0,A01
201500008168,0,1,0,0.0,2.0,8.0,1.0,B02
201500008168,0,7,0,0.0,2.0,3.0,1.0,A01
201500008169,0,1,0,2.0,0.0,1.0,1.0,A01
201500008170,0,7,0,0.0,2.0,3.0,1.0,A01
201500008170,0,38,50,0.0,2.0,3.0,1.0,B02
201500008171,1,7,0,0.0,2.0,0.0,0.0,Z01
201500008171,0,1,0,0.0,2.0,8.0,1.0,B02
201500008172,1,7,0,0.0,1.0,1.0,1.0,A01
201500008173,0,7,0,6.0,0.0,2.0,1.0,A01
201500008174,0,10,0,0.0,2.0,2.0,16.0,A01
201500008174,0,2,0,0.0,2.0,8.0,1.0,B02
201500008175,0,7,0,0.0,2.0,1.0,13.0,A01
201500008175,0,7,0,0.0,2.0,1.0,1.0,B02
201500008176,0,14,0,0.0,2.0,1.0,1.0,B02
201500008176,0,7,0,0.0,2.0,2.0,13.0,A01
201500008177,0,7,0,2.0,0.0,3.0,1.0,A01
201500008178,0,7,0,0.0,2.0,6.0,15.0,A01
201500008178,0,33,0,0.0,2.0,1.0,17.0,B02
201500008179,0,7,0,0.0,2.0,8.0,5.0,A01
201500008179,0,33,0,0.0,2.0,8.0,1.0,B02
201500008180,0,7,0,0.0,2.0,4.0,23.0,A01
201500008180,0,7,0,0.0,2.0,1.0,1.0,B02
201500008180,0,15,0,0.0,2.0,4.0,23.0,C03
201500008181,0,7,0,0.0,1.0,0.0,1.0,A01
201500008182,0,7,0,0.0,2.0,1.0,1.0,B02
201500008182,0,7,0,0.0,2.0,3.0,19.0,A01
201500008183,0,33,0,0.0,0.0,0.0,1.0,A01
201500008184,0,7,0,0.0,0.0,0.0,1.0,A01
201500008185,1,7,0,0.0,2.0,0.0,0.0,Z01
201500008185,0,7,0,0.0,2.0,6.0,1.0,B02
201500008185,0,7,0,0.0,2.0,3.0,1.0,C03
201500008186,0,7,0,0.0,2.0,2.0,9.0,A01
201500008186,0,10,0,0.0,2.0,1.0,1.0,B02
201500008187,0,7,0,0.0,1.0,2.0,1.0,A01
201500008188,0,7,0,0.0,2.0,3.0,9.0,A01
201500008188,0,33,0,0.0,2.0,1.0,1.0,B02
201500008189,0,7,0,0.0,2.0,2.0,15.0,A01
201500008189,0,2,0,0.0,2.0,1.0,1.0,B02
201500008190,0,10,0,0.0,0.0,1.0,1.0,A02
201500008190,0,7,0,0.0,0.0,3.0,19.0,B01
201500008191,0,7,0,6.0,0.0,1.0,1.0,A01
201500008192,0,7,0,0.0,2.0,1.0,17.0,A01
201500008192,0,7,0,0.0,2.0,1.0,2.0,B02
201500008193,0,7,0,0.0,2.0,3.0,15.0,B02
201500008193,0,33,0,0.0,2.0,2.0,17.0,A01
201500008194,0,7,0,0.0,2.0,3.0,1.0,A01
201500008194,0,1,0,0.0,2.0,8.0,0.0,B02
201500008195,0,7,0,0.0,2.0,1.0,1.0,B02
201500008195,0,7,0,0.0,2.0,2.0,6.0,A01
201500008196,0,7,0,0.0,2.0,3.0,1.0,B02
201500008196,0,31,0,0.0,2.0,1.0,13.0,A01
201500008197,0,7,0,2.0,0.0,1.0,6.0,A01
201500008198,0,7,0,2.0,0.0,3.0,1.0,A01
201500008199,0,33,0,14.0,0.0,1.0,17.0,A01
201500008199,0,10,0,0.0,2.0,6.0,23.0,C03
201500008199,0,7,0,0.0,2.0,1.0,1.0,B02
201500008200,0,7,0,0.0,2.0,2.0,17.0,A01
201500008200,0,7,0,0.0,2.0,1.0,1.0,D04
201500008200,0,7,0,0.0,0.0,0.0,14.0,C03
201500008200,0,7,0,0.0,2.0,3.0,15.0,B02
201500008201,0,32,0,0.0,1.0,1.0,3.0,A01
201500008202,0,31,0,0.0,2.0,1.0,17.0,A01
201500008202,0,33,0,0.0,2.0,1.0,1.0,B02
201500008203,0,31,0,0.0,0.0,8.0,1.0,B02
201500008203,0,7,0,0.0,0.0,2.0,10.0,A01
201500008204,0,30,0,0.0,0.0,0.0,0.0,A01
201500008205,0,7,0,13.0,0.0,0.0,1.0,A01
201500008206,0,7,0,0.0,9.0,3.0,1.0,B02
201500008206,0,1,0,0.0,2.0,3.0,5.0,A01
201500008207,0,7,0,0.0,2.0,2.0,19.0,A01
201500008207,0,7,0,0.0,2.0,3.0,1.0,B02
201500008208,0,7,0,0.0,2.0,1.0,1.0,B02
201500008208,0,7,0,0.0,2.0,3.0,1.0,A01
201500008209,0,7,0,0.0,2.0,1.0,15.0,B02
201500008209,0,33,0,0.0,2.0,2.0,17.0,A01
201500008210,0,33,0,0.0,0.0,8.0,21.0,A01
201500008211,0,34,0,1.0,2.0,1.0,17.0,B02
201500008211,0,7,0,0.0,0.0,8.0,15.0,A01
201500008212,0,33,0,0.0,2.0,1.0,17.0,B02
201500008212,0,7,0,0.0,2.0,3.0,15.0,A01
201500008213,0,7,0,0.0,2.0,3.0,13.0,B02
201500008213,0,33,0,0.0,2.0,7.0,17.0,A01
201500008214,0,33,0,0.0,0.0,2.0,17.0,B02
201500008214,0,10,0,0.0,0.0,3.0,13.0,A01
201500008215,0,7,0,0.0,2.0,1.0,19.0,B02
201500008215,0,31,0,0.0,2.0,8.0,3.0,A01
201500008216,0,7,0,0.0,2.0,2.0,9.0,A01
201500008216,0,1,0,0.0,2.0,0.0,1.0,B02
201500008217,0,33,0,1.0,0.0,1.0,1.0,A01
201500008218,0,7,0,0.0,1.0,1.0,1.0,A01
201500008219,0,7,0,0.0,1.0,3.0,21.0,A01
201500008220,0,33,0,0.0,2.0,1.0,1.0,B02
201500008220,0,7,0,0.0,2.0,2.0,15.0,A01
201500008221,0,30,0,0.0,2.0,1.0,5.0,A01
201500008221,0,10,0,0.0,2.0,1.0,1.0,B02
201500008222,0,7,0,0.0,2.0,3.0,1.0,A01
201500008222,0,7,0,0.0,2.0,1.0,15.0,B02
201500008223,0,10,0,0.0,1.0,2.0,15.0,A01
201500008224,0,10,0,0.0,1.0,7.0,1.0,A01
201500008225,0,1,0,0.0,0.0,8.0,0.0,B02
201500008225,0,7,0,0.0,0.0,2.0,0.0,A01
201500008226,0,31,0,0.0,0.0,0.0,21.0,A01
201500008227,0,7,0,0.0,2.0,8.0,1.0,C03
201500008227,0,7,0,0.0,2.0,1.0,1.0,B02
201500008227,0,7,0,0.0,2.0,1.0,1.0,A01
201500008227,0,7,0,0.0,2.0,8.0,1.0,D04
201500008228,0,30,0,0.0,0.0,8.0,1.0,A01
201500008229,0,7,0,0.0,2.0,3.0,15.0,A01
201500008229,0,30,0,0.0,2.0,1.0,19.0,B02
201500008230,0,13,0,9.0,0.0,2.0,2.0,B02
201500008230,0,7,0,9.0,0.0,3.0,5.0,A01
201500008231,0,33,0,0.0,2.0,1.0,13.0,B02
201500008231,0,7,0,0.0,2.0,1.0,0.0,A01
201500008232,0,30,0,0.0,0.0,1.0,1.0,B02
201500008232,0,7,0,0.0,0.0,3.0,9.0,A01
201500008233,0,7,0,0.0,2.0,6.0,15.0,A01
201500008233,0,33,0,0.0,2.0,8.0,1.0,B02
201500008234,0,7,0,2.0,0.0,1.0,0.0,A01
201500008235,0,7,0,0.0,2.0,7.0,10.0,A01
201500008235,0,31,0,0.0,2.0,1.0,1.0,B02
201500008236,0,7,0,0.0,1.0,1.0,0.0,A01
201500008237,0,7,0,0.0,1.0,1.0,1.0,A01
201500008238,0,7,0,0.0,2.0,1.0,0.0,B02
201500008238,0,7,0,0.0,2.0,1.0,0.0,A01
201500008239,0,10,0,0.0,2.0,1.0,5.0,A01
201500008239,0,7,0,0.0,2.0,1.0,1.0,B02
201500008240,0,7,0,2.0,0.0,3.0,1.0,A01
201500008241,0,7,0,0.0,0.0,7.0,15.0,A01
201500008241,0,33,0,0.0,2.0,1.0,1.0,B02
201500008242,0,10,0,0.0,0.0,4.0,2.0,B02
201500008242,0,7,0,0.0,2.0,1.0,1.0,A01
201500008243,0,3,0,0.0,1.0,3.0,2.0,B01
201500008244,0,7,0,0.0,2.0,8.0,15.0,A01
201500008244,0,32,0,0.0,2.0,1.0,1.0,B02
201500008245,0,38,12,0.0,2.0,2.0,0.0,A01
201500008245,0,7,0,0.0,2.0,3.0,15.0,B02
201500008246,0,7,0,1.0,0.0,3.0,17.0,A01
201500008246,0,7,0,0.0,0.0,5.0,23.0,B02
201500008247,0,7,0,0.0,0.0,1.0,1.0,A01
201500008248,0,33,0,0.0,2.0,1.0,2.0,B02
201500008248,0,7,0,0.0,2.0,6.0,10.0,A01
201500008249,0,33,0,2.0,0.0,3.0,1.0,A01
201500008250,0,7,0,13.0,0.0,2.0,17.0,A01
201500008251,0,7,0,0.0,2.0,5.0,14.0,A01
201500008251,0,1,0,0.0,2.0,8.0,2.0,B02
201500008252,0,7,0,0.0,1.0,1.0,13.0,A01
201500008253,0,7,0,0.0,2.0,3.0,1.0,A01
201500008253,0,7,0,0.0,2.0,1.0,1.0,B02
201500008254,0,7,0,2.0,0.0,7.0,1.0,A01
201500008255,0,36,0,0.0,2.0,0.0,1.0,B02
201500008255,0,7,0,0.0,9.0,1.0,1.0,A01
201500008256,0,7,0,0.0,0.0,3.0,13.0,A01
201500008257,0,7,0,0.0,1.0,1.0,1.0,A01
201500008258,0,7,0,6.0,0.0,1.0,13.0,A01
201500008259,0,33,0,0.0,2.0,1.0,13.0,A01
201500008259,0,7,0,0.0,2.0,1.0,1.0,B02
201500008260,0,7,0,0.0,0.0,3.0,1.0,A01
201500008261,0,7,0,0.0,1.0,3.0,1.0,A01
201500008262,0,32,0,6.0,0.0,2.0,0.0,A01
201500008263,0,10,0,0.0,2.0,3.0,15.0,B02
201500008263,0,7,0,0.0,2.0,1.0,1.0,A01
201500008264,0,7,0,0.0,2.0,7.0,15.0,A01
201500008264,0,7,0,0.0,2.0,1.0,1.0,B02
201500008265,0,7,0,2.0,0.0,7.0,1.0,A01
201500008266,0,1,0,0.0,0.0,0.0,0.0,A01
201500008267,0,7,0,0.0,2.0,4.0,15.0,B02
201500008267,0,33,0,0.0,2.0,1.0,17.0,A01
201500008268,0,99,0,0.0,0.0,1.0,1.0,A01
201500008269,0,7,0,3.0,0.0,3.0,1.0,A01
201500008270,0,31,0,0.0,2.0,1.0,18.0,A01
201500008270,0,7,0,0.0,2.0,7.0,1.0,B02
201500008271,0,7,0,2.0,0.0,1.0,14.0,A01
201500008272,0,7,0,2.0,0.0,1.0,14.0,A01
201500008273,0,10,0,0.0,1.0,3.0,1.0,A01
201500008274,0,7,0,6.0,0.0,1.0,14.0,A01
201500008275,0,7,0,0.0,2.0,1.0,1.0,B02
201500008275,0,7,0,0.0,2.0,1.0,13.0,A01
201500008276,0,33,0,3.0,0.0,2.0,1.0,A01
201500008277,0,7,0,13.0,0.0,1.0,1.0,A01
201500008278,0,33,0,0.0,2.0,1.0,13.0,A01
201500008278,0,7,0,0.0,2.0,1.0,1.0,B02
201500008279,0,7,0,13.0,0.0,1.0,15.0,A01
201500008280,0,7,0,0.0,2.0,3.0,1.0,A01
201500008280,0,7,0,0.0,2.0,3.0,11.0,B02
201500008281,0,30,0,13.0,0.0,1.0,0.0,A01
201500008282,0,7,0,0.0,2.0,1.0,13.0,A01
201500008282,0,7,0,0.0,2.0,3.0,0.0,C03
201500008282,0,7,0,0.0,2.0,0.0,1.0,B02
201500008283,0,15,0,0.0,2.0,3.0,1.0,B02
201500008283,0,31,0,0.0,2.0,1.0,0.0,A01
201500008284,0,13,0,0.0,2.0,8.0,23.0,C03
201500008284,0,7,0,1.0,2.0,3.0,1.0,B02
201500008284,0,7,0,0.0,2.0,2.0,15.0,A01
201500008285,0,7,0,0.0,2.0,3.0,5.0,A01
201500008285,0,7,0,0.0,2.0,3.0,1.0,B02
201500008286,0,33,0,2.0,0.0,1.0,1.0,A01