Num_Acc,senc,catv,occutc,obs,obsm,choc,manv,num_veh
201500008287,0,7,0,2.0,0.0,3.0,1.0,A01
201500008288,0,31,0,0.0,2.0,3.0,1.0,B02
201500008288,0,7,0,0.0,2.0,2.0,15.0,A01
201500008289,0,7,0,2.0,2.0,1.0,13.0,A01
201500008290,0,7,0,0.0,2.0,1.0,1.0,B02
201500008290,0,7,0,0.0,2.0,6.0,1.0,C03
201500008290,0,7,0,0.0,2.0,1.0,5.0,A01
201500008291,0,7,0,0.0,1.0,2.0,1.0,A01
201500008292,0,7,0,0.0,2.0,6.0,1.0,A01
201500008292,0,31,0,0.0,2.0,1.0,1.0,B02
201500008293,0,7,0,12.0,0.0,2.0,17.0,A01
201500008294,0,33,0,0.0,2.0,1.0,1.0,B02
201500008294,0,7,0,0.0,2.0,3.0,1.0,A01
201500008295,0,30,0,0.0,2.0,1.0,1.0,B02
201500008295,0,7,0,0.0,2.0,1.0,9.0,A01
201500008296,0,7,0,2.0,0.0,1.0,1.0,A01
201500008297,0,7,0,0.0,2.0,1.0,1.0,B02
201500008297,0,15,0,0.0,2.0,2.0,1.0,A01
201500008298,0,7,0,2.0,0.0,3.0,13.0,A01
201500008299,0,7,0,2.0,0.0,1.0,1.0,A01
201500008300,0,7,0,0.0,2.0,8.0,1.0,B02
201500008300,0,7,0,0.0,2.0,8.0,1.0,C03
201500008300,0,7,0,0.0,2.0,3.0,5.0,A01
201500008301,0,7,0,0.0,1.0,1.0,1.0,A01
201500008302,0,7,0,13.0,0.0,3.0,1.0,A01
201500008303,0,7,0,0.0,0.0,0.0,0.0,A01
201500008303,0,10,0,0.0,0.0,1.0,0.0,B02
201500008304,0,7,0,0.0,2.0,1.0,13.0,A01
201500008304,0,14,0,0.0,2.0,1.0,1.0,B02
201500008305,0,7,0,2.0,0.0,1.0,1.0,A01
201500008306,0,7,0,13.0,0.0,9.0,1.0,A01
201500008307,0,7,0,2.0,0.0,2.0,1.0,A01
201500008308,0,7,0,0.0,2.0,1.0,9.0,B02
201500008308,0,33,0,0.0,2.0,7.0,1.0,A01
201500008309,0,7,0,8.0,0.0,3.0,1.0,A01
201500008310,0,7,0,0.0,9.0,1.0,1.0,A01
201500008310,0,1,0,0.0,2.0,8.0,9.0,B02
201500008311,0,7,0,0.0,2.0,3.0,1.0,B02
201500008311,0,7,0,0.0,2.0,3.0,13.0,A01
201500008312,0,7,0,0.0,0.0,0.0,1.0,A01
201500008313,0,7,0,16.0,0.0,9.0,19.0,A01
201500008314,0,30,0,0.0,2.0,7.0,1.0,A01
201500008314,0,7,0,0.0,2.0,1.0,15.0,B02
201500008315,0,7,0,0.0,9.0,9.0,1.0,A01
201500008316,0,2,0,0.0,2.0,1.0,1.0,A01
201500008316,0,7,0,0.0,2.0,8.0,15.0,B02
201500008317,0,7,0,0.0,2.0,3.0,0.0,A01
201500008317,0,7,0,0.0,2.0,3.0,0.0,B02
201500008318,0,7,0,0.0,2.0,1.0,15.0,A01
201500008318,0,7,0,0.0,2.0,3.0,0.0,B02
201500008319,0,7,0,2.0,0.0,1.0,1.0,A01
201500008320,0,7,0,0.0,1.0,7.0,1.0,A01
201500008321,0,7,0,0.0,9.0,2.0,2.0,A01
201500008321,0,1,0,0.0,0.0,4.0,2.0,B02
201500008322,0,10,0,0.0,9.0,1.0,1.0,B02
201500008322,0,1,0,0.0,2.0,1.0,1.0,A01
201500008323,0,7,0,0.0,2.0,6.0,15.0,B02
201500008323,0,33,0,0.0,2.0,1.0,17.0,A01
201500008324,0,7,0,13.0,0.0,9.0,1.0,A01
201500008325,0,14,0,0.0,1.0,2.0,1.0,A01
201500008326,0,7,0,0.0,2.0,7.0,16.0,A01
201500008326,0,30,0,0.0,2.0,8.0,18.0,B02
201500008327,0,7,0,0.0,0.0,8.0,0.0,A01
201500008327,0,7,0,0.0,0.0,8.0,0.0,B02
201500008328,0,37,45,0.0,1.0,7.0,1.0,A01
201500008329,0,33,0,0.0,2.0,1.0,15.0,B02
201500008329,0,7,0,0.0,2.0,1.0,1.0,A01
201500008330,0,10,0,0.0,9.0,2.0,2.0,A01
201500008330,0,1,0,0.0,2.0,6.0,2.0,B02
201500008331,0,7,0,0.0,1.0,7.0,16.0,A01
201500008332,0,7,0,0.0,1.0,3.0,1.0,A01
201500008333,0,7,0,0.0,1.0,1.0,1.0,A01
201500008334,0,7,0,0.0,1.0,8.0,1.0,A01
201500008335,0,31,0,0.0,2.0,1.0,1.0,B02
201500008335,0,7,0,0.0,2.0,3.0,9.0,A01
201500008336,0,10,0,0.0,2.0,2.0,2.0,A01
201500008336,0,1,0,0.0,2.0,3.0,2.0,B02
201500008337,0,7,0,0.0,2.0,1.0,13.0,A01
201500008337,0,7,0,0.0,2.0,1.0,1.0,B02
201500008338,0,31,0,0.0,2.0,2.0,9.0,B02
201500008338,0,7,0,0.0,2.0,8.0,9.0,A01
201500008339,0,34,0,0.0,2.0,2.0,2.0,B02
201500008339,0,7,0,0.0,2.0,3.0,10.0,A01
201500008340,0,33,0,0.0,2.0,1.0,1.0,B02
201500008340,0,7,0,0.0,2.0,3.0,10.0,A01
201500008341,0,7,0,16.0,0.0,2.0,1.0,A01
201500008342,0,7,0,2.0,0.0,3.0,1.0,A01
201500008343,0,7,0,0.0,2.0,3.0,1.0,A01
201500008344,0,7,0,0.0,2.0,3.0,23.0,C03
201500008344,0,7,0,0.0,2.0,2.0,15.0,A01
201500008344,0,7,0,0.0,2.0,3.0,1.0,B02
201500008345,0,7,0,0.0,2.0,1.0,13.0,A01
201500008345,0,7,0,0.0,2.0,1.0,1.0,B02
201500008346,0,30,0,0.0,2.0,1.0,17.0,B02
201500008346,0,31,0,0.0,2.0,1.0,17.0,A01
201500008347,0,7,0,8.0,0.0,1.0,14.0,A01
201500008348,0,7,0,12.0,0.0,2.0,1.0,A01
201500008349,0,17,0,0.0,1.0,1.0,1.0,A01
201500008350,0,7,0,0.0,2.0,8.0,19.0,B02
201500008350,0,7,0,0.0,2.0,1.0,1.0,A01
201500008351,0,15,0,0.0,1.0,1.0,23.0,A01
201500008352,0,10,0,0.0,2.0,7.0,11.0,B02
201500008352,0,33,0,0.0,2.0,1.0,1.0,A01
201500008353,0,34,0,0.0,0.0,1.0,1.0,B02
201500008353,0,7,0,0.0,0.0,5.0,15.0,A01
201500008354,0,30,0,0.0,2.0,8.0,15.0,B02
201500008354,0,14,0,0.0,9.0,1.0,1.0,A01
201500008355,0,14,0,0.0,2.0,1.0,1.0,A01
201500008355,0,7,0,0.0,2.0,8.0,17.0,B02
201500008356,0,7,0,13.0,0.0,1.0,1.0,A01
201500008357,0,7,0,13.0,0.0,1.0,13.0,A01
201500008358,0,7,0,0.0,9.0,3.0,0.0,B02
201500008358,0,33,0,0.0,2.0,1.0,13.0,A01
201500008359,0,7,0,0.0,1.0,2.0,1.0,A01
201500008360,0,2,0,0.0,0.0,1.0,0.0,A01
201500008361,0,15,0,0.0,2.0,1.0,1.0,B02
201500008361,0,15,0,0.0,2.0,5.0,13.0,A01
201500008362,0,7,0,0.0,1.0,8.0,16.0,A01
201500008363,0,31,0,0.0,0.0,8.0,1.0,A01
201500008364,0,10,0,2.0,0.0,1.0,19.0,A01
201500008365,0,33,0,0.0,6.0,1.0,1.0,A01
201500008365,0,33,0,0.0,6.0,8.0,1.0,B02
201500008366,0,10,0,3.0,2.0,1.0,13.0,A01
201500008366,0,33,0,0.0,2.0,1.0,1.0,B02
201500008367,0,7,0,0.0,1.0,3.0,9.0,A01
201500008368,0,10,0,0.0,0.0,9.0,14.0,A01
201500008369,0,7,0,0.0,1.0,2.0,1.0,A01
201500008370,2,7,0,0.0,0.0,1.0,13.0,A01
201500008370,0,7,0,0.0,0.0,1.0,1.0,B02
201500008371,0,33,0,2.0,0.0,7.0,1.0,A01
201500008372,0,31,0,16.0,0.0,1.0,0.0,A01
201500008373,0,7,0,13.0,0.0,1.0,13.0,A01
201500008374,0,33,0,0.0,0.0,0.0,0.0,A01
201500008375,0,7,0,0.0,2.0,3.0,0.0,B02
201500008375,0,31,0,0.0,2.0,1.0,13.0,A01
201500008376,0,7,0,13.0,6.0,2.0,2.0,A01
201500008377,0,7,0,0.0,0.0,1.0,1.0,A01
201500008378,0,10,0,0.0,0.0,2.0,19.0,A01
201500008378,0,7,0,0.0,0.0,1.0,1.0,B02
201500008379,0,7,0,0.0,0.0,9.0,1.0,A01
201500008380,0,7,0,0.0,1.0,2.0,1.0,A01
201500008381,0,7,0,0.0,2.0,3.0,15.0,A01
201500008381,0,2,0,0.0,2.0,1.0,1.0,B02
201500008382,0,7,0,0.0,1.0,1.0,1.0,A01
201500008383,0,7,0,0.0,0.0,9.0,15.0,A01
201500008384,0,7,0,13.0,0.0,9.0,1.0,A01
201500008385,0,33,0,0.0,2.0,1.0,17.0,A01
201500008385,0,7,0,0.0,0.0,8.0,15.0,B02
201500008386,0,7,0,16.0,0.0,9.0,1.0,A01
201500008387,0,7,0,0.0,2.0,4.0,1.0,B02
201500008387,0,1,0,0.0,2.0,4.0,1.0,C03
201500008387,0,7,0,0.0,2.0,1.0,1.0,A01
201500008388,0,33,0,0.0,2.0,1.0,13.0,A01
201500008388,0,7,0,0.0,2.0,1.0,1.0,B02
201500008389,0,7,0,13.0,0.0,2.0,1.0,A01
201500008390,0,31,0,0.0,2.0,4.0,2.0,A01
201500008391,0,33,0,0.0,2.0,1.0,1.0,B02
201500008391,0,7,0,0.0,2.0,6.0,11.0,A01
201500008392,0,7,0,0.0,2.0,1.0,1.0,A01
201500008392,0,7,0,0.0,2.0,2.0,1.0,B02
201500008393,0,7,0,2.0,0.0,3.0,11.0,A01
201500008394,0,10,0,0.0,0.0,4.0,15.0,A01
201500008394,0,7,0,0.0,0.0,1.0,1.0,B02
201500008395,0,7,0,0.0,0.0,9.0,1.0,A01
201500008396,0,33,0,0.0,0.0,2.0,1.0,A01
201500008397,0,7,0,2.0,0.0,1.0,1.0,A01
201500008398,0,7,0,13.0,0.0,9.0,1.0,A01
201500008399,0,7,0,2.0,0.0,1.0,1.0,A01
201500008400,0,7,0,6.0,0.0,1.0,1.0,A01
201500008401,0,2,0,0.0,2.0,3.0,13.0,B02
201500008401,0,7,0,0.0,2.0,3.0,21.0,A01
201500008402,0,7,0,0.0,2.0,8.0,17.0,A01
201500008402,0,7,0,2.0,2.0,7.0,17.0,B02
201500008402,0,7,0,0.0,2.0,8.0,1.0,C03
201500008403,0,10,0,0.0,0.0,3.0,1.0,A01
201500008403,0,10,0,0.0,0.0,3.0,1.0,B02
201500008404,0,7,0,0.0,2.0,1.0,13.0,A01
201500008404,0,14,0,0.0,2.0,3.0,1.0,B02
201500008405,0,7,0,0.0,2.0,1.0,1.0,B02
201500008405,0,10,0,0.0,2.0,2.0,15.0,A01
201500008406,0,30,0,4.0,0.0,3.0,1.0,A01
201500008407,0,7,0,14.0,1.0,2.0,1.0,A01
201500008408,0,7,0,0.0,1.0,1.0,1.0,A01
201500008409,0,33,0,0.0,2.0,1.0,21.0,A01
201500008409,0,7,0,0.0,2.0,3.0,19.0,B02
201500008410,0,33,0,15.0,0.0,1.0,14.0,A01
201500008411,0,7,0,1.0,0.0,1.0,15.0,A01
201500008412,0,33,0,13.0,0.0,1.0,0.0,A01
201500008413,0,20,0,0.0,2.0,7.0,17.0,A01
201500008414,0,20,0,0.0,2.0,3.0,1.0,A01
201500008414,0,7,0,0.0,2.0,3.0,1.0,B02
201500008415,0,10,0,2.0,0.0,1.0,13.0,A01
201500008416,0,7,0,3.0,2.0,8.0,1.0,A01
201500008416,0,7,0,0.0,2.0,1.0,1.0,B02
201500008417,0,7,0,2.0,0.0,1.0,1.0,A01
201500008418,0,7,0,0.0,2.0,1.0,13.0,A01
201500008418,0,7,0,0.0,2.0,3.0,1.0,B02
201500008419,0,7,0,2.0,0.0,8.0,13.0,A01
201500008420,0,7,0,0.0,1.0,3.0,1.0,A01
201500008421,0,10,0,0.0,1.0,1.0,1.0,A01
201500008422,0,7,0,2.0,6.0,1.0,1.0,A01
201500008423,0,30,0,0.0,2.0,1.0,1.0,B02
201500008423,0,33,0,0.0,2.0,1.0,1.0,A01
201500008424,0,7,0,2.0,0.0,7.0,1.0,A01
201500008425,0,7,0,0.0,2.0,3.0,1.0,B02
201500008425,0,7,0,0.0,2.0,0.0,1.0,A01
201500008426,0,7,0,0.0,2.0,3.0,1.0,B02
201500008426,0,7,0,0.0,2.0,3.0,13.0,A01
201500008427,0,30,0,0.0,2.0,1.0,17.0,A01
201500008427,0,7,0,0.0,2.0,8.0,1.0,B02
201500008428,0,10,0,0.0,1.0,1.0,1.0,A01
201500008429,0,30,0,0.0,0.0,0.0,0.0,A01
201500008430,0,31,0,0.0,2.0,1.0,17.0,B02
201500008430,0,7,0,0.0,0.0,6.0,15.0,A01
201500008431,0,33,0,0.0,2.0,7.0,17.0,A01
201500008432,0,7,0,0.0,0.0,0.0,0.0,A01
201500008433,0,7,0,0.0,2.0,3.0,1.0,C03
201500008433,0,33,0,0.0,2.0,1.0,17.0,A01
201500008433,0,7,0,0.0,2.0,3.0,1.0,B02
201500008434,0,7,0,0.0,2.0,1.0,0.0,C03
201500008434,0,7,0,0.0,2.0,3.0,0.0,B02
201500008434,0,7,0,0.0,2.0,1.0,0.0,A01
201500008435,0,31,0,0.0,0.0,7.0,1.0,A01
201500008436,0,7,0,0.0,2.0,3.0,1.0,A01
201500008436,0,7,0,0.0,2.0,3.0,1.0,B02
201500008437,0,10,0,0.0,1.0,3.0,1.0,A01
201500008438,0,33,0,0.0,0.0,1.0,1.0,A01
201500008439,0,7,0,2.0,0.0,1.0,13.0,A01
201500008440,0,7,0,0.0,2.0,6.0,1.0,B02
201500008440,0,7,0,0.0,2.0,1.0,1.0,C03
201500008440,0,7,0,0.0,2.0,1.0,5.0,A01
201500008441,0,33,0,0.0,2.0,1.0,17.0,B02
201500008441,0,7,0,0.0,2.0,8.0,15.0,A01
201500008442,0,7,0,0.0,0.0,3.0,15.0,A01
201500008442,0,33,0,0.0,2.0,1.0,17.0,B02
201500008443,0,7,0,0.0,2.0,7.0,10.0,A01
201500008443,0,33,0,0.0,2.0,1.0,1.0,B02
201500008444,0,7,0,0.0,2.0,1.0,1.0,B02
201500008444,0,3,0,0.0,2.0,1.0,13.0,A01
201500008445,0,7,0,3.0,0.0,3.0,1.0,A01
201500008446,0,7,0,10.0,0.0,3.0,1.0,A01
201500008447,0,2,0,15.0,0.0,2.0,1.0,A01
201500008448,0,33,0,11.0,0.0,1.0,1.0,A01
201500008449,0,7,0,0.0,2.0,3.0,1.0,B02
201500008449,0,33,0,0.0,2.0,1.0,1.0,A01
201500008450,0,7,0,2.0,0.0,7.0,1.0,A01
201500008451,0,10,0,2.0,0.0,1.0,1.0,A01
201500008452,0,7,0,0.0,0.0,3.0,16.0,A01
201500008452,0,7,0,0.0,2.0,1.0,1.0,B02
201500008453,0,33,0,2.0,0.0,1.0,1.0,A01
201500008454,0,7,0,0.0,0.0,4.0,15.0,B02
201500008454,0,30,0,0.0,2.0,1.0,17.0,A01
201500008455,0,7,0,8.0,0.0,2.0,1.0,A01
201500008456,0,1,0,0.0,2.0,8.0,1.0,B02
201500008456,0,7,0,0.0,2.0,2.0,17.0,A01
201500008457,0,7,0,0.0,2.0,3.0,13.0,A01
201500008457,0,7,0,0.0,2.0,3.0,0.0,B02
201500008458,0,7,0,0.0,2.0,6.0,2.0,B02
201500008458,0,33,0,0.0,2.0,1.0,2.0,A01
201500008459,0,33,0,0.0,2.0,7.0,1.0,A01
201500008459,0,10,0,0.0,2.0,1.0,1.0,B02
201500008460,0,7,0,0.0,2.0,1.0,5.0,A01
201500008460,0,7,0,0.0,2.0,1.0,1.0,B02
201500008461,0,30,0,2.0,0.0,3.0,1.0,A01
201500008462,0,7,0,13.0,0.0,1.0,1.0,A01
201500008463,0,33,0,12.0,0.0,1.0,15.0,A01
201500008464,0,7,0,0.0,1.0,4.0,4.0,A01
201500008465,0,7,0,0.0,2.0,3.0,1.0,B02
201500008465,0,33,0,0.0,2.0,7.0,12.0,A01
201500008466,0,32,0,0.0,0.0,0.0,0.0,A01
201500008467,0,7,0,16.0,0.0,0.0,13.0,A01
201500008468,0,34,0,0.0,2.0,1.0,13.0,A01
201500008468,0,10,0,0.0,2.0,1.0,1.0,B02
201500008469,0,10,0,14.0,0.0,1.0,1.0,A01
201500008470,0,7,0,0.0,2.0,7.0,9.0,B02
201500008470,0,31,0,0.0,2.0,1.0,2.0,A01
201500008471,0,33,0,0.0,2.0,1.0,17.0,A01
201500008471,0,7,0,0.0,0.0,6.0,15.0,B02
201500008472,0,1,0,0.0,0.0,0.0,1.0,A01
201500008473,0,7,0,0.0,2.0,3.0,15.0,A01
201500008473,0,7,0,0.0,2.0,3.0,1.0,B02
201500008474,0,10,0,0.0,1.0,7.0,16.0,A01
201500008475,0,10,0,12.0,2.0,3.0,5.0,B02
201500008475,0,10,0,0.0,2.0,2.0,1.0,A01
201500008476,0,7,0,0.0,2.0,7.0,1.0,A01
201500008476,0,7,0,0.0,2.0,1.0,1.0,B02
201500008477,0,7,0,16.0,0.0,9.0,14.0,A01
201500008478,0,7,0,2.0,0.0,2.0,0.0,A01
201500008479,0,7,0,2.0,0.0,3.0,14.0,A01
201500008480,0,7,0,0.0,2.0,3.0,5.0,A01
201500008480,0,7,0,0.0,2.0,3.0,5.0,B02
201500008481,0,7,0,6.0,0.0,6.0,1.0,A01
201500008482,0,7,0,0.0,1.0,2.0,2.0,A01
201500008483,0,7,0,0.0,1.0,4.0,4.0,A01
201500008484,0,17,0,0.0,2.0,3.0,1.0,A01
201500008484,0,7,0,0.0,2.0,1.0,1.0,B02
201500008485,0,14,0,0.0,1.0,8.0,1.0,A01
201500008486,0,7,0,0.0,0.0,4.0,17.0,A01
201500008486,0,1,0,0.0,0.0,1.0,0.0,B02
201500008487,0,7,0,0.0,2.0,1.0,21.0,C03
201500008487,0,7,0,0.0,2.0,2.0,13.0,A01
201500008487,0,7,0,0.0,2.0,3.0,1.0,B02
201500008488,0,7,0,0.0,2.0,1.0,17.0,A01
201500008488,0,7,0,0.0,2.0,1.0,1.0,B02
201500008489,0,33,0,0.0,2.0,1.0,1.0,B02
201500008489,0,7,0,0.0,2.0,5.0,15.0,A01
201500008490,0,7,0,0.0,0.0,2.0,13.0,A01
201500008490,0,7,0,0.0,0.0,2.0,0.0,B02
201500008491,0,7,0,0.0,2.0,1.0,13.0,A01
201500008491,0,10,0,0.0,2.0,1.0,1.0,B02
201500008492,0,10,0,0.0,2.0,3.0,1.0,B02
201500008492,0,7,0,0.0,2.0,3.0,1.0,A01
201500008493,0,7,0,0.0,2.0,3.0,13.0,A01
201500008493,0,7,0,0.0,2.0,3.0,1.0,B02
201500008494,0,7,0,0.0,1.0,2.0,1.0,A01
201500008495,0,7,0,0.0,2.0,7.0,19.0,B02
201500008495,0,10,0,0.0,2.0,1.0,1.0,A01
201500008496,0,31,0,0.0,2.0,1.0,13.0,B02
201500008496,0,10,0,0.0,2.0,1.0,1.0,A01
201500008497,0,7,0,0.0,2.0,8.0,2.0,A01
201500008498,0,7,0,0.0,2.0,1.0,13.0,A01
201500008498,0,7,0,0.0,2.0,1.0,1.0,B02
201500008499,0,7,0,0.0,0.0,0.0,15.0,B02
201500008499,0,31,0,0.0,0.0,1.0,17.0,A01
201500008500,0,7,0,13.0,0.0,1.0,1.0,A01
201500008501,0,7,0,0.0,0.0,1.0,1.0,B02
201500008501,0,10,0,0.0,2.0,2.0,19.0,A01
201500008502,0,7,0,0.0,2.0,3.0,0.0,B02
201500008502,0,7,0,0.0,2.0,3.0,1.0,A01
201500008503,0,7,0,0.0,2.0,8.0,19.0,A01
201500008503,0,7,0,0.0,2.0,1.0,1.0,B02
201500008504,0,7,0,0.0,2.0,3.0,1.0,B02
201500008504,0,7,0,0.0,2.0,3.0,1.0,A01
201500008505,0,7,0,0.0,1.0,7.0,1.0,A01
201500008506,0,31,0,13.0,0.0,1.0,1.0,A01
201500008507,0,7,0,6.0,0.0,3.0,1.0,A01
201500008508,0,1,0,14.0,0.0,1.0,16.0,A01
201500008509,0,7,0,0.0,0.0,3.0,19.0,B02
201500008509,0,7,0,0.0,2.0,1.0,1.0,A01
201500008510,0,7,0,2.0,0.0,1.0,1.0,A01
201500008511,0,7,0,2.0,0.0,2.0,19.0,A01
201500008512,0,7,0,0.0,2.0,3.0,15.0,A01
201500008512,0,2,0,0.0,2.0,7.0,1.0,B02
201500008513,0,14,0,0.0,0.0,2.0,0.0,A01
201500008514,0,10,0,0.0,2.0,1.0,13.0,A01
201500008514,0,7,0,0.0,2.0,3.0,1.0,B02
201500008515,0,7,0,13.0,0.0,1.0,1.0,A01
201500008516,0,7,0,0.0,0.0,3.0,16.0,A01
201500008516,0,2,0,0.0,2.0,1.0,21.0,B02
201500008517,0,10,0,6.0,0.0,1.0,1.0,A01
201500008518,0,7,0,0.0,2.0,2.0,1.0,B02
201500008518,0,30,0,0.0,2.0,1.0,13.0,A01
201500008519,0,7,0,0.0,1.0,0.0,1.0,A01
201500008520,0,31,0,0.0,2.0,3.0,1.0,B02
201500008520,0,10,0,0.0,0.0,6.0,15.0,A01
201500008521,0,7,0,16.0,0.0,9.0,1.0,A01
201500008522,0,7,0,0.0,2.0,3.0,1.0,B02
201500008522,0,7,0,0.0,9.0,3.0,1.0,C03
201500008522,0,7,0,0.0,2.0,3.0,13.0,A01
201500008523,0,33,0,6.0,0.0,1.0,1.0,A01
201500008524,0,7,0,0.0,2.0,1.0,1.0,A01
201500008524,0,7,0,0.0,2.0,1.0,1.0,B02
201500008525,0,7,0,0.0,2.0,3.0,1.0,A01
201500008525,0,7,0,0.0,2.0,1.0,1.0,B02
201500008526,0,7,0,0.0,2.0,3.0,9.0,A01
201500008526,0,31,0,0.0,2.0,1.0,1.0,B02
201500008527,0,7,0,0.0,2.0,3.0,15.0,B02
201500008527,0,33,0,0.0,2.0,1.0,17.0,A01
201500008528,0,7,0,0.0,2.0,3.0,15.0,A01
201500008528,0,7,0,0.0,2.0,2.0,1.0,B02
201500008529,0,7,0,0.0,0.0,6.0,15.0,A01
201500008529,0,7,0,0.0,2.0,1.0,17.0,B02
201500008530,0,7,0,0.0,2.0,3.0,17.0,B02
201500008530,0,7,0,0.0,2.0,6.0,1.0,A01
201500008530,0,10,0,0.0,2.0,3.0,0.0,C03
201500008531,0,7,0,0.0,0.0,2.0,1.0,B02
201500008531,0,1,0,0.0,0.0,1.0,15.0,A01
201500008532,0,7,0,2.0,0.0,8.0,1.0,A01
201500008533,0,7,0,0.0,9.0,1.0,1.0,A01
201500008534,0,7,0,0.0,0.0,1.0,1.0,A01
201500008535,0,7,0,2.0,0.0,1.0,1.0,A01
201500008536,0,7,0,10.0,0.0,1.0,19.0,A01
201500008537,0,31,0,0.0,2.0,1.0,1.0,B02
201500008537,0,7,0,0.0,2.0,8.0,1.0,A01
201500008538,0,7,0,0.0,2.0,8.0,0.0,A01
201500008538,0,7,0,0.0,2.0,1.0,19.0,B02
201500008539,0,33,0,0.0,2.0,1.0,1.0,B02
201500008539,0,10,0,0.0,2.0,7.0,15.0,A01
201500008540,0,7,0,0.0,2.0,3.0,21.0,A01
201500008540,2,7,0,0.0,2.0,1.0,13.0,B02
201500008541,0,7,0,0.0,2.0,4.0,23.0,B02
201500008541,0,10,0,0.0,2.0,2.0,2.0,A01
201500008542,0,33,0,0.0,0.0,0.0,13.0,A01
201500008543,0,31,0,16.0,0.0,0.0,1.0,A01
201500008544,0,7,0,0.0,2.0,1.0,1.0,B02
201500008544,0,33,0,0.0,2.0,1.0,17.0,A01
201500008545,0,7,0,0.0,2.0,2.0,15.0,A01
201500008545,0,7,0,6.0,2.0,1.0,1.0,B02
201500008546,0,34,0,13.0,0.0,7.0,0.0,A01
201500008547,0,33,0,14.0,0.0,1.0,1.0,B02
201500008547,0,33,0,0.0,2.0,8.0,21.0,A01
201500008548,0,7,0,0.0,2.0,3.0,1.0,B02
201500008548,0,33,0,0.0,2.0,1.0,15.0,A01
201500008549,0,10,0,0.0,2.0,6.0,1.0,B02
201500008549,0,33,0,0.0,2.0,2.0,13.0,A01
201500008550,0,33,0,6.0,0.0,1.0,1.0,A01
201500008551,0,33,0,14.0,0.0,1.0,13.0,A01
201500008551,0,7,0,0.0,0.0,3.0,1.0,B02
201500008552,0,30,0,0.0,0.0,1.0,0.0,A01
201500008553,0,7,0,0.0,1.0,8.0,15.0,A01
201500008554,0,7,0,6.0,0.0,2.0,1.0,A01
201500008555,0,33,0,6.0,0.0,2.0,1.0,A01
201500008556,0,7,0,0.0,2.0,1.0,13.0,A01
201500008556,0,7,0,0.0,2.0,1.0,1.0,B02
201500008557,0,7,0,0.0,1.0,1.0,1.0,A01
201500008558,0,7,0,0.0,1.0,3.0,0.0,A01
201500008559,0,7,0,0.0,1.0,1.0,20.0,A01
201500008560,0,7,0,0.0,1.0,1.0,1.0,A01
201500008561,0,33,0,0.0,2.0,1.0,1.0,B02
201500008561,0,7,0,0.0,2.0,2.0,15.0,A01
201500008562,0,10,0,6.0,1.0,2.0,1.0,A01
201500008563,0,33,0,0.0,0.0,3.0,21.0,B02
201500008563,0,37,0,0.0,2.0,3.0,16.0,A01
201500008564,0,7,0,0.0,0.0,1.0,1.0,A01
201500008565,0,2,0,0.0,0.0,1.0,1.0,A01
201500008566,0,7,0,0.0,2.0,1.0,1.0,B02
201500008566,0,30,0,0.0,2.0,4.0,19.0,A01
201500008567,0,2,0,0.0,2.0,1.0,1.0,B02
201500008567,0,10,0,0.0,2.0,3.0,10.0,A01
201500008568,0,7,0,13.0,0.0,0.0,1.0,A01
201500008569,0,7,0,0.0,0.0,0.0,1.0,A01
201500008570,0,7,0,0.0,2.0,3.0,13.0,A01
201500008570,0,7,0,0.0,2.0,3.0,1.0,B02
201500008571,0,7,0,6.0,0.0,1.0,1.0,A01
201500008572,0,30,0,0.0,2.0,1.0,1.0,B02
201500008572,0,7,0,0.0,2.0,2.0,15.0,A01
201500008573,0,7,0,0.0,2.0,1.0,1.0,B02
201500008573,0,7,0,0.0,2.0,3.0,15.0,A01
201500008574,0,7,0,15.0,2.0,7.0,1.0,A01
201500008574,0,7,0,0.0,2.0,1.0,1.0,B02
201500008575,0,7,0,2.0,0.0,2.0,2.0,A01
201500008576,0,7,0,0.0,1.0,2.0,1.0,A01
201500008577,0,33,0,0.0,1.0,1.0,1.0,A01
201500008578,0,7,0,16.0,0.0,2.0,1.0,A01
201500008579,0,33,0,0.0,2.0,2.0,1.0,A01
201500008579,0,7,0,0.0,2.0,2.0,19.0,B02
201500008580,0,31,0,0.0,0.0,8.0,1.0,A01
201500008581,0,7,0,0.0,2.0,3.0,1.0,B02
201500008581,0,7,0,0.0,2.0,5.0,17.0,A01
201500008582,0,7,0,0.0,2.0,3.0,15.0,A01
201500008582,0,33,0,0.0,2.0,6.0,2.0,B02
201500008583,0,7,0,0.0,2.0,8.0,13.0,A01
201500008583,0,7,0,0.0,2.0,8.0,2.0,B02
201500008584,0,7,0,0.0,1.0,3.0,1.0,A01
201500008585,0,7,0,6.0,0.0,3.0,5.0,A01
201500008586,0,7,0,0.0,2.0,2.0,9.0,A01
201500008586,0,7,0,0.0,1.0,3.0,1.0,B02
201500008587,0,7,0,2.0,0.0,2.0,1.0,A01
201500008588,0,7,0,0.0,2.0,2.0,23.0,B02
201500008588,0,33,0,0.0,2.0,1.0,5.0,A01
201500008589,0,33,0,0.0,2.0,1.0,1.0,B02
201500008589,0,7,0,0.0,2.0,1.0,15.0,A01
201500008590,0,7,0,2.0,0.0,6.0,1.0,A01