Num_Acc,senc,catv,occutc,obs,obsm,choc,manv,num_veh
201500008591,0,33,0,0.0,2.0,7.0,1.0,C03
201500008591,0,33,0,0.0,2.0,1.0,1.0,B02
201500008591,0,7,0,0.0,0.0,5.0,15.0,A01
201500008592,0,33,0,0.0,2.0,1.0,2.0,A01
201500008592,0,10,0,0.0,2.0,6.0,1.0,B02
201500008593,0,7,0,0.0,2.0,3.0,1.0,B02
201500008593,0,7,0,0.0,2.0,2.0,9.0,A01
201500008594,0,7,0,0.0,2.0,3.0,19.0,B02
201500008594,0,7,0,0.0,2.0,1.0,1.0,A01
201500008595,0,7,0,13.0,0.0,1.0,1.0,A01
201500008596,0,7,0,0.0,2.0,4.0,1.0,B02
201500008596,0,7,0,0.0,2.0,1.0,2.0,A01
201500008597,0,7,0,13.0,0.0,2.0,2.0,A01
201500008598,0,33,0,7.0,0.0,7.0,1.0,A01
201500008599,0,10,0,2.0,0.0,3.0,1.0,A01
201500008600,0,1,0,0.0,2.0,6.0,1.0,B02
201500008600,0,7,0,0.0,2.0,2.0,17.0,A01
201500008601,0,33,0,8.0,2.0,1.0,5.0,A01
201500008601,0,7,0,0.0,2.0,3.0,15.0,B02
201500008602,0,2,0,0.0,2.0,1.0,13.0,B02
201500008602,0,7,0,0.0,2.0,3.0,1.0,A01
201500008603,0,7,0,13.0,0.0,1.0,1.0,A01
201500008604,0,3,0,0.0,2.0,1.0,5.0,A01
201500008604,0,10,0,0.0,2.0,1.0,1.0,B02
201500008605,0,7,0,0.0,2.0,1.0,13.0,B02
201500008605,0,17,0,0.0,2.0,3.0,1.0,A01
201500008606,0,7,0,0.0,1.0,1.0,20.0,A01
201500008607,0,10,0,0.0,1.0,2.0,1.0,A01
201500008608,0,7,0,0.0,2.0,1.0,1.0,A01
201500008608,0,7,0,4.0,2.0,1.0,19.0,B02
201500008609,0,31,0,0.0,2.0,0.0,1.0,A01
201500008610,0,10,0,0.0,1.0,4.0,4.0,A01
201500008611,0,7,0,0.0,2.0,3.0,13.0,A01
201500008611,0,7,0,0.0,2.0,3.0,1.0,B02
201500008612,0,31,0,13.0,0.0,1.0,1.0,A01
201500008613,0,7,0,0.0,0.0,9.0,1.0,A01
201500008614,0,33,0,0.0,0.0,2.0,17.0,A01
201500008615,0,7,0,2.0,0.0,6.0,0.0,A01
201500008616,0,7,0,0.0,2.0,2.0,15.0,B02
201500008616,0,7,0,0.0,2.0,3.0,1.0,A01
201500008617,0,7,0,0.0,2.0,5.0,1.0,B02
201500008617,0,30,0,0.0,2.0,1.0,1.0,A01
201500008618,0,33,0,0.0,0.0,1.0,0.0,A01
201500008619,0,7,0,6.0,0.0,1.0,15.0,A01
201500008620,0,7,0,0.0,2.0,3.0,0.0,B02
201500008620,0,7,0,0.0,2.0,6.0,13.0,A01
201500008621,0,7,0,0.0,2.0,1.0,1.0,B02
201500008621,0,7,0,0.0,2.0,7.0,1.0,A01
201500008622,0,10,0,0.0,2.0,3.0,0.0,B02
201500008622,0,7,0,0.0,0.0,3.0,13.0,A01
201500008623,0,7,0,13.0,0.0,2.0,0.0,A01
201500008624,0,7,0,0.0,2.0,3.0,1.0,A01
201500008624,0,10,0,0.0,2.0,3.0,1.0,C03
201500008624,0,7,0,0.0,2.0,8.0,1.0,B02
201500008625,0,7,0,2.0,0.0,1.0,2.0,A01
201500008626,0,7,0,0.0,9.0,3.0,1.0,A01
201500008626,0,1,0,0.0,2.0,1.0,1.0,B02
201500008627,0,33,0,15.0,0.0,1.0,13.0,A01
201500008628,0,33,0,13.0,0.0,7.0,1.0,A01
201500008629,0,7,0,0.0,0.0,2.0,19.0,A01
201500008629,0,31,0,0.0,2.0,1.0,1.0,B02
201500008630,0,15,0,0.0,2.0,1.0,1.0,A01
201500008630,0,7,0,0.0,2.0,4.0,1.0,B02
201500008630,0,14,0,0.0,0.0,4.0,1.0,C03
201500008631,0,7,0,0.0,2.0,1.0,0.0,B02
201500008631,0,7,0,0.0,2.0,7.0,1.0,A01
201500008632,0,7,0,2.0,0.0,3.0,13.0,A01
201500008633,0,3,0,0.0,6.0,2.0,1.0,A01
201500008634,0,7,0,0.0,2.0,1.0,0.0,A01
201500008634,0,14,0,0.0,2.0,1.0,0.0,B02
201500008635,0,7,0,0.0,2.0,2.0,15.0,A01
201500008635,0,33,0,0.0,2.0,3.0,1.0,B02
201500008636,0,1,0,0.0,9.0,2.0,2.0,A01
201500008636,0,1,0,0.0,9.0,3.0,0.0,C03
201500008636,0,1,0,0.0,9.0,3.0,2.0,B02
201500008637,0,7,0,13.0,0.0,3.0,1.0,A01
201500008638,0,7,0,0.0,2.0,3.0,2.0,B02
201500008638,0,10,0,0.0,2.0,5.0,15.0,A01
201500008639,0,31,0,0.0,6.0,0.0,21.0,A01
201500008640,0,33,0,0.0,2.0,1.0,1.0,A01
201500008640,0,7,0,0.0,0.0,4.0,15.0,B02
201500008641,0,15,0,6.0,0.0,1.0,1.0,A01
201500008642,0,31,0,0.0,2.0,8.0,15.0,B02
201500008642,0,7,0,0.0,2.0,1.0,17.0,A01
201500008643,0,7,0,13.0,0.0,1.0,1.0,A01
201500008644,0,33,0,0.0,0.0,8.0,1.0,B02
201500008644,0,7,0,0.0,0.0,2.0,6.0,A01
201500008645,0,7,0,0.0,2.0,3.0,1.0,C03
201500008645,0,21,0,0.0,0.0,6.0,1.0,A01
201500008645,0,7,0,0.0,2.0,3.0,0.0,B02
201500008646,0,7,0,0.0,2.0,3.0,1.0,B02
201500008646,0,7,0,0.0,2.0,3.0,1.0,A01
201500008647,0,30,0,0.0,0.0,3.0,1.0,A01
201500008648,0,10,0,0.0,2.0,1.0,13.0,A01
201500008648,0,7,0,0.0,2.0,1.0,1.0,B02
201500008649,0,37,0,0.0,0.0,0.0,9.0,A01
201500008649,0,7,0,0.0,2.0,6.0,1.0,B02
201500008649,0,33,0,0.0,2.0,1.0,1.0,C03
201500008650,0,7,0,0.0,2.0,4.0,1.0,B02
201500008650,0,7,0,0.0,2.0,1.0,1.0,A01
201500008651,0,33,0,0.0,2.0,1.0,1.0,A01
201500008651,0,7,0,0.0,2.0,3.0,1.0,B02
201500008652,0,7,0,0.0,2.0,3.0,1.0,A01
201500008652,0,31,0,0.0,2.0,7.0,19.0,B02
201500008653,0,33,0,0.0,2.0,1.0,5.0,A01
201500008653,0,7,0,0.0,2.0,3.0,15.0,B02
201500008654,0,7,0,0.0,2.0,1.0,1.0,B02
201500008654,0,7,0,0.0,2.0,1.0,13.0,A01
201500008655,0,7,0,13.0,0.0,2.0,14.0,A01
201500008656,0,7,0,0.0,2.0,1.0,1.0,B02
201500008656,0,7,0,0.0,2.0,1.0,13.0,A01
201500008657,0,10,0,0.0,2.0,6.0,1.0,B02
201500008657,0,7,0,0.0,2.0,1.0,1.0,A01
201500008658,0,15,0,0.0,2.0,8.0,15.0,A01
201500008658,0,33,0,0.0,2.0,1.0,1.0,B02
201500008659,0,7,0,0.0,2.0,4.0,17.0,B02
201500008659,0,7,0,0.0,2.0,2.0,17.0,C03
201500008659,0,7,0,0.0,2.0,4.0,1.0,A01
201500008660,0,7,0,0.0,2.0,2.0,1.0,B02
201500008660,0,7,0,0.0,2.0,3.0,15.0,A01
201500008661,0,7,0,2.0,0.0,5.0,1.0,A01
201500008662,0,33,0,0.0,2.0,1.0,1.0,A01
201500008662,0,15,0,0.0,2.0,3.0,1.0,C03
201500008662,0,7,0,0.0,2.0,4.0,1.0,B02
201500008663,0,33,0,0.0,2.0,8.0,13.0,A01
201500008663,0,7,0,0.0,2.0,8.0,13.0,B02
201500008664,0,7,0,0.0,1.0,0.0,2.0,A01
201500008665,0,7,0,0.0,2.0,2.0,15.0,A01
201500008665,0,33,0,0.0,2.0,3.0,1.0,B02
201500008666,0,33,0,16.0,0.0,7.0,19.0,A01
201500008667,0,33,0,12.0,0.0,0.0,14.0,A01
201500008668,0,7,0,6.0,0.0,1.0,0.0,A01
201500008669,0,7,0,0.0,2.0,1.0,1.0,B02
201500008669,0,7,0,0.0,2.0,1.0,17.0,A01
201500008670,0,7,0,0.0,2.0,1.0,1.0,B02
201500008670,0,7,0,0.0,2.0,3.0,13.0,A01
201500008670,0,7,0,0.0,2.0,2.0,1.0,C03
201500008671,0,7,0,0.0,2.0,3.0,1.0,B02
201500008671,0,7,0,0.0,2.0,3.0,13.0,A01
201500008672,0,33,0,0.0,2.0,2.0,1.0,B02
201500008672,0,7,0,0.0,2.0,5.0,15.0,A01
201500008673,0,7,0,0.0,2.0,2.0,17.0,A01
201500008673,0,7,0,0.0,2.0,2.0,1.0,B02
201500008674,0,7,0,0.0,1.0,2.0,1.0,A01
201500008675,0,7,0,13.0,0.0,1.0,1.0,A01
201500008676,0,7,0,0.0,2.0,8.0,10.0,A01
201500008676,0,7,0,0.0,2.0,2.0,21.0,B02
201500008677,0,10,0,0.0,2.0,6.0,1.0,A01
201500008677,0,7,0,0.0,2.0,1.0,1.0,B02
201500008678,0,7,0,6.0,0.0,1.0,1.0,A01
201500008679,0,7,0,0.0,2.0,3.0,21.0,B02
201500008679,0,33,0,0.0,2.0,1.0,13.0,A01
201500008680,0,10,0,0.0,2.0,3.0,13.0,A01
201500008680,0,7,0,0.0,2.0,3.0,21.0,B02
201500008681,0,7,0,5.0,0.0,2.0,1.0,A01
201500008682,0,7,0,0.0,2.0,2.0,15.0,A01
201500008682,0,33,0,0.0,2.0,3.0,15.0,B02
201500008683,0,7,0,13.0,0.0,1.0,1.0,A01
201500008684,1,7,0,13.0,0.0,1.0,13.0,A01
201500008685,0,7,0,13.0,0.0,9.0,1.0,A01
201500008686,0,7,0,2.0,2.0,3.0,15.0,B02
201500008686,0,1,0,0.0,2.0,7.0,2.0,A01
201500008687,0,36,0,0.0,0.0,1.0,1.0,A01
201500008688,0,33,0,16.0,0.0,0.0,1.0,A01
201500008689,0,7,0,10.0,0.0,3.0,16.0,A01
201500008690,0,7,0,2.0,0.0,1.0,1.0,A01
201500008691,0,7,0,13.0,0.0,3.0,13.0,A01
201500008692,0,33,0,3.0,0.0,8.0,1.0,A01
201500008693,0,33,0,0.0,2.0,8.0,1.0,B02
201500008693,0,7,0,0.0,2.0,8.0,1.0,A01
201500008694,0,33,0,5.0,0.0,7.0,17.0,A01
201500008695,0,31,0,13.0,0.0,7.0,1.0,A01
201500008696,0,21,0,0.0,2.0,3.0,15.0,A01
201500008696,0,33,0,0.0,2.0,2.0,17.0,B02
201500008697,0,10,0,13.0,0.0,3.0,1.0,A01
201500008698,0,7,0,0.0,2.0,1.0,1.0,B02
201500008698,0,7,0,3.0,2.0,7.0,13.0,A01
201500008699,0,7,0,13.0,0.0,1.0,1.0,A01
201500008700,0,33,0,13.0,0.0,1.0,1.0,A01
201500008701,0,7,0,13.0,0.0,2.0,1.0,A01
201500008702,0,7,0,0.0,0.0,0.0,1.0,A01
201500008703,0,7,0,16.0,0.0,0.0,13.0,A01
201500008704,0,7,0,13.0,0.0,1.0,1.0,A01
201500008705,0,7,0,2.0,0.0,2.0,1.0,A01
201500008706,0,10,0,0.0,2.0,8.0,15.0,B02
201500008706,0,33,0,0.0,2.0,1.0,17.0,A01
201500008707,0,7,0,0.0,2.0,3.0,15.0,A01
201500008707,0,7,0,0.0,2.0,7.0,17.0,B02
201500008708,0,7,0,0.0,0.0,5.0,15.0,B02
201500008708,0,7,0,0.0,0.0,3.0,1.0,A01
201500008709,0,7,0,0.0,2.0,3.0,19.0,A01
201500008709,0,33,0,0.0,2.0,1.0,1.0,B02
201500008710,0,7,0,0.0,0.0,0.0,4.0,A01
201500008711,0,7,0,4.0,0.0,3.0,1.0,A01
201500008712,0,7,0,0.0,2.0,8.0,24.0,A01
201500008712,0,1,0,1.0,0.0,1.0,1.0,B02
201500008713,0,33,0,0.0,0.0,1.0,2.0,A01
201500008713,0,7,0,0.0,0.0,6.0,0.0,B02
201500008714,0,33,0,0.0,2.0,1.0,17.0,A01
201500008714,0,7,0,0.0,2.0,8.0,15.0,B02
201500008715,0,10,0,0.0,2.0,1.0,2.0,A01
201500008715,0,30,0,0.0,2.0,7.0,2.0,B02
201500008716,0,33,0,0.0,2.0,1.0,2.0,A01
201500008716,0,7,0,0.0,2.0,4.0,2.0,B02
201500008717,0,7,0,0.0,2.0,1.0,1.0,C03
201500008717,0,7,0,0.0,2.0,1.0,1.0,B02
201500008717,0,10,0,0.0,2.0,1.0,13.0,A01
201500008718,0,7,0,0.0,1.0,1.0,1.0,A01
201500008719,0,10,0,0.0,2.0,3.0,1.0,B02
201500008719,0,10,0,0.0,0.0,0.0,1.0,C03
201500008719,0,31,0,0.0,2.0,3.0,17.0,A01
201500008720,0,7,0,6.0,0.0,1.0,1.0,A01
201500008721,0,7,0,13.0,0.0,3.0,13.0,A01
201500008722,0,7,0,0.0,2.0,3.0,17.0,A01
201500008722,0,7,0,0.0,2.0,3.0,1.0,B02
201500008723,0,10,0,12.0,0.0,3.0,13.0,A01
201500008724,0,7,0,0.0,2.0,1.0,17.0,A01
201500008724,0,7,0,0.0,2.0,1.0,2.0,B02
201500008724,0,7,0,0.0,2.0,3.0,1.0,C03
201500008725,0,21,0,0.0,0.0,1.0,1.0,A01
201500008726,0,7,0,0.0,2.0,1.0,15.0,A01
201500008726,0,7,0,4.0,2.0,3.0,1.0,B02
201500008727,0,31,0,3.0,0.0,7.0,1.0,A01
201500008728,0,7,0,0.0,0.0,1.0,2.0,A01
201500008728,0,1,0,0.0,0.0,4.0,2.0,B02
201500008729,0,7,0,0.0,2.0,3.0,9.0,A01
201500008729,0,7,0,0.0,0.0,4.0,0.0,C03
201500008729,0,7,0,0.0,0.0,4.0,0.0,D04
201500008729,0,7,0,0.0,0.0,6.0,1.0,B02
201500008730,0,32,0,0.0,2.0,1.0,1.0,B02
201500008730,0,7,0,0.0,2.0,2.0,11.0,A01
201500008731,0,36,0,3.0,0.0,1.0,0.0,A01
201500008732,0,3,0,0.0,2.0,1.0,1.0,B02
201500008732,0,7,0,0.0,2.0,4.0,2.0,A01
201500008733,0,1,0,0.0,2.0,4.0,1.0,B02
201500008733,0,7,0,0.0,9.0,2.0,1.0,A01
201500008734,0,17,0,13.0,0.0,7.0,1.0,A01
201500008735,0,7,0,8.0,,1.0,16.0,A01
201500008736,0,33,0,0.0,0.0,8.0,1.0,A01
201500008737,0,7,0,0.0,9.0,3.0,1.0,B02
201500008737,0,1,0,0.0,2.0,5.0,16.0,A01
201500008738,0,10,0,0.0,1.0,1.0,1.0,A01
201500008739,0,7,0,0.0,2.0,3.0,15.0,A01
201500008739,0,32,0,0.0,2.0,2.0,1.0,B02
201500008740,0,10,0,0.0,2.0,1.0,2.0,A01
201500008740,0,7,0,0.0,2.0,4.0,2.0,B02
201500008741,0,7,0,0.0,2.0,3.0,21.0,B02
201500008741,0,7,0,0.0,2.0,3.0,13.0,A01
201500008742,0,31,0,13.0,0.0,6.0,0.0,A01
201500008743,0,7,0,0.0,9.0,5.0,0.0,A01
201500008743,0,1,0,0.0,2.0,1.0,0.0,B02
201500008744,0,37,10,0.0,1.0,1.0,1.0,A01
201500008745,0,7,0,0.0,1.0,8.0,1.0,A01
201500008746,0,33,0,0.0,1.0,1.0,1.0,A01
201500008747,0,7,0,0.0,2.0,6.0,2.0,A01
201500008747,0,33,0,0.0,2.0,1.0,2.0,B02
201500008748,0,33,0,5.0,0.0,1.0,1.0,A01
201500008749,0,7,0,0.0,2.0,1.0,13.0,A01
201500008749,0,7,0,0.0,2.0,3.0,1.0,B02
201500008750,0,7,0,0.0,2.0,5.0,15.0,B02
201500008750,0,33,0,0.0,2.0,1.0,1.0,A01
201500008751,0,10,0,13.0,0.0,1.0,1.0,A01
201500008752,0,7,0,0.0,0.0,1.0,0.0,A01
201500008753,0,7,0,0.0,0.0,1.0,0.0,A01
201500008754,0,7,0,0.0,2.0,3.0,1.0,B02
201500008754,0,32,0,0.0,2.0,1.0,13.0,A01
201500008755,0,34,0,0.0,2.0,2.0,17.0,A01
201500008755,0,7,0,0.0,2.0,8.0,15.0,B02
201500008756,0,30,0,0.0,2.0,1.0,1.0,A01
201500008756,0,7,0,0.0,2.0,1.0,1.0,B02
201500008757,0,7,0,0.0,1.0,1.0,1.0,A01
201500008758,0,33,0,0.0,0.0,8.0,1.0,A01
201500008759,0,31,0,4.0,0.0,7.0,1.0,A01
201500008760,0,7,0,0.0,1.0,2.0,1.0,A01
201500008761,0,7,0,0.0,1.0,3.0,1.0,A01
201500008762,0,7,0,0.0,2.0,2.0,1.0,C03
201500008762,0,1,0,0.0,0.0,1.0,15.0,B02
201500008762,0,7,0,0.0,2.0,1.0,1.0,A01
201500008763,0,99,0,0.0,0.0,0.0,10.0,A01
201500008764,0,7,0,0.0,2.0,3.0,2.0,B02
201500008764,0,7,0,0.0,2.0,1.0,6.0,A01
201500008765,0,7,0,0.0,1.0,2.0,1.0,A01
201500008766,0,7,0,13.0,0.0,3.0,1.0,A01
201500008767,0,7,0,0.0,2.0,1.0,1.0,B02
201500008767,0,7,0,0.0,2.0,1.0,13.0,A01
201500008768,0,7,0,2.0,0.0,1.0,0.0,A01
201500008769,0,14,0,0.0,1.0,2.0,1.0,A01
201500008770,0,7,0,0.0,2.0,3.0,13.0,A01
201500008770,0,7,0,0.0,2.0,3.0,1.0,B02
201500008770,0,7,0,14.0,0.0,2.0,1.0,C03
201500008771,0,7,0,13.0,0.0,7.0,14.0,A01
201500008772,0,7,0,0.0,2.0,3.0,1.0,B02
201500008772,0,7,0,0.0,2.0,3.0,13.0,A01
201500008773,0,7,0,0.0,2.0,6.0,19.0,A01
201500008773,0,33,0,0.0,2.0,1.0,1.0,B02
201500008774,0,32,0,13.0,0.0,1.0,1.0,A01
201500008775,0,7,0,2.0,0.0,7.0,1.0,A01
201500008776,0,7,0,0.0,9.0,2.0,19.0,A01
201500008776,0,1,0,0.0,2.0,2.0,1.0,B02
201500008777,0,1,0,0.0,2.0,7.0,1.0,B02
201500008777,0,7,0,0.0,9.0,1.0,9.0,A01
201500008778,0,7,0,0.0,2.0,3.0,13.0,A01
201500008778,0,7,0,0.0,2.0,8.0,1.0,B02
201500008779,0,7,0,0.0,2.0,8.0,19.0,A01
201500008779,0,33,0,0.0,2.0,1.0,1.0,B02
201500008780,0,33,0,8.0,0.0,1.0,14.0,A01
201500008781,0,33,0,16.0,0.0,9.0,0.0,A01
201500008782,0,10,0,15.0,9.0,1.0,1.0,A01
201500008782,0,1,0,0.0,2.0,1.0,1.0,B02
201500008783,0,10,0,13.0,0.0,1.0,1.0,A01
201500008784,0,31,0,0.0,2.0,4.0,1.0,B02
201500008784,0,7,0,0.0,2.0,1.0,1.0,A01
201500008785,0,7,0,0.0,2.0,3.0,1.0,B02
201500008785,0,7,0,0.0,2.0,3.0,1.0,A01
201500008786,0,7,0,0.0,1.0,2.0,1.0,A01
201500008787,0,7,0,0.0,2.0,1.0,15.0,A01
201500008787,0,7,0,0.0,2.0,1.0,1.0,B02
201500008788,0,7,0,2.0,0.0,8.0,1.0,A01
201500008789,0,7,0,0.0,2.0,1.0,1.0,B02
201500008789,0,1,0,0.0,2.0,1.0,1.0,A01
201500008790,0,37,0,0.0,0.0,7.0,17.0,B02
201500008790,0,33,0,0.0,2.0,1.0,1.0,A01
201500008791,0,33,0,1.0,5.0,1.0,19.0,A01
201500008792,0,7,0,0.0,1.0,1.0,1.0,A01
201500008793,0,7,0,0.0,2.0,2.0,19.0,A01
201500008793,0,33,0,0.0,2.0,1.0,1.0,B02
201500008794,0,7,0,0.0,9.0,2.0,15.0,A01
201500008794,0,1,0,0.0,2.0,1.0,1.0,B02
201500008795,0,7,0,6.0,0.0,8.0,0.0,A01
201500008796,0,33,0,0.0,1.0,1.0,1.0,A01
201500008797,0,7,0,0.0,0.0,8.0,15.0,A01
201500008797,0,34,0,0.0,0.0,1.0,0.0,B02
201500008798,0,33,0,0.0,2.0,1.0,1.0,A01
201500008798,0,7,0,0.0,2.0,8.0,15.0,B02
201500008799,0,7,0,0.0,2.0,3.0,1.0,A01
201500008799,0,7,0,0.0,2.0,1.0,13.0,B02
201500008800,0,7,0,0.0,0.0,4.0,1.0,A01
201500008800,0,7,0,0.0,2.0,1.0,1.0,B02
201500008801,0,33,0,6.0,0.0,1.0,17.0,A01
201500008802,0,34,0,0.0,2.0,1.0,1.0,A01
201500008802,2,7,0,0.0,2.0,2.0,9.0,B02
201500008803,0,7,0,0.0,0.0,9.0,13.0,A01
201500008804,0,10,0,0.0,2.0,1.0,13.0,A01
201500008804,0,14,0,0.0,2.0,3.0,1.0,B02
201500008805,0,7,0,0.0,2.0,1.0,13.0,A01
201500008805,0,7,0,0.0,2.0,1.0,1.0,B02
201500008806,0,7,0,0.0,2.0,1.0,5.0,A01
201500008806,0,7,0,0.0,2.0,1.0,1.0,B02
201500008807,0,7,0,0.0,2.0,2.0,15.0,A01
201500008807,0,7,0,0.0,2.0,9.0,1.0,B02
201500008807,0,7,0,0.0,2.0,1.0,1.0,C03
201500008808,0,7,0,0.0,2.0,3.0,1.0,A01
201500008808,0,7,0,0.0,2.0,3.0,1.0,B02
201500008809,0,33,0,4.0,0.0,8.0,1.0,A01
201500008810,0,14,0,0.0,9.0,0.0,1.0,A01
201500008810,0,1,0,0.0,2.0,0.0,1.0,B02
201500008811,0,33,0,0.0,0.0,7.0,1.0,A01
201500008812,0,7,0,0.0,0.0,0.0,1.0,A01
201500008813,0,7,0,0.0,1.0,1.0,1.0,A01
201500008814,0,7,0,0.0,0.0,1.0,1.0,A01
201500008815,0,7,0,0.0,2.0,3.0,13.0,A01
201500008815,0,7,0,0.0,2.0,3.0,1.0,B02
201500008816,0,7,0,0.0,1.0,2.0,1.0,A01
201500008817,0,7,0,0.0,0.0,2.0,2.0,A01
201500008817,0,14,0,0.0,0.0,6.0,2.0,B02
201500008818,0,2,0,0.0,2.0,1.0,1.0,A01
201500008818,0,10,0,0.0,0.0,4.0,1.0,B02
201500008819,0,1,0,0.0,0.0,0.0,0.0,A01
201500008819,1,7,0,0.0,2.0,0.0,0.0,B02
201500008820,0,7,0,0.0,1.0,3.0,1.0,A01
201500008821,0,30,0,0.0,0.0,1.0,0.0,A01
201500008821,0,7,0,0.0,0.0,0.0,0.0,B02
201500008822,0,7,0,0.0,1.0,3.0,1.0,A01
201500008823,0,7,0,0.0,0.0,1.0,15.0,A01
201500008823,0,33,0,0.0,0.0,7.0,1.0,B02
201500008824,0,30,0,0.0,2.0,4.0,0.0,A01
201500008824,2,7,0,0.0,2.0,1.0,1.0,B02
201500008825,0,7,0,0.0,0.0,7.0,15.0,A01
201500008825,0,7,0,0.0,2.0,2.0,1.0,B02
201500008826,0,7,0,0.0,2.0,6.0,2.0,A01
201500008826,0,32,0,0.0,2.0,1.0,2.0,B02
201500008827,0,7,0,13.0,0.0,9.0,13.0,A01
201500008828,0,33,0,0.0,0.0,8.0,1.0,A01
201500008829,0,7,0,0.0,2.0,3.0,15.0,A01
201500008829,0,7,0,0.0,2.0,3.0,1.0,B02
201500008830,0,33,0,0.0,0.0,0.0,0.0,A01
201500008830,0,7,0,0.0,0.0,0.0,0.0,B02
201500008831,0,7,0,0.0,0.0,3.0,15.0,A01
201500008831,0,30,0,0.0,2.0,1.0,1.0,B02
201500008832,0,7,0,0.0,2.0,3.0,13.0,A01
201500008832,0,7,0,0.0,2.0,3.0,1.0,B02
201500008833,0,3,0,0.0,5.0,3.0,1.0,A01
201500008834,0,7,0,0.0,2.0,5.0,13.0,A01
201500008834,0,2,0,0.0,2.0,1.0,1.0,B02
201500008835,0,7,0,0.0,2.0,4.0,1.0,A01
201500008835,0,10,0,0.0,2.0,1.0,1.0,B02
201500008836,0,33,0,0.0,2.0,3.0,0.0,A01
201500008836,0,33,0,0.0,2.0,3.0,0.0,B02
201500008837,0,7,0,5.0,2.0,8.0,1.0,A01
201500008837,0,33,0,0.0,2.0,3.0,13.0,B02
201500008838,0,33,0,0.0,0.0,8.0,1.0,A01
201500008839,0,7,0,0.0,2.0,1.0,5.0,A01
201500008839,0,7,0,0.0,2.0,1.0,1.0,B02
201500008840,0,7,0,0.0,2.0,1.0,17.0,A01
201500008840,0,7,0,0.0,2.0,8.0,15.0,B02
201500008841,0,2,0,0.0,2.0,3.0,1.0,A01
201500008842,0,33,0,0.0,2.0,1.0,1.0,A01
201500008842,0,33,0,0.0,2.0,4.0,14.0,B02
201500008842,1,10,0,,,,17.0,Z03
201500008842,1,10,0,,,,17.0,Z04
201500008843,0,7,0,0.0,2.0,1.0,5.0,A01
201500008843,0,7,0,0.0,2.0,3.0,1.0,B02
201500008844,0,7,0,0.0,2.0,3.0,1.0,B02
201500008844,0,7,0,0.0,2.0,3.0,15.0,A01
201500008845,0,34,0,0.0,2.0,1.0,0.0,B02
201500008845,0,14,0,0.0,0.0,6.0,1.0,A01
201500008846,0,7,0,0.0,2.0,1.0,13.0,A01
201500008846,0,15,0,0.0,2.0,1.0,1.0,B02
201500008847,0,7,0,11.0,2.0,3.0,1.0,A01
201500008847,0,7,0,0.0,2.0,7.0,9.0,B02
201500008848,0,7,0,2.0,0.0,2.0,13.0,A01
201500008849,0,7,0,0.0,2.0,3.0,15.0,A01
201500008849,0,7,0,0.0,2.0,1.0,1.0,B02
201500008850,0,33,0,0.0,0.0,1.0,13.0,A01
201500008850,0,7,0,0.0,0.0,1.0,1.0,B02
201500008851,0,7,0,0.0,2.0,1.0,1.0,B02
201500008851,0,7,0,0.0,2.0,5.0,13.0,A01
201500008852,0,33,0,6.0,0.0,2.0,1.0,A01
201500008853,0,7,0,2.0,0.0,5.0,1.0,A01
201500008854,0,7,0,0.0,0.0,6.0,15.0,A01
201500008854,0,33,0,0.0,2.0,1.0,17.0,B02
201500008855,0,7,0,0.0,0.0,1.0,13.0,A01
201500008855,0,7,0,0.0,0.0,1.0,1.0,B02
201500008856,0,10,0,6.0,2.0,7.0,17.0,A01
201500008856,0,10,0,6.0,2.0,8.0,0.0,B02
201500008857,0,7,0,8.0,2.0,2.0,13.0,A01
201500008857,0,7,0,0.0,2.0,2.0,1.0,B02
201500008858,0,7,0,0.0,2.0,3.0,1.0,A01
201500008858,0,7,0,0.0,2.0,3.0,1.0,B02
201500008859,0,7,0,0.0,1.0,1.0,1.0,A01
201500008860,0,7,0,2.0,0.0,1.0,13.0,A01
201500008861,0,36,0,13.0,0.0,1.0,21.0,A01
201500008862,0,34,0,0.0,0.0,7.0,1.0,A01
201500008863,0,31,0,0.0,2.0,1.0,17.0,A01
201500008863,0,7,0,0.0,0.0,8.0,15.0,B02
201500008864,0,7,0,2.0,0.0,2.0,1.0,A01
201500008865,0,7,0,0.0,0.0,9.0,13.0,A01
201500008866,0,7,0,0.0,2.0,3.0,13.0,A01
201500008866,0,7,0,0.0,2.0,3.0,1.0,B02
201500008867,0,7,0,0.0,2.0,2.0,1.0,B02
201500008867,0,33,0,0.0,2.0,7.0,21.0,A01
201500008868,0,7,0,6.0,0.0,2.0,15.0,A01
201500008869,0,20,0,13.0,0.0,1.0,13.0,A01
201500008870,0,7,0,0.0,2.0,2.0,15.0,B02
201500008870,0,33,0,0.0,2.0,2.0,17.0,A01
201500008871,0,7,0,0.0,0.0,5.0,2.0,B02
201500008871,0,7,0,0.0,2.0,1.0,2.0,A01
201500008872,0,30,0,0.0,2.0,1.0,1.0,B02
201500008872,0,7,0,0.0,2.0,3.0,1.0,A01
201500008873,0,38,0,0.0,2.0,1.0,1.0,C03
201500008873,0,7,0,0.0,2.0,8.0,1.0,B02
201500008873,0,7,0,0.0,2.0,1.0,13.0,A01
201500008874,0,7,0,12.0,0.0,2.0,17.0,A01