Num_Acc,senc,catv,occutc,obs,obsm,choc,manv,num_veh
201500008875,0,7,0,0.0,2.0,1.0,21.0,A01
201500008875,0,7,0,0.0,2.0,6.0,15.0,B02
201500008875,0,7,0,0.0,2.0,1.0,1.0,C03
201500008876,0,7,0,2.0,0.0,1.0,1.0,A01
201500008877,0,7,0,0.0,2.0,2.0,16.0,B02
201500008877,0,7,0,0.0,2.0,3.0,14.0,A01
201500008878,0,7,0,0.0,2.0,3.0,1.0,B02
201500008878,0,7,0,0.0,2.0,3.0,13.0,A01
201500008879,0,7,0,13.0,0.0,1.0,1.0,A01
201500008880,0,7,0,0.0,2.0,1.0,1.0,B02
201500008880,0,7,0,0.0,2.0,3.0,15.0,A01
201500008881,0,33,0,11.0,0.0,1.0,1.0,A01
201500008882,0,7,0,0.0,0.0,6.0,9.0,A01
201500008882,0,7,0,0.0,2.0,1.0,1.0,B02
201500008883,0,7,0,0.0,0.0,1.0,1.0,A01
201500008884,0,7,0,0.0,1.0,1.0,1.0,A01
201500008885,0,10,0,2.0,0.0,2.0,1.0,A01
201500008886,0,33,0,3.0,0.0,3.0,1.0,A01
201500008887,0,31,0,0.0,0.0,8.0,1.0,A01
201500008888,0,7,0,0.0,2.0,3.0,13.0,A01
201500008888,0,7,0,0.0,2.0,3.0,1.0,B02
201500008888,0,7,0,0.0,2.0,6.0,1.0,C03
201500008889,0,33,0,0.0,2.0,1.0,13.0,A01
201500008889,0,7,0,0.0,2.0,3.0,1.0,B02
201500008890,0,34,0,0.0,2.0,8.0,13.0,A01
201500008890,0,7,0,0.0,2.0,8.0,1.0,B02
201500008890,0,7,0,0.0,2.0,1.0,1.0,C03
201500008891,0,7,0,0.0,2.0,1.0,1.0,A01
201500008891,0,14,0,0.0,2.0,1.0,1.0,B02
201500008892,0,7,0,13.0,9.0,1.0,1.0,A01
201500008893,0,33,0,0.0,0.0,3.0,1.0,A01
201500008894,0,7,0,0.0,2.0,8.0,17.0,A01
201500008894,0,33,0,0.0,2.0,7.0,17.0,B02
201500008895,0,7,0,13.0,0.0,2.0,1.0,A01
201500008896,0,7,0,2.0,0.0,9.0,1.0,A01
201500008897,0,7,0,16.0,0.0,0.0,1.0,A01
201500008898,0,7,0,13.0,2.0,1.0,13.0,A01
201500008898,0,7,0,0.0,2.0,6.0,1.0,B02
201500008898,0,7,0,0.0,2.0,3.0,1.0,C03
201500008899,0,7,0,0.0,2.0,3.0,13.0,A01
201500008899,0,14,0,0.0,2.0,3.0,1.0,B02
201500008900,0,7,0,2.0,2.0,1.0,21.0,B02
201500008900,0,10,0,0.0,2.0,3.0,15.0,A01
201500008901,0,7,0,13.0,0.0,1.0,15.0,A01
201500008902,0,7,0,0.0,2.0,3.0,13.0,A01
201500008902,0,7,0,0.0,0.0,3.0,1.0,B02
201500008903,0,33,0,0.0,2.0,1.0,1.0,A01
201500008903,0,7,0,0.0,2.0,1.0,1.0,B02
201500008903,0,7,0,0.0,2.0,8.0,1.0,C03
201500008904,0,32,0,0.0,0.0,7.0,1.0,A01
201500008905,0,7,0,13.0,0.0,9.0,1.0,A01
201500008906,0,7,0,6.0,0.0,9.0,14.0,A01
201500008907,0,7,0,0.0,2.0,3.0,17.0,A01
201500008907,0,7,0,0.0,2.0,3.0,1.0,B02
201500008907,0,20,0,0.0,2.0,3.0,1.0,C03
201500008908,0,7,0,13.0,0.0,9.0,13.0,A01
201500008909,0,7,0,0.0,2.0,1.0,13.0,A01
201500008909,0,7,0,0.0,2.0,1.0,1.0,B02
201500008910,0,10,0,0.0,2.0,1.0,1.0,B02
201500008910,0,7,0,0.0,0.0,4.0,1.0,A01
201500008911,0,7,0,2.0,0.0,3.0,1.0,A01
201500008912,0,10,0,0.0,2.0,6.0,2.0,B02
201500008912,0,33,0,0.0,2.0,1.0,2.0,A01
201500008913,0,7,0,0.0,2.0,4.0,2.0,A01
201500008913,0,7,0,0.0,2.0,1.0,2.0,B02
201500008913,0,7,0,0.0,2.0,3.0,5.0,C03
201500008914,0,7,0,0.0,2.0,1.0,15.0,A01
201500008914,0,10,0,0.0,2.0,1.0,1.0,B02
201500008915,0,7,0,0.0,2.0,1.0,13.0,A01
201500008915,0,15,0,0.0,2.0,1.0,1.0,B02
201500008916,0,31,0,4.0,0.0,0.0,0.0,A01
201500008917,0,7,0,0.0,2.0,3.0,13.0,A01
201500008917,0,7,0,0.0,2.0,3.0,1.0,B02
201500008918,0,7,0,13.0,2.0,7.0,17.0,B02
201500008918,0,7,0,6.0,2.0,8.0,15.0,A01
201500008919,0,7,0,13.0,0.0,1.0,1.0,A01
201500008920,0,10,0,13.0,0.0,3.0,21.0,A01
201500008921,0,7,0,0.0,1.0,1.0,0.0,A01
201500008922,0,33,0,12.0,0.0,1.0,1.0,A01
201500008923,0,7,0,0.0,1.0,4.0,20.0,A01
201500008924,0,7,0,0.0,1.0,1.0,9.0,A01
201500008925,0,10,0,0.0,2.0,3.0,9.0,B02
201500008925,0,33,0,0.0,2.0,8.0,19.0,A01
201500008926,0,31,0,6.0,0.0,3.0,1.0,A01
201500008927,0,1,0,0.0,2.0,1.0,1.0,B02
201500008927,0,7,0,0.0,9.0,2.0,15.0,A01
201500008928,0,7,0,4.0,2.0,8.0,1.0,B02
201500008928,0,10,0,0.0,2.0,3.0,13.0,A01
201500008929,0,7,0,15.0,0.0,9.0,14.0,A01
201500008930,0,7,0,1.0,0.0,3.0,1.0,A01
201500008931,0,7,0,0.0,2.0,1.0,5.0,A01
201500008931,0,7,0,0.0,2.0,1.0,1.0,B01
201500008932,0,1,0,0.0,2.0,7.0,1.0,B01
201500008932,0,7,0,0.0,9.0,1.0,9.0,A01
201500008933,0,7,0,3.0,2.0,2.0,1.0,A01
201500008933,0,7,0,0.0,2.0,4.0,2.0,C01
201500008933,0,10,0,0.0,2.0,4.0,2.0,D01
201500008933,0,7,0,0.0,2.0,3.0,1.0,B01
201500008934,0,33,0,0.0,2.0,2.0,17.0,B01
201500008934,0,7,0,0.0,,8.0,15.0,A01
201500008935,0,7,0,0.0,1.0,1.0,1.0,A01
201500008936,0,33,0,1.0,0.0,1.0,2.0,A01
201500008936,0,7,0,0.0,,6.0,2.0,B01
201500008937,0,7,0,0.0,1.0,1.0,16.0,A01
201500008938,0,31,0,0.0,2.0,7.0,1.0,B01
201500008938,0,7,0,0.0,,2.0,15.0,A01
201500008939,0,33,0,0.0,2.0,1.0,1.0,B02
201500008939,0,7,0,0.0,,7.0,15.0,A01
201500008940,0,7,0,0.0,1.0,1.0,1.0,A01
201500008941,0,7,0,0.0,1.0,2.0,0.0,A01
201500008942,0,10,0,0.0,,3.0,15.0,B01
201500008942,0,1,0,0.0,2.0,7.0,17.0,A01
201500008943,0,7,0,0.0,2.0,1.0,1.0,A01
201500008943,0,7,0,0.0,0.0,4.0,1.0,B01
201500008944,0,7,0,0.0,2.0,7.0,19.0,A01
201500008944,0,7,0,0.0,2.0,7.0,1.0,B01
201500008945,0,30,0,0.0,2.0,8.0,1.0,A01
201500008945,0,7,0,0.0,2.0,0.0,16.0,B01
201500008946,0,7,0,0.0,1.0,5.0,4.0,A01
201500008947,0,7,0,0.0,2.0,1.0,13.0,A01
201500008947,0,17,0,0.0,,1.0,1.0,B01
201500008948,0,7,0,0.0,2.0,7.0,1.0,A01
201500008948,0,1,0,0.0,2.0,1.0,19.0,B01
201500008949,0,7,0,0.0,0.0,6.0,15.0,B01
201500008949,0,33,0,0.0,2.0,0.0,1.0,A01
201500008950,0,7,0,0.0,1.0,2.0,1.0,A01
201500008951,0,33,0,0.0,2.0,1.0,1.0,B01
201500008951,0,7,0,0.0,,3.0,19.0,A01
201500008952,0,7,0,13.0,0.0,9.0,14.0,A01
201500008953,0,7,0,0.0,,2.0,15.0,A01
201500008953,0,31,0,0.0,2.0,1.0,1.0,B01
201500008954,0,7,0,0.0,1.0,1.0,21.0,A01
201500008954,0,7,0,0.0,2.0,3.0,1.0,B01
201500008955,0,1,0,0.0,2.0,8.0,13.0,A01
201500008955,0,7,0,0.0,2.0,2.0,21.0,B01
201500008956,0,7,0,0.0,1.0,1.0,1.0,A01
201500008957,0,10,0,0.0,,1.0,1.0,B01
201500008957,0,33,0,0.0,2.0,1.0,13.0,A01
201500008958,0,7,0,0.0,,2.0,19.0,B01
201500008958,0,33,0,0.0,2.0,1.0,1.0,A01
201500008959,0,7,0,0.0,1.0,2.0,1.0,A01
201500008960,0,33,0,0.0,2.0,1.0,1.0,A01
201500008960,0,7,0,0.0,2.0,7.0,19.0,B01
201500008961,0,1,0,0.0,,4.0,15.0,B01
201500008961,1,7,0,0.0,2.0,1.0,9.0,Z01
201500008962,0,7,0,0.0,1.0,1.0,16.0,A01
201500008963,0,7,0,0.0,,8.0,1.0,B01
201500008963,0,7,0,0.0,2.0,3.0,13.0,A01
201500008964,0,7,0,0.0,,8.0,15.0,B01
201500008964,0,2,0,0.0,2.0,1.0,1.0,A01
201500008965,0,38,10,0.0,1.0,7.0,16.0,A01
201500008966,0,7,0,0.0,2.0,3.0,15.0,A01
201500008966,0,31,0,0.0,,8.0,1.0,B01
201500008967,0,7,0,10.0,2.0,8.0,1.0,B01
201500008967,0,7,0,0.0,2.0,1.0,1.0,C01
201500008967,0,7,0,10.0,2.0,1.0,1.0,A01
201500008968,0,7,0,0.0,2.0,7.0,17.0,A01
201500008968,0,7,0,0.0,,1.0,1.0,D01
201500008968,0,7,0,0.0,,1.0,1.0,C01
201500008968,0,38,2,0.0,,3.0,1.0,B01
201500008969,0,7,0,0.0,1.0,3.0,1.0,A01
201500008970,0,7,0,0.0,1.0,3.0,1.0,A01
201500008971,0,7,0,0.0,2.0,1.0,1.0,A01
201500008971,0,7,0,0.0,2.0,4.0,1.0,B01
201500008971,0,7,0,0.0,0.0,4.0,1.0,C01
201500008972,0,7,0,0.0,2.0,2.0,1.0,A01
201500008972,0,1,0,0.0,2.0,4.0,19.0,B01
201500008973,0,7,0,0.0,1.0,2.0,1.0,A01
201500008974,0,38,20,13.0,0.0,2.0,0.0,A01
201500008975,0,7,0,0.0,1.0,1.0,1.0,A01
201500008976,0,7,0,0.0,2.0,3.0,9.0,A01
201500008976,0,7,0,0.0,2.0,7.0,1.0,B02
201500008977,0,7,0,15.0,0.0,1.0,1.0,A01
201500008978,0,7,0,0.0,2.0,3.0,1.0,A01
201500008978,0,31,0,0.0,2.0,1.0,9.0,B02
201500008979,0,7,0,0.0,1.0,2.0,12.0,A01
201500008980,0,10,0,2.0,0.0,1.0,15.0,A01
201500008981,0,7,0,0.0,1.0,2.0,16.0,A01
201500008982,0,7,0,0.0,2.0,0.0,1.0,B02
201500008982,0,7,0,0.0,2.0,1.0,1.0,A01
201500008983,0,33,0,0.0,2.0,1.0,1.0,A01
201500008983,0,33,0,0.0,0.0,4.0,16.0,B02
201500008984,0,7,0,0.0,2.0,1.0,1.0,A01
201500008984,0,7,0,0.0,2.0,7.0,19.0,B02
201500008985,0,7,0,6.0,0.0,1.0,1.0,A01
201500008986,0,7,0,0.0,2.0,7.0,0.0,B02
201500008986,0,7,0,0.0,2.0,1.0,1.0,A01
201500008987,0,7,0,0.0,2.0,3.0,1.0,B02
201500008987,0,1,0,0.0,2.0,1.0,1.0,A01
201500008988,0,7,0,13.0,0.0,1.0,1.0,A01
201500008989,0,7,0,0.0,2.0,1.0,1.0,C03
201500008989,0,7,0,0.0,2.0,3.0,1.0,A01
201500008989,0,10,0,0.0,2.0,3.0,1.0,B02
201500008990,0,7,0,0.0,2.0,4.0,15.0,B02
201500008990,0,7,0,0.0,2.0,1.0,1.0,A01
201500008991,0,10,0,0.0,1.0,1.0,0.0,A01
201500008992,0,7,0,0.0,2.0,1.0,16.0,B02
201500008992,0,31,0,0.0,2.0,1.0,1.0,A01
201500008993,0,33,0,0.0,2.0,1.0,1.0,A01
201500008993,0,7,0,0.0,2.0,3.0,15.0,B02
201500008994,0,7,0,0.0,2.0,3.0,1.0,A01
201500008994,0,7,0,0.0,2.0,3.0,1.0,B02
201500008995,0,7,0,0.0,0.0,3.0,1.0,B02
201500008995,0,30,0,0.0,2.0,1.0,1.0,A01
201500008996,0,7,0,0.0,2.0,1.0,0.0,B02
201500008996,0,7,0,0.0,2.0,2.0,1.0,A01
201500008997,0,2,0,0.0,2.0,1.0,17.0,B02
201500008997,0,7,0,0.0,9.0,8.0,15.0,A01
201500008998,0,7,0,0.0,2.0,1.0,14.0,A01
201500008998,0,7,0,0.0,2.0,1.0,1.0,B02
201500008999,0,7,0,0.0,1.0,3.0,15.0,A01
201500009000,0,2,0,0.0,0.0,1.0,0.0,A01
201500009001,0,30,0,0.0,2.0,1.0,1.0,B02
201500009001,0,7,0,0.0,0.0,4.0,15.0,A01
201500009002,0,7,0,3.0,0.0,9.0,21.0,A01
201500009003,0,33,0,13.0,0.0,1.0,1.0,A01
201500009004,0,7,0,0.0,2.0,2.0,9.0,A01
201500009004,0,31,0,0.0,2.0,7.0,9.0,B02
201500009005,0,7,0,0.0,0.0,6.0,20.0,B02
201500009005,0,14,0,0.0,2.0,2.0,1.0,A01
201500009006,0,7,0,0.0,2.0,2.0,1.0,A01
201500009006,0,30,0,0.0,2.0,1.0,1.0,B02
201500009007,0,7,0,0.0,0.0,0.0,2.0,A01
201500009008,0,7,0,0.0,2.0,0.0,21.0,B02
201500009008,0,17,0,0.0,2.0,8.0,0.0,C03
201500009008,0,7,0,0.0,2.0,2.0,21.0,A01
201500009009,0,7,0,0.0,1.0,7.0,0.0,A01
201500009010,0,7,0,0.0,0.0,0.0,23.0,B02
201500009010,0,33,0,1.0,0.0,0.0,21.0,A01
201500009011,0,7,0,14.0,0.0,0.0,1.0,A01
201500009012,0,7,0,0.0,1.0,3.0,2.0,A01
201500009013,0,10,0,13.0,0.0,1.0,13.0,A01
201500009014,0,7,0,0.0,0.0,3.0,0.0,A01
201500009014,0,15,0,0.0,0.0,3.0,0.0,B02
201500009015,0,10,0,0.0,0.0,6.0,23.0,B02
201500009015,0,33,0,0.0,2.0,1.0,2.0,A01
201500009016,0,33,0,0.0,0.0,1.0,17.0,B02
201500009016,0,7,0,0.0,0.0,3.0,15.0,A01
201500009017,0,33,0,0.0,2.0,1.0,19.0,A01
201500009017,0,7,0,0.0,9.0,1.0,1.0,B02
201500009018,0,33,0,0.0,2.0,3.0,13.0,A01
201500009018,0,7,0,0.0,2.0,3.0,21.0,B02
201500009018,0,7,0,0.0,2.0,8.0,0.0,D04
201500009018,0,33,0,0.0,2.0,4.0,2.0,C03
201500009019,0,7,0,0.0,9.0,7.0,1.0,B02
201500009019,0,1,0,0.0,2.0,8.0,1.0,A01
201500009020,0,7,0,2.0,0.0,3.0,1.0,A01
201500009021,0,7,0,0.0,2.0,6.0,9.0,A01
201500009021,0,31,0,0.0,2.0,1.0,1.0,B02
201500009022,0,3,0,0.0,0.0,3.0,1.0,A01
201500009022,0,7,0,0.0,2.0,3.0,1.0,B02
201500009023,0,7,0,0.0,0.0,4.0,0.0,A01
201500009023,0,7,0,1.0,0.0,1.0,0.0,B02
201500009024,0,1,0,1.0,9.0,1.0,1.0,B02
201500009024,0,7,0,1.0,9.0,8.0,22.0,A01
201500009025,0,7,0,0.0,2.0,3.0,13.0,A01
201500009025,0,7,0,0.0,2.0,3.0,1.0,B02
201500009026,0,10,0,0.0,2.0,6.0,1.0,C03
201500009026,0,7,0,0.0,2.0,3.0,11.0,B02
201500009026,0,31,0,3.0,2.0,2.0,2.0,A01
201500009027,0,2,0,0.0,0.0,2.0,1.0,A01
201500009028,0,7,0,0.0,0.0,3.0,13.0,B02
201500009028,0,7,0,0.0,2.0,1.0,1.0,A01
201500009029,0,7,0,0.0,9.0,2.0,17.0,A01
201500009029,0,1,0,0.0,0.0,6.0,1.0,B02
201500009030,0,13,0,0.0,0.0,2.0,0.0,A01
201500009030,0,1,0,0.0,0.0,0.0,0.0,B02
201500009031,0,7,0,2.0,0.0,1.0,1.0,A01
201500009032,0,7,0,0.0,1.0,2.0,1.0,A01
201500009033,0,7,0,0.0,2.0,3.0,1.0,B02
201500009033,0,7,0,0.0,2.0,3.0,13.0,A01
201500009034,0,33,0,0.0,0.0,7.0,16.0,A01
201500009035,0,33,0,0.0,0.0,0.0,2.0,A01
201500009035,0,33,0,0.0,2.0,0.0,2.0,B02
201500009036,0,7,0,0.0,2.0,1.0,13.0,A01
201500009036,0,7,0,0.0,2.0,1.0,1.0,B02
201500009037,0,15,0,0.0,0.0,3.0,1.0,A01
201500009038,0,7,0,0.0,2.0,3.0,1.0,B02
201500009038,0,7,0,0.0,2.0,3.0,13.0,A01
201500009039,0,7,0,2.0,0.0,8.0,1.0,A01
201500009040,0,30,0,0.0,0.0,6.0,2.0,B02
201500009040,0,7,0,0.0,2.0,2.0,2.0,A01
201500009041,0,7,0,0.0,2.0,3.0,17.0,A01
201500009041,0,7,0,0.0,2.0,3.0,1.0,B02
201500009042,0,37,1,0.0,2.0,2.0,2.0,B02
201500009042,0,7,0,12.0,2.0,3.0,1.0,A01
201500009043,1,7,0,0.0,1.0,2.0,5.0,Z01
201500009044,0,30,0,0.0,2.0,1.0,1.0,A01
201500009044,0,7,0,0.0,2.0,4.0,2.0,B02
201500009045,0,7,0,0.0,1.0,2.0,1.0,A01
201500009046,0,10,0,0.0,2.0,3.0,1.0,B02
201500009046,0,10,0,0.0,2.0,1.0,1.0,C03
201500009046,0,7,0,0.0,2.0,1.0,5.0,A01
201500009047,0,7,0,0.0,2.0,3.0,1.0,C03
201500009047,0,7,0,0.0,2.0,4.0,2.0,B02
201500009047,0,7,0,0.0,2.0,9.0,1.0,A01
201500009048,0,10,0,0.0,2.0,6.0,23.0,A01
201500009048,0,10,0,0.0,2.0,2.0,2.0,B02
201500009049,0,14,0,0.0,2.0,1.0,1.0,A01
201500009049,0,7,0,0.0,2.0,7.0,13.0,B02
201500009049,0,14,0,0.0,2.0,2.0,15.0,C03
201500009050,0,7,0,2.0,0.0,1.0,1.0,A01
201500009051,0,2,0,0.0,2.0,5.0,0.0,B02
201500009051,0,7,0,0.0,2.0,3.0,1.0,A01
201500009052,0,32,0,12.0,0.0,1.0,13.0,A01
201500009053,0,33,0,0.0,2.0,1.0,1.0,B02
201500009053,0,10,0,0.0,2.0,8.0,15.0,A01
201500009054,0,7,0,0.0,1.0,2.0,1.0,A01
201500009055,0,33,0,3.0,0.0,2.0,1.0,A01
201500009056,0,7,0,0.0,2.0,2.0,15.0,A01
201500009056,0,33,0,0.0,2.0,8.0,1.0,B02
201500009057,0,7,0,0.0,2.0,3.0,13.0,A01
201500009057,0,7,0,0.0,2.0,8.0,1.0,B02
201500009058,0,14,0,0.0,2.0,1.0,1.0,B02
201500009058,0,13,0,0.0,2.0,1.0,19.0,A01
201500009059,0,7,0,16.0,0.0,3.0,13.0,A01
201500009060,0,15,0,0.0,2.0,2.0,2.0,B02
201500009060,0,7,0,0.0,2.0,6.0,23.0,A01
201500009061,0,10,0,2.0,0.0,3.0,13.0,A01
201500009062,0,33,0,0.0,2.0,3.0,21.0,A01
201500009062,0,14,0,0.0,2.0,3.0,21.0,B02
201500009063,0,7,0,8.0,0.0,3.0,1.0,A01
201500009064,0,10,0,0.0,2.0,3.0,16.0,C03
201500009064,0,7,0,0.0,2.0,1.0,19.0,B02
201500009064,0,7,0,0.0,2.0,0.0,1.0,A01
201500009065,0,7,0,0.0,2.0,8.0,15.0,B02
201500009065,0,2,0,0.0,2.0,8.0,17.0,A01
201500009066,0,10,0,0.0,2.0,4.0,1.0,B02
201500009066,0,33,0,0.0,2.0,1.0,1.0,A01
201500009067,0,7,0,0.0,2.0,7.0,9.0,A01
201500009067,0,7,0,0.0,2.0,1.0,1.0,B02
201500009068,0,7,0,0.0,2.0,4.0,2.0,B02
201500009068,0,33,0,0.0,2.0,6.0,1.0,A01
201500009069,0,7,0,0.0,2.0,8.0,10.0,A01
201500009069,0,33,0,0.0,2.0,1.0,1.0,B02
201500009070,0,14,0,0.0,1.0,1.0,20.0,A01
201500009071,0,7,0,1.0,0.0,3.0,1.0,A01
201500009072,0,7,0,0.0,2.0,7.0,6.0,A01
201500009072,0,7,0,0.0,2.0,1.0,1.0,B02
201500009073,0,7,0,0.0,2.0,3.0,13.0,A01
201500009073,0,7,0,0.0,2.0,2.0,1.0,B02
201500009074,0,7,0,0.0,1.0,2.0,1.0,A01
201500009075,0,7,0,0.0,2.0,1.0,15.0,A01
201500009075,0,7,0,0.0,2.0,3.0,1.0,B02
201500009076,0,7,0,0.0,2.0,1.0,9.0,A01
201500009076,0,7,0,0.0,2.0,1.0,17.0,B02
201500009077,0,7,0,0.0,2.0,1.0,1.0,B02
201500009077,0,15,0,0.0,2.0,1.0,1.0,A01
201500009078,0,7,0,0.0,0.0,9.0,1.0,A01
201500009079,0,7,0,0.0,2.0,3.0,1.0,A01
201500009079,0,2,0,0.0,2.0,1.0,13.0,B02
201500009080,0,10,0,0.0,6.0,1.0,19.0,A01
201500009081,0,7,0,0.0,2.0,1.0,1.0,A01
201500009081,0,7,0,0.0,2.0,7.0,13.0,B02
201500009082,0,33,0,8.0,0.0,1.0,1.0,A01
201500009083,0,32,0,0.0,2.0,1.0,13.0,A01
201500009083,0,7,0,0.0,2.0,3.0,0.0,B02
201500009084,0,7,0,0.0,2.0,1.0,2.0,B02
201500009084,0,7,0,0.0,2.0,3.0,10.0,A01
201500009085,0,7,0,0.0,2.0,1.0,2.0,B02
201500009085,0,7,0,0.0,2.0,4.0,23.0,A01
201500009086,0,1,0,0.0,2.0,1.0,1.0,B02
201500009086,0,7,0,0.0,2.0,7.0,19.0,A01
201500009087,0,10,0,0.0,2.0,3.0,9.0,A01
201500009087,0,30,0,0.0,2.0,7.0,1.0,B02
201500009088,0,7,0,11.0,0.0,1.0,1.0,A01
201500009089,0,33,0,0.0,2.0,1.0,13.0,A01
201500009089,0,7,0,0.0,2.0,1.0,1.0,B02
201500009090,0,33,0,0.0,2.0,1.0,1.0,A01
201500009090,0,7,0,0.0,2.0,5.0,16.0,B02
201500009091,0,7,0,0.0,2.0,1.0,9.0,B02
201500009091,0,1,0,0.0,2.0,4.0,14.0,A01
201500009092,0,15,0,5.0,0.0,8.0,19.0,A01
201500009093,0,7,0,0.0,2.0,6.0,15.0,B02
201500009093,0,33,0,0.0,2.0,1.0,1.0,A01
201500009094,0,7,0,0.0,2.0,4.0,23.0,A01
201500009094,0,7,0,0.0,2.0,1.0,1.0,B02
201500009095,0,33,0,0.0,0.0,7.0,1.0,A01
201500009096,0,7,0,0.0,2.0,3.0,1.0,A01
201500009096,0,7,0,0.0,2.0,3.0,15.0,B02
201500009097,0,30,0,9.0,2.0,1.0,17.0,B02
201500009097,0,7,0,0.0,2.0,8.0,15.0,A01
201500009098,0,33,0,0.0,0.0,8.0,1.0,A01
201500009099,0,7,0,6.0,2.0,2.0,1.0,A01
201500009099,0,21,0,0.0,2.0,1.0,19.0,B02
201500009100,0,7,0,0.0,2.0,6.0,1.0,A01
201500009100,0,7,0,0.0,2.0,2.0,2.0,B02
201500009101,0,30,0,0.0,2.0,1.0,1.0,A01
201500009101,0,7,0,0.0,2.0,4.0,1.0,B02
201500009102,0,30,0,0.0,2.0,4.0,15.0,B02
201500009102,0,7,0,0.0,2.0,1.0,9.0,A01
201500009103,0,7,0,0.0,1.0,1.0,1.0,A01
201500009104,0,2,0,0.0,2.0,1.0,17.0,B02
201500009104,0,7,0,0.0,2.0,6.0,10.0,A01
201500009105,0,7,0,0.0,2.0,3.0,1.0,A01
201500009105,0,7,0,0.0,2.0,2.0,9.0,B02
201500009106,1,34,0,8.0,0.0,1.0,1.0,A01
201500009107,0,7,0,9.0,0.0,1.0,1.0,A01
201500009108,0,7,0,0.0,2.0,6.0,10.0,B02
201500009108,0,33,0,0.0,2.0,1.0,11.0,A01
201500009109,0,30,0,0.0,2.0,1.0,1.0,B02
201500009109,0,7,0,0.0,2.0,8.0,15.0,A01
201500009110,0,10,0,0.0,2.0,4.0,23.0,B02
201500009110,0,7,0,0.0,2.0,1.0,1.0,A01
201500009111,0,1,0,0.0,2.0,7.0,15.0,A01
201500009111,0,7,0,0.0,2.0,3.0,15.0,B02
201500009112,0,7,0,0.0,2.0,1.0,1.0,C03
201500009112,0,7,0,0.0,2.0,1.0,11.0,B02
201500009112,0,10,0,3.0,2.0,2.0,1.0,A01
201500009113,0,7,0,0.0,1.0,1.0,0.0,A01
201500009114,0,33,0,0.0,2.0,1.0,1.0,A01
201500009114,0,3,0,0.0,2.0,8.0,15.0,B02
201500009115,0,1,0,0.0,1.0,1.0,1.0,A01
201500009116,0,2,0,0.0,2.0,7.0,1.0,B02
201500009116,0,7,0,0.0,2.0,1.0,1.0,A01
201500009117,0,7,0,0.0,1.0,1.0,1.0,A01
201500009118,0,7,0,0.0,2.0,4.0,23.0,C03
201500009118,0,7,0,0.0,2.0,4.0,23.0,D04
201500009118,0,7,0,1.0,0.0,1.0,1.0,A01
201500009118,0,7,0,0.0,2.0,4.0,23.0,B02
201500009119,0,7,0,4.0,0.0,2.0,14.0,A01
201500009120,0,7,0,0.0,2.0,7.0,13.0,A01
201500009120,0,1,0,0.0,2.0,1.0,15.0,B02
201500009121,0,7,0,0.0,2.0,3.0,15.0,A01
201500009121,0,7,0,0.0,2.0,3.0,1.0,B02
201500009122,0,7,0,0.0,1.0,3.0,1.0,A01
201500009123,0,7,0,8.0,0.0,1.0,1.0,A01
201500009124,0,33,0,0.0,6.0,1.0,1.0,A01
201500009125,0,33,0,16.0,0.0,1.0,1.0,A01
201500009126,0,7,0,2.0,0.0,8.0,1.0,A01
201500009127,0,7,0,2.0,0.0,1.0,14.0,A01
201500009128,0,7,0,0.0,2.0,3.0,1.0,A01
201500009128,0,7,0,0.0,2.0,3.0,13.0,B02
201500009129,0,7,0,13.0,0.0,6.0,14.0,A01
201500009130,0,7,0,6.0,0.0,8.0,13.0,A01
201500009131,0,7,0,2.0,2.0,9.0,1.0,A01
201500009131,0,7,0,0.0,2.0,1.0,19.0,B02
201500009132,0,7,0,0.0,2.0,1.0,1.0,A01
201500009132,0,7,0,0.0,2.0,1.0,17.0,B02
201500009133,0,7,0,0.0,2.0,1.0,13.0,A01
201500009133,0,7,0,0.0,2.0,3.0,1.0,B02
201500009134,0,7,0,15.0,2.0,3.0,1.0,B02
201500009134,0,33,0,0.0,2.0,1.0,13.0,A01
201500009135,0,7,0,0.0,1.0,3.0,17.0,A01
201500009136,0,7,0,0.0,2.0,1.0,13.0,A01
201500009136,0,7,0,0.0,2.0,3.0,1.0,B02
201500009137,0,7,0,0.0,1.0,3.0,1.0,A01
201500009138,0,31,0,0.0,2.0,1.0,1.0,A01
201500009138,0,7,0,0.0,2.0,8.0,19.0,B02
201500009139,0,7,0,6.0,1.0,1.0,1.0,A01
201500009140,0,7,0,2.0,0.0,1.0,1.0,A01
201500009141,0,34,0,0.0,2.0,1.0,13.0,A01
201500009141,0,7,0,0.0,2.0,1.0,1.0,B02
201500009142,0,7,0,0.0,2.0,1.0,13.0,B02
201500009142,0,7,0,0.0,2.0,2.0,1.0,C03
201500009142,0,7,0,0.0,2.0,3.0,1.0,A01
201500009143,0,33,0,4.0,0.0,7.0,1.0,A01
201500009144,0,7,0,12.0,0.0,1.0,14.0,A01
201500009145,0,7,0,6.0,0.0,8.0,13.0,A01
201500009146,0,7,0,0.0,2.0,3.0,1.0,A01
201500009146,0,1,0,0.0,2.0,1.0,1.0,B02
201500009147,0,7,0,2.0,0.0,1.0,14.0,A01
201500009148,0,14,0,0.0,2.0,6.0,1.0,B02
201500009148,0,7,0,0.0,2.0,2.0,17.0,A01