Num_Acc,senc,catv,occutc,obs,obsm,choc,manv,num_veh
201500009148,0,14,0,0.0,2.0,1.0,1.0,C03
201500009149,0,7,0,0.0,2.0,1.0,1.0,B02
201500009149,0,7,0,0.0,2.0,1.0,11.0,A01
201500009150,0,1,0,16.0,0.0,1.0,1.0,A01
201500009151,0,10,0,13.0,0.0,9.0,21.0,A01
201500009152,0,7,0,0.0,2.0,3.0,13.0,A01
201500009152,0,7,0,0.0,2.0,1.0,1.0,B02
201500009152,0,15,0,0.0,2.0,3.0,1.0,C03
201500009153,0,7,0,0.0,1.0,1.0,1.0,A01
201500009154,0,7,0,0.0,2.0,1.0,17.0,A01
201500009154,0,33,0,0.0,2.0,9.0,21.0,B02
201500009155,0,7,0,0.0,2.0,1.0,1.0,B02
201500009155,0,7,0,0.0,0.0,3.0,13.0,A01
201500009156,0,33,0,0.0,2.0,4.0,2.0,B02
201500009156,0,7,0,0.0,2.0,1.0,1.0,A01
201500009157,0,10,0,0.0,2.0,6.0,9.0,A01
201500009157,0,33,0,0.0,2.0,1.0,1.0,B02
201500009158,0,7,0,0.0,1.0,2.0,1.0,A01
201500009159,0,7,0,0.0,2.0,4.0,2.0,B02
201500009159,0,7,0,0.0,2.0,3.0,17.0,A01
201500009159,0,7,0,0.0,2.0,3.0,1.0,C03
201500009160,0,7,0,0.0,2.0,6.0,2.0,A01
201500009160,0,7,0,0.0,2.0,4.0,2.0,B02
201500009160,0,7,0,0.0,2.0,9.0,2.0,C03
201500009160,0,7,0,0.0,2.0,4.0,2.0,D04
201500009160,0,7,0,0.0,2.0,1.0,1.0,E05
201500009161,0,7,0,0.0,2.0,1.0,1.0,A01
201500009161,0,1,0,0.0,2.0,4.0,2.0,B02
201500009162,0,34,0,16.0,0.0,2.0,15.0,A01
201500009163,0,7,0,0.0,2.0,2.0,15.0,B02
201500009163,0,32,0,0.0,2.0,1.0,1.0,A01
201500009164,0,7,0,0.0,0.0,1.0,13.0,A01
201500009164,0,14,0,1.0,0.0,3.0,24.0,B02
201500009165,0,7,0,0.0,1.0,2.0,1.0,A01
201500009166,0,36,0,13.0,0.0,1.0,1.0,A01
201500009167,0,7,0,0.0,0.0,1.0,1.0,A01
201500009167,0,7,0,0.0,0.0,8.0,16.0,B02
201500009168,0,7,0,0.0,2.0,1.0,13.0,A01
201500009168,0,7,0,0.0,2.0,3.0,1.0,B02
201500009168,0,7,0,0.0,2.0,8.0,1.0,C03
201500009169,0,7,0,0.0,2.0,2.0,15.0,A01
201500009169,0,7,0,0.0,2.0,1.0,1.0,B02
201500009169,0,14,0,0.0,2.0,3.0,23.0,C03
201500009170,0,7,0,0.0,2.0,3.0,17.0,A01
201500009170,0,15,0,0.0,2.0,3.0,1.0,B02
201500009171,0,7,0,0.0,2.0,1.0,19.0,B02
201500009171,0,10,0,0.0,0.0,5.0,1.0,A01
201500009172,1,7,0,0.0,1.0,2.0,1.0,A01
201500009173,0,7,0,0.0,2.0,1.0,1.0,B02
201500009173,0,7,0,0.0,2.0,3.0,1.0,A01
201500009174,0,7,0,0.0,2.0,1.0,15.0,A01
201500009174,0,34,0,0.0,2.0,1.0,1.0,B02
201500009175,0,10,0,2.0,0.0,3.0,1.0,A01
201500009176,0,10,0,2.0,0.0,1.0,1.0,A01
201500009177,0,7,0,0.0,2.0,7.0,13.0,A01
201500009177,0,10,0,0.0,2.0,1.0,1.0,B02
201500009178,0,7,0,0.0,0.0,2.0,1.0,A01
201500009178,0,7,0,0.0,0.0,8.0,9.0,B02
201500009179,0,7,0,0.0,2.0,3.0,15.0,A01
201500009179,0,31,0,0.0,2.0,3.0,1.0,B02
201500009180,0,7,0,2.0,0.0,7.0,1.0,A01
201500009181,0,7,0,0.0,2.0,8.0,1.0,A01
201500009181,0,21,0,0.0,0.0,1.0,1.0,B02
201500009182,0,15,0,0.0,2.0,3.0,1.0,A01
201500009182,0,7,0,0.0,2.0,1.0,13.0,B02
201500009183,0,7,0,0.0,1.0,3.0,15.0,A01
201500009184,0,7,0,2.0,0.0,8.0,1.0,A01
201500009185,0,3,0,13.0,0.0,1.0,0.0,A01
201500009186,0,7,0,0.0,2.0,2.0,17.0,B02
201500009186,0,33,0,0.0,2.0,2.0,1.0,A01
201500009187,0,7,0,0.0,0.0,6.0,2.0,A01
201500009187,0,31,0,0.0,2.0,1.0,2.0,B02
201500009188,0,7,0,0.0,0.0,0.0,2.0,A01
201500009189,0,7,0,0.0,2.0,8.0,13.0,A01
201500009189,0,7,0,0.0,2.0,3.0,1.0,B02
201500009190,0,7,0,2.0,0.0,9.0,16.0,A01
201500009191,0,7,0,0.0,0.0,0.0,0.0,A01
201500009192,0,7,0,0.0,2.0,2.0,15.0,A01
201500009192,0,33,0,0.0,2.0,1.0,1.0,B02
201500009192,0,7,0,0.0,2.0,1.0,1.0,C03
201500009193,0,7,0,15.0,0.0,1.0,13.0,A01
201500009194,0,7,0,0.0,9.0,2.0,1.0,A01
201500009194,0,1,0,0.0,2.0,1.0,15.0,B02
201500009195,0,7,0,0.0,2.0,2.0,15.0,A01
201500009195,0,2,0,0.0,2.0,3.0,1.0,B02
201500009196,0,7,0,0.0,0.0,2.0,1.0,A01
201500009196,0,7,0,0.0,0.0,2.0,0.0,B02
201500009197,0,33,0,3.0,0.0,0.0,1.0,A01
201500009198,0,7,0,2.0,0.0,7.0,1.0,A01
201500009199,0,33,0,0.0,0.0,0.0,0.0,A01
201500009200,0,7,0,0.0,1.0,0.0,0.0,A01
201500009201,0,7,0,0.0,2.0,2.0,11.0,A01
201500009201,0,33,0,0.0,2.0,1.0,0.0,B02
201500009202,0,33,0,0.0,2.0,2.0,17.0,A01
201500009202,0,7,0,0.0,0.0,6.0,17.0,B02
201500009203,0,2,0,0.0,0.0,9.0,17.0,A01
201500009203,0,7,0,0.0,0.0,3.0,1.0,B02
201500009204,0,33,0,0.0,2.0,9.0,1.0,A01
201500009204,0,21,0,0.0,2.0,0.0,9.0,B02
201500009205,0,7,0,0.0,0.0,9.0,1.0,A01
201500009206,0,7,0,13.0,0.0,9.0,17.0,A01
201500009207,2,7,0,6.0,0.0,1.0,1.0,A01
201500009208,0,7,0,0.0,2.0,1.0,1.0,A01
201500009208,0,7,0,0.0,2.0,8.0,1.0,B02
201500009209,0,7,0,0.0,2.0,2.0,1.0,A01
201500009209,0,33,0,0.0,2.0,1.0,1.0,B02
201500009210,0,33,0,2.0,0.0,1.0,0.0,A01
201500009211,0,31,0,0.0,6.0,1.0,1.0,A01
201500009212,0,7,0,2.0,0.0,8.0,14.0,A01
201500009213,0,7,0,0.0,2.0,3.0,5.0,A01
201500009213,0,7,0,0.0,2.0,3.0,1.0,B02
201500009214,0,7,0,0.0,2.0,1.0,13.0,A01
201500009214,0,10,0,0.0,0.0,1.0,1.0,B02
201500009215,0,31,0,0.0,2.0,9.0,2.0,A01
201500009215,0,7,0,0.0,0.0,6.0,2.0,B02
201500009215,0,7,0,0.0,0.0,7.0,5.0,C03
201500009215,0,37,1,1.0,0.0,0.0,24.0,D04
201500009216,0,2,0,0.0,0.0,0.0,0.0,A01
201500009217,0,7,0,1.0,1.0,2.0,1.0,A01
201500009218,0,7,0,0.0,1.0,1.0,11.0,A01
201500009219,0,7,0,0.0,0.0,3.0,19.0,B02
201500009219,0,10,0,0.0,0.0,1.0,0.0,A01
201500009220,0,7,0,0.0,9.0,3.0,1.0,A01
201500009220,0,7,0,0.0,2.0,1.0,2.0,B02
201500009220,0,1,0,0.0,2.0,5.0,5.0,C03
201500009221,0,33,0,0.0,2.0,5.0,17.0,A01
201500009221,0,7,0,0.0,2.0,3.0,1.0,B02
201500009222,0,7,0,0.0,2.0,3.0,13.0,A01
201500009222,0,15,0,0.0,2.0,3.0,21.0,B02
201500009222,0,7,0,0.0,2.0,1.0,1.0,C03
201500009223,0,7,0,0.0,2.0,1.0,1.0,B02
201500009223,0,30,0,0.0,0.0,7.0,1.0,A01
201500009224,0,10,0,0.0,0.0,9.0,1.0,A01
201500009225,0,33,0,0.0,0.0,0.0,0.0,A01
201500009226,0,7,0,0.0,2.0,2.0,15.0,A01
201500009226,0,33,0,0.0,2.0,1.0,1.0,B02
201500009227,0,7,0,0.0,2.0,3.0,17.0,A01
201500009227,0,7,0,0.0,2.0,3.0,1.0,B02
201500009228,0,7,0,1.0,0.0,2.0,14.0,A01
201500009228,0,10,0,0.0,2.0,4.0,24.0,B02
201500009229,0,7,0,13.0,0.0,1.0,1.0,A01
201500009230,0,7,0,0.0,0.0,3.0,5.0,A01
201500009230,0,7,0,0.0,2.0,3.0,1.0,B02
201500009231,0,30,0,2.0,0.0,1.0,1.0,A01
201500009232,0,30,0,0.0,2.0,8.0,1.0,B02
201500009232,0,21,0,0.0,0.0,3.0,15.0,A01
201500009233,0,7,0,2.0,0.0,1.0,0.0,A01
201500009234,0,7,0,15.0,0.0,3.0,1.0,B02
201500009234,0,7,0,15.0,0.0,1.0,21.0,A01
201500009235,0,10,0,0.0,2.0,1.0,1.0,A01
201500009235,0,7,0,0.0,2.0,6.0,4.0,B02
201500009236,0,7,0,0.0,2.0,3.0,1.0,B02
201500009236,0,10,0,0.0,2.0,2.0,1.0,A01
201500009237,0,7,0,0.0,2.0,3.0,13.0,A01
201500009237,0,38,1,0.0,2.0,3.0,1.0,B02
201500009237,0,7,0,0.0,2.0,3.0,1.0,C03
201500009238,0,7,0,0.0,2.0,5.0,17.0,A01
201500009238,0,7,0,0.0,2.0,3.0,1.0,B02
201500009239,0,31,0,16.0,0.0,1.0,1.0,A01
201500009240,0,7,0,0.0,2.0,6.0,13.0,A01
201500009240,0,7,0,0.0,2.0,3.0,1.0,B02
201500009241,0,14,0,0.0,2.0,1.0,1.0,A01
201500009241,0,10,0,3.0,0.0,6.0,1.0,B02
201500009242,0,7,0,0.0,0.0,3.0,1.0,A01
201500009243,0,7,0,0.0,0.0,2.0,1.0,A01
201500009244,0,1,0,0.0,2.0,1.0,19.0,A01
201500009244,0,7,0,0.0,9.0,7.0,1.0,B02
201500009245,0,7,0,0.0,2.0,7.0,1.0,A01
201500009245,0,7,0,0.0,2.0,1.0,1.0,B02
201500009246,0,7,0,0.0,2.0,1.0,1.0,A01
201500009246,0,7,0,0.0,2.0,1.0,1.0,B02
201500009247,0,7,0,0.0,2.0,1.0,13.0,A01
201500009247,0,7,0,0.0,2.0,1.0,2.0,B02
201500009248,0,31,0,0.0,2.0,1.0,1.0,A01
201500009248,0,7,0,0.0,0.0,8.0,11.0,B02
201500009249,0,7,0,0.0,0.0,9.0,0.0,A01
201500009250,0,7,0,1.0,0.0,1.0,1.0,A01
201500009250,0,10,0,0.0,2.0,4.0,24.0,B02
201500009251,0,7,0,0.0,2.0,1.0,2.0,A01
201500009251,0,15,0,0.0,0.0,0.0,16.0,B02
201500009252,0,7,0,1.0,0.0,1.0,2.0,A01
201500009252,0,7,0,0.0,2.0,4.0,23.0,B02
201500009252,0,7,0,0.0,2.0,4.0,23.0,C03
201500009253,0,7,0,0.0,0.0,8.0,2.0,A01
201500009253,0,7,0,0.0,0.0,2.0,2.0,B02
201500009254,0,7,0,6.0,0.0,8.0,1.0,A01
201500009255,0,7,0,0.0,0.0,9.0,1.0,A01
201500009256,0,7,0,2.0,0.0,8.0,1.0,A01
201500009257,0,7,0,0.0,2.0,2.0,15.0,A01
201500009257,0,7,0,0.0,2.0,3.0,1.0,B02
201500009258,0,31,0,16.0,0.0,0.0,1.0,A01
201500009259,0,7,0,0.0,2.0,1.0,1.0,B02
201500009259,0,7,0,0.0,2.0,8.0,1.0,A01
201500009260,0,7,0,0.0,2.0,1.0,2.0,A01
201500009260,0,10,0,0.0,2.0,4.0,2.0,B02
201500009261,0,33,0,6.0,0.0,1.0,1.0,A01
201500009262,0,7,0,12.0,0.0,2.0,14.0,A01
201500009263,0,33,0,16.0,0.0,7.0,1.0,A01
201500009263,0,34,0,16.0,0.0,0.0,1.0,B02
201500009263,0,33,0,0.0,0.0,0.0,21.0,C03
201500009264,0,36,0,15.0,0.0,4.0,0.0,A01
201500009265,0,7,0,0.0,2.0,1.0,21.0,A01
201500009265,0,7,0,0.0,2.0,1.0,1.0,B02
201500009266,0,7,0,0.0,2.0,2.0,15.0,A01
201500009266,0,33,0,0.0,2.0,1.0,1.0,B02
201500009267,0,7,0,0.0,0.0,3.0,12.0,A01
201500009267,0,15,0,1.0,0.0,5.0,24.0,B02
201500009268,0,7,0,0.0,1.0,0.0,0.0,A01
201500009269,0,33,0,0.0,2.0,1.0,17.0,A01
201500009269,0,7,0,0.0,0.0,8.0,15.0,B02
201500009270,0,33,0,0.0,2.0,1.0,1.0,A01
201500009270,0,15,0,0.0,2.0,7.0,15.0,B02
201500009271,0,7,0,0.0,1.0,1.0,1.0,A01
201500009272,0,7,0,0.0,2.0,1.0,1.0,A01
201500009272,0,7,0,0.0,2.0,3.0,1.0,B02
201500009273,0,7,0,4.0,0.0,9.0,17.0,A01
201500009274,0,7,0,0.0,0.0,0.0,9.0,C03
201500009274,0,7,0,0.0,0.0,0.0,13.0,A01
201500009274,0,33,0,0.0,0.0,0.0,13.0,B02
201500009275,0,2,0,16.0,0.0,0.0,1.0,A01
201500009276,0,7,0,0.0,2.0,1.0,13.0,A01
201500009276,0,10,0,0.0,2.0,1.0,1.0,B02
201500009277,0,7,0,0.0,2.0,3.0,5.0,A01
201500009277,0,7,0,0.0,0.0,3.0,1.0,B02
201500009278,0,7,0,0.0,2.0,1.0,1.0,A01
201500009278,0,7,0,0.0,2.0,7.0,13.0,B02
201500009279,0,7,0,0.0,2.0,2.0,9.0,A01
201500009279,0,33,0,0.0,2.0,7.0,1.0,B02
201500009279,0,7,0,0.0,2.0,3.0,1.0,C03
201500009280,0,7,0,0.0,2.0,1.0,2.0,A01
201500009280,0,30,0,0.0,0.0,4.0,2.0,B02
201500009281,0,7,0,0.0,2.0,7.0,19.0,A01
201500009281,0,7,0,0.0,2.0,1.0,1.0,B02
201500009282,0,7,0,0.0,0.0,1.0,13.0,A01
201500009282,0,7,0,0.0,0.0,0.0,1.0,B02
201500009283,0,7,0,0.0,2.0,3.0,1.0,A01
201500009283,0,7,0,0.0,2.0,3.0,1.0,B02
201500009284,0,7,0,0.0,2.0,1.0,13.0,A01
201500009284,0,7,0,0.0,2.0,1.0,1.0,B02
201500009285,0,7,0,2.0,0.0,9.0,1.0,A01
201500009286,0,10,0,0.0,2.0,7.0,13.0,A01
201500009286,0,7,0,0.0,2.0,1.0,0.0,B02
201500009287,0,7,0,2.0,0.0,8.0,1.0,A01
201500009288,0,33,0,0.0,2.0,0.0,13.0,A01
201500009288,0,7,0,0.0,2.0,0.0,19.0,B02
201500009289,0,7,0,0.0,0.0,2.0,0.0,A01
201500009289,0,10,0,0.0,0.0,6.0,0.0,B02
201500009290,0,33,0,0.0,0.0,0.0,17.0,A01
201500009290,0,7,0,0.0,2.0,1.0,1.0,B02
201500009291,0,7,0,0.0,2.0,8.0,13.0,A01
201500009291,0,7,0,0.0,2.0,1.0,1.0,B02
201500009292,0,7,0,0.0,0.0,7.0,1.0,A01
201500009292,0,7,0,0.0,0.0,1.0,17.0,B02
201500009292,0,7,0,14.0,0.0,1.0,21.0,C03
201500009293,0,10,0,0.0,2.0,7.0,1.0,A01
201500009293,0,1,0,0.0,2.0,8.0,1.0,B02
201500009294,0,7,0,0.0,1.0,2.0,1.0,A01
201500009295,0,31,0,0.0,2.0,8.0,13.0,A01
201500009295,0,7,0,0.0,2.0,2.0,13.0,B02
201500009296,0,33,0,13.0,0.0,1.0,13.0,A01
201500009297,0,7,0,0.0,2.0,2.0,15.0,A01
201500009297,0,7,0,0.0,2.0,1.0,0.0,B02
201500009298,0,7,0,0.0,2.0,1.0,13.0,A01
201500009298,0,7,0,0.0,2.0,1.0,1.0,B02
201500009299,0,31,0,0.0,2.0,1.0,1.0,A01
201500009299,0,7,0,0.0,2.0,3.0,15.0,B02
201500009300,0,7,0,13.0,0.0,1.0,0.0,A01
201500009301,0,1,0,14.0,0.0,1.0,1.0,A01
201500009302,0,33,0,0.0,0.0,0.0,14.0,A01
201500009303,0,7,0,0.0,2.0,3.0,13.0,A01
201500009303,0,7,0,0.0,2.0,3.0,0.0,B02
201500009304,0,7,0,0.0,2.0,1.0,13.0,A01
201500009304,0,7,0,0.0,2.0,1.0,1.0,B02
201500009305,0,7,0,0.0,2.0,3.0,1.0,B02
201500009305,0,15,0,0.0,2.0,1.0,1.0,C03
201500009305,0,7,0,0.0,2.0,2.0,15.0,A01
201500009306,0,7,0,13.0,0.0,3.0,1.0,A01
201500009307,0,17,0,0.0,2.0,7.0,13.0,A01
201500009307,0,14,0,0.0,2.0,1.0,1.0,B02
201500009308,0,33,0,0.0,2.0,3.0,13.0,A01
201500009308,0,7,0,0.0,2.0,3.0,1.0,B02
201500009309,0,7,0,0.0,2.0,1.0,13.0,A01
201500009309,0,7,0,0.0,2.0,1.0,1.0,B02
201500009310,0,17,0,13.0,0.0,9.0,14.0,A01
201500009311,0,7,0,0.0,2.0,1.0,1.0,A01
201500009311,0,14,0,0.0,2.0,3.0,1.0,B02
201500009312,0,7,0,0.0,0.0,9.0,0.0,A01
201500009313,0,7,0,8.0,0.0,9.0,13.0,A01
201500009314,0,7,0,2.0,0.0,2.0,1.0,A01
201500009315,0,7,0,0.0,1.0,6.0,15.0,A01
201500009316,0,7,0,0.0,2.0,1.0,1.0,A01
201500009316,0,17,0,0.0,2.0,3.0,1.0,B02
201500009317,0,7,0,8.0,0.0,3.0,17.0,A01
201500009318,0,7,0,0.0,2.0,1.0,13.0,A01
201500009318,0,7,0,0.0,2.0,1.0,1.0,B02
201500009319,0,7,0,0.0,2.0,2.0,17.0,A01
201500009319,0,7,0,0.0,2.0,1.0,1.0,B02
201500009319,0,7,0,0.0,2.0,6.0,1.0,C03
201500009320,0,33,0,0.0,2.0,8.0,0.0,A01
201500009321,0,7,0,2.0,0.0,1.0,1.0,A01
201500009322,0,17,0,0.0,0.0,7.0,23.0,A01
201500009322,0,39,1,14.0,0.0,1.0,1.0,B02
201500009323,0,7,0,0.0,0.0,0.0,1.0,A01
201500009324,0,33,0,13.0,0.0,1.0,1.0,A01
201500009325,0,7,0,0.0,2.0,1.0,1.0,A01
201500009325,0,7,0,0.0,0.0,4.0,1.0,B02
201500009326,0,2,0,0.0,2.0,3.0,1.0,B02
201500009326,0,15,0,0.0,0.0,2.0,1.0,A01
201500009327,0,7,0,0.0,2.0,3.0,20.0,A01
201500009327,0,1,0,0.0,2.0,1.0,1.0,B02
201500009328,0,7,0,0.0,2.0,2.0,1.0,B02
201500009328,0,33,0,0.0,2.0,1.0,13.0,A01
201500009329,0,33,0,0.0,0.0,8.0,1.0,A01
201500009330,1,33,0,0.0,1.0,5.0,17.0,A01
201500009331,0,7,0,0.0,0.0,3.0,13.0,A01
201500009331,0,7,0,0.0,2.0,3.0,1.0,B02
201500009331,0,7,0,14.0,0.0,1.0,1.0,C03
201500009332,0,2,0,0.0,2.0,1.0,1.0,B02
201500009332,0,7,0,0.0,2.0,5.0,15.0,A01
201500009333,0,7,0,0.0,1.0,4.0,20.0,A01
201500009334,0,7,0,0.0,2.0,3.0,1.0,B02
201500009334,0,7,0,0.0,2.0,3.0,13.0,A01
201500009335,0,7,0,0.0,1.0,2.0,1.0,A01
201500009336,0,7,0,7.0,0.0,1.0,1.0,A01
201500009337,0,10,0,0.0,2.0,1.0,15.0,A01
201500009337,0,33,0,0.0,2.0,1.0,21.0,B02
201500009338,0,7,0,8.0,0.0,3.0,1.0,A01
201500009339,0,17,0,0.0,2.0,3.0,21.0,A01
201500009339,0,7,0,0.0,2.0,1.0,1.0,E05
201500009339,0,7,0,0.0,2.0,1.0,1.0,D04
201500009339,0,7,0,0.0,2.0,4.0,15.0,B02
201500009339,0,7,0,0.0,2.0,1.0,1.0,C03
201500009340,0,33,0,0.0,2.0,1.0,2.0,A01
201500009340,0,33,0,0.0,0.0,5.0,15.0,B02
201500009341,0,7,0,3.0,0.0,9.0,14.0,A01
201500009342,0,7,0,0.0,0.0,2.0,15.0,A01
201500009342,0,31,0,0.0,2.0,1.0,1.0,B02
201500009343,0,17,0,0.0,1.0,5.0,16.0,A01
201500009344,0,33,0,14.0,0.0,3.0,1.0,A01
201500009345,0,7,0,13.0,0.0,3.0,1.0,A01
201500009346,0,34,0,0.0,0.0,1.0,1.0,A01
201500009347,0,33,0,2.0,0.0,1.0,1.0,A01
201500009348,0,7,0,0.0,0.0,6.0,9.0,A01
201500009348,0,7,0,13.0,2.0,1.0,21.0,B02
201500009349,0,7,0,0.0,2.0,3.0,9.0,A01
201500009349,0,7,0,0.0,2.0,2.0,1.0,B02
201500009350,0,14,0,0.0,2.0,8.0,21.0,C03
201500009350,0,7,0,0.0,2.0,3.0,13.0,A01
201500009350,0,10,0,13.0,2.0,3.0,21.0,B02
201500009351,0,7,0,0.0,2.0,2.0,21.0,B02
201500009351,0,7,0,0.0,2.0,2.0,13.0,A01
201500009352,0,7,0,8.0,0.0,2.0,1.0,A01
201500009353,0,7,0,0.0,1.0,1.0,15.0,A01
201500009354,0,2,0,0.0,2.0,3.0,13.0,B02
201500009354,0,7,0,0.0,2.0,3.0,1.0,A01
201500009355,0,33,0,6.0,0.0,7.0,1.0,A01
201500009356,0,7,0,0.0,2.0,2.0,15.0,A01
201500009356,0,31,0,0.0,2.0,1.0,1.0,B02
201500009357,0,7,0,0.0,2.0,3.0,13.0,A01
201500009357,0,7,0,0.0,2.0,3.0,1.0,B02
201500009358,0,7,0,0.0,0.0,5.0,15.0,B02
201500009358,0,2,0,0.0,2.0,1.0,2.0,A01
201500009359,0,7,0,16.0,0.0,9.0,1.0,A01
201500009360,0,7,0,0.0,2.0,1.0,15.0,B02
201500009360,0,2,0,0.0,2.0,3.0,17.0,A01
201500009361,0,2,0,6.0,0.0,1.0,14.0,A01
201500009362,0,7,0,0.0,2.0,1.0,13.0,A01
201500009362,0,15,0,0.0,2.0,2.0,1.0,B02
201500009363,0,2,0,1.0,0.0,1.0,1.0,A01
201500009364,0,7,0,0.0,1.0,1.0,1.0,A01
201500009365,0,7,0,0.0,2.0,8.0,15.0,A01
201500009365,0,30,0,0.0,2.0,1.0,1.0,B02
201500009366,0,7,0,0.0,2.0,3.0,15.0,A01
201500009366,0,30,0,0.0,2.0,8.0,1.0,B02
201500009367,0,3,0,0.0,2.0,1.0,15.0,A01
201500009367,0,7,0,0.0,2.0,3.0,1.0,B02
201500009368,0,7,0,0.0,2.0,2.0,15.0,B02
201500009368,0,7,0,2.0,2.0,2.0,1.0,A01
201500009369,0,7,0,0.0,2.0,3.0,17.0,A01
201500009369,0,2,0,0.0,2.0,1.0,1.0,B02
201500009370,2,7,0,12.0,0.0,2.0,1.0,A01
201500009371,0,10,0,0.0,2.0,1.0,13.0,A01
201500009371,0,7,0,0.0,2.0,1.0,1.0,B02
201500009372,0,7,0,0.0,0.0,6.0,15.0,B02
201500009372,0,33,0,0.0,2.0,1.0,17.0,A01
201500009373,0,7,0,16.0,0.0,1.0,1.0,A01
201500009374,0,7,0,2.0,0.0,2.0,14.0,A01
201500009375,0,7,0,14.0,0.0,2.0,1.0,B02
201500009375,0,10,0,13.0,0.0,9.0,17.0,A01
201500009376,0,7,0,13.0,0.0,9.0,1.0,A01
201500009377,0,7,0,6.0,2.0,8.0,1.0,A01
201500009377,0,10,0,0.0,2.0,8.0,1.0,B02
201500009378,0,7,0,2.0,0.0,1.0,13.0,A01
201500009379,0,21,0,0.0,0.0,6.0,15.0,A01
201500009379,0,33,0,0.0,2.0,2.0,17.0,B02
201500009380,0,7,0,8.0,0.0,3.0,1.0,A01
201500009381,0,7,0,2.0,0.0,9.0,1.0,A01
201500009382,0,7,0,13.0,0.0,4.0,1.0,B02
201500009382,0,7,0,0.0,2.0,1.0,2.0,A01
201500009383,0,7,0,0.0,2.0,1.0,1.0,B02
201500009383,0,7,0,0.0,2.0,1.0,13.0,A01
201500009384,0,7,0,0.0,2.0,1.0,1.0,B02
201500009384,0,3,0,0.0,2.0,8.0,15.0,A01
201500009385,0,7,0,13.0,0.0,3.0,1.0,A01
201500009386,0,2,0,0.0,2.0,1.0,1.0,A01
201500009386,0,7,0,0.0,0.0,8.0,1.0,B02
201500009387,0,7,0,0.0,0.0,5.0,15.0,B02
201500009387,0,30,0,0.0,2.0,1.0,1.0,A01
201500009388,0,21,0,0.0,2.0,3.0,16.0,B02
201500009388,0,30,0,0.0,2.0,3.0,1.0,A01
201500009389,0,7,0,0.0,1.0,2.0,1.0,A01
201500009390,0,7,0,8.0,0.0,8.0,1.0,A01
201500009391,0,30,0,0.0,2.0,1.0,1.0,A01
201500009391,0,7,0,0.0,2.0,3.0,1.0,B02
201500009392,0,2,0,1.0,0.0,2.0,1.0,A01
201500009393,0,7,0,0.0,2.0,8.0,15.0,A01
201500009393,0,33,0,0.0,2.0,1.0,1.0,B02
201500009394,2,7,0,16.0,0.0,1.0,1.0,A01
201500009395,0,7,0,0.0,2.0,1.0,1.0,B02
201500009395,0,7,0,0.0,2.0,1.0,13.0,A01
201500009396,0,7,0,8.0,0.0,1.0,1.0,A01
201500009397,0,7,0,0.0,0.0,8.0,1.0,B02
201500009397,0,7,0,0.0,2.0,1.0,1.0,A01
201500009398,0,17,0,0.0,2.0,2.0,2.0,B02
201500009398,0,1,0,0.0,0.0,4.0,1.0,A01
201500009399,0,10,0,6.0,0.0,3.0,1.0,A01
201500009400,0,7,0,0.0,2.0,1.0,1.0,B02
201500009400,0,7,0,0.0,2.0,7.0,13.0,A01
201500009401,0,33,0,16.0,0.0,9.0,1.0,A01
201500009402,0,7,0,15.0,0.0,3.0,13.0,A01
201500009403,0,7,0,0.0,2.0,1.0,1.0,B02
201500009403,0,7,0,0.0,2.0,2.0,13.0,A01
201500009404,0,7,0,16.0,0.0,9.0,1.0,A01
201500009405,0,7,0,13.0,0.0,1.0,1.0,A01
201500009406,0,7,0,6.0,0.0,2.0,14.0,A01
201500009407,0,7,0,0.0,0.0,9.0,14.0,A01
201500009408,0,7,0,0.0,2.0,1.0,1.0,B02
201500009408,0,33,0,0.0,2.0,1.0,13.0,A01
201500009409,0,7,0,3.0,0.0,1.0,1.0,A01
201500009410,0,10,0,0.0,2.0,1.0,1.0,A01
201500009410,0,7,0,0.0,0.0,8.0,1.0,B02
201500009411,0,7,0,8.0,0.0,1.0,1.0,A01
201500009412,0,7,0,0.0,0.0,8.0,1.0,B02
201500009412,0,7,0,0.0,2.0,1.0,1.0,A01
201500009413,0,30,0,6.0,0.0,1.0,1.0,A01
201500009414,0,7,0,0.0,2.0,1.0,1.0,C03
201500009414,0,7,0,0.0,2.0,8.0,1.0,B02
201500009414,0,7,0,0.0,2.0,1.0,13.0,A01
201500009415,0,7,0,0.0,1.0,6.0,1.0,A01
201500009416,0,7,0,0.0,1.0,3.0,15.0,A01
201500009417,0,7,0,2.0,0.0,9.0,17.0,A01
201500009418,0,1,0,0.0,2.0,8.0,19.0,B02
201500009418,0,7,0,0.0,2.0,3.0,1.0,A01
201500009419,0,7,0,2.0,0.0,7.0,13.0,A01
201500009420,0,7,0,0.0,1.0,3.0,1.0,A01
201500009421,0,7,0,0.0,1.0,4.0,20.0,A01
201500009422,0,7,0,0.0,2.0,8.0,1.0,B02
201500009422,0,7,0,0.0,2.0,2.0,1.0,A01
201500009423,0,7,0,0.0,2.0,5.0,15.0,B02
201500009423,0,30,0,0.0,2.0,2.0,1.0,A01
201500009424,0,10,0,0.0,1.0,8.0,13.0,A01
201500009425,0,33,0,6.0,0.0,1.0,1.0,A01
201500009426,0,2,0,6.0,0.0,1.0,1.0,A01