Num_Acc,senc,catv,occutc,obs,obsm,choc,manv,num_veh
201500009427,0,7,0,0.0,2.0,3.0,1.0,B02
201500009427,0,7,0,0.0,2.0,1.0,13.0,A01
201500009428,0,7,0,13.0,0.0,9.0,1.0,A01
201500009429,0,7,0,0.0,2.0,1.0,1.0,B02
201500009429,0,3,0,0.0,2.0,1.0,13.0,A01
201500009430,0,7,0,0.0,1.0,3.0,9.0,A01
201500009431,0,7,0,0.0,2.0,2.0,13.0,A01
201500009431,0,10,0,0.0,2.0,1.0,1.0,B02
201500009432,0,7,0,12.0,0.0,9.0,1.0,A01
201500009433,0,33,0,0.0,0.0,1.0,1.0,A01
201500009434,0,10,0,0.0,2.0,2.0,1.0,B02
201500009434,0,30,0,0.0,2.0,1.0,11.0,A01
201500009435,0,30,0,0.0,2.0,1.0,1.0,A01
201500009435,0,7,0,0.0,2.0,3.0,1.0,B02
201500009436,0,33,0,12.0,0.0,1.0,1.0,A01
201500009437,0,7,0,6.0,0.0,3.0,13.0,A01
201500009438,0,10,0,7.0,0.0,9.0,1.0,A01
201500009439,0,7,0,2.0,0.0,2.0,1.0,A01
201500009440,0,7,0,2.0,0.0,8.0,1.0,A01
201500009441,0,30,0,0.0,1.0,2.0,1.0,A01
201500009442,0,1,0,0.0,2.0,1.0,17.0,B02
201500009442,0,7,0,0.0,9.0,8.0,15.0,A01
201500009443,0,7,0,0.0,2.0,1.0,1.0,B02
201500009443,0,14,0,0.0,2.0,1.0,1.0,A01
201500009444,0,7,0,8.0,0.0,1.0,1.0,A01
201500009445,0,10,0,0.0,1.0,4.0,4.0,A01
201500009446,0,7,0,6.0,0.0,1.0,1.0,A01
201500009447,0,7,0,13.0,0.0,9.0,1.0,A01
201500009448,0,7,0,0.0,2.0,3.0,1.0,B02
201500009448,0,7,0,0.0,2.0,1.0,1.0,A01
201500009449,0,7,0,2.0,0.0,1.0,1.0,A01
201500009450,0,7,0,0.0,2.0,3.0,16.0,B02
201500009450,0,14,0,0.0,2.0,1.0,1.0,A01
201500009451,0,7,0,0.0,2.0,3.0,10.0,A01
201500009451,0,30,0,0.0,2.0,1.0,17.0,B02
201500009452,0,1,0,0.0,2.0,8.0,15.0,B02
201500009452,0,10,0,0.0,9.0,1.0,9.0,A01
201500009453,0,39,80,0.0,2.0,1.0,1.0,B02
201500009453,0,7,0,0.0,4.0,2.0,11.0,A01
201500009454,0,10,0,0.0,2.0,6.0,15.0,B02
201500009454,0,31,0,0.0,2.0,1.0,1.0,A01
201500009455,0,7,0,0.0,2.0,7.0,19.0,A01
201500009455,0,10,0,0.0,2.0,1.0,1.0,B02
201500009456,0,7,0,13.0,0.0,2.0,1.0,A01
201500009457,0,7,0,0.0,1.0,4.0,4.0,A01
201500009458,0,7,0,0.0,1.0,1.0,1.0,A01
201500009459,0,17,0,0.0,,4.0,23.0,B02
201500009459,0,33,0,,2.0,1.0,1.0,A01
201500009460,0,7,0,2.0,0.0,8.0,1.0,A01
201500009461,0,7,0,0.0,2.0,2.0,16.0,B02
201500009461,0,7,0,0.0,2.0,3.0,1.0,A01
201500009462,0,7,0,16.0,0.0,9.0,1.0,A01
201500009463,0,10,0,8.0,0.0,9.0,1.0,A01
201500009464,0,7,0,2.0,0.0,1.0,14.0,A01
201500009465,0,33,0,8.0,0.0,3.0,1.0,A01
201500009466,0,7,0,0.0,2.0,8.0,15.0,B02
201500009466,0,31,0,0.0,2.0,1.0,1.0,A01
201500009467,0,7,0,0.0,0.0,4.0,1.0,B02
201500009467,0,7,0,0.0,2.0,2.0,2.0,A01
201500009468,0,7,0,0.0,2.0,1.0,1.0,C03
201500009468,0,7,0,2.0,0.0,1.0,14.0,D04
201500009468,0,10,0,0.0,2.0,1.0,13.0,A01
201500009468,0,10,0,0.0,2.0,3.0,1.0,B02
201500009469,0,7,0,0.0,2.0,1.0,1.0,B02
201500009469,0,1,0,0.0,2.0,4.0,9.0,A01
201500009470,0,30,0,8.0,0.0,1.0,1.0,A01
201500009471,0,7,0,0.0,2.0,2.0,1.0,A01
201500009471,0,17,0,0.0,0.0,3.0,2.0,B02
201500009472,0,7,0,2.0,0.0,1.0,2.0,A01
201500009473,0,7,0,0.0,0.0,2.0,6.0,A01
201500009473,0,7,0,0.0,0.0,1.0,0.0,B02
201500009474,0,7,0,0.0,2.0,3.0,5.0,B02
201500009474,0,7,0,0.0,2.0,2.0,15.0,A01
201500009475,0,7,0,0.0,0.0,0.0,17.0,A01
201500009475,0,7,0,2.0,0.0,1.0,14.0,B02
201500009476,0,33,0,0.0,2.0,1.0,1.0,A01
201500009476,0,7,0,0.0,2.0,5.0,19.0,B02
201500009477,0,7,0,0.0,2.0,1.0,5.0,A01
201500009477,0,7,0,0.0,2.0,3.0,1.0,B02
201500009478,0,31,0,0.0,6.0,1.0,1.0,A01
201500009479,0,15,0,0.0,2.0,1.0,2.0,A01
201500009479,0,15,0,0.0,2.0,4.0,1.0,B02
201500009480,0,7,0,0.0,9.0,6.0,19.0,A01
201500009480,0,1,0,0.0,2.0,1.0,1.0,B02
201500009481,0,33,0,0.0,0.0,1.0,0.0,A01
201500009482,0,7,0,0.0,2.0,3.0,0.0,A01
201500009482,0,15,0,0.0,2.0,3.0,0.0,B02
201500009483,0,7,0,0.0,2.0,2.0,16.0,B02
201500009483,0,7,0,0.0,2.0,3.0,17.0,A01
201500009484,0,33,0,8.0,0.0,1.0,0.0,A01
201500009485,0,7,0,4.0,0.0,3.0,0.0,A01
201500009486,0,33,0,0.0,2.0,1.0,2.0,A01
201500009486,0,20,0,0.0,2.0,5.0,2.0,B02
201500009487,0,7,0,13.0,0.0,3.0,1.0,A01
201500009488,0,7,0,0.0,2.0,8.0,19.0,A01
201500009488,0,31,0,0.0,2.0,3.0,1.0,B02
201500009489,0,7,0,0.0,2.0,1.0,19.0,A01
201500009489,0,33,0,6.0,0.0,6.0,1.0,B02
201500009490,0,7,0,0.0,2.0,8.0,1.0,A01
201500009490,0,7,0,0.0,2.0,1.0,9.0,B02
201500009491,0,7,0,2.0,0.0,3.0,13.0,A01
201500009492,0,7,0,0.0,2.0,1.0,5.0,A01
201500009492,0,10,0,0.0,2.0,1.0,1.0,B02
201500009493,0,7,0,0.0,2.0,8.0,19.0,A01
201500009493,0,7,0,0.0,2.0,1.0,1.0,B02
201500009494,0,33,0,0.0,1.0,1.0,1.0,A01
201500009495,0,7,0,0.0,2.0,2.0,15.0,A01
201500009495,0,7,0,0.0,2.0,3.0,1.0,B02
201500009496,0,7,0,0.0,2.0,1.0,1.0,B02
201500009496,0,10,0,0.0,2.0,2.0,1.0,A01
201500009497,0,7,0,2.0,0.0,3.0,1.0,A01
201500009498,0,7,0,8.0,0.0,1.0,1.0,A01
201500009499,0,31,0,0.0,2.0,1.0,1.0,A01
201500009499,0,7,0,0.0,2.0,2.0,15.0,B02
201500009500,0,10,0,0.0,1.0,2.0,2.0,A01
201500009501,0,7,0,6.0,0.0,2.0,1.0,A01
201500009502,0,7,0,0.0,2.0,3.0,13.0,A01
201500009502,0,7,0,0.0,2.0,3.0,1.0,B02
201500009503,0,7,0,0.0,2.0,7.0,1.0,A01
201500009503,0,7,0,0.0,2.0,1.0,1.0,B02
201500009504,0,33,0,0.0,0.0,7.0,17.0,A01
201500009504,0,7,0,0.0,0.0,8.0,15.0,B02
201500009505,0,2,0,0.0,0.0,7.0,0.0,A01
201500009506,0,7,0,0.0,1.0,3.0,9.0,A01
201500009507,0,34,0,0.0,2.0,1.0,2.0,A01
201500009507,0,10,0,0.0,2.0,4.0,2.0,B02
201500009508,0,10,0,0.0,1.0,3.0,1.0,A01
201500009509,0,7,0,0.0,2.0,1.0,1.0,B02
201500009509,0,7,0,0.0,2.0,1.0,1.0,A01
201500009510,0,7,0,0.0,0.0,1.0,17.0,A01
201500009510,0,34,0,0.0,0.0,3.0,0.0,B02
201500009511,0,10,0,1.0,0.0,1.0,13.0,A01
201500009511,0,14,0,0.0,0.0,1.0,24.0,B02
201500009512,0,7,0,16.0,0.0,1.0,17.0,A01
201500009513,0,7,0,0.0,2.0,1.0,1.0,A01
201500009513,0,7,0,0.0,2.0,8.0,1.0,B02
201500009514,0,7,0,0.0,2.0,5.0,15.0,A01
201500009514,0,2,0,0.0,2.0,1.0,1.0,B02
201500009515,0,33,0,6.0,0.0,7.0,14.0,A01
201500009516,0,7,0,0.0,0.0,9.0,1.0,A01
201500009517,0,7,0,8.0,0.0,9.0,1.0,A01
201500009518,0,7,0,2.0,0.0,8.0,1.0,A01
201500009519,0,7,0,0.0,2.0,3.0,1.0,B02
201500009519,0,7,0,0.0,2.0,1.0,13.0,A01
201500009520,0,10,0,8.0,0.0,3.0,1.0,A01
201500009521,0,10,0,2.0,0.0,7.0,0.0,A01
201500009522,0,7,0,0.0,2.0,1.0,2.0,A01
201500009522,0,7,0,0.0,2.0,3.0,2.0,B02
201500009522,0,7,0,0.0,2.0,0.0,2.0,C03
201500009523,0,7,0,8.0,0.0,9.0,1.0,A01
201500009524,0,7,0,0.0,1.0,1.0,1.0,A01
201500009525,0,7,0,0.0,2.0,1.0,13.0,A01
201500009525,0,7,0,0.0,9.0,1.0,1.0,C03
201500009525,0,17,0,0.0,2.0,3.0,1.0,B02
201500009526,0,7,0,13.0,0.0,1.0,1.0,A01
201500009527,0,7,0,0.0,2.0,7.0,1.0,A01
201500009527,0,7,0,0.0,2.0,1.0,1.0,B02
201500009528,0,15,0,6.0,0.0,1.0,1.0,A01
201500009529,0,7,0,8.0,0.0,3.0,13.0,A01
201500009530,0,33,0,0.0,2.0,4.0,1.0,A01
201500009530,0,7,0,0.0,0.0,4.0,1.0,B02
201500009531,0,7,0,0.0,0.0,2.0,15.0,A01
201500009531,0,1,0,0.0,0.0,1.0,1.0,B02
201500009532,0,7,0,0.0,0.0,6.0,15.0,A01
201500009532,0,33,0,0.0,2.0,1.0,17.0,B02
201500009533,0,7,0,0.0,2.0,1.0,1.0,B02
201500009533,0,7,0,0.0,2.0,1.0,15.0,A01
201500009534,0,31,0,0.0,0.0,1.0,1.0,A01
201500009535,0,2,0,0.0,0.0,8.0,15.0,A01
201500009535,0,7,0,0.0,2.0,1.0,0.0,B02
201500009536,0,7,0,0.0,2.0,1.0,1.0,A01
201500009536,0,7,0,0.0,2.0,1.0,1.0,B02
201500009537,0,7,0,0.0,2.0,1.0,19.0,B02
201500009537,0,7,0,0.0,2.0,7.0,1.0,A01
201500009538,0,7,0,0.0,2.0,3.0,1.0,A01
201500009538,0,7,0,0.0,2.0,3.0,1.0,B02
201500009539,0,7,0,0.0,2.0,1.0,17.0,A01
201500009539,0,7,0,0.0,2.0,1.0,1.0,B02
201500009540,0,2,0,0.0,0.0,0.0,1.0,A01
201500009541,0,7,0,0.0,1.0,1.0,1.0,A01
201500009542,0,10,0,0.0,9.0,2.0,0.0,A01
201500009542,0,1,0,0.0,0.0,4.0,0.0,B02
201500009543,0,7,0,2.0,0.0,1.0,1.0,A01
201500009544,0,33,0,0.0,0.0,7.0,1.0,A01
201500009545,0,2,0,0.0,0.0,0.0,1.0,A01
201500009546,0,10,0,0.0,0.0,3.0,1.0,A01
201500009547,0,33,0,0.0,2.0,7.0,19.0,B02
201500009547,0,7,0,0.0,2.0,1.0,1.0,A01
201500009548,0,7,0,2.0,0.0,1.0,1.0,A01
201500009549,0,7,0,0.0,2.0,1.0,1.0,B02
201500009549,0,7,0,0.0,2.0,1.0,13.0,A01
201500009550,0,7,0,0.0,2.0,8.0,15.0,A01
201500009550,0,30,0,0.0,2.0,1.0,1.0,B02
201500009551,0,7,0,0.0,0.0,1.0,15.0,A01
201500009551,0,10,0,0.0,0.0,1.0,1.0,B02
201500009552,0,7,0,15.0,0.0,1.0,15.0,A01
201500009553,0,7,0,13.0,0.0,3.0,1.0,A01
201500009554,0,21,0,0.0,2.0,4.0,2.0,A01
201500009554,0,2,0,0.0,2.0,1.0,2.0,B02
201500009555,0,7,0,6.0,0.0,8.0,13.0,A01
201500009556,0,10,0,0.0,2.0,3.0,1.0,A01
201500009556,0,10,0,0.0,2.0,1.0,5.0,B02
201500009557,0,7,0,0.0,2.0,3.0,19.0,A01
201500009557,0,2,0,0.0,2.0,1.0,1.0,B02
201500009558,0,7,0,13.0,0.0,9.0,1.0,A01
201500009559,0,7,0,0.0,2.0,1.0,13.0,A01
201500009559,0,7,0,0.0,2.0,1.0,1.0,B02
201500009560,0,33,0,0.0,0.0,1.0,1.0,A01
201500009561,0,7,0,0.0,0.0,3.0,15.0,A01
201500009561,0,7,0,0.0,0.0,3.0,1.0,B02
201500009562,0,31,0,3.0,0.0,3.0,13.0,A01
201500009563,0,7,0,4.0,0.0,2.0,1.0,A01
201500009564,0,33,0,0.0,2.0,8.0,1.0,B02
201500009564,0,7,0,0.0,2.0,2.0,19.0,A01
201500009565,0,7,0,0.0,2.0,1.0,1.0,A01
201500009565,0,7,0,0.0,2.0,7.0,19.0,B02
201500009566,0,7,0,8.0,0.0,9.0,1.0,A01
201500009567,0,7,0,0.0,1.0,3.0,1.0,A01
201500009568,0,10,0,0.0,1.0,2.0,1.0,A01
201500009569,0,33,0,15.0,0.0,7.0,2.0,A01
201500009570,0,33,0,0.0,2.0,1.0,13.0,A01
201500009570,0,7,0,0.0,9.0,3.0,1.0,B02
201500009571,0,7,0,13.0,0.0,3.0,0.0,A01
201500009572,0,7,0,8.0,0.0,3.0,0.0,A01
201500009573,0,10,0,0.0,2.0,1.0,1.0,C03
201500009573,0,7,0,0.0,2.0,1.0,1.0,B02
201500009573,0,7,0,0.0,2.0,1.0,1.0,A01
201500009574,0,7,0,0.0,6.0,0.0,0.0,A01
201500009575,0,33,0,0.0,2.0,9.0,1.0,B02
201500009575,0,10,0,0.0,2.0,2.0,19.0,A01
201500009576,0,7,0,0.0,0.0,9.0,1.0,A01
201500009577,0,7,0,0.0,2.0,3.0,15.0,B02
201500009577,0,7,0,0.0,0.0,2.0,17.0,A01
201500009578,0,7,0,0.0,2.0,1.0,17.0,A01
201500009578,0,2,0,0.0,2.0,4.0,15.0,B02
201500009579,0,33,0,0.0,2.0,1.0,17.0,A01
201500009579,0,7,0,0.0,2.0,3.0,1.0,B02
201500009580,0,7,0,0.0,2.0,8.0,1.0,B02
201500009580,0,17,0,0.0,2.0,2.0,1.0,A01
201500009581,0,7,0,0.0,2.0,3.0,13.0,A01
201500009581,0,2,0,0.0,2.0,3.0,0.0,B02
201500009582,0,30,0,0.0,0.0,0.0,1.0,A01
201500009583,0,33,0,0.0,0.0,1.0,0.0,A01
201500009584,0,7,0,0.0,2.0,1.0,1.0,B02
201500009584,0,7,0,0.0,2.0,1.0,13.0,A01
201500009585,0,15,0,0.0,2.0,8.0,1.0,A01
201500009585,0,30,0,0.0,2.0,1.0,19.0,B02
201500009586,0,10,0,0.0,1.0,3.0,1.0,A01
201500009587,0,7,0,0.0,1.0,1.0,1.0,A01
201500009588,0,2,0,15.0,0.0,1.0,1.0,A01
201500009589,0,7,0,0.0,1.0,2.0,1.0,A01
201500009590,0,7,0,2.0,0.0,8.0,1.0,A01
201500009591,0,10,0,13.0,0.0,1.0,1.0,C03
201500009591,0,15,0,0.0,2.0,6.0,1.0,B02
201500009591,0,10,0,0.0,2.0,1.0,1.0,A01
201500009592,0,7,0,2.0,0.0,4.0,17.0,A01
201500009593,0,7,0,2.0,0.0,3.0,1.0,A01
201500009594,0,7,0,8.0,0.0,8.0,1.0,A01
201500009595,0,7,0,13.0,0.0,2.0,1.0,A01
201500009596,0,31,0,13.0,0.0,1.0,0.0,A01
201500009597,0,7,0,3.0,6.0,1.0,1.0,A01
201500009598,0,7,0,0.0,2.0,3.0,16.0,A01
201500009598,0,31,0,0.0,0.0,0.0,0.0,B02
201500009599,0,7,0,0.0,2.0,5.0,15.0,A01
201500009599,0,7,0,0.0,2.0,3.0,1.0,B02
201500009600,0,7,0,16.0,6.0,3.0,21.0,A01
201500009601,0,2,0,12.0,0.0,1.0,1.0,A01
201500009602,0,33,0,0.0,2.0,1.0,1.0,B02
201500009602,0,7,0,0.0,2.0,3.0,19.0,A01
201500009603,0,7,0,0.0,2.0,1.0,1.0,B02
201500009603,0,7,0,0.0,2.0,1.0,15.0,A01
201500009604,0,7,0,8.0,0.0,7.0,14.0,A01
201500009605,0,30,0,13.0,0.0,7.0,13.0,A01
201500009606,0,7,0,0.0,2.0,2.0,2.0,A01
201500009606,0,1,0,0.0,2.0,4.0,1.0,B02
201500009607,0,7,0,8.0,0.0,9.0,1.0,A01
201500009608,0,10,0,0.0,2.0,3.0,13.0,A01
201500009608,0,7,0,0.0,2.0,3.0,1.0,B02
201500009609,0,7,0,0.0,1.0,2.0,1.0,A01
201500009610,0,7,0,13.0,0.0,1.0,1.0,A01
201500009611,0,3,0,0.0,2.0,6.0,19.0,A01
201500009611,0,7,0,0.0,2.0,1.0,1.0,B02
201500009612,0,3,0,0.0,0.0,5.0,1.0,B02
201500009612,0,7,0,0.0,2.0,1.0,1.0,A01
201500009613,0,7,0,0.0,2.0,6.0,1.0,B02
201500009613,0,7,0,0.0,2.0,2.0,17.0,A01
201500009614,0,7,0,13.0,0.0,9.0,1.0,A01
201500009615,0,7,0,0.0,2.0,1.0,1.0,B02
201500009615,0,7,0,0.0,2.0,1.0,13.0,A01
201500009616,0,7,0,8.0,0.0,9.0,1.0,A01
201500009617,0,7,0,13.0,0.0,3.0,1.0,A01
201500009618,0,21,0,13.0,0.0,1.0,1.0,A01
201500009619,0,10,0,0.0,1.0,4.0,4.0,A01
201500009620,0,7,0,16.0,0.0,9.0,1.0,A01
201500009621,0,7,0,16.0,0.0,9.0,13.0,A01
201500009622,0,2,0,0.0,2.0,3.0,1.0,C03
201500009622,0,2,0,0.0,2.0,1.0,1.0,B02
201500009622,0,7,0,0.0,2.0,3.0,1.0,A01
201500009623,0,7,0,0.0,2.0,3.0,10.0,A01
201500009623,0,7,0,0.0,2.0,2.0,17.0,B02
201500009624,0,3,0,0.0,2.0,3.0,13.0,A01
201500009624,0,7,0,0.0,2.0,3.0,1.0,B02
201500009625,0,33,0,0.0,2.0,8.0,1.0,B02
201500009625,0,7,0,0.0,2.0,6.0,15.0,A01
201500009626,0,30,0,0.0,0.0,1.0,1.0,A01
201500009627,0,33,0,8.0,0.0,1.0,0.0,A01
201500009628,0,32,0,0.0,0.0,7.0,0.0,A01
201500009629,0,7,0,0.0,0.0,1.0,14.0,A01
201500009630,0,7,0,0.0,2.0,1.0,23.0,C03
201500009630,0,7,0,0.0,2.0,2.0,19.0,A01
201500009630,0,7,0,0.0,2.0,1.0,1.0,B02
201500009631,0,1,0,0.0,2.0,4.0,1.0,B02
201500009631,0,7,0,0.0,2.0,2.0,1.0,A01
201500009632,0,7,0,13.0,0.0,1.0,13.0,A01
201500009633,0,7,0,13.0,0.0,2.0,0.0,A01
201500009634,0,33,0,16.0,0.0,1.0,1.0,A01
201500009635,0,7,0,0.0,2.0,1.0,5.0,A01
201500009635,0,7,0,0.0,2.0,1.0,1.0,B02
201500009636,0,17,0,13.0,0.0,3.0,13.0,A01
201500009637,0,7,0,13.0,0.0,1.0,1.0,A01
201500009638,0,7,0,0.0,2.0,1.0,2.0,A01
201500009638,0,7,0,0.0,2.0,4.0,2.0,B02
201500009639,0,7,0,0.0,2.0,7.0,15.0,A01
201500009639,0,17,0,0.0,2.0,2.0,1.0,B02
201500009640,0,7,0,2.0,0.0,1.0,1.0,A01
201500009641,0,7,0,0.0,2.0,1.0,1.0,B02
201500009641,0,7,0,0.0,2.0,3.0,1.0,A01
201500009642,0,33,0,2.0,0.0,1.0,14.0,A01
201500009643,0,7,0,16.0,0.0,3.0,1.0,A01
201500009644,0,7,0,0.0,1.0,7.0,1.0,A01
201500009645,0,7,0,0.0,2.0,1.0,13.0,A01
201500009645,0,7,0,0.0,2.0,1.0,1.0,B02
201500009646,0,7,0,2.0,0.0,3.0,13.0,A01
201500009647,0,30,0,0.0,2.0,1.0,1.0,B02
201500009647,0,7,0,0.0,2.0,8.0,19.0,A01
201500009648,0,7,0,0.0,1.0,7.0,1.0,A01
201500009649,0,7,0,6.0,0.0,1.0,1.0,A01
201500009650,0,7,0,13.0,0.0,1.0,15.0,A01
201500009651,0,7,0,0.0,2.0,5.0,1.0,A01
201500009651,0,7,0,0.0,2.0,1.0,16.0,A02
201500009652,0,2,0,0.0,2.0,1.0,1.0,A01
201500009652,0,7,0,0.0,2.0,5.0,15.0,B02
201500009653,0,7,0,2.0,0.0,9.0,1.0,A01
201500009654,0,7,0,2.0,0.0,8.0,1.0,A01
201500009655,0,7,0,0.0,2.0,1.0,17.0,A01
201500009655,2,7,0,0.0,2.0,1.0,16.0,B02
201500009656,0,7,0,0.0,2.0,1.0,13.0,A01
201500009656,0,7,0,0.0,2.0,3.0,1.0,B02
201500009657,0,7,0,0.0,2.0,5.0,19.0,A01
201500009657,0,33,0,0.0,2.0,1.0,1.0,B02
201500009658,0,7,0,0.0,1.0,2.0,1.0,A01
201500009659,0,7,0,0.0,2.0,8.0,1.0,C03
201500009659,0,10,0,0.0,2.0,3.0,1.0,B02
201500009659,0,7,0,0.0,2.0,1.0,13.0,A01
201500009660,0,7,0,13.0,0.0,1.0,1.0,A01
201500009661,0,33,0,0.0,0.0,6.0,1.0,A01
201500009662,0,17,0,13.0,0.0,1.0,19.0,A01
201500009663,0,7,0,0.0,2.0,2.0,13.0,A01
201500009663,0,2,0,0.0,2.0,1.0,1.0,B02
201500009664,0,15,0,0.0,2.0,1.0,21.0,B02
201500009664,0,7,0,0.0,2.0,1.0,21.0,A01
201500009665,0,33,0,0.0,2.0,1.0,1.0,B02
201500009665,0,7,0,0.0,2.0,5.0,15.0,A01
201500009666,0,7,0,0.0,2.0,8.0,1.0,B02
201500009666,0,7,0,0.0,2.0,1.0,13.0,A01
201500009667,0,7,0,0.0,2.0,3.0,1.0,A01
201500009667,0,7,0,0.0,2.0,3.0,1.0,B02
201500009668,0,7,0,0.0,0.0,4.0,23.0,B02
201500009668,0,2,0,0.0,2.0,1.0,2.0,A01
201500009669,0,7,0,0.0,2.0,3.0,13.0,A01
201500009669,0,14,0,0.0,2.0,3.0,1.0,B02
201500009670,0,7,0,0.0,0.0,3.0,1.0,A01
201500009670,0,7,0,0.0,2.0,2.0,19.0,B02
201500009671,0,7,0,4.0,2.0,7.0,17.0,A01
201500009671,0,7,0,0.0,2.0,8.0,1.0,B02
201500009672,0,7,0,0.0,2.0,1.0,19.0,B02
201500009672,0,33,0,0.0,2.0,8.0,1.0,A01
201500009673,0,7,0,0.0,2.0,2.0,1.0,A01
201500009673,0,33,0,0.0,2.0,9.0,1.0,B02
201500009674,0,33,0,3.0,0.0,9.0,1.0,A01
201500009675,0,7,0,0.0,0.0,6.0,24.0,B02
201500009675,0,7,0,1.0,1.0,2.0,1.0,A01
201500009676,0,7,0,2.0,0.0,2.0,1.0,A01
201500009677,0,7,0,8.0,0.0,1.0,1.0,A01
201500009678,0,7,0,13.0,0.0,1.0,1.0,A01
201500009679,0,31,0,13.0,0.0,1.0,1.0,A01
201500009680,0,7,0,0.0,2.0,1.0,19.0,A01
201500009680,0,7,0,0.0,2.0,8.0,1.0,B02
201500009681,0,31,0,0.0,2.0,1.0,1.0,B02
201500009681,0,7,0,0.0,2.0,3.0,19.0,A01
201500009682,0,7,0,0.0,2.0,1.0,13.0,A01
201500009682,0,7,0,0.0,2.0,1.0,1.0,B02
201500009683,0,7,0,0.0,2.0,3.0,13.0,A01
201500009683,0,7,0,0.0,2.0,3.0,1.0,B02
201500009684,0,33,0,16.0,0.0,1.0,2.0,A01
201500009685,0,30,0,0.0,2.0,0.0,2.0,A01
201500009686,0,7,0,0.0,2.0,3.0,0.0,A01
201500009686,0,7,0,0.0,2.0,3.0,0.0,B02
201500009687,0,7,0,0.0,2.0,1.0,15.0,A01
201500009687,0,7,0,0.0,2.0,1.0,1.0,B02
201500009688,0,7,0,0.0,2.0,7.0,21.0,A01
201500009688,0,7,0,0.0,2.0,1.0,1.0,B02
201500009689,0,7,0,0.0,2.0,8.0,16.0,A01
201500009689,0,7,0,0.0,2.0,1.0,1.0,B02
201500009690,0,33,0,0.0,0.0,1.0,1.0,A01
201500009691,0,7,0,0.0,0.0,4.0,1.0,A01
201500009691,0,1,0,0.0,2.0,1.0,2.0,B02
201500009692,0,7,0,13.0,0.0,9.0,1.0,A01
201500009693,0,7,0,0.0,2.0,2.0,1.0,B02
201500009693,0,7,0,0.0,2.0,3.0,9.0,A01
201500009694,0,7,0,0.0,2.0,3.0,1.0,B02
201500009694,0,7,0,0.0,2.0,1.0,1.0,A01
201500009695,0,33,0,13.0,0.0,1.0,1.0,A01
201500009696,0,33,0,15.0,0.0,1.0,1.0,A01
201500009697,0,7,0,0.0,2.0,3.0,1.0,B02
201500009697,0,7,0,0.0,2.0,3.0,13.0,A01
201500009698,0,7,0,0.0,2.0,3.0,1.0,A01
201500009698,0,7,0,0.0,2.0,1.0,1.0,B02
201500009699,0,7,0,16.0,0.0,1.0,14.0,A01
201500009700,0,7,0,0.0,2.0,3.0,1.0,A01
201500009700,0,33,0,0.0,2.0,2.0,17.0,B02
201500009701,0,7,0,0.0,2.0,1.0,1.0,B02
201500009701,0,7,0,0.0,2.0,7.0,15.0,A01
201500009702,0,34,0,0.0,0.0,0.0,1.0,A01
201500009703,0,7,0,0.0,2.0,5.0,1.0,B02
201500009703,0,31,0,0.0,2.0,1.0,1.0,A01
201500009704,0,7,0,0.0,2.0,5.0,15.0,A01
201500009704,0,34,0,0.0,2.0,1.0,1.0,B02
201500009705,0,31,0,0.0,0.0,1.0,1.0,A01
201500009706,0,7,0,0.0,2.0,2.0,15.0,A01
201500009706,0,1,0,0.0,0.0,7.0,1.0,B02
201500009707,0,7,0,0.0,2.0,7.0,1.0,B02
201500009707,0,30,0,0.0,2.0,7.0,1.0,A01
201500009708,0,7,0,6.0,0.0,1.0,1.0,A01
201500009709,0,10,0,0.0,0.0,0.0,0.0,A01
201500009709,0,10,0,0.0,2.0,3.0,1.0,C03
201500009709,0,7,0,0.0,2.0,3.0,13.0,B02
201500009710,0,30,0,0.0,2.0,1.0,1.0,B02
201500009710,0,7,0,0.0,2.0,1.0,23.0,C03
201500009710,0,7,0,0.0,2.0,3.0,19.0,A01
201500009711,0,7,0,0.0,2.0,2.0,1.0,A01
201500009711,0,30,0,0.0,0.0,3.0,1.0,B02
201500009712,0,33,0,0.0,0.0,1.0,1.0,A01
201500009713,0,33,0,0.0,2.0,1.0,1.0,A01
201500009713,0,10,0,0.0,0.0,4.0,23.0,B02
201500009714,0,1,0,0.0,2.0,6.0,2.0,B02
201500009714,0,15,0,0.0,9.0,6.0,2.0,A01
201500009715,0,10,0,2.0,0.0,1.0,1.0,A01
201500009716,0,7,0,0.0,2.0,1.0,1.0,A01
201500009716,0,7,0,0.0,2.0,3.0,1.0,B02
201500009717,0,33,0,0.0,2.0,1.0,1.0,A01
201500009717,0,7,0,0.0,2.0,2.0,19.0,B02
201500009718,0,32,0,12.0,0.0,7.0,1.0,A01
201500009719,0,7,0,0.0,2.0,3.0,13.0,A01
201500009719,0,30,0,0.0,2.0,1.0,1.0,B02
201500009720,0,2,0,0.0,0.0,5.0,1.0,B02
201500009720,0,7,0,0.0,2.0,3.0,20.0,A01
201500009721,0,7,0,0.0,2.0,3.0,1.0,B02
201500009721,0,1,0,0.0,2.0,1.0,13.0,A01
201500009722,0,7,0,0.0,6.0,9.0,21.0,A01
201500009723,0,7,0,0.0,2.0,3.0,0.0,A01
201500009723,0,10,0,0.0,2.0,2.0,0.0,B02
201500009724,0,7,0,13.0,0.0,3.0,1.0,A01