Num_Acc,senc,catv,occutc,obs,obsm,choc,manv,num_veh
201500009991,0,7,0,0.0,2.0,4.0,9.0,A01
201500009992,0,33,0,0.0,2.0,1.0,1.0,B01
201500009992,0,7,0,0.0,2.0,2.0,19.0,A01
201500009993,0,10,0,0.0,2.0,1.0,2.0,A01
201500009993,0,31,0,0.0,2.0,4.0,23.0,B01
201500009993,0,7,0,0.0,2.0,4.0,23.0,C01
201500009994,0,7,0,0.0,2.0,4.0,11.0,B01
201500009994,0,10,0,0.0,2.0,1.0,1.0,A01
201500009995,0,32,0,12.0,0.0,1.0,1.0,A01
201500009996,0,33,0,0.0,2.0,1.0,1.0,B01
201500009996,0,7,0,0.0,2.0,3.0,15.0,A01
201500009997,0,7,0,0.0,1.0,1.0,15.0,A01
201500009998,0,7,0,0.0,2.0,3.0,1.0,B01
201500009998,0,33,0,0.0,2.0,2.0,1.0,A01
201500009999,0,33,0,0.0,2.0,0.0,0.0,A01
201500009999,0,33,0,0.0,2.0,0.0,23.0,B01
201500010000,0,10,0,0.0,2.0,1.0,5.0,A01
201500010000,0,7,0,0.0,2.0,1.0,1.0,B01
201500010001,0,7,0,0.0,2.0,4.0,2.0,B01
201500010001,0,10,0,0.0,2.0,4.0,23.0,C01
201500010001,0,10,0,0.0,2.0,1.0,2.0,A01
201500010002,0,7,0,0.0,2.0,4.0,23.0,B01
201500010002,0,31,0,0.0,2.0,1.0,2.0,A01
201500010003,0,7,0,0.0,1.0,4.0,2.0,B01
201500010003,0,10,0,0.0,2.0,1.0,2.0,A01
201500010004,0,7,0,1.0,2.0,1.0,14.0,A01
201500010004,0,7,0,0.0,2.0,3.0,1.0,C01
201500010005,0,30,0,0.0,2.0,8.0,9.0,A01
201500010005,0,7,0,0.0,2.0,2.0,1.0,B01
201500010006,0,7,0,0.0,2.0,5.0,11.0,A01
201500010006,0,7,0,0.0,2.0,2.0,12.0,B01
201500010007,0,7,0,0.0,1.0,1.0,1.0,A01
201500010008,0,7,0,0.0,2.0,5.0,10.0,A01
201500010008,0,30,0,0.0,2.0,1.0,1.0,B01
201500010009,0,10,0,0.0,2.0,3.0,9.0,A01
201500010009,0,33,0,0.0,2.0,1.0,1.0,B01
201500010010,0,30,0,0.0,1.0,1.0,1.0,A01
201500010011,0,3,0,0.0,2.0,1.0,13.0,A01
201500010011,0,7,0,0.0,2.0,3.0,1.0,B01
201500010012,0,34,0,0.0,2.0,1.0,1.0,B01
201500010012,0,10,0,0.0,2.0,3.0,9.0,A01
201500010013,0,31,0,0.0,2.0,1.0,1.0,B01
201500010013,0,7,0,0.0,2.0,3.0,15.0,A01
201500010014,0,7,0,0.0,2.0,6.0,10.0,A01
201500010014,0,33,0,0.0,2.0,1.0,1.0,B01
201500010015,0,7,0,0.0,2.0,8.0,15.0,A01
201500010015,0,32,0,0.0,2.0,2.0,16.0,B01
201500010016,0,10,0,0.0,2.0,3.0,15.0,B01
201500010016,0,34,0,0.0,2.0,1.0,17.0,A01
201500010017,0,7,0,0.0,2.0,1.0,2.0,A01
201500010017,0,30,0,0.0,2.0,4.0,23.0,B01
201500010018,0,33,0,0.0,2.0,5.0,15.0,A01
201500010018,0,7,0,0.0,2.0,3.0,16.0,B01
201500010019,0,31,0,0.0,2.0,1.0,1.0,B01
201500010019,0,10,0,0.0,2.0,2.0,15.0,A01
201500010020,0,2,0,0.0,2.0,3.0,1.0,A01
201500010020,1,34,0,0.0,2.0,4.0,11.0,Z01
201500010021,0,32,0,0.0,2.0,7.0,1.0,B01
201500010021,0,7,0,0.0,2.0,1.0,9.0,A01
201500010022,0,7,0,7.0,2.0,3.0,15.0,A01
201500010022,0,33,0,0.0,2.0,7.0,15.0,B01
201500010023,0,7,0,0.0,2.0,1.0,15.0,A01
201500010023,0,30,0,0.0,2.0,1.0,1.0,B01
201500010024,0,2,0,0.0,2.0,1.0,1.0,B01
201500010024,0,7,0,0.0,2.0,1.0,5.0,A01
201500010025,0,1,0,0.0,2.0,1.0,2.0,A01
201500010025,0,7,0,0.0,2.0,4.0,23.0,B01
201500010026,0,33,0,0.0,2.0,0.0,1.0,B01
201500010026,0,37,1,0.0,2.0,0.0,9.0,A01
201500010027,0,30,0,0.0,2.0,7.0,1.0,B01
201500010027,0,7,0,0.0,2.0,2.0,9.0,A01
201500010028,0,14,0,0.0,2.0,3.0,15.0,A01
201500010028,0,30,0,0.0,2.0,1.0,17.0,B01
201500010029,0,7,0,0.0,2.0,1.0,9.0,A01
201500010029,0,31,0,0.0,2.0,1.0,1.0,B01
201500010030,0,32,0,0.0,2.0,7.0,13.0,A01
201500010030,0,7,0,0.0,2.0,5.0,1.0,B01
201500010031,0,7,0,0.0,1.0,5.0,1.0,A01
201500010032,0,7,0,0.0,2.0,6.0,15.0,B01
201500010032,0,30,0,0.0,2.0,1.0,1.0,A01
201500010033,0,30,0,0.0,2.0,8.0,9.0,A01
201500010033,0,10,0,0.0,2.0,2.0,1.0,B01
201500010034,0,10,0,0.0,2.0,2.0,15.0,A01
201500010034,0,30,0,0.0,2.0,1.0,1.0,B01
201500010035,0,33,0,0.0,2.0,6.0,2.0,B01
201500010035,0,10,0,0.0,2.0,2.0,2.0,A01
201500010036,0,7,0,0.0,2.0,4.0,2.0,A01
201500010036,0,7,0,0.0,1.0,4.0,2.0,B01
201500010037,0,1,0,0.0,2.0,1.0,9.0,A01
201500010037,0,7,0,0.0,2.0,3.0,1.0,B01
201500010038,0,7,0,0.0,2.0,2.0,15.0,A01
201500010038,0,30,0,0.0,2.0,1.0,1.0,B01
201500010039,0,10,0,8.0,2.0,1.0,12.0,A01
201500010039,0,7,0,0.0,2.0,4.0,23.0,B01
201500010040,0,32,0,0.0,2.0,1.0,17.0,A01
201500010040,0,7,0,0.0,2.0,3.0,15.0,B01
201500010041,0,1,0,0.0,1.0,1.0,1.0,A01
201500010042,0,7,0,0.0,1.0,3.0,1.0,A01
201500010043,1,7,0,0.0,2.0,4.0,4.0,Z01
201500010043,0,32,0,0.0,2.0,1.0,1.0,A01
201500010044,0,7,0,0.0,2.0,4.0,23.0,C01
201500010044,0,7,0,0.0,2.0,1.0,2.0,A01
201500010044,0,7,0,0.0,2.0,4.0,23.0,B01
201500010045,0,7,0,0.0,2.0,4.0,2.0,B01
201500010045,0,7,0,0.0,2.0,1.0,2.0,A01
201500010046,0,10,0,0.0,1.0,5.0,1.0,A01
201500010047,0,7,0,0.0,2.0,4.0,23.0,B01
201500010047,0,14,0,0.0,2.0,1.0,2.0,A01
201500010048,0,7,0,0.0,2.0,1.0,2.0,A01
201500010048,0,7,0,0.0,2.0,4.0,23.0,B01
201500010049,0,7,0,0.0,1.0,2.0,1.0,A01
201500010050,0,7,0,0.0,2.0,4.0,23.0,C01
201500010050,0,7,0,0.0,2.0,4.0,2.0,A01
201500010050,0,32,0,0.0,2.0,4.0,23.0,B01
201500010051,0,7,0,0.0,2.0,6.0,24.0,B01
201500010051,0,30,0,1.0,0.0,1.0,2.0,A01
201500010052,0,7,0,0.0,2.0,2.0,15.0,A01
201500010052,0,32,0,0.0,2.0,1.0,1.0,B01
201500010053,0,30,0,0.0,2.0,2.0,1.0,A01
201500010053,0,7,0,0.0,2.0,3.0,1.0,B01
201500010053,1,99,0,0.0,0.0,0.0,0.0,Z01
201500010054,0,7,0,0.0,2.0,1.0,2.0,A01
201500010054,0,7,0,0.0,2.0,4.0,23.0,B01
201500010055,0,10,0,0.0,2.0,3.0,13.0,A01
201500010055,0,37,1,0.0,2.0,3.0,1.0,B01
201500010056,0,32,0,0.0,0.0,0.0,1.0,A01
201500010057,0,7,0,0.0,2.0,3.0,2.0,C01
201500010057,0,7,0,0.0,2.0,3.0,1.0,B01
201500010057,0,30,0,0.0,2.0,1.0,17.0,A01
201500010058,0,32,0,0.0,2.0,7.0,13.0,B01
201500010058,0,7,0,0.0,2.0,1.0,10.0,A01
201500010059,0,7,0,0.0,2.0,3.0,15.0,A01
201500010059,0,32,0,0.0,2.0,1.0,1.0,B01
201500010060,0,7,0,0.0,2.0,8.0,15.0,A01
201500010060,0,32,0,0.0,2.0,1.0,13.0,B01
201500010061,0,10,0,0.0,2.0,1.0,9.0,A01
201500010061,0,7,0,0.0,2.0,5.0,1.0,B01
201500010062,0,30,0,0.0,2.0,1.0,1.0,A01
201500010062,0,10,0,0.0,2.0,2.0,15.0,B01
201500010063,0,7,0,0.0,2.0,8.0,15.0,A01
201500010063,0,33,0,0.0,2.0,7.0,17.0,B01
201500010064,0,7,0,0.0,2.0,1.0,15.0,A01
201500010064,0,30,0,0.0,2.0,1.0,1.0,B01
201500010065,0,7,0,0.0,2.0,2.0,15.0,B01
201500010065,0,30,0,0.0,2.0,1.0,1.0,A01
201500010066,0,7,0,0.0,2.0,1.0,2.0,A01
201500010066,0,7,0,0.0,2.0,4.0,2.0,B01
201500010066,0,7,0,0.0,2.0,4.0,2.0,C01
201500010067,0,1,0,0.0,2.0,1.0,2.0,Z01
201500010067,0,7,0,0.0,2.0,4.0,23.0,A01
201500010067,0,7,0,0.0,2.0,4.0,23.0,B01
201500010068,0,7,0,0.0,2.0,6.0,13.0,A01
201500010068,0,32,0,0.0,2.0,2.0,17.0,B01
201500010069,0,33,0,0.0,2.0,1.0,2.0,A01
201500010069,0,7,0,0.0,2.0,2.0,0.0,B01
201500010070,0,7,0,0.0,2.0,6.0,15.0,A01
201500010070,0,33,0,0.0,2.0,1.0,1.0,B01
201500010071,0,30,0,0.0,1.0,1.0,1.0,A01
201500010072,0,31,0,0.0,2.0,1.0,17.0,B01
201500010072,0,7,0,0.0,2.0,3.0,15.0,A01
201500010073,0,7,0,0.0,2.0,1.0,2.0,C01
201500010073,0,7,0,0.0,2.0,1.0,2.0,A01
201500010073,0,7,0,0.0,2.0,4.0,2.0,B01
201500010074,0,7,0,0.0,2.0,7.0,1.0,B01
201500010074,0,7,0,0.0,2.0,1.0,9.0,A01
201500010075,0,3,0,6.0,0.0,7.0,1.0,A01
201500010076,0,7,0,0.0,2.0,3.0,1.0,B01
201500010076,0,7,0,0.0,2.0,2.0,1.0,A01
201500010077,0,7,0,0.0,2.0,1.0,1.0,A01
201500010077,0,7,0,0.0,2.0,7.0,1.0,B01
201500010078,0,7,0,0.0,2.0,1.0,0.0,A01
201500010078,0,31,0,0.0,2.0,1.0,1.0,B01
201500010079,0,7,0,0.0,2.0,8.0,1.0,A01
201500010079,0,30,0,0.0,2.0,1.0,1.0,B01
201500010080,0,7,0,0.0,2.0,1.0,1.0,B01
201500010080,0,7,0,0.0,2.0,1.0,1.0,A01
201500010081,0,7,0,0.0,2.0,8.0,10.0,A01
201500010081,0,33,0,0.0,2.0,1.0,1.0,B01
201500010082,0,7,0,0.0,1.0,1.0,1.0,A01
201500010083,0,7,0,0.0,2.0,1.0,1.0,B01
201500010083,0,7,0,0.0,2.0,1.0,13.0,A01
201500010084,0,7,0,0.0,2.0,1.0,0.0,A01
201500010084,0,32,0,0.0,2.0,0.0,0.0,B01
201500010085,0,2,0,0.0,2.0,1.0,17.0,B01
201500010085,0,7,0,0.0,2.0,2.0,1.0,A01
201500010086,0,7,0,0.0,0.0,0.0,1.0,B01
201500010086,0,30,0,0.0,2.0,1.0,1.0,A01
201500010087,0,33,0,0.0,2.0,1.0,1.0,B01
201500010087,0,7,0,0.0,2.0,8.0,10.0,A01
201500010088,0,7,0,0.0,1.0,1.0,15.0,A01
201500010089,0,7,0,0.0,2.0,1.0,1.0,B01
201500010089,0,30,0,0.0,2.0,1.0,1.0,A01
201500010090,0,7,0,0.0,2.0,1.0,15.0,A01
201500010090,0,2,0,0.0,2.0,1.0,1.0,B01
201500010091,0,7,0,0.0,2.0,1.0,1.0,B01
201500010091,0,7,0,0.0,2.0,1.0,1.0,A01
201500010092,0,7,0,0.0,1.0,1.0,1.0,A01
201500010093,0,7,0,0.0,2.0,1.0,0.0,A01
201500010093,0,31,0,0.0,2.0,1.0,1.0,B01
201500010094,0,7,0,0.0,2.0,7.0,9.0,A01
201500010094,0,33,0,0.0,2.0,1.0,1.0,B01
201500010095,0,7,0,0.0,2.0,0.0,1.0,A01
201500010095,0,34,0,0.0,2.0,1.0,1.0,B01
201500010096,0,7,0,0.0,2.0,1.0,1.0,A01
201500010096,0,7,0,0.0,2.0,4.0,1.0,B01
201500010097,0,30,0,0.0,2.0,0.0,0.0,B01
201500010097,0,7,0,0.0,2.0,0.0,0.0,A01
201500010098,0,7,0,0.0,1.0,1.0,1.0,A01
201500010099,0,7,0,0.0,1.0,3.0,1.0,A01
201500010100,0,32,0,0.0,1.0,1.0,1.0,A01
201500010101,0,7,0,0.0,1.0,1.0,0.0,A01
201500010102,0,7,0,0.0,2.0,3.0,10.0,A01
201500010102,0,32,0,0.0,2.0,1.0,1.0,B01
201500010103,0,7,0,0.0,2.0,1.0,0.0,B01
201500010103,0,30,0,0.0,0.0,1.0,1.0,A01
201500010103,0,37,1,0.0,2.0,1.0,1.0,C01
201500010104,0,33,0,0.0,2.0,1.0,17.0,A01
201500010104,0,7,0,0.0,2.0,2.0,15.0,B01
201500010105,0,7,0,0.0,0.0,1.0,0.0,B01
201500010105,0,7,0,0.0,2.0,0.0,1.0,A01
201500010106,0,37,8,0.0,2.0,3.0,1.0,B01
201500010106,0,7,0,0.0,2.0,1.0,9.0,A01
201500010107,0,7,0,0.0,1.0,1.0,0.0,A01
201500010108,0,7,0,0.0,2.0,1.0,9.0,A01
201500010108,0,1,0,0.0,2.0,5.0,1.0,B01
201500010109,0,7,0,0.0,2.0,0.0,0.0,B01
201500010109,0,30,0,0.0,2.0,0.0,0.0,A01
201500010110,0,2,0,0.0,2.0,1.0,1.0,B01
201500010110,0,7,0,0.0,2.0,8.0,9.0,A01
201500010111,0,16,0,0.0,1.0,4.0,4.0,A01
201500010112,0,2,0,0.0,2.0,1.0,17.0,B01
201500010112,0,7,0,0.0,2.0,4.0,1.0,A01
201500010113,0,7,0,0.0,0.0,4.0,1.0,B01
201500010113,0,7,0,0.0,2.0,1.0,1.0,A01
201500010114,0,7,0,0.0,2.0,1.0,1.0,A01
201500010114,0,7,0,0.0,2.0,4.0,1.0,B01
201500010115,0,7,0,0.0,1.0,1.0,1.0,A01
201500010116,0,7,0,0.0,1.0,2.0,1.0,A01
201500010117,0,7,0,0.0,0.0,1.0,1.0,A01
201500010118,0,7,0,0.0,1.0,1.0,0.0,A01
201500010119,0,7,0,0.0,2.0,1.0,0.0,A01
201500010119,0,34,0,0.0,2.0,1.0,1.0,B01
201500010120,0,37,1,0.0,2.0,1.0,1.0,A01
201500010120,0,2,0,0.0,2.0,4.0,1.0,B01
201500010121,0,7,0,0.0,2.0,0.0,9.0,B01
201500010121,0,33,0,0.0,2.0,1.0,1.0,A01
201500010122,0,7,0,0.0,2.0,1.0,1.0,A01
201500010122,0,7,0,0.0,2.0,8.0,9.0,B01
201500010123,0,7,0,0.0,1.0,1.0,1.0,A01
201500010124,0,7,0,0.0,2.0,6.0,0.0,A01
201500010124,0,2,0,0.0,2.0,1.0,17.0,B01
201500010125,0,7,0,0.0,1.0,1.0,1.0,A01
201500010126,0,34,0,0.0,1.0,1.0,17.0,A01
201500010127,0,33,0,0.0,2.0,1.0,2.0,B01
201500010127,0,7,0,0.0,2.0,2.0,15.0,A01
201500010128,0,31,0,0.0,2.0,1.0,17.0,B01
201500010128,0,7,0,0.0,2.0,1.0,9.0,A01
201500010129,0,7,0,0.0,2.0,1.0,1.0,B01
201500010129,0,7,0,0.0,2.0,5.0,1.0,A01
201500010130,0,32,0,0.0,2.0,1.0,1.0,A01
201500010130,0,33,0,0.0,2.0,1.0,1.0,B01
201500010131,0,7,0,0.0,1.0,1.0,1.0,A01
201500010132,0,30,0,0.0,2.0,1.0,1.0,B01
201500010132,0,7,0,0.0,2.0,0.0,10.0,A01
201500010133,0,7,0,0.0,0.0,8.0,15.0,A01
201500010133,0,34,0,0.0,2.0,1.0,1.0,B01
201500010134,0,7,0,0.0,1.0,1.0,1.0,A01
201500010135,0,10,0,0.0,1.0,3.0,1.0,A01
201500010136,0,7,0,0.0,2.0,1.0,0.0,A01
201500010136,0,33,0,0.0,2.0,1.0,0.0,B01
201500010137,0,10,0,0.0,2.0,8.0,9.0,A01
201500010137,0,33,0,0.0,2.0,1.0,1.0,B01
201500010138,0,7,0,0.0,2.0,1.0,11.0,A01
201500010138,0,1,0,0.0,2.0,1.0,1.0,B01
201500010139,0,33,0,0.0,2.0,1.0,0.0,A01
201500010139,0,3,0,0.0,2.0,8.0,10.0,B01
201500010140,0,34,0,0.0,2.0,1.0,1.0,A01
201500010140,0,7,0,0.0,2.0,3.0,15.0,B01
201500010141,0,37,1,0.0,0.0,8.0,1.0,A01
201500010141,0,2,0,0.0,2.0,1.0,1.0,B01
201500010142,0,32,0,0.0,2.0,7.0,10.0,A01
201500010142,0,7,0,0.0,2.0,1.0,1.0,B01
201500010143,0,30,0,0.0,2.0,1.0,1.0,A01
201500010143,0,7,0,0.0,2.0,4.0,1.0,B01
201500010144,0,1,0,0.0,0.0,1.0,0.0,A01
201500010145,0,1,0,0.0,2.0,1.0,17.0,B01
201500010145,0,7,0,0.0,2.0,8.0,20.0,A01
201500010146,0,33,0,0.0,2.0,1.0,18.0,B01
201500010146,0,7,0,0.0,0.0,7.0,1.0,A01
201500010147,0,2,0,0.0,2.0,3.0,16.0,B01
201500010147,0,7,0,0.0,2.0,1.0,15.0,A01
201500010148,0,7,0,0.0,1.0,1.0,1.0,A01
201500010149,0,2,0,0.0,1.0,1.0,1.0,A01
201500010150,0,7,0,0.0,2.0,1.0,1.0,A01
201500010150,0,7,0,0.0,2.0,3.0,1.0,B01
201500010151,0,7,0,0.0,2.0,6.0,23.0,B01
201500010151,0,33,0,0.0,2.0,1.0,1.0,A01
201500010152,0,7,0,0.0,2.0,4.0,2.0,B01
201500010152,0,7,0,0.0,2.0,4.0,2.0,C01
201500010152,0,10,0,0.0,2.0,1.0,2.0,A01
201500010153,0,32,0,0.0,1.0,1.0,1.0,A01
201500010154,0,7,0,0.0,2.0,7.0,1.0,A01
201500010154,0,32,0,0.0,2.0,1.0,1.0,B01
201500010155,0,7,0,0.0,2.0,8.0,1.0,A01
201500010155,0,2,0,0.0,2.0,1.0,1.0,B01
201500010156,0,7,0,0.0,2.0,2.0,1.0,B01
201500010156,0,7,0,0.0,2.0,3.0,0.0,A01
201500010157,0,7,0,0.0,0.0,4.0,1.0,B01
201500010157,0,30,0,0.0,1.0,1.0,1.0,A01
201500010158,0,33,0,0.0,1.0,1.0,1.0,A01
201500010159,0,7,0,0.0,2.0,3.0,1.0,A01
201500010159,0,32,0,0.0,2.0,1.0,17.0,B01
201500010160,0,7,0,0.0,1.0,2.0,1.0,A01
201500010161,0,31,0,0.0,1.0,1.0,1.0,A01
201500010162,0,7,0,0.0,2.0,8.0,9.0,A01
201500010162,0,32,0,0.0,2.0,1.0,1.0,B01
201500010163,0,7,0,0.0,1.0,1.0,0.0,A01
201500010164,0,2,0,0.0,1.0,1.0,1.0,A01
201500010165,0,7,0,0.0,2.0,0.0,0.0,A01
201500010165,0,30,0,0.0,2.0,0.0,1.0,B01
201500010166,0,7,0,0.0,2.0,8.0,15.0,A01
201500010166,0,33,0,0.0,2.0,7.0,1.0,B01
201500010167,0,7,0,0.0,2.0,2.0,0.0,A01
201500010167,0,34,0,0.0,2.0,1.0,1.0,B01
201500010168,0,32,0,0.0,1.0,1.0,1.0,A01
201500010169,0,33,0,0.0,2.0,1.0,1.0,B01
201500010169,0,33,0,0.0,2.0,0.0,0.0,A01
201500010170,0,7,0,0.0,2.0,0.0,0.0,A01
201500010170,0,7,0,0.0,0.0,4.0,0.0,B01
201500010171,0,7,0,0.0,2.0,2.0,15.0,A01
201500010171,0,33,0,0.0,2.0,1.0,1.0,B01
201500010172,0,32,0,0.0,2.0,4.0,1.0,B01
201500010172,0,32,0,0.0,2.0,1.0,17.0,A01
201500010173,0,1,0,0.0,2.0,1.0,1.0,B01
201500010173,0,7,0,0.0,2.0,2.0,16.0,A01
201500010174,0,7,0,0.0,1.0,1.0,1.0,A01
201500010175,0,2,0,0.0,2.0,8.0,9.0,A01
201500010175,0,7,0,0.0,2.0,2.0,1.0,B01
201500010176,0,7,0,0.0,1.0,2.0,1.0,A01
201500010177,0,7,0,0.0,2.0,3.0,1.0,B01
201500010177,0,33,0,0.0,2.0,1.0,1.0,A01
201500010178,0,32,0,0.0,2.0,1.0,1.0,B01
201500010178,0,1,0,0.0,2.0,1.0,9.0,A01
201500010179,0,7,0,0.0,2.0,3.0,10.0,A01
201500010179,0,33,0,0.0,2.0,1.0,1.0,B01
201500010180,0,7,0,0.0,2.0,1.0,13.0,A01
201500010180,0,7,0,0.0,2.0,1.0,1.0,B01
201500010181,0,32,0,0.0,2.0,7.0,1.0,A01
201500010181,0,2,0,0.0,2.0,1.0,1.0,B01
201500010182,0,7,0,0.0,2.0,2.0,15.0,A01
201500010182,0,32,0,0.0,2.0,1.0,1.0,B01
201500010183,0,7,0,0.0,1.0,2.0,1.0,A01
201500010184,0,2,0,0.0,2.0,1.0,1.0,B01
201500010184,0,7,0,0.0,2.0,2.0,15.0,A01
201500010185,0,7,0,0.0,2.0,3.0,1.0,B01
201500010185,0,7,0,0.0,2.0,2.0,1.0,A01
201500010186,0,7,0,0.0,2.0,3.0,9.0,A01
201500010186,0,32,0,0.0,2.0,1.0,17.0,B01
201500010187,0,37,1,0.0,2.0,1.0,1.0,A01
201500010187,0,7,0,0.0,0.0,4.0,1.0,B01
201500010188,0,7,0,0.0,1.0,1.0,1.0,A01
201500010189,0,7,0,0.0,0.0,8.0,0.0,A01
201500010189,0,1,0,0.0,2.0,1.0,0.0,B01
201500010190,0,2,0,0.0,0.0,4.0,1.0,B01
201500010190,0,7,0,0.0,2.0,1.0,2.0,A01
201500010191,0,7,0,0.0,1.0,0.0,0.0,A01
201500010192,0,33,0,0.0,0.0,7.0,1.0,B01
201500010192,0,7,0,0.0,2.0,0.0,0.0,A01
201500010193,0,7,0,0.0,2.0,8.0,15.0,A01
201500010193,0,32,0,0.0,2.0,1.0,17.0,B01
201500010194,0,7,0,0.0,0.0,7.0,16.0,A01
201500010194,0,33,0,0.0,2.0,1.0,1.0,B01
201500010195,0,33,0,0.0,2.0,1.0,0.0,B01
201500010195,0,7,0,0.0,0.0,8.0,0.0,A01
201500010196,0,2,0,0.0,2.0,1.0,0.0,A01
201500010196,0,7,0,0.0,2.0,2.0,1.0,B01
201500010197,0,2,0,0.0,2.0,4.0,1.0,B01
201500010197,0,7,0,0.0,2.0,1.0,1.0,A01
201500010198,0,7,0,0.0,2.0,1.0,0.0,A01
201500010198,0,31,0,0.0,2.0,1.0,1.0,B01
201500010199,0,7,0,0.0,0.0,8.0,0.0,A01
201500010199,0,34,0,0.0,2.0,0.0,0.0,B01
201500010200,0,7,0,0.0,2.0,1.0,1.0,A01
201500010200,0,7,0,0.0,2.0,3.0,1.0,B01
201500010200,0,7,0,0.0,2.0,1.0,0.0,C01
201500010200,0,7,0,0.0,0.0,1.0,1.0,D01
201500010201,0,7,0,1.0,1.0,1.0,1.0,A01
201500010202,0,2,0,0.0,0.0,1.0,1.0,B01
201500010202,0,17,0,0.0,2.0,8.0,0.0,A01
201500010203,0,7,0,0.0,2.0,4.0,1.0,B01
201500010203,0,7,0,0.0,2.0,1.0,1.0,A01
201500010204,0,30,0,0.0,2.0,1.0,1.0,B01
201500010204,0,7,0,0.0,2.0,4.0,1.0,A01
201500010205,0,7,0,0.0,0.0,4.0,1.0,A01
201500010205,0,30,0,0.0,2.0,1.0,1.0,B01
201500010206,0,37,1,0.0,1.0,2.0,1.0,A01
201500010207,0,32,0,0.0,2.0,1.0,1.0,A01
201500010207,1,7,0,0.0,2.0,1.0,13.0,Z01
201500010208,0,7,0,0.0,2.0,4.0,1.0,B01
201500010208,0,7,0,0.0,2.0,1.0,1.0,A01
201500010209,0,7,0,1.0,1.0,1.0,1.0,A01
201500010209,0,7,0,0.0,1.0,4.0,1.0,B01
201500010209,0,7,0,1.0,0.0,8.0,1.0,D01
201500010210,0,2,0,0.0,2.0,7.0,9.0,A01
201500010210,0,7,0,0.0,2.0,3.0,9.0,B01
201500010211,0,7,0,0.0,2.0,1.0,1.0,A01
201500010211,0,34,0,0.0,2.0,4.0,1.0,B01
201500010212,0,7,0,0.0,2.0,1.0,1.0,A01
201500010212,0,7,0,0.0,2.0,4.0,23.0,B01
201500010213,0,7,0,0.0,2.0,3.0,1.0,A01
201500010213,0,33,0,0.0,2.0,1.0,1.0,B01
201500010214,0,37,1,0.0,2.0,1.0,1.0,A01
201500010214,0,7,0,0.0,0.0,4.0,1.0,B01
201500010215,0,7,0,0.0,1.0,3.0,1.0,A01
201500010216,0,37,1,0.0,1.0,5.0,23.0,A01
201500010217,0,1,0,0.0,2.0,0.0,0.0,B01
201500010217,0,7,0,0.0,2.0,0.0,9.0,A01
201500010218,0,1,0,0.0,0.0,0.0,1.0,B01
201500010218,0,7,0,0.0,2.0,3.0,0.0,A01
201500010219,0,7,0,0.0,2.0,7.0,9.0,A01
201500010219,0,2,0,0.0,2.0,1.0,1.0,B01
201500010220,0,7,0,0.0,2.0,4.0,1.0,B01
201500010220,0,34,0,0.0,2.0,1.0,1.0,A01
201500010221,0,7,0,0.0,2.0,7.0,1.0,B01
201500010221,0,7,0,0.0,2.0,1.0,0.0,A01
201500010222,0,7,0,0.0,1.0,1.0,1.0,A01
201500010222,0,7,0,0.0,0.0,4.0,1.0,B01
201500010223,0,33,0,0.0,2.0,2.0,1.0,B01
201500010223,0,7,0,0.0,2.0,2.0,2.0,A01
201500010224,0,7,0,0.0,2.0,3.0,9.0,A01
201500010224,0,34,0,0.0,2.0,1.0,17.0,B01
201500010225,0,37,1,0.0,0.0,4.0,1.0,A01
201500010225,0,30,0,0.0,0.0,1.0,2.0,B01
201500010226,0,7,0,0.0,1.0,0.0,0.0,A01
201500010227,0,32,0,0.0,2.0,1.0,1.0,A01
201500010227,0,7,0,0.0,2.0,1.0,1.0,B01
201500010228,0,2,0,0.0,1.0,0.0,1.0,A01
201500010229,0,2,0,0.0,2.0,1.0,17.0,B01
201500010229,0,10,0,0.0,2.0,3.0,9.0,A01
201500010230,0,7,0,0.0,2.0,2.0,15.0,A01
201500010230,0,32,0,0.0,2.0,1.0,1.0,B01
201500010231,0,2,0,0.0,2.0,4.0,1.0,B01
201500010231,0,7,0,0.0,2.0,1.0,1.0,A01
201500010232,0,7,0,0.0,2.0,2.0,15.0,A01
201500010232,0,30,0,0.0,2.0,1.0,1.0,B01
201500010233,0,32,0,0.0,2.0,1.0,1.0,B01
201500010233,0,7,0,0.0,2.0,7.0,15.0,A01
201500010234,0,34,0,0.0,1.0,1.0,1.0,A01
201500010235,0,7,0,0.0,1.0,0.0,0.0,A01
201500010236,0,2,0,0.0,2.0,1.0,1.0,B01
201500010236,0,7,0,0.0,2.0,2.0,15.0,A01
201500010237,0,7,0,0.0,1.0,1.0,1.0,A01
201500010238,0,32,0,0.0,1.0,1.0,1.0,A01
201500010239,0,7,0,0.0,2.0,1.0,1.0,A01
201500010239,0,7,0,0.0,2.0,4.0,0.0,B01
201500010240,0,7,0,0.0,2.0,6.0,1.0,A01
201500010240,0,30,0,0.0,2.0,2.0,1.0,B01
201500010241,0,30,0,0.0,2.0,2.0,1.0,B01
201500010241,0,7,0,0.0,2.0,3.0,1.0,A01
201500010242,0,7,0,0.0,2.0,8.0,9.0,A01
201500010242,0,33,0,0.0,2.0,1.0,1.0,B01
201500010243,0,7,0,0.0,2.0,6.0,0.0,A01
201500010243,0,30,0,0.0,2.0,3.0,1.0,B01
201500010244,0,7,0,0.0,2.0,5.0,0.0,A01