Num_Acc,senc,catv,occutc,obs,obsm,choc,manv,num_veh
201500010244,0,7,0,0.0,2.0,1.0,1.0,B01
201500010245,0,7,0,0.0,1.0,2.0,1.0,A01
201500010246,0,30,0,0.0,2.0,1.0,1.0,B01
201500010246,0,7,0,0.0,2.0,1.0,1.0,A01
201500010247,0,10,0,0.0,1.0,4.0,4.0,A01
201500010248,0,7,0,2.0,0.0,1.0,1.0,A01
201500010249,0,32,0,0.0,2.0,1.0,1.0,B01
201500010249,0,30,0,0.0,2.0,8.0,15.0,A01
201500010250,0,33,0,0.0,0.0,7.0,1.0,B01
201500010250,0,7,0,0.0,2.0,3.0,15.0,A01
201500010251,0,7,0,0.0,1.0,2.0,1.0,A01
201500010252,0,30,0,0.0,0.0,0.0,0.0,A01
201500010253,0,33,0,0.0,0.0,8.0,1.0,A01
201500010254,0,7,0,0.0,1.0,7.0,0.0,B01
201500010255,0,7,0,8.0,0.0,1.0,0.0,A01
201500010256,0,10,0,0.0,0.0,0.0,0.0,A01
201500010256,0,7,0,0.0,0.0,0.0,0.0,B01
201500010256,0,7,0,0.0,0.0,0.0,0.0,C01
201500010257,0,7,0,0.0,2.0,3.0,13.0,A01
201500010257,0,37,1,0.0,2.0,3.0,1.0,B01
201500010258,0,7,0,6.0,0.0,3.0,6.0,A01
201500010259,0,2,0,0.0,1.0,1.0,0.0,A01
201500010260,1,37,1,0.0,1.0,2.0,0.0,A01
201500010261,0,2,0,6.0,0.0,1.0,0.0,A01
201500010262,0,7,0,0.0,2.0,1.0,1.0,B01
201500010262,0,7,0,0.0,2.0,1.0,13.0,A01
201500010263,0,7,0,8.0,0.0,1.0,0.0,A01
201500010264,0,7,0,8.0,0.0,3.0,0.0,A01
201500010265,0,3,0,14.0,2.0,1.0,6.0,A01
201500010265,0,7,0,0.0,2.0,3.0,1.0,B01
201500010266,0,7,0,0.0,1.0,1.0,0.0,A01
201500010267,0,2,0,0.0,0.0,0.0,0.0,A01
201500010267,0,7,0,0.0,0.0,0.0,0.0,B01
201500010268,0,7,0,0.0,0.0,4.0,0.0,B01
201500010268,0,7,0,0.0,2.0,1.0,2.0,A01
201500010269,0,7,0,0.0,2.0,3.0,13.0,A01
201500010269,0,7,0,0.0,2.0,3.0,1.0,B01
201500010270,0,7,0,6.0,0.0,7.0,0.0,A01
201500010270,0,7,0,0.0,2.0,3.0,0.0,B01
201500010271,0,7,0,0.0,0.0,3.0,0.0,B01
201500010271,0,10,0,0.0,2.0,1.0,15.0,A01
201500010272,0,31,0,0.0,2.0,1.0,0.0,A01
201500010272,0,7,0,0.0,0.0,2.0,15.0,B01
201500010273,0,2,0,0.0,2.0,1.0,1.0,B01
201500010273,0,7,0,0.0,2.0,2.0,15.0,A01
201500010274,0,30,0,0.0,2.0,8.0,15.0,B01
201500010274,0,7,0,0.0,2.0,2.0,15.0,A01
201500010275,0,1,0,0.0,0.0,0.0,0.0,A01
201500010276,0,7,0,0.0,1.0,3.0,15.0,A01
201500010277,0,7,0,0.0,0.0,4.0,2.0,B01
201500010277,0,7,0,0.0,2.0,1.0,2.0,A01
201500010278,0,7,0,0.0,0.0,1.0,2.0,A01
201500010278,0,7,0,0.0,0.0,4.0,2.0,D01
201500010278,0,7,0,0.0,0.0,4.0,2.0,C01
201500010278,0,7,0,0.0,0.0,4.0,2.0,B01
201500010278,0,7,0,0.0,0.0,1.0,1.0,E01
201500010279,0,7,0,13.0,0.0,2.0,0.0,A01
201500010280,0,7,0,0.0,2.0,1.0,2.0,A01
201500010280,0,7,0,0.0,2.0,4.0,2.0,B01
201500010281,0,2,0,0.0,0.0,0.0,1.0,A01
201500010282,0,7,0,0.0,2.0,3.0,0.0,A01
201500010282,0,30,0,0.0,2.0,1.0,1.0,B01
201500010283,0,2,0,0.0,0.0,8.0,1.0,A01
201500010284,0,7,0,13.0,0.0,2.0,1.0,A01
201500010285,1,13,0,0.0,2.0,8.0,1.0,Z01
201500010285,0,33,0,0.0,2.0,7.0,17.0,B01
201500010286,0,33,0,0.0,0.0,4.0,2.0,B01
201500010286,0,7,0,0.0,2.0,1.0,2.0,A01
201500010287,0,33,0,1.0,0.0,1.0,1.0,A01
201500010288,0,7,0,0.0,2.0,4.0,2.0,B01
201500010288,0,37,1,0.0,2.0,2.0,2.0,A01
201500010289,0,7,0,0.0,2.0,1.0,1.0,A01
201500010289,0,2,0,0.0,0.0,4.0,0.0,B01
201500010290,0,10,0,0.0,0.0,3.0,2.0,A01
201500010290,0,7,0,0.0,0.0,4.0,23.0,C01
201500010290,0,2,0,0.0,0.0,1.0,2.0,B01
201500010291,0,2,0,0.0,0.0,0.0,0.0,A01
201500010292,0,2,0,0.0,2.0,1.0,1.0,A01
201500010292,0,99,0,0.0,2.0,3.0,15.0,B01
201500010293,0,7,0,0.0,2.0,7.0,17.0,A01
201500010293,0,32,0,0.0,2.0,8.0,1.0,B01
201500010294,0,2,0,0.0,2.0,1.0,2.0,A01
201500010294,1,7,0,0.0,0.0,4.0,23.0,B01
201500010295,1,17,0,0.0,1.0,0.0,1.0,A01
201500010296,0,30,0,0.0,2.0,1.0,17.0,A01
201500010296,0,7,0,0.0,2.0,1.0,1.0,B01
201500010297,0,2,0,0.0,0.0,1.0,0.0,A01
201500010297,0,7,0,0.0,2.0,4.0,1.0,B01
201500010298,1,7,0,0.0,0.0,1.0,2.0,A01
201500010298,0,7,0,0.0,0.0,4.0,1.0,B01
201500010299,0,7,0,0.0,2.0,1.0,5.0,A01
201500010299,0,7,0,0.0,2.0,1.0,1.0,B01
201500010300,0,7,0,0.0,2.0,2.0,2.0,A01
201500010300,0,7,0,0.0,2.0,6.0,2.0,B01
201500010301,0,7,0,0.0,2.0,3.0,11.0,A01
201500010301,0,31,0,0.0,2.0,0.0,0.0,B01
201500010302,0,7,0,6.0,0.0,3.0,2.0,A01
201500010303,0,30,0,0.0,2.0,1.0,1.0,A01
201500010303,0,7,0,0.0,0.0,0.0,0.0,B01
201500010304,0,7,0,0.0,2.0,3.0,2.0,B01
201500010304,0,7,0,0.0,2.0,3.0,2.0,A01
201500010305,0,7,0,0.0,2.0,3.0,1.0,A01
201500010305,0,7,0,0.0,2.0,3.0,1.0,C01
201500010305,0,7,0,0.0,2.0,8.0,1.0,B01
201500010306,0,7,0,0.0,2.0,2.0,15.0,B01
201500010306,0,31,0,0.0,2.0,2.0,0.0,A01
201500010307,0,7,0,4.0,0.0,2.0,1.0,A01
201500010308,0,2,0,6.0,0.0,7.0,2.0,A01
201500010309,0,7,0,0.0,1.0,2.0,1.0,A01
201500010310,0,7,0,0.0,1.0,1.0,0.0,A01
201500010311,0,7,0,0.0,2.0,1.0,9.0,B01
201500010311,0,32,0,0.0,2.0,7.0,17.0,A01
201500010312,0,33,0,10.0,0.0,1.0,0.0,A01
201500010313,0,7,0,0.0,2.0,1.0,2.0,A01
201500010313,0,7,0,0.0,2.0,4.0,2.0,B01
201500010314,0,7,0,0.0,2.0,1.0,5.0,A01
201500010314,0,7,0,8.0,2.0,9.0,1.0,B01
201500010315,0,34,0,16.0,0.0,3.0,1.0,A01
201500010316,0,7,0,0.0,2.0,0.0,0.0,A01
201500010316,0,30,0,0.0,2.0,0.0,0.0,B01
201500010317,0,7,0,0.0,0.0,7.0,4.0,C01
201500010317,0,7,0,0.0,2.0,4.0,2.0,B01
201500010317,0,7,0,0.0,0.0,1.0,2.0,A01
201500010318,0,7,0,0.0,0.0,7.0,15.0,B01
201500010318,0,30,0,0.0,2.0,1.0,1.0,A01
201500010319,0,7,0,0.0,2.0,0.0,0.0,B01
201500010319,0,10,0,8.0,2.0,0.0,0.0,A01
201500010320,0,31,0,0.0,0.0,1.0,1.0,A01
201500010321,0,2,0,0.0,0.0,8.0,21.0,A01
201500010322,0,33,0,0.0,0.0,2.0,1.0,A01
201500010323,0,2,0,1.0,0.0,0.0,1.0,A01
201500010324,0,7,0,0.0,2.0,3.0,9.0,A01
201500010324,0,2,0,0.0,2.0,1.0,1.0,B01
201500010325,0,7,0,0.0,2.0,1.0,1.0,B01
201500010325,0,7,0,0.0,0.0,2.0,15.0,A01
201500010326,0,30,0,0.0,0.0,7.0,0.0,A01
201500010327,0,7,0,1.0,0.0,1.0,14.0,A01
201500010328,0,7,0,2.0,0.0,0.0,0.0,A01
201500010329,0,10,0,0.0,1.0,1.0,1.0,A01
201500010330,0,14,0,0.0,0.0,3.0,15.0,A01
201500010330,0,30,0,0.0,0.0,3.0,1.0,B01
201500010331,0,30,0,1.0,0.0,1.0,2.0,A01
201500010331,0,7,0,0.0,0.0,5.0,23.0,B01
201500010332,0,7,0,0.0,2.0,4.0,2.0,B01
201500010332,0,7,0,0.0,2.0,3.0,2.0,A01
201500010333,0,7,0,0.0,2.0,3.0,1.0,B01
201500010333,0,7,0,0.0,2.0,1.0,1.0,A01
201500010334,0,7,0,0.0,1.0,2.0,1.0,A01
201500010335,0,7,0,15.0,0.0,3.0,1.0,A01
201500010336,0,2,0,6.0,0.0,3.0,13.0,B01
201500010337,0,7,0,0.0,2.0,3.0,0.0,A01
201500010337,0,33,0,0.0,0.0,0.0,0.0,B01
201500010338,0,10,0,0.0,2.0,1.0,2.0,A01
201500010338,0,10,0,0.0,2.0,4.0,2.0,B01
201500010339,0,10,0,0.0,2.0,3.0,1.0,B01
201500010339,0,7,0,0.0,2.0,1.0,13.0,A01
201500010340,0,33,0,0.0,2.0,0.0,17.0,A01
201500010340,0,30,0,0.0,2.0,0.0,0.0,B01
201500010341,0,7,0,0.0,2.0,1.0,2.0,A01
201500010341,0,7,0,0.0,2.0,4.0,2.0,B01
201500010342,0,7,0,0.0,1.0,0.0,2.0,A01
201500010343,0,7,0,0.0,1.0,4.0,4.0,A01
201500010344,0,14,0,0.0,0.0,0.0,0.0,B01
201500010344,0,2,0,0.0,0.0,0.0,0.0,A01
201500010345,0,7,0,4.0,0.0,0.0,0.0,A01
201500010346,0,7,0,2.0,0.0,1.0,14.0,A01
201500010347,0,2,0,0.0,0.0,7.0,1.0,A01
201500010348,0,33,0,0.0,0.0,0.0,0.0,A01
201500010349,0,33,0,0.0,2.0,1.0,1.0,B01
201500010349,0,7,0,0.0,2.0,3.0,5.0,A01
201500010350,0,7,0,0.0,2.0,4.0,2.0,B01
201500010350,0,7,0,0.0,2.0,1.0,2.0,A01
201500010351,0,7,0,0.0,2.0,0.0,0.0,B01
201500010351,0,33,0,0.0,2.0,1.0,13.0,A01
201500010352,0,30,0,0.0,2.0,1.0,1.0,A01
201500010352,0,7,0,0.0,2.0,6.0,1.0,B01
201500010353,0,2,0,0.0,0.0,7.0,0.0,A01
201500010354,0,2,0,0.0,0.0,2.0,1.0,A01
201500010355,0,33,0,0.0,2.0,3.0,1.0,B01
201500010355,0,7,0,0.0,2.0,6.0,15.0,A01
201500010356,0,30,0,0.0,1.0,1.0,0.0,A01
201500010357,0,33,0,0.0,2.0,0.0,0.0,B01
201500010357,0,7,0,0.0,2.0,0.0,0.0,A01
201500010358,0,7,0,0.0,1.0,2.0,2.0,A01
201500010359,0,31,0,0.0,5.0,1.0,0.0,A01
201500010360,0,7,0,0.0,2.0,1.0,15.0,A01
201500010360,0,30,0,0.0,2.0,8.0,1.0,B01
201500010361,0,7,0,0.0,2.0,2.0,0.0,A01
201500010361,0,7,0,0.0,0.0,0.0,0.0,B01
201500010362,0,7,0,6.0,0.0,1.0,0.0,A01
201500010363,0,33,0,0.0,0.0,0.0,0.0,A01
201500010363,0,7,0,0.0,0.0,0.0,0.0,B01
201500010364,0,7,0,0.0,2.0,3.0,1.0,B01
201500010364,0,7,0,0.0,2.0,1.0,5.0,A01
201500010365,0,7,0,0.0,2.0,3.0,15.0,A01
201500010365,0,7,0,0.0,2.0,1.0,1.0,B01
201500010366,0,7,0,0.0,0.0,0.0,0.0,B01
201500010366,0,7,0,0.0,0.0,0.0,0.0,A01
201500010367,0,33,0,0.0,2.0,2.0,2.0,B01
201500010367,0,7,0,0.0,0.0,1.0,2.0,A01
201500010368,0,33,0,14.0,0.0,1.0,1.0,A01
201500010369,0,1,0,0.0,0.0,0.0,0.0,A01
201500010370,0,7,0,0.0,0.0,0.0,0.0,A01
201500010370,0,7,0,0.0,0.0,0.0,0.0,B01
201500010371,0,10,0,5.0,0.0,7.0,14.0,A01
201500010372,0,2,0,0.0,0.0,8.0,15.0,A01
201500010373,0,7,0,0.0,2.0,8.0,15.0,B01
201500010373,0,33,0,0.0,2.0,1.0,17.0,A01
201500010374,0,3,0,0.0,2.0,1.0,1.0,C01
201500010374,0,7,0,0.0,2.0,6.0,1.0,B01
201500010374,0,7,0,0.0,2.0,1.0,13.0,A01
201500010375,0,10,0,0.0,2.0,1.0,2.0,A01
201500010375,0,32,0,0.0,2.0,4.0,0.0,B01
201500010376,2,7,0,1.0,2.0,1.0,0.0,A01
201500010376,0,7,0,0.0,2.0,8.0,1.0,B01
201500010377,0,7,0,3.0,0.0,3.0,1.0,A01
201500010378,0,7,0,0.0,0.0,9.0,1.0,A01
201500010378,0,7,0,1.0,0.0,7.0,0.0,B01
201500010379,0,7,0,0.0,2.0,3.0,5.0,A01
201500010379,0,7,0,6.0,2.0,3.0,1.0,B01
201500010380,0,7,0,0.0,2.0,1.0,16.0,A01
201500010380,0,30,0,0.0,2.0,7.0,1.0,B01
201500010381,0,33,0,4.0,0.0,2.0,1.0,A01
201500010382,1,7,0,0.0,2.0,0.0,0.0,A01
201500010382,0,7,0,0.0,2.0,3.0,1.0,B01
201500010383,0,7,0,0.0,1.0,1.0,1.0,A01
201500010384,0,7,0,0.0,2.0,4.0,2.0,C01
201500010384,0,7,0,0.0,2.0,4.0,2.0,D01
201500010384,0,7,0,0.0,2.0,4.0,2.0,B01
201500010384,0,7,0,0.0,2.0,1.0,2.0,A01
201500010385,0,2,0,0.0,0.0,0.0,0.0,A01
201500010386,0,34,0,0.0,0.0,1.0,1.0,B01
201500010386,0,7,0,0.0,2.0,3.0,1.0,A01
201500010387,0,7,0,14.0,2.0,1.0,2.0,A01
201500010387,0,10,0,0.0,2.0,4.0,2.0,B01
201500010388,0,7,0,0.0,1.0,1.0,1.0,A01
201500010389,0,31,0,0.0,0.0,0.0,0.0,A01
201500010390,0,30,0,11.0,0.0,1.0,1.0,A01
201500010391,0,7,0,0.0,1.0,2.0,1.0,A01
201500010392,0,2,0,0.0,0.0,2.0,1.0,A01
201500010393,0,7,0,0.0,2.0,1.0,9.0,A01
201500010393,0,33,0,0.0,2.0,7.0,1.0,B01
201500010394,0,7,0,1.0,0.0,1.0,13.0,A01
201500010395,0,7,0,0.0,2.0,2.0,16.0,A01
201500010395,0,33,0,0.0,2.0,6.0,16.0,B01
201500010396,0,7,0,0.0,2.0,4.0,2.0,B01
201500010396,1,7,0,0.0,2.0,1.0,2.0,Z01
201500010397,0,30,0,0.0,0.0,0.0,0.0,A01
201500010398,0,7,0,0.0,2.0,6.0,15.0,B01
201500010398,0,30,0,0.0,2.0,1.0,1.0,A01
201500010399,0,7,0,0.0,0.0,4.0,2.0,B01
201500010399,0,3,0,0.0,2.0,1.0,2.0,A01
201500010400,0,33,0,0.0,2.0,6.0,21.0,A01
201500010400,0,7,0,0.0,0.0,0.0,0.0,B01
201500010401,0,7,0,0.0,2.0,4.0,0.0,A01
201500010401,0,7,0,0.0,0.0,0.0,1.0,C01
201500010401,0,7,0,0.0,2.0,0.0,0.0,B01
201500010402,0,7,0,1.0,0.0,4.0,23.0,C01
201500010402,0,7,0,0.0,2.0,1.0,17.0,A01
201500010402,0,7,0,0.0,0.0,8.0,15.0,B01
201500010403,0,30,0,0.0,0.0,8.0,0.0,A01
201500010404,0,7,0,0.0,2.0,1.0,1.0,B01
201500010404,0,7,0,0.0,2.0,8.0,19.0,A01
201500010405,0,33,0,0.0,2.0,8.0,1.0,A01
201500010405,0,7,0,0.0,2.0,3.0,1.0,B01
201500010406,0,7,0,0.0,2.0,3.0,15.0,A01
201500010406,0,33,0,0.0,2.0,8.0,1.0,B01
201500010407,0,33,0,0.0,2.0,7.0,1.0,A01
201500010407,0,7,0,0.0,2.0,2.0,15.0,B01
201500010408,0,7,0,15.0,2.0,1.0,14.0,A01
201500010408,0,7,0,0.0,2.0,2.0,2.0,B01
201500010409,0,7,0,0.0,2.0,2.0,1.0,B01
201500010409,0,2,0,0.0,2.0,1.0,1.0,A01
201500010410,0,7,0,16.0,0.0,0.0,0.0,A01
201500010411,0,7,0,0.0,2.0,1.0,1.0,A01
201500010411,0,7,0,0.0,0.0,6.0,0.0,B01
201500010412,0,7,0,0.0,1.0,0.0,0.0,A01
201500010413,0,7,0,3.0,0.0,3.0,1.0,A01
201500010414,0,34,0,0.0,0.0,1.0,0.0,A01
201500010415,0,7,0,3.0,6.0,3.0,21.0,A01
201500010416,0,7,0,0.0,2.0,1.0,2.0,A01
201500010416,0,7,0,0.0,2.0,4.0,1.0,B01
201500010417,0,7,0,0.0,2.0,3.0,0.0,A01
201500010417,0,30,0,0.0,2.0,4.0,0.0,B01
201500010418,0,30,0,0.0,0.0,0.0,0.0,A01
201500010419,0,7,0,0.0,1.0,6.0,4.0,A01
201500010420,0,3,0,0.0,1.0,2.0,1.0,A01
201500010421,0,7,0,8.0,0.0,2.0,2.0,A01
201500010422,0,7,0,0.0,2.0,2.0,2.0,B01
201500010422,0,7,0,0.0,2.0,3.0,15.0,A01
201500010423,0,33,0,0.0,2.0,5.0,12.0,A01
201500010423,0,7,0,0.0,2.0,3.0,1.0,B01
201500010424,0,7,0,0.0,2.0,9.0,2.0,B01
201500010424,1,7,0,0.0,2.0,4.0,0.0,C01
201500010424,0,7,0,0.0,2.0,1.0,2.0,A01
201500010425,0,7,0,13.0,0.0,3.0,13.0,A01
201500010426,0,7,0,0.0,2.0,3.0,0.0,A01
201500010426,0,7,0,0.0,2.0,1.0,0.0,B01
201500010427,0,7,0,1.0,0.0,1.0,5.0,A01
201500010428,0,7,0,0.0,2.0,3.0,1.0,B01
201500010428,0,10,0,0.0,2.0,1.0,1.0,A01
201500010429,0,7,0,6.0,0.0,1.0,1.0,A01
201500010430,0,7,0,0.0,2.0,3.0,1.0,C01
201500010430,0,7,0,0.0,2.0,3.0,1.0,A01
201500010430,0,31,0,0.0,2.0,4.0,15.0,B01
201500010431,0,7,0,6.0,0.0,1.0,1.0,A01
201500010432,0,7,0,0.0,2.0,1.0,1.0,B01
201500010432,1,7,0,0.0,2.0,1.0,5.0,A01
201500010433,0,7,0,0.0,2.0,6.0,2.0,B01
201500010433,0,7,0,0.0,2.0,2.0,15.0,A01
201500010434,0,7,0,0.0,2.0,2.0,16.0,A01
201500010434,0,33,0,0.0,2.0,1.0,2.0,B01
201500010435,0,33,0,0.0,0.0,0.0,0.0,A01
201500010436,0,7,0,0.0,0.0,4.0,2.0,B01
201500010436,0,7,0,0.0,2.0,2.0,2.0,A01
201500010437,0,7,0,6.0,0.0,2.0,14.0,A01
201500010438,0,30,0,0.0,0.0,0.0,0.0,A01
201500010439,0,7,0,0.0,2.0,3.0,15.0,A01
201500010439,0,33,0,0.0,2.0,1.0,1.0,B01
201500010440,0,7,0,0.0,2.0,1.0,2.0,A01
201500010440,0,7,0,0.0,2.0,4.0,2.0,B01
201500010441,0,7,0,0.0,1.0,2.0,0.0,A01
201500010442,0,34,0,0.0,2.0,5.0,1.0,B01
201500010442,0,7,0,0.0,2.0,1.0,1.0,C01
201500010442,0,7,0,0.0,2.0,2.0,9.0,A01
201500010443,0,30,0,0.0,0.0,3.0,0.0,A01
201500010444,0,37,1,0.0,2.0,8.0,1.0,A01
201500010444,1,14,0,0.0,2.0,3.0,13.0,B01
201500010445,2,7,0,0.0,2.0,2.0,13.0,A01
201500010445,0,7,0,0.0,2.0,2.0,1.0,B01
201500010446,0,7,0,1.0,0.0,1.0,13.0,A01
201500010447,0,7,0,0.0,0.0,0.0,0.0,A01
201500010447,0,32,0,0.0,0.0,8.0,1.0,B01
201500010448,0,7,0,6.0,0.0,3.0,2.0,A01
201500010449,0,2,0,0.0,0.0,0.0,0.0,A01
201500010450,0,30,0,0.0,0.0,7.0,1.0,A01
201500010451,0,3,0,16.0,0.0,2.0,2.0,A01
201500010452,0,7,0,0.0,1.0,1.0,1.0,A01
201500010453,0,31,0,0.0,1.0,2.0,1.0,A01
201500010454,0,32,0,0.0,2.0,3.0,1.0,A01
201500010454,0,7,0,0.0,0.0,6.0,1.0,B01
201500010455,0,30,0,0.0,0.0,0.0,1.0,A01
201500010456,0,33,0,0.0,2.0,5.0,17.0,A01
201500010456,0,10,0,0.0,2.0,3.0,16.0,B01
201500010457,0,7,0,0.0,0.0,0.0,0.0,A01
201500010458,0,2,0,0.0,0.0,0.0,1.0,A01
201500010459,0,34,0,0.0,2.0,1.0,1.0,B01
201500010459,0,7,0,0.0,2.0,3.0,19.0,A01
201500010460,0,7,0,0.0,2.0,1.0,1.0,C01
201500010460,0,7,0,0.0,2.0,2.0,1.0,A01
201500010460,0,7,0,0.0,0.0,7.0,15.0,B01
201500010461,0,7,0,0.0,2.0,8.0,1.0,C01
201500010461,0,7,0,0.0,2.0,5.0,15.0,B01
201500010461,0,33,0,0.0,2.0,3.0,1.0,A01
201500010462,0,7,0,0.0,2.0,9.0,2.0,B01
201500010462,0,7,0,0.0,2.0,0.0,0.0,C01
201500010462,0,7,0,0.0,2.0,1.0,2.0,A01
201500010463,0,7,0,0.0,2.0,1.0,2.0,A01
201500010463,0,7,0,0.0,2.0,4.0,2.0,B01
201500010464,0,7,0,8.0,0.0,1.0,13.0,A01
201500010465,0,7,0,15.0,0.0,3.0,0.0,A01
201500010466,0,7,0,6.0,0.0,2.0,1.0,A01
201500010467,0,7,0,0.0,2.0,4.0,2.0,C01
201500010467,0,7,0,0.0,2.0,2.0,2.0,A01
201500010467,0,7,0,0.0,2.0,6.0,23.0,B01
201500010468,1,7,0,0.0,2.0,0.0,0.0,Z01
201500010468,0,2,0,0.0,2.0,0.0,23.0,A01
201500010469,0,33,0,0.0,0.0,0.0,15.0,A01
201500010470,0,2,0,0.0,0.0,0.0,1.0,A01
201500010471,0,7,0,0.0,0.0,4.0,15.0,C01
201500010471,0,7,0,0.0,2.0,1.0,2.0,A01
201500010471,0,7,0,0.0,2.0,4.0,2.0,B01
201500010472,0,7,0,0.0,1.0,1.0,15.0,A01
201500010473,0,33,0,0.0,2.0,1.0,13.0,A01
201500010473,0,7,0,0.0,2.0,3.0,1.0,B01
201500010474,0,7,0,1.0,0.0,2.0,1.0,A01
201500010475,0,1,0,0.0,1.0,1.0,21.0,A01
201500010476,0,32,0,0.0,2.0,1.0,1.0,A01
201500010476,0,10,0,0.0,2.0,6.0,9.0,B01
201500010477,0,7,0,0.0,2.0,7.0,17.0,A01
201500010477,0,31,0,0.0,2.0,8.0,0.0,B01
201500010478,0,2,0,0.0,2.0,1.0,1.0,B01
201500010478,0,7,0,0.0,2.0,3.0,9.0,A01
201500010479,0,7,0,0.0,2.0,4.0,2.0,B01
201500010479,0,30,0,0.0,2.0,1.0,2.0,A01
201500010480,0,32,0,0.0,2.0,1.0,1.0,A01
201500010480,0,7,0,0.0,2.0,8.0,19.0,B01
201500010481,0,7,0,0.0,2.0,7.0,15.0,A01
201500010481,0,32,0,0.0,2.0,1.0,1.0,B01
201500010482,0,36,0,0.0,2.0,8.0,1.0,A01
201500010482,0,2,0,0.0,2.0,1.0,1.0,B01
201500010483,0,34,0,0.0,1.0,1.0,0.0,A01
201500010484,0,33,0,12.0,0.0,1.0,1.0,A01
201500010485,0,7,0,0.0,2.0,7.0,17.0,A01
201500010485,0,32,0,0.0,2.0,8.0,1.0,B01
201500010486,0,32,0,0.0,2.0,1.0,17.0,A01
201500010486,0,33,0,0.0,2.0,1.0,1.0,B01
201500010487,0,7,0,0.0,2.0,1.0,2.0,A01
201500010487,0,7,0,0.0,1.0,4.0,0.0,B01
201500010488,0,7,0,0.0,2.0,1.0,1.0,B01
201500010488,0,34,0,0.0,2.0,1.0,13.0,A01
201500010489,0,32,0,3.0,0.0,5.0,1.0,A01
201500010490,0,31,0,13.0,0.0,7.0,0.0,A01
201500010491,0,33,0,0.0,2.0,1.0,2.0,A01
201500010491,0,32,0,0.0,2.0,6.0,23.0,B01
201500010492,0,34,0,0.0,2.0,1.0,1.0,A01
201500010492,0,7,0,0.0,2.0,1.0,13.0,B01
201500010493,0,33,0,0.0,2.0,1.0,17.0,A01
201500010493,0,31,0,0.0,2.0,1.0,1.0,B01
201500010494,0,30,0,0.0,9.0,0.0,16.0,A01
201500010495,0,7,0,0.0,2.0,3.0,9.0,A01
201500010495,0,34,0,0.0,2.0,2.0,2.0,B01
201500010496,0,7,0,0.0,0.0,0.0,10.0,B01
201500010496,0,7,0,0.0,2.0,3.0,5.0,D01
201500010496,0,34,0,0.0,2.0,4.0,1.0,C01
201500010496,0,33,0,0.0,2.0,1.0,1.0,A01
201500010497,0,30,0,0.0,1.0,0.0,0.0,A01
201500010498,0,7,0,0.0,1.0,1.0,1.0,A01
201500010499,0,32,0,0.0,2.0,3.0,18.0,A01
201500010499,0,7,0,0.0,2.0,2.0,16.0,B01
201500010500,0,7,0,0.0,2.0,2.0,1.0,A01
201500010500,0,7,0,0.0,2.0,3.0,1.0,B01
201500010501,0,2,0,0.0,2.0,1.0,1.0,B01
201500010501,0,7,0,0.0,2.0,6.0,15.0,A01
201500010502,0,30,0,0.0,2.0,1.0,1.0,A01
201500010502,0,7,0,0.0,2.0,3.0,0.0,B01
201500010502,0,7,0,0.0,2.0,8.0,0.0,C01
201500010503,0,2,0,0.0,2.0,1.0,5.0,A01
201500010503,0,34,0,0.0,2.0,1.0,1.0,B01
201500010504,0,7,0,0.0,2.0,2.0,15.0,A01
201500010504,0,2,0,0.0,2.0,8.0,1.0,B01
201500010505,0,7,0,0.0,1.0,1.0,1.0,A01
201500010506,0,7,0,0.0,2.0,2.0,15.0,A01
201500010506,0,33,0,0.0,2.0,3.0,1.0,B01
201500010507,0,33,0,12.0,0.0,1.0,1.0,A01
201500010508,0,2,0,0.0,2.0,1.0,2.0,A01
201500010508,0,32,0,0.0,2.0,4.0,2.0,B01
201500010509,0,7,0,0.0,2.0,2.0,1.0,B01
201500010509,0,32,0,0.0,2.0,9.0,1.0,A01
201500010509,0,7,0,0.0,2.0,8.0,2.0,C01
201500010509,0,7,0,0.0,2.0,1.0,1.0,D01
201500010510,0,7,0,11.0,0.0,1.0,13.0,A01
201500010511,0,30,0,0.0,2.0,7.0,1.0,B01
201500010511,0,7,0,0.0,2.0,3.0,9.0,A01
201500010512,0,32,0,0.0,2.0,1.0,1.0,B01
201500010512,0,7,0,0.0,2.0,3.0,15.0,A01
201500010513,0,7,0,1.0,2.0,2.0,12.0,A01
201500010513,0,14,0,0.0,2.0,3.0,1.0,B01
201500010514,0,7,0,0.0,2.0,1.0,2.0,A01
201500010514,0,7,0,1.0,0.0,9.0,1.0,B01
201500010514,0,7,0,1.0,2.0,7.0,0.0,C01
201500010515,0,30,0,14.0,0.0,1.0,2.0,A01
201500010515,0,7,0,0.0,0.0,5.0,23.0,B01
201500010516,0,7,0,0.0,2.0,2.0,15.0,A01
201500010516,0,33,0,0.0,2.0,1.0,1.0,B01
201500010517,0,30,0,0.0,2.0,1.0,2.0,A01
201500010517,0,7,0,0.0,2.0,8.0,15.0,B01
201500010518,0,7,0,0.0,2.0,2.0,15.0,A01
201500010518,0,2,0,0.0,2.0,1.0,1.0,B01
201500010519,0,7,0,0.0,2.0,5.0,23.0,B01
201500010520,0,7,0,0.0,0.0,7.0,15.0,A01
201500010520,0,30,0,0.0,2.0,1.0,1.0,B01
201500010521,0,1,0,0.0,1.0,1.0,0.0,A01
201500010522,0,33,0,0.0,2.0,3.0,17.0,A01
201500010522,0,7,0,0.0,2.0,3.0,1.0,B01