Num_Acc,senc,catv,occutc,obs,obsm,choc,manv,num_veh
201500011033,0,10,0,0.0,2.0,8.0,0.0,A01
201500011033,0,32,0,0.0,2.0,1.0,0.0,B01
201500011034,0,7,0,0.0,2.0,8.0,23.0,B01
201500011034,0,1,0,14.0,2.0,1.0,21.0,A01
201500011035,0,7,0,0.0,2.0,1.0,1.0,A01
201500011035,0,7,0,0.0,2.0,4.0,1.0,B01
201500011036,0,40,1,0.0,1.0,2.0,1.0,A01
201500011037,0,10,0,0.0,1.0,3.0,15.0,A01
201500011038,0,31,0,0.0,2.0,1.0,1.0,B01
201500011038,0,7,0,0.0,2.0,3.0,15.0,A01
201500011039,0,7,0,0.0,2.0,1.0,2.0,A01
201500011039,0,10,0,0.0,2.0,4.0,1.0,B01
201500011040,0,7,0,0.0,2.0,5.0,15.0,A01
201500011040,0,33,0,0.0,2.0,1.0,21.0,B01
201500011041,0,7,0,0.0,2.0,8.0,15.0,A01
201500011041,0,2,0,0.0,2.0,1.0,1.0,B01
201500011042,0,7,0,0.0,2.0,1.0,2.0,A01
201500011042,0,7,0,0.0,2.0,4.0,0.0,B01
201500011043,0,7,0,7.0,2.0,2.0,1.0,A01
201500011043,0,7,0,0.0,2.0,3.0,1.0,B01
201500011044,0,7,0,0.0,2.0,2.0,23.0,B01
201500011044,0,2,0,0.0,9.0,1.0,1.0,A01
201500011045,0,7,0,0.0,1.0,3.0,9.0,A01
201500011046,0,10,0,0.0,2.0,2.0,2.0,A01
201500011046,0,7,0,0.0,2.0,6.0,20.0,B01
201500011047,0,7,0,0.0,2.0,6.0,11.0,B01
201500011047,0,31,0,0.0,2.0,2.0,1.0,A01
201500011048,0,7,0,0.0,2.0,3.0,15.0,A01
201500011048,0,33,0,0.0,2.0,1.0,17.0,B01
201500011049,0,32,0,15.0,0.0,7.0,1.0,A01
201500011050,0,33,0,0.0,2.0,1.0,0.0,B01
201500011050,0,30,0,0.0,0.0,7.0,14.0,A01
201500011051,0,7,0,0.0,1.0,1.0,1.0,A01
201500011052,0,31,0,0.0,2.0,1.0,1.0,B01
201500011052,0,7,0,0.0,2.0,2.0,1.0,A01
201500011053,0,7,0,0.0,2.0,1.0,15.0,A01
201500011053,0,33,0,0.0,2.0,1.0,1.0,B01
201500011054,2,30,0,0.0,2.0,5.0,19.0,A01
201500011054,2,34,0,0.0,2.0,1.0,1.0,B01
201500011055,0,7,0,0.0,2.0,1.0,1.0,A01
201500011055,0,7,0,0.0,2.0,4.0,1.0,B01
201500011056,0,30,0,0.0,1.0,4.0,2.0,A01
201500011057,0,7,0,0.0,1.0,0.0,16.0,A01
201500011058,0,32,0,0.0,2.0,3.0,3.0,A01
201500011058,0,7,0,0.0,2.0,5.0,1.0,B01
201500011059,0,7,0,0.0,2.0,1.0,1.0,B01
201500011059,0,7,0,0.0,2.0,2.0,15.0,A01
201500011060,0,33,0,0.0,2.0,0.0,0.0,B01
201500011060,0,7,0,0.0,2.0,2.0,15.0,A01
201500011061,0,7,0,0.0,2.0,1.0,1.0,A01
201500011061,0,7,0,0.0,2.0,1.0,15.0,B01
201500011062,0,7,0,0.0,1.0,3.0,1.0,A01
201500011062,0,7,0,0.0,1.0,1.0,23.0,B01
201500011063,0,32,0,0.0,2.0,2.0,15.0,B01
201500011063,0,10,0,0.0,2.0,1.0,1.0,A01
201500011064,0,34,0,0.0,2.0,1.0,17.0,A01
201500011064,0,10,0,0.0,2.0,1.0,0.0,B01
201500011065,0,2,0,1.0,2.0,7.0,1.0,A01
201500011065,0,33,0,0.0,2.0,1.0,1.0,B01
201500011066,0,7,0,0.0,2.0,5.0,23.0,B01
201500011066,0,32,0,0.0,2.0,3.0,2.0,A01
201500011067,0,7,0,0.0,2.0,2.0,9.0,A01
201500011067,0,7,0,0.0,2.0,3.0,1.0,B01
201500011068,0,10,0,1.0,0.0,2.0,1.0,A01
201500011069,0,1,0,0.0,2.0,1.0,1.0,B01
201500011069,0,7,0,0.0,2.0,5.0,16.0,A01
201500011070,0,2,0,0.0,2.0,1.0,1.0,B01
201500011070,0,7,0,0.0,2.0,8.0,13.0,A01
201500011071,0,33,0,0.0,2.0,7.0,17.0,B01
201500011071,0,7,0,0.0,2.0,3.0,15.0,A01
201500011072,0,31,0,0.0,2.0,1.0,1.0,B01
201500011072,0,14,0,0.0,2.0,7.0,16.0,A01
201500011073,0,7,0,0.0,9.0,0.0,1.0,A01
201500011073,0,1,0,15.0,2.0,4.0,19.0,B01
201500011074,0,33,0,1.0,2.0,2.0,17.0,A01
201500011074,0,99,0,0.0,2.0,3.0,15.0,B01
201500011075,0,40,1,0.0,1.0,1.0,1.0,A01
201500011076,0,7,0,0.0,2.0,3.0,15.0,A01
201500011076,0,2,0,0.0,2.0,2.0,1.0,B01
201500011077,2,1,0,0.0,1.0,1.0,1.0,A01
201500011078,0,7,0,0.0,1.0,3.0,1.0,A01
201500011079,0,7,0,0.0,2.0,1.0,1.0,B01
201500011079,0,7,0,0.0,2.0,1.0,13.0,A01
201500011080,0,7,0,0.0,2.0,4.0,2.0,B01
201500011080,0,7,0,0.0,2.0,4.0,2.0,C01
201500011080,0,7,0,0.0,2.0,1.0,2.0,A01
201500011081,0,7,0,0.0,1.0,1.0,1.0,A01
201500011082,0,7,0,0.0,2.0,3.0,1.0,A01
201500011082,0,32,0,0.0,2.0,1.0,1.0,B01
201500011083,0,7,0,0.0,2.0,4.0,1.0,C01
201500011083,0,7,0,0.0,2.0,4.0,1.0,B01
201500011083,0,7,0,0.0,2.0,1.0,1.0,A01
201500011083,0,7,0,0.0,2.0,4.0,1.0,D01
201500011084,0,2,0,0.0,0.0,8.0,1.0,A01
201500011085,0,7,0,0.0,1.0,3.0,1.0,A01
201500011086,0,7,0,0.0,2.0,1.0,1.0,A01
201500011086,0,33,0,0.0,2.0,3.0,1.0,B01
201500011087,0,7,0,0.0,2.0,1.0,13.0,A01
201500011087,0,7,0,0.0,2.0,3.0,1.0,B01
201500011088,0,40,1,0.0,1.0,1.0,1.0,A01
201500011089,0,7,0,1.0,0.0,6.0,1.0,A01
201500011089,0,7,0,8.0,2.0,1.0,23.0,B01
201500011090,0,7,0,0.0,2.0,1.0,2.0,A01
201500011090,0,7,0,0.0,2.0,4.0,23.0,B01
201500011091,0,32,0,12.0,0.0,1.0,1.0,A01
201500011092,0,7,0,0.0,2.0,3.0,17.0,A01
201500011092,0,2,0,0.0,2.0,7.0,17.0,B01
201500011092,0,7,0,0.0,0.0,0.0,0.0,C01
201500011092,0,7,0,0.0,2.0,0.0,0.0,D01
201500011093,0,37,1,0.0,2.0,6.0,2.0,C01
201500011093,0,7,0,1.0,2.0,2.0,2.0,A01
201500011093,0,7,0,0.0,2.0,0.0,0.0,B01
201500011094,0,7,0,0.0,2.0,3.0,15.0,B01
201500011094,0,30,0,0.0,2.0,1.0,1.0,A01
201500011095,0,7,0,0.0,1.0,3.0,15.0,A01
201500011096,0,7,0,0.0,1.0,1.0,1.0,A01
201500011097,0,7,0,0.0,2.0,2.0,19.0,A01
201500011097,0,2,0,0.0,2.0,1.0,1.0,B01
201500011098,0,7,0,0.0,2.0,3.0,11.0,A01
201500011098,0,33,0,0.0,2.0,7.0,1.0,B01
201500011099,0,32,0,0.0,0.0,8.0,1.0,B01
201500011099,0,33,0,0.0,2.0,0.0,1.0,A01
201500011100,0,31,0,0.0,2.0,7.0,0.0,B01
201500011100,0,7,0,0.0,2.0,3.0,15.0,A01
201500011101,0,33,0,3.0,0.0,1.0,17.0,A01
201500011102,0,7,0,0.0,2.0,3.0,15.0,A01
201500011102,0,33,0,0.0,2.0,1.0,1.0,B01
201500011103,0,32,0,0.0,2.0,1.0,1.0,B01
201500011103,0,10,0,0.0,2.0,3.0,15.0,A01
201500011104,0,2,0,0.0,1.0,1.0,1.0,A01
201500011105,0,30,0,0.0,2.0,1.0,1.0,B01
201500011105,0,7,0,0.0,2.0,3.0,1.0,A01
201500011106,0,32,0,0.0,2.0,1.0,1.0,A01
201500011106,0,1,0,0.0,2.0,7.0,1.0,B01
201500011107,0,7,0,0.0,2.0,3.0,2.0,A01
201500011107,0,7,0,0.0,2.0,5.0,2.0,B01
201500011108,0,34,0,0.0,2.0,1.0,0.0,B01
201500011108,0,7,0,0.0,2.0,2.0,16.0,A01
201500011109,0,33,0,0.0,2.0,1.0,12.0,A01
201500011109,0,7,0,0.0,2.0,6.0,23.0,B01
201500011110,0,7,0,0.0,2.0,0.0,0.0,B01
201500011110,0,33,0,0.0,2.0,3.0,1.0,A01
201500011110,0,7,0,0.0,2.0,7.0,0.0,C01
201500011111,0,7,0,0.0,2.0,2.0,5.0,A01
201500011111,0,7,0,0.0,2.0,2.0,1.0,B01
201500011112,0,2,0,0.0,1.0,2.0,1.0,A01
201500011113,0,33,0,1.0,0.0,1.0,2.0,A01
201500011114,0,7,0,0.0,2.0,0.0,0.0,A01
201500011114,0,1,0,0.0,2.0,0.0,1.0,B01
201500011115,0,30,0,0.0,2.0,1.0,16.0,A01
201500011115,0,30,0,0.0,2.0,1.0,1.0,B01
201500011116,0,30,0,0.0,2.0,0.0,0.0,A01
201500011116,0,7,0,0.0,2.0,0.0,0.0,B01
201500011117,0,32,0,7.0,0.0,1.0,1.0,A01
201500011118,0,7,0,0.0,2.0,1.0,2.0,A01
201500011118,0,7,0,0.0,2.0,4.0,2.0,B01
201500011118,0,7,0,0.0,2.0,4.0,2.0,C01
201500011119,0,7,0,15.0,0.0,1.0,15.0,A01
201500011120,0,7,0,6.0,0.0,1.0,13.0,A01
201500011121,0,2,0,0.0,2.0,1.0,1.0,B01
201500011121,0,7,0,0.0,2.0,3.0,9.0,A01
201500011122,0,1,0,0.0,1.0,1.0,1.0,A01
201500011123,0,7,0,0.0,1.0,1.0,15.0,A01
201500011124,0,7,0,0.0,1.0,4.0,20.0,A01
201500011125,0,7,0,0.0,2.0,1.0,2.0,A01
201500011125,0,7,0,0.0,2.0,4.0,23.0,B01
201500011126,0,7,0,0.0,1.0,2.0,16.0,A01
201500011127,0,10,0,0.0,2.0,1.0,1.0,A01
201500011127,0,32,0,0.0,2.0,3.0,0.0,B01
201500011128,0,7,0,0.0,1.0,1.0,16.0,A01
201500011129,0,2,0,0.0,2.0,1.0,13.0,A01
201500011129,0,7,0,0.0,2.0,6.0,1.0,B01
201500011130,0,7,0,0.0,1.0,2.0,1.0,A01
201500011131,0,33,0,4.0,0.0,8.0,0.0,A01
201500011132,0,33,0,0.0,2.0,8.0,1.0,B01
201500011132,0,7,0,0.0,2.0,2.0,1.0,A01
201500011133,0,7,0,0.0,2.0,2.0,15.0,A01
201500011133,0,7,0,0.0,2.0,2.0,1.0,B01
201500011134,0,33,0,0.0,2.0,1.0,1.0,B01
201500011134,0,7,0,0.0,2.0,3.0,19.0,A01
201500011135,0,7,0,0.0,2.0,1.0,0.0,A01
201500011135,0,34,0,0.0,2.0,0.0,1.0,B01
201500011136,0,7,0,0.0,2.0,1.0,2.0,A01
201500011136,0,7,0,0.0,2.0,4.0,2.0,B01
201500011136,0,7,0,0.0,2.0,4.0,2.0,C01
201500011136,0,7,0,0.0,2.0,4.0,23.0,D01
201500011137,0,2,0,0.0,2.0,3.0,7.0,A01
201500011137,0,2,0,0.0,2.0,2.0,16.0,B01
201500011138,0,2,0,0.0,2.0,1.0,2.0,A01
201500011138,0,7,0,0.0,2.0,4.0,15.0,B01
201500011139,0,33,0,0.0,2.0,1.0,1.0,B01
201500011139,0,7,0,0.0,2.0,6.0,11.0,A01
201500011140,0,7,0,0.0,1.0,5.0,4.0,A01
201500011141,0,33,0,1.0,2.0,1.0,21.0,A01
201500011141,0,10,0,0.0,2.0,6.0,0.0,B01
201500011141,0,10,0,0.0,2.0,1.0,15.0,C01
201500011142,0,7,0,0.0,1.0,1.0,1.0,A01
201500011143,0,7,0,0.0,2.0,1.0,15.0,A01
201500011143,0,2,0,0.0,2.0,1.0,1.0,B01
201500011144,0,7,0,0.0,2.0,7.0,17.0,A01
201500011144,0,7,0,0.0,2.0,3.0,11.0,B01
201500011144,0,30,0,0.0,2.0,4.0,0.0,C01
201500011145,0,7,0,0.0,2.0,5.0,1.0,B01
201500011145,0,7,0,1.0,2.0,2.0,1.0,A01
201500011146,0,30,0,1.0,2.0,2.0,1.0,B01
201500011146,0,7,0,0.0,2.0,3.0,22.0,A01
201500011146,0,7,0,0.0,2.0,2.0,1.0,C01
201500011147,0,7,0,0.0,9.0,6.0,1.0,C01
201500011147,0,34,0,0.0,2.0,1.0,1.0,B01
201500011147,0,7,0,0.0,2.0,7.0,15.0,A01
201500011148,0,7,0,0.0,1.0,3.0,0.0,A01
201500011149,0,7,0,0.0,2.0,4.0,2.0,B01
201500011149,0,33,0,0.0,2.0,1.0,1.0,A01
201500011150,0,10,0,0.0,2.0,4.0,2.0,B01
201500011150,0,7,0,0.0,2.0,1.0,2.0,A01
201500011151,0,7,0,0.0,1.0,2.0,1.0,A01
201500011152,0,7,0,1.0,0.0,9.0,1.0,A01
201500011153,0,7,0,0.0,2.0,1.0,2.0,A01
201500011153,0,10,0,0.0,2.0,4.0,1.0,B01
201500011154,0,2,0,1.0,2.0,7.0,17.0,B01
201500011154,0,7,0,0.0,2.0,8.0,15.0,A01
201500011155,0,7,0,0.0,2.0,1.0,1.0,A01
201500011155,0,7,0,0.0,2.0,4.0,1.0,B01
201500011156,0,7,0,0.0,2.0,3.0,12.0,A01
201500011156,0,7,0,0.0,2.0,4.0,2.0,C01
201500011156,0,10,0,0.0,2.0,6.0,2.0,D01
201500011156,0,7,0,0.0,2.0,5.0,1.0,B01
201500011157,0,32,0,0.0,2.0,1.0,1.0,B01
201500011157,0,1,0,0.0,2.0,0.0,0.0,A01
201500011158,0,2,0,0.0,2.0,1.0,13.0,A01
201500011158,0,7,0,0.0,2.0,1.0,1.0,B01
201500011159,2,7,0,0.0,2.0,8.0,4.0,A01
201500011159,0,2,0,0.0,2.0,1.0,1.0,B01
201500011160,0,7,0,0.0,2.0,2.0,1.0,A01
201500011160,0,30,0,0.0,2.0,3.0,1.0,B01
201500011161,0,32,0,0.0,2.0,1.0,1.0,B01
201500011161,0,7,0,0.0,2.0,3.0,1.0,A01
201500011162,0,30,0,0.0,2.0,1.0,1.0,B01
201500011162,0,7,0,0.0,2.0,3.0,10.0,A01
201500011163,0,10,0,0.0,1.0,6.0,1.0,A01
201500011164,0,7,0,0.0,1.0,2.0,16.0,A01
201500011165,0,7,0,0.0,2.0,3.0,9.0,A01
201500011165,0,10,0,0.0,2.0,1.0,1.0,B01
201500011166,0,7,0,0.0,2.0,6.0,13.0,B01
201500011166,0,34,0,0.0,2.0,1.0,17.0,A01
201500011167,0,1,0,0.0,2.0,1.0,1.0,B01
201500011167,0,7,0,0.0,2.0,3.0,15.0,A01
201500011168,0,32,0,0.0,2.0,3.0,0.0,A01
201500011168,0,10,0,0.0,2.0,7.0,1.0,B01
201500011169,0,2,0,0.0,2.0,1.0,2.0,A01
201500011169,0,7,0,0.0,2.0,0.0,0.0,B01
201500011170,0,33,0,0.0,2.0,3.0,1.0,B01
201500011170,0,7,0,0.0,2.0,3.0,15.0,A01
201500011171,0,7,0,0.0,2.0,1.0,0.0,A01
201500011171,0,7,0,0.0,2.0,1.0,1.0,B01
201500011172,0,7,0,0.0,2.0,2.0,3.0,A01
201500011172,0,33,0,0.0,2.0,4.0,1.0,B01
201500011173,0,1,0,0.0,2.0,1.0,1.0,B01
201500011173,0,7,0,0.0,2.0,3.0,20.0,A01
201500011174,0,7,0,0.0,2.0,3.0,5.0,A01
201500011174,0,7,0,0.0,2.0,2.0,1.0,B01
201500011175,0,3,0,0.0,2.0,1.0,2.0,A01
201500011175,0,33,0,0.0,2.0,4.0,2.0,B01
201500011176,0,7,0,1.0,0.0,1.0,17.0,B01
201500011177,0,7,0,0.0,2.0,7.0,10.0,A01
201500011177,0,33,0,0.0,2.0,1.0,1.0,B01
201500011178,0,7,0,0.0,2.0,4.0,23.0,B01
201500011178,0,7,0,0.0,2.0,1.0,2.0,A01
201500011179,0,7,0,0.0,2.0,1.0,2.0,A01
201500011179,0,7,0,0.0,2.0,4.0,2.0,B01
201500011179,0,7,0,0.0,2.0,4.0,0.0,C01
201500011179,0,7,0,0.0,2.0,4.0,1.0,D01
201500011180,0,7,0,0.0,1.0,0.0,0.0,A01
201500011181,0,7,0,6.0,0.0,1.0,2.0,A01
201500011182,0,7,0,1.0,0.0,0.0,1.0,A01
201500011183,0,30,0,1.0,1.0,1.0,1.0,A01
201500011184,0,7,0,0.0,1.0,1.0,15.0,A01
201500011185,0,1,0,0.0,2.0,1.0,19.0,A01
201500011185,0,7,0,0.0,2.0,2.0,1.0,B01
201500011186,0,2,0,0.0,2.0,1.0,1.0,B01
201500011186,0,7,0,0.0,2.0,3.0,0.0,A01
201500011187,0,31,0,0.0,2.0,3.0,1.0,B01
201500011187,0,7,0,0.0,2.0,2.0,15.0,A01
201500011188,0,7,0,0.0,1.0,1.0,15.0,A01
201500011189,0,31,0,0.0,2.0,1.0,0.0,A01
201500011189,0,7,0,0.0,2.0,8.0,0.0,B01
201500011190,0,7,0,0.0,1.0,1.0,15.0,A01
201500011191,0,30,0,0.0,1.0,0.0,0.0,A01
201500011192,0,31,0,0.0,1.0,1.0,1.0,A01
201500011193,0,1,0,0.0,2.0,1.0,1.0,A01
201500011193,0,1,0,0.0,2.0,1.0,1.0,B01
201500011194,2,7,0,0.0,2.0,2.0,18.0,A01
201500011194,0,7,0,0.0,2.0,7.0,1.0,B01
201500011194,0,1,0,0.0,2.0,1.0,0.0,C01
201500011195,0,7,0,0.0,2.0,2.0,15.0,A01
201500011195,0,2,0,0.0,2.0,1.0,1.0,B01
201500011196,0,31,0,0.0,2.0,1.0,1.0,A01
201500011196,0,7,0,0.0,2.0,7.0,1.0,B01
201500011197,0,7,0,0.0,2.0,3.0,15.0,B01
201500011197,0,32,0,0.0,2.0,7.0,0.0,A01
201500011198,0,7,0,0.0,2.0,2.0,1.0,B01
201500011198,0,7,0,0.0,1.0,8.0,1.0,A01
201500011199,0,7,0,0.0,2.0,1.0,2.0,A01
201500011199,0,7,0,0.0,2.0,4.0,23.0,B01
201500011200,0,7,0,0.0,2.0,3.0,15.0,B01
201500011200,0,31,0,0.0,2.0,1.0,5.0,A01
201500011201,0,7,0,0.0,2.0,3.0,17.0,A01
201500011201,0,7,0,0.0,2.0,3.0,2.0,B01
201500011201,0,7,0,0.0,2.0,8.0,1.0,C01
201500011201,0,7,0,0.0,2.0,3.0,1.0,D01
201500011202,0,33,0,0.0,2.0,1.0,1.0,B01
201500011202,0,7,0,0.0,2.0,3.0,17.0,A01
201500011203,0,7,0,0.0,2.0,2.0,1.0,B01
201500011203,0,34,0,0.0,2.0,7.0,3.0,A01
201500011204,0,10,0,0.0,2.0,4.0,1.0,B01
201500011204,0,7,0,0.0,2.0,1.0,2.0,A01
201500011205,0,7,0,0.0,2.0,4.0,2.0,B01
201500011205,0,7,0,0.0,2.0,4.0,2.0,C01
201500011205,0,7,0,0.0,2.0,3.0,2.0,A01
201500011206,0,7,0,0.0,2.0,4.0,2.0,B01
201500011206,0,7,0,0.0,2.0,1.0,1.0,A01
201500011207,0,7,0,0.0,2.0,8.0,0.0,A01
201500011207,0,7,0,0.0,2.0,3.0,0.0,B01
201500011208,0,10,0,0.0,2.0,1.0,2.0,A01
201500011208,0,32,0,0.0,2.0,4.0,2.0,B01
201500011209,0,33,0,0.0,1.0,1.0,1.0,A01
201500011210,0,7,0,2.0,0.0,3.0,1.0,A01
201500011211,0,30,0,0.0,2.0,1.0,1.0,B01
201500011211,0,7,0,8.0,2.0,2.0,15.0,A01
201500011212,0,2,0,0.0,2.0,1.0,5.0,A01
201500011212,0,37,1,0.0,2.0,3.0,1.0,B01
201500011213,0,7,0,1.0,0.0,1.0,1.0,A01
201500011214,0,7,0,0.0,2.0,7.0,1.0,A01
201500011214,0,30,0,0.0,2.0,1.0,1.0,B01
201500011215,0,7,0,0.0,2.0,4.0,23.0,B01
201500011215,0,30,0,0.0,2.0,1.0,2.0,A01
201500011216,0,1,0,1.0,0.0,1.0,0.0,B01
201500011216,0,7,0,0.0,2.0,3.0,24.0,A01
201500011217,0,7,0,0.0,2.0,1.0,1.0,A01
201500011217,0,30,0,0.0,2.0,3.0,15.0,B01
201500011218,0,2,0,0.0,2.0,3.0,1.0,A01
201500011218,0,10,0,0.0,2.0,1.0,1.0,B01
201500011219,0,7,0,0.0,2.0,3.0,15.0,A01
201500011219,0,33,0,0.0,2.0,1.0,1.0,B01
201500011220,0,7,0,0.0,2.0,8.0,0.0,B01
201500011220,0,32,0,0.0,2.0,1.0,0.0,A01
201500011221,0,2,0,0.0,2.0,1.0,1.0,A01
201500011221,0,7,0,0.0,2.0,4.0,2.0,B01
201500011222,0,7,0,0.0,2.0,1.0,0.0,A01
201500011222,0,7,0,1.0,2.0,7.0,0.0,B01
201500011223,0,7,0,0.0,2.0,3.0,15.0,A01
201500011223,0,34,0,0.0,2.0,1.0,2.0,B01
201500011224,1,7,0,0.0,2.0,3.0,3.0,A01
201500011224,0,7,0,1.0,2.0,3.0,1.0,B01
201500011224,0,7,0,0.0,2.0,8.0,0.0,C01
201500011224,0,7,0,0.0,2.0,6.0,2.0,D01
201500011225,0,10,0,0.0,2.0,1.0,2.0,A01
201500011225,0,3,0,5.0,2.0,4.0,1.0,B01
201500011226,0,15,0,0.0,2.0,1.0,2.0,B02
201500011226,0,15,0,0.0,2.0,4.0,2.0,A01
201500011227,0,7,0,0.0,1.0,4.0,20.0,A01
201500011228,0,10,0,0.0,2.0,2.0,15.0,A01
201500011228,0,33,0,0.0,2.0,1.0,1.0,B02
201500011229,0,7,0,16.0,0.0,1.0,1.0,A01
201500011230,0,33,0,0.0,2.0,1.0,1.0,B02
201500011230,0,7,0,0.0,2.0,1.0,15.0,A01
201500011231,0,7,0,0.0,2.0,1.0,1.0,A01
201500011231,0,7,0,0.0,2.0,1.0,1.0,B01
201500011232,0,7,0,0.0,0.0,0.0,0.0,A01
201500011233,0,7,0,2.0,0.0,2.0,2.0,A01
201500011234,0,10,0,0.0,2.0,6.0,15.0,A01
201500011234,0,33,0,0.0,2.0,1.0,17.0,B02
201500011235,0,7,0,0.0,0.0,1.0,1.0,A01
201500011235,0,7,0,0.0,0.0,7.0,15.0,B02
201500011236,0,7,0,0.0,1.0,1.0,1.0,A01
201500011237,0,7,0,0.0,2.0,2.0,1.0,B02
201500011237,0,7,0,0.0,2.0,1.0,21.0,C03
201500011237,0,7,0,0.0,2.0,1.0,13.0,A01
201500011238,0,2,0,5.0,0.0,7.0,1.0,A01
201500011239,0,7,0,8.0,0.0,7.0,1.0,A01
201500011240,0,1,0,0.0,9.0,1.0,2.0,A01
201500011240,0,1,0,0.0,0.0,4.0,2.0,B02
201500011241,0,7,0,0.0,2.0,3.0,1.0,B02
201500011241,0,7,0,0.0,2.0,3.0,1.0,A01
201500011242,0,7,0,13.0,0.0,9.0,1.0,A01
201500011243,0,7,0,0.0,0.0,6.0,1.0,C03
201500011243,0,7,0,0.0,2.0,1.0,1.0,B02
201500011243,0,7,0,0.0,2.0,1.0,13.0,A01
201500011244,0,31,0,0.0,2.0,8.0,9.0,B02
201500011244,0,15,0,0.0,2.0,1.0,1.0,A01
201500011245,0,33,0,0.0,2.0,1.0,17.0,A01
201500011245,0,7,0,0.0,2.0,3.0,1.0,B02
201500011246,0,7,0,0.0,1.0,4.0,4.0,A01
201500011247,0,7,0,0.0,2.0,1.0,1.0,B02
201500011247,0,7,0,0.0,2.0,1.0,5.0,A01
201500011248,0,7,0,0.0,2.0,3.0,1.0,A01
201500011248,0,7,0,0.0,2.0,3.0,1.0,B02
201500011249,0,7,0,2.0,0.0,1.0,21.0,A01
201500011250,0,7,0,0.0,2.0,3.0,0.0,B02
201500011250,0,7,0,0.0,2.0,1.0,0.0,A01
201500011251,0,7,0,0.0,0.0,8.0,17.0,A01
201500011251,0,7,0,0.0,0.0,1.0,1.0,B02
201500011252,0,7,0,0.0,2.0,1.0,1.0,B02
201500011252,0,7,0,0.0,2.0,3.0,19.0,A01
201500011253,0,2,0,0.0,2.0,4.0,1.0,B02
201500011253,0,7,0,0.0,2.0,3.0,1.0,A01
201500011254,0,7,0,2.0,0.0,1.0,13.0,A01
201500011255,0,7,0,0.0,1.0,1.0,1.0,A01
201500011256,0,7,0,8.0,0.0,3.0,1.0,A01
201500011257,0,33,0,0.0,2.0,1.0,2.0,B01
201500011257,0,7,0,0.0,2.0,3.0,10.0,A01
201500011258,0,7,0,0.0,2.0,0.0,0.0,B01
201500011258,0,2,0,0.0,2.0,0.0,0.0,A01
201500011259,0,31,0,0.0,0.0,2.0,2.0,A01
201500011260,0,33,0,0.0,2.0,3.0,21.0,A01
201500011261,0,7,0,0.0,2.0,3.0,1.0,A01
201500011261,0,7,0,0.0,2.0,3.0,1.0,B01
201500011262,1,7,0,0.0,2.0,0.0,0.0,A01
201500011262,0,30,0,0.0,2.0,0.0,0.0,B01
201500011263,1,2,0,4.0,2.0,1.0,1.0,A01
201500011264,0,33,0,15.0,0.0,1.0,0.0,A01
201500011265,0,7,0,0.0,2.0,6.0,15.0,B01
201500011265,0,33,0,0.0,2.0,3.0,2.0,A01
201500011266,0,7,0,0.0,2.0,3.0,19.0,A01
201500011266,0,33,0,0.0,2.0,1.0,1.0,B01
201500011267,0,7,0,0.0,2.0,3.0,15.0,B01
201500011267,0,33,0,0.0,2.0,1.0,3.0,A01
201500011268,0,7,0,0.0,0.0,4.0,15.0,A01
201500011268,1,7,0,0.0,2.0,0.0,1.0,B01
201500011269,0,7,0,0.0,2.0,8.0,1.0,A01
201500011269,0,7,0,0.0,2.0,1.0,1.0,B01
201500011270,0,33,0,0.0,0.0,0.0,0.0,A01
201500011271,0,7,0,0.0,2.0,1.0,1.0,A01
201500011271,0,2,0,0.0,2.0,1.0,15.0,B01
201500011272,0,7,0,0.0,2.0,1.0,2.0,A01
201500011272,0,7,0,0.0,2.0,4.0,2.0,B01
201500011273,0,7,0,0.0,2.0,8.0,1.0,B01
201500011273,0,7,0,0.0,2.0,3.0,1.0,A01
201500011274,0,7,0,0.0,0.0,0.0,0.0,A01
201500011275,0,13,0,0.0,1.0,1.0,1.0,A01
201500011276,0,7,0,13.0,0.0,2.0,2.0,A01
201500011277,0,37,0,0.0,1.0,5.0,15.0,A01
201500011278,0,7,0,0.0,0.0,2.0,15.0,A01
201500011278,0,1,0,0.0,0.0,1.0,1.0,B01
201500011279,0,10,0,0.0,2.0,1.0,13.0,A01
201500011279,0,7,0,0.0,2.0,1.0,0.0,B01
201500011280,0,7,0,6.0,0.0,1.0,14.0,A01
201500011281,0,33,0,16.0,0.0,1.0,1.0,A01
201500011282,0,7,0,0.0,1.0,1.0,2.0,A01
201500011282,0,7,0,0.0,1.0,1.0,2.0,B01
201500011283,0,7,0,0.0,1.0,3.0,9.0,A01
201500011284,0,33,0,13.0,0.0,1.0,1.0,A01
201500011285,0,7,0,0.0,1.0,1.0,1.0,A01
201500011286,0,7,0,0.0,2.0,9.0,2.0,B01
201500011286,0,7,0,0.0,2.0,4.0,2.0,C01
201500011286,0,7,0,0.0,2.0,1.0,2.0,A01
201500011287,0,7,0,0.0,2.0,2.0,0.0,A01
201500011287,0,7,0,0.0,2.0,3.0,0.0,B01
201500011288,0,7,0,2.0,0.0,0.0,1.0,A01
201500011289,0,7,0,0.0,1.0,0.0,15.0,A01
201500011290,0,7,0,0.0,9.0,7.0,15.0,A01
201500011290,0,1,0,0.0,2.0,1.0,21.0,B01
201500011291,0,7,0,0.0,1.0,2.0,1.0,A01
201500011292,0,7,0,0.0,2.0,7.0,1.0,B01
201500011292,0,7,0,0.0,2.0,1.0,9.0,A01