Num_Acc,senc,catv,occutc,obs,obsm,choc,manv,num_veh
201500011293,0,1,0,0.0,0.0,0.0,0.0,A01
201500011294,0,7,0,11.0,0.0,1.0,2.0,A01
201500011295,0,33,0,0.0,0.0,0.0,0.0,A01
201500011296,0,7,0,0.0,0.0,0.0,0.0,B01
201500011296,0,7,0,0.0,0.0,0.0,0.0,A01
201500011297,0,7,0,0.0,2.0,3.0,15.0,B01
201500011297,0,30,0,0.0,2.0,1.0,13.0,A01
201500011298,0,7,0,0.0,1.0,1.0,1.0,A01
201500011299,0,7,0,0.0,2.0,1.0,2.0,B01
201500011299,0,7,0,0.0,2.0,4.0,2.0,A01
201500011300,0,7,0,0.0,2.0,3.0,0.0,A01
201500011300,0,1,0,0.0,2.0,0.0,1.0,B01
201500011301,0,7,0,2.0,0.0,1.0,19.0,A01
201500011302,0,7,0,0.0,2.0,3.0,13.0,A01
201500011302,0,7,0,0.0,2.0,3.0,1.0,B02
201500011303,0,7,0,0.0,2.0,3.0,21.0,B02
201500011303,0,7,0,0.0,2.0,3.0,13.0,A01
201500011304,0,30,0,0.0,2.0,3.0,2.0,B02
201500011304,0,7,0,0.0,2.0,2.0,9.0,A01
201500011305,0,7,0,0.0,2.0,2.0,1.0,B02
201500011305,0,7,0,0.0,2.0,3.0,10.0,A01
201500011306,0,33,0,7.0,0.0,1.0,14.0,A01
201500011307,0,33,0,0.0,2.0,1.0,17.0,A01
201500011307,0,7,0,0.0,2.0,2.0,0.0,B02
201500011308,0,7,0,0.0,2.0,1.0,1.0,A01
201500011308,0,7,0,0.0,2.0,3.0,15.0,B02
201500011309,0,33,0,0.0,2.0,1.0,1.0,B02
201500011309,0,10,0,0.0,2.0,8.0,1.0,A01
201500011310,0,33,0,9.0,0.0,1.0,1.0,A01
201500011311,0,7,0,0.0,2.0,0.0,1.0,C03
201500011311,0,7,0,0.0,0.0,1.0,1.0,B02
201500011311,0,7,0,16.0,0.0,0.0,1.0,D04
201500011311,0,7,0,0.0,2.0,1.0,5.0,A01
201500011312,0,7,0,3.0,0.0,8.0,1.0,A01
201500011313,0,7,0,0.0,1.0,3.0,1.0,A01
201500011314,0,33,0,0.0,0.0,0.0,0.0,A01
201500011315,0,7,0,0.0,1.0,0.0,0.0,A01
201500011316,0,30,0,0.0,0.0,1.0,1.0,A01
201500011317,0,7,0,10.0,0.0,2.0,2.0,A01
201500011318,0,7,0,0.0,2.0,0.0,2.0,A01
201500011318,0,7,0,0.0,2.0,0.0,0.0,B01
201500011319,1,7,0,0.0,2.0,8.0,1.0,B01
201500011319,0,7,0,0.0,2.0,2.0,15.0,A01
201500011320,0,7,0,0.0,0.0,4.0,23.0,C01
201500011320,0,7,0,0.0,0.0,0.0,0.0,B01
201500011320,0,33,0,14.0,0.0,1.0,2.0,A01
201500011321,0,33,0,0.0,2.0,1.0,17.0,A01
201500011321,0,7,0,0.0,2.0,8.0,0.0,B01
201500011322,0,2,0,0.0,0.0,7.0,14.0,A01
201500011323,0,33,0,0.0,2.0,1.0,1.0,B01
201500011323,0,7,0,0.0,2.0,3.0,15.0,A01
201500011324,0,7,0,0.0,2.0,1.0,2.0,B01
201500011324,0,7,0,0.0,2.0,1.0,13.0,A01
201500011325,0,33,0,0.0,2.0,1.0,1.0,A01
201500011325,0,7,0,0.0,2.0,5.0,1.0,B01
201500011326,0,7,0,0.0,1.0,0.0,0.0,A01
201500011327,0,1,0,0.0,2.0,1.0,2.0,A01
201500011327,0,1,0,0.0,0.0,4.0,2.0,B01
201500011328,0,7,0,0.0,0.0,7.0,18.0,A01
201500011328,0,7,0,0.0,0.0,8.0,1.0,B01
201500011329,0,10,0,0.0,1.0,7.0,1.0,A01
201500011330,0,7,0,0.0,1.0,2.0,2.0,A01
201500011331,0,10,0,6.0,0.0,1.0,1.0,A01
201500011332,0,7,0,0.0,1.0,2.0,1.0,A01
201500011333,0,30,0,0.0,0.0,0.0,1.0,C01
201500011333,0,7,0,0.0,2.0,1.0,1.0,B01
201500011333,0,2,0,0.0,2.0,1.0,13.0,A01
201500011334,0,7,0,0.0,1.0,2.0,15.0,A01
201500011335,0,7,0,0.0,1.0,3.0,1.0,A01
201500011336,0,7,0,16.0,0.0,3.0,1.0,A01
201500011337,0,33,0,0.0,0.0,0.0,1.0,A01
201500011338,0,7,0,0.0,1.0,1.0,19.0,A01
201500011339,0,32,0,0.0,2.0,1.0,1.0,B02
201500011339,0,7,0,0.0,2.0,2.0,15.0,A01
201500011340,0,31,0,0.0,2.0,1.0,17.0,A01
201500011340,0,7,0,0.0,2.0,8.0,15.0,B02
201500011341,0,33,0,13.0,0.0,1.0,1.0,A01
201500011342,0,7,0,0.0,2.0,8.0,10.0,A01
201500011342,0,33,0,0.0,2.0,1.0,1.0,B02
201500011343,0,10,0,0.0,2.0,8.0,1.0,B02
201500011343,0,10,0,0.0,2.0,3.0,13.0,A01
201500011344,0,33,0,0.0,2.0,1.0,1.0,B02
201500011344,0,7,0,0.0,0.0,6.0,19.0,A01
201500011345,0,7,0,0.0,2.0,6.0,1.0,B02
201500011345,0,33,0,0.0,2.0,2.0,17.0,A01
201500011346,0,33,0,0.0,0.0,1.0,1.0,A01
201500011347,0,7,0,4.0,0.0,1.0,1.0,A01
201500011348,0,7,0,2.0,0.0,8.0,1.0,A01
201500011349,0,7,0,0.0,2.0,2.0,2.0,A01
201500011349,0,30,0,0.0,2.0,4.0,2.0,B02
201500011350,0,7,0,0.0,2.0,1.0,1.0,C03
201500011350,0,7,0,0.0,2.0,3.0,1.0,A01
201500011350,0,7,0,0.0,2.0,3.0,1.0,B02
201500011351,0,7,0,0.0,0.0,0.0,1.0,A01
201500011352,0,7,0,12.0,0.0,1.0,1.0,A01
201500011353,0,7,0,0.0,1.0,6.0,1.0,A01
201500011354,0,7,0,13.0,0.0,3.0,1.0,A01
201500011355,0,32,0,0.0,0.0,0.0,1.0,A01
201500011356,0,7,0,0.0,2.0,7.0,15.0,A01
201500011356,0,38,0,0.0,2.0,3.0,1.0,B02
201500011357,0,7,0,13.0,0.0,3.0,1.0,A01
201500011358,0,33,0,16.0,0.0,8.0,0.0,A01
201500011359,0,7,0,4.0,0.0,9.0,1.0,A01
201500011360,0,7,0,13.0,0.0,3.0,21.0,A01
201500011361,0,7,0,2.0,0.0,1.0,1.0,A01
201500011362,0,33,0,0.0,2.0,1.0,1.0,B02
201500011362,0,10,0,0.0,2.0,8.0,19.0,A01
201500011363,0,14,0,6.0,0.0,9.0,1.0,A01
201500011364,0,7,0,0.0,2.0,1.0,1.0,A01
201500011364,0,7,0,0.0,2.0,3.0,1.0,B02
201500011365,0,7,0,4.0,0.0,2.0,1.0,A01
201500011366,0,15,0,0.0,0.0,7.0,1.0,A01
201500011367,0,15,0,3.0,9.0,7.0,1.0,A01
201500011367,0,7,0,0.0,9.0,0.0,1.0,C03
201500011367,0,7,0,0.0,0.0,0.0,1.0,B02
201500011367,0,7,0,0.0,9.0,0.0,1.0,D04
201500011368,0,33,0,0.0,2.0,3.0,1.0,A01
201500011368,0,7,0,0.0,2.0,2.0,20.0,B02
201500011369,0,33,0,0.0,2.0,9.0,17.0,A01
201500011369,0,14,0,0.0,2.0,4.0,1.0,C03
201500011369,0,3,0,0.0,2.0,6.0,1.0,B02
201500011370,0,10,0,3.0,0.0,7.0,1.0,A01
201500011371,0,7,0,0.0,2.0,2.0,3.0,B02
201500011371,0,17,0,0.0,2.0,6.0,1.0,A01
201500011372,0,7,0,0.0,2.0,3.0,13.0,A01
201500011372,0,7,0,0.0,2.0,7.0,21.0,C03
201500011372,0,14,0,0.0,2.0,3.0,1.0,B02
201500011373,0,33,0,0.0,2.0,7.0,1.0,A01
201500011373,0,7,0,0.0,2.0,1.0,15.0,B02
201500011374,0,17,0,13.0,0.0,2.0,1.0,A01
201500011375,0,7,0,4.0,0.0,3.0,1.0,A01
201500011376,0,7,0,0.0,2.0,6.0,1.0,B02
201500011376,0,7,0,0.0,2.0,2.0,2.0,A01
201500011377,0,7,0,13.0,0.0,1.0,1.0,A01
201500011378,0,7,0,3.0,0.0,9.0,14.0,A01
201500011379,0,7,0,13.0,0.0,1.0,0.0,A01
201500011380,0,7,0,16.0,0.0,2.0,1.0,A01
201500011381,0,30,0,16.0,0.0,8.0,2.0,A01
201500011382,0,7,0,2.0,0.0,8.0,1.0,A01
201500011383,0,7,0,0.0,2.0,2.0,19.0,B02
201500011383,0,7,0,0.0,2.0,1.0,1.0,A01
201500011384,0,17,0,1.0,9.0,3.0,1.0,A01
201500011384,0,7,0,0.0,2.0,1.0,1.0,C03
201500011384,0,10,0,0.0,2.0,5.0,23.0,B02
201500011385,0,7,0,4.0,0.0,3.0,13.0,A01
201500011386,0,7,0,3.0,0.0,2.0,14.0,A01
201500011387,0,7,0,0.0,2.0,3.0,12.0,A01
201500011387,0,17,0,0.0,2.0,4.0,1.0,B02
201500011388,0,7,0,0.0,2.0,3.0,13.0,A01
201500011388,0,10,0,0.0,2.0,3.0,1.0,B02
201500011389,0,7,0,8.0,0.0,8.0,1.0,A01
201500011390,0,33,0,0.0,0.0,0.0,1.0,A01
201500011391,0,7,0,0.0,0.0,3.0,1.0,A01
201500011391,0,15,0,0.0,0.0,4.0,23.0,B02
201500011391,0,17,0,1.0,0.0,1.0,1.0,C03
201500011392,0,10,0,3.0,0.0,2.0,0.0,A01
201500011393,0,30,0,0.0,2.0,1.0,1.0,B02
201500011393,0,7,0,0.0,2.0,1.0,15.0,A01
201500011394,0,33,0,2.0,0.0,1.0,1.0,A01
201500011395,1,17,0,0.0,1.0,0.0,0.0,A01
201500011396,0,7,0,0.0,2.0,7.0,0.0,A01
201500011397,2,7,0,3.0,0.0,3.0,1.0,A01
201500011398,0,1,0,,2.0,8.0,1.0,B02
201500011398,0,10,0,,2.0,3.0,1.0,A01
201500011399,0,14,0,0.0,0.0,0.0,14.0,A01
201500011400,0,7,0,0.0,1.0,2.0,1.0,A01
201500011401,0,7,0,0.0,2.0,2.0,1.0,B02
201500011401,0,7,0,0.0,0.0,0.0,15.0,A01
201500011401,0,7,0,0.0,2.0,3.0,23.0,C03
201500011402,0,7,0,8.0,0.0,2.0,14.0,A01
201500011403,0,7,0,0.0,0.0,1.0,1.0,B02
201500011403,0,30,0,0.0,2.0,1.0,13.0,A01
201500011404,0,7,0,0.0,2.0,2.0,13.0,A01
201500011404,0,99,0,0.0,0.0,2.0,1.0,B02
201500011405,0,7,0,0.0,1.0,2.0,1.0,A01
201500011406,0,30,0,0.0,2.0,1.0,15.0,B02
201500011406,0,7,0,0.0,2.0,3.0,19.0,A01
201500011407,0,7,0,0.0,0.0,5.0,2.0,B02
201500011407,0,10,0,0.0,2.0,3.0,2.0,A01
201500011408,0,7,0,13.0,2.0,9.0,14.0,A01
201500011408,0,7,0,0.0,2.0,5.0,9.0,B02
201500011409,1,30,0,0.0,0.0,0.0,0.0,Z01
201500011409,0,1,0,0.0,0.0,0.0,0.0,B02
201500011410,0,33,0,0.0,2.0,1.0,2.0,A01
201500011410,0,7,0,0.0,0.0,4.0,2.0,C03
201500011410,0,7,0,0.0,2.0,4.0,2.0,B02
201500011411,0,7,0,0.0,2.0,1.0,9.0,A01
201500011411,0,30,0,0.0,2.0,2.0,1.0,B02
201500011412,0,7,0,0.0,0.0,4.0,15.0,A01
201500011412,0,33,0,0.0,2.0,1.0,13.0,B02
201500011413,0,33,0,0.0,2.0,1.0,2.0,A01
201500011413,0,7,0,0.0,0.0,6.0,2.0,B02
201500011413,0,33,0,0.0,2.0,1.0,21.0,C03
201500011413,0,7,0,0.0,2.0,1.0,1.0,D04
201500011414,0,30,0,0.0,0.0,0.0,1.0,B02
201500011414,0,10,0,0.0,0.0,0.0,15.0,A01
201500011415,0,7,0,0.0,2.0,7.0,1.0,B02
201500011415,0,30,0,0.0,2.0,3.0,19.0,A01
201500011416,0,7,0,0.0,1.0,0.0,1.0,A01
201500011417,0,7,0,0.0,0.0,5.0,1.0,A01
201500011417,0,30,0,0.0,2.0,1.0,19.0,B02
201500011418,0,7,0,0.0,2.0,5.0,1.0,B02
201500011418,0,7,0,8.0,2.0,3.0,9.0,A01
201500011419,0,7,0,16.0,0.0,9.0,1.0,A01
201500011420,0,7,0,0.0,2.0,3.0,1.0,B02
201500011420,0,30,0,0.0,2.0,1.0,5.0,A01
201500011421,0,7,0,0.0,2.0,3.0,1.0,B02
201500011421,0,7,0,5.0,2.0,3.0,13.0,A01
201500011422,0,7,0,0.0,2.0,4.0,2.0,B02
201500011422,0,30,0,1.0,2.0,1.0,2.0,A01
201500011423,0,7,0,2.0,0.0,1.0,18.0,A01
201500011424,0,7,0,0.0,1.0,3.0,1.0,A01
201500011425,0,7,0,0.0,2.0,5.0,20.0,A01
201500011425,0,1,0,0.0,2.0,1.0,1.0,B02
201500011426,0,33,0,0.0,6.0,1.0,1.0,A01
201500011427,0,30,0,0.0,0.0,2.0,11.0,A01
201500011427,0,7,0,0.0,0.0,3.0,1.0,B02
201500011428,0,7,0,11.0,0.0,1.0,0.0,A01
201500011429,0,7,0,13.0,0.0,2.0,17.0,A01
201500011430,0,7,0,3.0,0.0,1.0,1.0,A01
201500011431,0,7,0,2.0,0.0,9.0,14.0,A01
201500011432,0,7,0,15.0,0.0,2.0,1.0,A01
201500011433,0,7,0,0.0,2.0,4.0,2.0,B02
201500011433,0,7,0,0.0,2.0,1.0,2.0,A01
201500011434,0,10,0,0.0,2.0,2.0,17.0,A01
201500011434,0,15,0,0.0,2.0,6.0,1.0,B02
201500011435,0,10,0,0.0,0.0,9.0,14.0,A01
201500011436,0,7,0,0.0,2.0,1.0,1.0,A01
201500011436,0,15,0,0.0,2.0,4.0,1.0,B02
201500011437,0,10,0,3.0,0.0,2.0,1.0,A01
201500011438,0,7,0,13.0,0.0,2.0,0.0,A01
201500011439,0,1,0,0.0,0.0,0.0,0.0,A01
201500011440,0,7,0,3.0,0.0,1.0,9.0,A01
201500011441,0,7,0,5.0,0.0,1.0,14.0,A01
201500011442,0,10,0,0.0,2.0,2.0,2.0,A01
201500011442,0,15,0,0.0,0.0,4.0,2.0,B02
201500011443,0,7,0,4.0,0.0,2.0,14.0,A01
201500011444,0,7,0,0.0,2.0,8.0,21.0,A01
201500011444,0,7,0,0.0,2.0,7.0,2.0,B02
201500011445,0,10,0,0.0,2.0,1.0,1.0,A01
201500011445,0,14,0,0.0,0.0,6.0,1.0,B02
201500011446,0,10,0,0.0,2.0,1.0,17.0,A01
201500011446,0,15,0,0.0,2.0,3.0,17.0,B02
201500011446,0,33,0,3.0,0.0,3.0,21.0,C03
201500011447,0,15,0,1.0,0.0,2.0,3.0,A01
201500011447,0,15,0,0.0,0.0,3.0,0.0,B02
201500011448,0,7,0,3.0,0.0,1.0,1.0,A01
201500011449,0,7,0,3.0,2.0,8.0,0.0,A01
201500011449,0,7,0,3.0,2.0,2.0,0.0,B02
201500011450,0,7,0,4.0,0.0,2.0,1.0,A01
201500011451,0,33,0,16.0,0.0,8.0,0.0,A01
201500011452,0,7,0,4.0,0.0,5.0,1.0,A01
201500011452,0,7,0,1.0,0.0,7.0,1.0,B02
201500011452,0,7,0,1.0,0.0,1.0,1.0,C03
201500011452,0,7,0,0.0,1.0,1.0,1.0,D04
201500011452,0,7,0,0.0,1.0,8.0,0.0,E05
201500011453,0,7,0,3.0,0.0,1.0,1.0,A01
201500011454,0,7,0,4.0,0.0,3.0,1.0,A01
201500011455,0,7,0,0.0,2.0,3.0,1.0,A01
201500011455,0,7,0,0.0,2.0,7.0,1.0,C03
201500011455,0,10,0,4.0,2.0,5.0,1.0,B02
201500011456,0,33,0,0.0,1.0,2.0,21.0,A01
201500011457,0,7,0,11.0,0.0,0.0,1.0,A01
201500011458,0,7,0,0.0,2.0,2.0,0.0,A01
201500011458,0,7,0,0.0,2.0,6.0,0.0,B02
201500011459,0,7,0,0.0,2.0,4.0,1.0,A01
201500011459,0,7,0,0.0,2.0,2.0,12.0,B02
201500011460,0,7,0,4.0,0.0,3.0,13.0,A01
201500011461,0,33,0,0.0,0.0,1.0,1.0,A01
201500011462,0,7,0,6.0,0.0,9.0,1.0,A01
201500011463,0,7,0,6.0,0.0,1.0,15.0,A01
201500011464,0,7,0,0.0,2.0,1.0,2.0,A01
201500011464,0,17,0,0.0,2.0,4.0,2.0,B02
201500011465,0,10,0,0.0,2.0,5.0,17.0,A01
201500011465,0,17,0,0.0,2.0,3.0,1.0,B02
201500011466,0,17,0,0.0,0.0,1.0,21.0,A01
201500011466,0,7,0,0.0,0.0,4.0,23.0,B02
201500011466,0,7,0,0.0,0.0,4.0,23.0,C03
201500011466,0,17,0,0.0,0.0,4.0,23.0,D04
201500011466,0,7,0,0.0,0.0,7.0,23.0,E05
201500011467,0,7,0,0.0,1.0,0.0,1.0,B01
201500011468,0,15,0,0.0,2.0,0.0,1.0,A01
201500011468,0,10,0,0.0,2.0,2.0,11.0,B02
201500011468,0,15,0,0.0,2.0,5.0,1.0,C03
201500011469,0,7,0,0.0,2.0,1.0,2.0,A01
201500011469,0,7,0,0.0,2.0,4.0,2.0,B02
201500011470,0,7,0,0.0,2.0,2.0,3.0,A01
201500011470,0,15,0,0.0,0.0,0.0,1.0,B02
201500011471,0,7,0,4.0,0.0,1.0,1.0,A01
201500011472,0,7,0,3.0,0.0,1.0,1.0,B02
201500011472,0,7,0,3.0,2.0,1.0,1.0,A01
201500011473,0,7,0,0.0,2.0,1.0,19.0,A01
201500011473,0,7,0,0.0,2.0,1.0,2.0,B02
201500011473,0,7,0,0.0,0.0,1.0,0.0,C03
201500011473,0,7,0,0.0,0.0,1.0,0.0,D04
201500011474,0,10,0,14.0,0.0,1.0,1.0,A01
201500011475,0,33,0,4.0,0.0,7.0,1.0,A01
201500011476,0,7,0,13.0,0.0,4.0,23.0,E05
201500011476,0,7,0,0.0,2.0,4.0,23.0,B02
201500011476,0,15,0,0.0,2.0,1.0,1.0,A01
201500011476,0,7,0,13.0,2.0,4.0,23.0,C03
201500011476,0,7,0,4.0,2.0,9.0,23.0,D04
201500011477,0,10,0,3.0,0.0,1.0,1.0,A01
201500011478,0,17,0,0.0,2.0,6.0,1.0,A01
201500011478,0,7,0,0.0,0.0,6.0,2.0,B02
201500011478,0,7,0,0.0,2.0,5.0,0.0,C03
201500011478,0,7,0,0.0,2.0,6.0,2.0,D04
201500011479,0,17,0,0.0,2.0,6.0,1.0,B02
201500011479,0,7,0,0.0,2.0,2.0,17.0,A01
201500011479,0,17,0,1.0,0.0,1.0,1.0,C03
201500011480,0,7,0,4.0,0.0,1.0,1.0,A01
201500011481,0,7,0,6.0,0.0,2.0,17.0,A01
201500011482,0,7,0,4.0,0.0,3.0,1.0,A01
201500011483,0,7,0,0.0,0.0,4.0,1.0,B02
201500011483,0,17,0,0.0,2.0,3.0,1.0,C03
201500011483,0,7,0,0.0,2.0,1.0,1.0,A01
201500011484,0,7,0,0.0,0.0,6.0,2.0,A01
201500011484,0,17,0,0.0,2.0,8.0,21.0,B02
201500011485,0,7,0,0.0,2.0,5.0,17.0,A01
201500011485,0,7,0,3.0,2.0,9.0,1.0,B02
201500011486,0,7,0,0.0,0.0,6.0,2.0,B02
201500011486,0,7,0,0.0,2.0,1.0,2.0,A01
201500011487,0,7,0,0.0,0.0,4.0,2.0,B02
201500011487,0,7,0,0.0,2.0,1.0,21.0,A01
201500011488,0,17,0,0.0,2.0,2.0,1.0,B02
201500011488,0,7,0,0.0,2.0,8.0,1.0,A01
201500011489,0,7,0,0.0,2.0,1.0,21.0,A01
201500011489,0,7,0,3.0,2.0,9.0,17.0,B02
201500011489,0,14,0,0.0,2.0,8.0,1.0,C03
201500011490,0,7,0,3.0,0.0,3.0,1.0,A01
201500011491,0,7,0,3.0,0.0,9.0,11.0,A01
201500011492,0,7,0,0.0,1.0,0.0,1.0,A01
201500011493,0,10,0,3.0,0.0,9.0,1.0,A01
201500011494,0,7,0,0.0,2.0,9.0,1.0,B02
201500011494,0,7,0,0.0,2.0,4.0,1.0,D04
201500011494,0,7,0,0.0,2.0,9.0,1.0,C03
201500011494,0,7,0,0.0,2.0,1.0,1.0,A01
201500011495,0,33,0,0.0,0.0,0.0,2.0,A01
201500011496,0,7,0,0.0,0.0,4.0,23.0,C03
201500011496,0,7,0,0.0,2.0,1.0,2.0,A01
201500011496,0,7,0,0.0,2.0,4.0,23.0,B02
201500011497,0,10,0,3.0,2.0,9.0,1.0,A01
201500011497,0,7,0,0.0,2.0,8.0,1.0,B02
201500011497,0,7,0,0.0,2.0,1.0,0.0,H08
201500011497,0,7,0,0.0,2.0,1.0,1.0,G07
201500011497,0,7,0,0.0,2.0,8.0,1.0,E05
201500011497,0,17,0,0.0,2.0,6.0,1.0,D04
201500011497,0,7,0,0.0,2.0,9.0,1.0,F06
201500011497,0,17,0,0.0,2.0,4.0,1.0,C03
201500011498,0,7,0,0.0,2.0,4.0,2.0,B02
201500011498,0,33,0,0.0,2.0,1.0,2.0,A01
201500011499,0,7,0,0.0,2.0,1.0,2.0,B02
201500011499,0,7,0,0.0,2.0,1.0,2.0,D04
201500011499,0,7,0,0.0,2.0,1.0,2.0,C03
201500011499,0,7,0,0.0,0.0,4.0,2.0,A01
201500011500,0,14,0,0.0,1.0,1.0,0.0,C01
201500011501,0,10,0,0.0,2.0,4.0,2.0,B02
201500011501,0,7,0,0.0,2.0,1.0,2.0,A01
201500011502,0,7,0,0.0,0.0,5.0,19.0,B02
201500011502,0,7,0,0.0,2.0,1.0,1.0,A01
201500011503,0,10,0,0.0,2.0,4.0,2.0,B02
201500011503,0,14,0,0.0,2.0,2.0,2.0,A01
201500011504,0,7,0,0.0,2.0,2.0,2.0,A01
201500011505,0,7,0,4.0,0.0,1.0,17.0,A01
201500011506,0,7,0,0.0,1.0,3.0,21.0,B01
201500011507,0,7,0,0.0,0.0,4.0,1.0,A01
201500011507,0,15,0,0.0,2.0,1.0,0.0,B02
201500011508,0,7,0,4.0,0.0,3.0,1.0,A01
201500011509,1,7,0,0.0,2.0,4.0,1.0,A01
201500011509,0,7,0,0.0,0.0,6.0,1.0,B02
201500011510,0,10,0,0.0,2.0,3.0,13.0,A01
201500011510,0,7,0,0.0,2.0,3.0,1.0,B02
201500011511,0,30,0,0.0,0.0,0.0,1.0,A01
201500011512,1,7,0,14.0,1.0,2.0,1.0,A01
201500011513,0,10,0,8.0,0.0,2.0,2.0,A01
201500011514,0,7,0,0.0,1.0,2.0,1.0,A01
201500011515,0,10,0,3.0,0.0,3.0,19.0,A01
201500011516,0,33,0,0.0,2.0,8.0,2.0,A01
201500011517,0,7,0,0.0,2.0,7.0,17.0,B02
201500011517,0,33,0,0.0,2.0,8.0,13.0,A01
201500011518,0,15,0,0.0,2.0,8.0,1.0,B02
201500011518,0,7,0,3.0,2.0,0.0,17.0,A01
201500011519,0,10,0,0.0,0.0,1.0,0.0,A01
201500011519,0,17,0,0.0,0.0,6.0,0.0,B02
201500011520,0,7,0,4.0,2.0,2.0,13.0,A01
201500011520,0,38,1,0.0,2.0,1.0,1.0,B02
201500011521,0,7,0,4.0,0.0,1.0,13.0,A01
201500011522,0,7,0,0.0,2.0,1.0,2.0,B02
201500011522,0,7,0,0.0,2.0,4.0,1.0,A01
201500011523,0,10,0,13.0,0.0,3.0,0.0,A01
201500011524,0,7,0,0.0,0.0,6.0,2.0,B02
201500011524,0,33,0,0.0,2.0,1.0,2.0,A01
201500011525,0,15,0,0.0,0.0,4.0,0.0,B02
201500011525,0,7,0,0.0,2.0,1.0,2.0,A01
201500011526,0,7,0,4.0,0.0,3.0,1.0,A01
201500011527,0,15,0,4.0,0.0,8.0,0.0,A01
201500011527,0,7,0,14.0,0.0,1.0,1.0,B02
201500011528,0,7,0,0.0,1.0,2.0,1.0,A01
201500011529,0,7,0,1.0,0.0,2.0,21.0,A01
201500011529,0,7,0,0.0,0.0,6.0,24.0,B02
201500011530,0,7,0,0.0,2.0,1.0,0.0,A01
201500011530,0,17,0,0.0,0.0,4.0,0.0,B02
201500011531,0,31,0,0.0,0.0,8.0,1.0,A01
201500011532,0,17,0,3.0,0.0,8.0,9.0,A01
201500011533,0,7,0,0.0,0.0,4.0,2.0,B02
201500011533,0,33,0,0.0,2.0,1.0,2.0,A01
201500011534,0,7,0,4.0,0.0,3.0,13.0,A01
201500011534,0,7,0,0.0,9.0,8.0,1.0,B02
201500011535,0,7,0,3.0,0.0,1.0,0.0,A01
201500011536,0,7,0,1.0,1.0,6.0,24.0,C03
201500011536,2,10,0,1.0,1.0,1.0,1.0,B02
201500011537,0,15,0,1.0,1.0,7.0,1.0,A01
201500011538,0,7,0,13.0,0.0,2.0,1.0,A01
201500011539,0,7,0,0.0,2.0,1.0,2.0,A01
201500011539,0,7,0,0.0,2.0,4.0,2.0,B02
201500011540,0,7,0,3.0,0.0,1.0,1.0,A01
201500011541,0,14,0,0.0,0.0,6.0,0.0,A01
201500011541,0,10,0,0.0,2.0,2.0,0.0,B02
201500011542,0,10,0,0.0,0.0,2.0,12.0,B02
201500011542,0,15,0,0.0,0.0,6.0,2.0,A01
201500011543,1,99,0,0.0,2.0,0.0,0.0,Z01
201500011543,0,7,0,0.0,2.0,4.0,2.0,B02
201500011543,0,7,0,0.0,0.0,6.0,2.0,C03
201500011544,0,7,0,4.0,6.0,1.0,2.0,A01
201500011545,0,16,0,0.0,0.0,0.0,2.0,B02
201500011545,0,7,0,14.0,2.0,2.0,13.0,A01
201500011546,0,10,0,0.0,2.0,1.0,2.0,A01
201500011546,0,15,0,0.0,2.0,4.0,2.0,B02
201500011547,0,16,0,0.0,2.0,4.0,2.0,B02
201500011547,0,17,0,0.0,2.0,1.0,2.0,A01
201500011547,0,17,0,0.0,2.0,4.0,1.0,C03
201500011548,0,15,0,14.0,0.0,2.0,2.0,C03
201500011548,0,38,40,0.0,0.0,0.0,17.0,D04
201500011548,0,17,0,0.0,0.0,4.0,23.0,A01
201500011548,0,17,0,14.0,0.0,1.0,2.0,B02
201500011549,0,7,0,1.0,1.0,7.0,14.0,A01
201500011550,0,7,0,1.0,0.0,1.0,1.0,A01
201500011550,0,16,0,0.0,0.0,0.0,24.0,B02
201500011551,0,15,0,0.0,2.0,1.0,1.0,B02
201500011551,0,7,0,0.0,0.0,4.0,11.0,A01
201500011552,0,15,0,0.0,0.0,6.0,1.0,B02
201500011552,0,10,0,0.0,2.0,7.0,3.0,A01
201500011553,0,7,0,3.0,0.0,4.0,1.0,A01
201500011554,0,7,0,0.0,0.0,9.0,14.0,A01
201500011555,0,10,0,0.0,0.0,1.0,2.0,A01
201500011555,0,7,0,0.0,0.0,4.0,2.0,B02
201500011556,0,7,0,0.0,2.0,1.0,2.0,A01
201500011556,0,7,0,0.0,0.0,4.0,2.0,B02
201500011557,0,38,0,0.0,1.0,7.0,22.0,A01
201500011558,0,7,0,3.0,0.0,2.0,0.0,A01
201500011559,0,7,0,13.0,0.0,7.0,14.0,A01
201500011560,0,7,0,0.0,0.0,0.0,24.0,E05
201500011560,0,17,0,1.0,0.0,1.0,2.0,C03
201500011560,0,17,0,0.0,0.0,0.0,1.0,A01
201500011561,0,7,0,0.0,0.0,8.0,1.0,A01
201500011562,0,7,0,3.0,0.0,9.0,14.0,A01
201500011563,0,7,0,6.0,0.0,1.0,1.0,A01
201500011564,0,14,0,1.0,2.0,4.0,2.0,D04
201500011564,0,15,0,1.0,2.0,1.0,2.0,A01
201500011564,0,14,0,0.0,2.0,4.0,2.0,C03
201500011564,0,14,0,0.0,2.0,4.0,24.0,B02
201500011565,0,17,0,0.0,0.0,6.0,23.0,A01
201500011565,0,7,0,0.0,2.0,2.0,2.0,B02