Num_Acc,senc,catv,occutc,obs,obsm,choc,manv,num_veh
201500011827,0,33,0,0.0,2.0,1.0,2.0,A01
201500011827,0,7,0,0.0,2.0,6.0,2.0,B02
201500011828,0,10,0,0.0,2.0,1.0,1.0,C03
201500011828,0,10,0,0.0,2.0,7.0,1.0,D04
201500011828,0,7,0,0.0,2.0,1.0,1.0,A01
201500011828,0,17,0,0.0,2.0,4.0,1.0,B02
201500011829,0,7,0,0.0,2.0,4.0,1.0,E05
201500011829,0,7,0,0.0,2.0,4.0,1.0,D04
201500011829,0,7,0,0.0,2.0,1.0,1.0,A01
201500011829,0,7,0,0.0,2.0,4.0,1.0,C03
201500011829,0,7,0,0.0,2.0,4.0,1.0,F06
201500011829,0,7,0,3.0,0.0,4.0,1.0,B02
201500011830,0,7,0,0.0,2.0,1.0,1.0,D04
201500011830,0,7,0,0.0,0.0,4.0,1.0,B02
201500011830,0,7,0,0.0,2.0,1.0,1.0,A01
201500011830,0,7,0,0.0,2.0,4.0,1.0,C03
201500011831,0,15,0,0.0,0.0,0.0,1.0,A01
201500011831,0,7,0,0.0,9.0,1.0,1.0,B02
201500011832,0,33,0,0.0,2.0,2.0,12.0,A01
201500011832,0,7,0,0.0,2.0,3.0,11.0,B02
201500011833,0,15,0,0.0,0.0,7.0,0.0,A01
201500011834,0,17,0,1.0,1.0,2.0,14.0,A01
201500011835,0,38,30,14.0,2.0,1.0,2.0,B02
201500011835,0,7,0,3.0,2.0,8.0,13.0,A01
201500011836,0,10,0,3.0,0.0,6.0,1.0,A01
201500011836,0,7,0,0.0,9.0,1.0,1.0,B02
201500011837,0,7,0,0.0,9.0,1.0,0.0,A01
201500011838,0,10,0,0.0,2.0,1.0,2.0,A01
201500011838,0,7,0,0.0,2.0,4.0,2.0,C03
201500011838,0,7,0,0.0,0.0,4.0,2.0,E05
201500011838,0,10,0,0.0,2.0,4.0,2.0,D04
201500011838,0,33,0,0.0,2.0,4.0,2.0,B02
201500011839,0,17,0,0.0,2.0,8.0,1.0,A01
201500011839,0,7,0,3.0,2.0,1.0,1.0,B02
201500011840,0,7,0,3.0,2.0,3.0,1.0,B02
201500011840,0,14,0,3.0,2.0,3.0,6.0,A01
201500011841,0,15,0,0.0,2.0,2.0,21.0,A01
201500011841,0,7,0,0.0,2.0,3.0,23.0,B02
201500011842,0,15,0,1.0,0.0,2.0,14.0,A01
201500011842,0,10,0,0.0,0.0,6.0,24.0,B02
201500011843,0,7,0,4.0,0.0,3.0,1.0,A01
201500011844,0,14,0,3.0,0.0,8.0,1.0,A01
201500011845,0,10,0,0.0,2.0,2.0,13.0,A01
201500011845,0,7,0,0.0,2.0,6.0,1.0,B02
201500011846,0,7,0,4.0,0.0,9.0,1.0,A01
201500011847,0,7,0,0.0,1.0,2.0,2.0,A01
201500011848,0,7,0,0.0,2.0,2.0,17.0,B02
201500011848,0,14,0,0.0,2.0,6.0,11.0,A01
201500011849,0,7,0,3.0,0.0,7.0,14.0,A01
201500011850,0,10,0,0.0,0.0,9.0,0.0,A01
201500011851,0,7,0,0.0,2.0,4.0,2.0,A01
201500011851,0,7,0,0.0,2.0,1.0,2.0,B02
201500011852,0,7,0,3.0,2.0,3.0,1.0,A01
201500011852,0,17,0,0.0,2.0,6.0,1.0,B02
201500011853,0,14,0,4.0,0.0,1.0,13.0,A01
201500011854,0,33,0,0.0,1.0,1.0,1.0,A01
201500011855,0,7,0,0.0,2.0,8.0,1.0,B02
201500011855,0,33,0,0.0,2.0,2.0,17.0,A01
201500011856,0,7,0,0.0,2.0,8.0,10.0,B02
201500011856,0,33,0,0.0,2.0,1.0,2.0,A01
201500011857,0,1,0,0.0,2.0,1.0,1.0,B02
201500011857,0,7,0,0.0,0.0,5.0,15.0,A01
201500011858,0,7,0,0.0,1.0,2.0,19.0,A01
201500011859,0,10,0,0.0,2.0,1.0,1.0,B02
201500011859,0,7,0,0.0,2.0,1.0,13.0,A01
201500011860,0,33,0,0.0,2.0,1.0,17.0,B02
201500011860,0,7,0,0.0,2.0,8.0,15.0,A01
201500011861,0,1,0,0.0,2.0,1.0,19.0,A01
201500011861,0,7,0,0.0,9.0,6.0,1.0,B02
201500011862,0,10,0,0.0,1.0,7.0,16.0,A01
201500011863,0,7,0,0.0,2.0,1.0,1.0,A01
201500011863,0,7,0,0.0,2.0,3.0,15.0,B02
201500011864,0,17,0,0.0,9.0,0.0,2.0,A01
201500011864,0,1,0,0.0,2.0,0.0,2.0,B02
201500011865,0,7,0,0.0,2.0,7.0,13.0,A01
201500011865,0,7,0,0.0,2.0,1.0,1.0,B02
201500011866,0,33,0,3.0,0.0,7.0,1.0,A01
201500011867,0,10,0,0.0,2.0,1.0,19.0,A01
201500011867,0,7,0,0.0,2.0,8.0,1.0,B02
201500011868,0,7,0,0.0,0.0,5.0,0.0,A01
201500011868,0,1,0,0.0,0.0,1.0,0.0,B02
201500011869,0,7,0,13.0,0.0,3.0,2.0,A01
201500011870,0,7,0,0.0,2.0,3.0,2.0,A01
201500011870,0,30,0,0.0,2.0,4.0,23.0,B01
201500011870,0,10,0,0.0,2.0,3.0,1.0,C01
201500011871,0,99,0,0.0,0.0,0.0,1.0,A01
201500011871,0,7,0,0.0,2.0,3.0,1.0,B02
201500011872,0,30,0,0.0,2.0,1.0,19.0,A01
201500011872,0,7,0,0.0,2.0,2.0,1.0,B02
201500011873,0,32,0,0.0,2.0,3.0,17.0,A01
201500011873,0,7,0,0.0,2.0,3.0,15.0,B02
201500011874,0,30,0,0.0,2.0,1.0,5.0,A01
201500011874,0,7,0,0.0,2.0,8.0,1.0,B02
201500011875,0,10,0,0.0,2.0,3.0,21.0,A01
201500011875,0,7,0,0.0,2.0,9.0,15.0,B02
201500011875,0,17,0,0.0,2.0,3.0,1.0,C03
201500011876,0,7,0,0.0,2.0,5.0,15.0,B02
201500011876,0,33,0,0.0,2.0,1.0,1.0,A01
201500011877,0,7,0,0.0,2.0,2.0,17.0,A01
201500011877,0,1,0,0.0,2.0,8.0,15.0,B02
201500011878,0,7,0,0.0,2.0,8.0,9.0,A01
201500011878,0,7,0,0.0,2.0,1.0,1.0,B02
201500011879,0,7,0,0.0,2.0,1.0,17.0,A01
201500011879,0,7,0,0.0,2.0,1.0,1.0,B02
201500011880,0,7,0,8.0,0.0,8.0,1.0,A01
201500011881,0,7,0,2.0,0.0,1.0,1.0,A01
201500011881,0,7,0,1.0,0.0,3.0,0.0,B02
201500011881,0,7,0,1.0,0.0,3.0,0.0,C03
201500011881,0,7,0,1.0,0.0,1.0,0.0,D04
201500011882,0,10,0,0.0,1.0,2.0,1.0,A01
201500011883,0,7,0,9.0,2.0,2.0,0.0,A01
201500011883,0,33,0,0.0,2.0,3.0,0.0,B02
201500011884,0,7,0,13.0,0.0,3.0,0.0,A01
201500011885,0,1,0,1.0,0.0,1.0,1.0,A01
201500011885,0,7,0,0.0,0.0,6.0,23.0,B02
201500011886,0,7,0,0.0,2.0,1.0,5.0,A01
201500011886,0,7,0,0.0,2.0,1.0,1.0,B02
201500011887,0,7,0,2.0,0.0,1.0,13.0,A01
201500011888,0,7,0,3.0,0.0,1.0,13.0,A01
201500011889,0,33,0,8.0,0.0,3.0,1.0,A01
201500011890,0,7,0,0.0,2.0,1.0,5.0,A01
201500011890,0,10,0,0.0,2.0,1.0,1.0,B02
201500011891,0,10,0,0.0,2.0,1.0,5.0,A01
201500011891,0,7,0,0.0,2.0,1.0,5.0,B02
201500011892,0,7,0,2.0,0.0,2.0,13.0,A01
201500011893,0,10,0,13.0,0.0,3.0,0.0,A01
201500011894,0,10,0,0.0,2.0,1.0,1.0,A01
201500011894,0,7,0,0.0,2.0,3.0,1.0,B02
201500011895,0,33,0,0.0,2.0,1.0,18.0,A01
201500011895,0,7,0,0.0,0.0,5.0,2.0,B02
201500011896,0,7,0,0.0,2.0,3.0,1.0,A01
201500011896,0,7,0,0.0,2.0,3.0,1.0,B02
201500011897,0,7,0,0.0,2.0,7.0,19.0,A01
201500011897,0,7,0,0.0,2.0,1.0,1.0,B02
201500011898,0,10,0,0.0,2.0,1.0,1.0,C03
201500011898,0,14,0,0.0,2.0,1.0,1.0,B02
201500011898,0,10,0,0.0,2.0,3.0,14.0,A01
201500011899,0,30,0,0.0,0.0,0.0,1.0,A01
201500011900,0,33,0,16.0,0.0,0.0,1.0,A01
201500011901,0,10,0,0.0,1.0,3.0,1.0,A01
201500011902,0,7,0,0.0,2.0,8.0,13.0,A01
201500011902,0,7,0,0.0,2.0,8.0,1.0,B02
201500011902,0,7,0,0.0,2.0,1.0,1.0,C03
201500011903,0,7,0,0.0,2.0,1.0,1.0,A01
201500011903,0,7,0,0.0,2.0,6.0,2.0,B02
201500011903,0,10,0,0.0,2.0,3.0,1.0,C03
201500011904,0,7,0,0.0,2.0,2.0,1.0,A01
201500011904,0,10,0,0.0,2.0,3.0,1.0,B02
201500011904,0,7,0,0.0,2.0,3.0,1.0,C03
201500011905,0,7,0,0.0,1.0,1.0,1.0,A01
201500011906,0,7,0,0.0,1.0,8.0,1.0,A01
201500011907,0,7,0,0.0,0.0,2.0,0.0,A01
201500011908,0,7,0,3.0,0.0,3.0,1.0,A01
201500011909,0,7,0,4.0,0.0,3.0,21.0,A01
201500011910,0,7,0,0.0,2.0,6.0,2.0,B02
201500011910,0,33,0,0.0,2.0,3.0,2.0,A01
201500011911,0,7,0,0.0,2.0,1.0,13.0,A01
201500011911,0,7,0,0.0,2.0,1.0,1.0,B02
201500011912,0,33,0,4.0,0.0,8.0,2.0,A01
201500011913,0,7,0,0.0,0.0,8.0,1.0,B02
201500011913,0,7,0,0.0,0.0,2.0,12.0,A01
201500011914,0,7,0,4.0,0.0,9.0,0.0,A01
201500011915,0,7,0,0.0,0.0,4.0,23.0,B02
201500011915,0,7,0,0.0,2.0,1.0,2.0,A01
201500011916,0,7,0,14.0,0.0,1.0,1.0,A01
201500011917,0,7,0,0.0,2.0,7.0,1.0,A01
201500011917,0,7,0,0.0,2.0,1.0,1.0,B01
201500011918,2,7,0,1.0,2.0,1.0,0.0,B01
201500011918,0,7,0,2.0,0.0,7.0,0.0,A01
201500011919,0,7,0,0.0,1.0,1.0,1.0,A01
201500011920,0,7,0,0.0,1.0,2.0,1.0,A01
201500011921,0,7,0,0.0,1.0,1.0,1.0,A01
201500011922,0,7,0,0.0,1.0,1.0,0.0,A01
201500011923,0,7,0,0.0,2.0,6.0,23.0,B02
201500011923,0,17,0,1.0,0.0,2.0,0.0,A01
201500011924,0,7,0,0.0,2.0,3.0,1.0,A01
201500011924,0,7,0,0.0,2.0,3.0,1.0,B02
201500011924,0,14,0,0.0,2.0,3.0,1.0,C03
201500011925,0,10,0,0.0,2.0,2.0,2.0,A01
201500011925,0,7,0,0.0,0.0,6.0,2.0,B02
201500011926,0,7,0,13.0,0.0,1.0,1.0,A01
201500011927,0,7,0,0.0,2.0,1.0,2.0,A01
201500011927,0,7,0,0.0,0.0,4.0,23.0,B02
201500011928,0,7,0,0.0,2.0,2.0,17.0,A01
201500011928,0,7,0,0.0,2.0,6.0,1.0,B02
201500011929,0,7,0,0.0,2.0,1.0,21.0,B02
201500011929,0,7,0,0.0,2.0,1.0,21.0,C03
201500011929,0,7,0,3.0,0.0,1.0,23.0,A01
201500011930,0,38,0,0.0,0.0,0.0,0.0,B02
201500011930,0,7,0,3.0,0.0,3.0,21.0,A01
201500011931,0,14,0,0.0,2.0,1.0,1.0,A01
201500011931,0,7,0,0.0,2.0,4.0,1.0,B02
201500011931,0,7,0,0.0,2.0,4.0,1.0,C03
201500011931,0,7,0,0.0,2.0,4.0,1.0,D04
201500011931,0,37,0,0.0,0.0,6.0,23.0,E05
201500011932,0,10,0,0.0,0.0,8.0,24.0,B02
201500011932,0,14,0,1.0,0.0,2.0,14.0,A01
201500011933,0,10,0,8.0,0.0,1.0,14.0,A01
201500011934,0,7,0,2.0,0.0,2.0,13.0,A01
201500011935,0,21,0,13.0,0.0,2.0,14.0,A01
201500011936,0,7,0,8.0,0.0,8.0,1.0,A01
201500011937,0,7,0,0.0,2.0,2.0,1.0,B02
201500011937,0,7,0,0.0,2.0,2.0,13.0,A01
201500011938,0,7,0,1.0,1.0,1.0,1.0,A01
201500011939,0,7,0,0.0,2.0,3.0,13.0,A01
201500011939,0,13,0,0.0,2.0,3.0,1.0,B02
201500011940,0,7,0,13.0,0.0,1.0,14.0,A01
201500011941,0,10,0,0.0,1.0,2.0,1.0,A01
201500011942,0,7,0,0.0,2.0,1.0,2.0,B02
201500011942,0,7,0,0.0,2.0,4.0,1.0,A01
201500011943,0,7,0,10.0,0.0,3.0,1.0,A01
201500011944,0,33,0,0.0,2.0,1.0,1.0,A01
201500011944,0,7,0,0.0,0.0,3.0,9.0,B02
201500011945,0,7,0,0.0,0.0,7.0,15.0,A01
201500011945,0,34,0,0.0,2.0,1.0,1.0,B02
201500011946,0,7,0,0.0,2.0,2.0,5.0,A01
201500011946,0,7,0,0.0,2.0,3.0,1.0,B02
201500011947,0,7,0,0.0,0.0,6.0,15.0,A01
201500011947,0,1,0,0.0,2.0,1.0,17.0,B02
201500011948,0,7,0,0.0,0.0,1.0,13.0,B02
201500011948,0,10,0,0.0,0.0,3.0,1.0,A01
201500011949,0,33,0,0.0,0.0,0.0,0.0,A01
201500011949,0,7,0,0.0,2.0,3.0,1.0,B02
201500011950,0,1,0,0.0,2.0,4.0,2.0,B02
201500011950,0,7,0,0.0,9.0,2.0,2.0,A01
201500011951,0,7,0,0.0,2.0,3.0,1.0,C03
201500011951,0,7,0,0.0,2.0,1.0,1.0,B02
201500011951,0,7,0,0.0,2.0,1.0,5.0,A01
201500011952,0,7,0,13.0,0.0,1.0,14.0,A01
201500011953,0,7,0,0.0,9.0,3.0,1.0,B02
201500011953,0,1,0,0.0,2.0,3.0,13.0,A01
201500011954,0,1,0,10.0,0.0,5.0,1.0,A01
201500011955,0,33,0,3.0,0.0,7.0,1.0,A01
201500011956,0,33,0,13.0,0.0,1.0,1.0,B02
201500011956,0,33,0,13.0,0.0,1.0,1.0,A01
201500011957,0,7,0,2.0,0.0,7.0,11.0,A01
201500011958,0,7,0,3.0,0.0,3.0,0.0,A01
201500011959,0,7,0,2.0,0.0,1.0,19.0,A01
201500011960,0,13,0,0.0,0.0,3.0,13.0,A01
201500011961,0,7,0,3.0,0.0,1.0,1.0,A01
201500011962,0,17,0,0.0,2.0,4.0,23.0,C03
201500011962,0,17,0,0.0,2.0,4.0,23.0,A01
201500011962,0,17,0,0.0,2.0,1.0,23.0,D04
201500011962,0,17,0,0.0,2.0,4.0,23.0,B02
201500011963,0,7,0,4.0,0.0,1.0,0.0,A01
201500011964,0,13,0,0.0,2.0,1.0,1.0,A01
201500011964,0,7,0,0.0,2.0,6.0,0.0,B02
201500011964,0,7,0,0.0,2.0,2.0,0.0,E05
201500011964,0,7,0,0.0,2.0,4.0,0.0,C03
201500011964,0,7,0,0.0,2.0,6.0,0.0,D04
201500011965,0,7,0,0.0,0.0,3.0,23.0,A01
201500011965,0,17,0,1.0,0.0,2.0,1.0,B02
201500011966,0,7,0,14.0,0.0,1.0,0.0,C03
201500011966,0,7,0,3.0,0.0,1.0,0.0,A01
201500011966,0,7,0,14.0,0.0,3.0,0.0,B02
201500011967,0,7,0,3.0,0.0,2.0,0.0,A01
201500011968,0,7,0,13.0,0.0,1.0,1.0,A01
201500011969,0,17,0,0.0,0.0,7.0,15.0,A01
201500011970,0,7,0,0.0,2.0,1.0,2.0,A01
201500011970,0,15,0,0.0,2.0,4.0,0.0,B02
201500011971,0,7,0,3.0,0.0,3.0,1.0,A01
201500011972,0,7,0,3.0,0.0,2.0,1.0,A01
201500011973,0,7,0,13.0,0.0,9.0,14.0,A01
201500011974,0,7,0,3.0,0.0,3.0,2.0,A01
201500011975,0,7,0,13.0,0.0,1.0,14.0,A01
201500011976,0,7,0,13.0,0.0,2.0,1.0,A01
201500011977,0,30,0,0.0,2.0,8.0,1.0,A01
201500011977,0,7,0,0.0,2.0,8.0,23.0,C03
201500011977,0,38,2,0.0,2.0,3.0,1.0,B02
201500011978,0,17,0,0.0,1.0,2.0,1.0,A01
201500011979,0,10,0,0.0,2.0,8.0,15.0,A01
201500011979,0,15,0,0.0,2.0,1.0,17.0,B02
201500011980,0,14,0,2.0,0.0,8.0,1.0,A01
201500011981,0,7,0,0.0,2.0,3.0,13.0,A01
201500011981,0,15,0,0.0,0.0,0.0,1.0,B02
201500011981,0,7,0,0.0,2.0,1.0,1.0,C03
201500011981,0,7,0,0.0,2.0,2.0,1.0,D04
201500011981,0,99,0,0.0,2.0,8.0,1.0,E05
201500011982,0,15,0,0.0,2.0,2.0,1.0,A01
201500011982,0,21,0,0.0,2.0,6.0,1.0,B02
201500011983,0,33,0,0.0,2.0,1.0,13.0,A01
201500011983,0,37,41,0.0,2.0,1.0,1.0,B02
201500011984,0,10,0,3.0,0.0,3.0,1.0,A01
201500011985,0,7,0,0.0,2.0,4.0,2.0,A01
201500011985,0,7,0,0.0,2.0,1.0,2.0,B02
201500011985,0,10,0,0.0,2.0,2.0,21.0,C03
201500011986,0,7,0,0.0,2.0,1.0,5.0,A01
201500011986,0,7,0,0.0,2.0,3.0,1.0,B02
201500011987,0,33,0,0.0,0.0,9.0,18.0,A01
201500011988,0,7,0,0.0,9.0,8.0,1.0,C03
201500011988,0,7,0,0.0,2.0,3.0,17.0,A01
201500011988,0,7,0,0.0,2.0,5.0,17.0,B02
201500011989,0,7,0,0.0,2.0,1.0,0.0,B02
201500011989,0,17,0,0.0,2.0,1.0,0.0,A01
201500011990,0,7,0,3.0,0.0,3.0,1.0,A01
201500011991,0,7,0,0.0,2.0,3.0,1.0,A01
201500011991,0,17,0,0.0,2.0,6.0,1.0,B02
201500011992,0,14,0,13.0,0.0,7.0,2.0,A01
201500011993,0,17,0,3.0,0.0,7.0,1.0,A01
201500011994,0,7,0,4.0,0.0,1.0,1.0,A01
201500011995,0,7,0,3.0,0.0,2.0,1.0,A01
201500011996,0,7,0,0.0,0.0,0.0,2.0,A01
201500011997,0,7,0,0.0,0.0,4.0,1.0,A01
201500011997,0,33,0,0.0,2.0,1.0,2.0,B02
201500011998,0,33,0,0.0,2.0,1.0,1.0,A01
201500011998,0,10,0,0.0,2.0,5.0,1.0,B02
201500011999,0,7,0,0.0,2.0,3.0,5.0,A01
201500011999,0,14,0,0.0,2.0,8.0,5.0,B02
201500012000,0,10,0,16.0,0.0,9.0,14.0,A01
201500012001,0,1,0,6.0,0.0,1.0,1.0,A01
201500012002,0,1,0,0.0,0.0,1.0,1.0,B02
201500012002,0,7,0,0.0,0.0,6.0,15.0,A01
201500012003,0,7,0,0.0,5.0,1.0,1.0,A01
201500012004,0,14,0,0.0,2.0,4.0,2.0,B02
201500012004,0,7,0,0.0,2.0,1.0,2.0,A01
201500012005,0,34,0,0.0,0.0,5.0,0.0,B02
201500012005,0,33,0,0.0,2.0,3.0,2.0,A01
201500012006,0,7,0,0.0,2.0,4.0,2.0,B02
201500012006,0,7,0,0.0,2.0,1.0,2.0,C03
201500012006,0,7,0,0.0,2.0,4.0,2.0,A01
201500012007,0,14,0,0.0,2.0,2.0,2.0,A01
201500012007,0,33,0,0.0,0.0,4.0,2.0,B02
201500012008,0,7,0,0.0,2.0,1.0,2.0,A01
201500012008,0,7,0,0.0,0.0,4.0,2.0,B02
201500012009,0,7,0,3.0,0.0,1.0,21.0,A01
201500012009,0,7,0,3.0,0.0,2.0,21.0,B02
201500012010,0,10,0,0.0,0.0,4.0,24.0,B02
201500012010,0,10,0,1.0,0.0,1.0,2.0,A01
201500012011,0,33,0,0.0,0.0,9.0,1.0,B02
201500012011,0,10,0,0.0,0.0,7.0,12.0,A01
201500012012,0,33,0,0.0,0.0,7.0,11.0,A01
201500012013,0,17,0,0.0,2.0,4.0,2.0,A01
201500012013,0,7,0,0.0,2.0,1.0,2.0,B02
201500012014,0,32,0,0.0,2.0,1.0,2.0,A01
201500012014,0,10,0,0.0,0.0,4.0,2.0,B02
201500012015,0,14,0,0.0,2.0,6.0,2.0,B02
201500012015,0,33,0,0.0,2.0,1.0,2.0,A01
201500012016,0,32,0,0.0,2.0,8.0,0.0,B02
201500012016,0,7,0,0.0,2.0,5.0,17.0,A01
201500012017,0,33,0,0.0,0.0,1.0,12.0,A01
201500012017,0,7,0,0.0,0.0,6.0,12.0,B02
201500012018,0,32,0,0.0,9.0,7.0,1.0,A01
201500012019,0,31,0,0.0,0.0,8.0,18.0,A01
201500012020,0,38,1,4.0,2.0,8.0,2.0,A01
201500012020,0,10,0,0.0,2.0,4.0,2.0,B02
201500012020,0,7,0,0.0,2.0,4.0,2.0,C03
201500012020,0,33,0,0.0,2.0,4.0,23.0,D04
201500012020,0,7,0,6.0,0.0,0.0,24.0,E05
201500012020,0,7,0,0.0,2.0,2.0,1.0,F06
201500012021,0,7,0,0.0,2.0,8.0,11.0,A01
201500012021,0,34,0,0.0,2.0,7.0,1.0,B02
201500012022,0,7,0,0.0,2.0,7.0,2.0,L12
201500012022,0,7,0,0.0,2.0,4.0,2.0,I09
201500012022,0,7,0,0.0,2.0,4.0,2.0,G07
201500012022,0,7,0,0.0,2.0,4.0,2.0,J10
201500012022,0,7,0,0.0,2.0,4.0,2.0,M13
201500012022,0,10,0,0.0,2.0,4.0,2.0,O15
201500012022,0,7,0,0.0,2.0,8.0,2.0,F06
201500012022,0,7,0,0.0,2.0,4.0,2.0,P16
201500012022,0,7,0,0.0,0.0,4.0,2.0,D04
201500012022,0,7,0,0.0,0.0,4.0,2.0,C03
201500012022,0,15,0,0.0,2.0,1.0,6.0,A01
201500012022,0,10,0,0.0,2.0,3.0,2.0,H08
201500012022,0,10,0,0.0,2.0,7.0,2.0,K11
201500012022,0,33,0,0.0,2.0,4.0,2.0,B02
201500012022,0,10,0,0.0,2.0,7.0,2.0,N14
201500012022,0,10,0,0.0,2.0,4.0,2.0,E05
201500012023,0,33,0,0.0,2.0,2.0,3.0,A01
201500012023,0,14,0,0.0,2.0,6.0,1.0,B02
201500012024,0,10,0,0.0,2.0,2.0,19.0,A01
201500012024,0,33,0,0.0,2.0,1.0,1.0,B02
201500012025,0,33,0,0.0,2.0,1.0,2.0,A01
201500012025,0,14,0,0.0,2.0,6.0,1.0,B02
201500012026,0,7,0,3.0,0.0,2.0,1.0,A01
201500012027,0,33,0,0.0,2.0,1.0,2.0,A01
201500012027,0,7,0,0.0,0.0,4.0,2.0,B02
201500012028,0,7,0,9.0,0.0,1.0,0.0,A01
201500012029,0,7,0,7.0,0.0,9.0,0.0,A01
201500012030,0,7,0,14.0,0.0,1.0,1.0,A01
201500012031,0,17,0,0.0,2.0,1.0,1.0,A01
201500012031,0,7,0,0.0,2.0,4.0,23.0,C03
201500012031,0,7,0,0.0,2.0,4.0,23.0,B02
201500012031,0,17,0,0.0,2.0,4.0,23.0,D04
201500012032,0,7,0,0.0,2.0,2.0,17.0,A01
201500012032,0,15,0,0.0,0.0,6.0,1.0,B02
201500012033,0,7,0,3.0,0.0,9.0,13.0,A01
201500012034,0,7,0,13.0,0.0,9.0,14.0,A01
201500012035,0,7,0,0.0,2.0,3.0,5.0,A01
201500012035,0,7,0,4.0,0.0,7.0,1.0,C03
201500012035,0,7,0,0.0,2.0,3.0,1.0,B02
201500012036,0,14,0,13.0,0.0,1.0,1.0,A01
201500012037,0,10,0,1.0,0.0,1.0,0.0,B02
201500012037,0,7,0,0.0,0.0,3.0,5.0,A01
201500012038,0,38,0,0.0,2.0,7.0,1.0,B02
201500012038,0,10,0,3.0,2.0,1.0,11.0,A01
201500012039,0,7,0,0.0,2.0,2.0,11.0,A01
201500012039,0,15,0,0.0,2.0,6.0,1.0,B02
201500012040,0,7,0,0.0,2.0,1.0,5.0,A01
201500012040,0,7,0,0.0,2.0,1.0,1.0,B02
201500012041,0,10,0,4.0,0.0,5.0,1.0,A01
201500012042,1,7,0,0.0,2.0,2.0,17.0,C03
201500012042,0,7,0,4.0,0.0,6.0,12.0,A01
201500012042,0,7,0,1.0,0.0,1.0,1.0,B02
201500012043,0,7,0,2.0,0.0,3.0,1.0,A01
201500012044,0,17,0,14.0,0.0,1.0,2.0,B02
201500012044,0,17,0,0.0,0.0,4.0,23.0,A01
201500012045,0,7,0,3.0,0.0,1.0,1.0,A01
201500012046,0,7,0,0.0,2.0,1.0,2.0,A01
201500012046,0,7,0,0.0,2.0,4.0,0.0,B02
201500012047,0,7,0,0.0,2.0,1.0,2.0,A01
201500012047,0,7,0,0.0,0.0,4.0,2.0,B02
201500012048,0,14,0,0.0,2.0,3.0,1.0,B01
201500012048,0,17,0,0.0,2.0,3.0,23.0,C02
201500012048,0,10,0,13.0,2.0,3.0,15.0,A03
201500012049,0,38,13,0.0,2.0,1.0,1.0,B02
201500012049,0,7,0,0.0,0.0,4.0,10.0,A01
201500012050,0,17,0,0.0,2.0,3.0,21.0,B02
201500012050,0,7,0,0.0,2.0,3.0,13.0,A01
201500012050,0,7,0,0.0,2.0,8.0,21.0,C03
201500012051,0,37,2,0.0,2.0,2.0,1.0,A01
201500012051,0,30,0,0.0,2.0,3.0,19.0,B02
201500012052,0,7,0,0.0,2.0,3.0,13.0,A01
201500012052,0,17,0,0.0,2.0,8.0,1.0,B02
201500012053,0,14,0,0.0,1.0,1.0,1.0,A01
201500012054,0,7,0,0.0,2.0,3.0,13.0,A01
201500012054,0,17,0,0.0,2.0,3.0,1.0,B02
201500012055,0,1,0,0.0,2.0,1.0,13.0,A01
201500012055,0,15,0,0.0,2.0,8.0,1.0,B02
201500012056,0,17,0,0.0,2.0,3.0,0.0,A01
201500012056,0,7,0,0.0,2.0,1.0,5.0,B02
201500012057,0,30,0,0.0,2.0,3.0,2.0,A01
201500012057,0,15,0,0.0,0.0,5.0,17.0,B02
201500012058,0,7,0,0.0,2.0,3.0,13.0,A01
201500012058,0,15,0,0.0,2.0,3.0,1.0,B02
201500012059,0,10,0,0.0,2.0,1.0,13.0,A01
201500012059,0,14,0,0.0,2.0,3.0,1.0,B02
201500012060,0,7,0,0.0,2.0,8.0,17.0,A01
201500012060,0,7,0,0.0,2.0,1.0,2.0,B02
201500012060,0,7,0,0.0,2.0,1.0,1.0,C03
201500012060,0,7,0,0.0,2.0,8.0,1.0,D04
201500012061,0,7,0,0.0,2.0,3.0,5.0,A01
201500012061,0,14,0,0.0,2.0,3.0,1.0,B02
201500012062,0,7,0,0.0,2.0,1.0,15.0,A01
201500012062,0,17,0,0.0,2.0,2.0,2.0,B02
201500012063,0,7,0,0.0,2.0,8.0,1.0,B01
201500012063,0,14,0,0.0,2.0,2.0,16.0,A01
201500012064,0,14,0,0.0,1.0,1.0,1.0,A01
201500012065,0,33,0,0.0,2.0,1.0,13.0,A01
201500012065,0,17,0,0.0,2.0,1.0,1.0,B02
201500012065,0,17,0,0.0,2.0,3.0,1.0,C03
201500012066,0,1,0,12.0,2.0,1.0,18.0,B02
201500012066,0,17,0,0.0,0.0,5.0,16.0,A01
201500012067,0,7,0,0.0,2.0,3.0,13.0,A01
201500012067,0,14,0,0.0,2.0,3.0,1.0,B02
201500012067,0,7,0,0.0,2.0,8.0,1.0,C03
201500012068,0,17,0,3.0,0.0,7.0,1.0,A01
201500012069,0,7,0,0.0,2.0,1.0,1.0,A01
201500012069,0,7,0,0.0,0.0,4.0,1.0,B02
201500012070,0,7,0,13.0,0.0,1.0,1.0,A01
201500012071,0,7,0,16.0,0.0,2.0,1.0,A01
201500012072,0,7,0,0.0,0.0,1.0,1.0,A01
201500012073,0,38,0,0.0,2.0,2.0,19.0,B02