Num_Acc,senc,catv,occutc,obs,obsm,choc,manv,num_veh
201500012073,0,7,0,0.0,2.0,8.0,1.0,A01
201500012074,0,1,0,0.0,2.0,4.0,2.0,B02
201500012074,0,15,0,0.0,2.0,2.0,2.0,A01
201500012075,0,3,0,0.0,2.0,3.0,13.0,A01
201500012075,0,38,4,0.0,2.0,3.0,1.0,B02
201500012076,0,7,0,0.0,2.0,3.0,1.0,A01
201500012076,0,17,0,0.0,2.0,8.0,1.0,B02
201500012077,0,7,0,0.0,0.0,1.0,1.0,B02
201500012077,0,38,34,0.0,0.0,6.0,19.0,A01
201500012078,0,10,0,0.0,2.0,1.0,5.0,A01
201500012078,0,14,0,0.0,2.0,1.0,1.0,B02
201500012079,0,7,0,0.0,1.0,2.0,2.0,A01
201500012080,0,33,0,0.0,2.0,1.0,2.0,A01
201500012080,0,20,0,0.0,0.0,4.0,0.0,B02
201500012081,0,7,0,2.0,0.0,1.0,1.0,A01
201500012082,0,30,0,0.0,2.0,1.0,17.0,B02
201500012082,0,33,0,0.0,2.0,1.0,13.0,A01
201500012083,0,1,0,0.0,0.0,4.0,1.0,B02
201500012083,0,7,0,0.0,0.0,9.0,14.0,A01
201500012084,0,7,0,0.0,2.0,3.0,15.0,B02
201500012084,0,37,0,0.0,2.0,3.0,16.0,A01
201500012085,0,7,0,3.0,0.0,3.0,2.0,A01
201500012085,0,7,0,0.0,2.0,0.0,1.0,B02
201500012086,0,10,0,0.0,2.0,1.0,2.0,B02
201500012086,0,14,0,0.0,2.0,4.0,2.0,A01
201500012087,0,7,0,13.0,0.0,1.0,14.0,A01
201500012088,0,10,0,0.0,2.0,3.0,1.0,B02
201500012088,0,10,0,4.0,0.0,3.0,13.0,A01
201500012089,0,10,0,0.0,2.0,2.0,0.0,B02
201500012089,0,17,0,0.0,2.0,6.0,23.0,A01
201500012090,0,33,0,0.0,0.0,8.0,1.0,A01
201500012091,0,7,0,0.0,2.0,6.0,13.0,A01
201500012091,0,14,0,0.0,2.0,2.0,1.0,B02
201500012092,0,7,0,0.0,2.0,1.0,1.0,A01
201500012092,0,7,0,0.0,0.0,6.0,14.0,B02
201500012093,0,7,0,0.0,0.0,6.0,1.0,A01
201500012093,0,15,0,0.0,2.0,2.0,12.0,B02
201500012094,0,7,0,0.0,2.0,1.0,2.0,A01
201500012094,0,7,0,0.0,0.0,4.0,2.0,B02
201500012095,0,10,0,0.0,2.0,7.0,12.0,A01
201500012095,0,33,0,0.0,2.0,6.0,1.0,B02
201500012096,0,7,0,0.0,2.0,4.0,12.0,B02
201500012096,0,7,0,0.0,2.0,1.0,2.0,A01
201500012097,0,7,0,0.0,2.0,1.0,2.0,A01
201500012097,0,7,0,0.0,2.0,5.0,2.0,D04
201500012097,0,7,0,0.0,2.0,4.0,2.0,C03
201500012097,0,7,0,0.0,2.0,4.0,2.0,B02
201500012098,0,7,0,4.0,0.0,1.0,2.0,A01
201500012099,1,7,0,0.0,2.0,8.0,11.0,B02
201500012099,0,33,0,0.0,2.0,7.0,17.0,A01
201500012100,0,7,0,0.0,1.0,1.0,1.0,A01
201500012101,0,7,0,3.0,0.0,2.0,1.0,A01
201500012102,0,7,0,3.0,0.0,2.0,1.0,A01
201500012103,0,31,0,0.0,0.0,7.0,13.0,A01
201500012104,0,33,0,0.0,2.0,7.0,17.0,B02
201500012104,0,10,0,0.0,2.0,8.0,13.0,A01
201500012105,0,17,0,0.0,2.0,6.0,24.0,A01
201500012105,0,13,0,1.0,0.0,2.0,1.0,B02
201500012106,0,7,0,0.0,2.0,1.0,1.0,A01
201500012106,0,7,0,3.0,2.0,4.0,2.0,B02
201500012107,0,17,0,0.0,2.0,2.0,1.0,B02
201500012107,0,7,0,0.0,2.0,3.0,9.0,A01
201500012108,0,31,0,0.0,0.0,0.0,12.0,A01
201500012109,0,17,0,0.0,0.0,0.0,1.0,B02
201500012109,0,7,0,3.0,0.0,1.0,14.0,A01
201500012109,0,7,0,0.0,0.0,0.0,1.0,C03
201500012110,0,34,0,0.0,2.0,1.0,1.0,B02
201500012110,0,10,0,0.0,2.0,2.0,12.0,A01
201500012111,0,33,0,0.0,2.0,6.0,2.0,A01
201500012112,0,15,0,0.0,2.0,4.0,4.0,A01
201500012112,0,33,0,0.0,2.0,3.0,2.0,B02
201500012113,0,7,0,3.0,0.0,2.0,1.0,A01
201500012114,0,7,0,4.0,0.0,1.0,0.0,A01
201500012115,0,14,0,0.0,2.0,8.0,13.0,A01
201500012115,0,7,0,0.0,2.0,7.0,1.0,B02
201500012116,0,33,0,4.0,0.0,8.0,21.0,A01
201500012117,0,17,0,0.0,1.0,2.0,2.0,A01
201500012118,0,7,0,0.0,2.0,7.0,1.0,B02
201500012118,0,33,0,0.0,2.0,8.0,18.0,A01
201500012119,0,33,0,0.0,2.0,9.0,3.0,A01
201500012119,0,17,0,0.0,2.0,0.0,1.0,C03
201500012119,0,14,0,0.0,2.0,0.0,1.0,B02
201500012120,0,33,0,0.0,0.0,8.0,2.0,A01
201500012121,0,32,0,4.0,0.0,2.0,1.0,A01
201500012122,0,7,0,0.0,0.0,1.0,1.0,A01
201500012123,0,33,0,0.0,0.0,7.0,17.0,A01
201500012124,0,7,0,4.0,0.0,1.0,1.0,A01
201500012125,0,7,0,4.0,0.0,8.0,3.0,A01
201500012126,0,15,0,0.0,2.0,8.0,11.0,C03
201500012126,0,7,0,0.0,2.0,6.0,11.0,A01
201500012126,0,7,0,0.0,2.0,2.0,1.0,B02
201500012127,0,7,0,0.0,2.0,1.0,2.0,A01
201500012127,0,17,0,0.0,0.0,4.0,2.0,C02
201500012128,0,10,0,0.0,9.0,2.0,1.0,A01
201500012129,0,30,0,0.0,2.0,1.0,1.0,A01
201500012129,0,7,0,0.0,2.0,2.0,15.0,B02
201500012130,0,7,0,0.0,1.0,2.0,1.0,A01
201500012131,0,7,0,0.0,2.0,1.0,1.0,A01
201500012131,0,38,1,0.0,2.0,1.0,1.0,B02
201500012132,0,7,0,0.0,2.0,2.0,2.0,A01
201500012132,0,1,0,0.0,2.0,8.0,1.0,B02
201500012133,0,7,0,0.0,1.0,1.0,1.0,A01
201500012134,0,10,0,0.0,1.0,3.0,1.0,A01
201500012135,0,15,0,4.0,9.0,6.0,2.0,B02
201500012135,0,7,0,4.0,2.0,3.0,1.0,C03
201500012135,0,33,0,4.0,2.0,7.0,17.0,A01
201500012136,0,7,0,5.0,0.0,3.0,1.0,A01
201500012137,0,7,0,0.0,9.0,1.0,1.0,A01
201500012137,0,33,0,0.0,2.0,1.0,0.0,B02
201500012138,0,7,0,0.0,1.0,1.0,0.0,A01
201500012139,0,7,0,0.0,2.0,2.0,1.0,A01
201500012139,0,1,0,0.0,2.0,1.0,5.0,B02
201500012140,0,33,0,0.0,0.0,7.0,1.0,A01
201500012141,0,7,0,5.0,0.0,2.0,1.0,A01
201500012142,0,7,0,0.0,1.0,3.0,1.0,A01
201500012143,0,7,0,0.0,2.0,1.0,1.0,B02
201500012143,0,7,0,0.0,2.0,1.0,13.0,A01
201500012144,0,7,0,0.0,0.0,1.0,0.0,A01
201500012145,0,7,0,0.0,2.0,3.0,2.0,A01
201500012145,0,33,0,0.0,2.0,2.0,2.0,B02
201500012146,0,7,0,0.0,1.0,3.0,1.0,A01
201500012147,0,7,0,0.0,9.0,2.0,3.0,A01
201500012147,0,33,0,0.0,0.0,1.0,3.0,B02
201500012148,0,7,0,0.0,0.0,1.0,1.0,B02
201500012148,0,7,0,0.0,0.0,1.0,13.0,A01
201500012149,0,7,0,0.0,1.0,7.0,1.0,A01
201500012150,0,7,0,0.0,2.0,8.0,15.0,A01
201500012150,0,33,0,0.0,2.0,0.0,3.0,B02
201500012151,0,7,0,0.0,2.0,8.0,15.0,A01
201500012151,0,7,0,0.0,2.0,2.0,1.0,B02
201500012152,0,7,0,0.0,2.0,7.0,15.0,A01
201500012152,0,7,0,0.0,2.0,1.0,1.0,B02
201500012153,0,7,0,0.0,1.0,1.0,1.0,A01
201500012154,0,7,0,0.0,1.0,3.0,1.0,A01
201500012155,0,10,0,0.0,2.0,2.0,17.0,A01
201500012155,0,1,0,0.0,2.0,6.0,15.0,B02
201500012156,0,10,0,8.0,0.0,1.0,1.0,A01
201500012157,0,7,0,0.0,0.0,8.0,1.0,A01
201500012158,0,7,0,3.0,0.0,7.0,1.0,A01
201500012159,0,14,0,0.0,2.0,1.0,1.0,B02
201500012159,0,7,0,0.0,2.0,2.0,15.0,A01
201500012160,0,14,0,0.0,6.0,8.0,19.0,A01
201500012161,0,7,0,13.0,0.0,1.0,1.0,A01
201500012162,0,7,0,2.0,2.0,3.0,5.0,A01
201500012162,0,15,0,0.0,2.0,3.0,1.0,B02
201500012163,0,7,0,0.0,2.0,3.0,1.0,C03
201500012163,0,7,0,0.0,2.0,4.0,15.0,A01
201500012163,0,15,0,0.0,2.0,3.0,2.0,B02
201500012164,0,17,0,14.0,0.0,1.0,2.0,A01
201500012164,0,15,0,0.0,0.0,4.0,2.0,B02
201500012165,0,7,0,0.0,2.0,3.0,13.0,A01
201500012165,0,7,0,0.0,2.0,1.0,1.0,B02
201500012165,0,7,0,0.0,2.0,3.0,2.0,C03
201500012166,0,38,8,0.0,2.0,3.0,1.0,B02
201500012166,0,7,0,0.0,2.0,3.0,13.0,A01
201500012167,0,14,0,0.0,2.0,3.0,1.0,B02
201500012167,0,7,0,0.0,2.0,3.0,13.0,A01
201500012168,0,7,0,0.0,2.0,8.0,24.0,A01
201500012168,0,14,0,1.0,0.0,7.0,1.0,B02
201500012169,0,14,0,0.0,1.0,4.0,4.0,A01
201500012170,0,7,0,0.0,2.0,1.0,1.0,A01
201500012170,0,7,0,0.0,0.0,4.0,23.0,B01
201500012171,0,10,0,0.0,2.0,8.0,13.0,A01
201500012171,0,10,0,0.0,2.0,3.0,1.0,B01
201500012171,0,7,0,0.0,2.0,1.0,1.0,C01
201500012172,0,7,0,6.0,0.0,1.0,0.0,A01
201500012173,0,7,0,0.0,2.0,1.0,1.0,B01
201500012173,0,7,0,0.0,2.0,1.0,15.0,A01
201500012174,0,7,0,0.0,2.0,3.0,13.0,A01
201500012174,0,7,0,0.0,2.0,1.0,1.0,C01
201500012174,0,7,0,0.0,2.0,8.0,1.0,B01
201500012175,0,7,0,0.0,0.0,0.0,11.0,A01
201500012175,0,33,0,0.0,0.0,0.0,1.0,B01
201500012176,0,7,0,0.0,2.0,2.0,19.0,A01
201500012176,0,10,0,0.0,2.0,2.0,1.0,B01
201500012177,0,20,0,0.0,2.0,1.0,1.0,B01
201500012177,0,7,0,0.0,2.0,1.0,13.0,A01
201500012178,1,14,0,0.0,1.0,3.0,1.0,Z01
201500012179,0,10,0,0.0,2.0,4.0,1.0,A01
201500012179,0,7,0,0.0,2.0,1.0,1.0,B02
201500012180,0,10,0,0.0,2.0,2.0,14.0,B02
201500012180,0,7,0,0.0,2.0,8.0,1.0,A01
201500012181,0,33,0,13.0,0.0,1.0,1.0,A01
201500012182,0,1,0,0.0,2.0,8.0,1.0,B02
201500012182,0,7,0,0.0,9.0,7.0,14.0,A01
201500012183,0,37,0,0.0,0.0,5.0,16.0,A01
201500012183,0,1,0,0.0,2.0,3.0,18.0,B02
201500012184,0,7,0,0.0,2.0,8.0,9.0,A01
201500012184,0,7,0,0.0,2.0,1.0,1.0,B01
201500012185,0,2,0,0.0,0.0,1.0,13.0,A01
201500012185,0,31,0,0.0,9.0,1.0,1.0,B01
201500012186,0,33,0,8.0,0.0,0.0,0.0,A01
201500012187,0,7,0,0.0,2.0,2.0,1.0,A01
201500012187,0,7,0,0.0,2.0,8.0,0.0,B01
201500012188,0,17,0,3.0,2.0,1.0,6.0,A01
201500012188,0,7,0,0.0,9.0,1.0,21.0,C03
201500012188,0,17,0,0.0,2.0,3.0,1.0,B02
201500012189,0,15,0,0.0,2.0,2.0,1.0,B02
201500012189,0,7,0,0.0,9.0,1.0,1.0,C03
201500012189,0,15,0,0.0,2.0,6.0,9.0,A01
201500012190,0,14,0,3.0,0.0,2.0,1.0,A01
201500012191,0,99,0,0.0,2.0,8.0,0.0,B02
201500012191,0,7,0,0.0,2.0,2.0,14.0,A01
201500012192,0,33,0,3.0,0.0,3.0,9.0,A01
201500012193,0,7,0,2.0,0.0,7.0,1.0,A01
201500012194,0,7,0,3.0,0.0,3.0,23.0,A01
201500012194,0,7,0,14.0,2.0,1.0,1.0,C03
201500012194,0,7,0,0.0,1.0,2.0,1.0,B02
201500012195,0,7,0,0.0,2.0,1.0,2.0,B02
201500012195,0,7,0,3.0,0.0,3.0,21.0,A01
201500012196,0,7,0,0.0,2.0,1.0,2.0,A01
201500012196,0,7,0,0.0,0.0,4.0,2.0,B02
201500012197,0,10,0,0.0,2.0,2.0,1.0,A01
201500012197,0,14,0,0.0,2.0,3.0,2.0,B02
201500012197,0,7,0,0.0,2.0,1.0,2.0,C03
201500012198,0,17,0,0.0,2.0,2.0,21.0,B02
201500012198,0,7,0,0.0,2.0,6.0,13.0,A01
201500012199,0,17,0,13.0,2.0,2.0,21.0,B01
201500012199,0,7,0,13.0,2.0,2.0,17.0,A01
201500012200,0,15,0,0.0,2.0,4.0,23.0,C03
201500012200,0,15,0,0.0,2.0,1.0,1.0,A01
201500012200,0,15,0,0.0,2.0,4.0,23.0,B02
201500012201,0,7,0,13.0,0.0,1.0,17.0,A01
201500012202,0,7,0,0.0,2.0,4.0,2.0,E05
201500012202,0,7,0,0.0,2.0,4.0,1.0,D04
201500012202,0,10,0,0.0,2.0,4.0,2.0,C03
201500012202,0,7,0,0.0,2.0,7.0,1.0,B02
201500012202,0,7,0,0.0,2.0,1.0,2.0,A01
201500012203,0,7,0,0.0,2.0,3.0,13.0,A01
201500012203,0,31,0,0.0,2.0,7.0,17.0,B02
201500012204,0,14,0,0.0,2.0,1.0,2.0,B02
201500012204,0,15,0,0.0,0.0,5.0,1.0,A01
201500012205,0,10,0,0.0,2.0,8.0,9.0,A01
201500012205,0,31,0,0.0,2.0,2.0,1.0,B02
201500012206,0,33,0,0.0,0.0,7.0,1.0,A01
201500012207,0,7,0,3.0,0.0,2.0,1.0,A01
201500012208,0,7,0,0.0,2.0,2.0,1.0,A01
201500012208,0,7,0,0.0,2.0,4.0,2.0,C03
201500012208,0,7,0,0.0,2.0,4.0,2.0,B02
201500012208,0,33,0,0.0,2.0,1.0,1.0,D04
201500012209,0,7,0,0.0,2.0,2.0,2.0,A01
201500012209,0,33,0,0.0,2.0,4.0,2.0,B02
201500012210,0,7,0,14.0,0.0,1.0,1.0,A01
201500012211,0,7,0,3.0,0.0,1.0,0.0,A01
201500012212,0,7,0,4.0,0.0,1.0,19.0,A01
201500012213,0,31,0,3.0,0.0,3.0,0.0,A01
201500012214,0,7,0,3.0,0.0,1.0,21.0,A01
201500012215,0,7,0,0.0,0.0,4.0,23.0,A01
201500012215,0,33,0,0.0,2.0,1.0,21.0,B02
201500012216,0,7,0,8.0,0.0,1.0,0.0,A01
201500012217,0,7,0,0.0,2.0,1.0,17.0,B02
201500012217,0,21,0,0.0,2.0,3.0,15.0,A01
201500012218,0,33,0,0.0,0.0,8.0,0.0,A01
201500012219,0,33,0,0.0,2.0,1.0,1.0,B02
201500012219,0,10,0,0.0,2.0,7.0,19.0,A01
201500012220,0,33,0,13.0,0.0,7.0,1.0,A01
201500012221,0,33,0,0.0,0.0,8.0,1.0,A01
201500012222,0,7,0,6.0,0.0,1.0,1.0,A01
201500012223,0,7,0,2.0,0.0,3.0,14.0,A01
201500012224,0,7,0,4.0,0.0,1.0,1.0,A01
201500012225,0,38,0,0.0,2.0,3.0,1.0,B02
201500012225,0,7,0,0.0,2.0,2.0,1.0,A01
201500012226,0,7,0,0.0,2.0,7.0,1.0,B02
201500012226,0,33,0,0.0,2.0,3.0,9.0,A01
201500012227,0,7,0,3.0,0.0,1.0,14.0,A01
201500012228,0,7,0,3.0,0.0,7.0,1.0,A01
201500012229,0,7,0,4.0,0.0,9.0,1.0,A01
201500012230,0,7,0,4.0,0.0,3.0,1.0,A01
201500012231,0,7,0,13.0,0.0,2.0,1.0,A01
201500012232,0,7,0,3.0,0.0,2.0,1.0,B02
201500012232,0,7,0,0.0,0.0,1.0,0.0,A01
201500012233,0,10,0,0.0,2.0,8.0,19.0,A01
201500012233,0,15,0,0.0,2.0,2.0,1.0,B02
201500012234,0,7,0,0.0,2.0,1.0,1.0,C03
201500012234,0,7,0,0.0,2.0,1.0,1.0,A01
201500012234,0,31,0,0.0,2.0,4.0,1.0,B02
201500012235,0,7,0,13.0,0.0,1.0,14.0,A01
201500012236,0,14,0,0.0,2.0,2.0,13.0,A01
201500012236,0,10,0,0.0,0.0,6.0,15.0,B02
201500012236,0,7,0,0.0,2.0,1.0,1.0,C03
201500012237,0,7,0,13.0,0.0,4.0,1.0,A01
201500012238,0,15,0,0.0,0.0,3.0,0.0,B02
201500012238,0,7,0,0.0,2.0,1.0,0.0,A01
201500012239,0,38,42,0.0,2.0,2.0,1.0,B02
201500012239,0,7,0,0.0,2.0,1.0,13.0,A01
201500012239,0,7,0,0.0,2.0,0.0,21.0,C03
201500012240,0,7,0,0.0,2.0,1.0,1.0,C03
201500012240,0,7,0,0.0,2.0,1.0,1.0,B02
201500012240,0,14,0,0.0,2.0,4.0,2.0,A01
201500012241,0,7,0,3.0,0.0,2.0,1.0,A01
201500012242,0,33,0,0.0,2.0,1.0,1.0,B02
201500012242,0,15,0,0.0,2.0,5.0,11.0,A01
201500012243,0,33,0,0.0,0.0,8.0,2.0,A01
201500012244,0,7,0,0.0,2.0,7.0,12.0,A01
201500012244,0,10,0,0.0,2.0,8.0,1.0,B02
201500012245,0,31,0,0.0,2.0,1.0,2.0,A01
201500012245,0,7,0,0.0,0.0,4.0,2.0,B02
201500012246,0,7,0,0.0,2.0,2.0,13.0,A01
201500012246,0,7,0,0.0,2.0,6.0,1.0,B02
201500012247,0,14,0,0.0,0.0,4.0,11.0,A01
201500012247,0,7,0,0.0,2.0,1.0,1.0,B02
201500012248,0,14,0,2.0,0.0,3.0,14.0,A01
201500012249,0,7,0,0.0,2.0,4.0,2.0,A01
201500012249,0,10,0,0.0,2.0,1.0,2.0,B02
201500012250,0,7,0,13.0,0.0,1.0,1.0,A01
201500012251,0,7,0,3.0,0.0,2.0,1.0,A01
201500012252,0,7,0,3.0,0.0,1.0,1.0,A01
201500012253,0,7,0,3.0,0.0,4.0,14.0,A01
201500012254,0,14,0,0.0,2.0,1.0,2.0,A01
201500012254,0,7,0,0.0,2.0,4.0,4.0,B02
201500012255,0,15,0,0.0,2.0,8.0,13.0,A01
201500012255,0,10,0,0.0,2.0,8.0,1.0,B02
201500012256,0,7,0,4.0,0.0,8.0,17.0,A01
201500012257,0,7,0,0.0,2.0,1.0,17.0,A01
201500012257,0,14,0,0.0,2.0,3.0,1.0,B02
201500012257,0,14,0,3.0,0.0,3.0,1.0,C03
201500012257,0,7,0,0.0,2.0,3.0,1.0,D04
201500012258,0,30,0,0.0,2.0,1.0,19.0,B02
201500012258,0,14,0,0.0,2.0,3.0,1.0,A01
201500012259,0,14,0,0.0,2.0,3.0,15.0,A01
201500012259,0,33,0,6.0,2.0,1.0,17.0,B02
201500012260,0,7,0,13.0,0.0,2.0,1.0,A01
201500012261,0,15,0,1.0,0.0,1.0,1.0,A01
201500012261,0,10,0,0.0,0.0,4.0,23.0,B02
201500012262,0,15,0,3.0,0.0,8.0,1.0,A01
201500012263,0,17,0,0.0,2.0,4.0,1.0,B02
201500012263,0,7,0,0.0,2.0,8.0,17.0,A01
201500012264,0,7,0,0.0,2.0,2.0,17.0,A01
201500012264,0,7,0,0.0,2.0,6.0,13.0,B02
201500012265,0,7,0,8.0,0.0,1.0,1.0,A01
201500012266,0,7,0,4.0,0.0,3.0,1.0,A01
201500012266,0,15,0,14.0,0.0,3.0,1.0,B02
201500012266,0,7,0,14.0,0.0,1.0,1.0,C03
201500012266,0,7,0,14.0,0.0,3.0,1.0,D04
201500012267,0,7,0,0.0,2.0,8.0,5.0,A01
201500012267,0,7,0,0.0,2.0,8.0,17.0,B02
201500012267,0,14,0,0.0,2.0,8.0,1.0,C03
201500012268,0,33,0,0.0,0.0,8.0,1.0,A01
201500012269,0,14,0,0.0,2.0,2.0,2.0,A01
201500012269,0,1,0,0.0,2.0,0.0,2.0,B02
201500012270,0,7,0,13.0,0.0,1.0,1.0,A01
201500012271,0,7,0,2.0,0.0,3.0,1.0,A01
201500012272,0,7,0,3.0,2.0,2.0,14.0,A01
201500012272,0,7,0,0.0,0.0,6.0,1.0,B02
201500012273,0,7,0,3.0,2.0,3.0,13.0,A01
201500012273,0,7,0,3.0,2.0,2.0,1.0,B02
201500012274,0,10,0,0.0,2.0,1.0,2.0,B02
201500012274,0,17,0,0.0,0.0,4.0,2.0,A01
201500012275,0,14,0,0.0,2.0,3.0,1.0,A01
201500012275,0,7,0,0.0,2.0,1.0,13.0,B02
201500012276,0,7,0,0.0,1.0,1.0,1.0,A01
201500012277,0,14,0,0.0,2.0,2.0,1.0,B02
201500012277,0,30,0,0.0,0.0,4.0,1.0,A01
201500012278,0,1,0,0.0,2.0,1.0,1.0,B02
201500012278,0,10,0,0.0,9.0,3.0,15.0,A01
201500012279,0,7,0,0.0,0.0,0.0,1.0,A01
201500012280,0,7,0,0.0,0.0,7.0,0.0,A01
201500012280,0,1,0,0.0,0.0,4.0,0.0,B02
201500012281,0,7,0,8.0,1.0,2.0,14.0,A01
201500012282,0,7,0,6.0,0.0,1.0,0.0,A01
201500012283,0,7,0,0.0,1.0,7.0,1.0,A01
201500012284,0,7,0,0.0,1.0,2.0,0.0,A01
201500012285,0,7,0,0.0,9.0,1.0,15.0,A01
201500012285,0,1,0,0.0,2.0,8.0,1.0,B02
201500012286,0,34,0,0.0,2.0,3.0,1.0,B02
201500012286,0,7,0,0.0,2.0,3.0,15.0,A01
201500012287,0,7,0,0.0,2.0,3.0,15.0,A01
201500012287,0,33,0,0.0,2.0,1.0,17.0,B02
201500012288,0,7,0,0.0,2.0,3.0,1.0,B02
201500012288,0,7,0,0.0,2.0,3.0,1.0,A01
201500012289,0,30,0,5.0,0.0,1.0,1.0,A01
201500012290,0,7,0,0.0,2.0,3.0,9.0,B02
201500012290,0,30,0,0.0,2.0,2.0,2.0,A01
201500012291,0,7,0,13.0,0.0,1.0,12.0,A01
201500012292,0,37,1,0.0,2.0,1.0,2.0,A01
201500012292,0,10,0,0.0,2.0,2.0,2.0,B02
201500012293,0,30,0,0.0,2.0,1.0,1.0,B02
201500012293,0,7,0,0.0,2.0,7.0,15.0,A01
201500012294,0,7,0,0.0,1.0,1.0,1.0,A01
201500012295,0,33,0,0.0,0.0,0.0,17.0,A01
201500012296,0,33,0,0.0,2.0,1.0,1.0,A01
201500012296,0,7,0,0.0,0.0,8.0,9.0,B02
201500012297,0,33,0,0.0,2.0,1.0,1.0,A01
201500012297,0,7,0,0.0,2.0,5.0,12.0,B02
201500012298,0,30,0,0.0,2.0,1.0,2.0,B02
201500012298,0,7,0,0.0,2.0,8.0,15.0,A01
201500012299,0,34,0,0.0,1.0,3.0,1.0,A01
201500012300,0,7,0,0.0,2.0,5.0,15.0,B02
201500012300,0,33,0,0.0,2.0,1.0,1.0,A01
201500012301,0,7,0,0.0,2.0,3.0,13.0,B02
201500012301,0,7,0,0.0,2.0,3.0,1.0,A01
201500012302,0,7,0,0.0,2.0,3.0,19.0,A01
201500012302,0,7,0,0.0,2.0,1.0,1.0,B02
201500012303,0,33,0,0.0,2.0,1.0,2.0,A01
201500012303,0,7,0,0.0,2.0,5.0,2.0,B02
201500012304,0,7,0,0.0,2.0,8.0,1.0,B02
201500012304,0,10,0,0.0,2.0,1.0,1.0,A01
201500012305,0,31,0,0.0,0.0,0.0,2.0,A01
201500012305,0,7,0,0.0,2.0,3.0,13.0,B02
201500012306,0,7,0,1.0,0.0,1.0,13.0,B02
201500012306,0,7,0,13.0,2.0,1.0,23.0,A01
201500012307,0,7,0,0.0,1.0,2.0,2.0,A01
201500012308,0,7,0,0.0,2.0,3.0,1.0,B02
201500012308,0,7,0,0.0,2.0,1.0,19.0,A01
201500012309,0,7,0,2.0,0.0,1.0,1.0,A01
201500012310,0,7,0,0.0,0.0,0.0,1.0,A01
201500012311,0,30,0,0.0,0.0,4.0,1.0,A01
201500012311,0,7,0,0.0,2.0,0.0,1.0,B02
201500012312,0,7,0,0.0,0.0,8.0,15.0,A01
201500012312,0,7,0,0.0,2.0,1.0,1.0,B02
201500012313,0,33,0,0.0,2.0,1.0,15.0,B02
201500012313,0,7,0,0.0,2.0,2.0,1.0,A01
201500012314,0,7,0,3.0,0.0,1.0,3.0,A01
201500012315,0,7,0,0.0,2.0,1.0,2.0,A01
201500012315,0,7,0,0.0,0.0,4.0,1.0,B02
201500012316,0,10,0,0.0,2.0,2.0,1.0,A01
201500012316,0,17,0,0.0,0.0,5.0,0.0,B02
201500012317,0,10,0,0.0,1.0,5.0,20.0,A01
201500012318,0,7,0,0.0,2.0,4.0,2.0,B02
201500012318,0,7,0,0.0,2.0,4.0,2.0,C03
201500012318,0,17,0,0.0,2.0,1.0,2.0,A01
201500012319,0,14,0,3.0,0.0,3.0,2.0,A01
201500012320,0,7,0,1.0,0.0,4.0,24.0,A01
201500012320,0,13,0,1.0,0.0,1.0,14.0,B02
201500012321,0,7,0,0.0,2.0,6.0,23.0,A01
201500012321,0,7,0,0.0,2.0,2.0,12.0,B02
201500012322,0,10,0,0.0,0.0,6.0,0.0,A01
201500012322,0,7,0,0.0,2.0,2.0,2.0,B02
201500012322,0,7,0,0.0,2.0,1.0,2.0,C03
201500012323,0,38,0,5.0,0.0,2.0,15.0,A01
201500012324,0,15,0,0.0,0.0,4.0,0.0,B02
201500012324,0,7,0,0.0,2.0,1.0,0.0,A01
201500012325,0,7,0,3.0,0.0,3.0,14.0,A01
201500012326,0,7,0,0.0,2.0,5.0,2.0,A01
201500012326,0,7,0,13.0,0.0,6.0,2.0,B02
201500012327,0,7,0,0.0,2.0,1.0,2.0,A01
201500012327,0,17,0,0.0,0.0,4.0,2.0,B02
201500012328,0,15,0,0.0,2.0,4.0,2.0,B02
201500012328,0,10,0,0.0,2.0,3.0,2.0,A01
201500012329,0,7,0,0.0,2.0,2.0,2.0,A01
201500012329,0,17,0,0.0,0.0,6.0,2.0,B02
201500012330,0,7,0,4.0,0.0,9.0,2.0,A01
201500012331,0,10,0,0.0,2.0,3.0,1.0,A01
201500012331,0,17,0,0.0,2.0,5.0,1.0,B02
201500012332,0,7,0,13.0,0.0,5.0,1.0,A01
201500012333,0,7,0,16.0,0.0,1.0,1.0,A01
201500012334,0,7,0,3.0,0.0,3.0,1.0,A01
201500012335,0,7,0,0.0,9.0,7.0,1.0,A01
201500012335,0,1,0,0.0,2.0,1.0,5.0,B02
201500012336,0,10,0,0.0,2.0,7.0,15.0,A01
201500012336,0,31,0,0.0,2.0,1.0,1.0,B02
201500012337,0,34,0,0.0,2.0,1.0,17.0,A01
201500012337,0,7,0,0.0,2.0,3.0,1.0,B02
201500012337,0,7,0,0.0,2.0,8.0,1.0,C03
201500012338,0,7,0,0.0,2.0,1.0,1.0,A01
201500012338,0,38,42,0.0,2.0,8.0,1.0,B02
201500012339,0,7,0,0.0,1.0,3.0,1.0,A01
201500012340,0,7,0,0.0,1.0,2.0,1.0,A01
201500012341,0,7,0,0.0,2.0,2.0,1.0,A01
201500012341,0,7,0,0.0,2.0,3.0,15.0,B02
201500012342,0,34,0,0.0,2.0,1.0,1.0,A01
201500012342,0,10,0,0.0,2.0,8.0,19.0,B02