Num_Acc,senc,catv,occutc,obs,obsm,choc,manv,num_veh
201500012343,0,7,0,0.0,2.0,7.0,19.0,A01
201500012343,0,33,0,0.0,2.0,1.0,2.0,B02
201500012344,0,33,0,9.0,0.0,1.0,0.0,A01
201500012345,0,7,0,0.0,1.0,2.0,1.0,A01
201500012346,0,7,0,0.0,1.0,2.0,1.0,A01
201500012347,0,30,0,0.0,0.0,4.0,2.0,B02
201500012347,0,10,0,0.0,2.0,2.0,2.0,A01
201500012348,0,15,0,0.0,2.0,3.0,1.0,B02
201500012348,0,7,0,0.0,2.0,3.0,5.0,A01
201500012349,0,7,0,0.0,2.0,1.0,2.0,A01
201500012349,0,7,0,0.0,2.0,1.0,1.0,B02
201500012350,0,7,0,0.0,2.0,3.0,13.0,A01
201500012350,0,7,0,3.0,2.0,2.0,1.0,B02
201500012351,0,10,0,0.0,0.0,4.0,23.0,B02
201500012351,0,17,0,14.0,0.0,1.0,2.0,A01
201500012352,0,7,0,14.0,0.0,1.0,2.0,C03
201500012352,0,7,0,0.0,2.0,1.0,2.0,A01
201500012352,0,10,0,0.0,0.0,4.0,2.0,B02
201500012352,0,7,0,14.0,0.0,1.0,2.0,D04
201500012353,0,7,0,14.0,0.0,1.0,1.0,B02
201500012353,0,7,0,14.0,0.0,1.0,0.0,C03
201500012353,0,17,0,4.0,2.0,2.0,1.0,A01
201500012354,0,7,0,0.0,2.0,1.0,2.0,A01
201500012354,0,38,10,0.0,0.0,4.0,2.0,B02
201500012355,0,38,10,0.0,2.0,3.0,1.0,B02
201500012355,0,7,0,0.0,2.0,3.0,13.0,A01
201500012356,0,7,0,0.0,2.0,3.0,13.0,A01
201500012356,0,14,0,0.0,2.0,3.0,21.0,B02
201500012357,0,7,0,6.0,0.0,9.0,0.0,A01
201500012358,0,7,0,0.0,2.0,1.0,13.0,A01
201500012358,0,7,0,0.0,2.0,1.0,21.0,B02
201500012359,0,33,0,0.0,2.0,1.0,1.0,A01
201500012359,0,7,0,0.0,2.0,7.0,19.0,B02
201500012360,0,7,0,13.0,0.0,3.0,1.0,A01
201500012361,0,7,0,0.0,1.0,1.0,1.0,A01
201500012362,0,7,0,0.0,2.0,7.0,21.0,B02
201500012362,0,1,0,0.0,2.0,1.0,13.0,A01
201500012363,0,7,0,0.0,0.0,3.0,5.0,A01
201500012363,0,7,0,0.0,0.0,3.0,1.0,B02
201500012364,0,7,0,0.0,2.0,3.0,1.0,A01
201500012364,0,7,0,0.0,2.0,3.0,1.0,B02
201500012365,0,7,0,0.0,1.0,8.0,20.0,A01
201500012366,0,7,0,0.0,2.0,7.0,13.0,A01
201500012366,0,7,0,13.0,2.0,3.0,21.0,B02
201500012367,0,33,0,0.0,2.0,1.0,17.0,A01
201500012367,0,7,0,0.0,2.0,8.0,15.0,B02
201500012368,0,30,0,0.0,0.0,8.0,1.0,A01
201500012369,0,31,0,12.0,0.0,1.0,1.0,A01
201500012370,0,7,0,0.0,2.0,3.0,1.0,B02
201500012370,0,7,0,0.0,2.0,2.0,1.0,A01
201500012371,0,7,0,0.0,2.0,3.0,9.0,B02
201500012371,0,7,0,0.0,2.0,2.0,1.0,A01
201500012372,0,1,0,0.0,2.0,8.0,1.0,B02
201500012372,0,7,0,0.0,2.0,2.0,17.0,A01
201500012372,0,1,0,0.0,2.0,8.0,1.0,C03
201500012373,0,10,0,0.0,2.0,3.0,21.0,B02
201500012373,0,10,0,0.0,2.0,3.0,13.0,A01
201500012374,0,7,0,15.0,0.0,2.0,1.0,A01
201500012375,0,7,0,0.0,0.0,0.0,0.0,A01
201500012376,0,2,0,0.0,2.0,1.0,1.0,A01
201500012376,0,10,0,0.0,2.0,3.0,1.0,B02
201500012377,0,7,0,0.0,0.0,3.0,13.0,A01
201500012378,0,33,0,0.0,0.0,1.0,1.0,A01
201500012379,0,7,0,0.0,2.0,1.0,1.0,B02
201500012379,0,7,0,0.0,2.0,5.0,13.0,A01
201500012380,0,33,0,0.0,2.0,1.0,1.0,B02
201500012380,0,7,0,0.0,2.0,3.0,15.0,A01
201500012381,0,15,0,0.0,0.0,3.0,1.0,B02
201500012381,0,7,0,0.0,2.0,3.0,13.0,A01
201500012382,0,7,0,2.0,0.0,8.0,13.0,A01
201500012383,0,7,0,0.0,0.0,9.0,1.0,A01
201500012384,0,7,0,0.0,2.0,2.0,9.0,B02
201500012384,0,33,0,0.0,2.0,2.0,1.0,A01
201500012385,0,7,0,6.0,0.0,1.0,19.0,A01
201500012386,0,7,0,0.0,1.0,2.0,1.0,A01
201500012387,0,1,0,0.0,0.0,0.0,1.0,A01
201500012388,0,33,0,0.0,0.0,1.0,1.0,A01
201500012389,0,33,0,0.0,0.0,3.0,1.0,A01
201500012390,0,7,0,0.0,2.0,1.0,1.0,B02
201500012390,0,7,0,0.0,2.0,1.0,15.0,A01
201500012391,0,30,0,0.0,2.0,1.0,1.0,B02
201500012391,0,7,0,0.0,2.0,6.0,19.0,A01
201500012392,0,7,0,0.0,2.0,8.0,9.0,A01
201500012392,0,33,0,0.0,2.0,1.0,17.0,B02
201500012393,0,7,0,13.0,0.0,7.0,1.0,A01
201500012394,0,7,0,0.0,0.0,5.0,17.0,A01
201500012394,0,2,0,0.0,0.0,3.0,1.0,B02
201500012395,0,30,0,0.0,0.0,8.0,1.0,A01
201500012396,0,7,0,2.0,0.0,1.0,13.0,A01
201500012397,0,33,0,0.0,6.0,1.0,17.0,A01
201500012398,0,10,0,0.0,2.0,1.0,11.0,A01
201500012398,0,33,0,0.0,2.0,1.0,1.0,B02
201500012399,0,33,0,0.0,6.0,1.0,21.0,A01
201500012400,0,10,0,0.0,2.0,9.0,5.0,A01
201500012400,0,31,0,0.0,2.0,1.0,1.0,B02
201500012401,0,1,0,0.0,2.0,1.0,1.0,B02
201500012401,0,7,0,0.0,9.0,4.0,1.0,A01
201500012402,0,7,0,0.0,2.0,0.0,15.0,B02
201500012402,0,30,0,0.0,2.0,8.0,1.0,A01
201500012403,0,33,0,14.0,0.0,1.0,0.0,A01
201500012404,0,33,0,0.0,6.0,1.0,19.0,A01
201500012405,0,7,0,0.0,0.0,3.0,9.0,A01
201500012405,0,1,0,0.0,2.0,1.0,1.0,B02
201500012406,0,7,0,0.0,2.0,1.0,1.0,B02
201500012406,0,7,0,0.0,2.0,7.0,13.0,A01
201500012407,0,33,0,8.0,0.0,1.0,1.0,A01
201500012408,0,7,0,0.0,2.0,8.0,19.0,B02
201500012408,0,7,0,0.0,2.0,1.0,1.0,A01
201500012409,0,7,0,0.0,0.0,5.0,15.0,B02
201500012409,0,31,0,0.0,2.0,1.0,3.0,A01
201500012410,0,33,0,0.0,1.0,1.0,1.0,A01
201500012411,0,7,0,0.0,2.0,1.0,1.0,D04
201500012411,0,31,0,0.0,2.0,0.0,17.0,A01
201500012411,0,7,0,0.0,2.0,8.0,1.0,B02
201500012411,0,7,0,0.0,2.0,3.0,1.0,C03
201500012412,0,1,0,0.0,2.0,8.0,15.0,B02
201500012412,0,10,0,0.0,2.0,5.0,4.0,A01
201500012413,0,7,0,0.0,2.0,5.0,15.0,A01
201500012413,0,33,0,0.0,2.0,1.0,1.0,B02
201500012414,0,33,0,0.0,2.0,2.0,1.0,B02
201500012414,0,7,0,0.0,2.0,4.0,15.0,A01
201500012415,0,31,0,0.0,2.0,3.0,1.0,A01
201500012415,0,7,0,0.0,2.0,1.0,19.0,B02
201500012416,0,33,0,0.0,2.0,1.0,3.0,A01
201500012416,0,7,0,0.0,2.0,0.0,10.0,B02
201500012417,0,7,0,0.0,2.0,2.0,15.0,A01
201500012417,0,2,0,0.0,2.0,1.0,1.0,B02
201500012418,0,33,0,0.0,2.0,1.0,17.0,A01
201500012418,0,7,0,0.0,2.0,8.0,15.0,B02
201500012419,0,7,0,0.0,2.0,7.0,15.0,A01
201500012419,0,7,0,0.0,2.0,1.0,1.0,B02
201500012420,0,1,0,0.0,2.0,8.0,1.0,B02
201500012420,0,7,0,0.0,0.0,1.0,15.0,A01
201500012421,0,31,0,0.0,2.0,1.0,1.0,B02
201500012421,0,7,0,0.0,2.0,2.0,15.0,A01
201500012422,0,7,0,0.0,1.0,2.0,1.0,A01
201500012423,0,10,0,0.0,0.0,8.0,23.0,B02
201500012423,0,7,0,7.0,2.0,1.0,16.0,A01
201500012424,0,7,0,0.0,2.0,1.0,2.0,B02
201500012424,0,7,0,0.0,0.0,4.0,2.0,A01
201500012425,0,33,0,0.0,2.0,1.0,1.0,B02
201500012425,0,7,0,0.0,2.0,3.0,15.0,A01
201500012426,0,7,0,0.0,2.0,3.0,1.0,B02
201500012426,0,30,0,0.0,2.0,1.0,19.0,A01
201500012427,0,7,0,0.0,2.0,1.0,1.0,B02
201500012427,0,1,0,0.0,2.0,1.0,19.0,A01
201500012428,0,7,0,2.0,0.0,2.0,1.0,A01
201500012429,0,17,0,1.0,1.0,3.0,1.0,A01
201500012430,0,34,0,0.0,1.0,1.0,1.0,A01
201500012431,0,1,0,0.0,2.0,1.0,2.0,B02
201500012431,0,10,0,0.0,2.0,4.0,1.0,A01
201500012432,0,33,0,0.0,0.0,0.0,1.0,A01
201500012433,0,7,0,0.0,1.0,1.0,1.0,A01
201500012434,0,33,0,0.0,2.0,5.0,16.0,B02
201500012434,0,7,0,0.0,2.0,3.0,19.0,A01
201500012435,0,7,0,0.0,2.0,1.0,13.0,A01
201500012435,0,7,0,0.0,2.0,1.0,1.0,B02
201500012436,0,7,0,13.0,0.0,6.0,1.0,A01
201500012437,0,33,0,13.0,0.0,1.0,17.0,A01
201500012438,0,7,0,2.0,0.0,1.0,13.0,A01
201500012439,0,7,0,0.0,9.0,2.0,1.0,A01
201500012439,0,1,0,0.0,0.0,4.0,1.0,B02
201500012440,0,7,0,0.0,2.0,1.0,13.0,A01
201500012440,0,7,0,0.0,2.0,1.0,1.0,B02
201500012441,0,7,0,0.0,2.0,2.0,15.0,A01
201500012441,0,7,0,0.0,2.0,2.0,1.0,B02
201500012442,0,17,0,6.0,0.0,1.0,14.0,A01
201500012443,0,7,0,0.0,2.0,1.0,2.0,A01
201500012443,0,7,0,0.0,2.0,4.0,2.0,B02
201500012444,0,7,0,0.0,1.0,3.0,0.0,A01
201500012444,0,7,0,3.0,0.0,1.0,0.0,B02
201500012445,0,33,0,0.0,2.0,1.0,1.0,A01
201500012445,0,10,0,0.0,2.0,7.0,15.0,B02
201500012446,0,7,0,3.0,0.0,1.0,1.0,A01
201500012447,0,7,0,4.0,0.0,1.0,1.0,A01
201500012447,0,7,0,4.0,0.0,1.0,2.0,C03
201500012447,0,7,0,0.0,2.0,1.0,2.0,B02
201500012448,0,7,0,0.0,2.0,2.0,2.0,A01
201500012448,0,17,0,0.0,2.0,6.0,2.0,B02
201500012449,0,33,0,3.0,0.0,8.0,13.0,A01
201500012450,0,15,0,0.0,0.0,6.0,1.0,B02
201500012450,0,7,0,0.0,2.0,5.0,17.0,A01
201500012451,0,7,0,4.0,0.0,1.0,0.0,A01
201500012452,0,10,0,0.0,2.0,1.0,1.0,A01
201500012452,0,10,0,0.0,0.0,8.0,19.0,B02
201500012453,0,33,0,16.0,0.0,7.0,1.0,A01
201500012454,0,7,0,0.0,2.0,7.0,13.0,B02
201500012454,0,7,0,0.0,2.0,1.0,1.0,A01
201500012455,0,7,0,0.0,2.0,7.0,2.0,C03
201500012455,0,17,0,0.0,2.0,2.0,2.0,D04
201500012455,0,7,0,3.0,0.0,1.0,1.0,A01
201500012455,0,7,0,0.0,2.0,2.0,2.0,B02
201500012456,0,14,0,0.0,2.0,1.0,2.0,A01
201500012456,0,14,0,0.0,2.0,4.0,23.0,B02
201500012456,0,14,0,0.0,2.0,4.0,23.0,C03
201500012457,0,7,0,0.0,2.0,1.0,1.0,A01
201500012457,0,1,0,0.0,2.0,1.0,5.0,B02
201500012458,0,99,0,0.0,0.0,4.0,1.0,B02
201500012458,0,7,0,0.0,0.0,2.0,1.0,A01
201500012459,0,7,0,0.0,1.0,2.0,1.0,A01
201500012460,0,1,0,0.0,0.0,9.0,21.0,B02
201500012460,0,7,0,0.0,0.0,0.0,9.0,A01
201500012461,0,7,0,13.0,0.0,1.0,1.0,A01
201500012462,0,7,0,8.0,0.0,4.0,1.0,A01
201500012463,0,7,0,0.0,2.0,1.0,1.0,A01
201500012463,0,7,0,0.0,2.0,4.0,15.0,B02
201500012463,0,7,0,0.0,2.0,3.0,1.0,C03
201500012464,0,30,0,0.0,1.0,2.0,1.0,A01
201500012465,0,7,0,0.0,1.0,6.0,1.0,A01
201500012466,0,10,0,0.0,1.0,2.0,2.0,A01
201500012467,0,7,0,0.0,2.0,3.0,19.0,A01
201500012467,0,33,0,0.0,2.0,1.0,17.0,B02
201500012468,0,7,0,0.0,2.0,4.0,2.0,A01
201500012468,0,7,0,0.0,2.0,1.0,1.0,B02
201500012469,0,7,0,0.0,2.0,5.0,16.0,B02
201500012469,0,32,0,0.0,2.0,1.0,18.0,A01
201500012470,0,7,0,0.0,6.0,8.0,23.0,B02
201500012470,0,7,0,0.0,0.0,3.0,23.0,C03
201500012470,0,33,0,1.0,0.0,1.0,1.0,A01
201500012471,0,1,0,16.0,0.0,9.0,1.0,A01
201500012472,0,7,0,0.0,2.0,9.0,1.0,A01
201500012472,0,7,0,0.0,2.0,9.0,1.0,B02
201500012473,0,10,0,0.0,2.0,8.0,1.0,B02
201500012473,0,33,0,0.0,2.0,8.0,13.0,A01
201500012474,0,7,0,0.0,2.0,7.0,23.0,C03
201500012474,0,7,0,0.0,0.0,5.0,24.0,B02
201500012474,0,7,0,1.0,0.0,3.0,1.0,A01
201500012475,0,33,0,0.0,0.0,2.0,0.0,A01
201500012476,0,10,0,0.0,1.0,5.0,4.0,A01
201500012477,0,33,0,13.0,0.0,1.0,1.0,A01
201500012478,0,7,0,13.0,0.0,1.0,1.0,A01
201500012479,1,10,0,0.0,0.0,0.0,0.0,A01
201500012479,0,7,0,0.0,2.0,6.0,1.0,B02
201500012480,0,7,0,0.0,2.0,2.0,0.0,A01
201500012480,0,7,0,0.0,2.0,1.0,0.0,B02
201500012481,0,7,0,0.0,2.0,3.0,1.0,A01
201500012481,0,7,0,0.0,2.0,3.0,1.0,B02
201500012482,0,10,0,0.0,0.0,8.0,21.0,A01
201500012483,0,7,0,3.0,2.0,1.0,9.0,A01
201500012483,0,7,0,0.0,2.0,7.0,1.0,B02
201500012484,0,7,0,0.0,2.0,1.0,2.0,A01
201500012484,0,17,0,0.0,2.0,4.0,2.0,B02
201500012485,0,7,0,2.0,0.0,1.0,1.0,A01
201500012486,0,7,0,3.0,0.0,9.0,1.0,A01
201500012486,0,14,0,1.0,0.0,3.0,2.0,B02
201500012486,0,10,0,1.0,0.0,3.0,2.0,C03
201500012487,0,7,0,3.0,0.0,1.0,0.0,A01
201500012488,0,33,0,0.0,0.0,0.0,1.0,A01
201500012489,0,33,0,0.0,2.0,1.0,1.0,B02
201500012489,0,10,0,0.0,0.0,4.0,15.0,A01
201500012490,0,7,0,0.0,0.0,6.0,17.0,B02
201500012490,0,33,0,0.0,2.0,1.0,17.0,A01
201500012491,0,7,0,13.0,0.0,1.0,0.0,A01
201500012492,0,33,0,0.0,6.0,3.0,0.0,A01
201500012493,0,7,0,6.0,0.0,1.0,1.0,A01
201500012494,0,7,0,0.0,2.0,1.0,2.0,A01
201500012494,0,14,0,0.0,2.0,6.0,2.0,B02
201500012495,0,7,0,0.0,2.0,2.0,2.0,A01
201500012495,0,17,0,0.0,0.0,0.0,2.0,B02
201500012496,0,7,0,0.0,2.0,7.0,1.0,A01
201500012496,0,33,0,0.0,2.0,1.0,1.0,B02
201500012497,0,37,0,0.0,1.0,8.0,1.0,A01
201500012498,0,31,0,8.0,0.0,2.0,1.0,A01
201500012499,0,7,0,0.0,0.0,4.0,11.0,A01
201500012499,0,33,0,0.0,2.0,1.0,12.0,B02
201500012500,0,7,0,0.0,2.0,4.0,1.0,D04
201500012500,0,17,0,0.0,2.0,5.0,1.0,B02
201500012500,0,14,0,0.0,2.0,3.0,1.0,A01
201500012500,0,7,0,0.0,2.0,4.0,1.0,C03
201500012501,0,7,0,4.0,0.0,1.0,1.0,A01
201500012502,0,33,0,0.0,2.0,7.0,17.0,A01
201500012502,0,7,0,0.0,2.0,8.0,2.0,B02
201500012503,0,7,0,4.0,0.0,3.0,1.0,A01
201500012504,0,7,0,0.0,2.0,7.0,12.0,B02
201500012504,0,33,0,0.0,2.0,8.0,18.0,A01
201500012504,0,7,0,0.0,2.0,6.0,1.0,C03
201500012505,0,7,0,4.0,0.0,3.0,13.0,A01
201500012506,0,7,0,7.0,0.0,0.0,2.0,A01
201500012507,0,7,0,13.0,0.0,2.0,14.0,A01
201500012508,0,16,0,0.0,2.0,2.0,2.0,A01
201500012508,0,10,0,10.0,2.0,6.0,2.0,B03
201500012509,0,7,0,6.0,0.0,1.0,14.0,A01
201500012510,0,7,0,0.0,2.0,1.0,2.0,A01
201500012510,0,7,0,0.0,0.0,4.0,2.0,B02
201500012511,0,7,0,13.0,0.0,9.0,1.0,A01
201500012512,0,7,0,0.0,2.0,1.0,17.0,A01
201500012512,0,7,0,0.0,2.0,1.0,1.0,B02
201500012512,0,10,0,0.0,2.0,3.0,1.0,C03
201500012513,0,7,0,0.0,2.0,1.0,2.0,C03
201500012513,0,7,0,0.0,2.0,1.0,2.0,B02
201500012513,0,7,0,0.0,2.0,1.0,2.0,A01
201500012513,0,7,0,0.0,2.0,1.0,2.0,D04
201500012513,0,7,0,0.0,0.0,1.0,2.0,E05
201500012514,0,17,0,0.0,2.0,3.0,1.0,A01
201500012514,0,7,0,0.0,2.0,3.0,13.0,B02
201500012515,0,33,0,0.0,2.0,7.0,1.0,B02
201500012515,0,7,0,0.0,2.0,3.0,9.0,A01
201500012516,0,7,0,0.0,2.0,3.0,1.0,A01
201500012516,0,33,0,0.0,2.0,1.0,1.0,B02
201500012517,0,7,0,0.0,2.0,1.0,1.0,A01
201500012517,0,7,0,0.0,0.0,1.0,5.0,B02
201500012518,0,7,0,0.0,2.0,1.0,1.0,A01
201500012518,0,7,0,0.0,2.0,4.0,23.0,B02
201500012519,0,7,0,0.0,0.0,8.0,15.0,B02
201500012519,0,33,0,0.0,2.0,1.0,1.0,A01
201500012520,0,7,0,0.0,2.0,7.0,1.0,B02
201500012520,0,7,0,0.0,2.0,1.0,19.0,A01
201500012521,0,7,0,0.0,2.0,7.0,9.0,A01
201500012521,0,33,0,0.0,2.0,1.0,1.0,B02
201500012522,0,10,0,0.0,0.0,0.0,15.0,A01
201500012522,0,33,0,0.0,0.0,0.0,21.0,B02
201500012523,0,7,0,4.0,0.0,9.0,1.0,A01
201500012524,0,7,0,4.0,0.0,1.0,1.0,A01
201500012525,0,10,0,0.0,2.0,2.0,14.0,A01
201500012525,0,15,0,0.0,0.0,6.0,1.0,B02
201500012526,0,7,0,13.0,0.0,1.0,0.0,A01
201500012527,0,7,0,3.0,0.0,1.0,1.0,A01
201500012528,0,14,0,0.0,2.0,6.0,1.0,B02
201500012528,0,7,0,0.0,2.0,2.0,12.0,A01
201500012529,0,7,0,0.0,2.0,1.0,2.0,A01
201500012529,0,7,0,0.0,2.0,4.0,1.0,B02
201500012530,0,7,0,4.0,0.0,2.0,17.0,A01
201500012531,0,7,0,0.0,2.0,1.0,1.0,B02
201500012531,0,7,0,0.0,0.0,8.0,10.0,A01
201500012532,0,7,0,2.0,0.0,8.0,1.0,A01
201500012533,0,14,0,13.0,0.0,1.0,13.0,A01
201500012534,0,10,0,0.0,2.0,4.0,1.0,A01
201500012534,0,7,0,0.0,2.0,4.0,1.0,B02
201500012535,0,7,0,0.0,2.0,1.0,2.0,A01
201500012535,0,7,0,0.0,2.0,4.0,2.0,B02
201500012536,0,7,0,0.0,2.0,1.0,17.0,A01
201500012536,0,7,0,0.0,2.0,1.0,1.0,B02
201500012537,0,7,0,0.0,0.0,1.0,13.0,A01
201500012537,0,7,0,0.0,0.0,1.0,1.0,B02
201500012537,0,7,0,0.0,0.0,2.0,1.0,C03
201500012538,0,7,0,2.0,0.0,2.0,1.0,A01
201500012539,0,7,0,0.0,0.0,3.0,19.0,A01
201500012539,0,10,0,0.0,2.0,1.0,1.0,B02
201500012540,0,7,0,0.0,0.0,0.0,13.0,A01
201500012541,0,7,0,0.0,0.0,3.0,9.0,A01
201500012541,0,1,0,0.0,0.0,7.0,1.0,B02
201500012542,0,7,0,0.0,0.0,2.0,15.0,A01
201500012542,0,1,0,0.0,0.0,1.0,1.0,B02
201500012543,0,7,0,0.0,2.0,3.0,16.0,A01
201500012543,0,33,0,0.0,2.0,1.0,1.0,B02
201500012544,0,7,0,0.0,2.0,1.0,1.0,A01
201500012544,0,7,0,0.0,2.0,2.0,19.0,B02
201500012545,0,7,0,0.0,2.0,3.0,5.0,B02
201500012545,0,7,0,0.0,2.0,3.0,1.0,A01
201500012546,0,7,0,0.0,0.0,0.0,1.0,A01
201500012547,0,7,0,0.0,2.0,1.0,13.0,A01
201500012547,0,7,0,0.0,2.0,1.0,1.0,B02
201500012548,0,7,0,8.0,0.0,1.0,1.0,A01
201500012549,0,31,0,0.0,6.0,1.0,1.0,A01
201500012550,0,7,0,0.0,0.0,3.0,1.0,A01
201500012550,0,7,0,0.0,0.0,3.0,0.0,B02
201500012551,0,7,0,0.0,2.0,1.0,5.0,C03
201500012551,0,7,0,0.0,2.0,1.0,1.0,A01
201500012551,0,7,0,0.0,2.0,3.0,2.0,B02
201500012552,0,7,0,0.0,0.0,1.0,0.0,A01
201500012553,0,10,0,0.0,2.0,1.0,2.0,A01
201500012553,0,15,0,0.0,0.0,4.0,2.0,B02
201500012554,0,7,0,0.0,2.0,2.0,24.0,A01
201500012554,0,17,0,0.0,0.0,4.0,2.0,B02
201500012555,0,7,0,13.0,0.0,1.0,17.0,A01
201500012556,0,7,0,0.0,0.0,9.0,0.0,A01
201500012557,0,7,0,0.0,2.0,2.0,17.0,A01
201500012557,0,17,0,0.0,2.0,6.0,1.0,B02
201500012558,0,7,0,3.0,0.0,1.0,1.0,A01
201500012559,0,7,0,0.0,0.0,9.0,2.0,A01
201500012560,0,33,0,13.0,0.0,1.0,1.0,A01
201500012561,0,7,0,0.0,0.0,1.0,11.0,A01
201500012562,0,7,0,0.0,2.0,3.0,2.0,A01
201500012562,0,15,0,0.0,2.0,5.0,2.0,B02
201500012563,0,7,0,13.0,0.0,1.0,1.0,A01
201500012564,0,7,0,0.0,2.0,4.0,1.0,B02
201500012564,0,7,0,0.0,2.0,1.0,17.0,A01
201500012565,0,7,0,0.0,2.0,1.0,19.0,B02
201500012565,0,7,0,0.0,2.0,7.0,1.0,A01
201500012566,0,31,0,11.0,0.0,1.0,16.0,A01
201500012567,0,33,0,3.0,0.0,8.0,1.0,A01
201500012568,0,7,0,0.0,2.0,4.0,2.0,B02
201500012568,0,7,0,0.0,2.0,1.0,2.0,A01
201500012569,0,10,0,3.0,0.0,2.0,1.0,A01
201500012570,0,7,0,4.0,0.0,2.0,1.0,A01
201500012570,0,10,0,14.0,0.0,1.0,1.0,B02
201500012571,0,7,0,0.0,0.0,8.0,1.0,B02
201500012571,0,7,0,0.0,2.0,2.0,17.0,A01
201500012572,0,7,0,0.0,2.0,2.0,2.0,A01
201500012572,0,17,0,0.0,0.0,4.0,2.0,B02
201500012573,0,31,0,0.0,0.0,1.0,1.0,B02
201500012573,0,7,0,0.0,2.0,1.0,1.0,A01
201500012574,0,7,0,2.0,0.0,4.0,1.0,A01
201500012575,0,17,0,3.0,0.0,7.0,0.0,A01
201500012575,0,10,0,0.0,0.0,6.0,1.0,C03
201500012575,0,7,0,0.0,2.0,2.0,21.0,D04
201500012576,0,7,0,3.0,0.0,2.0,0.0,A01
201500012576,0,7,0,0.0,9.0,1.0,1.0,B02
201500012577,0,7,0,0.0,0.0,0.0,0.0,A01
201500012578,0,15,0,0.0,0.0,7.0,1.0,A01
201500012579,0,14,0,6.0,0.0,0.0,1.0,A01
201500012580,0,7,0,0.0,2.0,1.0,1.0,A01
201500012580,0,7,0,0.0,2.0,4.0,2.0,B02
201500012580,0,14,0,0.0,0.0,4.0,1.0,C03
201500012581,0,7,0,0.0,1.0,3.0,1.0,A01
201500012582,0,7,0,0.0,1.0,2.0,21.0,A01
201500012583,0,15,0,1.0,1.0,2.0,14.0,B02
201500012584,0,17,0,0.0,0.0,8.0,1.0,A01
201500012585,0,7,0,2.0,0.0,7.0,0.0,A01
201500012586,0,7,0,0.0,1.0,2.0,1.0,A01
201500012587,0,7,0,16.0,0.0,1.0,1.0,A01
201500012588,1,7,0,0.0,1.0,0.0,0.0,A01
201500012589,0,7,0,0.0,2.0,2.0,2.0,B01
201500012589,0,7,0,0.0,2.0,1.0,15.0,A01
201500012590,0,7,0,0.0,2.0,2.0,15.0,A01
201500012590,0,2,0,0.0,2.0,1.0,1.0,B01
201500012591,0,7,0,0.0,2.0,1.0,13.0,A01
201500012592,0,7,0,0.0,2.0,3.0,13.0,A01
201500012592,0,7,0,0.0,2.0,3.0,1.0,B01
201500012593,0,7,0,0.0,2.0,3.0,1.0,A01
201500012593,0,7,0,0.0,2.0,5.0,1.0,B01
201500012594,2,7,0,0.0,1.0,1.0,19.0,A01
201500012595,0,7,0,0.0,9.0,7.0,0.0,A01
201500012595,0,1,0,0.0,2.0,0.0,0.0,B01
201500012596,0,10,0,0.0,2.0,1.0,1.0,A01
201500012596,0,7,0,0.0,2.0,4.0,1.0,B01
201500012597,0,7,0,0.0,1.0,1.0,1.0,A01
201500012598,0,7,0,0.0,1.0,1.0,1.0,A01
201500012599,1,7,0,0.0,1.0,1.0,0.0,A01
201500012600,0,7,0,0.0,2.0,0.0,10.0,A01
201500012600,0,31,0,0.0,2.0,1.0,2.0,B01
201500012601,0,7,0,0.0,2.0,1.0,1.0,A01
201500012601,0,1,0,0.0,2.0,7.0,0.0,B01
201500012602,0,7,0,2.0,0.0,1.0,14.0,A01
201500012603,0,7,0,0.0,2.0,5.0,12.0,A01
201500012603,0,34,0,0.0,2.0,9.0,3.0,B01
201500012604,1,7,0,0.0,2.0,3.0,13.0,A01
201500012604,0,1,0,0.0,2.0,1.0,1.0,B01
201500012605,0,33,0,0.0,2.0,1.0,2.0,A01
201500012605,0,33,0,0.0,2.0,4.0,2.0,B01
201500012606,0,2,0,0.0,2.0,1.0,1.0,A01
201500012606,0,7,0,0.0,2.0,4.0,1.0,B01
201500012607,0,3,0,0.0,2.0,1.0,0.0,A01
201500012607,0,7,0,0.0,2.0,1.0,0.0,B01
201500012608,0,7,0,0.0,2.0,3.0,13.0,A01
201500012608,0,15,0,0.0,2.0,1.0,1.0,B01
201500012609,0,30,0,0.0,2.0,1.0,1.0,B01
201500012610,1,2,0,0.0,2.0,1.0,1.0,A01
201500012610,0,1,0,0.0,2.0,4.0,13.0,B01
201500012611,0,7,0,0.0,2.0,8.0,9.0,A01
201500012611,0,32,0,0.0,2.0,1.0,1.0,B01
201500012612,0,2,0,0.0,1.0,1.0,1.0,A01
201500012613,0,31,0,0.0,1.0,1.0,1.0,A01
201500012614,0,37,30,0.0,2.0,7.0,14.0,A01
201500012614,0,30,0,0.0,2.0,8.0,21.0,B01
201500012615,0,1,0,0.0,2.0,8.0,16.0,B01
201500012615,0,37,45,0.0,2.0,3.0,15.0,A01
201500012616,0,33,0,0.0,0.0,0.0,0.0,A01
201500012616,0,10,0,0.0,0.0,0.0,0.0,B01
201500012617,0,7,0,0.0,9.0,3.0,9.0,A01
201500012617,0,2,0,0.0,2.0,5.0,2.0,B01
201500012618,0,7,0,0.0,2.0,3.0,0.0,A01
201500012618,0,7,0,0.0,2.0,3.0,0.0,B01