Num_Acc,senc,catv,occutc,obs,obsm,choc,manv,num_veh
201500012898,0,7,0,0.0,2.0,1.0,2.0,A01
201500012898,0,1,0,0.0,2.0,4.0,1.0,B02
201500012899,0,17,0,0.0,2.0,3.0,16.0,A01
201500012899,0,31,0,0.0,2.0,2.0,1.0,B02
201500012900,0,10,0,0.0,2.0,3.0,1.0,B02
201500012900,0,7,0,0.0,2.0,3.0,13.0,A01
201500012901,0,7,0,0.0,2.0,3.0,10.0,A01
201500012901,0,33,0,0.0,2.0,7.0,2.0,B02
201500012902,0,7,0,0.0,2.0,2.0,15.0,A01
201500012902,0,7,0,0.0,2.0,3.0,1.0,B02
201500012903,0,7,0,0.0,2.0,3.0,1.0,B02
201500012903,0,7,0,0.0,2.0,1.0,15.0,A01
201500012904,0,7,0,13.0,0.0,9.0,1.0,A01
201500012905,0,7,0,3.0,0.0,3.0,17.0,A01
201500012906,0,7,0,3.0,0.0,2.0,0.0,A01
201500012907,0,33,0,0.0,6.0,1.0,1.0,A01
201500012908,0,7,0,15.0,0.0,9.0,14.0,A01
201500012909,0,7,0,0.0,2.0,2.0,2.0,A01
201500012909,0,14,0,0.0,2.0,6.0,2.0,B02
201500012910,0,33,0,0.0,2.0,8.0,3.0,A01
201500012910,0,7,0,0.0,2.0,7.0,21.0,B02
201500012911,0,7,0,14.0,0.0,9.0,21.0,A01
201500012912,0,33,0,4.0,0.0,2.0,2.0,A01
201500012913,0,10,0,0.0,2.0,3.0,1.0,B02
201500012913,0,7,0,0.0,2.0,2.0,1.0,C03
201500012913,0,7,0,0.0,2.0,1.0,13.0,A01
201500012914,0,33,0,4.0,0.0,2.0,14.0,A01
201500012915,0,10,0,3.0,2.0,3.0,1.0,A01
201500012915,0,7,0,0.0,2.0,1.0,1.0,B02
201500012916,0,7,0,3.0,0.0,1.0,1.0,A01
201500012917,0,7,0,0.0,6.0,1.0,2.0,A01
201500012918,0,33,0,0.0,2.0,1.0,2.0,A01
201500012918,0,15,0,0.0,0.0,4.0,2.0,B01
201500012919,0,1,0,14.0,0.0,1.0,1.0,A01
201500012920,0,7,0,0.0,2.0,6.0,17.0,B02
201500012920,0,33,0,0.0,2.0,2.0,1.0,A01
201500012921,0,17,0,4.0,0.0,8.0,13.0,A01
201500012922,0,1,0,0.0,2.0,1.0,2.0,B02
201500012922,0,17,0,0.0,0.0,4.0,2.0,A01
201500012923,0,33,0,0.0,2.0,1.0,21.0,A01
201500012923,0,7,0,0.0,0.0,6.0,1.0,B02
201500012924,0,7,0,3.0,0.0,1.0,1.0,A01
201500012925,0,14,0,0.0,0.0,1.0,17.0,A01
201500012926,0,7,0,0.0,0.0,4.0,2.0,D04
201500012926,0,7,0,0.0,2.0,1.0,2.0,E05
201500012926,0,7,0,3.0,0.0,8.0,1.0,A01
201500012926,0,7,0,14.0,0.0,1.0,2.0,B02
201500012926,0,7,0,14.0,0.0,8.0,2.0,C03
201500012927,0,7,0,3.0,0.0,1.0,1.0,A01
201500012928,0,7,0,4.0,0.0,1.0,14.0,A01
201500012929,0,7,0,3.0,0.0,1.0,14.0,A01
201500012930,0,7,0,0.0,2.0,8.0,19.0,B02
201500012930,0,17,0,0.0,2.0,1.0,1.0,A01
201500012931,0,17,0,0.0,2.0,3.0,1.0,B02
201500012931,0,7,0,0.0,2.0,3.0,13.0,A01
201500012931,0,15,0,0.0,2.0,3.0,1.0,C03
201500012932,0,7,0,0.0,2.0,2.0,0.0,B02
201500012932,0,7,0,0.0,2.0,2.0,17.0,A01
201500012933,0,30,0,6.0,0.0,3.0,1.0,A01
201500012934,0,30,0,0.0,2.0,7.0,0.0,A01
201500012934,0,7,0,0.0,2.0,3.0,15.0,B02
201500012935,0,7,0,0.0,2.0,1.0,5.0,B02
201500012935,0,7,0,0.0,2.0,1.0,5.0,A01
201500012936,0,30,0,0.0,2.0,1.0,1.0,B02
201500012936,0,7,0,0.0,2.0,5.0,15.0,A01
201500012937,0,14,0,0.0,2.0,3.0,9.0,A01
201500012937,0,37,3,0.0,2.0,5.0,1.0,B02
201500012938,0,10,0,0.0,2.0,1.0,1.0,A01
201500012938,0,7,0,0.0,2.0,4.0,1.0,B02
201500012939,0,7,0,0.0,2.0,1.0,2.0,A01
201500012939,0,7,0,0.0,0.0,4.0,2.0,B02
201500012939,0,7,0,0.0,0.0,4.0,2.0,C03
201500012940,0,7,0,4.0,2.0,1.0,17.0,A01
201500012940,0,15,0,0.0,2.0,3.0,1.0,B02
201500012941,0,7,0,3.0,0.0,1.0,1.0,A01
201500012942,0,7,0,0.0,2.0,3.0,5.0,A01
201500012942,0,7,0,3.0,0.0,2.0,21.0,B02
201500012942,0,7,0,0.0,2.0,3.0,1.0,C03
201500012942,0,10,0,0.0,9.0,1.0,1.0,D04
201500012943,0,7,0,4.0,0.0,1.0,1.0,A01
201500012944,0,7,0,3.0,2.0,1.0,5.0,A01
201500012944,0,7,0,8.0,2.0,1.0,1.0,B02
201500012945,0,17,0,4.0,0.0,3.0,6.0,A01
201500012946,0,7,0,0.0,2.0,4.0,1.0,A01
201500012946,0,7,0,0.0,2.0,1.0,2.0,B02
201500012946,0,7,0,0.0,2.0,1.0,2.0,C03
201500012947,0,7,0,0.0,2.0,1.0,2.0,A01
201500012947,0,7,0,0.0,0.0,4.0,2.0,B02
201500012948,0,7,0,0.0,2.0,6.0,1.0,B02
201500012948,0,7,0,4.0,0.0,1.0,14.0,A01
201500012949,0,7,0,3.0,0.0,3.0,1.0,A01
201500012950,0,7,0,0.0,2.0,7.0,13.0,A01
201500012950,0,17,0,0.0,2.0,1.0,21.0,B02
201500012951,0,17,0,5.0,0.0,2.0,1.0,A01
201500012952,0,7,0,0.0,2.0,2.0,19.0,B02
201500012952,0,17,0,0.0,2.0,2.0,1.0,A01
201500012953,0,17,0,3.0,0.0,1.0,1.0,A01
201500012953,0,7,0,1.0,0.0,1.0,1.0,B02
201500012954,0,7,0,0.0,2.0,3.0,1.0,B01
201500012954,0,2,0,0.0,2.0,3.0,17.0,A01
201500012955,0,7,0,10.0,0.0,2.0,1.0,A01
201500012956,0,7,0,6.0,2.0,8.0,1.0,B01
201500012956,0,7,0,0.0,2.0,8.0,15.0,A01
201500012957,0,7,0,6.0,0.0,2.0,14.0,A01
201500012958,0,7,0,8.0,0.0,1.0,1.0,A01
201500012959,0,7,0,0.0,2.0,8.0,9.0,A01
201500012959,0,30,0,0.0,2.0,1.0,1.0,B01
201500012960,0,2,0,0.0,2.0,2.0,2.0,B01
201500012960,0,7,0,0.0,2.0,0.0,0.0,A01
201500012961,0,2,0,0.0,2.0,1.0,13.0,A01
201500012961,0,7,0,0.0,2.0,6.0,15.0,B01
201500012962,0,7,0,8.0,0.0,1.0,13.0,A01
201500012963,0,7,0,0.0,2.0,2.0,1.0,B01
201500012963,0,7,0,0.0,2.0,2.0,13.0,A01
201500012964,0,2,0,0.0,2.0,1.0,1.0,B01
201500012964,0,7,0,0.0,0.0,6.0,9.0,A01
201500012965,0,2,0,0.0,2.0,1.0,2.0,B01
201500012965,0,7,0,0.0,2.0,3.0,19.0,A01
201500012966,0,7,0,0.0,2.0,7.0,14.0,A01
201500012966,0,7,0,0.0,2.0,8.0,2.0,B01
201500012967,0,1,0,12.0,0.0,1.0,2.0,B01
201500012967,0,14,0,0.0,2.0,6.0,2.0,A01
201500012968,0,7,0,0.0,1.0,2.0,1.0,A01
201500012969,0,30,0,0.0,0.0,4.0,1.0,B01
201500012969,0,7,0,0.0,2.0,3.0,9.0,A01
201500012970,0,7,0,0.0,2.0,3.0,0.0,A01
201500012970,0,7,0,0.0,2.0,0.0,0.0,B01
201500012971,0,30,0,0.0,2.0,1.0,1.0,B01
201500012971,0,7,0,0.0,2.0,3.0,15.0,A01
201500012972,0,2,0,0.0,0.0,0.0,1.0,A01
201500012973,0,2,0,0.0,2.0,1.0,10.0,A01
201500012973,0,2,0,0.0,2.0,6.0,15.0,B01
201500012974,0,7,0,0.0,1.0,4.0,4.0,A01
201500012975,0,7,0,0.0,9.0,1.0,15.0,A01
201500012975,0,1,0,0.0,2.0,1.0,1.0,B01
201500012976,0,10,0,0.0,2.0,5.0,15.0,A01
201500012976,0,33,0,0.0,2.0,1.0,1.0,B01
201500012977,0,7,0,0.0,2.0,1.0,1.0,A01
201500012977,0,7,0,0.0,2.0,1.0,1.0,B01
201500012978,0,7,0,0.0,1.0,2.0,9.0,A01
201500012979,0,7,0,11.0,0.0,1.0,17.0,B01
201500012979,0,7,0,0.0,2.0,3.0,2.0,A01
201500012980,0,7,0,0.0,2.0,3.0,1.0,B01
201500012980,0,10,0,0.0,2.0,3.0,5.0,A01
201500012981,0,7,0,0.0,1.0,2.0,1.0,A01
201500012982,0,15,0,0.0,1.0,1.0,2.0,A01
201500012983,0,7,0,0.0,2.0,8.0,15.0,B01
201500012983,0,1,0,0.0,2.0,3.0,9.0,A01
201500012984,0,15,0,0.0,1.0,3.0,1.0,A01
201500012985,0,7,0,8.0,2.0,3.0,1.0,B01
201500012985,0,7,0,8.0,2.0,2.0,19.0,A01
201500012986,0,7,0,0.0,9.0,2.0,15.0,A01
201500012986,0,1,0,0.0,2.0,1.0,0.0,B01
201500012987,0,7,0,0.0,2.0,5.0,2.0,A01
201500012987,0,3,0,0.0,2.0,6.0,2.0,B01
201500012988,0,7,0,0.0,0.0,0.0,17.0,A01
201500012988,0,2,0,12.0,0.0,1.0,14.0,B01
201500012989,0,7,0,0.0,2.0,3.0,9.0,A01
201500012989,0,33,0,0.0,2.0,0.0,21.0,B01
201500012990,0,7,0,0.0,1.0,3.0,1.0,A01
201500012991,0,7,0,0.0,2.0,3.0,15.0,A01
201500012991,0,33,0,0.0,2.0,1.0,17.0,B01
201500012992,0,7,0,2.0,0.0,1.0,14.0,A01
201500012993,0,7,0,0.0,2.0,6.0,12.0,A01
201500012993,0,33,0,0.0,2.0,1.0,0.0,B01
201500012994,0,7,0,0.0,1.0,1.0,2.0,A01
201500012995,0,7,0,0.0,2.0,3.0,2.0,B01
201500012995,0,7,0,11.0,2.0,2.0,15.0,A01
201500012995,0,7,0,0.0,2.0,3.0,0.0,C01
201500012996,0,10,0,0.0,2.0,4.0,23.0,B01
201500012996,0,7,0,0.0,2.0,4.0,23.0,C01
201500012996,0,7,0,0.0,2.0,4.0,23.0,D01
201500012996,0,7,0,0.0,2.0,1.0,2.0,A01
201500012997,0,2,0,0.0,0.0,7.0,0.0,A01
201500012998,0,7,0,0.0,2.0,1.0,2.0,A01
201500012998,0,7,0,0.0,2.0,4.0,23.0,C01
201500012998,0,7,0,0.0,2.0,4.0,2.0,B01
201500012999,0,2,0,0.0,0.0,0.0,1.0,A01
201500013000,0,33,0,0.0,0.0,1.0,1.0,A01
201500013001,0,7,0,0.0,2.0,3.0,2.0,A01
201500013001,0,7,0,0.0,2.0,5.0,2.0,B01
201500013002,0,7,0,8.0,0.0,1.0,19.0,A01
201500013003,0,7,0,0.0,2.0,1.0,13.0,A01
201500013003,0,7,0,0.0,2.0,1.0,1.0,C01
201500013003,0,7,0,0.0,2.0,8.0,1.0,B01
201500013003,0,7,0,0.0,2.0,7.0,1.0,D01
201500013004,0,7,0,0.0,1.0,1.0,2.0,A01
201500013005,0,10,0,0.0,2.0,1.0,2.0,B02
201500013005,0,7,0,0.0,0.0,4.0,1.0,A01
201500013006,0,7,0,13.0,0.0,9.0,14.0,A01
201500013007,0,7,0,4.0,0.0,2.0,14.0,A01
201500013008,0,7,0,13.0,0.0,1.0,1.0,A01
201500013009,0,7,0,0.0,2.0,2.0,1.0,C03
201500013009,0,10,0,3.0,0.0,2.0,1.0,A01
201500013009,0,7,0,0.0,2.0,3.0,1.0,B02
201500013010,0,7,0,3.0,0.0,1.0,14.0,A01
201500013011,0,7,0,13.0,0.0,2.0,14.0,A01
201500013012,0,17,0,3.0,0.0,8.0,13.0,A01
201500013012,0,7,0,0.0,9.0,8.0,1.0,B02
201500013013,0,7,0,4.0,0.0,3.0,13.0,A01
201500013014,0,7,0,3.0,0.0,3.0,1.0,A01
201500013015,0,17,0,1.0,0.0,1.0,2.0,A01
201500013015,0,7,0,0.0,0.0,4.0,23.0,B02
201500013016,0,7,0,3.0,0.0,2.0,1.0,A01
201500013017,0,33,0,0.0,2.0,1.0,2.0,A01
201500013017,0,7,0,0.0,2.0,6.0,2.0,B02
201500013018,0,33,0,3.0,0.0,2.0,1.0,A01
201500013019,0,33,0,0.0,0.0,7.0,1.0,A01
201500013020,0,33,0,13.0,2.0,5.0,5.0,B02
201500013020,0,14,0,0.0,2.0,2.0,1.0,A01
201500013021,0,17,0,0.0,0.0,4.0,2.0,B02
201500013021,0,7,0,0.0,2.0,1.0,1.0,A01
201500013022,0,7,0,3.0,0.0,3.0,13.0,A01
201500013023,0,7,0,13.0,0.0,7.0,21.0,A01
201500013024,0,7,0,4.0,0.0,9.0,1.0,A01
201500013024,0,17,0,0.0,2.0,6.0,1.0,B02
201500013024,0,7,0,0.0,2.0,2.0,2.0,C03
201500013024,0,7,0,0.0,2.0,3.0,2.0,D04
201500013025,0,7,0,4.0,0.0,2.0,1.0,A01
201500013026,0,7,0,7.0,0.0,1.0,1.0,A01
201500013027,0,10,0,3.0,0.0,2.0,2.0,A01
201500013028,0,17,0,2.0,0.0,7.0,1.0,A01
201500013029,0,7,0,4.0,0.0,3.0,1.0,A01
201500013030,0,33,0,3.0,0.0,8.0,1.0,A01
201500013031,0,7,0,13.0,0.0,2.0,0.0,A01
201500013032,0,7,0,0.0,2.0,2.0,9.0,A01
201500013032,0,30,0,0.0,2.0,1.0,1.0,B01
201500013033,0,7,0,0.0,2.0,4.0,2.0,B01
201500013033,0,2,0,14.0,0.0,1.0,2.0,A01
201500013034,0,7,0,2.0,2.0,1.0,1.0,A01
201500013034,1,7,0,0.0,0.0,0.0,0.0,B01
201500013035,0,7,0,0.0,2.0,4.0,15.0,B01
201500013035,0,2,0,0.0,2.0,1.0,1.0,A01
201500013036,0,7,0,12.0,0.0,3.0,1.0,A01
201500013037,0,2,0,0.0,2.0,8.0,2.0,B01
201500013037,0,30,0,0.0,2.0,1.0,2.0,A01
201500013038,2,7,0,1.0,1.0,4.0,4.0,A01
201500013039,0,7,0,0.0,2.0,1.0,19.0,A01
201500013039,0,33,0,0.0,2.0,8.0,2.0,B01
201500013040,0,32,0,0.0,2.0,1.0,1.0,A01
201500013040,0,7,0,0.0,2.0,3.0,15.0,B01
201500013041,0,7,0,4.0,0.0,3.0,13.0,A01
201500013042,0,7,0,0.0,0.0,0.0,0.0,C01
201500013042,0,7,0,0.0,0.0,0.0,0.0,B01
201500013042,0,7,0,0.0,0.0,0.0,0.0,A01
201500013043,0,34,0,0.0,2.0,8.0,1.0,A01
201500013043,1,99,0,0.0,0.0,0.0,0.0,Z01
201500013044,0,7,0,0.0,2.0,2.0,1.0,A01
201500013044,0,7,0,0.0,2.0,1.0,1.0,B01
201500013045,0,7,0,0.0,1.0,2.0,15.0,A01
201500013046,0,33,0,0.0,2.0,1.0,1.0,A01
201500013046,0,7,0,0.0,2.0,8.0,1.0,B01
201500013047,0,7,0,0.0,0.0,0.0,0.0,A01
201500013048,0,10,0,0.0,1.0,6.0,0.0,A01
201500013049,0,7,0,0.0,1.0,2.0,1.0,A01
201500013050,0,7,0,2.0,0.0,1.0,13.0,A01
201500013051,0,7,0,0.0,2.0,1.0,1.0,A01
201500013051,0,10,0,0.0,2.0,5.0,19.0,B01
201500013052,0,2,0,0.0,0.0,0.0,0.0,A01
201500013053,0,7,0,0.0,2.0,1.0,1.0,A01
201500013053,0,7,0,0.0,2.0,3.0,9.0,B01
201500013054,0,7,0,0.0,2.0,4.0,2.0,B01
201500013054,0,7,0,0.0,2.0,1.0,2.0,A01
201500013055,0,7,0,0.0,0.0,0.0,0.0,A01
201500013056,0,32,0,0.0,2.0,4.0,1.0,B01
201500013056,0,7,0,0.0,2.0,1.0,1.0,A01
201500013057,0,1,0,0.0,0.0,0.0,13.0,B01
201500013057,0,7,0,0.0,0.0,2.0,2.0,A01
201500013058,0,7,0,0.0,0.0,0.0,2.0,B01
201500013058,0,7,0,0.0,0.0,0.0,15.0,A01
201500013059,0,7,0,0.0,2.0,3.0,15.0,A01
201500013059,0,30,0,0.0,2.0,1.0,1.0,B01
201500013060,0,7,0,0.0,2.0,1.0,2.0,A01
201500013060,0,7,0,0.0,2.0,9.0,15.0,B01
201500013060,0,7,0,0.0,2.0,1.0,1.0,C01
201500013061,0,7,0,4.0,0.0,3.0,6.0,A01
201500013062,1,1,0,0.0,0.0,0.0,0.0,Z01
201500013062,0,30,0,0.0,9.0,1.0,1.0,A01
201500013063,0,7,0,0.0,2.0,3.0,10.0,A01
201500013063,0,30,0,0.0,2.0,2.0,1.0,B01
201500013064,0,33,0,0.0,0.0,0.0,0.0,B01
201500013064,0,7,0,0.0,2.0,2.0,1.0,A01
201500013065,0,7,0,0.0,2.0,7.0,15.0,A01
201500013065,0,33,0,0.0,2.0,1.0,1.0,B01
201500013066,0,37,0,0.0,2.0,3.0,1.0,B01
201500013066,0,30,0,0.0,2.0,1.0,5.0,A01
201500013067,0,33,0,15.0,0.0,1.0,1.0,A01
201500013068,0,33,0,0.0,2.0,4.0,1.0,A01
201500013068,0,33,0,0.0,0.0,6.0,1.0,B01
201500013069,0,7,0,0.0,2.0,3.0,0.0,A01
201500013069,0,2,0,0.0,2.0,1.0,0.0,B01
201500013070,0,7,0,0.0,2.0,3.0,1.0,B01
201500013070,0,30,0,0.0,2.0,1.0,1.0,A01
201500013071,0,2,0,0.0,2.0,1.0,1.0,B01
201500013071,0,7,0,0.0,2.0,8.0,0.0,A01
201500013072,0,1,0,0.0,2.0,0.0,0.0,B01
201500013072,0,7,0,0.0,2.0,2.0,11.0,A01
201500013073,0,31,0,1.0,0.0,1.0,2.0,B01
201500013073,0,7,0,0.0,2.0,8.0,22.0,A01
201500013074,0,2,0,0.0,2.0,1.0,0.0,B01
201500013074,0,7,0,0.0,2.0,3.0,0.0,A01
201500013075,0,30,0,16.0,0.0,1.0,15.0,A01
201500013076,0,7,0,0.0,2.0,1.0,1.0,B01
201500013076,0,7,0,0.0,2.0,8.0,19.0,A01
201500013077,0,7,0,0.0,1.0,8.0,23.0,A01
201500013078,0,7,0,0.0,2.0,1.0,13.0,A01
201500013078,0,37,0,0.0,2.0,3.0,2.0,B01
201500013079,0,33,0,0.0,2.0,1.0,1.0,B01
201500013079,0,7,0,0.0,2.0,3.0,15.0,A01
201500013080,0,7,0,0.0,1.0,3.0,0.0,A01
201500013081,0,31,0,0.0,1.0,0.0,0.0,A01
201500013082,0,32,0,0.0,2.0,8.0,16.0,B01
201500013082,0,7,0,0.0,2.0,7.0,16.0,A01
201500013083,0,32,0,14.0,0.0,2.0,1.0,A01
201500013083,0,7,0,0.0,2.0,8.0,1.0,B01
201500013084,0,7,0,0.0,2.0,1.0,2.0,A01
201500013084,0,33,0,0.0,2.0,4.0,23.0,B01
201500013085,0,7,0,0.0,2.0,8.0,23.0,C01
201500013085,0,7,0,0.0,2.0,7.0,16.0,B01
201500013085,0,33,0,1.0,2.0,1.0,7.0,A01
201500013086,0,7,0,0.0,0.0,8.0,20.0,B01
201500013086,0,31,0,0.0,2.0,7.0,17.0,A01
201500013087,0,33,0,0.0,2.0,1.0,17.0,B01
201500013087,0,10,0,0.0,2.0,3.0,15.0,A01
201500013088,0,10,0,0.0,1.0,1.0,1.0,A01
201500013089,0,10,0,0.0,2.0,1.0,1.0,B01
201500013089,0,10,0,0.0,2.0,1.0,13.0,A01
201500013090,0,7,0,2.0,0.0,3.0,1.0,A01
201500013091,0,7,0,0.0,1.0,5.0,0.0,A01
201500013092,0,14,0,0.0,2.0,3.0,15.0,A01
201500013092,0,14,0,0.0,2.0,3.0,1.0,B01
201500013093,0,33,0,0.0,2.0,1.0,1.0,A01
201500013093,0,10,0,0.0,2.0,7.0,15.0,B01
201500013094,0,7,0,0.0,1.0,3.0,0.0,A01
201500013095,0,30,0,0.0,1.0,1.0,1.0,A01
201500013096,0,7,0,0.0,2.0,3.0,1.0,A01
201500013096,0,33,0,0.0,2.0,5.0,1.0,B01
201500013097,0,7,0,2.0,0.0,1.0,15.0,A01
201500013098,1,37,0,0.0,1.0,2.0,1.0,Z01
201500013099,0,7,0,0.0,1.0,3.0,15.0,A01
201500013100,0,7,0,0.0,0.0,0.0,0.0,B01
201500013100,2,7,0,0.0,2.0,1.0,0.0,A01
201500013100,0,7,0,0.0,0.0,0.0,0.0,C01
201500013101,0,30,0,0.0,2.0,1.0,1.0,B01
201500013101,0,7,0,0.0,2.0,7.0,15.0,A01
201500013102,0,33,0,12.0,0.0,9.0,2.0,A01
201500013103,0,7,0,3.0,2.0,2.0,1.0,A01
201500013103,0,7,0,0.0,2.0,3.0,1.0,B01
201500013104,0,33,0,0.0,1.0,0.0,21.0,A01
201500013105,0,7,0,0.0,2.0,3.0,15.0,A01
201500013105,0,7,0,0.0,2.0,3.0,0.0,B01
201500013106,0,7,0,0.0,0.0,0.0,0.0,A01
201500013106,0,7,0,0.0,0.0,0.0,0.0,B01
201500013107,0,7,0,4.0,0.0,3.0,1.0,A01
201500013108,0,1,0,1.0,1.0,1.0,2.0,A01
201500013108,1,7,0,1.0,0.0,0.0,0.0,Z01
201500013109,0,7,0,0.0,2.0,1.0,2.0,A01
201500013109,0,7,0,0.0,0.0,4.0,1.0,B01
201500013110,0,7,0,0.0,0.0,8.0,1.0,B01
201500013110,0,7,0,0.0,0.0,3.0,1.0,C01
201500013110,0,7,0,0.0,2.0,1.0,1.0,A01
201500013111,0,7,0,0.0,2.0,3.0,5.0,A01
201500013111,0,7,0,0.0,2.0,1.0,1.0,B01
201500013112,0,33,0,6.0,0.0,1.0,14.0,A01
201500013113,0,7,0,15.0,1.0,3.0,13.0,A01
201500013114,1,7,0,0.0,2.0,0.0,0.0,B01
201500013114,0,1,0,0.0,0.0,0.0,0.0,A01
201500013115,0,7,0,0.0,1.0,2.0,1.0,A01
201500013116,0,33,0,0.0,2.0,7.0,17.0,A01
201500013116,0,7,0,0.0,2.0,1.0,0.0,B01
201500013117,1,33,0,0.0,1.0,0.0,1.0,A01
201500013118,0,7,0,0.0,2.0,2.0,0.0,B01
201500013118,0,1,0,0.0,2.0,1.0,0.0,A01
201500013119,0,33,0,0.0,0.0,8.0,1.0,B01
201500013119,0,7,0,0.0,0.0,2.0,2.0,A01
201500013120,0,30,0,1.0,0.0,7.0,0.0,A01
201500013121,0,7,0,0.0,1.0,1.0,0.0,A01
201500013122,0,7,0,0.0,2.0,1.0,2.0,B01
201500013122,0,7,0,0.0,2.0,2.0,2.0,A01
201500013123,0,7,0,0.0,2.0,1.0,0.0,A01
201500013123,0,7,0,0.0,2.0,1.0,1.0,B01
201500013124,0,7,0,0.0,2.0,3.0,13.0,A01
201500013124,0,7,0,0.0,2.0,3.0,2.0,B01
201500013125,0,7,0,0.0,1.0,1.0,0.0,A01
201500013126,0,17,0,0.0,2.0,5.0,9.0,B01
201500013126,0,7,0,0.0,2.0,1.0,1.0,A01
201500013127,0,10,0,0.0,2.0,3.0,11.0,A01
201500013127,0,7,0,15.0,2.0,3.0,1.0,B01
201500013128,0,7,0,0.0,2.0,7.0,13.0,A01
201500013128,0,7,0,0.0,2.0,1.0,0.0,B01
201500013129,0,2,0,0.0,1.0,1.0,16.0,A01
201500013130,0,7,0,13.0,0.0,1.0,2.0,A01
201500013131,0,7,0,0.0,2.0,7.0,2.0,C01
201500013131,0,7,0,0.0,0.0,6.0,2.0,B01
201500013131,0,7,0,0.0,2.0,1.0,13.0,A01
201500013132,0,7,0,0.0,2.0,4.0,2.0,B01
201500013132,0,7,0,0.0,2.0,1.0,2.0,A01
201500013132,0,7,0,0.0,2.0,4.0,2.0,C01
201500013133,0,30,0,12.0,0.0,1.0,0.0,A01
201500013134,0,7,0,0.0,2.0,8.0,15.0,B01
201500013134,0,33,0,0.0,2.0,2.0,17.0,A01
201500013135,0,7,0,0.0,2.0,4.0,1.0,B01
201500013135,0,7,0,0.0,2.0,1.0,1.0,A01
201500013136,0,7,0,0.0,2.0,1.0,1.0,A01
201500013136,0,2,0,0.0,2.0,1.0,1.0,B01
201500013137,0,7,0,0.0,1.0,1.0,1.0,A01
201500013138,0,7,0,0.0,0.0,4.0,2.0,B01
201500013138,0,15,0,0.0,2.0,0.0,2.0,A01
201500013139,0,7,0,0.0,2.0,3.0,15.0,A01
201500013139,0,34,0,0.0,2.0,7.0,1.0,B01
201500013140,0,7,0,0.0,1.0,7.0,0.0,A01
201500013141,0,7,0,0.0,0.0,4.0,1.0,B01
201500013141,0,7,0,0.0,2.0,1.0,2.0,A01
201500013142,0,34,0,0.0,2.0,1.0,1.0,B01
201500013142,0,7,0,0.0,2.0,7.0,15.0,A01
201500013143,0,7,0,0.0,2.0,3.0,1.0,A01
201500013143,0,7,0,0.0,2.0,7.0,1.0,B01
201500013144,0,7,0,0.0,1.0,3.0,1.0,A01
201500013145,0,7,0,0.0,0.0,4.0,2.0,A01
201500013145,0,7,0,0.0,2.0,1.0,2.0,B01
201500013146,0,7,0,0.0,1.0,1.0,0.0,A01
201500013147,0,7,0,0.0,2.0,3.0,1.0,B01
201500013147,0,3,0,0.0,2.0,2.0,1.0,A01
201500013148,0,7,0,0.0,2.0,1.0,1.0,B01
201500013148,0,7,0,0.0,2.0,4.0,1.0,A01
201500013149,0,7,0,0.0,2.0,8.0,13.0,A01
201500013149,0,7,0,0.0,0.0,0.0,0.0,B01
201500013150,0,7,0,0.0,0.0,0.0,0.0,A01
201500013150,0,7,0,0.0,2.0,0.0,0.0,B01
201500013151,0,30,0,0.0,2.0,0.0,2.0,A01
201500013151,0,30,0,0.0,2.0,0.0,2.0,B01
201500013152,0,7,0,0.0,6.0,3.0,1.0,A01
201500013153,0,7,0,0.0,1.0,3.0,1.0,A01
201500013154,0,7,0,0.0,0.0,4.0,2.0,B01
201500013154,0,15,0,0.0,2.0,1.0,2.0,A01
201500013155,0,7,0,0.0,2.0,3.0,15.0,A01
201500013155,0,31,0,0.0,2.0,2.0,17.0,B01
201500013156,0,7,0,0.0,0.0,0.0,0.0,B01
201500013156,0,33,0,0.0,2.0,1.0,0.0,A01
201500013157,0,33,0,0.0,0.0,0.0,1.0,A01
201500013158,0,7,0,0.0,1.0,1.0,19.0,A01
201500013159,0,7,0,0.0,1.0,7.0,16.0,A01
201500013160,0,7,0,15.0,2.0,7.0,15.0,A01
201500013160,0,7,0,2.0,2.0,1.0,2.0,B01
201500013161,0,7,0,0.0,1.0,1.0,13.0,A01
201500013162,0,10,0,0.0,2.0,5.0,2.0,B01
201500013162,0,7,0,0.0,2.0,3.0,2.0,A01
201500013163,0,32,0,2.0,0.0,7.0,14.0,A01
201500013164,0,7,0,15.0,2.0,1.0,14.0,A01
201500013164,0,1,0,0.0,0.0,6.0,1.0,B01
201500013165,0,7,0,0.0,1.0,2.0,15.0,A01
201500013166,0,33,0,0.0,2.0,1.0,2.0,B01
201500013166,0,7,0,0.0,2.0,1.0,9.0,A01
201500013167,1,7,0,0.0,1.0,2.0,0.0,Z01
201500013168,0,7,0,0.0,2.0,4.0,2.0,A01
201500013168,1,99,0,0.0,0.0,0.0,0.0,Z01
201500013169,0,7,0,0.0,1.0,0.0,0.0,A01
201500013170,0,7,0,0.0,2.0,2.0,1.0,A01
201500013170,0,1,0,0.0,2.0,3.0,0.0,B01
201500013171,0,7,0,0.0,1.0,2.0,1.0,A01
201500013172,0,7,0,0.0,9.0,1.0,17.0,A01
201500013173,0,7,0,2.0,0.0,8.0,17.0,A01
201500013174,0,7,0,16.0,0.0,2.0,2.0,A01
201500013174,0,7,0,14.0,0.0,7.0,15.0,B01