Num_Acc,senc,catv,occutc,obs,obsm,choc,manv,num_veh
201500013175,0,7,0,15.0,0.0,1.0,1.0,A01
201500013176,0,7,0,0.0,1.0,7.0,1.0,A01
201500013177,0,7,0,1.0,0.0,1.0,1.0,A01
201500013178,0,7,0,0.0,2.0,4.0,2.0,B01
201500013178,0,14,0,0.0,2.0,1.0,2.0,A01
201500013179,0,2,0,0.0,0.0,8.0,0.0,A01
201500013180,0,7,0,0.0,2.0,0.0,0.0,B01
201500013180,0,7,0,0.0,2.0,3.0,0.0,C01
201500013180,0,7,0,0.0,2.0,1.0,0.0,A01
201500013181,0,7,0,0.0,2.0,7.0,15.0,A01
201500013181,0,7,0,0.0,2.0,1.0,1.0,B01
201500013182,0,2,0,0.0,2.0,1.0,21.0,A01
201500013182,0,7,0,0.0,2.0,8.0,1.0,B01
201500013183,0,7,0,1.0,2.0,7.0,0.0,A01
201500013183,0,7,0,0.0,0.0,0.0,0.0,B01
201500013184,0,7,0,6.0,0.0,1.0,0.0,A01
201500013185,0,7,0,0.0,2.0,3.0,9.0,A01
201500013185,0,7,0,0.0,2.0,2.0,1.0,B01
201500013186,0,30,0,0.0,2.0,1.0,0.0,B01
201500013186,0,7,0,0.0,2.0,3.0,9.0,A01
201500013187,0,7,0,0.0,2.0,1.0,2.0,A01
201500013187,0,7,0,0.0,2.0,4.0,2.0,C01
201500013187,0,7,0,0.0,2.0,4.0,2.0,B01
201500013188,0,7,0,0.0,2.0,0.0,15.0,A01
201500013188,0,1,0,0.0,2.0,8.0,1.0,B01
201500013189,0,2,0,0.0,2.0,8.0,11.0,A01
201500013189,0,10,0,0.0,2.0,2.0,1.0,B01
201500013190,0,7,0,0.0,2.0,1.0,1.0,A01
201500013190,0,7,0,0.0,2.0,4.0,15.0,B01
201500013191,0,7,0,0.0,2.0,3.0,9.0,B01
201500013191,0,31,0,0.0,2.0,1.0,17.0,A01
201500013192,0,2,0,0.0,2.0,4.0,2.0,B01
201500013192,0,7,0,0.0,2.0,2.0,2.0,A01
201500013193,0,7,0,0.0,1.0,3.0,15.0,A01
201500013194,0,7,0,0.0,2.0,4.0,0.0,B01
201500013194,0,7,0,0.0,2.0,1.0,2.0,A01
201500013195,0,7,0,0.0,2.0,7.0,1.0,A01
201500013195,0,32,0,0.0,2.0,1.0,1.0,B01
201500013196,0,33,0,0.0,0.0,1.0,0.0,A01
201500013197,0,7,0,0.0,2.0,6.0,15.0,A01
201500013197,0,33,0,0.0,2.0,1.0,15.0,B01
201500013198,0,7,0,0.0,2.0,5.0,10.0,A01
201500013198,0,34,0,0.0,2.0,1.0,2.0,B01
201500013199,0,7,0,0.0,2.0,1.0,1.0,B01
201500013199,0,7,0,0.0,2.0,1.0,13.0,A01
201500013200,0,7,0,0.0,1.0,0.0,0.0,A01
201500013201,0,7,0,0.0,2.0,1.0,15.0,A01
201500013201,0,30,0,0.0,2.0,0.0,0.0,B01
201500013202,0,7,0,0.0,2.0,4.0,2.0,B01
201500013202,0,14,0,0.0,2.0,1.0,2.0,A01
201500013203,0,7,0,0.0,2.0,0.0,0.0,A01
201500013203,0,34,0,0.0,2.0,0.0,0.0,B01
201500013204,0,37,0,0.0,2.0,1.0,1.0,B01
201500013204,0,7,0,0.0,2.0,6.0,2.0,A01
201500013205,0,7,0,0.0,2.0,2.0,15.0,B01
201500013205,0,32,0,0.0,2.0,1.0,1.0,A01
201500013206,0,7,0,0.0,1.0,2.0,1.0,A01
201500013207,0,7,0,12.0,0.0,3.0,1.0,A01
201500013208,0,3,0,0.0,2.0,3.0,1.0,B01
201500013208,0,33,0,0.0,2.0,7.0,12.0,A01
201500013209,0,7,0,0.0,2.0,5.0,2.0,B01
201500013209,0,31,0,0.0,2.0,1.0,2.0,A01
201500013210,0,7,0,0.0,2.0,4.0,1.0,B01
201500013210,0,7,0,0.0,2.0,1.0,1.0,A01
201500013211,0,7,0,0.0,2.0,8.0,1.0,C01
201500013211,0,7,0,0.0,2.0,3.0,13.0,A01
201500013211,0,7,0,0.0,2.0,8.0,1.0,B01
201500013212,0,33,0,0.0,2.0,2.0,17.0,A01
201500013212,0,7,0,0.0,2.0,3.0,15.0,B01
201500013213,0,7,0,0.0,2.0,0.0,0.0,B01
201500013213,0,7,0,0.0,2.0,2.0,1.0,A01
201500013214,0,7,0,0.0,2.0,5.0,15.0,B01
201500013214,0,13,0,0.0,2.0,2.0,1.0,A01
201500013215,0,7,0,0.0,2.0,0.0,0.0,B01
201500013215,0,7,0,0.0,2.0,1.0,1.0,A01
201500013216,0,7,0,0.0,2.0,3.0,2.0,B01
201500013216,0,7,0,0.0,2.0,2.0,0.0,A01
201500013217,0,30,0,0.0,1.0,1.0,1.0,A01
201500013218,0,7,0,0.0,2.0,0.0,15.0,A01
201500013218,0,34,0,0.0,2.0,0.0,1.0,B01
201500013219,0,7,0,0.0,1.0,3.0,15.0,A01
201500013220,0,33,0,0.0,2.0,1.0,1.0,B01
201500013220,0,7,0,0.0,2.0,8.0,15.0,A01
201500013221,0,7,0,8.0,0.0,1.0,1.0,A01
201500013222,0,7,0,9.0,0.0,0.0,0.0,A01
201500013223,0,30,0,0.0,2.0,1.0,1.0,A01
201500013223,0,7,0,0.0,2.0,2.0,1.0,B01
201500013224,0,7,0,0.0,2.0,3.0,2.0,A01
201500013224,0,7,0,0.0,2.0,5.0,15.0,B01
201500013225,0,7,0,0.0,2.0,0.0,0.0,A01
201500013225,1,30,0,0.0,2.0,0.0,0.0,Z01
201500013226,0,7,0,0.0,2.0,3.0,15.0,A01
201500013226,0,33,0,0.0,2.0,1.0,16.0,B01
201500013227,1,7,0,0.0,2.0,5.0,14.0,Z01
201500013227,0,34,0,0.0,2.0,1.0,1.0,A01
201500013228,0,7,0,0.0,1.0,2.0,1.0,A01
201500013229,0,7,0,0.0,2.0,1.0,15.0,A01
201500013229,0,30,0,0.0,2.0,1.0,1.0,B01
201500013230,0,7,0,0.0,2.0,4.0,1.0,B01
201500013230,0,7,0,0.0,2.0,1.0,1.0,A01
201500013231,0,32,0,0.0,2.0,1.0,1.0,B01
201500013231,0,7,0,0.0,2.0,5.0,15.0,A01
201500013232,0,7,0,0.0,1.0,3.0,15.0,A01
201500013233,0,7,0,0.0,2.0,1.0,1.0,A01
201500013233,0,7,0,0.0,1.0,4.0,1.0,B01
201500013234,0,7,0,0.0,2.0,8.0,0.0,A01
201500013234,0,34,0,0.0,2.0,1.0,0.0,B01
201500013235,0,7,0,0.0,2.0,4.0,2.0,A01
201500013235,0,10,0,0.0,2.0,4.0,2.0,B01
201500013236,0,7,0,0.0,1.0,0.0,0.0,A01
201500013237,0,7,0,1.0,0.0,2.0,1.0,A01
201500013238,0,2,0,0.0,2.0,4.0,1.0,A01
201500013238,1,7,0,0.0,2.0,2.0,1.0,Z01
201500013239,0,33,0,0.0,2.0,0.0,0.0,B01
201500013239,0,7,0,0.0,2.0,7.0,0.0,A01
201500013240,0,7,0,0.0,2.0,5.0,15.0,B01
201500013240,0,34,0,0.0,2.0,1.0,0.0,A01
201500013241,0,7,0,0.0,2.0,3.0,0.0,B01
201500013241,0,32,0,0.0,2.0,5.0,17.0,A01
201500013242,0,2,0,0.0,2.0,1.0,1.0,B01
201500013242,0,7,0,0.0,2.0,3.0,15.0,A01
201500013243,0,7,0,0.0,2.0,4.0,2.0,B01
201500013243,0,7,0,0.0,2.0,1.0,2.0,A01
201500013243,0,7,0,0.0,0.0,4.0,2.0,C01
201500013244,0,31,0,0.0,2.0,4.0,15.0,B01
201500013244,0,7,0,0.0,2.0,3.0,2.0,A01
201500013245,0,7,0,0.0,2.0,4.0,1.0,A01
201500013245,0,7,0,0.0,2.0,1.0,1.0,B01
201500013246,0,7,0,0.0,2.0,1.0,1.0,A01
201500013246,0,7,0,0.0,2.0,4.0,16.0,B01
201500013247,0,7,0,0.0,0.0,6.0,10.0,A01
201500013247,0,2,0,0.0,2.0,2.0,2.0,B01
201500013248,0,2,0,0.0,2.0,3.0,18.0,A01
201500013248,0,7,0,0.0,0.0,5.0,0.0,B01
201500013249,0,7,0,0.0,2.0,6.0,10.0,A01
201500013249,0,1,0,0.0,2.0,0.0,0.0,B01
201500013250,0,7,0,0.0,2.0,6.0,15.0,A01
201500013250,0,33,0,0.0,2.0,1.0,1.0,B01
201500013251,2,7,0,0.0,2.0,7.0,15.0,A01
201500013251,0,7,0,0.0,2.0,1.0,1.0,B01
201500013252,0,7,0,0.0,2.0,8.0,0.0,B01
201500013252,0,7,0,0.0,2.0,1.0,0.0,A01
201500013253,0,7,0,0.0,2.0,4.0,2.0,D01
201500013253,0,7,0,0.0,2.0,4.0,2.0,C01
201500013253,0,7,0,0.0,2.0,1.0,2.0,A01
201500013253,0,7,0,0.0,2.0,4.0,2.0,B01
201500013254,0,10,0,0.0,2.0,3.0,1.0,B01
201500013254,0,10,0,0.0,0.0,3.0,1.0,A01
201500013255,0,7,0,0.0,2.0,1.0,2.0,A01
201500013255,0,7,0,0.0,0.0,0.0,0.0,B01
201500013256,0,99,0,0.0,2.0,4.0,2.0,B01
201500013256,0,7,0,0.0,2.0,1.0,2.0,A01
201500013257,2,99,0,0.0,1.0,1.0,1.0,A01
201500013258,0,34,0,3.0,0.0,8.0,1.0,A01
201500013259,1,7,0,0.0,1.0,0.0,0.0,A01
201500013260,0,32,0,0.0,2.0,2.0,1.0,B01
201500013260,0,7,0,0.0,2.0,1.0,15.0,A01
201500013261,0,7,0,0.0,2.0,1.0,2.0,A01
201500013261,0,7,0,0.0,2.0,4.0,2.0,B01
201500013262,0,7,0,0.0,2.0,5.0,1.0,B01
201500013262,0,7,0,0.0,2.0,8.0,21.0,A01
201500013262,0,7,0,0.0,2.0,6.0,1.0,C01
201500013263,0,7,0,0.0,2.0,6.0,15.0,B01
201500013263,0,10,0,0.0,2.0,3.0,15.0,A01
201500013264,0,7,0,0.0,2.0,1.0,0.0,A01
201500013264,0,7,0,0.0,2.0,4.0,2.0,B01
201500013265,1,10,0,0.0,1.0,4.0,4.0,A01
201500013266,0,34,0,0.0,0.0,0.0,1.0,A01
201500013267,0,2,0,0.0,2.0,2.0,17.0,A01
201500013267,0,7,0,0.0,2.0,3.0,15.0,B01
201500013268,0,7,0,0.0,2.0,0.0,2.0,B01
201500013268,0,7,0,0.0,2.0,0.0,0.0,C01
201500013268,0,7,0,0.0,2.0,0.0,0.0,D01
201500013268,0,7,0,0.0,2.0,1.0,2.0,A01
201500013269,0,1,0,0.0,2.0,7.0,17.0,A01
201500013269,0,7,0,0.0,2.0,3.0,15.0,B01
201500013270,0,7,0,0.0,2.0,1.0,1.0,A01
201500013270,0,7,0,0.0,2.0,4.0,1.0,B01
201500013271,0,7,0,0.0,2.0,1.0,2.0,A01
201500013271,0,7,0,0.0,2.0,4.0,2.0,B01
201500013272,0,7,0,0.0,2.0,7.0,1.0,B01
201500013272,0,7,0,0.0,2.0,3.0,16.0,A01
201500013273,0,7,0,0.0,2.0,7.0,1.0,B01
201500013273,0,7,0,0.0,2.0,2.0,15.0,A01
201500013274,0,7,0,0.0,2.0,8.0,1.0,B01
201500013274,0,7,0,0.0,2.0,1.0,0.0,A01
201500013275,0,33,0,0.0,2.0,1.0,1.0,B01
201500013275,0,7,0,0.0,2.0,1.0,15.0,A01
201500013276,0,7,0,0.0,2.0,4.0,2.0,B01
201500013276,0,7,0,0.0,2.0,1.0,2.0,A01
201500013276,0,7,0,0.0,2.0,4.0,2.0,C01
201500013277,0,30,0,0.0,1.0,0.0,0.0,A01
201500013278,0,32,0,0.0,1.0,1.0,17.0,A01
201500013279,0,10,0,0.0,2.0,3.0,9.0,A01
201500013279,0,34,0,0.0,2.0,4.0,0.0,B01
201500013280,0,1,0,0.0,0.0,0.0,0.0,B01
201500013280,0,7,0,0.0,0.0,1.0,0.0,A01
201500013281,0,31,0,0.0,2.0,2.0,16.0,B01
201500013281,0,7,0,0.0,2.0,3.0,1.0,A01
201500013282,0,7,0,0.0,2.0,7.0,0.0,B01
201500013282,0,7,0,0.0,2.0,4.0,20.0,A01
201500013283,0,40,0,0.0,1.0,3.0,1.0,A01
201500013284,0,7,0,0.0,2.0,4.0,0.0,B01
201500013284,0,13,0,0.0,2.0,1.0,0.0,A01
201500013284,0,7,0,0.0,0.0,4.0,23.0,C01
201500013285,0,10,0,0.0,2.0,0.0,0.0,A01
201500013285,0,33,0,0.0,2.0,0.0,0.0,B01
201500013286,0,33,0,0.0,2.0,1.0,1.0,B01
201500013286,0,7,0,0.0,2.0,8.0,19.0,A01
201500013287,0,32,0,0.0,2.0,1.0,0.0,A01
201500013287,0,7,0,0.0,2.0,7.0,0.0,B01
201500013288,1,7,0,0.0,1.0,2.0,1.0,Z01
201500013289,0,32,0,0.0,2.0,1.0,1.0,B01
201500013289,0,7,0,0.0,2.0,2.0,15.0,A01
201500013290,0,7,0,0.0,2.0,3.0,9.0,A01
201500013290,0,7,0,0.0,2.0,2.0,1.0,B01
201500013291,0,10,0,0.0,2.0,5.0,1.0,A01
201500013291,0,7,0,0.0,2.0,6.0,1.0,B01
201500013292,0,7,0,0.0,2.0,6.0,15.0,B01
201500013292,0,34,0,0.0,2.0,1.0,17.0,A01
201500013293,0,7,0,0.0,2.0,0.0,0.0,A01
201500013293,0,31,0,0.0,2.0,3.0,1.0,B01
201500013294,2,7,0,2.0,0.0,1.0,15.0,A01
201500013295,0,7,0,0.0,2.0,1.0,1.0,B01
201500013295,0,7,0,0.0,2.0,3.0,15.0,A01
201500013296,0,33,0,0.0,2.0,4.0,0.0,B01
201500013296,0,7,0,0.0,2.0,2.0,2.0,A01
201500013297,0,7,0,0.0,2.0,4.0,2.0,B01
201500013297,0,7,0,0.0,2.0,1.0,2.0,A01
201500013298,0,7,0,0.0,2.0,4.0,2.0,C01
201500013298,0,7,0,0.0,2.0,4.0,2.0,B01
201500013298,0,7,0,0.0,2.0,1.0,2.0,A01
201500013299,0,30,0,0.0,2.0,8.0,15.0,A01
201500013299,0,17,0,0.0,2.0,3.0,1.0,B01
201500013300,0,7,0,0.0,2.0,0.0,0.0,B01
201500013300,0,7,0,0.0,2.0,0.0,0.0,A01
201500013301,0,7,0,0.0,2.0,3.0,1.0,B01
201500013301,0,7,0,0.0,2.0,3.0,1.0,A01
201500013302,0,30,0,0.0,2.0,1.0,1.0,B01
201500013302,0,7,0,0.0,2.0,2.0,15.0,A01
201500013303,0,7,0,0.0,0.0,0.0,1.0,A01
201500013303,0,7,0,0.0,1.0,3.0,1.0,B01
201500013304,0,7,0,0.0,1.0,0.0,16.0,A01
201500013305,0,10,0,0.0,2.0,1.0,2.0,A01
201500013305,0,7,0,0.0,2.0,4.0,2.0,B01
201500013306,0,33,0,0.0,2.0,1.0,1.0,B01
201500013306,0,7,0,0.0,2.0,2.0,15.0,A01
201500013306,0,7,0,0.0,2.0,6.0,0.0,C01
201500013307,0,31,0,0.0,2.0,1.0,17.0,A01
201500013307,0,7,0,0.0,2.0,3.0,15.0,B01
201500013308,0,10,0,0.0,2.0,1.0,2.0,A01
201500013308,0,7,0,0.0,2.0,4.0,1.0,B01
201500013309,0,7,0,0.0,2.0,1.0,15.0,B01
201500013309,0,2,0,0.0,0.0,1.0,0.0,A01
201500013310,0,10,0,0.0,2.0,3.0,15.0,B01
201500013310,0,33,0,0.0,2.0,7.0,0.0,A01
201500013311,0,1,0,0.0,2.0,7.0,1.0,B01
201500013311,0,7,0,0.0,2.0,1.0,9.0,A01
201500013312,0,7,0,0.0,2.0,6.0,15.0,A01
201500013312,0,31,0,0.0,2.0,1.0,1.0,B01
201500013313,0,33,0,0.0,2.0,7.0,1.0,B01
201500013313,0,7,0,0.0,2.0,1.0,1.0,A01
201500013314,0,10,0,0.0,1.0,6.0,0.0,A01
201500013315,0,33,0,0.0,2.0,2.0,17.0,B01
201500013315,0,7,0,0.0,2.0,3.0,15.0,A01
201500013316,0,7,0,0.0,2.0,3.0,1.0,B01
201500013316,0,7,0,0.0,2.0,1.0,15.0,A01
201500013317,0,30,0,0.0,2.0,2.0,13.0,B01
201500013317,0,7,0,0.0,2.0,6.0,20.0,A01
201500013318,1,2,0,0.0,1.0,0.0,1.0,A01
201500013319,0,7,0,0.0,2.0,0.0,0.0,B01
201500013319,0,30,0,0.0,2.0,2.0,1.0,A01
201500013320,0,7,0,0.0,2.0,6.0,16.0,B01
201500013320,0,14,0,0.0,2.0,2.0,1.0,A01
201500013321,0,7,0,0.0,2.0,8.0,9.0,A01
201500013321,0,31,0,0.0,2.0,1.0,1.0,B01
201500013322,0,7,0,0.0,2.0,3.0,20.0,A01
201500013322,0,30,0,0.0,2.0,1.0,1.0,B01
201500013323,0,7,0,9.0,1.0,1.0,14.0,A01
201500013324,0,7,0,0.0,2.0,3.0,6.0,A01
201500013324,0,34,0,0.0,2.0,3.0,6.0,B01
201500013325,0,2,0,0.0,2.0,1.0,0.0,B01
201500013325,0,7,0,0.0,2.0,5.0,0.0,A01
201500013326,1,7,0,0.0,0.0,0.0,0.0,Z01
201500013326,0,7,0,15.0,2.0,7.0,1.0,A01
201500013327,0,30,0,0.0,2.0,1.0,1.0,B01
201500013327,0,7,0,0.0,2.0,6.0,15.0,A01
201500013328,0,7,0,0.0,2.0,2.0,0.0,A01
201500013328,0,10,0,0.0,2.0,0.0,0.0,B01
201500013329,0,1,0,0.0,2.0,1.0,1.0,B01
201500013329,0,7,0,0.0,2.0,1.0,15.0,A01
201500013330,0,7,0,0.0,2.0,2.0,15.0,A01
201500013330,0,10,0,0.0,2.0,1.0,1.0,B01
201500013331,0,31,0,0.0,2.0,1.0,17.0,A01
201500013331,0,7,0,0.0,2.0,3.0,20.0,B01
201500013332,0,7,0,0.0,2.0,6.0,1.0,B01
201500013332,1,7,0,0.0,2.0,2.0,17.0,A01
201500013332,0,7,0,0.0,2.0,4.0,1.0,C01
201500013333,0,7,0,0.0,2.0,1.0,2.0,A01
201500013333,0,7,0,0.0,2.0,4.0,2.0,C01
201500013333,0,7,0,0.0,2.0,4.0,2.0,B01
201500013334,0,7,0,7.0,2.0,1.0,0.0,B01
201500013334,0,7,0,0.0,0.0,7.0,15.0,A01
201500013335,0,7,0,0.0,4.0,2.0,1.0,A01
201500013335,0,40,0,0.0,2.0,3.0,1.0,B01
201500013336,0,7,0,0.0,1.0,1.0,0.0,A01
201500013337,0,10,0,0.0,2.0,3.0,15.0,A01
201500013337,0,30,0,0.0,2.0,1.0,17.0,B01
201500013338,0,7,0,0.0,2.0,4.0,2.0,B01
201500013338,0,10,0,0.0,2.0,1.0,2.0,A01
201500013339,0,7,0,0.0,2.0,8.0,15.0,A01
201500013339,0,33,0,0.0,2.0,1.0,1.0,B01
201500013340,0,7,0,0.0,2.0,1.0,16.0,A01
201500013340,0,33,0,0.0,2.0,7.0,1.0,B01
201500013341,0,7,0,0.0,2.0,6.0,10.0,A01
201500013341,0,34,0,0.0,2.0,1.0,1.0,B01
201500013342,0,7,0,0.0,1.0,1.0,0.0,A01
201500013343,0,7,0,0.0,2.0,4.0,0.0,C01
201500013343,0,7,0,0.0,2.0,1.0,2.0,B01
201500013343,0,7,0,0.0,2.0,1.0,2.0,A01
201500013344,0,7,0,0.0,2.0,4.0,1.0,B01
201500013344,0,30,0,0.0,2.0,1.0,1.0,A01
201500013345,0,7,0,0.0,2.0,2.0,2.0,A01
201500013345,0,7,0,0.0,0.0,8.0,11.0,B01
201500013346,0,7,0,0.0,2.0,5.0,20.0,A01
201500013346,0,30,0,0.0,2.0,1.0,21.0,B01
201500013347,0,33,0,0.0,2.0,3.0,1.0,B01
201500013347,0,7,0,0.0,2.0,3.0,9.0,A01
201500013348,0,7,0,0.0,2.0,4.0,0.0,A01
201500013348,0,7,0,0.0,2.0,1.0,0.0,B01
201500013349,0,7,0,0.0,2.0,3.0,1.0,B01
201500013349,0,7,0,0.0,2.0,3.0,15.0,A01
201500013350,0,33,0,0.0,0.0,8.0,0.0,A01
201500013351,0,7,0,0.0,2.0,3.0,1.0,A01
201500013351,0,7,0,0.0,2.0,3.0,1.0,B01
201500013352,0,7,0,0.0,1.0,0.0,0.0,A01
201500013353,0,10,0,0.0,2.0,2.0,15.0,A01
201500013353,0,7,0,0.0,2.0,7.0,0.0,B01
201500013354,0,7,0,0.0,2.0,5.0,2.0,B01
201500013354,0,33,0,0.0,2.0,3.0,2.0,A01
201500013355,0,7,0,0.0,1.0,2.0,1.0,A01
201500013356,0,7,0,0.0,2.0,1.0,2.0,A01
201500013356,0,7,0,0.0,0.0,4.0,2.0,B01
201500013357,0,1,0,1.0,0.0,2.0,17.0,B01
201500013357,0,15,0,1.0,0.0,0.0,24.0,A01
201500013358,0,7,0,0.0,2.0,4.0,2.0,B01
201500013358,1,99,0,0.0,2.0,2.0,0.0,Z01
201500013359,0,7,0,0.0,2.0,7.0,10.0,A01
201500013359,0,7,0,0.0,2.0,1.0,1.0,B01
201500013360,0,34,0,2.0,0.0,1.0,1.0,A01
201500013361,0,7,0,0.0,2.0,1.0,19.0,B01
201500013361,0,30,0,0.0,2.0,2.0,17.0,A01
201500013362,0,34,0,0.0,2.0,3.0,18.0,A01
201500013362,0,7,0,0.0,2.0,2.0,15.0,B01
201500013363,0,7,0,0.0,2.0,8.0,15.0,B01
201500013363,0,33,0,0.0,2.0,2.0,17.0,A01
201500013364,0,7,0,0.0,2.0,5.0,16.0,A01
201500013364,0,30,0,0.0,2.0,1.0,2.0,B01
201500013365,0,7,0,0.0,0.0,4.0,2.0,B01
201500013365,0,33,0,0.0,2.0,1.0,2.0,A01
201500013366,0,33,0,9.0,2.0,1.0,17.0,A01
201500013366,0,7,0,0.0,2.0,3.0,15.0,B01
201500013367,0,7,0,0.0,2.0,8.0,2.0,A01
201500013367,0,32,0,0.0,2.0,7.0,2.0,B01
201500013368,0,30,0,0.0,2.0,2.0,1.0,B01
201500013368,0,7,0,0.0,2.0,8.0,9.0,A01
201500013369,0,7,0,0.0,0.0,4.0,23.0,B01
201500013369,0,10,0,0.0,2.0,1.0,16.0,A01
201500013370,0,31,0,0.0,2.0,7.0,3.0,A01
201500013370,0,7,0,0.0,2.0,3.0,15.0,B01
201500013371,0,7,0,0.0,2.0,5.0,16.0,B01
201500013371,0,30,0,0.0,2.0,1.0,18.0,A01
201500013372,0,7,0,0.0,1.0,1.0,0.0,A01
201500013373,1,7,0,0.0,0.0,0.0,0.0,Z01
201500013373,0,32,0,0.0,2.0,6.0,2.0,B01
201500013374,0,7,0,0.0,2.0,3.0,1.0,B01
201500013374,0,33,0,0.0,2.0,1.0,13.0,A01
201500013375,0,3,0,0.0,2.0,5.0,15.0,A01
201500013375,0,32,0,0.0,2.0,1.0,1.0,B01
201500013376,0,30,0,0.0,0.0,8.0,0.0,A01
201500013377,0,7,0,0.0,2.0,1.0,19.0,A01
201500013377,0,7,0,0.0,2.0,8.0,1.0,B01
201500013378,0,7,0,0.0,1.0,1.0,1.0,A01
201500013379,0,1,0,0.0,2.0,0.0,0.0,B01
201500013379,0,7,0,0.0,9.0,2.0,9.0,A01
201500013380,0,7,0,0.0,2.0,3.0,15.0,B01
201500013380,0,33,0,0.0,2.0,1.0,2.0,A01
201500013381,0,32,0,0.0,2.0,8.0,1.0,B01
201500013381,0,7,0,0.0,2.0,3.0,9.0,A01
201500013382,0,7,0,0.0,2.0,7.0,2.0,B01
201500013382,0,7,0,0.0,2.0,3.0,15.0,A01
201500013383,0,7,0,0.0,2.0,1.0,2.0,A01
201500013383,0,7,0,0.0,2.0,4.0,1.0,B01
201500013384,0,7,0,0.0,2.0,2.0,1.0,B01
201500013384,0,7,0,0.0,2.0,0.0,1.0,A01
201500013385,0,7,0,0.0,2.0,1.0,1.0,B01
201500013385,0,7,0,0.0,2.0,2.0,15.0,A01
201500013386,0,7,0,0.0,2.0,4.0,2.0,B01
201500013386,0,7,0,0.0,2.0,1.0,2.0,A01
201500013387,0,7,0,0.0,1.0,2.0,1.0,A01
201500013388,0,30,0,0.0,2.0,1.0,3.0,A01
201500013388,0,7,0,0.0,2.0,8.0,15.0,B01
201500013389,0,30,0,0.0,2.0,6.0,9.0,A01
201500013389,0,7,0,0.0,2.0,2.0,1.0,B01
201500013390,0,7,0,0.0,1.0,1.0,24.0,A01
201500013391,0,30,0,0.0,2.0,1.0,1.0,A01
201500013391,0,30,0,0.0,2.0,7.0,16.0,B01
201500013392,0,10,0,0.0,2.0,8.0,15.0,B01
201500013392,0,2,0,0.0,2.0,1.0,2.0,A01
201500013393,0,30,0,0.0,0.0,4.0,1.0,B01
201500013393,0,7,0,0.0,2.0,1.0,1.0,A01
201500013394,0,31,0,0.0,2.0,1.0,1.0,B01
201500013394,0,7,0,0.0,2.0,3.0,9.0,A01
201500013395,0,7,0,2.0,0.0,1.0,14.0,A01
201500013396,0,10,0,0.0,1.0,4.0,4.0,A01
201500013397,0,31,0,0.0,2.0,7.0,15.0,A01
201500013397,0,7,0,0.0,2.0,6.0,0.0,B01
201500013398,0,7,0,0.0,2.0,1.0,2.0,A01
201500013398,0,7,0,0.0,2.0,4.0,2.0,B01
201500013399,0,30,0,0.0,2.0,1.0,0.0,B01
201500013399,0,7,0,0.0,2.0,5.0,15.0,A01
201500013400,0,7,0,0.0,2.0,1.0,2.0,A01
201500013400,0,7,0,0.0,2.0,4.0,2.0,B01
201500013401,0,7,0,0.0,2.0,1.0,1.0,A01
201500013401,0,7,0,0.0,2.0,3.0,0.0,B01
201500013402,0,7,0,0.0,2.0,1.0,2.0,A01
201500013402,0,7,0,0.0,2.0,4.0,2.0,B01
201500013403,0,7,0,0.0,2.0,2.0,1.0,B01
201500013403,0,7,0,0.0,2.0,3.0,9.0,A01
201500013404,0,32,0,0.0,2.0,1.0,1.0,A01
201500013404,0,7,0,0.0,2.0,4.0,15.0,B01
201500013405,0,7,0,0.0,2.0,1.0,1.0,B01
201500013405,0,7,0,0.0,2.0,1.0,13.0,A01
201500013406,0,7,0,0.0,1.0,1.0,15.0,A01
201500013407,0,31,0,0.0,2.0,5.0,2.0,B01
201500013407,0,7,0,0.0,2.0,3.0,2.0,A01
201500013408,0,7,0,8.0,0.0,2.0,1.0,A01
201500013409,0,7,0,0.0,2.0,4.0,2.0,B01
201500013409,0,7,0,0.0,2.0,1.0,2.0,A01
201500013410,0,3,0,0.0,1.0,2.0,1.0,A01
201500013411,0,7,0,0.0,2.0,1.0,1.0,C01
201500013411,0,7,0,0.0,2.0,2.0,1.0,B01
201500013411,0,7,0,0.0,2.0,1.0,1.0,A01
201500013412,0,30,0,0.0,2.0,1.0,3.0,A01
201500013412,0,7,0,0.0,2.0,6.0,0.0,B01
201500013413,0,7,0,0.0,2.0,1.0,1.0,B01
201500013413,0,7,0,0.0,2.0,1.0,16.0,A01
201500013414,0,7,0,0.0,2.0,4.0,2.0,B01
201500013414,0,30,0,0.0,2.0,1.0,2.0,A01
201500013415,0,7,0,0.0,1.0,1.0,1.0,A01
201500013416,0,7,0,0.0,1.0,4.0,4.0,A01
201500013417,0,7,0,0.0,2.0,1.0,1.0,B01
201500013417,0,1,0,0.0,2.0,1.0,9.0,A01
201500013418,0,7,0,0.0,2.0,8.0,10.0,A01
201500013418,0,30,0,0.0,2.0,1.0,1.0,B01
201500013419,0,32,0,0.0,2.0,1.0,2.0,A01
201500013419,0,7,0,0.0,2.0,4.0,0.0,B01
201500013419,0,7,0,0.0,9.0,0.0,15.0,C01
201500013420,0,10,0,0.0,1.0,4.0,4.0,A01
201500013421,0,30,0,0.0,2.0,1.0,9.0,A01
201500013421,0,7,0,0.0,2.0,2.0,1.0,B01
201500013422,0,7,0,0.0,1.0,1.0,1.0,A01
201500013423,2,7,0,0.0,2.0,1.0,19.0,A01
201500013423,0,7,0,0.0,2.0,2.0,1.0,B01