Num_Acc,senc,catv,occutc,obs,obsm,choc,manv,num_veh
201500013931,0,32,0,0.0,2.0,1.0,2.0,B01
201500013931,0,7,0,0.0,2.0,2.0,15.0,A01
201500013932,0,7,0,0.0,2.0,1.0,16.0,A01
201500013932,0,7,0,0.0,2.0,3.0,1.0,B01
201500013933,0,7,0,0.0,2.0,4.0,2.0,C01
201500013933,0,7,0,0.0,2.0,4.0,2.0,B01
201500013933,0,7,0,0.0,2.0,1.0,2.0,A01
201500013934,0,30,0,0.0,0.0,0.0,0.0,A01
201500013934,0,30,0,0.0,2.0,0.0,0.0,B01
201500013935,1,7,0,0.0,2.0,1.0,9.0,Z01
201500013935,0,34,0,0.0,2.0,1.0,1.0,A01
201500013936,0,7,0,0.0,2.0,1.0,2.0,D01
201500013936,0,7,0,0.0,2.0,4.0,2.0,E01
201500013936,0,7,0,0.0,2.0,4.0,2.0,F02
201500013936,0,7,0,0.0,2.0,6.0,0.0,B01
201500013936,0,7,0,0.0,2.0,1.0,2.0,A01
201500013936,0,7,0,0.0,2.0,4.0,0.0,C01
201500013937,0,33,0,0.0,2.0,1.0,1.0,B01
201500013937,0,3,0,0.0,2.0,2.0,15.0,A01
201500013938,0,7,0,0.0,2.0,4.0,1.0,A01
201500013938,1,7,0,0.0,2.0,1.0,2.0,Z01
201500013939,0,7,0,0.0,2.0,1.0,1.0,A01
201500013939,0,7,0,0.0,2.0,3.0,1.0,B01
201500013940,0,7,0,0.0,1.0,2.0,19.0,A01
201500013941,0,33,0,0.0,1.0,0.0,0.0,A01
201500013942,1,7,0,0.0,1.0,3.0,15.0,Z01
201500013943,0,7,0,0.0,2.0,3.0,15.0,A01
201500013943,0,32,0,0.0,2.0,7.0,1.0,B01
201500013944,0,7,0,1.0,1.0,7.0,0.0,A01
201500013945,0,7,0,0.0,2.0,1.0,9.0,A01
201500013945,0,7,0,0.0,2.0,1.0,1.0,B01
201500013946,0,7,0,0.0,4.0,8.0,10.0,A01
201500013946,0,40,0,0.0,2.0,1.0,2.0,B01
201500013947,0,40,0,0.0,1.0,2.0,1.0,A01
201500013948,0,33,0,0.0,2.0,1.0,1.0,A01
201500013948,0,13,0,0.0,2.0,8.0,1.0,B01
201500013949,0,33,0,0.0,0.0,0.0,1.0,A01
201500013950,0,7,0,0.0,2.0,1.0,2.0,B01
201500013950,0,7,0,0.0,2.0,4.0,2.0,A01
201500013951,0,7,0,4.0,9.0,6.0,2.0,B01
201500013951,0,33,0,4.0,2.0,5.0,2.0,A01
201500013951,0,7,0,4.0,2.0,1.0,2.0,C01
201500013952,0,7,0,0.0,2.0,2.0,12.0,A01
201500013952,0,37,1,0.0,2.0,3.0,1.0,B01
201500013953,0,7,0,0.0,2.0,2.0,9.0,B01
201500013953,0,7,0,0.0,2.0,2.0,5.0,A01
201500013954,0,32,0,0.0,2.0,8.0,1.0,A01
201500013954,1,7,0,0.0,2.0,7.0,15.0,Z01
201500013955,0,2,0,0.0,9.0,8.0,0.0,A01
201500013956,0,7,0,0.0,1.0,1.0,1.0,A01
201500013957,0,7,0,0.0,2.0,7.0,12.0,A01
201500013957,0,33,0,0.0,2.0,8.0,2.0,B01
201500013958,0,10,0,0.0,2.0,6.0,1.0,B01
201500013958,0,7,0,0.0,2.0,1.0,15.0,A01
201500013958,0,7,0,0.0,2.0,8.0,23.0,C01
201500013959,0,30,0,0.0,9.0,0.0,1.0,A01
201500013960,0,10,0,0.0,2.0,7.0,9.0,B01
201500013960,0,7,0,0.0,2.0,3.0,1.0,A01
201500013961,0,7,0,0.0,2.0,3.0,16.0,B01
201500013961,0,7,0,0.0,2.0,3.0,15.0,A01
201500013962,0,30,0,0.0,2.0,2.0,17.0,A01
201500013962,0,7,0,0.0,2.0,3.0,17.0,B01
201500013963,0,7,0,0.0,2.0,1.0,1.0,A01
201500013963,0,7,0,0.0,2.0,9.0,1.0,B01
201500013964,0,1,0,0.0,2.0,4.0,2.0,B01
201500013964,0,7,0,0.0,2.0,1.0,2.0,A01
201500013965,0,7,0,0.0,2.0,1.0,1.0,B01
201500013965,0,34,0,0.0,2.0,1.0,1.0,A01
201500013966,0,7,0,0.0,0.0,5.0,0.0,B01
201500013966,0,33,0,0.0,2.0,5.0,1.0,A01
201500013967,0,7,0,0.0,2.0,1.0,0.0,B01
201500013967,0,7,0,0.0,2.0,2.0,0.0,A01
201500013968,0,30,0,0.0,2.0,5.0,2.0,B01
201500013968,0,7,0,0.0,2.0,3.0,15.0,A01
201500013969,1,7,0,0.0,2.0,1.0,1.0,Z01
201500013969,0,7,0,0.0,2.0,0.0,1.0,B01
201500013970,0,7,0,0.0,2.0,1.0,1.0,A01
201500013970,0,10,0,1.0,2.0,8.0,21.0,B01
201500013971,0,7,0,0.0,2.0,2.0,1.0,B01
201500013971,0,7,0,0.0,2.0,1.0,1.0,A01
201500013972,0,7,0,0.0,2.0,3.0,1.0,B01
201500013972,0,7,0,0.0,2.0,3.0,13.0,A01
201500013973,0,7,0,0.0,2.0,1.0,1.0,A01
201500013973,0,7,0,0.0,2.0,3.0,1.0,B01
201500013974,0,7,0,0.0,2.0,3.0,9.0,B01
201500013974,0,33,0,0.0,2.0,2.0,3.0,A01
201500013975,0,99,0,0.0,2.0,0.0,0.0,C01
201500013975,0,34,0,0.0,2.0,0.0,0.0,D01
201500013975,0,33,0,0.0,2.0,0.0,0.0,A01
201500013975,0,7,0,0.0,2.0,0.0,0.0,B01
201500013976,0,7,0,4.0,0.0,3.0,1.0,A01
201500013977,0,7,0,0.0,1.0,2.0,1.0,A01
201500013978,0,14,0,0.0,2.0,6.0,1.0,B01
201500013978,0,7,0,0.0,2.0,0.0,1.0,A01
201500013979,0,7,0,0.0,2.0,1.0,1.0,B01
201500013979,0,7,0,0.0,2.0,8.0,15.0,A01
201500013980,0,7,0,0.0,2.0,2.0,2.0,A01
201500013980,0,7,0,0.0,2.0,2.0,2.0,B01
201500013981,0,7,0,0.0,2.0,1.0,2.0,B01
201500013981,0,7,0,0.0,2.0,2.0,15.0,A01
201500013982,0,33,0,0.0,2.0,1.0,1.0,A01
201500013982,0,7,0,0.0,0.0,5.0,1.0,B01
201500013983,0,7,0,0.0,2.0,2.0,0.0,A01
201500013983,0,7,0,0.0,2.0,8.0,15.0,B01
201500013984,0,30,0,0.0,2.0,1.0,2.0,B01
201500013984,0,7,0,0.0,0.0,6.0,15.0,A01
201500013985,0,7,0,0.0,2.0,8.0,1.0,B01
201500013985,0,2,0,0.0,2.0,1.0,1.0,A01
201500013986,0,34,0,0.0,2.0,1.0,1.0,B01
201500013986,0,7,0,0.0,2.0,3.0,15.0,A01
201500013987,0,7,0,0.0,2.0,6.0,1.0,B01
201500013987,0,34,0,0.0,2.0,8.0,17.0,A01
201500013987,0,7,0,0.0,2.0,3.0,1.0,C01
201500013988,0,34,0,0.0,1.0,1.0,1.0,A01
201500013989,0,30,0,0.0,0.0,8.0,0.0,A01
201500013990,0,1,0,0.0,1.0,0.0,0.0,A01
201500013991,0,7,0,1.0,0.0,2.0,1.0,A01
201500013992,0,2,0,0.0,0.0,1.0,1.0,A01
201500013993,0,33,0,0.0,2.0,7.0,14.0,B01
201500013993,0,1,0,0.0,2.0,0.0,0.0,A01
201500013994,0,30,0,0.0,2.0,0.0,2.0,B01
201500013994,1,7,0,0.0,2.0,0.0,0.0,Z01
201500013995,0,7,0,0.0,2.0,2.0,10.0,A01
201500013995,0,33,0,0.0,2.0,1.0,1.0,B01
201500013996,0,15,0,0.0,0.0,3.0,2.0,B01
201500013996,0,34,0,0.0,2.0,0.0,0.0,A01
201500013997,0,32,0,0.0,2.0,2.0,17.0,B01
201500013997,0,7,0,0.0,2.0,3.0,15.0,A01
201500013998,0,33,0,0.0,2.0,3.0,1.0,B01
201500013998,0,7,0,0.0,9.0,2.0,15.0,A01
201500013999,0,7,0,1.0,2.0,1.0,1.0,A01
201500013999,0,7,0,0.0,2.0,1.0,9.0,B01
201500014000,0,7,0,0.0,2.0,3.0,15.0,B01
201500014000,0,33,0,0.0,2.0,3.0,15.0,A01
201500014001,0,7,0,0.0,2.0,6.0,1.0,B01
201500014001,0,7,0,0.0,2.0,2.0,15.0,A01
201500014002,0,7,0,0.0,0.0,9.0,0.0,A01
201500014003,0,34,0,0.0,2.0,1.0,1.0,B01
201500014003,0,7,0,0.0,2.0,3.0,10.0,A01
201500014004,0,2,0,0.0,0.0,0.0,2.0,A01
201500014004,1,7,0,0.0,2.0,0.0,2.0,Z01
201500014005,0,7,0,0.0,2.0,8.0,1.0,A01
201500014005,1,99,0,0.0,2.0,0.0,0.0,Z01
201500014006,0,7,0,0.0,2.0,4.0,2.0,B01
201500014006,0,7,0,0.0,2.0,1.0,2.0,A01
201500014007,0,10,0,0.0,2.0,1.0,2.0,A01
201500014007,0,10,0,0.0,2.0,6.0,2.0,B01
201500014008,0,7,0,0.0,2.0,1.0,12.0,B01
201500014008,0,37,6,0.0,2.0,6.0,23.0,A01
201500014009,0,30,0,0.0,0.0,0.0,1.0,A01
201500014010,0,7,0,0.0,0.0,1.0,10.0,A01
201500014010,0,34,0,0.0,0.0,3.0,0.0,B01
201500014011,0,34,0,0.0,2.0,1.0,1.0,A01
201500014011,0,7,0,0.0,2.0,4.0,1.0,B01
201500014012,0,7,0,0.0,1.0,1.0,0.0,A01
201500014013,0,7,0,0.0,2.0,3.0,15.0,B01
201500014013,0,7,0,0.0,2.0,1.0,17.0,A01
201500014014,0,30,0,0.0,2.0,1.0,13.0,A01
201500014014,0,33,0,0.0,2.0,4.0,1.0,B01
201500014015,0,32,0,0.0,0.0,2.0,15.0,A01
201500014015,0,7,0,0.0,2.0,1.0,15.0,B01
201500014016,0,7,0,0.0,2.0,6.0,13.0,B01
201500014016,0,2,0,0.0,2.0,1.0,1.0,A01
201500014017,0,7,0,15.0,2.0,7.0,1.0,A01
201500014017,0,7,0,0.0,2.0,1.0,1.0,B01
201500014018,0,7,0,0.0,2.0,8.0,15.0,B01
201500014018,0,10,0,0.0,2.0,1.0,15.0,A01
201500014019,0,7,0,12.0,0.0,2.0,1.0,A01
201500014020,0,7,0,0.0,2.0,1.0,1.0,A01
201500014020,0,7,0,0.0,2.0,4.0,1.0,B01
201500014021,0,7,0,0.0,1.0,8.0,1.0,A01
201500014022,0,31,0,0.0,2.0,1.0,1.0,B01
201500014022,1,7,0,0.0,2.0,6.0,1.0,Z01
201500014023,0,30,0,0.0,2.0,4.0,14.0,B01
201500014023,0,32,0,0.0,2.0,1.0,7.0,A01
201500014024,0,32,0,0.0,2.0,1.0,16.0,A01
201500014024,0,10,0,0.0,2.0,7.0,16.0,B01
201500014025,0,7,0,0.0,0.0,5.0,0.0,B01
201500014025,0,33,0,0.0,2.0,5.0,2.0,A01
201500014026,0,7,0,0.0,2.0,6.0,15.0,A01
201500014026,0,32,0,0.0,2.0,1.0,1.0,B01
201500014027,0,2,0,0.0,2.0,2.0,1.0,A01
201500014027,0,7,0,0.0,2.0,6.0,1.0,B01
201500014028,0,7,0,1.0,2.0,1.0,21.0,A01
201500014028,0,7,0,1.0,2.0,1.0,1.0,B01
201500014029,1,7,0,0.0,2.0,5.0,16.0,Z01
201500014029,0,33,0,0.0,2.0,3.0,1.0,A01
201500014030,0,7,0,1.0,2.0,2.0,19.0,A01
201500014030,0,7,0,0.0,2.0,8.0,2.0,B01
201500014031,0,32,0,0.0,2.0,3.0,17.0,A01
201500014031,0,7,0,0.0,9.0,3.0,15.0,B01
201500014032,0,34,0,0.0,0.0,0.0,1.0,A01
201500014033,0,7,0,0.0,2.0,3.0,0.0,A01
201500014033,0,7,0,0.0,2.0,7.0,3.0,B01
201500014034,0,10,0,0.0,2.0,1.0,9.0,A01
201500014034,0,30,0,0.0,2.0,7.0,0.0,B01
201500014035,0,7,0,0.0,2.0,3.0,13.0,A01
201500014035,0,7,0,0.0,2.0,3.0,1.0,B01
201500014036,0,7,0,0.0,2.0,3.0,1.0,B01
201500014036,0,7,0,0.0,2.0,2.0,1.0,A01
201500014037,0,37,1,0.0,2.0,3.0,7.0,B01
201500014037,0,1,0,0.0,2.0,2.0,12.0,A01
201500014038,0,7,0,0.0,2.0,7.0,1.0,A01
201500014038,0,7,0,0.0,2.0,1.0,1.0,B01
201500014039,0,7,0,0.0,1.0,4.0,4.0,A01
201500014040,0,7,0,13.0,2.0,9.0,1.0,B01
201500014040,0,7,0,0.0,2.0,1.0,1.0,A01
201500014041,0,32,0,0.0,2.0,0.0,0.0,A01
201500014041,0,7,0,0.0,2.0,0.0,0.0,B01
201500014042,0,7,0,0.0,2.0,3.0,2.0,C01
201500014042,0,7,0,0.0,2.0,6.0,2.0,A01
201500014042,0,7,0,0.0,2.0,5.0,2.0,B01
201500014043,0,2,0,1.0,0.0,8.0,1.0,A01
201500014044,0,7,0,0.0,1.0,2.0,1.0,A01
201500014045,0,30,0,1.0,0.0,1.0,0.0,A01
201500014046,0,7,0,0.0,0.0,0.0,15.0,A01
201500014046,0,34,0,0.0,0.0,0.0,0.0,B01
201500014047,0,7,0,0.0,1.0,0.0,1.0,A01
201500014048,0,3,0,8.0,0.0,0.0,0.0,A01
201500014049,0,7,0,0.0,2.0,5.0,5.0,A01
201500014049,0,33,0,0.0,2.0,1.0,1.0,B01
201500014050,0,32,0,0.0,2.0,0.0,0.0,A01
201500014050,0,7,0,0.0,2.0,0.0,0.0,B01
201500014051,0,7,0,0.0,2.0,2.0,1.0,A01
201500014051,0,32,0,0.0,2.0,2.0,1.0,B01
201500014052,0,32,0,0.0,0.0,8.0,1.0,A01
201500014053,0,30,0,0.0,2.0,1.0,7.0,A01
201500014053,0,7,0,0.0,2.0,2.0,14.0,B01
201500014054,0,30,0,0.0,1.0,0.0,0.0,A01
201500014055,0,33,0,0.0,0.0,0.0,21.0,A01
201500014056,0,7,0,0.0,2.0,1.0,2.0,A01
201500014056,0,7,0,0.0,2.0,4.0,2.0,B01
201500014057,0,30,0,0.0,2.0,1.0,15.0,A01
201500014057,0,10,0,0.0,2.0,3.0,1.0,B01
201500014058,0,32,0,0.0,0.0,7.0,1.0,A01
201500014059,0,34,0,0.0,1.0,1.0,21.0,A01
201500014060,0,30,0,0.0,2.0,3.0,1.0,B01
201500014060,0,10,0,0.0,2.0,7.0,16.0,A01
201500014061,0,7,0,0.0,2.0,3.0,13.0,B01
201500014061,0,32,0,0.0,2.0,2.0,17.0,A01
201500014062,0,10,0,6.0,0.0,1.0,13.0,A01
201500014063,0,30,0,0.0,0.0,0.0,1.0,A01
201500014064,0,7,0,0.0,1.0,7.0,0.0,A01
201500014065,0,7,0,0.0,2.0,8.0,1.0,B01
201500014065,0,7,0,0.0,2.0,1.0,1.0,A01
201500014066,0,32,0,0.0,2.0,1.0,1.0,A01
201500014066,1,7,0,0.0,2.0,4.0,16.0,Z01
201500014067,0,7,0,0.0,2.0,2.0,1.0,B01
201500014067,0,7,0,0.0,2.0,2.0,9.0,A01
201500014068,2,30,0,0.0,2.0,1.0,2.0,A01
201500014068,0,7,0,0.0,2.0,4.0,2.0,B01
201500014069,0,32,0,0.0,2.0,8.0,1.0,A01
201500014070,0,7,0,0.0,2.0,4.0,2.0,B01
201500014070,0,7,0,0.0,2.0,1.0,2.0,A01
201500014071,0,7,0,0.0,1.0,1.0,1.0,A01
201500014072,0,37,0,0.0,2.0,2.0,2.0,A01
201500014072,0,37,0,0.0,2.0,3.0,2.0,B01
201500014073,0,33,0,0.0,9.0,3.0,1.0,A01
201500014073,0,7,0,0.0,9.0,0.0,0.0,B01
201500014074,0,34,0,0.0,0.0,0.0,0.0,B01
201500014074,0,10,0,0.0,0.0,0.0,0.0,A01
201500014075,0,7,0,0.0,2.0,3.0,1.0,C01
201500014075,0,32,0,0.0,2.0,9.0,5.0,A01
201500014075,0,32,0,0.0,2.0,9.0,1.0,B01
201500014076,0,7,0,0.0,2.0,4.0,23.0,B01
201500014076,0,31,0,0.0,2.0,1.0,2.0,A01
201500014077,0,10,0,0.0,2.0,8.0,15.0,B01
201500014077,0,33,0,0.0,2.0,1.0,17.0,A01
201500014078,0,7,0,0.0,2.0,3.0,13.0,A01
201500014078,0,7,0,0.0,2.0,3.0,1.0,B01
201500014078,0,7,0,0.0,2.0,3.0,1.0,D01
201500014078,0,7,0,0.0,2.0,8.0,1.0,C01
201500014079,0,7,0,0.0,2.0,1.0,23.0,B01
201500014079,0,7,0,14.0,0.0,1.0,23.0,A01
201500014079,1,7,0,0.0,0.0,0.0,0.0,Z01
201500014080,0,33,0,0.0,0.0,0.0,0.0,A01
201500014081,0,7,0,0.0,2.0,3.0,19.0,A01
201500014081,0,31,0,0.0,2.0,1.0,1.0,B01
201500014082,0,7,0,0.0,1.0,3.0,17.0,A01
201500014083,0,7,0,0.0,2.0,8.0,1.0,B01
201500014083,0,7,0,0.0,2.0,2.0,12.0,A01
201500014084,0,7,0,0.0,2.0,6.0,11.0,B01
201500014084,0,32,0,0.0,2.0,1.0,1.0,A01
201500014085,0,7,0,0.0,4.0,1.0,9.0,A01
201500014085,0,40,0,0.0,2.0,3.0,1.0,B01
201500014086,0,7,0,0.0,2.0,3.0,13.0,A01
201500014086,0,31,0,0.0,2.0,1.0,1.0,B01
201500014087,0,37,10,0.0,1.0,2.0,1.0,A01
201500014088,0,7,0,0.0,0.0,8.0,23.0,B01
201500014088,0,7,0,0.0,1.0,0.0,21.0,A01
201500014089,0,2,0,0.0,1.0,1.0,1.0,A01
201500014090,0,7,0,0.0,2.0,4.0,1.0,B01
201500014090,0,7,0,0.0,2.0,1.0,1.0,A01
201500014091,0,33,0,0.0,2.0,0.0,0.0,B01
201500014091,0,7,0,0.0,2.0,2.0,10.0,A01
201500014092,0,7,0,0.0,2.0,1.0,1.0,A01
201500014092,0,30,0,0.0,2.0,8.0,1.0,B01
201500014093,0,7,0,0.0,2.0,1.0,13.0,A01
201500014093,0,7,0,0.0,2.0,1.0,1.0,B01
201500014094,0,7,0,0.0,2.0,7.0,15.0,A01
201500014094,0,7,0,0.0,2.0,1.0,1.0,B01
201500014095,1,7,0,0.0,1.0,0.0,0.0,Z01
201500014096,0,2,0,0.0,2.0,1.0,1.0,B01
201500014096,0,10,0,0.0,2.0,1.0,15.0,A01
201500014097,0,33,0,0.0,2.0,3.0,1.0,B01
201500014097,0,7,0,0.0,2.0,2.0,15.0,A01
201500014098,0,7,0,0.0,2.0,1.0,1.0,A01
201500014098,0,7,0,0.0,2.0,3.0,23.0,B01
201500014099,0,33,0,6.0,0.0,1.0,1.0,A01
201500014100,0,7,0,0.0,2.0,3.0,15.0,A01
201500014100,0,33,0,0.0,2.0,2.0,1.0,B01
201500014101,0,33,0,0.0,0.0,1.0,2.0,B01
201500014101,0,7,0,0.0,0.0,1.0,15.0,A01
201500014102,0,31,0,0.0,2.0,2.0,1.0,B01
201500014102,0,7,0,0.0,2.0,3.0,11.0,A01
201500014103,0,1,0,0.0,0.0,0.0,0.0,A01
201500014103,1,7,0,0.0,2.0,1.0,1.0,Z01
201500014104,0,30,0,0.0,2.0,4.0,23.0,A01
201500014104,1,7,0,0.0,2.0,1.0,1.0,Z01
201500014105,0,7,0,0.0,2.0,3.0,13.0,A01
201500014105,0,7,0,0.0,2.0,3.0,1.0,B01
201500014106,0,7,0,0.0,2.0,1.0,11.0,A01
201500014106,0,32,0,0.0,2.0,4.0,0.0,B01
201500014107,0,7,0,0.0,1.0,2.0,1.0,A01
201500014108,0,7,0,0.0,0.0,1.0,1.0,A01
201500014109,1,7,0,0.0,0.0,0.0,0.0,Z01
201500014109,0,33,0,0.0,2.0,2.0,17.0,A01
201500014110,0,7,0,0.0,2.0,3.0,1.0,A01
201500014110,0,7,0,0.0,2.0,3.0,1.0,B01
201500014111,0,33,0,0.0,2.0,1.0,1.0,A01
201500014111,0,7,0,0.0,2.0,4.0,1.0,B01
201500014112,0,7,0,15.0,0.0,1.0,0.0,A01
201500014113,1,7,0,0.0,1.0,1.0,1.0,Z01
201500014114,0,30,0,0.0,0.0,7.0,1.0,A01
201500014115,0,34,0,0.0,2.0,8.0,0.0,B01
201500014115,0,10,0,0.0,2.0,3.0,0.0,A01
201500014116,0,7,0,0.0,2.0,2.0,16.0,A01
201500014116,0,37,4,0.0,2.0,3.0,1.0,B01
201500014117,0,7,0,0.0,2.0,0.0,24.0,C01
201500014117,0,7,0,0.0,2.0,0.0,23.0,B01
201500014117,1,7,0,0.0,0.0,0.0,0.0,Z01
201500014118,0,7,0,0.0,1.0,1.0,1.0,A01
201500014119,0,7,0,6.0,0.0,1.0,14.0,A01
201500014120,0,7,0,0.0,2.0,8.0,0.0,B01
201500014120,0,7,0,0.0,2.0,3.0,1.0,A01
201500014121,0,33,0,0.0,2.0,7.0,1.0,B01
201500014121,0,7,0,0.0,2.0,1.0,16.0,A01
201500014122,0,7,0,0.0,2.0,4.0,2.0,A01
201500014122,1,7,0,0.0,2.0,1.0,2.0,Z01
201500014123,0,7,0,0.0,2.0,4.0,24.0,B01
201500014123,0,2,0,1.0,0.0,1.0,21.0,A01
201500014124,0,7,0,0.0,1.0,1.0,1.0,A01
201500014125,0,7,0,0.0,2.0,3.0,23.0,B01
201500014125,0,7,0,0.0,2.0,3.0,1.0,A01
201500014126,0,7,0,0.0,1.0,1.0,1.0,A01
201500014127,1,7,0,0.0,1.0,7.0,1.0,Z01
201500014128,0,7,0,6.0,2.0,1.0,1.0,A01
201500014128,0,7,0,0.0,2.0,4.0,2.0,B01
201500014129,0,7,0,0.0,2.0,5.0,1.0,B01
201500014129,0,7,0,0.0,2.0,1.0,1.0,A01
201500014130,0,10,0,0.0,2.0,2.0,2.0,A01
201500014130,0,1,0,0.0,2.0,4.0,2.0,B01
201500014131,0,40,0,0.0,2.0,8.0,1.0,B01
201500014131,0,7,0,0.0,2.0,2.0,1.0,A01
201500014132,0,33,0,0.0,2.0,1.0,1.0,B01
201500014132,0,7,0,0.0,2.0,6.0,16.0,A01
201500014133,0,7,0,0.0,2.0,8.0,0.0,B01
201500014133,0,32,0,0.0,2.0,1.0,1.0,A01
201500014134,0,7,0,0.0,2.0,4.0,1.0,B01
201500014134,0,7,0,0.0,2.0,1.0,1.0,A01
201500014134,0,7,0,0.0,2.0,4.0,15.0,C01
201500014135,0,10,0,0.0,2.0,3.0,19.0,A01
201500014135,0,31,0,0.0,2.0,1.0,17.0,B01
201500014136,0,7,0,0.0,1.0,2.0,21.0,A01
201500014137,0,7,0,0.0,2.0,3.0,10.0,A01
201500014137,0,1,0,0.0,2.0,1.0,17.0,B01
201500014138,2,7,0,0.0,2.0,1.0,15.0,A01
201500014138,0,7,0,0.0,2.0,3.0,15.0,B01
201500014139,0,30,0,0.0,1.0,1.0,1.0,A01
201500014140,0,7,0,0.0,1.0,2.0,2.0,A01
201500014141,0,7,0,0.0,2.0,2.0,2.0,A01
201500014141,0,14,0,0.0,2.0,0.0,0.0,B01
201500014142,0,33,0,0.0,2.0,1.0,6.0,A01
201500014142,0,7,0,0.0,9.0,2.0,21.0,B01
201500014142,0,10,0,0.0,2.0,1.0,1.0,C01
201500014143,0,7,0,1.0,0.0,2.0,14.0,A01
201500014143,0,7,0,0.0,2.0,6.0,24.0,B01
201500014144,0,34,0,0.0,2.0,7.0,0.0,B01
201500014144,1,7,0,0.0,2.0,0.0,5.0,A01
201500014145,0,34,0,0.0,2.0,1.0,1.0,A01
201500014145,2,7,0,0.0,2.0,2.0,1.0,Z01
201500014146,0,32,0,0.0,2.0,1.0,2.0,A01
201500014146,0,7,0,0.0,2.0,6.0,1.0,B01
201500014147,0,32,0,1.0,2.0,1.0,2.0,A01
201500014147,0,7,0,0.0,2.0,5.0,20.0,B01
201500014148,0,34,0,0.0,2.0,7.0,0.0,A01
201500014148,0,7,0,0.0,2.0,8.0,15.0,B01
201500014149,0,7,0,0.0,2.0,1.0,15.0,A01
201500014149,0,34,0,0.0,2.0,1.0,1.0,B01
201500014150,0,7,0,0.0,1.0,2.0,16.0,A01
201500014151,0,7,0,0.0,2.0,6.0,1.0,B01
201500014151,0,33,0,0.0,2.0,1.0,1.0,A01
201500014151,0,7,0,0.0,2.0,3.0,1.0,C01
201500014152,0,7,0,0.0,0.0,1.0,0.0,A01
201500014152,0,10,0,0.0,2.0,4.0,2.0,B01
201500014153,0,3,0,0.0,2.0,2.0,0.0,A01
201500014153,0,37,0,0.0,2.0,6.0,0.0,C01
201500014153,0,7,0,0.0,2.0,6.0,0.0,B01
201500014154,0,7,0,0.0,1.0,3.0,1.0,A01
201500014155,0,7,0,1.0,0.0,1.0,2.0,A01
201500014155,0,10,0,0.0,2.0,4.0,23.0,C01
201500014155,0,7,0,1.0,0.0,4.0,23.0,B01
201500014156,0,7,0,0.0,2.0,1.0,1.0,A01
201500014156,0,7,0,0.0,2.0,3.0,1.0,B01
201500014157,0,7,0,0.0,2.0,2.0,9.0,A01
201500014157,0,2,0,0.0,2.0,3.0,1.0,B01
201500014158,1,7,0,0.0,2.0,8.0,1.0,Z01
201500014158,0,34,0,0.0,2.0,8.0,17.0,A01
201500014159,0,30,0,0.0,2.0,1.0,1.0,B01
201500014159,1,7,0,0.0,2.0,1.0,1.0,Z01
201500014160,0,7,0,0.0,2.0,6.0,2.0,B01
201500014160,0,7,0,0.0,2.0,2.0,2.0,A01
201500014161,0,7,0,6.0,2.0,7.0,1.0,B01
201500014161,0,32,0,0.0,2.0,1.0,1.0,A01
201500014162,0,2,0,0.0,2.0,1.0,1.0,A01
201500014162,1,7,0,0.0,2.0,3.0,1.0,Z01
201500014163,0,7,0,0.0,2.0,1.0,1.0,B01
201500014163,0,7,0,0.0,2.0,2.0,1.0,A01
201500014164,0,30,0,0.0,2.0,1.0,2.0,B01
201500014164,0,7,0,0.0,2.0,5.0,0.0,A01
201500014165,1,10,0,0.0,1.0,2.0,16.0,Z01
201500014166,0,7,0,0.0,2.0,8.0,16.0,A01
201500014166,0,34,0,0.0,2.0,7.0,16.0,B01
201500014167,0,7,0,0.0,2.0,8.0,1.0,B01
201500014167,0,7,0,0.0,2.0,2.0,16.0,A01
201500014168,0,7,0,0.0,2.0,1.0,0.0,A01
201500014168,0,7,0,0.0,2.0,4.0,0.0,B01
201500014169,0,34,0,0.0,2.0,0.0,0.0,A01
201500014169,0,7,0,0.0,2.0,2.0,1.0,B01
201500014170,0,7,0,0.0,2.0,8.0,2.0,B01
201500014170,0,7,0,0.0,2.0,1.0,2.0,A01
201500014171,1,30,0,0.0,1.0,0.0,1.0,Z01
201500014172,0,7,0,0.0,0.0,5.0,1.0,B01
201500014172,2,7,0,0.0,0.0,1.0,0.0,A01
201500014173,0,33,0,0.0,1.0,1.0,1.0,A01
201500014174,0,7,0,0.0,2.0,2.0,15.0,A01
201500014174,0,30,0,0.0,2.0,3.0,1.0,B01
201500014175,0,33,0,0.0,2.0,3.0,17.0,A01
201500014175,0,7,0,0.0,2.0,3.0,2.0,B01
201500014176,0,7,0,8.0,0.0,2.0,0.0,A01
201500014177,0,7,0,0.0,2.0,7.0,15.0,A01
201500014177,0,32,0,0.0,2.0,7.0,13.0,C01
201500014177,0,7,0,0.0,2.0,8.0,13.0,B01
201500014178,0,7,0,1.0,2.0,5.0,0.0,B01
201500014178,1,7,0,0.0,2.0,1.0,1.0,Z01
201500014178,0,7,0,1.0,2.0,5.0,0.0,C01
201500014178,0,7,0,0.0,2.0,8.0,19.0,A01
201500014179,0,7,0,0.0,2.0,7.0,5.0,A01
201500014179,0,7,0,0.0,2.0,1.0,1.0,B01
201500014180,0,7,0,0.0,2.0,3.0,1.0,A01
201500014180,0,7,0,0.0,2.0,3.0,15.0,B01
201500014181,1,7,0,0.0,2.0,0.0,0.0,Z01
201500014181,0,7,0,0.0,2.0,1.0,15.0,A01
201500014182,0,32,0,0.0,1.0,1.0,1.0,A01