Num_Acc,senc,catv,occutc,obs,obsm,choc,manv,num_veh
201500014183,0,33,0,0.0,2.0,7.0,5.0,B01
201500014183,0,33,0,0.0,2.0,8.0,1.0,A01
201500014184,0,33,0,8.0,2.0,1.0,1.0,B01
201500014184,0,7,0,0.0,2.0,1.0,15.0,A01
201500014185,0,7,0,0.0,0.0,3.0,15.0,B01
201500014185,0,31,0,0.0,0.0,1.0,5.0,A01
201500014186,0,7,0,8.0,2.0,1.0,1.0,A01
201500014186,0,7,0,0.0,2.0,2.0,1.0,B01
201500014187,0,7,0,1.0,0.0,3.0,1.0,A01
201500014188,0,7,0,0.0,2.0,8.0,10.0,A01
201500014188,0,32,0,0.0,2.0,1.0,1.0,B01
201500014189,0,7,0,0.0,2.0,3.0,15.0,B01
201500014189,0,7,0,0.0,2.0,1.0,1.0,A01
201500014190,0,7,0,0.0,2.0,4.0,2.0,B01
201500014190,0,7,0,0.0,2.0,1.0,2.0,A01
201500014190,0,7,0,0.0,2.0,4.0,2.0,D01
201500014190,0,7,0,0.0,2.0,4.0,2.0,C01
201500014191,0,7,0,1.0,1.0,7.0,1.0,A01
201500014192,0,1,0,0.0,2.0,1.0,1.0,B01
201500014192,0,7,0,0.0,2.0,2.0,16.0,A01
201500014193,0,7,0,0.0,2.0,4.0,23.0,B01
201500014193,1,7,0,0.0,2.0,1.0,1.0,Z01
201500014194,0,33,0,0.0,1.0,1.0,1.0,A01
201500014195,0,33,0,0.0,2.0,1.0,2.0,B01
201500014195,0,7,0,0.0,2.0,2.0,15.0,A01
201500014196,0,7,0,0.0,2.0,1.0,15.0,A01
201500014196,0,33,0,0.0,2.0,8.0,1.0,B01
201500014197,0,7,0,0.0,1.0,1.0,15.0,A01
201500014198,1,7,0,0.0,1.0,4.0,1.0,Z01
201500014199,0,34,0,0.0,2.0,1.0,1.0,A01
201500014199,0,7,0,0.0,2.0,3.0,16.0,B01
201500014200,0,34,0,0.0,2.0,1.0,1.0,A01
201500014200,0,7,0,0.0,2.0,4.0,23.0,B01
201500014201,0,7,0,0.0,2.0,6.0,15.0,B01
201500014201,0,7,0,0.0,2.0,0.0,0.0,A01
201500014202,0,7,0,0.0,0.0,4.0,0.0,A01
201500014203,0,7,0,0.0,1.0,6.0,4.0,A01
201500014204,0,2,0,0.0,2.0,5.0,16.0,B01
201500014204,0,7,0,0.0,2.0,1.0,16.0,A01
201500014205,0,32,0,0.0,0.0,0.0,0.0,A01
201500014206,0,7,0,0.0,2.0,7.0,9.0,A01
201500014206,0,7,0,0.0,2.0,1.0,1.0,B01
201500014207,1,7,0,0.0,1.0,1.0,1.0,Z01
201500014208,0,7,0,0.0,2.0,3.0,11.0,A01
201500014208,0,7,0,0.0,2.0,2.0,11.0,B01
201500014209,0,7,0,0.0,1.0,0.0,1.0,A01
201500014210,0,7,0,0.0,2.0,2.0,0.0,A01
201500014210,0,32,0,0.0,2.0,0.0,0.0,B01
201500014211,0,7,0,1.0,0.0,3.0,13.0,B01
201500014211,0,7,0,6.0,0.0,2.0,14.0,A01
201500014212,1,7,0,0.0,1.0,1.0,1.0,Z01
201500014213,1,7,0,0.0,1.0,0.0,1.0,Z01
201500014214,1,7,0,0.0,2.0,3.0,15.0,B01
201500014214,0,2,0,0.0,0.0,5.0,17.0,A01
201500014215,0,1,0,0.0,2.0,0.0,0.0,B01
201500014215,0,10,0,0.0,2.0,3.0,1.0,A01
201500014216,0,7,0,0.0,1.0,1.0,1.0,A01
201500014217,1,32,0,0.0,1.0,7.0,1.0,Z01
201500014218,0,3,0,0.0,1.0,2.0,1.0,A01
201500014219,0,7,0,0.0,2.0,1.0,1.0,B01
201500014219,0,31,0,0.0,2.0,7.0,11.0,A01
201500014220,0,7,0,0.0,2.0,0.0,0.0,B01
201500014220,0,33,0,0.0,2.0,7.0,15.0,A01
201500014221,0,7,0,0.0,1.0,6.0,0.0,A01
201500014222,0,7,0,0.0,2.0,1.0,2.0,A01
201500014222,0,7,0,0.0,2.0,4.0,23.0,C01
201500014222,0,7,0,0.0,2.0,1.0,2.0,B01
201500014223,0,7,0,0.0,2.0,1.0,19.0,A01
201500014223,0,7,0,0.0,2.0,2.0,1.0,C01
201500014223,0,7,0,0.0,2.0,5.0,1.0,B01
201500014224,1,7,0,0.0,2.0,0.0,0.0,Z01
201500014224,0,33,0,0.0,2.0,8.0,1.0,B01
201500014225,0,33,0,0.0,2.0,1.0,1.0,B01
201500014225,0,7,0,0.0,2.0,6.0,0.0,A01
201500014226,0,7,0,0.0,2.0,3.0,1.0,B01
201500014226,0,7,0,0.0,2.0,1.0,15.0,A01
201500014227,0,10,0,0.0,1.0,3.0,1.0,A01
201500014228,0,7,0,0.0,2.0,7.0,16.0,B01
201500014228,0,30,0,0.0,2.0,1.0,1.0,A01
201500014229,0,7,0,0.0,2.0,0.0,0.0,A01
201500014229,0,7,0,0.0,2.0,0.0,0.0,B01
201500014230,0,7,0,0.0,0.0,0.0,0.0,B01
201500014230,0,7,0,0.0,2.0,7.0,15.0,A01
201500014231,0,30,0,0.0,2.0,1.0,1.0,B01
201500014231,0,7,0,0.0,2.0,0.0,1.0,A01
201500014232,0,30,0,0.0,2.0,1.0,17.0,B01
201500014232,0,7,0,0.0,2.0,3.0,15.0,A01
201500014233,0,7,0,15.0,0.0,1.0,1.0,A01
201500014234,0,7,0,0.0,1.0,1.0,15.0,A01
201500014235,0,7,0,0.0,1.0,2.0,1.0,A01
201500014236,0,7,0,0.0,2.0,3.0,15.0,A01
201500014236,0,32,0,0.0,2.0,8.0,1.0,B01
201500014237,0,7,0,0.0,1.0,3.0,0.0,A01
201500014238,0,7,0,0.0,0.0,0.0,0.0,B01
201500014238,0,30,0,0.0,0.0,0.0,2.0,A01
201500014239,0,34,0,0.0,2.0,1.0,0.0,A01
201500014239,0,7,0,0.0,2.0,3.0,2.0,B01
201500014239,0,7,0,0.0,2.0,0.0,3.0,C01
201500014240,0,7,0,6.0,2.0,4.0,0.0,B01
201500014240,0,7,0,0.0,2.0,2.0,0.0,A01
201500014241,0,7,0,8.0,0.0,1.0,19.0,A01
201500014242,0,30,0,0.0,0.0,0.0,0.0,B01
201500014242,1,7,0,0.0,2.0,0.0,0.0,Z01
201500014242,2,7,0,0.0,0.0,0.0,0.0,A01
201500014243,0,32,0,0.0,2.0,3.0,1.0,A01
201500014243,1,7,0,0.0,2.0,5.0,10.0,Z01
201500014244,0,7,0,0.0,2.0,2.0,1.0,B01
201500014244,0,7,0,0.0,2.0,3.0,1.0,A01
201500014245,0,7,0,0.0,2.0,1.0,9.0,B01
201500014245,0,32,0,0.0,2.0,1.0,15.0,A01
201500014246,0,33,0,0.0,2.0,1.0,13.0,A01
201500014246,0,7,0,0.0,2.0,8.0,15.0,B01
201500014247,0,32,0,0.0,2.0,1.0,17.0,A01
201500014247,0,7,0,0.0,2.0,8.0,15.0,B01
201500014248,0,33,0,0.0,2.0,1.0,15.0,A01
201500014248,0,33,0,0.0,2.0,1.0,1.0,B01
201500014249,0,32,0,0.0,2.0,1.0,1.0,B01
201500014249,0,7,0,0.0,2.0,5.0,15.0,A01
201500014250,1,7,0,0.0,1.0,0.0,0.0,Z01
201500014251,0,7,0,0.0,2.0,1.0,1.0,A01
201500014251,1,7,0,0.0,2.0,1.0,1.0,Z01
201500014252,0,34,0,1.0,0.0,9.0,1.0,A01
201500014253,1,10,0,0.0,0.0,0.0,0.0,Z01
201500014253,0,2,0,0.0,0.0,0.0,0.0,A01
201500014254,0,7,0,0.0,2.0,2.0,15.0,B01
201500014254,0,7,0,0.0,2.0,1.0,1.0,A01
201500014255,0,7,0,0.0,2.0,2.0,1.0,B01
201500014255,0,7,0,0.0,2.0,1.0,1.0,A01
201500014256,0,30,0,0.0,2.0,1.0,1.0,B01
201500014256,0,7,0,0.0,2.0,3.0,9.0,A01
201500014257,0,7,0,0.0,2.0,1.0,1.0,B01
201500014257,0,7,0,0.0,2.0,2.0,15.0,A01
201500014258,0,7,0,0.0,2.0,8.0,1.0,B01
201500014258,0,31,0,0.0,2.0,1.0,1.0,A01
201500014259,0,33,0,0.0,2.0,1.0,0.0,A01
201500014259,0,7,0,0.0,0.0,4.0,2.0,B01
201500014260,0,7,0,0.0,2.0,8.0,1.0,C01
201500014260,0,7,0,0.0,2.0,1.0,17.0,A01
201500014260,0,7,0,0.0,2.0,1.0,1.0,B01
201500014261,0,7,0,0.0,2.0,3.0,9.0,C01
201500014261,0,7,0,0.0,2.0,2.0,1.0,B01
201500014261,0,33,0,0.0,2.0,1.0,1.0,A01
201500014262,0,7,0,0.0,2.0,7.0,14.0,A01
201500014262,0,34,0,0.0,2.0,8.0,1.0,B01
201500014263,0,30,0,0.0,2.0,1.0,13.0,A01
201500014263,0,7,0,0.0,2.0,5.0,15.0,B01
201500014264,0,7,0,13.0,0.0,2.0,1.0,A01
201500014265,0,7,0,0.0,9.0,7.0,16.0,A01
201500014265,0,1,0,0.0,2.0,1.0,7.0,B01
201500014266,1,7,0,0.0,2.0,0.0,0.0,Z01
201500014266,0,33,0,0.0,2.0,2.0,0.0,A01
201500014267,0,13,0,0.0,2.0,6.0,15.0,A01
201500014267,0,33,0,0.0,2.0,4.0,1.0,B01
201500014268,0,7,0,0.0,2.0,1.0,1.0,A01
201500014268,0,7,0,0.0,2.0,4.0,2.0,B01
201500014269,0,7,0,0.0,1.0,1.0,0.0,A01
201500014270,1,7,0,0.0,2.0,1.0,1.0,Z01
201500014270,0,1,0,0.0,2.0,4.0,1.0,B01
201500014271,0,34,0,0.0,2.0,7.0,1.0,B01
201500014271,0,7,0,0.0,2.0,1.0,15.0,A01
201500014272,0,37,0,0.0,1.0,2.0,1.0,A01
201500014273,0,7,0,0.0,1.0,7.0,2.0,A01
201500014274,0,2,0,0.0,0.0,0.0,2.0,A01
201500014275,1,14,0,0.0,1.0,7.0,1.0,Z01
201500014276,0,7,0,0.0,1.0,7.0,1.0,A01
201500014277,0,7,0,0.0,2.0,6.0,13.0,B01
201500014277,0,33,0,0.0,2.0,2.0,3.0,A01
201500014278,0,7,0,1.0,1.0,2.0,21.0,A01
201500014279,0,7,0,0.0,2.0,6.0,4.0,A01
201500014279,0,1,0,0.0,2.0,5.0,19.0,B01
201500014280,0,30,0,0.0,0.0,8.0,15.0,A01
201500014281,0,30,0,0.0,2.0,2.0,17.0,A01
201500014281,0,7,0,0.0,2.0,8.0,15.0,B01
201500014282,0,30,0,0.0,1.0,1.0,1.0,A01
201500014283,0,7,0,0.0,1.0,1.0,1.0,A01
201500014284,0,33,0,0.0,2.0,3.0,1.0,B01
201500014284,0,7,0,0.0,2.0,5.0,15.0,A01
201500014285,0,7,0,0.0,2.0,1.0,1.0,A01
201500014285,0,7,0,0.0,2.0,4.0,1.0,C01
201500014285,0,7,0,0.0,2.0,4.0,2.0,B01
201500014286,0,33,0,0.0,2.0,7.0,19.0,B01
201500014286,0,7,0,0.0,2.0,1.0,1.0,A01
201500014287,0,7,0,0.0,2.0,4.0,2.0,B01
201500014287,0,33,0,0.0,2.0,3.0,2.0,A01
201500014288,0,2,0,0.0,2.0,1.0,6.0,A01
201500014288,0,7,0,0.0,2.0,3.0,1.0,B01
201500014289,0,33,0,0.0,2.0,1.0,1.0,A01
201500014289,1,7,0,0.0,2.0,2.0,1.0,Z01
201500014290,0,7,0,0.0,2.0,7.0,1.0,A01
201500014290,0,31,0,0.0,2.0,1.0,1.0,B01
201500014291,1,2,0,0.0,2.0,0.0,1.0,Z01
201500014291,0,1,0,0.0,2.0,4.0,1.0,B01
201500014292,0,7,0,0.0,2.0,7.0,22.0,B01
201500014292,0,30,0,1.0,0.0,3.0,18.0,A01
201500014293,0,99,0,0.0,2.0,1.0,1.0,A01
201500014293,0,7,0,0.0,2.0,4.0,1.0,B01
201500014294,1,7,0,0.0,2.0,1.0,1.0,Z01
201500014294,0,33,0,1.0,2.0,8.0,1.0,A01
201500014295,0,7,0,0.0,2.0,3.0,1.0,B01
201500014295,0,32,0,0.0,2.0,1.0,1.0,A01
201500014296,1,7,0,0.0,1.0,2.0,1.0,Z01
201500014297,0,7,0,0.0,1.0,3.0,1.0,A01
201500014298,1,7,0,0.0,2.0,4.0,2.0,A01
201500014298,1,7,0,0.0,2.0,1.0,0.0,Z01
201500014299,0,7,0,0.0,1.0,4.0,4.0,A01
201500014300,1,7,0,0.0,1.0,4.0,4.0,Z01
201500014301,0,7,0,0.0,2.0,5.0,1.0,B01
201500014301,0,32,0,0.0,2.0,1.0,1.0,A01
201500014302,0,33,0,0.0,2.0,1.0,1.0,B01
201500014302,0,7,0,0.0,2.0,5.0,15.0,A01
201500014303,0,7,0,0.0,0.0,0.0,0.0,B01
201500014303,0,34,0,0.0,2.0,0.0,16.0,A01
201500014304,0,7,0,0.0,1.0,3.0,1.0,A01
201500014305,0,33,0,0.0,2.0,3.0,1.0,B01
201500014305,0,7,0,0.0,2.0,1.0,15.0,A01
201500014306,0,30,0,0.0,2.0,0.0,1.0,A01
201500014306,0,7,0,0.0,2.0,0.0,15.0,B01
201500014307,0,7,0,0.0,2.0,3.0,15.0,A01
201500014307,0,30,0,0.0,2.0,1.0,1.0,B01
201500014308,0,37,2,0.0,2.0,3.0,1.0,B01
201500014308,0,7,0,0.0,2.0,3.0,5.0,A01
201500014309,1,10,0,0.0,1.0,8.0,1.0,A01
201500014310,0,7,0,0.0,1.0,3.0,1.0,A01
201500014311,0,10,0,0.0,2.0,1.0,15.0,B01
201500014311,0,7,0,0.0,2.0,8.0,1.0,A01
201500014312,0,7,0,0.0,2.0,4.0,2.0,B01
201500014312,0,7,0,0.0,2.0,1.0,2.0,A01
201500014313,0,7,0,0.0,9.0,3.0,2.0,B01
201500014313,0,33,0,0.0,2.0,1.0,2.0,A01
201500014314,0,34,0,0.0,0.0,8.0,16.0,A01
201500014315,0,7,0,0.0,2.0,4.0,23.0,B01
201500014315,0,7,0,14.0,2.0,1.0,2.0,A01
201500014316,0,2,0,0.0,2.0,1.0,15.0,A01
201500014316,0,7,0,0.0,9.0,8.0,1.0,B01
201500014317,0,7,0,0.0,2.0,3.0,2.0,B01
201500014317,0,7,0,0.0,2.0,1.0,2.0,A01
201500014318,1,7,0,0.0,2.0,0.0,1.0,Z01
201500014318,0,30,0,0.0,2.0,6.0,15.0,A01
201500014319,0,7,0,0.0,1.0,0.0,15.0,A01
201500014320,0,33,0,0.0,2.0,1.0,0.0,A01
201500014320,0,33,0,0.0,2.0,4.0,0.0,B01
201500014321,0,15,0,0.0,2.0,2.0,12.0,A01
201500014321,0,3,0,0.0,2.0,7.0,1.0,B01
201500014322,0,31,0,0.0,2.0,1.0,1.0,B01
201500014322,0,7,0,0.0,2.0,3.0,19.0,A01
201500014323,0,31,0,0.0,1.0,1.0,1.0,A01
201500014324,0,7,0,0.0,2.0,3.0,15.0,A01
201500014324,0,33,0,0.0,0.0,5.0,1.0,B01
201500014325,2,7,0,0.0,2.0,1.0,2.0,Z01
201500014325,0,7,0,0.0,2.0,4.0,1.0,B01
201500014326,0,32,0,0.0,2.0,7.0,1.0,B01
201500014326,0,7,0,0.0,2.0,3.0,1.0,A01
201500014327,0,7,0,0.0,0.0,4.0,0.0,B01
201500014327,0,7,0,0.0,2.0,1.0,2.0,A01
201500014328,0,7,0,0.0,2.0,8.0,1.0,A01
201500014328,0,7,0,0.0,2.0,1.0,1.0,B01
201500014329,0,7,0,0.0,2.0,3.0,15.0,A01
201500014329,0,32,0,0.0,2.0,2.0,17.0,B01
201500014330,0,31,0,0.0,2.0,1.0,5.0,A01
201500014330,0,7,0,0.0,2.0,8.0,15.0,B01
201500014331,0,7,0,0.0,2.0,4.0,2.0,C01
201500014331,0,7,0,0.0,2.0,4.0,2.0,B01
201500014331,0,7,0,0.0,2.0,1.0,2.0,A01
201500014332,0,32,0,0.0,2.0,0.0,21.0,A01
201500014332,0,7,0,0.0,2.0,0.0,9.0,B01
201500014333,0,37,0,0.0,2.0,7.0,1.0,B01
201500014333,0,15,0,0.0,2.0,4.0,4.0,A01
201500014334,0,32,0,0.0,0.0,0.0,0.0,A01
201500014335,0,7,0,0.0,2.0,8.0,0.0,C01
201500014335,0,7,0,0.0,2.0,7.0,0.0,A01
201500014335,0,30,0,0.0,2.0,8.0,0.0,B01
201500014336,0,7,0,0.0,2.0,1.0,1.0,B01
201500014336,0,7,0,0.0,2.0,1.0,15.0,A01
201500014337,0,7,0,0.0,2.0,1.0,2.0,A01
201500014337,0,7,0,0.0,2.0,4.0,2.0,C01
201500014337,0,7,0,0.0,2.0,4.0,0.0,B01
201500014338,0,7,0,0.0,1.0,2.0,1.0,B01
201500014339,0,32,0,0.0,2.0,1.0,1.0,B01
201500014339,0,7,0,0.0,2.0,3.0,15.0,A01
201500014340,0,7,0,0.0,0.0,0.0,0.0,B01
201500014340,0,34,0,0.0,0.0,1.0,0.0,A01
201500014341,0,7,0,0.0,2.0,8.0,1.0,B01
201500014341,0,14,0,0.0,2.0,8.0,1.0,A01
201500014342,0,2,0,0.0,2.0,8.0,1.0,B01
201500014342,0,7,0,0.0,2.0,7.0,9.0,A01
201500014343,0,7,0,0.0,2.0,8.0,24.0,B01
201500014343,0,7,0,1.0,0.0,2.0,1.0,A01
201500014344,0,7,0,0.0,2.0,2.0,15.0,A01
201500014344,0,7,0,0.0,2.0,1.0,1.0,B01
201500014345,0,7,0,0.0,0.0,0.0,15.0,B01
201500014345,0,33,0,0.0,2.0,7.0,1.0,A01
201500014346,0,34,0,0.0,1.0,8.0,1.0,A01
201500014347,0,7,0,0.0,9.0,2.0,15.0,B01
201500014347,0,1,0,0.0,2.0,1.0,1.0,A01
201500014348,0,7,0,0.0,1.0,3.0,1.0,A01
201500014349,0,7,0,0.0,2.0,6.0,10.0,A01
201500014349,0,2,0,0.0,2.0,2.0,2.0,B01
201500014350,0,7,0,6.0,0.0,1.0,1.0,A01
201500014351,0,7,0,15.0,2.0,7.0,1.0,A01
201500014351,0,7,0,0.0,2.0,1.0,1.0,B01
201500014352,0,7,0,0.0,2.0,2.0,1.0,B01
201500014352,0,7,0,0.0,2.0,5.0,1.0,A01
201500014353,0,33,0,0.0,2.0,8.0,1.0,A01
201500014353,0,33,0,0.0,2.0,8.0,0.0,B01
201500014353,0,33,0,0.0,2.0,8.0,1.0,C01
201500014354,0,33,0,0.0,2.0,1.0,1.0,B01
201500014354,0,7,0,0.0,2.0,2.0,15.0,A01
201500014355,0,2,0,0.0,0.0,7.0,14.0,A01
201500014356,0,7,0,0.0,2.0,3.0,21.0,A01
201500014356,0,34,0,0.0,2.0,5.0,1.0,B01
201500014356,0,10,0,0.0,2.0,3.0,1.0,C01
201500014357,0,34,0,0.0,2.0,1.0,1.0,A01
201500014357,0,7,0,0.0,2.0,3.0,1.0,B01
201500014358,0,7,0,0.0,2.0,5.0,22.0,A01
201500014358,0,7,0,0.0,2.0,3.0,3.0,B01
201500014359,0,7,0,0.0,1.0,1.0,1.0,A01
201500014360,0,7,0,0.0,1.0,1.0,1.0,A01
201500014361,0,7,0,6.0,0.0,1.0,1.0,A01
201500014362,0,32,0,0.0,2.0,3.0,1.0,A01
201500014362,1,7,0,0.0,2.0,0.0,1.0,Z01
201500014363,0,30,0,0.0,2.0,1.0,7.0,A01
201500014363,0,7,0,0.0,2.0,4.0,16.0,B01
201500014364,0,37,1,0.0,2.0,1.0,2.0,A01
201500014364,0,37,2,0.0,2.0,4.0,23.0,B01
201500014365,0,7,0,0.0,1.0,0.0,0.0,A01
201500014366,0,7,0,0.0,2.0,1.0,2.0,A01
201500014366,0,7,0,0.0,2.0,4.0,2.0,B01
201500014366,0,7,0,0.0,2.0,4.0,2.0,D01
201500014366,0,7,0,0.0,2.0,4.0,2.0,C01
201500014366,0,7,0,0.0,2.0,4.0,2.0,E01
201500014367,0,7,0,0.0,1.0,1.0,15.0,A01
201500014368,0,7,0,0.0,1.0,3.0,15.0,A01
201500014369,0,7,0,0.0,1.0,2.0,17.0,A01
201500014370,0,7,0,0.0,2.0,3.0,1.0,A01
201500014370,2,10,0,0.0,2.0,2.0,12.0,Z01
201500014371,0,7,0,0.0,2.0,1.0,1.0,B01
201500014371,0,10,0,0.0,2.0,1.0,13.0,A01
201500014372,0,7,0,15.0,0.0,1.0,2.0,A01
201500014373,0,33,0,0.0,2.0,2.0,1.0,B01
201500014373,0,30,0,0.0,2.0,3.0,1.0,A01
201500014374,1,7,0,0.0,1.0,0.0,0.0,Z01
201500014375,0,7,0,0.0,2.0,0.0,20.0,B01
201500014375,0,34,0,0.0,2.0,6.0,3.0,A01
201500014376,0,7,0,0.0,2.0,1.0,15.0,A01
201500014376,0,34,0,0.0,2.0,2.0,17.0,B01
201500014377,0,31,0,0.0,2.0,1.0,1.0,B01
201500014377,0,7,0,0.0,2.0,5.0,15.0,A01
201500014378,0,33,0,0.0,2.0,8.0,1.0,A01
201500014378,1,7,0,0.0,0.0,0.0,15.0,Z01
201500014379,0,7,0,0.0,2.0,4.0,2.0,B01
201500014379,0,7,0,0.0,2.0,1.0,2.0,A01
201500014380,0,33,0,0.0,1.0,8.0,0.0,A01
201500014381,0,7,0,12.0,0.0,2.0,0.0,A01
201500014382,0,7,0,0.0,1.0,1.0,1.0,A01
201500014383,0,7,0,0.0,2.0,7.0,1.0,B01
201500014383,0,14,0,0.0,2.0,2.0,12.0,A01
201500014384,0,7,0,0.0,2.0,7.0,15.0,A01
201500014384,0,2,0,0.0,2.0,1.0,1.0,B01
201500014385,0,7,0,0.0,1.0,3.0,2.0,A01
201500014386,1,30,0,0.0,1.0,1.0,1.0,Z01
201500014387,0,7,0,0.0,2.0,0.0,0.0,A01
201500014387,0,33,0,16.0,2.0,0.0,0.0,B01
201500014388,0,33,0,0.0,2.0,1.0,1.0,B01
201500014388,0,7,0,1.0,2.0,3.0,10.0,A01
201500014389,0,7,0,0.0,2.0,4.0,24.0,B01
201500014389,0,7,0,0.0,2.0,1.0,2.0,A01
201500014390,0,7,0,0.0,1.0,1.0,1.0,A01
201500014391,0,33,0,0.0,2.0,3.0,17.0,A01
201500014391,0,7,0,0.0,2.0,3.0,0.0,B01
201500014391,0,10,0,0.0,2.0,8.0,2.0,C01
201500014392,0,7,0,0.0,2.0,7.0,2.0,A01
201500014392,0,7,0,0.0,9.0,6.0,0.0,B01
201500014393,0,30,0,0.0,1.0,1.0,0.0,A01
201500014394,0,7,0,0.0,2.0,4.0,4.0,A01
201500014394,0,31,0,0.0,2.0,8.0,2.0,B01
201500014395,0,7,0,0.0,2.0,8.0,15.0,A01
201500014395,0,7,0,0.0,2.0,3.0,1.0,B01
201500014396,0,7,0,0.0,2.0,1.0,15.0,A01
201500014396,0,32,0,0.0,2.0,1.0,1.0,B01
201500014397,0,7,0,4.0,1.0,1.0,1.0,A01
201500014398,0,2,0,0.0,2.0,1.0,7.0,A01
201500014398,0,7,0,0.0,2.0,7.0,16.0,B01
201500014399,0,7,0,0.0,2.0,2.0,1.0,B01
201500014399,0,7,0,0.0,2.0,3.0,1.0,A01
201500014400,0,7,0,0.0,2.0,4.0,16.0,B01
201500014400,0,7,0,0.0,2.0,1.0,1.0,A01
201500014401,0,32,0,0.0,2.0,1.0,2.0,B01
201500014401,0,7,0,0.0,2.0,3.0,15.0,A01
201500014402,0,33,0,0.0,2.0,0.0,21.0,B01
201500014402,0,7,0,0.0,2.0,0.0,11.0,A01
201500014403,0,34,0,0.0,2.0,8.0,1.0,A01
201500014404,0,7,0,8.0,0.0,1.0,1.0,A01
201500014405,0,37,0,0.0,2.0,0.0,0.0,C01
201500014405,0,7,0,0.0,2.0,0.0,0.0,B01
201500014405,0,7,0,0.0,2.0,0.0,0.0,A01
201500014406,1,10,0,0.0,1.0,0.0,1.0,Z01
201500014407,0,7,0,0.0,9.0,6.0,13.0,A01
201500014407,0,1,0,0.0,2.0,6.0,0.0,B01
201500014408,0,34,0,0.0,2.0,8.0,15.0,B01
201500014408,0,7,0,0.0,2.0,1.0,9.0,A01
201500014409,1,7,0,14.0,0.0,7.0,1.0,Z01
201500014409,0,30,0,0.0,0.0,8.0,23.0,B01
201500014410,0,30,0,0.0,2.0,1.0,1.0,B01
201500014410,0,7,0,0.0,2.0,3.0,15.0,A01
201500014411,0,7,0,0.0,2.0,3.0,1.0,B01
201500014412,1,7,0,0.0,2.0,8.0,1.0,Z01
201500014412,0,32,0,0.0,2.0,8.0,21.0,B01
201500014413,0,32,0,0.0,2.0,7.0,13.0,A01
201500014413,0,10,0,0.0,2.0,2.0,1.0,B01
201500014414,0,30,0,14.0,0.0,0.0,1.0,A01
201500014415,0,1,0,0.0,2.0,2.0,1.0,A01
201500014415,0,7,0,1.0,0.0,8.0,24.0,B01
201500014416,0,10,0,0.0,2.0,4.0,2.0,B01
201500014416,0,7,0,0.0,2.0,1.0,2.0,A01
201500014417,0,31,0,1.0,2.0,7.0,1.0,B01
201500014417,0,7,0,0.0,2.0,7.0,12.0,A01
201500014418,1,30,0,11.0,0.0,2.0,14.0,Z01
201500014419,0,7,0,0.0,2.0,1.0,1.0,A01
201500014419,0,7,0,0.0,2.0,9.0,1.0,B01
201500014419,0,7,0,0.0,2.0,4.0,1.0,C01
201500014420,0,10,0,0.0,0.0,0.0,0.0,A01
201500014420,0,7,0,0.0,0.0,0.0,0.0,B01
201500014421,0,7,0,0.0,2.0,7.0,12.0,A01
201500014421,0,2,0,0.0,2.0,8.0,1.0,B01
201500014422,0,7,0,0.0,9.0,8.0,22.0,A01
201500014422,0,1,0,1.0,0.0,1.0,1.0,B01
201500014423,0,7,0,0.0,2.0,3.0,1.0,A01
201500014423,0,2,0,0.0,2.0,1.0,1.0,B01
201500014424,0,7,0,0.0,0.0,6.0,15.0,B01
201500014424,0,32,0,0.0,2.0,1.0,17.0,A01
201500014425,0,33,0,0.0,0.0,1.0,1.0,A01
201500014426,0,7,0,8.0,2.0,2.0,1.0,A01
201500014426,0,7,0,0.0,2.0,1.0,1.0,B01
201500014427,0,7,0,0.0,2.0,7.0,1.0,B01
201500014427,0,7,0,0.0,2.0,0.0,1.0,A01
201500014428,1,30,0,0.0,1.0,0.0,1.0,Z01
201500014429,0,33,0,0.0,1.0,2.0,1.0,A01
201500014430,0,7,0,0.0,2.0,0.0,0.0,B01
201500014430,0,7,0,0.0,2.0,2.0,2.0,A01
201500014430,0,7,0,0.0,2.0,0.0,0.0,C01
201500014431,0,7,0,0.0,2.0,1.0,2.0,A01
201500014431,0,7,0,0.0,2.0,4.0,2.0,B01
201500014432,0,7,0,0.0,2.0,1.0,2.0,A01
201500014432,0,7,0,0.0,2.0,4.0,0.0,B01
201500014433,0,7,0,0.0,2.0,1.0,1.0,B01
201500014433,0,30,0,0.0,2.0,1.0,15.0,A01
201500014434,0,7,0,0.0,2.0,8.0,5.0,B01
201500014434,1,7,0,0.0,2.0,3.0,2.0,A01
201500014435,0,7,0,0.0,2.0,1.0,24.0,B01
201500014435,1,7,0,0.0,2.0,1.0,2.0,Z01
201500014435,0,7,0,0.0,2.0,1.0,0.0,C01
201500014436,0,33,0,0.0,2.0,1.0,1.0,B01
201500014436,0,7,0,0.0,2.0,3.0,15.0,A01
201500014437,0,30,0,0.0,1.0,1.0,15.0,A01
201500014438,0,7,0,0.0,2.0,6.0,2.0,B01
201500014438,1,7,0,0.0,2.0,2.0,2.0,A01
201500014439,0,7,0,0.0,2.0,8.0,1.0,B01
201500014439,0,7,0,0.0,2.0,1.0,1.0,A01
201500014440,0,7,0,0.0,2.0,0.0,0.0,A01
201500014440,0,33,0,0.0,2.0,0.0,0.0,B01
201500014441,0,10,0,0.0,2.0,4.0,2.0,B01
201500014441,0,33,0,0.0,2.0,1.0,2.0,A01
201500014442,0,33,0,1.0,5.0,1.0,2.0,A01
201500014443,0,7,0,0.0,2.0,7.0,15.0,A01