Num_Acc,senc,catv,occutc,obs,obsm,choc,manv,num_veh
201500014710,0,2,0,0.0,2.0,9.0,1.0,A01
201500014710,0,7,0,0.0,9.0,3.0,15.0,B01
201500014711,0,7,0,0.0,2.0,0.0,0.0,B01
201500014711,0,33,0,0.0,2.0,0.0,0.0,A01
201500014712,0,7,0,0.0,2.0,1.0,0.0,A01
201500014712,0,7,0,0.0,2.0,4.0,0.0,B01
201500014713,0,32,0,0.0,2.0,1.0,1.0,B01
201500014713,0,7,0,0.0,2.0,8.0,10.0,A01
201500014714,0,7,0,0.0,2.0,6.0,1.0,A01
201500014714,0,33,0,0.0,2.0,1.0,1.0,B01
201500014715,0,7,0,0.0,0.0,4.0,23.0,B01
201500014715,0,7,0,0.0,2.0,1.0,2.0,A01
201500014716,0,7,0,0.0,2.0,3.0,19.0,B01
201500014716,0,31,0,0.0,2.0,1.0,1.0,A01
201500014717,0,10,0,0.0,2.0,2.0,1.0,A01
201500014717,0,7,0,0.0,2.0,3.0,0.0,B01
201500014718,1,7,0,0.0,2.0,0.0,0.0,Z01
201500014718,0,34,0,0.0,2.0,8.0,0.0,B01
201500014719,0,30,0,0.0,0.0,2.0,1.0,A01
201500014720,0,7,0,0.0,1.0,3.0,0.0,A01
201500014721,0,34,0,0.0,1.0,1.0,1.0,A01
201500014722,0,30,0,14.0,2.0,7.0,1.0,A01
201500014722,0,7,0,0.0,0.0,2.0,1.0,B01
201500014723,0,7,0,0.0,1.0,0.0,0.0,A01
201500014724,0,7,0,0.0,2.0,7.0,0.0,A01
201500014724,0,30,0,0.0,2.0,8.0,1.0,B01
201500014725,0,7,0,0.0,1.0,3.0,1.0,A01
201500014726,0,7,0,0.0,2.0,3.0,1.0,B01
201500014726,0,30,0,0.0,2.0,1.0,17.0,A01
201500014727,0,34,0,0.0,1.0,0.0,0.0,A01
201500014728,0,32,0,0.0,1.0,1.0,1.0,A01
201500014729,0,7,0,0.0,2.0,1.0,2.0,A01
201500014729,0,7,0,0.0,2.0,4.0,2.0,B01
201500014730,0,10,0,0.0,1.0,1.0,0.0,A01
201500014731,0,7,0,14.0,0.0,2.0,1.0,A01
201500014732,0,7,0,0.0,2.0,8.0,0.0,B01
201500014732,0,7,0,0.0,2.0,3.0,6.0,A01
201500014733,0,32,0,0.0,2.0,9.0,1.0,B01
201500014733,0,7,0,0.0,2.0,2.0,15.0,A01
201500014734,0,7,0,0.0,1.0,1.0,17.0,A01
201500014735,0,7,0,1.0,2.0,7.0,0.0,C01
201500014735,0,7,0,1.0,2.0,8.0,1.0,B01
201500014735,0,7,0,0.0,2.0,1.0,1.0,A01
201500014736,0,33,0,0.0,2.0,9.0,0.0,B01
201500014736,2,10,0,0.0,2.0,1.0,0.0,A01
201500014737,0,7,0,0.0,1.0,2.0,1.0,A01
201500014738,0,7,0,0.0,2.0,7.0,2.0,B01
201500014738,0,7,0,0.0,2.0,1.0,16.0,A01
201500014739,0,2,0,0.0,2.0,1.0,16.0,A01
201500014739,0,33,0,0.0,2.0,8.0,1.0,B01
201500014740,0,10,0,0.0,2.0,1.0,1.0,A01
201500014740,0,7,0,0.0,2.0,4.0,2.0,B01
201500014741,0,32,0,0.0,2.0,6.0,18.0,A01
201500014741,0,7,0,0.0,2.0,2.0,1.0,B01
201500014742,0,7,0,0.0,2.0,0.0,0.0,B01
201500014742,0,7,0,0.0,2.0,6.0,13.0,A01
201500014743,0,33,0,0.0,2.0,1.0,2.0,B01
201500014743,0,7,0,0.0,2.0,3.0,10.0,A01
201500014744,0,30,0,0.0,2.0,8.0,1.0,B01
201500014744,0,7,0,0.0,2.0,8.0,15.0,A01
201500014745,0,34,0,0.0,2.0,1.0,21.0,B01
201500014745,0,7,0,0.0,2.0,8.0,10.0,A01
201500014746,0,7,0,0.0,2.0,1.0,2.0,B01
201500014746,0,33,0,15.0,2.0,8.0,2.0,A01
201500014747,0,32,0,16.0,2.0,0.0,0.0,A01
201500014747,0,7,0,0.0,2.0,8.0,1.0,B01
201500014748,0,7,0,8.0,0.0,1.0,1.0,A01
201500014749,0,30,0,0.0,0.0,0.0,0.0,A01
201500014750,0,32,0,8.0,0.0,1.0,1.0,A01
201500014751,1,7,0,0.0,2.0,3.0,15.0,Z01
201500014751,0,2,0,0.0,2.0,1.0,1.0,A01
201500014752,0,30,0,0.0,2.0,1.0,1.0,A01
201500014752,0,7,0,0.0,2.0,3.0,15.0,B01
201500014753,0,7,0,15.0,1.0,2.0,1.0,A01
201500014754,0,7,0,0.0,2.0,1.0,1.0,B01
201500014754,0,7,0,0.0,2.0,4.0,6.0,A01
201500014755,0,99,0,0.0,1.0,7.0,1.0,A01
201500014756,0,7,0,0.0,2.0,3.0,19.0,A01
201500014756,0,34,0,0.0,2.0,1.0,1.0,B01
201500014757,0,33,0,0.0,0.0,2.0,21.0,B01
201500014757,0,7,0,0.0,2.0,6.0,15.0,A01
201500014758,0,7,0,0.0,2.0,3.0,13.0,A01
201500014758,0,7,0,0.0,2.0,3.0,0.0,B01
201500014759,0,99,0,0.0,0.0,0.0,0.0,A01
201500014760,0,10,0,0.0,2.0,8.0,19.0,B01
201500014760,0,32,0,0.0,2.0,1.0,1.0,A01
201500014761,0,7,0,0.0,2.0,4.0,1.0,B01
201500014761,0,7,0,0.0,2.0,1.0,2.0,A01
201500014762,0,7,0,0.0,2.0,0.0,0.0,A01
201500014762,0,7,0,0.0,2.0,0.0,0.0,B01
201500014763,0,7,0,9.0,0.0,2.0,0.0,A01
201500014764,0,7,0,0.0,1.0,3.0,15.0,A01
201500014765,0,10,0,0.0,1.0,3.0,15.0,A01
201500014766,0,34,0,0.0,0.0,7.0,21.0,A01
201500014767,0,34,0,0.0,2.0,0.0,0.0,B01
201500014767,0,7,0,0.0,2.0,2.0,16.0,A01
201500014768,1,7,0,0.0,2.0,0.0,12.0,Z01
201500014768,0,7,0,1.0,2.0,1.0,21.0,A01
201500014769,0,7,0,0.0,2.0,1.0,5.0,A01
201500014769,0,1,0,0.0,0.0,0.0,0.0,B01
201500014770,0,7,0,0.0,2.0,3.0,15.0,A01
201500014770,0,32,0,0.0,2.0,2.0,17.0,B01
201500014771,0,1,0,0.0,2.0,4.0,2.0,B01
201500014771,0,30,0,1.0,9.0,1.0,2.0,A01
201500014771,1,7,0,0.0,2.0,0.0,2.0,Z01
201500014772,0,30,0,0.0,2.0,1.0,2.0,A01
201500014772,0,7,0,0.0,2.0,6.0,23.0,B01
201500014773,0,7,0,1.0,2.0,2.0,1.0,A01
201500014774,1,7,0,0.0,1.0,1.0,0.0,Z01
201500014775,0,7,0,0.0,2.0,1.0,1.0,A01
201500014775,0,7,0,0.0,2.0,4.0,2.0,B01
201500014776,0,32,0,0.0,1.0,7.0,0.0,A01
201500014777,0,7,0,0.0,2.0,8.0,10.0,A01
201500014777,0,33,0,0.0,2.0,1.0,1.0,B01
201500014778,0,33,0,0.0,2.0,1.0,1.0,B01
201500014778,0,7,0,0.0,2.0,8.0,15.0,A01
201500014779,0,32,0,0.0,2.0,0.0,1.0,B01
201500014779,0,7,0,0.0,2.0,6.0,10.0,A01
201500014780,0,7,0,8.0,0.0,1.0,2.0,A01
201500014781,0,10,0,0.0,2.0,5.0,0.0,B01
201500014781,0,7,0,0.0,2.0,3.0,2.0,A01
201500014782,0,2,0,1.0,2.0,1.0,12.0,A01
201500014783,0,7,0,0.0,2.0,1.0,2.0,A01
201500014783,0,7,0,0.0,2.0,4.0,23.0,B01
201500014784,0,7,0,0.0,2.0,0.0,0.0,B01
201500014784,0,32,0,0.0,2.0,0.0,0.0,A01
201500014785,0,7,0,0.0,2.0,1.0,1.0,A01
201500014785,0,7,0,0.0,2.0,3.0,1.0,B01
201500014786,0,7,0,1.0,2.0,1.0,2.0,A01
201500014787,0,7,0,0.0,1.0,3.0,1.0,A01
201500014788,0,10,0,0.0,2.0,2.0,16.0,B01
201500014788,0,30,0,0.0,2.0,1.0,1.0,A01
201500014789,0,7,0,0.0,2.0,1.0,1.0,B01
201500014789,0,34,0,0.0,2.0,1.0,5.0,A01
201500014790,0,7,0,0.0,2.0,1.0,2.0,B01
201500014790,0,17,0,0.0,2.0,6.0,4.0,A01
201500014791,0,2,0,1.0,0.0,4.0,1.0,A01
201500014792,0,7,0,0.0,2.0,0.0,0.0,B01
201500014792,0,7,0,0.0,2.0,1.0,2.0,A01
201500014793,0,7,0,0.0,2.0,3.0,15.0,A01
201500014793,0,32,0,0.0,2.0,1.0,1.0,B01
201500014794,0,7,0,0.0,2.0,6.0,1.0,B01
201500014794,0,7,0,0.0,2.0,1.0,1.0,A01
201500014795,0,34,0,1.0,2.0,1.0,1.0,A01
201500014795,1,7,0,0.0,2.0,6.0,0.0,Z01
201500014796,0,30,0,0.0,2.0,2.0,2.0,A01
201500014796,0,7,0,0.0,2.0,0.0,0.0,B01
201500014797,0,33,0,0.0,2.0,0.0,1.0,B01
201500014797,1,7,0,0.0,9.0,3.0,15.0,Z01
201500014798,0,33,0,0.0,2.0,8.0,1.0,B01
201500014798,0,7,0,0.0,2.0,3.0,1.0,A01
201500014799,0,7,0,0.0,1.0,1.0,1.0,A01
201500014800,0,2,0,0.0,2.0,1.0,1.0,B01
201500014800,0,7,0,0.0,2.0,4.0,1.0,A01
201500014801,0,7,0,1.0,2.0,1.0,2.0,B01
201500014801,0,7,0,9.0,2.0,2.0,2.0,A01
201500014802,0,7,0,0.0,1.0,1.0,1.0,A01
201500014803,1,7,0,0.0,2.0,3.0,0.0,Z01
201500014803,0,30,0,0.0,2.0,7.0,1.0,B01
201500014804,0,7,0,0.0,2.0,2.0,1.0,B01
201500014804,0,10,0,0.0,2.0,8.0,9.0,A01
201500014805,0,7,0,9.0,2.0,7.0,1.0,A01
201500014805,0,7,0,0.0,2.0,1.0,19.0,B01
201500014806,0,7,0,14.0,0.0,1.0,1.0,A01
201500014806,0,7,0,0.0,2.0,4.0,23.0,B01
201500014807,0,31,0,0.0,0.0,0.0,0.0,A01
201500014808,0,33,0,0.0,2.0,4.0,23.0,B01
201500014808,0,7,0,0.0,2.0,1.0,2.0,A01
201500014809,0,7,0,0.0,2.0,7.0,12.0,A01
201500014809,0,32,0,0.0,2.0,1.0,1.0,B01
201500014810,1,7,0,0.0,1.0,4.0,4.0,Z01
201500014811,0,7,0,0.0,2.0,0.0,0.0,B01
201500014811,0,7,0,0.0,2.0,7.0,15.0,A01
201500014812,0,7,0,0.0,2.0,3.0,15.0,B01
201500014812,0,7,0,0.0,2.0,1.0,1.0,A01
201500014813,0,7,0,0.0,1.0,1.0,1.0,A01
201500014814,0,7,0,0.0,0.0,1.0,1.0,A01
201500014815,0,3,0,0.0,2.0,3.0,2.0,B01
201500014815,0,7,0,0.0,2.0,3.0,2.0,A01
201500014816,0,7,0,0.0,2.0,0.0,15.0,A01
201500014816,0,32,0,0.0,2.0,1.0,1.0,B01
201500014817,0,33,0,8.0,0.0,1.0,0.0,A01
201500014818,0,7,0,0.0,2.0,0.0,0.0,B01
201500014818,0,7,0,0.0,2.0,1.0,0.0,A01
201500014819,0,7,0,0.0,2.0,1.0,2.0,B01
201500014819,0,7,0,0.0,2.0,4.0,2.0,D01
201500014819,0,7,0,0.0,2.0,1.0,2.0,A01
201500014819,0,7,0,0.0,2.0,4.0,2.0,C01
201500014820,0,34,0,0.0,0.0,0.0,0.0,A01
201500014821,0,7,0,0.0,2.0,1.0,1.0,A01
201500014821,0,7,0,0.0,2.0,8.0,0.0,B01
201500014822,0,7,0,0.0,2.0,1.0,1.0,B01
201500014822,0,7,0,0.0,2.0,3.0,1.0,A01
201500014823,0,31,0,12.0,0.0,0.0,0.0,A01
201500014824,0,7,0,0.0,2.0,2.0,21.0,A01
201500014824,0,37,0,0.0,2.0,6.0,23.0,B01
201500014825,0,7,0,8.0,0.0,9.0,0.0,A01
201500014826,0,2,0,0.0,2.0,8.0,15.0,A01
201500014826,0,33,0,0.0,2.0,1.0,6.0,B01
201500014827,0,7,0,0.0,2.0,3.0,10.0,A01
201500014827,0,10,0,0.0,2.0,0.0,0.0,C01
201500014827,0,7,0,0.0,2.0,1.0,1.0,B01
201500014828,0,7,0,0.0,2.0,1.0,1.0,A01
201500014828,0,7,0,0.0,2.0,1.0,1.0,B01
201500014829,0,30,0,0.0,0.0,8.0,21.0,A01
201500014830,0,7,0,14.0,0.0,1.0,1.0,B01
201500014830,0,7,0,0.0,0.0,4.0,23.0,A01
201500014831,0,7,0,0.0,1.0,1.0,1.0,A01
201500014832,1,7,0,0.0,1.0,0.0,0.0,Z01
201500014833,2,2,0,0.0,2.0,3.0,1.0,A01
201500014833,0,7,0,0.0,2.0,3.0,1.0,B01
201500014834,0,7,0,0.0,2.0,4.0,23.0,B01
201500014834,0,7,0,0.0,2.0,1.0,2.0,A01
201500014835,1,7,0,0.0,2.0,0.0,0.0,Z01
201500014835,0,2,0,0.0,2.0,1.0,2.0,A01
201500014836,0,7,0,0.0,2.0,1.0,1.0,A01
201500014836,0,7,0,0.0,2.0,4.0,1.0,B01
201500014837,0,7,0,1.0,2.0,1.0,1.0,A01
201500014837,0,7,0,1.0,2.0,9.0,0.0,B01
201500014838,1,7,0,0.0,2.0,0.0,0.0,Z01
201500014838,0,7,0,0.0,2.0,4.0,2.0,B01
201500014839,0,33,0,0.0,2.0,1.0,2.0,B01
201500014839,1,7,0,0.0,2.0,8.0,11.0,Z01
201500014840,0,30,0,0.0,2.0,8.0,0.0,A01
201500014840,0,7,0,0.0,2.0,7.0,0.0,B01
201500014841,1,33,0,0.0,1.0,1.0,0.0,Z01
201500014842,0,7,0,0.0,2.0,4.0,23.0,C01
201500014842,0,7,0,0.0,2.0,4.0,23.0,B01
201500014842,0,7,0,0.0,2.0,1.0,2.0,A01
201500014843,0,30,0,0.0,2.0,1.0,1.0,B01
201500014843,0,7,0,0.0,2.0,3.0,19.0,A01
201500014844,0,7,0,0.0,1.0,1.0,1.0,A01
201500014845,0,30,0,0.0,2.0,0.0,0.0,B01
201500014845,0,7,0,0.0,2.0,0.0,0.0,A01
201500014846,0,7,0,0.0,2.0,4.0,2.0,B01
201500014846,0,30,0,0.0,2.0,1.0,2.0,A01
201500014847,0,7,0,0.0,2.0,8.0,23.0,B01
201500014847,0,33,0,0.0,2.0,1.0,1.0,A01
201500014848,0,7,0,0.0,2.0,1.0,1.0,B01
201500014848,0,7,0,0.0,2.0,7.0,15.0,A01
201500014849,0,7,0,0.0,2.0,8.0,16.0,A01
201500014849,0,30,0,0.0,2.0,2.0,2.0,B01
201500014850,0,2,0,0.0,1.0,0.0,0.0,A01
201500014851,1,7,0,0.0,2.0,1.0,1.0,A01
201500014851,0,33,0,0.0,2.0,7.0,15.0,B01
201500014852,0,30,0,0.0,2.0,1.0,5.0,A01
201500014852,0,7,0,0.0,2.0,8.0,23.0,D01
201500014852,0,30,0,0.0,2.0,1.0,5.0,B01
201500014852,0,7,0,0.0,2.0,1.0,1.0,C01
201500014853,0,30,0,0.0,0.0,1.0,1.0,A01
201500014854,0,32,0,0.0,2.0,1.0,1.0,B01
201500014854,0,7,0,0.0,2.0,0.0,15.0,A01
201500014855,0,7,0,0.0,1.0,1.0,15.0,A01
201500014856,0,7,0,0.0,2.0,3.0,0.0,A01
201500014856,0,30,0,0.0,2.0,1.0,0.0,B01
201500014857,0,34,0,0.0,2.0,4.0,2.0,B01
201500014857,0,10,0,0.0,2.0,1.0,2.0,A01
201500014858,0,7,0,0.0,1.0,0.0,1.0,A01
201500014859,0,33,0,1.0,0.0,8.0,17.0,A01
201500014860,0,2,0,8.0,0.0,1.0,1.0,A01
201500014861,0,31,0,0.0,2.0,1.0,0.0,B01
201500014861,0,7,0,0.0,2.0,2.0,12.0,A01
201500014862,0,33,0,0.0,2.0,2.0,17.0,A01
201500014862,0,7,0,0.0,2.0,8.0,0.0,B01
201500014863,0,30,0,0.0,1.0,0.0,0.0,A01
201500014864,0,30,0,0.0,2.0,1.0,18.0,A01
201500014864,0,7,0,0.0,2.0,5.0,2.0,B01
201500014865,1,7,0,0.0,1.0,1.0,0.0,Z01
201500014866,0,7,0,0.0,2.0,4.0,1.0,B01
201500014866,0,7,0,0.0,2.0,1.0,1.0,A01
201500014867,0,7,0,0.0,2.0,3.0,15.0,B01
201500014867,0,32,0,0.0,2.0,1.0,17.0,A01
201500014868,0,30,0,0.0,2.0,1.0,1.0,A01
201500014868,0,7,0,0.0,2.0,1.0,1.0,B01
201500014869,0,7,0,0.0,1.0,6.0,1.0,A01
201500014870,0,2,0,0.0,1.0,1.0,1.0,A01
201500014871,0,33,0,0.0,2.0,1.0,1.0,B01
201500014871,0,7,0,0.0,2.0,3.0,15.0,A01
201500014872,0,32,0,1.0,2.0,1.0,1.0,A01
201500014873,0,7,0,0.0,2.0,2.0,1.0,A01
201500014873,0,7,0,0.0,2.0,3.0,1.0,B01
201500014874,0,7,0,0.0,2.0,4.0,2.0,B01
201500014874,0,32,0,0.0,2.0,1.0,17.0,A01
201500014875,0,7,0,0.0,2.0,8.0,1.0,A01
201500014875,0,31,0,0.0,2.0,7.0,1.0,B01
201500014876,0,32,0,0.0,2.0,8.0,1.0,B01
201500014876,0,7,0,7.0,2.0,1.0,1.0,A01
201500014877,0,7,0,0.0,1.0,1.0,9.0,A01
201500014878,0,2,0,0.0,2.0,8.0,10.0,A01
201500014878,0,7,0,0.0,2.0,2.0,1.0,B01
201500014879,0,7,0,0.0,1.0,2.0,1.0,A01
201500014880,0,7,0,0.0,2.0,4.0,23.0,B01
201500014880,0,7,0,0.0,2.0,4.0,23.0,A01
201500014880,1,7,0,0.0,2.0,1.0,1.0,Z01
201500014881,0,7,0,0.0,2.0,3.0,15.0,B01
201500014881,0,30,0,0.0,2.0,8.0,19.0,A01
201500014882,0,30,0,0.0,2.0,8.0,1.0,B01
201500014882,0,7,0,0.0,2.0,1.0,0.0,A01
201500014883,0,7,0,0.0,1.0,1.0,1.0,A01
201500014884,0,7,0,0.0,2.0,3.0,1.0,B01
201500014884,0,30,0,0.0,2.0,1.0,15.0,A01
201500014885,0,2,0,0.0,2.0,4.0,2.0,A01
201500014885,1,7,0,0.0,2.0,0.0,2.0,Z01
201500014886,0,7,0,0.0,1.0,1.0,1.0,A01
201500014887,0,7,0,1.0,0.0,1.0,0.0,A01
201500014888,0,7,0,0.0,2.0,2.0,9.0,A01
201500014888,0,1,0,0.0,2.0,4.0,1.0,B01
201500014889,0,7,0,0.0,2.0,3.0,1.0,B01
201500014889,0,34,0,0.0,2.0,1.0,15.0,A01
201500014890,0,7,0,0.0,2.0,3.0,1.0,A01
201500014890,0,34,0,0.0,2.0,1.0,0.0,B01
201500014891,0,7,0,9.0,2.0,6.0,17.0,A01
201500014891,0,7,0,0.0,2.0,0.0,15.0,B01
201500014892,0,99,0,0.0,2.0,0.0,0.0,B01
201500014892,0,30,0,0.0,2.0,7.0,21.0,A01
201500014893,1,2,0,0.0,1.0,0.0,5.0,Z01
201500014894,0,30,0,0.0,1.0,0.0,0.0,A01
201500014895,0,33,0,0.0,2.0,1.0,1.0,B01
201500014895,0,7,0,0.0,2.0,1.0,15.0,A01
201500014896,0,33,0,0.0,2.0,1.0,1.0,A01
201500014896,1,7,0,0.0,2.0,5.0,15.0,Z01
201500014897,0,7,0,8.0,2.0,1.0,21.0,A01
201500014898,0,2,0,0.0,0.0,1.0,1.0,A01
201500014899,0,32,0,0.0,2.0,1.0,9.0,A01
201500014899,0,32,0,0.0,2.0,4.0,9.0,B01
201500014900,0,30,0,0.0,0.0,2.0,0.0,A01
201500014901,0,7,0,0.0,2.0,3.0,1.0,B01
201500014901,0,7,0,0.0,2.0,2.0,1.0,A01
201500014902,0,33,0,0.0,2.0,2.0,1.0,B01
201500014902,0,7,0,0.0,2.0,3.0,1.0,A01
201500014903,0,7,0,0.0,2.0,7.0,1.0,B01
201500014903,2,37,0,0.0,2.0,3.0,0.0,A01
201500014904,0,7,0,0.0,2.0,0.0,0.0,B01
201500014904,0,7,0,0.0,2.0,1.0,2.0,A01
201500014905,0,2,0,0.0,2.0,7.0,15.0,B01
201500014905,1,7,0,0.0,2.0,0.0,1.0,Z01
201500014906,0,7,0,0.0,2.0,4.0,23.0,A01
201500014907,0,33,0,15.0,0.0,1.0,1.0,A01
201500014908,0,7,0,0.0,1.0,1.0,9.0,A01
201500014909,0,2,0,0.0,2.0,0.0,17.0,A01
201500014909,1,7,0,0.0,2.0,6.0,15.0,Z01
201500014910,0,30,0,0.0,2.0,1.0,1.0,B01
201500014910,0,7,0,0.0,2.0,7.0,19.0,A01
201500014911,0,33,0,13.0,0.0,1.0,1.0,A01
201500014912,0,31,0,0.0,2.0,1.0,2.0,A01
201500014912,0,7,0,0.0,2.0,2.0,14.0,B01
201500014913,1,34,0,0.0,1.0,1.0,1.0,Z01
201500014914,0,30,0,8.0,2.0,8.0,1.0,A01
201500014915,0,7,0,0.0,2.0,7.0,1.0,A01
201500014915,0,7,0,0.0,2.0,1.0,1.0,B01
201500014916,0,30,0,1.0,0.0,1.0,21.0,A01
201500014917,0,37,0,0.0,2.0,3.0,1.0,B01
201500014917,0,7,0,0.0,2.0,2.0,1.0,A01
201500014918,0,31,0,0.0,2.0,1.0,0.0,B01
201500014918,0,7,0,0.0,2.0,2.0,15.0,A01
201500014919,0,33,0,0.0,2.0,2.0,1.0,A01
201500014919,0,7,0,0.0,2.0,1.0,1.0,B01
201500014920,0,30,0,0.0,2.0,5.0,1.0,A01
201500014920,1,7,0,0.0,2.0,0.0,0.0,Z01
201500014921,1,2,0,0.0,2.0,0.0,1.0,B01
201500014922,0,30,0,0.0,2.0,0.0,1.0,A01
201500014922,1,7,0,0.0,2.0,0.0,0.0,Z01
201500014923,0,7,0,0.0,2.0,1.0,0.0,A01
201500014923,0,7,0,0.0,2.0,7.0,1.0,B01
201500014924,0,7,0,0.0,1.0,3.0,1.0,A01
201500014925,1,7,0,0.0,1.0,0.0,0.0,Z01
201500014926,0,1,0,0.0,0.0,0.0,0.0,A01
201500014927,0,7,0,0.0,2.0,1.0,1.0,A01
201500014927,0,7,0,0.0,2.0,4.0,1.0,B01
201500014928,0,30,0,0.0,2.0,8.0,17.0,A01
201500014928,0,7,0,0.0,2.0,3.0,15.0,B01
201500014929,0,33,0,12.0,0.0,3.0,16.0,A01
201500014930,0,2,0,0.0,0.0,0.0,0.0,A01
201500014931,0,7,0,0.0,2.0,6.0,3.0,A01
201500014931,0,32,0,0.0,2.0,1.0,2.0,B01
201500014932,0,33,0,0.0,2.0,1.0,1.0,B01
201500014932,0,7,0,0.0,2.0,2.0,9.0,A01
201500014933,0,7,0,0.0,0.0,0.0,0.0,A01
201500014934,0,7,0,0.0,1.0,3.0,0.0,A01
201500014935,0,7,0,0.0,2.0,1.0,0.0,B01
201500014935,0,7,0,0.0,2.0,2.0,1.0,A01
201500014936,0,33,0,0.0,2.0,2.0,1.0,A01
201500014936,0,7,0,0.0,2.0,2.0,0.0,B01
201500014937,0,30,0,0.0,2.0,0.0,0.0,B01
201500014937,0,7,0,0.0,2.0,4.0,0.0,A01
201500014938,0,7,0,0.0,2.0,1.0,1.0,A01
201500014938,1,7,0,8.0,2.0,0.0,15.0,Z01
201500014939,0,7,0,0.0,1.0,1.0,1.0,A01
201500014940,0,33,0,0.0,2.0,7.0,21.0,B01
201500014940,0,7,0,0.0,2.0,3.0,15.0,A01
201500014941,0,7,0,0.0,1.0,7.0,15.0,A01
201500014942,0,30,0,0.0,1.0,1.0,1.0,A01
201500014943,0,33,0,0.0,2.0,3.0,2.0,A01
201500014943,0,30,0,0.0,2.0,7.0,2.0,B01
201500014944,0,7,0,14.0,0.0,1.0,13.0,A01
201500014945,0,7,0,0.0,2.0,6.0,2.0,B01
201500014945,0,33,0,0.0,2.0,7.0,2.0,A01
201500014946,0,32,0,0.0,2.0,4.0,0.0,A01
201500014946,1,7,0,0.0,2.0,0.0,0.0,Z01
201500014947,0,14,0,0.0,1.0,0.0,1.0,A01
201500014948,0,7,0,0.0,1.0,3.0,15.0,A01
201500014949,0,7,0,0.0,1.0,1.0,1.0,A01
201500014950,1,30,0,0.0,1.0,1.0,0.0,Z01
201500014951,0,7,0,0.0,2.0,3.0,2.0,B01
201500014951,0,7,0,0.0,2.0,3.0,13.0,A01
201500014952,0,7,0,0.0,2.0,8.0,1.0,B01
201500014952,0,7,0,0.0,2.0,1.0,1.0,A01
201500014953,2,30,0,1.0,0.0,1.0,1.0,A01
201500014954,0,7,0,16.0,2.0,7.0,19.0,A01
201500014954,0,7,0,0.0,2.0,1.0,2.0,B01
201500014955,0,7,0,5.0,0.0,2.0,14.0,A01
201500014956,0,30,0,0.0,2.0,1.0,17.0,B01
201500014956,0,7,0,0.0,2.0,8.0,13.0,A01
201500014957,0,33,0,0.0,2.0,1.0,2.0,A01
201500014957,0,7,0,0.0,2.0,4.0,19.0,B01
201500014958,0,31,0,0.0,2.0,1.0,1.0,B01
201500014958,0,7,0,0.0,2.0,1.0,5.0,A01
201500014959,0,7,0,0.0,2.0,8.0,23.0,B01
201500014959,0,7,0,0.0,2.0,8.0,16.0,A01
201500014960,0,34,0,2.0,0.0,1.0,5.0,A01
201500014961,0,7,0,0.0,2.0,3.0,2.0,B01
201500014961,2,7,0,0.0,2.0,3.0,13.0,Z01
201500014962,0,7,0,1.0,0.0,1.0,0.0,A01
201500014962,0,7,0,0.0,2.0,2.0,0.0,B01
201500014963,0,7,0,0.0,2.0,8.0,1.0,B01
201500014963,2,7,0,0.0,2.0,1.0,1.0,A01
201500014964,0,7,0,0.0,2.0,2.0,11.0,A01
201500014964,0,7,0,0.0,2.0,1.0,1.0,B01
201500014965,0,32,0,0.0,2.0,1.0,1.0,B01
201500014965,0,7,0,0.0,2.0,1.0,1.0,A01
201500014966,0,7,0,0.0,2.0,0.0,1.0,E01
201500014966,0,7,0,0.0,2.0,2.0,12.0,A01
201500014966,0,7,0,0.0,2.0,0.0,1.0,C01
201500014966,0,13,0,0.0,2.0,8.0,1.0,B01
201500014966,0,7,0,0.0,2.0,0.0,1.0,D01
201500014967,0,34,0,0.0,2.0,0.0,0.0,A01
201500014967,0,7,0,0.0,2.0,6.0,15.0,B01
201500014968,0,32,0,0.0,2.0,1.0,1.0,A01
201500014968,0,14,0,0.0,2.0,3.0,15.0,B01
201500014969,0,7,0,0.0,1.0,7.0,0.0,A01
201500014970,0,7,0,4.0,0.0,5.0,0.0,A01
201500014970,1,7,0,0.0,2.0,1.0,0.0,Z01
201500014971,0,32,0,0.0,2.0,8.0,0.0,B01
201500014971,0,7,0,0.0,2.0,3.0,15.0,A01
201500014972,1,30,0,0.0,2.0,0.0,0.0,Z01
201500014972,0,30,0,0.0,2.0,0.0,21.0,A01
201500014973,1,7,0,0.0,2.0,0.0,1.0,Z01
201500014973,0,30,0,0.0,2.0,1.0,1.0,B01
201500014974,0,32,0,0.0,2.0,4.0,1.0,B01
201500014974,1,3,0,0.0,2.0,0.0,10.0,Z01
201500014975,0,30,0,0.0,2.0,1.0,0.0,A01
201500014975,0,7,0,0.0,2.0,8.0,1.0,B01
201500014976,0,32,0,0.0,1.0,1.0,1.0,A01
201500014977,0,7,0,0.0,2.0,4.0,2.0,B01
201500014977,0,7,0,0.0,2.0,1.0,2.0,A01
201500014978,0,32,0,0.0,2.0,1.0,17.0,B01
201500014978,1,7,0,0.0,2.0,8.0,15.0,Z01
201500014979,0,32,0,0.0,2.0,0.0,1.0,A01
201500014979,1,7,0,0.0,2.0,7.0,16.0,Z01
201500014980,0,7,0,0.0,1.0,2.0,16.0,A01
201500014981,0,7,0,0.0,2.0,3.0,9.0,B01
201500014981,0,7,0,0.0,2.0,2.0,1.0,A01
201500014982,0,7,0,0.0,1.0,7.0,0.0,A01
201500014983,1,32,0,0.0,1.0,0.0,0.0,Z01