Num_Acc,senc,catv,occutc,obs,obsm,choc,manv,num_veh
201500014984,0,10,0,0.0,9.0,2.0,14.0,A01
201500014984,0,37,0,0.0,2.0,6.0,7.0,B01
201500014985,0,7,0,0.0,2.0,8.0,1.0,A01
201500014985,2,7,0,0.0,2.0,3.0,0.0,Z01
201500014986,0,7,0,0.0,2.0,7.0,1.0,B01
201500014986,0,7,0,0.0,2.0,1.0,15.0,A01
201500014987,0,7,0,8.0,0.0,2.0,0.0,A01
201500014988,0,31,0,0.0,2.0,1.0,1.0,A01
201500014988,0,7,0,0.0,2.0,5.0,1.0,B01
201500014989,0,7,0,0.0,2.0,2.0,1.0,A01
201500014989,0,32,0,0.0,2.0,4.0,2.0,B01
201500014990,0,7,0,6.0,1.0,4.0,4.0,A01
201500014991,0,7,0,0.0,1.0,4.0,4.0,A01
201500014992,0,7,0,0.0,2.0,0.0,0.0,D01
201500014992,0,7,0,0.0,2.0,4.0,0.0,B01
201500014992,0,7,0,0.0,2.0,0.0,0.0,C01
201500014992,0,7,0,0.0,2.0,1.0,0.0,A01
201500014993,0,7,0,0.0,2.0,0.0,0.0,B01
201500014993,0,34,0,0.0,2.0,1.0,1.0,A01
201500014994,1,7,0,0.0,2.0,2.0,1.0,Z01
201500014994,0,34,0,0.0,2.0,1.0,0.0,A01
201500014995,0,7,0,0.0,2.0,7.0,9.0,A01
201500014995,0,34,0,0.0,2.0,8.0,1.0,B01
201500014996,1,30,0,0.0,1.0,1.0,1.0,Z01
201500014997,1,7,0,0.0,1.0,1.0,16.0,Z01
201500014998,0,34,0,0.0,2.0,1.0,5.0,A01
201500014998,0,7,0,0.0,2.0,6.0,19.0,B01
201500014999,0,7,0,8.0,0.0,3.0,1.0,A01
201500015000,0,7,0,0.0,1.0,2.0,14.0,A01
201500015001,0,7,0,0.0,2.0,2.0,1.0,B01
201500015001,0,34,0,0.0,2.0,1.0,1.0,A01
201500015002,0,7,0,0.0,2.0,2.0,1.0,A01
201500015002,0,37,0,0.0,2.0,2.0,1.0,B01
201500015003,0,7,0,0.0,2.0,1.0,2.0,B01
201500015003,0,7,0,0.0,2.0,1.0,15.0,A01
201500015004,0,33,0,0.0,2.0,7.0,1.0,B01
201500015004,0,7,0,0.0,2.0,1.0,16.0,A01
201500015005,0,7,0,0.0,2.0,1.0,2.0,A01
201500015005,0,7,0,0.0,2.0,1.0,2.0,B01
201500015006,0,7,0,0.0,2.0,3.0,15.0,A01
201500015006,0,7,0,0.0,2.0,3.0,1.0,B01
201500015007,0,7,0,0.0,2.0,4.0,2.0,A01
201500015007,0,7,0,0.0,2.0,4.0,2.0,B01
201500015008,0,7,0,0.0,2.0,7.0,16.0,B01
201500015008,0,7,0,0.0,2.0,1.0,1.0,A01
201500015009,0,31,0,0.0,2.0,6.0,1.0,B01
201500015009,0,7,0,0.0,2.0,1.0,15.0,A01
201500015010,0,37,0,0.0,2.0,3.0,1.0,B01
201500015010,0,7,0,0.0,2.0,3.0,1.0,A01
201500015011,0,7,0,0.0,2.0,7.0,12.0,A01
201500015011,0,32,0,0.0,2.0,3.0,0.0,B01
201500015012,0,33,0,0.0,0.0,0.0,1.0,A01
201500015013,0,7,0,0.0,2.0,1.0,1.0,B01
201500015013,0,33,0,0.0,2.0,0.0,0.0,C01
201500015013,0,7,0,0.0,2.0,9.0,0.0,A01
201500015014,0,7,0,0.0,2.0,3.0,9.0,A01
201500015014,0,33,0,0.0,2.0,1.0,15.0,B01
201500015015,0,14,0,4.0,0.0,1.0,1.0,A01
201500015016,0,7,0,0.0,2.0,2.0,1.0,B01
201500015016,0,30,0,0.0,2.0,3.0,5.0,A01
201500015017,0,7,0,0.0,2.0,1.0,2.0,A01
201500015017,0,32,0,0.0,2.0,4.0,2.0,B01
201500015018,0,31,0,0.0,2.0,1.0,2.0,B01
201500015018,0,7,0,16.0,0.0,4.0,16.0,A01
201500015019,0,33,0,0.0,2.0,3.0,17.0,A01
201500015019,0,7,0,0.0,2.0,1.0,15.0,B01
201500015020,0,30,0,0.0,2.0,1.0,1.0,B01
201500015020,1,7,0,0.0,0.0,0.0,0.0,Z01
201500015021,0,32,0,0.0,2.0,0.0,17.0,B01
201500015021,0,7,0,0.0,9.0,3.0,0.0,A01
201500015021,0,10,0,0.0,2.0,8.0,1.0,C01
201500015022,0,7,0,0.0,2.0,1.0,1.0,B01
201500015022,0,33,0,0.0,2.0,5.0,1.0,A01
201500015023,0,2,0,0.0,2.0,1.0,17.0,A01
201500015023,0,7,0,0.0,2.0,8.0,15.0,B01
201500015024,0,30,0,0.0,2.0,6.0,1.0,B01
201500015024,0,7,0,0.0,2.0,3.0,13.0,A01
201500015025,0,7,0,0.0,2.0,5.0,23.0,B01
201500015025,0,34,0,0.0,2.0,1.0,16.0,A01
201500015026,0,7,0,0.0,2.0,3.0,1.0,B01
201500015026,0,7,0,0.0,2.0,7.0,14.0,A01
201500015027,0,7,0,0.0,1.0,1.0,15.0,A01
201500015028,0,7,0,0.0,2.0,1.0,21.0,B01
201500015028,1,2,0,0.0,0.0,0.0,0.0,Z01
201500015029,0,7,0,9.0,2.0,8.0,19.0,A01
201500015029,0,7,0,9.0,2.0,1.0,1.0,B01
201500015030,0,30,0,0.0,2.0,1.0,3.0,B01
201500015030,0,7,0,0.0,2.0,3.0,15.0,A01
201500015031,0,7,0,0.0,2.0,4.0,1.0,B01
201500015031,0,7,0,0.0,2.0,1.0,1.0,A01
201500015032,0,33,0,12.0,0.0,1.0,15.0,A01
201500015033,0,7,0,0.0,2.0,1.0,1.0,A01
201500015033,0,7,0,0.0,2.0,4.0,0.0,B01
201500015034,0,32,0,0.0,1.0,1.0,0.0,A01
201500015035,1,7,0,0.0,1.0,0.0,0.0,Z01
201500015036,0,7,0,0.0,2.0,3.0,15.0,B01
201500015036,0,31,0,0.0,2.0,2.0,1.0,A01
201500015037,0,7,0,8.0,2.0,2.0,16.0,B01
201500015037,0,31,0,8.0,2.0,3.0,1.0,A01
201500015038,0,7,0,0.0,2.0,4.0,0.0,B01
201500015038,0,7,0,0.0,2.0,1.0,0.0,A01
201500015039,0,7,0,0.0,2.0,3.0,10.0,B01
201500015039,0,33,0,0.0,2.0,1.0,5.0,A01
201500015040,0,1,0,0.0,2.0,7.0,1.0,B01
201500015040,0,7,0,0.0,2.0,3.0,13.0,A01
201500015041,0,7,0,1.0,0.0,2.0,0.0,A01
201500015042,0,7,0,8.0,0.0,1.0,13.0,A01
201500015043,0,2,0,0.0,2.0,1.0,2.0,A01
201500015043,0,7,0,0.0,2.0,4.0,2.0,B01
201500015044,0,7,0,0.0,2.0,4.0,2.0,B01
201500015044,0,7,0,0.0,2.0,1.0,2.0,A01
201500015044,0,7,0,0.0,2.0,4.0,2.0,C01
201500015045,0,7,0,0.0,2.0,7.0,0.0,B01
201500015045,0,2,0,0.0,2.0,0.0,0.0,A01
201500015046,0,7,0,0.0,2.0,1.0,2.0,D01
201500015046,0,7,0,0.0,2.0,4.0,2.0,C01
201500015046,0,7,0,0.0,2.0,1.0,2.0,A01
201500015046,0,7,0,0.0,2.0,4.0,2.0,B01
201500015047,0,31,0,0.0,2.0,1.0,1.0,B01
201500015047,0,7,0,0.0,2.0,2.0,1.0,A01
201500015048,0,7,0,0.0,1.0,2.0,1.0,A01
201500015049,0,7,0,0.0,2.0,0.0,3.0,A01
201500015049,0,33,0,1.0,0.0,1.0,21.0,B01
201500015050,2,7,0,0.0,2.0,1.0,1.0,Z01
201500015050,0,7,0,0.0,2.0,2.0,1.0,A01
201500015051,1,31,0,0.0,1.0,0.0,1.0,Z01
201500015052,0,7,0,0.0,1.0,1.0,1.0,A01
201500015053,0,7,0,0.0,2.0,3.0,10.0,A01
201500015053,0,30,0,0.0,2.0,2.0,17.0,B01
201500015054,1,34,0,0.0,1.0,0.0,0.0,Z01
201500015055,0,7,0,0.0,1.0,0.0,0.0,A01
201500015056,0,32,0,0.0,2.0,1.0,1.0,A01
201500015056,0,7,0,0.0,2.0,0.0,1.0,B01
201500015057,0,7,0,0.0,2.0,5.0,1.0,B01
201500015057,0,7,0,0.0,2.0,2.0,10.0,A01
201500015058,0,34,0,0.0,2.0,2.0,1.0,B01
201500015058,0,7,0,0.0,2.0,7.0,15.0,A01
201500015059,0,32,0,0.0,0.0,4.0,23.0,B01
201500015059,0,7,0,0.0,2.0,2.0,2.0,A01
201500015060,0,7,0,8.0,0.0,3.0,6.0,A01
201500015061,0,7,0,0.0,2.0,3.0,1.0,B01
201500015061,0,7,0,0.0,2.0,3.0,13.0,A01
201500015062,0,32,0,0.0,2.0,7.0,1.0,B01
201500015062,0,10,0,0.0,2.0,4.0,4.0,A01
201500015063,0,7,0,0.0,2.0,8.0,15.0,B01
201500015063,0,34,0,0.0,2.0,9.0,17.0,A01
201500015064,0,15,0,0.0,2.0,3.0,1.0,B01
201500015064,0,7,0,0.0,2.0,8.0,15.0,A01
201500015065,0,1,0,0.0,2.0,4.0,1.0,B01
201500015065,0,10,0,0.0,2.0,2.0,1.0,A01
201500015065,0,1,0,0.0,2.0,0.0,1.0,C01
201500015066,0,7,0,0.0,1.0,0.0,1.0,A01
201500015067,0,7,0,0.0,2.0,1.0,1.0,B01
201500015067,0,7,0,0.0,2.0,4.0,0.0,A01
201500015068,0,7,0,0.0,2.0,4.0,1.0,B01
201500015068,0,7,0,0.0,2.0,1.0,2.0,A01
201500015069,0,7,0,0.0,2.0,3.0,1.0,B01
201500015069,0,7,0,0.0,2.0,2.0,15.0,A01
201500015070,1,7,0,0.0,1.0,0.0,0.0,Z01
201500015071,0,7,0,0.0,1.0,1.0,2.0,A01
201500015072,0,7,0,0.0,2.0,3.0,15.0,A01
201500015072,0,32,0,7.0,2.0,7.0,17.0,B01
201500015073,0,7,0,0.0,1.0,3.0,15.0,A01
201500015074,0,1,0,0.0,2.0,4.0,1.0,B01
201500015074,0,7,0,0.0,9.0,1.0,14.0,A01
201500015075,0,30,0,0.0,2.0,2.0,1.0,B01
201500015075,0,7,0,0.0,2.0,3.0,1.0,A01
201500015076,0,7,0,0.0,2.0,8.0,16.0,A01
201500015076,0,34,0,0.0,2.0,7.0,1.0,B01
201500015077,1,7,0,0.0,1.0,1.0,10.0,Z01
201500015078,0,2,0,0.0,1.0,1.0,1.0,A01
201500015079,0,7,0,0.0,2.0,5.0,1.0,B01
201500015079,1,7,0,0.0,2.0,8.0,0.0,Z01
201500015079,0,33,0,0.0,2.0,1.0,11.0,A01
201500015080,0,30,0,0.0,2.0,3.0,2.0,A01
201500015080,0,37,0,0.0,2.0,2.0,2.0,B01
201500015081,0,2,0,0.0,1.0,1.0,1.0,A01
201500015082,0,7,0,0.0,1.0,1.0,1.0,A01
201500015083,0,1,0,16.0,0.0,0.0,1.0,A01
201500015083,1,7,0,0.0,0.0,0.0,0.0,B01
201500015084,0,7,0,5.0,0.0,1.0,1.0,A01
201500015085,0,7,0,0.0,2.0,4.0,2.0,B01
201500015085,0,7,0,0.0,2.0,1.0,2.0,A01
201500015086,0,7,0,0.0,2.0,1.0,1.0,A01
201500015086,0,7,0,0.0,2.0,0.0,0.0,B01
201500015087,0,32,0,0.0,2.0,1.0,0.0,A01
201500015087,0,1,0,0.0,2.0,4.0,0.0,B01
201500015088,0,7,0,0.0,1.0,1.0,1.0,A01
201500015089,0,7,0,0.0,2.0,7.0,15.0,A01
201500015089,0,2,0,0.0,2.0,1.0,1.0,B01
201500015090,0,7,0,0.0,2.0,8.0,13.0,A01
201500015090,0,30,0,0.0,2.0,7.0,2.0,B01
201500015091,0,7,0,0.0,2.0,4.0,15.0,B01
201500015091,0,34,0,0.0,2.0,1.0,17.0,A01
201500015092,0,7,0,0.0,2.0,5.0,1.0,A01
201500015092,1,7,0,0.0,2.0,1.0,0.0,Z01
201500015092,0,7,0,0.0,2.0,4.0,0.0,B01
201500015093,0,7,0,0.0,2.0,8.0,15.0,A01
201500015093,0,32,0,0.0,2.0,1.0,2.0,B01
201500015094,0,7,0,0.0,2.0,2.0,15.0,A01
201500015094,0,33,0,0.0,2.0,1.0,1.0,B01
201500015095,0,10,0,0.0,2.0,3.0,1.0,B01
201500015095,0,7,0,0.0,2.0,3.0,1.0,A01
201500015096,0,7,0,0.0,1.0,2.0,15.0,A01
201500015097,0,7,0,1.0,0.0,2.0,1.0,A01
201500015098,0,33,0,0.0,2.0,8.0,1.0,A01
201500015098,0,7,0,0.0,2.0,7.0,12.0,B01
201500015099,0,7,0,0.0,2.0,2.0,3.0,A01
201500015099,0,34,0,0.0,2.0,2.0,9.0,B01
201500015100,0,32,0,0.0,2.0,1.0,1.0,A01
201500015100,0,7,0,0.0,2.0,5.0,16.0,B01
201500015101,1,10,0,0.0,2.0,1.0,1.0,Z01
201500015101,0,7,0,0.0,2.0,4.0,1.0,B01
201500015102,0,7,0,0.0,2.0,4.0,2.0,C01
201500015102,0,7,0,0.0,2.0,6.0,0.0,B01
201500015102,0,33,0,0.0,2.0,1.0,21.0,A01
201500015103,0,33,0,0.0,2.0,1.0,1.0,B01
201500015103,0,10,0,0.0,2.0,2.0,0.0,A01
201500015104,0,37,0,0.0,2.0,3.0,1.0,B01
201500015104,0,7,0,0.0,2.0,2.0,16.0,A01
201500015105,0,7,0,0.0,1.0,2.0,1.0,A01
201500015106,1,33,0,0.0,0.0,0.0,0.0,A01
201500015107,0,33,0,0.0,9.0,0.0,0.0,A01
201500015108,0,2,0,0.0,2.0,4.0,2.0,A01
201500015108,0,7,0,0.0,2.0,4.0,0.0,B01
201500015109,0,32,0,0.0,2.0,4.0,23.0,B01
201500015109,0,7,0,0.0,2.0,1.0,1.0,A01
201500015110,0,7,0,0.0,2.0,3.0,1.0,B01
201500015110,1,7,0,0.0,2.0,1.0,16.0,Z01
201500015110,0,7,0,0.0,2.0,1.0,1.0,A01
201500015111,0,14,0,0.0,2.0,0.0,2.0,B01
201500015111,0,2,0,0.0,2.0,1.0,2.0,A01
201500015112,0,7,0,0.0,2.0,4.0,2.0,B01
201500015112,0,7,0,0.0,0.0,4.0,2.0,C01
201500015112,0,7,0,0.0,2.0,1.0,2.0,A01
201500015113,0,32,0,12.0,0.0,7.0,14.0,A01
201500015114,0,30,0,0.0,2.0,2.0,15.0,A01
201500015114,0,10,0,0.0,2.0,2.0,1.0,B01
201500015115,0,33,0,0.0,0.0,0.0,0.0,A01
201500015116,0,30,0,0.0,2.0,1.0,17.0,A01
201500015116,0,7,0,0.0,2.0,6.0,15.0,B01
201500015117,0,37,0,0.0,1.0,2.0,16.0,A01
201500015118,0,33,0,0.0,0.0,8.0,13.0,A01
201500015119,0,7,0,0.0,2.0,3.0,14.0,A01
201500015119,0,34,0,0.0,2.0,0.0,1.0,B01
201500015120,0,31,0,0.0,2.0,1.0,1.0,A01
201500015120,0,7,0,0.0,2.0,3.0,15.0,B01
201500015121,0,2,0,0.0,2.0,1.0,1.0,B01
201500015121,0,7,0,0.0,2.0,5.0,0.0,A01
201500015122,0,7,0,0.0,2.0,8.0,10.0,A01
201500015122,0,34,0,0.0,2.0,1.0,2.0,B01
201500015123,0,14,0,0.0,2.0,1.0,2.0,A01
201500015123,0,7,0,0.0,2.0,4.0,2.0,B01
201500015124,0,30,0,0.0,2.0,2.0,13.0,A01
201500015124,0,7,0,0.0,2.0,3.0,9.0,B01
201500015125,0,7,0,0.0,1.0,1.0,1.0,A01
201500015126,0,7,0,0.0,1.0,6.0,15.0,A01
201500015127,0,7,0,0.0,2.0,6.0,0.0,A01
201500015127,0,33,0,0.0,2.0,0.0,0.0,B01
201500015128,0,7,0,0.0,2.0,2.0,2.0,A01
201500015128,0,10,0,0.0,2.0,3.0,2.0,B01
201500015129,0,34,0,0.0,9.0,1.0,1.0,A01
201500015130,0,7,0,0.0,2.0,5.0,2.0,B01
201500015130,0,33,0,0.0,2.0,1.0,2.0,A01
201500015131,0,34,0,0.0,2.0,7.0,1.0,A01
201500015131,0,7,0,0.0,2.0,6.0,13.0,B01
201500015132,0,7,0,0.0,2.0,0.0,0.0,A01
201500015132,0,7,0,0.0,2.0,3.0,1.0,B01
201500015132,0,7,0,0.0,2.0,0.0,0.0,C01
201500015133,0,10,0,0.0,2.0,0.0,5.0,A01
201500015133,0,30,0,0.0,2.0,7.0,23.0,B01
201500015134,1,7,0,0.0,1.0,0.0,1.0,Z01
201500015135,0,7,0,0.0,2.0,3.0,13.0,A01
201500015135,0,7,0,0.0,2.0,8.0,1.0,B01
201500015136,1,7,0,0.0,2.0,1.0,1.0,Z01
201500015136,0,7,0,0.0,2.0,4.0,1.0,A01
201500015137,0,7,0,0.0,2.0,6.0,15.0,A01
201500015137,0,33,0,0.0,2.0,0.0,2.0,B01
201500015138,1,7,0,0.0,1.0,3.0,14.0,A01
201500015138,1,7,0,0.0,2.0,0.0,1.0,Z01
201500015139,0,7,0,0.0,2.0,1.0,11.0,A01
201500015139,0,30,0,0.0,2.0,0.0,0.0,B01
201500015140,0,10,0,0.0,2.0,2.0,1.0,B01
201500015140,0,7,0,0.0,2.0,7.0,15.0,A01
201500015141,1,1,0,0.0,1.0,0.0,1.0,Z01
201500015142,0,7,0,8.0,2.0,2.0,17.0,A01
201500015142,0,7,0,0.0,2.0,3.0,1.0,B01
201500015143,0,10,0,0.0,2.0,4.0,23.0,B01
201500015143,0,10,0,0.0,2.0,1.0,2.0,A01
201500015144,0,10,0,0.0,1.0,1.0,15.0,A01
201500015145,0,37,0,0.0,2.0,2.0,3.0,A01
201500015145,0,2,0,0.0,2.0,8.0,0.0,B01
201500015146,0,32,0,0.0,2.0,1.0,13.0,A01
201500015146,0,7,0,0.0,2.0,3.0,1.0,B01
201500015147,0,7,0,0.0,2.0,6.0,15.0,B01
201500015147,0,33,0,0.0,2.0,1.0,1.0,A01
201500015148,0,7,0,0.0,1.0,1.0,0.0,A01
201500015149,0,32,0,0.0,2.0,1.0,1.0,A01
201500015149,0,32,0,0.0,0.0,4.0,16.0,B01
201500015150,0,33,0,0.0,2.0,2.0,0.0,B01
201500015150,0,7,0,0.0,2.0,3.0,15.0,A01
201500015151,0,33,0,0.0,2.0,2.0,15.0,A01
201500015151,0,7,0,0.0,2.0,1.0,2.0,B01
201500015152,1,7,0,0.0,1.0,3.0,17.0,A01
201500015153,0,7,0,0.0,2.0,3.0,15.0,B01
201500015153,0,30,0,0.0,2.0,1.0,17.0,A01
201500015154,0,2,0,0.0,2.0,1.0,2.0,B01
201500015154,0,7,0,0.0,2.0,3.0,2.0,A01
201500015155,0,7,0,0.0,1.0,4.0,4.0,A01
201500015156,0,7,0,0.0,2.0,2.0,16.0,A01
201500015156,0,32,0,0.0,2.0,1.0,1.0,B01
201500015157,0,7,0,0.0,2.0,6.0,15.0,A01
201500015157,0,32,0,0.0,2.0,7.0,15.0,B01
201500015158,0,7,0,0.0,2.0,1.0,2.0,B01
201500015158,0,7,0,0.0,2.0,4.0,1.0,A01
201500015159,0,7,0,0.0,2.0,1.0,16.0,A01
201500015159,0,7,0,0.0,2.0,7.0,1.0,B01
201500015160,0,7,0,0.0,2.0,1.0,2.0,A01
201500015160,0,7,0,0.0,2.0,4.0,2.0,B01
201500015161,0,32,0,0.0,2.0,1.0,12.0,B01
201500015161,0,7,0,0.0,2.0,5.0,2.0,C01
201500015161,0,7,0,0.0,2.0,0.0,7.0,A01
201500015162,1,7,0,0.0,0.0,0.0,0.0,Z01
201500015162,0,30,0,0.0,2.0,8.0,1.0,A01
201500015163,0,7,0,0.0,2.0,1.0,2.0,A01
201500015163,0,7,0,0.0,2.0,4.0,2.0,B01
201500015164,0,7,0,0.0,2.0,5.0,14.0,B01
201500015164,0,34,0,0.0,2.0,8.0,18.0,A01
201500015165,0,7,0,0.0,1.0,2.0,17.0,A01
201500015166,0,7,0,0.0,2.0,4.0,1.0,B01
201500015166,0,7,0,0.0,2.0,1.0,1.0,A01
201500015167,0,7,0,0.0,2.0,1.0,9.0,A01
201500015167,0,34,0,0.0,2.0,1.0,9.0,B01
201500015168,0,7,0,0.0,1.0,5.0,4.0,A01
201500015169,0,33,0,8.0,0.0,1.0,1.0,A01
201500015170,0,7,0,0.0,2.0,3.0,1.0,B01
201500015170,0,14,0,0.0,2.0,2.0,14.0,A01
201500015171,2,7,0,1.0,0.0,1.0,2.0,Z01
201500015171,0,2,0,0.0,2.0,4.0,2.0,A01
201500015172,0,32,0,0.0,2.0,1.0,1.0,B01
201500015172,0,30,0,0.0,2.0,8.0,9.0,A01
201500015173,0,32,0,0.0,2.0,1.0,1.0,A01
201500015173,0,13,0,0.0,2.0,7.0,14.0,B01
201500015174,0,7,0,0.0,1.0,0.0,0.0,A01
201500015175,0,7,0,0.0,2.0,1.0,9.0,A01
201500015175,0,10,0,0.0,2.0,5.0,1.0,B01
201500015176,0,33,0,0.0,2.0,3.0,2.0,B01
201500015176,0,13,0,0.0,2.0,3.0,2.0,A01
201500015177,0,7,0,0.0,2.0,1.0,1.0,B01
201500015177,1,7,0,0.0,2.0,8.0,1.0,Z01
201500015178,0,2,0,0.0,2.0,1.0,1.0,A01
201500015178,1,2,0,0.0,2.0,1.0,5.0,Z01
201500015179,1,7,0,0.0,2.0,1.0,1.0,Z01
201500015179,0,7,0,8.0,2.0,7.0,1.0,B01
201500015180,0,7,0,0.0,2.0,3.0,1.0,B01
201500015180,0,7,0,0.0,2.0,2.0,15.0,A01
201500015181,0,7,0,0.0,1.0,1.0,2.0,A01
201500015182,0,7,0,0.0,1.0,2.0,0.0,A01
201500015183,0,7,0,0.0,0.0,2.0,2.0,A01
201500015183,0,1,0,0.0,2.0,1.0,2.0,B01
201500015184,0,10,0,0.0,2.0,2.0,1.0,A01
201500015184,0,7,0,0.0,2.0,6.0,1.0,B01
201500015185,0,7,0,0.0,2.0,3.0,15.0,A01
201500015185,0,33,0,12.0,2.0,2.0,1.0,B01
201500015186,0,30,0,0.0,0.0,0.0,0.0,A01
201500015187,0,13,0,0.0,2.0,1.0,2.0,A01
201500015187,0,7,0,0.0,2.0,4.0,16.0,B01
201500015188,0,7,0,0.0,1.0,1.0,1.0,A01
201500015189,0,7,0,0.0,2.0,2.0,1.0,B01
201500015189,0,33,0,0.0,2.0,6.0,0.0,A01
201500015190,0,7,0,0.0,2.0,7.0,15.0,A01
201500015190,0,2,0,0.0,2.0,0.0,0.0,B01
201500015191,0,34,0,0.0,2.0,0.0,0.0,B01
201500015191,0,10,0,0.0,2.0,4.0,4.0,A01
201500015192,0,33,0,0.0,2.0,1.0,13.0,B01
201500015192,0,7,0,0.0,2.0,1.0,15.0,A01
201500015193,0,7,0,0.0,2.0,7.0,2.0,A01
201500015193,0,33,0,0.0,2.0,8.0,2.0,B01
201500015194,0,2,0,0.0,2.0,1.0,1.0,A01
201500015194,0,7,0,0.0,2.0,7.0,15.0,B01
201500015195,0,34,0,0.0,2.0,1.0,1.0,B01
201500015195,0,33,0,0.0,2.0,8.0,1.0,C01
201500015195,1,7,0,0.0,2.0,8.0,15.0,A01
201500015196,0,7,0,15.0,0.0,0.0,1.0,A01
201500015197,0,32,0,0.0,2.0,2.0,17.0,A01
201500015197,1,7,0,0.0,2.0,8.0,0.0,Z01
201500015198,0,33,0,0.0,0.0,3.0,0.0,A01
201500015199,1,7,0,0.0,1.0,1.0,2.0,Z01
201500015200,0,34,0,0.0,2.0,1.0,1.0,A01
201500015200,1,7,0,0.0,0.0,0.0,0.0,Z01
201500015201,0,34,0,0.0,1.0,1.0,16.0,A01
201500015202,0,7,0,0.0,2.0,6.0,15.0,B01
201500015202,0,30,0,0.0,2.0,8.0,0.0,A01
201500015203,0,10,0,0.0,2.0,8.0,16.0,A01
201500015203,0,34,0,0.0,2.0,7.0,0.0,B01
201500015204,1,32,0,0.0,1.0,0.0,0.0,Z01
201500015205,0,33,0,1.0,0.0,1.0,1.0,A01
201500015206,0,2,0,1.0,2.0,1.0,5.0,A01
201500015206,0,37,0,1.0,2.0,1.0,0.0,B01
201500015207,0,37,0,0.0,2.0,2.0,1.0,A01
201500015207,0,7,0,0.0,2.0,3.0,19.0,B01
201500015208,0,7,0,0.0,2.0,3.0,1.0,B01
201500015208,0,7,0,0.0,2.0,1.0,1.0,A01
201500015209,0,7,0,0.0,2.0,2.0,1.0,B01
201500015209,0,7,0,0.0,2.0,3.0,15.0,A01
201500015210,1,7,0,0.0,2.0,3.0,15.0,Z01
201500015210,0,34,0,0.0,2.0,6.0,2.0,B01
201500015211,0,31,0,0.0,2.0,0.0,1.0,A01
201500015212,0,7,0,0.0,1.0,2.0,2.0,A01
201500015213,0,34,0,0.0,2.0,5.0,1.0,B01
201500015213,0,7,0,0.0,2.0,2.0,15.0,A01
201500015214,0,30,0,0.0,2.0,7.0,2.0,B01
201500015214,0,7,0,0.0,2.0,3.0,20.0,A01
201500015215,0,7,0,0.0,2.0,1.0,1.0,B01
201500015215,0,32,0,0.0,2.0,7.0,17.0,A01
201500015216,0,7,0,0.0,1.0,1.0,1.0,A01
201500015217,0,33,0,0.0,2.0,0.0,0.0,B01
201500015217,1,7,0,0.0,0.0,0.0,0.0,Z01
201500015218,0,10,0,0.0,2.0,8.0,15.0,B01
201500015218,0,2,0,0.0,2.0,1.0,17.0,A01
201500015219,2,7,0,1.0,0.0,1.0,14.0,A01
201500015220,0,7,0,0.0,2.0,4.0,2.0,B01
201500015220,0,7,0,0.0,2.0,1.0,2.0,A01
201500015220,0,7,0,0.0,2.0,4.0,2.0,C01
201500015221,0,32,0,1.0,0.0,1.0,21.0,A01
201500015221,0,7,0,0.0,2.0,0.0,0.0,B01
201500015222,0,34,0,0.0,1.0,1.0,0.0,A01
201500015223,0,32,0,0.0,1.0,1.0,1.0,A01
201500015224,0,7,0,0.0,2.0,1.0,15.0,A01
201500015224,0,34,0,0.0,2.0,1.0,1.0,B01
201500015225,0,7,0,0.0,1.0,4.0,4.0,A01
201500015226,0,32,0,0.0,2.0,1.0,1.0,A01
201500015226,0,7,0,0.0,2.0,5.0,1.0,B01
201500015227,0,13,0,0.0,2.0,1.0,1.0,A01
201500015227,0,10,0,0.0,2.0,4.0,1.0,B01
201500015228,0,1,0,0.0,2.0,0.0,0.0,B01
201500015228,0,10,0,0.0,2.0,0.0,0.0,A01
201500015229,0,7,0,0.0,2.0,3.0,24.0,B01
201500015229,0,37,0,1.0,0.0,2.0,1.0,A01
201500015230,0,30,0,0.0,2.0,1.0,2.0,A01
201500015230,0,7,0,0.0,2.0,7.0,2.0,B01
201500015231,0,33,0,0.0,2.0,1.0,1.0,B01
201500015231,0,7,0,0.0,2.0,8.0,9.0,A01
201500015232,0,7,0,0.0,2.0,3.0,15.0,A01
201500015232,0,30,0,0.0,2.0,2.0,2.0,B01
201500015233,0,7,0,0.0,1.0,1.0,17.0,A01
201500015234,0,33,0,0.0,2.0,1.0,2.0,B01
201500015234,0,7,0,0.0,2.0,2.0,15.0,A01
201500015235,0,7,0,0.0,9.0,3.0,9.0,A01
201500015235,0,1,0,0.0,2.0,7.0,2.0,B01
201500015236,0,7,0,0.0,1.0,1.0,1.0,A01
201500015237,0,32,0,0.0,2.0,8.0,1.0,A01
201500015237,1,7,0,0.0,2.0,0.0,0.0,Z01
201500015238,0,10,0,0.0,1.0,1.0,1.0,A01
201500015239,0,32,0,0.0,1.0,1.0,11.0,B01
201500015240,0,7,0,0.0,2.0,1.0,1.0,A01
201500015240,0,7,0,0.0,2.0,4.0,1.0,B01
201500015241,0,7,0,0.0,2.0,3.0,11.0,A01
201500015241,0,37,0,0.0,2.0,2.0,1.0,B01
201500015242,0,7,0,0.0,2.0,8.0,15.0,A01
201500015242,0,30,0,0.0,2.0,7.0,17.0,B01
201500015243,0,33,0,0.0,2.0,1.0,1.0,A01
201500015243,0,7,0,0.0,2.0,6.0,15.0,B01
201500015244,0,7,0,0.0,2.0,7.0,16.0,B01