Num_Acc,senc,catv,occutc,obs,obsm,choc,manv,num_veh
201500015244,0,34,0,0.0,2.0,1.0,18.0,A01
201500015245,0,34,0,0.0,2.0,3.0,2.0,B01
201500015245,0,7,0,0.0,2.0,6.0,17.0,A01
201500015246,0,7,0,0.0,1.0,2.0,1.0,A01
201500015247,0,7,0,0.0,1.0,1.0,15.0,A01
201500015248,0,33,0,0.0,0.0,1.0,0.0,A01
201500015249,0,7,0,0.0,2.0,3.0,13.0,A01
201500015249,0,7,0,0.0,2.0,5.0,1.0,B01
201500015250,0,7,0,0.0,2.0,6.0,10.0,A01
201500015250,0,34,0,0.0,2.0,1.0,1.0,B01
201500015251,0,30,0,0.0,2.0,1.0,2.0,A01
201500015251,0,7,0,0.0,2.0,4.0,23.0,B01
201500015252,0,33,0,0.0,2.0,3.0,2.0,B01
201500015252,2,7,0,0.0,2.0,3.0,15.0,A01
201500015253,0,33,0,0.0,2.0,2.0,2.0,B01
201500015253,0,7,0,0.0,2.0,3.0,15.0,A01
201500015254,0,7,0,6.0,0.0,4.0,4.0,A01
201500015255,2,7,0,0.0,2.0,1.0,1.0,Z01
201500015255,0,7,0,0.0,2.0,2.0,1.0,B01
201500015256,0,7,0,0.0,2.0,1.0,1.0,C01
201500015256,0,34,0,0.0,2.0,2.0,17.0,A01
201500015256,0,7,0,0.0,2.0,3.0,0.0,B01
201500015257,0,31,0,0.0,2.0,1.0,1.0,B01
201500015257,0,7,0,0.0,2.0,4.0,15.0,A01
201500015258,1,7,0,0.0,1.0,0.0,0.0,Z01
201500015259,0,7,0,0.0,2.0,2.0,16.0,A01
201500015259,0,33,0,0.0,2.0,4.0,23.0,B01
201500015260,0,30,0,0.0,0.0,0.0,11.0,A01
201500015261,0,37,0,0.0,1.0,7.0,1.0,A01
201500015262,0,34,0,0.0,2.0,1.0,1.0,B01
201500015262,0,7,0,0.0,2.0,5.0,19.0,A01
201500015263,0,7,0,0.0,2.0,1.0,1.0,A01
201500015263,0,7,0,0.0,0.0,4.0,0.0,B01
201500015263,0,7,0,0.0,2.0,4.0,2.0,C01
201500015264,0,10,0,0.0,2.0,6.0,15.0,A01
201500015264,0,33,0,0.0,2.0,1.0,1.0,B01
201500015265,0,7,0,0.0,2.0,2.0,15.0,A01
201500015265,0,32,0,0.0,2.0,1.0,1.0,B01
201500015266,0,7,0,0.0,2.0,7.0,9.0,A01
201500015266,0,31,0,0.0,2.0,1.0,1.0,B01
201500015267,0,34,0,1.0,0.0,1.0,5.0,A01
201500015268,0,7,0,0.0,2.0,8.0,0.0,A01
201500015268,0,2,0,0.0,2.0,7.0,0.0,B01
201500015269,0,32,0,0.0,9.0,8.0,0.0,A01
201500015270,0,10,0,0.0,2.0,1.0,15.0,A01
201500015270,0,7,0,0.0,2.0,7.0,1.0,B01
201500015271,0,7,0,0.0,2.0,1.0,1.0,B01
201500015272,0,33,0,0.0,2.0,1.0,2.0,A01
201500015272,0,7,0,0.0,2.0,4.0,2.0,B01
201500015273,0,7,0,0.0,1.0,3.0,2.0,A01
201500015274,0,34,0,0.0,2.0,1.0,0.0,B01
201500015274,0,7,0,0.0,2.0,7.0,0.0,A01
201500015275,0,7,0,0.0,1.0,7.0,0.0,A01
201500015276,0,32,0,0.0,2.0,1.0,8.0,A01
201500015276,0,7,0,0.0,2.0,2.0,15.0,B01
201500015277,0,7,0,0.0,2.0,2.0,12.0,A01
201500015277,0,34,0,0.0,2.0,3.0,1.0,B01
201500015278,0,30,0,0.0,2.0,1.0,1.0,A01
201500015278,0,7,0,0.0,2.0,6.0,1.0,B01
201500015279,0,30,0,0.0,2.0,7.0,1.0,B01
201500015279,0,7,0,0.0,2.0,3.0,16.0,A01
201500015280,0,32,0,0.0,2.0,1.0,1.0,B01
201500015280,0,7,0,0.0,2.0,8.0,1.0,A01
201500015281,0,7,0,15.0,0.0,3.0,0.0,A01
201500015282,1,7,0,0.0,2.0,4.0,1.0,C01
201500015282,1,7,0,0.0,2.0,1.0,0.0,A01
201500015282,0,7,0,0.0,2.0,4.0,1.0,B01
201500015283,0,7,0,0.0,2.0,4.0,23.0,B01
201500015283,0,7,0,0.0,2.0,1.0,2.0,A01
201500015284,0,7,0,0.0,2.0,7.0,15.0,A01
201500015284,0,7,0,0.0,2.0,8.0,1.0,B01
201500015285,0,33,0,0.0,2.0,1.0,1.0,B01
201500015285,0,7,0,0.0,2.0,3.0,15.0,A01
201500015286,0,31,0,0.0,2.0,1.0,1.0,A01
201500015286,1,7,0,0.0,2.0,2.0,5.0,Z01
201500015287,0,7,0,0.0,2.0,3.0,15.0,B01
201500015287,0,7,0,0.0,2.0,1.0,15.0,A01
201500015288,0,7,0,0.0,2.0,1.0,2.0,A01
201500015288,0,7,0,0.0,2.0,4.0,2.0,B01
201500015289,0,32,0,0.0,2.0,1.0,1.0,B01
201500015289,0,7,0,0.0,2.0,3.0,15.0,A01
201500015290,0,31,0,0.0,0.0,0.0,0.0,A01
201500015291,0,7,0,0.0,2.0,8.0,1.0,B01
201500015291,0,10,0,0.0,2.0,1.0,1.0,A01
201500015292,0,7,0,8.0,0.0,1.0,1.0,A01
201500015293,1,7,0,0.0,2.0,6.0,15.0,B01
201500015293,0,31,0,0.0,2.0,1.0,3.0,A01
201500015294,0,7,0,0.0,1.0,0.0,16.0,A01
201500015295,0,33,0,0.0,2.0,1.0,17.0,B01
201500015295,0,7,0,0.0,2.0,8.0,15.0,A01
201500015296,0,7,0,0.0,2.0,2.0,9.0,B01
201500015296,0,30,0,0.0,2.0,1.0,17.0,A01
201500015297,0,30,0,0.0,2.0,8.0,15.0,A01
201500015297,1,7,0,0.0,2.0,0.0,0.0,Z01
201500015298,0,7,0,0.0,2.0,1.0,2.0,A01
201500015298,0,34,0,0.0,2.0,4.0,23.0,B01
201500015299,1,7,0,0.0,1.0,0.0,0.0,Z01
201500015300,1,7,0,0.0,1.0,1.0,1.0,Z01
201500015301,0,7,0,0.0,2.0,8.0,15.0,B01
201500015301,0,33,0,0.0,2.0,3.0,1.0,A01
201500015302,0,30,0,0.0,2.0,2.0,17.0,B01
201500015302,0,7,0,0.0,2.0,3.0,15.0,A01
201500015303,0,7,0,0.0,2.0,3.0,2.0,B01
201500015303,0,7,0,0.0,2.0,1.0,15.0,A01
201500015304,0,7,0,0.0,2.0,3.0,15.0,B01
201500015304,0,30,0,0.0,2.0,1.0,17.0,A01
201500015305,0,7,0,0.0,2.0,1.0,19.0,A01
201500015305,0,30,0,0.0,2.0,2.0,1.0,B01
201500015306,0,7,0,0.0,2.0,2.0,13.0,A01
201500015306,0,7,0,0.0,2.0,8.0,21.0,B01
201500015307,0,33,0,0.0,2.0,1.0,2.0,A01
201500015307,0,7,0,0.0,2.0,5.0,15.0,B01
201500015308,0,7,0,16.0,0.0,0.0,0.0,A01
201500015308,0,33,0,0.0,2.0,0.0,0.0,B01
201500015309,0,7,0,0.0,2.0,4.0,1.0,B01
201500015309,0,7,0,0.0,2.0,1.0,1.0,A01
201500015310,0,7,0,0.0,2.0,4.0,2.0,B01
201500015310,0,7,0,0.0,2.0,1.0,2.0,A01
201500015311,0,7,0,0.0,2.0,3.0,15.0,B01
201500015311,0,7,0,0.0,2.0,1.0,1.0,A01
201500015312,0,10,0,0.0,2.0,3.0,0.0,B01
201500015312,0,10,0,0.0,2.0,7.0,16.0,A01
201500015313,0,7,0,0.0,2.0,3.0,11.0,A01
201500015313,0,33,0,0.0,2.0,1.0,17.0,B01
201500015314,0,13,0,0.0,1.0,0.0,1.0,A01
201500015315,0,7,0,0.0,2.0,7.0,15.0,A01
201500015315,0,32,0,0.0,2.0,1.0,1.0,B01
201500015316,0,7,0,0.0,1.0,1.0,1.0,A01
201500015317,0,2,0,12.0,0.0,3.0,0.0,A01
201500015318,0,7,0,16.0,0.0,1.0,0.0,A01
201500015319,0,7,0,0.0,2.0,0.0,0.0,B01
201500015319,0,30,0,0.0,2.0,0.0,0.0,A01
201500015320,0,3,0,0.0,2.0,0.0,0.0,E01
201500015320,0,7,0,0.0,2.0,0.0,0.0,A01
201500015320,0,7,0,0.0,2.0,3.0,0.0,F01
201500015321,0,33,0,0.0,2.0,7.0,3.0,A01
201500015321,0,7,0,0.0,2.0,2.0,15.0,B01
201500015322,1,7,0,0.0,2.0,3.0,20.0,Z01
201500015322,0,34,0,0.0,2.0,7.0,1.0,B01
201500015323,0,33,0,0.0,1.0,1.0,1.0,A01
201500015324,0,7,0,0.0,2.0,3.0,13.0,A01
201500015324,0,33,0,0.0,2.0,2.0,17.0,B01
201500015325,0,7,0,0.0,2.0,3.0,15.0,A01
201500015325,0,31,0,0.0,2.0,2.0,1.0,B01
201500015326,0,7,0,0.0,1.0,3.0,15.0,A01
201500015327,0,7,0,1.0,1.0,2.0,1.0,A01
201500015328,0,7,0,0.0,2.0,4.0,1.0,B01
201500015328,1,30,0,0.0,2.0,1.0,1.0,A01
201500015329,0,7,0,0.0,2.0,1.0,2.0,A01
201500015329,0,7,0,0.0,2.0,4.0,2.0,B01
201500015330,0,7,0,0.0,0.0,0.0,21.0,B01
201500015330,0,34,0,0.0,0.0,0.0,21.0,A01
201500015331,0,7,0,0.0,2.0,3.0,15.0,A01
201500015331,0,32,0,0.0,2.0,8.0,1.0,B01
201500015332,0,7,0,0.0,2.0,1.0,2.0,A01
201500015332,0,7,0,0.0,2.0,4.0,2.0,B01
201500015333,0,7,0,0.0,2.0,9.0,9.0,A01
201500015333,0,7,0,0.0,2.0,1.0,1.0,B01
201500015334,0,33,0,0.0,2.0,2.0,21.0,B01
201500015334,0,7,0,0.0,2.0,8.0,15.0,A01
201500015335,1,7,0,0.0,2.0,3.0,11.0,Z01
201500015335,0,33,0,0.0,2.0,2.0,1.0,A01
201500015336,0,34,0,0.0,2.0,6.0,1.0,A01
201500015336,0,10,0,0.0,2.0,0.0,1.0,B01
201500015337,0,2,0,0.0,0.0,0.0,0.0,A01
201500015338,0,2,0,15.0,0.0,2.0,1.0,A01
201500015339,0,33,0,0.0,2.0,3.0,14.0,A01
201500015340,0,7,0,0.0,2.0,4.0,2.0,C01
201500015340,0,7,0,0.0,0.0,4.0,2.0,D01
201500015340,0,7,0,0.0,2.0,1.0,2.0,A01
201500015340,0,7,0,0.0,2.0,4.0,2.0,B01
201500015341,0,7,0,0.0,1.0,4.0,4.0,A01
201500015342,0,40,0,0.0,1.0,2.0,1.0,A01
201500015343,0,1,0,0.0,2.0,1.0,5.0,A01
201500015343,0,7,0,0.0,2.0,2.0,1.0,B01
201500015344,1,7,0,0.0,2.0,1.0,1.0,B01
201500015344,0,7,0,1.0,2.0,5.0,19.0,A01
201500015345,0,30,0,0.0,2.0,2.0,1.0,B01
201500015345,0,7,0,0.0,2.0,3.0,1.0,A01
201500015346,1,7,0,0.0,1.0,0.0,1.0,Z01
201500015347,0,30,0,0.0,2.0,1.0,9.0,A01
201500015347,0,33,0,0.0,2.0,1.0,1.0,B01
201500015348,0,7,0,0.0,2.0,1.0,2.0,A01
201500015348,0,34,0,0.0,2.0,4.0,2.0,B01
201500015349,0,7,0,0.0,2.0,1.0,2.0,A01
201500015349,0,7,0,0.0,2.0,4.0,2.0,B01
201500015349,0,13,0,0.0,2.0,4.0,2.0,C01
201500015350,0,7,0,0.0,2.0,1.0,1.0,B01
201500015350,0,7,0,0.0,2.0,7.0,13.0,A01
201500015351,0,7,0,13.0,0.0,2.0,1.0,A01
201500015352,0,2,0,0.0,2.0,0.0,17.0,A01
201500015352,0,7,0,0.0,2.0,8.0,10.0,B01
201500015353,1,7,0,0.0,2.0,0.0,13.0,Z01
201500015353,0,30,0,0.0,2.0,6.0,3.0,A01
201500015354,0,7,0,0.0,2.0,1.0,15.0,A01
201500015354,0,7,0,0.0,2.0,7.0,1.0,B01
201500015355,0,7,0,2.0,0.0,1.0,1.0,A01
201500015356,0,7,0,0.0,1.0,3.0,1.0,A01
201500015357,0,33,0,0.0,1.0,3.0,0.0,A01
201500015358,0,7,0,0.0,2.0,8.0,15.0,A01
201500015358,0,33,0,0.0,2.0,1.0,17.0,B01
201500015359,0,30,0,0.0,2.0,2.0,0.0,A01
201500015359,0,7,0,0.0,2.0,0.0,0.0,B01
201500015360,0,7,0,0.0,2.0,3.0,15.0,A01
201500015360,0,7,0,0.0,2.0,3.0,16.0,B01
201500015361,0,32,0,0.0,1.0,1.0,17.0,A01
201500015362,0,7,0,16.0,1.0,2.0,15.0,A01
201500015363,0,7,0,0.0,1.0,1.0,0.0,A01
201500015364,0,33,0,0.0,2.0,7.0,17.0,A01
201500015365,1,7,0,0.0,1.0,1.0,1.0,Z01
201500015366,0,7,0,0.0,2.0,1.0,1.0,B01
201500015366,0,7,0,0.0,2.0,4.0,1.0,A01
201500015367,0,33,0,0.0,2.0,1.0,0.0,A01
201500015367,0,7,0,0.0,2.0,3.0,0.0,B01
201500015368,0,7,0,0.0,2.0,2.0,17.0,A01
201500015368,0,7,0,0.0,2.0,6.0,2.0,B01
201500015369,0,30,0,0.0,2.0,7.0,15.0,B01
201500015369,1,7,0,0.0,2.0,2.0,1.0,Z01
201500015370,0,2,0,0.0,2.0,0.0,0.0,A01
201500015370,0,7,0,0.0,2.0,6.0,4.0,B01
201500015371,0,7,0,0.0,2.0,7.0,0.0,A01
201500015371,0,2,0,0.0,2.0,3.0,2.0,B01
201500015372,0,7,0,0.0,2.0,2.0,1.0,A01
201500015372,0,31,0,0.0,2.0,6.0,3.0,B01
201500015373,0,7,0,0.0,2.0,0.0,0.0,C01
201500015373,0,7,0,0.0,2.0,0.0,15.0,A01
201500015373,0,7,0,0.0,2.0,3.0,1.0,B01
201500015374,0,2,0,0.0,2.0,8.0,1.0,A01
201500015374,1,7,0,0.0,2.0,3.0,2.0,Z01
201500015375,0,7,0,0.0,2.0,1.0,1.0,A01
201500015375,0,7,0,0.0,2.0,6.0,0.0,C01
201500015375,0,7,0,0.0,2.0,3.0,1.0,B01
201500015376,0,33,0,0.0,0.0,7.0,17.0,A01
201500015376,0,7,0,0.0,2.0,1.0,19.0,B01
201500015377,0,7,0,0.0,2.0,6.0,23.0,B01
201500015377,0,33,0,12.0,2.0,9.0,17.0,A01
201500015378,0,7,0,0.0,2.0,3.0,13.0,A01
201500015378,0,7,0,0.0,2.0,5.0,1.0,B01
201500015379,0,7,0,0.0,1.0,3.0,1.0,A01
201500015380,0,7,0,0.0,2.0,3.0,1.0,B01
201500015380,0,34,0,0.0,2.0,1.0,21.0,A01
201500015381,0,34,0,0.0,1.0,3.0,1.0,A01
201500015382,0,7,0,0.0,1.0,2.0,0.0,A01
201500015383,0,14,0,9.0,0.0,1.0,1.0,A01
201500015384,0,30,0,0.0,1.0,1.0,1.0,A01
201500015385,0,7,0,0.0,2.0,0.0,0.0,A01
201500015385,0,33,0,0.0,2.0,8.0,1.0,B01
201500015385,1,7,0,0.0,2.0,4.0,4.0,Z01
201500015386,1,32,0,0.0,2.0,0.0,0.0,Z01
201500015386,0,34,0,0.0,2.0,4.0,2.0,A01
201500015387,0,7,0,0.0,2.0,1.0,1.0,B01
201500015387,0,7,0,0.0,2.0,6.0,15.0,A01
201500015388,0,2,0,0.0,2.0,1.0,17.0,B01
201500015388,0,7,0,0.0,2.0,3.0,15.0,A01
201500015389,0,3,0,9.0,0.0,0.0,0.0,A01
201500015390,0,30,0,0.0,2.0,1.0,1.0,B01
201500015390,0,7,0,0.0,2.0,0.0,15.0,A01
201500015391,0,7,0,0.0,2.0,1.0,1.0,A01
201500015391,0,7,0,0.0,2.0,1.0,1.0,B01
201500015392,0,7,0,0.0,2.0,6.0,0.0,B01
201500015392,0,33,0,8.0,2.0,1.0,0.0,A01
201500015393,0,7,0,0.0,2.0,3.0,13.0,A01
201500015393,0,7,0,0.0,0.0,0.0,0.0,B01
201500015394,0,7,0,0.0,2.0,8.0,15.0,A01
201500015394,0,32,0,0.0,2.0,1.0,17.0,B01
201500015395,0,7,0,0.0,2.0,6.0,23.0,B01
201500015395,0,30,0,0.0,2.0,1.0,2.0,A01
201500015396,0,7,0,0.0,2.0,3.0,1.0,B01
201500015396,0,31,0,0.0,2.0,0.0,0.0,A01
201500015397,0,30,0,0.0,2.0,0.0,1.0,B01
201500015397,0,7,0,0.0,2.0,1.0,15.0,A01
201500015398,0,7,0,0.0,2.0,4.0,1.0,A01
201500015398,0,10,0,0.0,2.0,3.0,15.0,B01
201500015399,0,7,0,12.0,0.0,3.0,14.0,A01
201500015400,1,33,0,0.0,1.0,1.0,1.0,Z01
201500015401,0,2,0,0.0,2.0,0.0,0.0,B01
201500015401,0,10,0,0.0,2.0,0.0,0.0,C01
201500015401,0,7,0,0.0,2.0,1.0,2.0,A01
201500015402,0,34,0,0.0,9.0,1.0,1.0,A01
201500015403,0,7,0,0.0,2.0,2.0,15.0,A01
201500015403,0,32,0,0.0,2.0,1.0,1.0,B01
201500015404,0,1,0,0.0,0.0,0.0,1.0,A01
201500015405,0,30,0,0.0,2.0,4.0,23.0,B01
201500015405,0,7,0,0.0,2.0,0.0,1.0,A01
201500015406,0,7,0,0.0,2.0,4.0,23.0,B01
201500015406,0,7,0,0.0,2.0,4.0,23.0,C01
201500015406,0,7,0,0.0,2.0,1.0,2.0,A01
201500015407,0,7,0,0.0,2.0,3.0,1.0,A01
201500015407,0,33,0,0.0,2.0,1.0,13.0,B01
201500015408,0,7,0,1.0,2.0,0.0,1.0,B01
201500015408,0,7,0,0.0,2.0,2.0,2.0,A01
201500015409,0,7,0,0.0,1.0,1.0,1.0,A01
201500015410,0,7,0,0.0,2.0,1.0,2.0,A01
201500015410,0,30,0,0.0,2.0,4.0,0.0,B01
201500015411,0,7,0,0.0,2.0,2.0,15.0,B01
201500015411,0,33,0,0.0,2.0,1.0,1.0,A01
201500015412,0,7,0,0.0,2.0,1.0,1.0,A01
201500015412,0,7,0,0.0,2.0,4.0,1.0,C01
201500015412,0,7,0,0.0,2.0,4.0,1.0,B01
201500015413,1,10,0,0.0,1.0,4.0,4.0,Z01
201500015414,0,33,0,0.0,0.0,8.0,15.0,A01
201500015415,0,34,0,0.0,2.0,1.0,1.0,B01
201500015415,0,7,0,0.0,2.0,3.0,1.0,A01
201500015416,0,7,0,0.0,2.0,0.0,0.0,B01
201500015416,0,7,0,8.0,0.0,2.0,1.0,A01
201500015417,0,7,0,0.0,2.0,3.0,0.0,B01
201500015417,0,30,0,0.0,2.0,0.0,0.0,A01
201500015418,0,7,0,0.0,2.0,4.0,2.0,B01
201500015418,0,7,0,0.0,2.0,1.0,2.0,A01
201500015418,0,7,0,0.0,2.0,4.0,2.0,C01
201500015419,0,7,0,8.0,0.0,1.0,14.0,A01
201500015420,0,7,0,0.0,2.0,1.0,1.0,C01
201500015420,0,7,0,0.0,2.0,1.0,9.0,A01
201500015420,0,7,0,0.0,2.0,6.0,0.0,B01
201500015421,0,31,0,0.0,0.0,0.0,0.0,A01
201500015422,0,7,0,0.0,2.0,0.0,0.0,A01
201500015422,0,31,0,0.0,2.0,0.0,0.0,B01
201500015423,0,7,0,0.0,2.0,6.0,0.0,A01
201500015423,0,32,0,0.0,2.0,1.0,0.0,B01
201500015424,0,33,0,0.0,2.0,3.0,1.0,B01
201500015424,0,7,0,0.0,2.0,3.0,15.0,A01
201500015425,0,32,0,0.0,2.0,2.0,1.0,B01
201500015425,0,7,0,0.0,2.0,2.0,15.0,A01
201500015426,0,7,0,14.0,2.0,0.0,0.0,B01
201500015426,1,7,0,0.0,2.0,4.0,2.0,Z01
201500015427,0,7,0,0.0,2.0,3.0,16.0,A01
201500015427,0,7,0,0.0,2.0,7.0,1.0,B01
201500015428,0,7,0,0.0,2.0,7.0,15.0,A01
201500015428,0,33,0,0.0,2.0,1.0,1.0,B01
201500015429,0,10,0,8.0,2.0,1.0,1.0,B01
201500015429,0,7,0,0.0,2.0,7.0,16.0,A01
201500015430,0,7,0,0.0,1.0,0.0,0.0,A01
201500015431,0,33,0,0.0,0.0,1.0,0.0,A01
201500015431,0,7,0,0.0,2.0,3.0,0.0,B01
201500015432,0,7,0,0.0,1.0,2.0,13.0,A01
201500015433,0,7,0,0.0,2.0,0.0,0.0,A01
201500015433,0,32,0,0.0,2.0,1.0,0.0,B01
201500015434,0,2,0,0.0,2.0,1.0,1.0,B01
201500015434,0,7,0,0.0,2.0,5.0,15.0,A01
201500015435,0,33,0,0.0,1.0,1.0,0.0,A01
201500015436,1,7,0,0.0,2.0,1.0,0.0,Z01
201500015436,0,33,0,0.0,2.0,1.0,0.0,A01
201500015437,0,2,0,0.0,2.0,1.0,0.0,B01
201500015437,0,31,0,0.0,2.0,0.0,0.0,A01
201500015438,0,34,0,0.0,1.0,1.0,1.0,A01
201500015439,1,32,0,0.0,1.0,0.0,0.0,Z01
201500015440,0,7,0,0.0,2.0,1.0,0.0,A01
201500015440,0,7,0,0.0,2.0,7.0,0.0,B01
201500015441,0,7,0,0.0,1.0,3.0,0.0,A01
201500015442,0,7,0,0.0,2.0,2.0,21.0,A01
201500015442,0,7,0,0.0,2.0,1.0,9.0,B01
201500015443,0,2,0,0.0,0.0,1.0,2.0,A01
201500015444,1,7,0,0.0,2.0,5.0,14.0,Z01
201500015444,0,34,0,0.0,2.0,3.0,1.0,A01
201500015445,0,7,0,0.0,2.0,0.0,0.0,B01
201500015445,0,2,0,0.0,2.0,0.0,0.0,A01
201500015446,0,7,0,0.0,2.0,0.0,0.0,A01
201500015446,0,7,0,0.0,2.0,4.0,0.0,C01
201500015446,0,7,0,0.0,2.0,0.0,0.0,B01
201500015447,0,7,0,0.0,2.0,3.0,20.0,A01
201500015447,0,7,0,0.0,2.0,3.0,0.0,B01
201500015448,0,7,0,0.0,2.0,4.0,1.0,A01
201500015448,1,7,0,0.0,2.0,1.0,0.0,Z01
201500015449,0,31,0,0.0,2.0,1.0,0.0,A01
201500015449,0,7,0,0.0,2.0,2.0,0.0,B01
201500015450,0,7,0,0.0,2.0,2.0,2.0,A01
201500015450,0,7,0,0.0,2.0,6.0,1.0,B01
201500015451,0,32,0,0.0,1.0,1.0,16.0,A01
201500015452,0,7,0,0.0,2.0,8.0,1.0,B01
201500015452,0,32,0,0.0,1.0,1.0,17.0,A01
201500015453,1,7,0,0.0,1.0,1.0,1.0,Z01
201500015454,1,2,0,0.0,1.0,1.0,0.0,Z01
201500015455,0,10,0,0.0,2.0,3.0,15.0,A01
201500015455,0,32,0,0.0,2.0,2.0,1.0,B01
201500015456,0,7,0,2.0,0.0,2.0,1.0,A01
201500015457,0,7,0,0.0,2.0,4.0,0.0,C01
201500015457,0,7,0,0.0,2.0,4.0,1.0,B01
201500015457,0,10,0,0.0,2.0,1.0,1.0,A01
201500015458,0,7,0,0.0,2.0,6.0,20.0,A01
201500015458,0,30,0,0.0,2.0,0.0,0.0,B01
201500015459,0,32,0,0.0,2.0,1.0,17.0,A01
201500015459,0,7,0,0.0,2.0,3.0,15.0,B01
201500015460,0,7,0,0.0,2.0,6.0,1.0,B01
201500015460,0,17,0,0.0,2.0,8.0,15.0,A01
201500015461,0,7,0,0.0,2.0,0.0,0.0,B01
201500015461,0,7,0,0.0,2.0,7.0,16.0,A01
201500015462,0,30,0,0.0,0.0,0.0,2.0,A01
201500015463,0,7,0,0.0,1.0,2.0,1.0,A01
201500015464,0,33,0,0.0,0.0,0.0,1.0,A01
201500015465,0,34,0,0.0,2.0,1.0,2.0,B01
201500015465,0,30,0,0.0,2.0,1.0,5.0,A01
201500015466,0,7,0,0.0,2.0,2.0,9.0,A01
201500015466,0,1,0,0.0,2.0,7.0,1.0,B01
201500015467,0,30,0,0.0,2.0,0.0,0.0,A01
201500015467,1,7,0,0.0,2.0,0.0,0.0,Z01
201500015468,0,7,0,0.0,2.0,1.0,13.0,A01
201500015468,0,7,0,0.0,2.0,1.0,2.0,B01
201500015469,0,7,0,0.0,2.0,2.0,17.0,A01
201500015469,0,7,0,0.0,2.0,6.0,1.0,B01
201500015470,0,7,0,0.0,1.0,3.0,1.0,A01
201500015471,0,7,0,0.0,2.0,0.0,0.0,B01
201500015471,0,7,0,0.0,2.0,1.0,1.0,A01
201500015472,1,1,0,0.0,2.0,1.0,1.0,Z01
201500015472,0,32,0,0.0,2.0,8.0,20.0,A01
201500015473,1,7,0,0.0,1.0,1.0,0.0,Z01
201500015474,0,7,0,8.0,0.0,1.0,1.0,A01
201500015475,0,32,0,0.0,2.0,1.0,1.0,B01
201500015475,1,7,0,0.0,2.0,0.0,0.0,Z01
201500015476,0,7,0,0.0,2.0,2.0,1.0,B01
201500015476,0,2,0,1.0,2.0,3.0,3.0,A01
201500015477,0,7,0,0.0,1.0,1.0,1.0,A01
201500015478,0,7,0,0.0,2.0,1.0,2.0,B01
201500015478,0,7,0,0.0,2.0,7.0,15.0,A01
201500015479,0,7,0,9.0,0.0,1.0,1.0,A01
201500015480,1,32,0,0.0,1.0,1.0,1.0,Z01
201500015481,0,7,0,0.0,2.0,1.0,2.0,A01
201500015481,0,7,0,0.0,2.0,4.0,2.0,B01
201500015482,0,7,0,0.0,2.0,1.0,0.0,A01
201500015482,0,7,0,0.0,2.0,4.0,1.0,B01
201500015483,0,7,0,0.0,2.0,1.0,1.0,A01
201500015483,0,7,0,0.0,2.0,0.0,5.0,B01
201500015484,0,7,0,0.0,1.0,1.0,1.0,A01
201500015485,0,33,0,0.0,2.0,1.0,1.0,B01
201500015485,0,7,0,0.0,2.0,3.0,5.0,A01
201500015486,0,33,0,0.0,2.0,1.0,1.0,B01
201500015486,0,7,0,0.0,2.0,1.0,9.0,A01
201500015487,0,7,0,0.0,2.0,3.0,15.0,A01
201500015487,0,34,0,0.0,2.0,1.0,13.0,B01
201500015488,0,7,0,0.0,2.0,3.0,21.0,A01
201500015488,1,7,0,0.0,2.0,0.0,0.0,Z01
201500015489,0,34,0,0.0,1.0,1.0,1.0,A01
201500015490,0,99,0,0.0,2.0,4.0,2.0,A01
201500015490,0,32,0,0.0,2.0,1.0,2.0,B01
201500015491,0,2,0,0.0,2.0,1.0,2.0,A01
201500015491,0,7,0,0.0,2.0,6.0,15.0,B01
201500015492,1,7,0,0.0,1.0,0.0,0.0,Z01
201500015493,0,10,0,0.0,2.0,4.0,0.0,B01
201500015493,0,7,0,0.0,2.0,3.0,2.0,A01
201500015494,0,14,0,0.0,1.0,6.0,4.0,A01
201500015495,1,7,0,0.0,1.0,4.0,4.0,A01
201500015496,0,37,0,0.0,0.0,0.0,0.0,B01
201500015496,1,7,0,0.0,0.0,0.0,0.0,Z01
201500015497,1,33,0,0.0,1.0,0.0,0.0,Z01
201500015498,0,7,0,0.0,2.0,1.0,16.0,A01
201500015498,0,7,0,0.0,2.0,3.0,1.0,B01
201500015499,0,33,0,0.0,2.0,1.0,1.0,A01
201500015499,1,7,0,0.0,2.0,0.0,10.0,Z01
201500015500,0,30,0,0.0,2.0,7.0,1.0,B01
201500015500,1,7,0,0.0,2.0,0.0,20.0,Z01
201500015501,0,34,0,0.0,2.0,8.0,1.0,A01
201500015501,1,7,0,0.0,2.0,3.0,10.0,Z01
201500015502,0,30,0,0.0,2.0,1.0,1.0,A01
201500015502,1,7,0,0.0,2.0,8.0,15.0,Z01
201500015503,0,7,0,0.0,2.0,6.0,15.0,B01
201500015503,0,7,0,0.0,2.0,2.0,2.0,A01
201500015504,0,7,0,0.0,2.0,3.0,1.0,A01
201500015504,1,7,0,0.0,2.0,7.0,14.0,Z01
201500015505,0,7,0,0.0,2.0,3.0,1.0,A01
201500015505,0,32,0,0.0,2.0,8.0,17.0,B01
201500015506,0,31,0,0.0,2.0,4.0,1.0,B01
201500015506,0,7,0,0.0,2.0,1.0,1.0,A01
201500015507,1,7,0,1.0,2.0,1.0,5.0,Z01
201500015507,0,2,0,0.0,2.0,1.0,1.0,B01