Num_Acc,senc,catv,occutc,obs,obsm,choc,manv,num_veh
201500015780,0,7,0,0.0,2.0,1.0,15.0,A01
201500015780,0,33,0,0.0,2.0,8.0,15.0,B01
201500015781,0,40,0,0.0,2.0,1.0,0.0,B01
201500015781,0,2,0,0.0,2.0,7.0,19.0,A01
201500015782,0,7,0,0.0,2.0,1.0,1.0,B01
201500015782,0,34,0,0.0,2.0,1.0,13.0,A01
201500015783,0,7,0,0.0,2.0,4.0,2.0,C01
201500015783,0,7,0,0.0,2.0,1.0,2.0,A01
201500015783,0,7,0,0.0,2.0,4.0,2.0,D01
201500015783,0,34,0,0.0,2.0,1.0,2.0,B01
201500015784,0,30,0,0.0,2.0,1.0,1.0,B01
201500015784,0,7,0,0.0,2.0,3.0,9.0,A01
201500015785,0,7,0,0.0,1.0,3.0,1.0,A01
201500015786,0,7,0,0.0,2.0,2.0,15.0,A01
201500015786,0,7,0,0.0,2.0,3.0,2.0,B01
201500015787,0,7,0,0.0,2.0,2.0,19.0,B01
201500015787,0,30,0,0.0,2.0,1.0,19.0,A01
201500015788,0,7,0,0.0,2.0,4.0,2.0,B01
201500015788,1,7,0,0.0,2.0,1.0,2.0,Z01
201500015789,0,33,0,0.0,2.0,1.0,1.0,A01
201500015789,1,7,0,0.0,2.0,8.0,0.0,Z01
201500015790,0,34,0,0.0,1.0,0.0,0.0,A01
201500015791,0,34,0,11.0,0.0,1.0,17.0,A01
201500015792,0,7,0,0.0,2.0,3.0,11.0,A01
201500015792,0,7,0,0.0,2.0,0.0,1.0,B01
201500015793,2,33,0,0.0,1.0,1.0,1.0,A01
201500015794,0,7,0,0.0,2.0,4.0,2.0,B01
201500015794,0,7,0,0.0,2.0,4.0,2.0,A01
201500015795,0,7,0,0.0,1.0,8.0,1.0,A01
201500015796,0,7,0,0.0,2.0,6.0,1.0,C01
201500015796,0,7,0,0.0,2.0,1.0,1.0,D01
201500015796,0,7,0,0.0,2.0,3.0,1.0,B01
201500015796,0,7,0,0.0,2.0,3.0,13.0,A01
201500015797,0,7,0,0.0,0.0,9.0,1.0,A01
201500015798,0,7,0,0.0,2.0,4.0,2.0,B01
201500015798,1,7,0,0.0,2.0,1.0,1.0,Z01
201500015799,0,7,0,1.0,0.0,0.0,1.0,A01
201500015800,0,30,0,0.0,2.0,0.0,1.0,B01
201500015800,1,7,0,0.0,2.0,0.0,1.0,Z01
201500015801,0,32,0,0.0,2.0,1.0,1.0,B01
201500015801,0,7,0,0.0,2.0,3.0,9.0,A01
201500015802,0,30,0,0.0,2.0,1.0,1.0,B01
201500015802,0,7,0,0.0,2.0,6.0,15.0,A01
201500015803,0,7,0,0.0,2.0,3.0,16.0,A01
201500015803,0,2,0,0.0,2.0,3.0,1.0,B01
201500015804,0,34,0,0.0,1.0,1.0,1.0,A01
201500015805,0,7,0,0.0,1.0,1.0,1.0,A01
201500015806,0,33,0,0.0,2.0,1.0,6.0,A01
201500015806,0,7,0,0.0,9.0,2.0,21.0,B01
201500015806,0,10,0,0.0,2.0,1.0,1.0,C01
201500015807,0,33,0,0.0,2.0,1.0,1.0,A01
201500015807,0,7,0,0.0,2.0,1.0,23.0,B01
201500015808,0,7,0,0.0,2.0,1.0,2.0,A01
201500015808,0,7,0,0.0,2.0,4.0,2.0,B01
201500015809,0,7,0,0.0,1.0,2.0,1.0,A01
201500015810,0,7,0,0.0,2.0,9.0,23.0,C01
201500015810,0,33,0,0.0,2.0,1.0,17.0,B01
201500015810,0,7,0,0.0,2.0,1.0,1.0,D01
201500015810,0,7,0,12.0,2.0,2.0,14.0,A01
201500015811,0,7,0,0.0,2.0,1.0,0.0,B01
201500015811,0,7,0,0.0,2.0,1.0,0.0,A01
201500015812,0,7,0,0.0,2.0,1.0,2.0,A01
201500015812,0,10,0,0.0,2.0,4.0,23.0,B01
201500015813,0,33,0,0.0,0.0,0.0,0.0,B01
201500015813,0,7,0,0.0,2.0,2.0,9.0,A01
201500015814,0,7,0,0.0,2.0,1.0,1.0,B01
201500015814,0,7,0,0.0,2.0,1.0,17.0,A01
201500015815,0,7,0,0.0,1.0,2.0,1.0,A01
201500015816,0,32,0,0.0,2.0,1.0,2.0,A01
201500015816,0,7,0,0.0,2.0,4.0,2.0,B01
201500015817,0,7,0,0.0,2.0,1.0,2.0,A01
201500015817,0,7,0,0.0,0.0,4.0,15.0,B01
201500015818,0,7,0,0.0,1.0,1.0,1.0,A01
201500015819,0,33,0,0.0,2.0,7.0,16.0,A01
201500015819,0,7,0,0.0,2.0,8.0,1.0,B01
201500015820,0,7,0,0.0,2.0,3.0,13.0,A01
201500015820,0,7,0,3.0,2.0,3.0,1.0,B01
201500015821,0,7,0,15.0,0.0,1.0,14.0,A01
201500015822,0,7,0,0.0,1.0,1.0,1.0,A01
201500015823,0,10,0,0.0,1.0,1.0,1.0,A01
201500015824,0,10,0,0.0,1.0,4.0,1.0,A01
201500015825,2,7,0,0.0,2.0,1.0,12.0,Z01
201500015825,0,7,0,0.0,2.0,6.0,23.0,B01
201500015825,0,10,0,12.0,2.0,1.0,15.0,A01
201500015826,0,7,0,0.0,2.0,1.0,1.0,C01
201500015826,0,7,0,0.0,2.0,2.0,1.0,B01
201500015826,0,7,0,0.0,2.0,1.0,16.0,A01
201500015827,0,7,0,0.0,1.0,1.0,0.0,A01
201500015828,0,7,0,0.0,2.0,4.0,2.0,E01
201500015828,0,10,0,0.0,2.0,4.0,2.0,C01
201500015828,0,10,0,0.0,2.0,4.0,2.0,B01
201500015828,0,10,0,0.0,2.0,4.0,2.0,D01
201500015828,0,7,0,0.0,2.0,1.0,2.0,A01
201500015829,0,7,0,0.0,1.0,1.0,1.0,A01
201500015830,0,7,0,0.0,2.0,4.0,2.0,B01
201500015830,0,7,0,0.0,2.0,1.0,2.0,A01
201500015831,0,7,0,0.0,2.0,1.0,1.0,B01
201500015831,0,7,0,0.0,2.0,1.0,9.0,A01
201500015832,0,15,0,0.0,2.0,1.0,2.0,A01
201500015832,0,7,0,0.0,2.0,4.0,2.0,B01
201500015833,0,7,0,0.0,2.0,1.0,1.0,A01
201500015833,0,7,0,0.0,2.0,4.0,23.0,B01
201500015834,0,7,0,0.0,2.0,2.0,16.0,A01
201500015834,0,2,0,0.0,2.0,1.0,1.0,B01
201500015835,0,7,0,0.0,2.0,3.0,11.0,A01
201500015835,0,7,0,0.0,2.0,7.0,0.0,B01
201500015836,0,7,0,3.0,0.0,3.0,1.0,A01
201500015837,0,7,0,16.0,0.0,1.0,14.0,A01
201500015838,0,7,0,0.0,2.0,6.0,2.0,A01
201500015838,0,33,0,0.0,2.0,7.0,2.0,B01
201500015839,0,10,0,0.0,2.0,1.0,2.0,A01
201500015839,0,7,0,0.0,0.0,4.0,23.0,B01
201500015840,0,7,0,8.0,2.0,2.0,9.0,A01
201500015840,0,7,0,8.0,2.0,8.0,1.0,B01
201500015841,0,7,0,0.0,2.0,2.0,15.0,A01
201500015841,0,14,0,0.0,2.0,1.0,1.0,B01
201500015842,0,2,0,0.0,1.0,1.0,1.0,A01
201500015843,0,7,0,0.0,1.0,5.0,4.0,A01
201500015844,0,7,0,0.0,2.0,1.0,2.0,A01
201500015844,0,33,0,0.0,0.0,4.0,2.0,B01
201500015845,0,7,0,0.0,0.0,6.0,23.0,B01
201500015845,0,7,0,0.0,0.0,7.0,2.0,C01
201500015845,0,33,0,0.0,2.0,4.0,2.0,A01
201500015846,0,7,0,0.0,2.0,8.0,10.0,A01
201500015846,0,37,0,0.0,0.0,0.0,0.0,B01
201500015847,0,10,0,0.0,2.0,1.0,12.0,A01
201500015847,0,14,0,0.0,0.0,4.0,23.0,B01
201500015848,0,7,0,6.0,0.0,1.0,14.0,A01
201500015849,0,1,0,0.0,2.0,4.0,2.0,B01
201500015849,0,7,0,0.0,2.0,1.0,2.0,A01
201500015850,0,7,0,0.0,0.0,4.0,23.0,B01
201500015850,0,2,0,0.0,2.0,1.0,2.0,A01
201500015851,0,7,0,0.0,2.0,1.0,1.0,B01
201500015851,0,7,0,0.0,2.0,1.0,1.0,A01
201500015852,0,7,0,0.0,1.0,1.0,1.0,A01
201500015853,0,7,0,0.0,1.0,1.0,1.0,A01
201500015854,0,7,0,0.0,1.0,1.0,1.0,A01
201500015855,0,37,0,0.0,2.0,8.0,2.0,C01
201500015855,0,7,0,0.0,2.0,8.0,1.0,B01
201500015855,1,7,0,0.0,2.0,0.0,17.0,Z01
201500015856,0,2,0,0.0,2.0,1.0,2.0,A01
201500015856,0,7,0,0.0,0.0,4.0,2.0,B01
201500015857,0,7,0,0.0,2.0,8.0,1.0,B01
201500015857,1,7,0,0.0,2.0,0.0,14.0,Z01
201500015858,0,7,0,0.0,2.0,1.0,2.0,A01
201500015858,0,7,0,0.0,2.0,4.0,2.0,B01
201500015859,0,33,0,0.0,2.0,1.0,13.0,A01
201500015859,0,7,0,0.0,2.0,1.0,1.0,B01
201500015860,0,7,0,0.0,2.0,1.0,13.0,A01
201500015860,0,37,0,0.0,2.0,1.0,1.0,B01
201500015861,0,7,0,0.0,2.0,3.0,23.0,A01
201500015861,1,7,0,0.0,0.0,0.0,0.0,Z01
201500015862,0,7,0,0.0,0.0,4.0,23.0,C01
201500015862,0,7,0,0.0,2.0,1.0,2.0,A01
201500015862,0,7,0,0.0,2.0,4.0,23.0,B01
201500015863,0,7,0,0.0,2.0,7.0,0.0,B01
201500015863,0,1,0,0.0,2.0,7.0,19.0,A01
201500015864,1,7,0,0.0,2.0,1.0,2.0,Z01
201500015864,0,7,0,0.0,2.0,4.0,2.0,B01
201500015865,0,7,0,0.0,2.0,6.0,1.0,B01
201500015865,0,7,0,0.0,2.0,1.0,13.0,A01
201500015866,0,7,0,0.0,2.0,1.0,1.0,A01
201500015866,0,7,0,0.0,0.0,4.0,23.0,B01
201500015867,0,7,0,0.0,1.0,1.0,15.0,A01
201500015868,0,7,0,0.0,2.0,4.0,2.0,C01
201500015868,0,7,0,0.0,2.0,4.0,2.0,B01
201500015868,0,7,0,0.0,2.0,1.0,2.0,A01
201500015869,0,7,0,15.0,0.0,1.0,13.0,A01
201500015870,0,7,0,0.0,1.0,4.0,4.0,A01
201500015871,0,7,0,0.0,1.0,1.0,1.0,A01
201500015872,0,7,0,0.0,2.0,1.0,2.0,A01
201500015872,0,7,0,0.0,0.0,4.0,1.0,B01
201500015873,0,7,0,0.0,2.0,2.0,1.0,B01
201500015873,0,7,0,0.0,2.0,1.0,15.0,A01
201500015874,0,15,0,3.0,2.0,3.0,13.0,A01
201500015874,0,7,0,0.0,2.0,2.0,1.0,B01
201500015875,0,7,0,0.0,2.0,1.0,1.0,C01
201500015875,0,7,0,0.0,2.0,1.0,13.0,A01
201500015875,0,7,0,0.0,2.0,1.0,1.0,B01
201500015876,0,7,0,1.0,2.0,1.0,1.0,B01
201500015876,0,7,0,0.0,2.0,1.0,13.0,A01
201500015877,0,7,0,0.0,2.0,1.0,1.0,B01
201500015877,0,7,0,0.0,2.0,1.0,13.0,A01
201500015878,0,7,0,0.0,2.0,4.0,2.0,C01
201500015878,0,10,0,0.0,2.0,1.0,2.0,A01
201500015878,0,10,0,0.0,2.0,4.0,2.0,B01
201500015879,0,7,0,0.0,2.0,1.0,13.0,A01
201500015879,0,7,0,0.0,2.0,1.0,1.0,B01
201500015880,0,7,0,0.0,2.0,2.0,1.0,B01
201500015880,0,7,0,0.0,2.0,2.0,2.0,A01
201500015881,0,7,0,0.0,2.0,1.0,1.0,A01
201500015881,0,7,0,0.0,0.0,4.0,23.0,B01
201500015882,0,7,0,0.0,2.0,1.0,1.0,B01
201500015882,0,7,0,0.0,2.0,1.0,13.0,A01
201500015883,0,7,0,15.0,0.0,9.0,14.0,A01
201500015884,0,7,0,0.0,1.0,3.0,1.0,A01
201500015885,0,7,0,0.0,2.0,4.0,2.0,B01
201500015885,0,7,0,0.0,2.0,1.0,2.0,A01
201500015886,0,10,0,0.0,2.0,2.0,1.0,A01
201500015886,0,7,0,0.0,2.0,1.0,15.0,B01
201500015887,0,33,0,0.0,2.0,1.0,1.0,B01
201500015887,0,7,0,0.0,2.0,3.0,9.0,A01
201500015888,0,7,0,0.0,2.0,1.0,13.0,A01
201500015888,0,17,0,0.0,2.0,8.0,1.0,B01
201500015889,0,7,0,0.0,2.0,2.0,11.0,A01
201500015889,0,7,0,0.0,2.0,6.0,1.0,B01
201500015890,0,33,0,0.0,2.0,1.0,0.0,B01
201500015890,0,37,0,0.0,2.0,6.0,1.0,A01
201500015891,0,7,0,2.0,0.0,1.0,14.0,A01
201500015892,0,7,0,0.0,2.0,8.0,16.0,D01
201500015892,0,7,0,0.0,2.0,1.0,1.0,B01
201500015892,0,7,0,0.0,2.0,1.0,1.0,C01
201500015892,0,7,0,0.0,2.0,7.0,19.0,A01
201500015893,0,7,0,0.0,0.0,8.0,1.0,A01
201500015894,0,37,0,13.0,0.0,3.0,13.0,A01
201500015895,0,33,0,8.0,0.0,1.0,1.0,A01
201500015896,0,7,0,0.0,2.0,3.0,2.0,A01
201500015896,0,3,0,0.0,0.0,0.0,0.0,B01
201500015897,0,7,0,0.0,2.0,3.0,15.0,B01
201500015897,0,2,0,0.0,2.0,2.0,17.0,A01
201500015898,0,7,0,0.0,2.0,1.0,15.0,A01
201500015898,0,7,0,0.0,2.0,8.0,23.0,B01
201500015899,0,7,0,0.0,2.0,3.0,5.0,A01
201500015899,0,7,0,0.0,2.0,3.0,0.0,B01
201500015900,0,7,0,0.0,2.0,1.0,1.0,B01
201500015900,0,7,0,0.0,2.0,8.0,19.0,A01
201500015901,0,7,0,0.0,2.0,3.0,0.0,S01
201500015901,0,7,0,3.0,2.0,3.0,0.0,B01
201500015902,0,10,0,0.0,2.0,1.0,2.0,M01
201500015902,0,7,0,0.0,2.0,4.0,2.0,B01
201500015902,0,7,0,0.0,2.0,4.0,2.0,C01
201500015903,0,7,0,0.0,1.0,0.0,0.0,A01
201500015904,0,7,0,0.0,0.0,1.0,1.0,A01
201500015905,0,7,0,0.0,1.0,1.0,1.0,A01
201500015906,0,7,0,0.0,0.0,4.0,1.0,B01
201500015906,0,7,0,0.0,2.0,1.0,1.0,A01
201500015907,0,7,0,0.0,1.0,2.0,15.0,A01
201500015908,0,7,0,0.0,0.0,0.0,1.0,A01
201500015909,0,7,0,0.0,0.0,0.0,0.0,A01
201500015909,0,1,0,0.0,0.0,0.0,0.0,B01
201500015910,0,7,0,0.0,1.0,1.0,15.0,A01
201500015911,0,1,0,0.0,0.0,0.0,0.0,B01
201500015911,0,1,0,0.0,0.0,0.0,0.0,A01
201500015912,0,7,0,0.0,0.0,4.0,1.0,B01
201500015912,0,7,0,0.0,0.0,1.0,1.0,A01
201500015913,0,7,0,0.0,0.0,0.0,0.0,A01
201500015914,0,7,0,0.0,0.0,4.0,15.0,B01
201500015914,0,7,0,0.0,2.0,1.0,1.0,A01
201500015915,0,7,0,8.0,0.0,1.0,1.0,A01
201500015916,0,7,0,0.0,2.0,1.0,1.0,A01
201500015916,0,7,0,0.0,0.0,4.0,1.0,B01
201500015917,0,33,0,0.0,5.0,1.0,1.0,A01
201500015918,0,7,0,0.0,1.0,1.0,1.0,A01
201500015919,0,7,0,0.0,0.0,0.0,0.0,A01
201500015920,0,7,0,0.0,2.0,1.0,1.0,A01
201500015920,0,7,0,0.0,2.0,1.0,1.0,B01
201500015921,0,31,0,0.0,0.0,0.0,0.0,A01
201500015922,0,7,0,0.0,0.0,8.0,1.0,B01
201500015922,0,7,0,0.0,2.0,1.0,1.0,A01
201500015923,0,7,0,0.0,2.0,1.0,1.0,A01
201500015923,0,30,0,0.0,0.0,8.0,0.0,B01
201500015924,0,7,0,0.0,0.0,2.0,1.0,B01
201500015924,0,7,0,0.0,0.0,1.0,0.0,A01
201500015925,0,32,0,0.0,2.0,1.0,1.0,C01
201500015925,0,7,0,0.0,0.0,8.0,15.0,A01
201500015925,0,15,0,0.0,0.0,6.0,1.0,B01
201500015926,0,7,0,0.0,6.0,8.0,1.0,A01
201500015927,0,7,0,0.0,2.0,4.0,1.0,B01
201500015927,0,7,0,0.0,2.0,1.0,1.0,C01
201500015927,0,7,0,0.0,0.0,0.0,0.0,A01
201500015928,0,7,0,0.0,2.0,1.0,1.0,B01
201500015928,0,7,0,0.0,0.0,3.0,1.0,A01
201500015929,0,7,0,0.0,0.0,0.0,0.0,A01
201500015930,0,7,0,0.0,0.0,8.0,1.0,A01
201500015930,0,99,0,0.0,0.0,2.0,1.0,B01
201500015931,0,7,0,0.0,0.0,0.0,0.0,A01
201500015932,0,7,0,0.0,0.0,1.0,1.0,A01
201500015933,0,33,0,0.0,0.0,1.0,0.0,A01
201500015934,0,7,0,0.0,0.0,1.0,1.0,A01
201500015935,0,7,0,0.0,2.0,3.0,0.0,B01
201500015935,0,7,0,0.0,2.0,8.0,1.0,A01
201500015936,0,17,0,0.0,0.0,0.0,1.0,A01
201500015936,0,7,0,0.0,0.0,0.0,1.0,C01
201500015937,0,30,0,0.0,2.0,1.0,1.0,A01
201500015937,0,7,0,0.0,0.0,4.0,1.0,B01
201500015938,0,7,0,0.0,1.0,0.0,0.0,A01
201500015939,0,7,0,0.0,0.0,0.0,0.0,A01
201500015940,0,7,0,0.0,0.0,7.0,16.0,A01
201500015940,0,30,0,0.0,2.0,1.0,1.0,B01
201500015941,0,31,0,0.0,2.0,1.0,17.0,A01
201500015941,0,7,0,0.0,0.0,8.0,15.0,B01
201500015942,0,7,0,0.0,2.0,1.0,1.0,B01
201500015942,0,7,0,0.0,2.0,1.0,16.0,A01
201500015943,0,15,0,0.0,0.0,0.0,0.0,A01
201500015944,0,7,0,0.0,2.0,8.0,17.0,A01
201500015944,1,7,0,0.0,0.0,0.0,0.0,Z01
201500015945,0,37,0,0.0,0.0,5.0,17.0,A01
201500015945,0,30,0,0.0,2.0,8.0,1.0,B01
201500015946,0,7,0,0.0,0.0,4.0,1.0,B01
201500015946,0,7,0,0.0,2.0,1.0,1.0,A01
201500015947,0,7,0,0.0,2.0,1.0,1.0,B01
201500015947,0,7,0,0.0,0.0,3.0,0.0,A01
201500015948,0,7,0,0.0,0.0,1.0,1.0,A01
201500015949,0,7,0,0.0,0.0,1.0,0.0,A01
201500015950,0,15,0,0.0,0.0,0.0,1.0,A01
201500015951,0,7,0,0.0,2.0,1.0,0.0,A01
201500015951,0,1,0,0.0,0.0,0.0,0.0,B01
201500015952,0,7,0,0.0,2.0,2.0,16.0,A01
201500015952,0,1,0,0.0,2.0,1.0,1.0,B01
201500015953,0,7,0,0.0,2.0,1.0,1.0,A01
201500015953,0,7,0,0.0,0.0,8.0,1.0,B01
201500015954,0,7,0,0.0,0.0,8.0,15.0,B01
201500015954,0,7,0,0.0,2.0,1.0,17.0,A01
201500015955,0,7,0,0.0,0.0,2.0,0.0,B01
201500015955,0,7,0,0.0,0.0,1.0,17.0,A01
201500015956,0,7,0,0.0,0.0,1.0,1.0,A01
201500015957,0,7,0,0.0,0.0,0.0,0.0,B01
201500015957,0,2,0,0.0,0.0,7.0,15.0,A01
201500015958,0,7,0,0.0,1.0,0.0,0.0,A01
201500015959,0,7,0,0.0,0.0,0.0,0.0,A01
201500015960,0,1,0,0.0,0.0,0.0,0.0,B01
201500015960,0,7,0,0.0,2.0,1.0,0.0,A01
201500015961,0,7,0,0.0,0.0,4.0,0.0,B01
201500015961,0,7,0,0.0,0.0,7.0,0.0,C01
201500015961,0,7,0,0.0,2.0,1.0,1.0,A01
201500015962,0,7,0,0.0,0.0,8.0,0.0,B01
201500015962,0,7,0,0.0,0.0,0.0,0.0,A01
201500015963,0,7,0,0.0,2.0,1.0,0.0,A01
201500015963,0,10,0,0.0,0.0,0.0,0.0,B01
201500015964,0,10,0,0.0,0.0,0.0,0.0,A01
201500015965,0,7,0,0.0,0.0,1.0,0.0,A01
201500015966,0,7,0,0.0,0.0,2.0,0.0,A01
201500015967,0,7,0,0.0,0.0,7.0,0.0,A01
201500015967,0,1,0,0.0,2.0,1.0,0.0,B01
201500015968,0,7,0,0.0,2.0,3.0,0.0,B01
201500015968,0,7,0,0.0,2.0,3.0,0.0,A01
201500015969,0,1,0,0.0,2.0,1.0,0.0,B01
201500015969,0,7,0,0.0,2.0,4.0,0.0,A01
201500015970,0,7,0,0.0,0.0,0.0,0.0,B01
201500015970,0,7,0,0.0,2.0,1.0,0.0,A01
201500015971,0,7,0,0.0,2.0,1.0,0.0,B01
201500015971,0,7,0,0.0,2.0,1.0,0.0,A01
201500015972,0,7,0,0.0,2.0,1.0,0.0,A01
201500015972,0,33,0,0.0,0.0,8.0,0.0,B01
201500015973,0,7,0,0.0,0.0,0.0,0.0,A01
201500015974,0,7,0,0.0,0.0,0.0,0.0,A01
201500015975,0,32,0,0.0,0.0,0.0,0.0,A01
201500015976,0,7,0,0.0,0.0,8.0,0.0,A01
201500015976,0,7,0,0.0,2.0,0.0,0.0,B01
201500015977,0,7,0,0.0,0.0,0.0,0.0,B01
201500015977,0,7,0,0.0,0.0,0.0,0.0,A01
201500015978,0,33,0,0.0,0.0,0.0,0.0,A01
201500015979,0,33,0,0.0,1.0,0.0,0.0,A01
201500015980,0,7,0,0.0,0.0,2.0,0.0,A01
201500015980,0,7,0,0.0,0.0,1.0,0.0,B01
201500015981,0,7,0,0.0,1.0,1.0,0.0,A01
201500015982,0,7,0,0.0,1.0,0.0,0.0,A01
201500015983,0,10,0,0.0,2.0,0.0,0.0,B01
201500015983,0,7,0,0.0,0.0,0.0,0.0,A01
201500015984,0,30,0,0.0,0.0,0.0,1.0,A01
201500015985,0,7,0,0.0,0.0,4.0,1.0,B01
201500015985,0,7,0,0.0,2.0,1.0,1.0,A01
201500015986,0,2,0,14.0,0.0,1.0,1.0,A01
201500015987,0,7,0,0.0,0.0,0.0,0.0,A01
201500015988,0,7,0,0.0,0.0,0.0,0.0,A01
201500015988,0,1,0,0.0,0.0,0.0,0.0,B01
201500015989,0,10,0,0.0,0.0,0.0,0.0,A01
201500015990,0,7,0,0.0,0.0,0.0,0.0,A01
201500015991,0,7,0,0.0,0.0,0.0,0.0,A01
201500015991,0,7,0,0.0,0.0,0.0,0.0,B01
201500015992,0,10,0,0.0,0.0,0.0,0.0,A01
201500015993,0,30,0,0.0,0.0,0.0,0.0,B01
201500015993,0,7,0,0.0,0.0,0.0,0.0,A01
201500015994,0,7,0,0.0,0.0,0.0,0.0,B01
201500015994,0,7,0,0.0,0.0,0.0,0.0,A01
201500015995,0,7,0,0.0,2.0,7.0,1.0,B01
201500015995,0,7,0,0.0,2.0,1.0,1.0,A01
201500015996,0,13,0,8.0,0.0,2.0,1.0,A01
201500015997,0,1,0,0.0,0.0,0.0,0.0,A01
201500015997,0,7,0,0.0,2.0,1.0,1.0,B01
201500015998,0,7,0,0.0,2.0,3.0,1.0,B01
201500015998,0,7,0,0.0,2.0,3.0,1.0,A01
201500015999,0,7,0,0.0,0.0,0.0,0.0,A01
201500015999,0,7,0,0.0,0.0,0.0,0.0,B01
201500016000,0,1,0,0.0,2.0,8.0,1.0,B01
201500016000,0,7,0,0.0,2.0,1.0,1.0,A01
201500016001,0,7,0,0.0,1.0,2.0,1.0,A01
201500016002,0,7,0,0.0,2.0,7.0,1.0,B01
201500016002,0,33,0,0.0,2.0,1.0,1.0,A01
201500016003,0,7,0,0.0,2.0,1.0,1.0,A01
201500016003,0,30,0,0.0,2.0,8.0,15.0,B01
201500016004,0,7,0,0.0,0.0,0.0,0.0,A01
201500016004,0,1,0,0.0,0.0,0.0,0.0,B01
201500016005,0,7,0,6.0,0.0,1.0,1.0,A01
201500016006,0,7,0,0.0,2.0,5.0,1.0,B01
201500016006,0,2,0,0.0,2.0,1.0,1.0,A01
201500016007,0,7,0,0.0,1.0,1.0,1.0,A01
201500016008,0,7,0,13.0,0.0,1.0,1.0,A01
201500016009,0,15,0,0.0,9.0,7.0,16.0,A01
201500016010,0,7,0,0.0,2.0,3.0,1.0,B01
201500016010,0,2,0,0.0,2.0,1.0,1.0,A01
201500016011,0,7,0,0.0,2.0,7.0,1.0,B01
201500016011,0,7,0,0.0,2.0,3.0,9.0,A01
201500016012,0,7,0,0.0,2.0,1.0,1.0,A01
201500016012,0,7,0,0.0,2.0,1.0,1.0,B01
201500016013,0,7,0,0.0,2.0,1.0,1.0,A01
201500016013,0,7,0,0.0,2.0,1.0,1.0,B01
201500016014,0,7,0,0.0,0.0,0.0,0.0,A01
201500016015,0,7,0,13.0,0.0,1.0,1.0,A01
201500016016,0,30,0,0.0,0.0,0.0,1.0,A01
201500016017,0,33,0,0.0,2.0,1.0,2.0,A01
201500016017,0,7,0,0.0,2.0,3.0,2.0,B01
201500016018,0,7,0,0.0,0.0,6.0,2.0,C01
201500016018,0,7,0,0.0,2.0,4.0,2.0,B01
201500016018,0,7,0,0.0,2.0,1.0,9.0,A01
201500016019,0,7,0,0.0,2.0,1.0,1.0,B01
201500016019,1,7,0,0.0,2.0,1.0,13.0,A01
201500016020,0,7,0,0.0,2.0,1.0,1.0,A01
201500016020,0,7,0,0.0,2.0,0.0,1.0,B01
201500016021,0,7,0,0.0,2.0,5.0,10.0,A01
201500016021,0,7,0,0.0,2.0,2.0,1.0,B01
201500016022,0,7,0,0.0,2.0,1.0,2.0,A01
201500016022,0,10,0,0.0,0.0,4.0,2.0,B01
201500016023,0,1,0,8.0,0.0,2.0,0.0,A01
201500016024,0,7,0,0.0,2.0,1.0,1.0,B01
201500016024,1,7,0,0.0,2.0,0.0,0.0,Z01
201500016025,0,2,0,0.0,2.0,1.0,1.0,A01
201500016025,0,7,0,0.0,2.0,5.0,1.0,B01
201500016026,0,7,0,0.0,2.0,1.0,15.0,B01
201500016026,0,7,0,0.0,2.0,5.0,1.0,A01
201500016027,0,7,0,0.0,2.0,6.0,15.0,B01
201500016027,0,34,0,0.0,2.0,1.0,2.0,A01
201500016028,0,7,0,0.0,2.0,4.0,2.0,B01
201500016028,0,7,0,0.0,2.0,1.0,2.0,A01
201500016029,0,7,0,0.0,0.0,0.0,15.0,A01
201500016029,0,2,0,15.0,0.0,1.0,14.0,B01
201500016030,0,7,0,0.0,2.0,1.0,2.0,A01
201500016030,0,34,0,0.0,0.0,4.0,1.0,B01
201500016031,0,7,0,0.0,2.0,3.0,0.0,A01
201500016031,0,34,0,0.0,2.0,7.0,0.0,B01
201500016032,0,7,0,13.0,0.0,3.0,2.0,A01
201500016033,0,7,0,0.0,2.0,4.0,2.0,B01
201500016033,0,7,0,0.0,2.0,1.0,1.0,A01
201500016034,0,7,0,0.0,0.0,9.0,1.0,A01
201500016035,0,7,0,0.0,0.0,7.0,1.0,A01
201500016036,0,7,0,0.0,1.0,1.0,1.0,A01
201500016037,2,7,0,12.0,0.0,1.0,5.0,A01
201500016037,0,7,0,12.0,0.0,1.0,1.0,B01
201500016038,1,7,0,0.0,0.0,3.0,5.0,C01
201500016038,0,7,0,0.0,2.0,3.0,2.0,B01
201500016038,0,7,0,0.0,0.0,3.0,5.0,A01
201500016039,0,7,0,0.0,2.0,1.0,2.0,A01
201500016039,0,7,0,0.0,2.0,4.0,15.0,B01
201500016040,0,7,0,0.0,0.0,1.0,2.0,A01
201500016040,0,7,0,0.0,0.0,6.0,2.0,B01
201500016041,0,33,0,0.0,2.0,1.0,2.0,B01
201500016041,0,7,0,0.0,2.0,8.0,10.0,A01
201500016042,0,7,0,6.0,0.0,2.0,0.0,A01
201500016043,0,7,0,0.0,1.0,1.0,1.0,A01
201500016044,0,7,0,0.0,2.0,2.0,1.0,B01
201500016044,0,1,0,0.0,2.0,5.0,14.0,A01
201500016045,0,7,0,0.0,1.0,1.0,2.0,A01
201500016046,0,7,0,1.0,1.0,2.0,1.0,A01
201500016047,0,7,0,0.0,2.0,3.0,1.0,A01
201500016047,0,7,0,0.0,2.0,5.0,1.0,B01
201500016048,0,7,0,8.0,0.0,9.0,1.0,B01
201500016048,0,7,0,0.0,0.0,3.0,9.0,A01