Num_Acc,senc,catv,occutc,obs,obsm,choc,manv,num_veh
201500016049,0,7,0,0.0,2.0,1.0,2.0,A01
201500016049,0,7,0,0.0,0.0,4.0,2.0,C01
201500016049,0,7,0,0.0,0.0,4.0,2.0,B01
201500016050,0,7,0,0.0,2.0,4.0,2.0,B01
201500016050,0,7,0,0.0,2.0,1.0,2.0,A01
201500016051,0,33,0,0.0,0.0,7.0,1.0,A01
201500016052,0,10,0,0.0,2.0,4.0,1.0,B01
201500016052,0,10,0,0.0,2.0,1.0,1.0,A01
201500016053,0,7,0,0.0,2.0,3.0,0.0,B01
201500016053,0,7,0,0.0,2.0,1.0,1.0,A01
201500016054,0,7,0,0.0,2.0,3.0,0.0,A01
201500016054,0,7,0,0.0,2.0,3.0,0.0,B01
201500016055,0,7,0,0.0,2.0,1.0,1.0,A01
201500016055,0,7,0,0.0,2.0,6.0,9.0,B01
201500016056,0,7,0,13.0,0.0,1.0,0.0,A01
201500016057,0,7,0,0.0,2.0,3.0,1.0,E01
201500016057,0,7,0,0.0,2.0,2.0,13.0,A01
201500016057,0,7,0,0.0,2.0,1.0,1.0,C01
201500016057,0,7,0,0.0,2.0,3.0,1.0,D01
201500016057,0,7,0,0.0,2.0,0.0,13.0,B01
201500016058,0,7,0,0.0,2.0,1.0,15.0,A01
201500016058,0,1,0,0.0,2.0,1.0,1.0,B01
201500016059,0,13,0,0.0,2.0,1.0,2.0,A01
201500016059,0,7,0,0.0,2.0,4.0,2.0,B01
201500016060,0,7,0,6.0,0.0,1.0,0.0,A01
201500016061,0,33,0,0.0,2.0,1.0,1.0,B01
201500016061,0,7,0,0.0,2.0,3.0,9.0,A01
201500016062,0,7,0,0.0,2.0,2.0,1.0,A01
201500016062,0,1,0,0.0,0.0,0.0,0.0,B01
201500016063,0,7,0,0.0,2.0,2.0,2.0,A01
201500016063,0,10,0,0.0,0.0,6.0,23.0,B01
201500016064,0,7,0,0.0,0.0,3.0,0.0,A01
201500016064,0,7,0,0.0,0.0,0.0,1.0,B01
201500016065,0,7,0,0.0,0.0,4.0,1.0,B01
201500016065,0,34,0,0.0,2.0,2.0,2.0,A01
201500016066,0,7,0,0.0,2.0,4.0,2.0,B01
201500016066,0,7,0,0.0,2.0,1.0,2.0,A01
201500016067,0,7,0,0.0,2.0,2.0,15.0,A01
201500016067,0,30,0,0.0,2.0,1.0,1.0,B01
201500016068,0,33,0,0.0,2.0,5.0,2.0,A01
201500016068,0,7,0,0.0,0.0,5.0,2.0,B01
201500016069,0,7,0,0.0,0.0,9.0,0.0,A01
201500016070,0,7,0,0.0,2.0,1.0,5.0,A01
201500016070,0,7,0,0.0,2.0,3.0,23.0,B01
201500016071,0,7,0,0.0,0.0,1.0,1.0,B01
201500016071,0,7,0,0.0,0.0,3.0,9.0,A01
201500016072,0,7,0,0.0,2.0,5.0,1.0,B01
201500016072,0,7,0,0.0,2.0,1.0,1.0,A01
201500016072,0,7,0,0.0,0.0,4.0,1.0,D01
201500016072,0,7,0,0.0,2.0,4.0,1.0,C01
201500016073,0,38,6,0.0,2.0,4.0,2.0,B01
201500016073,0,14,0,0.0,2.0,1.0,2.0,A01
201500016073,0,7,0,0.0,1.0,4.0,2.0,C01
201500016074,0,7,0,0.0,0.0,4.0,2.0,B01
201500016074,0,2,0,0.0,2.0,1.0,2.0,A01
201500016075,0,7,0,0.0,2.0,2.0,15.0,B01
201500016075,0,2,0,0.0,2.0,7.0,1.0,A01
201500016076,0,33,0,0.0,9.0,6.0,2.0,A01
201500016076,0,7,0,0.0,0.0,6.0,0.0,B01
201500016077,0,31,0,0.0,0.0,8.0,16.0,A01
201500016078,0,7,0,0.0,2.0,1.0,15.0,B01
201500016078,0,7,0,0.0,2.0,2.0,16.0,A01
201500016079,1,7,0,0.0,1.0,0.0,0.0,Z01
201500016080,0,7,0,0.0,2.0,1.0,2.0,A01
201500016080,0,7,0,0.0,0.0,4.0,23.0,B01
201500016081,0,7,0,15.0,0.0,2.0,1.0,A01
201500016082,0,33,0,4.0,0.0,3.0,0.0,A01
201500016083,0,7,0,8.0,0.0,2.0,1.0,A01
201500016084,0,7,0,0.0,2.0,6.0,2.0,B01
201500016084,0,32,0,0.0,2.0,1.0,2.0,A01
201500016085,0,2,0,8.0,0.0,0.0,12.0,A01
201500016086,0,7,0,13.0,0.0,1.0,13.0,A01
201500016087,0,7,0,13.0,0.0,1.0,13.0,A01
201500016088,0,7,0,0.0,2.0,2.0,13.0,A01
201500016088,0,34,0,0.0,2.0,3.0,15.0,B01
201500016089,0,10,0,6.0,0.0,0.0,0.0,A01
201500016090,0,7,0,0.0,0.0,5.0,2.0,B01
201500016090,0,7,0,0.0,0.0,2.0,2.0,A01
201500016091,0,7,0,6.0,0.0,1.0,1.0,A01
201500016092,0,7,0,0.0,2.0,4.0,23.0,B01
201500016092,0,7,0,0.0,2.0,1.0,2.0,A01
201500016093,0,7,0,13.0,0.0,0.0,14.0,A01
201500016094,0,7,0,0.0,0.0,5.0,1.0,B01
201500016094,0,7,0,2.0,2.0,1.0,2.0,A01
201500016095,0,7,0,0.0,2.0,8.0,15.0,A01
201500016095,0,38,0,0.0,2.0,1.0,1.0,B01
201500016096,0,7,0,0.0,2.0,6.0,9.0,A01
201500016096,0,32,0,0.0,2.0,2.0,1.0,B01
201500016097,0,7,0,0.0,2.0,1.0,2.0,A01
201500016097,0,7,0,0.0,0.0,0.0,0.0,B01
201500016098,0,15,0,0.0,2.0,1.0,0.0,A01
201500016098,0,7,0,0.0,2.0,5.0,1.0,B01
201500016099,0,34,0,0.0,2.0,1.0,2.0,A01
201500016099,0,7,0,0.0,2.0,4.0,2.0,B01
201500016100,0,2,0,0.0,0.0,2.0,2.0,A01
201500016101,0,7,0,0.0,2.0,2.0,0.0,A01
201500016101,0,33,0,0.0,2.0,1.0,1.0,B01
201500016102,0,33,0,0.0,2.0,3.0,1.0,B01
201500016102,0,7,0,0.0,2.0,3.0,15.0,A01
201500016103,0,7,0,8.0,0.0,1.0,9.0,A01
201500016104,0,7,0,0.0,2.0,2.0,1.0,B01
201500016104,0,7,0,0.0,2.0,3.0,19.0,A01
201500016105,0,7,0,0.0,2.0,2.0,1.0,B01
201500016105,1,2,0,0.0,2.0,0.0,19.0,A01
201500016106,0,7,0,0.0,0.0,3.0,2.0,B01
201500016106,0,3,0,0.0,2.0,2.0,2.0,A01
201500016107,0,7,0,0.0,1.0,7.0,1.0,A01
201500016108,0,30,0,16.0,0.0,8.0,1.0,A01
201500016109,0,7,0,0.0,0.0,4.0,2.0,B01
201500016109,0,7,0,0.0,2.0,1.0,2.0,A01
201500016110,0,33,0,0.0,2.0,1.0,17.0,B01
201500016110,0,7,0,0.0,2.0,8.0,10.0,A01
201500016111,0,33,0,0.0,2.0,1.0,17.0,B01
201500016111,0,7,0,0.0,2.0,8.0,2.0,A01
201500016112,0,7,0,0.0,2.0,8.0,10.0,A01
201500016112,0,32,0,0.0,2.0,1.0,17.0,B01
201500016113,0,7,0,0.0,2.0,4.0,2.0,B01
201500016113,0,7,0,0.0,2.0,1.0,2.0,A01
201500016114,0,7,0,0.0,2.0,2.0,17.0,A01
201500016114,0,7,0,0.0,2.0,6.0,1.0,B01
201500016115,0,7,0,0.0,0.0,9.0,1.0,A01
201500016116,0,7,0,0.0,1.0,1.0,1.0,A01
201500016117,0,14,0,0.0,2.0,8.0,15.0,A01
201500016117,0,33,0,0.0,2.0,1.0,17.0,B01
201500016118,0,13,0,0.0,2.0,8.0,0.0,A01
201500016118,0,7,0,0.0,2.0,3.0,1.0,B01
201500016119,0,7,0,4.0,0.0,1.0,0.0,A01
201500016120,0,33,0,0.0,2.0,8.0,9.0,A01
201500016120,0,7,0,0.0,2.0,7.0,1.0,B01
201500016121,0,7,0,0.0,2.0,4.0,2.0,B01
201500016121,0,7,0,0.0,2.0,1.0,2.0,A01
201500016122,0,7,0,3.0,2.0,8.0,19.0,A01
201500016122,0,7,0,0.0,2.0,3.0,19.0,B01
201500016123,0,7,0,0.0,2.0,6.0,0.0,B01
201500016123,0,30,0,1.0,0.0,1.0,0.0,A01
201500016124,0,7,0,0.0,0.0,0.0,0.0,B01
201500016124,0,7,0,0.0,0.0,0.0,0.0,A01
201500016125,0,7,0,13.0,0.0,1.0,14.0,A01
201500016126,0,34,0,0.0,2.0,7.0,1.0,B01
201500016126,0,7,0,0.0,2.0,8.0,15.0,A01
201500016127,0,7,0,0.0,2.0,1.0,1.0,B01
201500016127,0,7,0,0.0,2.0,3.0,9.0,A01
201500016128,0,7,0,0.0,2.0,7.0,16.0,B01
201500016128,0,34,0,0.0,2.0,1.0,16.0,A01
201500016129,0,7,0,0.0,2.0,4.0,2.0,B01
201500016129,0,10,0,0.0,2.0,1.0,0.0,A01
201500016130,0,7,0,0.0,2.0,1.0,2.0,A01
201500016130,0,7,0,0.0,0.0,4.0,2.0,B01
201500016131,0,7,0,0.0,2.0,4.0,15.0,B01
201500016131,0,7,0,0.0,2.0,1.0,2.0,A01
201500016132,0,7,0,0.0,2.0,9.0,1.0,B01
201500016132,0,7,0,0.0,2.0,1.0,9.0,A01
201500016133,0,7,0,0.0,2.0,1.0,2.0,B01
201500016133,0,7,0,0.0,2.0,3.0,1.0,A01
201500016134,0,33,0,0.0,2.0,1.0,13.0,A01
201500016134,0,7,0,0.0,0.0,0.0,0.0,B01
201500016135,0,7,0,0.0,2.0,3.0,15.0,B01
201500016135,0,33,0,0.0,2.0,1.0,17.0,A01
201500016136,0,33,0,0.0,0.0,0.0,0.0,K01
201500016136,0,7,0,0.0,0.0,0.0,0.0,B01
201500016137,0,7,0,0.0,2.0,1.0,1.0,B01
201500016137,0,7,0,0.0,2.0,7.0,0.0,A01
201500016138,0,7,0,0.0,2.0,6.0,1.0,B01
201500016138,0,7,0,0.0,2.0,1.0,1.0,A01
201500016139,0,7,0,0.0,0.0,0.0,0.0,B01
201500016139,0,7,0,0.0,2.0,3.0,9.0,A01
201500016140,0,7,0,0.0,2.0,4.0,1.0,B01
201500016140,0,7,0,0.0,2.0,1.0,1.0,A01
201500016141,1,7,0,0.0,2.0,2.0,12.0,A01
201500016141,0,7,0,0.0,2.0,6.0,1.0,C01
201500016141,0,7,0,0.0,2.0,8.0,1.0,B01
201500016142,0,7,0,0.0,2.0,2.0,13.0,B01
201500016142,0,7,0,0.0,2.0,3.0,15.0,A01
201500016143,0,7,0,0.0,2.0,3.0,2.0,B01
201500016143,0,33,0,11.0,2.0,1.0,17.0,A01
201500016144,0,7,0,0.0,2.0,4.0,2.0,B01
201500016144,0,7,0,0.0,2.0,0.0,2.0,A01
201500016144,0,10,0,0.0,2.0,4.0,2.0,C01
201500016145,0,7,0,0.0,2.0,0.0,0.0,A01
201500016145,0,7,0,0.0,2.0,0.0,0.0,B01
201500016146,0,7,0,0.0,0.0,0.0,2.0,B01
201500016146,0,30,0,0.0,2.0,8.0,18.0,A01
201500016147,0,7,0,0.0,2.0,0.0,0.0,B01
201500016147,0,3,0,0.0,2.0,1.0,0.0,A01
201500016148,0,7,0,0.0,2.0,4.0,0.0,B01
201500016148,0,7,0,0.0,2.0,1.0,0.0,A01
201500016149,0,33,0,0.0,0.0,0.0,10.0,A01
201500016150,0,7,0,0.0,1.0,1.0,15.0,A01
201500016151,1,7,0,0.0,2.0,2.0,17.0,B01
201500016151,1,30,0,0.0,2.0,8.0,13.0,A01
201500016152,0,7,0,2.0,0.0,1.0,1.0,A01
201500016153,1,15,0,0.0,0.0,0.0,0.0,B01
201500016153,0,30,0,0.0,2.0,3.0,1.0,A01
201500016154,0,7,0,0.0,2.0,2.0,2.0,B01
201500016154,0,7,0,0.0,2.0,3.0,19.0,A01
201500016155,0,30,0,0.0,2.0,1.0,2.0,A01
201500016155,0,7,0,0.0,2.0,6.0,2.0,B01
201500016156,0,30,0,0.0,0.0,0.0,0.0,A01
201500016156,0,7,0,0.0,0.0,0.0,0.0,B01
201500016157,0,7,0,0.0,0.0,2.0,0.0,A01
201500016157,0,1,0,0.0,0.0,0.0,0.0,B01
201500016158,1,7,0,0.0,1.0,4.0,4.0,Z01
201500016159,0,7,0,4.0,0.0,7.0,1.0,A01
201500016160,0,7,0,0.0,2.0,6.0,1.0,B01
201500016160,0,7,0,0.0,2.0,8.0,1.0,C01
201500016160,2,7,0,0.0,2.0,2.0,17.0,A01
201500016161,0,7,0,6.0,0.0,0.0,0.0,A01
201500016162,0,7,0,16.0,0.0,9.0,0.0,A01
201500016163,0,7,0,0.0,2.0,3.0,2.0,A01
201500016163,0,7,0,0.0,2.0,5.0,2.0,B01
201500016164,0,7,0,0.0,2.0,1.0,2.0,A01
201500016164,0,10,0,0.0,2.0,5.0,2.0,B01
201500016165,0,7,0,0.0,2.0,4.0,0.0,B01
201500016165,0,7,0,0.0,2.0,1.0,2.0,A01
201500016165,0,7,0,0.0,2.0,4.0,2.0,D01
201500016165,0,7,0,0.0,2.0,4.0,2.0,C01
201500016166,0,7,0,2.0,0.0,1.0,19.0,A01
201500016167,0,33,0,0.0,0.0,0.0,2.0,A01
201500016168,0,7,0,0.0,2.0,1.0,13.0,A01
201500016168,0,7,0,2.0,2.0,7.0,21.0,B01
201500016169,0,7,0,3.0,0.0,2.0,11.0,A01
201500016170,0,32,0,15.0,2.0,1.0,1.0,B01
201500016170,0,7,0,0.0,2.0,3.0,15.0,A01
201500016171,0,7,0,0.0,2.0,3.0,1.0,A01
201500016171,0,38,0,0.0,2.0,6.0,1.0,B01
201500016172,0,7,0,0.0,2.0,7.0,2.0,B01
201500016172,0,7,0,0.0,2.0,3.0,9.0,A01
201500016173,0,10,0,0.0,2.0,6.0,23.0,B01
201500016173,0,34,0,0.0,2.0,1.0,2.0,A01
201500016174,0,7,0,0.0,2.0,5.0,0.0,B01
201500016174,0,37,0,0.0,2.0,3.0,1.0,A01
201500016175,0,7,0,0.0,2.0,1.0,1.0,B01
201500016175,0,30,0,0.0,2.0,7.0,15.0,A01
201500016176,0,7,0,0.0,2.0,1.0,2.0,B01
201500016176,0,10,0,0.0,2.0,1.0,19.0,A01
201500016177,0,7,0,0.0,2.0,3.0,1.0,B01
201500016177,0,7,0,0.0,2.0,3.0,1.0,A01
201500016178,0,37,0,0.0,2.0,1.0,2.0,A01
201500016178,0,7,0,0.0,2.0,4.0,1.0,B01
201500016179,0,7,0,4.0,0.0,6.0,1.0,B01
201500016179,0,7,0,0.0,2.0,2.0,14.0,A01
201500016180,1,7,0,0.0,2.0,7.0,15.0,A01
201500016180,0,33,0,0.0,2.0,1.0,1.0,B01
201500016181,0,7,0,0.0,2.0,1.0,2.0,A01
201500016181,0,7,0,0.0,0.0,4.0,1.0,B01
201500016182,0,7,0,0.0,2.0,1.0,1.0,B01
201500016182,0,7,0,0.0,2.0,7.0,1.0,A01
201500016183,2,7,0,3.0,0.0,1.0,1.0,A01
201500016184,0,33,0,0.0,2.0,1.0,1.0,B01
201500016184,0,7,0,0.0,2.0,3.0,15.0,A01
201500016185,0,7,0,0.0,2.0,4.0,2.0,B01
201500016185,0,7,0,0.0,2.0,1.0,2.0,A01
201500016186,0,33,0,11.0,2.0,1.0,17.0,A01
201500016186,0,15,0,0.0,2.0,8.0,1.0,B01
201500016187,0,7,0,0.0,2.0,4.0,2.0,B01
201500016187,0,7,0,0.0,2.0,1.0,2.0,A01
201500016188,0,7,0,0.0,1.0,1.0,1.0,A01
201500016189,0,7,0,4.0,0.0,1.0,0.0,A01
201500016190,0,7,0,0.0,2.0,7.0,1.0,B01
201500016190,0,7,0,0.0,2.0,1.0,19.0,A01
201500016191,0,7,0,0.0,2.0,8.0,10.0,A01
201500016191,0,7,0,0.0,2.0,1.0,1.0,B01
201500016192,0,7,0,0.0,1.0,4.0,4.0,A01
201500016193,0,7,0,0.0,1.0,3.0,1.0,A01
201500016194,0,7,0,0.0,2.0,1.0,5.0,A01
201500016194,0,7,0,0.0,2.0,1.0,1.0,B01
201500016195,0,7,0,0.0,2.0,2.0,1.0,B01
201500016195,0,7,0,0.0,2.0,1.0,1.0,A01
201500016196,0,7,0,0.0,2.0,4.0,2.0,A01
201500016196,0,10,0,0.0,2.0,1.0,2.0,B01
201500016197,0,7,0,0.0,2.0,2.0,15.0,A01
201500016197,0,7,0,0.0,2.0,3.0,2.0,B01
201500016198,0,30,0,0.0,2.0,1.0,1.0,B01
201500016198,0,7,0,0.0,2.0,2.0,15.0,A01
201500016199,0,7,0,0.0,2.0,3.0,1.0,B01
201500016199,0,7,0,0.0,2.0,1.0,1.0,A01
201500016200,0,10,0,3.0,2.0,3.0,1.0,A01
201500016200,0,7,0,0.0,2.0,8.0,1.0,B01
201500016201,0,7,0,4.0,0.0,1.0,0.0,A01
201500016202,0,10,0,0.0,0.0,3.0,9.0,A01
201500016202,0,30,0,0.0,2.0,5.0,15.0,B01
201500016203,0,7,0,0.0,2.0,4.0,2.0,B01
201500016203,0,7,0,0.0,2.0,1.0,2.0,A01
201500016204,0,34,0,0.0,2.0,1.0,1.0,B01
201500016204,0,7,0,0.0,2.0,5.0,9.0,A01
201500016205,0,7,0,8.0,2.0,4.0,15.0,B01
201500016205,0,10,0,0.0,2.0,4.0,1.0,A01
201500016206,0,7,0,0.0,2.0,1.0,19.0,A01
201500016206,0,7,0,0.0,2.0,7.0,1.0,B01
201500016207,0,7,0,0.0,1.0,5.0,0.0,A01
201500016208,1,7,0,0.0,2.0,3.0,13.0,Z01
201500016208,0,7,0,0.0,2.0,3.0,1.0,A01
201500016209,0,7,0,0.0,2.0,3.0,2.0,A01
201500016209,0,7,0,0.0,0.0,5.0,2.0,B01
201500016210,0,7,0,2.0,0.0,1.0,1.0,A01
201500016211,0,7,0,0.0,2.0,1.0,2.0,B01
201500016211,0,7,0,0.0,2.0,3.0,2.0,A01
201500016212,0,7,0,0.0,2.0,2.0,1.0,B01
201500016212,0,7,0,0.0,2.0,7.0,1.0,A01
201500016213,0,7,0,15.0,0.0,1.0,1.0,A01
201500016214,0,7,0,4.0,0.0,1.0,1.0,A01
201500016215,0,7,0,0.0,2.0,1.0,1.0,B01
201500016215,0,7,0,0.0,2.0,7.0,15.0,A01
201500016216,0,7,0,0.0,2.0,1.0,2.0,B01
201500016216,0,13,0,0.0,2.0,5.0,2.0,A01
201500016217,0,7,0,0.0,2.0,6.0,0.0,B01
201500016217,0,7,0,0.0,2.0,2.0,2.0,A01
201500016218,0,32,0,0.0,2.0,1.0,17.0,A01
201500016218,0,7,0,0.0,0.0,8.0,15.0,B01
201500016219,0,7,0,0.0,2.0,1.0,2.0,A01
201500016219,0,7,0,0.0,0.0,4.0,1.0,B01
201500016220,1,99,0,0.0,0.0,0.0,0.0,A01
201500016220,0,7,0,0.0,0.0,4.0,2.0,B01
201500016221,0,7,0,0.0,2.0,7.0,15.0,B01
201500016221,0,30,0,0.0,2.0,2.0,17.0,A01
201500016222,0,7,0,0.0,1.0,2.0,1.0,A01
201500016223,0,7,0,0.0,2.0,1.0,1.0,B01
201500016223,0,7,0,0.0,2.0,4.0,1.0,A01
201500016223,0,7,0,0.0,2.0,1.0,1.0,D01
201500016223,0,7,0,0.0,2.0,1.0,1.0,C01
201500016224,0,7,0,0.0,2.0,1.0,2.0,A01
201500016224,0,7,0,0.0,2.0,4.0,2.0,B01
201500016225,0,7,0,0.0,2.0,2.0,0.0,A01
201500016225,0,7,0,0.0,2.0,6.0,0.0,B01
201500016226,0,7,0,0.0,0.0,7.0,0.0,B01
201500016226,0,7,0,0.0,0.0,1.0,0.0,A01
201500016227,1,7,0,0.0,2.0,5.0,0.0,A01
201500016227,0,7,0,0.0,2.0,5.0,1.0,B01
201500016227,0,7,0,0.0,2.0,0.0,0.0,C01
201500016228,0,7,0,0.0,2.0,5.0,2.0,A01
201500016228,0,7,0,0.0,2.0,1.0,2.0,B01
201500016229,0,7,0,0.0,2.0,3.0,16.0,A01
201500016229,0,1,0,0.0,2.0,0.0,1.0,B01
201500016230,0,7,0,4.0,0.0,0.0,0.0,A01
201500016231,0,33,0,0.0,2.0,1.0,1.0,B01
201500016231,0,7,0,0.0,0.0,8.0,9.0,A01
201500016232,0,7,0,0.0,2.0,8.0,19.0,A01
201500016232,0,13,0,0.0,2.0,1.0,1.0,B01
201500016233,0,7,0,0.0,2.0,1.0,1.0,B01
201500016233,0,7,0,0.0,2.0,8.0,1.0,A01
201500016234,0,10,0,0.0,1.0,2.0,1.0,A01
201500016235,0,7,0,0.0,2.0,3.0,15.0,B01
201500016235,0,7,0,0.0,2.0,2.0,17.0,A01
201500016236,0,7,0,0.0,2.0,3.0,2.0,A01
201500016236,0,7,0,0.0,0.0,5.0,2.0,B01
201500016237,0,7,0,0.0,2.0,3.0,1.0,A01
201500016237,0,7,0,0.0,2.0,1.0,1.0,B01
201500016238,0,15,0,0.0,2.0,5.0,23.0,B01
201500016238,0,14,0,0.0,2.0,3.0,11.0,A01
201500016239,0,1,0,0.0,0.0,0.0,0.0,B01
201500016239,0,7,0,0.0,2.0,7.0,14.0,A01
201500016240,0,10,0,0.0,0.0,0.0,0.0,A01
201500016240,0,2,0,0.0,0.0,0.0,0.0,B01
201500016241,0,7,0,0.0,0.0,9.0,2.0,A01
201500016242,0,7,0,0.0,0.0,9.0,1.0,A01
201500016243,0,7,0,0.0,1.0,3.0,1.0,A01
201500016244,0,7,0,13.0,0.0,3.0,1.0,A01
201500016245,0,7,0,0.0,6.0,0.0,0.0,A01
201500016246,0,7,0,4.0,0.0,3.0,0.0,A01
201500016247,0,30,0,0.0,0.0,8.0,17.0,A01
201500016248,0,7,0,0.0,0.0,0.0,0.0,A01
201500016249,0,7,0,0.0,1.0,1.0,16.0,A01
201500016250,0,7,0,12.0,0.0,5.0,16.0,A01
201500016251,0,7,0,0.0,2.0,3.0,19.0,A01
201500016251,0,7,0,0.0,0.0,7.0,1.0,B01
201500016252,0,7,0,0.0,2.0,1.0,1.0,B01
201500016252,0,7,0,0.0,2.0,3.0,15.0,A01
201500016253,0,33,0,0.0,2.0,3.0,1.0,A01
201500016253,0,7,0,0.0,2.0,6.0,15.0,B01
201500016254,0,7,0,0.0,1.0,3.0,2.0,A01
201500016255,0,7,0,2.0,0.0,1.0,1.0,A01
201500016256,0,7,0,0.0,0.0,0.0,0.0,A01
201500016256,0,10,0,0.0,0.0,0.0,0.0,B01
201500016257,0,7,0,0.0,0.0,4.0,1.0,B01
201500016257,0,7,0,0.0,0.0,1.0,1.0,A01
201500016258,0,7,0,0.0,2.0,1.0,1.0,B01
201500016258,0,7,0,0.0,2.0,3.0,15.0,A01
201500016259,0,7,0,8.0,0.0,0.0,0.0,A01
201500016260,0,7,0,0.0,2.0,0.0,6.0,A01
201500016260,0,32,0,0.0,2.0,1.0,1.0,B01
201500016261,0,7,0,0.0,0.0,0.0,0.0,A01
201500016261,0,7,0,0.0,0.0,0.0,0.0,B01
201500016262,0,7,0,0.0,2.0,3.0,1.0,A01
201500016262,0,7,0,0.0,2.0,4.0,15.0,B01
201500016263,0,7,0,0.0,1.0,2.0,2.0,A01
201500016264,0,7,0,11.0,0.0,1.0,16.0,A01
201500016265,0,7,0,0.0,2.0,6.0,11.0,A01
201500016265,0,7,0,0.0,2.0,2.0,1.0,B02
201500016266,0,7,0,0.0,2.0,2.0,17.0,A01
201500016266,0,7,0,0.0,2.0,3.0,1.0,B02
201500016267,0,16,0,0.0,0.0,7.0,1.0,A01
201500016268,0,7,0,0.0,2.0,4.0,2.0,A01
201500016268,0,7,0,0.0,2.0,4.0,2.0,B02
201500016268,0,10,0,0.0,2.0,1.0,2.0,C03
201500016268,0,7,0,0.0,2.0,1.0,2.0,D04
201500016269,0,10,0,0.0,2.0,1.0,2.0,A01
201500016269,0,7,0,0.0,0.0,4.0,2.0,B02
201500016270,0,7,0,5.0,2.0,1.0,17.0,A01
201500016270,0,17,0,0.0,0.0,6.0,1.0,B02
201500016271,0,10,0,3.0,0.0,3.0,1.0,A01
201500016272,0,7,0,0.0,2.0,1.0,14.0,A01
201500016272,0,17,0,0.0,2.0,4.0,1.0,B02
201500016273,0,7,0,4.0,0.0,3.0,1.0,A01
201500016274,0,7,0,0.0,2.0,5.0,2.0,A01
201500016274,0,7,0,0.0,2.0,6.0,2.0,B02
201500016274,0,7,0,0.0,2.0,1.0,2.0,C03
201500016274,0,7,0,0.0,2.0,1.0,2.0,D04
201500016275,0,7,0,0.0,0.0,2.0,21.0,A01
201500016276,0,7,0,4.0,6.0,1.0,21.0,A01
201500016276,0,7,0,0.0,2.0,1.0,2.0,B02
201500016277,0,7,0,0.0,0.0,0.0,1.0,A01
201500016277,0,33,0,0.0,2.0,3.0,21.0,B02
201500016277,0,7,0,0.0,2.0,2.0,17.0,C03
201500016278,0,7,0,0.0,2.0,2.0,11.0,A01
201500016278,0,14,0,0.0,0.0,6.0,1.0,B02
201500016279,0,7,0,0.0,2.0,1.0,2.0,A01
201500016279,0,17,0,0.0,0.0,4.0,1.0,B02
201500016280,0,7,0,3.0,0.0,1.0,13.0,A01
201500016281,0,7,0,1.0,2.0,1.0,2.0,A01
201500016281,0,7,0,0.0,0.0,4.0,1.0,B02
201500016282,0,17,0,4.0,0.0,1.0,13.0,A01
201500016283,0,7,0,0.0,2.0,1.0,2.0,A01
201500016283,0,7,0,0.0,0.0,4.0,2.0,B02
201500016284,0,7,0,0.0,2.0,1.0,2.0,A01
201500016284,0,7,0,0.0,2.0,4.0,1.0,B02
201500016285,0,7,0,2.0,0.0,1.0,14.0,A01
201500016286,0,7,0,0.0,2.0,1.0,2.0,A01
201500016286,0,7,0,0.0,2.0,4.0,2.0,B02
201500016287,0,7,0,0.0,0.0,0.0,1.0,A01
201500016288,0,7,0,0.0,2.0,2.0,1.0,A01
201500016288,0,7,0,0.0,2.0,4.0,1.0,B02
201500016289,0,7,0,0.0,2.0,1.0,2.0,A01
201500016289,0,7,0,0.0,0.0,4.0,2.0,B02
201500016289,0,7,0,0.0,0.0,4.0,2.0,C03
201500016290,0,7,0,0.0,2.0,2.0,17.0,A01
201500016290,0,17,0,0.0,0.0,8.0,1.0,B02
201500016291,0,7,0,3.0,1.0,2.0,21.0,A01
201500016292,0,15,0,0.0,0.0,5.0,23.0,A01
201500016292,0,14,0,1.0,0.0,2.0,2.0,B02
201500016293,0,7,0,0.0,2.0,1.0,9.0,A01
201500016293,0,7,0,0.0,2.0,2.0,1.0,B02
201500016294,0,7,0,0.0,2.0,2.0,1.0,A01
201500016294,0,7,0,0.0,2.0,6.0,1.0,B02
201500016295,0,7,0,0.0,1.0,3.0,1.0,A01
201500016296,0,7,0,0.0,0.0,2.0,1.0,B02
201500016296,0,10,0,0.0,1.0,7.0,1.0,A01
201500016297,0,7,0,0.0,9.0,3.0,1.0,A01
201500016298,0,7,0,1.0,1.0,1.0,1.0,A01
201500016298,0,17,0,0.0,2.0,5.0,23.0,B02
201500016299,0,7,0,0.0,2.0,6.0,23.0,A01
201500016299,0,15,0,0.0,2.0,3.0,1.0,B02
201500016299,0,7,0,0.0,2.0,2.0,13.0,C03
201500016300,0,17,0,16.0,0.0,8.0,1.0,A01
201500016301,0,33,0,0.0,0.0,8.0,1.0,A01
201500016302,0,14,0,0.0,2.0,8.0,1.0,A01
201500016302,0,1,0,0.0,2.0,1.0,1.0,B02
201500016303,0,33,0,0.0,2.0,7.0,17.0,B02
201500016303,0,10,0,0.0,2.0,8.0,15.0,A01
201500016304,0,30,0,0.0,2.0,1.0,10.0,B02
201500016304,0,17,0,0.0,2.0,2.0,1.0,A01
201500016305,0,7,0,4.0,0.0,3.0,17.0,A01
201500016306,0,7,0,0.0,2.0,1.0,2.0,B02
201500016306,0,7,0,0.0,2.0,1.0,1.0,D04
201500016306,0,7,0,0.0,2.0,4.0,2.0,A01
201500016306,0,7,0,0.0,2.0,1.0,1.0,C03