Num_Acc,senc,catv,occutc,obs,obsm,choc,manv,num_veh
201500016307,0,10,0,3.0,0.0,2.0,14.0,A01
201500016308,0,14,0,8.0,0.0,2.0,14.0,A01
201500016309,0,7,0,0.0,0.0,2.0,14.0,A01
201500016310,0,14,0,0.0,2.0,2.0,12.0,B02
201500016310,0,7,0,0.0,2.0,3.0,11.0,A01
201500016311,0,7,0,13.0,0.0,9.0,0.0,A01
201500016312,0,7,0,0.0,2.0,3.0,1.0,A01
201500016312,0,7,0,0.0,2.0,5.0,1.0,B02
201500016313,0,7,0,13.0,0.0,2.0,1.0,A01
201500016314,0,1,0,0.0,2.0,7.0,13.0,B02
201500016314,0,7,0,0.0,9.0,6.0,16.0,A01
201500016315,0,7,0,0.0,2.0,1.0,5.0,A01
201500016315,0,7,0,0.0,2.0,1.0,1.0,B02
201500016316,0,7,0,0.0,2.0,1.0,1.0,B02
201500016316,0,7,0,0.0,2.0,3.0,15.0,A01
201500016317,0,7,0,0.0,0.0,1.0,1.0,A01
201500016318,0,7,0,0.0,2.0,3.0,13.0,A01
201500016318,0,33,0,0.0,2.0,1.0,1.0,B02
201500016319,0,31,0,0.0,9.0,0.0,2.0,A01
201500016320,0,33,0,0.0,2.0,1.0,17.0,A01
201500016320,0,7,0,0.0,2.0,6.0,15.0,B02
201500016321,0,10,0,0.0,2.0,1.0,1.0,C03
201500016321,0,7,0,0.0,2.0,8.0,24.0,A01
201500016321,0,7,0,0.0,2.0,1.0,13.0,B02
201500016322,0,7,0,12.0,0.0,2.0,1.0,A01
201500016323,0,7,0,13.0,0.0,7.0,1.0,A01
201500016324,0,7,0,0.0,0.0,0.0,2.0,D04
201500016324,0,7,0,0.0,2.0,3.0,1.0,B02
201500016324,0,7,0,0.0,2.0,3.0,13.0,C03
201500016324,0,7,0,0.0,2.0,2.0,1.0,A01
201500016325,0,7,0,0.0,1.0,2.0,1.0,A01
201500016326,0,7,0,0.0,2.0,6.0,17.0,A01
201500016326,0,10,0,0.0,2.0,3.0,1.0,B02
201500016327,0,17,0,0.0,2.0,3.0,1.0,B02
201500016327,0,7,0,0.0,2.0,3.0,13.0,A01
201500016328,0,7,0,3.0,0.0,1.0,0.0,A01
201500016329,0,7,0,3.0,0.0,1.0,1.0,A01
201500016330,0,10,0,13.0,0.0,2.0,14.0,A01
201500016331,0,10,0,13.0,0.0,3.0,11.0,A01
201500016332,0,15,0,0.0,0.0,6.0,24.0,A01
201500016332,0,30,0,1.0,0.0,1.0,2.0,B02
201500016333,0,7,0,11.0,0.0,1.0,0.0,A01
201500016334,0,7,0,0.0,0.0,9.0,1.0,A01
201500016335,0,7,0,0.0,2.0,6.0,2.0,A01
201500016335,0,10,0,0.0,2.0,6.0,2.0,B02
201500016336,0,7,0,3.0,0.0,3.0,1.0,A01
201500016337,0,7,0,0.0,2.0,2.0,2.0,A01
201500016337,0,7,0,0.0,2.0,6.0,2.0,B02
201500016338,0,7,0,0.0,0.0,1.0,1.0,A01
201500016339,0,7,0,0.0,2.0,8.0,1.0,A01
201500016339,0,15,0,0.0,2.0,1.0,1.0,B02
201500016340,0,10,0,3.0,0.0,0.0,2.0,A01
201500016341,0,10,0,0.0,0.0,0.0,1.0,A01
201500016342,0,10,0,0.0,9.0,6.0,1.0,A01
201500016342,0,7,0,0.0,9.0,8.0,2.0,B02
201500016342,0,7,0,0.0,0.0,1.0,1.0,C03
201500016342,0,7,0,0.0,0.0,0.0,1.0,D04
201500016343,0,38,27,14.0,0.0,0.0,1.0,A01
201500016344,0,14,0,13.0,0.0,3.0,1.0,A01
201500016345,0,7,0,0.0,2.0,1.0,1.0,A01
201500016345,0,7,0,0.0,2.0,8.0,1.0,B02
201500016346,0,7,0,0.0,2.0,3.0,1.0,B02
201500016346,0,7,0,0.0,2.0,3.0,13.0,A01
201500016347,0,7,0,13.0,0.0,2.0,1.0,A01
201500016348,0,7,0,0.0,2.0,3.0,1.0,B02
201500016348,0,7,0,0.0,2.0,3.0,1.0,A01
201500016349,0,7,0,0.0,2.0,7.0,1.0,B02
201500016349,0,2,0,0.0,2.0,1.0,19.0,A01
201500016350,0,7,0,0.0,2.0,1.0,5.0,A01
201500016350,0,2,0,0.0,2.0,1.0,1.0,B02
201500016351,0,1,0,0.0,2.0,8.0,1.0,B02
201500016351,0,7,0,0.0,2.0,8.0,1.0,A01
201500016352,0,7,0,0.0,2.0,3.0,10.0,A01
201500016352,0,30,0,0.0,2.0,2.0,1.0,B02
201500016353,0,7,0,0.0,2.0,1.0,1.0,A01
201500016353,0,31,0,0.0,2.0,1.0,13.0,B02
201500016354,0,10,0,0.0,2.0,1.0,17.0,C03
201500016354,0,31,0,0.0,2.0,3.0,9.0,A01
201500016354,0,7,0,0.0,2.0,2.0,17.0,B02
201500016355,0,14,0,0.0,2.0,1.0,1.0,B02
201500016355,0,7,0,8.0,2.0,7.0,1.0,A01
201500016355,0,7,0,0.0,0.0,3.0,23.0,C03
201500016355,0,7,0,0.0,0.0,0.0,23.0,D04
201500016356,0,7,0,3.0,0.0,3.0,1.0,A01
201500016357,0,7,0,8.0,0.0,8.0,0.0,A01
201500016358,0,7,0,0.0,0.0,1.0,1.0,C01
201500016358,0,7,0,0.0,0.0,3.0,13.0,A01
201500016358,0,14,0,0.0,2.0,3.0,1.0,B01
201500016359,0,7,0,0.0,0.0,3.0,1.0,A01
201500016360,0,15,0,0.0,2.0,3.0,1.0,B01
201500016360,0,7,0,0.0,2.0,3.0,13.0,A01
201500016361,0,7,0,0.0,0.0,8.0,15.0,A01
201500016361,0,7,0,0.0,2.0,1.0,1.0,B01
201500016362,0,33,0,0.0,2.0,2.0,21.0,A01
201500016362,0,7,0,0.0,2.0,3.0,15.0,B02
201500016363,0,7,0,0.0,1.0,0.0,2.0,A01
201500016364,0,7,0,13.0,0.0,3.0,1.0,A01
201500016365,0,7,0,2.0,0.0,2.0,1.0,A01
201500016366,0,7,0,0.0,9.0,3.0,13.0,A01
201500016366,0,1,0,0.0,0.0,3.0,1.0,B02
201500016367,0,7,0,0.0,0.0,1.0,13.0,A01
201500016367,0,7,0,0.0,0.0,3.0,1.0,B02
201500016368,0,7,0,0.0,0.0,5.0,15.0,A01
201500016368,0,33,0,0.0,2.0,1.0,1.0,B02
201500016369,0,33,0,0.0,2.0,1.0,1.0,A01
201500016369,0,7,0,0.0,2.0,3.0,1.0,B02
201500016370,0,7,0,0.0,2.0,3.0,2.0,B02
201500016370,0,2,0,0.0,2.0,1.0,13.0,A01
201500016371,0,10,0,2.0,0.0,2.0,1.0,A01
201500016372,0,7,0,0.0,2.0,1.0,1.0,A01
201500016372,0,7,0,0.0,2.0,4.0,23.0,B01
201500016373,0,37,15,0.0,1.0,7.0,1.0,A01
201500016374,0,7,0,0.0,1.0,1.0,16.0,A01
201500016375,0,7,0,0.0,2.0,8.0,9.0,A01
201500016375,0,30,0,0.0,2.0,1.0,1.0,B01
201500016376,0,7,0,13.0,0.0,9.0,14.0,A01
201500016377,0,10,0,0.0,1.0,2.0,1.0,A01
201500016378,0,1,0,0.0,2.0,1.0,23.0,B01
201500016378,0,7,0,0.0,2.0,1.0,15.0,A01
201500016379,0,7,0,0.0,1.0,1.0,16.0,A01
201500016380,0,2,0,7.0,0.0,1.0,14.0,A01
201500016381,0,2,0,0.0,2.0,1.0,17.0,A01
201500016381,0,10,0,0.0,2.0,8.0,15.0,B01
201500016382,0,7,0,15.0,0.0,2.0,0.0,A01
201500016383,0,7,0,0.0,2.0,1.0,1.0,A01
201500016383,0,7,0,0.0,2.0,4.0,23.0,B01
201500016383,0,7,0,0.0,0.0,4.0,23.0,C01
201500016384,0,3,0,8.0,2.0,5.0,0.0,A01
201500016384,0,7,0,0.0,2.0,3.0,0.0,B01
201500016385,0,7,0,0.0,1.0,1.0,17.0,A01
201500016386,0,7,0,5.0,0.0,1.0,1.0,A01
201500016387,0,7,0,0.0,2.0,1.0,1.0,A01
201500016387,0,7,0,0.0,2.0,4.0,23.0,B01
201500016388,0,7,0,0.0,1.0,1.0,1.0,A01
201500016389,0,30,0,0.0,1.0,2.0,17.0,A01
201500016390,0,7,0,0.0,1.0,1.0,9.0,A01
201500016391,0,7,0,0.0,1.0,4.0,20.0,A01
201500016392,0,7,0,0.0,2.0,1.0,15.0,A01
201500016392,0,7,0,0.0,2.0,1.0,1.0,B01
201500016393,0,7,0,7.0,1.0,3.0,1.0,B01
201500016393,0,7,0,0.0,2.0,3.0,15.0,A01
201500016394,0,33,0,1.0,2.0,1.0,1.0,A01
201500016394,0,7,0,0.0,2.0,4.0,1.0,B01
201500016395,0,7,0,0.0,2.0,8.0,9.0,A01
201500016395,0,1,0,0.0,2.0,1.0,1.0,B01
201500016396,0,37,10,0.0,1.0,1.0,1.0,A01
201500016397,0,30,0,0.0,1.0,1.0,1.0,A01
201500016398,0,7,0,0.0,1.0,4.0,4.0,A01
201500016399,0,3,0,0.0,1.0,2.0,1.0,A01
201500016400,0,7,0,0.0,1.0,3.0,1.0,A01
201500016401,1,7,0,0.0,1.0,1.0,1.0,Z01
201500016402,0,1,0,0.0,1.0,1.0,1.0,A01
201500016403,1,33,0,6.0,1.0,1.0,1.0,Z01
201500016404,0,2,0,0.0,2.0,3.0,1.0,B01
201500016404,0,7,0,0.0,2.0,3.0,15.0,A01
201500016405,0,1,0,0.0,1.0,1.0,1.0,A01
201500016406,0,7,0,0.0,2.0,8.0,15.0,B01
201500016406,0,7,0,8.0,2.0,1.0,1.0,A01
201500016407,0,7,0,0.0,1.0,3.0,15.0,A01
201500016408,0,33,0,0.0,1.0,1.0,1.0,A01
201500016409,0,33,0,0.0,2.0,5.0,1.0,B01
201500016409,0,7,0,0.0,2.0,1.0,9.0,A01
201500016410,1,7,0,0.0,2.0,1.0,1.0,Z01
201500016410,0,1,0,0.0,2.0,4.0,1.0,A01
201500016411,0,7,0,0.0,2.0,1.0,1.0,B01
201500016411,0,7,0,7.0,2.0,7.0,15.0,A01
201500016412,0,2,0,8.0,0.0,1.0,14.0,A01
201500016413,0,33,0,0.0,1.0,2.0,21.0,A01
201500016414,0,7,0,0.0,2.0,2.0,1.0,A01
201500016414,0,7,0,0.0,2.0,6.0,1.0,B01
201500016415,0,7,0,0.0,2.0,8.0,15.0,A01
201500016415,0,30,0,0.0,2.0,1.0,1.0,B01
201500016416,0,33,0,0.0,2.0,1.0,1.0,A01
201500016416,0,7,0,0.0,2.0,7.0,23.0,B01
201500016417,0,7,0,2.0,0.0,1.0,14.0,A01
201500016418,0,33,0,0.0,2.0,2.0,1.0,B01
201500016418,0,10,0,0.0,2.0,6.0,11.0,A01
201500016419,0,7,0,0.0,2.0,3.0,13.0,A01
201500016419,0,7,0,0.0,2.0,1.0,1.0,B01
201500016420,0,7,0,0.0,1.0,2.0,1.0,A01
201500016421,0,33,0,0.0,2.0,1.0,1.0,B01
201500016421,0,7,0,0.0,2.0,8.0,15.0,A01
201500016422,0,7,0,0.0,1.0,2.0,16.0,A01
201500016422,0,7,0,0.0,0.0,0.0,0.0,B01
201500016423,0,7,0,0.0,1.0,3.0,21.0,A01
201500016424,0,7,0,2.0,0.0,4.0,14.0,A01
201500016425,0,33,0,12.0,0.0,1.0,1.0,A01
201500016426,1,7,0,0.0,1.0,3.0,1.0,A01
201500016427,0,7,0,0.0,2.0,6.0,13.0,A01
201500016427,0,32,0,0.0,2.0,1.0,1.0,B01
201500016428,0,2,0,1.0,0.0,1.0,1.0,A01
201500016429,0,10,0,0.0,2.0,7.0,1.0,B01
201500016429,0,30,0,0.0,2.0,8.0,16.0,A01
201500016430,0,7,0,0.0,1.0,1.0,1.0,A01
201500016431,0,1,0,0.0,2.0,7.0,1.0,B01
201500016431,0,10,0,0.0,2.0,1.0,19.0,A01
201500016432,0,7,0,0.0,2.0,2.0,15.0,A01
201500016432,0,33,0,0.0,2.0,3.0,16.0,B01
201500016433,0,37,10,0.0,1.0,5.0,21.0,A01
201500016434,0,7,0,0.0,1.0,2.0,15.0,A01
201500016435,0,7,0,0.0,2.0,2.0,13.0,A01
201500016435,0,2,0,0.0,2.0,1.0,1.0,B01
201500016436,0,7,0,0.0,1.0,3.0,1.0,A01
201500016437,0,10,0,0.0,2.0,1.0,1.0,B01
201500016437,0,7,0,0.0,2.0,7.0,15.0,A01
201500016438,0,7,0,0.0,1.0,1.0,1.0,A01
201500016439,0,40,0,0.0,1.0,3.0,1.0,A01
201500016440,0,7,0,0.0,2.0,3.0,13.0,A01
201500016440,0,37,0,0.0,2.0,3.0,1.0,B01
201500016441,0,7,0,0.0,2.0,1.0,1.0,A01
201500016441,0,7,0,6.0,2.0,8.0,1.0,B01
201500016442,0,1,0,0.0,2.0,4.0,12.0,B01
201500016442,0,10,0,0.0,2.0,3.0,1.0,A01
201500016443,0,7,0,0.0,2.0,1.0,11.0,A01
201500016443,0,7,0,0.0,2.0,4.0,1.0,B01
201500016444,0,34,0,0.0,2.0,7.0,1.0,B01
201500016444,0,7,0,0.0,2.0,1.0,19.0,A01
201500016445,0,33,0,0.0,2.0,1.0,21.0,A01
201500016445,1,7,0,0.0,2.0,8.0,19.0,Z01
201500016446,0,33,0,0.0,2.0,2.0,17.0,A01
201500016446,0,10,0,0.0,2.0,8.0,15.0,B01
201500016447,0,7,0,0.0,2.0,8.0,10.0,A01
201500016447,0,30,0,0.0,2.0,1.0,1.0,B01
201500016447,0,2,0,0.0,2.0,1.0,1.0,C01
201500016448,0,7,0,0.0,1.0,1.0,1.0,A01
201500016449,0,2,0,0.0,2.0,2.0,1.0,A01
201500016449,0,7,0,0.0,2.0,3.0,15.0,B01
201500016450,0,2,0,0.0,2.0,1.0,1.0,A01
201500016450,0,7,0,0.0,2.0,6.0,1.0,B01
201500016451,0,7,0,0.0,2.0,1.0,15.0,A01
201500016451,0,31,0,0.0,2.0,8.0,1.0,B01
201500016452,0,7,0,0.0,1.0,1.0,20.0,A01
201500016453,0,10,0,0.0,2.0,7.0,16.0,A01
201500016453,0,37,0,0.0,2.0,3.0,1.0,B01
201500016454,0,31,0,0.0,2.0,1.0,21.0,A01
201500016454,0,7,0,0.0,2.0,3.0,16.0,B01
201500016455,0,7,0,0.0,2.0,1.0,1.0,A01
201500016455,0,7,0,0.0,2.0,8.0,15.0,B01
201500016456,0,7,0,0.0,2.0,9.0,1.0,A01
201500016456,0,7,0,0.0,2.0,1.0,1.0,B02
201500016457,0,7,0,0.0,2.0,4.0,23.0,A01
201500016457,0,2,0,0.0,2.0,1.0,2.0,B02
201500016458,0,7,0,3.0,0.0,1.0,0.0,A01
201500016459,0,7,0,0.0,2.0,1.0,1.0,B02
201500016459,0,7,0,0.0,2.0,3.0,19.0,A01
201500016460,0,2,0,0.0,2.0,3.0,1.0,B01
201500016461,0,7,0,0.0,2.0,1.0,1.0,A01
201500016461,0,7,0,0.0,2.0,7.0,15.0,B01
201500016462,0,30,0,0.0,2.0,7.0,1.0,B01
201500016462,0,7,0,0.0,2.0,4.0,4.0,A01
201500016463,0,30,0,0.0,2.0,1.0,1.0,A01
201500016463,0,7,0,0.0,0.0,5.0,2.0,B01
201500016464,0,7,0,0.0,0.0,0.0,0.0,A01
201500016465,0,7,0,0.0,2.0,8.0,1.0,A01
201500016465,1,7,0,0.0,2.0,0.0,0.0,B01
201500016466,0,2,0,0.0,0.0,0.0,1.0,A01
201500016467,0,7,0,0.0,2.0,5.0,19.0,A01
201500016467,0,30,0,0.0,2.0,1.0,1.0,B01
201500016468,0,7,0,0.0,1.0,0.0,0.0,A01
201500016469,0,7,0,13.0,0.0,2.0,14.0,A01
201500016470,0,7,0,1.0,1.0,0.0,0.0,A01
201500016471,0,7,0,0.0,2.0,1.0,1.0,A01
201500016471,0,7,0,0.0,0.0,2.0,1.0,B01
201500016472,0,7,0,1.0,1.0,1.0,0.0,A01
201500016473,0,2,0,0.0,2.0,1.0,2.0,A01
201500016473,0,7,0,0.0,9.0,5.0,1.0,B01
201500016474,0,7,0,0.0,2.0,4.0,1.0,B01
201500016474,0,33,0,0.0,2.0,1.0,2.0,A01
201500016475,0,7,0,0.0,2.0,3.0,0.0,A01
201500016475,0,31,0,0.0,2.0,5.0,1.0,B01
201500016476,0,7,0,0.0,1.0,1.0,1.0,A01
201500016477,0,33,0,0.0,5.0,1.0,2.0,A01
201500016478,0,7,0,0.0,2.0,2.0,15.0,A01
201500016478,0,7,0,0.0,2.0,1.0,1.0,B01
201500016479,0,7,0,0.0,2.0,1.0,1.0,B02
201500016479,0,7,0,0.0,2.0,1.0,13.0,A01
201500016480,0,7,0,0.0,2.0,3.0,13.0,A01
201500016480,0,10,0,0.0,2.0,3.0,1.0,B02
201500016481,0,7,0,0.0,2.0,6.0,1.0,C03
201500016481,0,7,0,0.0,2.0,3.0,1.0,B02
201500016481,0,7,0,0.0,2.0,3.0,13.0,A01
201500016482,0,7,0,13.0,0.0,1.0,14.0,A01
201500016483,0,7,0,0.0,2.0,1.0,1.0,A01
201500016483,0,7,0,0.0,2.0,1.0,0.0,D04
201500016483,0,7,0,0.0,2.0,1.0,1.0,C03
201500016483,0,14,0,0.0,2.0,3.0,1.0,B02
201500016484,0,7,0,8.0,0.0,2.0,13.0,A01
201500016485,0,33,0,13.0,0.0,1.0,1.0,A01
201500016486,0,7,0,0.0,1.0,2.0,16.0,A01
201500016487,0,3,0,0.0,2.0,2.0,1.0,A01
201500016487,0,1,0,0.0,2.0,3.0,15.0,B02
201500016488,0,33,0,0.0,0.0,0.0,1.0,A01
201500016489,0,1,0,0.0,2.0,8.0,16.0,A01
201500016489,0,21,0,0.0,2.0,6.0,1.0,B02
201500016490,0,35,0,0.0,2.0,8.0,1.0,A01
201500016490,0,7,0,0.0,2.0,1.0,15.0,B02
201500016491,0,7,0,0.0,2.0,3.0,1.0,B02
201500016491,0,7,0,0.0,2.0,3.0,13.0,A01
201500016492,0,33,0,13.0,0.0,1.0,17.0,A01
201500016493,0,99,0,6.0,0.0,4.0,0.0,A01
201500016494,0,7,0,2.0,0.0,1.0,0.0,A01
201500016495,0,10,0,0.0,2.0,3.0,1.0,B02
201500016495,0,7,0,0.0,2.0,1.0,17.0,A01
201500016495,0,7,0,0.0,2.0,1.0,1.0,C03
201500016496,0,33,0,0.0,0.0,0.0,1.0,A01
201500016497,1,7,0,0.0,1.0,2.0,1.0,A01
201500016498,0,33,0,13.0,0.0,8.0,1.0,A01
201500016499,0,7,0,6.0,0.0,2.0,1.0,A01
201500016500,0,7,0,6.0,0.0,3.0,1.0,A01
201500016501,0,2,0,13.0,0.0,1.0,1.0,A01
201500016502,0,10,0,0.0,2.0,8.0,10.0,A01
201500016502,0,14,0,0.0,2.0,2.0,1.0,B02
201500016503,0,7,0,13.0,0.0,3.0,1.0,A01
201500016504,0,7,0,0.0,1.0,2.0,1.0,A01
201500016505,0,7,0,0.0,2.0,3.0,19.0,B02
201500016505,0,33,0,0.0,2.0,1.0,1.0,A01
201500016506,0,7,0,13.0,0.0,3.0,13.0,A01
201500016507,0,2,0,0.0,1.0,1.0,1.0,A01
201500016508,0,7,0,13.0,0.0,3.0,11.0,A01
201500016509,0,2,0,0.0,2.0,4.0,15.0,A01
201500016509,0,7,0,0.0,2.0,2.0,2.0,B02
201500016510,0,7,0,0.0,2.0,3.0,13.0,A01
201500016510,0,17,0,0.0,2.0,3.0,1.0,B02
201500016511,0,7,0,13.0,0.0,2.0,0.0,A01
201500016512,0,36,0,2.0,0.0,1.0,1.0,A01
201500016513,0,7,0,0.0,2.0,1.0,1.0,B02
201500016513,0,7,0,0.0,2.0,1.0,15.0,A01
201500016514,0,7,0,0.0,2.0,1.0,13.0,A01
201500016514,0,7,0,0.0,2.0,1.0,1.0,B02
201500016515,0,7,0,0.0,1.0,3.0,1.0,A01
201500016516,0,7,0,0.0,0.0,1.0,1.0,B02
201500016516,0,7,0,0.0,0.0,3.0,15.0,A01
201500016517,0,2,0,1.0,0.0,1.0,0.0,A01
201500016518,0,7,0,0.0,1.0,5.0,17.0,A01
201500016519,0,7,0,1.0,0.0,2.0,0.0,A01
201500016520,0,7,0,13.0,0.0,1.0,1.0,A01
201500016521,0,10,0,13.0,0.0,3.0,1.0,A01
201500016522,0,7,0,0.0,2.0,2.0,19.0,B02
201500016522,0,7,0,0.0,2.0,1.0,1.0,A01
201500016523,0,31,0,0.0,0.0,0.0,1.0,A01
201500016524,0,7,0,0.0,2.0,2.0,19.0,A01
201500016524,0,7,0,0.0,2.0,1.0,1.0,B02
201500016525,0,7,0,0.0,0.0,6.0,1.0,A01
201500016525,0,33,0,0.0,2.0,2.0,2.0,B02
201500016526,0,7,0,0.0,1.0,1.0,1.0,A01
201500016527,0,14,0,0.0,0.0,3.0,1.0,A01
201500016528,0,7,0,14.0,0.0,1.0,2.0,A01
201500016529,0,7,0,0.0,2.0,1.0,1.0,B02
201500016529,0,10,0,0.0,2.0,2.0,15.0,A01
201500016530,0,7,0,16.0,0.0,9.0,1.0,A01
201500016531,0,7,0,0.0,2.0,2.0,13.0,A01
201500016531,0,7,0,0.0,2.0,1.0,1.0,B02
201500016532,0,30,0,0.0,2.0,1.0,13.0,A01
201500016532,0,17,0,0.0,2.0,6.0,0.0,B02
201500016533,0,7,0,13.0,0.0,1.0,1.0,A01
201500016534,0,7,0,0.0,1.0,3.0,15.0,A01
201500016535,0,7,0,0.0,2.0,1.0,1.0,B02
201500016535,0,7,0,0.0,2.0,6.0,23.0,A01
201500016536,0,7,0,0.0,2.0,1.0,1.0,A01
201500016536,0,7,0,0.0,2.0,3.0,1.0,B02
201500016537,0,7,0,13.0,0.0,9.0,1.0,A01
201500016538,0,7,0,0.0,2.0,2.0,13.0,A01
201500016538,0,7,0,0.0,2.0,5.0,1.0,B02
201500016539,0,35,0,0.0,0.0,0.0,1.0,A01
201500016540,0,30,0,0.0,6.0,1.0,1.0,A01
201500016541,0,7,0,13.0,2.0,7.0,13.0,A01
201500016541,0,7,0,13.0,2.0,1.0,1.0,B01
201500016542,0,10,0,0.0,2.0,4.0,23.0,C01
201500016542,0,7,0,0.0,2.0,4.0,23.0,B01
201500016542,0,7,0,0.0,2.0,1.0,2.0,A01
201500016543,1,7,0,0.0,1.0,0.0,0.0,A01
201500016544,0,30,0,1.0,0.0,2.0,14.0,A01
201500016545,0,7,0,0.0,1.0,0.0,15.0,A01
201500016546,0,33,0,0.0,2.0,2.0,1.0,B01
201500016546,0,1,0,0.0,2.0,3.0,19.0,A01
201500016547,0,7,0,0.0,2.0,7.0,19.0,A01
201500016547,0,7,0,0.0,2.0,1.0,1.0,B01
201500016548,0,10,0,0.0,2.0,3.0,2.0,A01
201500016548,0,34,0,0.0,2.0,4.0,23.0,B01
201500016549,0,7,0,0.0,2.0,2.0,15.0,A01
201500016549,0,7,0,0.0,2.0,3.0,1.0,B01
201500016550,0,7,0,0.0,1.0,1.0,20.0,A01
201500016551,0,30,0,1.0,0.0,1.0,1.0,A01
201500016552,0,10,0,1.0,0.0,3.0,19.0,A01
201500016552,0,7,0,0.0,2.0,2.0,24.0,B01
201500016553,0,30,0,0.0,2.0,1.0,2.0,A01
201500016553,0,7,0,0.0,2.0,5.0,16.0,B01
201500016554,0,3,0,2.0,0.0,1.0,1.0,A01
201500016555,0,7,0,0.0,2.0,5.0,15.0,B01
201500016555,0,7,0,0.0,2.0,3.0,2.0,A01
201500016556,0,7,0,8.0,2.0,3.0,19.0,A01
201500016556,0,99,0,0.0,2.0,2.0,1.0,B01
201500016557,0,7,0,0.0,2.0,2.0,1.0,A01
201500016557,0,7,0,0.0,2.0,3.0,15.0,B01
201500016558,0,7,0,0.0,0.0,6.0,16.0,B01
201500016558,0,7,0,0.0,2.0,2.0,2.0,A01
201500016559,0,7,0,0.0,2.0,1.0,1.0,A01
201500016559,0,7,0,0.0,2.0,3.0,1.0,B02
201500016560,0,16,0,16.0,0.0,1.0,1.0,A01
201500016561,0,7,0,2.0,0.0,3.0,1.0,A01
201500016562,0,7,0,0.0,2.0,3.0,9.0,B02
201500016562,0,7,0,0.0,2.0,1.0,1.0,A01
201500016563,0,7,0,0.0,2.0,7.0,19.0,B02
201500016563,0,7,0,0.0,2.0,1.0,1.0,A01
201500016564,0,30,0,0.0,2.0,1.0,1.0,A01
201500016564,0,7,0,0.0,0.0,7.0,1.0,B02
201500016565,0,7,0,3.0,2.0,7.0,13.0,A01
201500016565,0,7,0,3.0,2.0,1.0,1.0,B02
201500016566,0,14,0,6.0,2.0,1.0,1.0,B02
201500016566,0,7,0,0.0,2.0,1.0,13.0,A01
201500016567,0,33,0,13.0,0.0,1.0,1.0,A01
201500016568,0,7,0,13.0,0.0,3.0,13.0,A01
201500016569,0,7,0,6.0,0.0,3.0,1.0,A01
201500016570,0,33,0,0.0,2.0,1.0,11.0,B02
201500016570,0,33,0,0.0,2.0,4.0,1.0,A01
201500016571,0,7,0,0.0,1.0,1.0,1.0,A01
201500016572,0,7,0,0.0,1.0,1.0,1.0,A01
201500016573,0,33,0,0.0,0.0,0.0,1.0,A01
201500016574,0,33,0,0.0,0.0,0.0,16.0,A01
201500016575,0,7,0,0.0,0.0,3.0,0.0,A01
201500016576,0,15,0,0.0,2.0,8.0,13.0,B02
201500016576,0,33,0,0.0,2.0,8.0,1.0,A01
201500016577,0,33,0,0.0,2.0,7.0,1.0,A01
201500016577,0,10,0,0.0,2.0,1.0,15.0,B02
201500016578,0,7,0,0.0,2.0,7.0,2.0,A01
201500016578,0,33,0,0.0,2.0,3.0,2.0,B02
201500016579,0,30,0,0.0,0.0,1.0,14.0,A01
201500016580,0,7,0,0.0,2.0,2.0,13.0,A01
201500016580,0,33,0,0.0,2.0,1.0,1.0,B02
201500016581,0,33,0,3.0,0.0,2.0,1.0,B02
201500016581,0,33,0,0.0,0.0,0.0,1.0,A01
201500016582,0,2,0,0.0,2.0,1.0,1.0,B02
201500016582,0,10,0,0.0,2.0,3.0,17.0,A01
201500016583,0,7,0,0.0,2.0,3.0,1.0,B02
201500016583,0,7,0,0.0,2.0,1.0,13.0,A01
201500016584,0,7,0,0.0,2.0,3.0,1.0,B02
201500016584,0,7,0,0.0,2.0,3.0,17.0,A01
201500016585,0,7,0,0.0,2.0,7.0,1.0,A01
201500016585,0,7,0,0.0,2.0,3.0,1.0,B02
201500016586,0,7,0,0.0,2.0,2.0,2.0,A01
201500016586,0,7,0,0.0,2.0,3.0,2.0,B02
201500016587,0,7,0,0.0,2.0,5.0,6.0,A01
201500016587,0,7,0,0.0,2.0,3.0,1.0,B02
201500016588,0,7,0,8.0,0.0,1.0,1.0,A01
201500016589,0,33,0,0.0,2.0,4.0,1.0,B02
201500016589,0,33,0,0.0,2.0,1.0,1.0,A01
201500016589,0,7,0,0.0,2.0,3.0,15.0,C03
201500016590,0,31,0,8.0,0.0,1.0,1.0,A01
201500016591,0,99,0,0.0,0.0,6.0,1.0,B02
201500016591,0,7,0,0.0,2.0,2.0,21.0,A01
201500016592,0,7,0,0.0,2.0,3.0,1.0,B02
201500016592,0,7,0,0.0,2.0,1.0,13.0,A01
201500016593,0,7,0,13.0,0.0,9.0,1.0,A01
201500016594,0,7,0,6.0,0.0,1.0,13.0,A01
201500016595,0,7,0,0.0,0.0,1.0,1.0,A01
201500016596,0,7,0,0.0,2.0,,9.0,B01
201500016596,0,7,0,0.0,2.0,7.0,2.0,A01
201500016597,0,7,0,0.0,2.0,3.0,1.0,B02
201500016597,0,10,0,0.0,2.0,1.0,13.0,A01
201500016598,0,7,0,0.0,2.0,2.0,15.0,A01
201500016598,0,1,0,0.0,2.0,1.0,1.0,B02
201500016599,0,7,0,0.0,2.0,1.0,15.0,A01
201500016599,0,7,0,0.0,2.0,1.0,1.0,B02