Num_Acc,senc,catv,occutc,obs,obsm,choc,manv,num_veh
201500016890,0,7,0,13.0,0.0,3.0,13.0,A01
201500016891,0,7,0,15.0,0.0,9.0,1.0,A01
201500016892,0,7,0,8.0,0.0,8.0,1.0,A01
201500016893,0,7,0,13.0,0.0,1.0,1.0,A01
201500016894,0,7,0,15.0,0.0,1.0,1.0,A01
201500016895,0,7,0,13.0,0.0,1.0,1.0,A01
201500016896,0,7,0,2.0,0.0,3.0,1.0,A01
201500016897,0,7,0,0.0,2.0,1.0,13.0,A01
201500016897,0,7,0,0.0,2.0,7.0,21.0,B02
201500016898,0,7,0,0.0,2.0,1.0,13.0,A01
201500016898,0,7,0,0.0,2.0,3.0,1.0,B02
201500016898,0,7,0,0.0,2.0,7.0,1.0,C03
201500016899,0,33,0,0.0,0.0,0.0,1.0,A01
201500016900,0,7,0,0.0,2.0,3.0,1.0,A01
201500016900,0,7,0,0.0,2.0,1.0,19.0,B02
201500016901,0,10,0,0.0,2.0,6.0,24.0,A01
201500016901,0,15,0,1.0,0.0,2.0,14.0,B02
201500016902,0,10,0,0.0,2.0,1.0,15.0,A01
201500016902,0,7,0,0.0,2.0,3.0,1.0,B02
201500016903,0,33,0,0.0,2.0,1.0,17.0,A01
201500016903,0,14,0,0.0,2.0,6.0,15.0,B02
201500016904,0,31,0,0.0,2.0,2.0,17.0,A01
201500016904,0,14,0,0.0,2.0,3.0,1.0,B02
201500016905,0,7,0,2.0,0.0,1.0,1.0,A01
201500016906,0,7,0,13.0,0.0,1.0,1.0,A01
201500016907,0,7,0,0.0,2.0,1.0,1.0,B02
201500016907,0,7,0,0.0,2.0,7.0,21.0,C03
201500016907,0,7,0,0.0,2.0,1.0,13.0,A01
201500016908,0,7,0,15.0,0.0,1.0,1.0,A01
201500016909,0,7,0,0.0,1.0,7.0,1.0,A01
201500016910,0,7,0,0.0,1.0,3.0,1.0,A01
201500016911,0,7,0,13.0,0.0,1.0,13.0,A01
201500016912,0,2,0,0.0,0.0,1.0,1.0,A01
201500016913,0,21,0,0.0,2.0,0.0,1.0,A01
201500016913,0,38,0,0.0,2.0,0.0,1.0,B02
201500016914,0,10,0,0.0,2.0,1.0,1.0,B02
201500016914,0,7,0,0.0,2.0,7.0,19.0,A01
201500016915,0,30,0,14.0,0.0,8.0,1.0,A01
201500016916,0,33,0,7.0,0.0,7.0,1.0,A01
201500016917,0,7,0,2.0,0.0,3.0,1.0,A01
201500016918,0,21,0,13.0,0.0,1.0,1.0,A01
201500016919,0,7,0,0.0,2.0,2.0,1.0,A01
201500016919,0,7,0,0.0,2.0,5.0,1.0,B02
201500016920,0,2,0,0.0,2.0,7.0,1.0,B02
201500016920,0,7,0,0.0,2.0,3.0,9.0,A01
201500016921,0,7,0,13.0,0.0,1.0,1.0,A01
201500016922,0,7,0,0.0,1.0,3.0,1.0,A01
201500016923,0,30,0,0.0,2.0,1.0,1.0,A01
201500016923,0,14,0,0.0,2.0,3.0,1.0,B02
201500016924,0,31,0,0.0,2.0,7.0,1.0,B02
201500016924,0,7,0,0.0,2.0,3.0,15.0,A01
201500016925,0,10,0,16.0,0.0,0.0,14.0,A01
201500016926,0,7,0,0.0,2.0,3.0,9.0,A01
201500016926,0,2,0,0.0,2.0,1.0,1.0,B02
201500016927,0,33,0,0.0,2.0,1.0,1.0,A01
201500016927,0,7,0,0.0,2.0,8.0,15.0,B02
201500016928,0,2,0,0.0,2.0,1.0,1.0,B02
201500016928,0,10,0,0.0,2.0,8.0,15.0,A01
201500016929,0,10,0,0.0,2.0,8.0,1.0,B02
201500016929,0,10,0,0.0,2.0,8.0,1.0,A01
201500016930,0,21,0,0.0,2.0,0.0,1.0,A01
201500016930,0,1,0,0.0,2.0,0.0,17.0,B02
201500016931,0,7,0,0.0,1.0,0.0,1.0,A01
201500016932,0,7,0,13.0,0.0,9.0,1.0,A01
201500016933,1,33,0,0.0,1.0,0.0,1.0,A01
201500016934,0,7,0,6.0,0.0,7.0,1.0,A01
201500016935,0,33,0,0.0,0.0,0.0,15.0,A01
201500016936,0,7,0,6.0,0.0,9.0,1.0,A01
201500016937,0,38,3,0.0,2.0,1.0,1.0,A01
201500016937,0,7,0,0.0,2.0,1.0,1.0,B01
201500016938,0,7,0,0.0,0.0,0.0,19.0,A01
201500016938,0,2,0,0.0,0.0,1.0,0.0,B02
201500016939,0,14,0,0.0,2.0,3.0,1.0,A01
201500016939,0,7,0,0.0,2.0,3.0,1.0,B02
201500016940,0,7,0,0.0,0.0,1.0,1.0,A01
201500016941,0,7,0,0.0,1.0,2.0,1.0,A01
201500016942,0,7,0,0.0,2.0,1.0,17.0,A01
201500016942,0,7,0,0.0,2.0,8.0,19.0,B02
201500016943,0,7,0,0.0,2.0,1.0,1.0,A01
201500016943,0,10,0,0.0,2.0,3.0,1.0,B02
201500016944,0,7,0,2.0,0.0,1.0,1.0,A01
201500016945,0,7,0,0.0,2.0,1.0,13.0,A01
201500016945,0,7,0,0.0,2.0,8.0,1.0,B02
201500016945,0,7,0,0.0,2.0,8.0,1.0,C03
201500016946,0,7,0,0.0,1.0,3.0,1.0,A01
201500016947,0,7,0,0.0,2.0,7.0,1.0,B02
201500016947,0,3,0,0.0,2.0,1.0,1.0,A01
201500016948,0,14,0,13.0,0.0,7.0,1.0,A01
201500016949,0,7,0,16.0,0.0,0.0,1.0,A01
201500016950,0,7,0,0.0,2.0,1.0,13.0,A01
201500016950,0,7,0,0.0,2.0,1.0,21.0,B02
201500016951,0,7,0,13.0,0.0,1.0,14.0,A01
201500016952,0,7,0,0.0,0.0,9.0,21.0,A01
201500016953,0,10,0,10.0,0.0,1.0,13.0,A01
201500016954,0,7,0,0.0,0.0,1.0,1.0,A01
201500016955,0,2,0,0.0,2.0,1.0,1.0,A01
201500016955,0,7,0,0.0,2.0,2.0,1.0,B02
201500016956,0,7,0,0.0,1.0,1.0,1.0,A01
201500016957,0,7,0,1.0,0.0,3.0,1.0,A01
201500016957,0,7,0,0.0,2.0,3.0,24.0,B02
201500016958,0,7,0,0.0,2.0,2.0,2.0,A01
201500016958,0,1,0,0.0,2.0,4.0,2.0,B02
201500016959,0,31,0,1.0,0.0,1.0,1.0,A01
201500016960,0,33,0,0.0,6.0,8.0,1.0,A01
201500016961,0,10,0,0.0,0.0,6.0,15.0,A01
201500016961,0,17,0,0.0,2.0,1.0,1.0,B02
201500016961,0,17,0,0.0,2.0,0.0,0.0,C03
201500016962,0,7,0,0.0,0.0,3.0,1.0,A01
201500016962,0,7,0,0.0,0.0,3.0,1.0,B02
201500016963,0,7,0,0.0,0.0,1.0,1.0,B01
201500016963,0,7,0,0.0,0.0,1.0,5.0,A02
201500016964,0,7,0,7.0,0.0,0.0,17.0,A01
201500016965,0,7,0,0.0,2.0,1.0,13.0,A01
201500016965,0,15,0,0.0,2.0,1.0,1.0,B02
201500016966,0,7,0,0.0,0.0,7.0,15.0,A01
201500016966,0,2,0,0.0,2.0,1.0,1.0,B02
201500016967,0,7,0,2.0,0.0,1.0,14.0,A01
201500016968,0,2,0,8.0,0.0,1.0,1.0,A01
201500016969,0,7,0,2.0,0.0,1.0,13.0,A01
201500016970,0,7,0,5.0,0.0,1.0,13.0,A01
201500016971,0,30,0,0.0,0.0,1.0,14.0,A01
201500016972,0,7,0,0.0,2.0,1.0,1.0,C03
201500016972,0,10,0,0.0,2.0,3.0,1.0,B02
201500016972,0,10,0,0.0,2.0,1.0,13.0,A01
201500016973,0,30,0,0.0,2.0,1.0,19.0,A01
201500016973,0,7,0,0.0,2.0,3.0,1.0,B02
201500016974,0,10,0,0.0,1.0,2.0,1.0,A01
201500016975,0,7,0,0.0,2.0,7.0,13.0,A01
201500016975,0,7,0,0.0,2.0,1.0,1.0,B02
201500016976,0,7,0,0.0,2.0,3.0,1.0,A01
201500016976,0,7,0,0.0,2.0,1.0,0.0,B02
201500016977,0,7,0,2.0,0.0,1.0,1.0,A01
201500016978,0,7,0,0.0,2.0,1.0,13.0,A01
201500016978,0,7,0,0.0,2.0,1.0,1.0,B01
201500016979,0,7,0,0.0,2.0,3.0,13.0,A01
201500016979,0,14,0,0.0,2.0,8.0,1.0,B02
201500016980,0,7,0,12.0,2.0,3.0,21.0,B02
201500016980,0,7,0,0.0,2.0,0.0,15.0,A01
201500016981,0,33,0,0.0,2.0,1.0,1.0,B01
201500016981,0,10,0,0.0,2.0,5.0,19.0,A01
201500016982,0,33,0,13.0,0.0,7.0,1.0,A01
201500016983,0,7,0,10.0,0.0,1.0,1.0,A01
201500016984,0,7,0,13.0,0.0,3.0,1.0,A01
201500016985,0,1,0,7.0,0.0,1.0,1.0,A01
201500016986,0,10,0,0.0,2.0,1.0,1.0,A01
201500016986,0,14,0,0.0,2.0,8.0,1.0,B01
201500016987,0,7,0,2.0,0.0,1.0,1.0,A01
201500016988,0,7,0,0.0,2.0,3.0,17.0,A01
201500016988,0,2,0,0.0,2.0,1.0,1.0,B02
201500016989,0,1,0,0.0,2.0,1.0,1.0,A01
201500016989,0,10,0,0.0,0.0,3.0,15.0,B01
201500016990,0,10,0,8.0,0.0,2.0,1.0,A01
201500016991,0,7,0,2.0,0.0,1.0,13.0,A01
201500016992,0,7,0,15.0,0.0,3.0,13.0,A01
201500016993,0,7,0,0.0,2.0,2.0,2.0,A01
201500016993,0,1,0,0.0,2.0,4.0,1.0,B02
201500016994,0,7,0,2.0,0.0,3.0,1.0,A01
201500016995,0,33,0,13.0,0.0,1.0,1.0,A01
201500016996,0,7,0,2.0,0.0,3.0,1.0,A01
201500016997,0,33,0,0.0,2.0,1.0,17.0,A01
201500016997,0,7,0,0.0,2.0,2.0,1.0,B01
201500016998,0,7,0,6.0,0.0,1.0,1.0,A01
201500016999,0,30,0,0.0,2.0,3.0,1.0,B01
201500016999,0,7,0,0.0,2.0,2.0,15.0,A01
201500017000,0,7,0,0.0,1.0,8.0,1.0,A01
201500017001,0,2,0,0.0,2.0,0.0,1.0,A01
201500017002,0,7,0,0.0,2.0,2.0,13.0,A01
201500017002,0,7,0,0.0,2.0,2.0,1.0,B02
201500017003,0,31,0,0.0,2.0,3.0,1.0,B01
201500017003,0,14,0,0.0,2.0,8.0,15.0,A02
201500017004,0,7,0,13.0,0.0,2.0,17.0,A01
201500017005,0,31,0,0.0,2.0,1.0,1.0,B01
201500017005,0,7,0,0.0,2.0,3.0,15.0,A01
201500017006,0,7,0,0.0,2.0,1.0,1.0,C03
201500017006,0,15,0,0.0,2.0,8.0,1.0,B02
201500017006,0,7,0,0.0,2.0,1.0,17.0,A01
201500017007,0,7,0,0.0,2.0,1.0,1.0,B02
201500017007,0,7,0,0.0,2.0,1.0,13.0,A01
201500017008,0,7,0,0.0,2.0,2.0,1.0,A01
201500017008,0,7,0,0.0,2.0,1.0,13.0,B02
201500017009,0,7,0,8.0,0.0,7.0,1.0,A01
201500017010,0,7,0,0.0,2.0,3.0,13.0,A01
201500017010,0,7,0,0.0,2.0,8.0,1.0,C03
201500017010,0,7,0,0.0,2.0,3.0,1.0,B02
201500017011,0,7,0,0.0,2.0,8.0,19.0,A01
201500017011,0,7,0,0.0,2.0,1.0,1.0,B02
201500017012,0,7,0,0.0,2.0,1.0,1.0,B02
201500017012,0,7,0,0.0,2.0,7.0,15.0,A01
201500017013,0,7,0,13.0,0.0,2.0,1.0,A01
201500017014,0,31,0,0.0,0.0,7.0,1.0,A01
201500017015,0,7,0,13.0,0.0,3.0,14.0,A01
201500017016,0,7,0,0.0,2.0,1.0,1.0,B02
201500017016,0,7,0,0.0,2.0,2.0,1.0,A01
201500017017,0,17,0,0.0,2.0,8.0,1.0,B02
201500017017,0,7,0,0.0,2.0,3.0,13.0,A01
201500017017,0,10,0,0.0,2.0,1.0,1.0,D04
201500017018,0,7,0,0.0,1.0,1.0,1.0,A01
201500017019,0,10,0,0.0,2.0,1.0,1.0,A01
201500017019,0,7,0,0.0,2.0,7.0,19.0,B02
201500017020,0,7,0,8.0,1.0,8.0,1.0,A01
201500017021,0,7,0,0.0,2.0,2.0,16.0,A01
201500017021,0,1,0,0.0,2.0,1.0,1.0,B02
201500017022,0,7,0,0.0,0.0,1.0,1.0,A01
201500017023,0,13,0,1.0,1.0,5.0,1.0,A01
201500017024,0,7,0,13.0,0.0,1.0,1.0,A01
201500017025,0,7,0,0.0,2.0,1.0,1.0,B02
201500017025,0,7,0,0.0,2.0,3.0,15.0,A01
201500017026,0,7,0,13.0,0.0,0.0,1.0,A01
201500017027,0,7,0,1.0,1.0,1.0,1.0,A01
201500017027,0,7,0,0.0,0.0,8.0,24.0,C03
201500017027,0,37,6,0.0,0.0,6.0,24.0,B02
201500017028,0,7,0,0.0,0.0,1.0,13.0,A01
201500017029,0,7,0,0.0,2.0,3.0,1.0,A01
201500017029,0,7,0,0.0,2.0,6.0,19.0,B02
201500017030,0,7,0,0.0,2.0,3.0,1.0,B02
201500017030,0,7,0,0.0,2.0,1.0,13.0,A01
201500017031,0,7,0,0.0,2.0,3.0,1.0,B02
201500017031,0,15,0,0.0,2.0,6.0,1.0,C03
201500017031,0,7,0,0.0,2.0,3.0,13.0,A01
201500017032,0,7,0,0.0,2.0,6.0,1.0,B02
201500017032,0,1,0,0.0,2.0,2.0,1.0,A01
201500017033,0,7,0,0.0,2.0,7.0,1.0,B02
201500017033,0,21,0,0.0,2.0,1.0,15.0,A01
201500017034,0,33,0,0.0,6.0,3.0,1.0,A01
201500017035,0,7,0,13.0,0.0,2.0,1.0,A01
201500017036,0,33,0,0.0,2.0,1.0,1.0,B02
201500017036,0,7,0,0.0,2.0,1.0,1.0,A01
201500017037,0,10,0,13.0,0.0,1.0,1.0,A01
201500017038,0,7,0,16.0,0.0,9.0,1.0,A01
201500017039,0,1,0,0.0,2.0,1.0,15.0,A01
201500017039,0,10,0,0.0,2.0,7.0,1.0,B02
201500017040,0,7,0,0.0,2.0,1.0,13.0,A01
201500017040,0,7,0,0.0,2.0,1.0,1.0,B02
201500017041,0,7,0,0.0,2.0,2.0,13.0,A01
201500017041,0,15,0,0.0,2.0,3.0,21.0,B02
201500017042,0,7,0,2.0,0.0,1.0,1.0,A01
201500017043,0,7,0,0.0,2.0,8.0,15.0,A01
201500017043,0,17,0,0.0,2.0,3.0,15.0,B02
201500017044,0,15,0,0.0,2.0,3.0,1.0,A01
201500017044,0,7,0,0.0,2.0,5.0,17.0,B02
201500017045,0,7,0,16.0,0.0,1.0,1.0,A01
201500017046,0,7,0,0.0,2.0,8.0,15.0,B02
201500017046,0,33,0,0.0,2.0,7.0,17.0,A01
201500017047,0,7,0,0.0,2.0,1.0,1.0,A01
201500017047,0,3,0,0.0,2.0,4.0,23.0,B02
201500017048,0,7,0,16.0,0.0,9.0,1.0,A01
201500017049,0,10,0,0.0,1.0,1.0,1.0,A01
201500017050,0,7,0,13.0,0.0,1.0,13.0,A01
201500017051,0,30,0,0.0,0.0,0.0,1.0,A01
201500017052,0,7,0,2.0,0.0,1.0,1.0,A01
201500017053,0,7,0,13.0,0.0,1.0,1.0,A01
201500017054,0,7,0,8.0,0.0,1.0,1.0,A01
201500017055,0,7,0,2.0,0.0,1.0,1.0,A01
201500017056,0,7,0,14.0,0.0,9.0,1.0,A01
201500017057,0,7,0,2.0,6.0,1.0,21.0,A01
201500017058,0,33,0,0.0,6.0,1.0,1.0,A01
201500017059,0,7,0,0.0,2.0,6.0,1.0,B02
201500017059,0,7,0,0.0,2.0,1.0,13.0,A01
201500017060,0,7,0,0.0,0.0,5.0,16.0,A01
201500017060,0,30,0,0.0,2.0,1.0,1.0,B02
201500017061,0,7,0,2.0,0.0,7.0,0.0,A01
201500017062,0,7,0,0.0,2.0,1.0,19.0,A01
201500017062,0,33,0,0.0,2.0,8.0,1.0,B02
201500017063,0,33,0,14.0,0.0,1.0,0.0,A01
201500017064,0,7,0,0.0,1.0,1.0,1.0,A01
201500017065,0,10,0,2.0,0.0,1.0,1.0,A01
201500017066,0,7,0,2.0,0.0,8.0,17.0,A01
201500017067,0,7,0,1.0,2.0,1.0,1.0,B02
201500017067,0,10,0,,2.0,7.0,15.0,A01
201500017068,0,33,0,0.0,2.0,1.0,17.0,B02
201500017068,0,7,0,0.0,2.0,3.0,15.0,A01
201500017069,0,33,0,0.0,2.0,1.0,1.0,B02
201500017069,0,7,0,0.0,2.0,3.0,15.0,A01
201500017070,0,15,0,0.0,2.0,7.0,16.0,A01
201500017070,0,1,0,0.0,2.0,3.0,18.0,B02
201500017071,0,7,0,0.0,2.0,1.0,1.0,B02
201500017071,0,7,0,0.0,2.0,1.0,13.0,A01
201500017072,0,1,0,0.0,2.0,1.0,2.0,B02
201500017072,1,7,0,0.0,2.0,3.0,2.0,A01
201500017073,0,33,0,0.0,2.0,1.0,1.0,A01
201500017073,0,7,0,0.0,2.0,1.0,1.0,B02
201500017074,0,33,0,0.0,2.0,1.0,17.0,B02
201500017074,0,7,0,0.0,2.0,8.0,17.0,A01
201500017075,0,7,0,0.0,0.0,0.0,14.0,A01
201500017076,0,7,0,0.0,1.0,6.0,4.0,A01
201500017077,0,7,0,3.0,0.0,1.0,6.0,A01
201500017078,0,10,0,0.0,2.0,3.0,13.0,A01
201500017078,0,7,0,0.0,2.0,3.0,1.0,B02
201500017078,0,7,0,0.0,2.0,3.0,1.0,C03
201500017079,0,7,0,0.0,9.0,2.0,1.0,B02
201500017079,0,33,0,0.0,2.0,0.0,1.0,A01
201500017080,0,7,0,0.0,2.0,2.0,13.0,A01
201500017080,0,7,0,0.0,2.0,2.0,21.0,B02
201500017081,0,10,0,2.0,0.0,1.0,1.0,A01
201500017082,0,33,0,0.0,2.0,1.0,1.0,B02
201500017082,0,10,0,0.0,2.0,3.0,15.0,A01
201500017083,0,30,0,12.0,0.0,1.0,1.0,A01
201500017084,0,34,0,0.0,2.0,1.0,1.0,A01
201500017084,0,10,0,0.0,2.0,3.0,15.0,B02
201500017085,0,7,0,0.0,1.0,2.0,1.0,A01
201500017086,0,10,0,2.0,0.0,2.0,1.0,A01
201500017087,0,37,20,0.0,1.0,2.0,0.0,A01
201500017088,0,33,0,13.0,0.0,1.0,15.0,A01
201500017089,0,7,0,0.0,0.0,1.0,13.0,A01
201500017089,0,7,0,0.0,0.0,1.0,1.0,B02
201500017090,0,33,0,0.0,2.0,1.0,1.0,B02
201500017090,0,7,0,0.0,2.0,7.0,15.0,A01
201500017091,0,2,0,0.0,2.0,1.0,5.0,B02
201500017091,0,7,0,0.0,2.0,3.0,5.0,A01
201500017092,0,7,0,0.0,1.0,1.0,1.0,A01
201500017093,0,7,0,0.0,2.0,3.0,19.0,A01
201500017093,0,7,0,0.0,2.0,7.0,1.0,B02
201500017094,0,7,0,0.0,2.0,1.0,1.0,B02
201500017094,0,7,0,0.0,2.0,1.0,13.0,A01
201500017095,0,1,0,0.0,2.0,1.0,17.0,B02
201500017095,0,7,0,0.0,2.0,3.0,10.0,A01
201500017096,0,2,0,0.0,0.0,3.0,0.0,A01
201500017097,0,7,0,0.0,2.0,5.0,19.0,A01
201500017097,0,33,0,0.0,2.0,7.0,1.0,B02
201500017098,0,33,0,0.0,2.0,1.0,19.0,A01
201500017098,0,7,0,0.0,2.0,3.0,1.0,B02
201500017099,0,7,0,0.0,0.0,3.0,15.0,A01
201500017099,0,1,0,0.0,0.0,1.0,1.0,B02
201500017100,0,7,0,2.0,0.0,3.0,1.0,A01
201500017101,0,15,0,10.0,0.0,2.0,1.0,A01
201500017102,0,7,0,0.0,2.0,1.0,15.0,A01
201500017102,0,7,0,0.0,2.0,1.0,1.0,B02
201500017103,0,2,0,0.0,2.0,1.0,19.0,A01
201500017103,0,10,0,0.0,0.0,8.0,1.0,B02
201500017104,0,7,0,0.0,2.0,2.0,1.0,A01
201500017104,0,2,0,0.0,2.0,2.0,15.0,B02
201500017105,0,7,0,0.0,2.0,4.0,23.0,B02
201500017105,0,7,0,0.0,0.0,4.0,23.0,C03
201500017105,0,3,0,0.0,2.0,1.0,1.0,A01
201500017106,0,31,0,12.0,0.0,1.0,16.0,A01
201500017107,0,7,0,2.0,0.0,1.0,1.0,A01
201500017108,0,7,0,0.0,2.0,2.0,1.0,A01
201500017108,0,30,0,0.0,2.0,1.0,1.0,B02
201500017109,0,7,0,2.0,0.0,1.0,14.0,A01
201500017110,0,1,0,0.0,2.0,4.0,1.0,C03
201500017110,0,1,0,0.0,2.0,4.0,1.0,B02
201500017110,0,14,0,0.0,2.0,2.0,2.0,A01
201500017111,0,7,0,8.0,0.0,8.0,1.0,A01
201500017112,0,7,0,0.0,2.0,3.0,1.0,B02
201500017112,0,30,0,0.0,2.0,2.0,15.0,A01
201500017113,0,7,0,0.0,2.0,2.0,15.0,A01
201500017113,0,30,0,0.0,2.0,1.0,1.0,B02
201500017114,0,30,0,0.0,2.0,1.0,1.0,B02
201500017114,0,7,0,0.0,2.0,3.0,1.0,A01
201500017115,0,7,0,6.0,0.0,1.0,16.0,A01
201500017116,0,7,0,0.0,2.0,2.0,13.0,A01
201500017116,0,7,0,0.0,2.0,3.0,1.0,B02
201500017117,0,7,0,0.0,2.0,1.0,17.0,A01
201500017117,0,7,0,0.0,0.0,8.0,15.0,B02
201500017118,0,33,0,0.0,2.0,1.0,21.0,B02
201500017118,0,7,0,0.0,2.0,1.0,13.0,A01
201500017119,0,7,0,2.0,0.0,1.0,1.0,A01
201500017120,0,7,0,0.0,2.0,2.0,1.0,B02
201500017120,0,7,0,0.0,2.0,2.0,13.0,A01
201500017121,0,7,0,0.0,1.0,1.0,1.0,A01
201500017122,0,7,0,0.0,2.0,0.0,0.0,A01
201500017122,0,7,0,0.0,2.0,0.0,0.0,B02
201500017123,0,7,0,0.0,1.0,2.0,1.0,A01
201500017124,0,36,0,13.0,0.0,2.0,1.0,A01
201500017125,0,7,0,0.0,2.0,3.0,16.0,A01
201500017125,0,7,0,0.0,2.0,3.0,1.0,B02
201500017126,0,33,0,0.0,0.0,0.0,1.0,A01
201500017127,0,10,0,4.0,0.0,1.0,1.0,A01
201500017128,0,7,0,13.0,0.0,9.0,1.0,A01
201500017129,0,14,0,0.0,0.0,0.0,0.0,A01
201500017130,0,7,0,0.0,0.0,1.0,1.0,A01
201500017130,0,7,0,0.0,0.0,7.0,1.0,B02
201500017131,0,1,0,0.0,2.0,3.0,1.0,A01
201500017132,0,7,0,0.0,0.0,0.0,0.0,A01
201500017132,0,7,0,0.0,0.0,0.0,0.0,B02
201500017133,0,7,0,0.0,0.0,0.0,0.0,B02
201500017133,0,31,0,0.0,0.0,0.0,0.0,A01
201500017134,0,7,0,0.0,2.0,2.0,1.0,A01
201500017134,0,7,0,0.0,2.0,3.0,1.0,B02
201500017135,0,10,0,0.0,0.0,4.0,15.0,A01
201500017135,0,10,0,0.0,2.0,1.0,1.0,B02
201500017136,0,7,0,16.0,0.0,9.0,1.0,A01
201500017137,0,7,0,0.0,0.0,0.0,1.0,A01
201500017138,0,33,0,2.0,0.0,1.0,1.0,A01
201500017139,0,7,0,8.0,0.0,7.0,21.0,A01
201500017140,0,7,0,6.0,0.0,1.0,1.0,A01
201500017141,0,30,0,0.0,0.0,1.0,1.0,A01
201500017142,0,7,0,13.0,0.0,8.0,1.0,A01
201500017143,0,3,0,0.0,0.0,6.0,2.0,B02
201500017143,0,10,0,0.0,2.0,2.0,2.0,A01
201500017144,0,7,0,0.0,2.0,7.0,15.0,A01
201500017144,0,33,0,0.0,2.0,1.0,1.0,B02
201500017145,0,2,0,0.0,0.0,7.0,1.0,A01
201500017146,0,7,0,0.0,2.0,3.0,1.0,B02
201500017146,0,7,0,0.0,2.0,3.0,13.0,A01
201500017147,0,7,0,0.0,2.0,1.0,1.0,A01
201500017147,0,7,0,0.0,2.0,1.0,13.0,B02
201500017148,0,1,0,1.0,,1.0,2.0,A02
201500017148,0,7,0,0.0,0.0,3.0,22.0,A01
201500017149,0,10,0,0.0,2.0,4.0,1.0,C03
201500017149,0,7,0,0.0,2.0,1.0,1.0,A01
201500017149,0,7,0,0.0,2.0,4.0,1.0,B02
201500017150,0,31,0,0.0,2.0,2.0,17.0,B02
201500017150,0,35,0,0.0,2.0,3.0,1.0,A01
201500017151,0,7,0,0.0,1.0,1.0,0.0,A01
201500017151,0,7,0,0.0,0.0,0.0,23.0,B02
201500017152,0,30,0,0.0,2.0,1.0,0.0,A01
201500017152,0,7,0,0.0,2.0,1.0,0.0,B02
201500017153,0,7,0,1.0,2.0,1.0,11.0,A01
201500017153,0,7,0,0.0,2.0,3.0,15.0,B02
201500017153,0,7,0,0.0,2.0,3.0,23.0,C03
201500017154,0,3,0,0.0,2.0,1.0,1.0,B02
201500017154,0,7,0,0.0,2.0,1.0,15.0,A01
201500017155,0,7,0,0.0,2.0,1.0,13.0,A01
201500017155,0,10,0,0.0,2.0,1.0,1.0,B02
201500017156,0,7,0,0.0,0.0,6.0,15.0,A01
201500017156,0,7,0,0.0,2.0,1.0,17.0,B02
201500017157,0,30,0,0.0,0.0,8.0,1.0,A01
201500017158,0,7,0,0.0,6.0,2.0,1.0,A01
201500017158,0,7,0,0.0,2.0,1.0,1.0,B02
201500017159,0,7,0,0.0,2.0,1.0,1.0,B02
201500017159,0,33,0,0.0,2.0,1.0,5.0,A01
201500017160,0,33,0,0.0,0.0,7.0,1.0,A01
201500017161,0,33,0,1.0,2.0,1.0,1.0,A01
201500017161,0,33,0,0.0,0.0,1.0,1.0,B02
201500017161,0,7,0,0.0,0.0,8.0,24.0,C03
201500017162,0,31,0,0.0,2.0,1.0,1.0,C03
201500017162,0,7,0,0.0,2.0,6.0,1.0,A01
201500017162,0,14,0,0.0,2.0,8.0,1.0,B02
201500017163,0,1,0,1.0,0.0,2.0,1.0,A01
201500017164,0,7,0,0.0,2.0,7.0,15.0,A01
201500017164,0,7,0,0.0,2.0,1.0,1.0,B02
201500017165,0,10,0,0.0,1.0,1.0,20.0,A01
201500017166,0,7,0,0.0,0.0,0.0,0.0,A01
201500017167,0,7,0,2.0,0.0,8.0,1.0,A01
201500017168,0,7,0,0.0,0.0,4.0,23.0,A01
201500017168,0,7,0,0.0,0.0,4.0,0.0,B02
201500017168,0,7,0,0.0,0.0,1.0,0.0,C03
201500017169,0,7,0,6.0,0.0,1.0,19.0,A01
201500017170,0,39,0,0.0,1.0,3.0,1.0,A01
201500017171,0,1,0,0.0,2.0,0.0,0.0,B02
201500017171,0,7,0,0.0,2.0,1.0,9.0,A01
201500017172,0,37,0,0.0,2.0,7.0,17.0,A01
201500017172,0,21,0,0.0,2.0,8.0,1.0,B02
201500017173,0,7,0,0.0,0.0,0.0,9.0,A01
201500017173,0,1,0,0.0,0.0,0.0,0.0,B02
201500017174,0,31,0,0.0,0.0,8.0,10.0,A01
201500017174,0,7,0,0.0,2.0,1.0,1.0,B02
201500017175,0,7,0,0.0,2.0,1.0,1.0,B02
201500017175,0,7,0,0.0,2.0,1.0,5.0,A01
201500017176,0,7,0,0.0,2.0,1.0,17.0,A01
201500017176,0,38,0,0.0,2.0,1.0,1.0,B02
201500017177,0,7,0,0.0,2.0,6.0,2.0,A01
201500017177,0,33,0,0.0,2.0,1.0,2.0,B02
201500017178,0,7,0,0.0,0.0,0.0,0.0,B02
201500017178,0,7,0,0.0,0.0,0.0,0.0,A01
201500017179,0,7,0,0.0,1.0,1.0,1.0,A01
201500017180,0,10,0,0.0,1.0,2.0,1.0,A01
201500017181,0,7,0,0.0,1.0,1.0,1.0,A01
201500017182,2,10,0,0.0,2.0,1.0,19.0,A01
201500017182,0,10,0,0.0,2.0,3.0,1.0,B02
201500017183,0,7,0,0.0,1.0,2.0,21.0,A01