Num_Acc,senc,catv,occutc,obs,obsm,choc,manv,num_veh
201500017183,0,7,0,0.0,2.0,6.0,23.0,B02
201500017184,0,7,0,11.0,0.0,1.0,0.0,A01
201500017185,0,7,0,0.0,2.0,7.0,15.0,A01
201500017185,0,30,0,0.0,2.0,1.0,1.0,B02
201500017186,0,7,0,0.0,1.0,2.0,1.0,A01
201500017187,0,7,0,0.0,2.0,1.0,1.0,A01
201500017187,0,7,0,0.0,2.0,1.0,1.0,B02
201500017187,0,7,0,0.0,2.0,1.0,1.0,C03
201500017188,0,7,0,0.0,2.0,1.0,0.0,B02
201500017188,0,7,0,0.0,2.0,1.0,13.0,A01
201500017188,0,7,0,0.0,2.0,1.0,21.0,C03
201500017189,0,7,0,0.0,2.0,1.0,1.0,A01
201500017189,0,7,0,0.0,2.0,1.0,16.0,B02
201500017190,0,30,0,0.0,2.0,1.0,2.0,A01
201500017190,0,7,0,0.0,2.0,4.0,2.0,B02
201500017191,0,10,0,0.0,2.0,3.0,15.0,A01
201500017191,0,10,0,0.0,2.0,1.0,1.0,B02
201500017192,0,7,0,0.0,2.0,3.0,9.0,A01
201500017192,0,1,0,0.0,2.0,1.0,16.0,B02
201500017193,0,7,0,0.0,0.0,0.0,0.0,A01
201500017194,0,7,0,6.0,0.0,1.0,0.0,A01
201500017195,0,36,0,0.0,0.0,9.0,0.0,A01
201500017196,0,7,0,0.0,0.0,0.0,0.0,B02
201500017196,0,7,0,0.0,0.0,0.0,0.0,C03
201500017196,0,2,0,0.0,0.0,0.0,0.0,A01
201500017197,0,7,0,0.0,1.0,0.0,0.0,A01
201500017198,0,7,0,0.0,1.0,1.0,16.0,A01
201500017199,0,10,0,0.0,0.0,2.0,13.0,A01
201500017200,0,10,0,13.0,0.0,7.0,13.0,A01
201500017201,0,7,0,0.0,1.0,2.0,1.0,A01
201500017202,0,14,0,0.0,2.0,1.0,15.0,A01
201500017202,0,7,0,0.0,2.0,1.0,1.0,B02
201500017203,0,33,0,0.0,2.0,1.0,17.0,A01
201500017203,0,7,0,0.0,2.0,3.0,1.0,B02
201500017204,0,7,0,0.0,9.0,8.0,9.0,A01
201500017204,0,1,0,0.0,2.0,7.0,1.0,B02
201500017205,0,10,0,0.0,0.0,9.0,1.0,A01
201500017206,0,14,0,0.0,2.0,2.0,1.0,A01
201500017206,0,7,0,0.0,2.0,3.0,19.0,B02
201500017207,0,10,0,13.0,0.0,1.0,15.0,A01
201500017208,0,3,0,0.0,0.0,4.0,1.0,B02
201500017208,0,7,0,0.0,2.0,1.0,1.0,A01
201500017209,0,7,0,0.0,2.0,8.0,1.0,D04
201500017209,0,7,0,0.0,2.0,2.0,1.0,C03
201500017209,0,7,0,2.0,2.0,8.0,17.0,A01
201500017209,0,10,0,0.0,2.0,8.0,1.0,B02
201500017210,0,7,0,0.0,0.0,1.0,5.0,A01
201500017211,0,7,0,2.0,0.0,1.0,1.0,A01
201500017212,0,7,0,0.0,2.0,3.0,1.0,B02
201500017212,0,7,0,0.0,2.0,3.0,13.0,A01
201500017213,0,10,0,6.0,0.0,1.0,5.0,A01
201500017213,0,10,0,6.0,0.0,1.0,0.0,B02
201500017214,0,33,0,14.0,0.0,8.0,1.0,A01
201500017215,0,31,0,12.0,0.0,0.0,1.0,A01
201500017216,0,7,0,0.0,0.0,0.0,0.0,A01
201500017217,0,7,0,0.0,0.0,0.0,0.0,A01
201500017217,0,30,0,0.0,0.0,0.0,0.0,B02
201500017218,0,7,0,6.0,0.0,1.0,1.0,A01
201500017219,0,7,0,0.0,0.0,1.0,1.0,B02
201500017219,0,7,0,0.0,0.0,7.0,1.0,A01
201500017220,0,33,0,0.0,2.0,1.0,13.0,A01
201500017220,0,7,0,0.0,2.0,1.0,1.0,B02
201500017221,0,7,0,0.0,2.0,1.0,1.0,B02
201500017221,0,7,0,0.0,2.0,3.0,9.0,A01
201500017222,0,7,0,0.0,2.0,1.0,1.0,B02
201500017222,0,10,0,0.0,2.0,2.0,15.0,A01
201500017223,0,33,0,6.0,0.0,7.0,1.0,A01
201500017224,0,7,0,13.0,0.0,1.0,1.0,A01
201500017225,0,34,0,0.0,2.0,1.0,13.0,A01
201500017225,0,15,0,0.0,2.0,8.0,1.0,B02
201500017226,0,17,0,0.0,2.0,3.0,1.0,B02
201500017226,0,34,0,0.0,2.0,1.0,13.0,A01
201500017227,0,1,0,0.0,2.0,1.0,13.0,A01
201500017227,0,38,0,0.0,9.0,1.0,1.0,B02
201500017228,0,7,0,2.0,0.0,2.0,0.0,A01
201500017229,0,7,0,0.0,2.0,8.0,1.0,B02
201500017229,0,33,0,0.0,2.0,1.0,13.0,A01
201500017230,0,31,0,9.0,0.0,1.0,1.0,A01
201500017231,0,7,0,4.0,0.0,2.0,1.0,A01
201500017232,0,14,0,0.0,2.0,3.0,1.0,B02
201500017232,0,7,0,0.0,2.0,3.0,13.0,A01
201500017233,0,7,0,3.0,2.0,1.0,1.0,B02
201500017233,0,7,0,0.0,2.0,1.0,1.0,A01
201500017234,0,7,0,13.0,0.0,1.0,1.0,A01
201500017235,0,7,0,6.0,0.0,8.0,13.0,A01
201500017236,0,7,0,0.0,2.0,2.0,19.0,C01
201500017236,0,10,0,0.0,2.0,3.0,23.0,B01
201500017236,0,7,0,0.0,2.0,1.0,1.0,A01
201500017237,0,7,0,0.0,2.0,9.0,1.0,B01
201500017237,0,33,0,0.0,2.0,7.0,13.0,A01
201500017238,0,7,0,2.0,0.0,7.0,13.0,A01
201500017239,0,7,0,0.0,1.0,2.0,16.0,A01
201500017240,0,33,0,0.0,6.0,1.0,21.0,A01
201500017240,0,33,0,0.0,2.0,1.0,21.0,B01
201500017241,0,7,0,13.0,0.0,3.0,13.0,A01
201500017242,0,30,0,0.0,2.0,1.0,2.0,B01
201500017242,0,21,0,0.0,2.0,4.0,1.0,A01
201500017243,0,7,0,0.0,2.0,1.0,15.0,A01
201500017243,0,33,0,0.0,2.0,1.0,1.0,B01
201500017244,0,7,0,0.0,2.0,1.0,17.0,A01
201500017244,0,7,0,0.0,2.0,8.0,15.0,B01
201500017245,0,10,0,0.0,2.0,1.0,13.0,A01
201500017245,0,7,0,0.0,2.0,2.0,1.0,B01
201500017246,0,7,0,13.0,0.0,9.0,1.0,A01
201500017247,0,7,0,13.0,0.0,2.0,1.0,A01
201500017248,0,7,0,0.0,1.0,4.0,1.0,A01
201500017249,0,3,0,0.0,2.0,1.0,1.0,B01
201500017249,0,7,0,0.0,2.0,1.0,1.0,A01
201500017250,0,7,0,0.0,1.0,3.0,1.0,A01
201500017251,0,7,0,0.0,1.0,3.0,1.0,A01
201500017252,0,15,0,3.0,0.0,1.0,1.0,A01
201500017253,0,7,0,0.0,2.0,1.0,1.0,A01
201500017253,0,3,0,0.0,2.0,7.0,19.0,B01
201500017254,0,7,0,0.0,2.0,1.0,1.0,A01
201500017254,0,21,0,0.0,2.0,8.0,19.0,B01
201500017255,0,7,0,0.0,2.0,3.0,13.0,A01
201500017255,0,7,0,0.0,2.0,3.0,2.0,B01
201500017256,0,7,0,0.0,2.0,8.0,13.0,A01
201500017256,0,7,0,0.0,2.0,0.0,1.0,B01
201500017257,0,7,0,13.0,0.0,1.0,1.0,A01
201500017258,0,3,0,0.0,0.0,1.0,13.0,B01
201500017258,0,7,0,0.0,0.0,0.0,1.0,C01
201500017259,0,33,0,0.0,2.0,1.0,2.0,A01
201500017259,0,7,0,0.0,2.0,8.0,15.0,B01
201500017260,0,31,0,0.0,2.0,1.0,17.0,A01
201500017260,0,7,0,0.0,2.0,3.0,15.0,B01
201500017261,0,7,0,13.0,0.0,1.0,1.0,A01
201500017262,0,33,0,13.0,0.0,0.0,1.0,A01
201500017263,0,7,0,0.0,0.0,5.0,1.0,B01
201500017263,0,30,0,0.0,2.0,1.0,2.0,A01
201500017264,0,10,0,0.0,2.0,4.0,15.0,B01
201500017264,0,3,0,0.0,2.0,1.0,2.0,A01
201500017265,0,7,0,0.0,2.0,3.0,11.0,B01
201500017265,0,7,0,0.0,2.0,3.0,1.0,A01
201500017266,0,7,0,0.0,1.0,3.0,1.0,A01
201500017267,0,7,0,0.0,2.0,1.0,17.0,A01
201500017267,0,30,0,0.0,0.0,8.0,15.0,B01
201500017268,0,7,0,0.0,2.0,2.0,5.0,A01
201500017268,0,7,0,0.0,2.0,2.0,1.0,B01
201500017269,0,7,0,0.0,0.0,1.0,1.0,B01
201500017269,0,7,0,0.0,0.0,1.0,13.0,A01
201500017270,0,7,0,13.0,0.0,9.0,1.0,A01
201500017271,0,10,0,0.0,1.0,2.0,1.0,A01
201500017272,0,7,0,0.0,2.0,8.0,1.0,B01
201500017272,0,7,0,0.0,2.0,1.0,15.0,A01
201500017273,0,33,0,0.0,2.0,0.0,1.0,A01
201500017273,0,1,0,0.0,2.0,0.0,1.0,B01
201500017274,0,10,0,0.0,2.0,2.0,19.0,A01
201500017274,0,33,0,0.0,2.0,1.0,1.0,B01
201500017275,0,33,0,0.0,2.0,1.0,17.0,A01
201500017275,0,7,0,0.0,2.0,8.0,15.0,B01
201500017276,0,33,0,0.0,2.0,2.0,1.0,B01
201500017276,0,10,0,0.0,2.0,2.0,15.0,A01
201500017277,0,7,0,0.0,1.0,3.0,1.0,A01
201500017278,0,7,0,2.0,0.0,2.0,1.0,A01
201500017279,0,7,0,6.0,0.0,8.0,15.0,A01
201500017279,0,7,0,0.0,2.0,1.0,13.0,B01
201500017280,0,7,0,0.0,2.0,1.0,1.0,A01
201500017280,0,7,0,0.0,2.0,7.0,15.0,B01
201500017281,0,30,0,13.0,0.0,3.0,1.0,A01
201500017282,0,7,0,0.0,2.0,5.0,19.0,B01
201500017282,0,10,0,0.0,0.0,1.0,1.0,A01
201500017283,0,7,0,6.0,0.0,1.0,1.0,A01
201500017284,0,7,0,0.0,0.0,2.0,9.0,A01
201500017284,0,7,0,0.0,0.0,1.0,1.0,B01
201500017285,0,7,0,0.0,2.0,1.0,1.0,A01
201500017285,0,30,0,0.0,2.0,7.0,9.0,B01
201500017286,0,33,0,13.0,0.0,3.0,17.0,A01
201500017287,0,3,0,0.0,2.0,3.0,1.0,A01
201500017287,0,7,0,0.0,2.0,2.0,19.0,B01
201500017288,0,7,0,0.0,2.0,1.0,1.0,A01
201500017288,0,99,0,0.0,2.0,1.0,15.0,B01
201500017289,0,7,0,13.0,0.0,1.0,14.0,A01
201500017290,0,7,0,6.0,0.0,3.0,1.0,A01
201500017291,0,7,0,0.0,2.0,7.0,15.0,A01
201500017291,0,7,0,0.0,2.0,1.0,1.0,B01
201500017292,0,2,0,0.0,2.0,1.0,1.0,B02
201500017292,0,7,0,,,2.0,15.0,A01
201500017293,0,14,0,0.0,2.0,2.0,0.0,A01
201500017293,0,1,0,0.0,2.0,2.0,0.0,B02
201500017294,0,10,0,0.0,2.0,3.0,1.0,A01
201500017294,0,7,0,0.0,,3.0,1.0,B02
201500017295,0,33,0,13.0,0.0,1.0,17.0,A01
201500017296,0,33,0,0.0,2.0,1.0,1.0,A01
201500017296,0,7,0,0.0,,5.0,23.0,B02
201500017297,0,30,0,6.0,6.0,1.0,1.0,A01
201500017298,0,33,0,0.0,2.0,7.0,1.0,A01
201500017298,0,7,0,0.0,,6.0,1.0,B02
201500017299,0,7,0,6.0,0.0,1.0,1.0,A01
201500017300,0,2,0,0.0,,1.0,1.0,A01
201500017300,0,10,0,0.0,2.0,3.0,1.0,B02
201500017301,0,1,0,0.0,0.0,1.0,1.0,A01
201500017302,0,14,0,3.0,0.0,9.0,13.0,A01
201500017303,0,7,0,13.0,0.0,9.0,13.0,A01
201500017304,0,7,0,13.0,0.0,9.0,1.0,A01
201500017305,0,33,0,0.0,0.0,1.0,14.0,A01
201500017306,0,7,0,0.0,,1.0,1.0,B02
201500017306,0,7,0,0.0,2.0,8.0,9.0,A01
201500017307,0,14,0,0.0,0.0,6.0,1.0,B02
201500017307,0,33,0,0.0,2.0,1.0,21.0,A01
201500017308,0,7,0,0.0,0.0,5.0,23.0,C03
201500017308,0,7,0,0.0,2.0,1.0,2.0,A01
201500017308,0,7,0,0.0,0.0,5.0,13.0,B02
201500017309,0,7,0,3.0,0.0,2.0,1.0,A01
201500017310,0,7,0,13.0,0.0,9.0,14.0,A01
201500017311,0,7,0,13.0,0.0,1.0,13.0,A01
201500017312,0,7,0,0.0,0.0,9.0,1.0,A01
201500017313,0,7,0,13.0,0.0,0.0,14.0,A01
201500017314,0,7,0,13.0,0.0,9.0,13.0,A01
201500017315,0,7,0,13.0,0.0,1.0,14.0,A01
201500017316,0,7,0,13.0,0.0,9.0,21.0,A01
201500017317,0,7,0,0.0,2.0,3.0,1.0,B02
201500017317,0,7,0,0.0,2.0,3.0,1.0,A01
201500017318,0,30,0,0.0,2.0,3.0,1.0,A01
201500017318,1,7,0,0.0,2.0,8.0,13.0,B01
201500017319,0,7,0,0.0,1.0,2.0,1.0,A01
201500017320,0,36,0,6.0,0.0,1.0,14.0,A01
201500017321,0,7,0,0.0,2.0,8.0,1.0,B02
201500017321,0,1,0,0.0,2.0,2.0,1.0,A01
201500017322,0,31,0,0.0,0.0,0.0,14.0,A01
201500017323,0,7,0,13.0,0.0,2.0,1.0,A01
201500017324,0,7,0,0.0,2.0,1.0,1.0,A01
201500017324,0,7,0,0.0,2.0,4.0,23.0,B02
201500017325,0,7,0,0.0,2.0,2.0,10.0,A01
201500017325,0,31,0,0.0,2.0,1.0,1.0,B02
201500017326,0,7,0,13.0,0.0,1.0,1.0,A01
201500017327,0,7,0,13.0,0.0,9.0,14.0,A01
201500017328,0,30,0,0.0,2.0,8.0,1.0,B01
201500017328,0,10,0,0.0,2.0,2.0,19.0,A01
201500017328,0,7,0,0.0,2.0,1.0,23.0,C01
201500017329,0,7,0,8.0,0.0,8.0,14.0,A01
201500017330,0,7,0,0.0,2.0,6.0,17.0,A01
201500017330,0,33,0,13.0,2.0,2.0,17.0,B01
201500017331,0,30,0,0.0,0.0,0.0,1.0,A01
201500017332,0,7,0,16.0,0.0,9.0,14.0,A01
201500017333,0,7,0,0.0,2.0,3.0,13.0,A01
201500017333,0,7,0,0.0,2.0,2.0,1.0,B02
201500017334,0,7,0,0.0,1.0,2.0,1.0,A01
201500017335,0,33,0,0.0,2.0,1.0,1.0,A01
201500017335,0,21,0,0.0,2.0,2.0,13.0,B02
201500017336,0,7,0,0.0,2.0,8.0,23.0,B02
201500017336,0,15,0,0.0,2.0,3.0,1.0,A01
201500017337,0,7,0,0.0,6.0,1.0,1.0,A01
201500017338,0,2,0,0.0,2.0,8.0,1.0,A01
201500017338,0,10,0,0.0,2.0,6.0,23.0,B02
201500017338,0,2,0,0.0,2.0,1.0,1.0,C03
201500017339,0,7,0,0.0,2.0,1.0,15.0,A01
201500017339,0,33,0,0.0,2.0,3.0,21.0,B02
201500017340,0,21,0,0.0,2.0,8.0,1.0,A01
201500017340,0,10,0,0.0,2.0,7.0,17.0,B01
201500017341,0,7,0,15.0,0.0,8.0,14.0,A01
201500017342,0,7,0,15.0,0.0,1.0,13.0,A01
201500017343,0,10,0,0.0,1.0,3.0,1.0,A01
201500017344,0,7,0,0.0,2.0,2.0,1.0,B01
201500017344,0,7,0,0.0,2.0,3.0,15.0,A01
201500017345,0,7,0,0.0,1.0,2.0,1.0,A01
201500017346,0,30,0,13.0,0.0,1.0,14.0,A01
201500017347,0,7,0,0.0,2.0,5.0,15.0,A01
201500017347,0,33,0,3.0,2.0,1.0,21.0,B01
201500017348,0,33,0,0.0,2.0,1.0,2.0,B01
201500017348,0,10,0,0.0,2.0,8.0,10.0,A01
201500017349,0,30,0,0.0,2.0,1.0,17.0,A01
201500017349,0,1,0,0.0,2.0,8.0,1.0,B01
201500017350,0,31,0,0.0,2.0,2.0,17.0,A01
201500017350,0,7,0,0.0,2.0,8.0,23.0,B01
201500017351,0,7,0,0.0,0.0,9.0,14.0,A01
201500017352,0,3,0,16.0,0.0,9.0,14.0,A01
201500017353,0,33,0,3.0,0.0,7.0,14.0,A01
201500017354,0,7,0,0.0,2.0,8.0,15.0,A01
201500017354,0,1,0,0.0,2.0,2.0,17.0,B01
201500017355,0,30,0,0.0,2.0,3.0,15.0,B02
201500017355,0,7,0,0.0,2.0,7.0,1.0,A01
201500017356,0,7,0,0.0,2.0,3.0,21.0,A01
201500017356,2,10,0,0.0,2.0,3.0,13.0,B01
201500017357,0,7,0,0.0,0.0,4.0,23.0,A01
201500017357,0,7,0,0.0,2.0,4.0,23.0,B02
201500017357,0,7,0,0.0,2.0,1.0,2.0,C03
201500017358,0,7,0,0.0,2.0,2.0,15.0,A01
201500017358,0,7,0,0.0,2.0,1.0,1.0,B02
201500017359,0,7,0,13.0,0.0,1.0,21.0,A01
201500017360,0,7,0,0.0,2.0,3.0,1.0,B01
201500017360,0,7,0,0.0,2.0,1.0,13.0,A01
201500017361,0,7,0,6.0,2.0,2.0,17.0,A01
201500017361,0,7,0,0.0,2.0,3.0,15.0,B02
201500017362,0,15,0,0.0,2.0,1.0,1.0,B01
201500017362,0,7,0,0.0,2.0,4.0,23.0,A01
201500017363,0,7,0,2.0,0.0,7.0,1.0,A01
201500017364,0,7,0,0.0,2.0,3.0,15.0,A01
201500017364,0,10,0,0.0,2.0,3.0,1.0,B02
201500017365,0,10,0,6.0,0.0,3.0,13.0,A01
201500017366,0,2,0,0.0,2.0,1.0,1.0,B01
201500017366,0,7,0,0.0,2.0,3.0,15.0,A01
201500017367,0,7,0,2.0,0.0,1.0,13.0,A01
201500017368,0,33,0,0.0,0.0,8.0,1.0,A01
201500017369,0,33,0,0.0,2.0,7.0,15.0,A01
201500017369,0,2,0,0.0,2.0,1.0,1.0,B02
201500017370,0,7,0,13.0,0.0,8.0,13.0,A01
201500017371,0,30,0,12.0,0.0,7.0,14.0,A01
201500017372,0,7,0,15.0,0.0,1.0,14.0,A01
201500017373,0,33,0,13.0,0.0,1.0,14.0,A01
201500017374,0,7,0,8.0,0.0,9.0,14.0,A01
201500017375,0,30,0,0.0,1.0,1.0,1.0,A01
201500017376,0,33,0,0.0,0.0,0.0,1.0,A01
201500017377,0,7,0,6.0,0.0,2.0,1.0,A01
201500017378,0,7,0,0.0,0.0,4.0,16.0,A01
201500017378,0,32,0,0.0,2.0,7.0,2.0,B02
201500017379,0,33,0,6.0,0.0,8.0,1.0,A01
201500017380,0,30,0,0.0,2.0,1.0,1.0,A01
201500017380,0,31,0,0.0,0.0,1.0,1.0,B02
201500017381,0,36,0,10.0,0.0,0.0,1.0,A01
201500017382,0,7,0,0.0,2.0,1.0,1.0,B02
201500017382,0,7,0,0.0,2.0,1.0,13.0,A01
201500017383,0,99,0,0.0,1.0,1.0,1.0,A01
201500017384,0,32,0,0.0,2.0,1.0,2.0,A01
201500017384,0,7,0,0.0,2.0,6.0,1.0,B02
201500017385,0,33,0,0.0,2.0,1.0,1.0,A01
201500017385,0,7,0,0.0,2.0,8.0,1.0,B02
201500017386,0,31,0,0.0,2.0,1.0,1.0,A01
201500017386,0,7,0,0.0,2.0,3.0,10.0,B02
201500017387,0,2,0,0.0,2.0,1.0,1.0,A01
201500017387,0,7,0,0.0,2.0,3.0,10.0,B02
201500017388,0,7,0,0.0,2.0,3.0,15.0,A01
201500017388,0,32,0,0.0,2.0,8.0,1.0,B02
201500017389,0,31,0,0.0,9.0,7.0,1.0,A01
201500017390,0,31,0,0.0,2.0,3.0,17.0,A01
201500017390,0,34,0,0.0,2.0,8.0,0.0,B02
201500017391,0,33,0,13.0,0.0,2.0,1.0,A01
201500017392,0,14,0,0.0,2.0,7.0,11.0,A01
201500017392,0,32,0,0.0,2.0,1.0,1.0,B02
201500017393,0,7,0,0.0,0.0,3.0,1.0,B02
201500017393,0,10,0,0.0,0.0,3.0,13.0,A01
201500017394,0,33,0,0.0,2.0,1.0,13.0,A01
201500017394,0,33,0,0.0,2.0,3.0,1.0,B02
201500017395,0,1,0,0.0,0.0,0.0,1.0,A01
201500017396,0,36,0,0.0,0.0,1.0,0.0,A01
201500017397,0,7,0,10.0,0.0,1.0,1.0,A01
201500017398,0,7,0,8.0,0.0,0.0,0.0,A01
201500017399,0,33,0,0.0,0.0,0.0,1.0,A01
201500017400,0,10,0,0.0,2.0,2.0,15.0,A01
201500017400,0,33,0,0.0,0.0,0.0,0.0,B02
201500017401,0,7,0,13.0,0.0,1.0,11.0,A01
201500017402,0,7,0,0.0,2.0,3.0,1.0,B02
201500017402,0,7,0,0.0,2.0,1.0,13.0,A01
201500017403,0,33,0,8.0,0.0,2.0,1.0,A01
201500017404,0,7,0,0.0,0.0,1.0,1.0,B02
201500017404,0,7,0,0.0,0.0,8.0,1.0,A01
201500017405,0,7,0,0.0,0.0,0.0,15.0,A01
201500017405,0,33,0,0.0,2.0,0.0,1.0,B02
201500017406,0,7,0,14.0,0.0,1.0,1.0,B02
201500017406,0,2,0,0.0,2.0,8.0,23.0,A01
201500017407,0,7,0,0.0,2.0,3.0,1.0,A01
201500017407,0,17,0,0.0,2.0,3.0,1.0,B02
201500017408,0,7,0,0.0,2.0,5.0,15.0,A01
201500017408,0,2,0,0.0,2.0,1.0,13.0,B02
201500017409,0,2,0,0.0,2.0,1.0,13.0,A01
201500017409,0,7,0,0.0,2.0,1.0,1.0,B02
201500017410,0,7,0,15.0,1.0,2.0,1.0,A01
201500017411,0,7,0,0.0,1.0,3.0,16.0,A01
201500017412,0,7,0,15.0,0.0,1.0,1.0,A01
201500017413,0,32,0,13.0,0.0,3.0,1.0,A01
201500017414,0,7,0,0.0,2.0,3.0,9.0,B02
201500017414,0,33,0,0.0,2.0,1.0,1.0,A01
201500017415,0,30,0,8.0,0.0,5.0,1.0,A01
201500017416,0,7,0,0.0,0.0,4.0,23.0,B02
201500017416,0,30,0,0.0,2.0,1.0,2.0,A01
201500017417,0,33,0,0.0,2.0,1.0,1.0,A01
201500017417,0,7,0,0.0,2.0,3.0,2.0,B02
201500017418,0,7,0,0.0,2.0,0.0,0.0,A01
201500017418,0,7,0,0.0,2.0,1.0,1.0,B02
201500017419,0,3,0,0.0,2.0,8.0,15.0,A01
201500017419,0,7,0,0.0,2.0,2.0,17.0,B02
201500017420,0,7,0,16.0,0.0,9.0,1.0,A01
201500017421,0,33,0,16.0,0.0,0.0,0.0,A01
201500017422,0,7,0,0.0,2.0,1.0,1.0,B02
201500017422,0,7,0,0.0,2.0,1.0,1.0,A01
201500017423,0,3,0,13.0,0.0,1.0,13.0,A01
201500017424,0,21,0,0.0,2.0,3.0,1.0,B02
201500017424,0,7,0,0.0,2.0,8.0,13.0,A01
201500017425,0,7,0,0.0,2.0,3.0,1.0,B02
201500017425,0,7,0,2.0,2.0,3.0,5.0,A01
201500017426,0,7,0,2.0,0.0,9.0,0.0,A01
201500017427,0,7,0,0.0,1.0,1.0,1.0,A01
201500017428,0,7,0,0.0,0.0,3.0,1.0,A01
201500017428,0,7,0,0.0,0.0,3.0,13.0,B02
201500017429,0,13,0,6.0,0.0,1.0,5.0,A01
201500017430,0,10,0,2.0,0.0,1.0,5.0,A01
201500017431,0,7,0,0.0,2.0,3.0,19.0,A01
201500017431,0,7,0,0.0,2.0,1.0,1.0,B02
201500017432,0,33,0,13.0,0.0,1.0,1.0,A01
201500017433,0,14,0,0.0,0.0,4.0,23.0,A01
201500017433,0,7,0,1.0,0.0,1.0,1.0,B02
201500017434,0,33,0,0.0,2.0,1.0,21.0,A01
201500017434,0,7,0,0.0,2.0,3.0,19.0,B02
201500017435,0,7,0,0.0,2.0,1.0,0.0,C03
201500017435,0,7,0,0.0,2.0,1.0,13.0,A01
201500017435,0,7,0,0.0,2.0,1.0,0.0,B02
201500017436,0,32,0,8.0,0.0,1.0,1.0,A01
201500017437,0,7,0,6.0,1.0,2.0,14.0,A01
201500017438,0,7,0,0.0,2.0,1.0,17.0,A01
201500017438,0,33,0,0.0,2.0,1.0,1.0,B02
201500017439,0,7,0,0.0,0.0,0.0,0.0,A01
201500017440,0,7,0,0.0,0.0,0.0,0.0,A01
201500017441,0,10,0,0.0,1.0,2.0,16.0,A01
201500017442,0,7,0,0.0,1.0,1.0,15.0,A01
201500017443,0,1,0,0.0,1.0,1.0,1.0,A01
201500017444,0,7,0,7.0,0.0,1.0,14.0,A01
201500017445,0,3,0,1.0,0.0,1.0,1.0,A01
201500017446,2,7,0,13.0,0.0,9.0,1.0,A01
201500017447,0,7,0,8.0,0.0,8.0,13.0,A01
201500017448,0,3,0,8.0,0.0,9.0,21.0,A01
201500017449,0,34,0,0.0,2.0,1.0,2.0,A01
201500017449,0,7,0,0.0,2.0,4.0,2.0,B01
201500017450,0,7,0,0.0,2.0,1.0,2.0,A01
201500017450,0,7,0,0.0,2.0,4.0,2.0,B01
201500017451,0,7,0,0.0,1.0,7.0,1.0,A01
201500017452,0,7,0,0.0,2.0,7.0,1.0,A01
201500017452,0,7,0,0.0,2.0,1.0,1.0,B01
201500017453,0,10,0,0.0,1.0,4.0,4.0,A01
201500017454,0,7,0,13.0,0.0,9.0,21.0,A01
201500017455,0,30,0,0.0,2.0,1.0,2.0,A01
201500017455,0,30,0,0.0,2.0,4.0,2.0,B01
201500017456,0,7,0,0.0,2.0,6.0,16.0,B01
201500017456,0,30,0,0.0,2.0,1.0,1.0,A01
201500017457,0,33,0,0.0,2.0,7.0,1.0,A01
201500017457,0,7,0,0.0,2.0,1.0,9.0,B01
201500017458,0,1,0,0.0,0.0,0.0,1.0,A01
201500017459,0,7,0,0.0,2.0,6.0,15.0,B01
201500017459,0,33,0,0.0,2.0,1.0,1.0,A01
201500017460,0,7,0,0.0,2.0,4.0,1.0,B01
201500017460,0,7,0,0.0,2.0,3.0,23.0,C01
201500017460,0,7,0,0.0,2.0,1.0,9.0,A01
201500017461,0,7,0,0.0,2.0,1.0,1.0,B01
201500017461,0,7,0,0.0,2.0,8.0,9.0,A01
201500017462,0,7,0,0.0,1.0,4.0,4.0,A01
201500017463,0,7,0,0.0,2.0,8.0,15.0,A01
201500017463,0,30,0,0.0,2.0,1.0,1.0,B01
201500017464,0,7,0,0.0,2.0,1.0,1.0,A01
201500017464,0,1,0,0.0,2.0,1.0,1.0,B01
201500017465,0,7,0,0.0,1.0,1.0,1.0,A01
201500017466,0,7,0,0.0,2.0,3.0,0.0,B01
201500017466,0,7,0,0.0,2.0,3.0,1.0,A01
201500017467,0,30,0,0.0,2.0,7.0,17.0,A01
201500017467,0,7,0,0.0,2.0,8.0,1.0,B01
201500017468,0,33,0,0.0,2.0,1.0,17.0,A01
201500017468,0,7,0,0.0,2.0,6.0,15.0,B01
201500017469,0,38,0,0.0,1.0,1.0,1.0,A01
201500017469,0,7,0,8.0,0.0,5.0,1.0,B01
201500017470,0,32,0,0.0,1.0,1.0,0.0,A01
201500017471,0,33,0,0.0,2.0,1.0,1.0,B01
201500017471,0,7,0,0.0,2.0,8.0,9.0,A01
201500017472,0,7,0,0.0,1.0,1.0,1.0,A01
201500017473,0,3,0,0.0,0.0,9.0,1.0,A01
201500017474,0,7,0,0.0,2.0,3.0,15.0,A01
201500017474,0,7,0,0.0,2.0,3.0,1.0,B01
201500017475,0,7,0,0.0,2.0,1.0,16.0,A01
201500017475,0,30,0,0.0,2.0,7.0,15.0,B01
201500017476,0,33,0,0.0,2.0,1.0,1.0,B01
201500017476,0,7,0,0.0,2.0,6.0,9.0,A01
201500017477,0,30,0,0.0,0.0,7.0,16.0,A01
201500017478,0,7,0,0.0,2.0,1.0,13.0,A01
201500017478,0,7,0,13.0,2.0,1.0,1.0,B01
201500017479,0,7,0,0.0,1.0,1.0,1.0,A01