Num_Acc,senc,catv,occutc,obs,obsm,choc,manv,num_veh
201500017480,0,30,0,0.0,0.0,8.0,1.0,A01
201500017481,0,7,0,0.0,1.0,1.0,1.0,A01
201500017482,0,7,0,0.0,2.0,2.0,1.0,B01
201500017482,0,30,0,0.0,2.0,1.0,1.0,A01
201500017483,0,7,0,0.0,2.0,1.0,1.0,B01
201500017483,0,7,0,0.0,2.0,2.0,15.0,A01
201500017484,0,7,0,0.0,2.0,1.0,19.0,A01
201500017484,0,7,0,9.0,2.0,8.0,1.0,B01
201500017485,0,7,0,0.0,1.0,1.0,1.0,A01
201500017486,0,30,0,0.0,2.0,1.0,1.0,B01
201500017486,0,7,0,0.0,2.0,8.0,15.0,A01
201500017487,0,7,0,2.0,0.0,3.0,2.0,A01
201500017488,0,7,0,0.0,1.0,4.0,4.0,A01
201500017489,0,7,0,0.0,1.0,0.0,0.0,A01
201500017490,0,7,0,8.0,0.0,1.0,1.0,A01
201500017491,0,7,0,0.0,0.0,0.0,0.0,A01
201500017491,0,7,0,0.0,2.0,4.0,23.0,B01
201500017492,0,1,0,0.0,2.0,7.0,1.0,B01
201500017492,0,7,0,0.0,2.0,3.0,9.0,A01
201500017493,0,2,0,0.0,0.0,0.0,0.0,A01
201500017494,0,30,0,0.0,0.0,8.0,1.0,A01
201500017495,0,7,0,0.0,2.0,2.0,1.0,A01
201500017495,0,7,0,0.0,2.0,3.0,1.0,B01
201500017496,0,7,0,11.0,2.0,7.0,16.0,B01
201500017496,0,7,0,0.0,2.0,1.0,1.0,A01
201500017497,0,7,0,15.0,1.0,1.0,20.0,A01
201500017498,0,7,0,0.0,2.0,8.0,9.0,A01
201500017498,0,7,0,0.0,2.0,7.0,1.0,B01
201500017499,0,7,0,0.0,1.0,2.0,9.0,A01
201500017500,0,7,0,0.0,1.0,1.0,1.0,A01
201500017501,0,33,0,3.0,0.0,1.0,1.0,A01
201500017502,0,7,0,0.0,1.0,2.0,19.0,A01
201500017503,0,31,0,10.0,0.0,7.0,2.0,A01
201500017504,0,7,0,0.0,2.0,3.0,1.0,B02
201500017504,0,7,0,0.0,2.0,3.0,1.0,A01
201500017505,0,31,0,8.0,0.0,0.0,1.0,A01
201500017506,0,20,0,0.0,1.0,1.0,1.0,A01
201500017507,0,33,0,13.0,0.0,0.0,17.0,A01
201500017508,0,14,0,3.0,0.0,9.0,1.0,A01
201500017509,0,7,0,0.0,2.0,1.0,1.0,C03
201500017509,0,7,0,0.0,2.0,3.0,1.0,B02
201500017509,0,7,0,0.0,2.0,3.0,13.0,A01
201500017510,0,31,0,3.0,0.0,2.0,14.0,A01
201500017511,0,7,0,13.0,0.0,2.0,1.0,A01
201500017512,0,10,0,0.0,2.0,3.0,0.0,B02
201500017512,0,7,0,0.0,2.0,2.0,1.0,A01
201500017513,0,33,0,0.0,2.0,8.0,1.0,A01
201500017513,0,14,0,0.0,2.0,3.0,15.0,B02
201500017514,0,7,0,0.0,2.0,1.0,1.0,B02
201500017514,0,7,0,0.0,2.0,1.0,1.0,A01
201500017515,0,30,0,0.0,2.0,1.0,13.0,B02
201500017515,0,7,0,0.0,2.0,1.0,1.0,A01
201500017516,0,1,0,0.0,2.0,1.0,5.0,A01
201500017516,0,7,0,0.0,2.0,3.0,15.0,B02
201500017517,0,7,0,8.0,0.0,1.0,13.0,A01
201500017518,0,7,0,0.0,2.0,1.0,15.0,B02
201500017518,0,7,0,0.0,2.0,1.0,1.0,A01
201500017519,0,7,0,13.0,0.0,9.0,1.0,A01
201500017520,0,33,0,0.0,0.0,8.0,1.0,A01
201500017521,0,33,0,0.0,2.0,8.0,1.0,C03
201500017521,0,33,0,0.0,2.0,1.0,1.0,B02
201500017521,0,7,0,0.0,2.0,3.0,13.0,A01
201500017521,0,33,0,0.0,0.0,0.0,1.0,D04
201500017522,0,31,0,0.0,6.0,1.0,0.0,A01
201500017523,0,7,0,13.0,0.0,7.0,1.0,A01
201500017524,0,7,0,13.0,0.0,3.0,1.0,A01
201500017525,0,7,0,0.0,2.0,1.0,1.0,B02
201500017525,0,7,0,0.0,2.0,1.0,21.0,A01
201500017525,0,7,0,0.0,0.0,0.0,19.0,C03
201500017526,0,7,0,0.0,1.0,2.0,0.0,A01
201500017527,0,7,0,0.0,0.0,2.0,1.0,A01
201500017528,0,3,0,2.0,0.0,1.0,13.0,A01
201500017529,0,10,0,13.0,0.0,1.0,1.0,A01
201500017530,0,7,0,0.0,2.0,2.0,15.0,A01
201500017530,0,2,0,0.0,2.0,1.0,1.0,B02
201500017531,0,7,0,0.0,2.0,8.0,13.0,A01
201500017531,0,7,0,0.0,2.0,3.0,1.0,B02
201500017532,0,33,0,0.0,2.0,3.0,14.0,A01
201500017532,0,10,0,0.0,2.0,2.0,16.0,B02
201500017533,0,7,0,0.0,1.0,1.0,15.0,A01
201500017534,0,10,0,0.0,2.0,1.0,15.0,A01
201500017534,0,33,0,0.0,2.0,1.0,1.0,B02
201500017535,0,7,0,0.0,0.0,7.0,15.0,A01
201500017535,0,31,0,0.0,2.0,1.0,1.0,B02
201500017536,0,15,0,1.0,0.0,2.0,2.0,A01
201500017536,0,7,0,0.0,2.0,4.0,2.0,B02
201500017536,0,7,0,1.0,0.0,4.0,2.0,C03
201500017536,0,7,0,0.0,2.0,4.0,2.0,D04
201500017537,0,7,0,0.0,1.0,2.0,2.0,A01
201500017538,0,7,0,0.0,1.0,4.0,4.0,A01
201500017539,0,7,0,13.0,0.0,9.0,1.0,A01
201500017540,0,30,0,0.0,0.0,3.0,0.0,A01
201500017540,0,7,0,0.0,0.0,3.0,1.0,B02
201500017541,0,7,0,13.0,0.0,3.0,13.0,A01
201500017542,0,7,0,0.0,2.0,7.0,19.0,B02
201500017542,0,7,0,0.0,2.0,1.0,1.0,A01
201500017543,0,7,0,0.0,2.0,3.0,1.0,A01
201500017543,0,7,0,0.0,2.0,3.0,1.0,B02
201500017544,0,7,0,0.0,2.0,3.0,0.0,B02
201500017544,0,7,0,0.0,2.0,3.0,1.0,A01
201500017545,0,7,0,0.0,0.0,1.0,0.0,A01
201500017546,0,2,0,0.0,2.0,3.0,16.0,A01
201500017546,1,21,0,0.0,2.0,6.0,15.0,B02
201500017547,0,7,0,8.0,2.0,7.0,15.0,A01
201500017547,0,7,0,0.0,2.0,1.0,1.0,B02
201500017548,0,7,0,0.0,2.0,3.0,5.0,A01
201500017548,0,10,0,0.0,2.0,3.0,1.0,B02
201500017549,0,15,0,0.0,0.0,0.0,23.0,A01
201500017550,0,30,0,0.0,2.0,1.0,13.0,A01
201500017550,0,7,0,0.0,2.0,3.0,1.0,B02
201500017551,0,7,0,0.0,2.0,3.0,13.0,A01
201500017551,0,15,0,0.0,2.0,3.0,1.0,B02
201500017552,0,7,0,0.0,2.0,1.0,1.0,B02
201500017552,0,15,0,0.0,2.0,1.0,1.0,A01
201500017553,0,17,0,0.0,2.0,2.0,2.0,B02
201500017553,0,7,0,0.0,2.0,8.0,19.0,A01
201500017554,0,7,0,3.0,0.0,1.0,1.0,A01
201500017555,0,7,0,13.0,0.0,1.0,2.0,A01
201500017556,0,7,0,16.0,0.0,1.0,14.0,A01
201500017557,0,7,0,0.0,2.0,1.0,13.0,A01
201500017557,0,7,0,0.0,2.0,1.0,1.0,B02
201500017557,0,14,0,0.0,2.0,3.0,1.0,C03
201500017558,0,7,0,13.0,0.0,2.0,21.0,A01
201500017559,0,7,0,6.0,0.0,2.0,1.0,A01
201500017560,0,7,0,2.0,0.0,3.0,1.0,A01
201500017561,0,7,0,6.0,0.0,2.0,1.0,A01
201500017562,0,7,0,0.0,2.0,1.0,2.0,A01
201500017562,0,7,0,0.0,0.0,8.0,1.0,B02
201500017563,0,7,0,0.0,1.0,1.0,16.0,A01
201500017564,0,7,0,2.0,,1.0,14.0,A01
201500017565,0,7,0,13.0,0.0,1.0,13.0,A01
201500017566,0,7,0,2.0,0.0,7.0,17.0,A01
201500017567,0,15,0,0.0,0.0,7.0,1.0,A01
201500017567,0,30,0,0.0,2.0,1.0,9.0,B02
201500017568,0,7,0,6.0,0.0,2.0,0.0,A01
201500017569,0,33,0,0.0,2.0,1.0,1.0,B01
201500017569,0,7,0,0.0,2.0,8.0,19.0,A02
201500017570,0,15,0,0.0,2.0,1.0,1.0,B02
201500017570,0,10,0,0.0,2.0,1.0,13.0,A01
201500017571,0,7,0,0.0,2.0,1.0,13.0,A01
201500017571,0,10,0,0.0,2.0,1.0,1.0,B02
201500017572,0,7,0,0.0,2.0,3.0,1.0,A01
201500017572,0,1,0,0.0,2.0,6.0,19.0,B02
201500017573,0,7,0,0.0,6.0,1.0,21.0,A01
201500017574,0,7,0,0.0,2.0,1.0,1.0,A01
201500017574,0,7,0,0.0,2.0,1.0,1.0,B02
201500017575,0,30,0,0.0,2.0,1.0,15.0,A01
201500017575,0,7,0,0.0,2.0,3.0,1.0,B02
201500017576,0,7,0,0.0,2.0,1.0,17.0,A01
201500017576,0,13,0,0.0,2.0,1.0,1.0,B02
201500017577,0,7,0,0.0,2.0,3.0,15.0,B02
201500017577,0,31,0,0.0,2.0,1.0,17.0,A01
201500017578,0,7,0,2.0,0.0,2.0,1.0,A01
201500017579,0,7,0,0.0,2.0,1.0,1.0,B02
201500017579,0,7,0,0.0,2.0,1.0,13.0,A01
201500017580,0,7,0,8.0,0.0,7.0,1.0,A01
201500017581,0,7,0,0.0,2.0,8.0,10.0,A01
201500017581,0,31,0,0.0,2.0,1.0,17.0,B02
201500017582,0,7,0,0.0,2.0,3.0,16.0,A01
201500017582,0,1,0,0.0,2.0,7.0,1.0,B02
201500017583,0,33,0,13.0,0.0,1.0,1.0,A01
201500017584,0,7,0,0.0,2.0,2.0,1.0,A01
201500017584,0,7,0,0.0,2.0,1.0,1.0,B02
201500017585,0,7,0,0.0,2.0,3.0,1.0,A01
201500017585,0,7,0,0.0,2.0,1.0,13.0,B02
201500017586,0,33,0,0.0,0.0,2.0,1.0,A01
201500017587,0,7,0,0.0,0.0,9.0,1.0,A01
201500017588,0,7,0,0.0,0.0,6.0,1.0,C03
201500017588,0,33,0,0.0,2.0,8.0,13.0,A01
201500017588,0,7,0,0.0,0.0,8.0,1.0,B02
201500017589,0,36,0,14.0,0.0,1.0,1.0,A01
201500017590,0,33,0,0.0,0.0,9.0,1.0,A01
201500017591,0,10,0,0.0,2.0,1.0,21.0,A01
201500017591,0,7,0,0.0,2.0,3.0,15.0,B02
201500017592,0,7,0,0.0,2.0,2.0,21.0,A01
201500017592,0,14,0,0.0,2.0,6.0,23.0,B02
201500017593,0,7,0,0.0,2.0,8.0,15.0,A01
201500017593,0,2,0,0.0,2.0,1.0,17.0,B02
201500017594,0,7,0,0.0,2.0,1.0,1.0,B02
201500017594,0,33,0,0.0,2.0,1.0,13.0,A01
201500017594,0,7,0,0.0,2.0,1.0,1.0,C03
201500017595,0,7,0,0.0,9.0,2.0,17.0,A01
201500017595,0,1,0,0.0,2.0,3.0,11.0,B02
201500017596,0,17,0,0.0,2.0,3.0,1.0,A01
201500017596,0,7,0,0.0,2.0,3.0,21.0,B02
201500017597,0,30,0,13.0,0.0,2.0,14.0,A01
201500017598,0,7,0,0.0,2.0,1.0,17.0,A01
201500017598,0,7,0,0.0,2.0,3.0,13.0,B02
201500017599,0,7,0,0.0,2.0,6.0,1.0,C03
201500017599,0,7,0,0.0,2.0,8.0,13.0,A01
201500017599,0,21,0,0.0,2.0,6.0,1.0,B02
201500017600,0,7,0,0.0,2.0,2.0,15.0,A01
201500017600,0,10,0,0.0,2.0,1.0,1.0,B02
201500017601,0,30,0,9.0,0.0,1.0,1.0,A01
201500017602,0,1,0,0.0,2.0,4.0,1.0,B02
201500017602,0,7,0,0.0,2.0,3.0,9.0,A01
201500017603,0,33,0,0.0,2.0,1.0,1.0,B02
201500017603,0,7,0,0.0,2.0,8.0,19.0,A01
201500017604,0,33,0,13.0,0.0,2.0,1.0,A01
201500017605,0,7,0,8.0,2.0,2.0,17.0,B02
201500017605,0,7,0,6.0,2.0,8.0,15.0,A01
201500017606,0,7,0,0.0,2.0,3.0,15.0,B02
201500017606,0,7,0,0.0,2.0,2.0,17.0,A01
201500017607,0,7,0,0.0,2.0,1.0,19.0,A01
201500017607,0,7,0,0.0,0.0,8.0,0.0,B02
201500017608,0,3,0,0.0,0.0,2.0,19.0,A01
201500017608,0,33,0,0.0,2.0,3.0,1.0,B02
201500017609,0,33,0,13.0,0.0,9.0,1.0,A01
201500017610,0,10,0,0.0,1.0,3.0,1.0,A01
201500017611,0,10,0,0.0,1.0,8.0,21.0,A01
201500017612,0,7,0,0.0,1.0,1.0,0.0,A01
201500017613,0,33,0,0.0,2.0,2.0,1.0,A01
201500017613,0,7,0,0.0,2.0,6.0,1.0,B02
201500017614,0,7,0,2.0,0.0,3.0,1.0,A01
201500017615,0,7,0,0.0,2.0,7.0,1.0,A01
201500017615,0,1,0,0.0,2.0,8.0,1.0,B02
201500017616,0,7,0,13.0,0.0,1.0,1.0,A01
201500017617,0,7,0,0.0,0.0,0.0,0.0,A01
201500017618,0,7,0,0.0,2.0,3.0,17.0,A01
201500017618,0,10,0,0.0,2.0,3.0,1.0,B02
201500017619,0,2,0,0.0,2.0,8.0,9.0,A01
201500017619,0,7,0,0.0,2.0,1.0,1.0,B02
201500017620,0,7,0,0.0,2.0,2.0,15.0,A01
201500017620,0,30,0,0.0,2.0,1.0,1.0,B02
201500017621,0,7,0,0.0,2.0,1.0,1.0,B02
201500017621,0,7,0,0.0,2.0,1.0,1.0,A01
201500017622,0,31,0,0.0,0.0,8.0,1.0,A01
201500017623,0,7,0,0.0,2.0,7.0,15.0,A01
201500017623,0,7,0,0.0,2.0,1.0,1.0,B02
201500017624,0,14,0,0.0,2.0,2.0,13.0,A01
201500017624,0,7,0,0.0,2.0,3.0,1.0,C03
201500017625,2,7,0,0.0,2.0,1.0,13.0,A01
201500017625,0,7,0,0.0,2.0,3.0,1.0,B02
201500017625,0,7,0,0.0,2.0,3.0,21.0,C03
201500017626,0,1,0,0.0,2.0,1.0,13.0,A01
201500017626,0,7,0,0.0,9.0,3.0,1.0,B02
201500017627,0,1,0,0.0,2.0,8.0,13.0,A01
201500017627,0,10,0,0.0,2.0,8.0,13.0,B02
201500017628,0,1,0,1.0,0.0,1.0,1.0,A01
201500017629,0,7,0,16.0,0.0,1.0,1.0,A01
201500017630,0,7,0,0.0,2.0,3.0,3.0,A01
201500017630,0,7,0,0.0,2.0,1.0,0.0,B02
201500017631,0,7,0,0.0,2.0,1.0,13.0,A01
201500017631,0,7,0,0.0,2.0,1.0,1.0,B02
201500017632,0,7,0,0.0,2.0,1.0,5.0,A01
201500017632,0,14,0,0.0,2.0,1.0,1.0,B02
201500017633,0,7,0,0.0,9.0,1.0,1.0,A01
201500017633,0,1,0,0.0,2.0,4.0,1.0,B02
201500017634,0,10,0,0.0,2.0,2.0,15.0,A01
201500017634,0,33,0,0.0,2.0,1.0,1.0,B02
201500017635,0,2,0,0.0,2.0,2.0,1.0,B02
201500017635,0,7,0,0.0,2.0,6.0,4.0,A01
201500017636,0,7,0,3.0,0.0,9.0,1.0,A01
201500017637,1,7,0,0.0,2.0,3.0,17.0,A01
201500017637,0,33,0,0.0,2.0,3.0,1.0,B02
201500017638,0,7,0,0.0,1.0,2.0,1.0,A01
201500017639,0,7,0,0.0,2.0,3.0,17.0,A01
201500017639,0,7,0,0.0,2.0,3.0,1.0,B02
201500017639,0,7,0,0.0,2.0,6.0,1.0,C03
201500017640,0,10,0,0.0,2.0,3.0,0.0,A01
201500017640,0,7,0,0.0,2.0,3.0,0.0,B02
201500017641,0,2,0,0.0,2.0,3.0,0.0,B02
201500017641,0,7,0,0.0,2.0,7.0,0.0,A01
201500017642,0,7,0,0.0,2.0,3.0,1.0,B02
201500017642,0,7,0,0.0,2.0,3.0,1.0,A01
201500017643,0,7,0,0.0,2.0,3.0,1.0,A01
201500017643,0,7,0,0.0,2.0,3.0,1.0,B02
201500017644,0,7,0,13.0,0.0,2.0,1.0,A01
201500017645,0,10,0,0.0,2.0,1.0,21.0,B02
201500017645,0,7,0,0.0,2.0,7.0,13.0,A01
201500017646,0,33,0,0.0,0.0,0.0,14.0,A01
201500017647,0,33,0,0.0,0.0,0.0,21.0,A01
201500017647,0,33,0,0.0,9.0,1.0,1.0,B02
201500017648,0,7,0,0.0,1.0,3.0,1.0,A01
201500017649,0,10,0,2.0,0.0,1.0,13.0,A01
201500017650,0,1,0,0.0,2.0,1.0,5.0,A01
201500017650,0,7,0,0.0,2.0,1.0,5.0,B02
201500017651,0,33,0,0.0,0.0,4.0,2.0,B02
201500017651,0,33,0,0.0,2.0,1.0,2.0,A01
201500017652,0,7,0,0.0,2.0,3.0,1.0,B02
201500017652,0,7,0,0.0,2.0,2.0,9.0,A01
201500017653,0,7,0,0.0,2.0,1.0,13.0,A01
201500017653,0,14,0,0.0,2.0,1.0,1.0,B02
201500017654,0,7,0,0.0,1.0,1.0,1.0,A01
201500017655,0,7,0,16.0,0.0,9.0,14.0,A01
201500017656,0,7,0,0.0,2.0,1.0,13.0,A01
201500017656,0,7,0,0.0,2.0,1.0,1.0,B02
201500017657,0,7,0,16.0,0.0,1.0,13.0,A01
201500017658,0,33,0,7.0,0.0,1.0,14.0,A01
201500017659,0,7,0,0.0,1.0,2.0,1.0,A01
201500017660,0,7,0,0.0,2.0,3.0,1.0,A01
201500017660,0,7,0,0.0,2.0,3.0,5.0,B02
201500017661,0,7,0,0.0,1.0,2.0,14.0,A01
201500017662,0,7,0,0.0,1.0,1.0,1.0,A01
201500017663,0,7,0,0.0,0.0,7.0,4.0,B02
201500017663,0,7,0,0.0,2.0,2.0,1.0,A01
201500017664,0,7,0,0.0,2.0,1.0,15.0,A01
201500017664,0,7,0,0.0,2.0,1.0,1.0,B02
201500017665,0,7,0,0.0,2.0,1.0,14.0,B02
201500017665,0,7,0,2.0,0.0,2.0,14.0,A01
201500017666,0,7,0,16.0,0.0,9.0,14.0,A01
201500017667,0,7,0,0.0,2.0,1.0,1.0,B02
201500017667,0,1,0,0.0,2.0,8.0,19.0,A01
201500017668,0,33,0,0.0,2.0,1.0,1.0,B02
201500017668,0,7,0,0.0,2.0,3.0,15.0,A01
201500017669,0,1,0,0.0,0.0,0.0,13.0,B02
201500017669,0,31,0,0.0,2.0,1.0,17.0,A01
201500017670,0,7,0,0.0,2.0,7.0,5.0,A01
201500017670,0,14,0,0.0,2.0,1.0,1.0,B02
201500017671,0,7,0,16.0,0.0,9.0,1.0,A01
201500017672,0,7,0,0.0,2.0,3.0,1.0,B02
201500017672,0,7,0,0.0,2.0,3.0,13.0,A01
201500017673,0,33,0,0.0,0.0,1.0,1.0,B02
201500017673,0,7,0,0.0,0.0,3.0,15.0,A01
201500017674,0,7,0,13.0,0.0,1.0,1.0,A01
201500017675,0,33,0,13.0,0.0,9.0,14.0,A01
201500017676,0,15,0,13.0,0.0,3.0,13.0,A01
201500017677,0,33,0,14.0,0.0,9.0,17.0,A01
201500017678,0,7,0,0.0,2.0,1.0,1.0,C03
201500017678,0,10,0,0.0,2.0,5.0,17.0,A01
201500017678,0,7,0,0.0,2.0,3.0,13.0,B02
201500017679,0,7,0,2.0,0.0,1.0,13.0,A01
201500017680,0,7,0,13.0,0.0,1.0,21.0,A02
201500017681,0,7,0,0.0,2.0,8.0,19.0,B02
201500017681,0,7,0,0.0,2.0,1.0,1.0,A01
201500017682,0,7,0,0.0,2.0,3.0,15.0,A01
201500017682,0,30,0,0.0,2.0,1.0,1.0,B02
201500017683,0,7,0,0.0,2.0,3.0,13.0,A01
201500017683,0,7,0,0.0,2.0,1.0,1.0,B02
201500017683,0,7,0,0.0,2.0,1.0,1.0,C03
201500017684,0,7,0,0.0,2.0,4.0,24.0,B02
201500017684,0,7,0,1.0,0.0,1.0,14.0,A01
201500017685,1,14,0,0.0,1.0,2.0,1.0,A01
201500017686,0,33,0,6.0,0.0,1.0,13.0,A01
201500017687,0,7,0,0.0,0.0,7.0,9.0,A01
201500017687,0,30,0,0.0,2.0,1.0,1.0,B02
201500017688,0,7,0,2.0,0.0,1.0,14.0,A01
201500017689,0,7,0,0.0,2.0,7.0,1.0,A01
201500017689,0,1,0,0.0,2.0,2.0,5.0,B02
201500017690,0,7,0,0.0,2.0,2.0,17.0,B02
201500017690,0,7,0,0.0,2.0,6.0,11.0,A01
201500017690,0,7,0,0.0,2.0,8.0,1.0,C03
201500017691,0,7,0,0.0,2.0,2.0,1.0,B02
201500017691,0,7,0,0.0,2.0,1.0,9.0,A01
201500017692,0,7,0,0.0,2.0,3.0,1.0,A01
201500017692,0,1,0,0.0,0.0,8.0,19.0,B02
201500017693,0,7,0,6.0,0.0,8.0,19.0,A01
201500017694,0,7,0,0.0,1.0,3.0,9.0,A01
201500017695,0,7,0,0.0,0.0,2.0,1.0,A01
201500017695,0,1,0,0.0,2.0,1.0,19.0,C03
201500017695,0,1,0,0.0,2.0,1.0,19.0,B02
201500017696,0,10,0,0.0,1.0,1.0,9.0,A01
201500017697,0,10,0,0.0,1.0,3.0,15.0,A01
201500017698,0,7,0,0.0,2.0,2.0,1.0,A01
201500017698,0,1,0,0.0,2.0,3.0,19.0,B02
201500017699,0,30,0,0.0,0.0,8.0,1.0,B02
201500017699,1,7,0,0.0,2.0,7.0,2.0,A01
201500017700,0,7,0,0.0,2.0,1.0,2.0,A01
201500017700,0,7,0,0.0,0.0,4.0,1.0,B02
201500017701,0,7,0,2.0,0.0,2.0,13.0,A01
201500017702,0,7,0,6.0,0.0,1.0,14.0,A01
201500017703,0,33,0,0.0,2.0,2.0,1.0,A01
201500017703,0,7,0,0.0,0.0,5.0,15.0,B02
201500017704,0,7,0,0.0,4.0,3.0,1.0,A01
201500017704,0,39,9,0.0,2.0,1.0,1.0,B02
201500017705,0,7,0,2.0,0.0,1.0,17.0,A01
201500017706,0,7,0,0.0,0.0,9.0,14.0,A01
201500017707,0,7,0,0.0,2.0,4.0,23.0,B02
201500017707,0,7,0,0.0,2.0,4.0,23.0,A01
201500017707,0,7,0,0.0,2.0,1.0,1.0,C03
201500017708,0,3,0,0.0,2.0,7.0,1.0,B02
201500017708,0,7,0,0.0,2.0,1.0,13.0,A01
201500017709,0,7,0,0.0,2.0,2.0,15.0,A01
201500017709,0,7,0,0.0,2.0,1.0,1.0,B02
201500017710,0,7,0,0.0,2.0,1.0,1.0,B02
201500017710,0,7,0,0.0,2.0,1.0,15.0,A01
201500017711,0,10,0,0.0,2.0,1.0,1.0,A01
201500017711,0,7,0,0.0,2.0,3.0,1.0,B02
201500017712,0,14,0,0.0,2.0,1.0,1.0,C03
201500017712,0,7,0,0.0,2.0,3.0,1.0,B02
201500017712,0,7,0,0.0,2.0,3.0,17.0,A01
201500017713,0,7,0,0.0,2.0,8.0,1.0,A01
201500017713,0,7,0,0.0,2.0,1.0,0.0,B02
201500017714,0,7,0,2.0,0.0,2.0,1.0,A01
201500017715,0,33,0,0.0,0.0,1.0,1.0,A01
201500017716,0,33,0,0.0,2.0,8.0,2.0,B02
201500017716,0,7,0,0.0,2.0,7.0,20.0,A01
201500017717,0,7,0,13.0,0.0,1.0,1.0,A01
201500017718,0,7,0,0.0,2.0,2.0,15.0,A01
201500017718,0,1,0,0.0,2.0,1.0,1.0,B02
201500017719,0,7,0,0.0,9.0,3.0,1.0,A01
201500017719,0,31,0,0.0,0.0,0.0,0.0,B02
201500017720,0,14,0,0.0,2.0,3.0,1.0,B02
201500017720,0,15,0,0.0,2.0,3.0,13.0,A01
201500017721,0,7,0,13.0,0.0,3.0,1.0,A01
201500017722,0,31,0,0.0,2.0,3.0,1.0,A01
201500017722,0,7,0,0.0,2.0,6.0,15.0,B02
201500017723,0,2,0,0.0,2.0,2.0,1.0,A01
201500017723,0,7,0,0.0,2.0,3.0,1.0,B02
201500017724,1,7,0,0.0,1.0,1.0,0.0,A01
201500017725,0,7,0,0.0,0.0,5.0,15.0,A01
201500017725,0,1,0,0.0,0.0,1.0,1.0,B02
201500017726,0,30,0,0.0,2.0,1.0,1.0,A01
201500017726,0,7,0,0.0,2.0,7.0,15.0,B02
201500017727,0,7,0,2.0,0.0,2.0,1.0,A01
201500017728,0,7,0,0.0,9.0,1.0,1.0,B02
201500017728,0,31,0,0.0,2.0,1.0,13.0,A01
201500017729,0,33,0,0.0,2.0,1.0,1.0,A01
201500017729,0,10,0,0.0,2.0,2.0,10.0,B02
201500017730,0,7,0,9.0,1.0,3.0,23.0,A01
201500017731,0,14,0,0.0,0.0,8.0,1.0,A01
201500017731,0,1,0,0.0,2.0,8.0,13.0,B02
201500017732,0,1,0,0.0,0.0,0.0,0.0,A01
201500017733,0,7,0,0.0,0.0,2.0,0.0,A01
201500017733,0,1,0,0.0,0.0,4.0,2.0,B02
201500017734,0,33,0,0.0,0.0,0.0,0.0,A01
201500017735,0,7,0,0.0,0.0,9.0,13.0,A01
201500017736,0,36,0,3.0,0.0,1.0,0.0,A01
201500017737,0,33,0,8.0,0.0,0.0,1.0,A01
201500017738,0,7,0,2.0,0.0,1.0,1.0,A01
201500017739,0,1,0,0.0,2.0,7.0,1.0,A01
201500017739,0,7,0,0.0,2.0,1.0,1.0,B02
201500017740,0,10,0,0.0,2.0,3.0,1.0,B02
201500017740,0,7,0,0.0,2.0,3.0,13.0,A01
201500017741,0,7,0,0.0,2.0,3.0,13.0,A01
201500017741,0,7,0,0.0,2.0,8.0,2.0,B02
201500017742,0,10,0,0.0,2.0,1.0,2.0,B02
201500017742,0,7,0,0.0,2.0,7.0,19.0,A01
201500017743,0,7,0,0.0,2.0,1.0,1.0,B02
201500017743,0,7,0,0.0,2.0,8.0,9.0,A01
201500017744,0,7,0,0.0,0.0,0.0,1.0,A01
201500017745,0,10,0,0.0,0.0,7.0,1.0,A01
201500017745,0,21,0,0.0,2.0,1.0,19.0,B02
201500017746,0,7,0,0.0,2.0,3.0,15.0,A01
201500017746,0,31,0,0.0,2.0,8.0,1.0,B02
201500017747,0,10,0,0.0,1.0,1.0,1.0,A01
201500017748,0,7,0,0.0,2.0,3.0,1.0,B02
201500017748,0,7,0,0.0,2.0,3.0,1.0,A01
201500017749,0,7,0,0.0,1.0,6.0,4.0,A01
201500017750,0,7,0,2.0,0.0,1.0,1.0,A01
201500017751,0,7,0,0.0,9.0,3.0,1.0,C03
201500017751,0,7,0,0.0,9.0,3.0,1.0,B02
201500017751,0,17,0,0.0,0.0,0.0,1.0,A01
201500017752,0,33,0,0.0,0.0,0.0,0.0,A01
201500017753,0,33,0,6.0,0.0,1.0,14.0,A01
201500017754,0,15,0,0.0,9.0,3.0,17.0,A01
201500017754,0,2,0,0.0,0.0,8.0,15.0,B02
201500017755,0,7,0,2.0,0.0,2.0,1.0,A01
201500017756,0,7,0,0.0,1.0,1.0,1.0,A01
201500017757,0,7,0,0.0,2.0,8.0,1.0,B02
201500017757,0,2,0,0.0,2.0,8.0,1.0,A01
201500017758,0,7,0,0.0,1.0,3.0,1.0,A01
201500017759,0,7,0,0.0,0.0,9.0,1.0,A01
201500017760,0,7,0,13.0,0.0,2.0,1.0,A01
201500017761,0,32,0,0.0,2.0,1.0,1.0,B02
201500017761,0,7,0,0.0,2.0,7.0,1.0,A01
201500017762,0,10,0,0.0,1.0,5.0,1.0,A01
201500017763,0,36,0,6.0,0.0,1.0,2.0,A01
201500017764,0,7,0,0.0,2.0,3.0,1.0,A01
201500017764,0,7,0,0.0,2.0,3.0,1.0,B02
201500017765,0,7,0,0.0,2.0,1.0,2.0,B02
201500017765,0,7,0,0.0,2.0,8.0,5.0,C03
201500017765,0,7,0,0.0,2.0,4.0,2.0,A01