Num_Acc,senc,catv,occutc,obs,obsm,choc,manv,num_veh
201500017766,0,7,0,0.0,2.0,7.0,1.0,A01
201500017766,0,7,0,0.0,2.0,1.0,1.0,B02
201500017767,0,7,0,0.0,2.0,1.0,2.0,A01
201500017767,0,7,0,0.0,2.0,5.0,23.0,B02
201500017767,0,7,0,0.0,2.0,5.0,23.0,C03
201500017768,0,7,0,0.0,1.0,3.0,1.0,A01
201500017769,0,7,0,0.0,2.0,1.0,9.0,A01
201500017769,0,31,0,0.0,0.0,7.0,1.0,B02
201500017770,0,2,0,0.0,1.0,1.0,1.0,A01
201500017771,0,7,0,0.0,2.0,2.0,13.0,A01
201500017771,0,7,0,0.0,2.0,3.0,1.0,B02
201500017771,0,7,0,0.0,2.0,2.0,21.0,C03
201500017772,0,2,0,0.0,2.0,1.0,17.0,A01
201500017772,0,7,0,0.0,2.0,3.0,1.0,B02
201500017773,0,7,0,0.0,2.0,1.0,13.0,A01
201500017773,0,7,0,0.0,2.0,1.0,1.0,B02
201500017774,0,7,0,0.0,0.0,8.0,0.0,A01
201500017774,0,1,0,0.0,0.0,0.0,0.0,B02
201500017775,0,7,0,0.0,1.0,0.0,1.0,A01
201500017776,0,7,0,0.0,0.0,1.0,0.0,A01
201500017777,0,7,0,0.0,2.0,2.0,15.0,A01
201500017777,0,7,0,0.0,2.0,1.0,1.0,B02
201500017778,0,7,0,0.0,1.0,1.0,1.0,A01
201500017779,0,7,0,0.0,0.0,3.0,13.0,A01
201500017780,0,30,0,11.0,0.0,1.0,1.0,A01
201500017781,0,7,0,6.0,0.0,3.0,13.0,A01
201500017782,0,33,0,0.0,0.0,0.0,15.0,A01
201500017783,0,7,0,0.0,2.0,1.0,2.0,A01
201500017783,0,33,0,0.0,0.0,4.0,2.0,B02
201500017784,0,7,0,2.0,0.0,3.0,14.0,A01
201500017785,0,33,0,0.0,2.0,8.0,1.0,A01
201500017785,0,7,0,0.0,2.0,1.0,19.0,B02
201500017786,0,7,0,2.0,0.0,7.0,1.0,A01
201500017787,0,7,0,0.0,2.0,1.0,6.0,A01
201500017787,0,7,0,0.0,2.0,1.0,13.0,B02
201500017788,0,7,0,13.0,0.0,1.0,14.0,A01
201500017789,0,10,0,0.0,1.0,7.0,16.0,A01
201500017790,0,2,0,0.0,2.0,1.0,1.0,B02
201500017790,0,7,0,0.0,2.0,7.0,15.0,A01
201500017791,0,7,0,0.0,2.0,1.0,13.0,A01
201500017791,0,10,0,0.0,2.0,1.0,1.0,B02
201500017792,0,15,0,0.0,2.0,3.0,1.0,B02
201500017792,0,7,0,0.0,2.0,3.0,13.0,A01
201500017793,0,7,0,8.0,0.0,1.0,13.0,A01
201500017794,0,7,0,0.0,2.0,4.0,23.0,B02
201500017794,0,7,0,0.0,2.0,1.0,1.0,A01
201500017795,0,7,0,0.0,0.0,3.0,13.0,A01
201500017795,0,33,0,0.0,0.0,7.0,17.0,B02
201500017796,0,10,0,0.0,2.0,3.0,1.0,B02
201500017796,0,30,0,0.0,2.0,3.0,16.0,A01
201500017797,0,7,0,13.0,0.0,2.0,1.0,A01
201500017798,0,21,0,0.0,2.0,8.0,1.0,B02
201500017798,0,7,0,0.0,2.0,8.0,1.0,A01
201500017799,0,7,0,0.0,0.0,5.0,13.0,A01
201500017799,0,7,0,0.0,2.0,1.0,1.0,B02
201500017800,0,7,0,0.0,0.0,0.0,5.0,B02
201500017800,0,7,0,0.0,2.0,0.0,12.0,A01
201500017801,0,7,0,0.0,2.0,3.0,15.0,A01
201500017801,0,30,0,0.0,2.0,8.0,1.0,B02
201500017802,0,1,0,0.0,2.0,1.0,15.0,B02
201500017802,0,15,0,0.0,2.0,7.0,1.0,A01
201500017803,0,7,0,7.0,0.0,1.0,1.0,A01
201500017804,0,7,0,13.0,0.0,1.0,1.0,A01
201500017805,0,14,0,0.0,2.0,3.0,1.0,B02
201500017805,0,10,0,0.0,2.0,3.0,13.0,A01
201500017806,0,7,0,0.0,2.0,3.0,1.0,B02
201500017806,0,3,0,0.0,2.0,8.0,15.0,A01
201500017807,0,7,0,0.0,2.0,3.0,19.0,A01
201500017807,0,33,0,0.0,2.0,8.0,1.0,B02
201500017808,0,7,0,1.0,1.0,3.0,1.0,A01
201500017808,0,7,0,0.0,2.0,0.0,23.0,B02
201500017809,0,7,0,0.0,2.0,1.0,15.0,A01
201500017809,0,1,0,0.0,2.0,7.0,1.0,B02
201500017810,1,7,0,0.0,2.0,2.0,17.0,B02
201500017810,0,1,0,0.0,2.0,1.0,1.0,A01
201500017811,0,33,0,13.0,0.0,1.0,14.0,A01
201500017812,0,34,0,0.0,2.0,1.0,17.0,B02
201500017812,0,7,0,0.0,0.0,3.0,15.0,A01
201500017813,0,36,0,6.0,0.0,1.0,0.0,A01
201500017814,0,7,0,6.0,0.0,1.0,1.0,A01
201500017815,0,7,0,0.0,1.0,1.0,1.0,A01
201500017816,0,7,0,0.0,2.0,2.0,2.0,A01
201500017816,0,1,0,0.0,0.0,4.0,2.0,B02
201500017817,0,33,0,0.0,2.0,2.0,1.0,B02
201500017817,0,10,0,0.0,2.0,1.0,15.0,A01
201500017818,0,7,0,0.0,2.0,1.0,0.0,B02
201500017818,0,7,0,0.0,2.0,1.0,1.0,A01
201500017819,0,10,0,0.0,1.0,3.0,1.0,A01
201500017820,0,7,0,0.0,2.0,1.0,2.0,A01
201500017820,0,2,0,0.0,0.0,4.0,2.0,B02
201500017821,0,7,0,0.0,0.0,1.0,1.0,A01
201500017822,1,7,0,0.0,2.0,5.0,15.0,A01
201500017822,0,30,0,0.0,2.0,1.0,1.0,B02
201500017823,0,7,0,0.0,2.0,2.0,15.0,A01
201500017823,0,33,0,0.0,2.0,1.0,1.0,B02
201500017824,0,10,0,0.0,1.0,8.0,1.0,A01
201500017825,0,2,0,0.0,2.0,1.0,1.0,B02
201500017825,0,7,0,0.0,2.0,3.0,1.0,A01
201500017826,0,7,0,0.0,4.0,2.0,19.0,A01
201500017826,0,39,0,,,,,B02
201500017827,0,7,0,0.0,0.0,9.0,1.0,A01
201500017828,0,7,0,2.0,0.0,1.0,0.0,A01
201500017829,0,30,0,0.0,0.0,6.0,23.0,B02
201500017829,0,7,0,0.0,2.0,2.0,21.0,A01
201500017830,0,31,0,0.0,0.0,0.0,0.0,A01
201500017831,0,7,0,0.0,2.0,1.0,0.0,B02
201500017831,0,7,0,0.0,2.0,1.0,1.0,A01
201500017832,0,33,0,0.0,2.0,1.0,1.0,A01
201500017832,0,10,0,0.0,2.0,2.0,15.0,B02
201500017833,0,14,0,2.0,0.0,2.0,14.0,A01
201500017834,0,7,0,6.0,0.0,3.0,14.0,A01
201500017835,0,7,0,2.0,0.0,1.0,2.0,A01
201500017836,0,7,0,13.0,0.0,1.0,1.0,A01
201500017837,0,7,0,3.0,2.0,1.0,21.0,B02
201500017837,0,33,0,0.0,2.0,1.0,13.0,A01
201500017838,0,7,0,0.0,2.0,3.0,1.0,B02
201500017838,0,7,0,0.0,2.0,7.0,13.0,A01
201500017839,0,7,0,0.0,2.0,1.0,1.0,B02
201500017839,0,7,0,0.0,2.0,3.0,19.0,A01
201500017840,0,2,0,0.0,2.0,8.0,13.0,B02
201500017840,0,7,0,0.0,2.0,2.0,17.0,A01
201500017841,0,7,0,0.0,2.0,3.0,1.0,B02
201500017841,0,7,0,0.0,2.0,3.0,13.0,A01
201500017842,0,7,0,0.0,0.0,1.0,1.0,B02
201500017842,0,7,0,0.0,0.0,1.0,13.0,A01
201500017843,0,7,0,0.0,0.0,7.0,15.0,B02
201500017843,0,33,0,0.0,2.0,1.0,1.0,A01
201500017844,0,7,0,8.0,0.0,3.0,13.0,A01
201500017845,0,7,0,0.0,2.0,0.0,1.0,C03
201500017845,0,7,0,0.0,2.0,1.0,13.0,A01
201500017845,0,7,0,0.0,2.0,2.0,1.0,B02
201500017846,0,7,0,0.0,2.0,1.0,1.0,B02
201500017846,0,7,0,0.0,2.0,3.0,1.0,A01
201500017847,0,10,0,0.0,2.0,2.0,1.0,B02
201500017847,0,7,0,0.0,2.0,6.0,13.0,A01
201500017848,0,7,0,0.0,2.0,1.0,11.0,A01
201500017848,0,10,0,0.0,2.0,8.0,15.0,B02
201500017849,0,7,0,0.0,2.0,3.0,1.0,A01
201500017849,0,7,0,0.0,2.0,3.0,13.0,B02
201500017850,0,1,0,0.0,2.0,8.0,15.0,A01
201500017850,0,10,0,0.0,2.0,2.0,1.0,B02
201500017851,0,7,0,0.0,2.0,1.0,13.0,A01
201500017851,0,7,0,0.0,2.0,1.0,1.0,B02
201500017852,0,7,0,0.0,0.0,1.0,1.0,A01
201500017853,0,7,0,0.0,1.0,2.0,1.0,A01
201500017854,0,31,0,0.0,0.0,1.0,14.0,A01
201500017855,0,33,0,13.0,0.0,8.0,17.0,A01
201500017856,0,7,0,0.0,2.0,2.0,17.0,A01
201500017856,0,7,0,0.0,2.0,3.0,1.0,B02
201500017857,0,7,0,12.0,0.0,2.0,14.0,A01
201500017858,0,7,0,6.0,0.0,7.0,1.0,A01
201500017859,0,7,0,2.0,0.0,1.0,13.0,A01
201500017860,0,7,0,13.0,0.0,1.0,1.0,A01
201500017861,0,10,0,0.0,1.0,1.0,1.0,A01
201500017862,0,7,0,0.0,2.0,3.0,13.0,B02
201500017862,0,7,0,0.0,2.0,3.0,1.0,A01
201500017863,0,7,0,8.0,0.0,2.0,1.0,A01
201500017864,0,31,0,0.0,2.0,5.0,2.0,A01
201500017864,0,21,0,0.0,2.0,3.0,2.0,B02
201500017865,0,7,0,0.0,0.0,1.0,1.0,A01
201500017866,0,34,0,0.0,6.0,1.0,1.0,A01
201500017867,0,33,0,0.0,2.0,1.0,17.0,A01
201500017867,0,7,0,0.0,2.0,3.0,1.0,B02
201500017868,0,7,0,0.0,2.0,3.0,1.0,A01
201500017868,0,30,0,0.0,2.0,1.0,9.0,B02
201500017869,0,7,0,2.0,0.0,3.0,0.0,A01
201500017870,0,2,0,0.0,1.0,1.0,1.0,A01
201500017871,0,7,0,0.0,2.0,2.0,5.0,A01
201500017871,0,10,0,0.0,2.0,3.0,1.0,B02
201500017872,0,30,0,0.0,1.0,1.0,1.0,A01
201500017873,0,7,0,13.0,0.0,1.0,0.0,A01
201500017874,0,7,0,0.0,2.0,3.0,1.0,A01
201500017874,0,7,0,0.0,2.0,3.0,1.0,B02
201500017875,0,7,0,13.0,0.0,2.0,1.0,A01
201500017876,0,7,0,0.0,2.0,3.0,1.0,B02
201500017876,0,7,0,0.0,2.0,3.0,13.0,A01
201500017877,0,7,0,2.0,0.0,9.0,1.0,A01
201500017878,0,7,0,0.0,1.0,7.0,1.0,A01
201500017879,0,33,0,0.0,0.0,8.0,13.0,A01
201500017880,0,10,0,0.0,1.0,1.0,0.0,A01
201500017881,0,2,0,0.0,2.0,1.0,13.0,A01
201500017881,0,2,0,0.0,2.0,1.0,1.0,B02
201500017882,0,33,0,9.0,0.0,1.0,14.0,A01
201500017883,0,10,0,0.0,0.0,3.0,15.0,A01
201500017883,0,7,0,0.0,2.0,2.0,1.0,B02
201500017884,0,10,0,2.0,0.0,1.0,2.0,A01
201500017885,0,7,0,0.0,0.0,7.0,1.0,A01
201500017885,0,10,0,0.0,2.0,1.0,1.0,B02
201500017886,0,10,0,0.0,1.0,6.0,4.0,A01
201500017887,0,7,0,0.0,2.0,1.0,1.0,B02
201500017887,0,7,0,0.0,2.0,1.0,9.0,A01
201500017888,0,33,0,13.0,0.0,0.0,16.0,A01
201500017889,0,7,0,0.0,2.0,3.0,15.0,A01
201500017889,0,30,0,0.0,2.0,1.0,1.0,B02
201500017890,0,7,0,0.0,2.0,3.0,13.0,A01
201500017890,0,7,0,0.0,2.0,3.0,1.0,B02
201500017891,0,1,0,0.0,2.0,3.0,1.0,A01
201500017891,0,7,0,0.0,2.0,3.0,1.0,B02
201500017892,0,7,0,0.0,2.0,6.0,13.0,A01
201500017892,0,7,0,0.0,2.0,8.0,1.0,B02
201500017893,0,33,0,0.0,2.0,8.0,1.0,B01
201500017893,0,7,0,0.0,2.0,1.0,1.0,A02
201500017894,0,2,0,0.0,1.0,1.0,1.0,A01
201500017895,0,7,0,0.0,2.0,5.0,14.0,A01
201500017895,0,7,0,0.0,2.0,1.0,1.0,B02
201500017895,0,7,0,0.0,2.0,2.0,23.0,C03
201500017896,0,10,0,0.0,1.0,1.0,1.0,A01
201500017897,0,15,0,13.0,0.0,2.0,9.0,A01
201500017898,0,33,0,0.0,2.0,2.0,17.0,A01
201500017898,0,7,0,0.0,2.0,3.0,15.0,B02
201500017899,0,7,0,0.0,0.0,6.0,15.0,A01
201500017899,0,33,0,0.0,2.0,1.0,17.0,B02
201500017900,0,7,0,0.0,2.0,1.0,1.0,B02
201500017900,0,7,0,0.0,2.0,8.0,19.0,A01
201500017901,0,7,0,0.0,2.0,3.0,13.0,A01
201500017901,0,10,0,0.0,2.0,3.0,1.0,B02
201500017902,0,31,0,0.0,2.0,7.0,1.0,B02
201500017902,0,7,0,0.0,2.0,1.0,15.0,A01
201500017903,0,7,0,0.0,2.0,3.0,13.0,A01
201500017903,0,10,0,0.0,2.0,3.0,1.0,B02
201500017904,0,7,0,13.0,0.0,1.0,1.0,A01
201500017905,0,7,0,0.0,2.0,2.0,1.0,A01
201500017905,0,14,0,0.0,2.0,3.0,0.0,B02
201500017906,0,7,0,0.0,1.0,4.0,4.0,A01
201500017907,0,2,0,0.0,2.0,2.0,15.0,A01
201500017907,0,7,0,0.0,2.0,3.0,1.0,B02
201500017907,0,7,0,0.0,2.0,6.0,1.0,C03
201500017908,0,7,0,0.0,2.0,2.0,17.0,A01
201500017908,0,14,0,0.0,2.0,3.0,17.0,B02
201500017909,0,7,0,0.0,1.0,1.0,16.0,A01
201500017910,0,7,0,0.0,2.0,3.0,19.0,B02
201500017910,0,7,0,0.0,2.0,2.0,1.0,A01
201500017911,0,7,0,2.0,0.0,1.0,1.0,A01
201500017912,0,7,0,0.0,2.0,1.0,13.0,A01
201500017912,0,7,0,0.0,2.0,1.0,1.0,B02
201500017913,0,30,0,0.0,0.0,8.0,2.0,A01
201500017914,0,7,0,0.0,2.0,1.0,1.0,A01
201500017914,0,7,0,0.0,2.0,7.0,13.0,B02
201500017915,0,7,0,0.0,2.0,1.0,13.0,A01
201500017915,0,7,0,0.0,2.0,3.0,1.0,B02
201500017916,0,7,0,0.0,1.0,2.0,1.0,A01
201500017917,0,7,0,13.0,0.0,1.0,1.0,A01
201500017918,0,7,0,0.0,2.0,1.0,1.0,B02
201500017918,0,31,0,0.0,2.0,1.0,15.0,A01
201500017919,0,7,0,16.0,0.0,1.0,15.0,A01
201500017920,0,33,0,0.0,2.0,9.0,21.0,A01
201500017920,0,7,0,0.0,0.0,6.0,15.0,B02
201500017920,0,7,0,0.0,2.0,8.0,1.0,C03
201500017921,0,7,0,0.0,2.0,7.0,15.0,A01
201500017921,0,17,0,0.0,2.0,8.0,1.0,B02
201500017922,0,7,0,0.0,2.0,8.0,13.0,A01
201500017922,0,15,0,0.0,2.0,2.0,1.0,B02
201500017923,0,7,0,0.0,0.0,9.0,1.0,A01
201500017924,0,10,0,0.0,2.0,1.0,1.0,A01
201500017924,0,7,0,0.0,2.0,1.0,1.0,B02
201500017924,0,7,0,0.0,2.0,8.0,1.0,C03
201500017925,0,7,0,0.0,2.0,7.0,17.0,A01
201500017925,0,1,0,0.0,2.0,8.0,15.0,B02
201500017926,0,7,0,0.0,2.0,2.0,1.0,A01
201500017926,0,2,0,0.0,2.0,1.0,15.0,B02
201500017927,0,7,0,0.0,2.0,8.0,16.0,B02
201500017927,0,7,0,0.0,2.0,1.0,1.0,A01
201500017928,0,33,0,0.0,2.0,1.0,0.0,A01
201500017928,0,7,0,0.0,2.0,3.0,15.0,B02
201500017929,0,7,0,0.0,2.0,2.0,1.0,A01
201500017929,0,7,0,0.0,2.0,3.0,15.0,B02
201500017930,0,7,0,0.0,2.0,1.0,13.0,A01
201500017930,0,7,0,0.0,2.0,1.0,1.0,B02
201500017931,0,7,0,0.0,0.0,2.0,19.0,B02
201500017931,0,7,0,0.0,2.0,1.0,1.0,A01
201500017932,0,10,0,0.0,2.0,3.0,15.0,A01
201500017932,0,33,0,0.0,2.0,1.0,1.0,B02
201500017933,0,7,0,0.0,1.0,1.0,15.0,A01
201500017934,0,14,0,0.0,0.0,1.0,1.0,B02
201500017934,0,7,0,0.0,2.0,8.0,15.0,A01
201500017935,0,33,0,12.0,2.0,8.0,17.0,A01
201500017935,0,7,0,0.0,2.0,8.0,15.0,B02
201500017936,0,33,0,5.0,0.0,1.0,13.0,A01
201500017937,0,7,0,0.0,1.0,3.0,9.0,A01
201500017938,0,7,0,0.0,2.0,7.0,15.0,A01
201500017938,0,7,0,0.0,2.0,1.0,1.0,B02
201500017939,0,36,0,0.0,0.0,0.0,1.0,A01
201500017940,0,1,0,0.0,0.0,0.0,1.0,A01
201500017941,0,7,0,0.0,1.0,3.0,15.0,A01
201500017942,0,7,0,0.0,2.0,8.0,15.0,A01
201500017942,0,33,0,0.0,2.0,1.0,17.0,B02
201500017943,0,7,0,0.0,2.0,8.0,1.0,A01
201500017943,0,2,0,0.0,2.0,1.0,13.0,B02
201500017944,0,7,0,0.0,0.0,6.0,14.0,A01
201500017944,0,2,0,0.0,2.0,2.0,2.0,B02
201500017945,0,30,0,0.0,2.0,0.0,21.0,A01
201500017946,0,7,0,0.0,2.0,2.0,1.0,A01
201500017946,0,10,0,0.0,2.0,3.0,15.0,B02
201500017947,0,7,0,13.0,0.0,3.0,1.0,A01
201500017948,0,10,0,0.0,2.0,3.0,13.0,A01
201500017948,0,14,0,0.0,2.0,3.0,1.0,B02
201500017949,0,30,0,0.0,0.0,3.0,1.0,A01
201500017950,0,10,0,13.0,0.0,1.0,0.0,A01
201500017951,0,7,0,0.0,2.0,3.0,13.0,A01
201500017951,0,7,0,0.0,2.0,3.0,1.0,B02
201500017952,0,1,0,0.0,2.0,8.0,15.0,A01
201500017952,0,7,0,0.0,2.0,2.0,17.0,B02
201500017953,0,7,0,0.0,2.0,1.0,1.0,A01
201500017953,0,7,0,0.0,2.0,1.0,13.0,B02
201500017954,0,33,0,0.0,0.0,0.0,1.0,A01
201500017955,0,7,0,2.0,0.0,1.0,1.0,A01
201500017956,0,30,0,0.0,2.0,8.0,19.0,B02
201500017956,0,7,0,0.0,2.0,3.0,1.0,A01
201500017957,0,7,0,0.0,2.0,1.0,1.0,A01
201500017957,0,7,0,0.0,2.0,3.0,0.0,B02
201500017958,0,7,0,0.0,2.0,1.0,1.0,A01
201500017958,0,30,0,0.0,2.0,2.0,15.0,B02
201500017958,0,30,0,0.0,2.0,2.0,15.0,C03
201500017959,0,7,0,10.0,0.0,1.0,1.0,A01
201500017960,0,7,0,0.0,2.0,3.0,1.0,A01
201500017960,0,7,0,0.0,2.0,3.0,15.0,B02
201500017961,0,10,0,0.0,2.0,1.0,1.0,A01
201500017961,0,7,0,0.0,2.0,3.0,15.0,B02
201500017962,0,7,0,0.0,2.0,2.0,15.0,A01
201500017962,0,33,0,0.0,2.0,3.0,1.0,B02
201500017963,0,7,0,0.0,2.0,2.0,2.0,A01
201500017963,0,1,0,0.0,0.0,4.0,1.0,B02
201500017964,0,31,0,0.0,9.0,1.0,17.0,A01
201500017964,0,1,0,0.0,2.0,8.0,15.0,B02
201500017965,0,7,0,0.0,0.0,0.0,15.0,A01
201500017965,0,7,0,13.0,0.0,2.0,1.0,B02
201500017966,0,7,0,6.0,0.0,1.0,1.0,A01
201500017967,0,7,0,0.0,2.0,2.0,1.0,B02
201500017967,0,7,0,0.0,2.0,8.0,1.0,A01
201500017968,0,7,0,0.0,2.0,1.0,15.0,A01
201500017968,0,7,0,0.0,2.0,3.0,1.0,B02
201500017969,0,30,0,1.0,0.0,1.0,1.0,A01
201500017969,0,7,0,0.0,0.0,6.0,0.0,B02
201500017970,0,7,0,13.0,0.0,1.0,14.0,A01
201500017971,0,7,0,0.0,2.0,8.0,1.0,A01
201500017971,0,14,0,0.0,2.0,2.0,1.0,B02
201500017972,0,30,0,0.0,2.0,4.0,2.0,A01
201500017972,0,7,0,0.0,2.0,1.0,2.0,B02
201500017973,0,7,0,0.0,0.0,8.0,1.0,A01
201500017973,0,1,0,0.0,0.0,1.0,16.0,B02
201500017974,0,7,0,0.0,2.0,2.0,13.0,A01
201500017974,0,7,0,0.0,2.0,1.0,1.0,B02
201500017975,0,30,0,0.0,0.0,0.0,1.0,A01
201500017976,0,7,0,13.0,0.0,3.0,13.0,A01
201500017977,0,7,0,0.0,2.0,1.0,13.0,A01
201500017977,0,7,0,0.0,2.0,1.0,1.0,B02
201500017977,0,10,0,0.0,2.0,1.0,1.0,C03
201500017978,0,10,0,0.0,2.0,7.0,17.0,B02
201500017978,0,7,0,0.0,2.0,9.0,17.0,C03
201500017978,0,21,0,0.0,2.0,8.0,1.0,A01
201500017978,0,7,0,0.0,2.0,1.0,17.0,D04
201500017979,0,33,0,0.0,0.0,1.0,1.0,A01
201500017980,0,15,0,0.0,2.0,2.0,1.0,A01
201500017980,0,7,0,0.0,2.0,3.0,15.0,B02
201500017981,0,7,0,3.0,0.0,7.0,1.0,A01
201500017982,0,10,0,0.0,2.0,3.0,15.0,A01
201500017982,0,2,0,0.0,2.0,9.0,17.0,B02
201500017983,0,7,0,2.0,0.0,1.0,14.0,A01
201500017984,0,7,0,3.0,0.0,3.0,13.0,A01
201500017985,0,33,0,0.0,0.0,1.0,1.0,A01
201500017986,0,1,0,0.0,2.0,1.0,15.0,A01
201500017986,0,7,0,0.0,2.0,1.0,1.0,B02
201500017987,0,33,0,0.0,6.0,3.0,17.0,A01
201500017988,0,7,0,13.0,0.0,9.0,1.0,A01
201500017989,0,7,0,0.0,1.0,3.0,1.0,A01
201500017990,0,33,0,0.0,0.0,7.0,1.0,A01
201500017991,0,33,0,5.0,0.0,8.0,1.0,A01
201500017992,0,7,0,15.0,0.0,5.0,1.0,A01
201500017993,0,7,0,2.0,0.0,1.0,13.0,A01
201500017994,0,7,0,0.0,1.0,0.0,17.0,A01
201500017995,0,7,0,0.0,2.0,3.0,0.0,A01
201500017995,0,15,0,0.0,2.0,1.0,1.0,B02
201500017996,0,36,0,13.0,0.0,2.0,1.0,A01
201500017997,0,31,0,0.0,0.0,4.0,0.0,B02
201500017997,0,31,0,0.0,2.0,1.0,2.0,A01
201500017998,0,7,0,5.0,0.0,2.0,1.0,A01
201500017999,0,33,0,0.0,2.0,1.0,1.0,B02
201500017999,0,7,0,0.0,2.0,8.0,6.0,A01
201500018000,0,7,0,2.0,0.0,1.0,14.0,A01
201500018001,0,7,0,0.0,2.0,3.0,1.0,A01
201500018001,0,7,0,0.0,2.0,3.0,1.0,B02
201500018002,0,7,0,0.0,2.0,3.0,2.0,B02
201500018002,0,33,0,0.0,2.0,1.0,2.0,A01
201500018003,0,1,0,0.0,2.0,6.0,2.0,B02
201500018003,0,14,0,0.0,2.0,2.0,2.0,A01
201500018003,0,1,0,0.0,2.0,6.0,2.0,C03
201500018004,0,33,0,4.0,0.0,1.0,1.0,A01
201500018005,0,7,0,2.0,0.0,7.0,13.0,A01
201500018006,0,7,0,0.0,2.0,2.0,15.0,A01
201500018006,0,7,0,0.0,2.0,1.0,1.0,B02
201500018007,0,33,0,10.0,0.0,7.0,1.0,A01
201500018008,0,7,0,0.0,2.0,3.0,15.0,B02
201500018008,0,33,0,0.0,2.0,1.0,17.0,A01
201500018009,0,7,0,0.0,2.0,1.0,0.0,B02
201500018009,0,7,0,0.0,2.0,1.0,13.0,A01
201500018010,0,7,0,0.0,2.0,3.0,13.0,B02
201500018010,0,7,0,0.0,2.0,3.0,1.0,A01
201500018011,0,7,0,8.0,0.0,3.0,0.0,A01
201500018012,0,7,0,0.0,2.0,2.0,9.0,B02
201500018012,0,7,0,0.0,2.0,8.0,1.0,A01
201500018013,0,7,0,0.0,2.0,3.0,1.0,B02
201500018013,0,7,0,0.0,2.0,3.0,13.0,A01
201500018014,0,7,0,0.0,0.0,1.0,0.0,B02
201500018014,0,10,0,0.0,2.0,1.0,1.0,A01
201500018015,0,7,0,13.0,0.0,9.0,1.0,A01
201500018016,0,7,0,0.0,1.0,2.0,1.0,A01
201500018017,0,13,0,0.0,2.0,5.0,2.0,B02
201500018017,0,17,0,0.0,2.0,4.0,2.0,A01
201500018018,0,7,0,0.0,1.0,2.0,1.0,A01
201500018019,0,7,0,2.0,0.0,1.0,0.0,A01
201500018020,0,7,0,2.0,0.0,2.0,13.0,A01
201500018021,0,7,0,13.0,0.0,1.0,13.0,A01
201500018022,0,7,0,6.0,0.0,3.0,1.0,A01
201500018023,0,33,0,0.0,2.0,3.0,13.0,A01
201500018023,0,31,0,0.0,0.0,1.0,21.0,C03
201500018023,0,7,0,0.0,2.0,3.0,13.0,B02
201500018024,0,31,0,0.0,2.0,1.0,1.0,B02
201500018024,0,7,0,0.0,2.0,2.0,15.0,A01
201500018025,0,7,0,0.0,1.0,1.0,16.0,A01
201500018026,1,7,0,0.0,1.0,0.0,0.0,Z01
201500018027,0,32,0,0.0,2.0,2.0,1.0,B01
201500018027,0,7,0,0.0,2.0,3.0,9.0,A01
201500018028,0,33,0,0.0,2.0,0.0,1.0,B01
201500018028,0,14,0,0.0,2.0,6.0,19.0,A01
201500018029,0,7,0,1.0,0.0,2.0,1.0,A01
201500018030,0,1,0,0.0,2.0,4.0,1.0,B01
201500018030,0,13,0,0.0,2.0,1.0,1.0,A01
201500018031,0,7,0,0.0,2.0,2.0,1.0,B01
201500018031,0,7,0,0.0,2.0,1.0,13.0,A01
201500018032,0,31,0,9.0,0.0,1.0,13.0,A01
201500018033,0,7,0,0.0,2.0,5.0,23.0,B01
201500018033,0,33,0,0.0,2.0,3.0,2.0,A01
201500018034,0,7,0,0.0,2.0,2.0,0.0,B01
201500018034,0,30,0,0.0,2.0,1.0,19.0,A01
201500018035,0,7,0,0.0,2.0,1.0,10.0,A01
201500018035,0,7,0,0.0,2.0,7.0,1.0,B01
201500018036,0,7,0,0.0,1.0,3.0,1.0,A01
201500018037,0,14,0,0.0,2.0,2.0,1.0,B02
201500018037,0,7,0,13.0,9.0,8.0,10.0,A01
201500018038,0,7,0,0.0,2.0,2.0,15.0,A01
201500018038,0,7,0,0.0,2.0,8.0,23.0,C03
201500018038,0,7,0,0.0,2.0,1.0,1.0,B02
201500018039,0,31,0,14.0,0.0,1.0,1.0,A01
201500018040,0,1,0,0.0,2.0,1.0,1.0,B02
201500018040,0,10,0,0.0,9.0,7.0,1.0,A01
201500018041,0,7,0,0.0,1.0,1.0,1.0,A01
201500018042,0,7,0,2.0,0.0,3.0,1.0,A01
201500018043,0,7,0,0.0,2.0,1.0,1.0,B02
201500018043,0,7,0,0.0,2.0,1.0,15.0,A01
201500018044,1,7,0,0.0,1.0,3.0,1.0,A01
201500018045,0,7,0,2.0,0.0,1.0,1.0,A01
201500018046,0,7,0,0.0,2.0,1.0,17.0,A01
201500018046,0,7,0,0.0,2.0,2.0,1.0,C03
201500018046,0,7,0,0.0,2.0,1.0,1.0,B02
201500018047,0,10,0,0.0,0.0,0.0,0.0,A01
201500018048,0,7,0,6.0,0.0,1.0,1.0,A01
201500018049,0,7,0,0.0,2.0,1.0,1.0,A01
201500018049,0,7,0,0.0,2.0,2.0,19.0,B02
201500018050,0,7,0,0.0,0.0,9.0,1.0,A01
201500018051,0,30,0,0.0,0.0,0.0,1.0,A01
201500018052,0,7,0,0.0,2.0,2.0,17.0,A01
201500018052,0,1,0,0.0,0.0,0.0,0.0,B02
201500018052,0,1,0,0.0,2.0,4.0,1.0,C03