Num_Acc,senc,catv,occutc,obs,obsm,choc,manv,num_veh
201500018053,0,21,0,0.0,2.0,1.0,1.0,A01
201500018053,0,33,0,0.0,2.0,1.0,1.0,B02
201500018054,0,33,0,13.0,0.0,0.0,1.0,A01
201500018055,0,7,0,0.0,2.0,3.0,1.0,A01
201500018055,0,7,0,0.0,2.0,2.0,19.0,B02
201500018056,0,7,0,6.0,0.0,3.0,1.0,A01
201500018057,0,7,0,0.0,2.0,2.0,2.0,A01
201500018057,0,1,0,0.0,0.0,4.0,2.0,B02
201500018058,0,7,0,16.0,0.0,9.0,1.0,A01
201500018059,0,7,0,0.0,0.0,3.0,15.0,A01
201500018059,0,2,0,0.0,0.0,2.0,17.0,B02
201500018060,0,30,0,12.0,0.0,1.0,16.0,A01
201500018061,0,7,0,0.0,2.0,3.0,1.0,A01
201500018061,0,7,0,0.0,2.0,3.0,1.0,B02
201500018062,0,7,0,0.0,2.0,1.0,1.0,A01
201500018062,0,7,0,0.0,2.0,7.0,1.0,B02
201500018063,0,7,0,0.0,2.0,1.0,1.0,A01
201500018063,0,7,0,0.0,2.0,7.0,19.0,B02
201500018064,0,7,0,13.0,0.0,1.0,1.0,A01
201500018065,0,7,0,0.0,2.0,3.0,1.0,B02
201500018065,0,7,0,0.0,2.0,3.0,1.0,A01
201500018066,0,7,0,0.0,2.0,7.0,1.0,A01
201500018066,0,30,0,0.0,2.0,8.0,2.0,B02
201500018067,0,7,0,0.0,2.0,1.0,1.0,B02
201500018067,0,7,0,0.0,2.0,1.0,19.0,A01
201500018068,0,3,0,6.0,0.0,3.0,13.0,A01
201500018069,0,7,0,0.0,2.0,3.0,1.0,A01
201500018069,0,2,0,0.0,2.0,7.0,1.0,B02
201500018070,0,7,0,8.0,0.0,8.0,1.0,A01
201500018071,0,7,0,6.0,0.0,8.0,1.0,A01
201500018072,0,33,0,0.0,0.0,0.0,0.0,A01
201500018073,0,7,0,0.0,0.0,2.0,15.0,A01
201500018073,0,10,0,0.0,0.0,1.0,1.0,B02
201500018074,0,7,0,8.0,0.0,1.0,1.0,A01
201500018075,0,7,0,0.0,2.0,1.0,1.0,A01
201500018075,0,7,0,0.0,2.0,8.0,15.0,B02
201500018076,0,10,0,14.0,0.0,3.0,1.0,A01
201500018076,0,7,0,0.0,2.0,5.0,23.0,B02
201500018076,0,7,0,0.0,2.0,1.0,1.0,C03
201500018077,0,7,0,0.0,1.0,6.0,1.0,A01
201500018078,0,7,0,0.0,2.0,7.0,1.0,A01
201500018078,0,7,0,0.0,2.0,1.0,1.0,B02
201500018079,0,7,0,0.0,2.0,1.0,1.0,A01
201500018079,0,7,0,0.0,0.0,8.0,19.0,B02
201500018080,0,7,0,0.0,2.0,2.0,15.0,A01
201500018080,0,7,0,0.0,2.0,1.0,1.0,B02
201500018081,0,7,0,0.0,2.0,1.0,19.0,A01
201500018081,0,7,0,0.0,2.0,3.0,1.0,B02
201500018082,0,30,0,12.0,0.0,2.0,1.0,A01
201500018083,0,7,0,0.0,9.0,2.0,1.0,A01
201500018083,0,1,0,0.0,2.0,8.0,15.0,B02
201500018084,0,7,0,6.0,0.0,3.0,1.0,A01
201500018085,0,33,0,0.0,2.0,1.0,1.0,B02
201500018085,0,7,0,0.0,2.0,1.0,15.0,A01
201500018086,0,7,0,0.0,2.0,1.0,15.0,B02
201500018086,0,7,0,0.0,2.0,1.0,13.0,A01
201500018087,0,7,0,6.0,0.0,5.0,1.0,A01
201500018088,0,30,0,0.0,0.0,0.0,13.0,A01
201500018088,0,7,0,0.0,2.0,2.0,21.0,B02
201500018089,0,10,0,6.0,0.0,1.0,1.0,A01
201500018090,0,10,0,0.0,2.0,5.0,17.0,A01
201500018090,0,1,0,0.0,2.0,1.0,1.0,B02
201500018091,0,7,0,0.0,2.0,6.0,19.0,A01
201500018091,0,7,0,0.0,2.0,1.0,1.0,B02
201500018092,0,7,0,8.0,0.0,7.0,0.0,A01
201500018093,0,7,0,0.0,2.0,2.0,21.0,A01
201500018093,0,1,0,0.0,0.0,8.0,1.0,B02
201500018094,0,7,0,0.0,2.0,3.0,17.0,A01
201500018094,0,1,0,0.0,2.0,8.0,19.0,B02
201500018095,0,7,0,0.0,1.0,3.0,15.0,A01
201500018096,0,7,0,0.0,2.0,3.0,11.0,B02
201500018096,0,33,0,0.0,2.0,1.0,17.0,A01
201500018097,0,7,0,0.0,2.0,3.0,4.0,A01
201500018097,0,1,0,0.0,2.0,1.0,1.0,B02
201500018098,0,10,0,13.0,0.0,3.0,1.0,A01
201500018099,0,7,0,0.0,9.0,1.0,1.0,A01
201500018099,0,39,1,0.0,4.0,8.0,1.0,B02
201500018100,0,7,0,0.0,2.0,1.0,5.0,A01
201500018100,0,14,0,0.0,2.0,2.0,1.0,B02
201500018101,0,7,0,6.0,0.0,1.0,1.0,A01
201500018102,0,7,0,0.0,2.0,1.0,13.0,A01
201500018102,0,7,0,0.0,2.0,1.0,21.0,B02
201500018103,0,7,0,1.0,0.0,1.0,13.0,A01
201500018104,0,10,0,0.0,2.0,3.0,2.0,A01
201500018104,0,14,0,0.0,0.0,5.0,15.0,B02
201500018105,0,7,0,2.0,0.0,7.0,1.0,A01
201500018106,0,7,0,0.0,0.0,9.0,14.0,A01
201500018107,0,7,0,13.0,0.0,1.0,13.0,A01
201500018108,0,7,0,2.0,0.0,9.0,13.0,A01
201500018109,0,7,0,2.0,0.0,3.0,1.0,A01
201500018110,0,7,0,2.0,0.0,2.0,15.0,A01
201500018111,0,33,0,12.0,0.0,3.0,1.0,A01
201500018112,0,7,0,6.0,0.0,1.0,14.0,A01
201500018113,0,2,0,0.0,2.0,1.0,1.0,B02
201500018113,0,7,0,0.0,2.0,8.0,0.0,A01
201500018114,0,7,0,8.0,0.0,1.0,14.0,A01
201500018115,0,7,0,2.0,6.0,3.0,1.0,A01
201500018116,0,7,0,0.0,2.0,3.0,19.0,B02
201500018116,0,7,0,0.0,2.0,1.0,1.0,A01
201500018117,0,7,0,0.0,2.0,3.0,13.0,A01
201500018117,0,7,0,0.0,2.0,3.0,21.0,B02
201500018118,0,7,0,0.0,6.0,9.0,21.0,A01
201500018119,0,7,0,0.0,2.0,7.0,19.0,B02
201500018119,0,10,0,0.0,2.0,2.0,1.0,A01
201500018120,0,7,0,0.0,1.0,2.0,1.0,A01
201500018121,0,7,0,2.0,0.0,1.0,0.0,A01
201500018122,0,7,0,0.0,2.0,1.0,13.0,A01
201500018122,0,7,0,0.0,2.0,1.0,1.0,B02
201500018123,1,7,0,0.0,1.0,0.0,0.0,A01
201500018124,0,33,0,0.0,6.0,1.0,1.0,A01
201500018125,0,7,0,2.0,0.0,2.0,13.0,A01
201500018126,0,7,0,13.0,0.0,2.0,14.0,A01
201500018127,0,7,0,4.0,0.0,3.0,14.0,A01
201500018128,0,7,0,13.0,0.0,9.0,1.0,A01
201500018129,0,1,0,0.0,2.0,3.0,1.0,A01
201500018129,0,1,0,0.0,2.0,2.0,1.0,B02
201500018130,1,99,0,0.0,2.0,8.0,17.0,A01
201500018130,0,33,0,0.0,2.0,2.0,17.0,B02
201500018131,0,7,0,8.0,0.0,7.0,1.0,A01
201500018132,0,7,0,0.0,2.0,6.0,15.0,A01
201500018132,0,33,0,0.0,2.0,2.0,2.0,B02
201500018133,0,7,0,0.0,2.0,2.0,1.0,A01
201500018133,0,7,0,0.0,2.0,8.0,9.0,B02
201500018134,0,30,0,1.0,0.0,1.0,21.0,A01
201500018134,0,7,0,0.0,2.0,2.0,24.0,B02
201500018135,0,7,0,0.0,2.0,7.0,15.0,A01
201500018135,0,7,0,0.0,2.0,1.0,1.0,B02
201500018135,0,10,0,0.0,2.0,3.0,23.0,C03
201500018136,0,7,0,0.0,2.0,3.0,1.0,A01
201500018136,0,30,0,0.0,2.0,3.0,1.0,B02
201500018137,0,7,0,0.0,2.0,8.0,1.0,A01
201500018137,0,7,0,0.0,2.0,1.0,9.0,B02
201500018138,0,10,0,0.0,2.0,1.0,19.0,A01
201500018138,0,33,0,0.0,2.0,3.0,1.0,B02
201500018139,0,7,0,2.0,0.0,1.0,1.0,A01
201500018140,0,7,0,0.0,2.0,3.0,1.0,B02
201500018140,0,7,0,0.0,2.0,3.0,1.0,A01
201500018141,0,7,0,6.0,0.0,4.0,1.0,A01
201500018142,0,7,0,0.0,2.0,1.0,1.0,A01
201500018142,0,1,0,0.0,2.0,7.0,15.0,B02
201500018143,0,7,0,2.0,0.0,1.0,13.0,A01
201500018144,0,7,0,2.0,0.0,1.0,1.0,A01
201500018145,0,7,0,0.0,0.0,1.0,1.0,A01
201500018146,0,7,0,13.0,2.0,3.0,19.0,A01
201500018146,0,2,0,0.0,2.0,1.0,1.0,B02
201500018147,0,7,0,0.0,2.0,5.0,17.0,A01
201500018147,0,7,0,0.0,2.0,3.0,1.0,B02
201500018148,0,10,0,0.0,1.0,6.0,4.0,A01
201500018149,0,7,0,0.0,0.0,0.0,0.0,A01
201500018149,0,7,0,0.0,0.0,0.0,0.0,B02
201500018150,0,7,0,0.0,0.0,0.0,0.0,A01
201500018150,0,31,0,0.0,0.0,0.0,0.0,B02
201500018151,0,15,0,0.0,2.0,1.0,14.0,B02
201500018151,0,7,0,0.0,2.0,1.0,13.0,A01
201500018152,0,10,0,0.0,2.0,1.0,15.0,A01
201500018152,0,30,0,0.0,2.0,6.0,16.0,B02
201500018153,0,10,0,0.0,2.0,3.0,19.0,B02
201500018153,0,10,0,0.0,2.0,2.0,1.0,A01
201500018154,0,7,0,0.0,2.0,1.0,15.0,A01
201500018154,0,2,0,0.0,2.0,1.0,1.0,B02
201500018155,0,7,0,0.0,1.0,3.0,21.0,A01
201500018156,0,7,0,0.0,2.0,2.0,21.0,B02
201500018156,0,36,0,0.0,2.0,8.0,10.0,A01
201500018157,0,15,0,0.0,2.0,3.0,21.0,B02
201500018157,0,10,0,0.0,2.0,1.0,13.0,A01
201500018158,0,7,0,2.0,0.0,1.0,1.0,A01
201500018159,0,30,0,16.0,0.0,0.0,1.0,A01
201500018160,0,7,0,0.0,4.0,8.0,1.0,A01
201500018160,0,39,1,0.0,2.0,1.0,1.0,B02
201500018161,0,7,0,0.0,2.0,3.0,2.0,A01
201500018161,0,33,0,0.0,2.0,4.0,15.0,B02
201500018162,0,7,0,0.0,0.0,1.0,0.0,C03
201500018162,0,7,0,0.0,0.0,8.0,0.0,B02
201500018162,0,7,0,0.0,0.0,1.0,13.0,A01
201500018163,0,7,0,0.0,1.0,4.0,4.0,A01
201500018164,0,7,0,0.0,2.0,3.0,1.0,B02
201500018164,0,7,0,0.0,2.0,3.0,1.0,A01
201500018165,0,7,0,0.0,0.0,6.0,1.0,B02
201500018165,0,33,0,0.0,2.0,1.0,1.0,C03
201500018165,0,7,0,0.0,0.0,0.0,4.0,A01
201500018166,0,7,0,3.0,0.0,7.0,1.0,A01
201500018167,0,33,0,8.0,2.0,2.0,17.0,A01
201500018167,0,10,0,0.0,2.0,8.0,15.0,B02
201500018168,0,10,0,0.0,2.0,1.0,13.0,A01
201500018168,0,7,0,0.0,2.0,3.0,1.0,B02
201500018169,0,7,0,0.0,1.0,1.0,1.0,A01
201500018170,0,7,0,0.0,2.0,8.0,13.0,A01
201500018170,0,7,0,0.0,2.0,3.0,1.0,B02
201500018171,0,7,0,2.0,0.0,7.0,1.0,A01
201500018172,0,7,0,2.0,0.0,9.0,14.0,A01
201500018173,0,7,0,0.0,2.0,1.0,1.0,B02
201500018173,0,30,0,0.0,2.0,1.0,1.0,A01
201500018174,2,7,0,2.0,0.0,2.0,1.0,A01
201500018175,0,7,0,0.0,2.0,3.0,13.0,A01
201500018175,0,7,0,0.0,2.0,1.0,21.0,B02
201500018176,0,33,0,0.0,2.0,1.0,19.0,A01
201500018176,0,7,0,0.0,2.0,3.0,1.0,C03
201500018176,0,7,0,0.0,2.0,8.0,1.0,B02
201500018177,0,7,0,0.0,2.0,3.0,1.0,B02
201500018177,0,7,0,0.0,2.0,8.0,15.0,A01
201500018178,0,33,0,0.0,0.0,0.0,1.0,A01
201500018179,0,7,0,0.0,2.0,8.0,19.0,A01
201500018179,0,7,0,0.0,2.0,2.0,1.0,B02
201500018180,0,33,0,15.0,0.0,1.0,1.0,A01
201500018181,0,7,0,0.0,0.0,1.0,1.0,C03
201500018181,0,10,0,0.0,2.0,1.0,21.0,A01
201500018181,0,10,0,0.0,2.0,6.0,2.0,B02
201500018182,0,7,0,13.0,6.0,9.0,1.0,A01
201500018183,0,3,0,6.0,0.0,3.0,1.0,A01
201500018184,0,7,0,0.0,2.0,3.0,16.0,A01
201500018184,0,7,0,0.0,2.0,1.0,1.0,B02
201500018185,0,33,0,0.0,2.0,1.0,2.0,A01
201500018185,0,7,0,0.0,2.0,8.0,10.0,B02
201500018186,0,33,0,16.0,0.0,8.0,1.0,A01
201500018187,0,7,0,13.0,0.0,2.0,21.0,A01
201500018188,0,7,0,0.0,1.0,1.0,1.0,A01
201500018189,0,14,0,13.0,0.0,2.0,1.0,A01
201500018190,0,33,0,2.0,0.0,1.0,1.0,A01
201500018191,0,7,0,0.0,2.0,3.0,13.0,A01
201500018191,0,10,0,0.0,2.0,3.0,1.0,B02
201500018192,0,7,0,13.0,0.0,1.0,1.0,A01
201500018193,0,1,0,0.0,2.0,4.0,1.0,B02
201500018193,0,7,0,0.0,2.0,2.0,1.0,A01
201500018194,0,7,0,13.0,0.0,2.0,1.0,A01
201500018195,0,33,0,0.0,2.0,1.0,1.0,A01
201500018195,0,7,0,0.0,2.0,8.0,15.0,B02
201500018196,0,7,0,8.0,0.0,1.0,1.0,A01
201500018197,0,10,0,0.0,2.0,8.0,13.0,A01
201500018197,0,3,0,0.0,2.0,1.0,1.0,B02
201500018198,0,7,0,0.0,2.0,3.0,1.0,A01
201500018198,0,30,0,0.0,2.0,1.0,1.0,B02
201500018199,0,10,0,0.0,9.0,7.0,17.0,A01
201500018199,0,1,0,0.0,2.0,3.0,2.0,B02
201500018200,0,33,0,0.0,2.0,1.0,17.0,A01
201500018200,0,7,0,0.0,0.0,3.0,1.0,B02
201500018200,0,7,0,0.0,0.0,5.0,15.0,C03
201500018200,0,7,0,0.0,0.0,8.0,1.0,D04
201500018201,0,7,0,0.0,1.0,2.0,1.0,A01
201500018202,0,7,0,0.0,2.0,1.0,13.0,A01
201500018202,0,10,0,0.0,2.0,1.0,1.0,B02
201500018203,0,30,0,0.0,2.0,1.0,1.0,B02
201500018203,0,7,0,0.0,2.0,3.0,15.0,A01
201500018204,0,7,0,2.0,0.0,9.0,1.0,A01
201500018205,0,7,0,0.0,2.0,3.0,13.0,A01
201500018205,0,7,0,0.0,2.0,3.0,1.0,B02
201500018206,0,1,0,0.0,2.0,1.0,1.0,A01
201500018206,0,36,0,0.0,2.0,1.0,1.0,B02
201500018207,0,7,0,0.0,2.0,1.0,15.0,A01
201500018207,0,2,0,0.0,2.0,1.0,1.0,B02
201500018208,0,7,0,0.0,2.0,0.0,1.0,A01
201500018208,0,1,0,0.0,2.0,4.0,1.0,B02
201500018209,0,7,0,0.0,2.0,3.0,1.0,A01
201500018209,0,2,0,0.0,2.0,7.0,1.0,B02
201500018210,0,33,0,0.0,2.0,1.0,1.0,B02
201500018210,0,7,0,0.0,2.0,7.0,1.0,A01
201500018211,0,33,0,0.0,0.0,2.0,1.0,A01
201500018212,0,7,0,0.0,2.0,3.0,19.0,A01
201500018212,0,7,0,0.0,2.0,2.0,1.0,B02
201500018213,0,7,0,3.0,0.0,1.0,1.0,A01
201500018214,0,30,0,0.0,2.0,1.0,1.0,A01
201500018214,0,7,0,0.0,2.0,2.0,0.0,B02
201500018215,0,7,0,0.0,2.0,2.0,13.0,A01
201500018215,0,7,0,0.0,2.0,2.0,1.0,B02
201500018216,0,7,0,13.0,2.0,1.0,13.0,A01
201500018216,0,7,0,1.0,0.0,7.0,2.0,B02
201500018217,0,7,0,14.0,0.0,1.0,1.0,A01
201500018218,0,7,0,0.0,2.0,1.0,15.0,A01
201500018218,0,7,0,0.0,2.0,3.0,1.0,B02
201500018219,0,7,0,0.0,2.0,1.0,5.0,A01
201500018219,0,7,0,0.0,2.0,3.0,5.0,B02
201500018220,0,99,0,0.0,0.0,0.0,19.0,A01
201500018221,0,30,0,0.0,0.0,8.0,1.0,A01
201500018222,0,33,0,0.0,2.0,1.0,1.0,A01
201500018222,0,7,0,0.0,2.0,8.0,9.0,B02
201500018223,0,33,0,0.0,2.0,1.0,13.0,A01
201500018223,0,7,0,0.0,2.0,3.0,1.0,B02
201500018224,0,7,0,6.0,0.0,3.0,1.0,A01
201500018225,0,30,0,0.0,2.0,8.0,17.0,A01
201500018226,0,7,0,13.0,0.0,2.0,1.0,A01
201500018227,0,7,0,0.0,1.0,2.0,1.0,A01
201500018228,0,7,0,0.0,2.0,5.0,15.0,A01
201500018228,0,10,0,0.0,2.0,3.0,1.0,B02
201500018229,0,7,0,13.0,0.0,1.0,1.0,A01
201500018230,0,7,0,0.0,2.0,1.0,13.0,A01
201500018230,0,7,0,0.0,2.0,6.0,1.0,C03
201500018230,0,7,0,0.0,2.0,1.0,1.0,B02
201500018231,0,33,0,13.0,0.0,1.0,1.0,A01
201500018232,0,7,0,0.0,2.0,3.0,1.0,C03
201500018232,0,7,0,0.0,2.0,4.0,15.0,B02
201500018232,0,15,0,0.0,2.0,1.0,1.0,A01
201500018233,0,7,0,13.0,0.0,2.0,1.0,A01
201500018234,0,33,0,0.0,2.0,1.0,2.0,B02
201500018234,0,7,0,0.0,0.0,8.0,10.0,A01
201500018235,0,7,0,8.0,0.0,3.0,13.0,A01
201500018236,0,7,0,13.0,0.0,3.0,1.0,A01
201500018237,0,7,0,0.0,2.0,1.0,1.0,A01
201500018237,0,1,0,0.0,2.0,7.0,19.0,B02
201500018238,0,7,0,13.0,0.0,8.0,1.0,A01
201500018239,0,33,0,0.0,6.0,1.0,1.0,A01
201500018240,0,7,0,2.0,0.0,1.0,16.0,A01
201500018241,0,33,0,0.0,2.0,7.0,21.0,B02
201500018241,0,7,0,0.0,2.0,5.0,15.0,A01
201500018241,0,7,0,0.0,2.0,8.0,21.0,C03
201500018242,0,7,0,0.0,2.0,3.0,13.0,A01
201500018242,0,15,0,0.0,2.0,3.0,1.0,B02
201500018243,0,17,0,0.0,2.0,1.0,1.0,A01
201500018243,0,7,0,0.0,2.0,3.0,15.0,B02
201500018244,0,14,0,0.0,2.0,3.0,13.0,A01
201500018244,0,33,0,0.0,2.0,3.0,1.0,B02
201500018245,0,10,0,0.0,2.0,1.0,1.0,A01
201500018245,0,7,0,0.0,2.0,3.0,13.0,B02
201500018246,0,17,0,0.0,2.0,1.0,1.0,B02
201500018246,0,7,0,0.0,2.0,1.0,5.0,A01
201500018247,0,3,0,0.0,2.0,1.0,15.0,A01
201500018247,0,1,0,0.0,2.0,8.0,1.0,B02
201500018248,0,7,0,2.0,6.0,7.0,1.0,A01
201500018249,0,7,0,0.0,2.0,5.0,5.0,A01
201500018249,0,7,0,0.0,2.0,1.0,1.0,B02
201500018250,0,7,0,0.0,0.0,9.0,14.0,A01
201500018251,0,7,0,13.0,0.0,1.0,1.0,A01
201500018252,0,7,0,0.0,2.0,5.0,15.0,B02
201500018252,0,7,0,0.0,2.0,3.0,21.0,C03
201500018252,0,7,0,0.0,2.0,1.0,1.0,A01
201500018253,0,33,0,0.0,2.0,3.0,1.0,A01
201500018253,0,7,0,0.0,2.0,2.0,15.0,B02
201500018254,0,7,0,13.0,0.0,3.0,1.0,A01
201500018255,0,7,0,13.0,0.0,1.0,13.0,A01
201500018256,0,7,0,0.0,2.0,1.0,1.0,A01
201500018256,0,7,0,0.0,2.0,4.0,15.0,B02
201500018257,0,7,0,13.0,0.0,9.0,0.0,A01
201500018258,0,33,0,0.0,2.0,1.0,1.0,B02
201500018258,0,21,0,0.0,0.0,3.0,15.0,A01
201500018259,0,10,0,0.0,1.0,2.0,1.0,A01
201500018260,0,10,0,13.0,0.0,1.0,1.0,A01
201500018261,0,1,0,0.0,2.0,4.0,2.0,B02
201500018261,0,7,0,0.0,2.0,2.0,2.0,A01
201500018262,0,7,0,0.0,1.0,2.0,1.0,A01
201500018263,0,7,0,0.0,2.0,1.0,1.0,B02
201500018263,0,7,0,0.0,2.0,5.0,15.0,A01
201500018264,0,1,0,0.0,2.0,7.0,1.0,B02
201500018264,0,99,0,0.0,2.0,1.0,1.0,A01
201500018265,0,7,0,13.0,0.0,1.0,1.0,A01
201500018266,0,3,0,0.0,2.0,3.0,19.0,A01
201500018266,0,33,0,0.0,2.0,7.0,17.0,B02
201500018267,0,7,0,0.0,2.0,8.0,15.0,B02
201500018267,0,33,0,0.0,2.0,1.0,1.0,A01
201500018268,0,33,0,0.0,0.0,8.0,0.0,A01
201500018269,0,7,0,0.0,1.0,2.0,1.0,A01
201500018270,0,30,0,6.0,0.0,1.0,1.0,A01
201500018271,0,30,0,1.0,0.0,1.0,1.0,A01
201500018272,0,7,0,0.0,2.0,3.0,13.0,A01
201500018272,0,7,0,0.0,2.0,3.0,1.0,B02
201500018272,0,10,0,0.0,2.0,1.0,1.0,C03
201500018273,0,7,0,0.0,2.0,3.0,13.0,A01
201500018273,0,7,0,0.0,2.0,3.0,1.0,B02
201500018274,0,7,0,0.0,2.0,8.0,13.0,A01
201500018274,0,10,0,0.0,2.0,8.0,1.0,B02
201500018275,0,7,0,0.0,2.0,5.0,15.0,B02
201500018275,0,33,0,0.0,2.0,1.0,1.0,A01
201500018276,0,33,0,3.0,0.0,8.0,13.0,A01
201500018277,0,33,0,2.0,6.0,1.0,21.0,A01
201500018278,0,7,0,0.0,2.0,8.0,1.0,B02
201500018278,0,14,0,0.0,2.0,1.0,1.0,A01
201500018279,0,7,0,0.0,2.0,3.0,1.0,B02
201500018279,0,7,0,0.0,2.0,3.0,13.0,A01
201500018280,0,7,0,0.0,2.0,1.0,1.0,B02
201500018280,0,7,0,0.0,0.0,7.0,1.0,A01
201500018281,0,7,0,6.0,0.0,3.0,13.0,A01
201500018282,0,7,0,0.0,2.0,3.0,19.0,B02
201500018282,0,30,0,0.0,2.0,2.0,19.0,A01
201500018283,0,7,0,2.0,0.0,1.0,0.0,A01
201500018284,0,7,0,0.0,2.0,1.0,11.0,B02
201500018284,0,7,0,0.0,2.0,1.0,1.0,A01
201500018285,0,1,0,0.0,0.0,0.0,0.0,A01
201500018286,0,33,0,0.0,2.0,1.0,1.0,B02
201500018286,0,33,0,0.0,0.0,7.0,10.0,A01
201500018287,0,10,0,13.0,0.0,2.0,1.0,A01
201500018288,0,7,0,0.0,2.0,1.0,5.0,A01
201500018288,0,7,0,0.0,2.0,1.0,1.0,B02
201500018289,0,7,0,0.0,2.0,1.0,2.0,A01
201500018289,0,7,0,0.0,2.0,7.0,13.0,B02
201500018290,0,7,0,0.0,1.0,1.0,2.0,A01
201500018291,0,7,0,0.0,2.0,3.0,15.0,A01
201500018291,0,33,0,0.0,2.0,8.0,1.0,B02
201500018292,0,7,0,0.0,2.0,1.0,1.0,A01
201500018292,0,7,0,0.0,2.0,1.0,1.0,B02
201500018293,0,7,0,6.0,0.0,1.0,13.0,A01
201500018294,0,7,0,0.0,9.0,2.0,2.0,A01
201500018295,0,33,0,0.0,2.0,0.0,1.0,A01
201500018295,0,7,0,0.0,2.0,2.0,1.0,B02
201500018296,0,33,0,0.0,0.0,0.0,1.0,A01
201500018297,0,7,0,13.0,0.0,1.0,10.0,A01
201500018298,0,7,0,2.0,0.0,7.0,2.0,A01
201500018299,0,7,0,0.0,2.0,3.0,2.0,B02
201500018299,0,7,0,0.0,2.0,2.0,19.0,A01
201500018300,0,2,0,16.0,0.0,1.0,1.0,A01
201500018301,0,2,0,1.0,0.0,1.0,2.0,A01
201500018301,0,10,0,0.0,2.0,4.0,23.0,B02
201500018302,0,7,0,13.0,0.0,2.0,0.0,A01
201500018303,0,7,0,0.0,1.0,1.0,1.0,A01
201500018304,0,7,0,13.0,0.0,2.0,14.0,A01
201500018305,0,7,0,0.0,2.0,1.0,13.0,A01
201500018305,0,7,0,0.0,2.0,3.0,1.0,B02
201500018306,0,33,0,0.0,2.0,1.0,1.0,B02
201500018306,0,10,0,0.0,2.0,3.0,15.0,A01
201500018307,0,7,0,0.0,0.0,9.0,1.0,A01
201500018308,0,7,0,0.0,1.0,2.0,1.0,A01
201500018309,0,7,0,0.0,2.0,4.0,23.0,B02
201500018309,0,7,0,0.0,2.0,1.0,1.0,A01
201500018310,0,7,0,2.0,0.0,8.0,1.0,A01
201500018311,0,10,0,0.0,0.0,9.0,1.0,A01
201500018312,0,7,0,13.0,0.0,3.0,1.0,A01
201500018313,0,1,0,0.0,2.0,1.0,1.0,B02
201500018313,0,7,0,0.0,2.0,2.0,21.0,A01
201500018314,0,7,0,0.0,2.0,2.0,9.0,A01
201500018314,0,1,0,0.0,0.0,4.0,0.0,B02
201500018315,0,7,0,0.0,1.0,3.0,0.0,A01
201500018316,0,7,0,0.0,1.0,2.0,1.0,A01
201500018317,0,7,0,0.0,2.0,1.0,1.0,A01
201500018317,0,7,0,0.0,2.0,1.0,13.0,B02
201500018318,1,7,0,0.0,1.0,0.0,4.0,Z01
201500018319,0,33,0,4.0,0.0,3.0,1.0,A01
201500018320,0,10,0,10.0,0.0,1.0,17.0,A01
201500018321,0,2,0,12.0,0.0,8.0,1.0,A01
201500018322,0,7,0,0.0,0.0,2.0,1.0,A01
201500018323,0,7,0,8.0,0.0,7.0,15.0,A01
201500018324,0,99,0,2.0,0.0,1.0,13.0,A01
201500018325,0,7,0,2.0,0.0,9.0,13.0,A01
201500018326,0,7,0,0.0,2.0,1.0,1.0,A01
201500018326,0,31,0,0.0,2.0,3.0,1.0,B02
201500018327,0,7,0,0.0,2.0,3.0,13.0,A01
201500018327,0,15,0,0.0,2.0,3.0,1.0,B02
201500018328,0,33,0,6.0,0.0,1.0,13.0,A01
201500018329,0,7,0,0.0,6.0,1.0,21.0,A01
201500018330,0,7,0,0.0,2.0,7.0,15.0,A01
201500018330,0,7,0,0.0,2.0,1.0,1.0,B02
201500018331,0,7,0,2.0,0.0,2.0,1.0,A01
201500018332,0,33,0,0.0,2.0,1.0,1.0,A01
201500018332,0,7,0,0.0,2.0,8.0,15.0,B02
201500018333,1,7,0,0.0,1.0,0.0,0.0,A01
201500018334,0,7,0,0.0,0.0,0.0,17.0,A01
201500018335,0,10,0,0.0,2.0,2.0,17.0,A01
201500018335,0,7,0,0.0,2.0,1.0,1.0,B02
201500018336,0,7,0,2.0,0.0,1.0,1.0,A01
201500018337,0,7,0,0.0,2.0,1.0,13.0,A01
201500018337,0,14,0,0.0,0.0,0.0,0.0,B02
201500018338,0,7,0,13.0,0.0,6.0,13.0,A01
201500018339,0,7,0,0.0,2.0,3.0,15.0,A01
201500018339,0,30,0,0.0,2.0,1.0,1.0,B02
201500018340,0,7,0,0.0,1.0,1.0,1.0,A01
201500018341,0,7,0,0.0,2.0,8.0,0.0,A01
201500018341,0,3,0,0.0,2.0,1.0,1.0,B02
201500018342,0,10,0,14.0,0.0,1.0,1.0,A01
201500018342,0,7,0,0.0,2.0,1.0,1.0,B02
201500018342,0,7,0,0.0,0.0,7.0,15.0,C03
201500018343,0,7,0,0.0,2.0,3.0,0.0,A01
201500018343,0,21,0,0.0,2.0,3.0,1.0,B02
201500018344,0,33,0,0.0,2.0,1.0,1.0,A01
201500018344,0,7,0,0.0,0.0,4.0,1.0,B02
201500018345,0,10,0,0.0,0.0,2.0,17.0,A01
201500018345,0,1,0,0.0,0.0,4.0,1.0,B02
201500018346,0,7,0,8.0,2.0,1.0,1.0,B02
201500018346,0,7,0,8.0,2.0,2.0,19.0,A01