Num_Acc,senc,catv,occutc,obs,obsm,choc,manv,num_veh
201500018347,0,10,0,6.0,0.0,1.0,1.0,A01
201500018348,0,30,0,0.0,0.0,0.0,1.0,A01
201500018349,0,7,0,0.0,2.0,3.0,13.0,A01
201500018349,0,7,0,0.0,2.0,3.0,1.0,B02
201500018350,0,7,0,6.0,0.0,3.0,19.0,A01
201500018351,0,7,0,0.0,2.0,7.0,13.0,A01
201500018351,0,30,0,0.0,2.0,1.0,1.0,B02
201500018352,0,10,0,0.0,1.0,8.0,1.0,A01
201500018353,0,7,0,2.0,0.0,1.0,1.0,A01
201500018354,0,30,0,0.0,0.0,0.0,1.0,A01
201500018355,0,7,0,2.0,0.0,5.0,14.0,A01
201500018356,0,10,0,0.0,2.0,8.0,9.0,A01
201500018356,0,30,0,0.0,2.0,1.0,1.0,B02
201500018357,0,3,0,0.0,2.0,3.0,15.0,A01
201500018357,0,7,0,0.0,2.0,3.0,1.0,B02
201500018358,0,10,0,0.0,2.0,3.0,15.0,A01
201500018358,0,30,0,0.0,2.0,6.0,1.0,B02
201500018359,0,7,0,0.0,0.0,1.0,15.0,A01
201500018359,0,1,0,0.0,0.0,8.0,1.0,B02
201500018360,0,7,0,6.0,0.0,1.0,1.0,A01
201500018361,0,7,0,0.0,0.0,7.0,0.0,A01
201500018361,0,7,0,0.0,2.0,1.0,1.0,B02
201500018362,0,7,0,0.0,0.0,3.0,13.0,A01
201500018362,0,7,0,0.0,0.0,3.0,2.0,B02
201500018363,0,7,0,0.0,2.0,2.0,15.0,A01
201500018363,0,30,0,0.0,2.0,5.0,1.0,B02
201500018364,0,10,0,13.0,0.0,1.0,13.0,A01
201500018365,0,7,0,0.0,0.0,9.0,1.0,A01
201500018366,0,33,0,0.0,0.0,0.0,1.0,A01
201500018367,0,7,0,0.0,2.0,3.0,15.0,A01
201500018367,0,33,0,0.0,2.0,1.0,1.0,B02
201500018368,0,7,0,0.0,0.0,9.0,1.0,A01
201500018369,0,2,0,0.0,5.0,1.0,21.0,A01
201500018370,0,7,0,0.0,1.0,1.0,15.0,A01
201500018370,0,7,0,9.0,0.0,8.0,1.0,B02
201500018371,0,10,0,0.0,2.0,1.0,1.0,A01
201500018371,0,2,0,0.0,2.0,1.0,1.0,B02
201500018372,0,7,0,2.0,0.0,1.0,1.0,A01
201500018373,0,7,0,0.0,2.0,2.0,15.0,A01
201500018373,0,7,0,0.0,2.0,3.0,1.0,B02
201500018373,0,7,0,0.0,2.0,1.0,23.0,C03
201500018374,0,7,0,0.0,1.0,1.0,21.0,A01
201500018374,0,7,0,0.0,2.0,1.0,15.0,B02
201500018375,0,7,0,0.0,2.0,1.0,13.0,A01
201500018375,0,14,0,0.0,2.0,1.0,1.0,B02
201500018376,0,33,0,0.0,2.0,1.0,15.0,A01
201500018376,0,7,0,0.0,2.0,1.0,1.0,B02
201500018377,0,33,0,0.0,2.0,1.0,17.0,A01
201500018377,0,7,0,0.0,2.0,3.0,1.0,B02
201500018378,0,10,0,0.0,2.0,1.0,1.0,A01
201500018378,0,7,0,0.0,2.0,4.0,23.0,B02
201500018379,0,7,0,0.0,2.0,1.0,14.0,A01
201500018379,0,7,0,0.0,2.0,1.0,21.0,B02
201500018380,0,7,0,0.0,0.0,1.0,15.0,A01
201500018380,0,30,0,0.0,0.0,3.0,1.0,B02
201500018381,0,7,0,13.0,0.0,1.0,1.0,A01
201500018382,0,7,0,11.0,1.0,8.0,15.0,A01
201500018383,0,7,0,0.0,0.0,3.0,1.0,A01
201500018383,0,10,0,0.0,0.0,1.0,13.0,B02
201500018384,0,7,0,3.0,0.0,1.0,1.0,A01
201500018385,0,7,0,0.0,2.0,1.0,13.0,A01
201500018385,0,7,0,0.0,2.0,1.0,21.0,B02
201500018385,0,7,0,14.0,0.0,3.0,21.0,C03
201500018386,0,7,0,0.0,2.0,1.0,1.0,A01
201500018386,0,7,0,0.0,2.0,1.0,1.0,B02
201500018387,0,10,0,0.0,1.0,4.0,4.0,A01
201500018388,0,33,0,6.0,0.0,1.0,1.0,A01
201500018389,0,7,0,0.0,2.0,3.0,19.0,A01
201500018389,0,33,0,0.0,2.0,1.0,1.0,B02
201500018390,0,7,0,0.0,9.0,8.0,10.0,A01
201500018390,0,33,0,0.0,2.0,7.0,1.0,B02
201500018391,0,7,0,8.0,0.0,1.0,1.0,A01
201500018392,0,7,0,16.0,0.0,3.0,1.0,A01
201500018393,0,7,0,0.0,2.0,1.0,1.0,A01
201500018393,0,7,0,0.0,2.0,3.0,19.0,B02
201500018394,0,30,0,0.0,2.0,1.0,1.0,A01
201500018394,0,7,0,0.0,2.0,5.0,6.0,B02
201500018394,0,7,0,0.0,2.0,2.0,1.0,C03
201500018395,0,36,0,14.0,0.0,1.0,2.0,A01
201500018395,0,7,0,0.0,0.0,5.0,23.0,B02
201500018396,0,7,0,2.0,0.0,1.0,1.0,A01
201500018397,0,7,0,13.0,0.0,2.0,1.0,A01
201500018398,0,33,0,,,,,A01
201500018399,0,7,0,,,,,A01
201500018400,0,7,0,0.0,1.0,6.0,20.0,A01
201500018401,0,7,0,0.0,2.0,1.0,13.0,A01
201500018401,0,17,0,0.0,2.0,1.0,1.0,B02
201500018402,0,17,0,0.0,2.0,2.0,2.0,A01
201500018402,0,30,0,0.0,2.0,6.0,15.0,B02
201500018403,0,7,0,2.0,0.0,3.0,13.0,A01
201500018404,0,7,0,0.0,1.0,2.0,21.0,A01
201500018405,0,7,0,8.0,0.0,2.0,1.0,A01
201500018406,0,30,0,0.0,2.0,7.0,1.0,B02
201500018406,0,7,0,0.0,2.0,1.0,9.0,A01
201500018407,0,7,0,0.0,1.0,1.0,1.0,A01
201500018408,0,7,0,2.0,0.0,9.0,1.0,A01
201500018409,0,7,0,0.0,2.0,2.0,9.0,A01
201500018409,0,32,0,0.0,2.0,1.0,1.0,B02
201500018410,0,7,0,0.0,1.0,4.0,4.0,A01
201500018411,0,7,0,2.0,0.0,1.0,19.0,A01
201500018412,0,7,0,8.0,0.0,3.0,13.0,A01
201500018413,0,7,0,,2.0,,,A01
201500018413,0,1,0,,2.0,,19.0,B02
201500018414,0,7,0,13.0,0.0,3.0,19.0,A01
201500018415,0,7,0,0.0,2.0,3.0,15.0,A01
201500018415,0,2,0,0.0,2.0,8.0,1.0,B02
201500018416,0,7,0,1.0,0.0,8.0,1.0,A01
201500018417,0,7,0,15.0,0.0,9.0,1.0,A01
201500018418,0,14,0,0.0,2.0,3.0,5.0,B02
201500018418,0,7,0,13.0,2.0,3.0,5.0,A01
201500018419,1,7,0,0.0,2.0,0.0,0.0,B02
201500018419,0,2,0,0.0,2.0,0.0,0.0,A01
201500018420,0,7,0,0.0,0.0,1.0,0.0,B02
201500018420,0,7,0,0.0,0.0,7.0,0.0,A01
201500018421,0,7,0,2.0,0.0,1.0,1.0,A01
201500018422,0,7,0,0.0,0.0,8.0,1.0,B02
201500018422,0,7,0,0.0,0.0,0.0,1.0,A01
201500018423,0,7,0,0.0,2.0,3.0,1.0,B02
201500018423,0,7,0,0.0,2.0,1.0,1.0,A01
201500018424,0,30,0,8.0,0.0,1.0,1.0,A01
201500018425,0,7,0,13.0,0.0,9.0,1.0,A01
201500018426,0,7,0,0.0,0.0,3.0,1.0,B02
201500018426,0,7,0,0.0,0.0,3.0,1.0,A01
201500018427,0,7,0,0.0,1.0,1.0,1.0,A01
201500018428,0,7,0,0.0,2.0,2.0,1.0,A01
201500018428,0,7,0,0.0,2.0,1.0,1.0,B02
201500018429,0,7,0,,1.0,1.0,,A01
201500018430,0,33,0,0.0,6.0,1.0,1.0,A01
201500018431,0,7,0,6.0,0.0,7.0,1.0,A01
201500018432,0,14,0,0.0,1.0,0.0,1.0,A01
201500018433,0,7,0,13.0,0.0,1.0,1.0,A01
201500018434,0,7,0,0.0,2.0,3.0,19.0,A01
201500018434,0,31,0,0.0,2.0,1.0,1.0,B02
201500018435,0,30,0,0.0,0.0,8.0,1.0,B02
201500018435,0,7,0,0.0,2.0,1.0,15.0,A01
201500018436,0,7,0,13.0,0.0,2.0,16.0,A01
201500018437,0,7,0,0.0,2.0,1.0,1.0,B02
201500018437,0,2,0,0.0,2.0,1.0,1.0,A01
201500018438,0,7,0,0.0,2.0,1.0,1.0,B02
201500018438,0,7,0,0.0,2.0,8.0,1.0,A01
201500018439,0,7,0,13.0,0.0,1.0,1.0,A01
201500018440,0,33,0,0.0,2.0,1.0,1.0,B02
201500018440,0,7,0,0.0,2.0,7.0,1.0,A01
201500018441,0,7,0,0.0,2.0,3.0,1.0,A01
201500018441,0,7,0,0.0,2.0,3.0,1.0,B02
201500018442,0,14,0,0.0,0.0,7.0,0.0,A01
201500018443,0,14,0,0.0,2.0,3.0,1.0,B02
201500018443,0,10,0,0.0,2.0,3.0,0.0,A01
201500018444,0,14,0,0.0,0.0,0.0,1.0,A01
201500018445,0,7,0,0.0,1.0,2.0,1.0,A01
201500018446,0,7,0,2.0,0.0,2.0,1.0,A01
201500018447,0,7,0,0.0,2.0,3.0,6.0,A01
201500018447,0,33,0,0.0,2.0,1.0,1.0,B02
201500018448,0,7,0,2.0,0.0,1.0,17.0,A01
201500018449,0,7,0,0.0,2.0,1.0,1.0,A01
201500018449,0,7,0,0.0,2.0,8.0,15.0,B02
201500018450,0,7,0,13.0,0.0,2.0,1.0,A01
201500018451,0,7,0,0.0,2.0,2.0,1.0,A01
201500018451,0,1,0,0.0,2.0,1.0,19.0,B02
201500018452,0,7,0,0.0,2.0,3.0,1.0,B01
201500018452,0,7,0,0.0,2.0,1.0,1.0,A01
201500018453,0,7,0,0.0,2.0,3.0,15.0,A01
201500018453,0,33,0,0.0,2.0,1.0,2.0,B02
201500018454,0,7,0,0.0,2.0,1.0,19.0,A01
201500018454,0,33,0,0.0,2.0,7.0,1.0,B02
201500018455,0,36,0,13.0,0.0,8.0,1.0,A01
201500018456,0,10,0,0.0,2.0,1.0,1.0,B01
201500018456,0,7,0,0.0,2.0,7.0,13.0,A01
201500018457,0,7,0,2.0,0.0,3.0,13.0,A01
201500018458,0,7,0,0.0,2.0,3.0,1.0,B02
201500018458,0,7,0,0.0,2.0,3.0,1.0,A01
201500018459,0,7,0,0.0,2.0,5.0,1.0,B02
201500018459,0,14,0,0.0,2.0,6.0,24.0,A01
201500018460,0,7,0,0.0,1.0,7.0,1.0,A01
201500018461,0,10,0,0.0,2.0,1.0,19.0,B02
201500018461,0,7,0,8.0,2.0,8.0,1.0,A01
201500018462,0,17,0,0.0,2.0,3.0,13.0,A01
201500018462,0,38,490,0.0,2.0,3.0,1.0,B02
201500018463,0,7,0,2.0,0.0,8.0,1.0,A01
201500018464,0,7,0,0.0,0.0,3.0,0.0,A01
201500018465,0,17,0,0.0,2.0,2.0,1.0,A01
201500018465,0,10,0,0.0,2.0,3.0,19.0,B02
201500018466,0,7,0,2.0,0.0,7.0,17.0,A01
201500018467,0,7,0,16.0,0.0,9.0,19.0,A01
201500018468,0,7,0,0.0,6.0,4.0,23.0,A01
201500018468,0,32,0,1.0,0.0,1.0,2.0,B02
201500018469,0,1,0,0.0,2.0,1.0,5.0,A01
201500018469,0,33,0,0.0,2.0,1.0,1.0,B02
201500018470,0,7,0,13.0,0.0,4.0,2.0,A01
201500018470,0,13,0,0.0,2.0,1.0,2.0,B02
201500018471,0,2,0,0.0,2.0,0.0,2.0,A01
201500018472,0,7,0,0.0,2.0,2.0,1.0,A01
201500018472,0,7,0,0.0,2.0,1.0,1.0,B02
201500018473,0,7,0,0.0,0.0,0.0,15.0,D04
201500018473,0,10,0,0.0,2.0,1.0,1.0,B02
201500018473,0,10,0,0.0,2.0,2.0,1.0,A01
201500018473,0,7,0,0.0,0.0,3.0,1.0,C03
201500018474,0,7,0,3.0,0.0,1.0,0.0,A01
201500018475,0,15,0,0.0,0.0,4.0,2.0,A01
201500018475,0,10,0,0.0,2.0,1.0,2.0,B02
201500018476,0,7,0,3.0,0.0,2.0,1.0,A01
201500018477,0,7,0,5.0,0.0,1.0,1.0,A01
201500018478,0,7,0,2.0,0.0,1.0,1.0,A01
201500018479,0,7,0,0.0,2.0,7.0,1.0,A01
201500018479,0,1,0,0.0,2.0,4.0,1.0,B02
201500018480,0,7,0,2.0,0.0,2.0,1.0,A01
201500018481,0,3,0,2.0,0.0,2.0,1.0,A01
201500018482,0,7,0,0.0,2.0,1.0,0.0,A01
201500018482,0,1,0,0.0,0.0,8.0,0.0,B02
201500018483,0,7,0,6.0,0.0,5.0,1.0,A01
201500018484,0,7,0,2.0,0.0,1.0,1.0,A01
201500018485,0,7,0,2.0,0.0,1.0,13.0,A01
201500018486,0,7,0,0.0,2.0,7.0,17.0,A01
201500018486,0,30,0,0.0,2.0,8.0,15.0,B02
201500018487,0,33,0,14.0,0.0,1.0,1.0,A01
201500018488,0,7,0,0.0,0.0,9.0,14.0,A01
201500018489,0,7,0,0.0,0.0,2.0,1.0,A01
201500018490,0,7,0,8.0,0.0,1.0,1.0,A01
201500018491,0,7,0,6.0,0.0,1.0,1.0,A01
201500018492,0,7,0,2.0,0.0,1.0,1.0,A01
201500018493,0,7,0,0.0,2.0,3.0,1.0,A01
201500018493,0,10,0,0.0,2.0,1.0,1.0,B02
201500018494,0,7,0,0.0,2.0,1.0,1.0,B02
201500018494,0,7,0,0.0,2.0,1.0,15.0,A01
201500018495,0,3,0,2.0,0.0,1.0,1.0,A01
201500018496,0,10,0,0.0,2.0,4.0,4.0,A01
201500018496,0,30,0,0.0,2.0,1.0,1.0,B02
201500018497,0,10,0,8.0,0.0,1.0,1.0,A01
201500018498,0,7,0,8.0,0.0,1.0,13.0,A01
201500018499,0,30,0,5.0,0.0,7.0,1.0,A01
201500018500,0,7,0,0.0,0.0,1.0,1.0,A01
201500018501,0,30,0,0.0,2.0,1.0,19.0,B02
201500018501,0,7,0,0.0,2.0,3.0,1.0,A01
201500018502,0,7,0,0.0,0.0,9.0,1.0,A01
201500018503,0,7,0,0.0,2.0,3.0,0.0,B02
201500018503,0,17,0,0.0,2.0,2.0,19.0,A01
201500018504,0,7,0,0.0,2.0,7.0,19.0,A01
201500018504,0,7,0,0.0,2.0,1.0,1.0,B02
201500018505,0,30,0,0.0,2.0,8.0,13.0,A01
201500018505,0,10,0,0.0,2.0,8.0,1.0,B02
201500018506,0,7,0,0.0,2.0,1.0,19.0,A01
201500018506,0,7,0,0.0,2.0,7.0,1.0,B02
201500018507,0,7,0,2.0,0.0,7.0,13.0,A01
201500018508,0,14,0,0.0,0.0,7.0,1.0,A01
201500018508,0,1,0,0.0,2.0,1.0,19.0,B02
201500018509,0,30,0,13.0,0.0,7.0,1.0,A01
201500018510,0,7,0,0.0,0.0,0.0,0.0,A01
201500018510,0,7,0,0.0,0.0,0.0,0.0,B02
201500018511,0,30,0,0.0,0.0,0.0,1.0,A01
201500018512,0,33,0,3.0,0.0,9.0,1.0,A01
201500018513,0,7,0,8.0,0.0,1.0,1.0,A01
201500018514,0,10,0,0.0,2.0,1.0,1.0,B02
201500018514,0,7,0,0.0,2.0,4.0,1.0,A01
201500018515,0,7,0,0.0,2.0,7.0,19.0,A01
201500018515,0,7,0,0.0,2.0,1.0,1.0,B02
201500018516,0,7,0,0.0,2.0,8.0,1.0,A01
201500018516,0,10,0,0.0,2.0,1.0,1.0,B02
201500018517,0,30,0,6.0,0.0,1.0,0.0,A01
201500018518,0,7,0,0.0,2.0,1.0,1.0,A01
201500018518,0,7,0,0.0,2.0,3.0,1.0,B02
201500018519,0,7,0,0.0,2.0,1.0,1.0,D04
201500018519,0,7,0,0.0,2.0,2.0,19.0,A01
201500018519,0,7,0,0.0,2.0,6.0,23.0,B02
201500018519,0,10,0,0.0,2.0,6.0,23.0,C03
201500018520,0,7,0,1.0,0.0,2.0,1.0,A01
201500018521,0,7,0,0.0,0.0,3.0,1.0,A01
201500018522,0,30,0,13.0,0.0,1.0,14.0,A01
201500018523,0,7,0,0.0,2.0,3.0,13.0,A01
201500018523,0,7,0,0.0,2.0,3.0,1.0,B02
201500018524,0,7,0,13.0,0.0,3.0,1.0,A01
201500018525,0,7,0,15.0,0.0,1.0,0.0,A01
201500018526,0,7,0,0.0,2.0,7.0,1.0,A01
201500018526,0,7,0,0.0,2.0,1.0,1.0,B02
201500018527,0,7,0,0.0,2.0,1.0,15.0,A01
201500018527,0,33,0,0.0,2.0,1.0,1.0,B02
201500018528,0,7,0,0.0,2.0,1.0,1.0,B02
201500018528,0,7,0,0.0,2.0,8.0,19.0,A01
201500018529,0,15,0,0.0,2.0,1.0,1.0,B02
201500018529,0,7,0,0.0,2.0,1.0,13.0,A01
201500018530,0,7,0,0.0,2.0,2.0,1.0,B02
201500018530,0,2,0,0.0,2.0,8.0,10.0,A01
201500018531,0,7,0,0.0,2.0,1.0,13.0,A01
201500018531,0,33,0,0.0,2.0,1.0,1.0,B02
201500018532,0,7,0,0.0,0.0,1.0,13.0,A01
201500018533,0,7,0,0.0,2.0,8.0,19.0,A01
201500018533,0,33,0,0.0,2.0,1.0,1.0,B02
201500018534,0,7,0,0.0,2.0,3.0,15.0,A01
201500018534,0,33,0,0.0,2.0,1.0,1.0,B02
201500018534,0,7,0,0.0,2.0,1.0,24.0,C03
201500018535,1,7,0,0.0,0.0,0.0,0.0,A01
201500018535,0,1,0,0.0,0.0,8.0,2.0,B02
201500018536,0,33,0,0.0,0.0,0.0,13.0,A01
201500018537,0,33,0,15.0,0.0,1.0,1.0,A01
201500018538,0,1,0,0.0,2.0,1.0,19.0,A01
201500018538,0,7,0,0.0,9.0,7.0,1.0,B02
201500018539,0,37,1,0.0,2.0,3.0,1.0,B02
201500018539,0,7,0,0.0,2.0,1.0,1.0,A01
201500018540,0,7,0,1.0,0.0,2.0,14.0,A01
201500018541,0,7,0,2.0,0.0,1.0,14.0,A01
201500018542,0,7,0,0.0,2.0,1.0,15.0,A01
201500018542,0,30,0,0.0,2.0,1.0,1.0,B02
201500018543,0,7,0,0.0,2.0,9.0,13.0,A01
201500018543,0,14,0,0.0,2.0,3.0,1.0,B02
201500018543,0,7,0,0.0,2.0,8.0,1.0,C03
201500018544,0,7,0,2.0,0.0,2.0,1.0,A01
201500018545,0,7,0,0.0,2.0,1.0,1.0,A01
201500018545,0,10,0,0.0,2.0,1.0,1.0,B02
201500018546,0,30,0,1.0,0.0,1.0,1.0,A01
201500018547,0,7,0,0.0,2.0,1.0,1.0,A01
201500018547,0,7,0,0.0,2.0,4.0,1.0,C03
201500018547,0,7,0,0.0,2.0,4.0,1.0,B02
201500018548,0,7,0,0.0,2.0,6.0,1.0,A01
201500018548,0,1,0,0.0,2.0,1.0,19.0,B02
201500018549,0,7,0,0.0,0.0,1.0,13.0,A01
201500018549,0,7,0,0.0,0.0,3.0,1.0,B02
201500018550,0,33,0,0.0,2.0,7.0,17.0,A01
201500018550,0,7,0,0.0,2.0,8.0,17.0,B02
201500018551,0,7,0,0.0,2.0,3.0,17.0,A01
201500018551,0,13,0,0.0,2.0,3.0,1.0,B02
201500018552,0,7,0,13.0,0.0,9.0,14.0,A01
201500018553,0,10,0,9.0,2.0,1.0,17.0,A01
201500018553,0,7,0,3.0,2.0,6.0,15.0,B02
201500018554,0,7,0,0.0,2.0,1.0,1.0,A01
201500018554,0,7,0,0.0,2.0,4.0,15.0,B02
201500018555,0,30,0,0.0,2.0,3.0,13.0,A01
201500018555,0,21,0,0.0,2.0,6.0,1.0,B02
201500018556,0,7,0,0.0,1.0,7.0,1.0,A01
201500018557,0,2,0,0.0,2.0,8.0,1.0,A01
201500018557,0,7,0,0.0,2.0,2.0,19.0,B02
201500018558,0,7,0,6.0,0.0,1.0,13.0,A01
201500018559,0,2,0,0.0,2.0,4.0,1.0,A01
201500018559,0,30,0,0.0,2.0,1.0,1.0,B02
201500018560,0,30,0,0.0,2.0,2.0,15.0,B02
201500018560,0,7,0,0.0,2.0,1.0,1.0,A01
201500018561,0,7,0,4.0,2.0,2.0,19.0,A01
201500018561,0,7,0,4.0,2.0,1.0,1.0,B02
201500018562,0,7,0,0.0,9.0,2.0,1.0,A01
201500018562,0,1,0,0.0,2.0,4.0,1.0,B02
201500018563,0,15,0,0.0,0.0,8.0,13.0,A01
201500018564,0,7,0,15.0,2.0,7.0,0.0,B02
201500018564,0,10,0,0.0,2.0,1.0,21.0,A01
201500018565,0,7,0,0.0,1.0,1.0,1.0,A01
201500018566,0,31,0,0.0,2.0,8.0,19.0,A01
201500018566,0,10,0,0.0,2.0,2.0,1.0,B02
201500018567,0,7,0,0.0,0.0,8.0,1.0,A01
201500018567,0,39,50,0.0,4.0,1.0,1.0,B02
201500018568,0,7,0,0.0,0.0,9.0,0.0,A01
201500018569,0,33,0,0.0,0.0,7.0,1.0,A01
201500018570,0,2,0,10.0,0.0,8.0,1.0,A01
201500018571,0,7,0,13.0,0.0,1.0,1.0,A01
201500018572,0,7,0,13.0,0.0,9.0,1.0,A01
201500018573,0,7,0,0.0,2.0,3.0,13.0,A01
201500018573,0,14,0,0.0,2.0,3.0,1.0,B02
201500018573,0,14,0,0.0,2.0,2.0,1.0,C03
201500018573,0,7,0,0.0,2.0,1.0,1.0,D04
201500018574,0,33,0,15.0,0.0,1.0,1.0,A01
201500018575,0,2,0,0.0,2.0,1.0,13.0,A01
201500018575,0,15,0,0.0,2.0,8.0,1.0,B02
201500018576,0,7,0,0.0,2.0,1.0,13.0,A01
201500018576,0,7,0,0.0,2.0,1.0,1.0,B02
201500018577,0,7,0,0.0,9.0,7.0,17.0,A01
201500018577,0,1,0,0.0,2.0,7.0,2.0,B02
201500018578,0,7,0,0.0,2.0,2.0,13.0,A01
201500018578,0,15,0,0.0,2.0,1.0,1.0,B02
201500018579,0,21,0,0.0,1.0,2.0,2.0,A01
201500018580,0,7,0,0.0,2.0,7.0,15.0,A01
201500018580,0,7,0,0.0,2.0,1.0,1.0,B02
201500018581,0,1,0,0.0,0.0,8.0,1.0,A01
201500018581,0,21,0,0.0,2.0,5.0,17.0,B02
201500018582,0,7,0,0.0,2.0,1.0,11.0,A01
201500018582,0,7,0,0.0,2.0,1.0,1.0,B02
201500018583,0,33,0,0.0,2.0,1.0,2.0,A01
201500018583,0,7,0,0.0,2.0,4.0,2.0,B02
201500018584,0,7,0,0.0,0.0,9.0,14.0,A01
201500018585,0,7,0,2.0,0.0,8.0,1.0,A01
201500018586,0,7,0,8.0,0.0,1.0,1.0,A01
201500018587,0,7,0,0.0,2.0,8.0,19.0,A01
201500018587,0,7,0,0.0,2.0,1.0,1.0,B02
201500018588,0,31,0,2.0,0.0,2.0,11.0,A01
201500018589,0,7,0,0.0,2.0,3.0,15.0,A01
201500018589,0,33,0,0.0,2.0,1.0,1.0,B02
201500018590,0,33,0,13.0,0.0,1.0,13.0,A01
201500018591,0,2,0,0.0,0.0,0.0,2.0,A01
201500018592,0,7,0,2.0,0.0,7.0,14.0,A01
201500018593,0,7,0,0.0,2.0,2.0,1.0,A01
201500018593,0,7,0,0.0,2.0,1.0,19.0,B02
201500018594,0,7,0,0.0,2.0,1.0,1.0,A01
201500018594,0,7,0,0.0,2.0,7.0,19.0,B02
201500018595,0,7,0,1.0,0.0,1.0,1.0,A01
201500018596,0,7,0,0.0,2.0,1.0,21.0,B02
201500018596,0,7,0,0.0,2.0,1.0,1.0,A01
201500018597,0,7,0,8.0,0.0,8.0,1.0,A01
201500018598,0,17,0,0.0,2.0,2.0,1.0,B02
201500018598,0,7,0,0.0,2.0,2.0,13.0,A01
201500018599,0,7,0,0.0,1.0,1.0,1.0,A01
201500018600,0,7,0,0.0,2.0,1.0,2.0,A01
201500018600,0,7,0,0.0,2.0,4.0,2.0,B02
201500018601,0,7,0,0.0,2.0,1.0,1.0,A01
201500018601,0,7,0,0.0,2.0,8.0,0.0,B02
201500018602,0,33,0,0.0,2.0,1.0,17.0,A01
201500018602,0,21,0,0.0,2.0,3.0,15.0,B02
201500018603,0,7,0,4.0,0.0,2.0,1.0,A01
201500018604,0,7,0,1.0,1.0,1.0,1.0,A01
201500018605,0,10,0,0.0,2.0,1.0,15.0,A01
201500018605,0,7,0,0.0,2.0,2.0,1.0,B02
201500018605,0,7,0,0.0,2.0,1.0,1.0,C03
201500018606,0,17,0,0.0,9.0,7.0,1.0,B02
201500018606,0,2,0,0.0,2.0,4.0,1.0,A01
201500018607,0,20,0,0.0,2.0,5.0,4.0,A01
201500018607,0,33,0,0.0,2.0,1.0,1.0,B02
201500018608,0,10,0,0.0,2.0,1.0,1.0,A01
201500018608,0,7,0,0.0,2.0,4.0,15.0,B02
201500018608,0,7,0,0.0,2.0,8.0,1.0,C03
201500018609,0,10,0,0.0,2.0,7.0,15.0,A01
201500018609,0,1,0,0.0,2.0,1.0,1.0,B02
201500018610,0,10,0,0.0,2.0,1.0,13.0,A01
201500018610,0,7,0,0.0,2.0,3.0,1.0,B02
201500018611,0,7,0,0.0,2.0,2.0,17.0,A01
201500018611,0,3,0,0.0,0.0,6.0,1.0,B02
201500018612,0,7,0,13.0,0.0,1.0,13.0,A01
201500018613,0,7,0,13.0,0.0,1.0,14.0,A01
201500018614,0,33,0,8.0,0.0,1.0,1.0,A01
201500018615,0,36,0,0.0,2.0,3.0,16.0,A01
201500018615,0,7,0,0.0,2.0,1.0,1.0,B02
201500018616,0,33,0,14.0,0.0,0.0,1.0,A01
201500018617,0,7,0,0.0,2.0,8.0,17.0,A01
201500018617,0,7,0,0.0,2.0,2.0,1.0,B02
201500018618,0,7,0,2.0,0.0,1.0,1.0,A01
201500018619,0,10,0,0.0,2.0,2.0,2.0,A01
201500018619,0,2,0,0.0,2.0,6.0,2.0,B02
201500018620,0,7,0,0.0,2.0,2.0,17.0,A01
201500018620,0,7,0,0.0,2.0,3.0,17.0,B02
201500018620,0,7,0,0.0,2.0,8.0,1.0,C03
201500018621,0,7,0,0.0,2.0,1.0,5.0,A01
201500018621,0,7,0,0.0,2.0,1.0,1.0,B02
201500018622,0,7,0,6.0,1.0,1.0,13.0,A01
201500018623,0,7,0,0.0,2.0,2.0,15.0,A01
201500018623,0,33,0,0.0,2.0,1.0,1.0,B02
201500018624,0,33,0,1.0,0.0,3.0,1.0,A01
201500018624,0,7,0,0.0,2.0,5.0,24.0,B02
201500018625,0,7,0,0.0,2.0,1.0,13.0,A01
201500018625,0,7,0,0.0,2.0,1.0,1.0,B02
201500018626,0,7,0,0.0,0.0,5.0,24.0,C03
201500018626,0,33,0,1.0,0.0,1.0,1.0,A01
201500018626,0,33,0,12.0,0.0,7.0,1.0,B02
201500018627,0,31,0,1.0,2.0,1.0,1.0,A01
201500018627,0,7,0,0.0,2.0,7.0,19.0,B02
201500018627,0,7,0,0.0,2.0,1.0,23.0,C03
201500018628,0,7,0,0.0,2.0,2.0,1.0,A01
201500018628,0,7,0,0.0,2.0,1.0,9.0,B02
201500018629,0,7,0,0.0,0.0,8.0,1.0,A01
201500018630,0,32,0,0.0,1.0,2.0,1.0,A01
201500018631,0,7,0,0.0,2.0,8.0,13.0,A01
201500018631,0,7,0,0.0,2.0,8.0,1.0,B02
201500018632,0,7,0,0.0,2.0,2.0,19.0,A01
201500018632,0,7,0,0.0,2.0,6.0,1.0,B02
201500018633,0,7,0,0.0,0.0,3.0,1.0,B02
201500018633,0,7,0,0.0,2.0,2.0,17.0,A01
201500018634,0,2,0,0.0,2.0,1.0,15.0,A01
201500018634,0,7,0,0.0,2.0,2.0,1.0,B02
201500018635,0,7,0,0.0,0.0,2.0,21.0,A01
201500018636,0,7,0,0.0,1.0,5.0,4.0,A01
201500018637,0,7,0,0.0,2.0,3.0,1.0,A01
201500018637,0,10,0,0.0,2.0,3.0,1.0,B02