Num_Acc,senc,catv,occutc,obs,obsm,choc,manv,num_veh
201500018923,0,33,0,0.0,2.0,1.0,1.0,B02
201500018923,0,7,0,0.0,2.0,3.0,15.0,A01
201500018924,0,33,0,0.0,0.0,2.0,0.0,A01
201500018925,0,33,0,0.0,2.0,1.0,1.0,A01
201500018925,0,7,0,0.0,2.0,3.0,23.0,B02
201500018926,0,7,0,0.0,1.0,2.0,1.0,A01
201500018927,0,31,0,0.0,2.0,1.0,1.0,A01
201500018927,0,7,0,0.0,2.0,2.0,15.0,B02
201500018928,0,7,0,0.0,2.0,4.0,12.0,A01
201500018929,0,7,0,3.0,2.0,1.0,2.0,A01
201500018929,0,7,0,0.0,0.0,4.0,0.0,B02
201500018930,0,7,0,13.0,0.0,2.0,1.0,A01
201500018931,0,10,0,0.0,1.0,7.0,1.0,A01
201500018932,0,7,0,0.0,2.0,3.0,13.0,A01
201500018932,0,15,0,0.0,2.0,3.0,1.0,B02
201500018933,0,7,0,0.0,1.0,8.0,15.0,A01
201500018934,0,7,0,0.0,1.0,7.0,1.0,A01
201500018935,0,7,0,0.0,0.0,7.0,15.0,A01
201500018936,0,7,0,0.0,2.0,1.0,1.0,B02
201500018936,0,7,0,0.0,0.0,5.0,13.0,A01
201500018937,0,7,0,1.0,0.0,1.0,1.0,A01
201500018938,0,7,0,13.0,0.0,7.0,1.0,A01
201500018939,0,7,0,2.0,0.0,8.0,1.0,A01
201500018940,0,33,0,0.0,2.0,2.0,17.0,A01
201500018940,0,15,0,0.0,2.0,3.0,17.0,B02
201500018941,0,38,0,0.0,2.0,2.0,17.0,A01
201500018941,0,21,0,0.0,2.0,4.0,15.0,B02
201500018942,0,33,0,3.0,0.0,2.0,14.0,A01
201500018943,0,7,0,0.0,2.0,1.0,1.0,B02
201500018943,0,7,0,0.0,2.0,1.0,13.0,A01
201500018944,0,7,0,0.0,2.0,6.0,2.0,B02
201500018944,0,1,0,1.0,0.0,1.0,1.0,A01
201500018945,0,7,0,0.0,2.0,1.0,15.0,A01
201500018945,0,7,0,0.0,2.0,8.0,1.0,B02
201500018946,0,7,0,15.0,0.0,1.0,1.0,A01
201500018947,0,10,0,0.0,1.0,1.0,1.0,A01
201500018948,1,99,0,0.0,1.0,0.0,0.0,Z01
201500018949,0,10,0,2.0,0.0,1.0,1.0,A01
201500018950,0,7,0,0.0,2.0,6.0,15.0,A01
201500018950,0,33,0,0.0,2.0,1.0,1.0,B02
201500018951,0,7,0,0.0,2.0,3.0,1.0,B02
201500018951,0,7,0,0.0,2.0,8.0,19.0,A01
201500018952,0,33,0,13.0,0.0,1.0,1.0,A01
201500018953,0,7,0,0.0,2.0,3.0,1.0,B02
201500018953,0,7,0,0.0,2.0,1.0,13.0,A01
201500018954,0,7,0,0.0,2.0,1.0,19.0,B02
201500018954,0,7,0,0.0,2.0,5.0,1.0,A01
201500018955,0,1,0,0.0,0.0,4.0,13.0,B02
201500018955,0,37,1,0.0,9.0,1.0,2.0,A01
201500018956,0,33,0,0.0,2.0,1.0,17.0,B02
201500018956,0,7,0,0.0,2.0,2.0,15.0,A01
201500018957,0,7,0,0.0,0.0,9.0,1.0,A01
201500018958,0,7,0,0.0,2.0,1.0,1.0,A01
201500018958,0,10,0,0.0,2.0,3.0,1.0,B02
201500018959,0,7,0,2.0,0.0,7.0,1.0,A01
201500018960,0,7,0,0.0,1.0,2.0,21.0,A01
201500018961,0,7,0,0.0,2.0,4.0,2.0,B02
201500018961,0,15,0,0.0,2.0,1.0,1.0,A01
201500018962,0,7,0,0.0,0.0,9.0,1.0,A01
201500018963,0,7,0,0.0,1.0,1.0,12.0,A01
201500018964,0,7,0,0.0,2.0,1.0,1.0,B02
201500018964,0,21,0,0.0,2.0,5.0,19.0,A01
201500018965,0,7,0,0.0,2.0,7.0,19.0,B02
201500018965,0,7,0,0.0,2.0,1.0,1.0,A01
201500018966,0,37,1,0.0,1.0,7.0,1.0,A01
201500018967,0,7,0,13.0,0.0,3.0,13.0,A01
201500018968,0,7,0,13.0,0.0,1.0,1.0,A01
201500018969,0,7,0,0.0,2.0,1.0,1.0,E05
201500018969,0,7,0,0.0,2.0,1.0,13.0,A01
201500018969,0,7,0,0.0,2.0,8.0,1.0,B02
201500018969,0,7,0,0.0,2.0,1.0,1.0,D04
201500018969,0,7,0,0.0,2.0,1.0,1.0,C03
201500018970,0,10,0,0.0,1.0,2.0,1.0,A01
201500018971,0,7,0,1.0,1.0,3.0,16.0,A01
201500018971,0,7,0,0.0,2.0,8.0,24.0,B02
201500018972,0,3,0,13.0,0.0,1.0,14.0,A01
201500018973,0,7,0,0.0,4.0,2.0,1.0,A01
201500018973,0,39,0,0.0,2.0,3.0,1.0,B02
201500018974,0,7,0,0.0,1.0,2.0,1.0,A01
201500018975,0,7,0,2.0,0.0,1.0,1.0,A01
201500018976,0,7,0,0.0,2.0,1.0,1.0,B02
201500018976,0,7,0,0.0,2.0,4.0,13.0,A01
201500018977,0,7,0,0.0,0.0,3.0,1.0,B02
201500018977,0,7,0,0.0,0.0,5.0,1.0,A01
201500018978,0,7,0,0.0,1.0,2.0,1.0,A01
201500018979,0,7,0,0.0,1.0,1.0,1.0,A01
201500018980,0,7,0,2.0,2.0,1.0,1.0,A01
201500018981,0,7,0,0.0,2.0,1.0,1.0,B02
201500018981,0,7,0,0.0,2.0,1.0,13.0,A01
201500018982,0,7,0,0.0,2.0,3.0,9.0,A01
201500018982,0,1,0,0.0,2.0,1.0,1.0,B02
201500018983,0,7,0,0.0,2.0,8.0,9.0,A01
201500018983,0,1,0,0.0,2.0,7.0,1.0,B02
201500018984,0,33,0,0.0,5.0,1.0,1.0,A01
201500018985,0,33,0,8.0,0.0,8.0,13.0,A01
201500018986,0,7,0,2.0,0.0,9.0,14.0,A01
201500018987,0,33,0,6.0,0.0,1.0,10.0,A01
201500018988,0,30,0,12.0,0.0,0.0,2.0,A01
201500018989,0,2,0,0.0,2.0,1.0,1.0,A01
201500018989,0,7,0,0.0,2.0,4.0,1.0,B02
201500018990,0,7,0,0.0,2.0,3.0,1.0,B02
201500018990,0,7,0,0.0,2.0,3.0,1.0,A01
201500018991,0,33,0,2.0,0.0,1.0,14.0,A01
201500018992,0,7,0,0.0,2.0,1.0,1.0,B02
201500018992,0,7,0,0.0,2.0,1.0,13.0,A01
201500018993,0,7,0,0.0,9.0,1.0,1.0,A01
201500018993,0,1,0,0.0,2.0,4.0,1.0,B02
201500018994,0,7,0,8.0,0.0,7.0,0.0,A01
201500018995,0,7,0,0.0,0.0,0.0,1.0,A01
201500018996,0,7,0,6.0,0.0,1.0,15.0,A01
201500018997,0,7,0,0.0,2.0,3.0,15.0,A01
201500018997,0,7,0,0.0,2.0,1.0,1.0,B02
201500018998,2,7,0,0.0,2.0,3.0,0.0,A01
201500018998,0,7,0,0.0,2.0,1.0,0.0,B02
201500018999,0,7,0,0.0,2.0,3.0,13.0,B02
201500018999,0,7,0,0.0,2.0,3.0,23.0,A01
201500019000,0,7,0,0.0,2.0,6.0,1.0,B02
201500019000,0,7,0,0.0,2.0,3.0,1.0,A01
201500019001,0,7,0,0.0,2.0,1.0,1.0,C03
201500019001,0,7,0,0.0,2.0,1.0,13.0,A01
201500019001,0,7,0,0.0,2.0,1.0,1.0,B02
201500019002,0,7,0,13.0,0.0,2.0,1.0,A01
201500019003,0,7,0,16.0,0.0,9.0,1.0,A01
201500019004,0,7,0,15.0,0.0,1.0,1.0,A01
201500019005,0,1,0,0.0,2.0,8.0,9.0,B02
201500019005,0,7,0,0.0,2.0,2.0,1.0,A01
201500019006,0,7,0,0.0,2.0,3.0,1.0,B02
201500019006,0,7,0,0.0,2.0,1.0,1.0,C03
201500019006,0,7,0,0.0,2.0,1.0,13.0,A01
201500019007,0,7,0,0.0,2.0,6.0,1.0,B02
201500019007,0,7,0,0.0,2.0,8.0,1.0,C03
201500019007,0,33,0,0.0,2.0,3.0,13.0,A01
201500019008,0,7,0,13.0,0.0,1.0,21.0,A01
201500019009,0,7,0,8.0,0.0,1.0,1.0,A01
201500019010,0,7,0,0.0,0.0,0.0,1.0,A01
201500019011,0,31,0,0.0,0.0,1.0,0.0,A01
201500019012,0,30,0,0.0,0.0,8.0,10.0,A01
201500019012,0,7,0,0.0,0.0,2.0,21.0,B02
201500019013,0,7,0,0.0,2.0,2.0,17.0,A01
201500019013,0,30,0,0.0,2.0,8.0,2.0,B02
201500019014,0,7,0,0.0,0.0,0.0,19.0,A01
201500019014,0,1,0,0.0,2.0,1.0,1.0,B02
201500019015,0,7,0,13.0,0.0,1.0,14.0,A01
201500019016,1,7,0,0.0,1.0,2.0,1.0,A01
201500019017,0,7,0,0.0,2.0,3.0,5.0,B02
201500019017,0,21,0,0.0,2.0,0.0,5.0,A01
201500019018,0,7,0,0.0,0.0,0.0,1.0,A01
201500019019,0,33,0,0.0,6.0,3.0,1.0,A01
201500019020,0,7,0,0.0,2.0,7.0,1.0,A01
201500019020,0,10,0,1.0,2.0,2.0,2.0,C03
201500019020,0,7,0,0.0,2.0,8.0,1.0,B02
201500019020,0,7,0,1.0,2.0,2.0,2.0,D04
201500019021,0,10,0,1.0,0.0,2.0,2.0,C03
201500019021,0,7,0,0.0,2.0,8.0,1.0,B02
201500019021,0,7,0,1.0,0.0,2.0,2.0,D04
201500019021,0,7,0,0.0,2.0,7.0,1.0,A01
201500019022,0,7,0,0.0,1.0,2.0,4.0,A01
201500019023,0,7,0,0.0,1.0,1.0,1.0,A01
201500019024,0,7,0,1.0,1.0,1.0,13.0,A01
201500019025,0,31,0,0.0,2.0,1.0,1.0,B02
201500019025,0,7,0,0.0,2.0,4.0,1.0,A01
201500019026,0,33,0,1.0,2.0,7.0,2.0,B02
201500019026,0,7,0,1.0,2.0,3.0,20.0,A01
201500019027,0,33,0,0.0,0.0,1.0,1.0,A01
201500019028,0,7,0,0.0,2.0,3.0,13.0,A01
201500019028,0,15,0,0.0,2.0,3.0,1.0,B02
201500019029,0,7,0,0.0,1.0,2.0,14.0,A01
201500019030,0,7,0,0.0,2.0,1.0,5.0,A01
201500019030,1,7,0,0.0,2.0,3.0,13.0,B02
201500019031,0,7,0,0.0,1.0,2.0,1.0,A01
201500019032,0,7,0,0.0,1.0,3.0,1.0,A01
201500019033,0,37,1,0.0,2.0,3.0,1.0,B02
201500019033,0,7,0,0.0,2.0,4.0,12.0,A01
201500019034,0,7,0,0.0,2.0,7.0,1.0,A01
201500019034,0,10,0,0.0,2.0,1.0,1.0,B02
201500019035,0,7,0,0.0,2.0,3.0,1.0,A01
201500019035,0,1,0,0.0,2.0,5.0,2.0,B02
201500019036,0,31,0,0.0,2.0,7.0,1.0,B02
201500019036,0,10,0,0.0,2.0,1.0,9.0,A01
201500019037,0,7,0,0.0,1.0,7.0,1.0,A01
201500019038,0,34,0,0.0,0.0,0.0,1.0,A01
201500019039,0,7,0,0.0,2.0,6.0,1.0,B02
201500019039,0,7,0,4.0,2.0,1.0,15.0,A01
201500019040,0,30,0,0.0,2.0,1.0,1.0,A01
201500019040,0,7,0,0.0,2.0,3.0,15.0,B02
201500019041,0,7,0,0.0,1.0,1.0,1.0,A01
201500019042,0,7,0,0.0,2.0,8.0,10.0,A01
201500019042,0,33,0,0.0,2.0,1.0,1.0,B02
201500019043,0,7,0,0.0,1.0,1.0,1.0,A01
201500019044,0,2,0,0.0,2.0,1.0,17.0,B02
201500019044,0,37,2,0.0,0.0,8.0,15.0,A01
201500019045,0,33,0,1.0,0.0,1.0,1.0,B02
201500019045,0,7,0,0.0,2.0,4.0,23.0,A01
201500019046,0,33,0,0.0,2.0,1.0,1.0,B02
201500019046,0,7,0,0.0,2.0,8.0,10.0,A01
201500019047,0,7,0,0.0,1.0,1.0,1.0,A01
201500019048,0,10,0,0.0,1.0,1.0,1.0,A01
201500019049,0,7,0,8.0,0.0,3.0,13.0,A01
201500019050,0,10,0,0.0,2.0,2.0,15.0,A01
201500019050,0,33,0,0.0,2.0,1.0,1.0,B02
201500019051,0,10,0,2.0,0.0,1.0,0.0,A01
201500019052,0,7,0,0.0,2.0,3.0,1.0,A01
201500019052,0,7,0,0.0,2.0,3.0,1.0,B02
201500019053,0,7,0,0.0,2.0,2.0,2.0,A01
201500019053,0,1,0,0.0,2.0,6.0,2.0,B02
201500019054,0,7,0,0.0,2.0,3.0,13.0,B02
201500019054,0,33,0,0.0,2.0,8.0,1.0,A01
201500019055,0,1,0,0.0,2.0,1.0,1.0,B02
201500019055,0,7,0,0.0,2.0,3.0,19.0,A01
201500019056,0,7,0,2.0,0.0,1.0,1.0,A01
201500019057,0,7,0,2.0,0.0,8.0,1.0,A01
201500019058,0,7,0,0.0,2.0,3.0,1.0,B02
201500019058,0,7,0,0.0,2.0,4.0,11.0,A01
201500019058,0,7,0,0.0,2.0,1.0,1.0,C03
201500019059,0,7,0,0.0,2.0,3.0,2.0,B02
201500019059,0,7,0,0.0,2.0,3.0,6.0,A01
201500019060,0,21,0,0.0,1.0,5.0,14.0,A01
201500019061,0,33,0,0.0,0.0,7.0,1.0,A01
201500019062,0,7,0,0.0,0.0,0.0,0.0,A01
201500019063,0,10,0,0.0,0.0,9.0,1.0,A01
201500019064,0,7,0,2.0,0.0,1.0,0.0,A01
201500019065,0,10,0,6.0,1.0,6.0,1.0,A01
201500019066,0,7,0,0.0,2.0,8.0,13.0,A01
201500019066,0,14,0,0.0,2.0,1.0,1.0,B02
201500019066,0,7,0,0.0,2.0,6.0,1.0,C03
201500019067,0,7,0,6.0,0.0,3.0,13.0,A01
201500019068,0,7,0,4.0,0.0,2.0,1.0,A01
201500019069,0,7,0,0.0,2.0,2.0,1.0,A01
201500019069,0,1,0,0.0,0.0,5.0,19.0,B02
201500019070,0,37,0,0.0,2.0,1.0,1.0,B02
201500019070,0,33,0,0.0,2.0,1.0,1.0,A01
201500019071,0,7,0,2.0,0.0,1.0,1.0,A01
201500019072,0,7,0,2.0,0.0,4.0,13.0,A01
201500019073,0,33,0,0.0,2.0,1.0,21.0,A01
201500019073,0,10,0,0.0,2.0,6.0,15.0,B02
201500019074,0,2,0,0.0,2.0,1.0,5.0,A01
201500019074,0,37,0,0.0,2.0,1.0,1.0,B02
201500019075,0,7,0,0.0,2.0,2.0,15.0,A01
201500019075,0,33,0,0.0,2.0,1.0,1.0,B02
201500019076,0,34,0,0.0,2.0,1.0,3.0,A01
201500019076,0,7,0,0.0,0.0,3.0,15.0,B02
201500019077,0,7,0,0.0,2.0,8.0,1.0,B02
201500019077,0,7,0,0.0,2.0,1.0,1.0,A01
201500019078,0,30,0,3.0,0.0,8.0,1.0,A01
201500019079,0,7,0,0.0,2.0,1.0,1.0,A01
201500019079,0,7,0,0.0,2.0,3.0,19.0,B02
201500019080,0,7,0,6.0,0.0,1.0,1.0,A01
201500019081,0,2,0,11.0,0.0,1.0,1.0,A01
201500019082,0,33,0,9.0,0.0,1.0,14.0,A01
201500019083,1,7,0,0.0,1.0,2.0,1.0,A01
201500019084,0,7,0,0.0,2.0,1.0,2.0,A01
201500019084,0,32,0,0.0,2.0,4.0,23.0,B02
201500019085,0,7,0,13.0,0.0,8.0,14.0,A01
201500019086,0,7,0,0.0,2.0,3.0,13.0,A01
201500019086,0,7,0,0.0,2.0,1.0,21.0,B02
201500019086,0,7,0,3.0,0.0,7.0,21.0,C03
201500019087,0,7,0,0.0,2.0,3.0,11.0,A01
201500019087,0,7,0,0.0,2.0,3.0,1.0,B02
201500019088,0,17,0,0.0,2.0,3.0,14.0,A01
201500019088,0,7,0,0.0,2.0,3.0,13.0,B02
201500019089,0,7,0,0.0,0.0,1.0,1.0,A01
201500019089,0,7,0,1.0,0.0,1.0,1.0,B02
201500019090,0,21,0,0.0,0.0,0.0,1.0,A01
201500019090,0,2,0,14.0,0.0,1.0,1.0,B02
201500019090,0,2,0,14.0,0.0,1.0,1.0,C03
201500019091,0,7,0,0.0,1.0,2.0,1.0,A01
201500019092,0,7,0,0.0,2.0,3.0,1.0,A01
201500019092,0,10,0,0.0,2.0,1.0,1.0,C03
201500019092,0,7,0,0.0,2.0,6.0,1.0,B02
201500019093,0,7,0,0.0,1.0,1.0,1.0,A01
201500019094,0,16,0,0.0,0.0,0.0,13.0,A01
201500019095,0,7,0,0.0,2.0,3.0,13.0,A01
201500019095,0,7,0,0.0,2.0,3.0,1.0,B02
201500019096,0,7,0,3.0,2.0,2.0,9.0,A01
201500019096,0,33,0,0.0,2.0,1.0,13.0,B02
201500019097,0,33,0,8.0,0.0,2.0,1.0,A01
201500019098,0,7,0,2.0,0.0,1.0,1.0,A01
201500019099,0,10,0,0.0,2.0,1.0,1.0,B02
201500019099,0,7,0,0.0,2.0,1.0,19.0,A01
201500019100,0,7,0,0.0,1.0,2.0,1.0,A01
201500019101,0,7,0,0.0,2.0,1.0,1.0,B02
201500019101,0,7,0,0.0,2.0,3.0,13.0,A01
201500019102,0,7,0,0.0,0.0,0.0,1.0,A01
201500019103,0,7,0,0.0,2.0,1.0,1.0,B02
201500019103,0,7,0,0.0,2.0,7.0,15.0,A01
201500019103,0,10,0,0.0,2.0,1.0,1.0,C03
201500019104,0,7,0,2.0,0.0,2.0,1.0,A01
201500019105,0,7,0,0.0,2.0,1.0,1.0,C03
201500019105,0,7,0,0.0,2.0,3.0,1.0,B02
201500019105,0,7,0,0.0,2.0,1.0,13.0,A01
201500019106,0,31,0,1.0,0.0,3.0,1.0,A01
201500019107,0,7,0,0.0,2.0,3.0,13.0,A01
201500019107,0,7,0,0.0,2.0,1.0,1.0,B02
201500019108,0,31,0,2.0,0.0,1.0,1.0,A01
201500019109,0,32,0,0.0,2.0,1.0,1.0,A01
201500019109,0,7,0,0.0,0.0,4.0,1.0,B02
201500019110,0,7,0,2.0,0.0,9.0,1.0,A01
201500019111,0,7,0,13.0,0.0,2.0,14.0,A01
201500019112,0,33,0,0.0,2.0,1.0,3.0,A01
201500019112,0,7,0,0.0,2.0,3.0,15.0,B02
201500019113,0,7,0,0.0,1.0,4.0,4.0,A01
201500019114,0,7,0,0.0,2.0,1.0,24.0,D04
201500019114,0,7,0,0.0,2.0,1.0,9.0,B02
201500019114,0,7,0,0.0,2.0,1.0,24.0,C03
201500019114,2,7,0,1.0,2.0,1.0,0.0,A01
201500019115,0,7,0,0.0,2.0,2.0,15.0,A01
201500019115,0,31,0,0.0,2.0,1.0,1.0,B02
201500019116,0,7,0,0.0,2.0,3.0,15.0,B02
201500019116,0,30,0,0.0,2.0,1.0,17.0,A01
201500019117,0,7,0,0.0,2.0,2.0,15.0,A01
201500019117,0,33,0,0.0,2.0,1.0,1.0,B02
201500019118,0,7,0,0.0,2.0,1.0,16.0,B02
201500019118,0,2,0,0.0,2.0,1.0,15.0,A01
201500019119,0,7,0,12.0,0.0,9.0,1.0,A01
201500019120,0,7,0,0.0,2.0,3.0,1.0,B02
201500019120,0,14,0,0.0,2.0,8.0,15.0,A01
201500019121,0,33,0,0.0,2.0,1.0,1.0,A01
201500019121,0,7,0,0.0,2.0,7.0,15.0,B02
201500019122,0,7,0,0.0,0.0,8.0,15.0,B02
201500019122,0,34,0,0.0,0.0,2.0,1.0,A01
201500019123,0,33,0,0.0,0.0,8.0,0.0,B02
201500019123,0,14,0,0.0,0.0,8.0,13.0,A01
201500019124,0,33,0,0.0,2.0,1.0,17.0,A01
201500019124,0,7,0,0.0,2.0,1.0,1.0,B02
201500019125,0,7,0,6.0,0.0,1.0,1.0,A01
201500019126,0,7,0,2.0,0.0,5.0,0.0,A01
201500019127,0,33,0,0.0,0.0,3.0,1.0,B02
201500019127,0,7,0,0.0,0.0,3.0,19.0,A01
201500019128,0,2,0,0.0,2.0,3.0,15.0,B02
201500019128,0,7,0,0.0,2.0,7.0,17.0,A01
201500019129,0,7,0,6.0,0.0,9.0,1.0,A01
201500019130,0,7,0,2.0,0.0,1.0,14.0,A01
201500019131,0,33,0,14.0,0.0,1.0,0.0,A01
201500019132,0,33,0,0.0,0.0,8.0,2.0,A01
201500019133,0,34,0,0.0,2.0,1.0,1.0,B02
201500019133,0,7,0,0.0,2.0,2.0,15.0,A01
201500019134,0,7,0,0.0,2.0,1.0,1.0,B02
201500019134,0,7,0,0.0,2.0,6.0,0.0,A01
201500019135,0,7,0,0.0,1.0,2.0,15.0,A01
201500019136,0,33,0,0.0,9.0,1.0,1.0,A01
201500019136,0,1,0,0.0,2.0,7.0,19.0,B02
201500019137,0,10,0,13.0,0.0,5.0,1.0,A01
201500019138,0,7,0,3.0,0.0,8.0,1.0,A01
201500019139,0,32,0,16.0,0.0,6.0,14.0,A01
201500019140,0,1,0,12.0,0.0,7.0,1.0,A01
201500019141,0,7,0,2.0,0.0,1.0,1.0,A01
201500019142,0,7,0,0.0,0.0,0.0,1.0,A01
201500019143,0,7,0,0.0,2.0,2.0,13.0,A01
201500019143,0,7,0,0.0,2.0,1.0,1.0,B02
201500019144,0,7,0,0.0,1.0,2.0,2.0,A01
201500019145,0,31,0,12.0,0.0,1.0,1.0,A01
201500019146,0,30,0,0.0,2.0,1.0,1.0,B02
201500019146,0,7,0,0.0,2.0,2.0,15.0,A01
201500019147,0,7,0,0.0,2.0,4.0,1.0,B01
201500019147,0,7,0,0.0,2.0,1.0,1.0,A01
201500019148,0,7,0,0.0,2.0,4.0,23.0,B01
201500019148,0,7,0,0.0,2.0,1.0,2.0,A01
201500019149,0,7,0,0.0,2.0,6.0,1.0,A01
201500019149,0,1,0,0.0,2.0,1.0,1.0,B01
201500019150,0,7,0,0.0,1.0,2.0,1.0,A01
201500019151,0,7,0,0.0,1.0,1.0,1.0,A01
201500019152,0,7,0,0.0,2.0,1.0,23.0,B01
201500019152,0,7,0,0.0,2.0,1.0,15.0,A01
201500019152,0,7,0,0.0,2.0,1.0,1.0,C01
201500019153,0,2,0,12.0,0.0,0.0,14.0,A01
201500019154,0,7,0,0.0,1.0,1.0,15.0,A01
201500019155,0,7,0,0.0,2.0,8.0,15.0,A01
201500019155,0,2,0,0.0,2.0,7.0,1.0,B01
201500019156,0,7,0,0.0,1.0,1.0,1.0,A01
201500019157,0,7,0,0.0,1.0,2.0,1.0,A01
201500019158,0,1,0,0.0,2.0,1.0,1.0,B01
201500019158,0,7,0,0.0,2.0,1.0,15.0,A01
201500019159,0,7,0,0.0,2.0,4.0,23.0,C01
201500019159,0,7,0,0.0,2.0,1.0,1.0,A01
201500019159,0,7,0,0.0,2.0,4.0,23.0,B01
201500019160,0,7,0,1.0,0.0,0.0,14.0,A01
201500019161,0,33,0,0.0,6.0,1.0,1.0,A01
201500019162,0,33,0,0.0,2.0,2.0,12.0,A01
201500019162,0,7,0,0.0,2.0,8.0,16.0,B01
201500019163,0,30,0,0.0,1.0,7.0,15.0,A01
201500019164,0,7,0,16.0,0.0,9.0,14.0,A01
201500019165,0,7,0,6.0,0.0,1.0,1.0,A01
201500019166,0,7,0,0.0,2.0,3.0,15.0,B01
201500019166,0,7,0,0.0,2.0,2.0,1.0,A01
201500019167,0,7,0,0.0,2.0,1.0,1.0,A01
201500019167,0,1,0,0.0,2.0,4.0,23.0,B01
201500019168,0,7,0,0.0,2.0,1.0,2.0,A01
201500019168,0,7,0,0.0,2.0,4.0,2.0,B01
201500019168,0,7,0,0.0,2.0,4.0,2.0,C01
201500019169,0,7,0,0.0,1.0,1.0,1.0,A01
201500019170,0,10,0,0.0,2.0,1.0,15.0,A01
201500019170,0,33,0,0.0,2.0,1.0,1.0,B01
201500019171,0,7,0,0.0,2.0,1.0,15.0,A01
201500019171,0,30,0,0.0,2.0,2.0,17.0,B01
201500019172,0,7,0,0.0,2.0,3.0,1.0,B01
201500019172,0,7,0,0.0,2.0,3.0,15.0,A01
201500019173,1,7,0,0.0,2.0,7.0,1.0,A01
201500019173,0,30,0,0.0,2.0,1.0,2.0,B01
201500019174,0,10,0,0.0,1.0,1.0,1.0,A01
201500019175,0,7,0,0.0,2.0,2.0,14.0,A01
201500019175,0,7,0,0.0,2.0,8.0,24.0,B01
201500019176,0,7,0,0.0,2.0,5.0,4.0,A01
201500019176,0,10,0,0.0,2.0,6.0,24.0,B01
201500019177,0,2,0,0.0,1.0,1.0,1.0,A01
201500019178,1,7,0,0.0,1.0,2.0,1.0,A01
201500019179,0,31,0,0.0,2.0,1.0,1.0,B01
201500019179,0,7,0,0.0,2.0,1.0,9.0,A01
201500019180,0,7,0,0.0,2.0,1.0,1.0,A01
201500019180,0,7,0,0.0,2.0,4.0,15.0,B01
201500019181,0,33,0,13.0,0.0,7.0,1.0,A01
201500019182,0,7,0,0.0,2.0,2.0,16.0,A01
201500019182,0,7,0,0.0,2.0,1.0,13.0,B01
201500019183,0,7,0,0.0,2.0,8.0,1.0,A01
201500019183,0,37,40,0.0,2.0,1.0,1.0,B01
201500019184,0,7,0,0.0,2.0,1.0,1.0,B01
201500019184,0,7,0,0.0,2.0,3.0,15.0,A01
201500019185,0,7,0,1.0,0.0,1.0,14.0,A01
201500019185,0,7,0,0.0,2.0,8.0,24.0,B01
201500019186,0,7,0,0.0,2.0,2.0,15.0,A01
201500019186,0,33,0,0.0,2.0,1.0,1.0,B01
201500019187,0,7,0,0.0,2.0,1.0,2.0,A01
201500019187,0,1,0,0.0,2.0,1.0,1.0,B01
201500019188,0,7,0,0.0,1.0,2.0,1.0,A01
201500019189,0,7,0,0.0,1.0,1.0,1.0,A01
201500019190,0,7,0,0.0,2.0,3.0,1.0,A01
201500019190,0,33,0,0.0,2.0,4.0,23.0,B01
201500019191,0,7,0,0.0,2.0,1.0,1.0,A01
201500019191,0,7,0,0.0,2.0,4.0,23.0,B01
201500019192,0,37,1,0.0,1.0,7.0,11.0,A01
201500019193,0,33,0,0.0,2.0,1.0,1.0,A01
201500019193,0,7,0,0.0,2.0,4.0,23.0,B01
201500019194,1,7,0,,,,,B02
201500019194,0,1,0,0.0,2.0,3.0,16.0,A01
201500019195,0,7,0,0.0,2.0,1.0,15.0,B01
201500019195,0,2,0,0.0,2.0,1.0,1.0,A01
201500019196,0,37,1,0.0,2.0,4.0,23.0,B01
201500019196,0,7,0,0.0,2.0,1.0,1.0,A01
201500019197,0,1,0,0.0,9.0,1.0,1.0,A01
201500019197,0,1,0,0.0,1.0,4.0,1.0,A02
201500019198,0,10,0,0.0,2.0,1.0,13.0,A01
201500019198,0,1,0,0.0,2.0,8.0,1.0,B01
201500019199,0,7,0,0.0,2.0,1.0,1.0,B01
201500019199,0,10,0,0.0,2.0,2.0,15.0,A01
201500019200,0,10,0,0.0,2.0,8.0,15.0,A01
201500019200,0,33,0,0.0,2.0,1.0,17.0,B01
201500019201,0,17,0,0.0,2.0,6.0,23.0,A01
201500019201,0,15,0,0.0,2.0,1.0,1.0,B01
201500019201,0,7,0,3.0,2.0,7.0,1.0,C01
201500019202,0,10,0,0.0,2.0,4.0,15.0,B01
201500019202,0,7,0,0.0,2.0,1.0,1.0,A01
201500019203,0,30,0,16.0,0.0,9.0,1.0,A01
201500019204,0,7,0,0.0,2.0,1.0,15.0,A01
201500019204,0,7,0,0.0,2.0,4.0,1.0,B01
201500019205,0,1,0,0.0,2.0,8.0,15.0,B01
201500019205,0,7,0,0.0,2.0,2.0,17.0,A01
201500019206,0,2,0,0.0,2.0,1.0,1.0,B01
201500019206,0,7,0,0.0,2.0,8.0,15.0,A02
201500019207,0,1,0,0.0,2.0,4.0,1.0,A01
201500019207,1,99,0,0.0,2.0,1.0,1.0,B01
201500019208,0,33,0,0.0,2.0,1.0,1.0,A01
201500019208,0,7,0,0.0,2.0,2.0,15.0,B01
201500019209,0,7,0,0.0,2.0,1.0,13.0,A01
201500019209,0,10,0,0.0,2.0,1.0,1.0,B01
201500019209,0,7,0,0.0,2.0,1.0,24.0,C01