Num_Acc,senc,catv,occutc,obs,obsm,choc,manv,num_veh
201500019209,0,7,0,0.0,2.0,4.0,24.0,D01
201500019209,0,7,0,0.0,2.0,3.0,13.0,E01
201500019210,0,7,0,0.0,2.0,7.0,1.0,B01
201500019210,0,7,0,0.0,2.0,1.0,16.0,A01
201500019211,0,7,0,0.0,2.0,3.0,16.0,A01
201500019211,0,33,0,0.0,2.0,3.0,1.0,B01
201500019212,0,31,0,0.0,2.0,1.0,21.0,A01
201500019212,0,7,0,0.0,2.0,8.0,10.0,B01
201500019213,0,7,0,6.0,0.0,1.0,14.0,A01
201500019214,0,33,0,0.0,2.0,1.0,1.0,B01
201500019214,0,7,0,0.0,2.0,2.0,15.0,A01
201500019215,0,7,0,0.0,1.0,4.0,20.0,A01
201500019216,0,1,0,0.0,1.0,1.0,1.0,A01
201500019217,0,7,0,0.0,2.0,1.0,13.0,A01
201500019217,0,7,0,0.0,2.0,1.0,1.0,B01
201500019218,0,7,0,0.0,1.0,2.0,1.0,A01
201500019219,0,7,0,0.0,2.0,2.0,1.0,A01
201500019219,0,1,0,0.0,2.0,4.0,1.0,B01
201500019220,0,10,0,2.0,0.0,2.0,1.0,A01
201500019221,0,33,0,13.0,0.0,1.0,1.0,A01
201500019222,0,7,0,0.0,2.0,2.0,6.0,A01
201500019222,0,7,0,0.0,2.0,1.0,1.0,B02
201500019223,0,2,0,11.0,0.0,1.0,1.0,A01
201500019224,0,3,0,0.0,0.0,0.0,2.0,A01
201500019225,0,7,0,0.0,2.0,1.0,19.0,A01
201500019225,0,1,0,0.0,2.0,3.0,1.0,B02
201500019226,0,7,0,5.0,0.0,1.0,1.0,A01
201500019227,0,31,0,0.0,2.0,1.0,1.0,B02
201500019227,0,7,0,0.0,2.0,5.0,15.0,A01
201500019228,0,7,0,0.0,0.0,1.0,1.0,B02
201500019228,2,7,0,0.0,0.0,7.0,1.0,A01
201500019229,0,7,0,6.0,1.0,8.0,0.0,A01
201500019230,0,7,0,0.0,2.0,2.0,13.0,A01
201500019230,0,7,0,0.0,2.0,1.0,21.0,B02
201500019231,0,10,0,0.0,2.0,4.0,2.0,C01
201500019231,0,10,0,0.0,2.0,1.0,2.0,A01
201500019231,0,7,0,0.0,2.0,4.0,2.0,B01
201500019232,0,2,0,0.0,2.0,1.0,2.0,A01
201500019232,0,7,0,0.0,2.0,6.0,16.0,B01
201500019233,0,7,0,0.0,1.0,3.0,1.0,A01
201500019234,0,7,0,0.0,2.0,1.0,1.0,A01
201500019234,0,1,0,0.0,2.0,8.0,19.0,B01
201500019235,0,30,0,12.0,0.0,8.0,1.0,A01
201500019236,0,7,0,12.0,0.0,7.0,1.0,A01
201500019237,0,7,0,13.0,0.0,0.0,1.0,A01
201500019238,0,2,0,0.0,2.0,1.0,1.0,A01
201500019238,0,7,0,0.0,2.0,3.0,15.0,B01
201500019239,0,1,0,0.0,2.0,8.0,1.0,B01
201500019239,0,15,0,0.0,9.0,7.0,16.0,A01
201500019240,0,7,0,0.0,2.0,7.0,1.0,A01
201500019240,0,7,0,0.0,2.0,1.0,1.0,B01
201500019241,0,7,0,0.0,2.0,1.0,9.0,B01
201500019241,0,7,0,0.0,2.0,8.0,1.0,A01
201500019242,0,7,0,0.0,1.0,1.0,15.0,A01
201500019243,0,7,0,0.0,2.0,4.0,1.0,B01
201500019243,0,2,0,0.0,2.0,1.0,2.0,A01
201500019244,0,7,0,0.0,2.0,1.0,1.0,B01
201500019244,0,7,0,0.0,2.0,1.0,5.0,A01
201500019245,0,7,0,0.0,0.0,4.0,2.0,A01
201500019245,0,30,0,0.0,2.0,1.0,2.0,B01
201500019246,0,7,0,0.0,2.0,1.0,1.0,B01
201500019246,0,7,0,0.0,2.0,1.0,13.0,A01
201500019247,0,7,0,0.0,0.0,1.0,2.0,A01
201500019247,0,7,0,0.0,0.0,0.0,2.0,B01
201500019248,0,7,0,0.0,2.0,3.0,1.0,B01
201500019248,0,30,0,0.0,2.0,7.0,1.0,A01
201500019249,0,7,0,0.0,2.0,1.0,2.0,A01
201500019249,0,7,0,0.0,0.0,4.0,2.0,B01
201500019250,0,30,0,1.0,0.0,2.0,1.0,A01
201500019251,0,7,0,0.0,1.0,0.0,4.0,A01
201500019252,0,7,0,0.0,1.0,1.0,1.0,A01
201500019253,0,1,0,0.0,2.0,7.0,1.0,B01
201500019253,0,7,0,0.0,2.0,1.0,16.0,A01
201500019254,0,7,0,2.0,0.0,1.0,1.0,A01
201500019255,0,7,0,0.0,2.0,1.0,2.0,A01
201500019255,0,7,0,0.0,2.0,4.0,2.0,B01
201500019255,0,7,0,0.0,2.0,4.0,2.0,C01
201500019256,0,7,0,0.0,2.0,1.0,2.0,A01
201500019256,0,7,0,0.0,2.0,4.0,2.0,B01
201500019257,0,7,0,0.0,2.0,6.0,15.0,A01
201500019257,0,2,0,0.0,2.0,1.0,1.0,B01
201500019258,0,7,0,0.0,2.0,3.0,1.0,B01
201500019258,0,7,0,0.0,2.0,1.0,1.0,A01
201500019259,0,3,0,0.0,1.0,1.0,1.0,A01
201500019260,0,10,0,0.0,2.0,3.0,10.0,A01
201500019260,0,33,0,0.0,2.0,1.0,1.0,B01
201500019261,0,1,0,0.0,2.0,1.0,1.0,B01
201500019261,0,7,0,0.0,2.0,3.0,9.0,A01
201500019262,0,33,0,0.0,2.0,7.0,2.0,A01
201500019262,0,7,0,0.0,2.0,4.0,1.0,B01
201500019263,0,2,0,0.0,2.0,1.0,1.0,A01
201500019263,0,7,0,0.0,2.0,3.0,1.0,B01
201500019264,0,7,0,0.0,2.0,1.0,1.0,B01
201500019264,0,7,0,0.0,2.0,2.0,15.0,A01
201500019265,0,7,0,0.0,2.0,7.0,17.0,A01
201500019265,0,2,0,0.0,2.0,8.0,1.0,B01
201500019266,0,33,0,0.0,0.0,8.0,1.0,A01
201500019267,0,7,0,0.0,2.0,2.0,16.0,A01
201500019267,0,1,0,0.0,2.0,1.0,1.0,B01
201500019268,0,7,0,0.0,2.0,4.0,2.0,C01
201500019268,0,7,0,0.0,2.0,1.0,2.0,A01
201500019268,0,7,0,0.0,2.0,4.0,2.0,B01
201500019268,0,7,0,0.0,2.0,4.0,2.0,D01
201500019269,0,30,0,0.0,2.0,2.0,1.0,A01
201500019269,0,7,0,0.0,0.0,4.0,1.0,B01
201500019270,0,2,0,2.0,0.0,1.0,19.0,A01
201500019271,0,7,0,0.0,2.0,1.0,1.0,B01
201500019271,0,7,0,0.0,2.0,4.0,5.0,A01
201500019272,0,31,0,16.0,0.0,6.0,1.0,A01
201500019273,0,33,0,2.0,0.0,1.0,14.0,A01
201500019274,0,7,0,0.0,2.0,5.0,1.0,A01
201500019274,0,1,0,0.0,2.0,1.0,1.0,B01
201500019275,0,7,0,0.0,2.0,2.0,1.0,A01
201500019275,0,7,0,0.0,2.0,3.0,0.0,B01
201500019276,0,7,0,0.0,2.0,3.0,1.0,B01
201500019276,0,10,0,0.0,2.0,2.0,19.0,A01
201500019277,0,7,0,0.0,2.0,1.0,2.0,A01
201500019277,0,7,0,0.0,2.0,4.0,2.0,B01
201500019278,0,10,0,0.0,2.0,1.0,13.0,A01
201500019278,0,7,0,0.0,2.0,1.0,1.0,B01
201500019279,0,7,0,0.0,1.0,1.0,1.0,A01
201500019280,0,3,0,11.0,0.0,1.0,1.0,A01
201500019281,0,30,0,0.0,2.0,6.0,15.0,A01
201500019281,0,7,0,0.0,2.0,1.0,15.0,B01
201500019282,0,7,0,0.0,0.0,0.0,0.0,A01
201500019283,0,7,0,0.0,2.0,2.0,10.0,A01
201500019283,0,31,0,0.0,2.0,1.0,2.0,B01
201500019284,0,7,0,0.0,0.0,1.0,15.0,A01
201500019284,0,7,0,0.0,0.0,1.0,5.0,B01
201500019285,0,7,0,9.0,0.0,2.0,9.0,A01
201500019286,0,2,0,0.0,2.0,1.0,1.0,A01
201500019286,0,7,0,0.0,2.0,4.0,1.0,B01
201500019287,0,7,0,0.0,2.0,1.0,1.0,A01
201500019287,0,37,1,0.0,2.0,1.0,1.0,B01
201500019288,0,7,0,0.0,1.0,1.0,2.0,A01
201500019289,1,10,0,0.0,2.0,2.0,1.0,A01
201500019289,0,30,0,0.0,2.0,1.0,1.0,B01
201500019290,0,30,0,16.0,0.0,8.0,21.0,A01
201500019291,0,2,0,0.0,2.0,1.0,2.0,B01
201500019291,0,7,0,0.0,0.0,5.0,15.0,A01
201500019292,0,7,0,0.0,0.0,4.0,1.0,B01
201500019292,0,7,0,0.0,2.0,1.0,1.0,A01
201500019293,0,2,0,0.0,2.0,7.0,2.0,B01
201500019293,0,7,0,0.0,2.0,1.0,2.0,A01
201500019294,0,7,0,0.0,0.0,8.0,0.0,B01
201500019294,0,7,0,0.0,2.0,1.0,0.0,A01
201500019295,0,7,0,0.0,2.0,3.0,9.0,A01
201500019295,0,30,0,0.0,2.0,1.0,1.0,B01
201500019296,0,7,0,15.0,0.0,1.0,2.0,A01
201500019297,0,7,0,0.0,9.0,4.0,2.0,C01
201500019297,0,7,0,0.0,2.0,1.0,2.0,A01
201500019297,0,7,0,0.0,2.0,1.0,2.0,B01
201500019298,0,7,0,12.0,0.0,1.0,13.0,A01
201500019299,0,33,0,0.0,2.0,1.0,2.0,B01
201500019299,0,7,0,0.0,2.0,3.0,2.0,A01
201500019300,0,7,0,0.0,2.0,1.0,2.0,A01
201500019300,0,7,0,0.0,2.0,3.0,2.0,B01
201500019301,0,7,0,0.0,0.0,0.0,2.0,A01
201500019302,0,7,0,0.0,2.0,1.0,2.0,A01
201500019302,0,10,0,0.0,2.0,7.0,2.0,B01
201500019303,0,7,0,0.0,2.0,3.0,2.0,A01
201500019303,0,7,0,0.0,2.0,7.0,1.0,B01
201500019304,0,30,0,0.0,2.0,4.0,1.0,B01
201500019304,0,10,0,0.0,2.0,1.0,9.0,A01
201500019305,0,7,0,8.0,0.0,1.0,2.0,A01
201500019306,0,7,0,8.0,0.0,1.0,0.0,A01
201500019307,0,33,0,2.0,0.0,1.0,2.0,A01
201500019308,0,2,0,0.0,0.0,0.0,0.0,A01
201500019309,0,7,0,15.0,0.0,1.0,2.0,A01
201500019310,0,7,0,0.0,2.0,1.0,16.0,A01
201500019310,0,32,0,0.0,2.0,8.0,2.0,B01
201500019311,0,2,0,0.0,2.0,1.0,2.0,B01
201500019311,0,7,0,0.0,2.0,2.0,15.0,A01
201500019312,0,33,0,0.0,1.0,1.0,2.0,A01
201500019313,0,7,0,0.0,2.0,4.0,1.0,B01
201500019313,0,7,0,0.0,2.0,1.0,1.0,A01
201500019314,0,7,0,0.0,2.0,1.0,2.0,A01
201500019314,0,7,0,0.0,2.0,7.0,2.0,B01
201500019315,0,7,0,0.0,0.0,1.0,0.0,A01
201500019316,0,7,0,0.0,1.0,1.0,0.0,A01
201500019317,0,7,0,0.0,2.0,1.0,2.0,A01
201500019317,0,10,0,0.0,0.0,4.0,2.0,C01
201500019317,0,7,0,0.0,2.0,4.0,2.0,B01
201500019318,0,30,0,0.0,2.0,8.0,9.0,B01
201500019318,1,7,0,0.0,2.0,2.0,7.0,Z01
201500019319,0,1,0,1.0,0.0,1.0,2.0,B01
201500019319,0,7,0,0.0,9.0,0.0,24.0,A01
201500019320,0,7,0,0.0,2.0,4.0,1.0,B01
201500019320,0,7,0,0.0,2.0,1.0,2.0,A01
201500019321,0,7,0,1.0,0.0,1.0,2.0,A01
201500019322,0,7,0,0.0,2.0,4.0,0.0,B01
201500019322,0,7,0,0.0,2.0,1.0,2.0,A01
201500019323,0,2,0,0.0,2.0,1.0,2.0,A01
201500019323,0,7,0,0.0,2.0,4.0,1.0,B01
201500019324,0,35,0,0.0,1.0,1.0,2.0,A01
201500019325,0,7,0,0.0,2.0,1.0,1.0,A01
201500019325,0,7,0,0.0,2.0,8.0,2.0,B01
201500019326,0,7,0,8.0,0.0,1.0,2.0,A01
201500019327,0,7,0,0.0,2.0,1.0,15.0,A01
201500019327,0,30,0,0.0,2.0,1.0,2.0,B01
201500019328,0,7,0,0.0,2.0,4.0,23.0,A01
201500019328,0,7,0,0.0,2.0,6.0,2.0,B01
201500019328,0,13,0,0.0,2.0,2.0,2.0,C01
201500019328,0,7,0,0.0,2.0,1.0,2.0,D01
201500019329,0,7,0,0.0,2.0,1.0,2.0,A01
201500019329,0,7,0,0.0,2.0,4.0,2.0,B01
201500019330,0,3,0,0.0,2.0,2.0,2.0,A01
201500019330,0,1,0,0.0,2.0,2.0,1.0,B01
201500019331,0,2,0,0.0,0.0,0.0,1.0,A01
201500019332,0,1,0,0.0,2.0,7.0,19.0,A01
201500019332,0,7,0,0.0,2.0,5.0,1.0,B01
201500019333,0,7,0,0.0,2.0,2.0,2.0,A01
201500019333,0,34,0,0.0,2.0,8.0,2.0,B01
201500019334,0,7,0,0.0,2.0,2.0,2.0,B01
201500019334,0,33,0,0.0,2.0,1.0,1.0,A01
201500019335,0,7,0,0.0,0.0,2.0,2.0,B01
201500019335,0,7,0,0.0,2.0,7.0,2.0,A01
201500019336,1,30,0,0.0,1.0,7.0,1.0,Z01
201500019337,0,2,0,0.0,2.0,1.0,5.0,B01
201500019337,0,7,0,0.0,2.0,1.0,1.0,A01
201500019338,0,1,0,0.0,2.0,7.0,2.0,B01
201500019338,0,7,0,0.0,2.0,1.0,21.0,A01
201500019339,0,35,0,0.0,0.0,1.0,18.0,A01
201500019340,0,33,0,0.0,2.0,4.0,23.0,B01
201500019340,2,7,0,0.0,2.0,1.0,2.0,A01
201500019341,0,33,0,0.0,2.0,7.0,1.0,A01
201500019341,0,7,0,0.0,2.0,1.0,10.0,B01
201500019342,0,33,0,0.0,2.0,7.0,17.0,B01
201500019342,0,7,0,0.0,2.0,8.0,2.0,A01
201500019343,0,2,0,0.0,0.0,9.0,2.0,A01
201500019344,0,7,0,2.0,1.0,1.0,1.0,A01
201500019345,0,7,0,0.0,2.0,4.0,2.0,A01
201500019345,0,7,0,0.0,2.0,4.0,2.0,C01
201500019345,0,7,0,0.0,2.0,1.0,2.0,B01
201500019346,0,1,0,0.0,2.0,4.0,2.0,A01
201500019347,0,7,0,0.0,2.0,3.0,1.0,B01
201500019347,0,7,0,0.0,2.0,2.0,1.0,A01
201500019348,0,34,0,0.0,2.0,1.0,2.0,B01
201500019348,0,7,0,0.0,2.0,7.0,15.0,A01
201500019349,0,1,0,0.0,2.0,6.0,1.0,B01
201500019349,0,7,0,0.0,2.0,2.0,1.0,A01
201500019350,0,7,0,0.0,2.0,7.0,2.0,B01
201500019350,0,7,0,0.0,2.0,1.0,1.0,A01
201500019351,0,7,0,0.0,2.0,1.0,2.0,A01
201500019351,0,7,0,0.0,2.0,1.0,2.0,B01
201500019351,0,7,0,0.0,0.0,4.0,2.0,C01
201500019352,0,33,0,0.0,2.0,2.0,2.0,B01
201500019352,0,7,0,0.0,2.0,6.0,2.0,A01
201500019353,0,33,0,0.0,2.0,7.0,17.0,B01
201500019353,0,7,0,0.0,2.0,1.0,15.0,A01
201500019354,0,7,0,1.0,2.0,8.0,2.0,A01
201500019354,0,1,0,0.0,0.0,1.0,2.0,B01
201500019355,0,1,0,0.0,2.0,1.0,2.0,B01
201500019355,0,7,0,0.0,2.0,5.0,22.0,A01
201500019356,0,7,0,0.0,2.0,4.0,2.0,B01
201500019356,0,30,0,0.0,2.0,1.0,2.0,A01
201500019357,0,7,0,0.0,1.0,2.0,2.0,A01
201500019358,0,7,0,0.0,2.0,1.0,2.0,A01
201500019358,0,7,0,0.0,2.0,4.0,2.0,C01
201500019358,0,7,0,0.0,2.0,4.0,2.0,B01
201500019359,0,2,0,0.0,2.0,1.0,18.0,B01
201500019359,0,7,0,0.0,2.0,7.0,16.0,A01
201500019360,0,7,0,0.0,2.0,3.0,2.0,B01
201500019360,0,2,0,0.0,2.0,1.0,2.0,A01
201500019361,0,10,0,0.0,2.0,8.0,2.0,B01
201500019361,0,7,0,0.0,2.0,1.0,2.0,A01
201500019362,0,2,0,0.0,2.0,7.0,2.0,B01
201500019362,0,7,0,0.0,2.0,4.0,4.0,A01
201500019363,0,7,0,0.0,2.0,1.0,2.0,B01
201500019363,0,7,0,0.0,2.0,4.0,2.0,A01
201500019364,0,33,0,0.0,0.0,9.0,2.0,A01
201500019365,0,7,0,0.0,2.0,3.0,1.0,B01
201500019365,0,7,0,0.0,2.0,2.0,1.0,A01
201500019366,0,2,0,0.0,5.0,1.0,2.0,A01
201500019367,0,1,0,0.0,2.0,8.0,15.0,B01
201500019367,0,7,0,0.0,2.0,1.0,2.0,A01
201500019368,0,31,0,0.0,2.0,1.0,17.0,A01
201500019368,0,1,0,0.0,2.0,8.0,1.0,B01
201500019369,0,7,0,0.0,2.0,8.0,1.0,B01
201500019369,0,7,0,0.0,2.0,1.0,1.0,A01
201500019370,0,2,0,0.0,2.0,1.0,2.0,B01
201500019370,0,7,0,0.0,2.0,4.0,2.0,A01
201500019371,0,7,0,14.0,0.0,3.0,13.0,A01
201500019372,0,30,0,0.0,2.0,2.0,17.0,B01
201500019372,0,7,0,0.0,9.0,8.0,17.0,A01
201500019373,0,32,0,0.0,0.0,1.0,1.0,A01
201500019374,0,7,0,0.0,9.0,2.0,1.0,A01
201500019374,0,1,0,0.0,2.0,1.0,1.0,B01
201500019375,0,7,0,0.0,2.0,4.0,0.0,A01
201500019375,0,7,0,0.0,2.0,1.0,2.0,B01
201500019376,0,7,0,0.0,2.0,1.0,0.0,A01
201500019376,0,1,0,0.0,2.0,1.0,0.0,B01
201500019377,0,32,0,0.0,2.0,1.0,2.0,B01
201500019377,0,7,0,0.0,2.0,3.0,9.0,A01
201500019378,0,34,0,9.0,0.0,7.0,1.0,A01
201500019379,0,30,0,0.0,0.0,0.0,0.0,A01
201500019380,0,2,0,0.0,2.0,1.0,9.0,A01
201500019380,0,7,0,0.0,2.0,3.0,1.0,B01
201500019381,0,7,0,15.0,0.0,1.0,14.0,A01
201500019382,0,7,0,0.0,2.0,4.0,2.0,C01
201500019382,0,7,0,0.0,2.0,1.0,2.0,A01
201500019382,0,7,0,0.0,2.0,4.0,2.0,B01
201500019383,0,2,0,16.0,0.0,0.0,0.0,A01
201500019384,0,7,0,0.0,1.0,1.0,1.0,A01
201500019385,0,7,0,0.0,2.0,1.0,2.0,B01
201500019385,0,7,0,0.0,2.0,1.0,11.0,A01
201500019386,0,7,0,0.0,2.0,1.0,2.0,B01
201500019386,0,7,0,0.0,2.0,4.0,2.0,A01
201500019387,0,7,0,13.0,0.0,0.0,1.0,C01
201500019388,0,7,0,0.0,2.0,4.0,2.0,B01
201500019388,0,7,0,0.0,2.0,1.0,2.0,A01
201500019388,0,7,0,0.0,2.0,4.0,15.0,C01
201500019389,0,7,0,16.0,0.0,9.0,14.0,A01
201500019390,0,10,0,0.0,0.0,2.0,1.0,B01
201500019390,0,7,0,0.0,2.0,1.0,1.0,A01
201500019391,0,7,0,0.0,2.0,4.0,2.0,A01
201500019391,0,7,0,0.0,2.0,1.0,2.0,B01
201500019392,0,1,0,0.0,2.0,1.0,19.0,B01
201500019392,0,33,0,0.0,2.0,2.0,1.0,A01
201500019393,0,33,0,0.0,2.0,1.0,2.0,B01
201500019393,0,7,0,0.0,2.0,4.0,2.0,A01
201500019394,0,7,0,0.0,2.0,4.0,2.0,A01
201500019394,0,7,0,0.0,2.0,1.0,2.0,B01
201500019395,0,33,0,0.0,9.0,1.0,2.0,A01
201500019396,0,7,0,2.0,2.0,4.0,2.0,B01
201500019396,0,33,0,2.0,2.0,1.0,2.0,A01
201500019397,0,7,0,0.0,2.0,1.0,19.0,A01
201500019397,0,1,0,0.0,2.0,7.0,2.0,B01
201500019398,0,1,0,0.0,2.0,7.0,2.0,B01
201500019398,0,7,0,0.0,2.0,1.0,9.0,A01
201500019399,0,7,0,0.0,2.0,4.0,2.0,A01
201500019399,0,13,0,0.0,2.0,1.0,2.0,B01
201500019400,0,1,0,0.0,2.0,1.0,2.0,B01
201500019400,0,7,0,0.0,2.0,5.0,2.0,A01
201500019401,0,2,0,0.0,0.0,1.0,1.0,A01
201500019402,0,7,0,0.0,1.0,3.0,15.0,A01
201500019403,0,2,0,0.0,0.0,8.0,1.0,A01
201500019404,0,7,0,0.0,2.0,1.0,2.0,C01
201500019404,0,7,0,0.0,2.0,4.0,2.0,B01
201500019404,0,7,0,0.0,2.0,4.0,2.0,A01
201500019405,0,7,0,0.0,2.0,1.0,2.0,B01
201500019405,0,7,0,0.0,2.0,4.0,2.0,A01
201500019406,0,7,0,0.0,1.0,1.0,2.0,A01
201500019407,0,1,0,0.0,2.0,8.0,10.0,A01
201500019407,0,33,0,0.0,2.0,1.0,1.0,B01
201500019408,0,7,0,0.0,2.0,4.0,2.0,A01
201500019408,0,30,0,0.0,2.0,1.0,2.0,B01
201500019409,0,7,0,0.0,2.0,4.0,2.0,A01
201500019409,0,7,0,0.0,2.0,4.0,2.0,B01
201500019410,0,7,0,0.0,2.0,3.0,15.0,B01
201500019410,0,2,0,0.0,2.0,1.0,17.0,A01
201500019411,0,7,0,0.0,2.0,2.0,15.0,B01
201500019411,0,2,0,0.0,2.0,3.0,1.0,A01
201500019412,0,33,0,0.0,2.0,1.0,2.0,B01
201500019412,0,7,0,0.0,2.0,4.0,11.0,A01
201500019413,0,7,0,0.0,2.0,4.0,2.0,A01
201500019413,0,7,0,0.0,2.0,4.0,2.0,B01
201500019413,0,7,0,0.0,2.0,1.0,2.0,C01
201500019414,0,7,0,0.0,2.0,4.0,2.0,A01
201500019414,0,7,0,0.0,2.0,1.0,2.0,B01
201500019415,0,1,0,0.0,2.0,1.0,1.0,A01
201500019415,1,7,0,0.0,2.0,5.0,15.0,B01
201500019416,0,7,0,0.0,1.0,1.0,1.0,A01
201500019417,0,7,0,0.0,2.0,1.0,2.0,A01
201500019417,0,1,0,0.0,2.0,4.0,2.0,B01
201500019418,0,7,0,0.0,1.0,1.0,0.0,A01
201500019419,0,15,0,0.0,2.0,4.0,2.0,B01
201500019419,0,15,0,0.0,2.0,1.0,2.0,A01
201500019420,0,7,0,0.0,2.0,4.0,2.0,A01
201500019420,0,10,0,0.0,2.0,1.0,2.0,B01
201500019421,0,7,0,0.0,2.0,8.0,20.0,A01
201500019421,0,30,0,0.0,2.0,1.0,2.0,B01
201500019422,0,30,0,0.0,2.0,1.0,2.0,A01
201500019422,0,7,0,0.0,2.0,4.0,2.0,B01
201500019423,0,7,0,0.0,2.0,1.0,2.0,A01
201500019423,0,10,0,0.0,2.0,4.0,2.0,B01
201500019423,0,7,0,0.0,2.0,4.0,2.0,C01
201500019424,0,1,0,0.0,2.0,8.0,19.0,B01
201500019424,0,7,0,0.0,2.0,2.0,16.0,A01
201500019425,0,7,0,0.0,2.0,1.0,1.0,A01
201500019425,0,1,0,0.0,2.0,1.0,5.0,B01
201500019426,0,1,0,0.0,0.0,7.0,1.0,A01
201500019427,0,1,0,0.0,1.0,1.0,1.0,A01
201500019428,0,2,0,0.0,0.0,1.0,1.0,A01
201500019429,0,1,0,0.0,2.0,2.0,1.0,B01
201500019429,0,7,0,0.0,2.0,3.0,1.0,A01
201500019430,0,1,0,0.0,2.0,7.0,0.0,B01
201500019430,0,7,0,0.0,2.0,1.0,1.0,A01
201500019431,0,33,0,0.0,2.0,4.0,2.0,B01
201500019431,0,7,0,0.0,2.0,1.0,2.0,A01
201500019432,0,7,0,6.0,0.0,1.0,1.0,A01
201500019433,0,33,0,3.0,0.0,7.0,3.0,A01
201500019434,0,2,0,16.0,0.0,7.0,1.0,A01
201500019435,0,7,0,0.0,2.0,3.0,1.0,B01
201500019435,0,30,0,0.0,2.0,1.0,13.0,A01
201500019436,0,7,0,0.0,2.0,4.0,2.0,A01
201500019436,0,7,0,0.0,2.0,1.0,2.0,B01
201500019437,0,7,0,0.0,1.0,2.0,1.0,A01
201500019438,0,7,0,0.0,1.0,1.0,1.0,A01
201500019439,0,7,0,9.0,0.0,1.0,1.0,A01
201500019440,0,7,0,0.0,2.0,4.0,20.0,A01
201500019440,0,2,0,0.0,2.0,7.0,9.0,B01
201500019441,0,7,0,0.0,2.0,4.0,2.0,A01
201500019441,0,7,0,0.0,2.0,1.0,2.0,B01
201500019442,0,1,0,0.0,1.0,1.0,1.0,A01
201500019443,0,7,0,0.0,1.0,1.0,1.0,A01
201500019444,0,2,0,0.0,2.0,1.0,14.0,B01
201500019444,0,7,0,0.0,2.0,5.0,2.0,A01
201500019444,0,7,0,0.0,2.0,8.0,24.0,C01
201500019445,0,7,0,0.0,2.0,1.0,1.0,B01
201500019445,0,7,0,0.0,2.0,1.0,15.0,A01
201500019445,0,7,0,0.0,2.0,8.0,1.0,C01
201500019446,0,7,0,0.0,1.0,1.0,1.0,A01
201500019447,0,7,0,3.0,0.0,7.0,1.0,A01
201500019448,0,7,0,0.0,2.0,3.0,19.0,A01
201500019448,0,7,0,0.0,2.0,2.0,19.0,B01
201500019449,0,7,0,0.0,2.0,1.0,1.0,B01
201500019449,0,7,0,0.0,2.0,3.0,15.0,A01
201500019450,0,33,0,0.0,2.0,8.0,14.0,A01
201500019450,0,7,0,0.0,2.0,7.0,2.0,B01
201500019451,0,7,0,0.0,2.0,4.0,2.0,B01
201500019451,0,7,0,0.0,2.0,1.0,2.0,A01
201500019452,0,7,0,0.0,2.0,4.0,1.0,A01
201500019452,0,2,0,0.0,2.0,1.0,2.0,B01
201500019453,0,7,0,0.0,2.0,1.0,2.0,A01
201500019453,0,1,0,0.0,2.0,8.0,19.0,B01
201500019454,0,2,0,0.0,2.0,1.0,1.0,B01
201500019454,0,1,0,0.0,2.0,1.0,9.0,A01
201500019455,0,7,0,0.0,2.0,7.0,2.0,A01
201500019455,0,1,0,0.0,2.0,8.0,2.0,B01
201500019456,0,7,0,0.0,2.0,3.0,1.0,A01
201500019456,0,7,0,0.0,2.0,7.0,19.0,B01
201500019457,0,2,0,0.0,0.0,0.0,1.0,A01
201500019458,0,7,0,0.0,2.0,7.0,15.0,A01
201500019458,0,33,0,0.0,2.0,1.0,1.0,B01
201500019459,0,7,0,0.0,2.0,1.0,1.0,B01
201500019459,0,7,0,0.0,2.0,1.0,19.0,A01
201500019460,0,7,0,0.0,2.0,7.0,16.0,A01
201500019460,0,1,0,0.0,2.0,1.0,14.0,B01
201500019461,0,7,0,0.0,2.0,2.0,1.0,A01
201500019461,0,1,0,0.0,2.0,8.0,19.0,B01
201500019462,0,7,0,0.0,1.0,1.0,1.0,A01
201500019463,0,7,0,0.0,2.0,7.0,20.0,A01
201500019463,0,2,0,0.0,2.0,1.0,14.0,B01
201500019464,0,33,0,0.0,2.0,1.0,1.0,A01
201500019464,0,7,0,0.0,2.0,1.0,1.0,B01
201500019465,0,7,0,3.0,0.0,8.0,1.0,A01
201500019466,0,7,0,0.0,2.0,1.0,1.0,A01
201500019466,0,7,0,0.0,2.0,4.0,23.0,B01
201500019467,0,7,0,0.0,2.0,1.0,1.0,A01
201500019467,0,1,0,0.0,2.0,7.0,19.0,B01
201500019468,0,7,0,0.0,1.0,4.0,20.0,A01
201500019469,0,7,0,0.0,2.0,7.0,19.0,A01
201500019469,0,7,0,0.0,2.0,1.0,19.0,B01
201500019470,0,7,0,0.0,1.0,1.0,15.0,A01
201500019471,0,7,0,0.0,2.0,1.0,2.0,B01
201500019471,0,7,0,0.0,2.0,8.0,19.0,A01
201500019472,0,7,0,0.0,2.0,1.0,1.0,A01
201500019472,0,7,0,0.0,2.0,7.0,15.0,B01
201500019473,0,7,0,0.0,2.0,1.0,2.0,A01
201500019473,0,7,0,0.0,2.0,4.0,2.0,B01
201500019474,0,1,0,0.0,0.0,0.0,0.0,A01
201500019475,0,7,0,0.0,1.0,1.0,2.0,A01
201500019476,0,33,0,0.0,0.0,1.0,2.0,A01
201500019477,1,1,0,0.0,9.0,0.0,17.0,B01
201500019477,0,1,0,0.0,9.0,7.0,2.0,A01