Num_Acc,senc,catv,occutc,obs,obsm,choc,manv,num_veh
201500019478,0,2,0,0.0,0.0,9.0,2.0,A01
201500019479,0,7,0,0.0,2.0,2.0,9.0,A01
201500019479,0,33,0,0.0,2.0,8.0,7.0,B01
201500019480,0,30,0,0.0,0.0,0.0,0.0,A01
201500019481,0,30,0,0.0,2.0,9.0,2.0,A01
201500019481,0,7,0,0.0,2.0,7.0,2.0,B01
201500019482,0,10,0,0.0,2.0,1.0,2.0,A01
201500019482,0,7,0,0.0,2.0,9.0,2.0,B01
201500019482,0,7,0,0.0,2.0,4.0,2.0,C01
201500019483,0,7,0,0.0,2.0,1.0,1.0,A01
201500019483,0,30,0,0.0,2.0,1.0,1.0,B01
201500019484,0,7,0,16.0,0.0,7.0,14.0,A01
201500019485,0,7,0,0.0,2.0,8.0,22.0,A01
201500019485,0,1,0,1.0,0.0,1.0,1.0,B01
201500019486,0,7,0,8.0,0.0,9.0,1.0,A01
201500019487,0,7,0,0.0,1.0,2.0,1.0,A01
201500019488,0,7,0,0.0,2.0,3.0,9.0,A01
201500019488,0,30,0,0.0,2.0,7.0,1.0,B01
201500019489,0,7,0,6.0,0.0,1.0,1.0,A01
201500019490,0,7,0,0.0,1.0,4.0,24.0,A01
201500019491,0,7,0,0.0,0.0,1.0,15.0,A01
201500019491,0,30,0,0.0,2.0,1.0,5.0,B01
201500019492,0,7,0,0.0,0.0,0.0,0.0,A01
201500019493,0,7,0,0.0,2.0,1.0,2.0,A01
201500019493,0,7,0,0.0,2.0,4.0,1.0,B01
201500019494,0,7,0,0.0,0.0,8.0,2.0,A01
201500019494,0,33,0,0.0,2.0,1.0,0.0,B01
201500019495,0,34,0,0.0,2.0,1.0,17.0,A01
201500019495,0,7,0,0.0,2.0,1.0,1.0,B01
201500019496,0,7,0,0.0,0.0,4.0,2.0,A01
201500019496,0,7,0,0.0,0.0,4.0,2.0,B01
201500019496,0,7,0,0.0,0.0,1.0,2.0,C01
201500019497,0,2,0,0.0,2.0,1.0,1.0,A01
201500019497,0,7,0,0.0,2.0,6.0,10.0,B01
201500019498,0,7,0,2.0,0.0,1.0,14.0,A01
201500019499,0,31,0,0.0,2.0,7.0,1.0,B01
201500019499,0,7,0,0.0,2.0,8.0,9.0,A01
201500019500,0,7,0,0.0,2.0,2.0,0.0,A01
201500019500,0,30,0,2.0,2.0,1.0,2.0,B01
201500019501,0,7,0,0.0,2.0,1.0,13.0,A01
201500019501,0,2,0,0.0,2.0,1.0,1.0,B01
201500019502,0,2,0,0.0,0.0,0.0,2.0,A01
201500019503,0,7,0,0.0,2.0,1.0,2.0,A01
201500019503,0,7,0,0.0,2.0,4.0,2.0,B01
201500019504,0,7,0,0.0,0.0,4.0,2.0,A01
201500019504,0,7,0,0.0,0.0,1.0,2.0,B01
201500019505,0,1,0,0.0,2.0,1.0,5.0,A01
201500019505,0,7,0,0.0,2.0,1.0,1.0,B01
201500019506,0,7,0,0.0,0.0,4.0,2.0,A01
201500019506,0,7,0,0.0,0.0,1.0,2.0,B01
201500019507,0,33,0,12.0,0.0,8.0,21.0,A01
201500019508,0,30,0,0.0,2.0,1.0,2.0,A01
201500019508,0,7,0,0.0,2.0,4.0,2.0,B01
201500019509,0,7,0,0.0,9.0,1.0,2.0,A01
201500019509,0,1,0,0.0,0.0,4.0,2.0,B01
201500019510,0,7,0,0.0,2.0,8.0,22.0,A01
201500019510,0,1,0,0.0,2.0,1.0,1.0,B01
201500019511,0,7,0,0.0,1.0,1.0,1.0,A01
201500019512,0,2,0,0.0,0.0,1.0,5.0,A01
201500019512,0,7,0,0.0,2.0,1.0,5.0,B01
201500019513,0,7,0,0.0,2.0,1.0,2.0,A01
201500019513,0,7,0,0.0,2.0,4.0,2.0,B01
201500019514,0,7,0,0.0,0.0,1.0,1.0,A01
201500019515,0,7,0,0.0,2.0,1.0,1.0,A01
201500019515,0,2,0,0.0,2.0,7.0,1.0,B01
201500019516,0,30,0,0.0,2.0,1.0,1.0,B01
201500019516,0,7,0,0.0,2.0,6.0,15.0,A01
201500019517,0,7,0,1.0,0.0,1.0,14.0,A01
201500019517,0,7,0,0.0,2.0,1.0,24.0,B01
201500019518,0,7,0,0.0,2.0,2.0,2.0,A01
201500019518,0,2,0,0.0,0.0,4.0,2.0,B01
201500019519,0,7,0,0.0,2.0,1.0,1.0,A01
201500019519,0,7,0,0.0,2.0,4.0,1.0,B01
201500019520,0,7,0,0.0,2.0,4.0,1.0,B01
201500019520,0,33,0,0.0,2.0,1.0,1.0,A01
201500019521,0,33,0,0.0,0.0,0.0,9.0,A01
201500019522,0,7,0,0.0,1.0,3.0,1.0,A01
201500019523,0,2,0,0.0,2.0,7.0,9.0,A01
201500019523,0,7,0,0.0,2.0,8.0,0.0,B01
201500019524,0,7,0,0.0,1.0,1.0,15.0,B01
201500019525,0,7,0,0.0,2.0,1.0,1.0,A01
201500019525,0,1,0,0.0,2.0,4.0,1.0,B01
201500019526,0,7,0,0.0,1.0,6.0,1.0,A01
201500019527,0,7,0,0.0,2.0,4.0,1.0,B01
201500019527,0,7,0,0.0,2.0,1.0,1.0,A01
201500019528,0,7,0,1.0,0.0,1.0,20.0,A01
201500019529,0,7,0,0.0,2.0,2.0,0.0,B01
201500019529,0,7,0,0.0,2.0,3.0,19.0,A01
201500019530,0,7,0,0.0,2.0,1.0,1.0,A01
201500019530,0,7,0,0.0,2.0,4.0,1.0,B01
201500019531,0,30,0,0.0,2.0,1.0,1.0,A01
201500019531,0,7,0,0.0,2.0,2.0,16.0,B01
201500019532,0,7,0,0.0,1.0,1.0,0.0,A01
201500019533,0,7,0,0.0,2.0,3.0,22.0,A01
201500019533,0,1,0,0.0,2.0,1.0,1.0,B01
201500019534,0,7,0,0.0,2.0,4.0,1.0,C01
201500019534,0,7,0,0.0,2.0,4.0,1.0,B01
201500019534,0,7,0,0.0,2.0,4.0,1.0,D01
201500019534,0,7,0,0.0,2.0,1.0,1.0,A01
201500019535,0,2,0,0.0,2.0,1.0,0.0,A01
201500019535,0,7,0,0.0,2.0,6.0,0.0,B01
201500019536,0,7,0,0.0,2.0,1.0,1.0,A01
201500019536,0,7,0,0.0,2.0,4.0,1.0,B01
201500019536,0,7,0,0.0,2.0,4.0,1.0,C01
201500019537,1,1,0,0.0,1.0,0.0,0.0,Z01
201500019538,0,30,0,0.0,2.0,1.0,1.0,A01
201500019538,0,7,0,0.0,2.0,1.0,1.0,B01
201500019539,0,7,0,0.0,2.0,2.0,1.0,B01
201500019539,0,7,0,0.0,2.0,1.0,15.0,A01
201500019540,0,2,0,0.0,2.0,0.0,0.0,A01
201500019540,0,30,0,0.0,2.0,0.0,0.0,B01
201500019541,0,7,0,0.0,2.0,1.0,1.0,A01
201500019541,0,7,0,0.0,2.0,8.0,15.0,B01
201500019542,0,30,0,0.0,0.0,0.0,0.0,A01
201500019542,0,7,0,0.0,2.0,1.0,1.0,B01
201500019543,0,2,0,12.0,0.0,0.0,0.0,A01
201500019544,0,7,0,0.0,1.0,1.0,1.0,A01
201500019545,0,1,0,0.0,1.0,0.0,1.0,A01
201500019546,0,7,0,0.0,2.0,1.0,1.0,A01
201500019546,0,7,0,0.0,2.0,4.0,15.0,B01
201500019547,1,7,0,0.0,1.0,0.0,0.0,A01
201500019548,0,2,0,0.0,2.0,8.0,1.0,B01
201500019548,0,10,0,0.0,2.0,2.0,15.0,A01
201500019549,0,1,0,0.0,2.0,1.0,1.0,A01
201500019549,0,7,0,0.0,2.0,4.0,1.0,B01
201500019550,0,7,0,0.0,2.0,1.0,1.0,A01
201500019550,0,7,0,0.0,2.0,4.0,1.0,B01
201500019551,0,7,0,0.0,2.0,1.0,1.0,A01
201500019551,0,33,0,0.0,2.0,7.0,1.0,B01
201500019552,0,7,0,0.0,1.0,1.0,0.0,A01
201500019553,0,7,0,0.0,2.0,4.0,1.0,B01
201500019553,0,7,0,0.0,2.0,1.0,1.0,A01
201500019554,0,7,0,0.0,1.0,1.0,1.0,A01
201500019555,0,33,0,0.0,2.0,1.0,1.0,A01
201500019555,0,7,0,0.0,2.0,1.0,1.0,B01
201500019556,0,7,0,0.0,2.0,1.0,1.0,A01
201500019556,0,7,0,0.0,2.0,7.0,1.0,B01
201500019557,0,7,0,0.0,2.0,4.0,2.0,B01
201500019557,0,3,0,0.0,2.0,1.0,2.0,A01
201500019558,0,7,0,6.0,0.0,1.0,1.0,A01
201500019559,0,7,0,8.0,0.0,1.0,1.0,A01
201500019560,0,7,0,0.0,2.0,1.0,1.0,A01
201500019560,0,7,0,0.0,2.0,7.0,1.0,B01
201500019561,0,7,0,0.0,2.0,6.0,15.0,B01
201500019561,0,33,0,0.0,2.0,1.0,2.0,A01
201500019562,0,7,0,0.0,9.0,1.0,17.0,A01
201500019562,0,1,0,0.0,2.0,8.0,1.0,B01
201500019563,0,7,0,0.0,2.0,4.0,2.0,B01
201500019563,0,2,0,0.0,2.0,1.0,2.0,A01
201500019564,0,33,0,5.0,0.0,7.0,1.0,A01
201500019565,0,7,0,0.0,2.0,8.0,1.0,B01
201500019565,0,7,0,0.0,2.0,1.0,13.0,A01
201500019566,0,7,0,0.0,2.0,1.0,1.0,B01
201500019566,0,30,0,0.0,2.0,1.0,15.0,A01
201500019567,0,7,0,0.0,2.0,1.0,19.0,A01
201500019567,0,30,0,0.0,2.0,2.0,15.0,B01
201500019568,0,7,0,0.0,2.0,8.0,15.0,B01
201500019568,0,32,0,0.0,2.0,1.0,17.0,A01
201500019569,0,33,0,0.0,2.0,8.0,17.0,A01
201500019569,0,1,0,0.0,2.0,1.0,19.0,B01
201500019570,0,33,0,15.0,0.0,2.0,1.0,A01
201500019571,0,1,0,0.0,2.0,1.0,0.0,B01
201500019571,0,1,0,0.0,2.0,1.0,1.0,A01
201500019572,0,33,0,0.0,0.0,7.0,1.0,A01
201500019573,1,14,0,0.0,0.0,0.0,0.0,Z01
201500019573,0,1,0,0.0,2.0,0.0,9.0,B01
201500019574,0,32,0,0.0,2.0,1.0,1.0,A01
201500019574,0,7,0,0.0,2.0,8.0,9.0,B01
201500019575,0,7,0,0.0,2.0,2.0,16.0,A01
201500019575,0,1,0,0.0,2.0,1.0,1.0,B01
201500019576,0,31,0,0.0,2.0,1.0,1.0,A01
201500019576,0,7,0,0.0,2.0,3.0,1.0,B01
201500019577,0,7,0,0.0,2.0,1.0,1.0,B01
201500019577,0,7,0,3.0,2.0,8.0,1.0,A01
201500019578,0,7,0,0.0,2.0,3.0,13.0,A01
201500019578,0,2,0,0.0,2.0,1.0,1.0,B01
201500019579,0,7,0,2.0,0.0,1.0,1.0,A01
201500019580,0,7,0,0.0,1.0,4.0,4.0,A01
201500019581,0,1,0,0.0,2.0,1.0,1.0,A01
201500019581,0,1,0,0.0,2.0,1.0,1.0,B01
201500019582,0,7,0,0.0,2.0,1.0,1.0,A01
201500019582,0,1,0,0.0,0.0,4.0,1.0,B01
201500019583,0,7,0,0.0,2.0,3.0,15.0,B01
201500019583,0,30,0,0.0,2.0,1.0,17.0,A01
201500019584,0,7,0,0.0,2.0,2.0,1.0,B01
201500019584,0,7,0,0.0,2.0,1.0,1.0,A01
201500019585,0,7,0,0.0,2.0,2.0,9.0,A01
201500019585,0,32,0,0.0,2.0,1.0,1.0,B01
201500019586,0,30,0,12.0,0.0,0.0,1.0,A01
201500019587,0,32,0,0.0,0.0,7.0,1.0,A01
201500019588,0,7,0,0.0,2.0,0.0,1.0,A01
201500019589,0,7,0,6.0,0.0,0.0,1.0,A01
201500019590,0,2,0,0.0,2.0,1.0,1.0,B01
201500019590,0,7,0,0.0,2.0,7.0,15.0,A01
201500019591,0,7,0,0.0,2.0,8.0,15.0,B01
201500019591,0,33,0,0.0,2.0,8.0,2.0,A01
201500019592,0,7,0,0.0,2.0,3.0,1.0,B01
201500019592,0,30,0,0.0,2.0,7.0,17.0,A01
201500019593,0,1,0,0.0,1.0,1.0,1.0,A01
201500019594,0,2,0,7.0,0.0,0.0,0.0,A01
201500019595,0,2,0,0.0,0.0,1.0,1.0,A01
201500019596,0,7,0,0.0,0.0,0.0,0.0,A01
201500019597,0,1,0,0.0,2.0,1.0,1.0,A01
201500019597,0,37,4,0.0,2.0,4.0,1.0,B01
201500019598,0,30,0,0.0,2.0,1.0,1.0,A01
201500019598,0,10,0,0.0,2.0,4.0,1.0,B01
201500019599,0,1,0,0.0,2.0,1.0,1.0,A01
201500019599,0,7,0,0.0,2.0,0.0,1.0,B01
201500019600,0,7,0,1.0,0.0,1.0,14.0,A01
201500019600,0,7,0,0.0,2.0,4.0,24.0,B01
201500019601,0,30,0,0.0,2.0,1.0,1.0,A01
201500019601,0,7,0,0.0,2.0,4.0,1.0,B01
201500019602,0,7,0,0.0,2.0,1.0,1.0,B01
201500019602,0,30,0,0.0,2.0,7.0,1.0,A01
201500019603,0,7,0,0.0,2.0,1.0,1.0,A01
201500019603,0,7,0,0.0,2.0,5.0,4.0,B01
201500019604,0,7,0,0.0,1.0,1.0,1.0,A01
201500019605,0,34,0,0.0,1.0,1.0,1.0,A01
201500019606,0,2,0,0.0,2.0,1.0,2.0,A01
201500019606,0,7,0,0.0,2.0,4.0,2.0,B01
201500019607,0,7,0,0.0,2.0,8.0,0.0,B01
201500019607,0,7,0,0.0,2.0,1.0,0.0,A01
201500019608,0,17,0,0.0,2.0,0.0,1.0,A01
201500019608,0,7,0,0.0,2.0,3.0,1.0,C03
201500019609,0,7,0,3.0,0.0,9.0,0.0,A01
201500019610,0,15,0,3.0,0.0,1.0,1.0,A01
201500019611,0,33,0,0.0,0.0,2.0,1.0,A01
201500019612,0,7,0,4.0,0.0,1.0,1.0,A01
201500019613,0,17,0,0.0,2.0,3.0,1.0,B02
201500019613,0,7,0,0.0,2.0,4.0,1.0,A01
201500019614,0,15,0,0.0,0.0,8.0,0.0,A01
201500019615,0,7,0,13.0,0.0,1.0,1.0,A01
201500019616,0,7,0,4.0,0.0,1.0,1.0,A01
201500019617,0,7,0,0.0,2.0,1.0,1.0,A01
201500019617,0,30,0,0.0,2.0,1.0,19.0,B01
201500019618,0,7,0,0.0,2.0,1.0,1.0,A01
201500019618,0,7,0,0.0,2.0,4.0,23.0,B01
201500019618,0,7,0,0.0,2.0,1.0,1.0,C01
201500019619,0,7,0,0.0,1.0,0.0,0.0,A01
201500019620,0,7,0,0.0,0.0,8.0,1.0,A01
201500019621,0,7,0,0.0,0.0,0.0,21.0,B01
201500019621,0,10,0,0.0,2.0,7.0,1.0,A01
201500019622,0,33,0,0.0,2.0,1.0,2.0,A01
201500019622,0,7,0,0.0,0.0,0.0,0.0,B01
201500019623,0,7,0,0.0,0.0,4.0,17.0,B01
201500019623,0,7,0,0.0,2.0,1.0,1.0,A01
201500019624,0,7,0,0.0,2.0,1.0,2.0,A01
201500019624,0,7,0,0.0,0.0,0.0,0.0,B01
201500019625,0,1,0,0.0,0.0,1.0,1.0,A01
201500019626,0,7,0,0.0,2.0,7.0,17.0,B01
201500019626,0,7,0,0.0,2.0,1.0,1.0,A01
201500019627,0,7,0,0.0,1.0,1.0,1.0,A01
201500019628,0,33,0,0.0,2.0,1.0,2.0,A01
201500019628,0,7,0,0.0,0.0,0.0,0.0,B01
201500019629,0,7,0,0.0,0.0,4.0,1.0,B01
201500019629,0,7,0,0.0,2.0,1.0,1.0,A01
201500019630,0,7,0,0.0,0.0,1.0,0.0,A01
201500019630,0,1,0,0.0,0.0,0.0,0.0,B01
201500019631,0,7,0,7.0,0.0,1.0,1.0,A01
201500019632,0,7,0,0.0,2.0,3.0,19.0,A01
201500019632,0,30,0,0.0,0.0,0.0,1.0,B01
201500019633,0,7,0,0.0,2.0,3.0,1.0,A01
201500019633,0,7,0,0.0,2.0,2.0,1.0,B01
201500019634,0,7,0,0.0,1.0,4.0,4.0,A01
201500019635,0,7,0,0.0,2.0,1.0,9.0,A01
201500019635,0,1,0,0.0,2.0,1.0,1.0,B01
201500019636,0,7,0,0.0,1.0,1.0,1.0,A01
201500019637,1,99,0,0.0,2.0,2.0,0.0,Z01
201500019637,0,32,0,0.0,2.0,7.0,1.0,A01
201500019638,0,7,0,0.0,0.0,0.0,14.0,A01
201500019639,1,99,0,0.0,1.0,2.0,0.0,Z01
201500019640,0,7,0,1.0,0.0,1.0,14.0,A01
201500019641,0,7,0,0.0,0.0,0.0,0.0,B01
201500019641,0,7,0,0.0,0.0,0.0,0.0,A01
201500019642,0,7,0,0.0,1.0,0.0,0.0,A01
201500019643,0,7,0,0.0,2.0,1.0,0.0,A01
201500019643,0,1,0,0.0,0.0,0.0,0.0,B01
201500019644,0,1,0,0.0,2.0,1.0,1.0,B01
201500019644,0,7,0,0.0,0.0,4.0,23.0,A01
201500019645,0,15,0,0.0,9.0,7.0,2.0,A01
201500019645,0,1,0,0.0,2.0,8.0,1.0,B01
201500019646,0,7,0,0.0,2.0,8.0,1.0,A01
201500019646,0,7,0,0.0,2.0,1.0,1.0,B01
201500019647,0,7,0,0.0,2.0,1.0,9.0,A01
201500019647,0,1,0,0.0,0.0,1.0,1.0,B01
201500019648,0,7,0,0.0,2.0,1.0,9.0,A01
201500019648,0,7,0,0.0,0.0,2.0,1.0,B01
201500019649,0,2,0,0.0,2.0,4.0,1.0,A01
201500019649,0,7,0,0.0,2.0,1.0,1.0,B01
201500019650,0,7,0,0.0,0.0,4.0,1.0,B01
201500019650,0,7,0,0.0,2.0,1.0,1.0,A01
201500019651,0,33,0,0.0,2.0,1.0,1.0,B01
201500019651,0,7,0,0.0,2.0,1.0,9.0,A01
201500019652,0,7,0,0.0,1.0,3.0,1.0,A01
201500019653,0,1,0,0.0,0.0,1.0,1.0,B01
201500019653,0,7,0,0.0,2.0,3.0,9.0,A01
201500019654,0,7,0,0.0,2.0,0.0,1.0,B01
201500019654,0,7,0,0.0,2.0,0.0,9.0,A01
201500019655,0,3,0,0.0,0.0,0.0,14.0,A01
201500019656,0,7,0,0.0,0.0,4.0,0.0,B01
201500019656,0,7,0,0.0,0.0,1.0,0.0,A01
201500019657,1,7,0,0.0,0.0,1.0,0.0,A01
201500019657,0,2,0,0.0,0.0,2.0,0.0,B01
201500019658,0,7,0,0.0,0.0,1.0,2.0,A01
201500019658,0,7,0,0.0,0.0,4.0,2.0,B01
201500019659,0,1,0,0.0,2.0,4.0,9.0,B01
201500019659,0,7,0,0.0,2.0,1.0,1.0,A01
201500019660,0,7,0,0.0,0.0,1.0,13.0,A01
201500019661,0,7,0,0.0,2.0,1.0,9.0,A01
201500019661,0,7,0,0.0,0.0,7.0,1.0,B01
201500019662,0,7,0,0.0,0.0,4.0,1.0,B01
201500019662,0,7,0,0.0,0.0,1.0,1.0,A01
201500019663,0,7,0,0.0,1.0,1.0,1.0,A01
201500019664,0,7,0,0.0,0.0,2.0,20.0,B01
201500019664,0,2,0,0.0,2.0,1.0,18.0,A01
201500019665,0,7,0,0.0,2.0,1.0,14.0,A01
201500019665,0,30,0,0.0,2.0,1.0,1.0,B01
201500019666,0,30,0,0.0,0.0,1.0,16.0,B01
201500019666,0,7,0,0.0,2.0,1.0,1.0,A01
201500019667,0,7,0,0.0,0.0,4.0,2.0,A01
201500019667,0,7,0,0.0,2.0,1.0,2.0,B01
201500019668,0,7,0,0.0,1.0,4.0,4.0,A01
201500019669,1,7,0,0.0,1.0,0.0,0.0,A01
201500019670,0,2,0,0.0,2.0,0.0,0.0,A01
201500019670,0,7,0,0.0,0.0,4.0,15.0,B01
201500019671,0,2,0,0.0,2.0,1.0,2.0,A01
201500019671,0,7,0,0.0,0.0,0.0,23.0,B01
201500019672,0,30,0,0.0,0.0,0.0,0.0,B01
201500019672,0,7,0,0.0,2.0,5.0,15.0,A01
201500019673,0,7,0,0.0,2.0,1.0,2.0,A01
201500019673,0,7,0,0.0,0.0,4.0,1.0,B01
201500019674,0,7,0,0.0,0.0,0.0,0.0,B01
201500019674,0,1,0,0.0,0.0,0.0,0.0,A01
201500019675,0,7,0,0.0,1.0,0.0,0.0,A01
201500019676,0,7,0,10.0,0.0,1.0,6.0,A01
201500019677,0,7,0,0.0,0.0,1.0,2.0,A01
201500019677,0,7,0,0.0,0.0,4.0,2.0,B01
201500019678,0,2,0,0.0,0.0,0.0,0.0,A01
201500019678,0,7,0,0.0,0.0,0.0,0.0,B01
201500019679,0,7,0,0.0,2.0,2.0,10.0,A01
201500019679,0,7,0,0.0,2.0,1.0,2.0,B01
201500019679,0,7,0,0.0,2.0,1.0,0.0,C01
201500019680,0,7,0,0.0,2.0,1.0,15.0,A01
201500019680,0,2,0,0.0,2.0,1.0,0.0,B01
201500019681,0,10,0,0.0,2.0,5.0,2.0,A01
201500019681,0,7,0,0.0,2.0,0.0,0.0,B01
201500019682,0,10,0,4.0,0.0,3.0,21.0,A01
201500019683,0,7,0,13.0,0.0,1.0,1.0,A01
201500019684,0,15,0,0.0,2.0,2.0,14.0,A01
201500019684,0,15,0,,2.0,4.0,24.0,C02
201500019684,0,15,0,,2.0,6.0,24.0,B02
201500019685,0,17,0,3.0,0.0,2.0,1.0,A01
201500019686,0,15,0,11.0,0.0,1.0,14.0,A01
201500019687,0,10,0,0.0,2.0,3.0,10.0,A01
201500019687,0,33,0,0.0,2.0,1.0,17.0,B02
201500019688,0,33,0,0.0,2.0,1.0,5.0,B02
201500019688,0,7,0,0.0,2.0,8.0,15.0,A01
201500019689,0,10,0,0.0,0.0,5.0,16.0,B02
201500019689,0,33,0,0.0,2.0,1.0,1.0,A01
201500019690,0,7,0,0.0,2.0,0.0,,A01
201500019690,0,7,0,0.0,2.0,2.0,0.0,B02
201500019691,0,7,0,0.0,2.0,8.0,11.0,A01
201500019691,0,33,0,0.0,2.0,1.0,17.0,B02
201500019692,0,33,0,0.0,2.0,1.0,17.0,A01
201500019692,0,10,0,0.0,2.0,3.0,15.0,B02
201500019693,0,31,0,13.0,0.0,9.0,1.0,A01
201500019694,0,7,0,0.0,2.0,1.0,5.0,A01
201500019694,0,14,0,0.0,2.0,1.0,0.0,B02
201500019695,0,7,0,0.0,1.0,2.0,15.0,A01
201500019696,0,7,0,0.0,2.0,3.0,19.0,A01
201500019696,0,33,0,0.0,2.0,1.0,1.0,B02
201500019697,0,30,0,0.0,2.0,1.0,17.0,A01
201500019697,0,7,0,0.0,2.0,6.0,17.0,B02
201500019698,0,7,0,0.0,1.0,7.0,1.0,A01
201500019699,0,7,0,0.0,2.0,3.0,1.0,B02
201500019699,0,7,0,0.0,2.0,3.0,15.0,A01
201500019699,0,7,0,0.0,2.0,8.0,1.0,C03
201500019700,0,7,0,0.0,1.0,1.0,1.0,A01
201500019701,0,7,0,2.0,0.0,3.0,1.0,A01
201500019702,0,7,0,0.0,2.0,2.0,16.0,B02
201500019702,0,7,0,0.0,2.0,3.0,18.0,A01
201500019703,0,10,0,0.0,2.0,7.0,1.0,A01
201500019703,0,1,0,0.0,2.0,6.0,1.0,B02
201500019704,0,7,0,0.0,1.0,2.0,0.0,A01
201500019705,0,1,0,0.0,2.0,8.0,9.0,B02
201500019705,0,7,0,0.0,2.0,2.0,1.0,A01
201500019706,0,1,0,0.0,2.0,1.0,19.0,B02
201500019706,0,7,0,0.0,2.0,2.0,1.0,A01
201500019707,0,7,0,5.0,0.0,1.0,17.0,A01
201500019708,0,31,0,0.0,0.0,0.0,1.0,A01
201500019709,0,7,0,0.0,2.0,1.0,17.0,A01
201500019709,0,7,0,0.0,2.0,8.0,15.0,B02
201500019710,0,7,0,0.0,2.0,3.0,1.0,A01
201500019710,0,7,0,0.0,2.0,3.0,1.0,B02
201500019711,0,7,0,0.0,2.0,1.0,13.0,A01
201500019711,0,7,0,13.0,2.0,1.0,1.0,B02
201500019712,0,7,0,0.0,2.0,1.0,13.0,A01
201500019712,0,10,0,0.0,2.0,3.0,1.0,B02
201500019713,0,7,0,2.0,0.0,2.0,2.0,A01
201500019714,0,2,0,0.0,2.0,8.0,15.0,B02
201500019714,0,10,0,0.0,2.0,1.0,1.0,A01
201500019715,0,7,0,0.0,2.0,6.0,16.0,B02
201500019715,0,10,0,3.0,2.0,2.0,0.0,A01
201500019716,0,31,0,13.0,0.0,0.0,1.0,A01
201500019717,0,7,0,0.0,2.0,3.0,13.0,A01
201500019717,0,7,0,0.0,2.0,3.0,1.0,B02
201500019718,0,7,0,0.0,2.0,2.0,1.0,A01
201500019718,0,1,0,0.0,2.0,8.0,19.0,B02
201500019719,0,7,0,0.0,2.0,3.0,1.0,A01
201500019719,0,7,0,0.0,2.0,3.0,1.0,B02
201500019720,0,10,0,0.0,2.0,2.0,17.0,B02
201500019720,0,7,0,0.0,2.0,5.0,16.0,A01
201500019721,0,30,0,1.0,0.0,1.0,1.0,A01
201500019722,0,7,0,0.0,2.0,1.0,15.0,A01
201500019722,0,7,0,0.0,2.0,7.0,1.0,B02
201500019723,0,33,0,13.0,0.0,8.0,1.0,A01
201500019724,0,10,0,0.0,2.0,1.0,1.0,B02
201500019724,0,3,0,0.0,2.0,2.0,15.0,A01
201500019725,0,33,0,13.0,0.0,0.0,13.0,A01
201500019725,0,10,0,0.0,0.0,0.0,15.0,B02
201500019726,0,7,0,0.0,0.0,9.0,1.0,A01
201500019727,0,7,0,13.0,0.0,1.0,13.0,A01
201500019728,0,33,0,0.0,2.0,1.0,13.0,A01
201500019728,0,7,0,0.0,2.0,1.0,1.0,B02
201500019729,0,7,0,13.0,0.0,3.0,1.0,A01
201500019730,0,7,0,0.0,2.0,3.0,1.0,A01
201500019730,0,1,0,0.0,2.0,1.0,16.0,B02
201500019731,0,7,0,0.0,2.0,7.0,13.0,A01
201500019731,0,7,0,0.0,2.0,1.0,1.0,B02
201500019732,0,7,0,13.0,0.0,1.0,0.0,A01
201500019733,0,7,0,16.0,0.0,9.0,1.0,A01
201500019734,0,7,0,13.0,0.0,7.0,21.0,A01
201500019735,0,7,0,14.0,0.0,1.0,1.0,A01
201500019736,0,7,0,14.0,0.0,7.0,16.0,A01
201500019736,0,30,0,0.0,2.0,1.0,17.0,B02
201500019737,0,7,0,1.0,1.0,3.0,13.0,A01
201500019738,0,7,0,2.0,0.0,5.0,13.0,A01
201500019739,0,21,0,0.0,2.0,1.0,1.0,B02
201500019739,0,7,0,0.0,2.0,8.0,1.0,A01
201500019740,0,7,0,2.0,0.0,3.0,13.0,A01
201500019741,0,30,0,0.0,0.0,8.0,1.0,A01
201500019742,0,7,0,2.0,0.0,1.0,1.0,A01
201500019743,0,7,0,0.0,2.0,3.0,1.0,A01
201500019743,0,7,0,0.0,2.0,3.0,1.0,B02
201500019744,1,10,0,0.0,1.0,2.0,1.0,A01
201500019745,0,7,0,2.0,0.0,3.0,1.0,A01
201500019746,0,10,0,0.0,1.0,2.0,1.0,A01
201500019747,0,7,0,0.0,2.0,3.0,1.0,A01
201500019747,0,7,0,0.0,2.0,3.0,1.0,B02
201500019748,0,7,0,8.0,0.0,2.0,14.0,A01
201500019749,0,7,0,2.0,0.0,3.0,13.0,A01
201500019750,0,7,0,13.0,0.0,3.0,13.0,A01
201500019751,0,7,0,0.0,1.0,1.0,1.0,A01
201500019752,0,7,0,0.0,2.0,8.0,15.0,B02
201500019752,0,17,0,0.0,2.0,1.0,1.0,A01
201500019753,0,7,0,0.0,0.0,3.0,10.0,A01
201500019753,0,7,0,0.0,2.0,1.0,1.0,B02
201500019754,0,14,0,2.0,0.0,1.0,17.0,A01
201500019755,0,17,0,13.0,0.0,7.0,1.0,A01
201500019756,0,15,0,0.0,2.0,3.0,1.0,B02
201500019756,0,7,0,0.0,2.0,3.0,13.0,A01
201500019757,0,14,0,0.0,2.0,3.0,1.0,B02
201500019757,0,7,0,0.0,2.0,3.0,13.0,A01
201500019758,0,99,0,3.0,2.0,9.0,2.0,B02
201500019758,0,17,0,0.0,2.0,1.0,2.0,A01