Num_Acc,senc,catv,occutc,obs,obsm,choc,manv,num_veh
201500020032,0,7,0,0.0,0.0,4.0,1.0,B01
201500020032,0,7,0,0.0,2.0,2.0,2.0,A01
201500020033,0,2,0,0.0,2.0,1.0,1.0,B01
201500020033,0,7,0,0.0,2.0,7.0,15.0,A01
201500020034,0,7,0,0.0,2.0,3.0,15.0,A01
201500020034,0,2,0,0.0,2.0,8.0,1.0,B01
201500020035,0,7,0,0.0,1.0,1.0,1.0,A01
201500020036,0,33,0,0.0,2.0,1.0,17.0,A01
201500020036,0,7,0,0.0,2.0,8.0,15.0,B01
201500020037,0,7,0,8.0,0.0,1.0,16.0,A01
201500020038,0,7,0,0.0,1.0,2.0,1.0,A01
201500020039,0,7,0,0.0,1.0,2.0,1.0,A01
201500020040,0,7,0,0.0,2.0,8.0,1.0,B01
201500020040,0,7,0,0.0,2.0,1.0,1.0,A01
201500020041,0,1,0,16.0,0.0,7.0,1.0,A01
201500020042,0,7,0,0.0,2.0,5.0,1.0,B02
201500020042,0,7,0,0.0,2.0,7.0,5.0,A01
201500020043,0,7,0,0.0,2.0,8.0,1.0,A01
201500020043,0,7,0,0.0,2.0,1.0,2.0,B02
201500020044,0,33,0,0.0,2.0,1.0,1.0,A01
201500020044,0,7,0,0.0,2.0,2.0,1.0,B02
201500020045,0,7,0,13.0,0.0,1.0,1.0,A01
201500020046,0,7,0,0.0,1.0,4.0,4.0,A01
201500020047,0,30,0,0.0,2.0,1.0,2.0,A01
201500020047,0,7,0,0.0,2.0,4.0,2.0,B02
201500020048,0,31,0,0.0,0.0,1.0,1.0,B02
201500020048,0,10,0,0.0,2.0,3.0,15.0,A01
201500020049,0,33,0,0.0,0.0,0.0,0.0,A01
201500020050,0,7,0,8.0,0.0,1.0,1.0,A01
201500020051,0,7,0,0.0,0.0,9.0,13.0,A01
201500020052,0,31,0,2.0,0.0,1.0,2.0,A01
201500020053,0,7,0,0.0,0.0,1.0,14.0,A01
201500020053,0,1,0,0.0,2.0,1.0,1.0,B02
201500020054,0,33,0,0.0,6.0,7.0,1.0,A01
201500020055,0,7,0,0.0,2.0,7.0,15.0,A01
201500020055,0,30,0,0.0,2.0,1.0,1.0,B02
201500020056,0,7,0,0.0,2.0,2.0,2.0,B02
201500020056,0,1,0,0.0,2.0,4.0,2.0,A01
201500020057,0,7,0,0.0,0.0,3.0,13.0,A01
201500020058,0,30,0,0.0,2.0,8.0,1.0,B02
201500020058,0,21,0,0.0,2.0,3.0,15.0,A01
201500020059,0,7,0,0.0,1.0,3.0,1.0,A01
201500020060,0,7,0,0.0,2.0,1.0,1.0,B02
201500020060,0,7,0,2.0,2.0,1.0,14.0,A01
201500020061,0,7,0,0.0,2.0,3.0,1.0,B02
201500020061,0,10,0,0.0,2.0,0.0,1.0,A01
201500020062,0,10,0,0.0,1.0,3.0,1.0,A01
201500020063,0,7,0,0.0,1.0,1.0,1.0,B01
201500020064,0,33,0,0.0,0.0,9.0,1.0,A01
201500020065,0,33,0,0.0,1.0,1.0,17.0,A01
201500020066,0,7,0,0.0,2.0,3.0,2.0,C03
201500020066,0,7,0,0.0,0.0,3.0,1.0,B02
201500020066,0,7,0,0.0,0.0,2.0,13.0,A01
201500020067,0,7,0,0.0,2.0,2.0,15.0,B02
201500020067,0,1,0,0.0,2.0,7.0,1.0,A01
201500020068,0,7,0,0.0,0.0,2.0,1.0,A01
201500020069,0,1,0,0.0,2.0,8.0,1.0,B02
201500020069,0,7,0,0.0,2.0,3.0,15.0,A01
201500020070,0,7,0,0.0,1.0,3.0,1.0,A01
201500020071,0,10,0,0.0,2.0,3.0,1.0,A01
201500020071,0,1,0,0.0,2.0,1.0,1.0,B02
201500020072,0,7,0,0.0,0.0,3.0,0.0,C03
201500020072,0,30,0,0.0,0.0,3.0,0.0,A01
201500020072,0,7,0,0.0,0.0,2.0,0.0,B02
201500020073,0,7,0,0.0,2.0,1.0,1.0,B02
201500020073,0,2,0,0.0,2.0,1.0,11.0,A01
201500020074,0,30,0,0.0,2.0,1.0,1.0,B02
201500020074,0,1,0,0.0,2.0,8.0,15.0,A01
201500020075,0,1,0,16.0,0.0,1.0,1.0,A01
201500020076,0,1,0,0.0,2.0,8.0,1.0,B02
201500020076,1,13,0,0.0,9.0,7.0,17.0,A01
201500020077,0,7,0,0.0,2.0,7.0,16.0,A01
201500020077,0,33,0,0.0,2.0,1.0,1.0,B02
201500020078,0,7,0,0.0,0.0,3.0,0.0,B02
201500020078,0,7,0,0.0,0.0,3.0,0.0,A01
201500020079,0,32,0,0.0,2.0,1.0,5.0,B02
201500020079,0,7,0,0.0,2.0,1.0,5.0,A01
201500020080,0,7,0,0.0,1.0,2.0,0.0,A01
201500020081,0,7,0,0.0,0.0,9.0,17.0,A01
201500020082,0,7,0,0.0,1.0,2.0,1.0,A01
201500020083,0,10,0,0.0,0.0,9.0,1.0,A01
201500020084,0,17,0,0.0,2.0,2.0,1.0,B02
201500020084,0,7,0,0.0,2.0,2.0,13.0,A01
201500020085,0,7,0,0.0,2.0,2.0,1.0,B02
201500020085,0,7,0,0.0,2.0,3.0,15.0,A01
201500020086,0,31,0,7.0,0.0,1.0,1.0,A01
201500020087,0,33,0,0.0,2.0,9.0,1.0,B02
201500020087,0,17,0,0.0,2.0,3.0,16.0,A01
201500020088,0,31,0,0.0,0.0,0.0,0.0,A01
201500020089,0,7,0,0.0,2.0,4.0,9.0,A01
201500020089,0,7,0,0.0,2.0,1.0,2.0,B02
201500020090,0,7,0,0.0,2.0,7.0,15.0,B02
201500020090,0,33,0,0.0,2.0,1.0,1.0,A01
201500020091,0,10,0,0.0,2.0,3.0,13.0,A01
201500020091,0,7,0,0.0,2.0,8.0,1.0,B02
201500020092,0,7,0,0.0,2.0,5.0,24.0,C03
201500020092,0,36,0,1.0,2.0,1.0,5.0,A01
201500020092,0,7,0,0.0,2.0,1.0,1.0,B02
201500020093,0,7,0,0.0,0.0,9.0,1.0,A01
201500020094,0,7,0,0.0,2.0,2.0,15.0,A01
201500020094,0,10,0,0.0,2.0,1.0,1.0,B01
201500020095,0,7,0,1.0,0.0,1.0,1.0,A01
201500020096,0,7,0,0.0,2.0,3.0,15.0,B01
201500020096,0,7,0,0.0,2.0,2.0,9.0,A01
201500020097,0,7,0,0.0,1.0,1.0,1.0,A01
201500020098,0,10,0,0.0,1.0,3.0,1.0,A01
201500020099,0,30,0,0.0,1.0,1.0,17.0,A01
201500020100,0,7,0,0.0,1.0,7.0,1.0,A01
201500020101,0,7,0,0.0,2.0,4.0,23.0,B01
201500020101,0,7,0,0.0,2.0,1.0,2.0,A01
201500020102,0,7,0,9.0,0.0,1.0,1.0,A01
201500020103,0,7,0,0.0,1.0,2.0,14.0,A01
201500020104,0,7,0,0.0,2.0,4.0,23.0,B01
201500020104,0,7,0,0.0,2.0,1.0,2.0,A01
201500020105,0,7,0,0.0,1.0,1.0,1.0,A01
201500020106,0,7,0,0.0,2.0,4.0,23.0,B01
201500020106,0,7,0,0.0,2.0,1.0,1.0,A01
201500020107,0,7,0,0.0,1.0,4.0,4.0,A01
201500020108,0,7,0,0.0,2.0,1.0,1.0,B01
201500020108,0,7,0,2.0,2.0,1.0,1.0,A01
201500020109,0,7,0,0.0,1.0,2.0,1.0,A01
201500020110,0,7,0,0.0,2.0,1.0,1.0,A01
201500020110,0,7,0,0.0,2.0,8.0,1.0,B01
201500020111,0,7,0,0.0,2.0,4.0,2.0,C01
201500020111,0,7,0,0.0,2.0,1.0,2.0,A01
201500020111,0,7,0,0.0,2.0,4.0,2.0,B01
201500020112,0,7,0,0.0,2.0,1.0,2.0,A01
201500020112,0,7,0,0.0,2.0,4.0,23.0,B01
201500020113,0,7,0,3.0,0.0,1.0,1.0,A01
201500020114,0,2,0,12.0,0.0,0.0,1.0,A01
201500020115,0,2,0,12.0,0.0,1.0,1.0,A01
201500020116,0,2,0,1.0,0.0,1.0,1.0,A01
201500020117,0,2,0,0.0,2.0,1.0,9.0,A01
201500020117,0,7,0,0.0,2.0,2.0,1.0,B01
201500020118,0,2,0,1.0,0.0,1.0,1.0,A01
201500020119,0,7,0,0.0,1.0,0.0,1.0,A01
201500020120,0,7,0,15.0,0.0,1.0,1.0,A01
201500020121,0,7,0,0.0,2.0,1.0,1.0,B01
201500020121,0,30,0,0.0,2.0,1.0,19.0,A01
201500020122,0,7,0,0.0,2.0,1.0,1.0,A01
201500020122,0,33,0,0.0,2.0,8.0,1.0,B01
201500020123,0,7,0,0.0,1.0,4.0,4.0,A01
201500020124,0,7,0,0.0,2.0,3.0,1.0,B01
201500020124,0,35,0,0.0,2.0,1.0,9.0,A01
201500020125,0,31,0,0.0,2.0,1.0,1.0,A01
201500020125,0,7,0,0.0,2.0,4.0,1.0,B01
201500020126,0,2,0,0.0,2.0,1.0,1.0,A01
201500020126,0,7,0,0.0,2.0,7.0,20.0,B01
201500020127,0,7,0,6.0,0.0,1.0,0.0,A01
201500020128,0,33,0,0.0,2.0,1.0,17.0,B01
201500020128,0,10,0,0.0,2.0,3.0,15.0,A01
201500020129,0,10,0,6.0,0.0,1.0,1.0,A01
201500020130,1,7,0,0.0,1.0,2.0,1.0,Z01
201500020131,0,7,0,0.0,2.0,4.0,1.0,B01
201500020131,0,7,0,0.0,2.0,1.0,1.0,A01
201500020132,0,7,0,0.0,2.0,4.0,2.0,B01
201500020132,0,7,0,0.0,2.0,4.0,2.0,C01
201500020132,0,7,0,0.0,2.0,1.0,2.0,A01
201500020133,0,30,0,0.0,2.0,1.0,17.0,A01
201500020133,0,7,0,0.0,2.0,1.0,1.0,B01
201500020134,0,7,0,0.0,1.0,0.0,0.0,A01
201500020135,0,2,0,0.0,2.0,1.0,1.0,B01
201500020135,0,7,0,0.0,2.0,1.0,15.0,A01
201500020136,0,33,0,0.0,2.0,4.0,23.0,C01
201500020136,0,7,0,0.0,2.0,4.0,23.0,B01
201500020136,0,7,0,0.0,2.0,1.0,1.0,A01
201500020137,0,7,0,1.0,0.0,1.0,1.0,A01
201500020138,0,7,0,0.0,2.0,4.0,23.0,C01
201500020138,0,7,0,0.0,2.0,4.0,23.0,B01
201500020138,0,7,0,0.0,2.0,1.0,2.0,A01
201500020139,0,7,0,0.0,2.0,4.0,2.0,B01
201500020139,0,7,0,0.0,2.0,1.0,2.0,A01
201500020140,0,7,0,0.0,2.0,7.0,15.0,A01
201500020140,0,7,0,0.0,2.0,1.0,1.0,B01
201500020141,0,7,0,10.0,0.0,1.0,1.0,A01
201500020142,0,7,0,0.0,2.0,1.0,2.0,A01
201500020142,0,7,0,0.0,2.0,4.0,2.0,B01
201500020143,0,30,0,0.0,1.0,2.0,1.0,A01
201500020144,0,7,0,0.0,2.0,6.0,9.0,A01
201500020144,0,30,0,0.0,2.0,1.0,1.0,B01
201500020145,0,99,0,0.0,2.0,3.0,9.0,A01
201500020145,0,30,0,0.0,2.0,1.0,1.0,B01
201500020146,0,7,0,0.0,2.0,2.0,15.0,A01
201500020146,0,7,0,0.0,2.0,1.0,1.0,B01
201500020147,0,7,0,0.0,1.0,1.0,1.0,A01
201500020148,0,7,0,0.0,2.0,6.0,15.0,A01
201500020148,0,33,0,0.0,2.0,1.0,15.0,B01
201500020149,0,32,0,0.0,0.0,0.0,1.0,A01
201500020150,0,7,0,0.0,2.0,1.0,9.0,A01
201500020150,0,7,0,0.0,2.0,8.0,0.0,B01
201500020151,0,1,0,0.0,2.0,8.0,1.0,B01
201500020151,0,7,0,0.0,2.0,3.0,9.0,A01
201500020152,0,31,0,0.0,2.0,1.0,1.0,B01
201500020152,0,7,0,0.0,2.0,7.0,15.0,A01
201500020153,0,7,0,0.0,1.0,1.0,16.0,A01
201500020154,0,32,0,2.0,0.0,1.0,0.0,A01
201500020155,0,7,0,0.0,2.0,1.0,23.0,B01
201500020155,0,7,0,0.0,2.0,3.0,16.0,A01
201500020156,0,31,0,0.0,0.0,0.0,0.0,A01
201500020157,0,7,0,0.0,2.0,1.0,2.0,A01
201500020157,0,33,0,0.0,2.0,4.0,23.0,B01
201500020158,0,30,0,0.0,0.0,0.0,0.0,A01
201500020159,0,7,0,7.0,0.0,1.0,1.0,A01
201500020160,0,7,0,0.0,2.0,6.0,15.0,A01
201500020160,0,7,0,0.0,2.0,1.0,1.0,B01
201500020161,0,7,0,0.0,2.0,4.0,2.0,B01
201500020161,0,7,0,0.0,2.0,1.0,2.0,A01
201500020162,0,7,0,0.0,2.0,2.0,1.0,B01
201500020162,0,1,0,0.0,2.0,1.0,9.0,A01
201500020163,0,7,0,0.0,2.0,1.0,1.0,B01
201500020163,0,7,0,0.0,2.0,1.0,13.0,A01
201500020164,0,14,0,0.0,2.0,1.0,2.0,A01
201500020164,0,7,0,0.0,2.0,4.0,23.0,B01
201500020165,0,33,0,1.0,2.0,1.0,17.0,A01
201500020165,0,7,0,0.0,2.0,3.0,15.0,B01
201500020166,1,1,0,0.0,0.0,0.0,0.0,Z01
201500020166,0,32,0,0.0,2.0,7.0,17.0,B01
201500020167,0,2,0,0.0,2.0,1.0,17.0,B01
201500020167,0,7,0,0.0,2.0,1.0,19.0,A01
201500020168,0,1,0,0.0,2.0,1.0,1.0,B01
201500020168,0,7,0,0.0,2.0,1.0,15.0,A01
201500020169,1,7,0,0.0,2.0,1.0,19.0,A01
201500020169,0,33,0,0.0,2.0,1.0,1.0,B01
201500020170,0,7,0,0.0,2.0,1.0,1.0,B01
201500020170,0,7,0,0.0,2.0,2.0,15.0,A01
201500020171,0,1,0,0.0,2.0,1.0,1.0,B01
201500020171,0,7,0,0.0,2.0,8.0,9.0,A01
201500020172,0,10,0,0.0,2.0,3.0,9.0,B01
201500020172,0,2,0,0.0,2.0,1.0,17.0,A01
201500020173,0,7,0,0.0,1.0,1.0,1.0,A01
201500020174,0,7,0,0.0,2.0,1.0,2.0,A01
201500020174,0,7,0,0.0,2.0,4.0,23.0,B01
201500020175,0,7,0,0.0,2.0,1.0,13.0,A01
201500020175,0,7,0,6.0,2.0,7.0,9.0,B01
201500020176,0,7,0,0.0,2.0,1.0,2.0,A01
201500020176,0,7,0,0.0,2.0,4.0,23.0,B01
201500020177,0,7,0,0.0,1.0,0.0,1.0,A01
201500020178,0,34,0,0.0,2.0,1.0,2.0,B01
201500020178,0,7,0,0.0,2.0,3.0,9.0,A01
201500020179,0,2,0,0.0,2.0,1.0,2.0,A01
201500020179,0,2,0,0.0,2.0,4.0,1.0,B01
201500020180,0,2,0,0.0,0.0,1.0,1.0,A01
201500020181,0,7,0,0.0,1.0,1.0,1.0,A01
201500020182,0,2,0,0.0,2.0,1.0,1.0,B01
201500020182,0,7,0,0.0,2.0,3.0,9.0,A01
201500020183,0,31,0,0.0,0.0,1.0,1.0,A01
201500020184,0,7,0,0.0,1.0,7.0,0.0,A01
201500020185,0,7,0,0.0,2.0,3.0,0.0,A01
201500020185,0,1,0,0.0,2.0,1.0,1.0,B01
201500020186,0,7,0,7.0,0.0,7.0,1.0,A01
201500020187,0,7,0,0.0,2.0,3.0,1.0,B01
201500020187,0,2,0,0.0,2.0,1.0,9.0,A01
201500020188,0,2,0,0.0,2.0,1.0,2.0,A01
201500020188,0,7,0,0.0,2.0,6.0,0.0,B01
201500020189,0,7,0,0.0,2.0,1.0,1.0,A01
201500020189,0,7,0,0.0,2.0,4.0,1.0,B01
201500020190,0,31,0,0.0,2.0,1.0,1.0,B01
201500020190,0,7,0,0.0,2.0,3.0,9.0,A01
201500020191,0,7,0,0.0,2.0,8.0,15.0,A01
201500020191,0,2,0,0.0,2.0,1.0,17.0,B01
201500020192,0,30,0,0.0,0.0,0.0,1.0,A01
201500020193,0,10,0,0.0,2.0,4.0,1.0,B01
201500020193,0,7,0,0.0,2.0,1.0,1.0,A01
201500020194,0,7,0,0.0,2.0,2.0,2.0,A01
201500020194,0,1,0,0.0,2.0,4.0,3.0,B01
201500020195,2,3,0,0.0,1.0,1.0,1.0,A01
201500020196,0,7,0,11.0,0.0,9.0,1.0,A01
201500020197,0,30,0,0.0,2.0,1.0,1.0,B01
201500020197,0,7,0,0.0,2.0,3.0,15.0,A01
201500020198,0,7,0,0.0,2.0,7.0,9.0,A01
201500020198,0,30,0,0.0,2.0,1.0,1.0,B01
201500020199,0,7,0,0.0,1.0,8.0,1.0,A01
201500020200,0,1,0,0.0,2.0,4.0,1.0,B01
201500020200,0,7,0,0.0,2.0,1.0,0.0,A01
201500020201,0,7,0,0.0,1.0,1.0,1.0,A01
201500020202,0,7,0,0.0,1.0,4.0,4.0,A01
201500020203,0,30,0,0.0,2.0,9.0,1.0,A01
201500020203,0,7,0,0.0,2.0,1.0,1.0,B01
201500020204,0,7,0,0.0,2.0,1.0,1.0,A01
201500020204,0,7,0,0.0,2.0,4.0,2.0,B01
201500020205,0,7,0,0.0,2.0,1.0,1.0,B01
201500020205,0,7,0,0.0,2.0,1.0,15.0,A01
201500020206,0,7,0,0.0,1.0,0.0,15.0,A01
201500020207,0,7,0,0.0,2.0,7.0,0.0,B01
201500020207,0,7,0,0.0,2.0,1.0,9.0,A01
201500020208,0,10,0,0.0,1.0,1.0,1.0,A01
201500020209,0,7,0,0.0,2.0,2.0,1.0,B01
201500020209,0,7,0,0.0,2.0,1.0,9.0,A01
201500020210,0,1,0,0.0,2.0,1.0,2.0,B01
201500020210,1,10,0,0.0,2.0,4.0,4.0,Z01
201500020211,0,2,0,0.0,2.0,1.0,17.0,A01
201500020211,0,7,0,0.0,2.0,8.0,15.0,B01
201500020212,0,7,0,0.0,2.0,1.0,1.0,A01
201500020212,0,7,0,0.0,2.0,4.0,1.0,B01
201500020213,0,30,0,0.0,2.0,1.0,1.0,A01
201500020213,0,7,0,0.0,2.0,4.0,1.0,B01
201500020214,0,30,0,0.0,2.0,1.0,17.0,A01
201500020214,0,7,0,0.0,2.0,8.0,15.0,B01
201500020215,0,7,0,0.0,2.0,5.0,2.0,B01
201500020215,0,2,0,0.0,2.0,1.0,2.0,A01
201500020216,0,1,0,0.0,2.0,1.0,1.0,B01
201500020216,0,7,0,0.0,2.0,7.0,15.0,A01
201500020217,0,33,0,0.0,2.0,8.0,17.0,B02
201500020217,0,7,0,0.0,2.0,6.0,2.0,C03
201500020217,0,7,0,0.0,2.0,1.0,16.0,A01
201500020218,0,7,0,0.0,2.0,1.0,0.0,B02
201500020218,0,7,0,0.0,2.0,1.0,13.0,A01
201500020219,0,7,0,0.0,2.0,7.0,15.0,A01
201500020219,0,2,0,0.0,2.0,8.0,1.0,B02
201500020220,0,14,0,4.0,2.0,5.0,23.0,A01
201500020220,0,17,0,1.0,0.0,3.0,13.0,B02
201500020221,0,30,0,0.0,2.0,1.0,1.0,A01
201500020221,0,7,0,0.0,2.0,7.0,15.0,B02
201500020222,0,7,0,2.0,0.0,3.0,1.0,A01
201500020223,0,31,0,0.0,0.0,0.0,1.0,A01
201500020223,0,31,0,0.0,0.0,0.0,1.0,B02
201500020224,0,31,0,0.0,0.0,0.0,1.0,A01
201500020225,0,7,0,0.0,2.0,4.0,1.0,A01
201500020225,0,7,0,0.0,2.0,1.0,1.0,B02
201500020226,0,33,0,0.0,2.0,8.0,0.0,B02
201500020226,0,33,0,0.0,2.0,4.0,0.0,D04
201500020226,0,33,0,0.0,2.0,1.0,0.0,C03
201500020226,0,33,0,0.0,2.0,7.0,13.0,A01
201500020227,0,10,0,2.0,0.0,2.0,1.0,A01
201500020228,0,1,0,0.0,2.0,1.0,1.0,B02
201500020228,0,7,0,0.0,0.0,4.0,1.0,A01
201500020229,0,33,0,0.0,1.0,1.0,1.0,B02
201500020229,0,7,0,0.0,2.0,3.0,9.0,A01
201500020230,0,7,0,0.0,1.0,3.0,1.0,A01
201500020231,0,7,0,0.0,2.0,1.0,1.0,A01
201500020231,0,2,0,0.0,2.0,7.0,1.0,B01
201500020232,0,7,0,1.0,0.0,1.0,14.0,A01
201500020233,0,99,0,8.0,0.0,7.0,1.0,A01
201500020234,0,7,0,0.0,1.0,1.0,21.0,A01
201500020235,0,7,0,0.0,6.0,4.0,1.0,A01
201500020235,0,33,0,14.0,6.0,1.0,1.0,B01
201500020236,1,14,0,0.0,1.0,1.0,1.0,A01
201500020237,0,7,0,0.0,1.0,1.0,2.0,A01
201500020238,0,7,0,0.0,1.0,1.0,0.0,A01
201500020239,0,7,0,0.0,1.0,2.0,21.0,A01
201500020240,0,7,0,0.0,2.0,1.0,1.0,B01
201500020240,0,7,0,0.0,2.0,8.0,1.0,A01
201500020241,0,7,0,3.0,2.0,3.0,13.0,A01
201500020241,0,7,0,0.0,2.0,3.0,1.0,B01
201500020242,0,7,0,0.0,2.0,3.0,2.0,A01
201500020242,0,7,0,9.0,0.0,6.0,15.0,B01
201500020243,0,7,0,0.0,2.0,1.0,13.0,A01
201500020243,0,7,0,0.0,2.0,3.0,1.0,B01
201500020244,0,10,0,0.0,2.0,1.0,2.0,A01
201500020244,0,7,0,0.0,2.0,1.0,16.0,B01
201500020245,0,30,0,0.0,2.0,1.0,1.0,A01
201500020245,0,7,0,0.0,2.0,1.0,15.0,B01
201500020246,0,1,0,1.0,0.0,7.0,5.0,A01
201500020247,0,7,0,0.0,2.0,1.0,1.0,A01
201500020247,0,7,0,0.0,2.0,7.0,1.0,B01
201500020248,0,7,0,0.0,0.0,1.0,0.0,A01
201500020249,0,2,0,1.0,0.0,1.0,1.0,B01
201500020250,0,10,0,0.0,1.0,3.0,1.0,A01
201500020251,0,33,0,16.0,0.0,1.0,1.0,A01
201500020252,0,2,0,0.0,0.0,1.0,1.0,A01
201500020253,0,7,0,0.0,2.0,2.0,1.0,A01
201500020253,0,7,0,0.0,2.0,1.0,15.0,B02
201500020254,0,7,0,0.0,2.0,3.0,15.0,A01
201500020254,0,33,0,0.0,2.0,3.0,1.0,B02
201500020255,0,2,0,0.0,2.0,3.0,1.0,A01
201500020255,0,7,0,0.0,2.0,3.0,15.0,B02
201500020256,0,7,0,0.0,2.0,1.0,1.0,B01
201500020256,0,7,0,0.0,2.0,1.0,19.0,A01
201500020257,0,7,0,0.0,1.0,2.0,11.0,A01
201500020258,0,1,0,0.0,2.0,0.0,0.0,A01
201500020258,0,7,0,0.0,2.0,1.0,1.0,B01
201500020259,0,7,0,9.0,0.0,1.0,1.0,A01
201500020260,0,7,0,0.0,2.0,1.0,1.0,B01
201500020260,0,7,0,4.0,2.0,8.0,19.0,A01
201500020261,0,10,0,0.0,1.0,1.0,1.0,A01
201500020262,0,33,0,0.0,2.0,7.0,1.0,B01
201500020262,0,7,0,0.0,2.0,8.0,0.0,A01
201500020263,0,33,0,0.0,2.0,7.0,1.0,B01
201500020263,0,7,0,0.0,2.0,3.0,19.0,A01
201500020264,0,7,0,0.0,2.0,1.0,19.0,A01
201500020264,0,7,0,0.0,2.0,2.0,1.0,B01
201500020264,0,7,0,0.0,2.0,3.0,1.0,C01
201500020265,0,7,0,0.0,2.0,6.0,17.0,A01
201500020265,0,1,0,0.0,2.0,3.0,16.0,B01
201500020266,1,7,0,0.0,2.0,5.0,17.0,A01
201500020266,0,2,0,0.0,2.0,3.0,0.0,B01
201500020267,0,2,0,0.0,1.0,1.0,15.0,A01
201500020268,0,7,0,0.0,2.0,1.0,9.0,A01
201500020268,0,7,0,0.0,2.0,7.0,1.0,B01
201500020269,0,7,0,0.0,1.0,1.0,15.0,A01
201500020270,0,7,0,0.0,1.0,1.0,1.0,A01
201500020271,0,7,0,0.0,1.0,1.0,2.0,A01
201500020272,0,7,0,0.0,1.0,2.0,1.0,A01
201500020273,0,7,0,0.0,9.0,1.0,1.0,A01
201500020273,0,20,0,0.0,2.0,7.0,0.0,B01
201500020274,0,10,0,0.0,2.0,3.0,19.0,A01
201500020274,0,7,0,0.0,2.0,2.0,1.0,B01
201500020275,0,7,0,0.0,1.0,2.0,2.0,A01
201500020276,0,7,0,0.0,1.0,2.0,1.0,A01
201500020277,0,7,0,0.0,2.0,3.0,15.0,A01
201500020277,0,7,0,1.0,2.0,2.0,1.0,B01
201500020278,0,7,0,4.0,2.0,4.0,1.0,B01
201500020278,1,7,0,0.0,2.0,1.0,2.0,Z01
201500020279,0,7,0,8.0,0.0,7.0,1.0,A01
201500020280,0,33,0,0.0,2.0,1.0,1.0,B01
201500020280,0,7,0,0.0,2.0,3.0,15.0,A01
201500020281,0,10,0,0.0,2.0,3.0,16.0,A01
201500020281,0,1,0,0.0,2.0,1.0,1.0,B01
201500020282,0,7,0,0.0,2.0,3.0,15.0,B01
201500020282,0,30,0,0.0,2.0,2.0,1.0,A01
201500020283,0,33,0,0.0,2.0,1.0,1.0,B01
201500020283,0,7,0,0.0,2.0,2.0,15.0,A01
201500020284,0,7,0,0.0,2.0,2.0,15.0,A01
201500020284,0,33,0,0.0,2.0,1.0,1.0,B01
201500020285,0,7,0,0.0,4.0,8.0,15.0,A01
201500020285,0,40,0,0.0,2.0,1.0,1.0,B01
201500020286,0,2,0,0.0,2.0,1.0,1.0,A01
201500020286,0,7,0,0.0,2.0,7.0,1.0,B01
201500020287,0,7,0,0.0,1.0,1.0,1.0,A01
201500020288,0,7,0,0.0,1.0,1.0,1.0,A01
201500020289,0,33,0,0.0,2.0,0.0,0.0,B01
201500020289,0,7,0,0.0,2.0,0.0,0.0,A01
201500020290,0,33,0,0.0,2.0,1.0,1.0,A01
201500020290,0,7,0,0.0,2.0,0.0,0.0,B01
201500020291,0,37,0,0.0,2.0,2.0,15.0,A01
201500020291,0,32,0,0.0,2.0,1.0,1.0,B01
201500020292,0,1,0,0.0,0.0,0.0,0.0,A01
201500020293,0,33,0,0.0,1.0,1.0,1.0,A01
201500020294,0,7,0,0.0,2.0,0.0,0.0,A01
201500020294,0,1,0,0.0,0.0,0.0,0.0,B01
201500020295,0,30,0,0.0,1.0,1.0,1.0,A01
201500020296,0,7,0,0.0,2.0,3.0,1.0,B01
201500020296,0,30,0,0.0,2.0,2.0,1.0,A01
201500020297,0,37,10,0.0,1.0,0.0,0.0,A01
201500020298,0,7,0,0.0,2.0,0.0,0.0,A01
201500020298,0,30,0,0.0,2.0,0.0,0.0,B01
201500020299,0,7,0,0.0,2.0,8.0,1.0,B01
201500020299,0,2,0,0.0,2.0,1.0,1.0,A01
201500020300,0,7,0,0.0,2.0,3.0,15.0,A01
201500020300,0,33,0,0.0,2.0,1.0,1.0,B01
201500020301,0,33,0,11.0,2.0,2.0,1.0,A01
201500020301,0,1,0,0.0,2.0,6.0,13.0,B01
201500020302,0,7,0,0.0,2.0,1.0,1.0,A01
201500020302,0,1,0,0.0,2.0,0.0,0.0,B01
201500020303,0,2,0,0.0,2.0,1.0,1.0,A01
201500020303,0,7,0,0.0,2.0,6.0,1.0,B01
201500020304,0,7,0,0.0,2.0,1.0,0.0,A01
201500020304,0,7,0,0.0,2.0,6.0,0.0,B01
201500020304,0,7,0,0.0,2.0,1.0,0.0,C01
201500020305,0,7,0,6.0,0.0,1.0,0.0,A01
201500020306,0,7,0,0.0,1.0,1.0,1.0,A01
201500020307,0,7,0,0.0,1.0,1.0,1.0,A01
201500020308,1,99,0,0.0,1.0,0.0,0.0,Z01
201500020309,0,33,0,0.0,0.0,0.0,0.0,B01
201500020309,0,33,0,0.0,2.0,0.0,0.0,A01
201500020310,2,7,0,6.0,0.0,1.0,0.0,A01
201500020311,0,7,0,0.0,2.0,7.0,23.0,C01
201500020311,2,7,0,0.0,2.0,1.0,1.0,A01
201500020311,0,7,0,0.0,2.0,4.0,23.0,B01
201500020312,0,7,0,0.0,1.0,2.0,0.0,A01
201500020313,0,7,0,0.0,2.0,0.0,0.0,B01
201500020313,0,30,0,0.0,2.0,2.0,0.0,A01
201500020314,0,33,0,6.0,2.0,0.0,0.0,A01
201500020314,0,7,0,0.0,2.0,0.0,0.0,B01
201500020315,0,31,0,0.0,2.0,7.0,1.0,B01