Num_Acc,senc,catv,occutc,obs,obsm,choc,manv,num_veh
201500020315,1,7,0,0.0,2.0,1.0,1.0,Z01
201500020316,0,7,0,0.0,0.0,7.0,1.0,A01
201500020316,0,1,0,0.0,2.0,8.0,0.0,B01
201500020317,0,2,0,0.0,2.0,1.0,15.0,A01
201500020317,0,7,0,0.0,2.0,3.0,1.0,B01
201500020318,1,7,0,0.0,1.0,0.0,0.0,A01
201500020319,0,33,0,0.0,2.0,0.0,0.0,B01
201500020319,0,7,0,0.0,2.0,1.0,15.0,A01
201500020320,0,7,0,0.0,2.0,1.0,1.0,A01
201500020320,0,7,0,3.0,2.0,8.0,13.0,B01
201500020321,0,7,0,11.0,1.0,2.0,1.0,A01
201500020322,0,2,0,0.0,2.0,1.0,1.0,B01
201500020322,0,7,0,0.0,2.0,1.0,15.0,A01
201500020323,0,7,0,0.0,2.0,1.0,1.0,B01
201500020323,0,7,0,0.0,2.0,1.0,1.0,A01
201500020324,0,7,0,0.0,0.0,8.0,19.0,A01
201500020324,0,7,0,0.0,0.0,1.0,1.0,B02
201500020325,0,7,0,0.0,2.0,3.0,0.0,B02
201500020325,0,7,0,0.0,2.0,3.0,0.0,A01
201500020326,0,33,0,13.0,0.0,7.0,14.0,A01
201500020327,0,7,0,13.0,6.0,1.0,21.0,A01
201500020328,0,31,0,0.0,2.0,6.0,15.0,B02
201500020328,0,33,0,0.0,2.0,1.0,1.0,A01
201500020329,0,32,0,0.0,0.0,2.0,1.0,A01
201500020330,0,36,0,6.0,0.0,1.0,1.0,A01
201500020331,0,7,0,0.0,0.0,2.0,1.0,A01
201500020331,0,7,0,0.0,0.0,3.0,1.0,B02
201500020332,0,7,0,0.0,2.0,1.0,1.0,A01
201500020332,0,7,0,0.0,0.0,4.0,23.0,B02
201500020333,0,7,0,8.0,0.0,1.0,1.0,A01
201500020334,0,3,0,0.0,2.0,1.0,2.0,A01
201500020334,0,7,0,0.0,0.0,4.0,2.0,B01
201500020335,0,14,0,13.0,0.0,1.0,1.0,A01
201500020336,0,10,0,0.0,2.0,2.0,15.0,A01
201500020336,0,7,0,0.0,2.0,1.0,1.0,B01
201500020337,0,7,0,0.0,0.0,2.0,14.0,A01
201500020338,0,7,0,0.0,2.0,1.0,2.0,A01
201500020338,0,7,0,0.0,2.0,4.0,2.0,B01
201500020338,0,7,0,0.0,2.0,1.0,2.0,C01
201500020339,0,33,0,0.0,0.0,1.0,0.0,A01
201500020340,0,33,0,0.0,2.0,3.0,17.0,A01
201500020340,0,7,0,0.0,0.0,3.0,15.0,B01
201500020341,0,7,0,0.0,0.0,0.0,10.0,A01
201500020341,0,7,0,13.0,0.0,0.0,21.0,B01
201500020342,0,30,0,15.0,0.0,6.0,18.0,A01
201500020343,0,7,0,0.0,2.0,8.0,1.0,A01
201500020343,0,2,0,0.0,2.0,8.0,1.0,B01
201500020344,0,7,0,8.0,0.0,2.0,15.0,A01
201500020344,1,2,0,0.0,0.0,0.0,5.0,Z01
201500020345,0,31,0,0.0,1.0,1.0,1.0,A01
201500020346,0,38,1,0.0,2.0,1.0,1.0,A01
201500020346,0,7,0,0.0,2.0,4.0,23.0,B01
201500020347,0,10,0,0.0,2.0,5.0,2.0,A01
201500020347,0,1,0,0.0,2.0,8.0,2.0,B01
201500020348,0,7,0,0.0,0.0,9.0,0.0,A01
201500020349,0,7,0,0.0,2.0,2.0,15.0,A01
201500020349,0,30,0,0.0,2.0,0.0,1.0,B01
201500020350,0,7,0,0.0,9.0,2.0,16.0,A01
201500020350,0,1,0,0.0,2.0,1.0,19.0,B01
201500020351,0,33,0,0.0,2.0,2.0,0.0,A01
201500020351,0,7,0,0.0,0.0,6.0,0.0,B01
201500020352,0,7,0,0.0,2.0,3.0,13.0,A01
201500020352,0,7,0,0.0,2.0,8.0,1.0,B01
201500020353,0,7,0,15.0,0.0,1.0,1.0,A01
201500020354,0,7,0,0.0,2.0,2.0,1.0,A01
201500020354,0,1,0,0.0,0.0,1.0,1.0,B01
201500020355,0,7,0,0.0,2.0,7.0,15.0,A01
201500020355,0,7,0,0.0,2.0,3.0,1.0,B01
201500020356,0,10,0,0.0,0.0,1.0,15.0,A01
201500020356,0,2,0,0.0,0.0,0.0,0.0,B01
201500020357,0,1,0,0.0,0.0,0.0,0.0,A01
201500020358,0,7,0,1.0,0.0,4.0,6.0,A01
201500020359,0,7,0,0.0,1.0,2.0,1.0,A01
201500020360,0,7,0,0.0,1.0,1.0,1.0,A01
201500020361,0,7,0,0.0,1.0,1.0,1.0,A01
201500020362,0,7,0,0.0,2.0,1.0,11.0,A01
201500020362,0,7,0,0.0,2.0,1.0,1.0,B01
201500020362,0,7,0,1.0,0.0,1.0,1.0,C01
201500020363,0,7,0,13.0,0.0,0.0,1.0,A01
201500020364,0,7,0,0.0,2.0,7.0,15.0,A01
201500020364,0,30,0,0.0,2.0,0.0,0.0,B01
201500020365,0,7,0,0.0,2.0,3.0,9.0,A01
201500020365,0,7,0,0.0,2.0,3.0,1.0,B01
201500020366,0,7,0,13.0,0.0,7.0,14.0,A01
201500020367,0,7,0,0.0,1.0,2.0,1.0,A01
201500020368,0,10,0,0.0,2.0,7.0,0.0,B01
201500020368,0,7,0,0.0,2.0,2.0,1.0,A01
201500020369,0,7,0,7.0,0.0,1.0,14.0,A01
201500020370,0,7,0,3.0,2.0,1.0,14.0,A01
201500020370,0,7,0,0.0,2.0,7.0,0.0,B01
201500020371,0,7,0,0.0,1.0,7.0,1.0,A01
201500020372,0,7,0,0.0,2.0,7.0,9.0,A01
201500020372,0,1,0,0.0,2.0,8.0,9.0,B01
201500020373,0,7,0,0.0,1.0,1.0,1.0,A01
201500020374,0,7,0,6.0,0.0,1.0,0.0,B01
201500020374,1,7,0,0.0,0.0,0.0,0.0,Z01
201500020375,0,33,0,0.0,0.0,1.0,1.0,A01
201500020376,0,7,0,0.0,2.0,5.0,15.0,A01
201500020376,0,2,0,0.0,2.0,2.0,1.0,B01
201500020377,0,7,0,0.0,2.0,3.0,16.0,A01
201500020377,0,1,0,0.0,2.0,1.0,19.0,B01
201500020378,0,7,0,0.0,1.0,4.0,20.0,A01
201500020379,0,7,0,0.0,2.0,3.0,9.0,A01
201500020379,0,2,0,0.0,2.0,1.0,17.0,B01
201500020380,0,10,0,0.0,2.0,3.0,9.0,A01
201500020380,0,7,0,0.0,2.0,7.0,1.0,B01
201500020381,0,7,0,0.0,1.0,2.0,1.0,A01
201500020382,0,7,0,0.0,2.0,1.0,9.0,B01
201500020382,0,7,0,0.0,2.0,1.0,15.0,A01
201500020383,0,2,0,0.0,2.0,1.0,1.0,A01
201500020383,0,7,0,0.0,0.0,4.0,15.0,B01
201500020384,0,7,0,0.0,2.0,1.0,1.0,A01
201500020384,0,7,0,0.0,0.0,4.0,1.0,B01
201500020385,0,7,0,0.0,1.0,6.0,4.0,A01
201500020386,0,7,0,0.0,2.0,8.0,10.0,A01
201500020386,0,33,0,0.0,2.0,1.0,1.0,B01
201500020387,0,7,0,0.0,1.0,2.0,1.0,A01
201500020388,0,33,0,3.0,0.0,0.0,1.0,A01
201500020389,0,7,0,0.0,0.0,3.0,13.0,A01
201500020389,0,17,0,0.0,2.0,3.0,1.0,B01
201500020390,0,7,0,0.0,2.0,1.0,2.0,A01
201500020390,0,7,0,0.0,2.0,4.0,2.0,B01
201500020391,0,7,0,0.0,2.0,2.0,1.0,A01
201500020391,0,7,0,0.0,2.0,2.0,1.0,B01
201500020392,0,7,0,0.0,0.0,0.0,0.0,A01
201500020393,0,7,0,0.0,2.0,4.0,2.0,A01
201500020393,0,7,0,0.0,2.0,4.0,2.0,B01
201500020393,0,7,0,0.0,2.0,3.0,0.0,C01
201500020393,0,7,0,0.0,0.0,0.0,0.0,D01
201500020394,0,7,0,0.0,2.0,1.0,13.0,A01
201500020394,0,7,0,12.0,2.0,8.0,1.0,B01
201500020395,0,2,0,1.0,0.0,2.0,14.0,A01
201500020396,0,7,0,0.0,1.0,3.0,0.0,A01
201500020397,0,32,0,0.0,2.0,7.0,1.0,B01
201500020397,1,7,0,0.0,2.0,0.0,0.0,Z01
201500020398,0,7,0,0.0,2.0,5.0,1.0,B01
201500020398,0,7,0,0.0,2.0,2.0,0.0,A01
201500020399,0,33,0,0.0,2.0,0.0,0.0,B01
201500020399,0,2,0,0.0,2.0,0.0,0.0,A01
201500020400,0,7,0,11.0,0.0,1.0,0.0,A01
201500020401,0,7,0,1.0,2.0,1.0,1.0,A01
201500020401,0,7,0,0.0,0.0,4.0,23.0,B01
201500020402,0,30,0,0.0,2.0,8.0,1.0,A01
201500020402,0,7,0,0.0,2.0,7.0,17.0,B01
201500020403,0,7,0,4.0,0.0,0.0,0.0,A01
201500020404,0,2,0,0.0,2.0,1.0,1.0,A01
201500020404,0,7,0,0.0,0.0,5.0,0.0,B01
201500020405,0,7,0,0.0,2.0,3.0,2.0,A01
201500020405,0,7,0,0.0,2.0,5.0,2.0,B01
201500020406,0,37,41,0.0,2.0,2.0,1.0,A01
201500020406,0,7,0,0.0,2.0,3.0,15.0,B01
201500020407,0,3,0,1.0,0.0,2.0,14.0,A01
201500020408,0,7,0,8.0,2.0,3.0,1.0,B01
201500020408,0,7,0,0.0,2.0,1.0,1.0,A01
201500020409,0,7,0,0.0,2.0,1.0,15.0,A01
201500020409,0,33,0,0.0,2.0,8.0,1.0,B01
201500020410,0,1,0,15.0,0.0,0.0,1.0,A01
201500020411,0,7,0,16.0,2.0,1.0,19.0,A01
201500020411,0,7,0,0.0,2.0,3.0,1.0,B01
201500020412,0,7,0,0.0,2.0,1.0,13.0,A01
201500020412,0,7,0,0.0,2.0,1.0,1.0,B01
201500020413,0,33,0,0.0,2.0,5.0,1.0,B01
201500020413,0,30,0,0.0,2.0,1.0,16.0,A01
201500020414,0,7,0,0.0,2.0,4.0,2.0,A01
201500020414,0,7,0,0.0,2.0,1.0,2.0,B01
201500020414,0,7,0,0.0,2.0,1.0,2.0,C01
201500020414,0,7,0,0.0,2.0,1.0,2.0,D01
201500020414,0,7,0,0.0,2.0,1.0,2.0,E01
201500020414,0,7,0,0.0,2.0,1.0,2.0,F02
201500020415,0,7,0,0.0,2.0,1.0,1.0,A01
201500020415,0,7,0,0.0,0.0,4.0,1.0,B01
201500020416,0,30,0,0.0,1.0,1.0,17.0,A01
201500020417,0,7,0,0.0,2.0,3.0,0.0,A01
201500020417,0,7,0,0.0,2.0,3.0,15.0,B01
201500020418,0,7,0,3.0,0.0,1.0,0.0,A01
201500020419,0,30,0,0.0,2.0,1.0,1.0,B01
201500020419,0,7,0,0.0,2.0,8.0,9.0,A01
201500020420,0,7,0,0.0,1.0,2.0,1.0,A01
201500020421,0,7,0,2.0,0.0,0.0,1.0,A01
201500020422,0,7,0,0.0,2.0,3.0,2.0,A01
201500020422,0,7,0,14.0,0.0,3.0,2.0,B01
201500020423,0,7,0,0.0,2.0,2.0,2.0,A01
201500020423,0,7,0,0.0,2.0,6.0,1.0,B01
201500020424,0,7,0,0.0,0.0,0.0,15.0,A01
201500020424,0,33,0,0.0,0.0,0.0,1.0,B01
201500020425,0,30,0,12.0,0.0,0.0,1.0,A01
201500020426,1,10,0,0.0,2.0,0.0,14.0,A01
201500020426,0,1,0,0.0,2.0,1.0,1.0,B01
201500020427,0,7,0,6.0,0.0,1.0,16.0,A01
201500020428,0,7,0,0.0,2.0,3.0,15.0,A01
201500020428,0,7,0,0.0,2.0,3.0,1.0,B01
201500020429,0,7,0,13.0,0.0,8.0,1.0,A01
201500020430,0,2,0,0.0,2.0,1.0,5.0,A01
201500020430,0,7,0,0.0,2.0,3.0,1.0,B01
201500020430,0,2,0,0.0,2.0,1.0,2.0,C01
201500020430,0,2,0,0.0,2.0,1.0,2.0,D01
201500020431,0,7,0,0.0,2.0,1.0,13.0,A01
201500020431,0,7,0,0.0,2.0,1.0,1.0,B01
201500020432,0,7,0,6.0,0.0,4.0,4.0,A01
201500020433,0,30,0,0.0,0.0,1.0,1.0,A01
201500020434,0,7,0,0.0,2.0,1.0,13.0,A01
201500020434,0,10,0,0.0,2.0,3.0,1.0,B01
201500020435,0,7,0,0.0,2.0,3.0,19.0,A01
201500020435,0,37,3,0.0,2.0,3.0,1.0,B01
201500020436,0,7,0,1.0,0.0,1.0,20.0,A01
201500020436,0,7,0,0.0,2.0,1.0,0.0,B01
201500020437,0,2,0,0.0,2.0,8.0,0.0,A01
201500020438,0,7,0,3.0,0.0,1.0,1.0,A01
201500020439,0,7,0,0.0,2.0,1.0,1.0,A01
201500020439,0,1,0,0.0,2.0,7.0,15.0,B01
201500020440,0,7,0,0.0,2.0,3.0,2.0,A01
201500020440,0,7,0,0.0,2.0,3.0,2.0,B01
201500020440,0,7,0,0.0,2.0,3.0,2.0,C01
201500020441,0,7,0,0.0,2.0,4.0,2.0,A01
201500020441,1,7,0,0.0,2.0,1.0,2.0,B01
201500020442,0,7,0,0.0,2.0,3.0,0.0,A01
201500020442,0,7,0,0.0,2.0,3.0,0.0,B01
201500020442,0,7,0,1.0,0.0,0.0,0.0,C01
201500020443,0,33,0,0.0,2.0,1.0,0.0,A01
201500020443,0,7,0,0.0,0.0,0.0,0.0,B01
201500020444,0,7,0,0.0,1.0,3.0,1.0,A01
201500020445,0,30,0,0.0,2.0,1.0,17.0,A01
201500020445,0,7,0,0.0,2.0,6.0,0.0,B01
201500020445,0,7,0,0.0,2.0,3.0,1.0,C01
201500020446,0,7,0,0.0,1.0,8.0,1.0,A01
201500020447,0,1,0,0.0,1.0,1.0,1.0,A01
201500020448,0,7,0,0.0,2.0,3.0,13.0,A01
201500020448,0,7,0,0.0,2.0,3.0,1.0,B01
201500020449,0,7,0,8.0,0.0,1.0,1.0,A01
201500020450,0,7,0,0.0,1.0,7.0,1.0,A01
201500020451,0,30,0,0.0,1.0,1.0,0.0,A01
201500020452,0,7,0,3.0,0.0,3.0,14.0,A01
201500020453,0,7,0,8.0,0.0,2.0,14.0,A01
201500020454,0,7,0,0.0,2.0,3.0,1.0,A01
201500020454,0,7,0,0.0,2.0,3.0,15.0,B01
201500020454,0,7,0,0.0,2.0,3.0,0.0,C01
201500020455,0,7,0,0.0,2.0,3.0,5.0,A01
201500020455,0,7,0,0.0,2.0,3.0,1.0,B01
201500020456,0,10,0,0.0,2.0,1.0,1.0,A01
201500020456,0,7,0,0.0,2.0,4.0,1.0,B01
201500020456,0,7,0,0.0,2.0,4.0,1.0,C01
201500020457,0,7,0,16.0,0.0,8.0,0.0,A01
201500020458,0,7,0,0.0,2.0,0.0,1.0,B01
201500020458,0,7,0,0.0,2.0,8.0,15.0,A01
201500020459,0,31,0,0.0,2.0,1.0,1.0,B01
201500020459,0,7,0,0.0,2.0,3.0,9.0,A01
201500020460,0,30,0,0.0,0.0,0.0,1.0,A01
201500020461,0,7,0,0.0,2.0,3.0,0.0,A01
201500020461,0,7,0,0.0,2.0,8.0,1.0,B01
201500020462,0,7,0,0.0,1.0,3.0,20.0,A01
201500020463,0,7,0,0.0,2.0,2.0,15.0,A01
201500020463,0,30,0,0.0,2.0,3.0,16.0,B01
201500020464,0,7,0,2.0,0.0,1.0,13.0,A01
201500020465,0,10,0,0.0,2.0,7.0,16.0,A01
201500020465,0,1,0,0.0,2.0,3.0,1.0,B01
201500020466,0,10,0,0.0,1.0,4.0,4.0,A01
201500020467,1,7,0,0.0,1.0,1.0,16.0,Z01
201500020468,0,7,0,0.0,2.0,8.0,9.0,A01
201500020468,0,7,0,0.0,2.0,1.0,1.0,B01
201500020469,1,99,0,0.0,1.0,2.0,0.0,Z01
201500020470,0,7,0,0.0,2.0,3.0,10.0,A01
201500020470,0,2,0,0.0,2.0,1.0,1.0,B01
201500020471,0,7,0,0.0,1.0,3.0,1.0,A01
201500020472,0,2,0,0.0,9.0,0.0,1.0,A01
201500020473,0,7,0,15.0,0.0,1.0,1.0,A01
201500020474,0,7,0,13.0,0.0,3.0,1.0,A01
201500020475,0,7,0,0.0,1.0,2.0,1.0,A01
201500020476,0,30,0,0.0,0.0,0.0,1.0,A01
201500020477,0,2,0,16.0,0.0,0.0,1.0,A01
201500020478,0,7,0,0.0,1.0,1.0,1.0,A01
201500020479,0,7,0,13.0,0.0,7.0,1.0,A01
201500020480,0,31,0,0.0,2.0,1.0,1.0,B01
201500020480,0,7,0,0.0,0.0,6.0,9.0,A01
201500020481,0,7,0,0.0,2.0,1.0,2.0,A01
201500020481,0,37,1,0.0,2.0,5.0,2.0,B01
201500020482,0,31,0,0.0,2.0,1.0,1.0,A01
201500020482,0,7,0,0.0,2.0,1.0,15.0,B01
201500020483,0,7,0,0.0,2.0,8.0,9.0,A01
201500020483,0,1,0,0.0,2.0,7.0,1.0,B01
201500020484,0,2,0,16.0,0.0,0.0,1.0,A01
201500020485,0,7,0,0.0,2.0,1.0,19.0,A01
201500020485,0,7,0,0.0,2.0,8.0,19.0,B01
201500020486,0,7,0,1.0,1.0,2.0,20.0,A01
201500020487,0,7,0,13.0,0.0,1.0,1.0,A01
201500020488,0,7,0,0.0,1.0,8.0,1.0,A01
201500020489,0,7,0,0.0,0.0,4.0,15.0,V01
201500020489,0,7,0,0.0,2.0,1.0,0.0,A01
201500020490,0,7,0,0.0,2.0,2.0,15.0,A01
201500020490,0,2,0,0.0,2.0,1.0,1.0,B01
201500020491,0,7,0,0.0,1.0,3.0,1.0,A01
201500020492,0,7,0,0.0,1.0,1.0,1.0,A01
201500020493,0,7,0,8.0,1.0,3.0,14.0,A01
201500020494,0,2,0,0.0,2.0,1.0,2.0,B01
201500020494,0,7,0,0.0,2.0,3.0,15.0,A01
201500020495,0,7,0,0.0,2.0,1.0,0.0,A01
201500020495,0,7,0,0.0,2.0,7.0,19.0,B01
201500020496,0,7,0,0.0,2.0,2.0,15.0,A01
201500020496,0,2,0,0.0,0.0,8.0,1.0,B01
201500020497,0,7,0,0.0,1.0,4.0,4.0,A01
201500020498,0,7,0,0.0,1.0,3.0,15.0,A01
201500020499,0,7,0,0.0,2.0,5.0,15.0,A01
201500020499,0,33,0,0.0,2.0,1.0,1.0,B01
201500020500,0,30,0,0.0,2.0,1.0,17.0,A01
201500020500,0,1,0,0.0,2.0,1.0,1.0,B01
201500020501,0,7,0,0.0,1.0,2.0,0.0,A01
201500020502,0,7,0,0.0,2.0,1.0,13.0,A01
201500020502,0,10,0,0.0,2.0,1.0,0.0,B01
201500020503,0,7,0,0.0,1.0,3.0,0.0,A01
201500020504,0,7,0,0.0,1.0,1.0,0.0,A01
201500020505,0,7,0,0.0,1.0,1.0,1.0,A01
201500020506,0,7,0,0.0,2.0,3.0,1.0,B01
201500020506,0,30,0,0.0,2.0,3.0,17.0,A01
201500020506,0,7,0,0.0,0.0,3.0,1.0,Z01
201500020506,0,7,0,0.0,2.0,2.0,2.0,C01
201500020506,0,2,0,14.0,0.0,1.0,13.0,D01
201500020507,0,7,0,9.0,0.0,1.0,1.0,A01
201500020508,0,7,0,6.0,0.0,1.0,19.0,A01
201500020509,0,32,0,0.0,2.0,1.0,17.0,A01
201500020509,0,7,0,0.0,2.0,3.0,15.0,B01
201500020510,0,7,0,0.0,1.0,8.0,1.0,A01
201500020511,0,7,0,0.0,2.0,1.0,1.0,A01
201500020511,0,1,0,0.0,2.0,1.0,19.0,B01
201500020512,0,10,0,0.0,1.0,2.0,21.0,A01
201500020513,0,7,0,0.0,1.0,1.0,1.0,A01
201500020514,0,7,0,0.0,2.0,1.0,15.0,A01
201500020514,0,7,0,0.0,2.0,1.0,1.0,B01
201500020515,0,7,0,0.0,2.0,0.0,16.0,A01
201500020515,0,1,0,0.0,2.0,4.0,1.0,B01
201500020516,0,7,0,0.0,2.0,2.0,15.0,A01
201500020516,0,33,0,0.0,2.0,1.0,1.0,B01
201500020517,0,7,0,0.0,2.0,3.0,1.0,B01
201500020517,0,2,0,0.0,2.0,1.0,1.0,A01
201500020518,0,7,0,0.0,2.0,2.0,1.0,A01
201500020518,0,7,0,0.0,2.0,7.0,1.0,B01
201500020519,0,7,0,0.0,1.0,2.0,15.0,A01
201500020520,0,33,0,0.0,2.0,1.0,1.0,B01
201500020520,0,7,0,0.0,2.0,1.0,10.0,A01
201500020521,0,7,0,0.0,1.0,0.0,1.0,A01
201500020522,0,7,0,0.0,2.0,8.0,16.0,A01
201500020522,0,2,0,0.0,2.0,1.0,1.0,B01
201500020523,0,7,0,0.0,2.0,4.0,2.0,A01
201500020523,0,7,0,0.0,0.0,4.0,2.0,B01
201500020524,0,32,0,0.0,2.0,1.0,3.0,A01
201500020524,0,7,0,0.0,2.0,3.0,9.0,B01
201500020525,0,7,0,0.0,2.0,1.0,13.0,A01
201500020525,0,31,0,0.0,2.0,1.0,1.0,B01
201500020526,0,7,0,0.0,2.0,1.0,1.0,A01
201500020526,0,7,0,0.0,2.0,1.0,1.0,B01
201500020527,0,7,0,0.0,1.0,2.0,1.0,A01
201500020528,0,7,0,0.0,1.0,2.0,0.0,A01
201500020529,0,7,0,0.0,2.0,3.0,16.0,A01
201500020529,0,7,0,0.0,2.0,7.0,1.0,B01
201500020530,0,7,0,0.0,1.0,2.0,2.0,A01
201500020531,0,7,0,0.0,1.0,0.0,16.0,A01
201500020532,0,7,0,0.0,2.0,6.0,1.0,B01
201500020532,0,17,0,0.0,2.0,2.0,12.0,A01
201500020533,1,7,0,0.0,2.0,2.0,10.0,A01
201500020533,0,31,0,0.0,2.0,8.0,1.0,B01
201500020534,0,10,0,0.0,1.0,1.0,1.0,A01
201500020535,1,7,0,0.0,1.0,2.0,1.0,A01
201500020536,0,7,0,0.0,2.0,1.0,1.0,B01
201500020536,0,7,0,0.0,2.0,0.0,19.0,A01
201500020537,0,7,0,0.0,2.0,3.0,1.0,B01
201500020537,2,7,0,0.0,2.0,1.0,0.0,A01
201500020538,0,2,0,0.0,1.0,1.0,1.0,A01
201500020539,0,7,0,0.0,1.0,0.0,1.0,A01
201500020540,0,7,0,0.0,2.0,1.0,1.0,A01
201500020540,0,1,0,0.0,2.0,4.0,1.0,B01
201500020541,0,2,0,12.0,0.0,1.0,0.0,A01
201500020542,0,7,0,0.0,2.0,6.0,20.0,A01
201500020542,0,33,0,0.0,2.0,1.0,21.0,B01
201500020543,0,7,0,0.0,1.0,1.0,1.0,A01
201500020544,0,7,0,0.0,0.0,0.0,0.0,A01
201500020544,0,7,0,0.0,0.0,0.0,0.0,B01
201500020545,0,7,0,1.0,0.0,1.0,0.0,A01
201500020546,0,1,0,0.0,1.0,0.0,0.0,A01
201500020547,0,7,0,0.0,2.0,1.0,5.0,A01
201500020547,0,7,0,0.0,2.0,1.0,1.0,B01
201500020548,0,7,0,11.0,0.0,1.0,6.0,A01
201500020549,1,7,0,0.0,1.0,1.0,0.0,A01
201500020550,0,7,0,0.0,0.0,0.0,0.0,A01
201500020550,0,7,0,0.0,0.0,0.0,0.0,B01
201500020551,0,1,0,0.0,1.0,0.0,0.0,A01
201500020552,0,7,0,12.0,0.0,2.0,16.0,A01
201500020553,0,7,0,0.0,1.0,1.0,15.0,A01
201500020554,1,30,0,0.0,1.0,0.0,0.0,A01
201500020555,0,2,0,12.0,0.0,3.0,1.0,A01
201500020556,0,2,0,0.0,2.0,0.0,1.0,A01
201500020556,0,7,0,0.0,2.0,0.0,1.0,B01
201500020557,0,7,0,0.0,2.0,1.0,2.0,A01
201500020557,0,7,0,0.0,2.0,4.0,2.0,B01
201500020558,0,7,0,0.0,1.0,0.0,0.0,A01
201500020559,0,7,0,0.0,2.0,7.0,1.0,B01
201500020559,0,30,0,0.0,2.0,8.0,11.0,A01
201500020560,0,33,0,0.0,0.0,0.0,0.0,A01
201500020560,0,16,0,0.0,0.0,0.0,0.0,C01
201500020560,0,7,0,0.0,0.0,0.0,0.0,B01
201500020561,0,33,0,0.0,2.0,1.0,13.0,A01
201500020561,0,7,0,0.0,2.0,3.0,1.0,B01
201500020562,0,33,0,0.0,2.0,5.0,1.0,B01
201500020562,0,7,0,0.0,2.0,1.0,23.0,C01
201500020562,0,7,0,0.0,2.0,3.0,15.0,A01
201500020563,0,7,0,0.0,2.0,0.0,0.0,A01
201500020563,0,7,0,0.0,2.0,0.0,0.0,B01
201500020564,0,7,0,0.0,2.0,1.0,1.0,A01
201500020564,0,7,0,0.0,2.0,4.0,20.0,B01
201500020565,0,1,0,0.0,2.0,1.0,1.0,B01
201500020565,0,7,0,0.0,2.0,8.0,0.0,A01
201500020566,0,7,0,0.0,0.0,0.0,0.0,A01
201500020566,0,34,0,0.0,2.0,1.0,1.0,B01
201500020567,0,10,0,0.0,2.0,0.0,0.0,A01
201500020567,0,1,0,0.0,2.0,0.0,0.0,B01
201500020568,0,33,0,0.0,0.0,0.0,0.0,B01
201500020568,0,7,0,0.0,0.0,0.0,0.0,A01
201500020569,0,7,0,0.0,0.0,0.0,0.0,B01
201500020569,0,1,0,0.0,0.0,0.0,0.0,A01
201500020570,1,7,0,0.0,1.0,0.0,0.0,A01
201500020571,0,7,0,0.0,2.0,1.0,1.0,B01
201500020571,2,7,0,6.0,2.0,7.0,15.0,A01
201500020572,0,7,0,0.0,2.0,2.0,1.0,B01
201500020572,0,7,0,0.0,2.0,3.0,16.0,A01
201500020573,0,7,0,0.0,2.0,1.0,2.0,A01
201500020573,0,7,0,0.0,2.0,4.0,2.0,B01
201500020573,0,7,0,0.0,2.0,4.0,2.0,C01
201500020574,0,7,0,0.0,0.0,0.0,0.0,A01
201500020574,0,34,0,0.0,2.0,0.0,0.0,B01
201500020575,0,1,0,0.0,2.0,0.0,0.0,A01
201500020575,0,37,1,0.0,2.0,0.0,0.0,B01
201500020576,0,7,0,0.0,1.0,0.0,0.0,A01
201500020577,0,10,0,0.0,1.0,2.0,1.0,A01
201500020578,0,7,0,5.0,0.0,9.0,14.0,A01
201500020579,0,32,0,0.0,2.0,1.0,16.0,A01
201500020579,0,10,0,0.0,2.0,1.0,2.0,B01
201500020580,0,7,0,16.0,0.0,0.0,0.0,A01
201500020581,0,1,0,0.0,2.0,1.0,19.0,A01
201500020581,0,10,0,0.0,2.0,5.0,1.0,B01
201500020582,0,7,0,0.0,2.0,2.0,1.0,A01
201500020582,0,7,0,0.0,2.0,2.0,1.0,B01
201500020583,0,7,0,0.0,0.0,0.0,0.0,B01
201500020583,0,7,0,0.0,2.0,1.0,15.0,A01
201500020584,0,1,0,0.0,2.0,1.0,1.0,B01
201500020584,0,7,0,0.0,2.0,3.0,15.0,A01
201500020585,0,32,0,0.0,0.0,8.0,1.0,A01
201500020586,0,7,0,12.0,0.0,1.0,1.0,A01
201500020587,0,1,0,0.0,2.0,1.0,5.0,A01
201500020587,0,7,0,0.0,2.0,2.0,21.0,B01
201500020588,2,7,0,0.0,2.0,1.0,2.0,A01
201500020588,0,7,0,0.0,2.0,4.0,2.0,B01
201500020588,0,7,0,0.0,2.0,4.0,2.0,C01
201500020589,0,1,0,0.0,0.0,0.0,0.0,A01
201500020590,0,7,0,0.0,2.0,2.0,1.0,B01
201500020590,0,7,0,0.0,2.0,3.0,9.0,A01
201500020591,0,1,0,0.0,2.0,8.0,15.0,B01
201500020591,0,7,0,0.0,2.0,3.0,9.0,A01
201500020592,0,30,0,8.0,0.0,1.0,5.0,A01
201500020593,0,10,0,0.0,2.0,4.0,2.0,A01
201500020593,0,10,0,0.0,0.0,4.0,2.0,C01
201500020593,0,10,0,0.0,2.0,4.0,2.0,B01
201500020594,0,10,0,0.0,0.0,0.0,0.0,B01
201500020594,0,2,0,0.0,0.0,0.0,0.0,A01
201500020595,0,7,0,0.0,2.0,1.0,1.0,B01
201500020595,0,10,0,0.0,2.0,3.0,15.0,A01
201500020596,0,34,0,0.0,0.0,0.0,0.0,B01
201500020596,0,10,0,0.0,0.0,0.0,0.0,A01
201500020597,0,31,0,0.0,0.0,0.0,0.0,A01