Num_Acc,senc,catv,occutc,obs,obsm,choc,manv,num_veh
201500020598,0,7,0,0.0,0.0,0.0,0.0,B01
201500020598,0,10,0,0.0,0.0,0.0,0.0,A01
201500020599,0,31,0,0.0,0.0,0.0,0.0,A01
201500020600,0,7,0,0.0,0.0,0.0,0.0,A01
201500020601,0,7,0,0.0,2.0,0.0,1.0,B01
201500020601,0,30,0,0.0,2.0,0.0,12.0,A01
201500020602,0,7,0,0.0,2.0,3.0,11.0,A01
201500020602,0,13,0,0.0,2.0,2.0,1.0,B01
201500020603,0,7,0,0.0,1.0,1.0,1.0,A01
201500020604,0,2,0,0.0,2.0,1.0,1.0,A01
201500020604,0,7,0,0.0,2.0,7.0,15.0,B01
201500020605,0,7,0,0.0,2.0,1.0,2.0,A01
201500020605,0,7,0,0.0,2.0,4.0,2.0,B01
201500020605,0,7,0,0.0,0.0,4.0,2.0,C01
201500020606,1,7,0,0.0,1.0,0.0,1.0,A01
201500020607,0,99,0,0.0,2.0,5.0,16.0,A01
201500020607,0,7,0,0.0,2.0,1.0,1.0,B01
201500020608,0,7,0,4.0,0.0,3.0,19.0,A01
201500020609,0,30,0,16.0,0.0,0.0,1.0,A01
201500020610,0,7,0,0.0,2.0,1.0,2.0,A01
201500020610,0,7,0,0.0,2.0,4.0,2.0,B01
201500020611,0,7,0,0.0,1.0,1.0,16.0,A01
201500020612,0,7,0,0.0,2.0,3.0,1.0,B01
201500020612,0,1,0,0.0,2.0,1.0,9.0,A01
201500020613,0,7,0,6.0,0.0,1.0,1.0,A01
201500020614,0,7,0,0.0,2.0,5.0,9.0,A01
201500020614,0,1,0,0.0,2.0,1.0,1.0,B01
201500020615,0,1,0,0.0,0.0,0.0,0.0,A01
201500020616,0,7,0,0.0,0.0,0.0,0.0,A01
201500020617,0,7,0,0.0,0.0,0.0,18.0,A01
201500020617,0,7,0,4.0,0.0,0.0,1.0,B01
201500020618,0,7,0,0.0,1.0,2.0,9.0,A01
201500020619,0,7,0,0.0,0.0,0.0,0.0,A01
201500020620,0,33,0,0.0,0.0,8.0,1.0,A01
201500020621,0,7,0,0.0,2.0,0.0,2.0,B01
201500020621,1,7,0,0.0,0.0,0.0,0.0,Z01
201500020622,0,2,0,0.0,2.0,1.0,1.0,B01
201500020622,0,7,0,0.0,2.0,2.0,15.0,A01
201500020623,0,7,0,0.0,1.0,1.0,15.0,A01
201500020624,0,1,0,0.0,0.0,0.0,0.0,A01
201500020625,0,33,0,0.0,0.0,8.0,1.0,A01
201500020626,0,2,0,0.0,2.0,1.0,1.0,A01
201500020626,0,7,0,0.0,2.0,7.0,15.0,B01
201500020627,0,7,0,10.0,0.0,1.0,1.0,A01
201500020628,0,7,0,0.0,2.0,2.0,15.0,A01
201500020628,0,33,0,0.0,2.0,1.0,1.0,B01
201500020629,0,7,0,0.0,2.0,1.0,15.0,A01
201500020629,0,31,0,0.0,0.0,0.0,0.0,B01
201500020630,0,7,0,0.0,2.0,1.0,1.0,B01
201500020630,0,7,0,0.0,2.0,2.0,1.0,A01
201500020631,0,7,0,0.0,2.0,3.0,16.0,A01
201500020631,0,30,0,0.0,2.0,1.0,1.0,B01
201500020632,0,7,0,0.0,1.0,1.0,0.0,A01
201500020633,0,7,0,0.0,2.0,8.0,22.0,A01
201500020633,0,1,0,1.0,0.0,1.0,1.0,B01
201500020634,0,7,0,0.0,1.0,2.0,16.0,A01
201500020635,0,10,0,0.0,0.0,0.0,0.0,A01
201500020635,0,10,0,0.0,0.0,0.0,0.0,B01
201500020636,0,7,0,0.0,2.0,1.0,15.0,A01
201500020636,0,7,0,0.0,2.0,1.0,1.0,B01
201500020637,0,7,0,0.0,1.0,1.0,1.0,A01
201500020638,0,7,0,0.0,2.0,2.0,15.0,A01
201500020638,0,7,0,0.0,2.0,3.0,1.0,B01
201500020639,0,7,0,0.0,2.0,0.0,9.0,A01
201500020639,0,7,0,0.0,2.0,1.0,1.0,B01
201500020640,0,7,0,0.0,1.0,4.0,4.0,A01
201500020641,0,1,0,0.0,2.0,1.0,19.0,A01
201500020641,1,1,0,0.0,2.0,0.0,0.0,Z01
201500020642,0,7,0,0.0,1.0,1.0,1.0,A01
201500020643,0,7,0,6.0,0.0,7.0,1.0,A01
201500020644,0,7,0,0.0,2.0,4.0,20.0,A01
201500020644,0,1,0,0.0,0.0,0.0,0.0,B01
201500020645,1,7,0,0.0,1.0,0.0,1.0,A01
201500020646,0,33,0,0.0,1.0,1.0,1.0,A01
201500020647,0,7,0,0.0,1.0,1.0,1.0,A01
201500020648,0,7,0,0.0,2.0,3.0,9.0,A01
201500020648,0,1,0,0.0,2.0,7.0,0.0,B01
201500020649,0,7,0,0.0,1.0,0.0,1.0,A01
201500020650,0,7,0,0.0,1.0,1.0,20.0,A01
201500020651,0,7,0,0.0,2.0,3.0,15.0,A01
201500020651,0,2,0,0.0,2.0,1.0,2.0,B01
201500020652,0,7,0,0.0,2.0,4.0,2.0,A01
201500020652,2,7,0,0.0,2.0,1.0,2.0,B01
201500020653,0,7,0,10.0,0.0,1.0,13.0,A01
201500020654,0,7,0,6.0,0.0,1.0,0.0,A01
201500020655,0,7,0,0.0,1.0,0.0,0.0,A01
201500020656,0,7,0,0.0,0.0,1.0,0.0,A01
201500020656,0,2,0,0.0,0.0,0.0,0.0,B01
201500020657,0,10,0,0.0,2.0,8.0,15.0,B01
201500020657,0,31,0,0.0,2.0,1.0,17.0,A01
201500020658,0,33,0,1.0,0.0,0.0,0.0,B01
201500020659,0,7,0,12.0,0.0,1.0,0.0,A01
201500020659,0,7,0,0.0,2.0,6.0,0.0,B01
201500020660,0,7,0,0.0,1.0,1.0,14.0,A01
201500020661,0,7,0,0.0,0.0,0.0,15.0,A01
201500020662,0,30,0,0.0,0.0,1.0,13.0,A01
201500020663,0,7,0,0.0,2.0,3.0,13.0,A01
201500020663,0,7,0,0.0,2.0,3.0,0.0,B01
201500020663,0,7,0,0.0,2.0,2.0,0.0,C01
201500020664,0,7,0,2.0,0.0,1.0,0.0,A01
201500020665,0,37,1,0.0,1.0,0.0,0.0,A01
201500020666,0,7,0,0.0,1.0,3.0,0.0,A01
201500020667,0,10,0,0.0,1.0,1.0,1.0,A01
201500020667,0,7,0,0.0,2.0,3.0,1.0,B01
201500020668,0,7,0,0.0,1.0,1.0,1.0,A01
201500020669,0,7,0,0.0,0.0,0.0,0.0,A01
201500020669,0,37,1,0.0,2.0,0.0,1.0,B01
201500020670,0,7,0,0.0,9.0,1.0,15.0,A01
201500020670,0,2,0,0.0,2.0,1.0,1.0,B01
201500020671,0,2,0,0.0,2.0,7.0,2.0,B01
201500020671,0,31,0,0.0,2.0,7.0,2.0,A01
201500020672,1,7,0,0.0,1.0,1.0,0.0,A01
201500020673,0,7,0,0.0,0.0,4.0,2.0,A01
201500020673,0,2,0,0.0,2.0,1.0,2.0,B01
201500020674,0,7,0,0.0,2.0,3.0,13.0,A01
201500020674,0,7,0,0.0,2.0,1.0,1.0,B01
201500020675,0,7,0,0.0,1.0,8.0,2.0,A01
201500020676,0,7,0,0.0,1.0,1.0,2.0,A01
201500020677,0,7,0,0.0,2.0,3.0,1.0,B01
201500020677,0,7,0,0.0,2.0,3.0,1.0,A01
201500020677,0,7,0,0.0,9.0,0.0,0.0,C01
201500020678,0,7,0,0.0,2.0,4.0,2.0,A01
201500020678,0,7,0,0.0,2.0,1.0,2.0,B01
201500020679,0,32,0,0.0,0.0,8.0,0.0,A01
201500020680,0,7,0,0.0,2.0,1.0,1.0,B01
201500020680,0,7,0,0.0,0.0,2.0,13.0,A01
201500020681,0,1,0,0.0,0.0,0.0,0.0,B01
201500020681,0,1,0,0.0,0.0,0.0,0.0,A01
201500020682,0,7,0,0.0,2.0,1.0,2.0,A01
201500020682,0,7,0,0.0,2.0,1.0,2.0,B01
201500020682,0,7,0,0.0,2.0,0.0,0.0,C01
201500020683,0,7,0,0.0,2.0,1.0,2.0,C01
201500020683,0,7,0,0.0,2.0,4.0,2.0,A01
201500020683,0,7,0,0.0,2.0,1.0,2.0,B01
201500020684,0,7,0,16.0,0.0,8.0,5.0,A01
201500020684,0,7,0,0.0,0.0,1.0,1.0,B01
201500020685,0,7,0,0.0,1.0,2.0,15.0,A01
201500020686,0,7,0,1.0,0.0,1.0,13.0,A01
201500020687,0,7,0,0.0,2.0,3.0,13.0,A01
201500020687,0,7,0,0.0,2.0,3.0,1.0,B01
201500020688,0,7,0,0.0,1.0,3.0,15.0,A01
201500020689,0,1,0,0.0,2.0,7.0,2.0,B01
201500020689,0,7,0,0.0,2.0,1.0,9.0,A01
201500020690,0,7,0,0.0,2.0,1.0,9.0,A01
201500020690,0,1,0,0.0,2.0,0.0,0.0,B01
201500020691,0,7,0,0.0,2.0,3.0,13.0,A01
201500020691,0,15,0,0.0,2.0,3.0,1.0,B01
201500020691,0,7,0,0.0,9.0,0.0,0.0,C01
201500020692,0,2,0,0.0,2.0,1.0,2.0,A01
201500020692,0,7,0,0.0,2.0,3.0,0.0,B01
201500020693,0,7,0,0.0,2.0,2.0,19.0,A01
201500020693,0,7,0,0.0,2.0,3.0,1.0,B01
201500020694,0,33,0,0.0,2.0,8.0,1.0,B01
201500020694,0,7,0,0.0,2.0,3.0,15.0,A01
201500020695,0,7,0,0.0,2.0,9.0,13.0,A01
201500020696,0,1,0,1.0,0.0,8.0,2.0,A01
201500020697,0,7,0,0.0,2.0,5.0,2.0,B01
201500020697,0,1,0,0.0,2.0,1.0,15.0,A01
201500020698,0,2,0,0.0,2.0,9.0,2.0,B01
201500020698,0,7,0,0.0,2.0,7.0,15.0,A01
201500020699,0,33,0,0.0,0.0,2.0,1.0,A01
201500020700,0,7,0,0.0,0.0,0.0,0.0,A01
201500020700,0,1,0,0.0,0.0,0.0,0.0,B01
201500020701,0,7,0,0.0,1.0,1.0,16.0,A01
201500020702,0,7,0,0.0,2.0,2.0,1.0,A01
201500020702,0,1,0,0.0,2.0,1.0,1.0,B01
201500020703,0,7,0,0.0,0.0,0.0,0.0,A01
201500020704,0,7,0,0.0,0.0,0.0,0.0,A01
201500020704,0,1,0,0.0,2.0,8.0,1.0,B01
201500020705,0,7,0,0.0,0.0,1.0,15.0,A01
201500020705,0,7,0,0.0,2.0,8.0,0.0,B01
201500020706,0,2,0,0.0,2.0,1.0,1.0,A01
201500020706,0,7,0,0.0,2.0,2.0,1.0,B01
201500020707,0,7,0,0.0,2.0,8.0,10.0,A01
201500020707,0,7,0,0.0,2.0,1.0,2.0,B01
201500020708,0,7,0,0.0,1.0,0.0,0.0,A01
201500020709,0,7,0,0.0,0.0,0.0,0.0,A01
201500020709,0,1,0,0.0,0.0,0.0,0.0,B01
201500020710,0,7,0,1.0,0.0,2.0,15.0,A01
201500020710,0,7,0,0.0,2.0,8.0,24.0,B01
201500020711,0,7,0,0.0,0.0,0.0,0.0,A01
201500020711,0,1,0,0.0,0.0,0.0,0.0,B01
201500020712,0,1,0,0.0,2.0,0.0,0.0,B01
201500020712,0,7,0,0.0,9.0,1.0,0.0,A01
201500020713,0,7,0,0.0,1.0,0.0,0.0,A01
201500020714,0,7,0,0.0,1.0,1.0,0.0,A01
201500020715,0,7,0,0.0,2.0,1.0,0.0,A01
201500020715,0,7,0,0.0,2.0,2.0,0.0,B01
201500020716,0,7,0,0.0,1.0,1.0,9.0,A01
201500020717,0,7,0,0.0,2.0,1.0,13.0,A01
201500020717,0,7,0,0.0,2.0,1.0,1.0,B01
201500020718,0,7,0,0.0,1.0,7.0,1.0,A01
201500020719,0,7,0,0.0,1.0,1.0,1.0,A01
201500020720,0,7,0,0.0,1.0,3.0,1.0,A01
201500020721,0,7,0,0.0,0.0,9.0,0.0,A01
201500020722,0,32,0,8.0,0.0,3.0,1.0,A01
201500020723,0,7,0,0.0,2.0,1.0,1.0,B02
201500020723,0,7,0,0.0,2.0,1.0,15.0,A01
201500020724,0,7,0,6.0,0.0,1.0,1.0,A01
201500020725,0,7,0,0.0,2.0,1.0,15.0,A01
201500020725,0,1,0,0.0,2.0,8.0,1.0,B02
201500020726,0,7,0,0.0,2.0,2.0,15.0,B02
201500020726,0,7,0,0.0,2.0,1.0,1.0,A01
201500020727,0,2,0,2.0,0.0,1.0,1.0,A01
201500020728,0,14,0,2.0,0.0,3.0,19.0,A01
201500020729,0,15,0,0.0,2.0,3.0,13.0,A01
201500020729,0,15,0,0.0,2.0,3.0,1.0,B02
201500020730,0,7,0,0.0,2.0,1.0,13.0,A01
201500020730,0,7,0,0.0,2.0,1.0,13.0,B02
201500020731,0,7,0,0.0,2.0,5.0,13.0,A01
201500020731,0,7,0,0.0,2.0,1.0,1.0,B02
201500020732,0,7,0,0.0,2.0,2.0,9.0,C03
201500020732,0,10,0,0.0,2.0,1.0,0.0,B02
201500020732,0,33,0,0.0,2.0,1.0,0.0,A01
201500020733,0,7,0,0.0,2.0,2.0,2.0,A01
201500020733,0,1,0,0.0,0.0,4.0,2.0,B02
201500020734,0,7,0,0.0,1.0,2.0,1.0,A01
201500020735,0,7,0,0.0,1.0,1.0,1.0,A01
201500020736,0,33,0,0.0,2.0,8.0,1.0,A01
201500020736,0,15,0,0.0,0.0,3.0,6.0,B02
201500020737,0,1,0,0.0,2.0,4.0,1.0,A01
201500020737,0,7,0,0.0,2.0,3.0,19.0,B02
201500020738,0,30,0,0.0,0.0,7.0,1.0,A01
201500020738,0,10,0,0.0,2.0,1.0,1.0,B02
201500020739,0,7,0,0.0,0.0,1.0,1.0,B02
201500020739,0,7,0,0.0,0.0,1.0,5.0,A01
201500020740,0,38,2,0.0,2.0,2.0,1.0,B02
201500020740,0,7,0,0.0,2.0,8.0,16.0,A01
201500020741,0,15,0,0.0,0.0,1.0,21.0,B02
201500020741,0,1,0,0.0,0.0,8.0,13.0,A01
201500020742,0,7,0,2.0,0.0,7.0,0.0,A01
201500020743,0,7,0,0.0,0.0,2.0,1.0,A01
201500020743,0,7,0,0.0,0.0,3.0,15.0,B02
201500020744,0,7,0,2.0,0.0,9.0,1.0,A01
201500020745,0,7,0,2.0,0.0,1.0,1.0,A01
201500020746,0,30,0,15.0,0.0,1.0,1.0,B02
201500020746,0,7,0,1.0,0.0,7.0,1.0,A01
201500020747,0,7,0,0.0,2.0,2.0,2.0,A01
201500020747,0,1,0,0.0,0.0,3.0,2.0,B02
201500020748,0,7,0,0.0,2.0,8.0,15.0,A01
201500020748,0,33,0,0.0,2.0,1.0,17.0,B02
201500020749,0,7,0,0.0,9.0,6.0,1.0,A01
201500020749,0,1,0,0.0,2.0,1.0,1.0,B02
201500020750,0,7,0,0.0,1.0,4.0,4.0,A01
201500020751,0,33,0,0.0,2.0,1.0,1.0,A01
201500020751,0,7,0,0.0,2.0,8.0,15.0,B02
201500020752,0,30,0,14.0,0.0,2.0,1.0,A01
201500020753,0,7,0,0.0,2.0,1.0,5.0,A01
201500020753,0,7,0,0.0,2.0,1.0,0.0,C03
201500020753,0,7,0,0.0,2.0,1.0,1.0,B02
201500020754,0,33,0,0.0,2.0,1.0,1.0,A01
201500020754,0,10,0,0.0,2.0,6.0,15.0,B02
201500020755,0,7,0,0.0,1.0,2.0,1.0,A01
201500020756,0,7,0,2.0,0.0,1.0,14.0,A01
201500020757,0,2,0,0.0,0.0,0.0,21.0,A01
201500020758,0,7,0,0.0,2.0,1.0,5.0,A01
201500020758,0,7,0,0.0,2.0,1.0,1.0,B02
201500020759,0,7,0,0.0,2.0,8.0,15.0,B02
201500020759,0,33,0,0.0,2.0,7.0,17.0,A01
201500020760,0,7,0,0.0,1.0,8.0,1.0,A01
201500020761,0,7,0,0.0,2.0,1.0,1.0,A01
201500020761,0,10,0,0.0,2.0,1.0,0.0,B02
201500020762,0,7,0,0.0,2.0,1.0,1.0,B02
201500020762,0,30,0,0.0,2.0,1.0,5.0,A01
201500020763,0,7,0,0.0,2.0,3.0,5.0,D04
201500020763,0,32,0,0.0,2.0,8.0,5.0,A01
201500020763,0,7,0,0.0,2.0,3.0,5.0,C03
201500020763,0,32,0,0.0,0.0,0.0,2.0,B02
201500020764,0,31,0,0.0,2.0,1.0,1.0,B02
201500020764,0,7,0,0.0,2.0,4.0,1.0,C03
201500020764,0,7,0,0.0,2.0,1.0,13.0,A01
201500020765,0,10,0,0.0,1.0,2.0,1.0,A01
201500020766,0,15,0,0.0,0.0,3.0,13.0,B02
201500020766,0,14,0,0.0,0.0,3.0,1.0,A01
201500020767,0,10,0,0.0,1.0,1.0,1.0,A01
201500020768,0,30,0,0.0,2.0,1.0,5.0,B02
201500020768,0,7,0,0.0,2.0,3.0,1.0,A01
201500020769,0,7,0,0.0,2.0,2.0,1.0,B02
201500020769,0,7,0,0.0,2.0,1.0,13.0,A01
201500020770,0,7,0,0.0,0.0,0.0,13.0,A01
201500020771,0,7,0,0.0,1.0,3.0,1.0,A01
201500020772,0,7,0,0.0,2.0,1.0,13.0,A01
201500020772,0,7,0,0.0,2.0,1.0,1.0,B02
201500020773,0,7,0,0.0,1.0,2.0,1.0,A01
201500020774,0,7,0,0.0,2.0,1.0,1.0,B02
201500020774,0,7,0,0.0,2.0,1.0,13.0,A01
201500020775,0,7,0,0.0,2.0,7.0,15.0,A01
201500020775,0,7,0,0.0,2.0,3.0,1.0,B01
201500020776,0,7,0,0.0,2.0,3.0,6.0,A01
201500020776,0,32,0,0.0,2.0,1.0,1.0,B01
201500020777,0,2,0,0.0,2.0,7.0,1.0,A01
201500020777,0,7,0,0.0,2.0,1.0,1.0,B01
201500020778,0,7,0,0.0,1.0,2.0,1.0,A01
201500020779,0,10,0,0.0,2.0,6.0,17.0,A01
201500020779,0,33,0,0.0,2.0,2.0,2.0,B01
201500020780,0,7,0,0.0,2.0,1.0,1.0,A01
201500020780,0,7,0,0.0,2.0,7.0,1.0,B01
201500020781,0,7,0,0.0,2.0,8.0,1.0,B01
201500020781,0,7,0,0.0,2.0,1.0,15.0,A01
201500020782,2,7,0,14.0,0.0,1.0,1.0,A01
201500020783,0,7,0,0.0,1.0,1.0,1.0,A01
201500020784,0,7,0,0.0,1.0,0.0,0.0,A01
201500020785,0,7,0,0.0,2.0,1.0,0.0,A01
201500020785,0,21,0,0.0,0.0,4.0,2.0,B01
201500020786,0,7,0,0.0,2.0,6.0,9.0,A01
201500020786,0,1,0,0.0,2.0,1.0,15.0,B01
201500020787,1,3,0,0.0,2.0,0.0,0.0,A01
201500020787,0,7,0,0.0,2.0,0.0,0.0,A02
201500020788,0,10,0,0.0,2.0,4.0,6.0,A01
201500020788,0,7,0,0.0,2.0,1.0,2.0,B01
201500020788,0,7,0,0.0,2.0,1.0,2.0,C01
201500020789,2,7,0,0.0,2.0,1.0,17.0,A01
201500020789,0,7,0,0.0,2.0,1.0,1.0,B01
201500020790,0,7,0,0.0,1.0,1.0,1.0,A01
201500020791,0,15,0,0.0,2.0,3.0,1.0,A01
201500020791,0,7,0,0.0,2.0,1.0,1.0,B01
201500020792,0,7,0,0.0,1.0,3.0,1.0,A01
201500020793,0,7,0,0.0,2.0,1.0,1.0,A01
201500020793,0,2,0,0.0,2.0,8.0,19.0,B01
201500020794,0,7,0,0.0,9.0,1.0,17.0,A01
201500020794,0,1,0,0.0,0.0,4.0,1.0,B01
201500020795,0,7,0,0.0,1.0,0.0,0.0,A01
201500020796,0,33,0,0.0,2.0,1.0,17.0,A01
201500020796,0,7,0,0.0,2.0,7.0,15.0,B01
201500020797,0,7,0,0.0,1.0,0.0,0.0,A01
201500020798,0,7,0,8.0,0.0,1.0,0.0,A01
201500020799,0,7,0,0.0,2.0,2.0,1.0,A01
201500020799,0,7,0,0.0,0.0,3.0,9.0,B01
201500020799,0,7,0,0.0,0.0,1.0,1.0,C01
201500020800,0,7,0,0.0,2.0,7.0,15.0,A01
201500020800,0,33,0,0.0,2.0,1.0,1.0,B01
201500020801,0,2,0,0.0,2.0,1.0,1.0,A01
201500020801,0,7,0,0.0,0.0,3.0,1.0,B01
201500020802,0,7,0,0.0,2.0,4.0,6.0,A01
201500020802,0,7,0,0.0,2.0,1.0,1.0,B01
201500020803,0,15,0,0.0,2.0,8.0,1.0,A01
201500020803,0,7,0,0.0,2.0,1.0,1.0,B01
201500020803,0,7,0,0.0,2.0,3.0,1.0,C01
201500020804,0,7,0,0.0,2.0,1.0,2.0,A01
201500020804,0,7,0,0.0,1.0,4.0,2.0,B01
201500020805,0,7,0,0.0,2.0,8.0,17.0,A01
201500020805,0,33,0,0.0,2.0,5.0,15.0,B01
201500020806,0,2,0,0.0,2.0,1.0,19.0,A01
201500020806,0,7,0,0.0,2.0,3.0,1.0,B01
201500020807,0,7,0,0.0,2.0,8.0,20.0,A01
201500020807,0,30,0,0.0,2.0,2.0,1.0,B01
201500020808,0,7,0,0.0,1.0,2.0,1.0,A01
201500020809,0,7,0,0.0,2.0,1.0,0.0,A01
201500020809,0,1,0,0.0,2.0,2.0,0.0,B01
201500020810,0,7,0,0.0,2.0,8.0,13.0,A01
201500020810,0,2,0,0.0,2.0,2.0,17.0,B01
201500020811,0,7,0,0.0,2.0,8.0,0.0,A01
201500020811,0,1,0,1.0,0.0,0.0,0.0,B01
201500020812,0,7,0,0.0,2.0,3.0,9.0,A01
201500020812,0,7,0,0.0,2.0,1.0,1.0,B01
201500020813,0,7,0,0.0,2.0,3.0,13.0,A01
201500020813,0,7,0,0.0,2.0,1.0,1.0,B01
201500020814,0,1,0,0.0,2.0,8.0,18.0,A01
201500020814,0,7,0,0.0,2.0,7.0,16.0,B01
201500020815,0,7,0,0.0,2.0,1.0,1.0,A01
201500020815,0,7,0,0.0,2.0,3.0,2.0,B01
201500020816,0,7,0,0.0,2.0,1.0,0.0,B01
201500020816,0,2,0,0.0,2.0,3.0,0.0,A01
201500020817,0,2,0,0.0,2.0,8.0,9.0,A01
201500020817,0,7,0,0.0,2.0,3.0,1.0,B01
201500020818,0,7,0,0.0,2.0,3.0,9.0,A01
201500020818,0,30,0,0.0,2.0,1.0,1.0,B01
201500020819,0,7,0,12.0,0.0,0.0,0.0,A01
201500020819,0,2,0,0.0,2.0,8.0,1.0,B01
201500020820,0,7,0,0.0,2.0,1.0,0.0,A01
201500020820,0,7,0,0.0,2.0,8.0,0.0,B01
201500020821,0,30,0,0.0,2.0,1.0,0.0,A01
201500020821,0,1,0,0.0,2.0,6.0,19.0,B01
201500020822,0,7,0,0.0,1.0,2.0,1.0,A01
201500020823,0,1,0,0.0,1.0,0.0,21.0,A01
201500020824,0,7,0,2.0,0.0,3.0,14.0,A01
201500020825,0,7,0,0.0,1.0,1.0,1.0,A01
201500020826,0,7,0,0.0,2.0,7.0,15.0,A01
201500020826,0,30,0,0.0,2.0,1.0,6.0,B01
201500020827,0,7,0,0.0,2.0,1.0,1.0,A01
201500020827,0,1,0,0.0,0.0,4.0,1.0,B01
201500020828,0,7,0,0.0,1.0,1.0,0.0,A01
201500020829,0,7,0,0.0,2.0,7.0,15.0,A01
201500020829,0,7,0,0.0,2.0,1.0,1.0,B01
201500020830,0,7,0,0.0,1.0,1.0,0.0,A01
201500020831,0,7,0,0.0,2.0,3.0,9.0,A01
201500020831,0,33,0,0.0,0.0,0.0,0.0,B01
201500020832,0,7,0,0.0,0.0,4.0,2.0,A01
201500020832,0,7,0,0.0,2.0,1.0,2.0,B01
201500020833,0,7,0,0.0,2.0,1.0,0.0,A01
201500020833,0,7,0,0.0,2.0,1.0,13.0,B01
201500020834,0,1,0,0.0,2.0,7.0,0.0,B01
201500020834,0,7,0,0.0,2.0,0.0,0.0,A01
201500020835,0,7,0,0.0,1.0,1.0,1.0,A01
201500020836,0,7,0,0.0,2.0,2.0,9.0,A01
201500020836,0,2,0,0.0,2.0,7.0,1.0,B01
201500020837,0,7,0,0.0,2.0,1.0,0.0,A01
201500020837,0,7,0,0.0,2.0,3.0,0.0,B01
201500020838,0,7,0,0.0,2.0,8.0,0.0,B01
201500020838,0,7,0,0.0,2.0,1.0,0.0,A01
201500020839,0,7,0,0.0,2.0,3.0,13.0,A01
201500020839,0,7,0,0.0,2.0,8.0,1.0,B01
201500020840,0,7,0,0.0,2.0,1.0,1.0,A01
201500020840,0,7,0,0.0,0.0,4.0,23.0,B01
201500020841,0,1,0,0.0,2.0,1.0,19.0,A01
201500020841,0,7,0,0.0,0.0,5.0,1.0,B01
201500020842,0,7,0,0.0,2.0,1.0,2.0,A01
201500020842,0,7,0,0.0,2.0,4.0,2.0,B01
201500020843,0,7,0,0.0,2.0,2.0,14.0,A01
201500020843,0,7,0,0.0,2.0,3.0,20.0,B01
201500020844,0,7,0,0.0,2.0,7.0,14.0,A01
201500020844,0,1,0,0.0,2.0,8.0,1.0,B01
201500020845,0,7,0,0.0,2.0,1.0,1.0,A01
201500020845,0,7,0,0.0,0.0,4.0,23.0,B01
201500020846,0,7,0,0.0,2.0,2.0,5.0,A01
201500020846,0,7,0,0.0,2.0,3.0,1.0,B01
201500020847,0,7,0,0.0,2.0,2.0,9.0,A01
201500020847,0,14,0,0.0,2.0,6.0,1.0,B01
201500020848,0,7,0,0.0,2.0,7.0,0.0,B01
201500020848,0,7,0,0.0,2.0,1.0,19.0,A01
201500020849,0,7,0,0.0,2.0,2.0,17.0,A01
201500020849,0,2,0,0.0,2.0,3.0,15.0,B01
201500020850,0,7,0,0.0,2.0,1.0,2.0,A01
201500020850,0,7,0,0.0,2.0,0.0,2.0,B01
201500020850,0,7,0,0.0,0.0,4.0,0.0,C01
201500020851,0,7,0,0.0,2.0,1.0,1.0,A01
201500020851,0,31,0,0.0,2.0,6.0,15.0,B01
201500020852,0,7,0,0.0,2.0,1.0,1.0,A01
201500020852,0,7,0,0.0,0.0,4.0,23.0,B01
201500020853,0,7,0,0.0,1.0,3.0,1.0,A01
201500020854,0,7,0,0.0,2.0,1.0,1.0,A01
201500020854,0,7,0,0.0,2.0,4.0,1.0,B01
201500020855,0,7,0,0.0,1.0,0.0,0.0,A01
201500020856,0,7,0,0.0,2.0,2.0,0.0,A01
201500020856,0,1,0,0.0,2.0,1.0,1.0,B01
201500020857,0,7,0,0.0,2.0,3.0,0.0,A01
201500020857,0,7,0,0.0,2.0,3.0,0.0,B01
201500020858,0,30,0,0.0,2.0,1.0,2.0,A01
201500020858,0,7,0,0.0,2.0,5.0,16.0,B01
201500020859,0,31,0,0.0,2.0,7.0,17.0,A01
201500020859,0,7,0,0.0,2.0,3.0,15.0,B01
201500020860,0,7,0,0.0,2.0,1.0,1.0,A01
201500020860,0,7,0,0.0,2.0,4.0,1.0,B01
201500020860,0,7,0,0.0,2.0,4.0,23.0,C01
201500020861,0,7,0,0.0,2.0,2.0,1.0,A01
201500020861,0,1,0,0.0,0.0,4.0,1.0,B01
201500020862,0,2,0,0.0,2.0,1.0,15.0,A01
201500020862,0,7,0,0.0,2.0,1.0,1.0,B01
201500020863,0,7,0,0.0,2.0,1.0,2.0,A01
201500020863,0,7,0,0.0,2.0,1.0,2.0,B01
201500020863,0,7,0,0.0,2.0,1.0,0.0,C01
201500020864,0,7,0,0.0,2.0,2.0,0.0,A01
201500020864,0,30,0,0.0,2.0,2.0,0.0,B01
201500020865,0,7,0,0.0,1.0,1.0,9.0,A01
201500020866,0,2,0,0.0,2.0,1.0,1.0,A01
201500020866,0,2,0,0.0,2.0,1.0,1.0,B01
201500020866,0,7,0,0.0,2.0,4.0,23.0,C01
201500020866,0,37,1,0.0,2.0,3.0,23.0,D01
201500020867,0,2,0,0.0,2.0,2.0,19.0,A01
201500020867,0,7,0,0.0,2.0,1.0,1.0,B01
201500020868,0,7,0,0.0,2.0,3.0,0.0,A01
201500020868,0,7,0,0.0,2.0,3.0,0.0,B01
201500020869,0,7,0,0.0,2.0,1.0,2.0,A01
201500020869,0,10,0,0.0,2.0,4.0,2.0,B01
201500020870,0,7,0,0.0,2.0,1.0,2.0,A01
201500020870,0,7,0,0.0,2.0,4.0,2.0,B01