Num_Acc,senc,catv,occutc,obs,obsm,choc,manv,num_veh
201500020871,0,7,0,0.0,2.0,3.0,19.0,A01
201500020871,0,33,0,0.0,2.0,1.0,0.0,B01
201500020872,0,10,0,0.0,2.0,1.0,0.0,A01
201500020872,0,7,0,0.0,2.0,4.0,0.0,B01
201500020873,0,7,0,0.0,2.0,1.0,0.0,A01
201500020873,0,7,0,0.0,2.0,1.0,0.0,B01
201500020874,0,7,0,0.0,1.0,1.0,0.0,A01
201500020875,0,7,0,0.0,2.0,6.0,0.0,A01
201500020875,0,1,0,0.0,2.0,0.0,0.0,B01
201500020876,0,31,0,0.0,0.0,9.0,1.0,A01
201500020876,0,7,0,0.0,0.0,0.0,9.0,B01
201500020877,0,15,0,0.0,2.0,2.0,0.0,B01
201500020877,0,7,0,0.0,2.0,1.0,0.0,A01
201500020878,0,7,0,0.0,1.0,0.0,0.0,A01
201500020879,0,1,0,0.0,2.0,1.0,5.0,A01
201500020879,0,7,0,0.0,0.0,0.0,0.0,B01
201500020880,0,7,0,0.0,0.0,0.0,0.0,A01
201500020880,0,7,0,0.0,0.0,4.0,1.0,B01
201500020881,0,7,0,0.0,2.0,2.0,9.0,A01
201500020881,0,1,0,0.0,2.0,2.0,1.0,B01
201500020882,0,2,0,0.0,2.0,1.0,1.0,A01
201500020882,0,7,0,0.0,2.0,4.0,23.0,B01
201500020883,0,1,0,0.0,2.0,7.0,0.0,A01
201500020883,0,7,0,0.0,2.0,1.0,0.0,B01
201500020884,0,1,0,0.0,2.0,8.0,0.0,B01
201500020884,0,7,0,0.0,2.0,1.0,0.0,A01
201500020885,0,30,0,0.0,2.0,7.0,17.0,A01
201500020885,0,7,0,0.0,2.0,8.0,15.0,B01
201500020886,0,10,0,0.0,2.0,3.0,9.0,A01
201500020886,0,7,0,0.0,2.0,2.0,1.0,B01
201500020887,0,7,0,0.0,2.0,2.0,1.0,A01
201500020887,0,10,0,0.0,2.0,5.0,23.0,B01
201500020888,0,31,0,0.0,2.0,8.0,2.0,B01
201500020888,0,7,0,0.0,2.0,1.0,9.0,A01
201500020889,0,7,0,0.0,1.0,1.0,1.0,A01
201500020890,0,7,0,0.0,2.0,1.0,13.0,A01
201500020890,0,7,0,0.0,2.0,3.0,2.0,B01
201500020891,0,7,0,0.0,1.0,0.0,0.0,A01
201500020892,0,32,0,0.0,2.0,0.0,1.0,A01
201500020892,0,7,0,0.0,2.0,0.0,0.0,B01
201500020893,0,30,0,0.0,2.0,0.0,0.0,A01
201500020893,0,7,0,0.0,2.0,1.0,1.0,B01
201500020894,0,7,0,0.0,2.0,1.0,2.0,A01
201500020894,0,7,0,0.0,2.0,1.0,5.0,B01
201500020895,2,7,0,13.0,0.0,0.0,1.0,A01
201500020896,0,7,0,0.0,1.0,0.0,0.0,A01
201500020897,0,7,0,0.0,2.0,4.0,2.0,A01
201500020897,0,7,0,0.0,2.0,1.0,2.0,B01
201500020897,0,7,0,0.0,2.0,3.0,2.0,C01
201500020897,1,7,0,0.0,0.0,4.0,0.0,Z01
201500020898,0,7,0,0.0,2.0,3.0,24.0,A01
201500020898,0,1,0,1.0,0.0,1.0,2.0,B01
201500020899,0,7,0,4.0,0.0,8.0,17.0,A01
201500020900,0,7,0,0.0,2.0,9.0,1.0,A01
201500020900,0,7,0,0.0,2.0,9.0,1.0,B01
201500020900,1,7,0,0.0,2.0,0.0,0.0,Z01
201500020901,0,7,0,0.0,1.0,3.0,2.0,A01
201500020902,0,7,0,0.0,1.0,3.0,2.0,A01
201500020903,0,7,0,0.0,2.0,3.0,9.0,A01
201500020903,0,7,0,0.0,2.0,2.0,1.0,B01
201500020904,0,1,0,0.0,2.0,0.0,1.0,A01
201500020904,0,14,0,0.0,2.0,0.0,0.0,B01
201500020905,0,7,0,0.0,2.0,7.0,16.0,A01
201500020905,0,1,0,0.0,2.0,1.0,2.0,B01
201500020906,0,7,0,0.0,2.0,7.0,15.0,A01
201500020906,0,7,0,0.0,2.0,1.0,2.0,B01
201500020907,0,31,0,0.0,2.0,6.0,19.0,A01
201500020907,0,7,0,0.0,2.0,3.0,2.0,B01
201500020908,0,7,0,0.0,2.0,0.0,1.0,B01
201500020908,0,7,0,0.0,2.0,0.0,0.0,A01
201500020909,0,7,0,0.0,1.0,0.0,0.0,A01
201500020910,0,10,0,0.0,1.0,7.0,1.0,A01
201500020911,0,1,0,0.0,2.0,0.0,0.0,B01
201500020911,0,7,0,0.0,2.0,4.0,9.0,A01
201500020912,0,7,0,0.0,1.0,1.0,2.0,A01
201500020913,0,7,0,0.0,2.0,1.0,2.0,A01
201500020913,0,7,0,0.0,1.0,1.0,2.0,B01
201500020914,0,7,0,0.0,1.0,4.0,20.0,A01
201500020915,0,33,0,0.0,2.0,0.0,0.0,B01
201500020915,0,7,0,0.0,2.0,0.0,15.0,A01
201500020916,0,7,0,0.0,2.0,0.0,15.0,A01
201500020916,0,2,0,0.0,2.0,1.0,2.0,B01
201500020917,0,7,0,2.0,0.0,8.0,1.0,A01
201500020918,0,7,0,0.0,2.0,2.0,15.0,A01
201500020918,0,7,0,0.0,2.0,0.0,1.0,B01
201500020919,0,7,0,0.0,2.0,5.0,9.0,A01
201500020919,0,32,0,0.0,2.0,1.0,0.0,B01
201500020919,0,7,0,0.0,2.0,1.0,0.0,C01
201500020920,0,7,0,0.0,2.0,1.0,9.0,A01
201500020920,0,1,0,0.0,2.0,7.0,2.0,B01
201500020921,0,7,0,0.0,1.0,0.0,9.0,A01
201500020922,0,7,0,0.0,2.0,1.0,0.0,A01
201500020922,0,7,0,0.0,2.0,4.0,1.0,B01
201500020922,0,7,0,0.0,2.0,4.0,1.0,C01
201500020923,0,33,0,3.0,0.0,3.0,2.0,A01
201500020924,0,7,0,0.0,2.0,1.0,2.0,B01
201500020924,0,32,0,0.0,2.0,7.0,2.0,A01
201500020925,0,30,0,14.0,0.0,1.0,2.0,A01
201500020926,0,7,0,0.0,1.0,1.0,20.0,A01
201500020927,0,7,0,7.0,2.0,0.0,0.0,B01
201500020927,0,7,0,0.0,2.0,0.0,0.0,A01
201500020928,0,10,0,0.0,1.0,4.0,4.0,A01
201500020929,0,7,0,3.0,0.0,8.0,1.0,A01
201500020930,0,7,0,0.0,2.0,1.0,2.0,A01
201500020930,0,7,0,0.0,2.0,4.0,1.0,B01
201500020931,0,7,0,0.0,1.0,3.0,2.0,A01
201500020931,0,7,0,0.0,1.0,1.0,2.0,B01
201500020932,0,31,0,0.0,2.0,1.0,1.0,B01
201500020932,0,7,0,0.0,2.0,2.0,1.0,A01
201500020933,0,34,0,2.0,0.0,1.0,13.0,A01
201500020934,0,7,0,0.0,2.0,2.0,1.0,A01
201500020934,0,7,0,0.0,2.0,3.0,1.0,B01
201500020935,0,7,0,0.0,2.0,3.0,9.0,A01
201500020935,0,32,0,0.0,2.0,0.0,1.0,B01
201500020936,0,7,0,0.0,2.0,3.0,13.0,A01
201500020936,0,7,0,0.0,2.0,3.0,1.0,B01
201500020936,0,7,0,0.0,2.0,9.0,1.0,C01
201500020937,0,33,0,0.0,2.0,1.0,7.0,A01
201500020937,0,7,0,0.0,2.0,7.0,16.0,B01
201500020938,0,7,0,0.0,2.0,1.0,1.0,A01
201500020938,0,33,0,16.0,0.0,4.0,1.0,B01
201500020939,0,7,0,0.0,2.0,4.0,1.0,A01
201500020939,0,7,0,0.0,2.0,0.0,1.0,B01
201500020939,0,7,0,0.0,2.0,1.0,2.0,C01
201500020940,0,1,0,0.0,2.0,1.0,9.0,A01
201500020940,0,7,0,0.0,2.0,2.0,2.0,B01
201500020941,0,7,0,0.0,1.0,3.0,2.0,A01
201500020942,0,7,0,0.0,2.0,0.0,1.0,A01
201500020942,0,33,0,0.0,0.0,0.0,0.0,B01
201500020943,0,7,0,16.0,0.0,9.0,0.0,A01
201500020944,0,10,0,0.0,1.0,3.0,1.0,A01
201500020945,0,7,0,0.0,2.0,3.0,9.0,A01
201500020945,0,31,0,0.0,0.0,0.0,0.0,B01
201500020946,0,7,0,0.0,1.0,4.0,4.0,A01
201500020947,1,7,0,0.0,1.0,1.0,0.0,Z01
201500020948,0,7,0,0.0,1.0,1.0,1.0,A01
201500020949,0,10,0,0.0,2.0,3.0,2.0,A01
201500020949,0,33,0,0.0,0.0,5.0,23.0,B01
201500020950,0,7,0,0.0,1.0,5.0,4.0,A01
201500020951,0,7,0,6.0,0.0,1.0,1.0,A01
201500020952,0,7,0,0.0,2.0,2.0,22.0,A01
201500020952,0,1,0,0.0,2.0,3.0,2.0,B01
201500020953,0,2,0,0.0,2.0,1.0,0.0,A01
201500020953,0,7,0,0.0,2.0,8.0,15.0,B01
201500020953,0,7,0,0.0,2.0,4.0,24.0,C01
201500020954,1,7,0,0.0,2.0,1.0,1.0,Z01
201500020954,0,1,0,0.0,2.0,0.0,1.0,A01
201500020955,0,7,0,15.0,2.0,8.0,2.0,B01
201500020955,0,7,0,8.0,2.0,1.0,2.0,A01
201500020956,0,7,0,15.0,0.0,1.0,0.0,A01
201500020957,0,7,0,0.0,0.0,9.0,0.0,A01
201500020958,0,37,3,0.0,1.0,2.0,2.0,A01
201500020959,0,37,4,0.0,1.0,2.0,2.0,A01
201500020960,0,7,0,0.0,2.0,1.0,9.0,A01
201500020960,0,1,0,0.0,2.0,7.0,2.0,B01
201500020961,0,7,0,15.0,0.0,8.0,1.0,A01
201500020962,0,7,0,0.0,2.0,3.0,15.0,A01
201500020962,0,34,0,0.0,2.0,3.0,1.0,B02
201500020963,0,7,0,2.0,0.0,1.0,0.0,A01
201500020964,0,10,0,0.0,2.0,6.0,15.0,A01
201500020964,0,10,0,0.0,2.0,3.0,1.0,B02
201500020965,0,7,0,0.0,2.0,3.0,1.0,B02
201500020965,0,7,0,0.0,2.0,1.0,1.0,C03
201500020965,0,7,0,0.0,2.0,3.0,13.0,A01
201500020966,0,33,0,16.0,0.0,0.0,14.0,A01
201500020967,0,3,0,0.0,0.0,2.0,14.0,A01
201500020968,0,30,0,10.0,0.0,7.0,14.0,A01
201500020969,0,33,0,0.0,2.0,3.0,17.0,A01
201500020969,0,7,0,0.0,2.0,1.0,1.0,B02
201500020970,0,14,0,0.0,0.0,6.0,9.0,A01
201500020970,0,31,0,0.0,2.0,1.0,1.0,B02
201500020971,0,1,0,0.0,2.0,1.0,1.0,B02
201500020971,0,7,0,0.0,2.0,3.0,16.0,A01
201500020972,0,7,0,0.0,2.0,3.0,13.0,A01
201500020972,0,7,0,0.0,2.0,3.0,1.0,B02
201500020973,0,7,0,0.0,0.0,6.0,1.0,B02
201500020973,0,32,0,0.0,2.0,1.0,1.0,A01
201500020974,0,7,0,0.0,2.0,5.0,1.0,B02
201500020974,0,33,0,0.0,2.0,1.0,13.0,A01
201500020975,0,30,0,3.0,0.0,0.0,19.0,A01
201500020976,0,7,0,0.0,2.0,3.0,1.0,A01
201500020976,0,7,0,0.0,2.0,9.0,1.0,B02
201500020976,0,7,0,0.0,2.0,1.0,1.0,C03
201500020977,0,7,0,0.0,1.0,1.0,5.0,A01
201500020978,0,30,0,0.0,2.0,1.0,13.0,A01
201500020978,0,7,0,0.0,2.0,3.0,1.0,B02
201500020979,0,33,0,0.0,2.0,1.0,13.0,A01
201500020979,0,7,0,0.0,2.0,1.0,1.0,B02
201500020980,0,7,0,0.0,2.0,1.0,1.0,B02
201500020980,0,31,0,0.0,2.0,1.0,13.0,A01
201500020981,0,14,0,0.0,2.0,1.0,1.0,A01
201500020981,0,14,0,0.0,2.0,8.0,19.0,B02
201500020982,0,7,0,4.0,0.0,7.0,1.0,A01
201500020983,0,7,0,2.0,0.0,1.0,1.0,A01
201500020984,0,31,0,0.0,2.0,4.0,1.0,A01
201500020984,0,7,0,0.0,2.0,3.0,15.0,B02
201500020985,0,2,0,0.0,2.0,4.0,1.0,B02
201500020985,0,7,0,0.0,2.0,1.0,1.0,A01
201500020986,0,7,0,0.0,2.0,8.0,15.0,A01
201500020986,0,33,0,0.0,2.0,1.0,1.0,B02
201500020987,0,7,0,0.0,2.0,8.0,1.0,C03
201500020987,0,10,0,3.0,2.0,9.0,1.0,A01
201500020987,0,7,0,0.0,2.0,8.0,1.0,B02
201500020988,0,7,0,0.0,2.0,2.0,1.0,A01
201500020988,0,7,0,0.0,2.0,3.0,1.0,B02
201500020989,0,7,0,6.0,0.0,3.0,1.0,A01
201500020990,0,7,0,6.0,0.0,1.0,1.0,A01
201500020991,0,7,0,0.0,2.0,8.0,1.0,B02
201500020991,0,33,0,0.0,2.0,8.0,1.0,A01
201500020992,0,7,0,6.0,0.0,1.0,13.0,A01
201500020993,0,7,0,2.0,0.0,1.0,13.0,A01
201500020994,0,7,0,0.0,0.0,0.0,14.0,A01
201500020995,0,7,0,0.0,2.0,1.0,13.0,B02
201500020995,0,17,0,0.0,2.0,1.0,1.0,A01
201500020996,0,7,0,0.0,1.0,2.0,1.0,A01
201500020997,0,7,0,0.0,2.0,5.0,13.0,A01
201500020997,0,10,0,0.0,2.0,1.0,1.0,B02
201500020998,0,7,0,8.0,0.0,1.0,9.0,A01
201500020999,0,7,0,0.0,2.0,6.0,1.0,A01
201500020999,0,10,0,0.0,2.0,3.0,1.0,B02
201500021000,0,7,0,12.0,1.0,5.0,20.0,A01
201500021001,0,7,0,0.0,2.0,7.0,1.0,B02
201500021001,0,7,0,0.0,2.0,1.0,9.0,A01
201500021002,0,14,0,0.0,1.0,2.0,1.0,A01
201500021003,1,99,0,0.0,1.0,0.0,0.0,A01
201500021004,0,7,0,0.0,2.0,1.0,1.0,A01
201500021004,0,7,0,0.0,2.0,1.0,15.0,B02
201500021005,0,7,0,0.0,2.0,1.0,1.0,A01
201500021005,0,7,0,0.0,2.0,9.0,1.0,B02
201500021005,0,7,0,0.0,2.0,4.0,15.0,C03
201500021006,0,7,0,0.0,2.0,3.0,6.0,A01
201500021006,0,31,0,0.0,2.0,1.0,1.0,B02
201500021007,0,1,0,0.0,0.0,1.0,0.0,A01
201500021007,0,14,0,0.0,0.0,8.0,1.0,B02
201500021008,0,7,0,0.0,1.0,2.0,1.0,A01
201500021009,0,33,0,12.0,0.0,6.0,1.0,A01
201500021010,0,7,0,0.0,2.0,8.0,1.0,A01
201500021010,0,33,0,0.0,2.0,7.0,1.0,B02
201500021011,0,7,0,2.0,0.0,2.0,1.0,A01
201500021012,0,7,0,4.0,0.0,9.0,1.0,A01
201500021013,0,7,0,0.0,0.0,4.0,2.0,B02
201500021013,0,7,0,0.0,2.0,1.0,1.0,A01
201500021014,0,7,0,4.0,2.0,2.0,17.0,A01
201500021014,0,14,0,0.0,0.0,6.0,1.0,B02
201500021015,0,7,0,3.0,0.0,8.0,17.0,A01
201500021016,0,7,0,13.0,0.0,1.0,21.0,A01
201500021017,0,7,0,4.0,0.0,3.0,13.0,A01
201500021018,0,15,0,0.0,0.0,0.0,1.0,A01
201500021019,0,7,0,0.0,2.0,1.0,2.0,A01
201500021019,0,14,0,0.0,2.0,5.0,2.0,B02
201500021020,0,7,0,4.0,0.0,3.0,11.0,A01
201500021020,0,7,0,4.0,0.0,3.0,11.0,B02
201500021020,0,7,0,0.0,0.0,6.0,11.0,C03
201500021021,0,7,0,0.0,2.0,1.0,1.0,A01
201500021021,0,7,0,0.0,2.0,4.0,1.0,B02
201500021022,0,15,0,0.0,2.0,2.0,2.0,A01
201500021022,0,7,0,0.0,2.0,6.0,2.0,B02
201500021023,0,10,0,0.0,2.0,1.0,1.0,A01
201500021023,0,15,0,0.0,0.0,6.0,1.0,B02
201500021024,0,7,0,0.0,2.0,3.0,1.0,A01
201500021024,0,7,0,0.0,2.0,5.0,1.0,B02
201500021025,0,7,0,4.0,2.0,3.0,1.0,A01
201500021025,0,14,0,0.0,2.0,5.0,2.0,B02
201500021026,0,14,0,0.0,2.0,1.0,2.0,A01
201500021026,0,7,0,0.0,0.0,4.0,0.0,C03
201500021027,0,7,0,0.0,1.0,2.0,1.0,A01
201500021028,0,7,0,0.0,2.0,1.0,16.0,B01
201500021028,0,7,0,0.0,2.0,1.0,15.0,A01
201500021029,0,7,0,0.0,0.0,0.0,0.0,A01
201500021029,0,1,0,0.0,0.0,0.0,0.0,B01
201500021030,0,7,0,0.0,1.0,6.0,4.0,A01
201500021031,0,7,0,0.0,2.0,1.0,1.0,A01
201500021031,0,30,0,0.0,2.0,1.0,1.0,B01
201500021032,0,7,0,0.0,0.0,0.0,0.0,B01
201500021032,0,7,0,0.0,0.0,0.0,0.0,A01
201500021033,0,1,0,0.0,2.0,0.0,2.0,B01
201500021033,0,7,0,0.0,2.0,1.0,2.0,A01
201500021034,0,30,0,0.0,2.0,0.0,0.0,B01
201500021034,0,7,0,0.0,2.0,0.0,0.0,A01
201500021035,2,7,0,0.0,1.0,2.0,2.0,A01
201500021036,0,7,0,0.0,2.0,0.0,0.0,B01
201500021036,0,7,0,0.0,2.0,0.0,0.0,A01
201500021037,0,7,0,0.0,2.0,1.0,0.0,A01
201500021037,0,7,0,0.0,0.0,3.0,1.0,B01
201500021038,0,7,0,0.0,2.0,3.0,15.0,A01
201500021038,0,7,0,0.0,0.0,8.0,1.0,B01
201500021039,0,7,0,0.0,2.0,3.0,15.0,A01
201500021039,0,2,0,0.0,0.0,1.0,17.0,B01
201500021040,0,37,0,0.0,1.0,1.0,1.0,A01
201500021041,0,10,0,0.0,1.0,4.0,0.0,A01
201500021042,0,30,0,0.0,2.0,7.0,1.0,B01
201500021042,0,7,0,0.0,2.0,1.0,9.0,A01
201500021043,0,7,0,0.0,1.0,2.0,0.0,A01
201500021044,0,7,0,0.0,0.0,0.0,0.0,B01
201500021044,0,30,0,0.0,0.0,0.0,0.0,A01
201500021045,0,7,0,0.0,2.0,3.0,13.0,A01
201500021045,0,7,0,0.0,2.0,8.0,1.0,B01
201500021045,0,7,0,0.0,0.0,0.0,21.0,C01
201500021046,0,7,0,0.0,0.0,0.0,0.0,A01
201500021046,0,33,0,0.0,0.0,0.0,0.0,B01
201500021047,0,30,0,0.0,1.0,1.0,19.0,A01
201500021048,0,7,0,0.0,1.0,1.0,1.0,A01
201500021049,0,7,0,0.0,1.0,0.0,0.0,A01
201500021050,0,1,0,0.0,0.0,0.0,0.0,B01
201500021050,0,7,0,0.0,0.0,0.0,0.0,A01
201500021051,1,7,0,0.0,2.0,2.0,12.0,B02
201500021051,0,33,0,0.0,2.0,3.0,2.0,A01
201500021052,0,7,0,0.0,2.0,1.0,2.0,A01
201500021052,0,33,0,0.0,2.0,7.0,23.0,E05
201500021052,0,7,0,0.0,2.0,4.0,23.0,D04
201500021052,0,7,0,0.0,2.0,6.0,23.0,B02
201500021052,0,7,0,0.0,2.0,5.0,23.0,C03
201500021053,0,7,0,0.0,2.0,4.0,23.0,B02
201500021053,0,10,0,0.0,2.0,1.0,2.0,A01
201500021054,0,7,0,0.0,1.0,4.0,4.0,A01
201500021055,0,33,0,0.0,2.0,1.0,1.0,B01
201500021055,0,7,0,0.0,2.0,3.0,15.0,A01
201500021056,0,10,0,0.0,1.0,1.0,1.0,A01
201500021057,0,7,0,0.0,1.0,2.0,1.0,A01
201500021058,0,33,0,0.0,0.0,3.0,15.0,B01
201500021058,0,7,0,0.0,2.0,8.0,16.0,A01
201500021059,0,7,0,0.0,2.0,8.0,10.0,A01
201500021059,0,33,0,0.0,2.0,1.0,1.0,B01
201500021060,0,7,0,0.0,2.0,3.0,1.0,B01
201500021060,1,7,0,0.0,0.0,0.0,0.0,A01
201500021060,0,1,0,0.0,2.0,1.0,1.0,Y01
201500021061,0,31,0,0.0,2.0,1.0,1.0,B01
201500021061,0,7,0,0.0,2.0,3.0,15.0,A01
201500021062,0,7,0,2.0,0.0,1.0,1.0,A01
201500021063,0,33,0,0.0,2.0,0.0,1.0,B01
201500021063,0,7,0,0.0,2.0,3.0,15.0,A01
201500021064,0,33,0,0.0,2.0,8.0,11.0,B02
201500021064,0,33,0,0.0,2.0,7.0,1.0,A01
201500021065,0,10,0,0.0,2.0,2.0,2.0,A01
201500021065,0,7,0,0.0,2.0,4.0,2.0,B02
201500021066,0,7,0,0.0,0.0,9.0,1.0,A01
201500021067,0,7,0,13.0,2.0,6.0,18.0,A01
201500021067,0,7,0,0.0,2.0,2.0,1.0,B02
201500021068,0,7,0,3.0,0.0,1.0,17.0,A01
201500021069,0,7,0,0.0,2.0,1.0,2.0,A01
201500021069,0,7,0,4.0,2.0,4.0,2.0,B02
201500021070,0,7,0,0.0,2.0,8.0,19.0,A01
201500021070,0,14,0,0.0,2.0,1.0,1.0,B02
201500021071,0,17,0,3.0,2.0,3.0,1.0,B02
201500021071,0,7,0,0.0,2.0,3.0,13.0,A01
201500021072,0,7,0,0.0,2.0,3.0,1.0,B02
201500021072,0,10,0,0.0,2.0,3.0,13.0,A01
201500021073,0,7,0,13.0,0.0,9.0,14.0,A01
201500021074,0,7,0,3.0,0.0,8.0,13.0,A01
201500021075,0,10,0,4.0,2.0,2.0,17.0,A01
201500021075,0,21,0,0.0,2.0,6.0,1.0,B01
201500021076,0,7,0,0.0,2.0,1.0,1.0,B02
201500021076,0,33,0,0.0,2.0,1.0,13.0,A01
201500021077,0,7,0,0.0,2.0,3.0,1.0,A01
201500021077,0,31,0,0.0,2.0,1.0,1.0,B02
201500021078,0,34,0,13.0,0.0,1.0,1.0,A01
201500021079,0,7,0,0.0,2.0,2.0,9.0,A01
201500021079,0,33,0,0.0,2.0,7.0,3.0,B02
201500021080,0,7,0,0.0,1.0,3.0,20.0,A01
201500021081,0,7,0,0.0,2.0,3.0,13.0,A01
201500021081,0,7,0,0.0,2.0,6.0,1.0,B02
201500021082,0,7,0,0.0,2.0,1.0,17.0,A01
201500021083,0,33,0,0.0,2.0,7.0,1.0,B02
201500021083,0,7,0,0.0,2.0,3.0,19.0,A01
201500021084,0,10,0,0.0,2.0,1.0,21.0,A01
201500021084,0,15,0,0.0,2.0,3.0,1.0,B02
201500021084,0,15,0,0.0,2.0,3.0,1.0,C03
201500021085,0,15,0,0.0,2.0,3.0,13.0,A01
201500021085,0,7,0,0.0,2.0,8.0,1.0,B02
201500021085,0,10,0,0.0,2.0,3.0,13.0,C03
201500021085,0,7,0,0.0,9.0,1.0,1.0,D04
201500021086,0,17,0,0.0,2.0,5.0,13.0,A01
201500021086,0,7,0,0.0,2.0,8.0,1.0,B02
201500021086,0,7,0,0.0,2.0,1.0,1.0,C03
201500021087,0,1,0,1.0,0.0,1.0,1.0,A01
201500021088,0,7,0,0.0,2.0,1.0,1.0,B01
201500021088,0,30,0,0.0,2.0,1.0,15.0,A01
201500021089,0,7,0,0.0,2.0,4.0,1.0,B01
201500021089,0,30,0,0.0,2.0,1.0,1.0,A01
201500021090,0,14,0,3.0,2.0,3.0,21.0,B01
201500021090,0,7,0,3.0,2.0,3.0,1.0,A01
201500021091,0,7,0,0.0,1.0,1.0,1.0,A01
201500021092,0,7,0,0.0,1.0,3.0,1.0,A01
201500021093,0,7,0,0.0,1.0,0.0,0.0,A01
201500021094,0,7,0,0.0,0.0,0.0,0.0,A01
201500021095,0,7,0,0.0,2.0,3.0,1.0,B01
201500021095,0,30,0,0.0,2.0,1.0,1.0,A01
201500021096,0,1,0,0.0,0.0,0.0,0.0,B01
201500021096,0,10,0,0.0,2.0,1.0,19.0,A01
201500021097,0,33,0,0.0,2.0,8.0,1.0,B01
201500021097,1,7,0,0.0,2.0,2.0,15.0,A01
201500021098,0,7,0,0.0,2.0,5.0,15.0,A01
201500021098,0,33,0,0.0,2.0,1.0,1.0,B01
201500021099,0,7,0,0.0,1.0,0.0,1.0,A01
201500021100,0,37,0,0.0,1.0,2.0,16.0,A01
201500021101,0,7,0,0.0,1.0,1.0,0.0,A01
201500021102,0,7,0,0.0,2.0,3.0,1.0,B02
201500021102,0,3,0,0.0,2.0,8.0,15.0,A01
201500021103,0,7,0,0.0,2.0,3.0,17.0,A01
201500021103,0,7,0,0.0,2.0,3.0,1.0,B02
201500021104,0,10,0,3.0,2.0,4.0,23.0,A01
201500021104,0,10,0,1.0,1.0,1.0,1.0,D04
201500021105,0,14,0,0.0,2.0,3.0,0.0,A01
201500021105,0,10,0,0.0,2.0,3.0,0.0,B02
201500021106,0,17,0,3.0,2.0,2.0,6.0,A01
201500021106,0,7,0,0.0,2.0,6.0,1.0,B02
201500021106,0,17,0,0.0,2.0,2.0,1.0,C03
201500021106,0,7,0,0.0,0.0,0.0,1.0,D04
201500021107,0,14,0,6.0,0.0,3.0,0.0,A01
201500021108,0,7,0,16.0,0.0,1.0,0.0,A01
201500021109,0,17,0,0.0,2.0,6.0,1.0,A01
201500021109,0,17,0,0.0,2.0,3.0,1.0,B02
201500021110,0,7,0,0.0,2.0,2.0,1.0,A01
201500021110,0,38,36,0.0,2.0,1.0,1.0,B02
201500021111,0,33,0,8.0,0.0,4.0,1.0,A01
201500021112,0,10,0,0.0,2.0,2.0,20.0,A01
201500021112,0,33,0,0.0,2.0,1.0,1.0,B02
201500021113,0,7,0,2.0,0.0,2.0,14.0,A01
201500021114,0,7,0,1.0,0.0,1.0,15.0,A01
201500021115,0,30,0,0.0,2.0,3.0,11.0,B02
201500021115,0,7,0,0.0,2.0,2.0,1.0,A01
201500021116,0,7,0,0.0,2.0,1.0,17.0,B02
201500021116,0,33,0,0.0,2.0,1.0,1.0,A01
201500021117,0,10,0,0.0,1.0,2.0,1.0,A01
201500021118,0,7,0,0.0,2.0,5.0,1.0,B02
201500021118,0,7,0,0.0,2.0,5.0,1.0,A01
201500021119,0,7,0,0.0,2.0,3.0,19.0,B02
201500021119,0,7,0,0.0,2.0,2.0,1.0,A01
201500021120,0,7,0,3.0,9.0,1.0,2.0,A01
201500021121,0,7,0,0.0,2.0,6.0,11.0,A01
201500021121,0,33,0,0.0,2.0,2.0,1.0,B02
201500021122,0,7,0,2.0,0.0,3.0,12.0,A01
201500021123,0,10,0,0.0,2.0,4.0,2.0,B02
201500021123,0,15,0,1.0,0.0,2.0,2.0,A01
201500021124,0,7,0,13.0,0.0,2.0,1.0,A01
201500021125,0,33,0,0.0,2.0,1.0,1.0,A01
201500021125,0,7,0,0.0,0.0,4.0,1.0,B02
201500021126,0,7,0,4.0,2.0,1.0,1.0,B02
201500021126,0,17,0,4.0,0.0,3.0,1.0,A01
201500021126,0,7,0,14.0,0.0,1.0,1.0,C03
201500021127,0,7,0,0.0,0.0,0.0,0.0,A01
201500021128,0,7,0,13.0,0.0,1.0,14.0,A01
201500021129,0,7,0,0.0,2.0,5.0,17.0,D01
201500021129,0,7,0,0.0,2.0,7.0,17.0,C01
201500021129,0,7,0,0.0,2.0,8.0,0.0,A01
201500021129,0,10,0,0.0,2.0,1.0,1.0,B01
201500021130,0,7,0,0.0,0.0,5.0,2.0,A01
201500021130,0,7,0,1.0,0.0,2.0,0.0,B01
201500021131,0,7,0,4.0,0.0,1.0,11.0,A01
201500021132,0,15,0,0.0,2.0,3.0,1.0,B02
201500021132,0,7,0,0.0,2.0,8.0,13.0,A01
201500021133,0,10,0,0.0,2.0,1.0,12.0,A01
201500021133,0,15,0,0.0,0.0,4.0,1.0,B02
201500021134,0,7,0,0.0,0.0,4.0,2.0,C03
201500021134,0,7,0,0.0,2.0,1.0,1.0,A01
201500021134,0,7,0,0.0,0.0,4.0,2.0,B02
201500021135,0,7,0,0.0,2.0,3.0,1.0,A01
201500021135,0,7,0,0.0,2.0,3.0,1.0,B02
201500021136,0,7,0,14.0,0.0,1.0,14.0,A01
201500021137,0,17,0,0.0,2.0,6.0,9.0,A01
201500021137,0,10,0,0.0,2.0,2.0,1.0,B02
201500021138,0,32,0,0.0,2.0,1.0,13.0,A01
201500021138,0,14,0,0.0,2.0,1.0,1.0,B01
201500021139,0,7,0,0.0,2.0,3.0,1.0,B02
201500021139,0,7,0,0.0,2.0,3.0,13.0,A01