Num_Acc,senc,catv,occutc,obs,obsm,choc,manv,num_veh
201500021140,0,7,0,0.0,0.0,9.0,14.0,A01
201500021141,0,10,0,0.0,2.0,1.0,15.0,A01
201500021141,0,31,0,0.0,2.0,1.0,1.0,B02
201500021142,0,7,0,0.0,2.0,5.0,12.0,A01
201500021142,0,33,0,0.0,2.0,3.0,1.0,B02
201500021143,0,37,0,0.0,1.0,5.0,7.0,A01
201500021144,0,7,0,6.0,0.0,1.0,1.0,A01
201500021145,0,7,0,0.0,1.0,2.0,1.0,A01
201500021146,0,7,0,0.0,1.0,1.0,1.0,A01
201500021147,0,7,0,0.0,1.0,7.0,17.0,A01
201500021148,0,14,0,0.0,2.0,1.0,9.0,A01
201500021148,0,7,0,0.0,2.0,7.0,1.0,B01
201500021149,0,7,0,0.0,1.0,2.0,15.0,A01
201500021150,0,7,0,0.0,0.0,0.0,0.0,A01
201500021151,0,7,0,0.0,2.0,2.0,15.0,B01
201500021151,0,30,0,0.0,2.0,3.0,0.0,A01
201500021152,0,10,0,0.0,2.0,3.0,1.0,B01
201500021152,0,7,0,0.0,2.0,1.0,13.0,A01
201500021153,0,7,0,0.0,2.0,4.0,2.0,B01
201500021153,0,30,0,0.0,2.0,0.0,2.0,A01
201500021154,0,7,0,0.0,9.0,7.0,9.0,A01
201500021154,0,1,0,0.0,0.0,6.0,2.0,B01
201500021155,1,7,0,0.0,1.0,0.0,0.0,A01
201500021156,0,7,0,0.0,2.0,3.0,1.0,B01
201500021156,0,7,0,0.0,2.0,1.0,15.0,A01
201500021157,0,7,0,0.0,2.0,7.0,1.0,B01
201500021157,0,7,0,0.0,2.0,1.0,15.0,A01
201500021158,0,7,0,6.0,0.0,3.0,13.0,A01
201500021159,0,7,0,0.0,1.0,3.0,16.0,A01
201500021160,0,7,0,0.0,2.0,1.0,0.0,A01
201500021160,0,7,0,0.0,2.0,1.0,2.0,B01
201500021161,0,1,0,0.0,0.0,1.0,0.0,C01
201500021161,0,1,0,0.0,0.0,1.0,1.0,B01
201500021161,0,7,0,0.0,2.0,7.0,19.0,A01
201500021162,0,10,0,0.0,2.0,4.0,2.0,B01
201500021162,0,7,0,0.0,2.0,1.0,2.0,A01
201500021163,0,7,0,0.0,1.0,1.0,20.0,A01
201500021164,0,7,0,2.0,0.0,1.0,1.0,A01
201500021165,0,7,0,0.0,2.0,4.0,23.0,C01
201500021165,0,7,0,0.0,2.0,1.0,1.0,A01
201500021165,0,7,0,0.0,2.0,4.0,23.0,B01
201500021166,0,7,0,0.0,2.0,4.0,1.0,B01
201500021166,0,7,0,0.0,2.0,1.0,1.0,A01
201500021167,0,2,0,0.0,0.0,0.0,0.0,A01
201500021168,0,7,0,1.0,0.0,9.0,1.0,A01
201500021169,0,7,0,0.0,2.0,3.0,15.0,A01
201500021169,0,1,0,0.0,2.0,1.0,1.0,B01
201500021170,0,7,0,0.0,2.0,6.0,4.0,A01
201500021170,0,1,0,0.0,2.0,1.0,2.0,B01
201500021171,0,7,0,0.0,2.0,4.0,1.0,A01
201500021171,0,7,0,0.0,2.0,1.0,2.0,D01
201500021171,0,7,0,0.0,2.0,1.0,2.0,B01
201500021171,0,7,0,0.0,2.0,4.0,2.0,C01
201500021172,0,7,0,14.0,0.0,1.0,1.0,A01
201500021172,0,7,0,0.0,0.0,0.0,0.0,B01
201500021173,0,7,0,0.0,2.0,3.0,1.0,C01
201500021173,0,7,0,0.0,2.0,1.0,13.0,A01
201500021173,0,7,0,0.0,2.0,8.0,1.0,B01
201500021174,0,7,0,0.0,2.0,1.0,2.0,A01
201500021174,0,7,0,0.0,2.0,4.0,0.0,B01
201500021175,0,2,0,0.0,0.0,0.0,0.0,A01
201500021176,0,7,0,0.0,1.0,3.0,15.0,A01
201500021177,0,7,0,0.0,0.0,1.0,13.0,A01
201500021178,0,2,0,0.0,2.0,3.0,1.0,A01
201500021179,0,7,0,13.0,0.0,1.0,14.0,A01
201500021180,0,2,0,0.0,2.0,1.0,5.0,B01
201500021180,0,7,0,0.0,2.0,3.0,9.0,A01
201500021181,0,15,0,0.0,2.0,3.0,2.0,A01
201500021181,0,7,0,0.0,2.0,4.0,2.0,C01
201500021181,0,10,0,0.0,2.0,4.0,2.0,D01
201500021181,0,7,0,0.0,2.0,4.0,2.0,B01
201500021182,0,7,0,0.0,0.0,0.0,0.0,B01
201500021182,0,7,0,0.0,0.0,0.0,0.0,C01
201500021182,0,7,0,0.0,0.0,0.0,0.0,A01
201500021183,0,30,0,0.0,0.0,0.0,0.0,A01
201500021184,0,7,0,1.0,0.0,2.0,1.0,A01
201500021185,0,7,0,0.0,0.0,0.0,0.0,B01
201500021185,0,7,0,0.0,0.0,0.0,0.0,A01
201500021186,0,1,0,0.0,2.0,8.0,15.0,B01
201500021186,0,7,0,0.0,2.0,2.0,15.0,A01
201500021187,0,7,0,0.0,2.0,7.0,13.0,A01
201500021187,0,7,0,0.0,0.0,0.0,0.0,B01
201500021188,0,7,0,0.0,2.0,4.0,2.0,B01
201500021188,0,2,0,0.0,2.0,9.0,2.0,A01
201500021189,0,7,0,0.0,1.0,3.0,1.0,A01
201500021190,0,7,0,0.0,1.0,3.0,1.0,A01
201500021191,0,7,0,0.0,2.0,7.0,1.0,B01
201500021191,0,7,0,0.0,2.0,3.0,9.0,A01
201500021192,0,7,0,0.0,2.0,3.0,9.0,A01
201500021192,0,2,0,0.0,2.0,7.0,1.0,B01
201500021193,0,1,0,0.0,2.0,7.0,16.0,B01
201500021193,0,7,0,0.0,2.0,8.0,16.0,A01
201500021194,0,7,0,0.0,2.0,4.0,2.0,C01
201500021194,0,7,0,0.0,2.0,1.0,2.0,A01
201500021194,0,7,0,0.0,2.0,4.0,2.0,B01
201500021195,0,1,0,0.0,2.0,8.0,9.0,B01
201500021195,0,7,0,0.0,9.0,1.0,1.0,A01
201500021196,0,7,0,0.0,2.0,7.0,1.0,A01
201500021196,0,7,0,0.0,2.0,1.0,1.0,B01
201500021197,0,33,0,0.0,1.0,3.0,2.0,A01
201500021198,0,2,0,0.0,2.0,7.0,1.0,B01
201500021198,0,7,0,0.0,2.0,1.0,15.0,A01
201500021199,0,7,0,0.0,2.0,2.0,1.0,B01
201500021199,0,7,0,0.0,2.0,3.0,19.0,A01
201500021200,0,2,0,0.0,0.0,0.0,0.0,A01
201500021201,0,7,0,3.0,0.0,1.0,1.0,A01
201500021202,0,7,0,15.0,1.0,3.0,1.0,A01
201500021203,0,2,0,0.0,0.0,0.0,21.0,A01
201500021204,0,7,0,0.0,2.0,8.0,10.0,A01
201500021204,0,7,0,0.0,2.0,1.0,1.0,B01
201500021205,0,7,0,0.0,1.0,0.0,0.0,A01
201500021206,0,10,0,0.0,2.0,1.0,2.0,A01
201500021206,0,10,0,0.0,9.0,4.0,2.0,B01
201500021207,0,1,0,0.0,0.0,0.0,0.0,A01
201500021208,0,7,0,1.0,1.0,1.0,1.0,A01
201500021209,0,1,0,0.0,2.0,1.0,0.0,A01
201500021209,0,99,0,0.0,2.0,2.0,0.0,B01
201500021210,0,7,0,0.0,1.0,2.0,1.0,A01
201500021211,0,7,0,0.0,2.0,0.0,0.0,A01
201500021211,0,7,0,0.0,2.0,5.0,2.0,B01
201500021212,0,7,0,0.0,2.0,2.0,1.0,B01
201500021212,0,7,0,0.0,2.0,8.0,20.0,A01
201500021213,0,7,0,10.0,0.0,9.0,1.0,A01
201500021214,0,7,0,0.0,2.0,1.0,15.0,A01
201500021214,0,1,0,0.0,2.0,8.0,1.0,B01
201500021215,0,32,0,0.0,2.0,1.0,2.0,A01
201500021215,0,7,0,0.0,2.0,5.0,2.0,B01
201500021216,0,7,0,0.0,0.0,0.0,0.0,B01
201500021216,0,7,0,9.0,0.0,0.0,16.0,A01
201500021217,0,1,0,0.0,2.0,0.0,19.0,B01
201500021217,0,7,0,0.0,9.0,0.0,1.0,A01
201500021218,0,7,0,0.0,1.0,1.0,1.0,A01
201500021219,0,37,0,0.0,1.0,2.0,1.0,A01
201500021220,0,7,0,0.0,2.0,0.0,0.0,B01
201500021220,0,32,0,0.0,2.0,2.0,1.0,A01
201500021221,1,7,0,0.0,1.0,0.0,0.0,Z01
201500021222,0,7,0,0.0,2.0,7.0,1.0,B01
201500021222,0,7,0,0.0,2.0,4.0,20.0,A01
201500021223,0,7,0,0.0,1.0,1.0,15.0,A01
201500021224,0,7,0,0.0,2.0,1.0,2.0,A01
201500021224,0,7,0,0.0,0.0,4.0,2.0,B01
201500021225,0,7,0,0.0,0.0,1.0,21.0,A01
201500021226,0,7,0,0.0,2.0,1.0,9.0,B01
201500021226,0,7,0,0.0,2.0,1.0,5.0,A01
201500021227,0,7,0,0.0,2.0,4.0,2.0,B01
201500021227,0,7,0,0.0,2.0,4.0,0.0,C01
201500021227,0,7,0,0.0,2.0,1.0,2.0,A01
201500021228,0,7,0,0.0,9.0,5.0,15.0,A01
201500021228,0,2,0,0.0,2.0,0.0,0.0,B01
201500021228,0,7,0,0.0,2.0,1.0,2.0,C01
201500021229,0,7,0,0.0,2.0,3.0,15.0,B01
201500021229,0,1,0,0.0,2.0,1.0,2.0,A01
201500021230,0,7,0,1.0,0.0,1.0,13.0,A01
201500021231,0,7,0,8.0,0.0,3.0,0.0,A01
201500021232,0,7,0,8.0,0.0,1.0,16.0,A01
201500021233,0,7,0,0.0,2.0,1.0,2.0,A01
201500021233,0,7,0,0.0,2.0,4.0,2.0,B01
201500021233,0,7,0,0.0,2.0,4.0,2.0,C01
201500021233,0,7,0,0.0,2.0,4.0,2.0,D01
201500021234,0,7,0,0.0,1.0,3.0,2.0,A01
201500021235,0,7,0,0.0,2.0,1.0,1.0,B01
201500021235,0,7,0,0.0,2.0,2.0,1.0,A01
201500021236,0,7,0,0.0,2.0,7.0,19.0,A01
201500021236,0,1,0,0.0,2.0,3.0,1.0,B01
201500021237,0,7,0,0.0,2.0,5.0,15.0,B01
201500021237,0,10,0,0.0,2.0,3.0,2.0,A01
201500021238,0,2,0,0.0,2.0,2.0,1.0,A01
201500021238,0,7,0,0.0,2.0,5.0,0.0,B01
201500021239,0,7,0,0.0,1.0,1.0,1.0,A01
201500021240,0,7,0,14.0,0.0,4.0,2.0,B01
201500021240,0,7,0,14.0,0.0,1.0,1.0,A01
201500021241,0,36,0,0.0,0.0,9.0,0.0,A01
201500021242,0,7,0,0.0,1.0,2.0,1.0,A01
201500021243,0,1,0,0.0,9.0,0.0,2.0,A01
201500021243,0,7,0,0.0,9.0,0.0,1.0,B01
201500021244,0,30,0,0.0,0.0,0.0,0.0,A01
201500021244,0,7,0,0.0,9.0,4.0,0.0,B01
201500021245,0,31,0,0.0,2.0,1.0,2.0,A01
201500021245,0,7,0,0.0,2.0,6.0,2.0,B01
201500021246,0,7,0,0.0,0.0,0.0,17.0,A01
201500021247,0,1,0,0.0,0.0,0.0,0.0,A01
201500021248,0,7,0,4.0,0.0,3.0,16.0,A01
201500021249,0,1,0,0.0,0.0,0.0,15.0,B01
201500021249,1,7,0,0.0,9.0,0.0,0.0,Z01
201500021250,0,7,0,0.0,2.0,1.0,2.0,A01
201500021250,0,7,0,0.0,2.0,4.0,2.0,B01
201500021251,2,7,0,0.0,2.0,1.0,0.0,A01
201500021251,0,7,0,0.0,2.0,1.0,1.0,B01
201500021252,0,7,0,0.0,9.0,0.0,2.0,C01
201500021252,0,7,0,0.0,9.0,0.0,0.0,B01
201500021252,0,7,0,0.0,9.0,0.0,0.0,A01
201500021253,0,7,0,0.0,2.0,4.0,2.0,B01
201500021253,0,31,0,0.0,2.0,1.0,2.0,A01
201500021254,0,7,0,0.0,1.0,6.0,1.0,B01
201500021255,0,33,0,0.0,1.0,1.0,5.0,A01
201500021256,0,7,0,0.0,1.0,2.0,15.0,A01
201500021257,0,7,0,0.0,9.0,4.0,0.0,B01
201500021257,0,7,0,0.0,9.0,1.0,0.0,A01
201500021258,0,33,0,0.0,1.0,2.0,0.0,A01
201500021259,0,1,0,0.0,2.0,0.0,14.0,A01
201500021260,0,7,0,0.0,2.0,5.0,11.0,B01
201500021260,0,7,0,0.0,2.0,3.0,3.0,A01
201500021261,0,7,0,0.0,1.0,0.0,1.0,A01
201500021262,0,7,0,0.0,1.0,7.0,0.0,A01
201500021263,0,33,0,0.0,2.0,2.0,1.0,B01
201500021263,0,7,0,0.0,2.0,3.0,1.0,A01
201500021264,0,99,0,0.0,0.0,0.0,0.0,A01
201500021265,0,7,0,0.0,9.0,0.0,0.0,B01
201500021265,0,1,0,0.0,2.0,0.0,0.0,A01
201500021266,0,30,0,1.0,0.0,1.0,1.0,A01
201500021267,0,7,0,2.0,0.0,1.0,19.0,A01
201500021268,0,37,0,0.0,1.0,1.0,0.0,A01
201500021269,0,33,0,0.0,2.0,1.0,17.0,B01
201500021269,0,7,0,0.0,2.0,6.0,11.0,A01
201500021270,0,7,0,0.0,2.0,5.0,1.0,B01
201500021270,0,1,0,0.0,2.0,3.0,18.0,A01
201500021271,0,7,0,0.0,2.0,8.0,15.0,A01
201500021271,0,31,0,0.0,2.0,1.0,1.0,B01
201500021272,0,7,0,0.0,2.0,3.0,9.0,A01
201500021272,0,32,0,0.0,2.0,5.0,1.0,B01
201500021273,0,10,0,0.0,0.0,0.0,0.0,B01
201500021273,0,7,0,0.0,0.0,0.0,0.0,A01
201500021274,0,10,0,0.0,9.0,3.0,15.0,A01
201500021274,0,1,0,0.0,2.0,1.0,1.0,B01
201500021275,0,33,0,0.0,0.0,0.0,0.0,A01
201500021275,0,7,0,0.0,0.0,0.0,0.0,B01
201500021276,0,33,0,0.0,2.0,8.0,1.0,B01
201500021276,0,7,0,0.0,2.0,2.0,15.0,A01
201500021277,0,7,0,0.0,1.0,2.0,2.0,A01
201500021278,0,2,0,0.0,2.0,7.0,1.0,B01
201500021278,0,7,0,0.0,2.0,1.0,15.0,A01
201500021279,0,2,0,0.0,0.0,7.0,15.0,A01
201500021280,0,37,1,0.0,1.0,2.0,1.0,A01
201500021281,0,33,0,9.0,0.0,1.0,1.0,A01
201500021282,0,7,0,0.0,2.0,8.0,1.0,B02
201500021282,0,7,0,0.0,2.0,2.0,15.0,A01
201500021282,0,7,0,1.0,0.0,2.0,1.0,C03
201500021283,0,7,0,8.0,0.0,1.0,1.0,A01
201500021284,0,7,0,0.0,2.0,3.0,1.0,B02
201500021284,0,7,0,0.0,2.0,3.0,13.0,A01
201500021285,0,10,0,0.0,1.0,8.0,1.0,A01
201500021286,0,1,0,0.0,2.0,3.0,13.0,B02
201500021286,0,7,0,0.0,9.0,2.0,2.0,A01
201500021287,0,7,0,0.0,2.0,3.0,13.0,A01
201500021287,0,10,0,0.0,2.0,3.0,2.0,B02
201500021288,0,1,0,0.0,2.0,7.0,2.0,B02
201500021288,0,7,0,0.0,2.0,3.0,9.0,A01
201500021289,0,7,0,0.0,2.0,1.0,1.0,A01
201500021289,0,2,0,0.0,2.0,8.0,1.0,B02
201500021290,0,7,0,0.0,4.0,2.0,1.0,A01
201500021290,0,39,0,0.0,2.0,1.0,1.0,B02
201500021291,0,7,0,0.0,2.0,1.0,13.0,A01
201500021291,0,7,0,0.0,2.0,1.0,1.0,B02
201500021292,0,7,0,0.0,2.0,3.0,15.0,B02
201500021292,0,2,0,0.0,2.0,2.0,17.0,A01
201500021293,0,7,0,6.0,0.0,1.0,1.0,A01
201500021294,0,1,0,0.0,1.0,1.0,1.0,A01
201500021295,0,7,0,16.0,0.0,9.0,1.0,A01
201500021296,0,2,0,0.0,0.0,0.0,0.0,A01
201500021297,0,1,0,0.0,0.0,1.0,1.0,A01
201500021298,0,7,0,0.0,2.0,1.0,1.0,A01
201500021298,0,7,0,0.0,2.0,4.0,1.0,B01
201500021299,0,7,0,13.0,0.0,9.0,0.0,A01
201500021300,0,7,0,0.0,2.0,4.0,1.0,B01
201500021300,0,7,0,0.0,2.0,1.0,2.0,A01
201500021300,0,7,0,0.0,2.0,1.0,1.0,C01
201500021301,0,7,0,0.0,2.0,4.0,2.0,B01
201500021301,0,7,0,0.0,2.0,1.0,2.0,A01
201500021302,0,7,0,0.0,2.0,1.0,2.0,A01
201500021302,0,7,0,0.0,2.0,4.0,2.0,B01
201500021303,0,7,0,0.0,2.0,1.0,17.0,A01
201500021303,0,17,0,0.0,2.0,1.0,1.0,B01
201500021304,1,30,0,0.0,9.0,0.0,0.0,A01
201500021304,1,99,0,0.0,9.0,0.0,0.0,Z01
201500021305,0,17,0,0.0,2.0,1.0,1.0,A01
201500021305,0,7,0,0.0,2.0,4.0,1.0,B01
201500021306,0,2,0,0.0,2.0,1.0,1.0,A01
201500021306,0,7,0,0.0,2.0,4.0,1.0,B01
201500021307,0,7,0,0.0,2.0,1.0,1.0,B01
201500021307,0,7,0,0.0,2.0,1.0,17.0,A01
201500021308,0,10,0,0.0,2.0,4.0,1.0,B01
201500021308,0,32,0,0.0,2.0,1.0,1.0,A01
201500021309,0,7,0,0.0,2.0,7.0,20.0,A01
201500021309,0,32,0,0.0,2.0,1.0,1.0,B01
201500021310,0,33,0,0.0,0.0,9.0,17.0,A01
201500021310,0,7,0,0.0,2.0,8.0,15.0,B01
201500021311,0,33,0,6.0,0.0,9.0,1.0,A01
201500021312,0,10,0,0.0,2.0,1.0,1.0,B01
201500021312,0,7,0,0.0,2.0,1.0,1.0,A01
201500021313,0,2,0,0.0,2.0,8.0,5.0,A01
201500021313,0,7,0,0.0,2.0,1.0,1.0,B01
201500021314,0,33,0,0.0,9.0,1.0,0.0,A01
201500021315,0,33,0,0.0,2.0,9.0,0.0,B01
201500021315,0,33,0,0.0,2.0,9.0,0.0,A01
201500021316,0,7,0,0.0,2.0,1.0,0.0,C01
201500021316,0,7,0,0.0,2.0,3.0,13.0,A01
201500021316,0,7,0,0.0,2.0,1.0,1.0,B01
201500021317,0,33,0,0.0,2.0,1.0,1.0,B01
201500021317,0,7,0,1.0,2.0,8.0,9.0,A01
201500021318,0,7,0,0.0,1.0,1.0,1.0,A01
201500021319,0,7,0,0.0,2.0,3.0,15.0,A01
201500021319,0,7,0,0.0,2.0,1.0,1.0,B01
201500021320,0,7,0,0.0,2.0,1.0,17.0,A01
201500021320,0,7,0,0.0,2.0,1.0,1.0,B01
201500021321,0,32,0,0.0,2.0,1.0,2.0,A01
201500021321,0,7,0,0.0,2.0,7.0,16.0,B01
201500021322,0,7,0,2.0,0.0,1.0,0.0,A01
201500021323,0,7,0,0.0,2.0,8.0,15.0,A01
201500021323,0,2,0,0.0,2.0,1.0,1.0,B01
201500021324,1,14,0,0.0,1.0,0.0,0.0,A01
201500021325,0,7,0,0.0,2.0,2.0,17.0,A01
201500021325,0,14,0,0.0,2.0,0.0,1.0,B02
201500021326,0,17,0,4.0,0.0,3.0,6.0,A01
201500021327,0,17,0,0.0,0.0,0.0,2.0,A01
201500021327,0,17,0,0.0,2.0,1.0,2.0,C03
201500021328,0,14,0,4.0,0.0,3.0,13.0,A01
201500021329,0,7,0,4.0,0.0,9.0,1.0,A01
201500021330,0,7,0,1.0,0.0,8.0,1.0,A01
201500021330,0,15,0,0.0,0.0,6.0,23.0,B02
201500021330,0,7,0,0.0,9.0,1.0,1.0,C03
201500021331,0,7,0,3.0,0.0,1.0,14.0,A01
201500021332,0,10,0,3.0,2.0,2.0,14.0,A01
201500021332,0,17,0,0.0,0.0,6.0,1.0,B02
201500021332,0,7,0,4.0,2.0,1.0,21.0,C03
201500021332,0,10,0,0.0,2.0,8.0,1.0,D04
201500021333,0,7,0,8.0,0.0,1.0,1.0,A01
201500021334,0,33,0,0.0,2.0,1.0,2.0,A01
201500021334,0,10,0,0.0,2.0,3.0,0.0,C03
201500021334,0,7,0,0.0,0.0,6.0,0.0,B02
201500021335,0,33,0,4.0,0.0,1.0,1.0,A01
201500021336,0,33,0,0.0,2.0,1.0,17.0,A01
201500021336,0,7,0,0.0,2.0,1.0,1.0,B02
201500021337,0,30,0,0.0,0.0,1.0,17.0,B02
201500021337,0,7,0,0.0,0.0,3.0,15.0,A01
201500021338,0,33,0,0.0,0.0,1.0,1.0,A01
201500021338,0,7,0,0.0,0.0,3.0,1.0,B02
201500021339,0,7,0,13.0,0.0,2.0,14.0,A01
201500021340,0,7,0,8.0,0.0,1.0,1.0,A01
201500021341,0,7,0,0.0,2.0,8.0,1.0,A01
201500021341,0,1,0,0.0,2.0,1.0,9.0,B02
201500021342,0,7,0,2.0,0.0,3.0,1.0,A01
201500021343,0,7,0,3.0,0.0,1.0,1.0,A01
201500021344,0,7,0,13.0,0.0,7.0,1.0,A01
201500021345,0,7,0,3.0,0.0,4.0,2.0,A01
201500021345,0,7,0,0.0,2.0,4.0,2.0,B02
201500021345,0,7,0,3.0,2.0,4.0,2.0,C03
201500021345,0,7,0,3.0,0.0,7.0,2.0,D04
201500021346,0,7,0,0.0,0.0,4.0,2.0,A01
201500021346,0,7,0,0.0,0.0,4.0,2.0,B02
201500021346,0,14,0,0.0,2.0,1.0,2.0,C03
201500021347,0,7,0,3.0,0.0,3.0,13.0,A01
201500021348,0,7,0,13.0,0.0,9.0,14.0,A01
201500021349,0,7,0,0.0,2.0,4.0,2.0,A01
201500021349,0,7,0,0.0,2.0,1.0,2.0,B02
201500021350,0,7,0,0.0,2.0,4.0,2.0,A01
201500021350,0,7,0,0.0,2.0,1.0,2.0,B02
201500021351,0,7,0,13.0,0.0,1.0,1.0,A01
201500021352,0,7,0,3.0,0.0,6.0,0.0,A01
201500021353,0,7,0,13.0,0.0,2.0,14.0,A01
201500021354,0,7,0,0.0,2.0,1.0,2.0,A01
201500021354,0,10,0,0.0,2.0,4.0,2.0,B02
201500021355,0,7,0,3.0,0.0,3.0,0.0,A01
201500021356,0,7,0,0.0,2.0,1.0,2.0,A01
201500021356,0,7,0,3.0,2.0,4.0,1.0,B02
201500021356,0,7,0,3.0,2.0,8.0,1.0,C03
201500021357,0,7,0,3.0,0.0,9.0,1.0,A01
201500021358,0,10,0,13.0,2.0,2.0,17.0,A01
201500021358,0,17,0,0.0,2.0,6.0,1.0,B02
201500021359,0,15,0,3.0,2.0,1.0,6.0,A01
201500021359,0,7,0,0.0,2.0,6.0,1.0,B02
201500021359,0,7,0,0.0,2.0,1.0,1.0,C03
201500021360,0,7,0,0.0,0.0,4.0,2.0,A01
201500021360,0,7,0,0.0,2.0,1.0,2.0,B02
201500021360,0,7,0,0.0,2.0,1.0,2.0,C03
201500021360,0,7,0,0.0,2.0,1.0,2.0,D04
201500021360,0,7,0,0.0,2.0,1.0,2.0,E05
201500021361,0,7,0,0.0,2.0,7.0,17.0,A01
201500021361,0,7,0,0.0,2.0,8.0,1.0,B02
201500021362,0,7,0,2.0,0.0,9.0,14.0,A01
201500021363,0,7,0,13.0,0.0,2.0,14.0,A01
201500021364,0,7,0,13.0,0.0,7.0,14.0,A01
201500021365,0,7,0,0.0,2.0,4.0,2.0,A01
201500021365,0,7,0,0.0,2.0,1.0,2.0,B02
201500021366,0,10,0,13.0,0.0,2.0,2.0,A01
201500021367,0,15,0,1.0,1.0,2.0,1.0,A01
201500021368,0,10,0,0.0,0.0,3.0,0.0,A01
201500021369,0,7,0,7.0,0.0,1.0,1.0,A01
201500021369,0,14,0,0.0,2.0,4.0,23.0,B02
201500021369,0,14,0,1.0,0.0,1.0,2.0,C03
201500021370,0,7,0,8.0,0.0,1.0,1.0,A01
201500021371,0,7,0,0.0,0.0,4.0,2.0,A01
201500021371,0,7,0,0.0,0.0,4.0,2.0,B02
201500021371,0,7,0,0.0,0.0,4.0,2.0,C03
201500021371,0,7,0,0.0,0.0,1.0,2.0,D04
201500021372,0,10,0,13.0,2.0,2.0,14.0,A01
201500021372,0,7,0,13.0,0.0,8.0,14.0,B02
201500021373,0,7,0,13.0,0.0,3.0,0.0,A01
201500021374,0,10,0,0.0,2.0,1.0,2.0,A01
201500021374,0,7,0,0.0,2.0,1.0,2.0,B02
201500021374,0,7,0,0.0,2.0,2.0,2.0,C03
201500021374,0,10,0,0.0,2.0,4.0,2.0,D04
201500021375,0,7,0,0.0,0.0,1.0,2.0,A01
201500021376,0,7,0,0.0,1.0,2.0,1.0,A01
201500021377,0,7,0,3.0,0.0,2.0,1.0,A01
201500021378,0,10,0,0.0,2.0,1.0,2.0,A01
201500021378,0,7,0,0.0,2.0,4.0,2.0,B02
201500021378,0,7,0,0.0,2.0,4.0,2.0,C03
201500021378,0,7,0,0.0,2.0,5.0,2.0,D04
201500021379,0,7,0,0.0,2.0,1.0,2.0,A01
201500021379,0,7,0,0.0,2.0,4.0,2.0,B02
201500021379,0,7,0,0.0,2.0,4.0,2.0,C03
201500021379,0,7,0,0.0,2.0,4.0,2.0,D04
201500021379,0,7,0,0.0,2.0,4.0,2.0,E05
201500021379,0,7,0,0.0,2.0,4.0,2.0,F06
201500021380,0,7,0,0.0,0.0,8.0,23.0,A01
201500021380,0,10,0,0.0,2.0,1.0,2.0,B02
201500021381,0,7,0,13.0,0.0,1.0,1.0,A01
201500021382,0,7,0,0.0,2.0,2.0,17.0,A01
201500021382,0,7,0,0.0,2.0,8.0,11.0,B02
201500021383,0,7,0,13.0,0.0,1.0,1.0,A01
201500021384,0,7,0,0.0,0.0,4.0,2.0,A01
201500021384,0,7,0,0.0,2.0,4.0,2.0,B02
201500021384,0,7,0,0.0,2.0,1.0,2.0,C03
201500021385,0,7,0,0.0,2.0,2.0,1.0,A01
201500021385,0,15,0,0.0,0.0,6.0,12.0,B02
201500021386,0,14,0,3.0,0.0,9.0,1.0,A01
201500021387,0,7,0,0.0,2.0,3.0,12.0,A01
201500021387,1,7,0,0.0,2.0,0.0,17.0,B02
201500021388,0,7,0,0.0,2.0,8.0,1.0,A01
201500021388,0,7,0,0.0,2.0,2.0,17.0,B02
201500021388,0,7,0,0.0,0.0,0.0,1.0,C03
201500021389,0,7,0,13.0,0.0,1.0,16.0,A01
201500021390,0,10,0,6.0,0.0,1.0,1.0,A01
201500021391,0,7,0,3.0,0.0,2.0,21.0,A01
201500021392,0,7,0,0.0,2.0,1.0,2.0,A01
201500021392,0,7,0,0.0,2.0,4.0,2.0,B02
201500021393,0,7,0,13.0,0.0,1.0,1.0,A01
201500021394,0,10,0,3.0,0.0,2.0,1.0,A01
201500021395,0,7,0,3.0,0.0,1.0,12.0,A01
201500021396,0,7,0,13.0,0.0,1.0,2.0,A01
201500021397,0,7,0,13.0,0.0,2.0,14.0,A01
201500021398,0,7,0,0.0,0.0,2.0,1.0,A01
201500021399,0,33,0,0.0,0.0,7.0,1.0,A01
201500021400,0,15,0,0.0,0.0,4.0,2.0,A01
201500021400,0,10,0,0.0,0.0,1.0,2.0,B02
201500021401,0,7,0,3.0,2.0,2.0,14.0,A01
201500021401,0,10,0,0.0,2.0,3.0,1.0,B02
201500021402,0,7,0,3.0,0.0,1.0,14.0,A01
201500021403,0,7,0,13.0,2.0,6.0,14.0,A01
201500021403,0,7,0,13.0,2.0,1.0,2.0,B02
201500021404,0,7,0,13.0,0.0,1.0,16.0,A01
201500021405,0,7,0,3.0,0.0,2.0,17.0,A01
201500021406,0,10,0,1.0,0.0,1.0,1.0,A01
201500021406,0,15,0,0.0,2.0,6.0,1.0,D04
201500021407,0,7,0,13.0,0.0,2.0,2.0,A01
201500021408,0,7,0,8.0,0.0,7.0,13.0,A01
201500021409,0,7,0,3.0,2.0,3.0,11.0,A01
201500021409,0,7,0,0.0,2.0,3.0,1.0,C03
201500021410,0,7,0,0.0,2.0,2.0,13.0,A01
201500021410,0,7,0,0.0,0.0,6.0,1.0,B02
201500021411,0,7,0,3.0,0.0,8.0,17.0,A01
201500021412,0,7,0,13.0,0.0,9.0,13.0,A01
201500021413,0,7,0,0.0,2.0,3.0,1.0,B02
201500021413,0,7,0,0.0,2.0,3.0,5.0,A01
201500021414,0,7,0,0.0,2.0,2.0,2.0,A01