Num_Acc,senc,catv,occutc,obs,obsm,choc,manv,num_veh
201500021414,0,7,0,0.0,2.0,3.0,1.0,B02
201500021415,0,7,0,0.0,2.0,4.0,1.0,B02
201500021415,0,14,0,0.0,0.0,4.0,1.0,C03
201500021415,0,14,0,0.0,2.0,1.0,1.0,A01
201500021416,0,7,0,0.0,1.0,1.0,2.0,A01
201500021417,0,10,0,0.0,2.0,3.0,1.0,B02
201500021417,0,7,0,13.0,2.0,1.0,1.0,A01
201500021418,0,33,0,13.0,0.0,1.0,2.0,A01
201500021419,0,7,0,13.0,0.0,2.0,1.0,A01
201500021420,0,7,0,0.0,2.0,4.0,2.0,B02
201500021420,0,7,0,0.0,2.0,1.0,2.0,A01
201500021421,0,33,0,0.0,2.0,1.0,5.0,A01
201500021421,0,7,0,0.0,2.0,2.0,1.0,B02
201500021422,0,34,0,0.0,0.0,8.0,1.0,A01
201500021423,0,33,0,0.0,2.0,4.0,2.0,B02
201500021423,0,7,0,0.0,2.0,1.0,2.0,A01
201500021424,0,7,0,2.0,0.0,1.0,1.0,A01
201500021425,0,33,0,0.0,6.0,1.0,1.0,A01
201500021426,0,2,0,6.0,0.0,7.0,1.0,A01
201500021427,0,7,0,2.0,0.0,1.0,14.0,A01
201500021428,0,7,0,2.0,0.0,1.0,13.0,A01
201500021429,0,33,0,0.0,0.0,0.0,0.0,A01
201500021430,0,7,0,0.0,1.0,2.0,2.0,A01
201500021431,0,1,0,0.0,0.0,0.0,1.0,A01
201500021432,0,7,0,0.0,0.0,3.0,1.0,B02
201500021432,0,7,0,0.0,0.0,3.0,15.0,A01
201500021433,0,7,0,0.0,2.0,3.0,9.0,B02
201500021433,0,7,0,0.0,2.0,2.0,1.0,A01
201500021434,0,7,0,8.0,0.0,1.0,1.0,A01
201500021435,0,33,0,0.0,0.0,1.0,21.0,A01
201500021436,0,7,0,16.0,0.0,9.0,19.0,A01
201500021437,0,7,0,2.0,0.0,1.0,13.0,A01
201500021438,0,33,0,0.0,2.0,8.0,1.0,A01
201500021438,0,7,0,0.0,2.0,8.0,1.0,B02
201500021439,0,7,0,0.0,2.0,3.0,1.0,B02
201500021439,0,7,0,0.0,2.0,2.0,15.0,A01
201500021440,0,99,0,2.0,0.0,2.0,1.0,B02
201500021440,0,10,0,0.0,0.0,0.0,1.0,A01
201500021441,0,33,0,16.0,0.0,0.0,0.0,A01
201500021442,0,21,0,0.0,0.0,3.0,15.0,B02
201500021442,0,33,0,0.0,2.0,1.0,17.0,A01
201500021443,0,33,0,12.0,0.0,1.0,13.0,A01
201500021444,0,7,0,0.0,2.0,1.0,1.0,B02
201500021444,0,7,0,0.0,2.0,1.0,5.0,A01
201500021445,0,7,0,0.0,0.0,5.0,5.0,A01
201500021446,0,7,0,0.0,2.0,1.0,0.0,B02
201500021446,0,7,0,0.0,2.0,1.0,0.0,A01
201500021447,0,32,0,4.0,0.0,9.0,1.0,A01
201500021448,0,30,0,0.0,2.0,3.0,1.0,B02
201500021448,0,38,1,0.0,2.0,5.0,17.0,A01
201500021449,0,31,0,0.0,1.0,1.0,1.0,A01
201500021450,0,31,0,12.0,0.0,7.0,14.0,A01
201500021451,0,7,0,1.0,2.0,1.0,13.0,A01
201500021451,0,13,0,0.0,2.0,1.0,1.0,B02
201500021452,0,7,0,0.0,1.0,1.0,1.0,A01
201500021453,0,7,0,0.0,1.0,2.0,1.0,A01
201500021454,0,7,0,0.0,0.0,0.0,16.0,A01
201500021454,0,7,0,0.0,2.0,5.0,1.0,B02
201500021454,0,33,0,0.0,2.0,1.0,1.0,C03
201500021455,0,10,0,8.0,0.0,9.0,13.0,A01
201500021456,0,33,0,0.0,2.0,1.0,19.0,A01
201500021456,0,7,0,0.0,2.0,2.0,1.0,B02
201500021457,0,14,0,0.0,0.0,8.0,1.0,B02
201500021457,0,33,0,0.0,0.0,8.0,17.0,A01
201500021458,0,7,0,0.0,2.0,8.0,1.0,A01
201500021459,0,33,0,16.0,0.0,9.0,17.0,A01
201500021460,1,7,0,14.0,1.0,1.0,1.0,A01
201500021461,0,7,0,8.0,2.0,7.0,15.0,A01
201500021461,0,7,0,0.0,2.0,1.0,1.0,B02
201500021462,0,7,0,0.0,2.0,3.0,1.0,A01
201500021462,0,1,0,0.0,2.0,7.0,1.0,B02
201500021463,0,36,0,13.0,0.0,2.0,1.0,A01
201500021464,2,7,0,6.0,0.0,3.0,1.0,A01
201500021465,0,1,0,0.0,2.0,8.0,1.0,B02
201500021465,0,7,0,0.0,9.0,1.0,19.0,A01
201500021466,0,7,0,0.0,2.0,7.0,1.0,A01
201500021466,0,7,0,0.0,2.0,1.0,1.0,B02
201500021467,0,7,0,3.0,0.0,8.0,13.0,A01
201500021468,0,7,0,0.0,2.0,2.0,1.0,A01
201500021468,0,10,0,3.0,0.0,3.0,9.0,B02
201500021469,0,7,0,0.0,2.0,1.0,2.0,A01
201500021469,0,7,0,0.0,2.0,4.0,1.0,B02
201500021469,0,7,0,0.0,2.0,1.0,2.0,C03
201500021470,0,7,0,0.0,2.0,2.0,13.0,A01
201500021470,0,15,0,0.0,2.0,2.0,15.0,B02
201500021471,0,10,0,0.0,0.0,0.0,1.0,A01
201500021472,0,7,0,0.0,2.0,1.0,2.0,A01
201500021472,0,7,0,0.0,0.0,4.0,2.0,B02
201500021473,0,7,0,0.0,2.0,2.0,17.0,A01
201500021473,0,15,0,0.0,0.0,0.0,1.0,B02
201500021474,0,7,0,4.0,0.0,3.0,1.0,A01
201500021475,0,7,0,7.0,0.0,1.0,1.0,A01
201500021476,0,7,0,4.0,2.0,1.0,17.0,A01
201500021476,0,7,0,0.0,2.0,6.0,1.0,B02
201500021477,0,7,0,0.0,2.0,2.0,2.0,A01
201500021477,0,17,0,0.0,0.0,6.0,2.0,B02
201500021478,0,7,0,4.0,0.0,1.0,1.0,A01
201500021479,0,7,0,0.0,2.0,1.0,2.0,A01
201500021479,0,7,0,0.0,2.0,4.0,2.0,B02
201500021480,0,7,0,4.0,0.0,2.0,17.0,A01
201500021480,0,7,0,0.0,0.0,4.0,23.0,B02
201500021480,0,7,0,1.0,0.0,1.0,0.0,C03
201500021481,0,7,0,0.0,2.0,2.0,15.0,A01
201500021481,0,36,0,0.0,2.0,3.0,1.0,B02
201500021482,0,7,0,0.0,2.0,1.0,1.0,B01
201500021482,0,7,0,0.0,2.0,1.0,21.0,A02
201500021483,0,7,0,2.0,0.0,2.0,5.0,A01
201500021484,0,99,0,13.0,0.0,1.0,1.0,A01
201500021485,0,7,0,16.0,0.0,9.0,1.0,A01
201500021486,0,7,0,0.0,2.0,3.0,15.0,A01
201500021486,0,33,0,0.0,2.0,1.0,1.0,B02
201500021487,0,30,0,0.0,2.0,1.0,1.0,B02
201500021487,0,7,0,0.0,9.0,2.0,2.0,A01
201500021488,0,7,0,0.0,2.0,3.0,1.0,B02
201500021488,0,7,0,0.0,2.0,3.0,13.0,A01
201500021489,0,7,0,0.0,2.0,3.0,13.0,A01
201500021489,0,7,0,0.0,2.0,3.0,1.0,B02
201500021490,0,13,0,0.0,2.0,3.0,1.0,B02
201500021490,0,7,0,0.0,2.0,3.0,13.0,A01
201500021491,0,7,0,0.0,2.0,4.0,23.0,B02
201500021491,0,7,0,1.0,1.0,1.0,1.0,A01
201500021492,0,7,0,0.0,1.0,2.0,19.0,A01
201500021493,0,10,0,2.0,0.0,2.0,2.0,A01
201500021494,0,7,0,0.0,2.0,2.0,15.0,A01
201500021494,0,7,0,0.0,2.0,3.0,1.0,B02
201500021495,0,7,0,0.0,1.0,3.0,1.0,A01
201500021496,0,10,0,0.0,1.0,6.0,4.0,A01
201500021497,0,7,0,0.0,1.0,1.0,1.0,A01
201500021498,0,7,0,0.0,0.0,2.0,1.0,A01
201500021498,0,30,0,0.0,0.0,1.0,1.0,B02
201500021499,0,2,0,0.0,2.0,8.0,15.0,B02
201500021499,0,7,0,0.0,2.0,7.0,17.0,A01
201500021500,0,7,0,0.0,1.0,1.0,1.0,A01
201500021501,0,7,0,0.0,2.0,3.0,1.0,A01
201500021501,0,7,0,0.0,2.0,3.0,15.0,B01
201500021502,0,7,0,0.0,2.0,1.0,2.0,A01
201500021502,0,7,0,0.0,0.0,0.0,0.0,B01
201500021503,0,7,0,0.0,2.0,3.0,15.0,A01
201500021503,0,7,0,0.0,2.0,1.0,1.0,B01
201500021504,1,10,0,0.0,1.0,3.0,1.0,A01
201500021505,0,7,0,0.0,1.0,0.0,0.0,A01
201500021506,0,1,0,0.0,2.0,1.0,21.0,B01
201500021506,0,7,0,0.0,2.0,1.0,15.0,A01
201500021507,0,7,0,0.0,0.0,0.0,0.0,A01
201500021507,0,1,0,0.0,2.0,1.0,0.0,B01
201500021508,0,2,0,0.0,2.0,2.0,1.0,A01
201500021508,0,7,0,0.0,2.0,1.0,15.0,B01
201500021509,0,30,0,0.0,2.0,4.0,1.0,A01
201500021509,0,15,0,0.0,0.0,4.0,0.0,B01
201500021510,0,32,0,0.0,2.0,1.0,17.0,A01
201500021510,0,7,0,0.0,2.0,8.0,15.0,B01
201500021511,0,7,0,0.0,2.0,1.0,2.0,A01
201500021511,0,7,0,0.0,2.0,4.0,2.0,B01
201500021512,0,30,0,0.0,2.0,3.0,1.0,A01
201500021512,0,7,0,0.0,2.0,7.0,16.0,B01
201500021513,0,7,0,0.0,1.0,1.0,1.0,A01
201500021514,0,7,0,0.0,2.0,0.0,5.0,A01
201500021514,0,2,0,0.0,2.0,1.0,1.0,B01
201500021515,0,7,0,0.0,1.0,1.0,1.0,A01
201500021516,0,7,0,0.0,2.0,1.0,6.0,A01
201500021516,0,33,0,0.0,0.0,0.0,0.0,B01
201500021517,0,33,0,0.0,2.0,1.0,1.0,B01
201500021517,0,7,0,0.0,2.0,3.0,9.0,A01
201500021518,0,1,0,0.0,2.0,1.0,1.0,B01
201500021518,0,7,0,0.0,2.0,3.0,16.0,A01
201500021519,0,7,0,0.0,1.0,1.0,1.0,A01
201500021520,0,7,0,0.0,2.0,3.0,1.0,B01
201500021520,1,7,0,0.0,2.0,1.0,0.0,Z01
201500021521,0,33,0,0.0,2.0,1.0,1.0,A01
201500021521,0,7,0,0.0,2.0,8.0,1.0,B01
201500021522,0,1,0,0.0,2.0,1.0,0.0,A01
201500021522,0,7,0,0.0,2.0,6.0,0.0,B01
201500021523,0,7,0,0.0,2.0,2.0,15.0,A01
201500021523,0,30,0,0.0,2.0,1.0,1.0,B01
201500021524,0,2,0,0.0,2.0,7.0,2.0,A01
201500021524,0,7,0,0.0,2.0,8.0,15.0,B01
201500021525,0,33,0,0.0,2.0,3.0,1.0,A01
201500021525,0,7,0,0.0,2.0,1.0,15.0,B01
201500021526,0,30,0,0.0,2.0,1.0,9.0,A01
201500021526,0,7,0,0.0,2.0,2.0,1.0,B01
201500021527,0,7,0,0.0,2.0,1.0,2.0,A01
201500021527,0,7,0,0.0,0.0,6.0,1.0,B01
201500021528,0,7,0,0.0,2.0,8.0,22.0,A01
201500021528,0,1,0,1.0,0.0,1.0,1.0,B01
201500021529,0,7,0,0.0,2.0,6.0,9.0,A01
201500021529,0,7,0,0.0,2.0,1.0,1.0,B01
201500021530,0,32,0,0.0,1.0,0.0,0.0,A01
201500021531,0,1,0,0.0,2.0,1.0,5.0,A01
201500021531,0,7,0,0.0,9.0,2.0,0.0,B01
201500021532,0,10,0,0.0,2.0,2.0,1.0,A01
201500021532,0,7,0,0.0,2.0,3.0,1.0,B01
201500021533,0,30,0,0.0,2.0,5.0,12.0,A01
201500021533,0,7,0,0.0,2.0,1.0,1.0,B01
201500021534,2,7,0,0.0,2.0,3.0,15.0,A01
201500021534,0,30,0,0.0,2.0,2.0,17.0,B01
201500021535,0,13,0,1.0,0.0,1.0,6.0,A01
201500021536,0,7,0,0.0,1.0,2.0,1.0,A01
201500021537,0,7,0,0.0,1.0,1.0,9.0,A01
201500021538,0,7,0,0.0,2.0,5.0,1.0,A01
201500021538,0,7,0,0.0,2.0,1.0,9.0,B01
201500021539,0,7,0,0.0,1.0,7.0,1.0,A01
201500021540,0,7,0,12.0,0.0,1.0,1.0,A01
201500021541,0,7,0,0.0,1.0,1.0,1.0,A01
201500021542,0,37,1,0.0,1.0,0.0,0.0,A01
201500021543,0,7,0,2.0,0.0,8.0,0.0,A01
201500021544,0,7,0,0.0,2.0,2.0,0.0,A01
201500021544,0,30,0,0.0,0.0,0.0,0.0,B01
201500021545,0,7,0,0.0,2.0,2.0,16.0,A01
201500021545,0,31,0,0.0,0.0,6.0,1.0,B01
201500021546,0,7,0,0.0,1.0,0.0,0.0,A01
201500021547,0,10,0,0.0,2.0,1.0,1.0,A01
201500021547,0,7,0,0.0,2.0,4.0,1.0,B01
201500021547,0,7,0,0.0,0.0,4.0,1.0,C01
201500021548,0,7,0,0.0,1.0,4.0,4.0,A01
201500021549,0,1,0,0.0,2.0,1.0,1.0,A01
201500021549,0,7,0,0.0,2.0,3.0,9.0,B01
201500021550,0,7,0,0.0,2.0,3.0,19.0,A01
201500021550,0,30,0,0.0,2.0,1.0,1.0,B01
201500021551,0,2,0,0.0,0.0,0.0,0.0,A01
201500021552,0,7,0,0.0,2.0,1.0,0.0,A01
201500021552,0,7,0,6.0,2.0,2.0,1.0,B01
201500021553,0,40,1,0.0,2.0,1.0,1.0,B01
201500021553,0,7,0,0.0,4.0,0.0,19.0,A01
201500021554,0,7,0,0.0,1.0,3.0,6.0,A01
201500021555,0,7,0,0.0,2.0,2.0,0.0,A01
201500021555,0,7,0,0.0,2.0,0.0,0.0,B01
201500021555,0,7,0,0.0,0.0,0.0,0.0,C01
201500021556,0,14,0,0.0,2.0,1.0,1.0,B01
201500021556,0,7,0,0.0,2.0,8.0,19.0,A01
201500021557,0,7,0,0.0,2.0,1.0,1.0,A01
201500021557,0,7,0,0.0,2.0,4.0,0.0,B01
201500021557,0,7,0,0.0,2.0,4.0,0.0,C01
201500021558,0,7,0,0.0,2.0,1.0,1.0,A01
201500021558,0,7,0,0.0,2.0,0.0,0.0,B01
201500021558,0,7,0,0.0,2.0,4.0,0.0,C01
201500021559,0,7,0,0.0,1.0,1.0,16.0,A01
201500021560,0,7,0,0.0,1.0,3.0,1.0,A01
201500021561,0,1,0,0.0,2.0,3.0,0.0,A01
201500021561,0,7,0,0.0,2.0,2.0,0.0,B01
201500021562,0,7,0,0.0,1.0,2.0,0.0,A01
201500021563,0,7,0,0.0,2.0,0.0,0.0,A01
201500021563,0,7,0,0.0,2.0,4.0,0.0,B01
201500021564,0,33,0,0.0,2.0,1.0,0.0,A01
201500021564,0,7,0,0.0,2.0,6.0,0.0,B01
201500021565,0,7,0,0.0,2.0,1.0,1.0,A01
201500021565,0,10,0,0.0,2.0,8.0,1.0,B01
201500021566,0,7,0,0.0,2.0,5.0,15.0,B01
201500021566,0,7,0,0.0,2.0,1.0,9.0,A01
201500021567,0,7,0,0.0,9.0,1.0,0.0,A01
201500021567,0,1,0,0.0,2.0,4.0,0.0,B01
201500021568,0,7,0,14.0,0.0,1.0,1.0,A01
201500021568,0,7,0,0.0,2.0,1.0,2.0,B01
201500021569,0,21,0,0.0,2.0,4.0,19.0,A01
201500021569,0,33,0,0.0,2.0,1.0,13.0,B01
201500021570,0,7,0,0.0,2.0,1.0,1.0,B01
201500021570,0,2,0,0.0,2.0,0.0,1.0,A01
201500021571,0,7,0,0.0,2.0,3.0,1.0,A01
201500021571,0,30,0,0.0,2.0,8.0,1.0,B01
201500021572,0,7,0,0.0,2.0,2.0,1.0,A01
201500021572,0,7,0,0.0,2.0,1.0,1.0,B01
201500021573,0,7,0,0.0,2.0,1.0,1.0,A01
201500021573,0,32,0,0.0,2.0,7.0,0.0,B01
201500021574,0,7,0,0.0,1.0,1.0,1.0,A01
201500021575,0,7,0,0.0,2.0,2.0,1.0,A01
201500021575,0,7,0,0.0,2.0,3.0,0.0,B01
201500021576,0,7,0,0.0,0.0,0.0,0.0,A01
201500021576,0,33,0,0.0,0.0,0.0,0.0,B01
201500021577,0,1,0,0.0,0.0,7.0,1.0,B01
201500021577,0,7,0,0.0,2.0,1.0,9.0,A01
201500021578,0,30,0,0.0,2.0,1.0,7.0,A01
201500021578,0,7,0,0.0,2.0,4.0,0.0,B01
201500021579,0,7,0,0.0,2.0,7.0,19.0,A01
201500021579,0,1,0,0.0,2.0,1.0,1.0,B01
201500021580,0,7,0,0.0,1.0,4.0,4.0,A01
201500021581,0,7,0,0.0,2.0,1.0,2.0,A01
201500021581,0,33,0,0.0,2.0,4.0,2.0,B01
201500021582,0,7,0,0.0,2.0,1.0,0.0,A01
201500021582,0,7,0,0.0,2.0,0.0,0.0,B01
201500021583,0,40,1,0.0,1.0,7.0,1.0,A01
201500021584,0,7,0,1.0,2.0,1.0,1.0,B01
201500021584,0,7,0,0.0,2.0,1.0,1.0,A01
201500021585,0,7,0,12.0,2.0,5.0,19.0,A01
201500021585,0,7,0,0.0,2.0,1.0,19.0,B01
201500021586,0,10,0,0.0,1.0,2.0,1.0,A01
201500021587,0,7,0,0.0,2.0,1.0,2.0,A01
201500021587,0,33,0,0.0,2.0,4.0,1.0,B01
201500021588,0,30,0,0.0,2.0,1.0,2.0,A01
201500021588,0,7,0,0.0,2.0,4.0,1.0,B01
201500021589,0,7,0,6.0,0.0,1.0,1.0,A01
201500021590,0,7,0,0.0,2.0,3.0,0.0,A01
201500021590,0,30,0,0.0,2.0,5.0,0.0,B01
201500021591,0,7,0,14.0,2.0,7.0,0.0,A01
201500021591,0,7,0,0.0,2.0,1.0,1.0,B01
201500021592,0,7,0,0.0,2.0,7.0,15.0,A01
201500021592,0,7,0,0.0,2.0,2.0,1.0,B01
201500021593,0,7,0,0.0,2.0,1.0,1.0,A01
201500021593,0,7,0,0.0,2.0,4.0,0.0,B01
201500021594,0,7,0,0.0,1.0,7.0,0.0,A01
201500021595,0,7,0,0.0,1.0,1.0,15.0,A01
201500021596,0,7,0,0.0,1.0,4.0,4.0,A01
201500021597,0,10,0,0.0,0.0,0.0,0.0,A01
201500021597,0,7,0,0.0,0.0,0.0,0.0,B01
201500021597,0,7,0,0.0,0.0,0.0,0.0,C01
201500021598,0,7,0,0.0,2.0,0.0,0.0,B01
201500021598,0,7,0,0.0,2.0,0.0,0.0,A01
201500021599,0,7,0,0.0,1.0,0.0,0.0,A01
201500021600,0,7,0,0.0,1.0,0.0,2.0,A01
201500021601,0,33,0,0.0,2.0,8.0,1.0,A01
201500021601,0,7,0,0.0,2.0,3.0,1.0,B01
201500021602,0,7,0,1.0,0.0,2.0,1.0,A01
201500021603,0,7,0,0.0,2.0,2.0,1.0,B01
201500021603,0,30,0,0.0,2.0,1.0,0.0,A01
201500021604,0,7,0,0.0,2.0,1.0,1.0,A01
201500021604,0,7,0,0.0,2.0,4.0,1.0,B01
201500021604,0,7,0,0.0,2.0,4.0,1.0,C01
201500021605,0,10,0,0.0,1.0,0.0,0.0,A01
201500021606,0,7,0,0.0,2.0,2.0,0.0,B01
201500021606,0,7,0,0.0,2.0,3.0,15.0,A01
201500021607,0,7,0,0.0,0.0,0.0,0.0,A01
201500021607,0,1,0,0.0,0.0,0.0,0.0,B01
201500021608,0,7,0,0.0,2.0,3.0,1.0,A01
201500021609,0,7,0,0.0,2.0,1.0,1.0,A01
201500021609,0,7,0,0.0,2.0,4.0,1.0,B01
201500021610,0,7,0,0.0,1.0,2.0,9.0,A01
201500021611,0,33,0,0.0,2.0,1.0,17.0,A01
201500021611,0,7,0,0.0,2.0,8.0,15.0,B01
201500021612,0,7,0,0.0,1.0,3.0,1.0,A01
201500021613,0,7,0,0.0,1.0,1.0,0.0,A01
201500021614,0,2,0,0.0,2.0,4.0,1.0,A01
201500021614,0,7,0,0.0,0.0,4.0,1.0,B01
201500021615,0,2,0,0.0,2.0,1.0,2.0,A01
201500021615,0,7,0,0.0,2.0,2.0,15.0,B01
201500021616,0,7,0,0.0,1.0,1.0,1.0,A01
201500021617,0,33,0,0.0,2.0,1.0,1.0,A01
201500021617,0,1,0,0.0,2.0,1.0,19.0,B01
201500021618,0,7,0,0.0,1.0,2.0,0.0,A01
201500021619,0,2,0,0.0,2.0,1.0,1.0,A01
201500021619,0,7,0,0.0,2.0,8.0,0.0,B01
201500021620,0,2,0,0.0,0.0,0.0,1.0,A01
201500021621,0,7,0,0.0,2.0,2.0,15.0,A01
201500021621,0,33,0,0.0,2.0,3.0,1.0,B01
201500021622,0,7,0,0.0,2.0,5.0,4.0,A01
201500021622,0,30,0,0.0,2.0,0.0,0.0,B01
201500021623,0,7,0,0.0,1.0,1.0,16.0,A01
201500021624,0,7,0,0.0,2.0,2.0,15.0,A01
201500021624,0,33,0,0.0,2.0,1.0,1.0,B01
201500021625,0,7,0,0.0,2.0,1.0,1.0,B01
201500021625,0,7,0,12.0,2.0,7.0,1.0,A01
201500021626,0,7,0,0.0,2.0,0.0,0.0,A01
201500021626,0,30,0,0.0,2.0,0.0,0.0,B01
201500021627,0,7,0,0.0,2.0,1.0,1.0,A01
201500021627,0,2,0,0.0,2.0,1.0,0.0,B01
201500021628,0,7,0,0.0,2.0,3.0,19.0,C01
201500021628,0,7,0,0.0,2.0,2.0,1.0,A01
201500021628,0,7,0,0.0,2.0,1.0,1.0,B01
201500021629,0,7,0,0.0,2.0,2.0,15.0,A01
201500021629,0,30,0,0.0,2.0,1.0,1.0,B01
201500021630,0,7,0,0.0,2.0,1.0,0.0,A01
201500021630,0,7,0,0.0,2.0,1.0,0.0,B01
201500021630,0,7,0,0.0,2.0,4.0,1.0,C01
201500021631,0,7,0,0.0,2.0,3.0,9.0,A01
201500021631,0,7,0,0.0,2.0,7.0,0.0,B01
201500021632,0,2,0,0.0,2.0,8.0,1.0,A01
201500021632,0,7,0,0.0,2.0,1.0,1.0,B01
201500021633,0,7,0,0.0,2.0,0.0,0.0,B01
201500021633,0,7,0,0.0,2.0,0.0,0.0,A01
201500021634,0,7,0,0.0,2.0,2.0,1.0,A01
201500021634,0,7,0,0.0,2.0,3.0,9.0,B01
201500021635,0,7,0,0.0,1.0,2.0,1.0,A01
201500021636,0,7,0,14.0,0.0,1.0,1.0,A01
201500021636,0,10,0,0.0,2.0,0.0,0.0,B01
201500021637,0,10,0,0.0,2.0,7.0,9.0,A01
201500021637,0,30,0,0.0,0.0,0.0,0.0,B01
201500021638,0,1,0,0.0,2.0,1.0,0.0,A01
201500021638,0,7,0,0.0,2.0,2.0,1.0,B01
201500021639,0,7,0,0.0,2.0,8.0,1.0,A01
201500021639,0,7,0,0.0,2.0,2.0,16.0,B01
201500021640,0,7,0,0.0,1.0,1.0,1.0,A01
201500021641,0,7,0,0.0,2.0,1.0,1.0,A01
201500021641,0,32,0,0.0,0.0,0.0,0.0,B01
201500021642,0,7,0,0.0,0.0,0.0,0.0,A01
201500021642,0,7,0,0.0,2.0,4.0,2.0,B01
201500021642,0,7,0,0.0,0.0,0.0,0.0,C01
201500021643,0,7,0,0.0,2.0,1.0,0.0,A01
201500021643,0,7,0,0.0,2.0,4.0,0.0,B01
201500021644,0,7,0,0.0,1.0,4.0,4.0,A01
201500021645,0,7,0,0.0,1.0,1.0,1.0,A01
201500021646,0,7,0,0.0,1.0,0.0,0.0,A01
201500021647,0,7,0,6.0,0.0,1.0,14.0,A01
201500021648,0,7,0,0.0,2.0,0.0,0.0,A01
201500021648,0,30,0,0.0,0.0,0.0,0.0,B01
201500021649,0,7,0,0.0,1.0,1.0,14.0,A01
201500021650,0,33,0,0.0,0.0,0.0,0.0,A01
201500021651,0,7,0,0.0,2.0,4.0,2.0,A01
201500021651,0,7,0,0.0,2.0,1.0,1.0,B01
201500021651,0,7,0,0.0,2.0,1.0,1.0,C01
201500021652,0,7,0,0.0,0.0,0.0,0.0,A01
201500021652,0,7,0,0.0,2.0,4.0,1.0,B01
201500021653,0,7,0,0.0,2.0,1.0,0.0,A01
201500021653,0,7,0,0.0,2.0,1.0,15.0,B01
201500021654,0,30,0,0.0,2.0,7.0,1.0,A01
201500021654,0,7,0,0.0,2.0,6.0,1.0,B01
201500021655,0,7,0,0.0,2.0,1.0,16.0,A01
201500021655,0,7,0,0.0,2.0,3.0,1.0,B01
201500021656,0,7,0,0.0,4.0,2.0,0.0,A01
201500021656,0,40,1,0.0,0.0,0.0,0.0,B01
201500021657,0,7,0,0.0,2.0,2.0,9.0,A01
201500021657,0,7,0,0.0,2.0,3.0,1.0,B01
201500021658,0,7,0,0.0,0.0,0.0,0.0,A01
201500021658,0,7,0,14.0,2.0,1.0,1.0,B01
201500021658,0,7,0,0.0,2.0,5.0,1.0,C01
201500021658,0,7,0,0.0,0.0,1.0,1.0,D01
201500021659,0,7,0,9.0,2.0,1.0,17.0,A01
201500021659,0,7,0,0.0,2.0,8.0,15.0,B01
201500021660,0,33,0,0.0,2.0,1.0,0.0,B01
201500021660,0,7,0,0.0,2.0,3.0,0.0,A01
201500021661,0,38,1,14.0,1.0,3.0,0.0,A01
201500021661,0,10,0,0.0,2.0,5.0,1.0,B01
201500021662,0,7,0,0.0,1.0,1.0,1.0,A01
201500021662,0,10,0,0.0,0.0,0.0,0.0,B01
201500021663,0,7,0,0.0,2.0,1.0,1.0,B01
201500021663,0,7,0,0.0,2.0,7.0,1.0,A01
201500021664,0,7,0,0.0,1.0,0.0,0.0,A01
201500021665,0,33,0,0.0,2.0,2.0,17.0,A01
201500021665,0,7,0,0.0,2.0,8.0,15.0,B01
201500021666,0,7,0,0.0,2.0,3.0,3.0,A01
201500021666,0,7,0,0.0,2.0,5.0,1.0,B01
201500021667,0,1,0,0.0,2.0,4.0,0.0,B01
201500021667,0,7,0,0.0,9.0,1.0,0.0,A01
201500021668,0,7,0,0.0,1.0,2.0,1.0,A01
201500021669,0,7,0,0.0,2.0,1.0,1.0,A01
201500021669,0,7,0,0.0,2.0,2.0,1.0,B01
201500021669,0,7,0,0.0,0.0,0.0,0.0,C01
201500021670,0,7,0,0.0,2.0,3.0,16.0,A01
201500021670,0,31,0,0.0,2.0,7.0,15.0,B01
201500021671,0,7,0,0.0,4.0,7.0,0.0,A01
201500021671,0,40,1,0.0,2.0,1.0,1.0,B01
201500021672,0,7,0,1.0,0.0,8.0,1.0,A01
201500021672,0,7,0,0.0,2.0,2.0,0.0,B01
201500021673,0,7,0,0.0,2.0,3.0,0.0,A01
201500021673,0,10,0,0.0,2.0,0.0,0.0,B01
201500021674,0,31,0,0.0,2.0,2.0,0.0,A01
201500021674,0,7,0,0.0,2.0,8.0,0.0,B01
201500021675,0,30,0,0.0,0.0,0.0,0.0,A01
201500021676,0,37,1,0.0,2.0,3.0,13.0,A01
201500021676,0,7,0,0.0,2.0,1.0,1.0,B01
201500021677,0,7,0,0.0,2.0,4.0,1.0,A01
201500021677,0,7,0,0.0,2.0,1.0,2.0,B01
201500021678,0,7,0,0.0,1.0,0.0,1.0,A01
201500021679,0,7,0,0.0,2.0,4.0,1.0,A01
201500021679,0,1,0,0.0,2.0,1.0,1.0,B01
201500021679,0,7,0,0.0,2.0,2.0,1.0,C01
201500021680,0,1,0,0.0,2.0,2.0,0.0,B01
201500021680,0,7,0,0.0,9.0,1.0,0.0,A01
201500021681,0,7,0,0.0,2.0,8.0,0.0,B01
201500021681,0,30,0,0.0,2.0,1.0,0.0,A01
201500021682,1,7,0,0.0,1.0,7.0,1.0,A01
201500021683,0,7,0,0.0,0.0,1.0,23.0,A01
201500021683,0,7,0,1.0,0.0,4.0,24.0,B02
201500021683,0,7,0,1.0,0.0,1.0,21.0,C03
201500021684,0,7,0,6.0,0.0,2.0,1.0,A01
201500021685,0,7,0,13.0,0.0,3.0,13.0,A01
201500021686,0,7,0,13.0,0.0,1.0,1.0,A01
201500021687,0,7,0,4.0,0.0,1.0,1.0,A01
201500021688,0,31,0,0.0,0.0,0.0,21.0,A01