Num_Acc,senc,catv,occutc,obs,obsm,choc,manv,num_veh
201500021688,0,7,0,0.0,0.0,0.0,9.0,C01
201500021689,0,7,0,13.0,0.0,7.0,14.0,A01
201500021690,0,7,0,13.0,0.0,3.0,1.0,A01
201500021691,0,7,0,8.0,0.0,1.0,0.0,A01
201500021692,0,7,0,0.0,1.0,5.0,4.0,A01
201500021693,0,2,0,0.0,2.0,3.0,2.0,A01
201500021693,0,7,0,0.0,2.0,5.0,1.0,B01
201500021694,0,7,0,3.0,0.0,1.0,1.0,A01
201500021695,0,7,0,0.0,2.0,2.0,15.0,A01
201500021695,0,7,0,0.0,2.0,1.0,1.0,B01
201500021696,0,7,0,0.0,1.0,4.0,4.0,A01
201500021697,0,30,0,5.0,0.0,1.0,14.0,L01
201500021698,0,7,0,0.0,2.0,4.0,1.0,A01
201500021698,0,7,0,0.0,2.0,1.0,1.0,B01
201500021699,0,7,0,0.0,9.0,3.0,10.0,A01
201500021699,0,1,0,0.0,2.0,1.0,1.0,B01
201500021700,0,7,0,6.0,0.0,0.0,0.0,A01
201500021701,0,2,0,0.0,2.0,8.0,3.0,A01
201500021701,0,7,0,0.0,2.0,7.0,1.0,B01
201500021701,0,7,0,0.0,2.0,7.0,20.0,C01
201500021702,0,7,0,1.0,2.0,2.0,19.0,A01
201500021703,0,7,0,2.0,0.0,2.0,1.0,A01
201500021704,0,7,0,0.0,1.0,1.0,1.0,A01
201500021705,0,7,0,3.0,0.0,5.0,0.0,A01
201500021706,0,7,0,13.0,0.0,1.0,1.0,A01
201500021707,0,7,0,0.0,2.0,1.0,1.0,B01
201500021707,0,10,0,0.0,2.0,6.0,19.0,A01
201500021708,0,33,0,0.0,0.0,0.0,0.0,A01
201500021709,0,30,0,0.0,0.0,7.0,0.0,A01
201500021710,0,7,0,0.0,1.0,2.0,1.0,A01
201500021711,0,33,0,0.0,0.0,0.0,0.0,B01
201500021711,0,7,0,0.0,2.0,3.0,19.0,A01
201500021712,0,36,0,0.0,2.0,7.0,13.0,A01
201500021712,0,7,0,0.0,2.0,8.0,1.0,B01
201500021713,0,7,0,0.0,2.0,3.0,0.0,A01
201500021713,0,33,0,0.0,2.0,4.0,0.0,B01
201500021714,0,7,0,16.0,0.0,3.0,1.0,A01
201500021715,0,7,0,0.0,2.0,1.0,6.0,A01
201500021715,0,7,0,0.0,0.0,0.0,0.0,B01
201500021716,0,2,0,0.0,2.0,1.0,1.0,A01
201500021716,0,7,0,0.0,2.0,2.0,20.0,B01
201500021717,0,33,0,0.0,2.0,7.0,17.0,A01
201500021717,0,7,0,0.0,2.0,6.0,15.0,B01
201500021718,0,7,0,0.0,2.0,8.0,15.0,B01
201500021718,0,33,0,0.0,2.0,1.0,0.0,A01
201500021719,0,2,0,0.0,2.0,7.0,1.0,B01
201500021719,0,7,0,0.0,2.0,3.0,9.0,A01
201500021720,0,7,0,0.0,2.0,1.0,2.0,A01
201500021720,0,7,0,0.0,2.0,4.0,1.0,B01
201500021721,0,7,0,13.0,0.0,1.0,1.0,A01
201500021722,0,7,0,8.0,0.0,1.0,1.0,A01
201500021723,0,7,0,0.0,2.0,2.0,15.0,A01
201500021723,0,2,0,0.0,2.0,1.0,1.0,B01
201500021724,0,7,0,0.0,1.0,8.0,1.0,A01
201500021725,0,7,0,0.0,2.0,3.0,15.0,A01
201500021725,0,7,0,0.0,2.0,3.0,1.0,L01
201500021726,0,7,0,0.0,2.0,1.0,2.0,A01
201500021726,0,7,0,0.0,2.0,4.0,2.0,B01
201500021727,0,7,0,0.0,2.0,5.0,1.0,A01
201500021727,0,7,0,0.0,2.0,1.0,9.0,B01
201500021728,0,7,0,0.0,2.0,3.0,9.0,A01
201500021728,0,1,0,0.0,2.0,7.0,1.0,B01
201500021729,0,1,0,0.0,2.0,7.0,1.0,B01
201500021729,0,7,0,0.0,2.0,3.0,9.0,A01
201500021730,0,2,0,1.0,9.0,1.0,9.0,A01
201500021731,0,30,0,13.0,0.0,8.0,0.0,A01
201500021732,0,7,0,13.0,0.0,1.0,1.0,A01
201500021733,0,7,0,14.0,0.0,3.0,13.0,A01
201500021734,0,2,0,0.0,0.0,0.0,1.0,A01
201500021735,0,7,0,0.0,2.0,6.0,1.0,A01
201500021735,0,33,0,0.0,0.0,0.0,0.0,B01
201500021736,0,30,0,0.0,2.0,7.0,15.0,A01
201500021736,0,7,0,0.0,2.0,1.0,1.0,B01
201500021737,0,7,0,0.0,2.0,7.0,15.0,A01
201500021737,0,7,0,0.0,2.0,1.0,1.0,B01
201500021738,0,7,0,0.0,1.0,1.0,1.0,A01
201500021739,0,7,0,0.0,1.0,1.0,16.0,A01
201500021740,0,32,0,0.0,2.0,0.0,16.0,A01
201500021740,0,2,0,0.0,2.0,0.0,0.0,B01
201500021741,0,7,0,0.0,1.0,0.0,0.0,A01
201500021742,0,7,0,13.0,0.0,1.0,1.0,A01
201500021743,0,10,0,0.0,2.0,3.0,9.0,A01
201500021743,0,30,0,0.0,2.0,2.0,1.0,B01
201500021744,0,7,0,0.0,2.0,3.0,15.0,A01
201500021744,0,33,0,0.0,2.0,3.0,1.0,B01
201500021745,0,7,0,0.0,2.0,0.0,0.0,A01
201500021745,0,7,0,0.0,2.0,0.0,0.0,B01
201500021745,0,33,0,0.0,2.0,0.0,0.0,C01
201500021746,0,7,0,0.0,2.0,3.0,1.0,A01
201500021746,0,7,0,0.0,2.0,3.0,1.0,B01
201500021747,0,17,0,0.0,1.0,2.0,2.0,B02
201500021748,0,7,0,0.0,2.0,1.0,2.0,A01
201500021748,0,7,0,0.0,0.0,4.0,2.0,B02
201500021749,0,7,0,3.0,0.0,2.0,1.0,A01
201500021750,0,10,0,3.0,0.0,1.0,1.0,A01
201500021751,0,7,0,0.0,0.0,1.0,0.0,A01
201500021751,0,15,0,0.0,0.0,6.0,0.0,B02
201500021752,0,17,0,0.0,0.0,4.0,2.0,B02
201500021752,0,7,0,0.0,2.0,1.0,2.0,A01
201500021753,0,14,0,0.0,0.0,4.0,1.0,B02
201500021753,0,7,0,0.0,2.0,1.0,1.0,A01
201500021754,0,7,0,0.0,2.0,1.0,2.0,B02
201500021754,0,7,0,0.0,2.0,2.0,2.0,C03
201500021754,0,7,0,0.0,2.0,3.0,2.0,A01
201500021755,0,17,0,3.0,0.0,2.0,14.0,A01
201500021756,0,7,0,13.0,0.0,1.0,1.0,A01
201500021757,0,7,0,3.0,0.0,3.0,1.0,A01
201500021758,0,17,0,0.0,2.0,1.0,1.0,A01
201500021758,0,7,0,0.0,2.0,8.0,19.0,B02
201500021759,0,31,0,3.0,0.0,7.0,1.0,A01
201500021760,0,7,0,0.0,1.0,1.0,1.0,A01
201500021761,0,33,0,12.0,0.0,8.0,17.0,A01
201500021762,0,7,0,0.0,2.0,2.0,1.0,A01
201500021762,0,7,0,0.0,2.0,3.0,1.0,B02
201500021763,0,33,0,0.0,2.0,1.0,1.0,B02
201500021763,0,10,0,0.0,2.0,3.0,15.0,A01
201500021764,0,30,0,12.0,0.0,7.0,1.0,A01
201500021765,0,7,0,14.0,0.0,3.0,1.0,A01
201500021766,0,7,0,0.0,2.0,1.0,2.0,A01
201500021766,0,7,0,0.0,0.0,4.0,2.0,B02
201500021767,0,16,0,0.0,0.0,0.0,11.0,A01
201500021767,0,7,0,0.0,2.0,2.0,17.0,C03
201500021768,0,15,0,3.0,0.0,1.0,1.0,A01
201500021769,0,7,0,3.0,0.0,1.0,13.0,A01
201500021770,0,33,0,3.0,0.0,0.0,12.0,A01
201500021771,0,7,0,0.0,2.0,1.0,5.0,A01
201500021771,0,7,0,0.0,2.0,1.0,1.0,B02
201500021771,0,7,0,1.0,0.0,1.0,1.0,C03
201500021771,0,7,0,0.0,2.0,4.0,1.0,D04
201500021771,0,7,0,1.0,0.0,1.0,1.0,E05
201500021771,0,7,0,14.0,0.0,1.0,1.0,F06
201500021771,0,7,0,0.0,2.0,3.0,1.0,G07
201500021772,0,7,0,3.0,0.0,3.0,21.0,A01
201500021773,0,7,0,0.0,1.0,3.0,15.0,A01
201500021774,0,32,0,0.0,0.0,7.0,1.0,A01
201500021775,0,7,0,0.0,1.0,3.0,1.0,A01
201500021776,0,7,0,3.0,0.0,3.0,0.0,A01
201500021777,0,7,0,13.0,0.0,1.0,1.0,A01
201500021778,0,7,0,13.0,0.0,0.0,0.0,A01
201500021779,0,10,0,13.0,0.0,1.0,0.0,A01
201500021780,0,7,0,3.0,0.0,0.0,0.0,A01
201500021781,0,7,0,0.0,2.0,1.0,2.0,A01
201500021781,0,7,0,0.0,2.0,4.0,23.0,B01
201500021782,0,7,0,0.0,0.0,0.0,0.0,A01
201500021783,0,7,0,0.0,2.0,1.0,2.0,A01
201500021783,0,10,0,0.0,2.0,4.0,1.0,B01
201500021784,0,33,0,0.0,2.0,2.0,1.0,A01
201500021784,0,7,0,0.0,2.0,1.0,15.0,B01
201500021785,0,7,0,0.0,2.0,3.0,19.0,A01
201500021785,0,30,0,0.0,2.0,1.0,1.0,B01
201500021786,0,7,0,0.0,2.0,0.0,1.0,A01
201500021786,0,7,0,0.0,2.0,1.0,0.0,B01
201500021787,0,7,0,0.0,2.0,3.0,1.0,B01
201500021787,0,7,0,0.0,2.0,3.0,15.0,A01
201500021788,0,7,0,0.0,2.0,0.0,0.0,B01
201500021788,0,7,0,0.0,2.0,0.0,0.0,A01
201500021789,0,7,0,0.0,1.0,3.0,11.0,A01
201500021790,0,7,0,0.0,0.0,0.0,0.0,A01
201500021791,0,7,0,0.0,2.0,3.0,2.0,A01
201500021791,0,7,0,0.0,2.0,2.0,15.0,B01
201500021792,0,34,0,0.0,6.0,2.0,1.0,A01
201500021793,0,7,0,0.0,2.0,1.0,15.0,A01
201500021793,0,33,0,0.0,0.0,0.0,0.0,B01
201500021794,0,7,0,3.0,0.0,0.0,0.0,A01
201500021795,0,10,0,13.0,0.0,1.0,1.0,A01
201500021796,0,7,0,8.0,0.0,0.0,0.0,A01
201500021797,0,7,0,0.0,1.0,2.0,1.0,A01
201500021798,0,7,0,0.0,2.0,1.0,13.0,A01
201500021798,0,7,0,0.0,2.0,8.0,15.0,B01
201500021799,0,7,0,0.0,2.0,6.0,2.0,A01
201500021799,0,7,0,0.0,2.0,2.0,1.0,B01
201500021800,0,7,0,0.0,2.0,1.0,1.0,A01
201500021800,0,1,0,0.0,0.0,0.0,0.0,B01
201500021801,0,7,0,0.0,2.0,2.0,1.0,A01
201500021801,0,7,0,0.0,2.0,3.0,0.0,B01
201500021802,0,7,0,0.0,2.0,3.0,9.0,A01
201500021802,0,33,0,0.0,2.0,5.0,1.0,B01
201500021803,0,7,0,0.0,2.0,6.0,1.0,A01
201500021803,0,7,0,0.0,2.0,8.0,17.0,B01
201500021803,0,7,0,0.0,2.0,7.0,1.0,C01
201500021804,0,2,0,0.0,0.0,3.0,16.0,A01
201500021804,0,7,0,0.0,0.0,2.0,16.0,B01
201500021805,0,33,0,0.0,1.0,3.0,0.0,A01
201500021806,0,33,0,2.0,0.0,9.0,0.0,A01
201500021807,0,7,0,0.0,2.0,1.0,2.0,A01
201500021807,0,7,0,0.0,2.0,4.0,2.0,B01
201500021807,0,7,0,0.0,2.0,4.0,2.0,C01
201500021808,1,31,0,0.0,0.0,1.0,15.0,A01
201500021808,0,2,0,0.0,0.0,0.0,21.0,B01
201500021809,0,7,0,13.0,0.0,2.0,1.0,A01
201500021810,0,7,0,1.0,0.0,1.0,15.0,A01
201500021811,0,30,0,0.0,2.0,0.0,3.0,B01
201500021811,1,7,0,0.0,2.0,0.0,0.0,A01
201500021812,0,7,0,6.0,0.0,2.0,13.0,A01
201500021813,0,1,0,0.0,9.0,1.0,0.0,A01
201500021813,0,1,0,0.0,9.0,1.0,0.0,B01
201500021814,0,7,0,0.0,2.0,5.0,15.0,A01
201500021814,0,30,0,0.0,2.0,7.0,0.0,B01
201500021815,0,7,0,1.0,0.0,0.0,19.0,A01
201500021816,0,7,0,0.0,9.0,7.0,16.0,A01
201500021816,0,1,0,0.0,2.0,8.0,16.0,B01
201500021817,0,7,0,0.0,2.0,1.0,1.0,B01
201500021817,0,7,0,0.0,2.0,1.0,13.0,A01
201500021818,0,7,0,4.0,0.0,0.0,15.0,A01
201500021819,0,7,0,0.0,2.0,1.0,1.0,A01
201500021819,0,7,0,0.0,2.0,1.0,15.0,B01
201500021820,0,7,0,0.0,2.0,8.0,2.0,A01
201500021820,0,32,0,0.0,2.0,7.0,16.0,B01
201500021821,0,30,0,0.0,1.0,2.0,5.0,A01
201500021822,0,7,0,0.0,2.0,1.0,1.0,A01
201500021822,0,7,0,0.0,2.0,0.0,1.0,B01
201500021823,0,7,0,0.0,2.0,6.0,15.0,A01
201500021823,0,33,0,0.0,2.0,1.0,1.0,B01
201500021824,0,31,0,0.0,2.0,1.0,1.0,A01
201500021824,0,7,0,0.0,2.0,0.0,1.0,B01
201500021825,0,14,0,0.0,2.0,3.0,12.0,A01
201500021825,0,7,0,0.0,0.0,4.0,2.0,B01
201500021826,0,7,0,0.0,2.0,1.0,2.0,A01
201500021826,0,7,0,0.0,2.0,4.0,2.0,B01
201500021826,0,7,0,0.0,0.0,0.0,0.0,C01
201500021827,0,7,0,13.0,0.0,8.0,1.0,A01
201500021828,0,7,0,9.0,0.0,2.0,14.0,A01
201500021829,0,33,0,0.0,2.0,0.0,0.0,A01
201500021829,0,7,0,0.0,2.0,3.0,1.0,B01
201500021830,0,7,0,0.0,1.0,2.0,15.0,A01
201500021831,0,30,0,8.0,0.0,1.0,6.0,A01
201500021832,0,7,0,0.0,2.0,4.0,1.0,A01
201500021832,0,30,0,0.0,2.0,1.0,1.0,B01
201500021833,0,30,0,0.0,2.0,1.0,9.0,A01
201500021833,0,7,0,0.0,2.0,2.0,1.0,B01
201500021834,0,7,0,0.0,2.0,4.0,2.0,A01
201500021834,0,7,0,0.0,0.0,2.0,1.0,B01
201500021835,0,7,0,0.0,2.0,5.0,15.0,A01
201500021835,0,33,0,0.0,2.0,5.0,21.0,B01
201500021836,0,7,0,1.0,0.0,8.0,22.0,A01
201500021836,0,1,0,1.0,0.0,2.0,1.0,B01
201500021837,0,30,0,0.0,2.0,1.0,1.0,A01
201500021837,0,3,0,0.0,9.0,4.0,20.0,B01
201500021838,0,10,0,0.0,2.0,2.0,2.0,A01
201500021838,0,1,0,0.0,2.0,4.0,2.0,B01
201500021839,0,7,0,0.0,0.0,0.0,16.0,A01
201500021840,0,10,0,0.0,2.0,4.0,1.0,A01
201500021840,0,10,0,0.0,2.0,2.0,1.0,B01
201500021841,0,7,0,0.0,2.0,1.0,12.0,A01
201500021841,0,33,0,0.0,2.0,1.0,1.0,B01
201500021842,0,7,0,0.0,2.0,1.0,9.0,A01
201500021842,0,7,0,0.0,2.0,2.0,21.0,B01
201500021843,0,30,0,0.0,2.0,1.0,1.0,A01
201500021843,0,7,0,0.0,2.0,8.0,0.0,B01
201500021844,0,7,0,0.0,2.0,4.0,23.0,A01
201500021844,0,7,0,0.0,2.0,1.0,1.0,B01
201500021844,0,7,0,0.0,2.0,0.0,0.0,C01
201500021844,0,7,0,0.0,2.0,1.0,1.0,D01
201500021844,0,7,0,0.0,2.0,1.0,1.0,E01
201500021845,0,10,0,0.0,2.0,4.0,1.0,A01
201500021845,0,10,0,0.0,2.0,1.0,1.0,B01
201500021845,0,10,0,0.0,2.0,1.0,1.0,C01
201500021846,0,10,0,0.0,1.0,0.0,0.0,A01
201500021847,0,7,0,0.0,2.0,3.0,13.0,A01
201500021847,0,7,0,0.0,2.0,5.0,23.0,B01
201500021848,0,7,0,0.0,0.0,1.0,1.0,A01
201500021849,0,2,0,0.0,2.0,1.0,0.0,A01
201500021849,0,7,0,0.0,2.0,5.0,16.0,B01
201500021850,0,7,0,0.0,2.0,1.0,1.0,A01
201500021850,0,7,0,0.0,2.0,8.0,4.0,B01
201500021851,0,30,0,0.0,0.0,3.0,1.0,A01
201500021852,0,2,0,0.0,2.0,1.0,0.0,A01
201500021852,0,10,0,0.0,2.0,2.0,0.0,B01
201500021853,0,7,0,0.0,2.0,1.0,1.0,A01
201500021853,0,7,0,0.0,2.0,1.0,1.0,B01
201500021853,0,7,0,0.0,2.0,4.0,16.0,C01
201500021854,0,7,0,0.0,1.0,8.0,1.0,A01
201500021855,0,7,0,0.0,2.0,7.0,15.0,A01
201500021855,0,30,0,0.0,2.0,1.0,1.0,B01
201500021856,0,7,0,0.0,2.0,1.0,2.0,A01
201500021856,0,7,0,0.0,2.0,4.0,2.0,B01
201500021857,0,1,0,0.0,0.0,0.0,0.0,A01
201500021858,0,1,0,0.0,2.0,7.0,1.0,B01
201500021858,0,7,0,0.0,2.0,2.0,9.0,A01
201500021859,0,7,0,0.0,0.0,4.0,23.0,A01
201500021859,0,7,0,14.0,0.0,1.0,2.0,B01
201500021860,0,7,0,0.0,2.0,1.0,19.0,A01
201500021860,0,1,0,0.0,9.0,1.0,1.0,B01
201500021861,0,7,0,0.0,1.0,2.0,0.0,B01
201500021862,0,7,0,0.0,0.0,0.0,0.0,A01
201500021863,0,1,0,0.0,1.0,1.0,1.0,A01
201500021864,0,7,0,0.0,2.0,1.0,2.0,A01
201500021864,0,2,0,0.0,2.0,3.0,1.0,B01
201500021865,0,7,0,0.0,1.0,2.0,13.0,A01
201500021866,0,10,0,0.0,2.0,3.0,1.0,A01
201500021866,0,10,0,0.0,2.0,3.0,1.0,B01
201500021867,0,7,0,0.0,2.0,1.0,2.0,A01
201500021867,0,7,0,0.0,0.0,4.0,23.0,B01
201500021868,0,2,0,0.0,2.0,6.0,2.0,A01
201500021868,0,7,0,0.0,2.0,6.0,2.0,B01
201500021869,0,14,0,0.0,2.0,3.0,13.0,A01
201500021869,0,14,0,0.0,0.0,0.0,0.0,B01
201500021870,0,7,0,0.0,2.0,2.0,1.0,A01
201500021870,0,7,0,0.0,2.0,4.0,1.0,B01
201500021871,0,14,0,0.0,1.0,5.0,1.0,A01
201500021872,0,7,0,0.0,1.0,1.0,1.0,A01
201500021873,0,7,0,13.0,0.0,1.0,2.0,A01
201500021874,0,7,0,7.0,0.0,3.0,19.0,A01
201500021874,0,7,0,0.0,2.0,1.0,1.0,B01
201500021875,0,7,0,0.0,1.0,3.0,16.0,A01
201500021876,0,7,0,0.0,0.0,0.0,0.0,A01
201500021876,0,7,0,0.0,0.0,8.0,1.0,B01
201500021877,0,7,0,0.0,2.0,0.0,2.0,A01
201500021877,0,7,0,0.0,2.0,0.0,2.0,B01
201500021878,0,7,0,0.0,2.0,8.0,19.0,A01
201500021878,0,2,0,0.0,2.0,8.0,1.0,B01
201500021879,0,7,0,0.0,2.0,1.0,13.0,A01
201500021879,0,7,0,0.0,2.0,1.0,1.0,B01
201500021880,0,7,0,0.0,1.0,3.0,19.0,A01
201500021881,0,7,0,0.0,2.0,1.0,9.0,A01
201500021881,0,1,0,0.0,2.0,7.0,0.0,B01
201500021882,0,7,0,0.0,2.0,0.0,0.0,A01
201500021882,0,33,0,0.0,2.0,0.0,0.0,B01
201500021883,0,7,0,0.0,2.0,1.0,1.0,A01
201500021883,0,7,0,0.0,2.0,4.0,1.0,B01
201500021883,0,7,0,0.0,2.0,4.0,1.0,C01
201500021883,0,7,0,0.0,2.0,3.0,1.0,D01
201500021884,0,7,0,0.0,0.0,2.0,1.0,A01
201500021884,0,7,0,0.0,0.0,0.0,1.0,B01
201500021885,1,7,0,0.0,1.0,0.0,0.0,Z01
201500021886,0,7,0,0.0,2.0,1.0,14.0,A01
201500021887,0,34,0,0.0,1.0,0.0,21.0,A01
201500021888,0,7,0,0.0,2.0,0.0,1.0,A01
201500021888,0,7,0,0.0,2.0,6.0,1.0,B01
201500021888,0,7,0,0.0,2.0,2.0,0.0,C01
201500021889,0,33,0,12.0,0.0,3.0,1.0,A01
201500021890,0,7,0,2.0,0.0,9.0,1.0,A01
201500021891,0,7,0,0.0,2.0,1.0,15.0,A01
201500021891,0,7,0,0.0,2.0,3.0,1.0,B01
201500021892,0,7,0,0.0,2.0,8.0,2.0,A01
201500021892,0,2,0,0.0,2.0,1.0,2.0,B01
201500021893,0,7,0,13.0,0.0,0.0,1.0,A01
201500021894,0,7,0,0.0,0.0,1.0,1.0,A01
201500021895,0,14,0,0.0,1.0,4.0,4.0,A01
201500021896,0,15,0,0.0,0.0,0.0,14.0,A01
201500021897,0,7,0,0.0,1.0,5.0,20.0,A01
201500021898,0,7,0,0.0,2.0,2.0,12.0,A01
201500021898,0,15,0,0.0,2.0,3.0,1.0,B02
201500021899,0,15,0,0.0,0.0,4.0,1.0,B02
201500021899,0,7,0,0.0,2.0,1.0,17.0,A01
201500021900,0,10,0,3.0,0.0,3.0,13.0,A01
201500021901,0,7,0,0.0,0.0,9.0,1.0,A01
201500021902,0,7,0,0.0,2.0,3.0,0.0,A01
201500021902,0,7,0,0.0,2.0,2.0,0.0,B02
201500021903,0,10,0,0.0,0.0,9.0,1.0,A01
201500021904,0,10,0,0.0,0.0,1.0,13.0,A01
201500021904,0,10,0,0.0,0.0,1.0,1.0,B02
201500021905,0,7,0,0.0,6.0,1.0,21.0,A01
201500021906,0,7,0,2.0,0.0,7.0,1.0,A01
201500021907,0,7,0,0.0,2.0,1.0,0.0,B02
201500021907,0,33,0,0.0,2.0,1.0,1.0,A01
201500021908,0,10,0,13.0,0.0,3.0,1.0,A01
201500021909,0,7,0,0.0,0.0,3.0,13.0,A01
201500021910,0,10,0,2.0,0.0,1.0,5.0,A01
201500021911,0,7,0,0.0,2.0,1.0,17.0,A01
201500021911,0,7,0,0.0,2.0,1.0,1.0,B02
201500021912,0,10,0,0.0,0.0,4.0,2.0,B02
201500021912,0,10,0,0.0,0.0,1.0,2.0,A01
201500021913,0,7,0,0.0,1.0,4.0,4.0,A01
201500021914,0,7,0,0.0,1.0,0.0,0.0,A01
201500021915,0,2,0,0.0,2.0,1.0,1.0,B01
201500021915,1,7,0,0.0,2.0,7.0,15.0,A01
201500021916,0,33,0,0.0,2.0,7.0,1.0,B01
201500021916,0,7,0,0.0,2.0,3.0,9.0,A01
201500021917,0,7,0,0.0,2.0,3.0,1.0,B01
201500021917,0,30,0,0.0,2.0,1.0,5.0,A01
201500021918,0,2,0,0.0,1.0,0.0,0.0,A01
201500021919,0,7,0,0.0,2.0,0.0,0.0,A01
201500021919,0,7,0,0.0,2.0,0.0,0.0,B01
201500021920,0,7,0,0.0,2.0,4.0,9.0,A01
201500021920,0,1,0,0.0,2.0,4.0,1.0,B01
201500021921,0,13,0,0.0,1.0,0.0,1.0,A01
201500021922,1,7,0,0.0,1.0,0.0,1.0,A01
201500021923,0,7,0,0.0,2.0,0.0,17.0,A01
201500021923,0,7,0,0.0,2.0,0.0,1.0,C01
201500021923,0,7,0,0.0,2.0,8.0,1.0,B01
201500021924,0,7,0,0.0,1.0,1.0,15.0,A01
201500021925,0,7,0,0.0,1.0,1.0,0.0,A01
201500021926,0,99,0,0.0,2.0,0.0,0.0,A01
201500021926,0,7,0,0.0,2.0,0.0,0.0,B01
201500021927,0,7,0,0.0,2.0,2.0,15.0,A01
201500021927,0,7,0,0.0,2.0,2.0,1.0,B01
201500021928,0,7,0,10.0,0.0,9.0,1.0,A01
201500021929,1,7,0,0.0,2.0,1.0,14.0,A01
201500021929,0,33,0,0.0,2.0,9.0,1.0,B01
201500021930,0,7,0,0.0,2.0,2.0,23.0,C01
201500021930,0,7,0,0.0,2.0,2.0,17.0,A01
201500021930,0,7,0,0.0,2.0,0.0,0.0,B01
201500021931,0,7,0,0.0,0.0,0.0,14.0,A01
201500021932,0,7,0,0.0,2.0,1.0,1.0,B01
201500021932,0,7,0,11.0,2.0,1.0,6.0,A01
201500021933,0,7,0,0.0,1.0,0.0,0.0,A01
201500021934,0,7,0,0.0,2.0,2.0,1.0,A01
201500021934,0,7,0,0.0,2.0,5.0,15.0,B01
201500021935,0,7,0,0.0,2.0,0.0,0.0,B01
201500021935,0,7,0,0.0,2.0,0.0,0.0,A01
201500021936,0,7,0,0.0,1.0,2.0,1.0,A01
201500021937,0,7,0,0.0,1.0,0.0,0.0,A01
201500021938,0,7,0,0.0,1.0,1.0,0.0,A01
201500021939,0,7,0,0.0,1.0,1.0,1.0,A01
201500021940,0,7,0,0.0,1.0,3.0,2.0,A01
201500021941,0,7,0,0.0,2.0,1.0,2.0,A01
201500021941,0,7,0,0.0,2.0,4.0,24.0,B01
201500021942,0,7,0,0.0,1.0,0.0,1.0,A01
201500021943,0,7,0,0.0,1.0,0.0,1.0,A01
201500021944,0,34,0,0.0,2.0,9.0,17.0,B01
201500021944,0,7,0,0.0,2.0,3.0,15.0,A01
201500021945,0,31,0,0.0,2.0,0.0,1.0,B01
201500021945,1,7,0,0.0,2.0,0.0,0.0,A01
201500021946,0,7,0,0.0,2.0,3.0,10.0,A01
201500021946,0,33,0,0.0,2.0,1.0,17.0,B01
201500021947,1,7,0,0.0,9.0,7.0,17.0,A01
201500021947,0,1,0,0.0,2.0,8.0,1.0,B01
201500021948,0,7,0,10.0,0.0,0.0,1.0,A01
201500021949,0,7,0,0.0,1.0,2.0,1.0,A01
201500021950,0,7,0,0.0,2.0,0.0,1.0,B01
201500021950,2,7,0,0.0,2.0,0.0,17.0,A01
201500021951,1,33,0,0.0,1.0,0.0,1.0,A01
201500021952,0,30,0,0.0,2.0,0.0,17.0,A01
201500021952,0,7,0,0.0,2.0,3.0,15.0,B01
201500021953,0,7,0,6.0,0.0,2.0,14.0,A01
201500021954,0,7,0,6.0,0.0,1.0,6.0,A01
201500021955,0,7,0,0.0,1.0,1.0,1.0,A01
201500021956,0,7,0,0.0,2.0,0.0,1.0,B01
201500021956,0,7,0,0.0,2.0,3.0,1.0,A01
201500021957,1,7,0,0.0,2.0,0.0,15.0,A01
201500021957,0,7,0,0.0,2.0,8.0,1.0,B01
201500021957,0,7,0,0.0,2.0,8.0,1.0,C01
201500021957,0,7,0,0.0,2.0,0.0,1.0,D01
201500021958,0,7,0,0.0,1.0,1.0,1.0,A01
201500021959,0,33,0,0.0,2.0,1.0,1.0,A01
201500021959,0,7,0,0.0,2.0,3.0,9.0,B01
201500021960,0,7,0,0.0,1.0,0.0,0.0,A01
201500021961,0,7,0,0.0,2.0,3.0,1.0,B01
201500021961,1,7,0,0.0,2.0,0.0,0.0,A01
201500021962,0,37,0,0.0,2.0,3.0,1.0,B01
201500021962,0,7,0,0.0,2.0,1.0,13.0,A01
201500021963,0,7,0,0.0,2.0,0.0,0.0,A01
201500021963,0,7,0,0.0,2.0,0.0,0.0,B01
201500021964,0,1,0,0.0,1.0,1.0,1.0,A01
201500021965,0,7,0,0.0,2.0,1.0,15.0,A01
201500021965,0,7,0,0.0,2.0,1.0,2.0,B01
201500021966,0,7,0,0.0,1.0,2.0,1.0,A01
201500021967,0,7,0,0.0,1.0,5.0,4.0,A01
201500021968,0,7,0,0.0,2.0,1.0,2.0,A01
201500021968,0,7,0,0.0,2.0,4.0,2.0,B01
201500021969,0,7,0,14.0,0.0,2.0,2.0,A01
201500021969,0,7,0,14.0,0.0,4.0,23.0,B01
201500021970,0,13,0,0.0,1.0,4.0,4.0,A01
201500021971,0,7,0,0.0,2.0,4.0,23.0,B01
201500021971,0,7,0,0.0,2.0,1.0,2.0,A01
201500021972,0,7,0,0.0,2.0,3.0,2.0,B01
201500021972,0,7,0,0.0,2.0,1.0,2.0,A01
201500021972,0,7,0,0.0,2.0,5.0,23.0,C01
201500021973,0,7,0,0.0,1.0,1.0,9.0,A01
201500021974,0,7,0,0.0,2.0,3.0,0.0,B01
201500021974,0,7,0,0.0,2.0,2.0,1.0,A01
201500021975,0,7,0,0.0,2.0,1.0,1.0,B01
201500021975,0,7,0,0.0,2.0,2.0,13.0,A01
201500021976,0,7,0,9.0,0.0,1.0,13.0,A01