Num_Acc,senc,catv,occutc,obs,obsm,choc,manv,num_veh
201500021977,0,7,0,0.0,2.0,4.0,0.0,B01
201500021977,0,33,0,0.0,2.0,1.0,2.0,A01
201500021978,0,1,0,0.0,1.0,1.0,0.0,A01
201500021979,0,7,0,14.0,0.0,1.0,2.0,A01
201500021980,0,7,0,0.0,1.0,1.0,1.0,A01
201500021981,0,7,0,0.0,2.0,1.0,2.0,A01
201500021981,0,7,0,0.0,2.0,4.0,2.0,B01
201500021982,0,7,0,0.0,2.0,8.0,9.0,A01
201500021982,0,31,0,0.0,2.0,1.0,1.0,B01
201500021983,0,7,0,0.0,0.0,0.0,0.0,B01
201500021983,0,1,0,0.0,2.0,1.0,16.0,A01
201500021984,0,7,0,0.0,2.0,1.0,1.0,A01
201500021984,0,7,0,0.0,2.0,4.0,1.0,B01
201500021985,0,7,0,0.0,1.0,1.0,2.0,A01
201500021986,0,1,0,0.0,2.0,1.0,2.0,A01
201500021986,0,7,0,0.0,2.0,4.0,1.0,B01
201500021987,0,7,0,0.0,2.0,8.0,15.0,B01
201500021987,0,33,0,0.0,2.0,1.0,17.0,A01
201500021988,0,7,0,0.0,2.0,4.0,2.0,B01
201500021988,0,7,0,0.0,2.0,1.0,2.0,A01
201500021989,0,14,0,0.0,1.0,4.0,4.0,A01
201500021990,0,2,0,0.0,2.0,4.0,1.0,B01
201500021990,0,31,0,0.0,2.0,1.0,1.0,A01
201500021991,0,7,0,0.0,1.0,4.0,4.0,A01
201500021992,0,7,0,0.0,1.0,2.0,2.0,A01
201500021993,0,7,0,2.0,0.0,8.0,14.0,A01
201500021994,0,7,0,2.0,0.0,1.0,1.0,A01
201500021995,0,7,0,0.0,2.0,8.0,1.0,B01
201500021995,0,7,0,0.0,2.0,1.0,1.0,A01
201500021996,0,7,0,0.0,2.0,4.0,2.0,B01
201500021996,0,7,0,0.0,2.0,1.0,2.0,A01
201500021997,0,7,0,0.0,2.0,6.0,15.0,A01
201500021997,0,7,0,0.0,2.0,1.0,1.0,B01
201500021998,0,7,0,0.0,2.0,1.0,1.0,B01
201500021998,0,7,0,0.0,2.0,1.0,13.0,A01
201500021999,0,1,0,0.0,2.0,3.0,1.0,A01
201500021999,0,7,0,0.0,2.0,3.0,1.0,B01
201500022000,0,33,0,0.0,2.0,1.0,17.0,A01
201500022000,0,7,0,0.0,2.0,4.0,15.0,B01
201500022001,0,7,0,0.0,2.0,3.0,15.0,B01
201500022001,0,7,0,0.0,2.0,1.0,1.0,A01
201500022002,1,7,0,0.0,1.0,0.0,0.0,A01
201500022003,0,7,0,0.0,1.0,3.0,1.0,A01
201500022004,0,7,0,2.0,0.0,7.0,1.0,A01
201500022005,0,1,0,0.0,0.0,0.0,0.0,B01
201500022005,0,7,0,0.0,2.0,1.0,1.0,A01
201500022006,0,10,0,0.0,2.0,1.0,1.0,A01
201500022006,0,7,0,0.0,2.0,4.0,1.0,D01
201500022006,0,7,0,0.0,2.0,4.0,1.0,C01
201500022006,0,7,0,0.0,2.0,4.0,1.0,B01
201500022006,0,7,0,0.0,2.0,4.0,1.0,E01
201500022007,0,7,0,1.0,2.0,3.0,15.0,A01
201500022007,0,7,0,0.0,2.0,3.0,1.0,B01
201500022008,0,7,0,0.0,2.0,7.0,16.0,B01
201500022008,0,33,0,0.0,2.0,8.0,1.0,A01
201500022009,0,7,0,0.0,2.0,5.0,1.0,A01
201500022009,0,7,0,0.0,2.0,1.0,9.0,B01
201500022010,0,7,0,0.0,1.0,0.0,1.0,A01
201500022011,0,10,0,0.0,0.0,0.0,0.0,B01
201500022011,0,31,0,0.0,2.0,5.0,15.0,A01
201500022012,0,7,0,0.0,2.0,1.0,1.0,B01
201500022012,0,7,0,0.0,2.0,1.0,5.0,A01
201500022013,0,7,0,0.0,2.0,7.0,1.0,A01
201500022013,0,7,0,0.0,2.0,1.0,1.0,B01
201500022014,0,34,0,0.0,2.0,1.0,1.0,B01
201500022014,1,7,0,0.0,2.0,1.0,19.0,Z01
201500022015,0,7,0,0.0,1.0,0.0,0.0,A01
201500022016,0,7,0,0.0,2.0,4.0,2.0,C01
201500022016,0,7,0,0.0,2.0,1.0,2.0,A01
201500022016,0,7,0,0.0,2.0,4.0,2.0,B01
201500022017,0,7,0,0.0,2.0,2.0,1.0,B01
201500022017,0,7,0,0.0,2.0,2.0,15.0,A01
201500022018,0,7,0,0.0,2.0,1.0,1.0,A01
201500022018,0,7,0,0.0,0.0,0.0,0.0,B01
201500022019,0,7,0,0.0,0.0,0.0,0.0,A01
201500022019,0,7,0,0.0,0.0,0.0,0.0,B01
201500022020,0,32,0,0.0,2.0,1.0,2.0,A01
201500022020,0,7,0,0.0,2.0,3.0,2.0,B01
201500022020,0,7,0,0.0,0.0,0.0,9.0,C01
201500022021,0,7,0,0.0,2.0,3.0,9.0,A01
201500022021,0,33,0,0.0,2.0,7.0,1.0,B01
201500022022,0,7,0,0.0,1.0,0.0,0.0,A01
201500022023,0,7,0,0.0,1.0,1.0,1.0,A01
201500022024,0,7,0,0.0,2.0,1.0,1.0,B01
201500022024,0,7,0,0.0,2.0,8.0,9.0,A01
201500022025,0,7,0,0.0,1.0,2.0,15.0,A01
201500022026,0,7,0,0.0,2.0,4.0,1.0,B01
201500022026,0,7,0,0.0,2.0,1.0,1.0,A01
201500022027,0,7,0,0.0,2.0,1.0,2.0,A01
201500022027,0,7,0,6.0,2.0,0.0,23.0,B01
201500022028,0,7,0,0.0,2.0,4.0,2.0,B01
201500022028,0,7,0,0.0,2.0,1.0,2.0,A01
201500022029,0,7,0,0.0,2.0,3.0,1.0,B01
201500022029,0,7,0,6.0,2.0,1.0,1.0,A01
201500022030,0,31,0,0.0,2.0,1.0,1.0,B01
201500022030,0,7,0,0.0,2.0,2.0,19.0,A01
201500022031,0,7,0,0.0,2.0,8.0,1.0,B01
201500022031,2,7,0,0.0,2.0,1.0,1.0,A01
201500022032,0,7,0,0.0,1.0,1.0,1.0,A01
201500022033,0,7,0,0.0,2.0,1.0,2.0,A01
201500022033,0,7,0,0.0,2.0,7.0,1.0,B01
201500022034,0,7,0,0.0,0.0,1.0,0.0,A01
201500022035,0,7,0,0.0,1.0,0.0,1.0,A01
201500022036,0,7,0,0.0,2.0,2.0,1.0,A01
201500022036,0,7,0,0.0,2.0,3.0,15.0,B01
201500022037,0,30,0,0.0,2.0,1.0,17.0,B01
201500022037,0,7,0,0.0,2.0,1.0,1.0,A01
201500022038,0,7,0,0.0,2.0,4.0,1.0,B01
201500022038,0,30,0,0.0,0.0,0.0,0.0,A01
201500022039,0,7,0,0.0,1.0,1.0,1.0,A01
201500022040,1,7,0,0.0,0.0,0.0,0.0,A01
201500022040,0,1,0,0.0,2.0,1.0,1.0,B01
201500022041,0,7,0,2.0,0.0,1.0,1.0,A01
201500022042,0,7,0,0.0,2.0,1.0,1.0,B01
201500022042,0,7,0,0.0,2.0,8.0,9.0,A01
201500022043,0,7,0,0.0,1.0,1.0,1.0,A01
201500022044,0,10,0,0.0,1.0,1.0,1.0,A01
201500022045,0,7,0,0.0,2.0,1.0,2.0,A01
201500022045,0,31,0,0.0,2.0,4.0,23.0,B01
201500022046,0,7,0,0.0,1.0,1.0,11.0,A01
201500022047,0,7,0,0.0,2.0,8.0,1.0,B01
201500022047,0,7,0,0.0,2.0,1.0,1.0,A01
201500022048,0,7,0,0.0,0.0,1.0,1.0,A01
201500022049,0,7,0,6.0,0.0,2.0,0.0,A01
201500022050,0,33,0,1.0,2.0,1.0,1.0,A01
201500022050,0,7,0,0.0,2.0,1.0,1.0,B01
201500022050,0,7,0,0.0,0.0,0.0,0.0,C01
201500022051,0,7,0,0.0,2.0,8.0,16.0,B01
201500022051,1,99,0,0.0,2.0,2.0,0.0,Z01
201500022052,0,10,0,0.0,1.0,1.0,15.0,A01
201500022053,0,7,0,0.0,2.0,1.0,1.0,A01
201500022053,0,15,0,0.0,2.0,4.0,23.0,B01
201500022054,0,30,0,0.0,1.0,1.0,1.0,A01
201500022055,0,7,0,0.0,2.0,1.0,0.0,D01
201500022055,0,7,0,14.0,2.0,5.0,2.0,C01
201500022055,0,7,0,0.0,2.0,4.0,0.0,E01
201500022055,0,7,0,0.0,2.0,1.0,14.0,A01
201500022055,0,33,0,0.0,2.0,4.0,2.0,B01
201500022056,0,10,0,0.0,2.0,1.0,1.0,A01
201500022056,0,10,0,0.0,2.0,4.0,1.0,B01
201500022056,0,7,0,0.0,2.0,4.0,1.0,C01
201500022056,0,7,0,0.0,2.0,4.0,1.0,D01
201500022057,0,7,0,0.0,2.0,3.0,13.0,A01
201500022057,0,31,0,0.0,2.0,7.0,14.0,B01
201500022057,0,7,0,0.0,2.0,4.0,23.0,C01
201500022058,0,7,0,0.0,2.0,4.0,23.0,B01
201500022058,0,7,0,0.0,2.0,1.0,1.0,A01
201500022059,0,33,0,0.0,2.0,1.0,16.0,A01
201500022059,0,7,0,0.0,2.0,1.0,1.0,B01
201500022060,0,7,0,0.0,2.0,3.0,1.0,A01
201500022060,0,10,0,0.0,2.0,3.0,1.0,B01
201500022061,0,7,0,0.0,2.0,1.0,1.0,A01
201500022061,0,7,0,0.0,2.0,3.0,1.0,B01
201500022062,0,7,0,0.0,2.0,6.0,23.0,B01
201500022062,0,7,0,0.0,2.0,2.0,2.0,A01
201500022063,0,7,0,0.0,2.0,3.0,1.0,B01
201500022063,0,7,0,0.0,2.0,3.0,5.0,A01
201500022064,1,7,0,0.0,2.0,0.0,1.0,Z01
201500022064,0,7,0,6.0,2.0,5.0,1.0,A01
201500022065,0,7,0,0.0,0.0,1.0,1.0,B01
201500022065,0,7,0,0.0,2.0,1.0,1.0,A01
201500022066,0,7,0,0.0,2.0,0.0,0.0,B01
201500022066,0,7,0,0.0,2.0,0.0,0.0,A01
201500022067,0,7,0,0.0,2.0,1.0,1.0,A01
201500022067,0,7,0,0.0,2.0,4.0,1.0,B01
201500022068,0,30,0,0.0,2.0,1.0,1.0,A01
201500022068,0,7,0,0.0,2.0,3.0,3.0,B01
201500022069,0,7,0,0.0,2.0,1.0,2.0,B01
201500022069,0,15,0,0.0,0.0,4.0,2.0,A01
201500022070,0,7,0,0.0,2.0,3.0,10.0,A01
201500022070,0,33,0,0.0,2.0,0.0,1.0,B01
201500022071,0,7,0,0.0,2.0,1.0,1.0,A01
201500022071,0,7,0,0.0,2.0,4.0,1.0,B01
201500022072,0,31,0,0.0,2.0,1.0,19.0,A01
201500022072,0,7,0,0.0,2.0,3.0,1.0,B01
201500022073,0,7,0,0.0,2.0,7.0,1.0,B01
201500022073,0,7,0,0.0,2.0,1.0,1.0,A01
201500022074,0,7,0,0.0,2.0,1.0,1.0,A01
201500022074,0,1,0,0.0,0.0,0.0,0.0,B01
201500022075,0,7,0,0.0,2.0,1.0,15.0,A01
201500022075,0,7,0,0.0,2.0,1.0,1.0,B01
201500022076,0,7,0,0.0,2.0,0.0,16.0,B01
201500022076,0,30,0,0.0,2.0,1.0,1.0,A01
201500022077,0,7,0,0.0,2.0,7.0,0.0,A01
201500022077,0,37,0,0.0,2.0,3.0,0.0,B01
201500022078,0,7,0,0.0,2.0,2.0,1.0,A01
201500022078,0,7,0,0.0,2.0,3.0,0.0,B01
201500022079,0,7,0,0.0,2.0,8.0,24.0,A01
201500022079,0,1,0,1.0,0.0,1.0,1.0,B01
201500022080,0,7,0,0.0,2.0,4.0,2.0,B01
201500022080,0,7,0,3.0,2.0,1.0,2.0,A01
201500022081,0,7,0,0.0,0.0,9.0,13.0,A01
201500022082,0,7,0,15.0,0.0,1.0,1.0,A01
201500022083,0,7,0,0.0,2.0,3.0,24.0,A01
201500022083,0,1,0,1.0,0.0,1.0,1.0,B01
201500022084,0,7,0,0.0,2.0,1.0,0.0,C01
201500022084,0,7,0,0.0,2.0,1.0,5.0,A01
201500022084,0,7,0,0.0,2.0,3.0,1.0,B01
201500022085,0,7,0,0.0,2.0,5.0,1.0,B01
201500022085,0,7,0,0.0,2.0,1.0,16.0,A01
201500022086,0,7,0,0.0,1.0,0.0,1.0,A01
201500022087,0,7,0,8.0,0.0,1.0,1.0,A01
201500022088,0,30,0,0.0,2.0,1.0,1.0,A01
201500022089,0,7,0,0.0,2.0,7.0,1.0,B01
201500022089,0,1,0,0.0,2.0,1.0,19.0,A01
201500022090,0,7,0,0.0,1.0,1.0,0.0,A01
201500022091,0,7,0,0.0,2.0,3.0,9.0,A01
201500022091,0,7,0,0.0,2.0,3.0,0.0,B01
201500022092,0,7,0,0.0,2.0,1.0,13.0,A01
201500022092,0,7,0,0.0,2.0,3.0,1.0,C01
201500022092,0,7,0,0.0,2.0,1.0,1.0,B01
201500022093,0,7,0,0.0,2.0,4.0,1.0,A01
201500022093,0,7,0,0.0,2.0,4.0,1.0,B01
201500022094,0,33,0,0.0,2.0,8.0,1.0,A01
201500022094,0,7,0,0.0,2.0,3.0,9.0,B01
201500022095,0,7,0,0.0,2.0,1.0,2.0,A01
201500022095,0,7,0,0.0,2.0,4.0,1.0,B01
201500022096,0,7,0,0.0,1.0,1.0,17.0,A01
201500022097,0,1,0,0.0,1.0,1.0,1.0,A01
201500022098,0,2,0,11.0,0.0,7.0,1.0,B01
201500022098,1,7,0,0.0,2.0,0.0,13.0,A01
201500022099,0,31,0,0.0,0.0,7.0,1.0,B01
201500022099,0,14,0,0.0,2.0,7.0,14.0,A01
201500022100,0,7,0,0.0,2.0,7.0,1.0,A01
201500022100,0,7,0,0.0,2.0,1.0,1.0,B01
201500022100,0,7,0,0.0,2.0,1.0,1.0,C01
201500022101,0,7,0,0.0,1.0,1.0,15.0,A01
201500022102,0,15,0,0.0,2.0,7.0,14.0,A01
201500022102,0,2,0,0.0,2.0,8.0,0.0,B01
201500022103,0,7,0,0.0,2.0,1.0,1.0,B01
201500022103,0,7,0,0.0,2.0,3.0,19.0,A01
201500022104,0,30,0,0.0,2.0,8.0,0.0,B01
201500022104,0,7,0,0.0,2.0,2.0,9.0,A01
201500022105,0,7,0,0.0,2.0,3.0,2.0,A01
201500022105,0,7,0,0.0,2.0,5.0,0.0,B01
201500022106,0,30,0,0.0,2.0,1.0,1.0,B01
201500022106,0,7,0,0.0,2.0,1.0,13.0,A01
201500022107,0,7,0,0.0,1.0,1.0,16.0,A01
201500022108,0,7,0,0.0,2.0,2.0,1.0,A01
201500022108,0,7,0,0.0,2.0,1.0,1.0,B01
201500022109,0,7,0,0.0,2.0,3.0,19.0,B01
201500022109,0,7,0,0.0,0.0,0.0,0.0,A01
201500022110,0,7,0,0.0,2.0,2.0,2.0,A01
201500022110,0,7,0,0.0,2.0,6.0,1.0,B01
201500022111,0,7,0,0.0,2.0,1.0,15.0,A01
201500022111,0,7,0,0.0,2.0,2.0,1.0,B01
201500022112,0,7,0,0.0,2.0,3.0,15.0,B01
201500022112,0,33,0,0.0,2.0,2.0,1.0,A01
201500022113,0,7,0,0.0,2.0,2.0,1.0,B01
201500022113,0,1,0,0.0,2.0,1.0,1.0,A01
201500022114,0,33,0,0.0,2.0,0.0,1.0,B01
201500022114,0,7,0,0.0,2.0,3.0,9.0,A01
201500022115,0,7,0,15.0,0.0,1.0,14.0,A01
201500022116,0,3,0,8.0,2.0,2.0,1.0,B01
201500022116,0,7,0,0.0,2.0,3.0,0.0,A01
201500022117,0,7,0,0.0,2.0,1.0,1.0,A01
201500022117,0,7,0,0.0,2.0,8.0,1.0,B01
201500022118,0,7,0,0.0,2.0,5.0,14.0,A01
201500022118,0,1,0,0.0,2.0,8.0,1.0,B01
201500022119,0,7,0,0.0,2.0,3.0,15.0,A01
201500022119,0,34,0,0.0,2.0,0.0,17.0,B01
201500022120,0,34,0,0.0,2.0,1.0,2.0,A01
201500022120,0,7,0,0.0,2.0,6.0,2.0,B01
201500022121,0,7,0,0.0,1.0,1.0,0.0,A01
201500022122,0,7,0,0.0,2.0,1.0,2.0,A01
201500022122,0,7,0,0.0,0.0,4.0,2.0,B01
201500022123,0,7,0,9.0,2.0,1.0,1.0,A01
201500022123,0,7,0,0.0,2.0,1.0,15.0,B01
201500022124,0,7,0,0.0,1.0,0.0,0.0,A01
201500022125,0,7,0,0.0,2.0,1.0,1.0,B01
201500022125,0,7,0,0.0,0.0,4.0,1.0,A01
201500022126,0,30,0,0.0,0.0,0.0,1.0,A01
201500022127,0,30,0,12.0,0.0,1.0,14.0,A01
201500022128,0,7,0,0.0,1.0,0.0,0.0,A01
201500022129,0,7,0,0.0,2.0,1.0,1.0,A01
201500022129,0,7,0,0.0,2.0,6.0,1.0,B01
201500022130,0,7,0,0.0,1.0,0.0,0.0,A01
201500022131,0,7,0,0.0,2.0,0.0,16.0,A01
201500022131,0,7,0,0.0,2.0,0.0,0.0,B01
201500022132,0,7,0,11.0,0.0,9.0,1.0,A01
201500022133,2,10,0,0.0,2.0,0.0,1.0,A01
201500022133,0,7,0,8.0,2.0,0.0,0.0,B01
201500022134,0,7,0,0.0,1.0,1.0,1.0,A01
201500022135,0,32,0,0.0,2.0,0.0,1.0,B01
201500022135,0,7,0,0.0,0.0,0.0,0.0,A01
201500022136,0,7,0,0.0,2.0,0.0,0.0,B01
201500022136,0,33,0,0.0,2.0,8.0,9.0,A01
201500022137,2,33,0,0.0,2.0,4.0,1.0,B01
201500022137,0,7,0,0.0,2.0,3.0,23.0,D01
201500022137,2,33,0,0.0,2.0,4.0,0.0,C01
201500022137,0,7,0,0.0,2.0,1.0,2.0,A01
201500022138,0,7,0,0.0,2.0,1.0,1.0,B01
201500022138,0,7,0,0.0,2.0,2.0,1.0,A01
201500022139,0,7,0,0.0,2.0,5.0,2.0,A01
201500022139,0,7,0,0.0,0.0,4.0,23.0,C01
201500022139,0,7,0,0.0,2.0,4.0,23.0,B01
201500022140,0,7,0,0.0,2.0,1.0,1.0,B01
201500022140,0,7,0,0.0,2.0,8.0,5.0,A01
201500022141,0,1,0,0.0,0.0,0.0,0.0,B01
201500022141,0,2,0,0.0,2.0,1.0,1.0,A01
201500022142,0,1,0,0.0,2.0,0.0,0.0,A01
201500022142,0,7,0,0.0,2.0,1.0,0.0,B01
201500022143,0,7,0,0.0,2.0,8.0,5.0,A01
201500022143,0,7,0,0.0,2.0,8.0,1.0,B01
201500022144,0,33,0,0.0,0.0,0.0,0.0,B01
201500022144,0,10,0,0.0,2.0,1.0,15.0,A01
201500022145,0,7,0,0.0,2.0,4.0,2.0,A01
201500022145,0,7,0,0.0,2.0,1.0,2.0,B01
201500022146,0,7,0,0.0,2.0,3.0,1.0,B01
201500022146,2,7,0,0.0,2.0,8.0,0.0,A01
201500022147,0,7,0,0.0,2.0,4.0,2.0,B01
201500022147,0,7,0,0.0,2.0,4.0,0.0,A01
201500022148,0,7,0,0.0,2.0,7.0,0.0,A01
201500022148,0,32,0,0.0,2.0,7.0,1.0,B01
201500022149,0,7,0,0.0,2.0,2.0,0.0,B01
201500022149,0,7,0,0.0,2.0,1.0,0.0,A01
201500022150,1,7,0,0.0,2.0,0.0,0.0,A01
201500022150,0,7,0,0.0,2.0,4.0,1.0,B01
201500022151,0,7,0,0.0,2.0,8.0,9.0,A01
201500022151,0,33,0,0.0,2.0,7.0,1.0,B01
201500022152,0,7,0,0.0,2.0,8.0,1.0,A01
201500022152,0,7,0,0.0,2.0,3.0,15.0,B01
201500022153,0,7,0,0.0,2.0,7.0,1.0,A01
201500022153,0,7,0,0.0,2.0,1.0,0.0,B01
201500022154,0,31,0,0.0,2.0,8.0,1.0,B01
201500022154,0,7,0,0.0,2.0,3.0,15.0,A01
201500022155,1,30,0,1.0,0.0,0.0,0.0,A01
201500022156,0,1,0,0.0,2.0,0.0,0.0,A01
201500022156,0,7,0,0.0,2.0,0.0,0.0,B01
201500022157,0,31,0,0.0,0.0,8.0,0.0,B01
201500022157,1,7,0,0.0,0.0,0.0,1.0,A01
201500022158,0,7,0,0.0,1.0,3.0,1.0,A01
201500022159,0,7,0,0.0,2.0,3.0,1.0,B01
201500022159,0,7,0,0.0,2.0,3.0,5.0,A01
201500022160,0,7,0,0.0,2.0,2.0,15.0,B01
201500022160,0,33,0,0.0,2.0,1.0,1.0,A01
201500022161,0,32,0,0.0,2.0,1.0,1.0,B01
201500022161,0,7,0,0.0,2.0,5.0,15.0,A01
201500022162,0,33,0,0.0,2.0,1.0,0.0,A01
201500022162,0,7,0,0.0,0.0,8.0,15.0,B01
201500022163,0,33,0,0.0,2.0,1.0,1.0,B01
201500022163,0,7,0,0.0,2.0,2.0,1.0,A01
201500022164,0,7,0,0.0,2.0,6.0,1.0,A01
201500022164,0,7,0,0.0,2.0,1.0,1.0,B01
201500022165,0,7,0,0.0,2.0,3.0,1.0,B01
201500022165,0,7,0,0.0,2.0,1.0,15.0,A01
201500022166,0,7,0,0.0,0.0,1.0,1.0,A01
201500022167,0,7,0,0.0,0.0,2.0,2.0,A01
201500022168,0,7,0,3.0,0.0,1.0,13.0,A01
201500022169,0,30,0,0.0,2.0,0.0,0.0,A01
201500022169,0,7,0,0.0,2.0,0.0,0.0,B01
201500022170,0,32,0,0.0,0.0,0.0,0.0,A01
201500022171,1,7,0,0.0,1.0,0.0,0.0,A01
201500022172,0,7,0,0.0,2.0,1.0,15.0,A01
201500022172,0,31,0,0.0,2.0,1.0,1.0,B01
201500022173,0,7,0,0.0,2.0,1.0,0.0,A01
201500022173,0,7,0,0.0,2.0,4.0,1.0,B01
201500022174,0,7,0,0.0,2.0,1.0,2.0,A01
201500022174,0,10,0,0.0,0.0,4.0,23.0,B01
201500022175,0,2,0,11.0,0.0,0.0,0.0,A01
201500022176,0,7,0,6.0,0.0,1.0,1.0,A01
201500022177,0,7,0,0.0,2.0,3.0,1.0,A01
201500022177,0,7,0,0.0,2.0,7.0,1.0,B01
201500022178,0,7,0,0.0,1.0,8.0,1.0,A01
201500022179,0,7,0,0.0,2.0,3.0,1.0,B01
201500022179,0,7,0,9.0,2.0,3.0,1.0,A01
201500022180,0,7,0,0.0,1.0,3.0,1.0,A01
201500022181,0,33,0,0.0,2.0,1.0,17.0,A01
201500022181,0,31,0,0.0,2.0,1.0,17.0,B01
201500022182,0,30,0,0.0,0.0,0.0,0.0,A01
201500022183,0,7,0,0.0,2.0,4.0,2.0,B01
201500022183,0,7,0,0.0,2.0,0.0,2.0,A01
201500022184,0,7,0,0.0,2.0,1.0,1.0,B01
201500022184,0,7,0,0.0,2.0,1.0,13.0,A01
201500022185,0,7,0,0.0,1.0,1.0,1.0,A01
201500022186,0,7,0,0.0,2.0,0.0,0.0,A01
201500022186,0,7,0,0.0,2.0,0.0,0.0,B01
201500022187,0,7,0,2.0,0.0,1.0,0.0,A01
201500022188,0,1,0,0.0,2.0,1.0,1.0,B01
201500022188,0,7,0,0.0,2.0,0.0,15.0,A01
201500022189,0,7,0,0.0,2.0,0.0,0.0,C01
201500022189,0,7,0,0.0,2.0,0.0,0.0,A01
201500022189,0,7,0,0.0,2.0,0.0,0.0,D01
201500022189,0,7,0,0.0,2.0,0.0,0.0,B01
201500022190,0,30,0,0.0,2.0,0.0,0.0,A01
201500022190,0,7,0,0.0,2.0,0.0,0.0,B01
201500022191,0,33,0,0.0,2.0,1.0,13.0,A01
201500022191,0,7,0,0.0,2.0,2.0,20.0,B01
201500022192,0,33,0,0.0,2.0,1.0,1.0,B01
201500022192,0,7,0,0.0,0.0,0.0,0.0,A01
201500022193,0,7,0,0.0,2.0,2.0,1.0,B01
201500022193,0,10,0,0.0,2.0,2.0,15.0,A01
201500022194,0,7,0,0.0,2.0,4.0,24.0,A01
201500022194,0,10,0,1.0,2.0,1.0,1.0,B01
201500022194,0,7,0,0.0,2.0,1.0,1.0,C01
201500022195,0,30,0,0.0,2.0,7.0,1.0,B01
201500022195,0,10,0,0.0,2.0,1.0,15.0,A01
201500022196,0,2,0,0.0,2.0,0.0,1.0,B01
201500022196,0,10,0,0.0,2.0,2.0,16.0,A01
201500022197,0,1,0,0.0,2.0,8.0,1.0,B01
201500022197,0,7,0,0.0,9.0,2.0,17.0,A01
201500022198,0,33,0,0.0,2.0,1.0,1.0,A01
201500022198,0,10,0,0.0,2.0,4.0,1.0,B01
201500022199,0,7,0,0.0,0.0,0.0,0.0,A01
201500022199,0,7,0,0.0,0.0,0.0,0.0,B01
201500022200,0,7,0,0.0,2.0,1.0,2.0,A01
201500022200,0,33,0,0.0,0.0,5.0,23.0,B01
201500022201,0,33,0,0.0,2.0,1.0,1.0,B01
201500022201,0,7,0,0.0,2.0,6.0,19.0,A01
201500022202,0,7,0,0.0,2.0,4.0,1.0,B01
201500022202,0,7,0,0.0,2.0,1.0,1.0,A01
201500022203,0,7,0,0.0,2.0,0.0,4.0,A01
201500022203,0,7,0,0.0,2.0,0.0,1.0,B01
201500022204,0,10,0,0.0,1.0,0.0,0.0,A01
201500022205,0,33,0,8.0,0.0,1.0,1.0,A01
201500022206,0,7,0,0.0,1.0,0.0,0.0,A01
201500022207,0,30,0,0.0,2.0,1.0,1.0,B01
201500022207,0,7,0,0.0,2.0,1.0,15.0,A01
201500022208,1,7,0,0.0,0.0,0.0,0.0,A01
201500022208,0,1,0,0.0,2.0,1.0,19.0,B01
201500022209,0,7,0,0.0,1.0,2.0,1.0,A01
201500022210,0,7,0,0.0,2.0,0.0,0.0,B01
201500022210,0,7,0,1.0,2.0,1.0,16.0,A01
201500022211,0,7,0,0.0,0.0,3.0,1.0,B02
201500022211,0,1,0,0.0,2.0,1.0,1.0,A01
201500022212,0,7,0,2.0,0.0,5.0,1.0,A01
201500022213,0,33,0,0.0,0.0,7.0,1.0,A01
201500022214,0,33,0,0.0,2.0,7.0,1.0,A01
201500022214,0,7,0,0.0,2.0,3.0,15.0,B02
201500022215,0,7,0,0.0,0.0,9.0,1.0,A01
201500022216,0,7,0,2.0,0.0,6.0,21.0,A01
201500022217,0,7,0,0.0,2.0,6.0,1.0,A01
201500022217,0,33,0,0.0,2.0,3.0,1.0,B02
201500022218,0,7,0,0.0,2.0,3.0,13.0,B02
201500022218,0,33,0,0.0,2.0,3.0,13.0,A01
201500022219,0,2,0,13.0,0.0,1.0,1.0,A01
201500022220,0,1,0,0.0,2.0,4.0,,A02
201500022220,0,7,0,0.0,9.0,2.0,2.0,A01
201500022220,0,1,0,,,4.0,,A03
201500022221,0,7,0,16.0,0.0,9.0,14.0,A01
201500022222,0,7,0,0.0,2.0,1.0,1.0,B02
201500022222,0,7,0,0.0,2.0,5.0,13.0,A01
201500022223,0,2,0,0.0,2.0,1.0,16.0,A01
201500022223,0,7,0,0.0,2.0,3.0,0.0,B02
201500022224,0,7,0,0.0,2.0,2.0,13.0,A01
201500022224,0,7,0,0.0,2.0,3.0,1.0,B02
201500022225,0,7,0,8.0,0.0,2.0,1.0,A01
201500022226,0,7,0,13.0,0.0,3.0,1.0,A01
201500022227,0,7,0,2.0,0.0,4.0,17.0,A01
201500022228,0,33,0,0.0,0.0,1.0,2.0,A01
201500022229,0,7,0,2.0,0.0,9.0,13.0,A01
201500022230,0,7,0,0.0,1.0,7.0,1.0,A01
201500022231,0,7,0,0.0,2.0,2.0,15.0,A01
201500022231,0,1,0,0.0,2.0,8.0,1.0,B02
201500022232,0,17,0,0.0,2.0,3.0,23.0,B02
201500022232,0,17,0,0.0,2.0,6.0,23.0,C03
201500022232,0,7,0,1.0,0.0,2.0,14.0,A01
201500022233,0,33,0,0.0,0.0,0.0,1.0,A01
201500022234,0,31,0,0.0,2.0,1.0,2.0,A01
201500022234,0,7,0,0.0,2.0,5.0,23.0,B02
201500022235,0,33,0,0.0,6.0,1.0,1.0,A01
201500022236,0,36,0,16.0,0.0,1.0,13.0,A01
201500022237,0,7,0,8.0,0.0,3.0,13.0,A01
201500022238,0,7,0,0.0,2.0,1.0,2.0,A01
201500022238,0,2,0,0.0,2.0,4.0,1.0,B02
201500022239,0,7,0,9.0,0.0,3.0,1.0,A01
201500022240,0,7,0,14.0,0.0,8.0,1.0,A01