Num_Acc,senc,catv,occutc,obs,obsm,choc,manv,num_veh
201500022241,0,7,0,2.0,0.0,1.0,1.0,A01
201500022242,0,33,0,0.0,0.0,8.0,1.0,A01
201500022243,0,7,0,0.0,2.0,1.0,17.0,A01
201500022243,0,7,0,0.0,2.0,8.0,1.0,B02
201500022244,0,7,0,0.0,2.0,3.0,13.0,A01
201500022244,0,7,0,0.0,2.0,3.0,0.0,B02
201500022245,0,7,0,0.0,2.0,8.0,19.0,A01
201500022245,0,10,0,0.0,2.0,2.0,1.0,B02
201500022246,0,7,0,0.0,2.0,3.0,15.0,A01
201500022246,0,10,0,0.0,2.0,1.0,1.0,B02
201500022247,0,33,0,0.0,2.0,1.0,1.0,A01
201500022247,0,7,0,0.0,2.0,8.0,23.0,B02
201500022248,0,7,0,0.0,2.0,1.0,5.0,A01
201500022248,0,7,0,0.0,2.0,1.0,1.0,B02
201500022249,0,10,0,0.0,2.0,2.0,19.0,A01
201500022249,0,2,0,0.0,2.0,1.0,1.0,B02
201500022250,0,7,0,0.0,2.0,2.0,19.0,A01
201500022250,0,7,0,0.0,2.0,1.0,1.0,B02
201500022251,0,7,0,4.0,0.0,3.0,13.0,A01
201500022252,0,7,0,4.0,0.0,3.0,17.0,A01
201500022253,0,7,0,0.0,2.0,1.0,17.0,A01
201500022253,0,7,0,0.0,2.0,1.0,1.0,B02
201500022254,0,7,0,13.0,0.0,2.0,14.0,A01
201500022254,0,7,0,14.0,0.0,1.0,1.0,B02
201500022255,0,7,0,0.0,2.0,1.0,13.0,A01
201500022255,0,7,0,0.0,2.0,9.0,17.0,B02
201500022255,0,99,0,0.0,9.0,8.0,1.0,C03
201500022256,0,7,0,0.0,2.0,1.0,14.0,A01
201500022256,0,16,0,0.0,0.0,0.0,1.0,B02
201500022257,0,7,0,0.0,2.0,1.0,19.0,A01
201500022257,0,99,0,0.0,2.0,1.0,0.0,B02
201500022258,0,7,0,0.0,2.0,1.0,1.0,A01
201500022258,0,17,0,0.0,0.0,4.0,1.0,B02
201500022259,0,2,0,6.0,0.0,2.0,1.0,A01
201500022260,0,7,0,10.0,0.0,2.0,1.0,A01
201500022261,0,7,0,13.0,0.0,2.0,1.0,A01
201500022262,0,7,0,4.0,0.0,9.0,14.0,A01
201500022263,0,7,0,0.0,2.0,1.0,15.0,A01
201500022263,0,7,0,0.0,2.0,1.0,1.0,B02
201500022264,0,10,0,0.0,2.0,1.0,2.0,A01
201500022264,0,7,0,0.0,2.0,4.0,2.0,B02
201500022264,0,7,0,0.0,2.0,3.0,1.0,C03
201500022265,0,7,0,0.0,0.0,9.0,1.0,A01
201500022266,0,7,0,0.0,2.0,1.0,2.0,A01
201500022266,0,30,0,0.0,0.0,4.0,2.0,B02
201500022267,0,7,0,4.0,2.0,8.0,13.0,A01
201500022267,0,7,0,0.0,2.0,2.0,1.0,B02
201500022268,0,7,0,0.0,2.0,2.0,15.0,A01
201500022268,0,2,0,0.0,2.0,1.0,1.0,B02
201500022269,0,7,0,0.0,2.0,3.0,1.0,A01
201500022269,0,10,0,0.0,2.0,3.0,1.0,B02
201500022270,0,7,0,0.0,0.0,1.0,2.0,A01
201500022271,0,7,0,0.0,1.0,3.0,1.0,A01
201500022272,0,17,0,0.0,2.0,1.0,1.0,A01
201500022272,0,17,0,0.0,2.0,5.0,1.0,B02
201500022272,0,10,0,5.0,2.0,4.0,17.0,C03
201500022272,0,7,0,14.0,0.0,3.0,13.0,D04
201500022272,0,7,0,5.0,2.0,1.0,2.0,E05
201500022273,0,7,0,0.0,2.0,1.0,13.0,A01
201500022273,0,7,0,0.0,2.0,6.0,23.0,B02
201500022274,0,7,0,0.0,1.0,2.0,1.0,A01
201500022275,0,33,0,0.0,2.0,3.0,13.0,A01
201500022275,0,10,0,0.0,2.0,6.0,19.0,B02
201500022276,0,7,0,13.0,0.0,1.0,1.0,A01
201500022277,0,7,0,6.0,0.0,1.0,16.0,A01
201500022278,0,7,0,0.0,0.0,1.0,0.0,A01
201500022279,0,7,0,2.0,0.0,3.0,1.0,A01
201500022280,0,33,0,0.0,2.0,1.0,1.0,A01
201500022280,0,7,0,0.0,0.0,1.0,15.0,B02
201500022281,0,7,0,0.0,2.0,2.0,1.0,A01
201500022281,0,7,0,0.0,2.0,1.0,1.0,B02
201500022282,0,7,0,0.0,2.0,3.0,10.0,A01
201500022282,0,15,0,0.0,2.0,2.0,1.0,B02
201500022283,0,13,0,4.0,0.0,3.0,1.0,A01
201500022284,0,7,0,0.0,2.0,3.0,1.0,A01
201500022284,0,10,0,0.0,2.0,3.0,2.0,B02
201500022285,0,21,0,0.0,0.0,0.0,15.0,A01
201500022286,0,7,0,8.0,0.0,1.0,1.0,A01
201500022287,0,7,0,13.0,0.0,3.0,1.0,A01
201500022288,0,38,0,0.0,2.0,3.0,1.0,A01
201500022288,0,7,0,0.0,2.0,3.0,13.0,B02
201500022289,0,7,0,6.0,0.0,1.0,1.0,A01
201500022290,0,33,0,0.0,0.0,2.0,5.0,A01
201500022290,0,7,0,0.0,0.0,2.0,1.0,B02
201500022291,0,14,0,0.0,2.0,2.0,1.0,B02
201500022291,0,7,0,0.0,2.0,3.0,1.0,A01
201500022292,0,7,0,0.0,2.0,8.0,1.0,A01
201500022292,0,1,0,0.0,2.0,1.0,1.0,C03
201500022292,0,1,0,0.0,2.0,1.0,1.0,B02
201500022293,0,7,0,0.0,1.0,1.0,15.0,A01
201500022294,0,7,0,12.0,0.0,1.0,1.0,A01
201500022295,0,7,0,0.0,2.0,1.0,0.0,B02
201500022295,0,7,0,0.0,2.0,2.0,15.0,A01
201500022296,0,7,0,0.0,2.0,2.0,0.0,A01
201500022296,0,1,0,0.0,2.0,3.0,0.0,B02
201500022297,0,33,0,0.0,0.0,5.0,1.0,A01
201500022297,0,7,0,0.0,0.0,5.0,15.0,B02
201500022298,0,7,0,13.0,0.0,2.0,14.0,A01
201500022299,0,7,0,0.0,2.0,1.0,1.0,A01
201500022299,0,2,0,0.0,2.0,1.0,11.0,B02
201500022300,0,10,0,0.0,0.0,6.0,24.0,B02
201500022300,0,10,0,1.0,0.0,2.0,21.0,A01
201500022301,0,7,0,0.0,2.0,7.0,11.0,A01
201500022302,0,33,0,0.0,2.0,1.0,1.0,B02
201500022302,0,7,0,0.0,2.0,3.0,1.0,A01
201500022303,0,7,0,0.0,0.0,8.0,15.0,B02
201500022303,0,33,0,0.0,2.0,1.0,1.0,A01
201500022304,0,7,0,0.0,2.0,8.0,15.0,A01
201500022304,0,33,0,0.0,2.0,1.0,17.0,B02
201500022305,0,7,0,0.0,2.0,3.0,1.0,A01
201500022305,0,7,0,0.0,2.0,3.0,1.0,B02
201500022306,0,10,0,8.0,0.0,2.0,14.0,A01
201500022307,0,7,0,0.0,9.0,1.0,1.0,A01
201500022307,0,1,0,0.0,2.0,1.0,13.0,B02
201500022308,0,7,0,0.0,2.0,3.0,1.0,A01
201500022308,0,2,0,0.0,2.0,7.0,1.0,B02
201500022309,0,33,0,0.0,2.0,1.0,1.0,A01
201500022309,0,7,0,0.0,2.0,3.0,9.0,B02
201500022310,0,33,0,16.0,0.0,0.0,0.0,A01
201500022311,0,7,0,0.0,2.0,3.0,1.0,C03
201500022311,0,7,0,0.0,2.0,3.0,13.0,A01
201500022311,0,7,0,0.0,2.0,1.0,1.0,D04
201500022311,0,33,0,0.0,2.0,8.0,1.0,B02
201500022312,0,7,0,0.0,2.0,3.0,13.0,A01
201500022312,0,7,0,0.0,2.0,3.0,1.0,B02
201500022313,0,10,0,13.0,0.0,2.0,15.0,A01
201500022314,0,36,0,0.0,2.0,1.0,13.0,A01
201500022314,0,14,0,0.0,2.0,1.0,1.0,B02
201500022315,0,30,0,0.0,2.0,1.0,21.0,A01
201500022315,0,7,0,0.0,2.0,5.0,1.0,B02
201500022315,0,7,0,0.0,2.0,1.0,24.0,C03
201500022316,0,2,0,0.0,2.0,7.0,13.0,B02
201500022316,0,7,0,0.0,2.0,4.0,10.0,A01
201500022317,0,14,0,0.0,2.0,7.0,1.0,B02
201500022317,0,7,0,0.0,2.0,3.0,1.0,A01
201500022318,0,7,0,0.0,2.0,2.0,15.0,A01
201500022318,0,7,0,0.0,2.0,3.0,1.0,B02
201500022319,0,7,0,5.0,2.0,7.0,1.0,B02
201500022319,0,7,0,0.0,2.0,2.0,19.0,A01
201500022320,0,7,0,16.0,0.0,3.0,16.0,A01
201500022321,0,7,0,0.0,6.0,0.0,1.0,A01
201500022322,0,7,0,0.0,2.0,3.0,1.0,A01
201500022322,0,7,0,0.0,2.0,3.0,1.0,B02
201500022323,0,7,0,16.0,0.0,1.0,13.0,A01
201500022324,0,7,0,0.0,1.0,2.0,1.0,A01
201500022325,0,7,0,0.0,2.0,1.0,1.0,B02
201500022325,0,7,0,0.0,2.0,7.0,15.0,A01
201500022326,0,7,0,0.0,0.0,3.0,0.0,A01
201500022326,0,10,0,0.0,0.0,3.0,1.0,B02
201500022327,0,31,0,0.0,2.0,1.0,1.0,B02
201500022327,0,7,0,0.0,2.0,1.0,15.0,A01
201500022328,0,7,0,2.0,2.0,7.0,1.0,A01
201500022328,0,7,0,0.0,2.0,1.0,1.0,B02
201500022329,0,7,0,0.0,2.0,1.0,1.0,A01
201500022329,0,7,0,0.0,2.0,1.0,13.0,B02
201500022330,0,7,0,0.0,2.0,2.0,1.0,A01
201500022330,0,7,0,0.0,,6.0,1.0,B02
201500022331,0,7,0,0.0,,8.0,1.0,B02
201500022331,0,33,0,0.0,2.0,8.0,13.0,A01
201500022332,0,7,0,13.0,0.0,1.0,13.0,A01
201500022333,0,7,0,0.0,2.0,4.0,23.0,D04
201500022333,0,21,0,0.0,0.0,6.0,2.0,B02
201500022333,0,7,0,14.0,0.0,1.0,5.0,E05
201500022333,0,7,0,0.0,9.0,3.0,5.0,C03
201500022333,0,7,0,0.0,2.0,1.0,2.0,A01
201500022334,0,7,0,0.0,2.0,1.0,1.0,B02
201500022334,0,7,0,0.0,2.0,1.0,5.0,A01
201500022335,0,30,0,0.0,2.0,6.0,2.0,B02
201500022335,0,33,0,0.0,2.0,2.0,2.0,A01
201500022336,0,7,0,2.0,0.0,1.0,1.0,A01
201500022337,0,7,0,2.0,0.0,1.0,1.0,A01
201500022338,0,7,0,0.0,2.0,5.0,2.0,B01
201500022338,0,30,0,0.0,2.0,1.0,2.0,A01
201500022339,0,7,0,0.0,2.0,3.0,0.0,A01
201500022339,0,7,0,0.0,2.0,3.0,0.0,B01
201500022340,0,7,0,1.0,0.0,2.0,14.0,A01
201500022341,0,7,0,0.0,2.0,0.0,0.0,A01
201500022341,0,1,0,0.0,2.0,1.0,1.0,B01
201500022342,1,7,0,0.0,1.0,0.0,0.0,A01
201500022343,0,7,0,13.0,0.0,0.0,13.0,A01
201500022344,0,1,0,0.0,2.0,1.0,1.0,B01
201500022344,0,7,0,0.0,2.0,5.0,15.0,A01
201500022345,0,7,0,13.0,0.0,1.0,1.0,A01
201500022346,0,7,0,0.0,1.0,1.0,1.0,A01
201500022347,0,7,0,0.0,2.0,2.0,1.0,A01
201500022347,0,2,0,0.0,2.0,1.0,9.0,B01
201500022348,0,7,0,0.0,2.0,3.0,0.0,A01
201500022348,0,7,0,6.0,2.0,2.0,0.0,B01
201500022349,0,7,0,0.0,2.0,4.0,2.0,B01
201500022349,0,7,0,0.0,2.0,1.0,0.0,A01
201500022349,0,7,0,0.0,2.0,4.0,2.0,C01
201500022350,0,7,0,0.0,1.0,3.0,1.0,A01
201500022351,0,7,0,0.0,9.0,7.0,0.0,A01
201500022351,0,1,0,0.0,2.0,0.0,16.0,B01
201500022352,0,7,0,12.0,0.0,2.0,0.0,A01
201500022353,0,7,0,8.0,0.0,9.0,13.0,A01
201500022354,0,10,0,0.0,2.0,0.0,0.0,B01
201500022354,0,7,0,0.0,2.0,4.0,2.0,A01
201500022355,0,7,0,0.0,1.0,2.0,1.0,A01
201500022356,0,7,0,0.0,2.0,2.0,15.0,B01
201500022356,0,7,0,0.0,2.0,1.0,1.0,A01
201500022357,0,7,0,0.0,1.0,1.0,9.0,A01
201500022358,0,7,0,15.0,9.0,9.0,13.0,A01
201500022359,0,1,0,0.0,2.0,4.0,1.0,B01
201500022359,0,7,0,0.0,9.0,2.0,17.0,A01
201500022360,0,31,0,3.0,0.0,2.0,1.0,A01
201500022361,0,7,0,16.0,0.0,1.0,1.0,A01
201500022362,0,7,0,0.0,2.0,5.0,1.0,B01
201500022362,0,7,0,0.0,2.0,1.0,1.0,A01
201500022363,0,7,0,9.0,0.0,2.0,0.0,A01
201500022364,0,2,0,0.0,0.0,0.0,1.0,A01
201500022365,0,7,0,0.0,0.0,9.0,1.0,A01
201500022366,0,7,0,0.0,2.0,1.0,1.0,A01
201500022366,0,7,0,0.0,2.0,4.0,15.0,B01
201500022367,0,7,0,0.0,2.0,1.0,2.0,A01
201500022367,0,7,0,0.0,1.0,1.0,1.0,B01
201500022368,0,7,0,0.0,1.0,0.0,0.0,A01
201500022369,0,2,0,0.0,2.0,8.0,2.0,B01
201500022369,0,7,0,0.0,2.0,1.0,2.0,A01
201500022370,0,1,0,0.0,2.0,1.0,1.0,B01
201500022370,0,7,0,0.0,2.0,2.0,15.0,A01
201500022371,0,7,0,0.0,2.0,1.0,1.0,A01
201500022371,0,7,0,0.0,2.0,4.0,1.0,B01
201500022372,0,7,0,0.0,2.0,1.0,2.0,A01
201500022372,0,7,0,0.0,2.0,6.0,0.0,B01
201500022373,0,1,0,0.0,2.0,8.0,15.0,B01
201500022373,0,7,0,0.0,9.0,2.0,1.0,A01
201500022374,0,31,0,0.0,0.0,1.0,1.0,A01
201500022375,0,33,0,0.0,0.0,8.0,1.0,A01
201500022376,0,7,0,0.0,1.0,2.0,0.0,A01
201500022377,0,7,0,16.0,2.0,3.0,1.0,A01
201500022377,0,7,0,0.0,2.0,3.0,5.0,B01
201500022378,0,7,0,0.0,2.0,1.0,9.0,A01
201500022378,0,7,0,0.0,2.0,5.0,0.0,B01
201500022379,0,7,0,0.0,2.0,1.0,1.0,A01
201500022379,0,7,0,0.0,2.0,4.0,15.0,B01
201500022380,0,10,0,0.0,1.0,4.0,20.0,A01
201500022381,0,7,0,0.0,2.0,3.0,0.0,B01
201500022381,0,7,0,0.0,2.0,3.0,15.0,A01
201500022382,0,7,0,13.0,0.0,1.0,1.0,A01
201500022383,0,7,0,0.0,2.0,2.0,1.0,A01
201500022383,0,99,0,0.0,2.0,6.0,1.0,B01
201500022384,0,1,0,0.0,2.0,8.0,13.0,B01
201500022384,0,7,0,0.0,2.0,7.0,1.0,A01
201500022385,0,7,0,2.0,0.0,1.0,1.0,A01
201500022386,0,7,0,1.0,2.0,3.0,9.0,A01
201500022386,0,7,0,0.0,2.0,2.0,1.0,B02
201500022386,0,7,0,0.0,2.0,3.0,0.0,C03
201500022387,0,7,0,5.0,0.0,1.0,1.0,A01
201500022388,0,14,0,0.0,2.0,3.0,21.0,A01
201500022388,0,7,0,0.0,2.0,1.0,1.0,B02
201500022389,1,10,0,0.0,2.0,7.0,6.0,A01
201500022389,0,30,0,0.0,2.0,1.0,1.0,B02
201500022390,0,7,0,0.0,1.0,3.0,13.0,A01
201500022391,0,7,0,0.0,2.0,7.0,1.0,B01
201500022391,0,31,0,0.0,2.0,0.0,0.0,A01
201500022392,0,33,0,0.0,2.0,3.0,1.0,B01
201500022392,0,7,0,0.0,2.0,3.0,1.0,A01
201500022393,0,7,0,0.0,2.0,8.0,0.0,A01
201500022393,0,33,0,0.0,2.0,1.0,0.0,B01
201500022394,0,7,0,8.0,0.0,1.0,0.0,A01
201500022395,0,7,0,0.0,2.0,0.0,0.0,A01
201500022395,0,1,0,0.0,2.0,0.0,0.0,B01
201500022396,0,7,0,0.0,1.0,1.0,0.0,A01
201500022397,0,7,0,0.0,2.0,0.0,0.0,A01
201500022397,0,33,0,0.0,2.0,1.0,0.0,B01
201500022398,0,20,0,0.0,2.0,4.0,23.0,B01
201500022398,0,7,0,0.0,2.0,1.0,2.0,A01
201500022399,0,7,0,0.0,1.0,2.0,0.0,A01
201500022400,0,7,0,0.0,2.0,1.0,0.0,A01
201500022400,0,33,0,0.0,2.0,3.0,1.0,B01
201500022401,0,7,0,0.0,1.0,0.0,0.0,A01
201500022402,0,7,0,0.0,2.0,3.0,0.0,A01
201500022402,0,33,0,0.0,2.0,0.0,0.0,B01
201500022403,0,7,0,0.0,2.0,1.0,0.0,A01
201500022403,0,7,0,0.0,0.0,4.0,0.0,C01
201500022403,0,7,0,0.0,2.0,4.0,0.0,B01
201500022404,0,30,0,0.0,1.0,1.0,1.0,A01
201500022405,0,10,0,0.0,2.0,7.0,12.0,A01
201500022405,0,32,0,0.0,2.0,8.0,1.0,B01
201500022406,0,33,0,0.0,1.0,1.0,1.0,A01
201500022407,0,7,0,0.0,1.0,8.0,0.0,A01
201500022408,0,7,0,0.0,2.0,7.0,0.0,B01
201500022408,0,33,0,0.0,2.0,3.0,0.0,A01
201500022409,0,7,0,0.0,2.0,0.0,0.0,B01
201500022409,0,7,0,0.0,2.0,6.0,0.0,A01
201500022410,0,7,0,0.0,2.0,1.0,0.0,A01
201500022410,0,7,0,0.0,2.0,4.0,0.0,B01
201500022411,0,7,0,14.0,0.0,1.0,0.0,A01
201500022412,0,7,0,0.0,1.0,1.0,15.0,A01
201500022413,0,7,0,0.0,2.0,7.0,0.0,A01
201500022413,0,1,0,0.0,2.0,0.0,0.0,B01
201500022414,0,7,0,0.0,0.0,0.0,1.0,A01
201500022415,0,30,0,15.0,2.0,1.0,17.0,B01
201500022415,0,7,0,0.0,9.0,8.0,15.0,A01
201500022416,0,7,0,0.0,2.0,1.0,0.0,A01
201500022416,0,30,0,0.0,2.0,1.0,1.0,B01
201500022417,0,31,0,0.0,2.0,0.0,0.0,A01
201500022417,0,7,0,0.0,2.0,0.0,0.0,B01
201500022418,0,31,0,0.0,2.0,3.0,1.0,B01
201500022418,0,7,0,0.0,2.0,1.0,15.0,A01
201500022419,0,7,0,0.0,2.0,0.0,0.0,B01
201500022419,0,14,0,0.0,2.0,0.0,0.0,A01
201500022420,0,10,0,0.0,0.0,1.0,0.0,A01
201500022421,0,7,0,0.0,1.0,2.0,15.0,A01
201500022422,0,7,0,0.0,1.0,2.0,1.0,A01
201500022423,0,7,0,0.0,2.0,0.0,0.0,B01
201500022423,0,7,0,0.0,2.0,0.0,0.0,C01
201500022423,0,7,0,0.0,2.0,0.0,0.0,A01
201500022424,0,1,0,0.0,2.0,0.0,0.0,B01
201500022424,0,7,0,0.0,2.0,0.0,0.0,A01
201500022425,0,33,0,0.0,2.0,0.0,0.0,B01
201500022425,0,7,0,0.0,2.0,0.0,0.0,A01
201500022426,0,7,0,0.0,2.0,1.0,1.0,A01
201500022426,0,7,0,0.0,2.0,1.0,1.0,B01
201500022427,0,30,0,0.0,2.0,1.0,0.0,A01
201500022427,0,7,0,0.0,0.0,1.0,0.0,B01
201500022428,0,37,1,0.0,1.0,2.0,15.0,A01
201500022429,0,1,0,0.0,0.0,0.0,0.0,B01
201500022429,0,7,0,0.0,0.0,0.0,0.0,A01
201500022430,0,31,0,0.0,2.0,2.0,0.0,A01
201500022430,0,7,0,0.0,2.0,2.0,0.0,B01
201500022431,0,7,0,0.0,2.0,8.0,0.0,B01
201500022431,0,7,0,0.0,2.0,1.0,0.0,A01
201500022432,0,7,0,0.0,1.0,0.0,0.0,A01
201500022433,0,7,0,0.0,2.0,1.0,0.0,A01
201500022433,0,33,0,0.0,2.0,0.0,0.0,B01
201500022434,1,7,0,0.0,2.0,0.0,0.0,Z01
201500022434,0,1,0,0.0,2.0,8.0,0.0,B01
201500022435,0,30,0,0.0,2.0,0.0,0.0,B01
201500022435,0,7,0,0.0,2.0,0.0,0.0,A01
201500022436,0,1,0,0.0,2.0,0.0,0.0,A01
201500022436,0,7,0,0.0,2.0,0.0,0.0,B01
201500022437,0,7,0,0.0,2.0,0.0,0.0,B01
201500022437,0,7,0,0.0,2.0,0.0,0.0,A01
201500022438,0,7,0,0.0,2.0,0.0,0.0,B01
201500022438,0,7,0,0.0,2.0,0.0,0.0,A01
201500022439,0,7,0,0.0,2.0,5.0,1.0,B01
201500022439,0,33,0,0.0,2.0,1.0,2.0,A01
201500022440,0,34,0,0.0,2.0,0.0,0.0,A01
201500022440,0,7,0,0.0,2.0,0.0,0.0,B01
201500022441,0,33,0,0.0,0.0,0.0,0.0,A01
201500022442,0,7,0,0.0,2.0,3.0,11.0,A01
201500022442,0,33,0,0.0,2.0,2.0,0.0,B01
201500022443,0,34,0,0.0,2.0,1.0,0.0,A01
201500022443,0,7,0,0.0,0.0,0.0,0.0,B01
201500022444,0,7,0,0.0,2.0,4.0,1.0,B01
201500022444,0,7,0,0.0,2.0,1.0,1.0,A01
201500022445,0,7,0,0.0,2.0,1.0,0.0,A01
201500022445,0,7,0,0.0,2.0,1.0,0.0,B01
201500022446,0,7,0,0.0,9.0,1.0,0.0,A01
201500022446,0,1,0,0.0,2.0,0.0,0.0,B01
201500022447,0,33,0,0.0,9.0,1.0,0.0,A01
201500022448,0,34,0,0.0,0.0,1.0,0.0,A01
201500022449,0,30,0,0.0,2.0,1.0,0.0,A01
201500022449,1,99,0,0.0,0.0,0.0,0.0,Z01
201500022450,0,7,0,0.0,2.0,6.0,1.0,A01
201500022451,0,10,0,0.0,2.0,1.0,1.0,B01
201500022451,0,10,0,0.0,2.0,3.0,15.0,A01
201500022452,0,33,0,0.0,2.0,1.0,1.0,B01
201500022452,0,7,0,0.0,2.0,2.0,15.0,A01
201500022453,0,7,0,0.0,2.0,0.0,0.0,A01
201500022453,0,7,0,0.0,2.0,0.0,0.0,B01
201500022454,0,7,0,0.0,2.0,4.0,1.0,A01
201500022454,0,7,0,0.0,2.0,1.0,1.0,B01
201500022455,0,7,0,0.0,2.0,0.0,0.0,B01
201500022455,0,7,0,0.0,2.0,0.0,0.0,A01
201500022456,0,7,0,0.0,0.0,0.0,0.0,A01
201500022457,0,10,0,0.0,0.0,0.0,0.0,A01
201500022457,0,1,0,1.0,0.0,1.0,1.0,B01
201500022458,0,7,0,0.0,2.0,0.0,0.0,A01
201500022458,0,31,0,0.0,2.0,0.0,0.0,B01
201500022459,0,7,0,0.0,2.0,0.0,11.0,B01
201500022459,0,33,0,0.0,2.0,7.0,3.0,A01
201500022460,0,10,0,0.0,2.0,0.0,15.0,B01
201500022460,0,33,0,0.0,2.0,0.0,17.0,A01
201500022461,0,7,0,0.0,2.0,0.0,0.0,B01
201500022461,0,10,0,0.0,2.0,0.0,0.0,A01
201500022462,0,7,0,0.0,2.0,3.0,11.0,A01
201500022462,0,33,0,0.0,2.0,2.0,1.0,B01
201500022463,0,7,0,0.0,1.0,1.0,0.0,A01
201500022464,0,7,0,0.0,2.0,1.0,2.0,A01
201500022464,0,33,0,0.0,2.0,4.0,0.0,B01
201500022465,0,7,0,0.0,2.0,0.0,0.0,A01
201500022465,0,7,0,0.0,2.0,0.0,0.0,B01
201500022466,0,7,0,0.0,1.0,0.0,1.0,A01
201500022467,0,7,0,0.0,2.0,2.0,0.0,A01
201500022467,0,32,0,0.0,2.0,1.0,0.0,B01
201500022468,0,7,0,0.0,2.0,5.0,15.0,B01
201500022468,0,7,0,0.0,2.0,3.0,15.0,A01
201500022469,0,7,0,0.0,2.0,0.0,0.0,B01
201500022469,0,7,0,0.0,2.0,0.0,0.0,A01
201500022470,0,7,0,0.0,2.0,4.0,15.0,B01
201500022470,0,33,0,0.0,2.0,1.0,1.0,A01
201500022471,0,7,0,0.0,2.0,1.0,0.0,A01
201500022472,0,7,0,0.0,1.0,3.0,0.0,A01
201500022473,0,3,0,0.0,0.0,4.0,0.0,B01
201500022473,0,7,0,0.0,2.0,0.0,0.0,A01
201500022474,0,32,0,0.0,2.0,8.0,1.0,B01
201500022474,0,7,0,0.0,2.0,2.0,0.0,A01
201500022475,0,1,0,0.0,2.0,0.0,0.0,B01
201500022475,0,10,0,0.0,9.0,7.0,0.0,A01
201500022476,0,7,0,0.0,2.0,9.0,0.0,B01
201500022476,0,7,0,0.0,2.0,1.0,1.0,A01
201500022476,0,7,0,0.0,2.0,4.0,1.0,C01
201500022477,0,32,0,0.0,2.0,0.0,0.0,B01
201500022477,0,7,0,0.0,2.0,0.0,0.0,A01
201500022478,0,7,0,1.0,0.0,9.0,14.0,A01
201500022479,0,7,0,0.0,2.0,8.0,0.0,A01
201500022479,0,33,0,0.0,2.0,7.0,0.0,B01
201500022480,0,7,0,0.0,2.0,4.0,1.0,A01
201500022480,1,7,0,0.0,2.0,0.0,0.0,Z01
201500022481,0,7,0,0.0,2.0,8.0,1.0,A01
201500022481,0,15,0,0.0,2.0,0.0,0.0,B01
201500022482,0,7,0,0.0,1.0,2.0,1.0,A01
201500022483,0,30,0,0.0,2.0,1.0,1.0,A01
201500022483,0,7,0,0.0,2.0,8.0,0.0,B01
201500022484,0,7,0,0.0,2.0,2.0,7.0,A01
201500022484,0,7,0,0.0,0.0,0.0,0.0,B01
201500022485,0,7,0,0.0,1.0,0.0,0.0,A01
201500022486,0,33,0,0.0,2.0,1.0,1.0,B01
201500022486,0,7,0,0.0,2.0,8.0,1.0,A01
201500022487,0,32,0,0.0,2.0,1.0,0.0,B01
201500022487,0,7,0,0.0,2.0,1.0,0.0,A01
201500022488,0,7,0,0.0,2.0,8.0,17.0,B01
201500022488,0,7,0,0.0,2.0,1.0,0.0,A01
201500022489,0,7,0,1.0,1.0,0.0,0.0,A01
201500022490,0,7,0,0.0,1.0,3.0,1.0,A01
201500022491,0,7,0,0.0,1.0,0.0,0.0,A01
201500022492,0,7,0,0.0,2.0,0.0,0.0,A01
201500022492,0,7,0,0.0,2.0,8.0,0.0,B01
201500022493,0,7,0,14.0,0.0,1.0,13.0,A01
201500022494,0,1,0,0.0,0.0,0.0,0.0,B01
201500022494,0,7,0,0.0,0.0,0.0,0.0,A01
201500022495,0,32,0,0.0,0.0,1.0,0.0,A01
201500022496,0,31,0,0.0,2.0,1.0,17.0,A01
201500022496,0,7,0,0.0,2.0,1.0,15.0,B01
201500022497,0,7,0,5.0,0.0,0.0,0.0,A01
201500022497,0,7,0,0.0,0.0,9.0,0.0,B01
201500022498,0,31,0,0.0,1.0,1.0,7.0,A01
201500022499,0,7,0,0.0,0.0,6.0,0.0,B01
201500022500,0,7,0,0.0,2.0,1.0,1.0,B01
201500022500,0,7,0,0.0,2.0,8.0,10.0,A01
201500022501,0,1,0,0.0,2.0,0.0,0.0,B01
201500022501,0,7,0,0.0,0.0,0.0,0.0,A01
201500022502,0,7,0,0.0,2.0,1.0,1.0,B01
201500022502,0,7,0,0.0,2.0,1.0,17.0,A01
201500022503,0,1,0,0.0,0.0,0.0,0.0,A01
201500022504,0,31,0,0.0,2.0,1.0,1.0,B01
201500022504,0,7,0,0.0,2.0,5.0,4.0,A01
201500022505,0,1,0,0.0,2.0,0.0,0.0,B01
201500022505,0,7,0,0.0,2.0,0.0,0.0,A01
201500022506,0,7,0,0.0,2.0,3.0,0.0,A01
201500022506,0,33,0,0.0,2.0,0.0,0.0,B01
201500022507,0,32,0,0.0,1.0,1.0,1.0,A01
201500022508,0,33,0,0.0,2.0,0.0,0.0,A01
201500022508,0,7,0,0.0,2.0,3.0,0.0,B01
201500022509,0,7,0,0.0,0.0,4.0,1.0,B01
201500022509,0,7,0,0.0,2.0,1.0,2.0,A01
201500022510,0,7,0,0.0,2.0,1.0,1.0,B01
201500022510,0,7,0,0.0,2.0,1.0,5.0,A01
201500022511,0,31,0,0.0,0.0,7.0,0.0,A01
201500022511,0,7,0,0.0,0.0,0.0,0.0,B01
201500022512,0,7,0,0.0,0.0,0.0,0.0,A01
201500022513,0,7,0,0.0,1.0,1.0,1.0,A01