Num_Acc,senc,catv,occutc,obs,obsm,choc,manv,num_veh
201500022514,0,10,0,0.0,1.0,0.0,0.0,A01
201500022515,0,7,0,0.0,1.0,7.0,1.0,A01
201500022516,1,10,0,0.0,2.0,0.0,0.0,Z01
201500022516,0,31,0,0.0,2.0,1.0,1.0,A01
201500022517,0,2,0,0.0,2.0,1.0,0.0,A01
201500022517,0,7,0,0.0,0.0,4.0,0.0,B01
201500022518,0,7,0,0.0,2.0,0.0,0.0,B01
201500022518,0,33,0,0.0,2.0,7.0,14.0,A01
201500022519,0,7,0,0.0,0.0,1.0,0.0,A01
201500022520,0,31,0,0.0,2.0,0.0,0.0,B01
201500022520,0,7,0,0.0,2.0,0.0,0.0,A01
201500022521,0,30,0,0.0,2.0,8.0,0.0,A01
201500022521,0,7,0,0.0,2.0,2.0,1.0,B01
201500022522,0,7,0,1.0,2.0,3.0,14.0,A01
201500022522,1,7,0,0.0,2.0,0.0,0.0,Z01
201500022523,0,7,0,0.0,1.0,5.0,0.0,A01
201500022524,0,33,0,0.0,0.0,7.0,0.0,A01
201500022525,0,7,0,0.0,2.0,4.0,2.0,B01
201500022525,0,7,0,0.0,2.0,2.0,2.0,A01
201500022526,0,7,0,0.0,2.0,2.0,1.0,A01
201500022526,0,7,0,0.0,2.0,3.0,1.0,B01
201500022527,0,7,0,0.0,1.0,0.0,0.0,A01
201500022528,0,7,0,0.0,2.0,1.0,1.0,B01
201500022528,0,33,0,0.0,0.0,8.0,0.0,A01
201500022529,0,1,0,0.0,2.0,8.0,0.0,B01
201500022529,0,14,0,0.0,2.0,7.0,0.0,A01
201500022530,0,7,0,0.0,2.0,1.0,0.0,A01
201500022530,0,7,0,0.0,2.0,4.0,0.0,B01
201500022531,0,33,0,0.0,2.0,0.0,0.0,A01
201500022532,0,7,0,0.0,1.0,0.0,0.0,A01
201500022533,2,30,0,0.0,2.0,1.0,0.0,Z01
201500022533,0,30,0,0.0,2.0,1.0,0.0,B01
201500022534,0,7,0,1.0,1.0,0.0,0.0,A01
201500022535,0,7,0,0.0,2.0,0.0,0.0,A01
201500022535,0,31,0,0.0,2.0,0.0,0.0,B01
201500022536,0,33,0,0.0,0.0,0.0,0.0,A01
201500022537,0,7,0,0.0,2.0,6.0,0.0,B01
201500022537,0,2,0,0.0,2.0,1.0,0.0,A01
201500022538,0,2,0,0.0,2.0,0.0,0.0,A01
201500022538,0,7,0,0.0,2.0,0.0,0.0,B01
201500022539,0,7,0,0.0,2.0,0.0,0.0,B01
201500022539,0,1,0,0.0,2.0,0.0,0.0,A01
201500022540,0,7,0,0.0,2.0,0.0,0.0,A01
201500022540,0,30,0,0.0,2.0,0.0,0.0,B01
201500022541,0,7,0,0.0,2.0,2.0,15.0,A01
201500022541,0,1,0,0.0,2.0,1.0,1.0,B01
201500022542,0,7,0,0.0,2.0,0.0,0.0,B01
201500022542,0,1,0,0.0,2.0,0.0,0.0,A01
201500022543,0,7,0,0.0,1.0,3.0,1.0,A01
201500022544,0,33,0,0.0,0.0,1.0,0.0,A01
201500022545,0,3,0,0.0,2.0,1.0,0.0,A01
201500022545,0,7,0,0.0,2.0,4.0,0.0,C01
201500022545,0,7,0,0.0,2.0,4.0,0.0,B01
201500022546,0,7,0,0.0,2.0,8.0,1.0,B01
201500022546,0,32,0,3.0,2.0,7.0,13.0,A01
201500022547,0,7,0,0.0,2.0,3.0,0.0,B01
201500022547,0,30,0,0.0,2.0,2.0,0.0,A01
201500022548,0,7,0,0.0,2.0,8.0,1.0,A01
201500022548,0,30,0,0.0,2.0,2.0,0.0,B01
201500022549,0,7,0,0.0,2.0,8.0,1.0,B01
201500022549,0,30,0,1.0,2.0,2.0,15.0,A01
201500022550,0,7,0,0.0,2.0,5.0,0.0,B01
201500022550,0,2,0,0.0,2.0,1.0,1.0,A01
201500022551,0,7,0,9.0,0.0,0.0,0.0,A01
201500022552,0,7,0,0.0,2.0,1.0,1.0,A01
201500022552,0,7,0,0.0,2.0,4.0,1.0,B01
201500022553,0,7,0,0.0,1.0,2.0,0.0,A01
201500022554,0,7,0,0.0,2.0,0.0,1.0,B01
201500022554,0,7,0,0.0,2.0,6.0,0.0,A01
201500022555,0,7,0,0.0,1.0,1.0,0.0,A01
201500022556,0,7,0,0.0,2.0,7.0,1.0,A01
201500022556,0,7,0,0.0,2.0,1.0,15.0,B01
201500022557,0,30,0,0.0,0.0,0.0,0.0,A01
201500022558,0,33,0,0.0,2.0,7.0,1.0,B01
201500022558,0,7,0,0.0,2.0,8.0,15.0,A01
201500022559,0,14,0,0.0,2.0,2.0,12.0,A01
201500022559,0,7,0,3.0,2.0,8.0,1.0,B01
201500022560,0,31,0,0.0,2.0,7.0,1.0,A01
201500022560,1,7,0,0.0,2.0,0.0,15.0,Z01
201500022561,0,7,0,0.0,2.0,2.0,1.0,A01
201500022561,0,2,0,0.0,2.0,6.0,1.0,B01
201500022562,0,7,0,0.0,2.0,4.0,1.0,B01
201500022562,0,7,0,0.0,2.0,1.0,1.0,A01
201500022563,0,7,0,0.0,2.0,5.0,0.0,A01
201500022563,0,7,0,0.0,2.0,1.0,0.0,B01
201500022564,0,33,0,0.0,2.0,7.0,1.0,B01
201500022564,0,7,0,0.0,2.0,4.0,1.0,C01
201500022564,0,7,0,0.0,2.0,2.0,12.0,A01
201500022565,0,7,0,0.0,2.0,0.0,0.0,A01
201500022566,0,33,0,0.0,2.0,7.0,17.0,A01
201500022566,0,7,0,0.0,2.0,1.0,15.0,B01
201500022567,1,7,0,0.0,1.0,0.0,0.0,Z01
201500022568,0,7,0,0.0,1.0,2.0,17.0,A01
201500022569,0,33,0,0.0,2.0,7.0,0.0,A01
201500022569,0,7,0,0.0,2.0,5.0,0.0,B01
201500022570,0,1,0,0.0,2.0,7.0,0.0,B01
201500022570,0,7,0,0.0,2.0,1.0,1.0,A01
201500022571,0,33,0,0.0,2.0,7.0,0.0,A01
201500022571,0,7,0,0.0,2.0,5.0,0.0,B01
201500022572,0,7,0,0.0,0.0,9.0,0.0,A01
201500022573,0,7,0,0.0,2.0,3.0,15.0,A01
201500022573,0,1,0,0.0,2.0,1.0,1.0,B01
201500022574,0,1,0,0.0,2.0,1.0,1.0,A01
201500022574,0,7,0,0.0,2.0,2.0,1.0,B01
201500022575,0,7,0,0.0,1.0,1.0,1.0,A01
201500022576,0,1,0,0.0,2.0,8.0,0.0,A01
201500022576,0,10,0,0.0,9.0,7.0,0.0,B01
201500022577,0,2,0,0.0,2.0,7.0,17.0,A01
201500022577,0,7,0,0.0,2.0,8.0,0.0,B01
201500022578,0,7,0,0.0,2.0,3.0,1.0,B01
201500022578,0,7,0,0.0,2.0,8.0,15.0,A01
201500022579,2,7,0,0.0,2.0,1.0,1.0,A01
201500022579,0,7,0,0.0,2.0,3.0,1.0,B01
201500022580,0,30,0,0.0,2.0,7.0,0.0,B01
201500022580,0,7,0,0.0,2.0,8.0,0.0,A01
201500022581,0,7,0,0.0,2.0,1.0,1.0,A01
201500022581,0,7,0,0.0,2.0,4.0,1.0,B01
201500022582,0,7,0,0.0,0.0,9.0,1.0,A01
201500022583,0,7,0,0.0,2.0,4.0,1.0,B01
201500022583,0,7,0,0.0,2.0,1.0,1.0,A01
201500022583,0,7,0,0.0,2.0,4.0,1.0,C01
201500022584,0,33,0,0.0,2.0,1.0,0.0,A01
201500022584,0,7,0,0.0,2.0,2.0,15.0,B01
201500022585,0,7,0,0.0,2.0,8.0,0.0,A01
201500022585,0,33,0,0.0,2.0,1.0,0.0,B01
201500022586,0,30,0,0.0,2.0,0.0,0.0,B01
201500022586,0,1,0,0.0,2.0,7.0,0.0,A01
201500022587,0,7,0,0.0,2.0,0.0,15.0,A01
201500022587,0,33,0,0.0,2.0,0.0,0.0,B01
201500022588,0,7,0,0.0,2.0,1.0,0.0,A01
201500022588,0,7,0,0.0,2.0,9.0,0.0,C01
201500022588,0,7,0,0.0,2.0,4.0,0.0,D01
201500022588,0,7,0,0.0,2.0,9.0,0.0,B01
201500022589,0,7,0,0.0,2.0,2.0,12.0,A01
201500022589,0,7,0,0.0,2.0,8.0,1.0,B01
201500022590,0,7,0,0.0,2.0,1.0,0.0,A01
201500022591,0,1,0,0.0,0.0,1.0,1.0,B01
201500022591,0,7,0,0.0,2.0,5.0,15.0,A01
201500022592,0,30,0,0.0,2.0,7.0,0.0,B01
201500022592,0,7,0,0.0,2.0,8.0,0.0,A01
201500022593,0,2,0,0.0,2.0,1.0,2.0,A01
201500022593,0,7,0,0.0,2.0,4.0,0.0,B01
201500022594,0,7,0,0.0,1.0,1.0,1.0,A01
201500022595,0,7,0,0.0,2.0,0.0,0.0,B01
201500022595,0,2,0,0.0,0.0,0.0,10.0,A01
201500022596,0,7,0,0.0,2.0,0.0,0.0,B01
201500022596,0,33,0,0.0,2.0,0.0,0.0,A01
201500022597,0,33,0,0.0,2.0,0.0,1.0,A01
201500022597,0,7,0,0.0,2.0,0.0,15.0,B01
201500022598,0,37,1,0.0,2.0,1.0,0.0,B01
201500022598,0,7,0,0.0,2.0,8.0,0.0,A01
201500022599,0,33,0,0.0,0.0,7.0,1.0,B01
201500022599,0,7,0,0.0,0.0,0.0,15.0,A01
201500022600,0,7,0,0.0,2.0,1.0,0.0,A01
201500022600,0,33,0,0.0,2.0,1.0,0.0,B01
201500022601,0,1,0,0.0,2.0,8.0,19.0,B01
201500022601,0,10,0,0.0,2.0,1.0,1.0,A01
201500022602,0,33,0,0.0,2.0,0.0,0.0,B01
201500022602,0,7,0,0.0,2.0,0.0,0.0,A01
201500022603,0,7,0,0.0,2.0,2.0,1.0,A01
201500022603,0,1,0,0.0,2.0,0.0,0.0,B01
201500022604,0,40,1,0.0,2.0,0.0,0.0,B01
201500022604,0,7,0,0.0,4.0,0.0,2.0,A01
201500022605,0,7,0,0.0,2.0,1.0,13.0,A01
201500022605,0,7,0,0.0,2.0,1.0,1.0,B01
201500022606,0,7,0,0.0,2.0,3.0,16.0,A01
201500022606,0,32,0,0.0,2.0,2.0,1.0,B01
201500022607,0,34,0,0.0,2.0,0.0,0.0,A01
201500022607,0,7,0,0.0,2.0,6.0,10.0,B01
201500022608,0,32,0,0.0,1.0,0.0,0.0,Z01
201500022609,0,7,0,0.0,2.0,4.0,1.0,B01
201500022609,0,7,0,0.0,2.0,3.0,1.0,A01
201500022610,0,7,0,0.0,2.0,3.0,15.0,A01
201500022610,0,32,0,0.0,2.0,1.0,1.0,B01
201500022611,0,7,0,0.0,2.0,0.0,0.0,A01
201500022611,0,7,0,0.0,2.0,0.0,0.0,B01
201500022612,0,32,0,0.0,0.0,0.0,0.0,A01
201500022613,0,7,0,0.0,2.0,0.0,1.0,B01
201500022613,0,7,0,0.0,2.0,0.0,1.0,A01
201500022614,0,31,0,0.0,2.0,0.0,0.0,B01
201500022614,0,7,0,0.0,2.0,0.0,0.0,A01
201500022615,0,7,0,0.0,0.0,9.0,0.0,A01
201500022616,0,7,0,0.0,2.0,4.0,1.0,B01
201500022616,0,2,0,0.0,2.0,1.0,1.0,A01
201500022617,0,7,0,0.0,2.0,1.0,1.0,A01
201500022617,0,2,0,0.0,2.0,9.0,1.0,B01
201500022617,0,7,0,0.0,2.0,4.0,1.0,C01
201500022618,1,7,0,0.0,2.0,1.0,0.0,Z01
201500022618,0,7,0,0.0,2.0,4.0,1.0,B01
201500022619,0,7,0,0.0,2.0,0.0,16.0,B01
201500022619,0,37,1,0.0,2.0,0.0,0.0,A01
201500022620,0,7,0,0.0,2.0,0.0,0.0,A01
201500022620,0,7,0,0.0,2.0,0.0,0.0,B01
201500022621,0,7,0,0.0,0.0,9.0,1.0,A01
201500022622,0,1,0,0.0,1.0,1.0,1.0,A01
201500022623,0,10,0,4.0,2.0,4.0,1.0,B01
201500022623,0,10,0,0.0,2.0,1.0,1.0,A01
201500022624,0,7,0,0.0,2.0,1.0,1.0,A01
201500022624,0,7,0,0.0,2.0,1.0,1.0,B01
201500022624,0,7,0,0.0,2.0,4.0,1.0,C01
201500022625,0,7,0,0.0,2.0,0.0,11.0,A01
201500022625,0,2,0,0.0,2.0,0.0,17.0,B01
201500022626,0,33,0,0.0,2.0,1.0,1.0,A01
201500022626,0,7,0,0.0,2.0,5.0,1.0,B01
201500022627,0,7,0,0.0,1.0,1.0,15.0,A01
201500022628,0,31,0,0.0,1.0,0.0,0.0,A01
201500022629,1,2,0,0.0,1.0,0.0,0.0,Z01
201500022630,0,7,0,0.0,2.0,0.0,10.0,A01
201500022630,0,33,0,0.0,2.0,0.0,1.0,B01
201500022631,0,33,0,0.0,2.0,0.0,0.0,A01
201500022631,0,7,0,0.0,2.0,0.0,0.0,B01
201500022632,0,7,0,0.0,2.0,0.0,1.0,B01
201500022632,0,7,0,0.0,2.0,0.0,1.0,C01
201500022632,0,7,0,0.0,2.0,0.0,1.0,A01
201500022633,0,7,0,0.0,2.0,4.0,1.0,B01
201500022633,0,7,0,0.0,2.0,1.0,1.0,A01
201500022634,0,7,0,0.0,2.0,4.0,1.0,B01
201500022634,0,7,0,0.0,2.0,1.0,1.0,A01
201500022635,0,7,0,0.0,2.0,1.0,1.0,A01
201500022635,0,7,0,0.0,2.0,4.0,1.0,B01
201500022636,2,2,0,0.0,1.0,0.0,0.0,Z01
201500022637,0,33,0,0.0,2.0,1.0,0.0,B01
201500022637,0,7,0,0.0,2.0,0.0,0.0,A01
201500022638,0,33,0,0.0,2.0,1.0,1.0,A01
201500022638,0,7,0,0.0,2.0,4.0,1.0,B01
201500022639,0,13,0,0.0,2.0,3.0,1.0,A01
201500022639,0,7,0,0.0,2.0,4.0,1.0,B01
201500022640,0,7,0,0.0,1.0,8.0,15.0,A01
201500022641,0,33,0,0.0,2.0,3.0,0.0,A01
201500022641,0,7,0,0.0,2.0,0.0,1.0,B01
201500022642,0,7,0,0.0,2.0,3.0,16.0,B01
201500022642,0,1,0,0.0,2.0,1.0,0.0,A01
201500022643,0,1,0,0.0,2.0,0.0,1.0,B01
201500022643,0,7,0,0.0,2.0,0.0,1.0,A01
201500022644,0,33,0,0.0,2.0,0.0,0.0,A01
201500022644,0,7,0,0.0,2.0,0.0,15.0,B01
201500022645,1,7,0,0.0,1.0,0.0,0.0,Z01
201500022646,0,7,0,0.0,1.0,0.0,4.0,A01
201500022647,0,7,0,0.0,2.0,0.0,0.0,A01
201500022647,0,1,0,0.0,2.0,0.0,0.0,B01
201500022648,0,31,0,0.0,2.0,0.0,1.0,B01
201500022648,0,7,0,0.0,2.0,0.0,17.0,A01
201500022649,0,31,0,0.0,2.0,0.0,1.0,A01
201500022649,0,7,0,0.0,2.0,0.0,15.0,B01
201500022650,0,33,0,0.0,0.0,0.0,0.0,A01
201500022650,0,7,0,0.0,2.0,8.0,1.0,B01
201500022651,0,7,0,0.0,2.0,3.0,2.0,A01
201500022651,0,33,0,0.0,2.0,4.0,2.0,B01
201500022652,0,31,0,0.0,2.0,1.0,15.0,A01
201500022652,1,7,0,0.0,2.0,0.0,1.0,Z01
201500022653,0,7,0,0.0,2.0,4.0,1.0,C01
201500022653,0,7,0,0.0,2.0,1.0,1.0,A01
201500022653,0,7,0,0.0,2.0,4.0,1.0,B01
201500022654,0,7,0,0.0,2.0,2.0,0.0,A01
201500022654,0,7,0,0.0,2.0,0.0,0.0,B01
201500022654,0,10,0,0.0,2.0,2.0,1.0,C01
201500022655,0,10,0,0.0,0.0,9.0,0.0,A01
201500022656,0,14,0,0.0,1.0,0.0,4.0,A01
201500022657,0,33,0,0.0,2.0,1.0,1.0,B01
201500022657,0,7,0,0.0,2.0,1.0,15.0,A01
201500022658,0,32,0,0.0,2.0,1.0,1.0,A01
201500022658,0,7,0,0.0,2.0,0.0,9.0,B01
201500022659,0,7,0,0.0,2.0,3.0,15.0,A01
201500022659,0,33,0,0.0,2.0,3.0,1.0,B01
201500022660,1,7,0,0.0,2.0,0.0,0.0,Z01
201500022660,0,7,0,0.0,2.0,4.0,0.0,C01
201500022660,0,7,0,0.0,2.0,4.0,0.0,B01
201500022661,0,7,0,0.0,1.0,0.0,0.0,A01
201500022662,0,10,0,0.0,2.0,0.0,16.0,A01
201500022662,0,1,0,0.0,2.0,0.0,0.0,B01
201500022663,0,33,0,0.0,2.0,0.0,0.0,A01
201500022663,0,7,0,0.0,2.0,0.0,15.0,B01
201500022664,0,7,0,0.0,0.0,6.0,0.0,B01
201500022664,0,30,0,0.0,2.0,2.0,0.0,A01
201500022665,0,7,0,0.0,2.0,0.0,2.0,C01
201500022665,0,7,0,0.0,2.0,4.0,2.0,B01
201500022665,0,7,0,0.0,2.0,0.0,2.0,A01
201500022666,0,7,0,0.0,2.0,4.0,1.0,C01
201500022666,0,7,0,0.0,2.0,1.0,1.0,A01
201500022666,0,7,0,0.0,2.0,4.0,1.0,B01
201500022667,0,7,0,0.0,2.0,1.0,1.0,A01
201500022667,0,7,0,0.0,2.0,4.0,1.0,B01
201500022668,0,34,0,0.0,2.0,0.0,15.0,A01
201500022668,1,7,0,0.0,0.0,0.0,0.0,Z01
201500022669,0,1,0,0.0,2.0,1.0,1.0,B01
201500022669,0,7,0,0.0,2.0,2.0,9.0,A01
201500022670,0,7,0,0.0,2.0,3.0,9.0,B01
201500022670,0,1,0,0.0,2.0,1.0,1.0,A01
201500022671,0,33,0,0.0,2.0,1.0,15.0,A01
201500022671,0,7,0,0.0,2.0,8.0,15.0,B01
201500022672,0,7,0,0.0,2.0,0.0,13.0,A01
201500022672,0,1,0,0.0,2.0,0.0,13.0,B01
201500022673,0,2,0,0.0,2.0,0.0,0.0,A01
201500022673,0,7,0,0.0,2.0,0.0,15.0,B01
201500022674,0,7,0,0.0,1.0,0.0,1.0,A01
201500022675,0,33,0,0.0,2.0,0.0,17.0,A01
201500022675,0,7,0,0.0,2.0,0.0,1.0,B01
201500022676,0,7,0,0.0,2.0,8.0,15.0,A01
201500022676,0,32,0,0.0,2.0,1.0,17.0,B01
201500022677,0,7,0,0.0,9.0,6.0,15.0,B01
201500022677,0,2,0,0.0,2.0,1.0,17.0,A01
201500022678,0,33,0,0.0,2.0,8.0,18.0,A01
201500022678,0,7,0,0.0,2.0,7.0,12.0,B01
201500022679,0,33,0,0.0,2.0,9.0,1.0,A01
201500022679,0,7,0,0.0,2.0,7.0,0.0,B01
201500022680,0,7,0,6.0,0.0,1.0,1.0,A01
201500022681,0,7,0,2.0,0.0,1.0,16.0,A01
201500022682,0,33,0,0.0,2.0,7.0,1.0,B01
201500022682,0,7,0,0.0,2.0,2.0,15.0,A01
201500022683,0,31,0,0.0,0.0,0.0,0.0,A01
201500022684,0,7,0,0.0,1.0,1.0,1.0,A01
201500022685,0,32,0,0.0,2.0,8.0,1.0,B01
201500022685,0,33,0,0.0,2.0,8.0,15.0,A01
201500022686,0,7,0,0.0,2.0,4.0,1.0,C01
201500022686,0,7,0,0.0,2.0,1.0,1.0,A01
201500022686,0,7,0,0.0,2.0,1.0,1.0,B01
201500022687,0,33,0,0.0,0.0,0.0,0.0,A01
201500022688,1,99,0,0.0,0.0,0.0,0.0,Z01
201500022688,0,15,0,0.0,2.0,0.0,0.0,C01
201500022688,0,7,0,0.0,2.0,0.0,0.0,A01
201500022688,0,7,0,0.0,2.0,5.0,0.0,B01
201500022689,0,33,0,0.0,2.0,7.0,0.0,B01
201500022689,0,7,0,0.0,2.0,8.0,11.0,A01
201500022690,0,7,0,0.0,2.0,3.0,1.0,B01
201500022690,0,7,0,0.0,2.0,2.0,0.0,A01
201500022691,0,7,0,0.0,1.0,3.0,0.0,A01
201500022692,1,2,0,0.0,1.0,0.0,0.0,Z01
201500022693,0,7,0,0.0,2.0,4.0,2.0,B01
201500022693,0,7,0,0.0,2.0,4.0,2.0,C01
201500022693,0,7,0,0.0,2.0,1.0,2.0,A01
201500022694,0,20,0,0.0,2.0,2.0,15.0,A01
201500022694,0,7,0,0.0,2.0,1.0,0.0,B01
201500022695,0,2,0,1.0,1.0,0.0,1.0,A01
201500022696,0,7,0,0.0,0.0,2.0,0.0,A01
201500022697,0,32,0,0.0,2.0,1.0,0.0,A01
201500022697,0,7,0,0.0,2.0,8.0,1.0,B01
201500022698,0,7,0,0.0,2.0,5.0,0.0,B01
201500022698,0,33,0,0.0,2.0,1.0,0.0,A01
201500022699,0,7,0,0.0,1.0,1.0,16.0,A01
201500022700,0,32,0,0.0,2.0,0.0,16.0,A01
201500022700,1,7,0,0.0,0.0,0.0,0.0,Z01
201500022701,0,7,0,0.0,1.0,3.0,15.0,A01
201500022702,0,7,0,0.0,2.0,8.0,1.0,B01
201500022702,0,7,0,0.0,2.0,1.0,16.0,A01
201500022703,0,7,0,0.0,1.0,1.0,16.0,A01
201500022704,1,32,0,0.0,1.0,0.0,0.0,Z01
201500022705,0,33,0,0.0,2.0,1.0,2.0,B01
201500022705,0,7,0,0.0,2.0,4.0,2.0,A01
201500022706,0,7,0,0.0,2.0,7.0,1.0,B01
201500022706,0,10,0,0.0,2.0,3.0,15.0,A01
201500022707,0,10,0,0.0,2.0,3.0,15.0,A01
201500022707,0,7,0,0.0,2.0,7.0,1.0,B01
201500022708,0,7,0,0.0,2.0,3.0,11.0,A01
201500022708,0,33,0,0.0,2.0,1.0,1.0,B01
201500022709,0,10,0,0.0,2.0,8.0,1.0,A01
201500022709,0,33,0,0.0,2.0,1.0,15.0,B01
201500022710,0,7,0,0.0,0.0,1.0,4.0,C01
201500022710,0,7,0,0.0,2.0,2.0,15.0,A01
201500022710,0,33,0,0.0,2.0,1.0,1.0,B01
201500022711,0,7,0,0.0,2.0,2.0,15.0,A01
201500022711,0,31,0,0.0,2.0,1.0,1.0,B01
201500022712,0,7,0,0.0,1.0,1.0,1.0,A01
201500022713,0,7,0,0.0,2.0,1.0,1.0,B01
201500022713,0,7,0,0.0,2.0,6.0,14.0,A01
201500022714,1,7,0,0.0,1.0,0.0,0.0,Z01
201500022715,0,7,0,0.0,0.0,9.0,0.0,A01
201500022716,0,15,0,0.0,9.0,9.0,1.0,A01
201500022717,0,7,0,0.0,2.0,8.0,1.0,B01
201500022717,0,7,0,0.0,2.0,1.0,0.0,A01
201500022718,0,7,0,0.0,2.0,1.0,1.0,A01
201500022718,0,7,0,0.0,2.0,3.0,1.0,B01
201500022719,0,7,0,0.0,1.0,1.0,15.0,A01
201500022720,0,7,0,0.0,1.0,1.0,1.0,A01
201500022721,0,7,0,0.0,2.0,1.0,1.0,A01
201500022721,0,7,0,0.0,2.0,4.0,1.0,C01
201500022721,0,7,0,0.0,2.0,9.0,1.0,B01
201500022722,0,10,0,0.0,2.0,2.0,9.0,A01
201500022722,0,33,0,0.0,2.0,1.0,1.0,B01
201500022723,0,7,0,0.0,2.0,1.0,1.0,A01
201500022723,0,7,0,0.0,2.0,4.0,1.0,B01
201500022724,0,7,0,0.0,1.0,3.0,0.0,A01
201500022725,0,37,1,0.0,1.0,1.0,15.0,A01
201500022726,0,34,0,0.0,0.0,0.0,0.0,A01
201500022727,0,7,0,0.0,2.0,6.0,1.0,A01
201500022727,1,7,0,0.0,2.0,1.0,11.0,Z01
201500022728,0,7,0,0.0,2.0,1.0,0.0,A01
201500022728,0,7,0,0.0,2.0,2.0,1.0,C01
201500022728,0,7,0,0.0,2.0,1.0,1.0,B01
201500022729,0,7,0,0.0,2.0,1.0,15.0,A01
201500022729,0,34,0,0.0,2.0,1.0,1.0,B01
201500022730,0,13,0,0.0,2.0,6.0,4.0,A01
201500022730,0,1,0,0.0,2.0,4.0,0.0,B01
201500022731,0,7,0,0.0,2.0,1.0,0.0,A01
201500022731,0,31,0,0.0,2.0,6.0,1.0,B01
201500022732,0,7,0,0.0,1.0,1.0,1.0,A01
201500022733,0,10,0,0.0,2.0,0.0,0.0,A01
201500022733,0,33,0,0.0,2.0,0.0,0.0,B01
201500022734,0,7,0,0.0,1.0,1.0,1.0,A01
201500022735,0,31,0,0.0,0.0,1.0,0.0,A01
201500022736,0,7,0,0.0,2.0,6.0,1.0,B01
201500022736,0,2,0,0.0,2.0,1.0,1.0,A01
201500022737,0,7,0,0.0,2.0,4.0,1.0,B01
201500022737,0,7,0,0.0,2.0,9.0,1.0,A01
201500022737,0,7,0,0.0,2.0,4.0,1.0,C01
201500022738,0,7,0,0.0,2.0,3.0,1.0,A01
201500022738,0,7,0,0.0,2.0,2.0,0.0,B01
201500022739,0,7,0,0.0,2.0,4.0,1.0,A01
201500022739,0,2,0,0.0,2.0,1.0,1.0,B01
201500022740,0,33,0,0.0,2.0,1.0,17.0,A01
201500022740,0,7,0,0.0,2.0,6.0,0.0,B01
201500022741,0,7,0,0.0,2.0,3.0,15.0,B01
201500022741,0,7,0,3.0,2.0,1.0,1.0,A01
201500022742,0,7,0,0.0,2.0,1.0,1.0,B01
201500022742,0,31,0,0.0,2.0,0.0,0.0,A01
201500022743,2,7,0,1.0,0.0,1.0,0.0,A01
201500022744,0,17,0,0.0,2.0,2.0,12.0,A01
201500022744,0,7,0,0.0,2.0,8.0,1.0,B01
201500022745,0,7,0,0.0,2.0,4.0,0.0,A01
201500022745,0,37,1,0.0,2.0,1.0,0.0,B01
201500022746,0,7,0,0.0,2.0,4.0,0.0,B01
201500022746,0,7,0,0.0,2.0,4.0,0.0,C01
201500022746,0,7,0,0.0,2.0,1.0,0.0,A01
201500022746,0,7,0,0.0,2.0,4.0,0.0,D01
201500022747,0,7,0,1.0,0.0,1.0,0.0,A01
201500022748,0,7,0,0.0,1.0,7.0,1.0,A01
201500022749,0,7,0,0.0,2.0,5.0,1.0,A01
201500022749,0,31,0,0.0,2.0,4.0,0.0,B01
201500022750,1,7,0,0.0,2.0,0.0,0.0,Z01
201500022750,0,31,0,0.0,2.0,4.0,0.0,A01
201500022751,0,2,0,0.0,2.0,1.0,0.0,B01
201500022751,0,7,0,0.0,2.0,2.0,15.0,A01
201500022752,0,2,0,0.0,2.0,1.0,0.0,A01
201500022752,0,7,0,0.0,2.0,1.0,0.0,B01
201500022753,0,99,0,0.0,1.0,2.0,0.0,A01
201500022754,0,33,0,0.0,2.0,7.0,1.0,B01
201500022754,0,7,0,0.0,2.0,6.0,11.0,A01
201500022755,0,7,0,4.0,2.0,1.0,1.0,A01
201500022755,0,7,0,0.0,2.0,1.0,1.0,B01
201500022756,1,7,0,0.0,0.0,0.0,0.0,Z01
201500022756,0,1,0,0.0,0.0,0.0,0.0,A01
201500022757,0,7,0,0.0,1.0,0.0,1.0,A01
201500022758,0,7,0,0.0,2.0,0.0,0.0,A01
201500022758,0,32,0,0.0,2.0,1.0,1.0,B01
201500022759,1,7,0,0.0,2.0,8.0,13.0,Z01
201500022759,0,7,0,0.0,2.0,7.0,1.0,A01
201500022760,0,7,0,0.0,2.0,5.0,0.0,B01
201500022760,0,33,0,0.0,2.0,1.0,0.0,A01
201500022761,0,7,0,0.0,2.0,3.0,0.0,A01
201500022761,0,33,0,0.0,2.0,1.0,0.0,B01
201500022762,0,2,0,0.0,0.0,0.0,0.0,B01
201500022762,0,7,0,0.0,2.0,4.0,0.0,A01
201500022763,0,7,0,0.0,0.0,1.0,0.0,A01
201500022763,0,7,0,0.0,0.0,2.0,0.0,B01
201500022764,0,31,0,0.0,2.0,1.0,16.0,A01
201500022764,1,7,0,0.0,0.0,6.0,13.0,Z01
201500022765,1,7,0,0.0,1.0,0.0,0.0,A01
201500022766,0,7,0,0.0,1.0,1.0,1.0,A01
201500022767,0,7,0,0.0,2.0,1.0,1.0,A01
201500022767,0,7,0,0.0,2.0,4.0,1.0,B01
201500022768,0,2,0,0.0,0.0,9.0,1.0,A01
201500022769,0,7,0,0.0,2.0,5.0,1.0,B01
201500022769,0,33,0,0.0,2.0,3.0,0.0,A01
201500022770,0,2,0,0.0,0.0,1.0,1.0,A01
201500022771,0,1,0,0.0,2.0,1.0,1.0,A01
201500022771,0,7,0,0.0,2.0,4.0,1.0,B01
201500022772,0,7,0,0.0,2.0,2.0,1.0,A01