Num_Acc,senc,catv,occutc,obs,obsm,choc,manv,num_veh
201500022772,0,7,0,0.0,2.0,1.0,1.0,B01
201500022773,0,7,0,3.0,0.0,1.0,0.0,A01
201500022774,0,7,0,0.0,2.0,4.0,1.0,B01
201500022774,0,33,0,0.0,2.0,1.0,1.0,A01
201500022775,0,7,0,0.0,2.0,7.0,0.0,A01
201500022775,0,7,0,0.0,2.0,6.0,0.0,B01
201500022776,0,7,0,1.0,0.0,1.0,1.0,A01
201500022777,0,7,0,0.0,2.0,6.0,15.0,A01
201500022777,0,32,0,0.0,2.0,8.0,1.0,B01
201500022778,0,7,0,0.0,2.0,3.0,0.0,B01
201500022778,0,33,0,0.0,2.0,1.0,0.0,A01
201500022779,0,30,0,0.0,2.0,7.0,1.0,B01
201500022779,0,7,0,0.0,2.0,7.0,15.0,A01
201500022780,0,7,0,0.0,2.0,3.0,1.0,C01
201500022780,0,7,0,0.0,2.0,2.0,9.0,B01
201500022780,0,34,0,0.0,2.0,1.0,1.0,A01
201500022781,0,7,0,0.0,2.0,1.0,19.0,A01
201500022781,0,7,0,0.0,2.0,3.0,1.0,B01
201500022782,0,7,0,0.0,2.0,2.0,1.0,C01
201500022782,0,7,0,0.0,2.0,1.0,9.0,B01
201500022782,1,7,0,0.0,2.0,3.0,1.0,A01
201500022783,0,7,0,0.0,2.0,1.0,15.0,A01
201500022783,0,7,0,0.0,2.0,3.0,1.0,C01
201500022783,0,32,0,0.0,2.0,1.0,1.0,B01
201500022784,0,30,0,0.0,2.0,1.0,2.0,A01
201500022784,0,7,0,0.0,2.0,5.0,1.0,B01
201500022785,0,7,0,0.0,2.0,4.0,1.0,B01
201500022785,0,7,0,0.0,2.0,1.0,1.0,A01
201500022786,0,7,0,0.0,2.0,5.0,1.0,B01
201500022786,0,30,0,0.0,2.0,1.0,1.0,A01
201500022787,0,37,1,0.0,1.0,2.0,0.0,A01
201500022788,0,7,0,0.0,2.0,1.0,1.0,B01
201500022788,0,7,0,0.0,2.0,8.0,19.0,A01
201500022789,0,7,0,0.0,2.0,8.0,13.0,A01
201500022790,0,1,0,0.0,0.0,0.0,0.0,B01
201500022790,1,10,0,0.0,0.0,0.0,0.0,A01
201500022791,0,1,0,0.0,2.0,2.0,19.0,B01
201500022791,0,7,0,0.0,2.0,1.0,16.0,A01
201500022792,0,2,0,0.0,2.0,0.0,0.0,B01
201500022792,0,2,0,0.0,2.0,0.0,0.0,A01
201500022793,0,7,0,0.0,2.0,0.0,0.0,B01
201500022793,0,33,0,0.0,2.0,0.0,0.0,A01
201500022794,0,7,0,0.0,1.0,2.0,1.0,A01
201500022795,0,2,0,0.0,2.0,0.0,1.0,B01
201500022795,0,7,0,0.0,2.0,3.0,9.0,A01
201500022796,0,7,0,3.0,0.0,1.0,1.0,A01
201500022797,0,10,0,0.0,2.0,0.0,0.0,A01
201500022797,0,15,0,0.0,2.0,0.0,0.0,B01
201500022798,0,7,0,0.0,2.0,4.0,1.0,B01
201500022798,0,7,0,0.0,2.0,1.0,1.0,A01
201500022799,0,34,0,0.0,2.0,8.0,3.0,A01
201500022799,0,7,0,0.0,2.0,7.0,12.0,B01
201500022800,0,7,0,0.0,2.0,4.0,0.0,B01
201500022800,0,7,0,0.0,2.0,1.0,0.0,A01
201500022801,0,7,0,0.0,2.0,1.0,1.0,B01
201500022801,0,10,0,0.0,2.0,2.0,1.0,A01
201500022802,0,10,0,0.0,2.0,2.0,12.0,A01
201500022802,0,7,0,0.0,2.0,6.0,1.0,B01
201500022803,0,38,1,0.0,1.0,3.0,1.0,A01
201500022804,0,31,0,0.0,2.0,0.0,0.0,B01
201500022804,0,33,0,0.0,2.0,0.0,15.0,A01
201500022805,1,7,0,0.0,1.0,0.0,0.0,Z01
201500022806,0,7,0,0.0,2.0,7.0,19.0,A01
201500022806,0,7,0,0.0,2.0,1.0,1.0,B01
201500022807,0,31,0,0.0,2.0,1.0,0.0,A01
201500022807,0,10,0,0.0,2.0,8.0,0.0,B01
201500022808,0,7,0,0.0,2.0,6.0,1.0,C01
201500022808,0,7,0,0.0,2.0,4.0,1.0,B01
201500022808,0,7,0,0.0,2.0,1.0,1.0,A01
201500022809,0,7,0,0.0,2.0,8.0,0.0,B01
201500022809,0,2,0,0.0,0.0,0.0,0.0,A01
201500022810,0,7,0,0.0,2.0,2.0,1.0,B01
201500022810,0,7,0,0.0,2.0,2.0,11.0,A01
201500022811,0,7,0,0.0,2.0,4.0,1.0,B01
201500022811,0,7,0,0.0,2.0,4.0,1.0,C01
201500022811,0,7,0,0.0,2.0,1.0,1.0,A01
201500022812,0,30,0,0.0,2.0,1.0,1.0,A01
201500022812,0,32,0,0.0,2.0,8.0,1.0,B01
201500022813,0,33,0,0.0,0.0,0.0,15.0,A01
201500022814,0,7,0,0.0,2.0,1.0,1.0,A01
201500022814,0,7,0,0.0,2.0,2.0,1.0,B01
201500022814,0,7,0,0.0,2.0,4.0,1.0,C01
201500022815,0,7,0,0.0,2.0,1.0,15.0,A01
201500022815,0,30,0,0.0,2.0,7.0,1.0,B01
201500022816,0,31,0,0.0,2.0,4.0,1.0,B01
201500022816,0,30,0,0.0,2.0,1.0,18.0,A01
201500022817,1,7,0,0.0,1.0,2.0,17.0,A01
201500022818,0,7,0,0.0,2.0,7.0,0.0,A01
201500022818,0,1,0,0.0,2.0,4.0,0.0,B01
201500022819,0,7,0,0.0,2.0,7.0,16.0,B01
201500022819,0,7,0,0.0,2.0,3.0,0.0,A01
201500022820,0,7,0,0.0,2.0,4.0,1.0,D01
201500022820,0,7,0,0.0,2.0,1.0,1.0,A01
201500022820,0,7,0,0.0,2.0,4.0,1.0,B01
201500022820,0,7,0,0.0,2.0,4.0,1.0,C01
201500022821,0,7,0,0.0,2.0,7.0,1.0,A01
201500022821,0,7,0,0.0,2.0,6.0,1.0,C01
201500022821,1,7,0,0.0,0.0,0.0,0.0,Z01
201500022821,0,7,0,0.0,2.0,4.0,0.0,D01
201500022821,0,7,0,0.0,2.0,8.0,23.0,B01
201500022822,0,7,0,0.0,2.0,3.0,15.0,A01
201500022822,0,33,0,0.0,2.0,7.0,1.0,B01
201500022823,1,7,0,0.0,2.0,1.0,1.0,Z01
201500022823,0,1,0,0.0,2.0,0.0,0.0,B01
201500022824,0,7,0,0.0,1.0,1.0,1.0,A01
201500022825,0,7,0,0.0,2.0,8.0,15.0,B01
201500022825,0,32,0,0.0,2.0,1.0,17.0,A01
201500022826,0,7,0,0.0,2.0,2.0,16.0,A01
201500022826,0,33,0,0.0,2.0,0.0,0.0,B01
201500022827,0,7,0,0.0,1.0,0.0,0.0,A01
201500022828,0,7,0,0.0,2.0,3.0,15.0,A01
201500022828,0,32,0,0.0,2.0,1.0,1.0,B01
201500022829,0,31,0,0.0,2.0,1.0,1.0,B01
201500022829,0,14,0,0.0,2.0,7.0,15.0,A01
201500022830,0,1,0,0.0,2.0,1.0,1.0,B01
201500022830,0,7,0,0.0,2.0,1.0,15.0,A01
201500022831,0,32,0,0.0,2.0,8.0,1.0,A01
201500022831,0,7,0,0.0,2.0,6.0,1.0,B01
201500022832,0,7,0,0.0,2.0,5.0,0.0,B01
201500022832,0,2,0,0.0,2.0,1.0,0.0,A01
201500022833,0,33,0,0.0,2.0,2.0,1.0,B01
201500022833,0,7,0,0.0,2.0,8.0,20.0,A01
201500022834,0,7,0,0.0,2.0,6.0,1.0,B01
201500022834,0,10,0,0.0,2.0,1.0,1.0,A01
201500022835,0,37,1,0.0,2.0,2.0,1.0,B01
201500022835,0,30,0,0.0,2.0,1.0,15.0,A01
201500022836,0,7,0,0.0,2.0,0.0,0.0,B01
201500022836,1,30,0,0.0,2.0,0.0,0.0,Z01
201500022837,0,1,0,0.0,2.0,7.0,1.0,A01
201500022837,0,7,0,0.0,2.0,3.0,1.0,B01
201500022838,0,7,0,0.0,2.0,3.0,15.0,A01
201500022838,0,31,0,0.0,2.0,1.0,1.0,B01
201500022839,0,7,0,0.0,2.0,4.0,1.0,B01
201500022839,0,7,0,0.0,2.0,4.0,1.0,D01
201500022839,0,7,0,0.0,2.0,4.0,1.0,C01
201500022839,0,7,0,0.0,2.0,1.0,1.0,A01
201500022840,0,7,0,0.0,2.0,0.0,2.0,A01
201500022840,1,7,0,0.0,2.0,0.0,0.0,Z01
201500022841,0,7,0,0.0,2.0,8.0,11.0,A01
201500022841,0,33,0,0.0,2.0,7.0,1.0,B01
201500022842,0,33,0,0.0,2.0,1.0,1.0,B01
201500022842,0,7,0,0.0,2.0,6.0,10.0,A01
201500022843,0,7,0,0.0,2.0,0.0,1.0,B01
201500022843,0,7,0,0.0,2.0,0.0,1.0,C01
201500022843,0,7,0,0.0,2.0,0.0,1.0,A01
201500022844,0,7,0,0.0,2.0,7.0,2.0,A01
201500022844,0,7,0,0.0,2.0,3.0,0.0,B01
201500022845,0,7,0,0.0,1.0,3.0,16.0,A01
201500022846,0,20,0,0.0,0.0,9.0,1.0,A01
201500022847,0,7,0,0.0,2.0,3.0,10.0,A01
201500022847,0,33,0,0.0,2.0,7.0,1.0,B01
201500022848,1,7,0,0.0,2.0,0.0,15.0,Z01
201500022848,0,31,0,0.0,2.0,1.0,1.0,A01
201500022849,0,7,0,0.0,2.0,3.0,0.0,B01
201500022849,0,32,0,0.0,2.0,9.0,1.0,A01
201500022850,0,7,0,0.0,2.0,1.0,1.0,A01
201500022850,0,7,0,0.0,2.0,7.0,1.0,B01
201500022851,0,7,0,0.0,2.0,4.0,0.0,E01
201500022851,0,7,0,0.0,2.0,4.0,0.0,B01
201500022851,0,7,0,0.0,2.0,4.0,0.0,D01
201500022851,0,10,0,0.0,2.0,1.0,0.0,A01
201500022851,0,7,0,0.0,2.0,4.0,0.0,C01
201500022852,0,7,0,0.0,2.0,6.0,10.0,A01
201500022852,0,7,0,0.0,2.0,1.0,1.0,B01
201500022853,0,7,0,0.0,2.0,7.0,1.0,B01
201500022853,0,7,0,0.0,2.0,1.0,1.0,A01
201500022854,0,3,0,0.0,1.0,1.0,0.0,A01
201500022855,0,1,0,0.0,2.0,0.0,0.0,A01
201500022855,1,7,0,0.0,2.0,0.0,0.0,Z01
201500022856,0,7,0,0.0,2.0,2.0,1.0,B01
201500022856,0,10,0,0.0,2.0,9.0,15.0,A01
201500022857,0,32,0,0.0,2.0,3.0,18.0,A01
201500022857,0,7,0,0.0,2.0,3.0,1.0,B01
201500022858,0,33,0,0.0,2.0,8.0,1.0,A01
201500022858,0,7,0,0.0,0.0,6.0,11.0,B01
201500022859,0,33,0,0.0,2.0,7.0,17.0,A01
201500022859,0,10,0,0.0,2.0,8.0,9.0,B01
201500022860,0,1,0,0.0,2.0,1.0,1.0,B01
201500022860,0,7,0,0.0,2.0,0.0,16.0,A01
201500022861,0,10,0,0.0,1.0,0.0,16.0,A01
201500022862,0,31,0,0.0,2.0,9.0,1.0,B01
201500022862,0,7,0,0.0,2.0,3.0,15.0,A01
201500022863,0,1,0,1.0,2.0,1.0,0.0,B01
201500022864,0,7,0,0.0,2.0,6.0,1.0,B01
201500022864,0,7,0,0.0,2.0,1.0,1.0,A01
201500022865,2,7,0,0.0,2.0,3.0,0.0,A01
201500022865,0,7,0,0.0,2.0,3.0,15.0,B01
201500022866,0,32,0,0.0,2.0,1.0,16.0,A01
201500022866,0,7,0,0.0,2.0,5.0,16.0,B01
201500022867,0,7,0,0.0,1.0,1.0,16.0,A01
201500022868,0,2,0,0.0,2.0,1.0,0.0,B01
201500022868,0,38,1,0.0,2.0,8.0,0.0,A01
201500022869,0,33,0,0.0,2.0,1.0,17.0,A01
201500022869,0,7,0,0.0,2.0,3.0,1.0,B01
201500022870,0,30,0,1.0,0.0,1.0,0.0,A01
201500022871,0,7,0,0.0,1.0,1.0,0.0,A01
201500022872,0,7,0,0.0,2.0,1.0,5.0,A01
201500022872,0,7,0,0.0,2.0,1.0,0.0,B01
201500022873,0,7,0,0.0,2.0,6.0,15.0,B01
201500022873,0,31,0,0.0,2.0,7.0,0.0,A01
201500022874,0,33,0,0.0,2.0,1.0,1.0,B01
201500022874,0,7,0,0.0,2.0,2.0,0.0,A01
201500022875,0,7,0,0.0,1.0,3.0,1.0,A01
201500022876,0,33,0,0.0,2.0,2.0,1.0,B01
201500022876,0,7,0,0.0,2.0,1.0,15.0,A01
201500022877,0,7,0,1.0,0.0,9.0,1.0,A01
201500022878,0,33,0,0.0,0.0,7.0,1.0,A01
201500022879,0,33,0,5.0,0.0,7.0,14.0,A01
201500022880,0,7,0,0.0,2.0,7.0,15.0,A01
201500022880,0,7,0,0.0,2.0,1.0,1.0,B01
201500022881,0,7,0,0.0,2.0,1.0,1.0,B01
201500022881,0,7,0,0.0,2.0,4.0,1.0,A01
201500022882,0,7,0,0.0,2.0,2.0,1.0,A01
201500022882,0,33,0,0.0,2.0,1.0,1.0,B01
201500022883,0,2,0,0.0,2.0,8.0,1.0,A01
201500022883,1,7,0,0.0,0.0,0.0,0.0,Z01
201500022884,0,7,0,0.0,2.0,4.0,1.0,C01
201500022884,0,7,0,0.0,2.0,9.0,1.0,B01
201500022884,0,10,0,0.0,2.0,1.0,1.0,A01
201500022885,0,7,0,0.0,1.0,1.0,1.0,A01
201500022885,1,7,0,0.0,0.0,0.0,0.0,Z01
201500022886,0,7,0,0.0,2.0,8.0,0.0,B01
201500022886,0,33,0,0.0,1.0,1.0,1.0,A01
201500022887,0,31,0,0.0,2.0,9.0,1.0,A01
201500022887,0,7,0,0.0,2.0,4.0,1.0,B01
201500022888,0,1,0,0.0,2.0,1.0,1.0,B01
201500022888,0,7,0,0.0,2.0,2.0,9.0,A01
201500022889,0,7,0,0.0,2.0,7.0,16.0,B01
201500022889,0,30,0,0.0,2.0,1.0,1.0,A01
201500022890,0,7,0,0.0,0.0,9.0,1.0,A01
201500022891,0,7,0,0.0,2.0,3.0,0.0,A01
201500022891,0,33,0,0.0,2.0,1.0,1.0,B01
201500022892,0,7,0,0.0,2.0,1.0,1.0,A01
201500022892,0,7,0,0.0,2.0,4.0,1.0,B01
201500022893,0,2,0,0.0,2.0,2.0,17.0,A01
201500022893,0,7,0,0.0,2.0,8.0,15.0,B01
201500022894,0,7,0,0.0,2.0,4.0,1.0,C01
201500022894,0,7,0,0.0,2.0,9.0,1.0,B01
201500022894,0,7,0,0.0,2.0,1.0,1.0,A01
201500022895,0,7,0,0.0,1.0,1.0,1.0,A01
201500022896,0,7,0,0.0,2.0,3.0,0.0,B01
201500022896,0,7,0,0.0,2.0,2.0,15.0,A01
201500022897,0,7,0,0.0,2.0,4.0,1.0,B01
201500022897,0,7,0,0.0,2.0,1.0,1.0,A01
201500022898,0,32,0,0.0,1.0,7.0,1.0,A01
201500022899,0,1,0,0.0,2.0,1.0,0.0,B01
201500022899,0,7,0,0.0,2.0,3.0,0.0,A01
201500022900,0,7,0,0.0,0.0,1.0,0.0,A01
201500022901,0,7,0,0.0,1.0,1.0,15.0,A01
201500022902,0,2,0,0.0,2.0,1.0,1.0,B01
201500022902,0,7,0,0.0,2.0,3.0,20.0,A01
201500022903,0,33,0,0.0,2.0,1.0,0.0,A01
201500022903,0,7,0,0.0,2.0,8.0,0.0,B01
201500022904,0,7,0,0.0,2.0,1.0,0.0,B01
201500022904,0,1,0,0.0,2.0,0.0,0.0,A01
201500022905,0,7,0,0.0,2.0,9.0,1.0,A01
201500022905,0,15,0,0.0,2.0,4.0,1.0,C01
201500022905,0,7,0,0.0,2.0,4.0,1.0,B01
201500022906,1,7,0,0.0,0.0,3.0,15.0,Z01
201500022906,0,30,0,0.0,2.0,1.0,1.0,A01
201500022907,0,32,0,0.0,2.0,8.0,0.0,A01
201500022908,0,7,0,0.0,2.0,3.0,15.0,B01
201500022908,0,7,0,0.0,2.0,2.0,0.0,A01
201500022909,0,7,0,0.0,2.0,6.0,4.0,A01
201500022909,0,33,0,0.0,2.0,0.0,0.0,B01
201500022910,0,7,0,0.0,2.0,1.0,0.0,A01
201500022910,0,7,0,0.0,2.0,4.0,0.0,C01
201500022910,0,7,0,0.0,2.0,4.0,0.0,B01
201500022911,0,2,0,0.0,2.0,1.0,0.0,B01
201500022911,0,7,0,0.0,2.0,7.0,0.0,A01
201500022912,0,7,0,0.0,2.0,2.0,15.0,A01
201500022912,0,31,0,0.0,0.0,1.0,1.0,B01
201500022913,0,2,0,0.0,2.0,1.0,1.0,B01
201500022913,1,10,0,0.0,2.0,3.0,19.0,Z01
201500022914,0,7,0,0.0,2.0,3.0,1.0,B01
201500022914,0,7,0,0.0,2.0,3.0,13.0,A01
201500022915,0,14,0,0.0,2.0,1.0,0.0,A01
201500022915,0,7,0,0.0,2.0,4.0,0.0,B01
201500022916,0,7,0,0.0,2.0,6.0,0.0,B01
201500022916,0,14,0,0.0,2.0,1.0,0.0,A01
201500022917,0,7,0,0.0,1.0,3.0,0.0,A01
201500022918,0,2,0,0.0,2.0,1.0,0.0,B01
201500022918,0,7,0,0.0,2.0,3.0,0.0,A01
201500022919,0,7,0,0.0,2.0,4.0,0.0,B01
201500022919,0,10,0,0.0,2.0,1.0,0.0,A01
201500022919,0,7,0,0.0,2.0,4.0,0.0,C01
201500022920,0,7,0,0.0,2.0,2.0,1.0,B01
201500022920,0,7,0,0.0,2.0,3.0,0.0,A01
201500022921,0,20,0,0.0,2.0,0.0,0.0,A01
201500022921,0,31,0,0.0,2.0,0.0,0.0,B01
201500022922,0,1,0,0.0,2.0,5.0,19.0,A01
201500022922,0,7,0,0.0,2.0,3.0,1.0,B01
201500022923,0,2,0,9.0,0.0,1.0,1.0,A01
201500022924,0,2,0,1.0,0.0,9.0,1.0,A01
201500022925,0,30,0,0.0,2.0,9.0,5.0,A01
201500022925,0,7,0,0.0,2.0,1.0,1.0,B01
201500022926,0,7,0,0.0,2.0,1.0,9.0,A01
201500022926,0,1,0,0.0,2.0,0.0,0.0,B01
201500022927,0,7,0,0.0,2.0,8.0,1.0,B01
201500022927,0,1,0,0.0,2.0,0.0,0.0,A01
201500022928,1,7,0,0.0,1.0,1.0,0.0,Z01
201500022929,0,7,0,0.0,1.0,0.0,1.0,A01
201500022930,0,2,0,0.0,2.0,0.0,0.0,A01
201500022930,0,7,0,0.0,2.0,0.0,0.0,B01
201500022931,0,33,0,0.0,2.0,1.0,1.0,B01
201500022931,0,7,0,0.0,2.0,8.0,0.0,A01
201500022932,0,1,0,0.0,1.0,0.0,1.0,A01
201500022933,0,30,0,0.0,1.0,1.0,1.0,A01
201500022934,0,7,0,0.0,2.0,9.0,0.0,A01
201500022934,0,7,0,0.0,2.0,7.0,1.0,B01
201500022935,0,7,0,0.0,2.0,1.0,15.0,A01
201500022935,0,7,0,0.0,2.0,1.0,1.0,B01
201500022936,1,7,0,0.0,2.0,0.0,0.0,Z01
201500022936,0,1,0,0.0,2.0,0.0,0.0,B01
201500022937,0,7,0,0.0,1.0,0.0,0.0,A01
201500022938,0,1,0,0.0,2.0,1.0,1.0,A01
201500022938,0,7,0,0.0,2.0,1.0,1.0,B01
201500022939,0,31,0,0.0,2.0,7.0,0.0,B01
201500022939,0,7,0,0.0,2.0,3.0,15.0,A01
201500022940,0,7,0,0.0,2.0,3.0,11.0,A01
201500022940,0,7,0,0.0,2.0,2.0,1.0,B01
201500022941,0,33,0,0.0,0.0,1.0,0.0,A01
201500022942,0,7,0,0.0,2.0,3.0,0.0,C01
201500022942,0,33,0,0.0,2.0,4.0,0.0,A01
201500022942,0,7,0,0.0,2.0,3.0,0.0,B01
201500022943,0,30,0,0.0,2.0,1.0,1.0,B01
201500022943,0,7,0,0.0,2.0,3.0,9.0,A01
201500022944,0,7,0,0.0,2.0,7.0,15.0,B01
201500022944,0,33,0,0.0,2.0,1.0,1.0,A01
201500022945,0,7,0,0.0,2.0,6.0,11.0,A01
201500022945,0,33,0,0.0,2.0,1.0,1.0,B01
201500022946,0,15,0,4.0,0.0,8.0,0.0,A01
201500022947,0,15,0,0.0,2.0,1.0,1.0,A01
201500022947,0,7,0,0.0,2.0,4.0,1.0,B01
201500022947,0,7,0,0.0,2.0,4.0,0.0,C01
201500022947,0,14,0,0.0,2.0,4.0,1.0,D01
201500022948,0,7,0,0.0,2.0,4.0,0.0,A01
201500022948,0,7,0,0.0,2.0,4.0,0.0,B01
201500022949,0,7,0,0.0,2.0,0.0,0.0,A01
201500022949,0,1,0,0.0,0.0,1.0,0.0,B01
201500022950,0,2,0,0.0,2.0,4.0,1.0,A01
201500022950,1,7,0,0.0,2.0,1.0,1.0,Z01
201500022951,0,1,0,0.0,2.0,8.0,15.0,A01
201500022951,0,7,0,0.0,2.0,7.0,0.0,B01
201500022952,0,7,0,0.0,2.0,2.0,1.0,A01
201500022952,0,7,0,0.0,2.0,3.0,15.0,B01
201500022953,0,7,0,4.0,0.0,1.0,0.0,A01
201500022954,0,7,0,0.0,2.0,3.0,0.0,B01
201500022954,0,2,0,0.0,2.0,7.0,0.0,A01
201500022955,0,7,0,0.0,2.0,7.0,16.0,B01
201500022955,0,30,0,0.0,1.0,8.0,1.0,A01
201500022956,1,7,0,0.0,2.0,0.0,0.0,Z01
201500022956,0,2,0,0.0,2.0,6.0,1.0,A01
201500022957,0,7,0,0.0,2.0,8.0,1.0,B01
201500022957,0,7,0,0.0,2.0,1.0,0.0,A01
201500022958,0,7,0,0.0,2.0,4.0,0.0,B01
201500022958,0,30,0,0.0,2.0,1.0,0.0,A01
201500022959,0,7,0,0.0,2.0,3.0,0.0,C01
201500022959,0,14,0,0.0,2.0,2.0,0.0,A01
201500022959,0,7,0,0.0,2.0,6.0,1.0,B01
201500022960,0,7,0,0.0,2.0,4.0,0.0,C01
201500022960,0,7,0,0.0,2.0,1.0,0.0,A01
201500022960,0,7,0,0.0,2.0,4.0,0.0,B01
201500022961,2,10,0,0.0,2.0,2.0,9.0,A01
201500022961,0,7,0,0.0,2.0,6.0,1.0,B01
201500022962,0,2,0,0.0,2.0,4.0,0.0,B01
201500022962,0,7,0,0.0,2.0,1.0,0.0,A01
201500022963,0,7,0,0.0,2.0,3.0,0.0,B01
201500022963,0,7,0,0.0,2.0,3.0,0.0,A01
201500022964,0,7,0,0.0,1.0,1.0,1.0,A01
201500022965,0,7,0,0.0,2.0,6.0,1.0,C01
201500022965,0,7,0,0.0,2.0,9.0,1.0,B01
201500022965,0,7,0,0.0,2.0,4.0,1.0,D01
201500022965,0,7,0,0.0,2.0,1.0,17.0,A01
201500022966,0,7,0,0.0,2.0,3.0,13.0,B01
201500022966,0,33,0,0.0,2.0,7.0,17.0,A01
201500022967,0,7,0,0.0,2.0,4.0,1.0,B01
201500022967,0,7,0,0.0,2.0,1.0,1.0,A01
201500022968,0,33,0,0.0,2.0,8.0,0.0,B01
201500022968,0,7,0,0.0,2.0,5.0,0.0,A01
201500022969,0,33,0,0.0,2.0,1.0,0.0,A01
201500022969,0,7,0,0.0,2.0,2.0,15.0,B01
201500022970,0,7,0,0.0,2.0,9.0,0.0,A01
201500022970,0,7,0,0.0,2.0,6.0,0.0,B01
201500022970,0,7,0,0.0,2.0,8.0,0.0,D01
201500022970,0,7,0,0.0,2.0,1.0,0.0,C01
201500022971,0,7,0,0.0,2.0,4.0,0.0,A01
201500022971,0,15,0,0.0,2.0,1.0,0.0,B01
201500022972,0,7,0,0.0,1.0,3.0,1.0,A01
201500022973,0,30,0,0.0,1.0,8.0,1.0,A01
201500022974,0,7,0,0.0,2.0,1.0,15.0,A01
201500022974,0,33,0,0.0,2.0,1.0,1.0,B01
201500022975,0,33,0,0.0,2.0,1.0,1.0,A01
201500022975,0,7,0,0.0,2.0,4.0,2.0,B01
201500022976,1,7,0,0.0,1.0,3.0,7.0,Z01
201500022977,0,7,0,0.0,2.0,1.0,0.0,A01
201500022977,0,7,0,0.0,2.0,1.0,9.0,B01
201500022978,0,7,0,0.0,2.0,4.0,0.0,B01
201500022978,0,7,0,0.0,2.0,2.0,0.0,A01
201500022979,0,7,0,0.0,2.0,4.0,1.0,A01
201500022979,0,7,0,0.0,2.0,9.0,1.0,B01
201500022979,0,7,0,0.0,2.0,0.0,0.0,D01
201500022979,0,7,0,0.0,2.0,4.0,2.0,C01
201500022980,0,7,0,0.0,2.0,6.0,0.0,B01
201500022980,0,7,0,0.0,2.0,2.0,0.0,A01
201500022981,0,1,0,0.0,2.0,1.0,19.0,B01
201500022981,0,10,0,0.0,2.0,3.0,1.0,A01
201500022982,0,7,0,0.0,2.0,1.0,1.0,A01
201500022982,0,7,0,0.0,2.0,4.0,1.0,B01
201500022983,0,7,0,0.0,1.0,2.0,0.0,A01
201500022984,0,7,0,0.0,2.0,4.0,1.0,B01
201500022984,0,7,0,0.0,2.0,2.0,1.0,A01
201500022985,0,7,0,0.0,2.0,6.0,1.0,B01
201500022985,0,7,0,0.0,2.0,2.0,1.0,A01
201500022986,0,7,0,0.0,2.0,9.0,1.0,B01
201500022986,0,7,0,0.0,2.0,2.0,0.0,A01
201500022986,0,7,0,0.0,2.0,9.0,1.0,C01
201500022986,0,7,0,0.0,2.0,6.0,1.0,D01
201500022987,1,7,0,0.0,2.0,7.0,0.0,Z01
201500022987,0,2,0,0.0,2.0,1.0,1.0,A01
201500022988,0,7,0,0.0,2.0,7.0,0.0,A01
201500022988,0,31,0,0.0,2.0,7.0,0.0,B01
201500022989,0,33,0,0.0,2.0,1.0,0.0,B01
201500022989,0,10,0,0.0,2.0,7.0,0.0,A01
201500022990,1,7,0,0.0,2.0,0.0,0.0,Z01
201500022990,0,1,0,0.0,2.0,0.0,0.0,A01
201500022991,0,33,0,0.0,2.0,1.0,0.0,A01
201500022991,0,7,0,0.0,2.0,8.0,0.0,B01
201500022992,0,7,0,0.0,2.0,8.0,0.0,A01
201500022992,0,31,0,0.0,2.0,8.0,1.0,B01
201500022993,0,7,0,0.0,2.0,1.0,15.0,A01
201500022993,0,7,0,0.0,2.0,3.0,0.0,B01
201500022994,0,33,0,0.0,2.0,1.0,0.0,A01
201500022994,0,7,0,0.0,2.0,3.0,15.0,B01
201500022995,0,7,0,0.0,2.0,4.0,0.0,B01
201500022995,0,7,0,0.0,2.0,5.0,0.0,C01
201500022995,0,13,0,0.0,2.0,0.0,0.0,A01
201500022996,0,7,0,0.0,2.0,4.0,1.0,B01
201500022996,0,7,0,0.0,2.0,1.0,1.0,A01
201500022997,0,7,0,0.0,2.0,8.0,15.0,A01
201500022997,0,31,0,0.0,2.0,7.0,1.0,B01
201500022998,0,7,0,0.0,2.0,3.0,0.0,A01
201500022998,0,30,0,0.0,2.0,9.0,0.0,B01
201500022999,0,7,0,0.0,2.0,8.0,0.0,B01
201500022999,0,10,0,0.0,2.0,7.0,0.0,A01
201500022999,0,7,0,0.0,2.0,7.0,0.0,C01
201500023000,0,10,0,0.0,2.0,1.0,0.0,A01
201500023000,0,2,0,0.0,2.0,4.0,0.0,B01
201500023001,0,30,0,0.0,2.0,1.0,1.0,B01
201500023001,0,7,0,0.0,2.0,1.0,15.0,A01
201500023002,0,1,0,0.0,2.0,1.0,1.0,B01
201500023002,0,7,0,0.0,2.0,3.0,15.0,A01
201500023003,0,32,0,0.0,2.0,9.0,1.0,B01
201500023003,0,7,0,0.0,2.0,3.0,15.0,A01
201500023004,0,7,0,0.0,2.0,7.0,15.0,A01
201500023004,0,2,0,0.0,2.0,9.0,1.0,B01
201500023005,0,32,0,0.0,2.0,1.0,1.0,A01
201500023005,0,7,0,0.0,2.0,8.0,15.0,B01
201500023006,0,7,0,0.0,2.0,1.0,1.0,A01
201500023006,0,7,0,0.0,2.0,4.0,1.0,B01
201500023007,0,2,0,0.0,2.0,1.0,0.0,A01
201500023007,0,13,0,0.0,2.0,8.0,0.0,B01
201500023008,0,10,0,0.0,1.0,2.0,1.0,A01
201500023009,0,7,0,0.0,1.0,2.0,0.0,A01
201500023010,0,7,0,0.0,2.0,1.0,0.0,A01
201500023010,0,7,0,0.0,2.0,7.0,1.0,B01