Num_Acc,senc,catv,occutc,obs,obsm,choc,manv,num_veh
201500023011,0,31,0,0.0,2.0,8.0,0.0,B01
201500023011,0,7,0,0.0,2.0,2.0,0.0,A01
201500023012,0,7,0,1.0,0.0,3.0,0.0,A01
201500023013,0,7,0,0.0,1.0,1.0,0.0,A01
201500023014,0,7,0,1.0,0.0,9.0,0.0,A01
201500023015,0,7,0,0.0,2.0,5.0,0.0,B01
201500023015,0,3,0,0.0,2.0,6.0,0.0,A01
201500023016,0,7,0,0.0,1.0,6.0,15.0,A01
201500023017,0,2,0,0.0,2.0,2.0,0.0,A01
201500023017,0,7,0,0.0,2.0,8.0,15.0,B01
201500023018,1,7,0,0.0,0.0,0.0,0.0,Z01
201500023018,0,33,0,0.0,2.0,0.0,0.0,A01
201500023019,0,7,0,0.0,0.0,0.0,0.0,A01
201500023020,0,2,0,0.0,2.0,1.0,0.0,A01
201500023020,0,7,0,0.0,2.0,8.0,15.0,B01
201500023021,0,7,0,0.0,2.0,1.0,1.0,B01
201500023021,1,7,0,0.0,2.0,0.0,4.0,Z01
201500023022,0,7,0,0.0,2.0,3.0,15.0,A01
201500023022,0,30,0,0.0,2.0,1.0,1.0,B01
201500023023,0,7,0,0.0,2.0,6.0,0.0,A01
201500023023,0,15,0,0.0,2.0,2.0,0.0,B01
201500023024,1,7,0,0.0,2.0,1.0,0.0,Z01
201500023024,0,7,0,0.0,2.0,0.0,0.0,B01
201500023024,0,7,0,0.0,2.0,4.0,0.0,A01
201500023025,0,7,0,0.0,2.0,8.0,1.0,B01
201500023025,0,3,0,0.0,2.0,3.0,13.0,A01
201500023026,0,7,0,0.0,2.0,0.0,0.0,B01
201500023026,0,7,0,0.0,2.0,0.0,0.0,C01
201500023026,0,7,0,0.0,2.0,0.0,0.0,D01
201500023026,0,7,0,0.0,0.0,0.0,0.0,A01
201500023027,0,7,0,0.0,2.0,6.0,1.0,B01
201500023027,0,7,0,0.0,2.0,2.0,2.0,A01
201500023028,0,33,0,0.0,2.0,1.0,0.0,A01
201500023028,0,7,0,0.0,2.0,4.0,0.0,B01
201500023029,0,7,0,0.0,2.0,1.0,1.0,A01
201500023029,0,7,0,0.0,2.0,4.0,1.0,B01
201500023030,0,33,0,0.0,2.0,1.0,0.0,B01
201500023030,0,7,0,0.0,2.0,3.0,0.0,A01
201500023031,1,32,0,0.0,1.0,0.0,0.0,Z01
201500023032,0,7,0,0.0,2.0,5.0,1.0,C01
201500023032,0,10,0,0.0,2.0,9.0,1.0,A01
201500023032,0,7,0,0.0,2.0,1.0,1.0,B01
201500023033,0,37,0,0.0,2.0,1.0,0.0,B01
201500023033,0,7,0,0.0,2.0,1.0,0.0,A01
201500023034,0,7,0,0.0,2.0,9.0,1.0,A01
201500023034,0,7,0,0.0,2.0,1.0,0.0,C01
201500023034,0,7,0,0.0,2.0,4.0,0.0,B01
201500023035,0,30,0,0.0,0.0,0.0,1.0,A01
201500023036,0,7,0,0.0,2.0,1.0,1.0,A01
201500023036,0,1,0,0.0,2.0,1.0,19.0,B01
201500023037,0,7,0,0.0,2.0,7.0,0.0,A01
201500023037,0,33,0,0.0,2.0,1.0,0.0,B01
201500023038,0,7,0,0.0,2.0,4.0,0.0,B01
201500023038,0,7,0,0.0,2.0,4.0,0.0,C01
201500023038,0,7,0,0.0,2.0,1.0,0.0,A01
201500023039,0,7,0,0.0,1.0,2.0,0.0,A01
201500023039,0,7,0,0.0,2.0,3.0,0.0,B01
201500023040,0,7,0,0.0,2.0,1.0,0.0,A01
201500023040,0,7,0,0.0,2.0,1.0,0.0,C01
201500023040,0,7,0,0.0,2.0,1.0,0.0,B01
201500023041,0,7,0,0.0,2.0,3.0,15.0,B01
201500023041,2,7,0,0.0,2.0,3.0,0.0,A01
201500023042,0,7,0,0.0,2.0,7.0,2.0,A01
201500023042,0,1,0,0.0,2.0,4.0,2.0,B02
201500023043,0,7,0,13.0,0.0,1.0,1.0,A01
201500023044,0,7,0,0.0,2.0,1.0,1.0,A01
201500023044,0,7,0,0.0,2.0,8.0,1.0,B02
201500023045,0,10,0,0.0,0.0,3.0,1.0,A01
201500023045,0,7,0,0.0,0.0,2.0,1.0,B02
201500023045,0,7,0,0.0,0.0,5.0,1.0,C03
201500023046,0,10,0,0.0,2.0,2.0,12.0,A01
201500023046,0,15,0,0.0,2.0,6.0,1.0,B02
201500023047,0,7,0,0.0,2.0,1.0,5.0,A01
201500023047,0,7,0,0.0,2.0,1.0,1.0,B02
201500023047,0,10,0,1.0,0.0,2.0,2.0,C03
201500023048,0,7,0,0.0,2.0,9.0,2.0,A01
201500023048,0,17,0,0.0,2.0,6.0,2.0,B02
201500023048,0,10,0,0.0,2.0,5.0,2.0,C03
201500023048,0,7,0,0.0,2.0,1.0,2.0,D04
201500023049,0,7,0,0.0,0.0,0.0,9.0,A01
201500023049,0,7,0,4.0,0.0,1.0,21.0,B02
201500023050,0,7,0,4.0,0.0,3.0,1.0,A01
201500023051,0,7,0,4.0,0.0,3.0,11.0,A01
201500023052,0,7,0,0.0,2.0,2.0,12.0,A01
201500023052,0,7,0,0.0,0.0,4.0,1.0,B02
201500023053,0,17,0,0.0,2.0,1.0,2.0,A01
201500023053,0,7,0,0.0,2.0,4.0,2.0,C03
201500023054,0,7,0,4.0,0.0,0.0,0.0,A01
201500023055,0,17,0,3.0,0.0,2.0,0.0,A01
201500023056,0,38,1,0.0,2.0,2.0,21.0,C03
201500023056,0,7,0,0.0,2.0,8.0,1.0,B02
201500023056,0,7,0,3.0,2.0,8.0,17.0,A01
201500023057,0,10,0,12.0,0.0,8.0,1.0,A01
201500023058,0,15,0,0.0,2.0,3.0,1.0,B02
201500023058,0,10,0,0.0,2.0,1.0,1.0,C03
201500023058,0,7,0,0.0,2.0,2.0,1.0,A01
201500023059,0,7,0,0.0,2.0,1.0,5.0,A01
201500023059,0,7,0,0.0,2.0,1.0,1.0,B02
201500023060,0,17,0,0.0,9.0,1.0,0.0,C03
201500023060,0,7,0,0.0,9.0,1.0,0.0,D04
201500023060,0,17,0,4.0,0.0,1.0,1.0,A01
201500023060,0,7,0,0.0,9.0,1.0,1.0,B02
201500023061,0,15,0,0.0,0.0,4.0,1.0,C03
201500023061,0,15,0,0.0,2.0,2.0,21.0,B02
201500023061,0,15,0,3.0,2.0,1.0,2.0,A01
201500023062,0,10,0,3.0,0.0,9.0,14.0,A01
201500023063,0,7,0,0.0,0.0,4.0,23.0,B02
201500023063,0,34,0,0.0,2.0,1.0,2.0,A01
201500023064,0,7,0,3.0,0.0,3.0,13.0,A01
201500023065,0,7,0,15.0,0.0,2.0,1.0,A01
201500023066,0,17,0,0.0,2.0,1.0,1.0,A01
201500023066,0,99,0,0.0,2.0,4.0,0.0,D04
201500023067,0,7,0,0.0,6.0,1.0,1.0,A01
201500023068,0,7,0,3.0,0.0,2.0,1.0,A01
201500023069,0,7,0,0.0,2.0,2.0,1.0,A01
201500023069,0,16,0,0.0,0.0,0.0,1.0,B02
201500023070,0,7,0,0.0,2.0,6.0,2.0,B02
201500023070,0,7,0,0.0,2.0,2.0,2.0,A01
201500023071,0,7,0,0.0,2.0,1.0,2.0,A01
201500023071,0,7,0,0.0,0.0,4.0,1.0,B02
201500023072,0,7,0,3.0,0.0,3.0,1.0,A01
201500023073,0,7,0,4.0,0.0,1.0,0.0,A01
201500023074,0,7,0,0.0,2.0,4.0,12.0,B02
201500023074,0,33,0,0.0,2.0,1.0,2.0,A01
201500023075,0,7,0,4.0,0.0,3.0,2.0,B02
201500023075,0,7,0,0.0,2.0,5.0,12.0,A01
201500023076,0,14,0,0.0,2.0,4.0,1.0,B02
201500023076,0,7,0,0.0,2.0,1.0,1.0,A01
201500023077,0,7,0,4.0,0.0,3.0,0.0,A01
201500023078,0,7,0,6.0,0.0,9.0,17.0,A01
201500023079,0,7,0,3.0,0.0,7.0,14.0,A01
201500023080,0,7,0,4.0,2.0,4.0,1.0,A01
201500023080,0,7,0,0.0,2.0,3.0,21.0,B02
201500023081,0,7,0,0.0,0.0,9.0,1.0,A01
201500023082,0,7,0,4.0,0.0,3.0,1.0,A01
201500023083,0,7,0,0.0,1.0,2.0,21.0,A01
201500023084,0,7,0,13.0,0.0,1.0,2.0,A01
201500023085,0,7,0,13.0,0.0,9.0,14.0,A01
201500023086,0,7,0,4.0,0.0,1.0,12.0,A01
201500023087,0,7,0,4.0,0.0,3.0,13.0,A01
201500023088,0,33,0,14.0,0.0,1.0,2.0,A01
201500023088,0,7,0,4.0,0.0,2.0,14.0,B02
201500023089,0,14,0,0.0,2.0,1.0,2.0,A01
201500023089,0,7,0,16.0,0.0,4.0,2.0,B02
201500023090,0,7,0,4.0,9.0,3.0,21.0,A01
201500023091,0,7,0,3.0,0.0,2.0,1.0,A01
201500023092,0,7,0,0.0,2.0,1.0,5.0,A01
201500023092,0,17,0,0.0,2.0,1.0,1.0,B02
201500023093,0,7,0,1.0,0.0,2.0,1.0,B02
201500023093,0,17,0,13.0,0.0,8.0,0.0,A01
201500023094,0,7,0,0.0,2.0,8.0,1.0,C03
201500023094,0,7,0,0.0,2.0,3.0,1.0,B02
201500023094,0,30,0,0.0,2.0,1.0,17.0,A01
201500023095,0,33,0,12.0,0.0,1.0,1.0,A01
201500023096,0,7,0,0.0,2.0,2.0,2.0,A01
201500023096,0,7,0,0.0,0.0,6.0,2.0,B02
201500023096,0,7,0,14.0,0.0,1.0,2.0,C03
201500023097,0,7,0,0.0,0.0,4.0,23.0,A01
201500023097,0,7,0,1.0,0.0,1.0,21.0,B02
201500023098,0,10,0,1.0,1.0,2.0,14.0,B02
201500023099,0,7,0,2.0,0.0,1.0,14.0,A01
201500023100,0,7,0,1.0,0.0,1.0,1.0,B02
201500023100,0,7,0,1.0,0.0,4.0,0.0,A01
201500023101,0,7,0,0.0,2.0,1.0,13.0,A01
201500023101,0,7,0,0.0,2.0,1.0,1.0,B02
201500023102,0,33,0,0.0,2.0,2.0,21.0,B02
201500023102,0,7,0,0.0,0.0,0.0,1.0,A01
201500023102,0,7,0,0.0,9.0,1.0,1.0,C03
201500023103,0,7,0,6.0,0.0,1.0,1.0,A01
201500023104,0,7,0,0.0,2.0,1.0,13.0,A01
201500023104,0,14,0,0.0,2.0,1.0,13.0,B02
201500023105,0,10,0,2.0,0.0,3.0,13.0,A01
201500023106,0,31,0,0.0,2.0,1.0,1.0,B02
201500023106,0,10,0,0.0,2.0,7.0,15.0,A01
201500023107,0,7,0,6.0,0.0,1.0,13.0,A01
201500023108,0,7,0,0.0,1.0,1.0,1.0,A01
201500023109,0,10,0,0.0,2.0,2.0,13.0,A01
201500023109,0,7,0,0.0,2.0,1.0,1.0,B02
201500023110,0,7,0,0.0,2.0,1.0,2.0,A01
201500023110,0,7,0,0.0,2.0,4.0,1.0,B01
201500023111,0,7,0,0.0,1.0,2.0,1.0,A01
201500023112,0,10,0,4.0,0.0,3.0,13.0,A01
201500023113,0,14,0,0.0,1.0,7.0,1.0,A01
201500023114,0,7,0,0.0,2.0,3.0,16.0,A01
201500023114,0,7,0,0.0,2.0,3.0,1.0,B01
201500023115,0,33,0,12.0,0.0,1.0,14.0,A01
201500023116,0,7,0,0.0,2.0,7.0,15.0,A01
201500023116,0,2,0,0.0,2.0,1.0,1.0,B01
201500023117,0,7,0,0.0,1.0,4.0,4.0,A01
201500023118,0,7,0,0.0,2.0,2.0,1.0,B01
201500023118,0,7,0,0.0,2.0,3.0,15.0,A01
201500023119,0,10,0,0.0,1.0,4.0,4.0,A01
201500023120,0,7,0,0.0,2.0,3.0,1.0,B01
201500023120,0,7,0,0.0,2.0,3.0,13.0,A01
201500023121,0,7,0,0.0,2.0,4.0,2.0,B01
201500023121,0,7,0,0.0,2.0,1.0,2.0,A01
201500023121,0,7,0,0.0,2.0,4.0,2.0,C01
201500023122,0,7,0,0.0,2.0,1.0,1.0,B01
201500023122,0,7,0,0.0,2.0,3.0,15.0,A01
201500023123,0,7,0,0.0,2.0,3.0,1.0,B01
201500023123,0,7,0,0.0,2.0,3.0,13.0,A01
201500023124,0,7,0,0.0,2.0,1.0,9.0,A01
201500023124,0,2,0,0.0,2.0,7.0,1.0,B01
201500023125,0,7,0,0.0,2.0,6.0,1.0,B01
201500023125,0,33,0,0.0,2.0,1.0,1.0,A01
201500023126,0,33,0,0.0,2.0,7.0,17.0,A01
201500023126,0,7,0,0.0,2.0,8.0,1.0,B01
201500023127,0,7,0,0.0,1.0,1.0,1.0,A01
201500023128,0,7,0,0.0,2.0,4.0,23.0,D01
201500023128,0,7,0,0.0,2.0,4.0,2.0,C01
201500023128,0,7,0,0.0,2.0,4.0,2.0,B01
201500023128,0,7,0,0.0,2.0,8.0,1.0,E01
201500023128,0,7,0,0.0,2.0,1.0,2.0,A01
201500023129,0,7,0,0.0,1.0,7.0,1.0,A01
201500023130,0,7,0,0.0,2.0,8.0,1.0,A01
201500023130,0,31,0,0.0,2.0,2.0,1.0,B01
201500023131,0,7,0,0.0,0.0,0.0,1.0,A01
201500023132,0,7,0,0.0,1.0,1.0,1.0,A01
201500023133,0,7,0,0.0,1.0,3.0,1.0,A01
201500023134,0,1,0,0.0,0.0,7.0,1.0,B01
201500023134,0,7,0,0.0,2.0,1.0,1.0,A01
201500023135,0,1,0,0.0,2.0,1.0,19.0,A01
201500023135,0,7,0,0.0,2.0,6.0,1.0,B01
201500023136,0,30,0,0.0,2.0,1.0,1.0,B01
201500023136,0,7,0,0.0,2.0,8.0,10.0,A01
201500023137,0,33,0,0.0,1.0,1.0,17.0,A01
201500023138,0,7,0,8.0,0.0,1.0,14.0,A01
201500023139,0,7,0,13.0,0.0,9.0,14.0,A01
201500023140,0,7,0,0.0,2.0,2.0,15.0,A01
201500023140,0,33,0,0.0,2.0,1.0,1.0,B01
201500023141,0,7,0,0.0,1.0,8.0,1.0,A01
201500023142,0,7,0,0.0,1.0,8.0,1.0,A01
201500023143,0,7,0,0.0,2.0,2.0,1.0,B02
201500023143,0,7,0,0.0,2.0,1.0,13.0,A01
201500023144,0,33,0,0.0,6.0,1.0,1.0,A01
201500023145,0,7,0,13.0,0.0,3.0,1.0,A01
201500023146,0,7,0,4.0,0.0,2.0,1.0,A01
201500023147,0,14,0,0.0,0.0,8.0,1.0,B02
201500023148,0,33,0,3.0,0.0,7.0,14.0,A01
201500023149,0,7,0,0.0,2.0,1.0,5.0,A01
201500023149,0,7,0,0.0,2.0,1.0,1.0,B02
201500023150,0,7,0,3.0,0.0,1.0,14.0,A01
201500023151,0,7,0,4.0,0.0,2.0,14.0,A01
201500023152,0,7,0,0.0,2.0,1.0,1.0,A01
201500023152,0,14,0,0.0,0.0,0.0,1.0,B02
201500023152,0,7,0,0.0,2.0,3.0,21.0,D04
201500023153,0,33,0,0.0,0.0,3.0,1.0,A01
201500023154,0,33,0,0.0,0.0,8.0,17.0,A01
201500023155,0,15,0,0.0,2.0,4.0,2.0,B02
201500023155,0,7,0,0.0,2.0,1.0,2.0,A01
201500023156,0,7,0,0.0,2.0,1.0,19.0,A01
201500023156,0,7,0,0.0,2.0,8.0,1.0,B02
201500023157,0,7,0,0.0,1.0,2.0,1.0,A01
201500023158,0,7,0,0.0,9.0,1.0,11.0,B02
201500023158,0,1,0,0.0,2.0,1.0,1.0,A01
201500023159,0,7,0,14.0,0.0,1.0,1.0,B02
201500023159,0,7,0,0.0,0.0,8.0,1.0,C03
201500023159,0,7,0,3.0,0.0,1.0,1.0,A01
201500023160,0,7,0,0.0,2.0,3.0,1.0,A01
201500023160,2,7,0,0.0,2.0,2.0,13.0,B02
201500023161,0,30,0,1.0,0.0,1.0,1.0,A01
201500023162,0,7,0,0.0,0.0,4.0,1.0,A01
201500023162,0,30,0,0.0,2.0,1.0,1.0,B02
201500023163,0,33,0,13.0,0.0,9.0,17.0,A01
201500023164,0,7,0,8.0,2.0,2.0,13.0,A01
201500023164,0,34,0,0.0,2.0,8.0,1.0,B02
201500023164,0,34,0,0.0,2.0,2.0,1.0,C03
201500023165,0,1,0,0.0,2.0,8.0,15.0,A01
201500023165,0,7,0,0.0,9.0,2.0,17.0,B02
201500023166,0,7,0,0.0,2.0,2.0,17.0,A01
201500023166,0,7,0,0.0,2.0,8.0,1.0,B02
201500023167,0,7,0,2.0,0.0,9.0,1.0,A01
201500023168,0,7,0,0.0,2.0,1.0,15.0,A01
201500023168,0,7,0,0.0,2.0,1.0,1.0,B02
201500023169,0,7,0,0.0,2.0,2.0,1.0,B02
201500023169,0,32,0,0.0,2.0,1.0,21.0,A01
201500023170,0,7,0,0.0,2.0,1.0,1.0,B02
201500023170,0,7,0,0.0,2.0,8.0,9.0,A01
201500023171,0,33,0,0.0,2.0,1.0,1.0,B01
201500023171,0,1,0,0.0,2.0,7.0,19.0,A01
201500023172,0,7,0,0.0,2.0,2.0,13.0,A01
201500023172,0,7,0,0.0,2.0,2.0,1.0,B02
201500023173,0,33,0,0.0,2.0,1.0,17.0,A01
201500023173,0,21,0,0.0,2.0,3.0,15.0,B02
201500023174,0,7,0,0.0,2.0,2.0,5.0,A01
201500023174,0,7,0,0.0,2.0,2.0,1.0,B02
201500023175,0,7,0,0.0,2.0,3.0,13.0,A01
201500023175,0,15,0,0.0,2.0,3.0,1.0,B02
201500023176,0,7,0,13.0,0.0,6.0,17.0,A01
201500023177,0,33,0,0.0,0.0,0.0,1.0,A01
201500023178,0,7,0,2.0,0.0,7.0,1.0,A01
201500023179,0,30,0,6.0,0.0,1.0,1.0,A01
201500023180,0,7,0,13.0,0.0,9.0,1.0,A01
201500023181,0,7,0,0.0,1.0,3.0,16.0,A01
201500023182,0,7,0,0.0,2.0,1.0,1.0,B01
201500023182,0,1,0,0.0,2.0,1.0,1.0,A01
201500023183,0,7,0,0.0,0.0,4.0,1.0,B01
201500023183,0,7,0,,2.0,1.0,1.0,A01
201500023184,0,1,0,0.0,0.0,7.0,1.0,B01
201500023184,0,7,0,0.0,2.0,1.0,1.0,A01
201500023185,0,33,0,0.0,2.0,1.0,1.0,A01
201500023185,0,7,0,0.0,0.0,0.0,0.0,B01
201500023186,0,30,0,0.0,2.0,3.0,1.0,A01
201500023186,0,7,0,0.0,2.0,7.0,0.0,B01
201500023187,0,30,0,0.0,2.0,1.0,1.0,A01
201500023187,0,30,0,0.0,0.0,4.0,15.0,B01
201500023188,0,7,0,0.0,2.0,3.0,1.0,A01
201500023188,0,32,0,0.0,2.0,1.0,15.0,B01
201500023189,0,2,0,0.0,2.0,1.0,1.0,A01
201500023189,0,7,0,0.0,2.0,4.0,0.0,B01
201500023190,0,31,0,0.0,2.0,1.0,1.0,B01
201500023190,0,7,0,0.0,2.0,6.0,15.0,A01
201500023191,0,31,0,12.0,0.0,1.0,1.0,B01
201500023191,0,7,0,0.0,0.0,0.0,15.0,A01
201500023192,0,1,0,0.0,2.0,3.0,13.0,B01
201500023192,0,10,0,0.0,2.0,2.0,1.0,A01
201500023193,0,7,0,0.0,2.0,1.0,0.0,A01
201500023193,0,1,0,0.0,0.0,0.0,0.0,B01
201500023194,1,10,0,0.0,0.0,0.0,0.0,Z01
201500023194,0,1,0,0.0,2.0,6.0,19.0,B01
201500023195,0,7,0,0.0,1.0,2.0,1.0,A01
201500023196,0,7,0,0.0,2.0,3.0,0.0,A01
201500023196,0,2,0,0.0,2.0,7.0,1.0,B01
201500023197,0,10,0,0.0,2.0,1.0,9.0,A01
201500023197,0,1,0,0.0,0.0,0.0,0.0,B01
201500023198,0,7,0,0.0,2.0,1.0,23.0,A01
201500023198,0,1,0,0.0,0.0,0.0,0.0,B01
201500023199,0,37,25,0.0,2.0,2.0,1.0,A01
201500023199,0,1,0,0.0,2.0,1.0,19.0,B01
201500023200,0,7,0,0.0,2.0,8.0,1.0,A01
201500023200,1,7,0,0.0,0.0,0.0,0.0,Z01
201500023201,0,7,0,0.0,1.0,1.0,1.0,A01
201500023202,0,1,0,1.0,0.0,1.0,1.0,B01
201500023202,0,7,0,0.0,2.0,8.0,22.0,A01
201500023203,0,7,0,0.0,9.0,1.0,1.0,B01
201500023203,0,1,0,0.0,2.0,1.0,1.0,A01
201500023204,0,10,0,15.0,2.0,3.0,1.0,B01
201500023204,0,7,0,0.0,2.0,7.0,10.0,A01
201500023205,0,7,0,0.0,1.0,4.0,4.0,A01
201500023206,0,7,0,0.0,2.0,1.0,0.0,B01
201500023206,0,1,0,0.0,2.0,1.0,17.0,A01
201500023207,0,7,0,0.0,2.0,6.0,1.0,A01
201500023207,0,1,0,0.0,0.0,0.0,0.0,B01
201500023208,0,7,0,0.0,2.0,2.0,1.0,B01
201500023208,0,30,0,0.0,2.0,1.0,13.0,A01
201500023208,0,7,0,0.0,2.0,2.0,1.0,C01
201500023209,0,10,0,0.0,2.0,1.0,1.0,A01
201500023209,0,7,0,0.0,0.0,4.0,23.0,C01
201500023209,0,7,0,0.0,2.0,4.0,23.0,B01
201500023210,0,1,0,0.0,2.0,7.0,1.0,B01
201500023210,0,7,0,0.0,2.0,1.0,9.0,A01
201500023211,1,7,0,0.0,0.0,0.0,0.0,Z01
201500023211,0,2,0,0.0,2.0,0.0,0.0,B01
201500023212,0,7,0,0.0,2.0,3.0,1.0,A01
201500023212,0,2,0,0.0,2.0,1.0,1.0,B01
201500023213,0,10,0,0.0,0.0,3.0,20.0,B01
201500023213,0,2,0,0.0,2.0,2.0,17.0,A01
201500023214,0,7,0,2.0,0.0,0.0,21.0,A01
201500023215,0,2,0,0.0,2.0,7.0,1.0,B01
201500023215,0,7,0,0.0,2.0,1.0,1.0,A01
201500023216,0,1,0,0.0,2.0,1.0,13.0,A01
201500023216,0,10,0,0.0,2.0,3.0,23.0,B01
201500023217,0,10,0,0.0,2.0,6.0,1.0,A01
201500023217,0,1,0,0.0,0.0,0.0,0.0,B01
201500023218,0,7,0,0.0,2.0,1.0,13.0,A01
201500023218,0,7,0,0.0,2.0,1.0,1.0,B01
201500023219,0,7,0,0.0,2.0,7.0,13.0,A01
201500023219,0,10,0,0.0,2.0,1.0,1.0,B01
201500023220,0,2,0,0.0,2.0,7.0,1.0,B01
201500023220,0,7,0,0.0,2.0,1.0,9.0,A01
201500023221,0,7,0,1.0,0.0,1.0,14.0,A01
201500023222,0,2,0,0.0,2.0,1.0,1.0,B01
201500023222,0,7,0,0.0,2.0,5.0,1.0,A01
201500023223,0,7,0,0.0,2.0,1.0,1.0,B01
201500023223,0,7,0,0.0,2.0,1.0,5.0,A01
201500023224,0,7,0,0.0,1.0,1.0,1.0,A01
201500023225,0,7,0,2.0,0.0,9.0,1.0,A01
201500023226,0,2,0,0.0,2.0,1.0,1.0,B01
201500023226,0,7,0,0.0,2.0,3.0,1.0,A01
201500023227,0,7,0,0.0,1.0,4.0,4.0,A01
201500023228,0,7,0,3.0,0.0,9.0,0.0,A01
201500023229,0,31,0,0.0,2.0,1.0,1.0,A01
201500023229,0,7,0,0.0,2.0,2.0,0.0,B02
201500023230,0,33,0,0.0,2.0,1.0,1.0,B02
201500023230,0,10,0,0.0,2.0,2.0,13.0,A01
201500023231,0,10,0,0.0,2.0,1.0,13.0,A01
201500023231,0,7,0,0.0,2.0,1.0,1.0,B02
201500023232,0,30,0,0.0,2.0,1.0,15.0,A01
201500023232,0,7,0,0.0,2.0,6.0,1.0,B01
201500023233,0,32,0,12.0,0.0,1.0,6.0,A01
201500023234,0,1,0,0.0,2.0,1.0,1.0,B01
201500023234,0,13,0,0.0,2.0,7.0,19.0,A01
201500023235,0,10,0,0.0,2.0,2.0,16.0,B01
201500023235,0,1,0,0.0,2.0,3.0,1.0,A01
201500023236,0,7,0,0.0,0.0,8.0,23.0,B01
201500023236,0,37,20,0.0,0.0,5.0,15.0,A01
201500023237,0,7,0,0.0,1.0,6.0,1.0,A01
201500023238,0,7,0,0.0,1.0,8.0,1.0,A01
201500023239,1,7,0,0.0,1.0,0.0,16.0,Z01
201500023240,0,2,0,0.0,2.0,1.0,1.0,B01
201500023240,0,7,0,0.0,2.0,2.0,15.0,A01
201500023241,0,32,0,12.0,0.0,1.0,1.0,A01
201500023242,0,33,0,12.0,0.0,1.0,1.0,A01
201500023243,0,7,0,0.0,2.0,1.0,16.0,A01
201500023243,0,7,0,0.0,2.0,1.0,1.0,B01
201500023244,0,33,0,0.0,0.0,8.0,1.0,A01
201500023245,0,30,0,0.0,2.0,1.0,1.0,A01
201500023245,0,7,0,0.0,0.0,4.0,1.0,B01
201500023246,0,30,0,0.0,2.0,1.0,2.0,A01
201500023246,0,7,0,0.0,2.0,4.0,1.0,B01
201500023247,0,10,0,0.0,0.0,8.0,24.0,A01
201500023247,0,1,0,0.0,2.0,1.0,1.0,B01
201500023248,0,7,0,0.0,1.0,3.0,15.0,A01
201500023249,0,1,0,0.0,1.0,6.0,16.0,A01
201500023250,0,7,0,0.0,1.0,0.0,1.0,A01
201500023251,0,33,0,0.0,2.0,7.0,1.0,B01
201500023251,0,7,0,0.0,2.0,8.0,9.0,A01
201500023252,0,7,0,0.0,0.0,4.0,1.0,B01
201500023252,0,2,0,0.0,2.0,1.0,2.0,A01
201500023253,0,7,0,0.0,1.0,2.0,15.0,A01
201500023254,0,7,0,0.0,1.0,1.0,1.0,A01
201500023255,0,30,0,0.0,2.0,1.0,1.0,B01
201500023255,0,7,0,0.0,2.0,1.0,15.0,A01
201500023256,0,7,0,0.0,0.0,4.0,2.0,A01
201500023256,1,7,0,0.0,2.0,1.0,1.0,Z01
201500023257,0,7,0,0.0,2.0,2.0,1.0,A01
201500023257,0,33,0,0.0,0.0,0.0,1.0,B01
201500023258,0,1,0,0.0,2.0,0.0,1.0,B01
201500023258,0,7,0,0.0,2.0,2.0,17.0,A01
201500023259,0,30,0,1.0,0.0,1.0,16.0,A01
201500023260,0,33,0,0.0,2.0,1.0,1.0,B01
201500023260,0,7,0,0.0,2.0,3.0,15.0,A01
201500023261,0,7,0,0.0,0.0,7.0,10.0,A01
201500023261,0,34,0,0.0,2.0,1.0,1.0,B01
201500023262,0,7,0,0.0,2.0,1.0,15.0,A01
201500023262,0,33,0,0.0,2.0,1.0,1.0,B01
201500023263,0,7,0,8.0,2.0,3.0,1.0,A01
201500023263,0,7,0,0.0,2.0,3.0,1.0,B01
201500023264,0,7,0,0.0,2.0,4.0,1.0,B01
201500023264,0,7,0,0.0,2.0,1.0,2.0,A01
201500023265,0,7,0,0.0,0.0,1.0,16.0,A01
201500023265,0,7,0,0.0,2.0,7.0,1.0,B01
201500023266,0,7,0,0.0,0.0,4.0,23.0,D01
201500023266,0,7,0,0.0,0.0,5.0,23.0,C01
201500023266,0,7,0,0.0,2.0,1.0,1.0,A01
201500023266,0,7,0,0.0,2.0,5.0,23.0,B01
201500023267,0,7,0,0.0,2.0,1.0,2.0,A01
201500023267,0,10,0,0.0,0.0,4.0,1.0,B01
201500023268,0,31,0,0.0,0.0,3.0,1.0,B01
201500023268,0,7,0,0.0,2.0,0.0,15.0,A01
201500023269,0,7,0,0.0,2.0,8.0,16.0,B01
201500023269,0,7,0,0.0,2.0,3.0,1.0,A01
201500023270,0,7,0,0.0,2.0,7.0,15.0,A01
201500023270,0,7,0,0.0,2.0,3.0,1.0,B01
201500023271,0,7,0,0.0,0.0,8.0,16.0,A01
201500023271,0,1,0,0.0,2.0,1.0,1.0,B01
201500023272,1,7,0,0.0,1.0,0.0,1.0,Z01
201500023273,0,7,0,0.0,1.0,8.0,1.0,A01
201500023274,0,7,0,0.0,1.0,1.0,1.0,A01
201500023275,0,32,0,0.0,2.0,2.0,1.0,B01
201500023275,0,7,0,0.0,2.0,3.0,1.0,A01
201500023276,0,7,0,0.0,0.0,8.0,23.0,C01
201500023276,0,7,0,0.0,0.0,7.0,15.0,A01
201500023276,0,7,0,0.0,2.0,1.0,1.0,B01
201500023277,0,7,0,8.0,2.0,2.0,1.0,A01