Num_Acc,senc,catv,occutc,obs,obsm,choc,manv,num_veh
201500023277,0,7,0,0.0,0.0,3.0,1.0,B01
201500023278,0,10,0,0.0,0.0,0.0,0.0,B01
201500023278,0,30,0,0.0,2.0,1.0,1.0,A01
201500023279,0,1,0,0.0,1.0,1.0,1.0,A01
201500023280,0,33,0,0.0,1.0,8.0,1.0,A01
201500023281,0,2,0,0.0,2.0,2.0,16.0,B01
201500023281,0,7,0,0.0,2.0,9.0,16.0,A01
201500023281,0,7,0,0.0,2.0,2.0,1.0,C01
201500023282,0,7,0,0.0,2.0,1.0,15.0,A01
201500023282,0,7,0,0.0,2.0,1.0,1.0,B01
201500023283,0,7,0,0.0,2.0,1.0,1.0,B01
201500023283,0,31,0,0.0,0.0,8.0,1.0,A01
201500023284,0,7,0,0.0,1.0,1.0,15.0,A01
201500023285,0,1,0,0.0,2.0,1.0,1.0,B01
201500023285,0,7,0,0.0,0.0,0.0,23.0,A01
201500023286,0,1,0,0.0,2.0,2.0,1.0,A01
201500023286,0,7,0,0.0,2.0,1.0,1.0,B01
201500023287,0,7,0,0.0,0.0,5.0,15.0,A01
201500023287,0,7,0,0.0,2.0,3.0,1.0,B01
201500023288,0,7,0,0.0,2.0,4.0,2.0,B01
201500023288,0,7,0,0.0,2.0,1.0,2.0,C01
201500023288,0,7,0,0.0,2.0,4.0,1.0,A01
201500023289,0,7,0,0.0,2.0,1.0,13.0,A01
201500023289,0,7,0,0.0,2.0,1.0,1.0,B01
201500023290,0,7,0,0.0,2.0,1.0,1.0,A01
201500023290,0,1,0,0.0,2.0,3.0,16.0,B01
201500023291,0,7,0,0.0,2.0,1.0,15.0,A01
201500023291,0,2,0,0.0,0.0,0.0,1.0,B01
201500023292,0,1,0,8.0,0.0,1.0,1.0,A01
201500023293,0,7,0,0.0,2.0,1.0,2.0,A01
201500023293,0,7,0,0.0,0.0,4.0,2.0,D01
201500023293,0,7,0,0.0,0.0,4.0,2.0,B01
201500023293,0,7,0,0.0,0.0,5.0,2.0,C01
201500023293,0,7,0,0.0,0.0,6.0,2.0,E01
201500023294,0,7,0,0.0,1.0,5.0,20.0,A01
201500023295,0,10,0,0.0,2.0,1.0,9.0,A01
201500023295,0,1,0,0.0,0.0,4.0,1.0,B01
201500023296,0,7,0,0.0,1.0,0.0,1.0,A01
201500023297,0,7,0,0.0,0.0,4.0,23.0,B01
201500023297,0,33,0,0.0,2.0,1.0,2.0,A01
201500023298,0,2,0,14.0,0.0,8.0,1.0,A01
201500023299,0,7,0,0.0,2.0,1.0,2.0,A01
201500023299,0,7,0,0.0,0.0,4.0,2.0,B01
201500023300,0,7,0,0.0,2.0,1.0,2.0,A01
201500023300,0,7,0,0.0,0.0,4.0,23.0,B01
201500023301,0,2,0,0.0,2.0,1.0,2.0,A01
201500023301,0,7,0,0.0,2.0,5.0,16.0,B01
201500023302,0,7,0,0.0,1.0,7.0,1.0,A01
201500023303,0,7,0,0.0,1.0,2.0,1.0,A01
201500023304,0,2,0,0.0,2.0,2.0,5.0,A01
201500023304,0,7,0,0.0,2.0,2.0,1.0,B01
201500023305,0,7,0,0.0,2.0,1.0,1.0,B01
201500023305,0,1,0,0.0,2.0,4.0,1.0,A01
201500023306,0,1,0,0.0,2.0,1.0,1.0,A01
201500023306,0,7,0,0.0,2.0,2.0,1.0,B01
201500023307,0,1,0,0.0,2.0,7.0,1.0,A01
201500023307,0,7,0,0.0,2.0,1.0,1.0,B01
201500023308,0,7,0,0.0,0.0,5.0,2.0,B01
201500023308,0,32,0,1.0,0.0,1.0,2.0,A01
201500023308,0,7,0,0.0,0.0,3.0,23.0,C01
201500023309,0,7,0,0.0,2.0,3.0,21.0,A01
201500023309,0,30,0,0.0,0.0,1.0,17.0,B01
201500023310,0,7,0,0.0,1.0,1.0,9.0,A01
201500023311,0,40,50,0.0,1.0,0.0,1.0,A01
201500023312,1,7,0,14.0,1.0,4.0,4.0,Z01
201500023313,0,7,0,0.0,2.0,1.0,15.0,A01
201500023313,0,33,0,0.0,2.0,7.0,1.0,B01
201500023314,0,7,0,8.0,0.0,3.0,13.0,A01
201500023315,0,1,0,0.0,0.0,3.0,2.0,B01
201500023315,0,7,0,0.0,2.0,5.0,14.0,A01
201500023316,0,30,0,0.0,2.0,1.0,2.0,A01
201500023316,0,7,0,0.0,0.0,5.0,16.0,B01
201500023317,0,33,0,0.0,2.0,2.0,1.0,B01
201500023317,0,1,0,0.0,2.0,0.0,19.0,A01
201500023318,0,2,0,14.0,0.0,0.0,1.0,A01
201500023319,0,7,0,0.0,2.0,1.0,1.0,B01
201500023319,0,7,0,0.0,0.0,6.0,23.0,C01
201500023319,0,10,0,0.0,2.0,1.0,1.0,A01
201500023320,0,7,0,0.0,2.0,2.0,9.0,A01
201500023320,0,31,0,0.0,2.0,2.0,1.0,B01
201500023321,0,7,0,1.0,0.0,3.0,1.0,A01
201500023322,0,7,0,0.0,1.0,2.0,16.0,A01
201500023323,0,1,0,1.0,0.0,1.0,1.0,B01
201500023323,0,7,0,0.0,0.0,8.0,22.0,A01
201500023324,0,2,0,0.0,0.0,8.0,1.0,B01
201500023324,0,7,0,0.0,2.0,1.0,15.0,A01
201500023325,0,7,0,0.0,2.0,3.0,9.0,B01
201500023325,0,1,0,0.0,2.0,1.0,1.0,A01
201500023326,0,7,0,1.0,0.0,1.0,2.0,A01
201500023326,0,7,0,0.0,0.0,4.0,2.0,B01
201500023327,0,7,0,9.0,0.0,1.0,1.0,A01
201500023328,0,7,0,0.0,2.0,2.0,15.0,A01
201500023328,0,33,0,0.0,2.0,1.0,1.0,B01
201500023329,0,7,0,0.0,1.0,2.0,1.0,A01
201500023330,0,7,0,0.0,0.0,5.0,10.0,A01
201500023330,0,7,0,0.0,2.0,0.0,1.0,B01
201500023331,0,14,0,0.0,2.0,7.0,15.0,A01
201500023331,0,1,0,0.0,2.0,3.0,15.0,B01
201500023332,0,1,0,0.0,2.0,8.0,1.0,B01
201500023332,0,10,0,0.0,0.0,2.0,16.0,A01
201500023333,0,7,0,0.0,0.0,8.0,1.0,B01
201500023333,0,7,0,0.0,2.0,1.0,15.0,A01
201500023334,0,30,0,0.0,0.0,0.0,1.0,B01
201500023334,0,7,0,0.0,0.0,1.0,12.0,A01
201500023335,0,7,0,0.0,2.0,7.0,15.0,A01
201500023335,0,33,0,0.0,0.0,1.0,1.0,B01
201500023336,0,10,0,0.0,0.0,7.0,16.0,B01
201500023336,0,30,0,0.0,2.0,1.0,7.0,A01
201500023337,0,7,0,0.0,0.0,0.0,23.0,B01
201500023337,0,7,0,0.0,2.0,1.0,5.0,A01
201500023338,0,7,0,5.0,0.0,1.0,1.0,A01
201500023339,0,7,0,0.0,2.0,1.0,1.0,A01
201500023339,0,7,0,0.0,0.0,1.0,23.0,B01
201500023339,0,7,0,0.0,0.0,4.0,23.0,D01
201500023339,0,7,0,0.0,2.0,1.0,23.0,C01
201500023340,0,7,0,0.0,0.0,4.0,23.0,A01
201500023340,0,7,0,0.0,2.0,1.0,1.0,B01
201500023341,0,31,0,0.0,1.0,0.0,1.0,A01
201500023342,0,7,0,0.0,2.0,1.0,1.0,A01
201500023342,0,10,0,0.0,0.0,4.0,23.0,B01
201500023343,0,1,0,0.0,0.0,0.0,1.0,A01
201500023343,0,7,0,0.0,0.0,0.0,15.0,B01
201500023344,0,7,0,0.0,2.0,1.0,1.0,A01
201500023344,0,7,0,0.0,0.0,1.0,1.0,B01
201500023345,0,1,0,0.0,0.0,0.0,0.0,B01
201500023345,0,7,0,0.0,2.0,7.0,1.0,A01
201500023346,0,1,0,0.0,2.0,1.0,1.0,A01
201500023346,0,7,0,0.0,0.0,3.0,1.0,B01
201500023347,0,7,0,3.0,0.0,2.0,1.0,A01
201500023348,0,7,0,0.0,2.0,1.0,15.0,A01
201500023348,0,2,0,0.0,0.0,1.0,1.0,B01
201500023349,0,7,0,0.0,1.0,1.0,1.0,A01
201500023350,0,1,0,0.0,2.0,1.0,1.0,B01
201500023350,0,7,0,0.0,0.0,8.0,5.0,A01
201500023351,0,7,0,0.0,0.0,1.0,23.0,B01
201500023351,0,7,0,0.0,2.0,1.0,15.0,A01
201500023352,0,7,0,0.0,0.0,7.0,15.0,A01
201500023352,0,31,0,0.0,2.0,1.0,1.0,B01
201500023353,0,1,0,0.0,0.0,7.0,1.0,B01
201500023353,0,7,0,0.0,2.0,1.0,1.0,A01
201500023354,0,7,0,0.0,2.0,7.0,12.0,A01
201500023354,0,33,0,0.0,2.0,3.0,1.0,B01
201500023355,0,7,0,0.0,2.0,8.0,1.0,B01
201500023355,0,1,0,0.0,2.0,1.0,21.0,A01
201500023356,0,7,0,1.0,0.0,1.0,1.0,A01
201500023357,0,1,0,0.0,2.0,1.0,15.0,B01
201500023357,0,1,0,0.0,2.0,1.0,5.0,A01
201500023358,0,7,0,0.0,2.0,2.0,15.0,B01
201500023358,0,7,0,0.0,2.0,1.0,15.0,A01
201500023359,1,7,0,0.0,1.0,0.0,0.0,Z01
201500023360,0,30,0,0.0,0.0,8.0,21.0,B01
201500023360,0,7,0,0.0,0.0,0.0,13.0,A01
201500023361,0,7,0,0.0,0.0,3.0,1.0,A01
201500023362,0,7,0,0.0,2.0,2.0,16.0,A01
201500023362,0,1,0,0.0,2.0,1.0,1.0,B01
201500023363,0,33,0,0.0,0.0,1.0,17.0,B01
201500023363,0,7,0,0.0,2.0,1.0,15.0,A01
201500023364,0,7,0,0.0,1.0,1.0,15.0,A01
201500023365,0,7,0,0.0,2.0,3.0,2.0,A01
201500023365,0,7,0,0.0,0.0,4.0,1.0,B01
201500023366,0,7,0,0.0,2.0,1.0,1.0,A01
201500023366,0,7,0,0.0,2.0,7.0,1.0,B01
201500023367,0,1,0,0.0,2.0,4.0,15.0,A01
201500023367,0,7,0,0.0,2.0,1.0,1.0,B01
201500023368,0,2,0,0.0,2.0,6.0,15.0,A01
201500023368,1,7,0,0.0,2.0,0.0,1.0,Z01
201500023369,0,15,0,0.0,2.0,7.0,16.0,B01
201500023369,0,33,0,0.0,2.0,3.0,18.0,A01
201500023370,0,10,0,0.0,2.0,1.0,1.0,B01
201500023370,0,10,0,0.0,0.0,4.0,23.0,C01
201500023370,0,33,0,0.0,2.0,1.0,1.0,A01
201500023371,0,7,0,0.0,1.0,1.0,13.0,A01
201500023372,0,2,0,0.0,0.0,2.0,21.0,A01
201500023373,0,7,0,0.0,0.0,0.0,1.0,B01
201500023373,0,1,0,0.0,2.0,1.0,1.0,A01
201500023374,0,7,0,0.0,0.0,5.0,1.0,B01
201500023374,0,2,0,0.0,2.0,3.0,2.0,A01
201500023375,0,7,0,0.0,0.0,4.0,23.0,B01
201500023375,0,7,0,0.0,2.0,1.0,1.0,A01
201500023376,0,7,0,0.0,1.0,1.0,1.0,A01
201500023377,0,2,0,0.0,2.0,1.0,17.0,B01
201500023377,0,7,0,0.0,0.0,3.0,15.0,A01
201500023378,0,7,0,0.0,2.0,1.0,1.0,A01
201500023378,0,10,0,0.0,0.0,8.0,16.0,B01
201500023379,0,7,0,0.0,2.0,2.0,15.0,B01
201500023379,0,2,0,0.0,2.0,1.0,18.0,A01
201500023380,0,7,0,0.0,2.0,3.0,15.0,A01
201500023380,0,2,0,0.0,2.0,1.0,17.0,B01
201500023381,0,7,0,0.0,0.0,8.0,22.0,A01
201500023381,0,1,0,1.0,0.0,1.0,1.0,B01
201500023382,0,40,0,0.0,2.0,1.0,1.0,B01
201500023382,0,10,0,0.0,0.0,2.0,1.0,A01
201500023383,0,7,0,0.0,2.0,1.0,1.0,B01
201500023383,0,7,0,0.0,2.0,1.0,13.0,A01
201500023384,0,7,0,0.0,2.0,1.0,1.0,A01
201500023384,0,7,0,0.0,0.0,4.0,15.0,B01
201500023385,0,7,0,0.0,1.0,4.0,4.0,A01
201500023386,1,31,0,0.0,1.0,0.0,0.0,Z01
201500023387,0,7,0,0.0,2.0,1.0,1.0,B01
201500023387,0,7,0,0.0,2.0,7.0,1.0,A01
201500023388,0,7,0,0.0,0.0,3.0,1.0,B01
201500023388,0,30,0,0.0,2.0,1.0,1.0,A01
201500023389,0,13,0,0.0,2.0,1.0,1.0,A01
201500023389,0,7,0,0.0,0.0,4.0,23.0,B01
201500023390,0,7,0,0.0,2.0,1.0,1.0,B01
201500023390,0,7,0,7.0,2.0,1.0,1.0,A01
201500023391,0,10,0,0.0,2.0,8.0,11.0,A01
201500023391,0,1,0,0.0,0.0,0.0,1.0,B01
201500023392,0,7,0,0.0,0.0,1.0,15.0,A01
201500023392,0,31,0,0.0,2.0,2.0,1.0,B01
201500023393,0,7,0,0.0,2.0,1.0,13.0,A01
201500023393,0,7,0,0.0,0.0,4.0,1.0,B01
201500023393,0,7,0,0.0,2.0,1.0,1.0,C01
201500023394,0,2,0,0.0,9.0,1.0,1.0,A01
201500023395,0,40,0,0.0,2.0,3.0,1.0,B01
201500023395,0,7,0,0.0,4.0,1.0,1.0,A01
201500023396,0,7,0,0.0,2.0,1.0,17.0,A01
201500023396,0,7,0,0.0,0.0,8.0,1.0,B01
201500023397,0,1,0,0.0,2.0,1.0,16.0,B01
201500023397,0,7,0,0.0,2.0,3.0,15.0,A01
201500023398,0,7,0,0.0,2.0,1.0,2.0,A01
201500023398,0,7,0,0.0,0.0,4.0,23.0,B01
201500023399,0,7,0,0.0,2.0,1.0,15.0,A01
201500023399,0,10,0,0.0,2.0,0.0,1.0,C01
201500023399,0,7,0,0.0,2.0,1.0,1.0,B01
201500023400,0,31,0,0.0,0.0,6.0,1.0,A01
201500023400,0,7,0,0.0,2.0,1.0,1.0,B01
201500023401,0,1,0,0.0,2.0,1.0,1.0,A01
201500023401,0,7,0,0.0,2.0,3.0,16.0,B01
201500023402,0,33,0,0.0,1.0,0.0,1.0,A01
201500023403,0,33,0,0.0,0.0,0.0,1.0,A01
201500023404,0,1,0,0.0,2.0,1.0,1.0,A01
201500023404,1,7,0,0.0,2.0,0.0,0.0,Z01
201500023405,0,7,0,0.0,2.0,3.0,16.0,A01
201500023405,0,2,0,0.0,0.0,1.0,1.0,B01
201500023406,0,7,0,0.0,1.0,1.0,16.0,A01
201500023407,1,7,0,0.0,2.0,0.0,0.0,Z01
201500023407,0,7,0,0.0,0.0,0.0,0.0,B01
201500023408,0,7,0,0.0,2.0,5.0,15.0,A01
201500023408,0,33,0,0.0,2.0,1.0,1.0,B01
201500023409,0,2,0,0.0,1.0,1.0,17.0,A01
201500023410,0,10,0,0.0,0.0,0.0,15.0,A01
201500023410,0,7,0,6.0,0.0,1.0,21.0,B01
201500023411,0,7,0,0.0,2.0,8.0,13.0,A01
201500023411,0,33,0,0.0,0.0,7.0,15.0,B01
201500023412,0,7,0,0.0,0.0,8.0,1.0,B01
201500023412,0,7,0,0.0,2.0,2.0,15.0,A01
201500023413,0,7,0,0.0,2.0,2.0,15.0,A01
201500023413,0,2,0,0.0,0.0,1.0,1.0,B01
201500023414,0,7,0,0.0,1.0,3.0,21.0,A01
201500023415,0,30,0,0.0,0.0,1.0,1.0,A01
201500023416,0,1,0,0.0,0.0,4.0,1.0,B01
201500023416,1,7,0,0.0,2.0,1.0,1.0,Z01
201500023417,0,1,0,0.0,2.0,0.0,1.0,B01
201500023417,0,1,0,0.0,2.0,0.0,1.0,A01
201500023418,0,7,0,0.0,2.0,1.0,15.0,A01
201500023418,0,1,0,0.0,2.0,1.0,1.0,B01
201500023419,0,7,0,0.0,0.0,8.0,15.0,B01
201500023419,0,33,0,0.0,2.0,1.0,1.0,A01
201500023420,0,10,0,0.0,2.0,7.0,15.0,A01
201500023420,0,33,0,0.0,2.0,1.0,1.0,B01
201500023421,0,7,0,0.0,2.0,2.0,15.0,A01
201500023421,0,33,0,0.0,2.0,3.0,1.0,B01
201500023422,1,7,0,0.0,1.0,0.0,0.0,Z01
201500023423,0,1,0,0.0,2.0,1.0,2.0,A01
201500023423,0,7,0,0.0,0.0,4.0,15.0,B01
201500023424,0,7,0,0.0,0.0,4.0,2.0,B01
201500023424,0,7,0,0.0,2.0,1.0,2.0,A01
201500023425,0,7,0,9.0,0.0,1.0,1.0,A01
201500023426,0,30,0,0.0,0.0,0.0,1.0,A01
201500023427,0,2,0,0.0,2.0,1.0,17.0,A01
201500023427,0,7,0,0.0,0.0,0.0,15.0,B01
201500023428,0,7,0,0.0,0.0,2.0,16.0,B01
201500023428,0,1,0,0.0,2.0,1.0,8.0,A01
201500023429,0,7,0,0.0,2.0,7.0,1.0,B01
201500023429,0,1,0,0.0,2.0,1.0,1.0,A01
201500023430,0,33,0,8.0,0.0,7.0,1.0,A01
201500023431,0,10,0,0.0,1.0,7.0,15.0,A01
201500023432,0,7,0,0.0,0.0,4.0,2.0,B01
201500023432,0,7,0,0.0,2.0,1.0,2.0,A01
201500023433,0,7,0,0.0,1.0,3.0,1.0,A01
201500023434,0,7,0,0.0,0.0,4.0,23.0,C01
201500023434,0,7,0,0.0,2.0,1.0,1.0,A01
201500023434,0,7,0,0.0,2.0,1.0,1.0,B01
201500023435,0,7,0,0.0,0.0,8.0,15.0,A01
201500023435,0,33,0,0.0,2.0,1.0,1.0,B01
201500023436,0,1,0,0.0,2.0,1.0,1.0,A01
201500023436,0,7,0,0.0,2.0,8.0,15.0,B01
201500023437,0,7,0,0.0,1.0,1.0,1.0,A01
201500023438,0,2,0,0.0,2.0,2.0,17.0,A01
201500023438,0,7,0,0.0,0.0,3.0,15.0,B01
201500023439,0,7,0,0.0,2.0,1.0,1.0,A01
201500023439,0,7,0,0.0,2.0,1.0,1.0,B01
201500023440,0,7,0,14.0,0.0,1.0,1.0,A01
201500023441,0,7,0,0.0,2.0,7.0,16.0,A01
201500023441,0,37,8,0.0,2.0,1.0,7.0,B01
201500023442,0,7,0,0.0,2.0,8.0,1.0,B01
201500023442,0,1,0,0.0,2.0,1.0,1.0,A01
201500023443,0,7,0,3.0,0.0,7.0,15.0,A01
201500023443,0,7,0,0.0,2.0,1.0,1.0,B01
201500023444,0,7,0,1.0,0.0,3.0,1.0,A01
201500023445,0,7,0,0.0,0.0,4.0,23.0,B01
201500023445,0,7,0,0.0,2.0,1.0,2.0,A01
201500023446,0,1,0,0.0,2.0,1.0,1.0,A01
201500023446,0,7,0,0.0,0.0,8.0,23.0,B01
201500023447,0,1,0,0.0,2.0,1.0,1.0,B01
201500023447,0,1,0,0.0,2.0,1.0,1.0,A01
201500023448,0,2,0,0.0,0.0,4.0,16.0,B01
201500023448,0,1,0,0.0,2.0,8.0,1.0,A01
201500023449,0,30,0,0.0,0.0,2.0,14.0,B01
201500023449,0,31,0,0.0,2.0,3.0,18.0,A01
201500023450,0,7,0,0.0,0.0,7.0,16.0,B01
201500023450,0,1,0,0.0,2.0,1.0,5.0,A01
201500023451,0,33,0,0.0,2.0,1.0,1.0,B01
201500023451,0,7,0,0.0,0.0,5.0,15.0,A01
201500023452,0,7,0,0.0,2.0,1.0,1.0,A01
201500023452,0,2,0,0.0,0.0,4.0,1.0,B01
201500023453,0,1,0,0.0,2.0,1.0,1.0,B01
201500023453,0,7,0,0.0,2.0,1.0,15.0,A01
201500023454,0,1,0,0.0,2.0,0.0,1.0,B01
201500023454,0,7,0,0.0,2.0,1.0,1.0,A01
201500023455,0,10,0,0.0,1.0,1.0,1.0,A01
201500023456,0,7,0,0.0,2.0,8.0,16.0,A01
201500023456,0,7,0,0.0,2.0,1.0,1.0,B01
201500023457,0,7,0,0.0,0.0,4.0,1.0,B01
201500023457,0,7,0,0.0,2.0,1.0,2.0,A01
201500023458,0,7,0,0.0,0.0,7.0,1.0,B01
201500023458,0,7,0,0.0,2.0,3.0,10.0,A01
201500023459,0,10,0,0.0,2.0,2.0,1.0,A01
201500023459,0,33,0,0.0,2.0,1.0,1.0,B01
201500023460,0,3,0,1.0,0.0,7.0,4.0,A01
201500023461,0,7,0,0.0,1.0,3.0,15.0,A01
201500023462,0,7,0,0.0,1.0,3.0,1.0,A01
201500023463,0,1,0,0.0,2.0,1.0,5.0,C01
201500023463,0,1,0,0.0,2.0,1.0,5.0,B01
201500023463,0,7,0,0.0,0.0,2.0,16.0,A01
201500023464,0,7,0,0.0,2.0,8.0,15.0,A01
201500023464,0,37,1,0.0,2.0,2.0,1.0,B01
201500023465,0,7,0,2.0,2.0,1.0,1.0,A01
201500023465,0,7,0,0.0,2.0,3.0,1.0,B01
201500023466,0,15,0,0.0,0.0,1.0,1.0,B01
201500023466,0,7,0,0.0,2.0,1.0,1.0,A01
201500023467,0,30,0,0.0,2.0,1.0,13.0,A01
201500023467,0,7,0,0.0,0.0,3.0,1.0,B01
201500023468,0,7,0,1.0,0.0,1.0,1.0,A01
201500023469,0,7,0,0.0,2.0,1.0,2.0,A01
201500023469,0,7,0,2.0,0.0,4.0,4.0,B01
201500023470,0,7,0,0.0,2.0,2.0,16.0,A01
201500023470,0,1,0,0.0,2.0,1.0,1.0,B01
201500023471,0,7,0,0.0,2.0,7.0,16.0,A01
201500023471,0,10,0,0.0,2.0,3.0,1.0,B01
201500023472,0,7,0,0.0,2.0,1.0,2.0,A01
201500023472,0,7,0,0.0,2.0,4.0,23.0,B01
201500023472,0,7,0,0.0,0.0,4.0,23.0,C01
201500023473,0,7,0,0.0,2.0,1.0,2.0,A01
201500023473,0,7,0,0.0,0.0,5.0,23.0,B01
201500023474,0,7,0,0.0,0.0,4.0,23.0,B01
201500023474,0,7,0,0.0,2.0,1.0,2.0,A01
201500023475,0,40,120,0.0,2.0,7.0,1.0,B01
201500023475,0,7,0,0.0,0.0,2.0,15.0,A01
201500023476,0,10,0,1.0,0.0,0.0,0.0,A01
201500023476,0,7,0,0.0,0.0,8.0,24.0,B01
201500023477,0,10,0,2.0,0.0,1.0,1.0,A01
201500023478,0,2,0,0.0,1.0,1.0,1.0,A01
201500023479,0,30,0,0.0,0.0,0.0,1.0,A01
201500023479,0,7,0,0.0,2.0,3.0,1.0,B01
201500023480,0,7,0,0.0,0.0,4.0,23.0,B01
201500023480,0,10,0,0.0,2.0,1.0,1.0,A01
201500023481,0,7,0,0.0,2.0,1.0,1.0,A01
201500023481,0,7,0,0.0,0.0,4.0,23.0,B01
201500023482,0,7,0,1.0,0.0,7.0,9.0,A01
201500023482,0,7,0,0.0,0.0,0.0,0.0,B01
201500023483,0,7,0,0.0,2.0,1.0,1.0,B01
201500023483,0,7,0,0.0,0.0,4.0,23.0,C01
201500023483,0,10,0,0.0,2.0,1.0,1.0,A01
201500023484,0,2,0,11.0,0.0,1.0,1.0,A01
201500023485,0,7,0,0.0,2.0,4.0,20.0,A01
201500023485,0,1,0,0.0,0.0,1.0,1.0,B01
201500023486,0,10,0,15.0,0.0,1.0,1.0,A01
201500023487,0,7,0,0.0,2.0,7.0,16.0,B01
201500023487,0,30,0,0.0,2.0,3.0,1.0,A01
201500023488,0,7,0,0.0,2.0,4.0,2.0,B01
201500023488,0,7,0,0.0,0.0,4.0,2.0,C01
201500023488,0,7,0,0.0,2.0,1.0,2.0,A01
201500023489,0,31,0,0.0,2.0,7.0,17.0,A01
201500023489,0,7,0,0.0,2.0,3.0,15.0,B01
201500023490,0,7,0,0.0,0.0,0.0,0.0,B01
201500023490,0,7,0,0.0,0.0,0.0,0.0,A01
201500023491,0,7,0,6.0,0.0,2.0,1.0,A01
201500023492,0,20,0,0.0,0.0,8.0,17.0,A01
201500023493,0,7,0,9.0,2.0,9.0,1.0,B01
201500023493,0,7,0,0.0,2.0,1.0,10.0,A01
201500023494,0,33,0,0.0,2.0,6.0,1.0,A01
201500023494,0,7,0,0.0,2.0,1.0,10.0,B01
201500023495,0,99,0,14.0,0.0,1.0,1.0,A01
201500023496,0,1,0,0.0,2.0,1.0,5.0,A01
201500023496,0,7,0,0.0,0.0,8.0,16.0,B01
201500023497,0,31,0,0.0,2.0,1.0,1.0,A01
201500023497,0,7,0,0.0,2.0,3.0,15.0,B01
201500023498,0,7,0,0.0,4.0,1.0,15.0,A01
201500023498,0,40,0,0.0,2.0,7.0,1.0,B01
201500023499,0,1,0,0.0,2.0,8.0,15.0,A01
201500023499,0,31,0,0.0,2.0,1.0,15.0,B01
201500023500,0,3,0,0.0,2.0,1.0,1.0,A01
201500023500,0,33,0,0.0,2.0,7.0,1.0,B01
201500023501,0,10,0,0.0,2.0,1.0,1.0,A01
201500023501,0,7,0,0.0,0.0,4.0,23.0,B01
201500023502,0,7,0,0.0,2.0,3.0,15.0,A01
201500023502,0,1,0,0.0,0.0,5.0,1.0,B01
201500023503,0,33,0,8.0,0.0,7.0,1.0,A01
201500023504,0,34,0,0.0,2.0,1.0,1.0,B01
201500023504,0,10,0,0.0,2.0,8.0,1.0,A01
201500023505,0,10,0,0.0,2.0,1.0,1.0,A01
201500023505,0,7,0,0.0,0.0,4.0,23.0,C01
201500023505,0,7,0,0.0,2.0,1.0,23.0,B01
201500023506,0,7,0,0.0,2.0,8.0,15.0,A01
201500023506,0,7,0,0.0,2.0,1.0,1.0,B01
201500023507,0,7,0,0.0,2.0,1.0,1.0,B01
201500023507,0,30,0,0.0,2.0,1.0,17.0,A01
201500023508,0,7,0,0.0,0.0,4.0,23.0,C01
201500023508,0,7,0,0.0,2.0,1.0,23.0,B01
201500023508,0,7,0,0.0,2.0,1.0,1.0,A01
201500023509,0,1,0,0.0,1.0,1.0,1.0,A01
201500023510,0,7,0,0.0,1.0,1.0,15.0,A01
201500023511,0,1,0,0.0,2.0,1.0,1.0,B01
201500023511,0,10,0,0.0,2.0,8.0,9.0,A01
201500023512,0,33,0,0.0,2.0,1.0,1.0,B01
201500023512,0,7,0,0.0,0.0,7.0,19.0,A01
201500023513,0,7,0,0.0,1.0,1.0,1.0,A01
201500023514,0,7,0,0.0,1.0,1.0,1.0,A01
201500023515,1,7,0,0.0,2.0,1.0,1.0,Z01
201500023515,0,2,0,0.0,0.0,4.0,17.0,A01
201500023516,0,2,0,0.0,2.0,1.0,5.0,A01
201500023516,0,7,0,0.0,2.0,2.0,1.0,B01
201500023517,0,7,0,0.0,2.0,1.0,1.0,B01
201500023517,0,1,0,0.0,0.0,1.0,15.0,A01
201500023518,0,7,0,0.0,2.0,2.0,1.0,B01
201500023518,0,31,0,0.0,2.0,2.0,18.0,A01
201500023519,0,31,0,0.0,0.0,7.0,1.0,A01
201500023520,0,10,0,0.0,1.0,2.0,1.0,A01
201500023521,0,7,0,0.0,2.0,3.0,1.0,A01
201500023521,0,10,0,0.0,2.0,2.0,1.0,B01
201500023522,0,40,0,0.0,2.0,1.0,1.0,B01
201500023522,0,1,0,0.0,4.0,1.0,15.0,A01
201500023523,0,2,0,8.0,0.0,7.0,1.0,A01
201500023524,0,7,0,0.0,1.0,1.0,1.0,A01
201500023525,0,7,0,0.0,1.0,0.0,15.0,A01
201500023526,0,7,0,0.0,0.0,6.0,24.0,B01
201500023526,0,7,0,1.0,0.0,2.0,16.0,A01
201500023527,0,10,0,0.0,1.0,1.0,15.0,A01
201500023528,0,7,0,0.0,2.0,1.0,1.0,A01
201500023528,0,7,0,0.0,0.0,7.0,1.0,B01
201500023529,0,1,0,0.0,0.0,0.0,0.0,B01
201500023529,0,10,0,0.0,0.0,7.0,1.0,A01
201500023530,0,1,0,9.0,0.0,7.0,1.0,A01
201500023531,0,2,0,0.0,0.0,2.0,16.0,A01
201500023532,0,1,0,1.0,0.0,1.0,1.0,B01
201500023532,0,7,0,0.0,2.0,8.0,22.0,A01
201500023533,0,2,0,0.0,2.0,1.0,15.0,A01
201500023533,0,10,0,0.0,2.0,2.0,1.0,B01
201500023534,0,33,0,0.0,2.0,1.0,1.0,B01
201500023534,0,7,0,0.0,0.0,7.0,15.0,A01
201500023535,0,34,0,12.0,0.0,1.0,15.0,A01
201500023536,0,31,0,1.0,2.0,9.0,1.0,B01