Num_Acc,senc,catv,occutc,obs,obsm,choc,manv,num_veh
201500023536,0,7,0,0.0,0.0,2.0,2.0,C01
201500023536,0,7,0,0.0,0.0,8.0,22.0,A01
201500023537,1,7,0,0.0,1.0,0.0,1.0,Z01
201500023538,0,7,0,0.0,2.0,3.0,1.0,B01
201500023538,0,34,0,0.0,2.0,1.0,1.0,A01
201500023539,0,7,0,0.0,2.0,3.0,13.0,A01
201500023539,0,33,0,1.0,2.0,7.0,1.0,B01
201500023540,0,1,0,0.0,0.0,3.0,2.0,B01
201500023540,0,7,0,0.0,2.0,7.0,17.0,A01
201500023541,0,7,0,1.0,0.0,9.0,1.0,A01
201500023542,0,31,0,0.0,2.0,1.0,1.0,B01
201500023542,0,7,0,0.0,2.0,1.0,1.0,A01
201500023543,0,7,0,0.0,2.0,4.0,2.0,B01
201500023543,0,31,0,0.0,2.0,0.0,2.0,A01
201500023544,0,14,0,7.0,2.0,1.0,1.0,A01
201500023544,0,7,0,8.0,2.0,2.0,1.0,B01
201500023545,0,10,0,0.0,2.0,3.0,1.0,B01
201500023545,0,30,0,0.0,2.0,1.0,1.0,A01
201500023546,0,10,0,0.0,0.0,0.0,0.0,B01
201500023546,0,7,0,0.0,2.0,1.0,1.0,A01
201500023547,1,7,0,0.0,1.0,2.0,10.0,Z01
201500023548,0,7,0,0.0,2.0,7.0,15.0,A01
201500023548,0,7,0,0.0,2.0,1.0,1.0,B01
201500023549,0,7,0,0.0,2.0,7.0,1.0,B01
201500023549,0,33,0,0.0,2.0,7.0,18.0,A01
201500023550,0,7,0,0.0,2.0,3.0,2.0,A01
201500023550,0,7,0,0.0,2.0,5.0,2.0,B01
201500023551,0,32,0,0.0,2.0,1.0,1.0,B01
201500023551,0,7,0,0.0,0.0,8.0,10.0,A01
201500023552,0,7,0,0.0,0.0,1.0,15.0,B01
201500023552,0,30,0,0.0,2.0,1.0,17.0,A01
201500023553,0,7,0,0.0,2.0,1.0,1.0,B01
201500023553,0,7,0,0.0,2.0,1.0,13.0,A01
201500023554,0,33,0,0.0,2.0,1.0,1.0,A01
201500023554,0,7,0,0.0,0.0,8.0,15.0,B01
201500023555,0,7,0,1.0,2.0,1.0,5.0,A01
201500023555,0,10,0,0.0,2.0,2.0,1.0,B01
201500023556,0,7,0,0.0,0.0,8.0,15.0,A01
201500023556,0,2,0,0.0,2.0,1.0,1.0,B01
201500023557,0,31,0,0.0,2.0,7.0,5.0,A01
201500023557,0,7,0,0.0,0.0,1.0,16.0,B01
201500023558,0,7,0,0.0,1.0,3.0,16.0,A01
201500023559,0,7,0,0.0,1.0,2.0,1.0,A01
201500023560,0,33,0,0.0,2.0,1.0,1.0,A01
201500023560,0,10,0,0.0,0.0,3.0,23.0,B01
201500023561,0,7,0,0.0,0.0,3.0,15.0,B01
201500023561,0,1,0,0.0,2.0,1.0,17.0,A01
201500023562,0,7,0,0.0,2.0,7.0,16.0,A01
201500023562,0,1,0,0.0,2.0,8.0,1.0,B01
201500023563,0,7,0,0.0,2.0,2.0,1.0,A01
201500023563,0,7,0,0.0,0.0,6.0,23.0,B01
201500023564,0,7,0,0.0,0.0,4.0,1.0,B01
201500023564,0,33,0,0.0,2.0,1.0,21.0,A01
201500023565,0,2,0,0.0,2.0,1.0,15.0,A01
201500023565,0,7,0,0.0,0.0,1.0,1.0,B01
201500023566,0,10,0,0.0,1.0,0.0,4.0,A01
201500023567,0,7,0,0.0,0.0,8.0,1.0,B01
201500023567,1,7,0,0.0,2.0,1.0,1.0,Z01
201500023568,0,7,0,0.0,2.0,3.0,9.0,A01
201500023568,0,1,0,0.0,0.0,1.0,1.0,B01
201500023569,0,1,0,0.0,1.0,3.0,5.0,A01
201500023570,0,7,0,0.0,0.0,8.0,1.0,B01
201500023570,0,7,0,0.0,2.0,1.0,1.0,A01
201500023571,0,7,0,0.0,0.0,1.0,1.0,A01
201500023571,0,10,0,0.0,2.0,1.0,13.0,B01
201500023572,0,7,0,0.0,0.0,5.0,15.0,B01
201500023572,0,1,0,0.0,2.0,1.0,16.0,A01
201500023573,0,3,0,0.0,0.0,3.0,16.0,A01
201500023573,0,1,0,0.0,2.0,1.0,1.0,B01
201500023574,0,1,0,0.0,2.0,1.0,19.0,B01
201500023574,0,7,0,0.0,2.0,2.0,1.0,A01
201500023575,0,1,0,0.0,2.0,1.0,1.0,B01
201500023575,0,7,0,0.0,0.0,7.0,15.0,A01
201500023576,0,7,0,0.0,1.0,2.0,1.0,A01
201500023577,0,7,0,0.0,0.0,1.0,15.0,A01
201500023577,0,33,0,0.0,2.0,1.0,1.0,B01
201500023578,0,10,0,0.0,2.0,0.0,9.0,A01
201500023578,0,2,0,0.0,2.0,2.0,1.0,B01
201500023579,0,15,0,0.0,1.0,4.0,4.0,A01
201500023580,0,7,0,0.0,2.0,1.0,0.0,B01
201500023580,0,7,0,0.0,0.0,7.0,0.0,A01
201500023581,0,7,0,0.0,0.0,8.0,1.0,B01
201500023581,0,15,0,0.0,2.0,7.0,14.0,A01
201500023582,0,33,0,0.0,2.0,1.0,1.0,A01
201500023582,0,7,0,0.0,0.0,4.0,16.0,B01
201500023583,0,10,0,0.0,2.0,1.0,2.0,A01
201500023583,0,7,0,0.0,0.0,4.0,2.0,B01
201500023584,0,7,0,5.0,2.0,0.0,0.0,B01
201500023584,0,7,0,0.0,2.0,0.0,0.0,A01
201500023585,0,7,0,0.0,0.0,4.0,23.0,B01
201500023585,0,2,0,0.0,2.0,7.0,2.0,A01
201500023586,0,31,0,0.0,2.0,1.0,1.0,B01
201500023586,0,7,0,0.0,0.0,3.0,9.0,A01
201500023587,0,30,0,0.0,2.0,1.0,1.0,B01
201500023587,0,7,0,0.0,0.0,7.0,1.0,A01
201500023588,0,1,0,0.0,2.0,1.0,1.0,B01
201500023588,0,7,0,0.0,0.0,8.0,23.0,A01
201500023589,0,7,0,0.0,2.0,2.0,16.0,A01
201500023589,0,30,0,0.0,2.0,8.0,18.0,B01
201500023590,0,7,0,0.0,2.0,1.0,1.0,B01
201500023590,0,7,0,0.0,0.0,8.0,1.0,A01
201500023591,0,1,0,0.0,2.0,1.0,1.0,A01
201500023591,0,7,0,0.0,2.0,6.0,16.0,B01
201500023592,0,7,0,0.0,2.0,1.0,15.0,A01
201500023592,0,33,0,0.0,0.0,8.0,1.0,B01
201500023593,0,7,0,0.0,0.0,1.0,15.0,B01
201500023593,0,34,0,0.0,2.0,1.0,1.0,A01
201500023594,0,7,0,0.0,2.0,1.0,1.0,A01
201500023594,0,7,0,0.0,0.0,4.0,23.0,B01
201500023595,0,7,0,0.0,0.0,6.0,15.0,B01
201500023595,0,30,0,0.0,2.0,1.0,16.0,A01
201500023596,0,1,0,0.0,1.0,0.0,1.0,A01
201500023597,0,7,0,0.0,0.0,1.0,1.0,B01
201500023597,1,7,0,0.0,2.0,0.0,1.0,Z01
201500023598,0,7,0,0.0,2.0,1.0,13.0,A01
201500023598,0,2,0,0.0,2.0,7.0,1.0,B01
201500023599,0,33,0,0.0,2.0,1.0,17.0,A01
201500023599,0,7,0,0.0,0.0,6.0,15.0,B01
201500023600,0,7,0,0.0,0.0,4.0,23.0,C01
201500023600,0,7,0,0.0,2.0,1.0,1.0,A01
201500023600,0,7,0,0.0,2.0,1.0,23.0,B01
201500023601,0,7,0,0.0,1.0,7.0,1.0,A01
201500023602,0,7,0,0.0,2.0,1.0,1.0,A01
201500023602,0,1,0,0.0,2.0,0.0,1.0,B01
201500023603,0,7,0,0.0,0.0,8.0,10.0,A01
201500023603,0,33,0,0.0,2.0,1.0,21.0,B01
201500023604,0,7,0,2.0,0.0,4.0,16.0,B01
201500023604,0,10,0,0.0,2.0,1.0,2.0,A01
201500023605,0,7,0,0.0,0.0,7.0,15.0,B01
201500023605,0,31,0,0.0,2.0,8.0,17.0,A01
201500023606,0,7,0,0.0,2.0,3.0,9.0,A01
201500023606,0,1,0,0.0,0.0,1.0,1.0,B01
201500023607,0,7,0,0.0,2.0,2.0,1.0,B01
201500023607,0,1,0,0.0,2.0,0.0,1.0,A01
201500023608,0,7,0,0.0,0.0,7.0,1.0,B01
201500023608,0,33,0,0.0,2.0,1.0,5.0,A01
201500023609,0,7,0,0.0,1.0,3.0,1.0,A01
201500023610,0,1,0,0.0,0.0,4.0,15.0,B01
201500023610,0,7,0,0.0,2.0,1.0,15.0,A01
201500023611,0,7,0,0.0,1.0,1.0,1.0,A01
201500023612,0,31,0,0.0,2.0,8.0,1.0,A01
201500023612,0,7,0,0.0,2.0,1.0,1.0,B01
201500023613,0,7,0,0.0,2.0,2.0,15.0,A01
201500023613,0,30,0,0.0,2.0,1.0,1.0,B01
201500023614,0,33,0,14.0,1.0,3.0,1.0,A01
201500023615,0,7,0,0.0,2.0,1.0,22.0,A01
201500023615,0,10,0,1.0,0.0,2.0,1.0,B01
201500023616,0,7,0,0.0,2.0,1.0,15.0,A01
201500023616,0,33,0,0.0,2.0,7.0,1.0,B01
201500023617,0,7,0,0.0,0.0,5.0,1.0,B01
201500023617,0,7,0,0.0,2.0,1.0,1.0,A01
201500023618,0,1,0,0.0,2.0,9.0,1.0,B01
201500023618,0,10,0,0.0,2.0,1.0,15.0,A01
201500023619,0,7,0,0.0,0.0,6.0,2.0,B01
201500023619,0,31,0,0.0,2.0,1.0,2.0,A01
201500023620,0,7,0,0.0,0.0,8.0,10.0,A01
201500023620,0,7,0,0.0,2.0,2.0,1.0,B01
201500023621,0,7,0,0.0,2.0,1.0,1.0,C01
201500023621,0,7,0,0.0,0.0,4.0,2.0,B01
201500023621,0,7,0,0.0,2.0,2.0,2.0,A01
201500023622,0,1,0,0.0,2.0,1.0,5.0,A01
201500023622,0,10,0,0.0,2.0,7.0,16.0,B01
201500023623,0,7,0,0.0,2.0,1.0,9.0,A01
201500023623,0,7,0,14.0,0.0,0.0,0.0,B01
201500023624,0,7,0,0.0,0.0,4.0,23.0,A01
201500023624,0,33,0,0.0,2.0,1.0,1.0,B01
201500023625,0,32,0,0.0,2.0,1.0,1.0,A01
201500023625,0,7,0,0.0,2.0,2.0,15.0,B01
201500023626,0,7,0,0.0,2.0,8.0,1.0,B01
201500023626,0,32,0,0.0,2.0,1.0,16.0,A01
201500023627,1,7,0,0.0,1.0,0.0,0.0,Z01
201500023628,0,7,0,0.0,1.0,3.0,15.0,A01
201500023629,0,7,0,0.0,0.0,7.0,1.0,B01
201500023629,0,7,0,0.0,2.0,3.0,15.0,A01
201500023630,0,37,5,0.0,2.0,3.0,7.0,B01
201500023630,0,7,0,0.0,2.0,7.0,16.0,A01
201500023631,0,7,0,0.0,2.0,1.0,1.0,B01
201500023631,0,7,0,0.0,2.0,1.0,13.0,A01
201500023632,0,7,0,0.0,2.0,3.0,15.0,A01
201500023632,0,7,0,0.0,2.0,1.0,23.0,C01
201500023632,0,7,0,0.0,2.0,3.0,1.0,B01
201500023633,0,32,0,0.0,2.0,0.0,5.0,A01
201500023633,0,7,0,0.0,2.0,1.0,1.0,B01
201500023634,0,7,0,0.0,2.0,3.0,13.0,A01
201500023634,0,7,0,0.0,0.0,3.0,1.0,B01
201500023635,0,1,0,0.0,0.0,1.0,1.0,B01
201500023635,0,7,0,0.0,2.0,1.0,15.0,A01
201500023636,0,33,0,3.0,0.0,7.0,1.0,A01
201500023637,0,7,0,0.0,0.0,0.0,23.0,B01
201500023637,0,7,0,0.0,2.0,2.0,2.0,A01
201500023638,0,34,0,0.0,2.0,1.0,1.0,A01
201500023638,0,7,0,0.0,2.0,2.0,15.0,B01
201500023639,0,33,0,0.0,2.0,1.0,1.0,A01
201500023639,0,1,0,0.0,2.0,1.0,19.0,B01
201500023640,0,33,0,0.0,2.0,3.0,1.0,A01
201500023640,0,7,0,0.0,2.0,7.0,16.0,B01
201500023641,0,7,0,0.0,2.0,2.0,16.0,A01
201500023641,0,2,0,0.0,2.0,8.0,1.0,B01
201500023642,0,7,0,0.0,2.0,3.0,16.0,A01
201500023642,0,1,0,0.0,0.0,1.0,1.0,B01
201500023643,0,7,0,0.0,0.0,8.0,1.0,B01
201500023643,0,7,0,0.0,2.0,1.0,1.0,A01
201500023644,0,33,0,0.0,2.0,1.0,2.0,A01
201500023644,0,7,0,0.0,0.0,6.0,15.0,B01
201500023645,0,7,0,0.0,2.0,1.0,1.0,B01
201500023645,0,7,0,0.0,0.0,5.0,15.0,A01
201500023646,0,1,0,0.0,1.0,0.0,1.0,A01
201500023647,0,10,0,0.0,0.0,8.0,15.0,B01
201500023647,0,33,0,0.0,2.0,1.0,1.0,A01
201500023648,0,7,0,0.0,0.0,6.0,11.0,A01
201500023648,0,34,0,0.0,2.0,2.0,1.0,B01
201500023649,0,1,0,0.0,2.0,1.0,8.0,A01
201500023649,0,7,0,0.0,2.0,0.0,16.0,B01
201500023650,0,1,0,0.0,0.0,0.0,1.0,A01
201500023651,0,7,0,0.0,2.0,3.0,15.0,B01
201500023651,0,1,0,0.0,2.0,1.0,15.0,A01
201500023652,0,7,0,0.0,0.0,4.0,23.0,B01
201500023652,0,2,0,0.0,2.0,1.0,2.0,A01
201500023653,0,7,0,0.0,0.0,4.0,23.0,B01
201500023653,0,10,0,0.0,2.0,1.0,2.0,A01
201500023654,0,7,0,0.0,1.0,3.0,15.0,A01
201500023655,0,33,0,0.0,0.0,0.0,0.0,B01
201500023655,0,7,0,0.0,2.0,7.0,15.0,A01
201500023656,0,1,0,0.0,2.0,1.0,1.0,B01
201500023656,0,7,0,0.0,2.0,8.0,1.0,A01
201500023657,0,2,0,0.0,0.0,7.0,1.0,A01
201500023658,0,7,0,0.0,1.0,1.0,15.0,A01
201500023659,0,7,0,1.0,2.0,1.0,7.0,B01
201500023659,0,7,0,0.0,2.0,3.0,1.0,A01
201500023660,0,7,0,0.0,2.0,3.0,1.0,B01
201500023660,0,7,0,0.0,2.0,2.0,15.0,A01
201500023661,0,30,0,0.0,2.0,1.0,17.0,B01
201500023661,0,7,0,0.0,2.0,8.0,15.0,A01
201500023662,0,7,0,0.0,2.0,5.0,2.0,B01
201500023662,0,33,0,0.0,2.0,1.0,2.0,A01
201500023662,0,7,0,0.0,2.0,3.0,23.0,C01
201500023663,0,3,0,0.0,2.0,1.0,15.0,A01
201500023663,0,7,0,0.0,2.0,3.0,1.0,B01
201500023664,0,7,0,0.0,2.0,3.0,1.0,B01
201500023664,0,7,0,0.0,2.0,1.0,1.0,A01
201500023665,0,7,0,0.0,2.0,2.0,16.0,B01
201500023665,0,1,0,0.0,2.0,1.0,8.0,A01
201500023666,0,10,0,0.0,1.0,0.0,16.0,A01
201500023667,0,1,0,0.0,2.0,0.0,13.0,B01
201500023667,0,10,0,0.0,2.0,0.0,1.0,A01
201500023668,0,2,0,0.0,2.0,1.0,1.0,A01
201500023668,1,7,0,0.0,0.0,0.0,0.0,Z01
201500023669,0,7,0,8.0,0.0,1.0,1.0,A01
201500023670,0,2,0,12.0,0.0,9.0,1.0,A01
201500023671,0,7,0,0.0,0.0,4.0,1.0,B01
201500023671,0,7,0,0.0,2.0,1.0,2.0,A01
201500023672,0,30,0,0.0,0.0,7.0,1.0,A01
201500023673,0,7,0,0.0,0.0,4.0,23.0,B01
201500023673,0,2,0,1.0,0.0,1.0,2.0,A01
201500023674,0,33,0,1.0,2.0,9.0,1.0,A01
201500023674,0,7,0,0.0,2.0,3.0,1.0,B01
201500023675,0,7,0,0.0,0.0,9.0,1.0,A01
201500023676,0,40,80,0.0,1.0,1.0,1.0,A01
201500023677,0,7,0,0.0,2.0,1.0,2.0,B01
201500023677,0,7,0,0.0,0.0,4.0,23.0,A01
201500023678,0,7,0,0.0,2.0,3.0,13.0,A01
201500023678,0,7,0,0.0,2.0,8.0,1.0,B01
201500023679,0,7,0,0.0,1.0,1.0,1.0,A01
201500023680,0,30,0,0.0,2.0,8.0,16.0,A01
201500023680,0,7,0,0.0,2.0,7.0,1.0,B01
201500023681,0,7,0,0.0,0.0,7.0,19.0,A01
201500023681,0,7,0,0.0,2.0,1.0,1.0,B01
201500023682,0,7,0,0.0,2.0,2.0,15.0,A01
201500023682,0,31,0,0.0,2.0,1.0,1.0,B01
201500023683,0,7,0,0.0,2.0,2.0,15.0,A01
201500023683,0,33,0,0.0,2.0,1.0,1.0,B01
201500023684,0,7,0,0.0,2.0,1.0,17.0,A01
201500023684,0,7,0,0.0,0.0,1.0,1.0,B01
201500023685,0,10,0,0.0,2.0,1.0,0.0,A01
201500023685,0,34,0,0.0,2.0,7.0,1.0,B01
201500023686,0,10,0,0.0,1.0,7.0,15.0,A01
201500023687,0,1,0,0.0,2.0,3.0,13.0,A01
201500023687,0,37,1,0.0,2.0,7.0,7.0,B01
201500023688,0,31,0,0.0,2.0,8.0,1.0,A01
201500023688,0,10,0,0.0,2.0,8.0,15.0,B01
201500023689,0,2,0,1.0,0.0,9.0,1.0,A01
201500023690,0,7,0,0.0,2.0,1.0,2.0,A01
201500023690,0,33,0,0.0,2.0,4.0,2.0,B01
201500023691,0,33,0,9.0,0.0,7.0,1.0,A01
201500023692,0,37,1,0.0,2.0,1.0,15.0,B01
201500023692,0,7,0,0.0,2.0,7.0,1.0,A01
201500023693,0,7,0,0.0,2.0,1.0,16.0,A01
201500023693,0,7,0,0.0,2.0,4.0,2.0,B01
201500023693,0,7,0,0.0,2.0,4.0,16.0,C01
201500023694,0,7,0,0.0,2.0,1.0,1.0,A01
201500023694,0,7,0,0.0,2.0,1.0,1.0,B01
201500023695,0,33,0,3.0,0.0,1.0,1.0,A01
201500023696,0,1,0,0.0,2.0,1.0,1.0,A01
201500023696,1,7,0,0.0,2.0,0.0,4.0,Z01
201500023697,0,7,0,0.0,2.0,3.0,15.0,A01
201500023697,0,30,0,0.0,2.0,1.0,1.0,B01
201500023698,0,7,0,0.0,2.0,1.0,1.0,A01
201500023698,0,7,0,0.0,2.0,7.0,1.0,B01
201500023699,0,1,0,9.0,0.0,1.0,1.0,A01
201500023700,0,7,0,8.0,0.0,1.0,1.0,A01
201500023701,0,7,0,3.0,0.0,1.0,1.0,A01
201500023702,0,7,0,0.0,1.0,1.0,15.0,A01
201500023703,0,7,0,0.0,0.0,7.0,1.0,B01
201500023703,0,2,0,0.0,2.0,1.0,11.0,A01
201500023704,0,1,0,0.0,2.0,1.0,19.0,A01
201500023704,0,33,0,0.0,0.0,1.0,1.0,B01
201500023705,0,7,0,0.0,2.0,3.0,10.0,A01
201500023705,0,34,0,0.0,2.0,1.0,1.0,B01
201500023706,0,1,0,0.0,2.0,1.0,1.0,B01
201500023706,0,10,0,0.0,2.0,7.0,15.0,A01
201500023707,0,33,0,12.0,0.0,2.0,1.0,A01
201500023708,0,1,0,0.0,2.0,9.0,1.0,B01
201500023708,0,10,0,0.0,2.0,1.0,16.0,A01
201500023709,0,7,0,0.0,2.0,0.0,1.0,A01
201500023709,0,1,0,0.0,0.0,1.0,1.0,B01
201500023710,0,34,0,0.0,1.0,7.0,21.0,A01
201500023711,0,7,0,0.0,2.0,1.0,1.0,A01
201500023711,0,1,0,0.0,0.0,8.0,1.0,B01
201500023712,0,7,0,0.0,1.0,0.0,1.0,A01
201500023713,0,7,0,0.0,2.0,1.0,1.0,A01
201500023713,0,7,0,0.0,0.0,4.0,15.0,B01
201500023714,0,7,0,0.0,1.0,0.0,1.0,A01
201500023715,0,1,0,0.0,2.0,1.0,2.0,A01
201500023715,0,31,0,0.0,0.0,5.0,4.0,B01
201500023716,0,31,0,0.0,2.0,8.0,1.0,A01
201500023716,0,7,0,0.0,0.0,1.0,15.0,B01
201500023717,0,1,0,1.0,0.0,1.0,1.0,B01
201500023717,0,7,0,0.0,0.0,8.0,22.0,A01
201500023718,0,1,0,0.0,2.0,1.0,2.0,A01
201500023718,0,10,0,0.0,2.0,4.0,2.0,B01
201500023719,0,7,0,0.0,2.0,1.0,13.0,A01
201500023719,0,7,0,0.0,2.0,1.0,1.0,B01
201500023720,0,7,0,0.0,2.0,1.0,1.0,A01
201500023720,0,7,0,0.0,2.0,1.0,1.0,B01
201500023720,0,7,0,0.0,0.0,4.0,23.0,C01
201500023721,1,1,0,0.0,1.0,0.0,1.0,Z01
201500023722,0,1,0,0.0,2.0,0.0,1.0,B01
201500023722,0,7,0,0.0,2.0,0.0,1.0,A01
201500023723,0,7,0,0.0,1.0,0.0,1.0,A01
201500023724,0,30,0,0.0,2.0,1.0,0.0,B01
201500023724,0,7,0,0.0,2.0,0.0,15.0,A01
201500023725,0,33,0,0.0,0.0,7.0,1.0,B01
201500023725,0,7,0,0.0,2.0,1.0,16.0,A01
201500023726,0,7,0,0.0,2.0,3.0,15.0,B01
201500023726,0,2,0,0.0,2.0,8.0,17.0,A01
201500023727,0,30,0,0.0,1.0,0.0,1.0,A01
201500023728,0,37,0,0.0,1.0,1.0,1.0,A01
201500023729,0,2,0,9.0,0.0,1.0,1.0,A01
201500023730,0,10,0,0.0,2.0,1.0,2.0,A01
201500023730,0,7,0,0.0,2.0,4.0,2.0,B01
201500023731,0,31,0,0.0,2.0,1.0,2.0,A01
201500023731,0,10,0,0.0,2.0,4.0,2.0,B01
201500023732,0,7,0,0.0,2.0,1.0,1.0,B01
201500023732,0,7,0,0.0,2.0,1.0,1.0,A01
201500023733,0,1,0,0.0,0.0,0.0,0.0,A01
201500023733,0,30,0,0.0,0.0,0.0,0.0,Z01
201500023734,0,7,0,0.0,0.0,4.0,2.0,B01
201500023734,0,7,0,0.0,2.0,1.0,2.0,A01
201500023735,0,7,0,0.0,1.0,4.0,4.0,A01
201500023736,0,7,0,0.0,2.0,5.0,4.0,A01
201500023736,0,32,0,0.0,0.0,1.0,1.0,B01
201500023737,0,7,0,0.0,2.0,1.0,15.0,B01
201500023737,0,7,0,0.0,0.0,1.0,1.0,A01
201500023738,0,7,0,0.0,2.0,3.0,15.0,A01
201500023738,0,33,0,0.0,2.0,1.0,21.0,B01
201500023739,0,10,0,0.0,2.0,1.0,2.0,A01
201500023739,0,2,0,0.0,0.0,4.0,1.0,B01
201500023740,0,1,0,0.0,2.0,1.0,19.0,A01
201500023740,0,33,0,0.0,2.0,1.0,2.0,B01
201500023741,0,7,0,0.0,1.0,1.0,1.0,A01
201500023742,0,1,0,0.0,0.0,0.0,0.0,B01
201500023742,0,7,0,0.0,2.0,1.0,1.0,A01
201500023743,0,10,0,0.0,2.0,0.0,15.0,A01
201500023743,0,7,0,0.0,2.0,1.0,1.0,B01
201500023744,0,33,0,0.0,2.0,1.0,1.0,A01
201500023744,0,7,0,0.0,0.0,5.0,15.0,B01
201500023745,0,7,0,0.0,2.0,8.0,15.0,B01
201500023745,0,33,0,0.0,2.0,7.0,17.0,A01
201500023746,0,7,0,0.0,2.0,7.0,1.0,B01
201500023746,0,7,0,0.0,2.0,2.0,9.0,A01
201500023747,0,10,0,0.0,2.0,1.0,15.0,A01
201500023747,0,7,0,0.0,0.0,1.0,1.0,B01
201500023748,0,7,0,0.0,1.0,0.0,1.0,A01
201500023749,0,10,0,0.0,0.0,7.0,15.0,A01
201500023749,0,33,0,0.0,2.0,1.0,1.0,B01
201500023750,0,7,0,0.0,2.0,4.0,23.0,B01
201500023750,0,7,0,0.0,0.0,4.0,23.0,C01
201500023750,0,7,0,0.0,2.0,1.0,1.0,A01
201500023751,0,7,0,0.0,0.0,4.0,23.0,B01
201500023751,0,7,0,0.0,2.0,1.0,1.0,A01
201500023752,0,7,0,0.0,0.0,4.0,11.0,B01
201500023752,0,7,0,0.0,2.0,1.0,1.0,A01
201500023753,0,7,0,6.0,0.0,0.0,1.0,A01
201500023754,0,2,0,0.0,0.0,8.0,1.0,A01
201500023755,0,10,0,0.0,2.0,1.0,1.0,B01
201500023755,0,7,0,0.0,0.0,4.0,4.0,A01
201500023756,0,7,0,0.0,0.0,2.0,1.0,B01
201500023756,0,33,0,0.0,2.0,1.0,1.0,A01
201500023757,0,7,0,0.0,1.0,4.0,4.0,A01
201500023758,0,7,0,0.0,2.0,3.0,1.0,B01
201500023758,0,7,0,0.0,1.0,2.0,15.0,A01
201500023759,0,1,0,0.0,2.0,0.0,2.0,B01
201500023759,0,7,0,0.0,2.0,5.0,1.0,A01
201500023760,0,2,0,0.0,2.0,1.0,3.0,B01
201500023760,0,7,0,0.0,2.0,7.0,20.0,A01
201500023761,1,7,0,0.0,1.0,0.0,1.0,Z01
201500023762,0,7,0,0.0,1.0,0.0,1.0,A01
201500023763,0,7,0,0.0,0.0,4.0,23.0,B01
201500023763,0,1,0,0.0,2.0,1.0,2.0,A01
201500023764,0,7,0,0.0,2.0,1.0,1.0,A01
201500023764,0,7,0,0.0,2.0,4.0,23.0,B01
201500023765,0,7,0,0.0,1.0,8.0,1.0,A01
201500023766,0,32,0,0.0,0.0,1.0,1.0,B01
201500023766,0,7,0,0.0,2.0,2.0,15.0,A01
201500023767,0,7,0,0.0,0.0,0.0,16.0,B01
201500023767,0,2,0,0.0,2.0,1.0,1.0,A01
201500023768,0,7,0,0.0,2.0,1.0,1.0,A01
201500023768,0,30,0,0.0,0.0,8.0,15.0,B01
201500023769,0,7,0,0.0,2.0,1.0,15.0,A01
201500023769,0,1,0,0.0,0.0,1.0,1.0,B01
201500023770,0,7,0,0.0,1.0,2.0,16.0,A01
201500023771,0,7,0,0.0,2.0,2.0,1.0,A01
201500023771,0,7,0,0.0,0.0,4.0,23.0,B01
201500023772,0,31,0,0.0,2.0,1.0,2.0,A01
201500023772,0,7,0,0.0,0.0,4.0,23.0,B01
201500023773,0,30,0,0.0,1.0,1.0,5.0,A01
201500023774,0,33,0,0.0,2.0,1.0,1.0,A01
201500023774,0,10,0,0.0,0.0,1.0,23.0,B01
201500023775,0,7,0,0.0,0.0,7.0,16.0,A01
201500023775,0,1,0,0.0,2.0,1.0,1.0,B01
201500023776,0,7,0,0.0,2.0,5.0,1.0,B01
201500023776,0,10,0,0.0,2.0,1.0,2.0,A01
201500023777,0,7,0,0.0,2.0,1.0,1.0,A01
201500023777,0,10,0,0.0,0.0,7.0,1.0,B01
201500023778,0,1,0,0.0,2.0,1.0,1.0,B01
201500023778,0,30,0,0.0,2.0,1.0,14.0,A01
201500023779,0,33,0,0.0,2.0,3.0,1.0,A01
201500023779,0,7,0,0.0,0.0,5.0,23.0,B01
201500023779,0,15,0,0.0,0.0,6.0,23.0,C01
201500023780,0,7,0,0.0,2.0,1.0,15.0,A01
201500023780,0,10,0,0.0,0.0,1.0,1.0,B01
201500023781,0,7,0,0.0,2.0,8.0,23.0,F01
201500023781,0,7,0,0.0,2.0,8.0,23.0,B01
201500023781,0,7,0,0.0,2.0,1.0,1.0,A01
201500023781,0,7,0,0.0,2.0,4.0,23.0,E01
201500023781,0,7,0,0.0,2.0,4.0,23.0,D01
201500023781,0,7,0,0.0,2.0,7.0,23.0,C01
201500023782,0,2,0,0.0,2.0,1.0,1.0,A01
201500023782,0,7,0,0.0,2.0,8.0,13.0,B01
201500023783,0,7,0,0.0,0.0,4.0,16.0,B01
201500023783,0,1,0,0.0,2.0,1.0,1.0,A01
201500023784,0,7,0,0.0,2.0,2.0,15.0,A01
201500023784,0,1,0,0.0,2.0,1.0,1.0,B01
201500023785,0,31,0,0.0,2.0,1.0,18.0,A01
201500023785,0,7,0,0.0,2.0,2.0,15.0,B01
201500023786,0,7,0,0.0,2.0,5.0,2.0,B01
201500023786,0,7,0,0.0,0.0,5.0,1.0,C01
201500023786,0,7,0,0.0,2.0,3.0,2.0,A01
201500023787,0,10,0,0.0,0.0,3.0,15.0,A01
201500023787,0,2,0,0.0,2.0,2.0,1.0,B01
201500023788,0,7,0,0.0,2.0,8.0,15.0,A01
201500023788,0,37,1,0.0,2.0,1.0,1.0,B01
201500023789,0,2,0,0.0,2.0,1.0,17.0,A01
201500023789,0,7,0,0.0,0.0,6.0,15.0,B01