Num_Acc,senc,catv,occutc,obs,obsm,choc,manv,num_veh
201500023790,0,7,0,0.0,0.0,6.0,1.0,B01
201500023790,0,1,0,0.0,2.0,1.0,1.0,A01
201500023791,0,7,0,0.0,0.0,4.0,1.0,D01
201500023791,0,7,0,0.0,2.0,4.0,2.0,B01
201500023791,0,7,0,0.0,2.0,4.0,2.0,C01
201500023791,0,37,1,0.0,2.0,1.0,2.0,A01
201500023792,0,13,0,0.0,2.0,5.0,1.0,B01
201500023792,0,2,0,0.0,2.0,8.0,2.0,A01
201500023793,0,31,0,0.0,2.0,3.0,17.0,B01
201500023793,0,7,0,0.0,2.0,3.0,15.0,A01
201500023794,0,10,0,0.0,2.0,1.0,2.0,A01
201500023794,0,7,0,0.0,0.0,4.0,1.0,B01
201500023795,2,7,0,14.0,0.0,1.0,1.0,A01
201500023796,0,7,0,0.0,2.0,0.0,16.0,A01
201500023796,0,1,0,0.0,2.0,0.0,1.0,B01
201500023796,0,1,0,0.0,2.0,0.0,1.0,C01
201500023797,0,33,0,0.0,2.0,1.0,1.0,B01
201500023797,0,7,0,0.0,2.0,7.0,16.0,A01
201500023798,0,7,0,0.0,2.0,2.0,1.0,A01
201500023798,0,7,0,0.0,2.0,1.0,1.0,B01
201500023799,0,31,0,0.0,0.0,7.0,1.0,A01
201500023799,0,10,0,0.0,2.0,4.0,4.0,B01
201500023800,0,37,1,0.0,2.0,1.0,1.0,B01
201500023800,0,7,0,8.0,2.0,7.0,16.0,A01
201500023801,0,7,0,0.0,2.0,1.0,16.0,B01
201500023801,0,1,0,0.0,2.0,3.0,19.0,A01
201500023802,0,7,0,0.0,0.0,3.0,15.0,B01
201500023802,0,1,0,0.0,2.0,1.0,1.0,A01
201500023803,0,7,0,0.0,0.0,4.0,23.0,B01
201500023803,0,7,0,0.0,2.0,1.0,1.0,A01
201500023804,0,7,0,0.0,0.0,1.0,15.0,B01
201500023804,0,33,0,0.0,2.0,7.0,17.0,A01
201500023805,0,7,0,0.0,1.0,0.0,1.0,A01
201500023806,0,7,0,0.0,2.0,2.0,10.0,A01
201500023806,0,33,0,0.0,2.0,3.0,1.0,B01
201500023807,0,7,0,0.0,2.0,3.0,15.0,A01
201500023807,0,7,0,0.0,0.0,1.0,1.0,B01
201500023808,0,7,0,0.0,2.0,3.0,15.0,A01
201500023808,0,33,0,0.0,2.0,1.0,18.0,B01
201500023809,0,7,0,0.0,2.0,4.0,1.0,B01
201500023809,0,7,0,0.0,2.0,1.0,2.0,A01
201500023810,0,10,0,0.0,2.0,2.0,1.0,A01
201500023810,0,1,0,0.0,2.0,1.0,19.0,B01
201500023811,0,7,0,0.0,2.0,1.0,1.0,A01
201500023811,0,7,0,0.0,2.0,8.0,1.0,B01
201500023812,0,7,0,0.0,2.0,3.0,1.0,A01
201500023812,0,1,0,0.0,2.0,5.0,1.0,B01
201500023813,0,7,0,0.0,0.0,4.0,23.0,B01
201500023813,0,7,0,0.0,2.0,1.0,2.0,A01
201500023814,0,7,0,0.0,1.0,2.0,1.0,A01
201500023815,0,7,0,0.0,1.0,2.0,16.0,A01
201500023816,0,1,0,0.0,2.0,1.0,5.0,A01
201500023816,0,30,0,0.0,2.0,1.0,1.0,B01
201500023817,0,33,0,0.0,0.0,1.0,1.0,B01
201500023817,0,7,0,0.0,2.0,5.0,10.0,A01
201500023818,0,7,0,0.0,0.0,7.0,13.0,A01
201500023818,0,7,0,0.0,2.0,1.0,1.0,B01
201500023819,0,10,0,0.0,2.0,3.0,1.0,A01
201500023819,0,33,0,0.0,2.0,6.0,1.0,B01
201500023820,0,30,0,0.0,2.0,1.0,1.0,A01
201500023820,0,7,0,0.0,0.0,4.0,23.0,B01
201500023821,0,7,0,0.0,2.0,1.0,1.0,A01
201500023821,0,7,0,0.0,0.0,4.0,23.0,C01
201500023821,0,7,0,0.0,2.0,1.0,23.0,B01
201500023822,0,33,0,8.0,0.0,1.0,1.0,A01
201500023823,0,31,0,0.0,2.0,1.0,1.0,B01
201500023823,0,7,0,0.0,2.0,3.0,15.0,A01
201500023824,0,7,0,0.0,2.0,1.0,1.0,B01
201500023824,0,2,0,0.0,0.0,1.0,1.0,A01
201500023825,0,7,0,0.0,1.0,4.0,4.0,A01
201500023826,0,7,0,0.0,0.0,7.0,15.0,A01
201500023826,0,31,0,0.0,2.0,1.0,1.0,B01
201500023827,0,30,0,0.0,1.0,1.0,18.0,A01
201500023828,0,2,0,0.0,2.0,7.0,1.0,B01
201500023828,2,7,0,0.0,2.0,8.0,1.0,Z01
201500023829,0,7,0,0.0,0.0,7.0,15.0,A01
201500023829,0,33,0,0.0,2.0,1.0,1.0,B01
201500023830,0,1,0,0.0,2.0,3.0,1.0,B01
201500023830,0,10,0,0.0,2.0,2.0,15.0,A01
201500023831,0,2,0,0.0,2.0,8.0,1.0,A01
201500023831,0,10,0,0.0,2.0,1.0,1.0,B01
201500023832,0,30,0,0.0,2.0,1.0,1.0,A01
201500023832,0,7,0,0.0,2.0,1.0,1.0,B01
201500023833,0,37,0,0.0,2.0,0.0,17.0,A01
201500023833,0,1,0,0.0,2.0,0.0,1.0,B01
201500023834,0,7,0,0.0,1.0,0.0,1.0,A01
201500023835,0,7,0,0.0,0.0,0.0,0.0,B01
201500023835,0,1,0,0.0,2.0,1.0,1.0,A01
201500023836,0,7,0,0.0,2.0,1.0,1.0,A01
201500023836,0,7,0,0.0,0.0,4.0,23.0,C01
201500023836,0,7,0,0.0,0.0,4.0,23.0,B01
201500023837,0,10,0,0.0,0.0,4.0,23.0,C01
201500023837,0,7,0,0.0,2.0,4.0,23.0,B01
201500023837,0,7,0,0.0,2.0,1.0,1.0,A01
201500023838,0,7,0,0.0,0.0,0.0,23.0,C01
201500023838,0,7,0,0.0,2.0,1.0,1.0,A01
201500023838,0,10,0,0.0,2.0,4.0,23.0,B01
201500023839,0,7,0,0.0,0.0,1.0,1.0,B01
201500023839,0,2,0,0.0,2.0,1.0,1.0,A01
201500023840,0,10,0,0.0,0.0,0.0,0.0,B01
201500023840,0,7,0,0.0,2.0,1.0,13.0,A01
201500023841,0,7,0,0.0,2.0,1.0,1.0,A01
201500023841,0,7,0,0.0,2.0,1.0,1.0,B01
201500023842,0,10,0,0.0,1.0,8.0,15.0,A01
201500023843,0,33,0,0.0,2.0,1.0,18.0,A01
201500023843,0,7,0,0.0,2.0,5.0,16.0,B01
201500023844,0,10,0,0.0,0.0,3.0,1.0,B01
201500023844,0,1,0,0.0,0.0,0.0,1.0,A01
201500023845,0,7,0,0.0,2.0,8.0,1.0,B01
201500023845,0,7,0,0.0,0.0,1.0,1.0,A01
201500023846,0,7,0,0.0,0.0,8.0,1.0,A01
201500023846,0,2,0,1.0,0.0,0.0,1.0,B01
201500023847,0,1,0,0.0,2.0,1.0,1.0,A01
201500023847,0,37,10,0.0,0.0,8.0,15.0,B01
201500023848,0,7,0,0.0,0.0,4.0,23.0,B01
201500023848,0,2,0,0.0,2.0,1.0,1.0,A01
201500023849,0,33,0,14.0,0.0,1.0,17.0,A01
201500023850,0,7,0,0.0,1.0,1.0,1.0,A01
201500023851,0,7,0,0.0,0.0,5.0,1.0,A01
201500023851,0,34,0,0.0,2.0,1.0,1.0,B01
201500023852,0,7,0,1.0,0.0,2.0,1.0,A01
201500023853,0,7,0,0.0,2.0,1.0,1.0,A01
201500023853,0,7,0,0.0,0.0,4.0,23.0,B01
201500023854,0,7,0,0.0,2.0,1.0,15.0,A01
201500023854,0,2,0,0.0,0.0,1.0,1.0,B01
201500023855,0,7,0,0.0,1.0,2.0,1.0,A01
201500023856,0,7,0,0.0,1.0,8.0,1.0,A01
201500023857,0,40,0,0.0,1.0,1.0,1.0,A01
201500023858,0,7,0,0.0,2.0,8.0,1.0,B01
201500023858,0,7,0,0.0,2.0,1.0,1.0,A01
201500023859,0,7,0,1.0,0.0,1.0,1.0,A01
201500023860,0,7,0,0.0,2.0,2.0,16.0,A01
201500023860,0,2,0,0.0,2.0,1.0,16.0,B01
201500023861,0,7,0,0.0,0.0,5.0,1.0,B01
201500023861,0,7,0,0.0,2.0,2.0,2.0,A01
201500023862,0,7,0,3.0,0.0,1.0,1.0,A01
201500023863,0,7,0,0.0,2.0,8.0,11.0,A01
201500023863,0,37,0,0.0,2.0,2.0,11.0,B01
201500023864,0,10,0,0.0,0.0,4.0,23.0,B01
201500023864,0,7,0,0.0,2.0,1.0,1.0,A01
201500023865,0,33,0,0.0,2.0,1.0,1.0,B01
201500023865,0,7,0,0.0,2.0,2.0,1.0,A01
201500023866,0,7,0,0.0,1.0,1.0,16.0,A01
201500023867,0,7,0,0.0,2.0,3.0,1.0,C01
201500023867,0,7,0,0.0,2.0,8.0,1.0,A01
201500023867,0,33,0,0.0,2.0,1.0,17.0,B01
201500023868,0,2,0,0.0,2.0,1.0,2.0,A01
201500023868,0,7,0,0.0,0.0,5.0,1.0,B01
201500023869,0,15,0,0.0,2.0,3.0,1.0,B01
201500023869,0,7,0,0.0,2.0,1.0,1.0,A01
201500023870,0,10,0,0.0,2.0,4.0,2.0,B01
201500023870,0,7,0,0.0,0.0,4.0,15.0,C01
201500023870,0,7,0,0.0,2.0,1.0,2.0,A01
201500023871,0,2,0,0.0,2.0,1.0,1.0,B01
201500023871,0,7,0,0.0,2.0,3.0,15.0,A01
201500023872,0,7,0,0.0,2.0,1.0,2.0,A01
201500023872,0,10,0,0.0,0.0,4.0,1.0,B01
201500023873,0,2,0,0.0,1.0,1.0,1.0,A01
201500023874,0,7,0,0.0,1.0,2.0,1.0,A01
201500023875,0,7,0,0.0,2.0,7.0,16.0,A01
201500023875,0,2,0,0.0,2.0,1.0,5.0,B01
201500023876,2,7,0,0.0,2.0,4.0,10.0,Z01
201500023876,0,31,0,0.0,2.0,1.0,2.0,B01
201500023877,0,7,0,0.0,2.0,1.0,15.0,A01
201500023877,0,33,0,0.0,2.0,3.0,1.0,B01
201500023878,0,1,0,0.0,1.0,3.0,1.0,A01
201500023879,0,7,0,0.0,2.0,1.0,1.0,A01
201500023879,0,2,0,0.0,2.0,2.0,1.0,B01
201500023880,0,7,0,0.0,1.0,2.0,1.0,A01
201500023881,0,7,0,0.0,2.0,7.0,15.0,A01
201500023881,0,32,0,0.0,2.0,1.0,1.0,B01
201500023882,0,1,0,0.0,0.0,0.0,0.0,B01
201500023882,0,3,0,0.0,2.0,1.0,2.0,A01
201500023883,0,30,0,0.0,2.0,1.0,1.0,B01
201500023883,0,33,0,0.0,2.0,1.0,15.0,A01
201500023884,0,10,0,0.0,2.0,1.0,1.0,A01
201500023884,0,7,0,0.0,2.0,7.0,1.0,B01
201500023885,0,7,0,0.0,2.0,1.0,15.0,A01
201500023885,0,33,0,0.0,2.0,1.0,1.0,B01
201500023886,0,10,0,0.0,2.0,1.0,1.0,A01
201500023886,0,7,0,0.0,0.0,4.0,23.0,B01
201500023887,0,7,0,0.0,2.0,1.0,2.0,A01
201500023887,0,7,0,0.0,2.0,4.0,1.0,C01
201500023887,0,7,0,0.0,2.0,4.0,2.0,B01
201500023888,0,7,0,0.0,2.0,1.0,23.0,B01
201500023888,0,7,0,0.0,0.0,4.0,23.0,C01
201500023888,0,10,0,0.0,2.0,1.0,1.0,A01
201500023889,0,7,0,0.0,1.0,1.0,1.0,A01
201500023890,0,7,0,0.0,1.0,1.0,1.0,A01
201500023891,2,10,0,0.0,1.0,0.0,1.0,A01
201500023892,0,32,0,0.0,2.0,1.0,17.0,A01
201500023892,0,7,0,0.0,0.0,3.0,15.0,B01
201500023893,0,7,0,0.0,1.0,2.0,1.0,A01
201500023894,0,7,0,0.0,2.0,1.0,15.0,A01
201500023894,0,1,0,0.0,2.0,1.0,1.0,B01
201500023895,0,7,0,0.0,2.0,3.0,1.0,B01
201500023895,0,7,0,0.0,2.0,1.0,15.0,A01
201500023896,0,7,0,0.0,2.0,2.0,15.0,A01
201500023896,0,2,0,0.0,2.0,2.0,1.0,B01
201500023897,2,7,0,0.0,2.0,0.0,10.0,Z01
201500023897,0,31,0,0.0,0.0,0.0,1.0,B01
201500023898,0,7,0,0.0,2.0,2.0,1.0,B01
201500023898,0,2,0,0.0,2.0,1.0,1.0,A01
201500023899,0,7,0,0.0,0.0,7.0,23.0,B01
201500023899,0,2,0,0.0,2.0,1.0,1.0,A01
201500023900,0,2,0,0.0,2.0,1.0,1.0,B01
201500023900,0,7,0,0.0,2.0,2.0,15.0,A01
201500023901,0,10,0,0.0,0.0,8.0,16.0,A01
201500023901,0,3,0,0.0,2.0,2.0,1.0,B01
201500023902,0,1,0,0.0,0.0,0.0,1.0,B01
201500023902,0,7,0,0.0,0.0,5.0,23.0,A01
201500023903,0,7,0,0.0,1.0,1.0,16.0,A01
201500023904,0,7,0,0.0,2.0,1.0,15.0,A01
201500023904,0,33,0,0.0,2.0,7.0,1.0,B01
201500023905,0,7,0,0.0,2.0,3.0,13.0,A01
201500023905,0,7,0,0.0,0.0,3.0,21.0,B01
201500023906,0,2,0,0.0,2.0,1.0,1.0,A01
201500023906,0,7,0,0.0,2.0,2.0,15.0,B01
201500023907,0,10,0,0.0,1.0,1.0,1.0,A01
201500023908,0,1,0,0.0,2.0,1.0,1.0,A01
201500023908,0,7,0,0.0,2.0,1.0,15.0,B01
201500023909,0,33,0,0.0,2.0,1.0,2.0,A01
201500023909,2,7,0,0.0,2.0,0.0,0.0,Z01
201500023910,0,7,0,0.0,0.0,4.0,23.0,B01
201500023910,0,7,0,0.0,2.0,1.0,1.0,A01
201500023911,0,7,0,0.0,1.0,0.0,1.0,A01
201500023912,0,7,0,0.0,1.0,6.0,4.0,A01
201500023913,0,7,0,0.0,1.0,1.0,1.0,A01
201500023914,0,7,0,0.0,1.0,2.0,1.0,A01
201500023915,0,10,0,0.0,2.0,1.0,1.0,A01
201500023915,0,7,0,0.0,2.0,8.0,13.0,B01
201500023916,0,7,0,6.0,0.0,6.0,1.0,C01
201500023916,0,7,0,0.0,2.0,6.0,1.0,B01
201500023916,0,7,0,0.0,2.0,2.0,1.0,A01
201500023917,0,7,0,0.0,1.0,2.0,16.0,A01
201500023918,0,33,0,0.0,2.0,1.0,1.0,B01
201500023918,0,7,0,0.0,0.0,8.0,15.0,A01
201500023919,0,7,0,0.0,0.0,4.0,11.0,B01
201500023919,0,33,0,0.0,2.0,1.0,1.0,A01
201500023920,0,7,0,0.0,0.0,4.0,23.0,B01
201500023920,0,7,0,0.0,2.0,2.0,1.0,A01
201500023921,0,37,15,0.0,1.0,3.0,1.0,A01
201500023922,0,7,0,0.0,2.0,1.0,1.0,A01
201500023922,0,7,0,0.0,0.0,4.0,1.0,B01
201500023923,0,7,0,0.0,2.0,2.0,1.0,A01
201500023923,0,7,0,0.0,0.0,3.0,15.0,B01
201500023924,0,7,0,0.0,2.0,2.0,1.0,A01
201500023924,0,7,0,0.0,2.0,8.0,10.0,B01
201500023925,0,7,0,0.0,2.0,3.0,15.0,A01
201500023925,0,33,0,0.0,2.0,2.0,17.0,B01
201500023926,0,7,0,0.0,2.0,1.0,15.0,A01
201500023926,0,2,0,0.0,2.0,0.0,1.0,B01
201500023927,0,7,0,0.0,2.0,8.0,1.0,B01
201500023927,0,7,0,0.0,2.0,1.0,15.0,A01
201500023928,0,7,0,0.0,2.0,1.0,2.0,A01
201500023928,0,7,0,0.0,2.0,4.0,23.0,B01
201500023929,0,7,0,0.0,1.0,4.0,4.0,A01
201500023930,0,32,0,0.0,2.0,1.0,1.0,A01
201500023930,0,7,0,0.0,0.0,4.0,1.0,C01
201500023930,0,1,0,0.0,0.0,4.0,15.0,B01
201500023931,0,1,0,0.0,0.0,0.0,1.0,B01
201500023931,0,7,0,0.0,2.0,1.0,1.0,A01
201500023932,0,7,0,0.0,2.0,3.0,15.0,A01
201500023932,0,1,0,0.0,2.0,7.0,16.0,B01
201500023933,0,37,1,0.0,1.0,0.0,1.0,A01
201500023934,0,33,0,0.0,2.0,2.0,1.0,A01
201500023934,0,10,0,0.0,0.0,8.0,1.0,B01
201500023935,0,7,0,0.0,2.0,1.0,2.0,A01
201500023935,0,7,0,0.0,0.0,4.0,2.0,B01
201500023936,0,10,0,0.0,2.0,2.0,15.0,A01
201500023936,0,34,0,0.0,2.0,6.0,1.0,B01
201500023937,0,7,0,1.0,0.0,8.0,1.0,B01
201500023937,0,10,0,0.0,2.0,1.0,1.0,A01
201500023938,0,10,0,0.0,2.0,1.0,15.0,A01
201500023938,0,1,0,0.0,0.0,1.0,1.0,B01
201500023939,0,7,0,0.0,1.0,1.0,1.0,A01
201500023940,0,30,0,0.0,2.0,1.0,1.0,A01
201500023940,0,7,0,0.0,2.0,1.0,15.0,B01
201500023941,0,7,0,0.0,1.0,1.0,16.0,A01
201500023942,0,7,0,0.0,2.0,1.0,1.0,A01
201500023942,0,14,0,0.0,0.0,4.0,23.0,B01
201500023943,0,30,0,0.0,2.0,1.0,1.0,A01
201500023943,0,7,0,0.0,0.0,7.0,15.0,B01
201500023944,0,7,0,0.0,2.0,1.0,1.0,A01
201500023944,0,7,0,0.0,0.0,8.0,1.0,B01
201500023945,0,7,0,0.0,2.0,2.0,15.0,A01
201500023945,0,10,0,0.0,2.0,1.0,1.0,B01
201500023946,0,7,0,0.0,2.0,1.0,1.0,B01
201500023946,0,7,0,0.0,0.0,2.0,1.0,A01
201500023947,0,7,0,0.0,2.0,1.0,16.0,A01
201500023947,0,7,0,0.0,2.0,1.0,1.0,B01
201500023948,0,34,0,0.0,0.0,0.0,1.0,A01
201500023949,0,7,0,0.0,0.0,4.0,1.0,B01
201500023949,0,7,0,0.0,2.0,1.0,2.0,A01
201500023950,0,7,0,0.0,2.0,1.0,1.0,A01
201500023950,0,2,0,0.0,0.0,4.0,23.0,B01
201500023951,0,10,0,0.0,2.0,7.0,1.0,A01
201500023951,0,7,0,0.0,2.0,1.0,1.0,B01
201500023952,0,7,0,0.0,1.0,1.0,1.0,A01
201500023953,0,7,0,0.0,0.0,0.0,0.0,B01
201500023953,0,7,0,0.0,0.0,0.0,0.0,A01
201500023954,0,30,0,8.0,0.0,9.0,1.0,A01
201500023955,0,7,0,0.0,2.0,8.0,1.0,B01
201500023955,0,7,0,0.0,2.0,1.0,1.0,A01
201500023956,0,7,0,0.0,1.0,1.0,15.0,A01
201500023957,0,2,0,0.0,0.0,0.0,1.0,A01
201500023958,0,7,0,0.0,2.0,4.0,1.0,B01
201500023958,0,31,0,0.0,2.0,1.0,0.0,A01
201500023959,0,2,0,0.0,2.0,1.0,1.0,A01
201500023959,0,7,0,0.0,2.0,4.0,15.0,B01
201500023960,0,13,0,0.0,2.0,1.0,1.0,A01
201500023960,0,13,0,0.0,2.0,1.0,1.0,B01
201500023961,0,33,0,0.0,2.0,1.0,2.0,A01
201500023961,0,7,0,0.0,0.0,4.0,1.0,B01
201500023962,0,7,0,0.0,2.0,1.0,15.0,A01
201500023962,0,1,0,0.0,2.0,8.0,1.0,B01
201500023963,0,7,0,0.0,2.0,1.0,1.0,B01
201500023963,0,7,0,0.0,2.0,3.0,15.0,A01
201500023964,0,31,0,14.0,0.0,3.0,1.0,A01
201500023965,0,1,0,0.0,2.0,8.0,1.0,B01
201500023965,0,37,1,0.0,2.0,0.0,1.0,A01
201500023966,0,7,0,0.0,2.0,3.0,1.0,B01
201500023966,0,7,0,0.0,2.0,1.0,1.0,A01
201500023967,0,7,0,0.0,2.0,1.0,15.0,B01
201500023967,0,34,0,0.0,2.0,1.0,1.0,A01
201500023968,0,10,0,0.0,2.0,2.0,16.0,A01
201500023968,0,1,0,0.0,2.0,1.0,1.0,B01
201500023969,0,2,0,0.0,1.0,1.0,17.0,A01
201500023970,0,7,0,0.0,2.0,1.0,1.0,A01
201500023970,0,7,0,0.0,0.0,4.0,1.0,B01
201500023971,0,30,0,0.0,1.0,1.0,1.0,A01
201500023972,0,33,0,0.0,2.0,1.0,1.0,A01
201500023972,0,17,0,0.0,0.0,0.0,1.0,B01
201500023973,0,31,0,0.0,1.0,0.0,0.0,A01
201500023974,0,34,0,0.0,2.0,7.0,1.0,A01
201500023974,1,7,0,0.0,2.0,0.0,0.0,Z01
201500023975,0,7,0,0.0,1.0,1.0,1.0,A01
201500023976,0,7,0,0.0,2.0,1.0,1.0,A01
201500023976,0,1,0,0.0,0.0,0.0,1.0,B01
201500023977,0,2,0,0.0,0.0,0.0,0.0,B01
201500023977,0,7,0,0.0,2.0,1.0,1.0,A01
201500023978,0,7,0,0.0,2.0,7.0,1.0,A01
201500023978,0,1,0,0.0,0.0,7.0,1.0,B01
201500023979,0,7,0,0.0,2.0,7.0,15.0,A01
201500023979,0,7,0,6.0,0.0,6.0,1.0,B01
201500023980,0,33,0,0.0,6.0,1.0,1.0,A01
201500023981,0,7,0,0.0,2.0,4.0,1.0,A01
201500023981,0,31,0,0.0,2.0,1.0,2.0,B01
201500023982,0,10,0,0.0,0.0,5.0,23.0,C01
201500023982,0,7,0,0.0,0.0,5.0,23.0,D01
201500023982,0,33,0,0.0,2.0,1.0,1.0,A01
201500023982,0,7,0,0.0,0.0,4.0,23.0,B01
201500023983,0,1,0,0.0,2.0,1.0,1.0,A01
201500023983,0,10,0,0.0,2.0,2.0,15.0,B01
201500023984,0,34,0,1.0,0.0,7.0,1.0,A01
201500023985,0,34,0,0.0,2.0,1.0,1.0,B01
201500023985,0,7,0,0.0,0.0,7.0,15.0,A01
201500023986,0,30,0,0.0,1.0,1.0,1.0,A01
201500023987,0,31,0,0.0,2.0,2.0,15.0,A01
201500023987,0,1,0,0.0,2.0,1.0,1.0,B01
201500023988,0,33,0,0.0,2.0,1.0,1.0,A01
201500023988,0,7,0,0.0,2.0,4.0,1.0,B01
201500023989,0,1,0,0.0,2.0,1.0,1.0,A01
201500023989,0,7,0,0.0,2.0,3.0,1.0,B01
201500023990,0,1,0,0.0,2.0,1.0,1.0,A01
201500023990,0,31,0,0.0,2.0,7.0,1.0,B01
201500023991,0,7,0,14.0,2.0,1.0,21.0,A01
201500023991,0,7,0,0.0,0.0,4.0,1.0,B01
201500023992,0,7,0,14.0,0.0,1.0,1.0,A01
201500023993,0,33,0,0.0,2.0,1.0,1.0,B01
201500023993,0,10,0,0.0,2.0,1.0,15.0,A01
201500023994,0,7,0,0.0,1.0,1.0,16.0,A01
201500023995,0,33,0,0.0,0.0,0.0,0.0,B01
201500023995,0,7,0,0.0,0.0,0.0,0.0,A01
201500023995,0,7,0,0.0,2.0,1.0,1.0,C01
201500023996,0,7,0,0.0,2.0,1.0,1.0,A01
201500023996,0,7,0,0.0,2.0,1.0,15.0,B01
201500023997,0,7,0,0.0,1.0,0.0,15.0,A01
201500023998,0,13,0,0.0,2.0,7.0,18.0,A01
201500023998,0,32,0,0.0,2.0,1.0,1.0,B01
201500023999,0,7,0,0.0,2.0,8.0,1.0,B01
201500023999,0,2,0,0.0,0.0,0.0,0.0,A01
201500024000,0,7,0,0.0,2.0,8.0,1.0,C01
201500024000,0,7,0,0.0,2.0,2.0,15.0,A01
201500024000,0,33,0,0.0,2.0,1.0,1.0,B01
201500024001,0,32,0,0.0,2.0,1.0,1.0,A01
201500024001,0,7,0,0.0,2.0,4.0,1.0,B01
201500024002,0,34,0,0.0,1.0,1.0,1.0,A01
201500024003,0,7,0,0.0,1.0,1.0,15.0,A01
201500024004,1,7,0,0.0,1.0,0.0,0.0,Z01
201500024005,0,7,0,0.0,2.0,1.0,1.0,B01
201500024005,0,7,0,0.0,2.0,4.0,2.0,C01
201500024005,0,7,0,0.0,2.0,1.0,1.0,A01
201500024006,0,7,0,0.0,0.0,0.0,1.0,B01
201500024006,0,7,0,0.0,2.0,1.0,1.0,A01
201500024006,0,7,0,0.0,2.0,1.0,1.0,C01
201500024007,0,7,0,0.0,2.0,1.0,1.0,A01
201500024007,0,7,0,0.0,2.0,4.0,1.0,B01
201500024008,0,40,100,0.0,2.0,1.0,1.0,B01
201500024008,0,1,0,0.0,0.0,0.0,15.0,A01
201500024009,0,33,0,0.0,2.0,1.0,1.0,A01
201500024009,0,7,0,0.0,2.0,4.0,15.0,B01
201500024010,0,34,0,0.0,0.0,0.0,1.0,B01
201500024010,0,7,0,0.0,0.0,0.0,1.0,A01
201500024011,0,1,0,0.0,0.0,8.0,19.0,B01
201500024011,0,7,0,0.0,2.0,1.0,1.0,A01
201500024012,0,7,0,0.0,1.0,1.0,15.0,A01
201500024013,0,7,0,0.0,2.0,4.0,16.0,B01
201500024013,0,33,0,0.0,2.0,1.0,1.0,A01
201500024014,0,7,0,0.0,2.0,1.0,1.0,B01
201500024014,0,7,0,0.0,2.0,7.0,15.0,A01
201500024015,0,7,0,0.0,0.0,4.0,23.0,B01
201500024015,0,7,0,0.0,2.0,1.0,1.0,A01
201500024016,0,7,0,0.0,2.0,6.0,15.0,A01
201500024016,0,1,0,0.0,2.0,1.0,1.0,B01
201500024017,0,7,0,0.0,1.0,1.0,1.0,A01
201500024018,0,37,1,0.0,1.0,2.0,1.0,A01
201500024019,0,7,0,0.0,2.0,1.0,13.0,A01
201500024019,0,1,0,0.0,2.0,7.0,1.0,B01
201500024020,0,7,0,0.0,2.0,7.0,1.0,B01
201500024020,0,2,0,0.0,2.0,1.0,1.0,A01
201500024021,0,7,0,0.0,2.0,2.0,1.0,A01
201500024021,2,7,0,0.0,2.0,1.0,1.0,Z01
201500024022,0,7,0,0.0,2.0,8.0,16.0,A01
201500024022,0,32,0,0.0,2.0,1.0,1.0,B01
201500024023,0,7,0,0.0,2.0,8.0,1.0,A01
201500024023,0,33,0,0.0,2.0,1.0,1.0,B01
201500024024,0,7,0,0.0,2.0,5.0,15.0,B01
201500024024,0,1,0,0.0,2.0,1.0,17.0,A01
201500024025,0,7,0,0.0,2.0,7.0,1.0,A01
201500024025,0,7,0,0.0,2.0,8.0,1.0,B01
201500024026,0,7,0,0.0,2.0,7.0,14.0,A01
201500024026,0,33,0,0.0,2.0,3.0,1.0,B01
201500024027,0,10,0,0.0,2.0,2.0,1.0,A01
201500024027,0,1,0,0.0,0.0,4.0,1.0,B01
201500024028,0,7,0,0.0,1.0,3.0,15.0,A01
201500024029,1,37,1,0.0,1.0,0.0,0.0,Z01
201500024030,0,7,0,0.0,2.0,1.0,1.0,B01
201500024030,0,1,0,0.0,2.0,1.0,16.0,A01
201500024031,0,1,0,0.0,0.0,0.0,1.0,B01
201500024031,0,7,0,0.0,2.0,0.0,16.0,A01
201500024032,0,7,0,0.0,0.0,0.0,23.0,B01
201500024032,0,30,0,0.0,2.0,1.0,1.0,A01
201500024033,0,40,75,0.0,1.0,8.0,1.0,A01
201500024034,0,7,0,0.0,1.0,2.0,1.0,A01
201500024035,0,7,0,0.0,0.0,4.0,23.0,B01
201500024035,0,7,0,0.0,2.0,1.0,1.0,A01
201500024036,0,7,0,0.0,2.0,1.0,15.0,A01
201500024036,0,2,0,0.0,2.0,1.0,1.0,B01
201500024037,0,7,0,0.0,0.0,4.0,23.0,C01
201500024037,0,7,0,0.0,2.0,1.0,1.0,A01
201500024037,0,7,0,0.0,2.0,4.0,23.0,B01
201500024038,0,33,0,0.0,2.0,1.0,1.0,C01
201500024038,0,7,0,0.0,2.0,2.0,15.0,A01
201500024038,0,31,0,0.0,2.0,1.0,1.0,B01
201500024039,0,10,0,0.0,2.0,7.0,22.0,A01
201500024039,0,1,0,1.0,2.0,1.0,1.0,B01
201500024040,0,7,0,0.0,2.0,8.0,0.0,A01
201500024040,0,1,0,0.0,2.0,1.0,1.0,B01
201500024041,0,7,0,6.0,0.0,1.0,1.0,A01
201500024042,0,7,0,0.0,2.0,9.0,17.0,A01
201500024042,0,7,0,0.0,2.0,3.0,15.0,B01
201500024043,0,32,0,0.0,2.0,2.0,1.0,A01
201500024043,0,7,0,0.0,0.0,5.0,23.0,B01