Num_Acc,senc,catv,occutc,obs,obsm,choc,manv,num_veh
201500024044,0,1,0,0.0,2.0,8.0,19.0,B01
201500024044,0,32,0,0.0,2.0,1.0,1.0,A01
201500024045,1,7,0,0.0,1.0,1.0,1.0,Z01
201500024046,0,7,0,0.0,1.0,1.0,15.0,A01
201500024047,0,7,0,0.0,2.0,2.0,1.0,A01
201500024047,0,1,0,0.0,2.0,8.0,1.0,B01
201500024048,0,31,0,0.0,2.0,1.0,1.0,B01
201500024048,0,7,0,0.0,2.0,2.0,15.0,A01
201500024049,0,7,0,0.0,2.0,3.0,1.0,B01
201500024049,0,10,0,8.0,0.0,1.0,1.0,A01
201500024050,0,30,0,0.0,0.0,0.0,0.0,B01
201500024050,0,7,0,0.0,2.0,8.0,0.0,A01
201500024051,0,7,0,0.0,1.0,1.0,16.0,A01
201500024052,0,7,0,0.0,0.0,0.0,0.0,B01
201500024052,0,33,0,0.0,0.0,0.0,0.0,A01
201500024053,0,1,0,0.0,2.0,0.0,1.0,A01
201500024053,0,14,0,0.0,2.0,5.0,24.0,B01
201500024054,0,7,0,0.0,1.0,1.0,1.0,A01
201500024055,0,30,0,0.0,2.0,1.0,1.0,B01
201500024055,0,30,0,0.0,2.0,1.0,1.0,A01
201500024056,0,7,0,0.0,2.0,1.0,1.0,A01
201500024056,0,7,0,0.0,2.0,7.0,1.0,B01
201500024057,0,32,0,0.0,2.0,1.0,1.0,B01
201500024057,0,7,0,0.0,2.0,1.0,17.0,A01
201500024058,0,32,0,0.0,2.0,1.0,17.0,B01
201500024058,0,7,0,0.0,2.0,8.0,15.0,A01
201500024059,0,31,0,0.0,2.0,1.0,2.0,A01
201500024059,0,15,0,0.0,0.0,5.0,1.0,B01
201500024060,0,7,0,0.0,0.0,0.0,0.0,B01
201500024060,0,7,0,0.0,2.0,1.0,1.0,A01
201500024061,0,7,0,0.0,2.0,1.0,1.0,A01
201500024061,0,2,0,0.0,2.0,8.0,1.0,B01
201500024062,1,7,0,0.0,1.0,1.0,0.0,Z01
201500024063,0,1,0,0.0,2.0,8.0,19.0,A01
201500024063,0,7,0,0.0,2.0,1.0,1.0,B01
201500024064,0,7,0,0.0,0.0,8.0,15.0,A01
201500024064,0,40,0,0.0,2.0,2.0,1.0,B01
201500024065,0,7,0,0.0,2.0,8.0,1.0,B01
201500024065,0,7,0,0.0,2.0,7.0,17.0,A01
201500024066,0,30,0,0.0,2.0,1.0,17.0,A01
201500024066,0,7,0,0.0,2.0,8.0,15.0,B01
201500024067,0,7,0,0.0,0.0,7.0,15.0,A01
201500024067,0,30,0,0.0,2.0,1.0,1.0,B01
201500024068,0,10,0,0.0,1.0,1.0,1.0,A01
201500024069,0,37,0,0.0,1.0,1.0,1.0,A01
201500024070,0,7,0,0.0,0.0,0.0,15.0,A01
201500024070,0,31,0,0.0,2.0,1.0,1.0,B01
201500024071,0,31,0,0.0,0.0,7.0,15.0,A01
201500024071,0,1,0,0.0,2.0,1.0,1.0,B01
201500024072,0,7,0,0.0,1.0,1.0,16.0,A01
201500024073,0,2,0,0.0,1.0,1.0,18.0,A01
201500024074,0,30,0,0.0,2.0,8.0,1.0,B01
201500024074,0,7,0,0.0,2.0,1.0,1.0,A01
201500024075,0,1,0,0.0,1.0,1.0,1.0,A01
201500024076,0,33,0,0.0,2.0,1.0,1.0,A01
201500024076,0,7,0,0.0,2.0,4.0,1.0,C01
201500024076,0,7,0,0.0,0.0,4.0,1.0,B01
201500024077,0,7,0,0.0,0.0,4.0,1.0,B01
201500024077,0,7,0,0.0,2.0,1.0,2.0,A01
201500024078,0,10,0,0.0,0.0,2.0,15.0,A01
201500024078,0,33,0,0.0,2.0,1.0,1.0,B01
201500024079,0,7,0,0.0,2.0,4.0,1.0,A01
201500024079,1,7,0,0.0,2.0,1.0,1.0,Z01
201500024080,0,2,0,0.0,2.0,1.0,1.0,B01
201500024080,0,7,0,0.0,0.0,7.0,15.0,A01
201500024081,0,30,0,0.0,2.0,1.0,1.0,B01
201500024081,0,7,0,0.0,2.0,7.0,15.0,A01
201500024082,0,7,0,0.0,2.0,1.0,1.0,B01
201500024082,0,14,0,0.0,2.0,1.0,1.0,A01
201500024083,0,33,0,0.0,2.0,1.0,15.0,A01
201500024083,0,7,0,0.0,2.0,1.0,1.0,B01
201500024084,0,7,0,0.0,1.0,1.0,16.0,A01
201500024085,2,10,0,1.0,1.0,1.0,1.0,Z01
201500024086,0,7,0,0.0,0.0,7.0,16.0,A01
201500024086,0,40,60,0.0,2.0,1.0,1.0,B01
201500024087,0,10,0,0.0,2.0,7.0,1.0,A01
201500024087,0,1,0,0.0,2.0,2.0,15.0,B01
201500024088,0,32,0,0.0,0.0,8.0,1.0,B01
201500024088,0,10,0,0.0,2.0,8.0,15.0,A01
201500024089,0,30,0,0.0,1.0,1.0,1.0,A01
201500024090,0,1,0,0.0,2.0,1.0,15.0,B01
201500024090,0,7,0,0.0,2.0,7.0,1.0,A01
201500024091,0,1,0,0.0,0.0,0.0,1.0,B01
201500024091,0,7,0,0.0,2.0,3.0,15.0,A01
201500024092,0,10,0,0.0,2.0,8.0,10.0,A01
201500024092,0,30,0,0.0,2.0,1.0,1.0,B01
201500024093,0,7,0,0.0,2.0,2.0,1.0,B01
201500024093,0,7,0,0.0,0.0,5.0,15.0,A01
201500024094,0,7,0,0.0,2.0,1.0,15.0,A01
201500024094,0,33,0,0.0,2.0,1.0,0.0,B01
201500024095,1,7,0,0.0,2.0,1.0,1.0,Z01
201500024095,0,33,0,0.0,2.0,1.0,1.0,B01
201500024096,0,31,0,0.0,2.0,1.0,1.0,B01
201500024096,0,7,0,0.0,0.0,7.0,15.0,A01
201500024097,0,7,0,0.0,2.0,8.0,16.0,A01
201500024097,0,32,0,0.0,2.0,1.0,16.0,B01
201500024098,0,1,0,0.0,0.0,9.0,1.0,B01
201500024098,0,7,0,0.0,2.0,7.0,1.0,A01
201500024099,0,1,0,1.0,0.0,4.0,1.0,A01
201500024100,0,7,0,0.0,2.0,1.0,15.0,A01
201500024100,0,30,0,0.0,2.0,1.0,1.0,B01
201500024101,0,7,0,0.0,1.0,3.0,1.0,A01
201500024102,0,2,0,0.0,2.0,1.0,1.0,B01
201500024102,0,7,0,0.0,0.0,5.0,15.0,A01
201500024103,0,7,0,6.0,0.0,1.0,15.0,A01
201500024104,0,2,0,0.0,2.0,1.0,1.0,A01
201500024104,0,7,0,0.0,0.0,6.0,15.0,B01
201500024105,0,33,0,0.0,0.0,1.0,17.0,B01
201500024105,0,7,0,0.0,0.0,0.0,0.0,A01
201500024106,0,31,0,0.0,2.0,8.0,15.0,A01
201500024106,0,7,0,0.0,2.0,7.0,1.0,B01
201500024107,0,33,0,0.0,1.0,1.0,1.0,A01
201500024108,0,7,0,0.0,2.0,1.0,1.0,B01
201500024108,0,7,0,6.0,0.0,8.0,1.0,A01
201500024109,0,7,0,0.0,0.0,8.0,0.0,B01
201500024109,0,7,0,0.0,0.0,1.0,0.0,A01
201500024110,0,7,0,1.0,0.0,1.0,1.0,A01
201500024111,0,10,0,0.0,2.0,1.0,1.0,B01
201500024111,0,7,0,0.0,2.0,1.0,15.0,A01
201500024112,0,10,0,0.0,2.0,2.0,1.0,B01
201500024112,0,1,0,0.0,2.0,1.0,19.0,A01
201500024113,0,33,0,0.0,2.0,1.0,1.0,A01
201500024113,0,7,0,0.0,0.0,8.0,15.0,B01
201500024114,0,7,0,0.0,2.0,1.0,0.0,B01
201500024114,0,7,0,0.0,2.0,7.0,1.0,A01
201500024115,0,7,0,0.0,2.0,1.0,2.0,A01
201500024115,0,7,0,0.0,0.0,4.0,1.0,C01
201500024115,0,7,0,0.0,2.0,4.0,2.0,B01
201500024116,0,7,0,14.0,0.0,1.0,1.0,A01
201500024117,0,7,0,0.0,2.0,8.0,15.0,A01
201500024117,0,31,0,0.0,2.0,1.0,1.0,B01
201500024118,0,7,0,0.0,1.0,5.0,1.0,A01
201500024119,0,7,0,0.0,1.0,3.0,1.0,A01
201500024120,0,7,0,0.0,0.0,1.0,1.0,C01
201500024120,0,10,0,0.0,2.0,1.0,1.0,B01
201500024120,0,7,0,0.0,2.0,1.0,1.0,A01
201500024121,0,7,0,1.0,0.0,2.0,1.0,A01
201500024121,0,2,0,0.0,2.0,4.0,23.0,B01
201500024122,0,7,0,0.0,0.0,6.0,1.0,B01
201500024122,0,7,0,0.0,2.0,1.0,1.0,A01
201500024123,0,34,0,0.0,2.0,1.0,1.0,B01
201500024123,0,7,0,0.0,2.0,7.0,15.0,A01
201500024124,0,7,0,0.0,0.0,7.0,15.0,A01
201500024124,0,33,0,0.0,2.0,1.0,1.0,B01
201500024125,0,7,0,0.0,0.0,9.0,1.0,A01
201500024126,0,30,0,0.0,2.0,0.0,1.0,A01
201500024127,0,7,0,0.0,1.0,3.0,1.0,A01
201500024128,0,2,0,0.0,2.0,1.0,1.0,B01
201500024128,0,7,0,0.0,0.0,8.0,1.0,A01
201500024129,1,37,1,1.0,0.0,0.0,1.0,Z01
201500024129,0,7,0,0.0,0.0,8.0,23.0,B01
201500024130,0,7,0,0.0,2.0,3.0,15.0,A01
201500024130,0,2,0,0.0,0.0,8.0,1.0,B01
201500024131,0,2,0,0.0,0.0,1.0,20.0,B01
201500024131,0,7,0,0.0,0.0,7.0,4.0,A01
201500024132,0,1,0,0.0,0.0,7.0,1.0,B01
201500024132,0,7,0,0.0,2.0,1.0,1.0,A01
201500024133,1,1,0,0.0,1.0,1.0,1.0,B01
201500024134,0,31,0,0.0,2.0,1.0,1.0,A01
201500024134,0,30,0,0.0,0.0,4.0,15.0,B01
201500024135,0,7,0,0.0,2.0,1.0,15.0,A01
201500024135,0,33,0,0.0,2.0,1.0,1.0,B01
201500024136,0,33,0,0.0,2.0,8.0,1.0,B01
201500024136,0,7,0,0.0,2.0,2.0,13.0,A01
201500024137,0,32,0,0.0,1.0,1.0,5.0,A01
201500024138,0,7,0,1.0,0.0,2.0,1.0,A01
201500024138,0,7,0,0.0,0.0,6.0,24.0,B01
201500024139,0,7,0,0.0,2.0,3.0,15.0,B01
201500024139,0,7,0,0.0,0.0,6.0,24.0,C01
201500024139,0,33,0,1.0,2.0,1.0,1.0,A01
201500024140,0,7,0,0.0,0.0,3.0,13.0,B01
201500024140,0,7,0,0.0,0.0,3.0,1.0,D01
201500024140,0,7,0,0.0,2.0,3.0,1.0,C01
201500024140,0,10,0,0.0,2.0,2.0,13.0,A01
201500024141,0,33,0,0.0,1.0,1.0,0.0,A01
201500024142,0,37,1,0.0,2.0,2.0,1.0,A01
201500024142,0,1,0,0.0,2.0,0.0,1.0,B01
201500024143,0,2,0,0.0,2.0,1.0,1.0,B01
201500024143,0,7,0,0.0,2.0,5.0,15.0,A01
201500024144,0,7,0,6.0,0.0,1.0,1.0,A01
201500024145,0,7,0,0.0,0.0,4.0,23.0,B01
201500024145,0,7,0,0.0,2.0,1.0,2.0,A01
201500024146,1,7,0,0.0,1.0,1.0,0.0,Z01
201500024147,0,7,0,0.0,1.0,2.0,1.0,A01
201500024148,0,7,0,0.0,1.0,2.0,16.0,A01
201500024149,0,7,0,15.0,0.0,2.0,1.0,A01
201500024150,0,7,0,0.0,2.0,1.0,2.0,A01
201500024150,0,7,0,0.0,0.0,4.0,2.0,B01
201500024151,0,7,0,0.0,1.0,0.0,15.0,A01
201500024152,0,14,0,0.0,2.0,2.0,16.0,A01
201500024152,0,7,0,0.0,2.0,9.0,18.0,B01
201500024153,0,1,0,0.0,2.0,0.0,1.0,B01
201500024153,0,7,0,0.0,2.0,0.0,1.0,A01
201500024154,0,7,0,0.0,0.0,1.0,10.0,B01
201500024154,0,30,0,0.0,2.0,3.0,17.0,A01
201500024155,0,1,0,0.0,2.0,1.0,1.0,B01
201500024155,0,7,0,0.0,2.0,1.0,13.0,A01
201500024156,0,7,0,0.0,2.0,2.0,15.0,A01
201500024156,0,33,0,0.0,2.0,1.0,1.0,B01
201500024157,0,7,0,0.0,2.0,1.0,1.0,A01
201500024157,0,31,0,0.0,2.0,0.0,1.0,B01
201500024158,0,7,0,0.0,2.0,3.0,17.0,A01
201500024158,0,33,0,0.0,2.0,1.0,1.0,B01
201500024159,0,7,0,0.0,2.0,3.0,9.0,A01
201500024159,0,7,0,0.0,2.0,1.0,1.0,B01
201500024160,0,7,0,1.0,1.0,0.0,1.0,A01
201500024161,0,31,0,0.0,2.0,1.0,16.0,B01
201500024161,0,7,0,0.0,2.0,1.0,15.0,A01
201500024162,0,7,0,0.0,1.0,3.0,15.0,A01
201500024163,1,7,0,0.0,1.0,0.0,1.0,Z01
201500024164,0,30,0,0.0,2.0,9.0,1.0,B01
201500024164,0,7,0,0.0,2.0,1.0,9.0,A01
201500024165,0,7,0,0.0,2.0,1.0,1.0,B01
201500024165,0,7,0,0.0,2.0,3.0,15.0,A01
201500024166,1,7,0,0.0,2.0,1.0,16.0,Z01
201500024166,0,1,0,0.0,2.0,4.0,1.0,B01
201500024167,0,10,0,0.0,1.0,3.0,15.0,A01
201500024168,0,7,0,0.0,2.0,0.0,16.0,B01
201500024168,0,1,0,0.0,2.0,1.0,5.0,A01
201500024169,0,7,0,0.0,0.0,6.0,23.0,B01
201500024169,0,10,0,0.0,2.0,2.0,1.0,A01
201500024170,0,14,0,0.0,0.0,6.0,16.0,B01
201500024170,0,7,0,0.0,2.0,1.0,1.0,C01
201500024170,0,7,0,0.0,2.0,9.0,1.0,A01
201500024171,0,2,0,0.0,2.0,7.0,1.0,B01
201500024171,0,7,0,0.0,2.0,1.0,15.0,A01
201500024172,0,7,0,0.0,2.0,3.0,15.0,B01
201500024172,0,30,0,0.0,2.0,2.0,17.0,A01
201500024173,0,33,0,0.0,2.0,1.0,1.0,B01
201500024173,0,7,0,0.0,2.0,3.0,10.0,A01
201500024174,0,7,0,0.0,2.0,3.0,1.0,B01
201500024174,0,10,0,0.0,2.0,1.0,1.0,A01
201500024175,1,30,0,0.0,1.0,1.0,1.0,Z01
201500024176,0,10,0,0.0,2.0,2.0,10.0,A01
201500024176,0,33,0,0.0,2.0,1.0,1.0,B01
201500024177,0,7,0,0.0,2.0,3.0,1.0,B01
201500024177,0,7,0,0.0,2.0,3.0,15.0,A01
201500024178,0,7,0,0.0,2.0,2.0,16.0,A01
201500024178,0,1,0,0.0,2.0,3.0,1.0,B01
201500024179,0,7,0,0.0,0.0,4.0,16.0,B01
201500024179,0,1,0,0.0,2.0,1.0,2.0,A01
201500024180,0,7,0,0.0,1.0,7.0,1.0,A01
201500024181,0,7,0,1.0,0.0,9.0,23.0,C01
201500024181,0,7,0,0.0,0.0,4.0,23.0,D01
201500024181,0,10,0,1.0,0.0,1.0,1.0,A01
201500024181,0,10,0,1.0,0.0,9.0,23.0,B01
201500024182,0,7,0,0.0,2.0,2.0,1.0,A01
201500024182,0,34,0,0.0,2.0,1.0,1.0,B01
201500024183,0,2,0,0.0,1.0,3.0,1.0,A01
201500024184,0,7,0,0.0,0.0,6.0,15.0,A01
201500024184,0,31,0,0.0,2.0,2.0,1.0,B01
201500024185,0,7,0,0.0,2.0,3.0,1.0,B01
201500024185,0,7,0,0.0,2.0,3.0,13.0,A01
201500024186,0,14,0,0.0,0.0,8.0,1.0,B01
201500024186,0,7,0,0.0,2.0,1.0,1.0,A01
201500024187,0,31,0,1.0,0.0,0.0,1.0,A01
201500024188,0,7,0,0.0,2.0,1.0,1.0,B01
201500024188,0,10,0,0.0,2.0,1.0,15.0,A01
201500024189,0,7,0,0.0,0.0,5.0,16.0,B01
201500024189,0,31,0,0.0,2.0,1.0,2.0,A01
201500024190,0,7,0,0.0,1.0,4.0,4.0,A01
201500024191,0,2,0,0.0,2.0,3.0,1.0,B01
201500024191,0,7,0,0.0,0.0,1.0,15.0,A01
201500024192,0,37,1,0.0,0.0,2.0,7.0,A01
201500024192,0,7,0,0.0,0.0,4.0,23.0,B01
201500024193,0,7,0,0.0,2.0,1.0,15.0,A01
201500024193,0,33,0,0.0,2.0,1.0,1.0,B01
201500024194,0,37,1,0.0,2.0,1.0,2.0,A01
201500024194,0,7,0,0.0,0.0,4.0,16.0,B01
201500024195,0,7,0,0.0,1.0,1.0,1.0,A01
201500024196,0,10,0,0.0,1.0,2.0,17.0,A01
201500024197,0,7,0,0.0,2.0,5.0,14.0,A01
201500024197,1,14,0,0.0,2.0,0.0,1.0,Z01
201500024198,0,2,0,0.0,2.0,1.0,15.0,A01
201500024198,0,10,0,0.0,2.0,8.0,23.0,B01
201500024199,0,14,0,0.0,0.0,4.0,2.0,B01
201500024199,0,7,0,0.0,2.0,1.0,2.0,A01
201500024200,0,7,0,0.0,1.0,3.0,1.0,A01
201500024201,0,7,0,0.0,0.0,9.0,1.0,A01
201500024202,0,7,0,0.0,1.0,1.0,1.0,A01
201500024203,0,37,1,0.0,2.0,2.0,1.0,B01
201500024203,0,13,0,0.0,2.0,1.0,9.0,A01
201500024204,0,2,0,0.0,2.0,1.0,1.0,A01
201500024204,0,7,0,0.0,2.0,7.0,1.0,B01
201500024205,0,7,0,2.0,6.0,3.0,1.0,A01
201500024206,0,7,0,0.0,1.0,1.0,1.0,A01
201500024207,0,7,0,0.0,0.0,1.0,1.0,B01
201500024207,0,7,0,0.0,2.0,1.0,5.0,A01
201500024208,0,33,0,8.0,0.0,1.0,1.0,A01
201500024209,0,7,0,0.0,1.0,0.0,16.0,A01
201500024210,0,7,0,0.0,2.0,1.0,1.0,B01
201500024210,0,7,0,1.0,2.0,1.0,1.0,A01
201500024211,0,7,0,6.0,0.0,0.0,0.0,A01
201500024212,0,10,0,0.0,2.0,1.0,1.0,A01
201500024212,0,7,0,0.0,0.0,8.0,1.0,B01
201500024213,0,7,0,0.0,2.0,1.0,1.0,B01
201500024213,0,7,0,0.0,0.0,3.0,16.0,A01
201500024214,0,7,0,0.0,1.0,1.0,1.0,A01
201500024215,0,7,0,0.0,0.0,1.0,1.0,B01
201500024215,0,7,0,1.0,2.0,1.0,1.0,A01
201500024216,0,7,0,0.0,0.0,7.0,15.0,A01
201500024216,0,2,0,0.0,2.0,1.0,1.0,B01
201500024217,0,7,0,0.0,2.0,1.0,15.0,A01
201500024217,0,2,0,0.0,2.0,1.0,1.0,B01
201500024218,0,10,0,0.0,0.0,0.0,22.0,A01
201500024218,0,1,0,0.0,0.0,0.0,13.0,B01
201500024219,0,40,0,0.0,1.0,0.0,1.0,A01
201500024220,0,7,0,0.0,2.0,3.0,15.0,A01
201500024220,0,7,0,0.0,2.0,8.0,1.0,B01
201500024221,0,2,0,0.0,2.0,1.0,1.0,B01
201500024221,0,7,0,0.0,0.0,1.0,15.0,A01
201500024222,0,7,0,0.0,2.0,1.0,1.0,A01
201500024222,0,1,0,0.0,0.0,1.0,1.0,B01
201500024223,0,34,0,0.0,1.0,1.0,1.0,A01
201500024224,0,32,0,0.0,0.0,3.0,15.0,B01
201500024224,0,10,0,0.0,2.0,6.0,16.0,A01
201500024225,0,7,0,1.0,0.0,2.0,1.0,A01
201500024226,0,7,0,0.0,2.0,2.0,13.0,B01
201500024226,0,33,0,0.0,0.0,1.0,1.0,A01
201500024227,0,7,0,0.0,0.0,1.0,4.0,B01
201500024227,0,2,0,0.0,2.0,1.0,15.0,A01
201500024228,0,33,0,0.0,1.0,1.0,1.0,A01
201500024229,0,7,0,0.0,2.0,1.0,15.0,A01
201500024229,0,31,0,0.0,2.0,1.0,1.0,B01
201500024230,0,7,0,0.0,2.0,1.0,1.0,B01
201500024230,0,7,0,0.0,2.0,1.0,1.0,A01
201500024231,0,7,0,0.0,0.0,8.0,15.0,A01
201500024231,0,7,0,0.0,2.0,1.0,1.0,B01
201500024232,0,10,0,0.0,1.0,2.0,1.0,A01
201500024233,0,7,0,0.0,0.0,4.0,16.0,B01
201500024233,0,7,0,0.0,2.0,1.0,2.0,A01
201500024234,0,7,0,0.0,2.0,3.0,13.0,A01
201500024234,0,7,0,4.0,2.0,1.0,1.0,B01
201500024235,0,30,0,0.0,0.0,4.0,14.0,B01
201500024235,0,7,0,0.0,2.0,3.0,1.0,A01
201500024236,0,7,0,0.0,0.0,8.0,9.0,B01
201500024236,0,10,0,0.0,2.0,6.0,4.0,A01
201500024237,0,7,0,0.0,2.0,2.0,1.0,A01
201500024237,0,7,0,0.0,0.0,5.0,15.0,B01
201500024237,0,33,0,0.0,0.0,1.0,1.0,C01
201500024238,0,10,0,0.0,2.0,1.0,1.0,A01
201500024238,0,7,0,0.0,0.0,4.0,2.0,B01
201500024239,0,10,0,0.0,0.0,3.0,15.0,B01
201500024239,0,2,0,0.0,2.0,3.0,2.0,A01
201500024239,0,7,0,0.0,0.0,3.0,24.0,C01
201500024240,0,7,0,0.0,1.0,3.0,1.0,A01
201500024241,0,33,0,1.0,0.0,2.0,1.0,A01
201500024242,0,7,0,0.0,2.0,1.0,2.0,A01
201500024242,0,7,0,0.0,0.0,4.0,2.0,B01
201500024243,0,7,0,0.0,0.0,4.0,23.0,B01
201500024243,0,14,0,0.0,2.0,1.0,1.0,A01
201500024244,0,7,0,0.0,2.0,2.0,1.0,A01
201500024244,0,7,0,0.0,2.0,1.0,16.0,B01
201500024245,0,30,0,0.0,2.0,1.0,1.0,B01
201500024245,0,7,0,0.0,2.0,2.0,15.0,A01
201500024246,0,30,0,0.0,0.0,9.0,1.0,A01
201500024247,0,33,0,0.0,2.0,1.0,1.0,B01
201500024247,0,7,0,0.0,2.0,7.0,15.0,A01
201500024248,0,30,0,0.0,2.0,1.0,18.0,A01
201500024248,0,7,0,0.0,0.0,2.0,16.0,B01
201500024249,1,7,0,0.0,1.0,0.0,1.0,Z01
201500024250,0,7,0,0.0,2.0,7.0,15.0,A01
201500024250,0,33,0,0.0,2.0,1.0,1.0,B01
201500024251,0,2,0,0.0,2.0,7.0,1.0,B01
201500024251,1,10,0,0.0,2.0,8.0,17.0,Z01
201500024252,0,7,0,0.0,2.0,1.0,16.0,A01
201500024252,0,1,0,0.0,2.0,0.0,19.0,B01
201500024253,0,7,0,0.0,2.0,1.0,9.0,A01
201500024253,0,1,0,0.0,2.0,1.0,1.0,B01
201500024254,0,7,0,0.0,2.0,7.0,15.0,A01
201500024254,0,1,0,0.0,2.0,1.0,1.0,B01
201500024255,0,37,1,0.0,0.0,1.0,23.0,B01
201500024255,0,7,0,0.0,2.0,1.0,13.0,A01
201500024256,0,7,0,0.0,2.0,7.0,15.0,A01
201500024256,0,7,0,0.0,2.0,1.0,1.0,B01
201500024257,0,7,0,0.0,2.0,2.0,1.0,A01
201500024257,0,2,0,0.0,2.0,1.0,16.0,B01
201500024258,0,1,0,0.0,2.0,1.0,1.0,B01
201500024258,0,7,0,0.0,2.0,1.0,16.0,A01
201500024259,0,10,0,0.0,2.0,7.0,6.0,A01
201500024259,0,2,0,0.0,2.0,1.0,1.0,B01
201500024260,0,7,0,0.0,2.0,0.0,21.0,A01
201500024260,0,33,0,0.0,0.0,1.0,1.0,B01
201500024261,0,7,0,8.0,0.0,1.0,1.0,A01
201500024262,0,32,0,8.0,0.0,1.0,1.0,A01
201500024263,0,7,0,8.0,0.0,1.0,13.0,A01
201500024264,0,7,0,0.0,2.0,3.0,1.0,B01
201500024264,0,10,0,0.0,2.0,2.0,13.0,A01
201500024265,0,7,0,0.0,1.0,3.0,21.0,A01
201500024266,0,1,0,0.0,2.0,1.0,1.0,A01
201500024266,0,10,0,0.0,2.0,1.0,1.0,B01
201500024267,0,37,1,0.0,2.0,8.0,1.0,B01
201500024267,0,7,0,11.0,2.0,2.0,13.0,A01
201500024268,0,7,0,0.0,1.0,1.0,1.0,A01
201500024269,0,7,0,0.0,2.0,1.0,15.0,A01
201500024269,0,7,0,0.0,2.0,1.0,1.0,B01
201500024270,0,7,0,0.0,0.0,4.0,23.0,B01
201500024270,0,3,0,0.0,2.0,1.0,1.0,A01
201500024271,0,7,0,0.0,0.0,4.0,23.0,C01
201500024271,0,33,0,0.0,2.0,1.0,1.0,A01
201500024271,0,10,0,0.0,2.0,1.0,23.0,B01
201500024272,0,7,0,0.0,0.0,4.0,1.0,A01
201500024272,0,7,0,0.0,2.0,1.0,1.0,Z01
201500024273,0,10,0,0.0,0.0,4.0,15.0,A01
201500024273,0,33,0,0.0,2.0,1.0,1.0,B01
201500024274,0,7,0,0.0,2.0,1.0,1.0,A01
201500024274,0,7,0,1.0,0.0,3.0,2.0,B01
201500024275,0,33,0,0.0,2.0,1.0,17.0,A01
201500024275,0,7,0,0.0,2.0,3.0,15.0,B01
201500024276,0,33,0,1.0,2.0,1.0,1.0,B01
201500024276,0,7,0,0.0,0.0,2.0,15.0,A01
201500024277,0,7,0,0.0,2.0,7.0,15.0,A01
201500024277,0,2,0,0.0,2.0,1.0,0.0,B01
201500024278,0,1,0,0.0,2.0,1.0,1.0,A01
201500024278,0,7,0,0.0,0.0,5.0,15.0,B01
201500024279,0,7,0,1.0,0.0,2.0,1.0,A01
201500024280,0,10,0,0.0,2.0,1.0,1.0,A01
201500024280,0,7,0,0.0,2.0,2.0,1.0,B01
201500024281,0,7,0,0.0,2.0,1.0,1.0,A01
201500024281,0,7,0,0.0,2.0,3.0,15.0,B01
201500024282,0,7,0,0.0,2.0,8.0,15.0,B01
201500024282,0,7,0,0.0,2.0,1.0,17.0,A01
201500024283,0,7,0,0.0,2.0,2.0,1.0,B01
201500024283,0,7,0,0.0,2.0,3.0,15.0,A01
201500024284,0,7,0,0.0,1.0,1.0,1.0,A01
201500024285,0,7,0,0.0,2.0,1.0,2.0,A01
201500024285,0,7,0,0.0,0.0,4.0,1.0,B01
201500024286,0,40,150,0.0,1.0,1.0,1.0,A01
201500024287,0,7,0,7.0,0.0,1.0,15.0,A01
201500024288,0,1,0,1.0,0.0,1.0,1.0,B01
201500024288,0,7,0,0.0,0.0,3.0,22.0,A01
201500024289,0,7,0,0.0,0.0,1.0,1.0,A01
201500024289,0,7,0,0.0,2.0,1.0,1.0,B01
201500024290,0,7,0,8.0,2.0,1.0,1.0,A01
201500024290,0,7,0,0.0,2.0,1.0,1.0,B01
201500024291,0,7,0,0.0,1.0,2.0,15.0,A01
201500024292,0,10,0,0.0,0.0,5.0,24.0,B02
201500024292,0,33,0,5.0,2.0,1.0,1.0,A01
201500024293,0,10,0,0.0,0.0,7.0,16.0,A01
201500024293,0,1,0,0.0,2.0,1.0,1.0,B02
201500024294,0,34,0,0.0,0.0,0.0,1.0,B02
201500024294,0,7,0,0.0,0.0,0.0,9.0,A01
201500024295,0,33,0,0.0,2.0,1.0,1.0,B02
201500024295,0,7,0,0.0,2.0,8.0,11.0,A01
201500024296,0,31,0,0.0,2.0,1.0,2.0,B02
201500024296,0,7,0,0.0,0.0,4.0,1.0,A01
201500024297,0,33,0,8.0,0.0,1.0,1.0,A01
201500024298,0,30,0,0.0,1.0,1.0,1.0,A01
201500024299,0,7,0,0.0,0.0,1.0,1.0,B02
201500024299,0,31,0,0.0,0.0,1.0,19.0,A01
201500024300,0,7,0,0.0,2.0,1.0,9.0,A01
201500024300,0,33,0,0.0,2.0,1.0,1.0,B02
201500024301,0,7,0,2.0,0.0,1.0,1.0,A01
201500024302,0,33,0,0.0,2.0,3.0,1.0,B02
201500024302,0,7,0,0.0,2.0,2.0,16.0,A01
201500024303,0,7,0,0.0,2.0,3.0,11.0,A01
201500024303,0,32,0,0.0,2.0,6.0,1.0,B02
201500024304,0,7,0,0.0,0.0,2.0,1.0,A01
201500024305,0,7,0,0.0,2.0,1.0,15.0,A01
201500024305,0,31,0,0.0,2.0,8.0,18.0,B02
201500024306,0,10,0,0.0,2.0,2.0,16.0,A01
201500024306,0,30,0,0.0,2.0,1.0,0.0,B02
201500024307,0,10,0,0.0,2.0,2.0,15.0,A01