Num_Acc,senc,catv,occutc,obs,obsm,choc,manv,num_veh
201500024307,0,33,0,0.0,2.0,1.0,0.0,B02
201500024308,0,7,0,0.0,1.0,2.0,1.0,A01
201500024309,0,33,0,12.0,0.0,1.0,1.0,A01
201500024310,0,34,0,0.0,0.0,7.0,1.0,A01
201500024311,0,31,0,0.0,2.0,1.0,1.0,A01
201500024311,0,7,0,0.0,2.0,5.0,16.0,B02
201500024312,0,34,0,0.0,2.0,1.0,17.0,B02
201500024312,0,10,0,0.0,2.0,6.0,15.0,A01
201500024313,0,7,0,0.0,0.0,1.0,15.0,A01
201500024313,0,7,0,0.0,0.0,3.0,1.0,B02
201500024314,0,33,0,0.0,0.0,1.0,1.0,A01
201500024314,0,14,0,0.0,0.0,0.0,0.0,B02
201500024315,0,31,0,0.0,2.0,1.0,1.0,B01
201500024315,0,7,0,0.0,2.0,1.0,15.0,A01
201500024316,0,7,0,3.0,0.0,1.0,0.0,A01
201500024317,0,7,0,0.0,2.0,3.0,11.0,A01
201500024317,0,33,0,0.0,2.0,1.0,1.0,B01
201500024318,0,2,0,0.0,2.0,1.0,15.0,A01
201500024318,0,7,0,0.0,2.0,3.0,1.0,B01
201500024319,0,7,0,0.0,2.0,2.0,1.0,B01
201500024319,0,7,0,0.0,2.0,1.0,1.0,C01
201500024319,0,7,0,0.0,2.0,1.0,0.0,A01
201500024320,0,7,0,0.0,2.0,8.0,1.0,B01
201500024320,0,7,0,0.0,2.0,1.0,13.0,A01
201500024320,0,7,0,0.0,2.0,1.0,1.0,C01
201500024321,0,7,0,0.0,1.0,1.0,1.0,A01
201500024322,0,33,0,0.0,0.0,0.0,0.0,A01
201500024323,0,7,0,0.0,2.0,2.0,17.0,A01
201500024323,0,7,0,2.0,2.0,4.0,1.0,B01
201500024324,0,33,0,8.0,0.0,0.0,1.0,A01
201500024325,0,7,0,0.0,2.0,0.0,1.0,B01
201500024325,0,7,0,0.0,2.0,0.0,16.0,A01
201500024326,0,1,0,0.0,0.0,0.0,0.0,A01
201500024326,0,1,0,0.0,0.0,0.0,0.0,B01
201500024327,0,30,0,0.0,2.0,1.0,17.0,A01
201500024327,0,7,0,0.0,2.0,3.0,15.0,B01
201500024328,0,7,0,0.0,2.0,1.0,17.0,A01
201500024328,0,7,0,0.0,2.0,1.0,1.0,B01
201500024329,0,7,0,0.0,2.0,1.0,19.0,B01
201500024329,0,32,0,0.0,2.0,7.0,1.0,A01
201500024330,0,7,0,0.0,2.0,2.0,0.0,A01
201500024330,0,1,0,0.0,2.0,1.0,0.0,B01
201500024331,0,7,0,0.0,1.0,1.0,1.0,A01
201500024332,0,10,0,0.0,2.0,7.0,1.0,B01
201500024332,0,1,0,0.0,2.0,1.0,19.0,A01
201500024333,0,7,0,0.0,0.0,9.0,16.0,A01
201500024334,0,33,0,0.0,2.0,1.0,1.0,B01
201500024334,0,7,0,0.0,2.0,5.0,15.0,A01
201500024335,0,33,0,0.0,0.0,1.0,1.0,B01
201500024335,0,7,0,0.0,0.0,2.0,15.0,A01
201500024336,0,7,0,0.0,2.0,3.0,1.0,A01
201500024336,0,10,0,0.0,2.0,5.0,0.0,B01
201500024337,0,14,0,0.0,1.0,7.0,1.0,A01
201500024338,0,7,0,8.0,0.0,0.0,0.0,A01
201500024339,0,7,0,0.0,1.0,1.0,15.0,A01
201500024340,0,7,0,0.0,1.0,2.0,1.0,A01
201500024341,0,7,0,0.0,2.0,3.0,1.0,C01
201500024341,0,7,0,0.0,2.0,3.0,13.0,A01
201500024341,0,10,0,0.0,2.0,1.0,1.0,B01
201500024342,0,2,0,0.0,2.0,7.0,9.0,A01
201500024342,0,2,0,0.0,2.0,1.0,1.0,B01
201500024343,0,7,0,0.0,1.0,0.0,0.0,A01
201500024344,0,7,0,0.0,2.0,1.0,1.0,B01
201500024344,0,33,0,0.0,9.0,1.0,5.0,A01
201500024345,0,7,0,0.0,0.0,0.0,0.0,A01
201500024346,0,7,0,0.0,2.0,3.0,15.0,A01
201500024346,0,33,0,0.0,2.0,2.0,1.0,B01
201500024347,0,10,0,0.0,9.0,1.0,1.0,C01
201500024347,0,30,0,0.0,2.0,1.0,1.0,B01
201500024347,0,10,0,0.0,2.0,3.0,16.0,A01
201500024348,1,7,0,0.0,1.0,3.0,1.0,Z01
201500024349,0,2,0,0.0,2.0,1.0,5.0,B01
201500024349,1,7,0,0.0,2.0,1.0,1.0,Z01
201500024350,0,7,0,0.0,2.0,3.0,15.0,A01
201500024350,0,7,0,0.0,2.0,0.0,1.0,B01
201500024351,0,7,0,0.0,1.0,2.0,1.0,A01
201500024352,0,1,0,0.0,1.0,0.0,0.0,A01
201500024353,0,33,0,0.0,2.0,1.0,1.0,B01
201500024353,0,7,0,0.0,2.0,3.0,10.0,A01
201500024354,0,30,0,0.0,2.0,1.0,1.0,A01
201500024354,0,30,0,0.0,2.0,8.0,0.0,B01
201500024355,0,1,0,0.0,0.0,0.0,0.0,Z01
201500024356,0,36,0,1.0,0.0,0.0,0.0,A01
201500024357,0,7,0,6.0,0.0,1.0,1.0,A01
201500024358,0,7,0,0.0,2.0,7.0,1.0,B01
201500024358,0,7,0,8.0,2.0,1.0,6.0,A01
201500024358,0,7,0,0.0,2.0,4.0,1.0,C01
201500024358,0,7,0,0.0,2.0,4.0,1.0,D01
201500024359,0,33,0,0.0,2.0,7.0,1.0,B01
201500024359,0,7,0,0.0,2.0,1.0,16.0,A01
201500024360,1,7,0,0.0,1.0,0.0,0.0,Z01
201500024361,0,32,0,0.0,2.0,7.0,1.0,B01
201500024361,1,7,0,0.0,2.0,1.0,9.0,A01
201500024362,0,7,0,0.0,2.0,1.0,13.0,A01
201500024362,0,7,0,1.0,2.0,1.0,1.0,B01
201500024362,0,7,0,1.0,2.0,1.0,1.0,D01
201500024363,1,7,0,0.0,2.0,1.0,0.0,A01
201500024363,0,30,0,1.0,2.0,1.0,1.0,B01
201500024364,0,7,0,0.0,2.0,3.0,0.0,A01
201500024364,0,7,0,0.0,0.0,0.0,0.0,B01
201500024365,0,7,0,0.0,1.0,1.0,0.0,A01
201500024366,0,7,0,8.0,0.0,0.0,0.0,A01
201500024367,1,7,0,0.0,1.0,1.0,1.0,A01
201500024368,0,31,0,0.0,0.0,0.0,1.0,A01
201500024369,0,7,0,0.0,2.0,4.0,2.0,B01
201500024369,0,15,0,0.0,2.0,1.0,1.0,A01
201500024370,0,7,0,0.0,1.0,1.0,17.0,A01
201500024371,0,10,0,13.0,0.0,9.0,1.0,A01
201500024372,0,31,0,0.0,2.0,1.0,1.0,B01
201500024372,0,7,0,0.0,2.0,8.0,9.0,A01
201500024373,0,33,0,0.0,2.0,7.0,1.0,B01
201500024373,0,7,0,0.0,2.0,3.0,11.0,A01
201500024374,0,7,0,0.0,2.0,3.0,1.0,B01
201500024374,0,2,0,0.0,2.0,1.0,19.0,A01
201500024375,0,7,0,0.0,2.0,6.0,9.0,A01
201500024375,0,7,0,0.0,2.0,1.0,1.0,B01
201500024376,0,7,0,0.0,1.0,1.0,1.0,A01
201500024377,0,7,0,0.0,2.0,7.0,1.0,B01
201500024377,0,2,0,0.0,2.0,1.0,1.0,A01
201500024378,0,7,0,0.0,2.0,1.0,1.0,B01
201500024378,0,7,0,0.0,2.0,3.0,1.0,A01
201500024379,0,7,0,0.0,2.0,1.0,13.0,A01
201500024379,0,7,0,0.0,2.0,1.0,1.0,B01
201500024380,0,33,0,0.0,2.0,1.0,17.0,A01
201500024380,0,7,0,0.0,2.0,8.0,15.0,B01
201500024381,0,7,0,0.0,1.0,2.0,1.0,A01
201500024382,0,30,0,7.0,2.0,4.0,1.0,A01
201500024382,0,7,0,0.0,2.0,2.0,1.0,B01
201500024383,0,3,0,0.0,2.0,4.0,0.0,B01
201500024383,0,7,0,0.0,2.0,1.0,1.0,A01
201500024384,0,7,0,0.0,2.0,8.0,1.0,B01
201500024384,0,2,0,0.0,1.0,1.0,17.0,A01
201500024385,0,7,0,2.0,0.0,5.0,1.0,A01
201500024386,0,7,0,0.0,1.0,1.0,15.0,A01
201500024387,0,7,0,0.0,1.0,1.0,1.0,B01
201500024387,0,7,0,0.0,1.0,1.0,1.0,A01
201500024388,0,7,0,0.0,2.0,4.0,1.0,B01
201500024388,0,7,0,0.0,2.0,1.0,2.0,A01
201500024389,0,7,0,0.0,2.0,1.0,1.0,A01
201500024389,0,7,0,0.0,2.0,4.0,1.0,B01
201500024390,0,7,0,0.0,1.0,2.0,0.0,A01
201500024391,1,7,0,0.0,2.0,3.0,2.0,Z01
201500024391,0,7,0,8.0,2.0,1.0,1.0,B01
201500024392,0,7,0,0.0,2.0,4.0,1.0,B01
201500024392,0,7,0,0.0,2.0,1.0,1.0,A01
201500024393,0,34,0,0.0,2.0,1.0,0.0,B01
201500024393,0,7,0,0.0,2.0,1.0,17.0,A01
201500024393,0,7,0,0.0,2.0,2.0,0.0,C01
201500024394,0,7,0,13.0,0.0,1.0,1.0,A01
201500024395,0,34,0,0.0,2.0,0.0,21.0,B01
201500024395,0,7,0,0.0,2.0,6.0,13.0,A01
201500024396,0,7,0,0.0,1.0,2.0,1.0,A01
201500024397,0,7,0,0.0,2.0,1.0,15.0,A01
201500024397,0,1,0,0.0,2.0,3.0,1.0,B01
201500024398,1,7,0,0.0,1.0,0.0,0.0,Z01
201500024399,0,7,0,4.0,0.0,3.0,0.0,A01
201500024400,0,7,0,0.0,2.0,3.0,15.0,A01
201500024400,0,30,0,0.0,2.0,1.0,1.0,B01
201500024401,0,7,0,0.0,2.0,3.0,1.0,B01
201500024401,0,31,0,0.0,2.0,2.0,15.0,A01
201500024402,0,7,0,0.0,2.0,7.0,15.0,A01
201500024403,0,7,0,0.0,1.0,1.0,1.0,A01
201500024404,0,7,0,0.0,2.0,3.0,3.0,A01
201500024404,0,32,0,0.0,2.0,8.0,5.0,B01
201500024405,0,1,0,0.0,0.0,4.0,2.0,B01
201500024405,0,7,0,0.0,0.0,2.0,2.0,A01
201500024406,0,7,0,0.0,0.0,8.0,10.0,B01
201500024406,0,7,0,0.0,2.0,2.0,2.0,A01
201500024407,0,7,0,0.0,2.0,2.0,9.0,A01
201500024407,0,7,0,0.0,2.0,1.0,1.0,B01
201500024408,0,31,0,0.0,2.0,8.0,1.0,B01
201500024408,0,7,0,0.0,2.0,1.0,1.0,A01
201500024409,0,7,0,0.0,1.0,2.0,1.0,A01
201500024410,0,2,0,0.0,2.0,7.0,2.0,A01
201500024410,0,2,0,0.0,2.0,3.0,2.0,B01
201500024411,0,7,0,11.0,0.0,1.0,14.0,A01
201500024412,0,7,0,14.0,2.0,8.0,10.0,A01
201500024412,0,40,0,0.0,4.0,1.0,1.0,B01
201500024413,0,7,0,12.0,2.0,1.0,1.0,B01
201500024413,0,7,0,15.0,2.0,1.0,13.0,A01
201500024414,0,3,0,0.0,2.0,1.0,1.0,B01
201500024414,0,30,0,0.0,2.0,1.0,15.0,A01
201500024415,0,7,0,0.0,2.0,4.0,1.0,B01
201500024415,0,7,0,4.0,0.0,2.0,12.0,A01
201500024416,0,33,0,0.0,2.0,1.0,2.0,A01
201500024416,0,7,0,0.0,0.0,5.0,23.0,B01
201500024417,0,7,0,0.0,2.0,4.0,15.0,B01
201500024417,0,14,0,0.0,2.0,3.0,5.0,C01
201500024417,0,7,0,0.0,2.0,1.0,15.0,A01
201500024418,0,7,0,14.0,0.0,4.0,2.0,B01
201500024418,0,10,0,14.0,0.0,4.0,2.0,C01
201500024418,0,7,0,14.0,0.0,1.0,2.0,A01
201500024419,0,33,0,0.0,2.0,1.0,2.0,A01
201500024419,0,7,0,0.0,0.0,2.0,16.0,B01
201500024420,0,7,0,0.0,2.0,1.0,1.0,B01
201500024420,0,7,0,0.0,2.0,3.0,1.0,A01
201500024421,0,32,0,0.0,2.0,1.0,1.0,A01
201500024421,0,7,0,0.0,2.0,6.0,15.0,B01
201500024422,0,34,0,0.0,2.0,4.0,1.0,B01
201500024422,0,7,0,0.0,2.0,1.0,1.0,A01
201500024423,0,7,0,0.0,2.0,3.0,13.0,A01
201500024423,0,7,0,0.0,2.0,3.0,1.0,B01
201500024424,0,7,0,15.0,0.0,1.0,0.0,A01
201500024425,0,7,0,0.0,2.0,3.0,16.0,B01
201500024425,0,7,0,0.0,2.0,2.0,19.0,A01
201500024426,0,7,0,0.0,2.0,2.0,11.0,A01
201500024426,0,33,0,14.0,2.0,1.0,5.0,B01
201500024427,0,1,0,0.0,4.0,0.0,19.0,B01
201500024427,0,40,0,0.0,2.0,3.0,1.0,A01
201500024428,0,7,0,9.0,1.0,2.0,0.0,A01
201500024429,0,2,0,6.0,2.0,1.0,21.0,B01
201500024429,0,7,0,0.0,2.0,8.0,15.0,A01
201500024430,0,7,0,0.0,1.0,2.0,1.0,B01
201500024431,0,7,0,0.0,1.0,2.0,1.0,A01
201500024432,0,33,0,0.0,2.0,1.0,21.0,A01
201500024432,0,7,0,0.0,2.0,6.0,1.0,B01
201500024433,0,7,0,0.0,2.0,7.0,15.0,A01
201500024433,0,34,0,0.0,2.0,1.0,1.0,B01
201500024434,0,7,0,0.0,2.0,2.0,15.0,A01
201500024434,0,7,0,0.0,2.0,1.0,1.0,B01
201500024435,0,33,0,0.0,2.0,7.0,17.0,A01
201500024435,0,7,0,0.0,2.0,3.0,1.0,C01
201500024435,0,7,0,0.0,2.0,8.0,1.0,B01
201500024436,0,7,0,0.0,1.0,8.0,1.0,A01
201500024437,0,1,0,0.0,2.0,7.0,9.0,B01
201500024437,0,7,0,0.0,2.0,1.0,1.0,A01
201500024438,0,7,0,0.0,1.0,2.0,0.0,A01
201500024439,0,7,0,0.0,1.0,2.0,1.0,A01
201500024440,0,7,0,0.0,2.0,4.0,2.0,B01
201500024440,0,7,0,0.0,2.0,1.0,2.0,A01
201500024441,0,1,0,0.0,2.0,0.0,1.0,A01
201500024441,0,7,0,0.0,0.0,0.0,16.0,B01
201500024442,0,7,0,0.0,0.0,3.0,0.0,B01
201500024442,0,30,0,0.0,2.0,1.0,11.0,A01
201500024443,0,7,0,0.0,2.0,7.0,1.0,C01
201500024443,0,7,0,0.0,2.0,8.0,22.0,A01
201500024443,0,1,0,0.0,2.0,1.0,1.0,B01
201500024444,0,1,0,0.0,0.0,0.0,0.0,B01
201500024444,0,10,0,0.0,0.0,0.0,0.0,A01
201500024445,0,7,0,0.0,2.0,0.0,23.0,C01
201500024445,0,7,0,0.0,0.0,0.0,23.0,D01
201500024445,0,33,0,0.0,2.0,1.0,1.0,B01
201500024445,0,10,0,0.0,2.0,2.0,15.0,A01
201500024446,0,7,0,2.0,0.0,1.0,0.0,A01
201500024447,0,33,0,0.0,2.0,3.0,1.0,A01
201500024447,1,7,0,0.0,2.0,3.0,15.0,Z01
201500024448,0,34,0,0.0,2.0,7.0,17.0,B01
201500024448,0,7,0,0.0,2.0,3.0,11.0,A01
201500024449,0,7,0,0.0,2.0,8.0,10.0,A01
201500024449,0,32,0,0.0,0.0,0.0,0.0,B01
201500024450,0,7,0,0.0,9.0,4.0,2.0,B01
201500024450,0,7,0,0.0,2.0,1.0,2.0,A01
201500024451,0,7,0,0.0,2.0,1.0,15.0,A01
201500024451,0,7,0,0.0,2.0,1.0,1.0,B01
201500024452,2,7,0,8.0,0.0,1.0,1.0,A01
201500024453,0,7,0,0.0,0.0,7.0,1.0,A01
201500024453,0,2,0,0.0,2.0,1.0,1.0,B01
201500024454,0,7,0,0.0,2.0,5.0,15.0,A01
201500024454,0,31,0,0.0,2.0,1.0,1.0,B01
201500024455,0,7,0,0.0,1.0,2.0,16.0,A01
201500024456,0,7,0,0.0,1.0,1.0,1.0,A01
201500024456,0,7,0,0.0,2.0,1.0,15.0,B01
201500024457,0,10,0,0.0,1.0,6.0,1.0,A01
201500024458,0,7,0,0.0,2.0,3.0,11.0,A01
201500024458,0,7,0,0.0,2.0,3.0,1.0,B01
201500024459,0,7,0,0.0,2.0,9.0,1.0,A01
201500024459,0,2,0,0.0,0.0,0.0,0.0,B01
201500024460,0,30,0,0.0,2.0,1.0,1.0,B01
201500024460,0,7,0,0.0,2.0,1.0,5.0,A01
201500024461,0,7,0,1.0,1.0,4.0,15.0,A01
201500024461,1,7,0,0.0,2.0,1.0,2.0,Z01
201500024462,0,7,0,0.0,2.0,3.0,15.0,A01
201500024462,0,31,0,0.0,2.0,1.0,17.0,B01
201500024463,0,7,0,0.0,1.0,8.0,15.0,A01
201500024464,0,7,0,0.0,2.0,1.0,2.0,A01
201500024464,0,7,0,0.0,0.0,7.0,15.0,B01
201500024465,0,2,0,0.0,2.0,1.0,1.0,B01
201500024465,0,7,0,0.0,2.0,2.0,15.0,A01
201500024466,0,7,0,0.0,2.0,1.0,1.0,A01
201500024466,0,7,0,0.0,2.0,3.0,1.0,B01
201500024467,0,7,0,11.0,0.0,1.0,14.0,A01
201500024468,0,33,0,0.0,2.0,1.0,1.0,A01
201500024468,0,7,0,0.0,2.0,2.0,15.0,B01
201500024469,0,1,0,0.0,2.0,8.0,1.0,A01
201500024469,1,7,0,0.0,2.0,0.0,15.0,Z01
201500024470,0,15,0,0.0,0.0,3.0,10.0,A01
201500024470,0,33,0,0.0,2.0,1.0,13.0,B01
201500024471,0,33,0,0.0,2.0,1.0,21.0,A01
201500024471,0,14,0,0.0,2.0,8.0,15.0,B01
201500024472,0,7,0,0.0,1.0,3.0,15.0,A01
201500024473,2,7,0,0.0,2.0,2.0,1.0,Z01
201500024473,0,7,0,0.0,2.0,3.0,16.0,A01
201500024474,1,7,0,0.0,1.0,0.0,15.0,Z01
201500024475,0,1,0,14.0,0.0,1.0,1.0,A01
201500024476,0,1,0,0.0,2.0,1.0,0.0,B01
201500024476,0,7,0,0.0,2.0,5.0,15.0,A01
201500024477,0,2,0,0.0,2.0,7.0,17.0,A01
201500024477,0,7,0,0.0,2.0,3.0,1.0,B01
201500024478,0,7,0,0.0,2.0,3.0,15.0,A01
201500024478,0,1,0,0.0,2.0,1.0,1.0,B01
201500024479,0,7,0,0.0,9.0,7.0,16.0,A01
201500024479,0,1,0,0.0,2.0,6.0,1.0,B01
201500024480,0,7,0,0.0,2.0,2.0,15.0,A01
201500024480,0,32,0,0.0,2.0,1.0,1.0,B01
201500024481,0,10,0,0.0,2.0,1.0,15.0,A01
201500024481,0,33,0,0.0,2.0,1.0,1.0,B01
201500024482,0,7,0,0.0,1.0,2.0,0.0,A01
201500024483,0,33,0,0.0,0.0,8.0,1.0,A01
201500024484,0,33,0,0.0,2.0,1.0,2.0,A01
201500024484,0,7,0,0.0,2.0,6.0,1.0,B01
201500024485,0,7,0,0.0,2.0,1.0,1.0,A01
201500024485,0,7,0,0.0,2.0,8.0,1.0,B01
201500024486,0,7,0,0.0,0.0,0.0,0.0,B01
201500024486,0,7,0,0.0,2.0,2.0,15.0,A01
201500024487,0,7,0,0.0,1.0,1.0,1.0,A01
201500024488,0,7,0,0.0,2.0,2.0,15.0,A01
201500024488,0,32,0,0.0,2.0,1.0,1.0,B01
201500024489,0,7,0,0.0,1.0,7.0,1.0,A01
201500024490,0,7,0,0.0,2.0,3.0,9.0,A01
201500024490,0,7,0,0.0,2.0,2.0,1.0,B01
201500024491,0,7,0,0.0,2.0,1.0,1.0,A01
201500024491,0,33,0,0.0,2.0,7.0,0.0,B01
201500024492,0,7,0,0.0,2.0,3.0,19.0,A01
201500024492,0,33,0,0.0,2.0,1.0,1.0,B01
201500024493,0,7,0,0.0,2.0,2.0,15.0,A01
201500024493,0,33,0,0.0,2.0,1.0,1.0,B01
201500024494,0,7,0,0.0,2.0,1.0,2.0,A01
201500024494,0,7,0,0.0,2.0,4.0,2.0,B01
201500024495,0,14,0,0.0,0.0,7.0,2.0,A01
201500024496,0,7,0,0.0,2.0,1.0,15.0,A01
201500024496,0,33,0,0.0,2.0,8.0,0.0,B01
201500024497,0,33,0,0.0,2.0,1.0,10.0,A01
201500024497,0,7,0,0.0,0.0,0.0,1.0,B01
201500024498,0,33,0,0.0,2.0,8.0,2.0,A01
201500024499,0,33,0,0.0,2.0,1.0,17.0,B01
201500024499,0,7,0,0.0,2.0,8.0,15.0,A01
201500024500,0,7,0,0.0,1.0,3.0,15.0,A01
201500024501,0,7,0,0.0,2.0,1.0,5.0,A01
201500024501,0,7,0,0.0,2.0,1.0,1.0,B01
201500024502,0,2,0,0.0,2.0,1.0,1.0,B01
201500024502,0,10,0,0.0,2.0,7.0,15.0,A01
201500024503,0,7,0,0.0,1.0,3.0,1.0,A01
201500024504,0,7,0,0.0,2.0,4.0,23.0,B01
201500024504,0,7,0,0.0,0.0,4.0,23.0,D01
201500024504,0,10,0,0.0,2.0,4.0,23.0,C01
201500024504,0,7,0,0.0,2.0,1.0,1.0,A01
201500024505,0,7,0,0.0,0.0,4.0,23.0,B01
201500024505,0,1,0,0.0,2.0,1.0,2.0,A01
201500024506,0,32,0,0.0,2.0,1.0,11.0,A01
201500024506,0,7,0,0.0,0.0,6.0,23.0,B01
201500024507,0,34,0,0.0,2.0,1.0,2.0,B01
201500024507,0,7,0,0.0,0.0,6.0,16.0,A01
201500024508,0,33,0,0.0,2.0,1.0,1.0,B01
201500024508,0,7,0,0.0,2.0,1.0,15.0,A01
201500024509,0,1,0,0.0,2.0,1.0,5.0,B01
201500024509,0,7,0,0.0,2.0,1.0,16.0,A01
201500024510,0,7,0,0.0,1.0,3.0,0.0,A01
201500024511,0,33,0,0.0,2.0,0.0,0.0,A01
201500024511,0,7,0,0.0,2.0,3.0,0.0,B01
201500024512,0,31,0,0.0,2.0,1.0,1.0,B01
201500024512,0,7,0,0.0,2.0,3.0,15.0,A01
201500024513,0,34,0,0.0,1.0,0.0,0.0,A01
201500024514,0,1,0,0.0,2.0,1.0,1.0,B01
201500024514,0,7,0,0.0,2.0,2.0,15.0,A01
201500024515,0,32,0,8.0,0.0,1.0,1.0,A01
201500024516,0,7,0,0.0,0.0,0.0,0.0,A01
201500024517,0,34,0,0.0,2.0,1.0,1.0,A01
201500024517,0,7,0,0.0,2.0,8.0,15.0,B01
201500024518,0,7,0,0.0,2.0,3.0,16.0,B01
201500024518,0,33,0,0.0,2.0,7.0,17.0,A01
201500024519,0,7,0,0.0,2.0,1.0,1.0,B01
201500024519,0,1,0,0.0,2.0,0.0,5.0,A01
201500024520,0,7,0,0.0,1.0,3.0,1.0,A01
201500024521,0,7,0,0.0,2.0,3.0,0.0,A01
201500024521,0,7,0,0.0,2.0,0.0,0.0,B01
201500024522,0,10,0,0.0,1.0,4.0,4.0,A01
201500024523,0,31,0,0.0,2.0,1.0,2.0,A01
201500024523,0,7,0,0.0,0.0,6.0,2.0,B01
201500024524,0,7,0,0.0,1.0,1.0,1.0,A01
201500024525,0,15,0,3.0,0.0,1.0,2.0,A01
201500024526,1,7,0,0.0,2.0,0.0,19.0,A01
201500024526,0,33,0,0.0,2.0,2.0,0.0,B01
201500024527,0,7,0,0.0,0.0,4.0,23.0,C01
201500024527,0,7,0,0.0,2.0,1.0,1.0,A01
201500024527,0,7,0,0.0,2.0,4.0,23.0,B01
201500024528,0,7,0,11.0,0.0,1.0,1.0,A01
201500024529,0,7,0,0.0,2.0,1.0,0.0,B01
201500024529,2,7,0,0.0,2.0,1.0,0.0,A01
201500024530,0,30,0,0.0,0.0,7.0,14.0,A01
201500024531,0,7,0,0.0,0.0,6.0,2.0,B01
201500024531,0,33,0,0.0,2.0,1.0,12.0,A01
201500024532,0,38,30,0.0,2.0,1.0,1.0,B01
201500024532,0,7,0,0.0,2.0,0.0,16.0,A01
201500024533,0,2,0,0.0,2.0,1.0,3.0,A01
201500024533,0,7,0,0.0,2.0,6.0,1.0,B01
201500024534,0,33,0,0.0,1.0,1.0,1.0,A01
201500024535,0,7,0,0.0,1.0,1.0,1.0,A01
201500024536,0,7,0,0.0,1.0,1.0,2.0,A01
201500024537,0,30,0,0.0,2.0,4.0,2.0,B01
201500024537,0,7,0,0.0,2.0,2.0,2.0,A01
201500024538,0,7,0,0.0,1.0,1.0,1.0,A01
201500024539,0,2,0,0.0,2.0,1.0,1.0,B01
201500024539,0,1,0,0.0,2.0,1.0,17.0,A01
201500024540,0,7,0,0.0,2.0,1.0,23.0,B01
201500024540,0,7,0,0.0,2.0,1.0,7.0,A01
201500024541,2,7,0,0.0,2.0,1.0,1.0,A01
201500024541,0,7,0,0.0,2.0,7.0,15.0,B01
201500024542,0,7,0,0.0,2.0,6.0,15.0,B01
201500024542,0,33,0,0.0,2.0,1.0,1.0,A01
201500024543,2,7,0,12.0,0.0,1.0,16.0,A01
201500024543,0,7,0,12.0,0.0,7.0,15.0,B01
201500024544,0,33,0,12.0,0.0,0.0,0.0,A01
201500024545,0,32,0,2.0,0.0,1.0,0.0,A01
201500024546,0,7,0,0.0,2.0,7.0,1.0,B01
201500024546,0,7,0,0.0,2.0,1.0,10.0,A01
201500024547,0,7,0,12.0,0.0,7.0,16.0,A01
201500024548,0,7,0,0.0,1.0,1.0,1.0,A01
201500024549,0,7,0,0.0,9.0,0.0,0.0,A01
201500024550,0,7,0,0.0,2.0,2.0,21.0,B01
201500024550,0,7,0,0.0,2.0,3.0,10.0,A01
201500024551,0,7,0,0.0,2.0,3.0,15.0,B01
201500024551,0,1,0,0.0,2.0,1.0,0.0,A01
201500024552,0,7,0,0.0,2.0,4.0,2.0,B01
201500024552,0,7,0,0.0,2.0,4.0,15.0,C01
201500024552,0,7,0,0.0,2.0,1.0,2.0,A01
201500024553,0,7,0,0.0,1.0,2.0,0.0,A01
201500024554,0,2,0,0.0,2.0,1.0,5.0,A01
201500024554,0,10,0,0.0,2.0,3.0,15.0,B01
201500024555,0,7,0,0.0,1.0,3.0,1.0,A01
201500024556,0,7,0,0.0,0.0,0.0,0.0,A01
201500024556,0,34,0,0.0,2.0,1.0,1.0,B01
201500024557,0,7,0,0.0,0.0,5.0,1.0,A01
201500024557,1,7,0,0.0,2.0,3.0,3.0,Z01
201500024558,0,7,0,0.0,2.0,7.0,1.0,B01
201500024558,0,32,0,0.0,2.0,3.0,9.0,A01
201500024559,0,7,0,0.0,2.0,3.0,1.0,B01
201500024559,0,7,0,0.0,2.0,3.0,5.0,A01
201500024560,0,7,0,0.0,2.0,7.0,15.0,A01
201500024560,0,33,0,0.0,2.0,1.0,1.0,B01
201500024561,0,33,0,0.0,1.0,1.0,17.0,A01
201500024562,0,7,0,0.0,1.0,3.0,1.0,A01
201500024563,0,7,0,0.0,2.0,6.0,1.0,B01
201500024563,1,10,0,0.0,2.0,3.0,1.0,A01
201500024564,0,7,0,0.0,1.0,1.0,3.0,A01
201500024565,0,7,0,0.0,2.0,4.0,23.0,B01
201500024565,0,10,0,0.0,2.0,1.0,2.0,A01
201500024566,0,7,0,0.0,2.0,1.0,21.0,C01
201500024566,0,33,0,0.0,2.0,4.0,15.0,B01
201500024566,0,7,0,0.0,2.0,1.0,0.0,A01
201500024567,0,7,0,0.0,0.0,6.0,0.0,B01
201500024567,0,7,0,0.0,2.0,2.0,17.0,A01
201500024568,0,7,0,0.0,9.0,1.0,15.0,A01
201500024568,0,1,0,0.0,2.0,8.0,1.0,B01
201500024569,0,7,0,0.0,2.0,7.0,1.0,A01
201500024569,0,30,0,0.0,2.0,3.0,1.0,B01
201500024570,0,7,0,0.0,2.0,1.0,0.0,B01
201500024570,0,33,0,0.0,1.0,1.0,21.0,A01
201500024571,0,31,0,0.0,2.0,1.0,1.0,B01
201500024571,0,14,0,0.0,2.0,6.0,14.0,A01
201500024572,0,7,0,0.0,2.0,1.0,1.0,A01
201500024572,0,7,0,0.0,2.0,4.0,0.0,B01
201500024573,0,1,0,0.0,2.0,1.0,1.0,B01
201500024573,0,10,0,0.0,2.0,1.0,15.0,A01
201500024574,0,33,0,0.0,2.0,1.0,1.0,B01