Num_Acc,senc,catv,occutc,obs,obsm,choc,manv,num_veh
201500024574,0,7,0,0.0,2.0,1.0,15.0,A01
201500024575,0,34,0,0.0,2.0,1.0,1.0,B01
201500024575,0,7,0,0.0,2.0,2.0,15.0,A01
201500024576,0,33,0,0.0,2.0,1.0,1.0,A01
201500024576,0,17,0,0.0,2.0,5.0,10.0,B01
201500024577,0,34,0,0.0,0.0,1.0,1.0,B01
201500024577,1,7,0,0.0,0.0,7.0,15.0,A01
201500024578,0,7,0,0.0,1.0,3.0,1.0,A01
201500024579,0,7,0,5.0,2.0,1.0,0.0,A01
201500024579,0,7,0,0.0,2.0,2.0,0.0,B01
201500024580,0,33,0,12.0,0.0,0.0,0.0,A01
201500024581,1,33,0,0.0,1.0,1.0,0.0,A01
201500024582,0,30,0,0.0,2.0,1.0,1.0,B01
201500024582,0,7,0,0.0,2.0,1.0,15.0,A01
201500024583,0,33,0,0.0,2.0,1.0,1.0,B01
201500024583,0,7,0,0.0,2.0,2.0,19.0,A01
201500024584,0,33,0,0.0,0.0,8.0,1.0,A01
201500024585,0,31,0,0.0,0.0,7.0,9.0,A01
201500024586,0,7,0,0.0,2.0,8.0,1.0,B01
201500024586,0,30,0,0.0,2.0,7.0,2.0,A01
201500024587,0,7,0,0.0,2.0,6.0,1.0,C01
201500024587,0,7,0,0.0,2.0,1.0,2.0,A01
201500024587,0,7,0,0.0,2.0,4.0,2.0,B01
201500024588,0,7,0,0.0,1.0,3.0,15.0,A01
201500024589,0,7,0,0.0,1.0,3.0,1.0,A01
201500024590,0,7,0,0.0,1.0,1.0,16.0,A01
201500024591,0,1,0,0.0,2.0,8.0,1.0,A01
201500024591,0,7,0,0.0,2.0,1.0,0.0,B01
201500024592,0,30,0,0.0,2.0,1.0,1.0,A01
201500024592,0,7,0,0.0,2.0,1.0,16.0,B01
201500024593,0,32,0,0.0,2.0,1.0,1.0,B01
201500024593,0,7,0,0.0,2.0,2.0,15.0,A01
201500024594,0,32,0,0.0,1.0,1.0,1.0,A01
201500024595,0,7,0,0.0,2.0,4.0,23.0,B01
201500024595,0,7,0,0.0,2.0,1.0,2.0,A01
201500024596,0,1,0,0.0,1.0,3.0,21.0,A01
201500024597,0,7,0,0.0,1.0,1.0,1.0,A01
201500024598,0,7,0,0.0,2.0,3.0,15.0,A01
201500024598,0,33,0,0.0,2.0,7.0,15.0,B01
201500024599,0,2,0,0.0,0.0,1.0,17.0,B01
201500024599,0,7,0,0.0,0.0,3.0,15.0,A01
201500024600,0,7,0,1.0,1.0,5.0,24.0,A01
201500024601,0,7,0,0.0,0.0,0.0,0.0,A01
201500024601,0,7,0,0.0,0.0,4.0,1.0,B01
201500024602,0,7,0,0.0,2.0,1.0,1.0,A01
201500024602,0,32,0,0.0,2.0,1.0,1.0,B01
201500024603,0,32,0,0.0,1.0,1.0,1.0,A01
201500024604,0,7,0,0.0,0.0,6.0,1.0,B01
201500024604,0,10,0,0.0,2.0,2.0,17.0,A01
201500024605,0,33,0,0.0,2.0,7.0,1.0,A01
201500024605,0,7,0,0.0,0.0,8.0,1.0,B01
201500024606,0,7,0,0.0,0.0,0.0,11.0,B01
201500024606,0,33,0,12.0,0.0,7.0,11.0,A01
201500024607,0,33,0,0.0,2.0,1.0,1.0,B01
201500024607,0,7,0,0.0,2.0,7.0,10.0,A01
201500024608,0,7,0,0.0,2.0,2.0,15.0,A01
201500024608,0,31,0,0.0,2.0,8.0,1.0,B01
201500024609,0,7,0,0.0,2.0,2.0,1.0,B01
201500024609,0,7,0,0.0,2.0,3.0,11.0,A01
201500024609,0,10,0,0.0,2.0,8.0,11.0,C01
201500024610,0,31,0,0.0,2.0,1.0,1.0,B01
201500024610,1,7,0,0.0,2.0,4.0,16.0,A01
201500024611,0,7,0,0.0,2.0,4.0,2.0,B01
201500024611,0,7,0,0.0,2.0,1.0,2.0,A01
201500024612,0,7,0,0.0,1.0,1.0,1.0,A01
201500024613,0,7,0,0.0,2.0,1.0,2.0,A01
201500024613,0,7,0,0.0,2.0,4.0,2.0,C01
201500024613,0,7,0,0.0,2.0,4.0,2.0,B01
201500024614,0,7,0,0.0,2.0,7.0,19.0,B01
201500024614,0,7,0,0.0,2.0,3.0,19.0,A01
201500024615,0,7,0,0.0,1.0,3.0,0.0,A01
201500024616,0,7,0,0.0,2.0,4.0,15.0,B01
201500024616,0,33,0,0.0,2.0,8.0,1.0,A01
201500024617,0,7,0,0.0,2.0,5.0,1.0,B01
201500024617,0,7,0,0.0,2.0,3.0,9.0,A01
201500024618,0,32,0,0.0,2.0,1.0,1.0,B01
201500024618,0,7,0,0.0,2.0,3.0,15.0,A01
201500024619,1,7,0,1.0,1.0,7.0,1.0,Z01
201500024620,0,7,0,0.0,2.0,3.0,12.0,B01
201500024620,0,33,0,0.0,2.0,8.0,16.0,A01
201500024621,0,33,0,0.0,2.0,1.0,23.0,B01
201500024621,0,7,0,0.0,2.0,3.0,15.0,A01
201500024622,0,10,0,0.0,1.0,4.0,4.0,A01
201500024623,0,33,0,0.0,2.0,3.0,1.0,B01
201500024623,0,7,0,0.0,2.0,7.0,15.0,A01
201500024624,0,7,0,0.0,2.0,4.0,1.0,C01
201500024624,0,10,0,0.0,2.0,1.0,1.0,A01
201500024624,0,7,0,0.0,2.0,4.0,1.0,B01
201500024625,0,40,0,0.0,1.0,2.0,1.0,A01
201500024626,0,7,0,0.0,2.0,4.0,2.0,B01
201500024626,0,7,0,0.0,2.0,4.0,2.0,C01
201500024626,2,7,0,0.0,2.0,1.0,2.0,A01
201500024627,0,31,0,0.0,2.0,1.0,0.0,A01
201500024627,0,7,0,0.0,2.0,1.0,0.0,B01
201500024628,0,7,0,0.0,2.0,4.0,23.0,B01
201500024628,0,2,0,0.0,2.0,1.0,1.0,A01
201500024629,1,7,0,0.0,1.0,2.0,14.0,A01
201500024630,0,7,0,0.0,1.0,3.0,1.0,A01
201500024631,0,33,0,0.0,0.0,0.0,0.0,A01
201500024632,1,7,0,0.0,0.0,0.0,0.0,A01
201500024632,0,2,0,0.0,2.0,1.0,1.0,B01
201500024633,0,32,0,0.0,2.0,2.0,17.0,A01
201500024633,0,7,0,0.0,2.0,3.0,13.0,B01
201500024634,0,7,0,0.0,2.0,2.0,15.0,A01
201500024634,0,1,0,0.0,2.0,1.0,1.0,B01
201500024635,0,10,0,0.0,1.0,4.0,4.0,A01
201500024636,0,10,0,0.0,1.0,4.0,4.0,A01
201500024637,0,7,0,0.0,1.0,1.0,1.0,A01
201500024638,0,7,0,0.0,2.0,1.0,17.0,A01
201500024638,0,7,0,0.0,2.0,0.0,1.0,D01
201500024638,0,7,0,0.0,2.0,6.0,1.0,C01
201500024638,0,7,0,0.0,2.0,1.0,0.0,B01
201500024639,2,7,0,0.0,2.0,2.0,0.0,A01
201500024639,0,30,0,0.0,2.0,1.0,1.0,B01
201500024640,0,7,0,0.0,2.0,8.0,1.0,C01
201500024640,0,7,0,0.0,2.0,1.0,1.0,B01
201500024640,0,7,0,0.0,2.0,1.0,13.0,A01
201500024641,0,7,0,0.0,2.0,1.0,1.0,A01
201500024641,0,7,0,0.0,2.0,3.0,1.0,B01
201500024642,0,33,0,0.0,1.0,1.0,1.0,B01
201500024643,0,7,0,0.0,2.0,3.0,1.0,B01
201500024643,0,7,0,0.0,2.0,1.0,0.0,A01
201500024644,0,7,0,0.0,2.0,8.0,15.0,B01
201500024644,0,33,0,0.0,2.0,1.0,17.0,A01
201500024645,0,7,0,0.0,1.0,2.0,0.0,A01
201500024646,0,1,0,0.0,1.0,1.0,5.0,A01
201500024647,0,7,0,0.0,2.0,2.0,15.0,A01
201500024647,0,32,0,0.0,2.0,1.0,1.0,B01
201500024648,0,7,0,0.0,2.0,1.0,1.0,A01
201500024648,0,7,0,0.0,2.0,7.0,0.0,B01
201500024649,0,33,0,0.0,2.0,7.0,15.0,A01
201500024649,0,30,0,0.0,2.0,1.0,1.0,B01
201500024650,0,32,0,0.0,2.0,1.0,8.0,A01
201500024650,0,7,0,0.0,0.0,3.0,1.0,B01
201500024651,0,32,0,12.0,0.0,7.0,1.0,A01
201500024652,0,7,0,0.0,2.0,3.0,1.0,B01
201500024652,0,7,0,0.0,2.0,2.0,19.0,A01
201500024653,2,10,0,0.0,1.0,4.0,4.0,Z01
201500024654,0,7,0,0.0,1.0,3.0,1.0,A01
201500024655,0,33,0,0.0,1.0,1.0,1.0,A01
201500024656,0,7,0,0.0,2.0,0.0,1.0,A01
201500024656,0,7,0,0.0,2.0,1.0,1.0,B01
201500024657,0,7,0,0.0,2.0,0.0,1.0,B01
201500024657,0,10,0,0.0,2.0,1.0,6.0,A01
201500024658,0,7,0,0.0,2.0,2.0,0.0,B01
201500024658,0,10,0,0.0,2.0,1.0,0.0,A01
201500024659,0,7,0,0.0,2.0,2.0,2.0,A01
201500024659,0,7,0,0.0,0.0,4.0,2.0,C01
201500024659,0,33,0,0.0,0.0,4.0,2.0,B01
201500024660,0,7,0,0.0,1.0,1.0,1.0,A01
201500024661,0,7,0,15.0,0.0,1.0,0.0,A01
201500024662,0,7,0,0.0,2.0,0.0,0.0,B01
201500024662,0,7,0,0.0,0.0,0.0,0.0,A01
201500024663,0,7,0,0.0,1.0,2.0,0.0,A01
201500024664,0,7,0,8.0,0.0,2.0,0.0,A01
201500024664,0,7,0,8.0,0.0,1.0,0.0,B01
201500024665,0,32,0,0.0,2.0,1.0,1.0,B01
201500024665,0,7,0,0.0,2.0,1.0,15.0,A01
201500024666,0,33,0,0.0,2.0,1.0,1.0,B01
201500024666,0,7,0,0.0,2.0,3.0,1.0,A01
201500024667,0,7,0,0.0,1.0,2.0,1.0,A01
201500024668,0,7,0,0.0,2.0,7.0,15.0,A01
201500024668,0,33,0,0.0,2.0,1.0,1.0,B01
201500024668,0,33,0,0.0,2.0,1.0,1.0,C01
201500024668,0,7,0,0.0,2.0,1.0,0.0,D01
201500024669,0,7,0,0.0,1.0,1.0,0.0,A01
201500024670,0,7,0,13.0,0.0,1.0,0.0,A01
201500024671,0,32,0,0.0,2.0,1.0,1.0,B01
201500024671,0,7,0,0.0,2.0,7.0,19.0,A01
201500024672,0,7,0,0.0,2.0,0.0,0.0,B01
201500024672,0,7,0,1.0,0.0,9.0,1.0,A01
201500024672,0,10,0,0.0,2.0,5.0,0.0,C01
201500024673,0,7,0,0.0,2.0,3.0,20.0,A01
201500024673,0,31,0,1.0,0.0,1.0,1.0,B01
201500024674,0,7,0,0.0,2.0,0.0,0.0,B01
201500024674,0,7,0,3.0,0.0,0.0,0.0,A01
201500024675,0,7,0,0.0,0.0,1.0,13.0,A01
201500024676,0,7,0,16.0,0.0,1.0,13.0,A01
201500024677,0,7,0,0.0,2.0,8.0,15.0,A01
201500024677,0,7,0,0.0,2.0,1.0,21.0,B01
201500024678,0,32,0,0.0,2.0,2.0,21.0,B01
201500024678,0,7,0,0.0,2.0,1.0,16.0,A01
201500024679,0,7,0,0.0,2.0,2.0,15.0,A01
201500024679,0,33,0,0.0,2.0,1.0,1.0,B01
201500024680,0,2,0,16.0,0.0,8.0,14.0,A01
201500024681,0,10,0,0.0,2.0,4.0,2.0,B01
201500024681,0,10,0,0.0,2.0,2.0,2.0,A01
201500024682,0,34,0,0.0,1.0,1.0,1.0,A01
201500024683,0,7,0,0.0,2.0,6.0,15.0,B01
201500024683,0,30,0,0.0,2.0,1.0,17.0,A01
201500024684,0,33,0,0.0,2.0,1.0,1.0,B01
201500024684,0,7,0,0.0,2.0,7.0,15.0,A01
201500024685,0,7,0,0.0,2.0,6.0,2.0,B01
201500024685,0,30,0,0.0,2.0,1.0,2.0,A01
201500024686,0,33,0,0.0,2.0,1.0,2.0,A01
201500024686,0,7,0,0.0,2.0,6.0,1.0,B01
201500024687,0,7,0,0.0,2.0,1.0,1.0,B01
201500024687,0,33,0,0.0,2.0,2.0,13.0,A01
201500024688,0,7,0,0.0,9.0,1.0,1.0,D01
201500024688,0,7,0,0.0,2.0,1.0,5.0,A01
201500024688,0,10,0,0.0,9.0,3.0,1.0,C01
201500024688,0,7,0,0.0,2.0,1.0,1.0,B01
201500024689,0,33,0,0.0,2.0,1.0,1.0,A01
201500024689,0,17,0,0.0,2.0,5.0,15.0,B01
201500024690,0,33,0,0.0,1.0,7.0,1.0,A01
201500024691,0,7,0,13.0,0.0,9.0,13.0,A01
201500024692,1,7,0,0.0,2.0,5.0,17.0,A01
201500024692,0,30,0,0.0,2.0,1.0,1.0,B01
201500024693,0,7,0,0.0,2.0,3.0,1.0,B01
201500024693,0,7,0,0.0,2.0,1.0,13.0,A01
201500024694,0,7,0,0.0,2.0,1.0,0.0,B01
201500024694,0,30,0,0.0,2.0,7.0,1.0,A01
201500024695,0,7,0,0.0,1.0,1.0,20.0,A01
201500024696,0,7,0,0.0,2.0,2.0,17.0,A01
201500024696,0,7,0,0.0,2.0,8.0,0.0,B01
201500024697,0,7,0,1.0,0.0,3.0,13.0,A01
201500024698,0,7,0,0.0,2.0,3.0,15.0,A01
201500024698,0,2,0,0.0,2.0,1.0,1.0,B01
201500024699,0,7,0,0.0,2.0,1.0,1.0,B01
201500024699,0,7,0,0.0,2.0,8.0,15.0,A01
201500024700,0,7,0,0.0,1.0,1.0,1.0,A01
201500024701,0,7,0,0.0,2.0,2.0,15.0,A01
201500024701,0,32,0,0.0,2.0,1.0,1.0,B01
201500024702,0,33,0,3.0,2.0,1.0,1.0,A01
201500024702,0,7,0,0.0,2.0,1.0,1.0,B01
201500024703,0,7,0,4.0,0.0,1.0,0.0,A01
201500024704,0,7,0,0.0,1.0,3.0,2.0,A01
201500024705,0,7,0,13.0,0.0,9.0,13.0,A01
201500024706,0,37,0,0.0,0.0,0.0,15.0,B01
201500024706,0,2,0,12.0,0.0,0.0,1.0,A01
201500024707,0,7,0,0.0,1.0,2.0,16.0,A01
201500024708,0,7,0,0.0,2.0,3.0,15.0,A01
201500024708,0,2,0,0.0,2.0,0.0,0.0,B01
201500024709,0,7,0,0.0,0.0,8.0,22.0,A01
201500024709,0,1,0,1.0,0.0,1.0,2.0,C01
201500024709,0,1,0,1.0,0.0,1.0,2.0,B01
201500024710,0,30,0,0.0,2.0,0.0,0.0,B01
201500024710,0,7,0,0.0,2.0,2.0,9.0,A01
201500024711,0,7,0,0.0,1.0,3.0,0.0,A01
201500024712,0,7,0,0.0,2.0,3.0,15.0,B01
201500024712,0,2,0,0.0,2.0,1.0,2.0,A01
201500024713,0,7,0,0.0,1.0,5.0,4.0,A01
201500024714,0,7,0,0.0,2.0,1.0,1.0,B01
201500024714,0,7,0,0.0,2.0,8.0,19.0,A01
201500024715,0,7,0,0.0,2.0,8.0,15.0,A01
201500024715,0,7,0,0.0,2.0,1.0,1.0,B01
201500024716,0,7,0,0.0,1.0,1.0,2.0,A01
201500024717,0,7,0,0.0,2.0,6.0,15.0,B01
201500024717,0,2,0,0.0,2.0,1.0,1.0,A01
201500024718,0,7,0,0.0,2.0,1.0,9.0,A01
201500024718,0,30,0,0.0,2.0,2.0,1.0,B01
201500024719,0,7,0,0.0,2.0,3.0,1.0,B01
201500024719,0,7,0,0.0,2.0,7.0,15.0,A01
201500024720,0,7,0,0.0,0.0,0.0,0.0,A01
201500024721,0,7,0,0.0,1.0,2.0,1.0,A01
201500024722,0,7,0,0.0,2.0,1.0,2.0,A01
201500024722,0,7,0,0.0,2.0,4.0,23.0,B01
201500024723,0,7,0,0.0,2.0,0.0,16.0,A01
201500024723,0,1,0,0.0,2.0,0.0,1.0,B01
201500024724,0,7,0,0.0,2.0,1.0,23.0,B01
201500024724,0,7,0,0.0,2.0,4.0,23.0,C01
201500024724,0,7,0,0.0,2.0,1.0,2.0,A01
201500024725,0,33,0,0.0,2.0,8.0,1.0,A01
201500024725,0,7,0,0.0,2.0,2.0,15.0,B01
201500024726,0,10,0,0.0,2.0,5.0,1.0,B01
201500024726,0,33,0,0.0,2.0,1.0,15.0,A01
201500024727,0,7,0,0.0,1.0,2.0,1.0,A01
201500024728,0,7,0,0.0,2.0,1.0,16.0,A01
201500024728,0,10,0,0.0,2.0,2.0,1.0,B01
201500024729,0,7,0,0.0,2.0,1.0,15.0,A01
201500024729,0,30,0,0.0,2.0,1.0,1.0,B01
201500024730,0,7,0,11.0,0.0,1.0,1.0,A01
201500024731,0,7,0,0.0,2.0,4.0,23.0,B01
201500024731,0,30,0,0.0,2.0,2.0,2.0,A01
201500024732,0,7,0,0.0,2.0,9.0,2.0,A01
201500024732,0,7,0,0.0,2.0,2.0,2.0,B01
201500024733,0,7,0,3.0,0.0,0.0,1.0,A01
201500024734,0,7,0,2.0,0.0,1.0,0.0,A01
201500024735,0,7,0,0.0,2.0,3.0,1.0,B01
201500024735,0,7,0,0.0,2.0,1.0,1.0,A01
201500024736,0,1,0,0.0,2.0,1.0,1.0,B01
201500024736,0,10,0,0.0,2.0,8.0,22.0,A01
201500024737,0,7,0,0.0,2.0,2.0,1.0,A01
201500024737,0,7,0,0.0,2.0,3.0,1.0,B01
201500024738,0,7,0,12.0,0.0,1.0,1.0,A01
201500024739,0,7,0,0.0,2.0,1.0,15.0,A01
201500024739,2,7,0,0.0,2.0,3.0,1.0,B01
201500024739,0,7,0,0.0,2.0,1.0,1.0,C01
201500024740,0,7,0,0.0,2.0,4.0,2.0,B01
201500024740,0,7,0,0.0,2.0,1.0,2.0,A01
201500024741,0,7,0,11.0,0.0,3.0,1.0,A01
201500024742,0,33,0,0.0,0.0,1.0,1.0,A01
201500024743,0,1,0,0.0,2.0,1.0,1.0,A01
201500024743,0,7,0,0.0,2.0,2.0,23.0,B01
201500024744,0,7,0,0.0,2.0,1.0,0.0,A01
201500024744,0,7,0,0.0,2.0,4.0,0.0,B01
201500024745,0,7,0,4.0,0.0,0.0,14.0,A01
201500024746,0,7,0,0.0,2.0,2.0,16.0,A01
201500024746,0,1,0,0.0,2.0,1.0,1.0,B01
201500024747,0,1,0,0.0,2.0,1.0,1.0,B01
201500024747,0,7,0,0.0,2.0,2.0,16.0,A01
201500024748,0,7,0,0.0,1.0,0.0,0.0,A01
201500024749,0,33,0,0.0,2.0,8.0,2.0,A01
201500024749,0,33,0,0.0,2.0,4.0,2.0,B01
201500024750,0,7,0,0.0,2.0,4.0,10.0,A01
201500024750,0,7,0,0.0,2.0,6.0,1.0,D01
201500024750,0,7,0,0.0,2.0,1.0,1.0,B01
201500024750,0,7,0,0.0,2.0,1.0,1.0,C01
201500024751,0,7,0,9.0,0.0,3.0,1.0,A01
201500024752,0,31,0,0.0,2.0,8.0,1.0,B01
201500024752,0,7,0,0.0,2.0,0.0,9.0,A01
201500024753,0,7,0,0.0,2.0,1.0,2.0,A01
201500024753,0,7,0,0.0,2.0,4.0,23.0,B01
201500024753,0,7,0,0.0,2.0,4.0,23.0,C01
201500024754,0,7,0,0.0,2.0,1.0,15.0,B01
201500024754,0,7,0,0.0,2.0,9.0,1.0,A01
201500024755,0,7,0,0.0,1.0,1.0,1.0,A01
201500024756,0,7,0,0.0,2.0,7.0,15.0,A01
201500024756,0,33,0,0.0,2.0,1.0,1.0,B01
201500024757,0,7,0,9.0,0.0,1.0,13.0,A01
201500024758,0,32,0,16.0,9.0,8.0,1.0,B01
201500024758,0,7,0,0.0,9.0,0.0,15.0,A01
201500024759,0,7,0,0.0,1.0,1.0,1.0,A01
201500024760,0,7,0,13.0,0.0,9.0,1.0,A01
201500024761,0,1,0,0.0,2.0,0.0,0.0,B01
201500024761,0,7,0,0.0,2.0,0.0,0.0,A01
201500024762,0,7,0,0.0,2.0,3.0,1.0,B01
201500024762,0,7,0,0.0,2.0,7.0,15.0,A01
201500024763,0,7,0,0.0,0.0,0.0,0.0,A01
201500024764,0,7,0,0.0,1.0,3.0,1.0,A01
201500024765,0,7,0,16.0,0.0,0.0,1.0,A01
201500024766,0,7,0,0.0,1.0,0.0,1.0,A01
201500024767,0,7,0,0.0,0.0,0.0,0.0,A01
201500024768,0,32,0,0.0,0.0,0.0,1.0,A01
201500024769,0,7,0,0.0,1.0,1.0,15.0,A01
201500024770,0,10,0,0.0,2.0,6.0,1.0,A01
201500024770,0,10,0,0.0,2.0,1.0,2.0,B01
201500024771,0,37,30,0.0,1.0,2.0,1.0,A01
201500024772,0,7,0,0.0,2.0,1.0,16.0,A01
201500024772,0,34,0,0.0,2.0,7.0,1.0,B01
201500024773,0,7,0,0.0,1.0,1.0,1.0,A01
201500024774,0,7,0,0.0,2.0,4.0,2.0,B01
201500024774,0,7,0,0.0,2.0,1.0,2.0,A01
201500024775,0,10,0,0.0,2.0,3.0,15.0,A01
201500024775,0,10,0,0.0,2.0,1.0,17.0,B01
201500024776,0,7,0,0.0,1.0,1.0,1.0,A01
201500024777,0,7,0,0.0,2.0,2.0,1.0,B01
201500024777,0,7,0,0.0,2.0,1.0,0.0,A01
201500024778,0,7,0,9.0,0.0,1.0,1.0,A01
201500024779,0,7,0,0.0,2.0,4.0,2.0,B01
201500024779,0,7,0,0.0,2.0,1.0,2.0,A01
201500024780,0,7,0,0.0,2.0,6.0,23.0,B01
201500024780,0,30,0,0.0,2.0,7.0,17.0,A01
201500024781,0,7,0,0.0,2.0,8.0,15.0,B01
201500024781,0,34,0,0.0,2.0,3.0,1.0,A01
201500024782,0,10,0,0.0,2.0,4.0,23.0,B01
201500024782,0,30,0,0.0,2.0,1.0,2.0,A01
201500024783,0,7,0,0.0,1.0,1.0,16.0,A01
201500024784,0,10,0,0.0,0.0,0.0,24.0,A01
201500024784,0,1,0,0.0,0.0,0.0,0.0,B01
201500024785,0,2,0,0.0,0.0,8.0,15.0,A01
201500024786,0,7,0,8.0,0.0,1.0,1.0,A01
201500024787,0,7,0,0.0,0.0,0.0,0.0,A01
201500024787,0,7,0,0.0,0.0,0.0,0.0,B01
201500024788,0,7,0,13.0,0.0,8.0,1.0,A01
201500024789,0,7,0,2.0,0.0,1.0,0.0,A01
201500024790,0,7,0,0.0,2.0,3.0,9.0,A01
201500024790,0,10,0,0.0,2.0,1.0,1.0,B01
201500024791,1,7,0,0.0,2.0,1.0,2.0,Z01
201500024791,0,1,0,0.0,2.0,4.0,2.0,B01
201500024792,0,7,0,0.0,1.0,1.0,0.0,A01
201500024793,0,1,0,0.0,2.0,0.0,1.0,B01
201500024793,0,7,0,0.0,2.0,7.0,16.0,A01
201500024794,0,7,0,0.0,2.0,5.0,1.0,C01
201500024794,0,7,0,0.0,2.0,8.0,11.0,A01
201500024794,0,33,0,13.0,2.0,1.0,1.0,B01
201500024795,0,30,0,0.0,0.0,0.0,1.0,A01
201500024796,0,7,0,0.0,1.0,3.0,1.0,A01
201500024797,0,7,0,0.0,2.0,8.0,1.0,B01
201500024797,0,7,0,9.0,2.0,1.0,1.0,A01
201500024798,0,7,0,0.0,1.0,0.0,15.0,A01
201500024799,0,7,0,3.0,0.0,9.0,1.0,A01
201500024800,0,7,0,0.0,2.0,4.0,23.0,B01
201500024800,0,7,0,0.0,2.0,1.0,9.0,A01
201500024801,0,7,0,0.0,2.0,8.0,1.0,A01
201500024801,0,1,0,0.0,2.0,0.0,19.0,B01
201500024802,0,7,0,0.0,2.0,1.0,1.0,A01
201500024802,0,1,0,0.0,2.0,0.0,1.0,B01
201500024803,0,7,0,0.0,2.0,2.0,10.0,A01
201500024803,0,33,0,8.0,2.0,1.0,1.0,B01
201500024804,0,7,0,0.0,2.0,1.0,2.0,B01
201500024804,0,7,0,0.0,2.0,4.0,2.0,A01
201500024805,0,7,0,2.0,0.0,1.0,1.0,A01
201500024806,0,7,0,4.0,0.0,1.0,1.0,A01
201500024807,0,7,0,0.0,2.0,7.0,1.0,A01
201500024807,0,7,0,0.0,2.0,5.0,15.0,B01
201500024808,0,1,0,0.0,2.0,1.0,0.0,A01
201500024808,0,7,0,0.0,2.0,2.0,9.0,B01
201500024809,0,7,0,0.0,2.0,1.0,1.0,B01
201500024809,0,10,0,0.0,2.0,3.0,1.0,A01
201500024810,0,7,0,0.0,2.0,1.0,9.0,A01
201500024810,0,17,0,0.0,2.0,8.0,1.0,B01
201500024811,0,31,0,0.0,2.0,1.0,1.0,B01
201500024811,0,10,0,0.0,2.0,3.0,15.0,A01
201500024812,0,1,0,0.0,2.0,1.0,1.0,B01
201500024812,0,7,0,0.0,2.0,0.0,16.0,A01
201500024813,0,10,0,0.0,2.0,1.0,1.0,A01
201500024813,0,7,0,0.0,2.0,4.0,23.0,B01
201500024813,0,7,0,0.0,2.0,4.0,23.0,C01
201500024814,0,7,0,0.0,2.0,5.0,16.0,A01
201500024814,0,33,0,0.0,2.0,3.0,1.0,B01
201500024815,0,14,0,0.0,1.0,6.0,16.0,A01
201500024816,0,7,0,0.0,2.0,1.0,15.0,A01
201500024816,0,7,0,0.0,2.0,1.0,1.0,B01
201500024817,0,2,0,0.0,2.0,1.0,1.0,B01
201500024817,0,7,0,0.0,2.0,1.0,15.0,A01
201500024818,0,7,0,13.0,0.0,1.0,1.0,A01
201500024819,0,7,0,3.0,0.0,1.0,1.0,A01
201500024820,0,7,0,0.0,2.0,1.0,1.0,A01
201500024820,0,10,0,0.0,2.0,4.0,1.0,B01
201500024821,0,30,0,16.0,0.0,0.0,1.0,A01
201500024822,0,7,0,0.0,2.0,1.0,1.0,B01
201500024822,0,7,0,0.0,2.0,3.0,15.0,A01
201500024823,0,1,0,0.0,2.0,7.0,0.0,B01
201500024823,0,7,0,0.0,2.0,1.0,9.0,A01
201500024824,0,7,0,0.0,2.0,1.0,0.0,B01
201500024824,0,7,0,0.0,2.0,8.0,1.0,A01
201500024825,0,7,0,9.0,0.0,1.0,15.0,A01
201500024826,0,10,0,0.0,2.0,2.0,14.0,A01
201500024826,0,7,0,0.0,2.0,2.0,1.0,B01
201500024826,0,7,0,0.0,2.0,0.0,1.0,C01
201500024827,0,7,0,12.0,2.0,6.0,16.0,A01
201500024828,0,1,0,0.0,2.0,2.0,1.0,B01
201500024828,1,7,0,0.0,2.0,0.0,0.0,A01
201500024829,0,31,0,0.0,2.0,1.0,2.0,A01
201500024829,0,7,0,0.0,2.0,4.0,23.0,B01
201500024830,1,7,0,0.0,2.0,0.0,0.0,A01
201500024830,0,30,0,0.0,2.0,7.0,1.0,B01
201500024831,0,30,0,14.0,0.0,3.0,1.0,A01
201500024832,0,7,0,0.0,0.0,1.0,1.0,A01
201500024833,0,7,0,0.0,1.0,3.0,1.0,A01
201500024834,0,7,0,0.0,1.0,0.0,15.0,A01
201500024835,0,7,0,12.0,0.0,1.0,0.0,A01
201500024836,0,7,0,0.0,2.0,1.0,23.0,A01
201500024836,0,7,0,0.0,2.0,4.0,1.0,B01
201500024837,0,7,0,0.0,0.0,4.0,24.0,C01
201500024837,1,7,0,1.0,0.0,1.0,0.0,Z01
201500024838,0,1,0,0.0,2.0,0.0,1.0,B01
201500024838,0,7,0,0.0,2.0,1.0,15.0,A01
201500024839,0,7,0,0.0,1.0,1.0,1.0,A01
201500024840,0,34,0,0.0,0.0,7.0,15.0,A01
201500024841,0,7,0,2.0,0.0,1.0,1.0,A01
201500024842,0,7,0,12.0,0.0,1.0,1.0,A01
201500024843,0,7,0,0.0,2.0,2.0,15.0,A01
201500024843,0,10,0,0.0,2.0,1.0,1.0,B01
201500024844,0,7,0,0.0,2.0,1.0,1.0,A01
201500024844,0,30,0,0.0,2.0,1.0,15.0,B01
201500024845,0,17,0,16.0,0.0,7.0,15.0,A01
201500024846,0,7,0,0.0,2.0,2.0,1.0,A01
201500024846,0,32,0,0.0,2.0,1.0,1.0,B01
201500024847,0,7,0,0.0,2.0,1.0,1.0,B01
201500024847,0,7,0,0.0,2.0,1.0,16.0,A01
201500024848,0,30,0,0.0,2.0,1.0,2.0,A01