Num_Acc,senc,catv,occutc,obs,obsm,choc,manv,num_veh
201500024848,0,7,0,0.0,2.0,4.0,23.0,B01
201500024849,0,10,0,0.0,2.0,9.0,23.0,B01
201500024849,0,7,0,0.0,2.0,1.0,2.0,A01
201500024849,0,7,0,0.0,2.0,4.0,23.0,D01
201500024849,0,7,0,0.0,2.0,9.0,23.0,C01
201500024850,0,7,0,2.0,0.0,1.0,1.0,A01
201500024851,0,7,0,0.0,2.0,6.0,1.0,A01
201500024851,0,33,0,0.0,2.0,1.0,1.0,B01
201500024852,0,1,0,0.0,0.0,0.0,0.0,B01
201500024852,0,7,0,0.0,0.0,0.0,0.0,A01
201500024853,0,30,0,16.0,0.0,1.0,1.0,A01
201500024854,0,7,0,0.0,1.0,1.0,1.0,A01
201500024855,0,7,0,0.0,1.0,1.0,1.0,A01
201500024856,0,7,0,0.0,2.0,2.0,1.0,A01
201500024856,0,7,0,0.0,2.0,1.0,1.0,B01
201500024857,0,7,0,0.0,2.0,3.0,15.0,A01
201500024857,0,7,0,0.0,2.0,1.0,1.0,B01
201500024858,0,33,0,0.0,2.0,8.0,18.0,A01
201500024858,0,10,0,0.0,2.0,7.0,22.0,B01
201500024859,0,14,0,0.0,1.0,2.0,16.0,A01
201500024860,0,7,0,0.0,2.0,1.0,15.0,A01
201500024860,0,33,0,0.0,2.0,8.0,1.0,B01
201500024861,0,7,0,15.0,0.0,1.0,1.0,A01
201500024862,0,7,0,0.0,2.0,3.0,16.0,A01
201500024862,0,30,0,9.0,2.0,1.0,1.0,B01
201500024862,0,10,0,0.0,2.0,3.0,9.0,C01
201500024863,0,7,0,0.0,2.0,3.0,15.0,B01
201500024863,0,33,0,0.0,2.0,6.0,17.0,A01
201500024864,1,7,0,0.0,2.0,1.0,16.0,A01
201500024864,0,1,0,0.0,2.0,0.0,1.0,B01
201500024865,0,10,0,0.0,1.0,1.0,16.0,A01
201500024866,0,7,0,0.0,2.0,1.0,1.0,A01
201500024866,0,7,0,0.0,0.0,4.0,1.0,B01
201500024867,0,7,0,0.0,2.0,1.0,15.0,A01
201500024867,0,1,0,0.0,2.0,1.0,1.0,B01
201500024868,0,7,0,0.0,2.0,1.0,1.0,B01
201500024868,0,7,0,0.0,2.0,1.0,1.0,A01
201500024869,0,30,0,0.0,2.0,1.0,17.0,A01
201500024869,0,7,0,0.0,2.0,3.0,15.0,B01
201500024870,0,7,0,0.0,2.0,1.0,15.0,A01
201500024870,0,1,0,0.0,2.0,1.0,1.0,B01
201500024871,0,7,0,0.0,2.0,4.0,2.0,B01
201500024871,0,10,0,0.0,2.0,1.0,2.0,A01
201500024872,0,1,0,0.0,2.0,1.0,17.0,B01
201500024872,0,7,0,0.0,2.0,3.0,16.0,A01
201500024872,0,1,0,0.0,2.0,1.0,17.0,C01
201500024873,0,7,0,0.0,2.0,6.0,23.0,C01
201500024873,0,7,0,0.0,2.0,1.0,2.0,A01
201500024873,0,7,0,0.0,2.0,4.0,23.0,B01
201500024874,0,7,0,15.0,0.0,1.0,1.0,A01
201500024875,0,7,0,12.0,0.0,9.0,16.0,A01
201500024876,0,7,0,1.0,1.0,4.0,4.0,A01
201500024877,0,30,0,0.0,2.0,7.0,1.0,A01
201500024877,0,7,0,0.0,2.0,3.0,15.0,B01
201500024878,0,7,0,0.0,2.0,8.0,0.0,A01
201500024878,0,1,0,0.0,0.0,0.0,0.0,B01
201500024879,0,7,0,0.0,2.0,1.0,2.0,A01
201500024879,0,7,0,0.0,2.0,4.0,2.0,D01
201500024879,0,7,0,0.0,2.0,4.0,2.0,C01
201500024879,0,7,0,0.0,2.0,4.0,2.0,B01
201500024880,0,30,0,0.0,2.0,0.0,2.0,A01
201500024880,0,7,0,0.0,2.0,4.0,2.0,B01
201500024881,0,7,0,6.0,0.0,1.0,1.0,A01
201500024882,0,7,0,3.0,2.0,1.0,2.0,A01
201500024882,0,7,0,0.0,2.0,6.0,2.0,C01
201500024882,0,7,0,0.0,2.0,3.0,2.0,B01
201500024883,0,30,0,0.0,2.0,1.0,1.0,A01
201500024883,0,7,0,0.0,2.0,2.0,16.0,B01
201500024884,0,30,0,14.0,0.0,0.0,1.0,A01
201500024885,0,7,0,0.0,2.0,1.0,9.0,A01
201500024885,0,1,0,0.0,2.0,7.0,1.0,B01
201500024886,0,7,0,0.0,2.0,1.0,2.0,A01
201500024886,0,7,0,0.0,2.0,4.0,2.0,B01
201500024887,0,7,0,0.0,2.0,2.0,15.0,A01
201500024887,0,7,0,0.0,2.0,1.0,1.0,B01
201500024888,0,33,0,16.0,0.0,8.0,1.0,A01
201500024889,0,1,0,0.0,2.0,1.0,1.0,B01
201500024889,0,2,0,0.0,2.0,1.0,1.0,A01
201500024890,0,33,0,0.0,1.0,1.0,21.0,A01
201500024891,0,1,0,0.0,2.0,1.0,0.0,B01
201500024891,0,30,0,0.0,2.0,7.0,1.0,A01
201500024892,0,7,0,0.0,2.0,1.0,2.0,A01
201500024892,0,7,0,0.0,2.0,4.0,2.0,B01
201500024893,0,7,0,6.0,0.0,1.0,1.0,A01
201500024894,0,7,0,0.0,1.0,0.0,0.0,A01
201500024895,0,7,0,0.0,2.0,4.0,23.0,B01
201500024895,0,1,0,0.0,2.0,1.0,15.0,A01
201500024896,0,15,0,0.0,2.0,7.0,16.0,A01
201500024896,0,1,0,0.0,2.0,1.0,1.0,B01
201500024897,0,10,0,0.0,2.0,4.0,2.0,B01
201500024897,0,7,0,0.0,2.0,4.0,2.0,C01
201500024897,0,7,0,0.0,2.0,1.0,2.0,A01
201500024898,0,33,0,0.0,2.0,1.0,1.0,A01
201500024898,0,7,0,0.0,2.0,6.0,15.0,B01
201500024899,0,1,0,0.0,0.0,0.0,1.0,A01
201500024900,0,7,0,0.0,2.0,1.0,2.0,A01
201500024900,0,7,0,0.0,2.0,4.0,2.0,B01
201500024901,0,7,0,0.0,2.0,2.0,10.0,A01
201500024901,0,31,0,0.0,2.0,1.0,0.0,B01
201500024902,0,30,0,12.0,0.0,0.0,1.0,A01
201500024903,0,37,0,0.0,2.0,1.0,1.0,B01
201500024903,0,1,0,0.0,2.0,1.0,0.0,A01
201500024904,1,7,0,0.0,1.0,1.0,1.0,A01
201500024905,0,7,0,0.0,2.0,1.0,2.0,B01
201500024905,0,7,0,0.0,2.0,1.0,2.0,A01
201500024905,0,7,0,0.0,2.0,4.0,2.0,C01
201500024906,0,7,0,0.0,1.0,1.0,9.0,A01
201500024907,0,7,0,0.0,2.0,1.0,15.0,B01
201500024907,0,7,0,0.0,2.0,1.0,1.0,A01
201500024908,0,17,0,0.0,2.0,1.0,2.0,A01
201500024908,0,7,0,0.0,2.0,4.0,2.0,B01
201500024909,0,1,0,1.0,0.0,1.0,1.0,B01
201500024909,0,7,0,0.0,2.0,8.0,22.0,A01
201500024910,0,30,0,16.0,0.0,8.0,1.0,A01
201500024911,0,7,0,0.0,1.0,1.0,1.0,A01
201500024912,0,7,0,0.0,2.0,1.0,2.0,B01
201500024912,0,7,0,0.0,2.0,4.0,2.0,C01
201500024912,0,7,0,0.0,2.0,1.0,2.0,A01
201500024913,1,7,0,0.0,2.0,1.0,1.0,Z01
201500024913,0,33,0,0.0,2.0,1.0,1.0,B01
201500024914,0,7,0,0.0,1.0,1.0,1.0,B01
201500024914,0,10,0,0.0,2.0,1.0,1.0,A01
201500024915,0,7,0,0.0,2.0,7.0,1.0,B01
201500024915,0,17,0,0.0,2.0,3.0,9.0,A01
201500024916,0,1,0,0.0,2.0,1.0,2.0,A01
201500024916,0,7,0,0.0,2.0,4.0,23.0,B01
201500024917,0,1,0,0.0,2.0,1.0,1.0,B01
201500024917,0,7,0,0.0,2.0,1.0,1.0,A01
201500024918,0,1,0,0.0,2.0,0.0,0.0,B01
201500024918,0,7,0,0.0,2.0,3.0,15.0,A01
201500024919,0,7,0,0.0,2.0,2.0,1.0,B01
201500024919,0,2,0,0.0,2.0,5.0,1.0,A01
201500024920,0,31,0,0.0,2.0,1.0,1.0,B01
201500024920,0,10,0,0.0,2.0,1.0,9.0,A01
201500024921,0,10,0,0.0,2.0,4.0,2.0,C01
201500024921,0,7,0,0.0,2.0,1.0,2.0,A01
201500024921,0,7,0,0.0,2.0,4.0,2.0,B01
201500024922,0,33,0,0.0,2.0,8.0,9.0,A01
201500024922,0,7,0,0.0,2.0,2.0,1.0,B01
201500024923,0,7,0,4.0,0.0,0.0,16.0,A01
201500024924,1,7,0,0.0,1.0,1.0,1.0,Z01
201500024925,0,7,0,0.0,2.0,1.0,1.0,A01
201500024925,0,7,0,8.0,2.0,9.0,1.0,B01
201500024926,0,1,0,0.0,2.0,6.0,0.0,B01
201500024926,0,7,0,0.0,2.0,1.0,1.0,A01
201500024927,0,7,0,0.0,2.0,1.0,15.0,A01
201500024927,0,30,0,0.0,2.0,1.0,1.0,B01
201500024928,0,7,0,0.0,1.0,2.0,1.0,A01
201500024929,0,33,0,0.0,2.0,1.0,2.0,A01
201500024930,0,7,0,16.0,0.0,9.0,1.0,A01
201500024931,0,7,0,0.0,2.0,4.0,23.0,B01
201500024931,0,7,0,0.0,2.0,1.0,2.0,A01
201500024931,0,7,0,0.0,2.0,4.0,23.0,C01
201500024932,0,1,0,0.0,2.0,1.0,1.0,B01
201500024932,0,7,0,0.0,2.0,3.0,1.0,A01
201500024933,0,7,0,0.0,2.0,1.0,1.0,B01
201500024933,0,7,0,0.0,2.0,7.0,1.0,A01
201500024934,0,7,0,16.0,0.0,3.0,1.0,A01
201500024935,0,7,0,3.0,2.0,1.0,1.0,A01
201500024935,0,7,0,0.0,2.0,3.0,1.0,B01
201500024936,0,7,0,0.0,2.0,8.0,0.0,B01
201500024936,0,7,0,0.0,2.0,2.0,0.0,A01
201500024937,0,7,0,8.0,2.0,1.0,1.0,A01
201500024937,0,7,0,0.0,2.0,3.0,1.0,B01
201500024938,0,31,0,0.0,2.0,1.0,1.0,A01
201500024938,0,7,0,0.0,2.0,3.0,9.0,B01
201500024939,0,7,0,0.0,2.0,1.0,1.0,A01
201500024939,0,33,0,0.0,2.0,1.0,1.0,B01
201500024940,0,17,0,0.0,2.0,2.0,14.0,A01
201500024940,0,7,0,0.0,2.0,6.0,15.0,B01
201500024941,0,1,0,0.0,2.0,8.0,19.0,A01
201500024941,0,10,0,0.0,2.0,5.0,16.0,B01
201500024942,0,7,0,1.0,0.0,3.0,1.0,A01
201500024943,0,1,0,0.0,1.0,1.0,1.0,A01
201500024944,0,7,0,0.0,2.0,1.0,2.0,A01
201500024944,0,7,0,0.0,2.0,4.0,2.0,B01
201500024945,0,32,0,0.0,1.0,2.0,1.0,A01
201500024946,0,17,0,16.0,0.0,7.0,0.0,A01
201500024947,0,7,0,0.0,2.0,2.0,15.0,A01
201500024947,0,30,0,0.0,2.0,1.0,1.0,B01
201500024948,0,7,0,0.0,2.0,1.0,2.0,D01
201500024948,0,7,0,0.0,2.0,1.0,2.0,C01
201500024948,0,7,0,0.0,2.0,1.0,2.0,A01
201500024948,0,7,0,0.0,2.0,4.0,2.0,B01
201500024949,0,1,0,0.0,0.0,1.0,22.0,B01
201500024949,0,7,0,0.0,2.0,8.0,22.0,A01
201500024950,0,10,0,0.0,2.0,1.0,2.0,A01
201500024950,0,10,0,0.0,1.0,4.0,23.0,B01
201500024951,0,7,0,0.0,2.0,5.0,1.0,A01
201500024951,0,1,0,0.0,2.0,1.0,1.0,B01
201500024952,0,7,0,0.0,2.0,1.0,1.0,A01
201500024952,0,7,0,0.0,2.0,8.0,1.0,B01
201500024953,0,30,0,16.0,0.0,7.0,16.0,A01
201500024954,0,17,0,0.0,2.0,1.0,2.0,A01
201500024954,0,7,0,0.0,2.0,4.0,23.0,B01
201500024955,1,7,0,0.0,2.0,1.0,1.0,A01
201500024955,0,1,0,0.0,2.0,7.0,0.0,B01
201500024956,0,7,0,0.0,2.0,1.0,15.0,A01
201500024956,0,7,0,0.0,2.0,0.0,1.0,B01
201500024957,0,7,0,0.0,2.0,1.0,1.0,A01
201500024957,0,10,0,0.0,2.0,5.0,1.0,B01
201500024958,0,17,0,0.0,2.0,8.0,1.0,B01
201500024958,0,17,0,0.0,2.0,6.0,1.0,C01
201500024958,0,7,0,0.0,2.0,5.0,0.0,A01
201500024959,0,7,0,0.0,2.0,1.0,1.0,A01
201500024959,0,7,0,0.0,2.0,4.0,23.0,B01
201500024959,0,7,0,0.0,2.0,4.0,23.0,C01
201500024960,0,1,0,0.0,2.0,1.0,1.0,B01
201500024960,0,7,0,0.0,2.0,7.0,16.0,A01
201500024961,0,7,0,0.0,2.0,7.0,15.0,A01
201500024961,0,2,0,0.0,2.0,1.0,1.0,B01
201500024962,0,7,0,0.0,2.0,1.0,9.0,A01
201500024962,0,33,0,0.0,2.0,7.0,1.0,B01
201500024963,0,7,0,0.0,2.0,1.0,1.0,B01
201500024963,0,7,0,0.0,2.0,1.0,1.0,A01
201500024964,1,7,0,0.0,1.0,0.0,0.0,A01
201500024965,0,1,0,0.0,2.0,4.0,19.0,A01
201500024965,0,7,0,0.0,2.0,8.0,15.0,B01
201500024966,0,34,0,0.0,2.0,4.0,0.0,B01
201500024966,0,7,0,0.0,2.0,1.0,10.0,A01
201500024967,0,30,0,0.0,0.0,1.0,1.0,A01
201500024968,0,7,0,0.0,2.0,1.0,2.0,A01
201500024968,0,7,0,0.0,2.0,4.0,2.0,B01
201500024969,0,7,0,0.0,2.0,1.0,1.0,A01
201500024969,0,7,0,0.0,2.0,4.0,0.0,B01
201500024970,0,7,0,0.0,2.0,1.0,2.0,A01
201500024970,0,7,0,0.0,2.0,4.0,2.0,B01
201500024971,0,33,0,0.0,2.0,7.0,1.0,B01
201500024971,0,7,0,0.0,2.0,2.0,15.0,A01
201500024972,0,7,0,0.0,2.0,7.0,1.0,B01
201500024972,0,1,0,0.0,0.0,0.0,19.0,A01
201500024973,0,37,1,0.0,1.0,2.0,1.0,A01
201500024974,0,7,0,0.0,2.0,1.0,2.0,A01
201500024974,0,7,0,0.0,2.0,4.0,2.0,B01
201500024975,0,10,0,0.0,2.0,4.0,4.0,A01
201500024975,0,7,0,0.0,2.0,1.0,23.0,B01
201500024976,0,7,0,14.0,0.0,1.0,1.0,A01
201500024977,0,7,0,0.0,2.0,4.0,0.0,B01
201500024977,0,7,0,0.0,2.0,1.0,1.0,A01
201500024978,0,3,0,0.0,2.0,1.0,2.0,A01
201500024978,0,7,0,0.0,2.0,4.0,23.0,B01
201500024979,0,10,0,0.0,2.0,2.0,21.0,B01
201500024979,0,7,0,0.0,2.0,1.0,5.0,A01
201500024980,0,7,0,0.0,2.0,8.0,11.0,A01
201500024980,0,17,0,0.0,2.0,7.0,1.0,B01
201500024981,0,2,0,0.0,0.0,3.0,23.0,B01
201500024981,0,10,0,0.0,2.0,2.0,2.0,A01
201500024982,0,7,0,0.0,2.0,1.0,2.0,A01
201500024982,0,33,0,0.0,2.0,4.0,23.0,B01
201500024983,0,7,0,0.0,2.0,2.0,1.0,A01
201500024983,0,7,0,0.0,2.0,8.0,1.0,B01
201500024983,0,7,0,4.0,2.0,7.0,1.0,C01
201500024984,0,7,0,0.0,2.0,1.0,2.0,A01
201500024984,0,7,0,0.0,2.0,4.0,23.0,B01
201500024985,0,7,0,0.0,0.0,0.0,0.0,A01
201500024986,0,7,0,3.0,0.0,1.0,1.0,A01
201500024987,0,7,0,0.0,0.0,0.0,0.0,A01
201500024987,0,1,0,0.0,0.0,0.0,0.0,B01
201500024988,0,7,0,0.0,2.0,6.0,1.0,A01
201500024988,0,30,0,0.0,2.0,1.0,1.0,B01
201500024989,0,7,0,1.0,0.0,0.0,0.0,A01
201500024990,0,7,0,0.0,2.0,6.0,1.0,B01
201500024990,0,7,0,0.0,2.0,1.0,1.0,A01
201500024991,0,10,0,0.0,2.0,1.0,2.0,A01
201500024991,0,7,0,0.0,2.0,4.0,23.0,B01
201500024992,0,33,0,0.0,0.0,0.0,0.0,A01
201500024993,0,10,0,0.0,2.0,7.0,1.0,B01
201500024993,0,7,0,0.0,2.0,8.0,13.0,A01
201500024994,0,7,0,9.0,0.0,3.0,1.0,A01
201500024995,0,2,0,0.0,1.0,1.0,0.0,A01
201500024996,0,7,0,0.0,2.0,1.0,1.0,B01
201500024996,0,7,0,4.0,2.0,1.0,1.0,A01
201500024997,0,7,0,0.0,2.0,0.0,0.0,A01
201500024997,0,7,0,0.0,2.0,3.0,15.0,B01
201500024998,0,17,0,0.0,2.0,1.0,1.0,C01
201500024998,0,7,0,0.0,2.0,6.0,9.0,A01
201500024998,0,7,0,0.0,2.0,1.0,1.0,B01
201500024999,0,7,0,0.0,2.0,4.0,23.0,B01
201500024999,0,30,0,0.0,2.0,1.0,1.0,A01
201500025000,0,1,0,0.0,2.0,0.0,15.0,B01
201500025000,0,7,0,0.0,2.0,1.0,15.0,A01
201500025001,0,7,0,15.0,0.0,1.0,1.0,A01
201500025002,0,7,0,0.0,2.0,2.0,15.0,A01
201500025002,0,33,0,0.0,2.0,1.0,1.0,B01
201500025003,0,1,0,0.0,2.0,1.0,9.0,A01
201500025003,0,37,1,0.0,2.0,2.0,1.0,B01
201500025004,0,7,0,0.0,2.0,4.0,2.0,B01
201500025004,0,7,0,0.0,2.0,1.0,2.0,A01
201500025004,0,10,0,0.0,2.0,4.0,2.0,C01
201500025005,0,30,0,0.0,0.0,0.0,1.0,A01
201500025006,0,1,0,0.0,2.0,0.0,2.0,C01
201500025006,0,1,0,0.0,0.0,0.0,0.0,D01
201500025006,0,7,0,0.0,2.0,7.0,0.0,A01
201500025006,0,7,0,0.0,2.0,8.0,1.0,B01
201500025007,0,7,0,0.0,2.0,4.0,2.0,C01
201500025007,0,7,0,0.0,2.0,1.0,2.0,A01
201500025007,0,7,0,0.0,2.0,4.0,2.0,B01
201500025008,0,7,0,0.0,2.0,4.0,1.0,B01
201500025008,0,7,0,0.0,2.0,1.0,2.0,A01
201500025009,0,7,0,0.0,2.0,4.0,2.0,C01
201500025009,0,7,0,0.0,2.0,1.0,2.0,A01
201500025009,0,7,0,0.0,0.0,0.0,0.0,D01
201500025009,0,7,0,0.0,2.0,4.0,2.0,B01
201500025010,0,7,0,0.0,2.0,1.0,1.0,A01
201500025010,0,7,0,0.0,2.0,7.0,1.0,B01
201500025011,0,7,0,0.0,2.0,9.0,1.0,A01
201500025012,0,7,0,0.0,2.0,6.0,1.0,B01
201500025012,0,7,0,0.0,2.0,1.0,1.0,A01
201500025013,0,7,0,16.0,0.0,9.0,1.0,A01
201500025014,0,7,0,0.0,2.0,4.0,23.0,B01
201500025014,0,17,0,0.0,2.0,1.0,12.0,A01
201500025015,0,7,0,1.0,1.0,2.0,1.0,A01
201500025016,0,30,0,12.0,2.0,1.0,1.0,A01
201500025017,0,1,0,0.0,2.0,1.0,1.0,B01
201500025017,0,7,0,0.0,2.0,1.0,15.0,A01
201500025018,0,7,0,0.0,2.0,2.0,15.0,A01
201500025018,0,7,0,0.0,2.0,1.0,1.0,B01
201500025019,0,2,0,16.0,0.0,0.0,1.0,A01
201500025020,0,7,0,16.0,0.0,9.0,1.0,A01
201500025021,0,7,0,0.0,0.0,0.0,0.0,A01
201500025021,0,7,0,0.0,0.0,0.0,0.0,B01
201500025022,0,10,0,0.0,2.0,1.0,2.0,A01
201500025022,0,10,0,0.0,2.0,4.0,2.0,B01
201500025023,0,7,0,15.0,0.0,1.0,1.0,A01
201500025024,0,7,0,1.0,1.0,7.0,21.0,A01
201500025025,0,7,0,0.0,2.0,1.0,2.0,A01
201500025025,0,7,0,0.0,2.0,4.0,23.0,B01
201500025026,0,7,0,0.0,0.0,0.0,0.0,A01
201500025027,0,1,0,0.0,2.0,1.0,1.0,B01
201500025027,0,7,0,0.0,2.0,1.0,15.0,A01
201500025028,0,10,0,0.0,1.0,1.0,1.0,A01
201500025029,0,7,0,0.0,2.0,4.0,1.0,C01
201500025029,0,7,0,0.0,2.0,1.0,2.0,A01
201500025029,0,7,0,0.0,2.0,4.0,2.0,B01
201500025030,0,33,0,16.0,0.0,8.0,1.0,A01
201500025031,0,7,0,0.0,2.0,4.0,23.0,B01
201500025031,0,7,0,0.0,2.0,1.0,2.0,A01
201500025032,0,7,0,0.0,2.0,1.0,2.0,A01
201500025032,0,7,0,0.0,2.0,4.0,2.0,C01
201500025032,0,7,0,0.0,2.0,4.0,2.0,D01
201500025032,0,7,0,0.0,2.0,4.0,2.0,B01
201500025033,1,7,0,0.0,2.0,1.0,0.0,Z01
201500025033,0,7,0,0.0,2.0,5.0,1.0,B01
201500025034,0,2,0,0.0,2.0,1.0,1.0,A01
201500025034,0,7,0,0.0,2.0,2.0,15.0,B01
201500025035,0,7,0,12.0,0.0,1.0,1.0,A01
201500025036,0,7,0,0.0,2.0,5.0,16.0,A01
201500025036,0,1,0,0.0,2.0,1.0,1.0,B01
201500025037,0,31,0,16.0,0.0,0.0,1.0,A01
201500025038,0,7,0,0.0,0.0,0.0,1.0,B01
201500025038,0,7,0,11.0,0.0,1.0,1.0,A01
201500025039,0,7,0,0.0,2.0,3.0,1.0,B01
201500025039,0,7,0,0.0,2.0,3.0,1.0,A01
201500025040,0,1,0,0.0,2.0,1.0,1.0,B01
201500025040,0,7,0,0.0,2.0,4.0,1.0,A01
201500025041,0,7,0,0.0,1.0,1.0,1.0,A01
201500025042,0,7,0,12.0,0.0,1.0,1.0,A01
201500025043,0,7,0,0.0,2.0,2.0,15.0,A01
201500025043,0,2,0,0.0,2.0,1.0,1.0,B01
201500025044,0,7,0,0.0,2.0,2.0,1.0,B01
201500025044,0,2,0,0.0,2.0,1.0,1.0,A01
201500025045,1,7,0,0.0,1.0,2.0,1.0,A01
201500025046,0,10,0,0.0,2.0,2.0,1.0,A01
201500025046,0,7,0,0.0,2.0,8.0,15.0,B01
201500025047,0,7,0,0.0,2.0,4.0,14.0,C01
201500025047,0,7,0,0.0,2.0,6.0,14.0,B01
201500025047,0,7,0,0.0,2.0,2.0,13.0,A01
201500025048,0,30,0,0.0,2.0,1.0,1.0,A01
201500025048,0,7,0,0.0,2.0,6.0,9.0,B01
201500025049,0,2,0,0.0,2.0,8.0,1.0,B01
201500025049,0,7,0,0.0,2.0,3.0,15.0,A01
201500025050,0,7,0,0.0,1.0,1.0,1.0,A01
201500025051,0,2,0,0.0,2.0,1.0,1.0,B01
201500025051,0,7,0,0.0,2.0,1.0,10.0,A01
201500025052,0,7,0,0.0,2.0,4.0,23.0,A01
201500025052,0,7,0,0.0,2.0,1.0,2.0,D01
201500025052,0,7,0,0.0,2.0,1.0,2.0,C01
201500025052,0,7,0,0.0,2.0,1.0,21.0,B01
201500025053,0,7,0,14.0,0.0,1.0,1.0,A01
201500025054,0,7,0,4.0,0.0,1.0,1.0,A01
201500025055,0,10,0,0.0,1.0,4.0,4.0,A01
201500025056,0,7,0,13.0,0.0,8.0,1.0,A01
201500025057,0,7,0,0.0,2.0,4.0,2.0,B01
201500025057,0,7,0,0.0,2.0,4.0,2.0,C01
201500025057,0,7,0,0.0,2.0,1.0,2.0,A01
201500025058,0,7,0,0.0,2.0,1.0,15.0,A01
201500025058,0,30,0,0.0,2.0,3.0,1.0,B01
201500025059,0,7,0,0.0,2.0,1.0,2.0,A01
201500025059,0,7,0,0.0,2.0,4.0,2.0,B01
201500025060,0,7,0,0.0,2.0,4.0,2.0,B01
201500025060,0,7,0,0.0,2.0,1.0,2.0,A01
201500025060,0,7,0,0.0,2.0,4.0,2.0,C01
201500025061,0,7,0,0.0,2.0,2.0,1.0,B01
201500025061,1,37,1,0.0,2.0,0.0,0.0,A01
201500025062,0,7,0,16.0,0.0,9.0,1.0,A01
201500025063,0,7,0,0.0,2.0,2.0,15.0,B01
201500025063,0,30,0,0.0,2.0,1.0,1.0,A01
201500025064,0,7,0,16.0,0.0,9.0,1.0,A01
201500025065,0,7,0,0.0,2.0,3.0,23.0,B01
201500025065,0,7,0,7.0,2.0,7.0,15.0,A01
201500025066,0,33,0,0.0,2.0,1.0,1.0,B01
201500025066,0,7,0,0.0,2.0,2.0,14.0,A01
201500025067,0,7,0,0.0,2.0,2.0,1.0,B01
201500025067,0,7,0,0.0,2.0,1.0,15.0,A01
201500025068,0,30,0,0.0,2.0,1.0,2.0,A01
201500025068,0,7,0,0.0,2.0,5.0,14.0,B01
201500025069,0,7,0,0.0,2.0,4.0,16.0,B01
201500025069,0,99,0,0.0,2.0,2.0,1.0,A01
201500025070,0,7,0,0.0,2.0,4.0,2.0,C01
201500025070,0,7,0,0.0,2.0,4.0,2.0,D01
201500025070,0,7,0,0.0,2.0,1.0,2.0,A01
201500025070,0,7,0,0.0,2.0,4.0,2.0,B01
201500025071,0,34,0,0.0,0.0,0.0,0.0,B01
201500025071,0,7,0,0.0,2.0,1.0,15.0,A01
201500025072,0,7,0,8.0,0.0,1.0,1.0,A01
201500025073,0,30,0,16.0,0.0,0.0,0.0,A01
201500025074,0,7,0,0.0,2.0,1.0,1.0,A01
201500025074,0,1,0,0.0,2.0,5.0,1.0,B01
201500025075,0,7,0,0.0,1.0,1.0,0.0,A01
201500025076,0,33,0,16.0,0.0,0.0,3.0,A01
201500025077,0,7,0,0.0,1.0,1.0,1.0,A01
201500025078,0,7,0,0.0,2.0,3.0,9.0,A01
201500025078,0,33,0,0.0,2.0,7.0,1.0,B01
201500025079,0,1,0,0.0,2.0,1.0,19.0,B01
201500025079,0,7,0,0.0,2.0,1.0,15.0,A01
201500025080,0,7,0,0.0,2.0,1.0,16.0,A01
201500025080,0,1,0,0.0,2.0,7.0,1.0,B01
201500025081,0,1,0,0.0,2.0,8.0,19.0,B01
201500025081,0,1,0,0.0,2.0,1.0,1.0,A01
201500025082,0,38,0,0.0,1.0,7.0,16.0,A01
201500025083,0,7,0,0.0,1.0,2.0,1.0,A01
201500025084,0,7,0,0.0,2.0,1.0,2.0,A01
201500025084,0,7,0,0.0,2.0,4.0,2.0,B01
201500025084,0,7,0,0.0,2.0,4.0,2.0,C01
201500025085,0,30,0,0.0,2.0,1.0,1.0,B01
201500025085,0,7,0,0.0,2.0,2.0,15.0,A01
201500025086,0,34,0,0.0,2.0,7.0,17.0,B01
201500025086,0,7,0,0.0,2.0,3.0,17.0,A01
201500025087,0,7,0,0.0,2.0,0.0,1.0,B01
201500025087,0,7,0,0.0,2.0,1.0,0.0,A01
201500025088,1,7,0,0.0,2.0,1.0,1.0,B01
201500025088,0,30,0,0.0,2.0,8.0,1.0,A01
201500025089,0,7,0,0.0,2.0,1.0,1.0,A01
201500025089,0,7,0,0.0,2.0,4.0,1.0,B01
201500025089,0,7,0,0.0,2.0,4.0,1.0,C01
201500025089,0,7,0,0.0,2.0,4.0,1.0,D01
201500025090,0,1,0,0.0,2.0,1.0,15.0,A01
201500025090,0,7,0,0.0,2.0,1.0,1.0,B01
201500025091,0,1,0,0.0,2.0,0.0,0.0,B01
201500025091,0,14,0,0.0,2.0,1.0,1.0,A01
201500025092,0,7,0,0.0,2.0,7.0,15.0,A01
201500025092,0,30,0,0.0,2.0,1.0,1.0,B01
201500025093,1,7,0,0.0,9.0,0.0,0.0,B01
201500025093,0,99,0,0.0,2.0,0.0,1.0,A01
201500025094,0,7,0,0.0,2.0,4.0,2.0,B01
201500025094,0,7,0,0.0,2.0,1.0,2.0,A01
201500025095,0,7,0,0.0,1.0,1.0,1.0,A01
201500025096,0,7,0,0.0,2.0,7.0,16.0,A01
201500025096,0,33,0,0.0,2.0,8.0,1.0,B01
201500025097,0,7,0,0.0,2.0,1.0,1.0,B01
201500025097,0,1,0,0.0,2.0,0.0,1.0,A01
201500025098,0,1,0,0.0,2.0,1.0,0.0,B01
201500025098,0,14,0,0.0,2.0,3.0,16.0,A01
201500025099,0,7,0,0.0,1.0,2.0,1.0,A01
201500025100,0,2,0,0.0,2.0,1.0,1.0,A01
201500025100,0,1,0,0.0,2.0,7.0,19.0,B01