Num_Acc,senc,catv,occutc,obs,obsm,choc,manv,num_veh
201500025101,0,7,0,0.0,2.0,4.0,2.0,B01
201500025101,0,7,0,0.0,2.0,1.0,2.0,A01
201500025102,0,7,0,0.0,2.0,4.0,2.0,B01
201500025102,0,10,0,0.0,2.0,1.0,2.0,A01
201500025102,0,7,0,0.0,2.0,4.0,2.0,C01
201500025103,0,7,0,0.0,1.0,0.0,0.0,A01
201500025104,0,7,0,0.0,2.0,1.0,9.0,A01
201500025104,0,33,0,0.0,2.0,7.0,0.0,B01
201500025105,0,7,0,0.0,1.0,1.0,1.0,A01
201500025106,0,1,0,0.0,2.0,0.0,0.0,A01
201500025106,0,10,0,0.0,2.0,3.0,1.0,B01
201500025107,0,7,0,0.0,2.0,4.0,1.0,A01
201500025107,0,7,0,0.0,2.0,4.0,1.0,B01
201500025107,0,7,0,0.0,2.0,1.0,1.0,C01
201500025108,0,34,0,0.0,2.0,0.0,0.0,B01
201500025108,0,7,0,0.0,2.0,1.0,1.0,A01
201500025109,0,7,0,0.0,2.0,1.0,1.0,A01
201500025109,0,7,0,0.0,2.0,4.0,1.0,C01
201500025109,0,7,0,0.0,2.0,4.0,1.0,B01
201500025110,0,7,0,0.0,2.0,0.0,0.0,B01
201500025110,0,2,0,0.0,2.0,1.0,1.0,A01
201500025111,0,7,0,0.0,2.0,1.0,9.0,A01
201500025111,0,1,0,0.0,2.0,0.0,0.0,B01
201500025112,0,10,0,0.0,1.0,1.0,1.0,A01
201500025113,0,7,0,0.0,2.0,8.0,22.0,A01
201500025113,0,1,0,1.0,0.0,7.0,1.0,B01
201500025114,0,33,0,0.0,2.0,1.0,1.0,B01
201500025114,0,7,0,0.0,2.0,1.0,15.0,A01
201500025115,0,7,0,0.0,1.0,4.0,1.0,A01
201500025116,1,7,0,0.0,1.0,0.0,1.0,Z01
201500025117,0,7,0,0.0,2.0,1.0,1.0,B01
201500025117,0,1,0,0.0,2.0,0.0,0.0,A01
201500025118,0,7,0,0.0,2.0,7.0,16.0,A01
201500025118,0,1,0,0.0,2.0,0.0,1.0,B01
201500025119,0,37,1,0.0,1.0,7.0,1.0,A01
201500025120,0,7,0,0.0,2.0,7.0,22.0,A01
201500025120,0,1,0,0.0,2.0,1.0,1.0,B01
201500025121,0,7,0,0.0,2.0,9.0,1.0,A01
201500025121,0,7,0,0.0,2.0,4.0,1.0,B01
201500025122,0,7,0,0.0,2.0,3.0,1.0,A01
201500025122,0,38,1,0.0,2.0,1.0,1.0,B01
201500025123,0,7,0,0.0,2.0,1.0,2.0,A01
201500025123,0,1,0,0.0,2.0,4.0,2.0,B01
201500025124,0,10,0,0.0,1.0,4.0,4.0,A01
201500025125,0,37,1,0.0,2.0,1.0,15.0,A01
201500025125,0,1,0,0.0,2.0,5.0,1.0,B01
201500025126,0,7,0,14.0,0.0,1.0,1.0,A01
201500025127,0,10,0,8.0,0.0,1.0,1.0,A01
201500025128,0,30,0,0.0,2.0,2.0,19.0,A01
201500025128,0,7,0,0.0,2.0,2.0,1.0,B01
201500025129,0,10,0,0.0,2.0,4.0,2.0,B01
201500025129,0,7,0,0.0,2.0,4.0,2.0,C01
201500025129,0,7,0,0.0,2.0,1.0,2.0,A01
201500025130,0,30,0,12.0,0.0,1.0,1.0,A01
201500025131,0,7,0,16.0,0.0,9.0,1.0,A01
201500025132,0,7,0,0.0,2.0,1.0,1.0,B01
201500025132,0,7,0,0.0,2.0,3.0,0.0,A01
201500025133,0,7,0,0.0,2.0,1.0,2.0,A01
201500025133,0,7,0,0.0,2.0,4.0,23.0,C01
201500025133,0,10,0,0.0,2.0,4.0,2.0,B01
201500025134,0,7,0,0.0,2.0,8.0,9.0,A01
201500025134,0,1,0,0.0,2.0,1.0,1.0,B01
201500025135,1,10,0,1.0,0.0,1.0,1.0,A01
201500025135,0,7,0,0.0,2.0,4.0,24.0,B01
201500025136,1,7,0,0.0,1.0,1.0,0.0,A01
201500025137,0,7,0,0.0,1.0,1.0,1.0,A01
201500025138,0,30,0,0.0,0.0,0.0,0.0,A01
201500025139,0,1,0,0.0,2.0,0.0,1.0,B01
201500025139,0,7,0,0.0,2.0,1.0,5.0,A01
201500025140,0,15,0,0.0,2.0,0.0,0.0,A01
201500025140,0,7,0,3.0,2.0,4.0,12.0,B01
201500025140,0,7,0,0.0,2.0,0.0,0.0,C01
201500025141,0,7,0,0.0,2.0,1.0,1.0,A01
201500025141,0,7,0,0.0,2.0,6.0,1.0,B01
201500025142,0,7,0,0.0,2.0,8.0,15.0,A01
201500025142,0,34,0,0.0,2.0,1.0,1.0,B01
201500025143,0,7,0,0.0,1.0,1.0,1.0,A01
201500025144,0,7,0,0.0,2.0,1.0,1.0,A01
201500025144,0,7,0,0.0,2.0,1.0,1.0,B01
201500025145,0,7,0,0.0,2.0,4.0,2.0,B01
201500025145,0,7,0,0.0,2.0,1.0,2.0,A01
201500025146,0,7,0,0.0,2.0,4.0,2.0,B01
201500025146,0,7,0,0.0,2.0,1.0,2.0,A01
201500025147,0,7,0,0.0,2.0,2.0,16.0,A01
201500025147,0,1,0,0.0,2.0,0.0,1.0,B01
201500025148,0,7,0,12.0,0.0,1.0,1.0,A01
201500025149,0,7,0,0.0,2.0,4.0,2.0,C01
201500025149,0,7,0,0.0,2.0,4.0,2.0,B01
201500025149,0,7,0,0.0,2.0,1.0,2.0,A01
201500025150,0,7,0,0.0,2.0,2.0,1.0,B01
201500025150,0,14,0,0.0,2.0,1.0,1.0,A01
201500025151,0,31,0,16.0,0.0,0.0,1.0,A01
201500025152,0,3,0,0.0,2.0,1.0,1.0,A01
201500025153,0,7,0,0.0,2.0,1.0,15.0,A01
201500025153,0,7,0,0.0,2.0,7.0,1.0,B01
201500025154,0,7,0,0.0,2.0,2.0,1.0,A01
201500025154,0,7,0,0.0,2.0,3.0,1.0,B01
201500025155,0,7,0,0.0,2.0,7.0,15.0,A01
201500025155,0,33,0,0.0,2.0,2.0,1.0,B01
201500025156,0,7,0,0.0,2.0,1.0,0.0,A01
201500025156,0,7,0,0.0,2.0,0.0,1.0,C01
201500025156,0,7,0,0.0,2.0,1.0,0.0,B01
201500025157,0,7,0,0.0,1.0,2.0,15.0,A01
201500025158,0,7,0,0.0,1.0,1.0,9.0,A01
201500025159,0,10,0,0.0,2.0,4.0,2.0,B01
201500025159,0,10,0,0.0,2.0,1.0,2.0,A01
201500025159,0,7,0,0.0,2.0,4.0,2.0,C01
201500025160,0,7,0,0.0,1.0,1.0,13.0,A01
201500025161,1,7,0,0.0,1.0,1.0,1.0,A01
201500025162,0,30,0,0.0,2.0,1.0,0.0,B01
201500025162,0,7,0,0.0,2.0,3.0,0.0,A01
201500025163,0,10,0,1.0,0.0,1.0,1.0,A01
201500025164,0,10,0,0.0,2.0,4.0,23.0,A01
201500025164,0,30,0,0.0,2.0,1.0,2.0,B01
201500025165,0,32,0,0.0,2.0,1.0,1.0,B01
201500025165,0,7,0,0.0,2.0,3.0,15.0,A01
201500025166,0,7,0,0.0,1.0,7.0,1.0,A01
201500025167,0,7,0,0.0,1.0,1.0,16.0,A01
201500025168,0,7,0,0.0,2.0,2.0,1.0,A01
201500025168,0,7,0,0.0,2.0,1.0,1.0,B01
201500025169,0,33,0,0.0,2.0,1.0,17.0,B01
201500025169,0,7,0,0.0,2.0,4.0,13.0,A01
201500025170,0,7,0,0.0,1.0,1.0,1.0,A01
201500025171,0,7,0,0.0,2.0,3.0,1.0,B01
201500025171,0,7,0,0.0,2.0,2.0,15.0,A01
201500025172,0,7,0,0.0,2.0,2.0,0.0,B01
201500025172,0,7,0,12.0,2.0,2.0,0.0,A01
201500025173,0,10,0,0.0,2.0,1.0,1.0,A01
201500025173,0,37,1,0.0,2.0,6.0,1.0,B01
201500025174,0,34,0,0.0,2.0,3.0,1.0,B01
201500025174,0,7,0,0.0,2.0,2.0,16.0,A01
201500025175,0,7,0,0.0,1.0,2.0,0.0,A01
201500025176,0,38,1,0.0,1.0,2.0,1.0,A01
201500025177,0,7,0,16.0,0.0,9.0,1.0,A01
201500025178,0,7,0,0.0,2.0,1.0,0.0,A01
201500025178,0,7,0,0.0,2.0,4.0,2.0,B01
201500025179,0,1,0,8.0,0.0,1.0,1.0,A01
201500025180,0,7,0,8.0,0.0,0.0,15.0,A01
201500025181,0,7,0,0.0,1.0,1.0,15.0,A01
201500025182,0,7,0,0.0,1.0,2.0,1.0,A01
201500025183,0,7,0,0.0,1.0,3.0,1.0,A01
201500025184,0,33,0,15.0,0.0,1.0,17.0,A01
201500025185,0,2,0,0.0,2.0,3.0,15.0,B01
201500025185,0,31,0,1.0,2.0,2.0,7.0,A01
201500025186,0,33,0,0.0,2.0,1.0,19.0,B01
201500025186,0,7,0,0.0,0.0,0.0,0.0,A01
201500025186,0,7,0,0.0,2.0,3.0,0.0,C01
201500025187,0,1,0,7.0,0.0,1.0,1.0,A01
201500025188,0,31,0,0.0,0.0,0.0,1.0,B01
201500025188,0,10,0,0.0,0.0,0.0,19.0,A01
201500025189,0,7,0,0.0,9.0,4.0,2.0,B01
201500025189,0,7,0,0.0,2.0,1.0,2.0,A01
201500025190,0,1,0,0.0,2.0,2.0,0.0,B01
201500025190,0,7,0,0.0,9.0,3.0,9.0,A01
201500025191,0,7,0,0.0,2.0,5.0,2.0,B01
201500025191,0,33,0,0.0,2.0,1.0,2.0,A01
201500025192,0,7,0,0.0,1.0,8.0,1.0,A01
201500025193,0,30,0,1.0,0.0,1.0,1.0,A01
201500025194,0,7,0,0.0,2.0,1.0,1.0,B01
201500025194,0,7,0,0.0,2.0,3.0,13.0,A01
201500025195,0,7,0,0.0,2.0,3.0,1.0,A01
201500025195,0,7,0,0.0,2.0,3.0,1.0,B01
201500025196,0,7,0,0.0,1.0,1.0,1.0,A01
201500025197,0,1,0,12.0,0.0,1.0,1.0,A01
201500025198,0,30,0,0.0,0.0,0.0,1.0,A01
201500025199,0,7,0,0.0,2.0,8.0,9.0,A01
201500025199,0,30,0,0.0,2.0,1.0,2.0,B01
201500025200,0,1,0,0.0,2.0,1.0,1.0,A01
201500025200,0,30,0,0.0,2.0,4.0,1.0,B01
201500025201,0,7,0,0.0,1.0,3.0,2.0,A01
201500025202,0,30,0,0.0,2.0,1.0,1.0,A01
201500025202,0,7,0,0.0,2.0,4.0,23.0,B01
201500025203,0,7,0,0.0,2.0,1.0,2.0,A01
201500025203,0,7,0,0.0,2.0,4.0,2.0,B01
201500025204,0,7,0,0.0,0.0,0.0,1.0,A01
201500025205,0,30,0,0.0,2.0,1.0,19.0,A01
201500025205,0,7,0,0.0,2.0,6.0,2.0,B01
201500025206,0,7,0,0.0,2.0,9.0,2.0,A01
201500025206,0,7,0,0.0,2.0,4.0,2.0,D01
201500025206,0,7,0,0.0,2.0,9.0,1.0,C01
201500025206,0,7,0,0.0,2.0,9.0,2.0,B01
201500025207,0,7,0,0.0,2.0,1.0,1.0,A01
201500025207,0,7,0,0.0,2.0,4.0,1.0,B01
201500025208,0,7,0,0.0,2.0,7.0,17.0,B01
201500025208,0,7,0,0.0,2.0,8.0,1.0,A01
201500025209,0,7,0,0.0,2.0,1.0,1.0,B01
201500025209,0,7,0,9.0,2.0,6.0,19.0,A01
201500025210,0,7,0,0.0,1.0,1.0,1.0,A01
201500025211,0,7,0,0.0,2.0,8.0,11.0,A01
201500025211,0,33,0,0.0,0.0,0.0,0.0,B01
201500025212,0,33,0,0.0,2.0,1.0,1.0,B01
201500025212,0,7,0,0.0,2.0,3.0,20.0,A01
201500025213,0,7,0,0.0,2.0,6.0,12.0,A01
201500025213,0,7,0,0.0,2.0,1.0,1.0,B01
201500025214,0,7,0,2.0,0.0,1.0,1.0,A01
201500025215,0,7,0,0.0,2.0,1.0,2.0,A01
201500025215,0,7,0,0.0,0.0,4.0,1.0,B01
201500025216,0,7,0,0.0,2.0,3.0,20.0,A01
201500025216,0,7,0,0.0,2.0,3.0,1.0,B01
201500025217,0,7,0,0.0,2.0,1.0,1.0,A01
201500025217,0,99,0,0.0,2.0,4.0,1.0,B01
201500025218,0,7,0,16.0,0.0,9.0,1.0,A01
201500025219,0,7,0,0.0,2.0,1.0,15.0,A01
201500025219,0,2,0,0.0,0.0,0.0,0.0,B01
201500025220,0,7,0,0.0,0.0,4.0,0.0,B01
201500025220,0,7,0,0.0,2.0,1.0,1.0,A01
201500025221,0,7,0,0.0,1.0,8.0,1.0,A01
201500025222,0,7,0,0.0,2.0,1.0,1.0,A01
201500025222,0,7,0,0.0,2.0,7.0,15.0,B01
201500025223,0,7,0,0.0,2.0,1.0,1.0,A01
201500025223,0,99,0,0.0,2.0,3.0,1.0,B01
201500025224,0,7,0,0.0,2.0,6.0,2.0,B01
201500025224,0,2,0,0.0,2.0,1.0,2.0,A01
201500025225,0,7,0,0.0,2.0,1.0,9.0,A01
201500025225,0,7,0,0.0,2.0,7.0,1.0,B01
201500025226,0,7,0,0.0,2.0,4.0,2.0,A01
201500025226,0,7,0,0.0,2.0,4.0,1.0,B01
201500025227,0,7,0,0.0,2.0,4.0,1.0,A01
201500025227,0,7,0,0.0,2.0,1.0,1.0,B01
201500025228,0,1,0,0.0,2.0,4.0,1.0,B01
201500025228,0,7,0,0.0,2.0,1.0,1.0,A01
201500025229,0,7,0,0.0,2.0,1.0,1.0,A01
201500025229,0,7,0,0.0,2.0,4.0,1.0,B01
201500025230,0,7,0,0.0,0.0,0.0,0.0,B01
201500025230,0,7,0,0.0,2.0,1.0,13.0,A01
201500025231,0,1,0,0.0,1.0,0.0,0.0,A01
201500025232,0,1,0,0.0,2.0,7.0,19.0,A01
201500025232,0,7,0,0.0,2.0,0.0,1.0,B01
201500025233,0,7,0,0.0,1.0,1.0,1.0,A01
201500025234,0,7,0,0.0,1.0,0.0,0.0,A01
201500025235,0,7,0,0.0,1.0,2.0,1.0,A01
201500025236,0,7,0,0.0,2.0,1.0,1.0,A01
201500025236,0,7,0,0.0,0.0,0.0,0.0,B01
201500025237,0,30,0,0.0,2.0,1.0,1.0,A01
201500025237,0,7,0,0.0,2.0,4.0,1.0,B01
201500025238,0,7,0,0.0,1.0,1.0,1.0,A01
201500025239,0,30,0,0.0,2.0,1.0,1.0,B01
201500025239,0,3,0,0.0,2.0,1.0,15.0,A01
201500025240,0,30,0,0.0,2.0,5.0,1.0,B01
201500025240,0,7,0,0.0,2.0,1.0,9.0,A01
201500025241,0,7,0,13.0,0.0,1.0,1.0,A01
201500025242,0,7,0,0.0,2.0,3.0,1.0,B01
201500025242,0,1,0,0.0,0.0,0.0,0.0,A01
201500025243,0,7,0,0.0,2.0,8.0,0.0,A01
201500025243,0,37,0,0.0,0.0,0.0,23.0,B01
201500025244,0,2,0,11.0,0.0,1.0,21.0,A01
201500025245,0,30,0,0.0,2.0,1.0,1.0,A01
201500025245,0,7,0,0.0,2.0,7.0,1.0,B01
201500025246,0,7,0,0.0,0.0,0.0,0.0,A01
201500025247,0,7,0,0.0,1.0,3.0,1.0,A01
201500025248,0,7,0,0.0,2.0,6.0,1.0,B01
201500025248,0,33,0,0.0,2.0,7.0,17.0,A01
201500025249,0,7,0,16.0,0.0,9.0,1.0,A01
201500025250,0,7,0,0.0,2.0,1.0,2.0,A01
201500025250,0,7,0,0.0,2.0,4.0,1.0,B01
201500025251,0,7,0,0.0,2.0,7.0,15.0,A01
201500025251,0,33,0,0.0,2.0,1.0,1.0,B01
201500025252,0,33,0,0.0,2.0,1.0,1.0,B01
201500025252,0,7,0,6.0,2.0,5.0,15.0,A01
201500025253,0,7,0,0.0,2.0,1.0,19.0,A01
201500025253,0,1,0,0.0,0.0,0.0,0.0,B01
201500025254,0,7,0,0.0,2.0,1.0,1.0,A01
201500025254,0,7,0,0.0,0.0,0.0,0.0,B01
201500025255,0,7,0,0.0,2.0,3.0,1.0,B01
201500025255,0,7,0,8.0,2.0,1.0,1.0,A01
201500025256,0,7,0,6.0,0.0,1.0,1.0,A01
201500025257,0,7,0,1.0,1.0,3.0,1.0,A01
201500025258,0,33,0,0.0,2.0,1.0,1.0,A01
201500025258,0,7,0,0.0,2.0,5.0,1.0,B01
201500025259,0,2,0,0.0,2.0,1.0,1.0,A01
201500025259,0,7,0,0.0,2.0,4.0,1.0,B01
201500025260,0,2,0,0.0,2.0,1.0,13.0,A01
201500025260,0,7,0,0.0,2.0,3.0,1.0,B01
201500025261,0,7,0,0.0,2.0,1.0,1.0,A01
201500025261,0,33,0,0.0,2.0,4.0,0.0,B01
201500025262,0,1,0,8.0,0.0,1.0,1.0,A01
201500025263,0,7,0,0.0,2.0,1.0,1.0,A01
201500025263,0,7,0,0.0,2.0,4.0,2.0,B01
201500025264,0,7,0,0.0,2.0,1.0,2.0,A01
201500025264,0,7,0,0.0,2.0,4.0,1.0,C01
201500025264,0,7,0,0.0,2.0,4.0,2.0,B01
201500025264,0,7,0,0.0,2.0,4.0,0.0,D01
201500025265,0,7,0,0.0,2.0,6.0,9.0,A01
201500025265,0,2,0,0.0,2.0,2.0,1.0,B01
201500025266,0,7,0,0.0,2.0,3.0,9.0,A01
201500025266,0,31,0,0.0,2.0,2.0,1.0,B01
201500025267,0,1,0,1.0,2.0,1.0,1.0,B01
201500025267,0,7,0,0.0,2.0,8.0,9.0,A01
201500025268,0,30,0,0.0,2.0,1.0,17.0,A01
201500025268,0,7,0,0.0,2.0,4.0,1.0,B01
201500025269,0,7,0,0.0,2.0,1.0,9.0,A01
201500025269,0,2,0,0.0,2.0,2.0,1.0,B01
201500025270,0,7,0,10.0,0.0,1.0,1.0,A01
201500025271,0,1,0,0.0,0.0,3.0,1.0,B01
201500025271,0,10,0,0.0,2.0,2.0,1.0,A01
201500025272,0,7,0,0.0,2.0,1.0,16.0,A01
201500025272,0,33,0,0.0,2.0,1.0,1.0,B01
201500025273,0,7,0,8.0,0.0,3.0,1.0,A01
201500025274,0,7,0,0.0,2.0,8.0,1.0,B01
201500025274,0,7,0,0.0,2.0,0.0,11.0,A01
201500025275,0,7,0,0.0,2.0,3.0,9.0,A01
201500025275,0,30,0,0.0,2.0,7.0,2.0,B01
201500025276,0,7,0,0.0,1.0,1.0,1.0,A01
201500025277,0,2,0,0.0,2.0,1.0,2.0,A01
201500025277,0,7,0,0.0,0.0,4.0,2.0,B01
201500025278,0,30,0,11.0,0.0,1.0,1.0,A01
201500025279,0,7,0,0.0,1.0,1.0,1.0,A01
201500025280,0,30,0,0.0,2.0,1.0,1.0,A01
201500025280,0,7,0,0.0,2.0,2.0,1.0,B01
201500025281,0,2,0,0.0,0.0,0.0,16.0,B01
201500025281,0,2,0,0.0,0.0,0.0,16.0,A01
201500025282,0,7,0,0.0,2.0,7.0,15.0,A01
201500025282,0,7,0,0.0,2.0,1.0,1.0,B01
201500025283,0,7,0,0.0,2.0,2.0,0.0,A01
201500025283,0,7,0,0.0,2.0,1.0,1.0,B01
201500025284,0,7,0,0.0,0.0,4.0,1.0,B01
201500025284,0,7,0,0.0,2.0,1.0,1.0,A01
201500025285,0,7,0,8.0,0.0,8.0,1.0,A01
201500025286,0,7,0,0.0,2.0,2.0,1.0,B01
201500025286,0,7,0,0.0,2.0,1.0,19.0,A01
201500025287,0,7,0,0.0,2.0,1.0,1.0,A01
201500025287,0,7,0,0.0,0.0,4.0,0.0,B01
201500025288,0,7,0,2.0,0.0,1.0,1.0,A01
201500025289,0,7,0,0.0,2.0,1.0,1.0,A01
201500025289,0,7,0,0.0,2.0,4.0,0.0,B01
201500025290,0,7,0,0.0,2.0,2.0,1.0,B01
201500025290,0,7,0,0.0,2.0,1.0,19.0,A01
201500025291,0,7,0,0.0,2.0,2.0,1.0,A01
201500025291,0,33,0,0.0,2.0,1.0,1.0,B01
201500025292,0,7,0,0.0,1.0,1.0,17.0,A01
201500025293,0,7,0,0.0,2.0,4.0,23.0,B01
201500025293,0,7,0,0.0,2.0,1.0,1.0,A01
201500025294,0,7,0,0.0,2.0,1.0,1.0,A01
201500025294,0,7,0,0.0,2.0,8.0,1.0,B01
201500025295,0,30,0,0.0,2.0,1.0,1.0,A01
201500025295,0,30,0,0.0,2.0,4.0,1.0,B01
201500025296,0,7,0,0.0,2.0,1.0,13.0,B01
201500025296,0,7,0,0.0,2.0,2.0,1.0,A01
201500025297,0,7,0,0.0,2.0,8.0,9.0,A01
201500025297,0,7,0,0.0,0.0,1.0,1.0,B01
201500025298,0,7,0,0.0,2.0,1.0,1.0,B01
201500025298,0,7,0,0.0,2.0,3.0,11.0,A01
201500025299,0,7,0,0.0,2.0,2.0,17.0,A01
201500025299,0,7,0,0.0,2.0,0.0,15.0,B01
201500025300,0,1,0,7.0,0.0,1.0,1.0,A01
201500025301,0,7,0,0.0,2.0,3.0,13.0,A01
201500025301,0,7,0,0.0,0.0,3.0,1.0,B01
201500025302,0,1,0,0.0,0.0,0.0,21.0,B01
201500025302,0,7,0,0.0,2.0,7.0,1.0,A01
201500025303,0,7,0,0.0,1.0,1.0,1.0,A01
201500025304,0,7,0,0.0,2.0,8.0,11.0,B01
201500025304,0,7,0,0.0,2.0,7.0,1.0,A01
201500025305,0,7,0,0.0,1.0,5.0,4.0,A01
201500025306,0,7,0,0.0,0.0,0.0,0.0,A01
201500025307,0,1,0,8.0,0.0,1.0,1.0,A01
201500025308,0,7,0,0.0,2.0,4.0,1.0,A01
201500025308,0,7,0,0.0,2.0,1.0,1.0,C01
201500025308,0,7,0,0.0,2.0,9.0,1.0,B01
201500025309,0,2,0,0.0,0.0,7.0,1.0,A01
201500025310,0,33,0,1.0,0.0,1.0,1.0,A01
201500025311,0,33,0,0.0,2.0,1.0,1.0,B01
201500025311,0,7,0,0.0,2.0,3.0,9.0,A01
201500025312,0,7,0,0.0,2.0,1.0,0.0,A01
201500025312,0,7,0,0.0,2.0,4.0,1.0,B01
201500025313,0,7,0,0.0,1.0,1.0,1.0,A01
201500025314,0,7,0,0.0,2.0,2.0,1.0,B01
201500025314,0,7,0,0.0,2.0,2.0,5.0,A01
201500025315,0,2,0,0.0,2.0,7.0,9.0,A01
201500025315,0,7,0,0.0,2.0,1.0,1.0,B01
201500025316,0,33,0,0.0,1.0,1.0,1.0,A01
201500025317,0,7,0,0.0,2.0,2.0,1.0,A01
201500025317,0,7,0,0.0,2.0,6.0,0.0,B01
201500025318,0,10,0,0.0,2.0,1.0,1.0,A01
201500025318,0,7,0,0.0,2.0,4.0,1.0,B01
201500025319,0,7,0,0.0,2.0,4.0,2.0,B01
201500025319,0,7,0,0.0,0.0,4.0,2.0,C01
201500025319,0,7,0,0.0,2.0,1.0,2.0,A01
201500025320,0,7,0,0.0,1.0,8.0,1.0,A01
201500025321,0,1,0,0.0,4.0,6.0,15.0,A01
201500025321,0,40,10,0.0,2.0,0.0,1.0,B01
201500025322,0,1,0,0.0,2.0,1.0,1.0,B01
201500025322,0,7,0,0.0,2.0,3.0,1.0,A01
201500025323,0,1,0,0.0,1.0,0.0,0.0,A01
201500025324,0,7,0,0.0,2.0,7.0,15.0,A01
201500025324,0,7,0,0.0,2.0,1.0,1.0,B01
201500025325,0,7,0,0.0,2.0,1.0,1.0,A01
201500025325,0,7,0,0.0,0.0,0.0,0.0,B01
201500025326,0,7,0,0.0,2.0,5.0,16.0,B01
201500025326,0,7,0,0.0,2.0,3.0,15.0,A01
201500025327,0,7,0,0.0,2.0,1.0,1.0,A01
201500025327,0,2,0,0.0,2.0,8.0,1.0,B01
201500025328,0,7,0,0.0,1.0,3.0,1.0,A01
201500025329,0,33,0,0.0,9.0,0.0,1.0,A01
201500025330,0,7,0,0.0,2.0,1.0,15.0,B01
201500025330,0,10,0,0.0,2.0,8.0,16.0,A01
201500025331,0,10,0,0.0,0.0,0.0,0.0,A01
201500025331,0,7,0,0.0,0.0,0.0,0.0,B01
201500025332,0,7,0,0.0,2.0,7.0,1.0,B01
201500025332,0,7,0,0.0,2.0,1.0,1.0,A01
201500025333,0,10,0,0.0,2.0,8.0,15.0,B01
201500025333,0,1,0,0.0,2.0,1.0,7.0,A01
201500025334,0,7,0,8.0,0.0,3.0,15.0,A01
201500025335,0,7,0,0.0,2.0,1.0,1.0,B01
201500025335,0,1,0,0.0,2.0,7.0,1.0,A01
201500025336,0,7,0,0.0,2.0,3.0,1.0,A01
201500025336,0,7,0,0.0,2.0,3.0,1.0,B01
201500025337,0,33,0,0.0,2.0,8.0,18.0,A01
201500025337,0,7,0,0.0,2.0,5.0,12.0,B01
201500025338,0,7,0,0.0,1.0,0.0,0.0,A01
201500025339,0,7,0,16.0,0.0,6.0,1.0,A01
201500025340,0,7,0,0.0,1.0,1.0,1.0,A01
201500025341,0,2,0,0.0,2.0,1.0,1.0,B01
201500025341,0,7,0,0.0,2.0,2.0,10.0,A01
201500025342,0,10,0,1.0,0.0,1.0,13.0,A01
201500025343,0,7,0,0.0,2.0,3.0,1.0,C01
201500025343,0,7,0,0.0,2.0,3.0,5.0,A01
201500025343,0,7,0,0.0,2.0,3.0,1.0,B01
201500025344,0,7,0,1.0,0.0,2.0,14.0,A01
201500025344,0,7,0,0.0,0.0,2.0,24.0,B01
201500025345,1,99,0,0.0,1.0,0.0,0.0,Z01
201500025346,0,7,0,0.0,2.0,1.0,2.0,A01
201500025346,0,7,0,0.0,0.0,4.0,23.0,B01
201500025347,0,7,0,3.0,0.0,5.0,1.0,A01
201500025348,0,1,0,0.0,0.0,0.0,2.0,A01
201500025349,0,7,0,0.0,2.0,1.0,1.0,B01
201500025349,0,7,0,0.0,1.0,1.0,1.0,A01
201500025350,0,2,0,0.0,2.0,1.0,1.0,B01
201500025350,0,7,0,1.0,2.0,1.0,9.0,A01
201500025351,0,1,0,0.0,0.0,0.0,1.0,A01
201500025352,0,7,0,0.0,2.0,1.0,1.0,B01
201500025352,0,7,0,0.0,2.0,3.0,1.0,A01
201500025353,0,37,10,1.0,0.0,2.0,1.0,B01
201500025353,0,7,0,0.0,2.0,8.0,22.0,A01
201500025354,0,33,0,0.0,0.0,0.0,0.0,A01
201500025355,0,10,0,0.0,0.0,0.0,0.0,B01
201500025355,0,7,0,0.0,2.0,1.0,1.0,A01
201500025356,0,2,0,0.0,0.0,0.0,0.0,B01
201500025356,0,7,0,0.0,2.0,2.0,1.0,A01
201500025357,0,7,0,0.0,1.0,1.0,17.0,A01
201500025358,0,7,0,0.0,1.0,0.0,0.0,A01
201500025359,0,7,0,13.0,0.0,1.0,15.0,A01
201500025360,0,10,0,0.0,1.0,3.0,1.0,A01
201500025361,0,1,0,0.0,2.0,8.0,1.0,A01
201500025361,0,7,0,0.0,0.0,8.0,1.0,B01
201500025362,0,7,0,0.0,2.0,3.0,1.0,A01
201500025362,0,1,0,0.0,2.0,7.0,1.0,B01
201500025363,0,1,0,0.0,0.0,1.0,1.0,A01
201500025364,0,2,0,0.0,2.0,1.0,1.0,B01
201500025364,0,7,0,0.0,2.0,2.0,1.0,A01
201500025365,0,1,0,0.0,1.0,1.0,5.0,A01
201500025366,0,7,0,0.0,0.0,0.0,9.0,A01
201500025366,0,33,0,0.0,0.0,0.0,0.0,B01
201500025367,1,10,0,0.0,1.0,2.0,18.0,A01
201500025368,0,7,0,0.0,2.0,2.0,2.0,A01
201500025368,0,7,0,0.0,2.0,3.0,0.0,B01
201500025369,0,37,10,0.0,1.0,2.0,16.0,A01
201500025370,0,7,0,0.0,2.0,5.0,13.0,A01
201500025370,0,30,0,0.0,2.0,1.0,1.0,B01
201500025371,0,2,0,0.0,0.0,0.0,21.0,A01
201500025372,0,7,0,0.0,9.0,3.0,5.0,D01
201500025372,0,7,0,0.0,2.0,3.0,2.0,A01
201500025372,0,7,0,0.0,2.0,6.0,2.0,C01
201500025372,0,33,0,0.0,2.0,1.0,2.0,B01
201500025373,0,7,0,0.0,2.0,8.0,1.0,B01
201500025373,0,7,0,0.0,2.0,1.0,1.0,A01
201500025374,0,7,0,0.0,2.0,1.0,1.0,A01