Num_Acc,senc,catv,occutc,obs,obsm,choc,manv,num_veh
201500025374,0,7,0,0.0,2.0,4.0,1.0,B01
201500025375,0,7,0,0.0,2.0,4.0,2.0,B01
201500025375,0,7,0,0.0,2.0,1.0,2.0,A01
201500025376,0,7,0,0.0,1.0,1.0,1.0,A01
201500025377,1,7,0,0.0,1.0,0.0,0.0,A01
201500025378,0,7,0,0.0,1.0,3.0,15.0,A01
201500025379,0,7,0,0.0,2.0,7.0,1.0,A01
201500025379,0,7,0,0.0,2.0,3.0,15.0,B01
201500025380,0,1,0,0.0,0.0,0.0,1.0,A01
201500025381,0,7,0,0.0,2.0,1.0,1.0,A01
201500025381,0,7,0,0.0,2.0,8.0,1.0,B01
201500025382,0,7,0,3.0,0.0,1.0,1.0,A01
201500025383,0,1,0,0.0,2.0,0.0,0.0,B01
201500025383,0,7,0,0.0,2.0,7.0,16.0,A01
201500025384,0,7,0,12.0,0.0,2.0,1.0,A01
201500025385,0,31,0,0.0,2.0,1.0,1.0,A01
201500025385,0,7,0,0.0,2.0,1.0,1.0,B01
201500025386,0,7,0,0.0,1.0,1.0,1.0,A01
201500025387,0,7,0,0.0,2.0,1.0,15.0,A01
201500025387,0,1,0,0.0,2.0,1.0,1.0,B01
201500025388,0,7,0,0.0,1.0,1.0,2.0,A01
201500025389,0,7,0,0.0,2.0,4.0,1.0,B01
201500025389,0,7,0,0.0,2.0,1.0,1.0,A01
201500025389,0,7,0,0.0,2.0,1.0,1.0,C01
201500025390,0,7,0,0.0,2.0,3.0,15.0,A01
201500025390,0,2,0,0.0,2.0,7.0,17.0,B01
201500025391,0,7,0,0.0,2.0,3.0,1.0,B01
201500025391,0,3,0,0.0,2.0,5.0,1.0,A01
201500025392,0,7,0,8.0,0.0,1.0,1.0,A01
201500025393,0,17,0,0.0,2.0,1.0,1.0,A01
201500025393,0,7,0,0.0,2.0,4.0,1.0,B01
201500025394,0,7,0,0.0,2.0,7.0,22.0,A01
201500025394,0,30,0,0.0,2.0,1.0,18.0,B01
201500025395,0,7,0,0.0,2.0,8.0,15.0,A01
201500025395,0,30,0,0.0,0.0,0.0,0.0,B01
201500025396,0,7,0,0.0,2.0,1.0,1.0,A01
201500025396,0,7,0,0.0,2.0,4.0,1.0,B01
201500025397,0,7,0,0.0,2.0,4.0,1.0,B01
201500025397,0,2,0,0.0,2.0,1.0,1.0,A01
201500025398,0,10,0,10.0,0.0,1.0,1.0,A01
201500025399,0,1,0,0.0,0.0,0.0,0.0,A01
201500025400,0,7,0,7.0,0.0,2.0,1.0,A01
201500025401,0,33,0,0.0,2.0,7.0,16.0,A01
201500025401,0,7,0,0.0,0.0,0.0,0.0,B01
201500025402,0,7,0,0.0,1.0,2.0,1.0,A01
201500025403,0,7,0,0.0,1.0,0.0,0.0,A01
201500025404,0,7,0,0.0,0.0,8.0,1.0,A01
201500025404,0,10,0,0.0,2.0,1.0,1.0,B01
201500025405,1,7,0,0.0,2.0,0.0,18.0,B01
201500025405,0,1,0,0.0,2.0,0.0,1.0,A01
201500025406,0,7,0,0.0,2.0,2.0,15.0,A01
201500025406,0,2,0,0.0,2.0,1.0,1.0,B01
201500025407,0,7,0,0.0,2.0,3.0,0.0,A01
201500025407,0,2,0,0.0,2.0,7.0,1.0,B01
201500025408,1,7,0,0.0,1.0,2.0,1.0,A01
201500025409,0,2,0,11.0,0.0,1.0,1.0,A01
201500025410,0,7,0,0.0,2.0,7.0,1.0,B01
201500025410,0,7,0,0.0,2.0,1.0,1.0,A01
201500025411,0,7,0,0.0,2.0,3.0,5.0,A01
201500025411,0,33,0,0.0,2.0,1.0,1.0,B01
201500025412,0,7,0,0.0,1.0,0.0,0.0,A01
201500025413,0,7,0,0.0,1.0,1.0,1.0,A01
201500025414,0,30,0,0.0,2.0,1.0,17.0,A01
201500025414,0,7,0,0.0,2.0,8.0,15.0,B01
201500025415,0,3,0,0.0,0.0,9.0,1.0,A01
201500025416,0,7,0,0.0,1.0,2.0,2.0,A01
201500025417,0,10,0,0.0,2.0,6.0,1.0,B01
201500025417,0,7,0,0.0,2.0,1.0,1.0,A01
201500025418,0,7,0,1.0,2.0,2.0,1.0,A01
201500025418,0,1,0,0.0,2.0,1.0,5.0,B01
201500025419,0,7,0,0.0,1.0,1.0,1.0,A01
201500025420,0,7,0,0.0,2.0,4.0,1.0,B01
201500025420,0,1,0,0.0,2.0,1.0,1.0,A01
201500025421,0,7,0,0.0,2.0,2.0,9.0,A01
201500025421,0,1,0,0.0,2.0,1.0,1.0,B01
201500025422,0,33,0,0.0,0.0,8.0,1.0,A01
201500025423,0,1,0,0.0,2.0,1.0,1.0,B01
201500025423,0,7,0,0.0,2.0,3.0,15.0,A01
201500025424,0,33,0,0.0,1.0,1.0,1.0,A01
201500025425,0,7,0,0.0,2.0,9.0,1.0,B01
201500025425,0,7,0,0.0,2.0,4.0,1.0,C01
201500025425,0,10,0,0.0,2.0,1.0,1.0,A01
201500025426,0,10,0,0.0,2.0,1.0,15.0,A01
201500025426,0,1,0,0.0,2.0,1.0,1.0,B01
201500025427,0,7,0,0.0,2.0,1.0,15.0,A01
201500025427,0,1,0,0.0,2.0,8.0,1.0,B01
201500025428,0,2,0,0.0,2.0,8.0,1.0,B01
201500025428,0,1,0,0.0,2.0,1.0,1.0,A01
201500025429,0,7,0,0.0,2.0,1.0,1.0,A01
201500025429,0,7,0,0.0,2.0,8.0,1.0,B01
201500025430,0,7,0,1.0,0.0,2.0,1.0,A01
201500025431,0,7,0,0.0,2.0,1.0,1.0,A01
201500025431,0,7,0,0.0,2.0,4.0,1.0,B01
201500025432,0,7,0,0.0,2.0,2.0,1.0,A01
201500025432,0,34,0,1.0,2.0,3.0,17.0,B01
201500025433,0,7,0,0.0,2.0,8.0,16.0,B01
201500025433,0,30,0,0.0,2.0,1.0,15.0,A01
201500025434,0,10,0,2.0,0.0,1.0,19.0,A01
201500025435,0,30,0,0.0,2.0,1.0,1.0,B01
201500025435,0,7,0,0.0,2.0,3.0,16.0,A01
201500025436,0,7,0,0.0,2.0,2.0,2.0,A01
201500025436,0,7,0,0.0,2.0,4.0,2.0,B01
201500025437,0,7,0,0.0,1.0,3.0,15.0,A01
201500025438,0,7,0,0.0,1.0,2.0,16.0,A01
201500025439,0,7,0,0.0,2.0,2.0,1.0,B01
201500025439,0,30,0,0.0,2.0,1.0,1.0,A01
201500025440,0,33,0,0.0,2.0,1.0,1.0,B01
201500025440,0,7,0,0.0,2.0,3.0,10.0,A01
201500025441,0,7,0,0.0,1.0,1.0,15.0,A01
201500025442,0,7,0,0.0,2.0,3.0,9.0,A01
201500025442,0,30,0,0.0,2.0,7.0,1.0,B01
201500025443,0,1,0,0.0,2.0,1.0,5.0,B01
201500025443,0,7,0,0.0,2.0,3.0,15.0,A01
201500025444,0,33,0,0.0,2.0,7.0,1.0,A01
201500025444,0,7,0,0.0,2.0,2.0,15.0,B01
201500025445,0,7,0,0.0,0.0,1.0,1.0,A01
201500025446,0,2,0,0.0,0.0,1.0,2.0,A01
201500025447,0,7,0,4.0,0.0,0.0,0.0,A01
201500025448,0,7,0,0.0,0.0,4.0,23.0,B01
201500025448,0,7,0,0.0,2.0,1.0,2.0,A01
201500025449,0,2,0,0.0,0.0,0.0,21.0,A01
201500025450,0,7,0,0.0,2.0,3.0,16.0,A01
201500025450,0,7,0,0.0,2.0,2.0,0.0,B01
201500025450,0,7,0,0.0,2.0,3.0,1.0,C01
201500025451,0,7,0,0.0,0.0,0.0,0.0,A01
201500025452,0,34,0,0.0,0.0,8.0,1.0,A01
201500025453,0,1,0,0.0,2.0,2.0,9.0,A01
201500025453,0,7,0,0.0,2.0,2.0,1.0,B01
201500025454,0,2,0,0.0,0.0,0.0,0.0,A01
201500025455,0,2,0,0.0,2.0,4.0,1.0,B01
201500025455,1,7,0,0.0,2.0,1.0,1.0,Z01
201500025456,0,7,0,1.0,1.0,8.0,2.0,A01
201500025457,0,7,0,0.0,0.0,0.0,0.0,B01
201500025457,0,1,0,0.0,0.0,0.0,0.0,A01
201500025458,0,7,0,0.0,0.0,0.0,0.0,A01
201500025458,0,40,32,1.0,2.0,1.0,1.0,B01
201500025459,0,31,0,0.0,0.0,0.0,0.0,A01
201500025460,0,10,0,6.0,0.0,1.0,1.0,A01
201500025461,0,7,0,13.0,0.0,1.0,1.0,A01
201500025462,0,2,0,0.0,0.0,0.0,0.0,A01
201500025463,0,2,0,0.0,0.0,0.0,21.0,A01
201500025464,0,7,0,6.0,2.0,3.0,1.0,B01
201500025464,1,7,0,0.0,0.0,0.0,0.0,A01
201500025465,0,2,0,0.0,0.0,8.0,15.0,A01
201500025466,0,7,0,0.0,2.0,1.0,0.0,B01
201500025466,0,7,0,0.0,2.0,2.0,1.0,A01
201500025467,0,7,0,8.0,0.0,1.0,14.0,A01
201500025468,0,7,0,0.0,1.0,2.0,16.0,A01
201500025469,0,33,0,0.0,0.0,0.0,1.0,A01
201500025470,0,2,0,0.0,1.0,7.0,1.0,A01
201500025470,0,7,0,0.0,2.0,3.0,1.0,B01
201500025471,0,7,0,0.0,2.0,2.0,15.0,A01
201500025471,0,1,0,0.0,2.0,1.0,19.0,B01
201500025472,0,7,0,0.0,1.0,2.0,16.0,A01
201500025473,0,1,0,0.0,2.0,1.0,16.0,A01
201500025473,0,10,0,0.0,2.0,2.0,1.0,B01
201500025474,0,2,0,0.0,0.0,1.0,9.0,A01
201500025475,0,1,0,0.0,2.0,1.0,1.0,A01
201500025476,0,1,0,0.0,2.0,1.0,2.0,B01
201500025476,0,7,0,0.0,2.0,7.0,14.0,A01
201500025477,0,33,0,0.0,2.0,1.0,1.0,B01
201500025477,0,10,0,0.0,2.0,1.0,15.0,A01
201500025478,0,7,0,0.0,2.0,1.0,1.0,B01
201500025478,0,33,0,0.0,2.0,1.0,17.0,A01
201500025479,0,7,0,3.0,0.0,1.0,16.0,A01
201500025480,0,33,0,0.0,2.0,1.0,1.0,B01
201500025480,0,7,0,0.0,2.0,7.0,15.0,A01
201500025481,0,7,0,2.0,0.0,1.0,14.0,A01
201500025482,0,7,0,0.0,1.0,2.0,1.0,A01
201500025483,2,10,0,0.0,2.0,1.0,1.0,A01
201500025483,0,7,0,0.0,2.0,4.0,1.0,B01
201500025484,0,7,0,0.0,2.0,4.0,1.0,B01
201500025484,0,10,0,0.0,2.0,1.0,1.0,A01
201500025485,0,7,0,0.0,1.0,3.0,1.0,A01
201500025486,1,33,0,13.0,0.0,1.0,0.0,A01
201500025487,0,7,0,1.0,2.0,1.0,1.0,A01
201500025487,0,33,0,0.0,2.0,4.0,1.0,B01
201500025488,0,7,0,0.0,2.0,1.0,2.0,B01
201500025488,0,7,0,0.0,2.0,4.0,23.0,A01
201500025489,0,7,0,0.0,1.0,1.0,1.0,A01
201500025490,0,1,0,0.0,2.0,5.0,1.0,B01
201500025490,0,7,0,0.0,2.0,3.0,16.0,A01
201500025491,0,7,0,0.0,2.0,2.0,1.0,A01
201500025491,0,7,0,0.0,2.0,2.0,1.0,B01
201500025492,0,7,0,0.0,2.0,7.0,2.0,B01
201500025492,0,1,0,0.0,2.0,1.0,9.0,A01
201500025493,0,7,0,0.0,2.0,1.0,1.0,A01
201500025493,0,34,0,0.0,2.0,7.0,15.0,B01
201500025494,0,7,0,0.0,2.0,4.0,23.0,C01
201500025494,0,7,0,0.0,2.0,1.0,1.0,A01
201500025494,0,7,0,0.0,2.0,4.0,23.0,B01
201500025495,0,7,0,0.0,0.0,0.0,0.0,B01
201500025495,0,7,0,0.0,2.0,0.0,0.0,A01
201500025496,0,7,0,0.0,2.0,3.0,23.0,B01
201500025496,0,7,0,0.0,2.0,3.0,1.0,A01
201500025497,0,32,0,13.0,0.0,7.0,14.0,A01
201500025498,0,7,0,8.0,0.0,1.0,16.0,A01
201500025499,0,7,0,0.0,2.0,3.0,15.0,B01
201500025499,0,33,0,0.0,2.0,2.0,17.0,A01
201500025500,0,1,0,0.0,2.0,1.0,19.0,B01
201500025500,0,10,0,0.0,2.0,2.0,9.0,A01
201500025501,0,7,0,3.0,0.0,7.0,14.0,A01
201500025502,0,7,0,0.0,2.0,6.0,1.0,B01
201500025502,0,14,0,4.0,2.0,3.0,1.0,A01
201500025503,0,7,0,0.0,2.0,8.0,15.0,A01
201500025503,0,1,0,0.0,2.0,7.0,1.0,B01
201500025504,0,7,0,0.0,2.0,1.0,2.0,B01
201500025504,0,7,0,0.0,2.0,4.0,2.0,A01
201500025505,0,7,0,16.0,0.0,1.0,1.0,A01
201500025506,0,7,0,0.0,0.0,0.0,0.0,A01
201500025506,0,2,0,0.0,0.0,0.0,0.0,B01
201500025507,0,7,0,0.0,0.0,4.0,2.0,A01
201500025507,0,7,0,0.0,0.0,0.0,0.0,B01
201500025508,0,7,0,0.0,0.0,0.0,16.0,A01
201500025509,0,10,0,0.0,2.0,4.0,1.0,B01
201500025509,0,7,0,1.0,2.0,4.0,1.0,C01
201500025509,0,7,0,0.0,2.0,1.0,1.0,A01
201500025510,0,1,0,0.0,2.0,1.0,1.0,B01
201500025510,0,7,0,0.0,2.0,3.0,9.0,A01
201500025511,0,14,0,0.0,2.0,1.0,1.0,A01
201500025511,0,7,0,0.0,2.0,8.0,16.0,B01
201500025512,0,7,0,1.0,0.0,1.0,15.0,A01
201500025513,0,7,0,0.0,2.0,7.0,1.0,B01
201500025513,0,1,0,0.0,2.0,8.0,1.0,A01
201500025514,0,33,0,12.0,0.0,7.0,1.0,A01
201500025515,0,7,0,6.0,0.0,1.0,20.0,A01
201500025516,0,7,0,0.0,2.0,2.0,1.0,A01
201500025516,0,7,0,0.0,2.0,1.0,1.0,B01
201500025517,0,7,0,0.0,2.0,7.0,15.0,A01
201500025517,0,1,0,0.0,0.0,0.0,0.0,B01
201500025518,1,10,0,0.0,0.0,0.0,0.0,A01
201500025518,0,10,0,0.0,2.0,3.0,1.0,B01
201500025519,0,13,0,0.0,2.0,2.0,15.0,A01
201500025519,0,1,0,0.0,2.0,0.0,0.0,B01
201500025520,0,1,0,0.0,0.0,1.0,1.0,A01
201500025521,0,7,0,0.0,4.0,3.0,1.0,A01
201500025521,0,40,28,0.0,2.0,1.0,1.0,B01
201500025522,0,31,0,0.0,0.0,7.0,16.0,A01
201500025523,0,7,0,0.0,2.0,3.0,1.0,A01
201500025523,0,7,0,0.0,2.0,3.0,15.0,B01
201500025524,0,7,0,0.0,2.0,1.0,1.0,A01
201500025524,0,7,0,0.0,2.0,4.0,1.0,B01
201500025525,0,7,0,0.0,0.0,6.0,2.0,B01
201500025525,0,7,0,0.0,2.0,2.0,2.0,A01
201500025526,0,30,0,0.0,2.0,1.0,17.0,A01
201500025526,0,7,0,0.0,2.0,3.0,1.0,B01
201500025527,0,7,0,0.0,2.0,4.0,15.0,B01
201500025527,0,33,0,0.0,2.0,1.0,2.0,A01
201500025528,0,7,0,0.0,2.0,2.0,1.0,B01
201500025528,0,14,0,0.0,2.0,4.0,4.0,A01
201500025529,0,7,0,0.0,1.0,1.0,1.0,A01
201500025530,0,7,0,0.0,1.0,2.0,1.0,A01
201500025531,0,7,0,0.0,2.0,7.0,1.0,C01
201500025531,0,7,0,0.0,2.0,3.0,1.0,P01
201500025532,0,34,0,0.0,2.0,3.0,17.0,A01
201500025532,0,7,0,0.0,0.0,6.0,17.0,B01
201500025533,0,7,0,0.0,2.0,1.0,1.0,A01
201500025533,0,7,0,0.0,2.0,4.0,1.0,B01
201500025534,0,7,0,0.0,2.0,5.0,23.0,C01
201500025534,0,7,0,0.0,2.0,2.0,17.0,A01
201500025534,0,37,12,0.0,2.0,8.0,1.0,B01
201500025535,0,7,0,0.0,1.0,1.0,1.0,A01
201500025536,0,7,0,0.0,1.0,3.0,15.0,A01
201500025537,0,7,0,0.0,2.0,3.0,16.0,B01
201500025537,0,2,0,0.0,2.0,1.0,1.0,A01
201500025538,0,10,0,0.0,2.0,8.0,15.0,B01
201500025538,0,32,0,0.0,2.0,1.0,17.0,A01
201500025539,0,7,0,0.0,1.0,1.0,15.0,A01
201500025540,0,7,0,0.0,0.0,1.0,2.0,A01
201500025540,0,7,0,0.0,0.0,4.0,2.0,B01
201500025541,0,7,0,13.0,0.0,1.0,2.0,A01
201500025542,0,7,0,2.0,0.0,1.0,14.0,A01
201500025543,0,1,0,0.0,0.0,0.0,0.0,A01
201500025544,0,7,0,13.0,0.0,2.0,1.0,A01
201500025545,0,10,0,0.0,2.0,1.0,2.0,A01
201500025545,0,7,0,0.0,0.0,4.0,2.0,B01
201500025546,0,7,0,0.0,2.0,1.0,1.0,B01
201500025546,0,7,0,0.0,2.0,2.0,15.0,A01
201500025547,0,1,0,0.0,0.0,0.0,0.0,A01
201500025548,0,33,0,12.0,0.0,1.0,14.0,A01
201500025549,0,30,0,1.0,0.0,7.0,1.0,A01
201500025550,0,7,0,0.0,2.0,3.0,1.0,B01
201500025550,0,7,0,0.0,2.0,2.0,1.0,A01
201500025551,0,10,0,0.0,9.0,8.0,1.0,A01
201500025552,0,7,0,0.0,2.0,2.0,1.0,A01
201500025552,0,7,0,0.0,2.0,1.0,1.0,B01
201500025553,0,7,0,0.0,1.0,1.0,1.0,A01
201500025554,0,7,0,0.0,2.0,1.0,2.0,A01
201500025554,0,7,0,0.0,2.0,4.0,23.0,B01
201500025554,0,7,0,0.0,0.0,4.0,23.0,C01
201500025555,0,30,0,0.0,0.0,0.0,0.0,A01
201500025556,0,7,0,0.0,1.0,1.0,1.0,A01
201500025557,0,10,0,0.0,2.0,7.0,1.0,B01
201500025557,0,7,0,0.0,2.0,1.0,9.0,A01
201500025558,0,1,0,1.0,0.0,1.0,2.0,A01
201500025558,0,14,0,0.0,2.0,1.0,24.0,B01
201500025559,0,7,0,0.0,1.0,4.0,4.0,A01
201500025560,0,2,0,0.0,1.0,1.0,1.0,A01
201500025561,0,2,0,0.0,0.0,7.0,14.0,A01
201500025562,0,2,0,0.0,2.0,1.0,2.0,A01
201500025562,0,7,0,0.0,2.0,4.0,2.0,B01
201500025563,0,31,0,0.0,0.0,3.0,1.0,A01
201500025564,0,7,0,0.0,2.0,1.0,2.0,A01
201500025564,0,7,0,0.0,0.0,4.0,23.0,B01
201500025565,0,7,0,0.0,2.0,1.0,15.0,A01
201500025565,0,34,0,0.0,2.0,1.0,1.0,B01
201500025566,0,7,0,0.0,1.0,1.0,1.0,A01
201500025567,0,1,0,0.0,2.0,1.0,5.0,A01
201500025567,0,1,0,0.0,2.0,1.0,1.0,B01
201500025568,0,2,0,0.0,0.0,1.0,1.0,A01
201500025569,0,7,0,0.0,2.0,1.0,2.0,A01
201500025569,0,16,0,0.0,2.0,4.0,2.0,B01
201500025570,0,33,0,0.0,2.0,2.0,1.0,B01
201500025570,0,13,0,0.0,2.0,1.0,1.0,A01
201500025571,0,7,0,1.0,2.0,7.0,1.0,B01
201500025571,0,7,0,1.0,2.0,4.0,1.0,A01
201500025572,0,34,0,0.0,0.0,0.0,0.0,A01
201500025573,0,7,0,0.0,2.0,3.0,20.0,A01
201500025573,0,7,0,0.0,2.0,1.0,1.0,B01
201500025574,0,1,0,0.0,2.0,1.0,1.0,B01
201500025574,0,33,0,0.0,2.0,1.0,1.0,A01
201500025575,0,10,0,0.0,1.0,2.0,1.0,A01
201500025576,0,7,0,7.0,2.0,1.0,19.0,A01
201500025576,0,7,0,0.0,2.0,3.0,1.0,B01
201500025577,0,2,0,0.0,0.0,7.0,1.0,A01
201500025578,0,1,0,12.0,0.0,5.0,1.0,A01
201500025579,0,33,0,12.0,0.0,1.0,1.0,A01
201500025580,0,7,0,0.0,1.0,1.0,1.0,A01
201500025581,0,7,0,1.0,0.0,2.0,14.0,A01
201500025582,1,7,0,0.0,1.0,0.0,0.0,Z01
201500025583,0,33,0,13.0,0.0,1.0,1.0,A01
201500025584,0,7,0,0.0,2.0,3.0,1.0,B01
201500025584,0,7,0,0.0,2.0,2.0,9.0,A01
201500025585,0,7,0,0.0,2.0,8.0,1.0,B01
201500025585,0,7,0,0.0,2.0,1.0,1.0,A01
201500025586,0,7,0,0.0,2.0,4.0,23.0,B01
201500025586,0,7,0,0.0,2.0,1.0,1.0,A01
201500025586,0,7,0,0.0,2.0,4.0,23.0,C01
201500025587,0,1,0,0.0,1.0,0.0,0.0,A01
201500025588,0,7,0,0.0,2.0,1.0,16.0,A01
201500025588,0,30,0,0.0,2.0,1.0,0.0,B01
201500025589,0,7,0,0.0,2.0,1.0,2.0,A01
201500025589,0,7,0,0.0,2.0,4.0,2.0,B01
201500025590,0,30,0,0.0,0.0,3.0,1.0,A01
201500025591,0,30,0,0.0,0.0,8.0,1.0,A01
201500025592,0,30,0,0.0,0.0,7.0,2.0,A01
201500025593,0,7,0,0.0,2.0,3.0,9.0,A01
201500025593,0,1,0,0.0,2.0,1.0,2.0,B01
201500025594,0,7,0,0.0,2.0,4.0,23.0,B01
201500025594,0,7,0,0.0,2.0,1.0,2.0,A01
201500025595,0,7,0,0.0,2.0,1.0,1.0,A01
201500025595,0,1,0,0.0,2.0,7.0,19.0,B01
201500025596,0,1,0,0.0,0.0,8.0,1.0,A01
201500025597,0,7,0,0.0,1.0,2.0,1.0,A01
201500025598,0,7,0,0.0,2.0,1.0,1.0,A01
201500025598,0,7,0,0.0,2.0,4.0,1.0,B01
201500025599,1,1,0,0.0,1.0,0.0,0.0,A01
201500025600,0,7,0,6.0,0.0,1.0,1.0,A01
201500025601,0,7,0,4.0,2.0,3.0,1.0,A01
201500025601,0,7,0,0.0,2.0,3.0,1.0,B01
201500025602,0,7,0,0.0,2.0,1.0,1.0,A01
201500025602,0,7,0,0.0,2.0,8.0,1.0,B01
201500025603,0,7,0,0.0,2.0,1.0,1.0,C01
201500025603,0,7,0,0.0,2.0,1.0,19.0,A01
201500025603,0,7,0,0.0,2.0,1.0,1.0,B01
201500025604,0,1,0,0.0,2.0,1.0,1.0,B01
201500025604,0,7,0,0.0,2.0,2.0,1.0,A01
201500025605,0,7,0,0.0,1.0,2.0,1.0,A01
201500025606,0,1,0,0.0,2.0,7.0,19.0,A01
201500025606,0,7,0,0.0,2.0,1.0,1.0,B01
201500025607,0,7,0,0.0,2.0,7.0,15.0,A01
201500025607,0,7,0,0.0,2.0,1.0,1.0,B01
201500025608,0,7,0,0.0,9.0,1.0,5.0,A01
201500025608,0,1,0,0.0,0.0,7.0,0.0,B01
201500025609,0,7,0,0.0,1.0,4.0,4.0,A01
201500025610,0,7,0,0.0,1.0,1.0,1.0,A01
201500025611,0,37,0,0.0,1.0,2.0,1.0,A01
201500025612,0,37,12,0.0,2.0,1.0,1.0,A01
201500025612,0,7,0,0.0,2.0,6.0,1.0,B01
201500025613,0,7,0,0.0,2.0,8.0,1.0,B01
201500025613,0,2,0,0.0,2.0,7.0,17.0,A01
201500025614,0,33,0,0.0,0.0,7.0,1.0,A01
201500025615,0,7,0,0.0,1.0,2.0,17.0,A01
201500025616,0,7,0,0.0,2.0,2.0,1.0,A01
201500025616,0,10,0,0.0,2.0,6.0,16.0,B01
201500025617,0,30,0,0.0,2.0,1.0,17.0,A01
201500025617,0,7,0,0.0,2.0,3.0,15.0,B01
201500025618,0,32,0,0.0,2.0,1.0,1.0,B01
201500025618,0,7,0,0.0,2.0,3.0,15.0,A01
201500025619,0,7,0,0.0,2.0,3.0,9.0,A01
201500025619,0,7,0,0.0,2.0,2.0,1.0,B01
201500025620,0,1,0,0.0,2.0,1.0,5.0,A01
201500025620,0,1,0,0.0,2.0,1.0,1.0,B01
201500025621,0,2,0,0.0,2.0,1.0,1.0,A01
201500025621,0,7,0,0.0,2.0,4.0,1.0,B01
201500025622,0,1,0,0.0,1.0,1.0,2.0,A01
201500025623,0,7,0,0.0,2.0,2.0,2.0,A01
201500025623,0,1,0,0.0,2.0,1.0,2.0,B01
201500025624,0,37,10,1.0,0.0,6.0,1.0,B01
201500025624,0,7,0,0.0,0.0,1.0,1.0,A01
201500025625,0,1,0,0.0,2.0,8.0,19.0,B01
201500025625,0,7,0,0.0,2.0,1.0,1.0,A01
201500025626,0,2,0,0.0,0.0,0.0,1.0,A01
201500025627,0,2,0,0.0,2.0,1.0,1.0,A01
201500025627,0,7,0,1.0,2.0,6.0,1.0,B01
201500025628,0,1,0,0.0,0.0,0.0,0.0,B01
201500025628,1,7,0,0.0,0.0,0.0,0.0,A01
201500025629,0,2,0,0.0,0.0,1.0,1.0,A01
201500025630,0,7,0,0.0,2.0,1.0,1.0,B01
201500025630,0,7,0,0.0,2.0,5.0,1.0,A01
201500025631,0,30,0,8.0,0.0,1.0,15.0,A01
201500025632,0,2,0,0.0,0.0,7.0,15.0,A01
201500025633,0,30,0,0.0,0.0,0.0,1.0,A01
201500025634,0,7,0,0.0,0.0,0.0,0.0,B01
201500025634,0,7,0,0.0,0.0,0.0,0.0,A01
201500025635,0,7,0,0.0,1.0,1.0,0.0,A01
201500025636,0,7,0,0.0,1.0,0.0,0.0,A01
201500025637,0,30,0,0.0,2.0,1.0,0.0,A01
201500025637,0,7,0,0.0,0.0,4.0,0.0,B01
201500025638,0,1,0,0.0,0.0,0.0,12.0,A01
201500025639,0,7,0,0.0,2.0,3.0,1.0,A01
201500025639,0,7,0,0.0,2.0,1.0,1.0,B01
201500025640,0,7,0,0.0,2.0,4.0,2.0,A01
201500025640,0,7,0,0.0,2.0,1.0,2.0,B01
201500025641,0,7,0,0.0,2.0,4.0,15.0,B01
201500025641,0,7,0,0.0,2.0,1.0,1.0,A01
201500025642,0,2,0,12.0,0.0,8.0,1.0,A01
201500025643,0,1,0,0.0,2.0,1.0,1.0,A01
201500025643,0,7,0,0.0,2.0,8.0,1.0,B01
201500025644,0,1,0,0.0,2.0,1.0,1.0,A01
201500025644,0,7,0,0.0,2.0,5.0,1.0,B01
201500025645,0,33,0,0.0,0.0,8.0,1.0,A01
201500025646,0,33,0,0.0,2.0,1.0,1.0,B01
201500025646,0,7,0,0.0,0.0,0.0,0.0,A01
201500025647,0,7,0,0.0,2.0,1.0,1.0,A01
201500025647,0,7,0,0.0,2.0,8.0,1.0,B01
201500025648,0,7,0,1.0,0.0,2.0,1.0,A01
201500025649,0,7,0,0.0,2.0,4.0,1.0,B01
201500025649,0,7,0,0.0,2.0,1.0,1.0,A01
201500025650,0,7,0,0.0,0.0,7.0,21.0,A01
201500025651,0,7,0,0.0,2.0,1.0,2.0,A01
201500025651,0,7,0,0.0,2.0,4.0,2.0,B01
201500025652,0,7,0,0.0,1.0,1.0,16.0,A01
201500025653,0,7,0,0.0,1.0,1.0,1.0,A01
201500025654,0,7,0,0.0,2.0,3.0,1.0,A01
201500025654,0,7,0,0.0,2.0,3.0,1.0,B01
201500025655,0,7,0,0.0,1.0,3.0,2.0,A01
201500025656,0,13,0,0.0,2.0,1.0,1.0,B01
201500025656,0,7,0,0.0,2.0,7.0,1.0,A01
201500025657,0,7,0,0.0,1.0,3.0,1.0,A01
201500025658,0,2,0,0.0,0.0,0.0,1.0,A01
201500025659,0,7,0,0.0,2.0,3.0,1.0,B01
201500025659,0,30,0,0.0,2.0,1.0,1.0,A01
201500025660,0,7,0,0.0,2.0,2.0,1.0,A01
201500025660,0,7,0,0.0,2.0,3.0,1.0,C01
201500025660,0,13,0,0.0,2.0,1.0,1.0,B01
201500025661,0,7,0,0.0,2.0,1.0,2.0,A01
201500025661,0,1,0,0.0,2.0,8.0,19.0,B01
201500025662,0,7,0,0.0,1.0,3.0,20.0,A01
201500025663,0,7,0,0.0,2.0,8.0,1.0,B01
201500025663,0,32,0,0.0,2.0,1.0,1.0,A01
201500025664,0,7,0,7.0,0.0,9.0,1.0,A01
201500025665,0,7,0,0.0,1.0,1.0,13.0,A01
201500025666,0,7,0,0.0,9.0,2.0,0.0,A01
201500025666,0,1,0,0.0,0.0,0.0,0.0,B01
201500025667,0,7,0,0.0,1.0,2.0,1.0,A01