Num_Acc,senc,catv,occutc,obs,obsm,choc,manv,num_veh
201500025668,0,30,0,0.0,2.0,1.0,5.0,A01
201500025668,0,7,0,0.0,2.0,1.0,15.0,B01
201500025669,0,7,0,0.0,2.0,0.0,0.0,A01
201500025669,0,30,0,0.0,0.0,0.0,0.0,B01
201500025670,0,7,0,0.0,0.0,0.0,0.0,B01
201500025670,0,7,0,0.0,0.0,4.0,2.0,A01
201500025671,0,33,0,0.0,2.0,1.0,1.0,B01
201500025671,0,1,0,0.0,2.0,8.0,19.0,A01
201500025672,0,7,0,0.0,2.0,4.0,0.0,B01
201500025672,0,7,0,0.0,2.0,1.0,2.0,A01
201500025673,0,1,0,0.0,0.0,0.0,0.0,A01
201500025674,0,7,0,0.0,2.0,1.0,1.0,A01
201500025674,0,7,0,0.0,2.0,4.0,15.0,B01
201500025675,0,7,0,0.0,2.0,1.0,1.0,A01
201500025675,0,7,0,0.0,2.0,8.0,0.0,B01
201500025676,0,7,0,0.0,2.0,1.0,2.0,B01
201500025676,0,7,0,0.0,2.0,4.0,23.0,A01
201500025676,0,7,0,0.0,2.0,1.0,2.0,C01
201500025677,0,30,0,14.0,0.0,1.0,1.0,A01
201500025678,0,33,0,0.0,2.0,9.0,1.0,B01
201500025678,0,15,0,0.0,2.0,1.0,15.0,A01
201500025679,0,7,0,0.0,2.0,3.0,9.0,A01
201500025679,0,31,0,0.0,2.0,7.0,1.0,B01
201500025680,0,7,0,0.0,2.0,1.0,1.0,B01
201500025680,0,7,0,0.0,2.0,8.0,9.0,A01
201500025681,0,7,0,0.0,2.0,1.0,1.0,B01
201500025681,1,33,0,0.0,2.0,4.0,1.0,A01
201500025682,0,7,0,0.0,2.0,1.0,1.0,B01
201500025682,0,7,0,0.0,2.0,1.0,15.0,A01
201500025683,0,10,0,0.0,2.0,1.0,1.0,B01
201500025683,0,10,0,0.0,2.0,2.0,15.0,A01
201500025684,0,7,0,0.0,1.0,8.0,1.0,A01
201500025685,0,31,0,0.0,2.0,1.0,1.0,B01
201500025685,0,7,0,0.0,2.0,3.0,15.0,A01
201500025686,0,7,0,0.0,2.0,0.0,0.0,A01
201500025686,0,7,0,0.0,2.0,1.0,2.0,B01
201500025686,0,7,0,0.0,2.0,8.0,0.0,C01
201500025687,1,30,0,0.0,1.0,0.0,0.0,A01
201500025688,0,30,0,11.0,0.0,3.0,13.0,A01
201500025689,0,7,0,0.0,0.0,0.0,0.0,A01
201500025689,0,7,0,0.0,0.0,0.0,0.0,B01
201500025690,0,7,0,0.0,2.0,1.0,1.0,B01
201500025690,0,7,0,0.0,2.0,3.0,1.0,C01
201500025690,0,7,0,4.0,2.0,3.0,11.0,A01
201500025691,0,7,0,0.0,2.0,2.0,1.0,B01
201500025691,0,7,0,0.0,2.0,5.0,4.0,A01
201500025692,0,7,0,0.0,2.0,3.0,1.0,B01
201500025692,0,7,0,0.0,2.0,3.0,5.0,A01
201500025693,0,33,0,0.0,0.0,6.0,1.0,A01
201500025694,0,1,0,9.0,0.0,8.0,1.0,A01
201500025695,0,10,0,0.0,2.0,3.0,9.0,A01
201500025695,0,1,0,0.0,2.0,1.0,1.0,B01
201500025696,0,10,0,1.0,0.0,1.0,15.0,A01
201500025697,0,7,0,0.0,1.0,3.0,1.0,A01
201500025698,0,7,0,8.0,0.0,1.0,1.0,A01
201500025698,0,15,0,0.0,2.0,2.0,0.0,B01
201500025699,0,7,0,0.0,0.0,4.0,23.0,B01
201500025699,0,2,0,0.0,2.0,1.0,2.0,A01
201500025700,0,30,0,0.0,0.0,0.0,0.0,B01
201500025700,0,7,0,0.0,0.0,0.0,0.0,A01
201500025701,0,7,0,0.0,2.0,4.0,23.0,B01
201500025701,0,31,0,0.0,2.0,1.0,2.0,A01
201500025702,0,7,0,0.0,2.0,1.0,2.0,A01
201500025702,0,7,0,0.0,2.0,4.0,2.0,C01
201500025702,0,7,0,0.0,2.0,4.0,2.0,B01
201500025703,0,7,0,0.0,2.0,3.0,15.0,A01
201500025703,0,7,0,0.0,2.0,2.0,13.0,B01
201500025704,1,7,0,0.0,0.0,0.0,0.0,A01
201500025704,0,1,0,0.0,0.0,0.0,0.0,B01
201500025705,0,30,0,0.0,0.0,0.0,0.0,B01
201500025705,0,7,0,0.0,2.0,0.0,0.0,A01
201500025706,0,2,0,0.0,0.0,0.0,1.0,A01
201500025707,0,2,0,0.0,0.0,0.0,1.0,A01
201500025708,0,7,0,0.0,2.0,6.0,1.0,B01
201500025708,0,33,0,0.0,2.0,2.0,1.0,A01
201500025708,0,7,0,0.0,2.0,2.0,0.0,C01
201500025709,0,30,0,0.0,0.0,2.0,0.0,A01
201500025710,0,7,0,0.0,2.0,1.0,13.0,A01
201500025710,0,30,0,0.0,2.0,1.0,1.0,B01
201500025711,0,7,0,0.0,1.0,2.0,1.0,A01
201500025712,0,7,0,6.0,0.0,9.0,14.0,A01
201500025713,0,7,0,1.0,0.0,2.0,1.0,A01
201500025714,0,2,0,0.0,2.0,8.0,15.0,A01
201500025714,0,7,0,0.0,2.0,1.0,1.0,B01
201500025715,0,7,0,0.0,2.0,3.0,1.0,B01
201500025715,0,7,0,0.0,2.0,1.0,1.0,A01
201500025716,0,1,0,0.0,1.0,0.0,0.0,A01
201500025717,0,7,0,0.0,2.0,1.0,1.0,A01
201500025717,0,1,0,0.0,2.0,7.0,1.0,B01
201500025718,0,1,0,0.0,0.0,0.0,1.0,A01
201500025719,0,1,0,0.0,2.0,1.0,1.0,B01
201500025719,0,7,0,0.0,2.0,3.0,0.0,A01
201500025720,0,30,0,0.0,0.0,0.0,0.0,A01
201500025721,0,32,0,0.0,0.0,8.0,1.0,A01
201500025722,0,7,0,0.0,2.0,1.0,1.0,B01
201500025722,0,7,0,0.0,2.0,1.0,2.0,A01
201500025722,0,7,0,0.0,2.0,4.0,2.0,C01
201500025723,0,7,0,0.0,1.0,3.0,1.0,A01
201500025724,0,7,0,0.0,2.0,3.0,1.0,A01
201500025724,0,7,0,0.0,2.0,3.0,1.0,B01
201500025725,0,33,0,0.0,0.0,0.0,1.0,A01
201500025726,0,32,0,0.0,2.0,6.0,1.0,B01
201500025726,0,7,0,0.0,2.0,3.0,15.0,A01
201500025727,0,7,0,0.0,2.0,1.0,16.0,A01
201500025727,0,7,0,0.0,2.0,8.0,1.0,B01
201500025728,0,1,0,0.0,1.0,1.0,1.0,A01
201500025729,0,1,0,0.0,2.0,1.0,2.0,B01
201500025729,0,7,0,0.0,2.0,3.0,2.0,A01
201500025730,0,1,0,0.0,1.0,0.0,0.0,A01
201500025731,0,30,0,0.0,0.0,0.0,0.0,A01
201500025732,0,7,0,0.0,2.0,2.0,1.0,A01
201500025732,0,7,0,0.0,2.0,3.0,1.0,B01
201500025733,0,33,0,0.0,0.0,3.0,1.0,A01
201500025734,0,30,0,0.0,0.0,0.0,1.0,A01
201500025735,0,30,0,0.0,0.0,0.0,15.0,A01
201500025736,0,30,0,0.0,0.0,7.0,1.0,A01
201500025737,0,7,0,0.0,2.0,3.0,2.0,A01
201500025737,0,7,0,0.0,2.0,2.0,2.0,B01
201500025738,0,7,0,0.0,1.0,3.0,2.0,A01
201500025739,0,7,0,0.0,2.0,0.0,0.0,B01
201500025739,0,1,0,0.0,2.0,0.0,14.0,A01
201500025740,0,1,0,0.0,1.0,0.0,1.0,A01
201500025741,0,7,0,0.0,2.0,2.0,1.0,B01
201500025741,0,7,0,0.0,2.0,1.0,9.0,A01
201500025742,0,2,0,11.0,0.0,1.0,1.0,A01
201500025743,0,7,0,11.0,0.0,3.0,1.0,A01
201500025744,0,7,0,4.0,0.0,1.0,1.0,A01
201500025745,0,7,0,0.0,2.0,1.0,1.0,A01
201500025745,0,7,0,0.0,2.0,4.0,23.0,B01
201500025746,0,7,0,0.0,1.0,1.0,15.0,A01
201500025747,0,7,0,0.0,1.0,0.0,2.0,A01
201500025748,0,2,0,0.0,0.0,0.0,1.0,A01
201500025749,0,7,0,0.0,2.0,4.0,1.0,B01
201500025749,0,7,0,0.0,2.0,1.0,1.0,A01
201500025750,0,7,0,0.0,2.0,8.0,0.0,A01
201500025750,0,1,0,0.0,0.0,1.0,1.0,B01
201500025751,0,34,0,0.0,0.0,0.0,1.0,A01
201500025752,0,7,0,0.0,1.0,1.0,19.0,A01
201500025753,0,7,0,6.0,0.0,1.0,15.0,A01
201500025754,0,3,0,0.0,0.0,0.0,0.0,A01
201500025755,0,30,0,0.0,0.0,0.0,1.0,A01
201500025756,0,1,0,0.0,0.0,1.0,1.0,A01
201500025757,0,7,0,0.0,2.0,2.0,15.0,B01
201500025757,0,7,0,0.0,2.0,2.0,1.0,A01
201500025758,0,7,0,0.0,2.0,1.0,15.0,A01
201500025758,0,1,0,0.0,2.0,1.0,1.0,B01
201500025759,0,7,0,1.0,2.0,7.0,0.0,B01
201500025759,0,7,0,1.0,0.0,9.0,14.0,A01
201500025760,0,7,0,0.0,1.0,3.0,16.0,A01
201500025761,0,7,0,0.0,2.0,2.0,1.0,B01
201500025761,0,1,0,0.0,2.0,1.0,5.0,A01
201500025762,0,15,0,0.0,2.0,1.0,2.0,B01
201500025762,0,7,0,0.0,0.0,4.0,2.0,A01
201500025763,0,7,0,0.0,2.0,8.0,9.0,B01
201500025763,0,2,0,0.0,2.0,1.0,15.0,A01
201500025764,0,7,0,15.0,0.0,9.0,1.0,A01
201500025765,0,34,0,0.0,1.0,2.0,1.0,A01
201500025766,0,30,0,15.0,2.0,3.0,1.0,A01
201500025766,0,7,0,0.0,2.0,3.0,15.0,B01
201500025767,0,7,0,0.0,1.0,1.0,15.0,A01
201500025768,1,7,0,0.0,1.0,1.0,0.0,A01
201500025768,0,7,0,0.0,2.0,2.0,1.0,B01
201500025769,0,7,0,0.0,2.0,4.0,1.0,B01
201500025769,0,7,0,0.0,2.0,1.0,1.0,A01
201500025769,0,7,0,0.0,0.0,4.0,1.0,C01
201500025770,0,30,0,12.0,0.0,2.0,2.0,A01
201500025771,0,7,0,0.0,1.0,2.0,1.0,A01
201500025772,0,7,0,0.0,1.0,3.0,0.0,A01
201500025773,0,7,0,0.0,1.0,0.0,0.0,A01
201500025774,0,1,0,1.0,0.0,1.0,2.0,B01
201500025774,0,7,0,0.0,2.0,8.0,0.0,A01
201500025775,0,2,0,0.0,2.0,2.0,17.0,B01
201500025775,0,7,0,0.0,0.0,1.0,15.0,A01
201500025776,0,7,0,4.0,0.0,1.0,1.0,A01
201500025777,0,30,0,0.0,2.0,1.0,1.0,B01
201500025777,0,7,0,0.0,0.0,4.0,15.0,A01
201500025778,0,30,0,0.0,2.0,8.0,1.0,A01
201500025779,0,1,0,0.0,1.0,1.0,1.0,A01
201500025780,0,7,0,0.0,2.0,2.0,1.0,B01
201500025780,0,31,0,0.0,2.0,1.0,1.0,A01
201500025781,0,2,0,0.0,0.0,0.0,20.0,A01
201500025782,0,7,0,0.0,2.0,2.0,15.0,A01
201500025782,0,33,0,0.0,2.0,1.0,1.0,B01
201500025783,0,7,0,0.0,2.0,1.0,1.0,A01
201500025783,0,7,0,0.0,2.0,4.0,1.0,B01
201500025784,0,7,0,0.0,1.0,3.0,15.0,A01
201500025785,0,7,0,0.0,2.0,0.0,0.0,B01
201500025785,0,7,0,0.0,2.0,2.0,0.0,A01
201500025786,0,2,0,12.0,0.0,1.0,1.0,A01
201500025787,0,2,0,0.0,2.0,7.0,1.0,B01
201500025787,0,7,0,0.0,2.0,3.0,20.0,A01
201500025788,0,7,0,0.0,2.0,4.0,1.0,B01
201500025788,0,7,0,0.0,2.0,1.0,1.0,A01
201500025789,0,7,0,1.0,0.0,1.0,14.0,A01
201500025790,0,30,0,0.0,1.0,1.0,1.0,A01
201500025791,0,33,0,0.0,2.0,1.0,2.0,A01
201500025791,0,7,0,0.0,2.0,4.0,1.0,B01
201500025792,0,7,0,0.0,2.0,2.0,1.0,B01
201500025792,0,1,0,0.0,2.0,1.0,19.0,A01
201500025793,0,7,0,7.0,0.0,1.0,1.0,A01
201500025794,0,30,0,16.0,0.0,1.0,2.0,A01
201500025795,0,33,0,0.0,2.0,1.0,1.0,B01
201500025795,0,7,0,0.0,2.0,7.0,1.0,A01
201500025796,0,1,0,0.0,0.0,1.0,1.0,A01
201500025797,0,31,0,0.0,0.0,8.0,1.0,A01
201500025798,0,7,0,0.0,1.0,2.0,1.0,A01
201500025799,0,1,0,0.0,2.0,8.0,13.0,B01
201500025799,0,7,0,0.0,2.0,2.0,17.0,A01
201500025800,0,1,0,0.0,1.0,1.0,1.0,A01
201500025801,0,1,0,0.0,2.0,1.0,1.0,B01
201500025801,0,7,0,0.0,2.0,3.0,20.0,A01
201500025802,0,7,0,0.0,2.0,4.0,23.0,B01
201500025802,0,30,0,0.0,2.0,1.0,1.0,A01
201500025803,0,7,0,4.0,0.0,1.0,17.0,A01
201500025804,0,7,0,0.0,2.0,1.0,1.0,B01
201500025804,0,7,0,0.0,2.0,1.0,15.0,A01
201500025805,0,1,0,1.0,0.0,7.0,2.0,A01
201500025806,0,1,0,14.0,0.0,8.0,15.0,A01
201500025807,0,10,0,0.0,1.0,4.0,4.0,A01
201500025808,0,7,0,0.0,1.0,1.0,1.0,A01
201500025809,2,7,0,9.0,2.0,3.0,13.0,A01
201500025809,0,7,0,0.0,2.0,3.0,1.0,B01
201500025810,0,7,0,1.0,0.0,3.0,1.0,A01
201500025810,0,10,0,1.0,2.0,5.0,0.0,B01
201500025811,0,1,0,0.0,0.0,0.0,0.0,A01
201500025812,0,31,0,0.0,0.0,1.0,1.0,A01
201500025813,0,7,0,12.0,0.0,1.0,0.0,A01
201500025814,0,30,0,0.0,2.0,1.0,1.0,B01
201500025814,0,7,0,0.0,2.0,2.0,15.0,A01
201500025815,0,7,0,1.0,0.0,0.0,0.0,B01
201500025815,0,7,0,1.0,0.0,0.0,0.0,C01
201500025815,0,7,0,0.0,0.0,2.0,14.0,A01
201500025816,0,33,0,0.0,0.0,8.0,1.0,A01
201500025817,0,7,0,14.0,0.0,0.0,0.0,A01
201500025818,0,33,0,12.0,0.0,7.0,1.0,A01
201500025819,0,7,0,0.0,2.0,3.0,1.0,B01
201500025819,0,7,0,0.0,2.0,2.0,15.0,A01
201500025820,0,7,0,0.0,2.0,3.0,1.0,B01
201500025820,0,2,0,0.0,2.0,1.0,16.0,A01
201500025821,0,7,0,4.0,0.0,2.0,1.0,A01
201500025822,0,7,0,11.0,0.0,1.0,1.0,A01
201500025823,0,1,0,0.0,1.0,1.0,0.0,A01
201500025824,0,1,0,0.0,0.0,0.0,0.0,A01
201500025825,0,30,0,0.0,0.0,0.0,0.0,B01
201500025825,0,7,0,0.0,0.0,0.0,0.0,A01
201500025826,0,7,0,0.0,2.0,4.0,2.0,B01
201500025826,0,30,0,0.0,2.0,1.0,2.0,A01
201500025827,0,7,0,0.0,1.0,3.0,1.0,B01
201500025827,0,7,0,0.0,1.0,3.0,1.0,A01
201500025828,0,14,0,0.0,1.0,2.0,16.0,A01
201500025829,0,7,0,0.0,2.0,3.0,0.0,A01
201500025829,0,33,0,0.0,2.0,2.0,2.0,B01
201500025830,0,1,0,0.0,2.0,1.0,15.0,B01
201500025830,0,7,0,0.0,2.0,1.0,1.0,A01
201500025831,0,2,0,0.0,2.0,1.0,0.0,A01
201500025831,0,2,0,0.0,2.0,1.0,0.0,B01
201500025832,0,7,0,6.0,2.0,3.0,1.0,B01
201500025832,0,10,0,0.0,2.0,3.0,5.0,A01
201500025833,0,17,0,0.0,2.0,2.0,2.0,A01
201500025833,0,7,0,0.0,2.0,6.0,2.0,B01
201500025834,0,7,0,0.0,1.0,4.0,4.0,A01
201500025835,0,7,0,0.0,1.0,8.0,0.0,A01
201500025836,0,2,0,0.0,2.0,1.0,7.0,A01
201500025836,0,7,0,0.0,2.0,5.0,16.0,B01
201500025837,0,7,0,0.0,0.0,0.0,0.0,A01
201500025837,0,33,0,0.0,0.0,0.0,0.0,B01
201500025838,0,7,0,0.0,0.0,5.0,19.0,A01
201500025838,0,33,0,0.0,0.0,1.0,1.0,B01
201500025839,0,10,0,0.0,1.0,1.0,1.0,A01
201500025840,0,7,0,0.0,1.0,2.0,1.0,A01
201500025841,0,7,0,6.0,0.0,2.0,15.0,A01
201500025842,0,7,0,0.0,2.0,8.0,1.0,A01
201500025842,0,7,0,0.0,2.0,3.0,15.0,B01
201500025843,0,2,0,0.0,2.0,1.0,1.0,A01
201500025843,0,7,0,0.0,2.0,4.0,1.0,B01
201500025844,0,7,0,0.0,1.0,3.0,15.0,A01
201500025845,0,7,0,1.0,2.0,3.0,1.0,A01
201500025845,0,7,0,0.0,2.0,6.0,1.0,B01
201500025845,0,7,0,0.0,2.0,8.0,24.0,C01
201500025846,0,7,0,0.0,0.0,0.0,0.0,A01
201500025846,0,1,0,0.0,0.0,0.0,0.0,B01
201500025847,0,7,0,0.0,2.0,3.0,1.0,A01
201500025847,0,7,0,0.0,2.0,3.0,0.0,B01
201500025848,1,7,0,0.0,1.0,4.0,4.0,A01
201500025849,0,30,0,8.0,0.0,3.0,0.0,A01
201500025850,0,7,0,1.0,1.0,3.0,5.0,A02
201500025851,0,7,0,0.0,2.0,3.0,19.0,A01
201500025851,0,7,0,1.0,1.0,3.0,19.0,B01
201500025852,0,7,0,0.0,1.0,3.0,1.0,A01
201500025853,0,7,0,0.0,1.0,2.0,1.0,A01
201500025854,0,2,0,0.0,0.0,0.0,0.0,A01
201500025854,0,38,1,0.0,0.0,0.0,0.0,B01
201500025855,0,7,0,0.0,1.0,7.0,1.0,A01
201500025856,0,7,0,0.0,2.0,7.0,1.0,B01
201500025856,0,33,0,0.0,2.0,1.0,1.0,A01
201500025857,0,7,0,0.0,2.0,1.0,2.0,A01
201500025857,0,14,0,0.0,0.0,4.0,2.0,B01
201500025858,0,7,0,0.0,1.0,2.0,1.0,A01
201500025859,0,7,0,0.0,2.0,3.0,10.0,A01
201500025859,0,32,0,0.0,2.0,1.0,1.0,B01
201500025860,0,7,0,0.0,2.0,3.0,9.0,A01
201500025860,0,37,0,0.0,2.0,2.0,1.0,B01
201500025861,0,7,0,0.0,1.0,1.0,1.0,A01
201500025862,0,7,0,0.0,9.0,7.0,22.0,A01
201500025862,0,1,0,0.0,2.0,1.0,1.0,B01
201500025863,0,7,0,0.0,1.0,1.0,15.0,A01
201500025864,0,33,0,0.0,2.0,1.0,17.0,A01
201500025864,0,7,0,0.0,2.0,8.0,0.0,B01
201500025865,0,10,0,0.0,1.0,3.0,1.0,A01
201500025866,0,7,0,0.0,1.0,1.0,1.0,A01
201500025867,0,7,0,0.0,2.0,1.0,1.0,A01
201500025867,0,7,0,1.0,0.0,3.0,1.0,B01
201500025868,0,7,0,0.0,2.0,1.0,1.0,A01
201500025868,1,2,0,0.0,0.0,0.0,0.0,B01
201500025869,0,7,0,0.0,1.0,2.0,16.0,A01
201500025870,0,7,0,0.0,2.0,3.0,1.0,A01
201500025870,0,2,0,0.0,2.0,1.0,1.0,B01
201500025871,0,7,0,0.0,2.0,1.0,2.0,A01
201500025871,0,7,0,0.0,2.0,4.0,23.0,B01
201500025872,0,7,0,0.0,9.0,2.0,1.0,B01
201500025872,0,1,0,0.0,2.0,2.0,19.0,A01
201500025873,0,1,0,0.0,1.0,1.0,1.0,A01
201500025874,1,7,0,0.0,1.0,0.0,1.0,C01
201500025874,0,1,0,0.0,2.0,1.0,21.0,B01
201500025874,0,7,0,0.0,2.0,8.0,22.0,A01
201500025875,0,7,0,0.0,1.0,2.0,1.0,A01
201500025876,0,7,0,0.0,2.0,3.0,1.0,B01
201500025876,0,30,0,0.0,2.0,1.0,1.0,Z01
201500025877,0,7,0,0.0,1.0,3.0,1.0,A01
201500025878,0,7,0,0.0,2.0,2.0,1.0,B01
201500025878,1,30,0,0.0,2.0,0.0,0.0,Z01
201500025879,0,7,0,14.0,0.0,1.0,11.0,A01
201500025880,0,7,0,0.0,1.0,3.0,1.0,A01
201500025880,0,7,0,0.0,1.0,8.0,1.0,B01
201500025881,0,7,0,0.0,2.0,1.0,16.0,A01
201500025881,0,1,0,0.0,2.0,7.0,1.0,B01
201500025882,0,7,0,0.0,1.0,4.0,4.0,A01
201500025883,0,10,0,0.0,2.0,0.0,1.0,A01
201500025883,0,1,0,0.0,2.0,0.0,1.0,B01
201500025884,0,7,0,0.0,1.0,1.0,15.0,A01
201500025885,1,1,0,0.0,1.0,0.0,1.0,A01
201500025886,0,7,0,0.0,2.0,8.0,0.0,A01
201500025886,0,7,0,0.0,2.0,3.0,1.0,B01
201500025887,1,7,0,0.0,2.0,1.0,1.0,A01
201500025887,0,1,0,0.0,2.0,7.0,19.0,B01
201500025888,0,7,0,0.0,2.0,3.0,15.0,A01
201500025888,0,33,0,0.0,2.0,1.0,1.0,B01
201500025889,0,40,0,0.0,1.0,7.0,1.0,A01
201500025890,0,7,0,0.0,0.0,0.0,0.0,A01
201500025890,0,1,0,0.0,0.0,0.0,0.0,B01
201500025891,0,7,0,0.0,2.0,5.0,15.0,A01
201500025891,0,2,0,0.0,2.0,1.0,1.0,B01
201500025892,0,1,0,0.0,2.0,2.0,1.0,B01
201500025892,1,7,0,0.0,2.0,1.0,19.0,Z01
201500025893,0,7,0,0.0,9.0,1.0,1.0,A01
201500025893,0,1,0,0.0,2.0,7.0,19.0,B01
201500025894,0,7,0,0.0,1.0,1.0,1.0,A01
201500025895,0,7,0,0.0,2.0,2.0,15.0,A01
201500025895,0,33,0,0.0,2.0,1.0,1.0,B01
201500025896,0,1,0,0.0,2.0,0.0,19.0,A01
201500025896,0,7,0,0.0,2.0,1.0,16.0,B01
201500025897,0,32,0,0.0,1.0,2.0,1.0,A01
201500025898,0,7,0,0.0,2.0,2.0,1.0,B01
201500025898,0,7,0,0.0,2.0,3.0,0.0,A01
201500025899,0,38,1,0.0,1.0,2.0,1.0,A01
201500025900,0,7,0,0.0,1.0,1.0,1.0,A01
201500025901,0,7,0,1.0,1.0,1.0,0.0,A01
201500025902,0,1,0,0.0,1.0,1.0,21.0,A01
201500025903,0,10,0,0.0,1.0,1.0,15.0,A01
201500025904,0,7,0,0.0,2.0,1.0,1.0,A01
201500025904,0,32,0,0.0,2.0,1.0,1.0,B01
201500025905,0,30,0,0.0,2.0,1.0,19.0,A01
201500025905,1,7,0,0.0,2.0,3.0,0.0,B01
201500025906,0,1,0,0.0,1.0,2.0,1.0,A01
201500025907,0,7,0,0.0,2.0,8.0,4.0,B01
201500025907,0,33,0,0.0,2.0,1.0,0.0,A01
201500025908,0,7,0,0.0,1.0,1.0,0.0,A01
201500025909,0,33,0,0.0,2.0,1.0,1.0,B01
201500025909,0,7,0,0.0,2.0,5.0,15.0,A01
201500025910,0,7,0,0.0,2.0,6.0,1.0,B01
201500025910,0,7,0,0.0,2.0,2.0,12.0,A01
201500025911,0,7,0,0.0,2.0,1.0,1.0,A01
201500025911,0,7,0,0.0,2.0,7.0,1.0,B01
201500025912,0,40,0,0.0,1.0,1.0,1.0,A01
201500025913,0,7,0,0.0,2.0,0.0,0.0,A01
201500025913,0,7,0,0.0,2.0,3.0,1.0,B01
201500025914,0,33,0,0.0,0.0,0.0,0.0,A01
201500025915,0,40,0,0.0,1.0,7.0,1.0,A01
201500025916,0,32,0,0.0,2.0,1.0,18.0,A01
201500025917,0,7,0,0.0,1.0,0.0,0.0,A01
201500025918,0,7,0,0.0,2.0,1.0,1.0,A01
201500025918,0,7,0,0.0,2.0,1.0,13.0,B01
201500025919,0,1,0,15.0,0.0,1.0,16.0,A01
201500025920,0,32,0,0.0,2.0,8.0,3.0,A01
201500025920,0,37,0,0.0,0.0,0.0,0.0,B01
201500025921,0,33,0,0.0,2.0,1.0,1.0,B01
201500025921,0,7,0,0.0,2.0,7.0,15.0,A01
201500025922,0,7,0,0.0,2.0,2.0,1.0,B01
201500025922,0,7,0,1.0,2.0,8.0,1.0,A01
201500025923,0,7,0,0.0,2.0,2.0,15.0,A01
201500025923,0,32,0,0.0,2.0,1.0,1.0,B01
201500025924,0,7,0,0.0,2.0,1.0,2.0,A01
201500025924,0,7,0,0.0,2.0,4.0,2.0,B01
201500025924,0,7,0,0.0,2.0,4.0,2.0,C01
201500025925,0,7,0,0.0,1.0,1.0,1.0,A01
201500025925,0,7,0,0.0,2.0,2.0,15.0,B01
201500025926,0,7,0,8.0,0.0,2.0,1.0,A01
201500025927,0,7,0,0.0,2.0,8.0,9.0,A01
201500025927,0,33,0,0.0,2.0,1.0,1.0,B01
201500025928,0,7,0,0.0,0.0,0.0,0.0,B01
201500025928,0,30,0,0.0,2.0,6.0,1.0,A01
201500025929,0,10,0,0.0,1.0,4.0,4.0,A01
201500025930,0,1,0,0.0,2.0,0.0,0.0,B01
201500025930,0,7,0,0.0,2.0,0.0,0.0,A01
201500025931,0,7,0,0.0,2.0,8.0,1.0,B01
201500025931,0,7,0,3.0,2.0,8.0,1.0,A01
201500025932,0,10,0,0.0,2.0,2.0,15.0,A01
201500025932,0,1,0,0.0,2.0,1.0,1.0,B01
201500025933,0,7,0,0.0,2.0,2.0,21.0,A01
201500025933,0,7,0,0.0,2.0,6.0,23.0,B01
201500025934,0,7,0,0.0,2.0,1.0,1.0,A01
201500025934,0,7,0,0.0,2.0,8.0,1.0,B01
201500025935,0,33,0,0.0,2.0,7.0,1.0,B01
201500025935,0,7,0,0.0,2.0,3.0,9.0,A01
201500025936,0,34,0,0.0,2.0,0.0,1.0,B01
201500025936,0,7,0,0.0,2.0,8.0,10.0,A01
201500025937,0,7,0,0.0,1.0,2.0,1.0,A01
201500025938,1,7,0,0.0,0.0,0.0,0.0,Z01
201500025938,0,7,0,0.0,0.0,0.0,0.0,A01
201500025939,0,7,0,0.0,1.0,7.0,1.0,A01
201500025940,0,30,0,0.0,0.0,0.0,0.0,A01
201500025941,0,13,0,0.0,2.0,7.0,1.0,B01
201500025941,0,1,0,0.0,2.0,1.0,9.0,A01
201500025942,0,7,0,0.0,2.0,3.0,9.0,A01
201500025942,0,34,0,0.0,2.0,1.0,1.0,B01
201500025943,0,10,0,0.0,1.0,4.0,4.0,A01
201500025944,0,1,0,0.0,2.0,1.0,1.0,B01
201500025944,0,14,0,0.0,2.0,4.0,16.0,A01
201500025945,0,7,0,0.0,0.0,6.0,15.0,B01
201500025945,0,32,0,0.0,2.0,0.0,0.0,A01
201500025946,0,1,0,0.0,0.0,0.0,0.0,B01
201500025946,0,7,0,0.0,2.0,3.0,1.0,A01
201500025947,0,7,0,0.0,1.0,5.0,16.0,A01
201500025948,0,1,0,0.0,2.0,8.0,1.0,B01
201500025948,0,7,0,0.0,2.0,1.0,16.0,A01
201500025949,0,7,0,0.0,2.0,1.0,1.0,B01
201500025949,0,7,0,0.0,2.0,1.0,1.0,A01
201500025950,0,7,0,8.0,2.0,8.0,19.0,A01
201500025950,0,7,0,0.0,2.0,1.0,1.0,B01
201500025951,0,7,0,0.0,1.0,0.0,0.0,A01
201500025952,0,14,0,0.0,1.0,3.0,9.0,A01
201500025953,0,32,0,0.0,1.0,1.0,21.0,A01
201500025954,0,7,0,0.0,2.0,1.0,15.0,B01
201500025954,0,7,0,0.0,2.0,1.0,1.0,A01
201500025955,0,10,0,0.0,1.0,3.0,1.0,A01
201500025956,1,7,0,0.0,2.0,4.0,4.0,Z01
201500025956,0,7,0,1.0,2.0,6.0,1.0,A01
201500025957,0,33,0,3.0,2.0,8.0,0.0,B01
201500025957,0,7,0,0.0,2.0,7.0,12.0,A01
201500025958,0,7,0,0.0,1.0,1.0,0.0,A01
201500025959,0,7,0,0.0,1.0,0.0,0.0,A01
201500025960,0,7,0,1.0,0.0,2.0,1.0,A01
201500025961,0,7,0,0.0,1.0,2.0,0.0,A01
201500025962,0,7,0,0.0,2.0,3.0,1.0,B01
201500025962,0,7,0,0.0,2.0,2.0,15.0,A01