Num_Acc,senc,catv,occutc,obs,obsm,choc,manv,num_veh
201500026241,0,7,0,0.0,1.0,1.0,1.0,A01
201500026242,0,7,0,0.0,1.0,0.0,1.0,A01
201500026243,0,30,0,0.0,2.0,1.0,9.0,A01
201500026243,0,7,0,0.0,2.0,2.0,1.0,B01
201500026244,0,31,0,0.0,2.0,1.0,1.0,B01
201500026244,0,2,0,0.0,2.0,3.0,9.0,A01
201500026245,0,7,0,0.0,2.0,1.0,1.0,A01
201500026245,0,7,0,0.0,2.0,4.0,2.0,B01
201500026246,0,7,0,0.0,2.0,1.0,1.0,B01
201500026246,0,7,0,0.0,2.0,2.0,1.0,C01
201500026246,0,7,0,0.0,2.0,1.0,13.0,A01
201500026247,0,7,0,0.0,2.0,1.0,1.0,A01
201500026247,0,7,0,0.0,2.0,4.0,2.0,B01
201500026248,0,7,0,0.0,2.0,1.0,1.0,B01
201500026248,0,7,0,0.0,2.0,7.0,15.0,A01
201500026249,0,1,0,0.0,2.0,2.0,1.0,B01
201500026249,0,10,0,0.0,2.0,3.0,9.0,A01
201500026250,0,2,0,0.0,2.0,1.0,1.0,B01
201500026250,0,7,0,0.0,2.0,8.0,20.0,A01
201500026251,0,33,0,8.0,0.0,1.0,1.0,A01
201500026252,0,7,0,6.0,0.0,1.0,1.0,A01
201500026253,0,7,0,0.0,2.0,2.0,1.0,A01
201500026253,0,7,0,0.0,2.0,3.0,2.0,B01
201500026254,0,7,0,0.0,2.0,1.0,1.0,A01
201500026254,0,7,0,0.0,2.0,6.0,1.0,B01
201500026255,0,2,0,0.0,2.0,7.0,1.0,A01
201500026255,0,7,0,0.0,2.0,3.0,16.0,B01
201500026256,0,7,0,0.0,2.0,3.0,1.0,A01
201500026256,0,7,0,0.0,2.0,3.0,5.0,B01
201500026257,1,10,0,0.0,1.0,0.0,20.0,A01
201500026258,0,20,0,0.0,0.0,0.0,1.0,A01
201500026259,0,7,0,0.0,2.0,3.0,20.0,A01
201500026259,0,7,0,0.0,2.0,5.0,1.0,B01
201500026260,0,7,0,1.0,0.0,1.0,1.0,A01
201500026261,0,7,0,0.0,1.0,1.0,1.0,A01
201500026262,0,7,0,0.0,1.0,1.0,1.0,A01
201500026263,0,7,0,0.0,1.0,1.0,1.0,A01
201500026264,0,7,0,0.0,2.0,6.0,10.0,B01
201500026264,0,33,0,0.0,2.0,7.0,1.0,A01
201500026265,0,2,0,0.0,2.0,1.0,1.0,A01
201500026265,0,7,0,0.0,2.0,3.0,1.0,B01
201500026266,0,7,0,0.0,2.0,1.0,1.0,A01
201500026266,0,7,0,0.0,2.0,4.0,2.0,B01
201500026267,0,2,0,0.0,2.0,1.0,1.0,B01
201500026267,0,7,0,0.0,2.0,7.0,1.0,A01
201500026268,0,7,0,0.0,2.0,3.0,9.0,A01
201500026268,0,1,0,0.0,2.0,4.0,1.0,B01
201500026269,0,33,0,11.0,0.0,4.0,1.0,A01
201500026270,0,7,0,0.0,1.0,7.0,1.0,A01
201500026271,0,7,0,0.0,2.0,2.0,9.0,B01
201500026271,0,1,0,0.0,2.0,1.0,1.0,A01
201500026272,0,7,0,0.0,2.0,4.0,2.0,B01
201500026272,0,7,0,0.0,2.0,1.0,1.0,A01
201500026273,0,2,0,0.0,2.0,1.0,1.0,B01
201500026273,0,7,0,0.0,2.0,8.0,1.0,A01
201500026274,0,7,0,0.0,2.0,3.0,10.0,A01
201500026274,0,2,0,0.0,2.0,7.0,1.0,B01
201500026275,0,7,0,0.0,2.0,3.0,1.0,B01
201500026275,0,7,0,0.0,2.0,1.0,13.0,A01
201500026276,0,7,0,0.0,2.0,5.0,20.0,A01
201500026276,0,2,0,0.0,2.0,7.0,1.0,B01
201500026277,0,7,0,0.0,2.0,1.0,1.0,A01
201500026277,0,1,0,0.0,2.0,1.0,15.0,B01
201500026278,0,7,0,0.0,2.0,5.0,15.0,A01
201500026278,0,33,0,0.0,2.0,9.0,1.0,B01
201500026279,0,2,0,0.0,2.0,9.0,5.0,A01
201500026279,0,15,0,0.0,2.0,3.0,1.0,B01
201500026280,0,33,0,0.0,2.0,7.0,1.0,B01
201500026280,0,7,0,0.0,2.0,1.0,15.0,A01
201500026281,0,2,0,16.0,0.0,8.0,1.0,A01
201500026282,0,2,0,16.0,0.0,0.0,1.0,A01
201500026283,0,7,0,7.0,0.0,9.0,1.0,A01
201500026284,0,7,0,16.0,0.0,1.0,1.0,A01
201500026285,0,7,0,0.0,2.0,1.0,1.0,A01
201500026285,0,7,0,0.0,2.0,1.0,1.0,B01
201500026286,0,1,0,0.0,2.0,5.0,2.0,B01
201500026286,0,7,0,0.0,2.0,1.0,2.0,A01
201500026287,0,1,0,0.0,2.0,1.0,1.0,B01
201500026287,0,7,0,0.0,2.0,3.0,15.0,A01
201500026288,0,7,0,0.0,1.0,4.0,4.0,A01
201500026289,0,7,0,0.0,1.0,1.0,15.0,A01
201500026290,0,2,0,0.0,2.0,7.0,2.0,B01
201500026290,0,7,0,0.0,2.0,7.0,17.0,A01
201500026291,0,1,0,0.0,2.0,1.0,1.0,B01
201500026291,0,7,0,0.0,2.0,8.0,15.0,A01
201500026292,0,7,0,0.0,1.0,1.0,1.0,A01
201500026293,0,7,0,0.0,2.0,4.0,2.0,B01
201500026293,0,7,0,0.0,2.0,1.0,15.0,A01
201500026293,0,7,0,0.0,2.0,1.0,2.0,C01
201500026294,0,33,0,0.0,2.0,7.0,17.0,A01
201500026294,0,7,0,0.0,2.0,8.0,15.0,B01
201500026295,0,7,0,0.0,1.0,1.0,15.0,A01
201500026296,0,7,0,2.0,0.0,2.0,1.0,A01
201500026297,0,7,0,0.0,2.0,3.0,9.0,A01
201500026297,0,2,0,0.0,2.0,1.0,1.0,B01
201500026298,0,99,0,0.0,2.0,9.0,18.0,A01
201500026298,0,7,0,0.0,2.0,2.0,16.0,B01
201500026299,0,7,0,0.0,2.0,1.0,2.0,A01
201500026299,0,7,0,0.0,2.0,4.0,2.0,B01
201500026299,0,7,0,0.0,2.0,4.0,2.0,C01
201500026300,0,1,0,0.0,2.0,1.0,1.0,A01
201500026300,0,7,0,0.0,2.0,2.0,1.0,B01
201500026301,0,2,0,0.0,2.0,2.0,1.0,B01
201500026301,1,1,0,0.0,2.0,0.0,1.0,Z01
201500026302,0,7,0,0.0,1.0,3.0,1.0,A01
201500026303,0,2,0,0.0,0.0,8.0,1.0,A01
201500026304,0,7,0,9.0,0.0,1.0,1.0,A01
201500026305,0,7,0,0.0,2.0,5.0,1.0,B01
201500026305,0,1,0,0.0,2.0,1.0,1.0,A01
201500026306,0,1,0,0.0,0.0,1.0,1.0,A01
201500026307,0,7,0,0.0,2.0,3.0,1.0,B01
201500026307,0,1,0,0.0,2.0,0.0,1.0,A01
201500026308,0,1,0,0.0,2.0,1.0,1.0,B01
201500026308,0,10,0,0.0,2.0,0.0,22.0,A01
201500026309,0,7,0,0.0,2.0,1.0,2.0,B01
201500026309,0,7,0,0.0,2.0,4.0,2.0,C01
201500026309,0,7,0,0.0,2.0,1.0,1.0,A01
201500026310,0,7,0,0.0,2.0,3.0,1.0,B01
201500026310,0,33,0,0.0,2.0,1.0,15.0,A01
201500026311,0,7,0,0.0,2.0,1.0,1.0,B01
201500026311,0,7,0,0.0,2.0,1.0,13.0,A01
201500026312,0,33,0,0.0,2.0,2.0,1.0,B01
201500026312,0,7,0,0.0,2.0,3.0,10.0,A01
201500026313,0,7,0,0.0,1.0,2.0,1.0,A01
201500026314,0,2,0,0.0,2.0,3.0,1.0,B01
201500026314,0,7,0,0.0,2.0,3.0,5.0,A01
201500026315,0,7,0,0.0,2.0,3.0,1.0,B01
201500026315,0,1,0,0.0,2.0,1.0,5.0,A01
201500026316,0,7,0,0.0,2.0,1.0,13.0,A01
201500026316,0,14,0,0.0,2.0,3.0,1.0,B01
201500026317,0,33,0,0.0,2.0,1.0,1.0,A01
201500026317,0,1,0,0.0,2.0,7.0,19.0,B01
201500026318,0,7,0,0.0,1.0,3.0,15.0,A01
201500026319,0,10,0,0.0,2.0,7.0,15.0,A01
201500026319,0,1,0,0.0,2.0,1.0,1.0,B01
201500026320,0,7,0,0.0,1.0,1.0,1.0,A01
201500026321,0,7,0,0.0,2.0,4.0,2.0,C01
201500026321,0,7,0,0.0,2.0,1.0,2.0,A01
201500026321,0,7,0,0.0,2.0,4.0,2.0,B01
201500026322,0,7,0,16.0,0.0,0.0,1.0,A01
201500026323,1,7,0,0.0,1.0,0.0,0.0,Z01
201500026324,0,7,0,16.0,0.0,9.0,1.0,A01
201500026325,0,2,0,0.0,2.0,7.0,1.0,B01
201500026325,0,7,0,0.0,2.0,1.0,15.0,A01
201500026326,0,7,0,0.0,2.0,3.0,15.0,B01
201500026326,0,7,0,0.0,2.0,3.0,15.0,A01
201500026327,0,7,0,0.0,1.0,1.0,1.0,A01
201500026328,0,7,0,0.0,2.0,1.0,1.0,B01
201500026328,0,10,0,0.0,2.0,2.0,1.0,A01
201500026329,0,2,0,0.0,0.0,0.0,1.0,A01
201500026330,0,99,0,0.0,0.0,0.0,0.0,A01
201500026331,0,1,0,0.0,2.0,1.0,1.0,B01
201500026331,0,7,0,0.0,2.0,1.0,15.0,A01
201500026332,0,7,0,0.0,2.0,9.0,1.0,A01
201500026332,0,7,0,0.0,2.0,3.0,5.0,B01
201500026333,0,7,0,0.0,2.0,3.0,24.0,B01
201500026333,0,7,0,1.0,0.0,1.0,1.0,A01
201500026334,0,7,0,8.0,0.0,9.0,1.0,A01
201500026335,0,7,0,0.0,2.0,1.0,1.0,A01
201500026335,0,7,0,0.0,0.0,0.0,0.0,B01
201500026336,0,7,0,0.0,2.0,2.0,15.0,A01
201500026336,0,1,0,0.0,2.0,4.0,1.0,B01
201500026337,0,2,0,16.0,0.0,8.0,1.0,A01
201500026338,1,7,0,0.0,1.0,0.0,0.0,Z01
201500026339,0,10,0,15.0,0.0,7.0,1.0,A01
201500026340,0,10,0,0.0,1.0,1.0,1.0,A01
201500026341,0,7,0,0.0,1.0,1.0,1.0,A01
201500026342,0,7,0,0.0,2.0,1.0,1.0,B01
201500026342,0,7,0,0.0,2.0,8.0,0.0,A01
201500026343,0,33,0,0.0,2.0,3.0,17.0,A01
201500026343,0,7,0,0.0,2.0,6.0,15.0,B01
201500026344,0,1,0,0.0,2.0,1.0,1.0,A01
201500026344,0,2,0,0.0,2.0,3.0,15.0,B01
201500026345,0,7,0,0.0,2.0,2.0,16.0,A01
201500026345,0,1,0,0.0,2.0,3.0,16.0,B01
201500026346,0,2,0,0.0,2.0,7.0,15.0,A01
201500026346,0,7,0,0.0,2.0,1.0,1.0,B01
201500026347,0,7,0,0.0,1.0,2.0,1.0,A01
201500026348,0,7,0,0.0,2.0,1.0,1.0,A01
201500026348,0,2,0,0.0,2.0,7.0,1.0,B01
201500026349,0,2,0,0.0,2.0,8.0,1.0,B01
201500026349,0,7,0,0.0,2.0,3.0,9.0,A01
201500026350,0,7,0,0.0,2.0,1.0,1.0,A01
201500026350,0,7,0,0.0,2.0,3.0,1.0,B01
201500026351,0,7,0,0.0,2.0,4.0,2.0,B01
201500026351,0,7,0,0.0,2.0,1.0,1.0,A01
201500026352,0,33,0,16.0,0.0,8.0,1.0,A01
201500026353,0,37,1,0.0,2.0,6.0,7.0,B01
201500026353,0,10,0,1.0,0.0,1.0,1.0,A01
201500026354,0,7,0,0.0,2.0,4.0,2.0,B01
201500026354,0,7,0,0.0,2.0,2.0,1.0,A01
201500026355,0,7,0,0.0,1.0,2.0,1.0,A01
201500026356,0,7,0,0.0,2.0,1.0,2.0,B01
201500026356,0,7,0,0.0,2.0,1.0,2.0,A01
201500026356,0,7,0,0.0,2.0,4.0,2.0,D01
201500026356,0,7,0,0.0,2.0,1.0,2.0,C01
201500026357,0,2,0,0.0,0.0,9.0,1.0,A01
201500026358,0,7,0,0.0,1.0,0.0,1.0,A01
201500026359,0,7,0,0.0,2.0,4.0,2.0,C01
201500026359,0,7,0,0.0,2.0,4.0,2.0,B01
201500026359,0,7,0,0.0,2.0,1.0,1.0,A01
201500026360,0,7,0,0.0,1.0,3.0,1.0,A01
201500026361,0,7,0,0.0,1.0,0.0,1.0,A01
201500026362,0,7,0,16.0,0.0,1.0,1.0,A01
201500026363,0,7,0,0.0,1.0,1.0,1.0,A01
201500026364,0,2,0,0.0,2.0,1.0,1.0,A01
201500026364,0,7,0,0.0,2.0,1.0,1.0,B01
201500026365,0,7,0,16.0,0.0,3.0,1.0,A01
201500026366,0,10,0,0.0,2.0,4.0,4.0,A01
201500026366,0,1,0,0.0,2.0,4.0,23.0,B01
201500026367,0,7,0,0.0,2.0,6.0,1.0,B01
201500026367,0,10,0,0.0,2.0,3.0,1.0,A01
201500026368,0,10,0,0.0,1.0,0.0,1.0,A01
201500026369,0,7,0,0.0,2.0,6.0,23.0,B01
201500026369,0,3,0,0.0,2.0,2.0,1.0,A01
201500026370,0,7,0,0.0,1.0,1.0,1.0,A01
201500026371,0,7,0,0.0,2.0,1.0,1.0,B01
201500026371,0,10,0,0.0,2.0,1.0,19.0,A01
201500026372,0,7,0,0.0,2.0,8.0,9.0,A01
201500026372,0,33,0,0.0,2.0,0.0,1.0,B01
201500026373,0,7,0,0.0,2.0,5.0,2.0,C01
201500026373,0,7,0,0.0,2.0,2.0,1.0,A01
201500026373,0,7,0,0.0,2.0,6.0,2.0,B01
201500026374,0,7,0,0.0,2.0,3.0,1.0,B01
201500026374,0,7,0,0.0,2.0,1.0,1.0,A01
201500026375,0,1,0,12.0,0.0,0.0,0.0,A01
201500026376,0,7,0,1.0,0.0,7.0,1.0,A01
201500026376,0,7,0,0.0,2.0,6.0,24.0,B01
201500026377,0,7,0,0.0,2.0,3.0,15.0,A01
201500026377,0,31,0,0.0,2.0,1.0,1.0,B01
201500026378,0,7,0,6.0,0.0,2.0,1.0,A01
201500026379,0,7,0,0.0,1.0,3.0,0.0,A01
201500026380,0,7,0,0.0,2.0,1.0,1.0,B01
201500026380,0,7,0,0.0,2.0,2.0,23.0,C01
201500026380,0,7,0,0.0,2.0,1.0,13.0,A01
201500026381,0,7,0,0.0,2.0,7.0,1.0,A01
201500026381,0,7,0,0.0,2.0,8.0,1.0,B01
201500026382,0,1,0,0.0,1.0,1.0,1.0,A01
201500026383,0,7,0,0.0,1.0,0.0,1.0,A01
201500026384,0,7,0,0.0,1.0,1.0,15.0,A01
201500026385,0,7,0,0.0,1.0,2.0,1.0,A01
201500026386,0,7,0,0.0,2.0,4.0,1.0,B01
201500026386,0,7,0,0.0,2.0,1.0,2.0,A01
201500026387,0,7,0,2.0,0.0,9.0,1.0,A01
201500026388,0,7,0,0.0,1.0,0.0,1.0,A01
201500026389,0,7,0,0.0,2.0,0.0,15.0,A01
201500026389,0,34,0,0.0,2.0,0.0,1.0,B01
201500026390,0,7,0,0.0,1.0,1.0,1.0,A01
201500026391,0,7,0,0.0,2.0,3.0,13.0,A01
201500026391,0,7,0,0.0,2.0,3.0,1.0,B01
201500026392,1,10,0,0.0,0.0,0.0,0.0,Z01
201500026392,0,1,0,0.0,0.0,0.0,0.0,B01
201500026393,0,7,0,6.0,0.0,1.0,1.0,A01
201500026394,0,7,0,0.0,2.0,1.0,1.0,A01
201500026394,0,7,0,0.0,2.0,8.0,1.0,B01
201500026395,0,7,0,0.0,2.0,1.0,15.0,A01
201500026395,0,30,0,0.0,2.0,1.0,1.0,B01
201500026396,0,10,0,0.0,1.0,4.0,4.0,A01
201500026397,0,7,0,6.0,2.0,1.0,1.0,A01
201500026397,0,7,0,0.0,2.0,7.0,1.0,B01
201500026398,0,7,0,0.0,0.0,9.0,0.0,A01
201500026399,0,7,0,0.0,1.0,3.0,1.0,A01
201500026400,0,7,0,0.0,1.0,2.0,0.0,A01
201500026401,0,7,0,0.0,1.0,3.0,1.0,A01
201500026402,0,7,0,7.0,0.0,8.0,1.0,A01
201500026402,0,7,0,0.0,2.0,7.0,23.0,B01
201500026403,0,7,0,0.0,1.0,2.0,1.0,A01
201500026404,0,2,0,0.0,2.0,6.0,1.0,B01
201500026404,0,7,0,0.0,2.0,3.0,15.0,A01
201500026405,0,7,0,0.0,2.0,4.0,23.0,C01
201500026405,0,7,0,0.0,2.0,1.0,1.0,A01
201500026405,0,7,0,0.0,2.0,4.0,23.0,B01
201500026405,0,7,0,0.0,2.0,4.0,23.0,D01
201500026406,0,3,0,0.0,2.0,3.0,1.0,A01
201500026406,0,7,0,0.0,2.0,8.0,1.0,B01
201500026407,0,7,0,0.0,2.0,8.0,9.0,A01
201500026407,0,17,0,0.0,2.0,2.0,1.0,B01
201500026407,0,7,0,0.0,2.0,2.0,17.0,C01
201500026408,0,7,0,0.0,1.0,6.0,4.0,A01
201500026409,0,32,0,0.0,2.0,1.0,1.0,B01
201500026409,0,7,0,0.0,2.0,7.0,12.0,A01
201500026410,0,7,0,0.0,2.0,3.0,13.0,A01
201500026410,0,7,0,0.0,2.0,3.0,1.0,B01
201500026411,0,7,0,0.0,1.0,3.0,1.0,A01
201500026412,0,7,0,0.0,1.0,1.0,16.0,A01
201500026413,0,7,0,0.0,1.0,0.0,1.0,A01
201500026414,0,7,0,0.0,2.0,2.0,1.0,A01
201500026414,0,7,0,0.0,2.0,7.0,1.0,B01
201500026415,0,7,0,0.0,2.0,1.0,1.0,B01
201500026415,0,7,0,0.0,2.0,3.0,15.0,A01
201500026416,0,40,0,0.0,1.0,7.0,1.0,A01
201500026417,0,7,0,8.0,0.0,1.0,1.0,A01
201500026418,0,7,0,0.0,2.0,2.0,1.0,A01
201500026418,0,7,0,0.0,2.0,1.0,1.0,B01
201500026419,0,32,0,0.0,1.0,1.0,1.0,A01
201500026420,0,33,0,0.0,2.0,8.0,17.0,A01
201500026420,0,7,0,0.0,2.0,8.0,15.0,B01
201500026421,0,7,0,2.0,0.0,1.0,1.0,A01
201500026422,0,7,0,0.0,2.0,4.0,23.0,B01
201500026422,0,33,0,0.0,2.0,1.0,1.0,A01
201500026423,0,34,0,9.0,0.0,1.0,1.0,A01
201500026424,0,7,0,0.0,1.0,2.0,15.0,A01
201500026425,0,10,0,0.0,1.0,2.0,1.0,A01
201500026426,0,7,0,0.0,2.0,6.0,1.0,B01
201500026426,0,30,0,0.0,2.0,1.0,1.0,A01
201500026427,0,7,0,0.0,0.0,1.0,1.0,A01
201500026428,0,7,0,0.0,2.0,8.0,1.0,A01
201500026428,0,1,0,0.0,2.0,1.0,1.0,B01
201500026429,0,7,0,1.0,2.0,8.0,1.0,B01
201500026429,2,7,0,6.0,2.0,1.0,1.0,A01
201500026430,0,7,0,0.0,1.0,1.0,1.0,A01
201500026431,0,10,0,0.0,2.0,1.0,1.0,A01
201500026431,0,7,0,6.0,2.0,7.0,1.0,B01
201500026432,0,33,0,0.0,2.0,7.0,1.0,B01
201500026432,0,7,0,0.0,2.0,8.0,15.0,A01
201500026433,0,7,0,16.0,2.0,6.0,23.0,B01
201500026433,0,7,0,12.0,2.0,3.0,1.0,C01
201500026433,0,7,0,0.0,2.0,1.0,9.0,A01
201500026434,1,7,0,0.0,1.0,2.0,1.0,A01
201500026435,0,7,0,0.0,1.0,0.0,0.0,A01
201500026436,0,10,0,0.0,1.0,8.0,1.0,A01
201500026436,0,7,0,0.0,2.0,7.0,23.0,B01
201500026437,0,40,32,0.0,1.0,1.0,1.0,A01
201500026438,0,7,0,0.0,1.0,1.0,1.0,A01
201500026439,0,7,0,0.0,2.0,8.0,1.0,B01
201500026439,0,33,0,0.0,2.0,1.0,1.0,A01
201500026440,0,31,0,2.0,0.0,1.0,1.0,A01
201500026441,0,7,0,15.0,0.0,2.0,15.0,A01
201500026442,0,33,0,1.0,0.0,1.0,1.0,A01
201500026442,0,7,0,0.0,2.0,4.0,23.0,B01
201500026443,0,10,0,0.0,2.0,1.0,1.0,A01
201500026443,0,7,0,0.0,2.0,4.0,1.0,C01
201500026443,0,7,0,0.0,2.0,4.0,0.0,B01
201500026444,1,30,0,0.0,1.0,1.0,1.0,Z01
201500026445,0,7,0,0.0,1.0,2.0,1.0,A01
201500026446,0,1,0,0.0,2.0,8.0,0.0,B01
201500026446,0,7,0,0.0,2.0,2.0,17.0,A01
201500026447,0,7,0,0.0,2.0,1.0,2.0,A01
201500026447,0,7,0,0.0,2.0,4.0,2.0,B01
201500026448,0,7,0,6.0,0.0,1.0,1.0,A01
201500026449,0,7,0,0.0,1.0,1.0,1.0,A01
201500026450,0,7,0,0.0,2.0,9.0,1.0,B01
201500026450,0,7,0,0.0,2.0,1.0,1.0,A01
201500026451,0,30,0,0.0,2.0,8.0,1.0,B01
201500026451,1,1,0,0.0,2.0,0.0,0.0,Z01
201500026452,0,33,0,0.0,2.0,2.0,1.0,B01
201500026452,0,10,0,0.0,2.0,3.0,10.0,A01
201500026453,0,34,0,0.0,0.0,8.0,1.0,A01
201500026454,0,1,0,0.0,2.0,8.0,1.0,B01
201500026454,0,7,0,0.0,2.0,7.0,14.0,A01
201500026455,0,7,0,0.0,2.0,2.0,1.0,B01
201500026455,0,7,0,0.0,2.0,3.0,1.0,A01
201500026456,0,7,0,0.0,1.0,2.0,1.0,A01
201500026457,0,10,0,0.0,2.0,2.0,15.0,A01
201500026457,0,37,0,0.0,2.0,3.0,1.0,B01
201500026458,0,1,0,0.0,1.0,1.0,1.0,A01
201500026459,0,7,0,0.0,2.0,8.0,9.0,A01
201500026459,0,33,0,0.0,2.0,1.0,1.0,B01
201500026460,0,30,0,0.0,2.0,7.0,1.0,B01
201500026460,0,7,0,0.0,2.0,2.0,15.0,A01
201500026461,0,7,0,0.0,1.0,1.0,1.0,A01
201500026462,0,7,0,0.0,1.0,2.0,1.0,A01
201500026463,0,7,0,0.0,2.0,1.0,1.0,A01
201500026463,0,7,0,0.0,2.0,3.0,1.0,B01
201500026464,0,7,0,0.0,1.0,2.0,9.0,A01
201500026465,0,7,0,0.0,1.0,2.0,1.0,A01
201500026466,0,7,0,0.0,1.0,1.0,15.0,A01
201500026467,0,7,0,0.0,2.0,1.0,1.0,B01
201500026467,0,7,0,0.0,2.0,2.0,1.0,A01
201500026468,0,33,0,0.0,2.0,1.0,1.0,A01
201500026468,0,7,0,0.0,2.0,1.0,1.0,B01
201500026469,2,7,0,1.0,0.0,1.0,1.0,A01
201500026470,0,33,0,0.0,0.0,0.0,15.0,A01
201500026471,0,14,0,0.0,2.0,1.0,17.0,A01
201500026471,0,7,0,0.0,2.0,1.0,1.0,B01
201500026472,0,7,0,0.0,1.0,4.0,4.0,A01
201500026473,0,7,0,14.0,0.0,1.0,0.0,A01
201500026474,0,7,0,0.0,2.0,1.0,1.0,B01
201500026474,0,7,0,0.0,2.0,2.0,1.0,A01
201500026475,0,7,0,0.0,1.0,2.0,9.0,A01
201500026476,0,7,0,9.0,0.0,1.0,20.0,A01
201500026477,1,7,0,0.0,1.0,7.0,0.0,Z01
201500026478,0,7,0,0.0,2.0,1.0,1.0,A01
201500026478,0,7,0,0.0,2.0,8.0,1.0,B01
201500026479,0,7,0,0.0,1.0,4.0,4.0,A01
201500026480,0,7,0,1.0,0.0,9.0,4.0,A01
201500026481,0,30,0,0.0,1.0,1.0,18.0,A01
201500026482,0,7,0,0.0,2.0,5.0,1.0,B01
201500026482,0,30,0,0.0,2.0,1.0,1.0,A01
201500026483,0,33,0,0.0,2.0,1.0,1.0,B01
201500026483,0,7,0,8.0,2.0,2.0,15.0,A01
201500026484,0,7,0,0.0,1.0,2.0,1.0,A01
201500026485,0,7,0,12.0,0.0,1.0,1.0,A01
201500026486,0,1,0,0.0,1.0,1.0,5.0,A01
201500026487,0,7,0,0.0,1.0,1.0,15.0,A01
201500026488,0,7,0,0.0,1.0,7.0,1.0,A01
201500026489,0,7,0,0.0,2.0,2.0,1.0,A01
201500026489,0,7,0,0.0,2.0,3.0,1.0,B01
201500026490,0,7,0,0.0,2.0,4.0,1.0,B01
201500026490,1,7,0,0.0,0.0,0.0,0.0,Z01
201500026491,0,7,0,1.0,2.0,2.0,1.0,A01
201500026491,0,7,0,0.0,2.0,1.0,1.0,B01
201500026492,0,7,0,0.0,2.0,6.0,23.0,B01
201500026492,0,7,0,0.0,2.0,1.0,1.0,A01
201500026492,0,7,0,0.0,2.0,5.0,23.0,C01
201500026493,0,7,0,0.0,1.0,3.0,17.0,A01
201500026493,0,7,0,0.0,2.0,3.0,1.0,B01
201500026493,0,7,0,2.0,2.0,9.0,1.0,C01
201500026494,0,7,0,0.0,1.0,1.0,1.0,A01
201500026495,0,32,0,0.0,2.0,1.0,18.0,A01
201500026495,0,7,0,0.0,2.0,7.0,23.0,B01
201500026496,0,7,0,8.0,2.0,1.0,1.0,A01
201500026496,0,7,0,0.0,2.0,1.0,1.0,B01
201500026497,0,7,0,8.0,0.0,8.0,1.0,A01
201500026498,0,7,0,8.0,0.0,1.0,1.0,A01
201500026499,1,7,0,0.0,1.0,0.0,0.0,A01
201500026500,0,30,0,0.0,2.0,1.0,1.0,B01
201500026500,0,10,0,0.0,2.0,1.0,15.0,A01
201500026501,0,7,0,0.0,2.0,1.0,1.0,B01
201500026501,0,7,0,0.0,2.0,8.0,20.0,A01
201500026502,0,7,0,0.0,1.0,1.0,1.0,A01
201500026503,0,7,0,0.0,2.0,3.0,15.0,C01
201500026503,0,7,0,0.0,2.0,9.0,2.0,B01
201500026503,0,7,0,0.0,2.0,1.0,2.0,A01
201500026504,2,7,0,0.0,2.0,8.0,15.0,A01
201500026504,0,7,0,0.0,2.0,1.0,1.0,B01
201500026505,0,7,0,0.0,1.0,0.0,15.0,A01
201500026506,0,7,0,13.0,0.0,0.0,1.0,A01
201500026507,0,7,0,0.0,1.0,1.0,1.0,A01
201500026508,1,99,0,0.0,1.0,2.0,0.0,Z01
201500026509,0,7,0,0.0,2.0,3.0,1.0,B01
201500026509,0,7,0,0.0,2.0,3.0,1.0,A01
201500026510,0,7,0,0.0,1.0,3.0,1.0,A01
201500026511,0,7,0,0.0,2.0,1.0,12.0,A01
201500026511,0,7,0,0.0,2.0,7.0,1.0,B01
201500026512,0,7,0,0.0,1.0,3.0,1.0,A01
201500026513,0,7,0,6.0,0.0,9.0,1.0,A01
201500026514,0,7,0,0.0,1.0,1.0,1.0,A01
201500026515,0,7,0,0.0,2.0,7.0,9.0,A01
201500026515,0,7,0,0.0,2.0,1.0,9.0,B01
201500026516,0,7,0,0.0,1.0,1.0,15.0,A01
201500026517,0,7,0,0.0,2.0,1.0,1.0,A01
201500026517,0,7,0,0.0,2.0,5.0,1.0,B01
201500026518,0,37,1,0.0,2.0,3.0,1.0,B01
201500026518,0,7,0,0.0,2.0,3.0,13.0,A01
201500026519,0,7,0,0.0,2.0,1.0,1.0,B01
201500026519,0,7,0,0.0,2.0,3.0,1.0,C01
201500026519,0,7,0,0.0,2.0,2.0,15.0,A01
201500026520,0,7,0,0.0,2.0,0.0,1.0,D01
201500026520,0,7,0,0.0,2.0,3.0,1.0,E01
201500026520,0,7,0,0.0,2.0,8.0,1.0,C01
201500026520,0,7,0,0.0,2.0,1.0,5.0,A01
201500026520,0,7,0,0.0,2.0,6.0,1.0,B01
201500026521,0,7,0,0.0,2.0,7.0,1.0,A01
201500026521,0,7,0,0.0,2.0,1.0,1.0,B01
201500026522,0,7,0,0.0,2.0,2.0,1.0,B01
201500026522,0,7,0,0.0,2.0,8.0,20.0,A01
201500026523,0,10,0,14.0,0.0,1.0,14.0,A01
201500026524,0,17,0,0.0,2.0,1.0,16.0,A01
201500026524,0,7,0,0.0,2.0,1.0,1.0,B01
201500026525,0,7,0,1.0,0.0,3.0,1.0,A01
201500026526,0,7,0,0.0,1.0,2.0,1.0,A01
201500026527,0,40,0,0.0,1.0,1.0,1.0,A01
201500026528,0,7,0,0.0,2.0,9.0,2.0,B01
201500026528,0,7,0,0.0,2.0,1.0,2.0,A01
201500026528,0,7,0,0.0,2.0,4.0,2.0,C01
201500026529,0,7,0,0.0,2.0,2.0,1.0,B01