Num_Acc,senc,catv,occutc,obs,obsm,choc,manv,num_veh
201500026529,0,7,0,0.0,2.0,3.0,15.0,A01
201500026530,0,7,0,8.0,2.0,2.0,1.0,B01
201500026530,0,7,0,0.0,2.0,3.0,9.0,A01
201500026531,1,99,0,0.0,1.0,0.0,0.0,Z01
201500026532,0,7,0,0.0,1.0,2.0,1.0,A01
201500026533,0,7,0,0.0,2.0,7.0,1.0,A01
201500026533,0,33,0,0.0,2.0,1.0,1.0,B01
201500026534,0,10,0,0.0,2.0,6.0,2.0,B01
201500026534,0,30,0,0.0,2.0,1.0,2.0,A01
201500026535,0,7,0,9.0,2.0,8.0,1.0,B01
201500026535,0,7,0,0.0,2.0,1.0,1.0,A01
201500026536,0,7,0,0.0,1.0,1.0,16.0,A01
201500026537,0,7,0,0.0,2.0,3.0,6.0,A01
201500026537,0,7,0,0.0,2.0,6.0,1.0,B01
201500026538,0,7,0,0.0,1.0,3.0,4.0,A01
201500026539,0,7,0,0.0,1.0,2.0,1.0,A01
201500026540,0,7,0,14.0,0.0,2.0,1.0,A01
201500026541,0,7,0,0.0,1.0,8.0,1.0,A01
201500026542,0,7,0,13.0,0.0,8.0,1.0,A01
201500026543,0,1,0,0.0,0.0,0.0,0.0,B01
201500026543,0,7,0,0.0,9.0,3.0,9.0,A01
201500026544,1,7,0,0.0,1.0,0.0,0.0,A01
201500026545,0,7,0,0.0,2.0,5.0,15.0,A01
201500026545,0,33,0,0.0,2.0,1.0,1.0,B01
201500026545,0,34,0,0.0,2.0,2.0,1.0,C01
201500026546,0,7,0,1.0,2.0,2.0,0.0,A01
201500026547,0,7,0,0.0,2.0,1.0,0.0,B01
201500026547,0,33,0,0.0,2.0,2.0,17.0,A01
201500026548,0,7,0,0.0,1.0,8.0,2.0,A01
201500026549,0,7,0,0.0,2.0,8.0,1.0,B01
201500026549,0,7,0,6.0,2.0,8.0,0.0,A01
201500026550,0,7,0,0.0,2.0,4.0,1.0,B01
201500026550,0,7,0,0.0,2.0,1.0,2.0,A01
201500026551,0,3,0,0.0,2.0,6.0,16.0,A01
201500026551,1,7,0,0.0,2.0,2.0,1.0,B01
201500026552,0,7,0,0.0,1.0,2.0,1.0,A01
201500026553,1,10,0,0.0,2.0,1.0,2.0,Z01
201500026553,0,7,0,0.0,1.0,6.0,1.0,A01
201500026554,0,7,0,0.0,2.0,8.0,1.0,A01
201500026554,0,10,0,0.0,2.0,1.0,1.0,B01
201500026555,0,7,0,8.0,0.0,1.0,0.0,A01
201500026556,0,10,0,0.0,2.0,2.0,15.0,A01
201500026556,0,30,0,0.0,2.0,1.0,1.0,B01
201500026557,0,7,0,0.0,1.0,2.0,1.0,A01
201500026558,0,7,0,0.0,1.0,2.0,1.0,A01
201500026559,0,7,0,0.0,1.0,3.0,1.0,A01
201500026560,0,1,0,0.0,2.0,1.0,1.0,B01
201500026560,0,7,0,0.0,9.0,2.0,15.0,A01
201500026561,0,7,0,1.0,2.0,2.0,1.0,B01
201500026561,0,7,0,0.0,2.0,3.0,10.0,A01
201500026561,0,10,0,0.0,2.0,2.0,1.0,C01
201500026562,0,7,0,0.0,2.0,3.0,15.0,A01
201500026562,0,7,0,0.0,2.0,8.0,2.0,B01
201500026563,0,7,0,0.0,2.0,5.0,2.0,B01
201500026563,1,2,0,0.0,2.0,1.0,2.0,Z01
201500026564,0,7,0,0.0,2.0,8.0,0.0,B01
201500026564,0,7,0,0.0,0.0,0.0,0.0,A01
201500026565,0,7,0,0.0,1.0,2.0,1.0,A01
201500026566,0,7,0,0.0,2.0,1.0,1.0,B01
201500026566,0,7,0,0.0,2.0,7.0,11.0,A01
201500026567,0,7,0,0.0,2.0,1.0,15.0,A01
201500026567,0,7,0,0.0,2.0,3.0,2.0,B01
201500026567,2,7,0,0.0,2.0,0.0,0.0,C01
201500026567,2,7,0,0.0,2.0,0.0,0.0,D01
201500026568,0,7,0,0.0,1.0,1.0,1.0,A01
201500026569,0,7,0,0.0,2.0,1.0,2.0,A01
201500026569,0,7,0,0.0,2.0,4.0,23.0,B01
201500026570,0,7,0,1.0,0.0,1.0,2.0,A01
201500026570,0,7,0,1.0,0.0,0.0,0.0,B01
201500026571,0,7,0,0.0,2.0,1.0,1.0,B01
201500026571,0,7,0,0.0,2.0,3.0,21.0,A01
201500026572,0,7,0,0.0,2.0,2.0,15.0,A01
201500026572,0,2,0,0.0,2.0,1.0,1.0,B01
201500026573,0,7,0,0.0,1.0,2.0,1.0,A01
201500026574,0,7,0,0.0,1.0,7.0,1.0,A01
201500026575,0,30,0,12.0,0.0,1.0,1.0,A01
201500026576,0,7,0,0.0,1.0,2.0,1.0,A01
201500026577,0,7,0,0.0,2.0,3.0,12.0,A01
201500026577,0,7,0,0.0,2.0,5.0,23.0,B01
201500026578,0,7,0,0.0,1.0,7.0,1.0,A01
201500026579,0,7,0,0.0,1.0,3.0,1.0,A01
201500026580,0,30,0,0.0,2.0,8.0,11.0,A01
201500026580,0,7,0,0.0,2.0,2.0,1.0,B01
201500026581,0,7,0,0.0,2.0,3.0,15.0,B01
201500026581,0,30,0,0.0,2.0,1.0,1.0,A01
201500026582,1,7,0,0.0,1.0,0.0,1.0,A01
201500026583,0,7,0,0.0,2.0,2.0,15.0,A01
201500026583,0,2,0,0.0,2.0,1.0,1.0,B01
201500026584,0,7,0,0.0,2.0,4.0,1.0,B01
201500026584,0,7,0,0.0,2.0,1.0,2.0,A01
201500026585,0,33,0,0.0,2.0,1.0,1.0,B01
201500026585,0,7,0,0.0,2.0,7.0,15.0,A01
201500026586,0,7,0,0.0,1.0,1.0,1.0,A01
201500026587,0,1,0,0.0,1.0,1.0,1.0,A01
201500026588,0,7,0,0.0,2.0,8.0,15.0,A01
201500026588,0,31,0,0.0,2.0,1.0,1.0,B01
201500026589,0,30,0,0.0,2.0,2.0,1.0,A01
201500026589,0,7,0,0.0,2.0,1.0,1.0,B01
201500026590,0,7,0,12.0,0.0,1.0,1.0,A01
201500026591,0,7,0,0.0,1.0,8.0,15.0,A01
201500026592,0,31,0,0.0,2.0,1.0,1.0,A01
201500026592,0,7,0,0.0,2.0,3.0,1.0,B01
201500026593,0,7,0,0.0,2.0,1.0,2.0,A01
201500026593,0,10,0,0.0,0.0,4.0,23.0,B01
201500026594,0,2,0,0.0,2.0,3.0,15.0,A01
201500026594,0,7,0,0.0,2.0,2.0,23.0,B01
201500026595,0,10,0,0.0,1.0,1.0,1.0,A01
201500026596,0,31,0,0.0,1.0,2.0,1.0,A01
201500026597,0,30,0,0.0,2.0,1.0,1.0,B01
201500026597,0,7,0,0.0,2.0,6.0,15.0,A01
201500026598,0,7,0,0.0,2.0,4.0,23.0,B01
201500026598,0,7,0,0.0,2.0,1.0,2.0,A01
201500026599,0,7,0,0.0,2.0,1.0,2.0,A01
201500026599,0,7,0,0.0,0.0,4.0,23.0,B01
201500026600,0,7,0,0.0,2.0,6.0,15.0,A01
201500026600,0,30,0,0.0,2.0,1.0,2.0,B01
201500026601,0,7,0,0.0,2.0,8.0,10.0,A01
201500026601,0,30,0,0.0,2.0,1.0,1.0,B01
201500026602,0,33,0,0.0,1.0,2.0,1.0,A01
201500026603,0,7,0,0.0,2.0,3.0,1.0,B01
201500026603,0,30,0,0.0,2.0,1.0,13.0,A01
201500026604,0,7,0,0.0,1.0,1.0,1.0,A01
201500026605,0,30,0,0.0,0.0,7.0,1.0,A01
201500026606,0,7,0,0.0,1.0,1.0,1.0,A01
201500026607,0,7,0,2.0,0.0,2.0,1.0,A01
201500026608,0,7,0,0.0,2.0,3.0,13.0,A01
201500026608,0,7,0,0.0,2.0,1.0,1.0,B01
201500026609,0,7,0,0.0,1.0,2.0,1.0,A01
201500026610,0,7,0,0.0,1.0,4.0,4.0,A01
201500026611,0,7,0,0.0,2.0,1.0,15.0,A01
201500026611,0,32,0,0.0,2.0,8.0,16.0,B01
201500026612,0,7,0,0.0,2.0,7.0,17.0,A01
201500026612,0,7,0,0.0,2.0,3.0,15.0,B01
201500026613,0,30,0,0.0,2.0,1.0,13.0,A01
201500026613,0,7,0,0.0,2.0,1.0,1.0,B01
201500026614,0,7,0,0.0,2.0,8.0,15.0,A01
201500026614,0,2,0,0.0,2.0,1.0,1.0,B01
201500026615,0,2,0,0.0,2.0,7.0,19.0,A01
201500026615,0,7,0,0.0,2.0,2.0,1.0,B01
201500026616,0,32,0,0.0,0.0,0.0,2.0,A01
201500026617,0,7,0,7.0,0.0,9.0,16.0,A01
201500026618,0,3,0,13.0,0.0,1.0,13.0,A01
201500026619,0,10,0,0.0,1.0,2.0,1.0,A01
201500026620,0,7,0,0.0,2.0,3.0,9.0,A01
201500026620,0,2,0,0.0,2.0,1.0,1.0,B01
201500026621,0,2,0,0.0,0.0,0.0,1.0,A01
201500026622,0,1,0,0.0,2.0,1.0,1.0,B01
201500026622,0,1,0,0.0,2.0,1.0,5.0,A01
201500026623,0,7,0,0.0,2.0,3.0,15.0,B01
201500026623,0,2,0,0.0,2.0,1.0,17.0,A01
201500026624,0,7,0,0.0,2.0,1.0,0.0,A01
201500026624,0,7,0,0.0,2.0,4.0,2.0,B01
201500026625,1,7,0,0.0,2.0,1.0,1.0,A01
201500026625,0,1,0,0.0,2.0,4.0,1.0,B01
201500026626,0,2,0,0.0,0.0,0.0,1.0,A01
201500026627,0,7,0,0.0,2.0,7.0,15.0,A01
201500026627,0,2,0,0.0,2.0,1.0,1.0,B01
201500026628,0,10,0,0.0,2.0,1.0,2.0,A01
201500026628,0,1,0,0.0,2.0,4.0,2.0,B01
201500026629,0,7,0,0.0,1.0,1.0,1.0,A01
201500026630,0,7,0,6.0,0.0,1.0,13.0,A01
201500026631,0,30,0,0.0,0.0,8.0,1.0,A01
201500026632,0,1,0,0.0,2.0,4.0,1.0,B01
201500026632,0,10,0,1.0,1.0,2.0,2.0,A01
201500026633,0,7,0,0.0,2.0,2.0,19.0,A01
201500026633,0,1,0,0.0,2.0,1.0,1.0,B01
201500026634,0,7,0,0.0,2.0,1.0,16.0,A01
201500026634,0,33,0,0.0,2.0,1.0,1.0,B01
201500026635,0,7,0,9.0,0.0,1.0,2.0,A01
201500026636,0,32,0,0.0,1.0,1.0,18.0,A01
201500026637,0,7,0,9.0,2.0,7.0,1.0,B01
201500026637,0,7,0,0.0,2.0,1.0,1.0,A01
201500026638,0,7,0,0.0,1.0,3.0,1.0,A01
201500026639,0,2,0,1.0,2.0,1.0,1.0,A01
201500026639,0,10,0,0.0,2.0,2.0,15.0,B01
201500026640,0,1,0,0.0,2.0,1.0,1.0,A01
201500026640,0,7,0,0.0,2.0,4.0,23.0,B01
201500026641,0,7,0,0.0,2.0,2.0,16.0,A01
201500026641,0,1,0,0.0,2.0,8.0,1.0,B01
201500026642,0,2,0,0.0,2.0,1.0,2.0,A01
201500026642,0,7,0,0.0,2.0,5.0,15.0,B01
201500026643,0,7,0,0.0,1.0,1.0,1.0,A01
201500026644,0,7,0,0.0,2.0,3.0,13.0,B01
201500026644,0,2,0,0.0,2.0,1.0,13.0,A01
201500026645,0,30,0,0.0,1.0,1.0,16.0,A01
201500026646,0,1,0,0.0,2.0,3.0,0.0,B01
201500026646,0,7,0,0.0,2.0,3.0,1.0,A01
201500026647,0,7,0,0.0,1.0,1.0,1.0,A01
201500026648,0,7,0,0.0,2.0,1.0,0.0,A01
201500026648,0,7,0,0.0,0.0,4.0,2.0,B01
201500026649,0,7,0,0.0,1.0,1.0,2.0,A01
201500026650,0,7,0,0.0,1.0,0.0,0.0,A01
201500026651,0,31,0,0.0,2.0,3.0,1.0,B01
201500026651,0,7,0,0.0,2.0,3.0,15.0,A01
201500026652,0,7,0,0.0,2.0,2.0,0.0,A01
201500026652,0,1,0,0.0,2.0,3.0,0.0,B01
201500026653,0,7,0,0.0,2.0,3.0,15.0,A01
201500026653,0,32,0,0.0,2.0,1.0,1.0,B01
201500026654,0,7,0,0.0,1.0,0.0,0.0,A01
201500026655,0,7,0,0.0,2.0,2.0,15.0,B01
201500026655,0,30,0,0.0,2.0,1.0,1.0,A01
201500026656,1,7,0,0.0,1.0,0.0,0.0,Z01
201500026657,0,7,0,0.0,2.0,1.0,1.0,B01
201500026657,0,7,0,0.0,0.0,6.0,10.0,A01
201500026658,0,7,0,0.0,1.0,2.0,0.0,A01
201500026659,0,7,0,0.0,1.0,1.0,1.0,A01
201500026660,0,7,0,0.0,2.0,0.0,0.0,A01
201500026660,0,1,0,0.0,0.0,7.0,0.0,B01
201500026661,0,7,0,0.0,2.0,7.0,1.0,A01
201500026661,0,33,0,0.0,2.0,1.0,1.0,B01
201500026662,0,7,0,0.0,2.0,3.0,9.0,A01
201500026662,0,30,0,0.0,2.0,1.0,1.0,B01
201500026663,0,30,0,0.0,0.0,0.0,0.0,A01
201500026664,0,7,0,0.0,1.0,1.0,1.0,A01
201500026665,0,37,1,0.0,1.0,2.0,0.0,A01
201500026666,0,7,0,15.0,0.0,1.0,0.0,A01
201500026667,0,7,0,0.0,0.0,4.0,0.0,A01
201500026667,0,7,0,0.0,0.0,1.0,0.0,B01
201500026668,0,7,0,0.0,2.0,7.0,1.0,A01
201500026668,1,7,0,0.0,0.0,0.0,0.0,Z01
201500026669,0,7,0,0.0,2.0,3.0,0.0,A01
201500026669,0,7,0,0.0,2.0,3.0,0.0,B01
201500026670,1,7,0,0.0,2.0,0.0,0.0,A01
201500026670,0,7,0,0.0,2.0,5.0,0.0,B01
201500026671,0,7,0,0.0,1.0,1.0,1.0,A01
201500026672,0,7,0,0.0,2.0,1.0,1.0,B01
201500026672,0,7,0,0.0,0.0,4.0,1.0,C01
201500026672,0,7,0,0.0,2.0,1.0,1.0,A01
201500026673,0,7,0,0.0,1.0,1.0,1.0,A01
201500026674,0,7,0,0.0,1.0,1.0,0.0,A01
201500026675,0,7,0,0.0,1.0,3.0,15.0,A01
201500026676,2,1,0,0.0,0.0,0.0,0.0,Z01
201500026676,0,7,0,0.0,2.0,4.0,1.0,B01
201500026677,0,1,0,0.0,1.0,0.0,0.0,A01
201500026678,0,33,0,1.0,0.0,1.0,1.0,A01
201500026679,0,10,0,0.0,0.0,6.0,9.0,A01
201500026679,0,31,0,0.0,2.0,3.0,0.0,B01
201500026680,0,7,0,0.0,1.0,1.0,1.0,A01
201500026681,0,7,0,0.0,2.0,1.0,1.0,B01
201500026681,0,7,0,0.0,2.0,1.0,0.0,A01
201500026682,1,1,0,0.0,1.0,0.0,0.0,Z01
201500026683,0,7,0,0.0,1.0,3.0,0.0,A01
201500026684,0,7,0,0.0,2.0,1.0,2.0,A01
201500026684,0,7,0,0.0,0.0,0.0,0.0,B01
201500026685,0,7,0,0.0,9.0,7.0,16.0,A01
201500026685,0,1,0,0.0,2.0,8.0,1.0,B01
201500026686,1,7,0,0.0,2.0,2.0,18.0,A01
201500026687,0,1,0,0.0,0.0,0.0,0.0,B01
201500026687,0,7,0,0.0,0.0,0.0,0.0,A01
201500026688,0,7,0,0.0,2.0,1.0,0.0,A01
201500026688,0,1,0,0.0,2.0,0.0,0.0,B01
201500026689,0,15,0,0.0,2.0,3.0,1.0,A01
201500026689,0,7,0,0.0,2.0,4.0,11.0,B01
201500026689,0,7,0,0.0,2.0,3.0,5.0,C01
201500026690,0,7,0,0.0,1.0,3.0,0.0,A01
201500026691,0,7,0,0.0,1.0,1.0,1.0,A01
201500026692,0,33,0,1.0,0.0,1.0,1.0,A01
201500026693,0,7,0,0.0,2.0,1.0,1.0,A01
201500026693,0,1,0,0.0,0.0,0.0,0.0,B01
201500026694,1,7,0,0.0,1.0,0.0,0.0,A01
201500026695,0,7,0,0.0,0.0,0.0,0.0,C01
201500026695,0,7,0,0.0,0.0,0.0,0.0,A01
201500026695,0,7,0,0.0,0.0,0.0,0.0,B01
201500026696,0,7,0,0.0,2.0,2.0,15.0,A01
201500026696,0,34,0,0.0,2.0,1.0,0.0,B01
201500026697,0,10,0,0.0,1.0,0.0,0.0,A01
201500026698,0,1,0,0.0,0.0,0.0,0.0,B01
201500026698,1,7,0,0.0,2.0,7.0,0.0,A01
201500026699,0,15,0,0.0,2.0,1.0,11.0,A01
201500026699,0,1,0,0.0,0.0,4.0,15.0,B01
201500026700,0,7,0,0.0,1.0,3.0,1.0,A01
201500026701,1,32,0,0.0,2.0,8.0,0.0,A01
201500026702,0,7,0,0.0,2.0,3.0,0.0,A01
201500026702,0,1,0,0.0,2.0,1.0,0.0,B01
201500026703,0,7,0,0.0,2.0,3.0,13.0,A01
201500026703,0,33,0,0.0,2.0,1.0,0.0,B01
201500026704,0,7,0,0.0,1.0,0.0,0.0,A01
201500026705,1,1,0,0.0,1.0,0.0,0.0,A01
201500026706,1,10,0,0.0,0.0,0.0,0.0,Z01
201500026706,0,30,0,0.0,0.0,0.0,0.0,A01
201500026707,1,30,0,0.0,0.0,0.0,0.0,A01
201500026708,0,7,0,0.0,2.0,0.0,1.0,B01
201500026708,0,7,0,0.0,2.0,8.0,1.0,A01
201500026709,0,7,0,0.0,1.0,1.0,0.0,A01
201500026710,2,7,0,0.0,0.0,3.0,2.0,A01
201500026710,0,7,0,0.0,0.0,5.0,2.0,B01
201500026711,0,7,0,0.0,2.0,5.0,23.0,B01
201500026711,0,33,0,1.0,2.0,8.0,0.0,A01
201500026712,1,7,0,0.0,1.0,0.0,0.0,A01
201500026713,0,7,0,0.0,2.0,0.0,0.0,C01
201500026713,0,7,0,0.0,2.0,1.0,0.0,A01
201500026713,0,7,0,0.0,2.0,4.0,0.0,E01
201500026713,0,7,0,0.0,2.0,0.0,0.0,B01
201500026713,0,7,0,0.0,2.0,0.0,0.0,D01
201500026714,0,2,0,0.0,2.0,8.0,1.0,B01
201500026715,0,7,0,0.0,2.0,1.0,2.0,A01
201500026715,0,1,0,0.0,2.0,4.0,2.0,B01
201500026716,0,7,0,0.0,2.0,1.0,2.0,B01
201500026716,0,7,0,0.0,2.0,1.0,5.0,C01
201500026716,1,7,0,0.0,2.0,0.0,0.0,A01
201500026717,0,32,0,0.0,2.0,1.0,17.0,B01
201500026717,0,7,0,0.0,2.0,8.0,15.0,A01
201500026718,0,7,0,0.0,2.0,1.0,15.0,A01
201500026718,0,7,0,0.0,2.0,3.0,1.0,B01
201500026719,0,7,0,0.0,2.0,1.0,0.0,A01
201500026719,0,33,0,0.0,2.0,1.0,0.0,B01
201500026720,0,20,0,0.0,1.0,4.0,4.0,A01
201500026721,0,1,0,0.0,2.0,8.0,15.0,A01
201500026721,0,7,0,0.0,2.0,2.0,1.0,B01
201500026722,0,7,0,0.0,2.0,3.0,15.0,A01
201500026722,0,33,0,0.0,2.0,1.0,17.0,B01
201500026723,0,7,0,0.0,0.0,8.0,22.0,A01
201500026723,0,37,1,0.0,2.0,7.0,1.0,C01
201500026723,0,1,0,1.0,0.0,1.0,0.0,B01
201500026724,0,7,0,0.0,2.0,3.0,19.0,A01
201500026724,0,37,0,0.0,2.0,2.0,1.0,B01
201500026725,0,37,2,0.0,1.0,0.0,0.0,A01
201500026726,0,7,0,0.0,2.0,1.0,15.0,A01
201500026726,0,2,0,0.0,2.0,1.0,17.0,B01
201500026727,0,7,0,0.0,2.0,2.0,0.0,B01
201500026727,0,7,0,0.0,2.0,1.0,19.0,A01
201500026728,0,7,0,0.0,1.0,3.0,1.0,A01
201500026729,0,7,0,0.0,1.0,0.0,0.0,A01
201500026730,0,7,0,0.0,0.0,0.0,0.0,B01
201500026730,2,7,0,0.0,0.0,0.0,0.0,Z01
201500026731,1,7,0,0.0,2.0,1.0,1.0,B01
201500026731,0,7,0,0.0,2.0,4.0,1.0,A01
201500026732,0,7,0,8.0,0.0,5.0,0.0,A01
201500026732,1,7,0,0.0,2.0,1.0,0.0,Z01
201500026733,0,7,0,0.0,1.0,0.0,0.0,A01
201500026734,0,7,0,0.0,2.0,1.0,5.0,A01
201500026734,0,1,0,0.0,2.0,1.0,1.0,B01
201500026735,0,7,0,0.0,9.0,5.0,15.0,B01
201500026735,0,1,0,0.0,2.0,1.0,1.0,A01
201500026736,0,7,0,0.0,2.0,7.0,15.0,A01
201500026736,0,30,0,0.0,2.0,1.0,1.0,B01
201500026737,0,33,0,0.0,1.0,5.0,1.0,A01
201500026738,0,1,0,0.0,0.0,1.0,1.0,A01
201500026739,0,7,0,0.0,1.0,0.0,0.0,A01
201500026740,0,1,0,0.0,2.0,4.0,15.0,B01
201500026740,0,1,0,0.0,0.0,1.0,1.0,A01
201500026741,0,33,0,0.0,2.0,1.0,1.0,B01
201500026741,0,10,0,0.0,2.0,1.0,1.0,C01
201500026741,0,17,0,0.0,2.0,5.0,15.0,A01
201500026742,0,7,0,2.0,0.0,7.0,0.0,A01
201500026743,0,40,1,0.0,1.0,5.0,0.0,A01
201500026744,0,30,0,0.0,0.0,0.0,0.0,A01
201500026745,0,7,0,0.0,2.0,4.0,2.0,B01
201500026745,0,7,0,0.0,2.0,1.0,2.0,A01
201500026745,0,7,0,0.0,2.0,4.0,2.0,C01
201500026746,1,32,0,0.0,1.0,0.0,0.0,A01
201500026747,0,1,0,0.0,1.0,0.0,0.0,A01
201500026748,0,1,0,0.0,2.0,7.0,1.0,B01
201500026748,1,7,0,0.0,2.0,1.0,9.0,Z01
201500026749,0,7,0,0.0,2.0,3.0,0.0,B01
201500026749,0,7,0,0.0,2.0,1.0,17.0,A01
201500026750,1,7,0,0.0,1.0,0.0,1.0,A01
201500026751,1,37,1,0.0,1.0,4.0,4.0,Z01
201500026752,0,30,0,0.0,0.0,0.0,14.0,B01
201500026752,1,37,1,0.0,0.0,0.0,17.0,Z01
201500026753,1,7,0,0.0,2.0,2.0,16.0,Z01
201500026753,0,1,0,0.0,2.0,1.0,1.0,A01
201500026754,0,40,1,0.0,1.0,1.0,1.0,A01
201500026755,0,2,0,3.0,0.0,1.0,0.0,A01
201500026756,1,7,0,0.0,1.0,2.0,1.0,Z01
201500026757,0,1,0,0.0,2.0,6.0,0.0,B01
201500026757,0,7,0,0.0,2.0,3.0,0.0,A01
201500026758,0,7,0,0.0,1.0,3.0,1.0,A01
201500026759,2,30,0,0.0,1.0,1.0,0.0,A01
201500026760,0,7,0,0.0,2.0,1.0,7.0,A01
201500026760,0,7,0,0.0,2.0,6.0,1.0,B01
201500026761,0,10,0,0.0,2.0,1.0,15.0,B01
201500026761,0,7,0,0.0,2.0,3.0,1.0,A01
201500026762,0,10,0,0.0,1.0,1.0,15.0,A01
201500026763,0,7,0,9.0,0.0,1.0,0.0,A01
201500026764,0,7,0,0.0,9.0,3.0,1.0,B01
201500026764,0,1,0,0.0,2.0,1.0,0.0,A01
201500026765,0,7,0,0.0,2.0,3.0,1.0,B01
201500026765,0,7,0,0.0,2.0,3.0,13.0,A01
201500026766,0,7,0,0.0,1.0,0.0,1.0,A01
201500026767,1,7,0,0.0,0.0,0.0,0.0,Z01
201500026767,0,7,0,0.0,2.0,4.0,1.0,A01
201500026768,0,1,0,0.0,2.0,3.0,0.0,B01
201500026768,0,7,0,0.0,2.0,2.0,16.0,A01
201500026769,0,7,0,0.0,2.0,2.0,16.0,A01
201500026769,1,30,0,0.0,2.0,1.0,1.0,Z01
201500026770,0,1,0,0.0,2.0,0.0,0.0,B01
201500026770,0,14,0,0.0,2.0,5.0,12.0,A01
201500026771,0,7,0,0.0,0.0,0.0,0.0,C01
201500026771,0,7,0,0.0,0.0,0.0,0.0,B01
201500026771,0,2,0,0.0,0.0,0.0,0.0,A01
201500026772,0,7,0,0.0,2.0,3.0,15.0,B01
201500026772,0,33,0,0.0,2.0,1.0,7.0,A01
201500026773,1,7,0,0.0,2.0,8.0,13.0,Z01
201500026773,0,33,0,0.0,2.0,1.0,1.0,A01
201500026774,0,7,0,0.0,2.0,8.0,22.0,A01
201500026774,0,1,0,0.0,2.0,0.0,1.0,B01
201500026775,0,33,0,1.0,2.0,1.0,1.0,A01
201500026775,1,7,0,0.0,2.0,0.0,0.0,Z01
201500026776,0,7,0,0.0,1.0,2.0,1.0,A01
201500026777,0,7,0,0.0,0.0,1.0,0.0,A01
201500026777,0,31,0,0.0,0.0,2.0,0.0,B01
201500026778,0,33,0,0.0,2.0,4.0,0.0,B01
201500026778,1,7,0,0.0,0.0,0.0,0.0,Z01
201500026779,0,33,0,0.0,2.0,1.0,1.0,B01
201500026779,0,7,0,0.0,2.0,6.0,0.0,A01
201500026780,0,1,0,0.0,2.0,3.0,19.0,A01
201500026780,0,7,0,0.0,2.0,3.0,1.0,B01
201500026781,0,7,0,0.0,1.0,1.0,0.0,A01
201500026782,0,7,0,0.0,2.0,1.0,1.0,A01
201500026782,0,1,0,0.0,2.0,5.0,1.0,B01
201500026783,0,7,0,0.0,2.0,0.0,0.0,A01
201500026783,1,7,0,1.0,0.0,0.0,0.0,Z01
201500026784,0,30,0,0.0,0.0,0.0,0.0,B01
201500026784,0,7,0,0.0,2.0,2.0,1.0,A01
201500026785,0,33,0,0.0,1.0,0.0,0.0,A01
201500026786,1,7,0,0.0,2.0,0.0,0.0,A01
201500026786,0,30,0,0.0,2.0,0.0,0.0,B01
201500026787,0,7,0,0.0,1.0,3.0,1.0,A01
201500026788,0,7,0,0.0,1.0,3.0,1.0,A01
201500026789,0,7,0,0.0,2.0,1.0,0.0,B01
201500026789,0,7,0,0.0,2.0,3.0,0.0,A01
201500026790,0,7,0,0.0,0.0,0.0,0.0,A01
201500026790,0,33,0,0.0,0.0,0.0,0.0,B01
201500026791,0,1,0,0.0,0.0,0.0,0.0,A01
201500026792,0,34,0,4.0,0.0,0.0,0.0,A01
201500026793,0,10,0,0.0,1.0,2.0,1.0,A01
201500026794,0,7,0,0.0,1.0,4.0,0.0,A01
201500026795,1,7,0,0.0,2.0,7.0,1.0,A01
201500026795,0,1,0,0.0,0.0,0.0,0.0,B01
201500026796,0,33,0,16.0,0.0,0.0,0.0,A01
201500026797,0,30,0,9.0,0.0,1.0,12.0,A01
201500026798,0,33,0,0.0,0.0,0.0,0.0,B01
201500026798,0,7,0,0.0,2.0,3.0,10.0,A01
201500026799,0,30,0,0.0,0.0,0.0,0.0,A01
201500026799,1,7,0,0.0,0.0,0.0,0.0,Z01
201500026800,0,40,1,0.0,1.0,1.0,0.0,A01
201500026801,1,32,0,0.0,1.0,0.0,0.0,Z01
201500026802,0,7,0,0.0,1.0,2.0,1.0,A01
201500026803,0,7,0,0.0,0.0,0.0,0.0,A01
201500026803,0,1,0,0.0,2.0,1.0,19.0,B01
201500026804,0,30,0,0.0,1.0,1.0,0.0,A01
201500026805,0,7,0,13.0,0.0,1.0,1.0,A01
201500026806,0,7,0,0.0,1.0,1.0,1.0,A01
201500026807,0,1,0,1.0,0.0,2.0,1.0,A01
201500026807,1,7,0,1.0,9.0,6.0,22.0,Z01
201500026808,0,7,0,2.0,0.0,1.0,0.0,A01
201500026809,0,7,0,0.0,2.0,3.0,15.0,A01
201500026809,0,32,0,0.0,2.0,0.0,1.0,B01
201500026810,0,7,0,0.0,2.0,0.0,0.0,A01
201500026810,0,7,0,0.0,2.0,0.0,0.0,B01
201500026811,2,32,0,0.0,1.0,0.0,0.0,A01
201500026812,0,10,0,0.0,0.0,3.0,1.0,B01
201500026812,0,33,0,3.0,2.0,9.0,0.0,A01
201500026813,0,7,0,0.0,1.0,3.0,1.0,A01
201500026814,0,1,0,0.0,2.0,1.0,1.0,B01
201500026814,0,14,0,0.0,2.0,2.0,1.0,A01
201500026815,0,14,0,0.0,1.0,5.0,16.0,A01
201500026816,0,7,0,0.0,2.0,1.0,19.0,A01
201500026816,0,32,0,0.0,2.0,3.0,1.0,B01
201500026817,2,7,0,6.0,0.0,1.0,0.0,A01
201500026818,0,7,0,0.0,1.0,1.0,15.0,A01
201500026819,1,7,0,0.0,2.0,1.0,2.0,Z01
201500026819,0,7,0,0.0,2.0,4.0,2.0,A01
201500026820,0,7,0,0.0,2.0,0.0,0.0,A01