Num_Acc,senc,catv,occutc,obs,obsm,choc,manv,num_veh
201500027094,0,7,0,6.0,0.0,1.0,1.0,A01
201500027095,0,7,0,0.0,2.0,3.0,5.0,A01
201500027095,0,7,0,0.0,2.0,8.0,1.0,B01
201500027096,0,7,0,0.0,0.0,5.0,15.0,A01
201500027096,0,1,0,0.0,2.0,1.0,18.0,B01
201500027097,0,33,0,0.0,0.0,4.0,1.0,B01
201500027097,0,33,0,0.0,2.0,1.0,2.0,A01
201500027098,0,7,0,6.0,0.0,7.0,13.0,A01
201500027099,0,7,0,0.0,2.0,3.0,13.0,A01
201500027099,0,7,0,0.0,2.0,3.0,1.0,B01
201500027100,0,7,0,0.0,2.0,8.0,15.0,B01
201500027100,0,17,0,0.0,2.0,1.0,1.0,A01
201500027101,0,7,0,0.0,1.0,1.0,15.0,A01
201500027102,0,7,0,1.0,0.0,1.0,1.0,B01
201500027103,0,34,0,16.0,0.0,7.0,1.0,A01
201500027104,0,7,0,0.0,0.0,5.0,20.0,B01
201500027104,0,30,0,0.0,2.0,1.0,1.0,A01
201500027105,0,7,0,12.0,0.0,3.0,1.0,A01
201500027106,0,7,0,3.0,0.0,2.0,1.0,A01
201500027107,0,2,0,1.0,0.0,1.0,1.0,A01
201500027108,0,2,0,0.0,2.0,1.0,9.0,A01
201500027108,1,99,0,0.0,0.0,0.0,1.0,Z01
201500027109,0,7,0,7.0,0.0,4.0,16.0,B01
201500027109,0,7,0,0.0,2.0,1.0,2.0,A01
201500027110,0,7,0,8.0,0.0,7.0,14.0,A01
201500027111,0,2,0,0.0,2.0,7.0,1.0,B01
201500027111,0,7,0,0.0,2.0,3.0,9.0,A01
201500027112,0,10,0,9.0,0.0,7.0,1.0,A01
201500027113,0,7,0,0.0,0.0,5.0,1.0,B01
201500027113,0,2,0,0.0,2.0,1.0,2.0,A01
201500027114,0,7,0,0.0,0.0,4.0,1.0,C01
201500027114,0,7,0,0.0,2.0,1.0,2.0,B01
201500027114,0,7,0,0.0,2.0,1.0,2.0,A01
201500027115,0,7,0,0.0,2.0,3.0,15.0,A01
201500027115,0,30,0,0.0,2.0,2.0,1.0,B01
201500027116,0,7,0,0.0,0.0,8.0,15.0,B01
201500027116,0,7,0,0.0,2.0,3.0,1.0,A01
201500027117,0,1,0,0.0,2.0,7.0,5.0,A01
201500027117,0,7,0,0.0,2.0,3.0,1.0,B01
201500027118,0,7,0,0.0,2.0,1.0,1.0,B01
201500027118,0,31,0,0.0,2.0,8.0,1.0,A01
201500027119,0,7,0,0.0,2.0,1.0,2.0,C01
201500027119,0,7,0,3.0,0.0,9.0,1.0,B01
201500027119,0,7,0,0.0,2.0,1.0,2.0,A01
201500027120,0,7,0,0.0,0.0,0.0,0.0,B01
201500027120,0,7,0,4.0,0.0,1.0,9.0,A01
201500027121,0,10,0,2.0,0.0,3.0,1.0,A01
201500027122,0,1,0,14.0,0.0,2.0,1.0,A01
201500027123,0,7,0,15.0,0.0,8.0,1.0,A01
201500027123,0,7,0,0.0,2.0,3.0,16.0,B01
201500027124,0,7,0,0.0,0.0,4.0,23.0,A01
201500027124,0,33,0,0.0,2.0,1.0,1.0,B01
201500027125,0,7,0,0.0,1.0,7.0,1.0,A01
201500027126,2,30,0,0.0,2.0,3.0,1.0,A01
201500027126,0,7,0,0.0,2.0,0.0,15.0,B01
201500027127,0,7,0,0.0,1.0,2.0,1.0,A01
201500027128,0,1,0,0.0,2.0,8.0,15.0,A01
201500027128,0,30,0,0.0,2.0,7.0,17.0,B01
201500027129,2,7,0,0.0,2.0,3.0,5.0,A01
201500027129,0,7,0,0.0,2.0,3.0,1.0,B01
201500027130,0,30,0,0.0,2.0,1.0,1.0,B01
201500027130,0,30,0,0.0,0.0,6.0,15.0,A01
201500027131,0,7,0,0.0,0.0,4.0,1.0,C01
201500027131,0,7,0,0.0,2.0,1.0,1.0,A01
201500027131,0,37,25,0.0,2.0,2.0,5.0,D01
201500027131,0,7,0,0.0,2.0,4.0,1.0,B01
201500027132,0,1,0,0.0,1.0,1.0,1.0,A01
201500027133,0,7,0,0.0,2.0,3.0,21.0,B01
201500027133,0,7,0,0.0,2.0,7.0,21.0,A01
201500027134,0,30,0,0.0,2.0,1.0,1.0,B01
201500027134,0,7,0,0.0,2.0,3.0,15.0,A01
201500027135,0,7,0,0.0,2.0,3.0,1.0,B01
201500027135,0,30,0,0.0,2.0,1.0,13.0,A01
201500027136,0,30,0,12.0,0.0,1.0,14.0,A01
201500027137,0,7,0,0.0,1.0,7.0,17.0,A01
201500027138,0,7,0,0.0,2.0,1.0,13.0,A01
201500027138,0,7,0,0.0,2.0,1.0,1.0,B01
201500027139,0,7,0,6.0,0.0,1.0,13.0,A01
201500027140,0,7,0,0.0,2.0,1.0,2.0,B01
201500027140,0,7,0,0.0,0.0,4.0,16.0,A01
201500027141,0,7,0,0.0,0.0,4.0,23.0,B01
201500027141,0,7,0,0.0,2.0,1.0,1.0,A01
201500027142,0,7,0,0.0,1.0,1.0,1.0,A01
201500027143,0,7,0,0.0,2.0,1.0,1.0,B01
201500027143,0,7,0,0.0,2.0,1.0,15.0,A01
201500027144,0,7,0,6.0,0.0,3.0,13.0,A01
201500027145,0,7,0,0.0,2.0,1.0,15.0,A01
201500027145,0,7,0,0.0,2.0,1.0,23.0,B01
201500027146,0,33,0,0.0,0.0,7.0,1.0,A01
201500027147,0,7,0,0.0,2.0,1.0,1.0,B01
201500027147,0,7,0,0.0,2.0,1.0,13.0,A01
201500027148,0,33,0,0.0,2.0,1.0,1.0,B01
201500027148,0,7,0,0.0,0.0,5.0,15.0,A01
201500027149,0,7,0,0.0,2.0,1.0,1.0,A01
201500027149,0,7,0,0.0,2.0,8.0,1.0,B01
201500027150,0,7,0,0.0,2.0,1.0,13.0,A01
201500027150,0,20,0,0.0,2.0,1.0,1.0,B01
201500027151,0,7,0,0.0,2.0,6.0,1.0,A01
201500027151,0,7,0,0.0,2.0,1.0,1.0,B01
201500027152,0,15,0,4.0,2.0,1.0,21.0,B01
201500027152,0,7,0,10.0,2.0,1.0,17.0,A01
201500027153,0,7,0,0.0,2.0,3.0,1.0,B01
201500027153,0,7,0,0.0,2.0,2.0,15.0,A01
201500027154,0,7,0,0.0,1.0,1.0,1.0,A01
201500027155,0,2,0,0.0,2.0,1.0,1.0,B01
201500027155,0,7,0,0.0,2.0,2.0,1.0,A01
201500027156,0,7,0,0.0,1.0,1.0,1.0,A01
201500027157,0,33,0,0.0,2.0,1.0,1.0,B01
201500027157,0,7,0,0.0,2.0,3.0,9.0,A01
201500027158,0,7,0,0.0,2.0,3.0,15.0,B01
201500027158,0,1,0,0.0,2.0,7.0,17.0,A01
201500027159,0,7,0,0.0,2.0,1.0,2.0,A01
201500027159,0,7,0,0.0,0.0,4.0,1.0,B01
201500027160,0,7,0,0.0,2.0,1.0,1.0,A01
201500027160,0,7,0,0.0,0.0,4.0,1.0,B01
201500027161,0,1,0,14.0,0.0,3.0,1.0,A01
201500027162,0,14,0,0.0,0.0,4.0,23.0,A01
201500027162,0,7,0,1.0,0.0,1.0,1.0,B01
201500027163,0,30,0,0.0,1.0,8.0,1.0,A01
201500027164,0,7,0,0.0,2.0,1.0,1.0,B01
201500027164,0,7,0,0.0,2.0,1.0,5.0,A01
201500027165,0,7,0,6.0,2.0,1.0,1.0,A01
201500027165,0,7,0,0.0,2.0,3.0,15.0,B01
201500027166,0,7,0,0.0,2.0,8.0,15.0,B01
201500027166,0,7,0,0.0,2.0,3.0,1.0,A01
201500027167,0,7,0,0.0,0.0,4.0,1.0,B01
201500027167,0,2,0,0.0,2.0,1.0,1.0,A01
201500027168,0,1,0,0.0,2.0,8.0,15.0,A01
201500027168,0,10,0,0.0,2.0,7.0,17.0,B01
201500027169,0,30,0,0.0,0.0,1.0,1.0,A01
201500027170,1,7,0,0.0,1.0,1.0,16.0,A01
201500027171,0,7,0,0.0,2.0,3.0,15.0,B01
201500027171,0,1,0,0.0,2.0,1.0,1.0,A01
201500027172,0,7,0,16.0,0.0,8.0,1.0,A01
201500027173,0,7,0,0.0,1.0,1.0,1.0,A01
201500027174,0,7,0,13.0,0.0,1.0,13.0,A01
201500027175,0,7,0,0.0,1.0,1.0,1.0,A01
201500027176,0,7,0,0.0,1.0,1.0,1.0,A01
201500027177,0,33,0,3.0,0.0,1.0,1.0,A01
201500027178,0,7,0,0.0,2.0,8.0,1.0,B01
201500027178,0,2,0,0.0,2.0,5.0,1.0,A01
201500027179,0,7,0,0.0,1.0,1.0,1.0,A01
201500027180,0,7,0,0.0,0.0,9.0,14.0,A01
201500027181,0,7,0,0.0,2.0,3.0,1.0,A01
201500027181,0,1,0,0.0,2.0,2.0,19.0,B01
201500027182,0,7,0,0.0,2.0,3.0,1.0,B01
201500027182,0,2,0,0.0,2.0,1.0,1.0,A01
201500027183,0,36,0,8.0,0.0,1.0,1.0,A01
201500027184,0,2,0,0.0,2.0,1.0,13.0,A01
201500027184,0,7,0,0.0,2.0,1.0,1.0,B01
201500027185,0,1,0,0.0,0.0,7.0,1.0,A01
201500027185,0,7,0,0.0,2.0,1.0,1.0,B01
201500027186,0,7,0,0.0,2.0,1.0,1.0,C01
201500027186,0,7,0,0.0,2.0,1.0,5.0,A01
201500027186,0,7,0,0.0,2.0,1.0,1.0,B01
201500027187,0,7,0,0.0,2.0,1.0,1.0,B01
201500027187,0,30,0,0.0,2.0,1.0,15.0,A01
201500027188,0,7,0,0.0,2.0,0.0,0.0,A01
201500027188,0,7,0,0.0,2.0,4.0,1.0,B01
201500027189,0,2,0,0.0,0.0,2.0,14.0,A01
201500027190,0,7,0,4.0,0.0,1.0,14.0,A01
201500027191,0,2,0,0.0,2.0,1.0,1.0,A01
201500027191,0,7,0,0.0,2.0,2.0,1.0,B01
201500027192,0,7,0,0.0,2.0,2.0,15.0,A01
201500027192,0,30,0,0.0,2.0,1.0,1.0,B01
201500027193,0,7,0,0.0,1.0,4.0,4.0,A01
201500027194,0,7,0,0.0,2.0,1.0,15.0,A01
201500027194,0,15,0,0.0,0.0,8.0,1.0,B01
201500027195,0,7,0,0.0,2.0,3.0,15.0,A01
201500027195,0,33,0,0.0,2.0,1.0,17.0,B01
201500027196,0,1,0,0.0,2.0,2.0,17.0,A01
201500027196,0,7,0,0.0,2.0,8.0,1.0,B01
201500027197,0,7,0,0.0,0.0,6.0,23.0,B01
201500027197,0,7,0,14.0,1.0,9.0,21.0,A01
201500027198,0,7,0,0.0,1.0,1.0,1.0,A01
201500027199,0,7,0,0.0,1.0,1.0,1.0,A01
201500027200,0,32,0,0.0,2.0,1.0,1.0,B01
201500027200,0,7,0,0.0,2.0,2.0,10.0,A01
201500027201,0,33,0,8.0,0.0,1.0,1.0,A01
201500027202,0,7,0,0.0,2.0,1.0,1.0,B01
201500027202,0,7,0,0.0,2.0,1.0,15.0,A01
201500027203,0,7,0,0.0,1.0,2.0,1.0,A01
201500027204,0,33,0,0.0,1.0,2.0,1.0,A01
201500027205,0,7,0,0.0,2.0,1.0,1.0,B01
201500027205,0,7,0,0.0,2.0,1.0,13.0,A01
201500027206,0,7,0,0.0,2.0,2.0,1.0,B01
201500027206,0,1,0,0.0,2.0,3.0,15.0,A01
201500027207,0,40,35,0.0,1.0,5.0,1.0,A01
201500027208,0,7,0,0.0,1.0,1.0,1.0,A01
201500027209,0,7,0,0.0,1.0,2.0,1.0,A01
201500027210,0,33,0,0.0,2.0,1.0,1.0,B01
201500027210,0,10,0,0.0,2.0,3.0,15.0,A01
201500027211,0,15,0,0.0,0.0,4.0,1.0,B01
201500027211,0,7,0,3.0,2.0,3.0,1.0,A01
201500027212,0,7,0,0.0,1.0,1.0,9.0,A01
201500027213,0,1,0,0.0,2.0,7.0,19.0,B01
201500027213,0,7,0,0.0,2.0,2.0,1.0,A01
201500027214,0,2,0,0.0,4.0,1.0,1.0,A01
201500027214,0,40,35,0.0,2.0,2.0,19.0,B01
201500027215,0,10,0,0.0,2.0,2.0,15.0,B01
201500027215,2,10,0,11.0,2.0,1.0,17.0,A01
201500027216,0,33,0,6.0,0.0,1.0,13.0,A01
201500027217,0,33,0,2.0,0.0,1.0,14.0,A01
201500027218,0,7,0,0.0,2.0,1.0,1.0,C01
201500027218,0,17,0,0.0,2.0,3.0,1.0,B01
201500027218,0,10,0,0.0,2.0,3.0,13.0,A01
201500027219,0,33,0,0.0,2.0,1.0,2.0,A01
201500027219,0,10,0,0.0,0.0,6.0,1.0,B01
201500027220,0,7,0,0.0,2.0,3.0,9.0,A01
201500027220,0,33,0,0.0,2.0,1.0,1.0,B01
201500027221,0,7,0,0.0,2.0,3.0,15.0,A01
201500027221,0,33,0,0.0,2.0,1.0,1.0,B01
201500027222,0,33,0,0.0,2.0,3.0,1.0,B01
201500027222,0,7,0,0.0,2.0,2.0,15.0,A01
201500027223,0,7,0,0.0,1.0,4.0,4.0,A01
201500027224,0,7,0,0.0,2.0,4.0,2.0,C01
201500027224,0,7,0,1.0,2.0,4.0,2.0,D01
201500027224,0,7,0,0.0,2.0,4.0,1.0,B01
201500027224,0,7,0,0.0,2.0,1.0,2.0,A01
201500027225,0,7,0,0.0,2.0,2.0,15.0,B01
201500027225,0,31,0,0.0,2.0,1.0,1.0,A01
201500027226,0,10,0,0.0,2.0,1.0,17.0,A01
201500027226,0,7,0,6.0,2.0,8.0,15.0,B01
201500027227,0,7,0,0.0,1.0,2.0,1.0,A01
201500027228,0,1,0,0.0,4.0,3.0,1.0,A01
201500027228,0,40,25,0.0,2.0,2.0,1.0,B01
201500027229,0,2,0,0.0,2.0,1.0,2.0,A01
201500027229,0,7,0,0.0,0.0,4.0,1.0,B01
201500027230,0,7,0,0.0,2.0,3.0,15.0,B01
201500027230,0,7,0,13.0,2.0,2.0,17.0,A01
201500027231,0,7,0,6.0,0.0,1.0,6.0,A01
201500027232,0,7,0,0.0,2.0,3.0,9.0,B01
201500027232,0,33,0,0.0,2.0,2.0,1.0,A01
201500027233,0,7,0,0.0,1.0,1.0,1.0,A01
201500027234,0,7,0,0.0,2.0,1.0,1.0,A01
201500027234,0,32,0,0.0,0.0,4.0,16.0,B01
201500027235,0,30,0,0.0,2.0,1.0,1.0,B01
201500027235,0,7,0,0.0,2.0,3.0,1.0,A01
201500027236,0,32,0,0.0,2.0,7.0,1.0,A01
201500027236,0,7,0,0.0,2.0,1.0,1.0,B01
201500027237,0,1,0,0.0,2.0,3.0,19.0,B01
201500027237,0,7,0,0.0,2.0,1.0,15.0,A01
201500027238,0,7,0,0.0,1.0,1.0,1.0,A01
201500027239,0,7,0,0.0,2.0,1.0,1.0,B01
201500027239,0,7,0,0.0,2.0,2.0,15.0,A01
201500027240,0,7,0,11.0,0.0,1.0,1.0,A01
201500027241,0,34,0,3.0,0.0,8.0,1.0,A01
201500027242,0,7,0,0.0,1.0,2.0,1.0,A01
201500027243,0,10,0,0.0,2.0,4.0,1.0,C01
201500027243,0,10,0,0.0,2.0,5.0,1.0,B01
201500027243,0,7,0,0.0,2.0,3.0,13.0,A01
201500027244,0,40,41,0.0,2.0,1.0,1.0,B01
201500027244,0,7,0,1.0,4.0,5.0,15.0,A01
201500027245,0,7,0,8.0,0.0,1.0,13.0,A01
201500027246,0,7,0,0.0,2.0,4.0,12.0,B01
201500027246,0,7,0,3.0,2.0,1.0,12.0,A01
201500027247,0,14,0,0.0,2.0,1.0,1.0,B01
201500027247,0,7,0,0.0,2.0,7.0,13.0,A01
201500027248,0,33,0,0.0,0.0,0.0,1.0,A01
201500027249,0,33,0,0.0,2.0,1.0,17.0,A01
201500027249,0,15,0,0.0,2.0,3.0,1.0,B01
201500027249,0,7,0,0.0,2.0,1.0,1.0,C01
201500027250,0,7,0,0.0,9.0,3.0,0.0,A01
201500027250,0,31,0,0.0,2.0,7.0,2.0,B01
201500027251,0,30,0,0.0,0.0,1.0,1.0,A01
201500027251,0,10,0,0.0,0.0,4.0,1.0,B01
201500027252,0,7,0,8.0,0.0,1.0,1.0,A01
201500027253,0,10,0,0.0,1.0,1.0,1.0,A01
201500027254,0,7,0,0.0,2.0,1.0,1.0,B01
201500027254,0,7,0,0.0,2.0,8.0,10.0,A01
201500027255,0,32,0,0.0,2.0,7.0,1.0,B01
201500027255,0,7,0,0.0,2.0,3.0,15.0,A01
201500027256,0,7,0,2.0,0.0,7.0,14.0,A01
201500027257,0,7,0,0.0,2.0,7.0,15.0,A01
201500027257,0,33,0,0.0,2.0,1.0,1.0,B01
201500027258,0,7,0,8.0,0.0,1.0,1.0,A01
201500027259,0,7,0,3.0,5.0,1.0,1.0,A01
201500027260,0,7,0,0.0,0.0,6.0,23.0,B01
201500027260,0,7,0,14.0,0.0,2.0,1.0,A01
201500027261,0,7,0,0.0,0.0,0.0,0.0,A01
201500027262,0,7,0,0.0,1.0,0.0,1.0,A01
201500027263,0,7,0,0.0,0.0,3.0,0.0,A01
201500027264,0,7,0,14.0,0.0,1.0,1.0,B01
201500027264,0,15,0,0.0,2.0,3.0,23.0,C01
201500027264,0,7,0,10.0,0.0,1.0,23.0,A01
201500027265,0,10,0,0.0,1.0,0.0,20.0,A01
201500027266,0,33,0,0.0,2.0,1.0,1.0,B01
201500027266,1,99,0,0.0,0.0,8.0,10.0,Z01
201500027267,0,7,0,13.0,0.0,1.0,14.0,A01
201500027268,0,7,0,0.0,2.0,3.0,13.0,A01
201500027268,0,7,0,0.0,2.0,3.0,1.0,B01
201500027269,0,7,0,0.0,2.0,3.0,1.0,B01
201500027269,2,7,0,0.0,2.0,3.0,1.0,A01
201500027270,0,7,0,0.0,2.0,3.0,1.0,B01
201500027270,0,7,0,0.0,2.0,1.0,1.0,A01
201500027271,0,7,0,0.0,0.0,1.0,0.0,A01
201500027272,0,7,0,0.0,1.0,1.0,0.0,A01
201500027273,0,33,0,0.0,2.0,1.0,17.0,A01
201500027273,0,7,0,0.0,2.0,0.0,0.0,B01
201500027274,0,7,0,0.0,9.0,3.0,0.0,B01
201500027274,0,1,0,0.0,2.0,1.0,15.0,A01
201500027275,0,32,0,0.0,2.0,1.0,1.0,A01
201500027275,0,7,0,0.0,2.0,6.0,15.0,B01
201500027276,0,7,0,0.0,1.0,3.0,1.0,A01
201500027277,0,7,0,0.0,2.0,1.0,2.0,B01
201500027277,0,33,0,12.0,2.0,4.0,1.0,A01
201500027278,0,7,0,0.0,2.0,3.0,15.0,B01
201500027278,0,7,0,0.0,2.0,1.0,17.0,A01
201500027279,0,7,0,0.0,1.0,1.0,1.0,A01
201500027280,0,7,0,0.0,1.0,3.0,1.0,A01
201500027281,0,7,0,0.0,2.0,7.0,19.0,B01
201500027281,0,33,0,0.0,2.0,1.0,1.0,A01
201500027282,0,7,0,6.0,0.0,1.0,16.0,A01
201500027283,0,33,0,0.0,1.0,8.0,21.0,A01
201500027284,0,7,0,6.0,2.0,8.0,15.0,A01
201500027284,0,7,0,0.0,2.0,1.0,1.0,B01
201500027285,0,7,0,0.0,1.0,8.0,15.0,A01
201500027286,0,7,0,0.0,2.0,8.0,9.0,A01
201500027286,0,30,0,0.0,2.0,8.0,1.0,B01
201500027287,0,7,0,2.0,9.0,8.0,6.0,A01
201500027287,0,1,0,0.0,2.0,8.0,1.0,B01
201500027288,0,7,0,0.0,2.0,6.0,4.0,A01
201500027288,0,32,0,0.0,2.0,1.0,1.0,B01
201500027289,0,7,0,0.0,2.0,3.0,9.0,A01
201500027289,0,31,0,0.0,2.0,1.0,17.0,B01
201500027290,0,7,0,0.0,0.0,8.0,10.0,A01
201500027290,0,7,0,0.0,2.0,1.0,0.0,B01
201500027291,0,7,0,0.0,2.0,7.0,15.0,A01
201500027291,0,7,0,0.0,9.0,0.0,1.0,C01
201500027291,0,32,0,0.0,2.0,1.0,1.0,B01
201500027292,0,7,0,0.0,1.0,1.0,15.0,A01
201500027293,0,7,0,0.0,0.0,4.0,2.0,B01
201500027293,0,7,0,0.0,2.0,1.0,2.0,A01
201500027294,0,7,0,0.0,2.0,4.0,1.0,B01
201500027294,0,7,0,3.0,2.0,1.0,1.0,C01
201500027294,0,14,0,0.0,2.0,1.0,1.0,A01
201500027295,0,7,0,0.0,2.0,1.0,1.0,A01
201500027295,0,33,0,0.0,2.0,8.0,0.0,B01
201500027296,0,1,0,0.0,2.0,1.0,1.0,B01
201500027296,0,14,0,0.0,9.0,7.0,16.0,A01
201500027297,0,30,0,0.0,2.0,1.0,1.0,A01
201500027297,0,7,0,0.0,2.0,3.0,1.0,B01
201500027298,0,30,0,0.0,2.0,1.0,1.0,B01
201500027298,0,7,0,0.0,2.0,2.0,9.0,A01
201500027299,0,7,0,0.0,2.0,2.0,15.0,A01
201500027299,0,32,0,0.0,2.0,1.0,1.0,B01
201500027300,0,2,0,0.0,2.0,1.0,17.0,A01
201500027300,0,7,0,0.0,2.0,3.0,15.0,B01
201500027301,0,30,0,8.0,2.0,1.0,17.0,A01
201500027301,0,7,0,0.0,2.0,3.0,15.0,B01
201500027302,0,2,0,0.0,2.0,1.0,0.0,A01
201500027302,0,7,0,0.0,2.0,3.0,11.0,B01
201500027303,0,30,0,0.0,2.0,6.0,1.0,B01
201500027303,0,7,0,0.0,2.0,2.0,15.0,A01
201500027304,0,1,0,0.0,2.0,4.0,11.0,B01
201500027304,0,7,0,0.0,9.0,3.0,1.0,A01
201500027305,0,7,0,0.0,2.0,4.0,1.0,B01
201500027305,0,7,0,0.0,2.0,1.0,2.0,A01
201500027306,0,7,0,11.0,2.0,7.0,1.0,B01
201500027306,0,7,0,0.0,2.0,2.0,9.0,A01
201500027307,0,33,0,0.0,2.0,7.0,16.0,A01
201500027307,0,7,0,0.0,2.0,1.0,1.0,B01
201500027308,0,7,0,0.0,2.0,3.0,1.0,A01
201500027308,0,7,0,0.0,2.0,4.0,1.0,C01
201500027308,0,31,0,0.0,2.0,1.0,1.0,B01
201500027309,0,7,0,0.0,2.0,3.0,1.0,A01
201500027309,0,30,0,0.0,2.0,2.0,1.0,B01
201500027310,0,7,0,0.0,2.0,8.0,1.0,B01
201500027310,0,7,0,0.0,2.0,1.0,15.0,A01
201500027311,0,7,0,0.0,1.0,1.0,15.0,A01
201500027312,0,7,0,0.0,2.0,8.0,1.0,B01
201500027312,0,7,0,0.0,2.0,1.0,19.0,A01
201500027313,0,2,0,0.0,2.0,1.0,1.0,B01
201500027313,0,7,0,0.0,2.0,3.0,15.0,A01
201500027314,0,7,0,0.0,1.0,1.0,15.0,A01
201500027315,0,7,0,0.0,1.0,1.0,1.0,A01
201500027316,0,7,0,0.0,1.0,4.0,4.0,A01
201500027317,0,7,0,0.0,2.0,1.0,0.0,B01
201500027317,0,7,0,0.0,2.0,1.0,5.0,A01
201500027318,0,33,0,0.0,2.0,0.0,0.0,B01
201500027318,0,7,0,0.0,2.0,2.0,15.0,A01
201500027319,0,1,0,0.0,2.0,1.0,1.0,B01
201500027319,0,7,0,0.0,9.0,3.0,1.0,A01
201500027320,0,7,0,0.0,2.0,2.0,19.0,A01
201500027320,0,30,0,0.0,2.0,1.0,1.0,B01
201500027321,0,7,0,0.0,1.0,2.0,0.0,A01
201500027322,0,7,0,2.0,0.0,7.0,13.0,A01
201500027323,0,7,0,0.0,2.0,1.0,17.0,A01
201500027323,0,7,0,0.0,2.0,1.0,21.0,B01
201500027324,0,7,0,2.0,2.0,8.0,13.0,A01
201500027324,0,7,0,0.0,2.0,8.0,1.0,B01
201500027325,0,7,0,0.0,2.0,3.0,1.0,B01
201500027325,0,3,0,0.0,2.0,5.0,9.0,A01
201500027326,0,33,0,0.0,2.0,1.0,1.0,B01
201500027326,0,7,0,0.0,2.0,3.0,15.0,A01
201500027327,0,33,0,0.0,2.0,1.0,2.0,A01
201500027327,0,7,0,0.0,0.0,0.0,15.0,B01
201500027328,0,33,0,0.0,2.0,1.0,1.0,B01
201500027328,0,7,0,0.0,2.0,3.0,9.0,A01
201500027329,0,10,0,0.0,9.0,0.0,0.0,B01
201500027329,0,30,0,0.0,2.0,0.0,0.0,A01
201500027330,0,33,0,0.0,0.0,1.0,2.0,A01
201500027331,0,7,0,0.0,2.0,1.0,13.0,A01
201500027331,0,7,0,0.0,2.0,1.0,1.0,B01
201500027332,0,7,0,0.0,2.0,2.0,1.0,B01
201500027332,0,7,0,0.0,2.0,3.0,19.0,A01
201500027333,0,7,0,0.0,2.0,3.0,1.0,B01
201500027333,0,7,0,0.0,2.0,2.0,15.0,A01
201500027334,0,7,0,0.0,1.0,1.0,1.0,A01
201500027335,0,7,0,0.0,2.0,7.0,15.0,A01
201500027335,0,33,0,0.0,2.0,1.0,1.0,B01
201500027336,0,2,0,0.0,2.0,1.0,2.0,A01
201500027336,0,7,0,0.0,2.0,3.0,19.0,B01
201500027337,0,7,0,2.0,0.0,9.0,13.0,A01
201500027338,0,7,0,0.0,2.0,6.0,1.0,A01
201500027338,0,1,0,0.0,2.0,3.0,2.0,B01
201500027339,0,33,0,0.0,2.0,8.0,1.0,B01
201500027339,0,7,0,0.0,2.0,1.0,1.0,A01
201500027340,0,10,0,13.0,0.0,2.0,14.0,A01
201500027341,0,7,0,2.0,0.0,1.0,1.0,A01
201500027342,0,30,0,0.0,1.0,1.0,13.0,A01
201500027343,0,7,0,12.0,0.0,4.0,2.0,A01
201500027343,0,7,0,12.0,2.0,1.0,2.0,B01
201500027344,0,14,0,6.0,2.0,1.0,1.0,A01
201500027344,0,10,0,0.0,2.0,2.0,1.0,B01
201500027345,0,7,0,0.0,1.0,3.0,15.0,A01
201500027346,0,10,0,0.0,1.0,6.0,0.0,A01
201500027347,0,7,0,4.0,0.0,4.0,1.0,A01
201500027348,0,7,0,5.0,0.0,1.0,1.0,A01
201500027349,0,7,0,0.0,1.0,1.0,1.0,A01
201500027350,0,7,0,0.0,0.0,6.0,23.0,A01
201500027350,0,1,0,0.0,0.0,0.0,1.0,B01
201500027351,0,7,0,0.0,2.0,1.0,1.0,A01
201500027351,0,7,0,0.0,2.0,4.0,1.0,B01
201500027351,0,7,0,0.0,2.0,4.0,1.0,C01
201500027352,0,7,0,2.0,0.0,1.0,1.0,A01
201500027353,0,7,0,0.0,2.0,1.0,1.0,A01
201500027353,0,7,0,0.0,2.0,4.0,1.0,B01
201500027353,0,7,0,0.0,0.0,1.0,1.0,C01
201500027354,0,7,0,0.0,2.0,2.0,1.0,B01
201500027354,0,7,0,0.0,2.0,3.0,15.0,A01
201500027355,0,7,0,0.0,0.0,3.0,0.0,A01
201500027355,0,30,0,0.0,0.0,1.0,1.0,B01
201500027356,0,7,0,0.0,2.0,4.0,1.0,B01
201500027356,0,7,0,0.0,2.0,1.0,1.0,A01
201500027357,0,7,0,0.0,2.0,1.0,0.0,A01
201500027357,0,1,0,0.0,2.0,0.0,1.0,B01
201500027358,0,7,0,0.0,2.0,1.0,1.0,A01
201500027358,0,1,0,0.0,2.0,8.0,1.0,B01
201500027359,0,7,0,0.0,0.0,1.0,1.0,A01
201500027359,0,7,0,0.0,0.0,4.0,1.0,B01
201500027360,0,7,0,0.0,0.0,0.0,1.0,A01
201500027361,0,1,0,0.0,0.0,0.0,1.0,B01
201500027361,1,7,0,0.0,0.0,0.0,16.0,Z01
201500027362,0,7,0,0.0,0.0,0.0,1.0,A01
201500027363,0,7,0,0.0,0.0,1.0,1.0,A01
201500027363,0,7,0,0.0,0.0,1.0,1.0,B01
201500027363,0,7,0,0.0,0.0,4.0,1.0,C01
201500027364,0,1,0,0.0,1.0,1.0,1.0,A01
201500027365,0,2,0,0.0,0.0,1.0,1.0,A01
201500027365,0,7,0,0.0,0.0,3.0,15.0,B01
201500027366,0,7,0,0.0,2.0,2.0,0.0,A01
201500027366,0,7,0,0.0,2.0,8.0,1.0,B01
201500027367,0,7,0,0.0,0.0,1.0,1.0,A01