Num_Acc,senc,catv,occutc,obs,obsm,choc,manv,num_veh
201500027367,0,7,0,0.0,0.0,4.0,1.0,B01
201500027368,0,7,0,0.0,1.0,1.0,1.0,A01
201500027369,0,1,0,0.0,0.0,1.0,2.0,B01
201500027369,0,7,0,0.0,0.0,3.0,15.0,A01
201500027370,0,7,0,0.0,2.0,1.0,1.0,A01
201500027370,0,2,0,0.0,2.0,0.0,1.0,B01
201500027371,0,1,0,0.0,1.0,1.0,1.0,A01
201500027372,0,7,0,0.0,2.0,1.0,1.0,A01
201500027372,0,7,0,0.0,2.0,4.0,1.0,B01
201500027372,0,7,0,0.0,2.0,4.0,1.0,C01
201500027373,0,7,0,0.0,0.0,1.0,1.0,B01
201500027373,0,30,0,0.0,0.0,5.0,15.0,A01
201500027374,0,7,0,0.0,1.0,1.0,1.0,A01
201500027375,0,31,0,0.0,0.0,7.0,1.0,A01
201500027376,0,7,0,0.0,2.0,3.0,1.0,B01
201500027376,0,7,0,0.0,2.0,2.0,1.0,A01
201500027377,0,7,0,0.0,0.0,3.0,9.0,B01
201500027377,0,2,0,0.0,0.0,5.0,9.0,A01
201500027378,0,7,0,0.0,1.0,1.0,1.0,A01
201500027379,0,7,0,0.0,1.0,1.0,1.0,A01
201500027380,0,7,0,0.0,2.0,4.0,1.0,C01
201500027380,0,7,0,0.0,2.0,4.0,1.0,B01
201500027380,0,7,0,0.0,2.0,1.0,1.0,A01
201500027381,0,2,0,0.0,0.0,1.0,1.0,A01
201500027381,0,7,0,0.0,0.0,4.0,1.0,B01
201500027382,0,2,0,1.0,0.0,1.0,1.0,A01
201500027383,0,7,0,0.0,2.0,1.0,15.0,A01
201500027383,0,33,0,0.0,2.0,3.0,1.0,B01
201500027384,0,7,0,0.0,2.0,6.0,16.0,A01
201500027384,0,2,0,0.0,2.0,8.0,1.0,B01
201500027385,0,30,0,0.0,0.0,8.0,15.0,A01
201500027385,0,7,0,0.0,0.0,1.0,2.0,B01
201500027386,0,7,0,0.0,2.0,3.0,15.0,A01
201500027386,0,1,0,0.0,2.0,5.0,1.0,B01
201500027387,0,7,0,0.0,2.0,1.0,1.0,A01
201500027387,0,7,0,0.0,2.0,4.0,1.0,B01
201500027387,0,7,0,0.0,2.0,4.0,1.0,C01
201500027387,0,7,0,0.0,2.0,4.0,1.0,D01
201500027388,0,1,0,0.0,1.0,1.0,1.0,A01
201500027389,0,7,0,0.0,1.0,1.0,1.0,A01
201500027390,0,7,0,0.0,2.0,3.0,1.0,A01
201500027390,0,2,0,0.0,2.0,2.0,1.0,B01
201500027391,0,7,0,0.0,2.0,7.0,17.0,A01
201500027391,0,1,0,0.0,2.0,0.0,1.0,B01
201500027392,0,7,0,0.0,2.0,2.0,16.0,A01
201500027392,0,1,0,0.0,2.0,4.0,1.0,B01
201500027393,0,7,0,0.0,1.0,1.0,1.0,A01
201500027394,0,7,0,0.0,2.0,1.0,1.0,A01
201500027394,0,7,0,0.0,2.0,4.0,1.0,B01
201500027394,0,7,0,0.0,2.0,4.0,1.0,C01
201500027395,1,7,0,0.0,2.0,3.0,15.0,A01
201500027395,0,2,0,0.0,2.0,0.0,1.0,B01
201500027396,0,13,0,0.0,2.0,4.0,24.0,A01
201500027396,0,1,0,0.0,2.0,1.0,1.0,B01
201500027397,0,7,0,0.0,2.0,1.0,1.0,A01
201500027397,0,7,0,0.0,2.0,4.0,1.0,B01
201500027397,0,7,0,0.0,2.0,4.0,1.0,C01
201500027398,0,7,0,0.0,2.0,8.0,1.0,B01
201500027398,0,7,0,0.0,2.0,3.0,1.0,A01
201500027399,0,7,0,0.0,1.0,1.0,1.0,A01
201500027400,0,7,0,0.0,2.0,1.0,1.0,A01
201500027400,0,7,0,0.0,2.0,7.0,1.0,C01
201500027400,0,7,0,0.0,2.0,4.0,1.0,B01
201500027401,0,7,0,0.0,2.0,6.0,10.0,A01
201500027401,0,33,0,0.0,2.0,1.0,1.0,B01
201500027402,0,7,0,13.0,0.0,0.0,1.0,A01
201500027403,0,7,0,0.0,2.0,1.0,1.0,A01
201500027403,0,2,0,0.0,2.0,4.0,15.0,B01
201500027404,0,7,0,0.0,2.0,2.0,1.0,A01
201500027404,0,7,0,0.0,2.0,1.0,1.0,B01
201500027405,0,7,0,0.0,2.0,1.0,1.0,A01
201500027405,0,7,0,0.0,2.0,4.0,1.0,B01
201500027405,0,7,0,0.0,2.0,4.0,1.0,C01
201500027406,2,2,0,0.0,4.0,8.0,1.0,A01
201500027406,0,40,0,0.0,2.0,1.0,1.0,B01
201500027407,0,2,0,0.0,2.0,7.0,17.0,A01
201500027408,0,7,0,0.0,2.0,3.0,15.0,A01
201500027408,0,33,0,0.0,2.0,1.0,1.0,B01
201500027409,0,7,0,0.0,1.0,1.0,1.0,A01
201500027410,0,2,0,0.0,2.0,1.0,1.0,B01
201500027410,0,7,0,0.0,2.0,2.0,1.0,A01
201500027411,0,7,0,0.0,1.0,1.0,1.0,A01
201500027412,0,7,0,0.0,2.0,1.0,1.0,A01
201500027412,0,7,0,0.0,2.0,4.0,1.0,B01
201500027413,0,7,0,0.0,1.0,2.0,1.0,A01
201500027414,1,7,0,0.0,2.0,0.0,1.0,Z01
201500027414,0,1,0,0.0,2.0,0.0,1.0,B01
201500027415,0,1,0,0.0,1.0,1.0,1.0,A01
201500027416,0,1,0,0.0,1.0,1.0,1.0,A01
201500027417,0,7,0,0.0,2.0,1.0,1.0,A01
201500027417,0,7,0,0.0,2.0,0.0,1.0,B01
201500027418,0,7,0,0.0,2.0,1.0,1.0,A01
201500027418,0,7,0,0.0,2.0,2.0,15.0,B01
201500027419,0,7,0,0.0,2.0,1.0,1.0,A01
201500027419,0,2,0,0.0,2.0,4.0,1.0,B01
201500027420,0,7,0,0.0,1.0,1.0,1.0,A01
201500027421,0,38,1,0.0,2.0,8.0,13.0,A01
201500027421,0,2,0,0.0,2.0,0.0,1.0,B01
201500027422,0,7,0,3.0,0.0,1.0,1.0,A01
201500027423,0,7,0,0.0,2.0,3.0,1.0,A01
201500027423,0,1,0,0.0,2.0,0.0,1.0,B01
201500027424,0,31,0,13.0,0.0,0.0,1.0,A01
201500027425,0,7,0,0.0,2.0,2.0,1.0,A01
201500027425,0,7,0,0.0,2.0,1.0,1.0,B01
201500027426,0,2,0,0.0,0.0,0.0,1.0,A01
201500027427,0,33,0,0.0,2.0,1.0,15.0,A01
201500027427,0,7,0,0.0,2.0,8.0,1.0,B01
201500027428,0,7,0,0.0,2.0,1.0,1.0,B01
201500027428,0,7,0,0.0,2.0,8.0,1.0,A01
201500027429,0,7,0,0.0,1.0,1.0,1.0,A01
201500027430,0,7,0,0.0,2.0,1.0,1.0,A01
201500027430,0,7,0,0.0,2.0,4.0,1.0,B01
201500027430,0,7,0,0.0,2.0,4.0,1.0,C01
201500027431,0,7,0,0.0,1.0,1.0,1.0,A01
201500027432,0,7,0,0.0,2.0,8.0,15.0,A01
201500027432,0,2,0,0.0,0.0,0.0,0.0,B01
201500027433,0,7,0,0.0,2.0,1.0,1.0,A01
201500027433,0,1,0,0.0,2.0,4.0,1.0,B01
201500027434,0,7,0,0.0,1.0,1.0,1.0,A01
201500027435,0,7,0,0.0,0.0,1.0,1.0,A01
201500027435,0,7,0,0.0,0.0,4.0,1.0,B01
201500027436,0,7,0,0.0,1.0,1.0,15.0,A01
201500027437,0,7,0,0.0,0.0,7.0,1.0,A01
201500027437,0,1,0,0.0,0.0,0.0,1.0,B01
201500027438,0,1,0,8.0,0.0,1.0,1.0,A01
201500027439,0,30,0,0.0,0.0,7.0,1.0,A01
201500027440,0,7,0,0.0,2.0,8.0,15.0,A01
201500027440,0,33,0,0.0,2.0,8.0,1.0,B01
201500027441,0,7,0,0.0,1.0,0.0,15.0,A01
201500027442,0,7,0,0.0,1.0,1.0,1.0,A01
201500027443,0,7,0,0.0,0.0,4.0,23.0,B01
201500027443,0,7,0,0.0,0.0,1.0,1.0,A01
201500027444,0,2,0,0.0,0.0,0.0,1.0,A01
201500027445,0,7,0,0.0,1.0,1.0,1.0,A01
201500027446,0,7,0,0.0,0.0,0.0,15.0,A01
201500027446,0,2,0,0.0,0.0,0.0,0.0,B01
201500027447,0,7,0,0.0,1.0,1.0,1.0,A01
201500027448,1,7,0,0.0,1.0,2.0,1.0,A01
201500027449,0,7,0,0.0,1.0,1.0,1.0,A01
201500027450,0,7,0,0.0,0.0,3.0,1.0,A01
201500027450,0,2,0,0.0,0.0,0.0,1.0,B01
201500027451,0,7,0,0.0,0.0,8.0,1.0,A01
201500027451,0,30,0,0.0,0.0,1.0,0.0,B01
201500027452,0,7,0,0.0,0.0,1.0,1.0,A01
201500027452,0,7,0,0.0,0.0,4.0,1.0,B01
201500027452,0,7,0,0.0,0.0,4.0,1.0,C01
201500027453,0,7,0,0.0,0.0,3.0,15.0,A01
201500027453,0,1,0,0.0,0.0,1.0,1.0,B01
201500027454,0,7,0,0.0,0.0,0.0,1.0,B01
201500027454,0,7,0,0.0,0.0,0.0,1.0,A01
201500027455,0,31,0,0.0,0.0,9.0,1.0,B01
201500027455,0,7,0,0.0,0.0,5.0,10.0,A01
201500027456,0,7,0,0.0,1.0,7.0,0.0,A01
201500027457,0,2,0,0.0,0.0,1.0,1.0,A01
201500027457,0,7,0,0.0,0.0,4.0,1.0,B01
201500027458,0,7,0,0.0,0.0,1.0,1.0,A01
201500027458,0,7,0,0.0,0.0,4.0,1.0,B01
201500027459,0,30,0,0.0,1.0,0.0,1.0,A01
201500027460,0,1,0,14.0,0.0,0.0,1.0,A01
201500027461,0,1,0,0.0,1.0,0.0,1.0,A01
201500027462,0,7,0,0.0,2.0,1.0,1.0,A01
201500027462,0,7,0,0.0,2.0,4.0,1.0,B01
201500027462,0,7,0,0.0,2.0,4.0,1.0,C01
201500027463,0,2,0,0.0,0.0,0.0,1.0,A01
201500027464,0,7,0,0.0,2.0,1.0,1.0,B01
201500027464,0,7,0,0.0,2.0,7.0,1.0,A01
201500027465,0,7,0,0.0,0.0,1.0,1.0,A01
201500027465,0,1,0,0.0,0.0,5.0,1.0,B01
201500027466,0,7,0,0.0,2.0,5.0,12.0,A01
201500027466,0,33,0,0.0,2.0,7.0,1.0,B01
201500027467,0,7,0,0.0,0.0,1.0,15.0,A01
201500027467,0,2,0,0.0,0.0,1.0,0.0,B01
201500027468,0,7,0,0.0,2.0,1.0,1.0,A01
201500027468,0,7,0,0.0,2.0,4.0,1.0,B01
201500027469,0,7,0,0.0,1.0,1.0,1.0,A01
201500027470,0,7,0,0.0,0.0,0.0,0.0,A01
201500027471,0,2,0,0.0,0.0,1.0,1.0,B01
201500027471,0,7,0,0.0,0.0,8.0,10.0,A01
201500027472,0,7,0,0.0,1.0,1.0,1.0,A01
201500027473,0,7,0,0.0,0.0,2.0,1.0,A01
201500027473,0,1,0,0.0,0.0,1.0,1.0,B01
201500027474,0,99,0,12.0,0.0,1.0,1.0,A01
201500027475,0,7,0,0.0,0.0,1.0,1.0,A01
201500027475,0,7,0,0.0,0.0,8.0,1.0,B01
201500027476,0,33,0,0.0,2.0,0.0,1.0,B01
201500027476,0,7,0,0.0,2.0,0.0,1.0,A01
201500027477,0,2,0,0.0,1.0,1.0,1.0,A01
201500027478,0,2,0,0.0,2.0,4.0,1.0,B01
201500027478,1,7,0,0.0,2.0,1.0,1.0,Z01
201500027479,0,7,0,0.0,0.0,1.0,1.0,A01
201500027480,0,1,0,0.0,0.0,1.0,1.0,B01
201500027480,0,7,0,0.0,0.0,5.0,24.0,A01
201500027481,0,38,0,0.0,2.0,0.0,15.0,A01
201500027481,0,7,0,0.0,2.0,2.0,15.0,B01
201500027482,0,2,0,0.0,0.0,0.0,1.0,A01
201500027483,0,1,0,0.0,2.0,1.0,1.0,A01
201500027483,0,7,0,0.0,2.0,4.0,1.0,B01
201500027484,0,7,0,0.0,2.0,8.0,22.0,A01
201500027484,0,1,0,0.0,2.0,1.0,1.0,B01
201500027485,0,7,0,0.0,2.0,1.0,1.0,A01
201500027485,0,7,0,0.0,2.0,1.0,1.0,B01
201500027485,0,7,0,0.0,2.0,1.0,1.0,C01
201500027486,0,2,0,0.0,1.0,1.0,1.0,A01
201500027487,0,7,0,0.0,1.0,1.0,1.0,A01
201500027488,0,2,0,0.0,2.0,1.0,1.0,A01
201500027488,0,7,0,0.0,2.0,4.0,1.0,B01
201500027489,0,1,0,0.0,2.0,1.0,1.0,A01
201500027489,0,1,0,0.0,2.0,4.0,1.0,B01
201500027490,0,7,0,0.0,2.0,4.0,1.0,B01
201500027490,1,7,0,0.0,2.0,1.0,1.0,Z01
201500027491,0,1,0,0.0,2.0,1.0,1.0,A01
201500027491,0,7,0,0.0,2.0,4.0,1.0,B01
201500027492,0,7,0,8.0,0.0,1.0,1.0,A01
201500027493,0,2,0,0.0,2.0,1.0,1.0,A01
201500027493,0,7,0,0.0,2.0,3.0,1.0,B01
201500027494,0,2,0,0.0,2.0,1.0,1.0,A01
201500027494,0,7,0,0.0,2.0,4.0,1.0,B01
201500027495,0,1,0,0.0,2.0,0.0,19.0,B01
201500027495,0,7,0,0.0,2.0,1.0,1.0,A01
201500027496,0,33,0,0.0,2.0,1.0,1.0,A01
201500027496,0,7,0,0.0,0.0,0.0,0.0,B01
201500027497,0,33,0,0.0,0.0,0.0,1.0,A01
201500027498,0,7,0,0.0,2.0,7.0,1.0,A01
201500027498,0,7,0,0.0,2.0,1.0,1.0,B01
201500027499,1,7,0,0.0,2.0,1.0,1.0,Z01
201500027499,0,7,0,0.0,2.0,7.0,1.0,B01
201500027500,0,7,0,0.0,0.0,0.0,0.0,A01
201500027500,0,1,0,0.0,2.0,1.0,1.0,B01
201500027501,0,7,0,0.0,2.0,4.0,1.0,C01
201500027501,0,7,0,0.0,2.0,4.0,1.0,B01
201500027501,0,7,0,0.0,2.0,1.0,1.0,A01
201500027502,0,7,0,0.0,2.0,4.0,1.0,B01
201500027502,0,7,0,0.0,2.0,1.0,1.0,A01
201500027503,0,7,0,0.0,2.0,1.0,1.0,A01
201500027504,0,7,0,0.0,2.0,8.0,1.0,B01
201500027504,0,7,0,0.0,2.0,1.0,10.0,A01
201500027505,0,1,0,0.0,2.0,7.0,19.0,A01
201500027505,0,7,0,0.0,2.0,1.0,1.0,B01
201500027506,0,7,0,0.0,2.0,4.0,18.0,B01
201500027506,0,2,0,0.0,2.0,1.0,1.0,A01
201500027507,0,2,0,0.0,2.0,1.0,1.0,A01
201500027507,0,7,0,0.0,2.0,4.0,1.0,B01
201500027508,0,7,0,0.0,2.0,1.0,15.0,A01
201500027508,0,2,0,0.0,2.0,8.0,1.0,B01
201500027509,0,7,0,0.0,2.0,0.0,1.0,B01
201500027509,0,30,0,0.0,2.0,0.0,1.0,A01
201500027510,0,7,0,3.0,0.0,1.0,1.0,A01
201500027511,0,7,0,0.0,1.0,1.0,15.0,A01
201500027512,0,7,0,0.0,2.0,1.0,1.0,A01
201500027512,0,33,0,0.0,2.0,3.0,1.0,B01
201500027513,0,2,0,0.0,0.0,0.0,1.0,A01
201500027514,0,2,0,0.0,2.0,1.0,1.0,B01
201500027514,0,7,0,0.0,2.0,7.0,15.0,A01
201500027515,0,1,0,0.0,2.0,1.0,1.0,B01
201500027515,0,7,0,0.0,2.0,7.0,16.0,A01
201500027516,0,7,0,0.0,1.0,1.0,1.0,A01
201500027517,0,1,0,0.0,0.0,0.0,0.0,B01
201500027517,0,7,0,0.0,2.0,1.0,1.0,A01
201500027518,0,7,0,0.0,1.0,1.0,1.0,A01
201500027519,0,7,0,0.0,1.0,1.0,1.0,A01
201500027520,0,31,0,0.0,2.0,1.0,1.0,B01
201500027520,0,7,0,0.0,2.0,1.0,9.0,A01
201500027521,0,2,0,0.0,2.0,2.0,1.0,A01
201500027521,0,10,0,0.0,2.0,1.0,1.0,B01
201500027522,0,2,0,0.0,1.0,0.0,21.0,A01
201500027523,0,1,0,0.0,0.0,0.0,0.0,B01
201500027523,0,7,0,0.0,2.0,3.0,15.0,A01
201500027524,0,7,0,9.0,0.0,0.0,1.0,A01
201500027525,0,2,0,0.0,2.0,6.0,1.0,A01
201500027525,0,7,0,0.0,2.0,2.0,15.0,B01
201500027526,1,2,0,0.0,2.0,1.0,16.0,Z01
201500027526,0,7,0,0.0,2.0,8.0,1.0,B01
201500027527,0,2,0,0.0,0.0,0.0,1.0,A01
201500027528,0,3,0,0.0,2.0,3.0,1.0,A01
201500027528,0,33,0,0.0,2.0,1.0,1.0,B01
201500027529,0,2,0,0.0,2.0,1.0,1.0,A01
201500027529,0,7,0,0.0,2.0,8.0,1.0,B01
201500027530,0,7,0,0.0,1.0,1.0,1.0,A01
201500027531,0,1,0,0.0,2.0,0.0,1.0,B01
201500027531,0,7,0,0.0,2.0,3.0,15.0,A01
201500027532,0,33,0,0.0,0.0,0.0,1.0,A01
201500027533,0,7,0,0.0,2.0,1.0,1.0,A01
201500027533,0,7,0,0.0,2.0,1.0,1.0,C01
201500027533,0,7,0,0.0,2.0,4.0,1.0,B01
201500027534,0,7,0,0.0,1.0,2.0,2.0,A01
201500027535,0,7,0,0.0,0.0,1.0,0.0,A01
201500027535,0,7,0,0.0,0.0,3.0,0.0,B01
201500027536,0,7,0,0.0,0.0,8.0,1.0,A01
201500027537,0,31,0,0.0,0.0,2.0,1.0,A01
201500027537,0,7,0,0.0,0.0,4.0,1.0,B01
201500027538,0,2,0,0.0,0.0,2.0,0.0,A01
201500027538,0,7,0,0.0,0.0,3.0,1.0,B01
201500027539,0,7,0,0.0,0.0,4.0,1.0,B01
201500027539,0,7,0,0.0,0.0,1.0,23.0,A01
201500027540,0,7,0,0.0,1.0,0.0,0.0,A01
201500027541,0,7,0,0.0,0.0,0.0,0.0,A01
201500027541,0,7,0,0.0,0.0,0.0,0.0,B01
201500027542,0,1,0,0.0,0.0,0.0,0.0,B01
201500027542,0,7,0,0.0,0.0,1.0,0.0,A01
201500027543,0,7,0,0.0,2.0,4.0,1.0,B01
201500027543,0,7,0,0.0,2.0,1.0,1.0,A01
201500027544,0,7,0,2.0,0.0,1.0,1.0,A01
201500027545,0,7,0,0.0,2.0,4.0,1.0,B01
201500027545,0,7,0,0.0,2.0,1.0,1.0,A01
201500027546,0,7,0,0.0,2.0,7.0,16.0,A01
201500027546,0,1,0,0.0,2.0,1.0,1.0,B01
201500027547,0,1,0,0.0,2.0,0.0,16.0,B01
201500027547,0,33,0,0.0,2.0,1.0,1.0,A01
201500027548,0,2,0,0.0,0.0,0.0,15.0,A01
201500027548,1,7,0,0.0,2.0,0.0,0.0,Z01
201500027549,0,7,0,0.0,0.0,2.0,15.0,A01
201500027549,0,2,0,0.0,0.0,1.0,1.0,B01
201500027550,0,2,0,0.0,2.0,1.0,1.0,B01
201500027550,0,7,0,0.0,2.0,4.0,20.0,A01
201500027551,0,7,0,0.0,2.0,1.0,1.0,A01
201500027551,0,7,0,0.0,2.0,4.0,1.0,B01
201500027552,0,7,0,0.0,2.0,3.0,9.0,A01
201500027552,0,7,0,0.0,2.0,2.0,1.0,B01
201500027553,0,7,0,0.0,2.0,1.0,1.0,A01
201500027553,0,7,0,0.0,2.0,4.0,1.0,B01
201500027554,0,7,0,2.0,2.0,1.0,1.0,A01
201500027555,0,33,0,0.0,0.0,0.0,21.0,B01
201500027555,0,7,0,0.0,0.0,0.0,15.0,A01
201500027556,0,2,0,0.0,2.0,0.0,0.0,A01
201500027556,0,7,0,0.0,2.0,0.0,0.0,B01
201500027557,0,7,0,0.0,2.0,1.0,1.0,B01
201500027557,0,7,0,0.0,2.0,3.0,1.0,A01
201500027558,0,7,0,0.0,2.0,8.0,15.0,A01
201500027558,0,31,0,0.0,0.0,0.0,0.0,B01
201500027559,0,1,0,0.0,2.0,0.0,1.0,B01
201500027559,0,7,0,0.0,2.0,1.0,1.0,A01
201500027560,0,7,0,13.0,0.0,0.0,1.0,A01
201500027561,0,33,0,16.0,0.0,0.0,1.0,A01
201500027562,0,2,0,0.0,2.0,1.0,1.0,A01
201500027562,0,7,0,0.0,2.0,4.0,1.0,B01
201500027563,0,7,0,0.0,2.0,2.0,10.0,A01
201500027563,0,32,0,0.0,2.0,1.0,1.0,B01
201500027564,0,7,0,0.0,2.0,0.0,1.0,B01
201500027564,0,7,0,0.0,2.0,0.0,1.0,A01
201500027565,0,14,0,0.0,2.0,3.0,15.0,B01
201500027565,0,7,0,6.0,2.0,2.0,16.0,A01
201500027566,0,33,0,0.0,0.0,0.0,1.0,A01
201500027567,0,2,0,0.0,2.0,7.0,15.0,A01
201500027567,0,7,0,0.0,2.0,3.0,1.0,B01
201500027568,0,7,0,0.0,1.0,1.0,1.0,A01
201500027569,0,7,0,0.0,0.0,3.0,0.0,B01
201500027569,0,7,0,0.0,0.0,1.0,0.0,A01
201500027570,0,7,0,0.0,0.0,4.0,24.0,D01
201500027570,0,7,0,0.0,0.0,1.0,0.0,A01
201500027570,0,7,0,0.0,0.0,5.0,24.0,C01
201500027570,0,7,0,0.0,0.0,7.0,24.0,B01
201500027571,0,7,0,0.0,0.0,1.0,1.0,A01
201500027572,0,7,0,0.0,0.0,3.0,0.0,B01
201500027572,0,2,0,0.0,0.0,7.0,15.0,A01
201500027573,0,7,0,0.0,0.0,6.0,23.0,B01
201500027573,0,31,0,0.0,0.0,7.0,1.0,A01
201500027574,0,1,0,0.0,0.0,1.0,19.0,B01
201500027574,0,7,0,0.0,0.0,2.0,1.0,A01
201500027575,0,7,0,0.0,0.0,6.0,16.0,B01
201500027575,0,2,0,0.0,0.0,1.0,1.0,A01
201500027576,1,7,0,0.0,1.0,0.0,0.0,Z01
201500027577,0,7,0,0.0,0.0,2.0,1.0,B01
201500027577,0,7,0,0.0,0.0,3.0,16.0,A01
201500027578,0,7,0,0.0,0.0,8.0,1.0,A01
201500027578,0,7,0,0.0,0.0,1.0,1.0,B01
201500027579,0,7,0,0.0,0.0,2.0,1.0,A01
201500027579,0,7,0,0.0,0.0,3.0,24.0,B01
201500027579,0,7,0,0.0,0.0,2.0,24.0,C01
201500027580,0,7,0,0.0,0.0,0.0,15.0,A01
201500027580,0,2,0,0.0,0.0,1.0,1.0,B01
201500027581,0,2,0,0.0,0.0,0.0,1.0,A01
201500027582,1,7,0,0.0,1.0,0.0,0.0,Z01
201500027583,1,7,0,0.0,1.0,1.0,1.0,A01
201500027584,0,7,0,0.0,1.0,1.0,15.0,A01
201500027585,0,7,0,0.0,2.0,3.0,15.0,A01
201500027585,0,7,0,0.0,2.0,3.0,1.0,B01
201500027585,0,1,0,0.0,2.0,6.0,1.0,C01
201500027586,0,7,0,8.0,0.0,3.0,1.0,A01
201500027587,0,7,0,0.0,2.0,8.0,1.0,B01
201500027587,0,15,0,0.0,2.0,3.0,1.0,A01
201500027588,0,15,0,0.0,2.0,8.0,17.0,A01
201500027588,0,7,0,0.0,2.0,1.0,1.0,B01
201500027589,0,7,0,0.0,2.0,1.0,1.0,B01
201500027589,0,7,0,0.0,2.0,7.0,1.0,A01
201500027590,0,7,0,0.0,2.0,1.0,1.0,B01
201500027590,0,7,0,0.0,2.0,1.0,1.0,A01
201500027591,0,30,0,0.0,2.0,0.0,0.0,A01
201500027591,0,7,0,0.0,2.0,0.0,1.0,B01
201500027592,0,1,0,0.0,0.0,0.0,1.0,A01
201500027593,0,7,0,0.0,1.0,1.0,1.0,A01
201500027594,0,40,0,0.0,1.0,1.0,1.0,A01
201500027595,0,7,0,0.0,0.0,9.0,2.0,A01
201500027595,0,7,0,0.0,0.0,4.0,24.0,B01
201500027595,0,7,0,0.0,0.0,4.0,24.0,C01
201500027596,0,7,0,0.0,0.0,9.0,10.0,A01
201500027596,0,7,0,0.0,0.0,2.0,1.0,B01
201500027596,0,7,0,0.0,0.0,4.0,24.0,C01
201500027596,0,7,0,0.0,0.0,4.0,24.0,D01
201500027596,0,7,0,0.0,0.0,1.0,24.0,E01
201500027597,0,7,0,0.0,2.0,3.0,1.0,A01
201500027597,0,7,0,0.0,2.0,3.0,1.0,B01
201500027598,0,1,0,0.0,2.0,0.0,1.0,B01
201500027598,0,7,0,0.0,2.0,2.0,15.0,A01
201500027599,0,7,0,0.0,2.0,2.0,1.0,B01
201500027599,0,1,0,0.0,2.0,4.0,11.0,A01
201500027600,0,7,0,0.0,2.0,3.0,1.0,B01
201500027600,0,7,0,0.0,2.0,7.0,10.0,A01
201500027601,0,7,0,0.0,2.0,3.0,1.0,B01
201500027601,0,7,0,0.0,2.0,1.0,1.0,A01
201500027602,0,7,0,0.0,2.0,1.0,1.0,A01
201500027602,0,7,0,0.0,2.0,4.0,1.0,B01
201500027602,0,7,0,0.0,2.0,4.0,1.0,C01
201500027603,0,1,0,0.0,1.0,0.0,18.0,A01
201500027604,0,7,0,0.0,1.0,1.0,15.0,A01
201500027605,0,1,0,0.0,2.0,2.0,1.0,B01
201500027605,0,7,0,0.0,2.0,2.0,15.0,A01
201500027606,0,7,0,0.0,1.0,1.0,1.0,A01
201500027607,0,33,0,0.0,0.0,0.0,21.0,B01
201500027607,0,7,0,0.0,0.0,0.0,9.0,A01
201500027608,0,2,0,0.0,0.0,0.0,1.0,A01
201500027609,0,1,0,0.0,2.0,4.0,1.0,B01
201500027609,0,7,0,0.0,2.0,1.0,1.0,A01
201500027610,0,7,0,0.0,2.0,1.0,1.0,A01
201500027610,0,7,0,0.0,2.0,2.0,1.0,B01
201500027611,0,7,0,0.0,2.0,4.0,20.0,A01
201500027611,0,1,0,0.0,2.0,0.0,1.0,B01
201500027612,0,7,0,0.0,2.0,4.0,23.0,C01
201500027612,0,7,0,0.0,2.0,4.0,23.0,B01
201500027612,0,7,0,0.0,2.0,1.0,1.0,A01
201500027613,0,2,0,0.0,2.0,0.0,1.0,B01
201500027613,0,7,0,0.0,2.0,3.0,1.0,A01
201500027614,0,1,0,0.0,2.0,8.0,1.0,A01
201500027614,0,7,0,0.0,2.0,1.0,1.0,B01
201500027615,0,1,0,0.0,2.0,7.0,1.0,B01
201500027615,0,7,0,0.0,2.0,1.0,1.0,A01
201500027616,0,7,0,0.0,2.0,1.0,1.0,A01
201500027616,0,7,0,0.0,2.0,4.0,0.0,B01
201500027617,0,7,0,0.0,1.0,2.0,1.0,A01
201500027618,0,7,0,3.0,0.0,1.0,15.0,A01
201500027619,0,7,0,0.0,2.0,3.0,1.0,A01
201500027619,0,7,0,0.0,2.0,7.0,1.0,B01
201500027620,0,1,0,0.0,2.0,7.0,1.0,B01
201500027620,0,7,0,0.0,2.0,8.0,22.0,A01
201500027621,0,7,0,0.0,0.0,0.0,1.0,A01
201500027622,0,7,0,0.0,2.0,3.0,10.0,A01
201500027622,0,1,0,0.0,2.0,0.0,1.0,B01
201500027623,0,7,0,0.0,2.0,3.0,1.0,B01
201500027623,0,7,0,0.0,2.0,5.0,1.0,A01
201500027624,0,7,0,0.0,2.0,4.0,1.0,B01
201500027624,0,7,0,0.0,2.0,1.0,1.0,A01
201500027624,0,7,0,0.0,2.0,4.0,1.0,C01
201500027625,0,7,0,0.0,2.0,8.0,13.0,A01
201500027625,0,1,0,0.0,2.0,0.0,1.0,B01
201500027626,0,7,0,0.0,1.0,1.0,1.0,A01
201500027627,0,7,0,0.0,1.0,1.0,1.0,A01
201500027628,0,7,0,0.0,1.0,1.0,1.0,A01
201500027629,0,2,0,0.0,2.0,0.0,15.0,A01
201500027629,0,7,0,0.0,2.0,1.0,1.0,B01
201500027630,0,7,0,0.0,2.0,2.0,15.0,A01
201500027630,0,7,0,0.0,2.0,3.0,1.0,B01
201500027631,0,2,0,0.0,2.0,1.0,1.0,A01
201500027631,0,7,0,0.0,2.0,7.0,1.0,B01
201500027632,0,7,0,0.0,2.0,8.0,10.0,A01
201500027632,0,1,0,0.0,2.0,1.0,1.0,B01
201500027633,0,2,0,0.0,2.0,7.0,1.0,B01
201500027633,0,7,0,0.0,2.0,1.0,1.0,A01
201500027634,0,7,0,0.0,1.0,1.0,15.0,A01