Num_Acc,senc,catv,occutc,obs,obsm,choc,manv,num_veh
201500027635,0,32,0,0.0,2.0,7.0,1.0,B01
201500027635,0,7,0,0.0,2.0,3.0,15.0,A01
201500027636,0,7,0,0.0,2.0,1.0,1.0,A01
201500027636,0,7,0,0.0,2.0,8.0,15.0,B01
201500027637,0,7,0,0.0,2.0,1.0,13.0,A01
201500027637,0,1,0,0.0,2.0,1.0,0.0,B01
201500027637,0,7,0,0.0,0.0,0.0,24.0,C01
201500027638,0,30,0,0.0,2.0,1.0,1.0,A01
201500027638,0,7,0,0.0,2.0,2.0,0.0,B01
201500027639,0,3,0,0.0,2.0,1.0,2.0,A01
201500027639,0,7,0,0.0,0.0,4.0,23.0,B01
201500027640,0,13,0,0.0,1.0,1.0,2.0,A01
201500027641,0,7,0,8.0,0.0,1.0,1.0,A01
201500027642,0,7,0,3.0,0.0,1.0,1.0,A01
201500027643,0,7,0,0.0,2.0,3.0,15.0,A01
201500027643,0,30,0,0.0,2.0,3.0,1.0,B01
201500027644,0,7,0,0.0,2.0,1.0,1.0,A01
201500027644,0,7,0,0.0,2.0,4.0,1.0,B01
201500027644,0,7,0,0.0,2.0,4.0,1.0,C01
201500027645,0,7,0,0.0,2.0,1.0,1.0,A01
201500027645,0,7,0,0.0,2.0,4.0,1.0,B01
201500027646,0,1,0,0.0,2.0,0.0,1.0,B01
201500027646,0,7,0,0.0,2.0,7.0,16.0,A01
201500027647,0,7,0,0.0,1.0,1.0,1.0,A01
201500027648,0,2,0,0.0,0.0,0.0,1.0,A01
201500027649,0,7,0,8.0,0.0,1.0,1.0,A01
201500027650,0,7,0,8.0,0.0,0.0,0.0,A01
201500027651,0,7,0,0.0,1.0,1.0,16.0,A01
201500027652,0,7,0,0.0,2.0,3.0,16.0,A01
201500027652,0,31,0,0.0,2.0,1.0,1.0,B01
201500027653,0,7,0,0.0,0.0,1.0,1.0,A01
201500027654,0,7,0,0.0,0.0,3.0,1.0,B01
201500027654,0,7,0,0.0,0.0,3.0,15.0,A01
201500027655,0,7,0,0.0,0.0,1.0,1.0,A01
201500027656,0,7,0,0.0,0.0,6.0,20.0,A01
201500027656,0,7,0,0.0,0.0,1.0,1.0,B01
201500027657,0,7,0,0.0,0.0,5.0,16.0,A01
201500027657,0,1,0,0.0,0.0,8.0,1.0,B01
201500027658,0,7,0,0.0,0.0,1.0,13.0,A01
201500027658,0,7,0,0.0,0.0,1.0,1.0,B01
201500027659,0,7,0,0.0,2.0,1.0,15.0,A01
201500027659,0,1,0,0.0,2.0,3.0,1.0,B01
201500027660,0,7,0,0.0,2.0,8.0,1.0,A01
201500027660,0,7,0,0.0,2.0,2.0,1.0,B01
201500027661,0,7,0,0.0,2.0,7.0,16.0,A01
201500027661,0,1,0,0.0,0.0,0.0,0.0,B01
201500027662,0,7,0,0.0,2.0,4.0,1.0,B01
201500027662,0,7,0,0.0,2.0,1.0,1.0,A01
201500027663,0,7,0,0.0,2.0,1.0,1.0,B01
201500027663,0,7,0,0.0,2.0,8.0,1.0,A01
201500027664,0,33,0,0.0,0.0,0.0,1.0,A01
201500027665,0,7,0,0.0,0.0,0.0,1.0,A01
201500027666,0,7,0,0.0,1.0,0.0,0.0,A01
201500027667,0,7,0,0.0,1.0,1.0,15.0,A01
201500027668,0,34,0,0.0,0.0,0.0,1.0,A01
201500027669,0,33,0,0.0,2.0,0.0,1.0,A01
201500027670,0,7,0,0.0,2.0,7.0,16.0,B01
201500027670,0,1,0,0.0,2.0,1.0,1.0,A01
201500027671,0,7,0,14.0,1.0,0.0,1.0,A01
201500027672,0,1,0,0.0,2.0,8.0,0.0,B01
201500027672,0,7,0,0.0,2.0,7.0,0.0,A01
201500027673,0,7,0,0.0,0.0,4.0,0.0,A01
201500027673,0,7,0,0.0,2.0,1.0,0.0,B01
201500027674,0,7,0,0.0,1.0,7.0,0.0,A01
201500027675,0,7,0,0.0,1.0,0.0,,A01
201500027676,0,7,0,0.0,2.0,4.0,1.0,B01
201500027676,0,7,0,0.0,2.0,1.0,1.0,A01
201500027677,0,7,0,0.0,1.0,1.0,1.0,A01
201500027678,0,7,0,0.0,2.0,3.0,1.0,B01
201500027678,0,7,0,0.0,2.0,2.0,1.0,A01
201500027679,0,3,0,12.0,0.0,0.0,1.0,A01
201500027680,0,7,0,10.0,0.0,1.0,1.0,A01
201500027681,0,37,0,0.0,2.0,8.0,1.0,B01
201500027681,0,2,0,0.0,2.0,7.0,1.0,A01
201500027682,0,1,0,0.0,2.0,8.0,1.0,B01
201500027682,0,7,0,0.0,2.0,7.0,16.0,A01
201500027683,0,2,0,0.0,0.0,0.0,1.0,A01
201500027684,0,7,0,0.0,2.0,1.0,1.0,A01
201500027684,0,7,0,0.0,2.0,4.0,1.0,B01
201500027685,0,7,0,0.0,2.0,0.0,1.0,B01
201500027685,0,7,0,0.0,2.0,2.0,12.0,A01
201500027686,0,7,0,0.0,2.0,1.0,1.0,A01
201500027686,0,7,0,0.0,2.0,4.0,1.0,B01
201500027687,0,7,0,0.0,2.0,1.0,1.0,A01
201500027687,0,7,0,0.0,2.0,4.0,1.0,B01
201500027688,0,7,0,0.0,1.0,1.0,1.0,A01
201500027689,0,7,0,4.0,2.0,0.0,1.0,A01
201500027690,0,2,0,0.0,0.0,0.0,1.0,A01
201500027691,0,7,0,0.0,2.0,7.0,16.0,A01
201500027691,0,1,0,0.0,2.0,8.0,1.0,B01
201500027692,0,7,0,0.0,1.0,1.0,1.0,A01
201500027693,0,7,0,0.0,2.0,3.0,20.0,A01
201500027693,0,7,0,0.0,0.0,2.0,1.0,B01
201500027694,0,10,0,0.0,2.0,3.0,15.0,A01
201500027694,0,30,0,0.0,2.0,1.0,1.0,B01
201500027695,0,30,0,0.0,2.0,1.0,1.0,A01
201500027695,0,7,0,0.0,2.0,7.0,0.0,B01
201500027696,0,1,0,0.0,0.0,0.0,0.0,A01
201500027697,1,1,0,0.0,1.0,1.0,1.0,Z01
201500027698,0,7,0,0.0,2.0,0.0,0.0,B01
201500027698,0,7,0,0.0,0.0,0.0,0.0,A01
201500027699,0,7,0,0.0,1.0,1.0,0.0,A01
201500027700,0,33,0,0.0,0.0,0.0,1.0,A01
201500027701,0,7,0,0.0,2.0,8.0,1.0,A01
201500027701,0,33,0,0.0,2.0,1.0,1.0,B01
201500027702,0,7,0,2.0,0.0,1.0,1.0,A01
201500027703,0,7,0,0.0,2.0,2.0,0.0,A01
201500027703,0,7,0,0.0,2.0,7.0,0.0,B01
201500027704,0,30,0,0.0,2.0,1.0,1.0,B01
201500027704,0,7,0,0.0,2.0,1.0,15.0,A01
201500027705,0,7,0,13.0,0.0,1.0,0.0,A01
201500027706,0,7,0,0.0,2.0,2.0,15.0,A01
201500027706,0,7,0,1.0,2.0,4.0,1.0,B01
201500027707,0,7,0,0.0,1.0,1.0,1.0,A01
201500027708,0,7,0,0.0,2.0,2.0,1.0,A01
201500027708,0,7,0,0.0,2.0,8.0,1.0,B01
201500027709,0,7,0,0.0,2.0,8.0,1.0,A01
201500027709,0,7,0,0.0,2.0,3.0,0.0,B01
201500027710,0,7,0,0.0,2.0,1.0,1.0,A01
201500027710,0,7,0,0.0,2.0,4.0,1.0,B01
201500027711,0,7,0,0.0,2.0,3.0,1.0,B01
201500027711,0,7,0,0.0,2.0,2.0,15.0,A01
201500027712,0,7,0,0.0,2.0,1.0,2.0,A01
201500027712,0,7,0,0.0,0.0,4.0,2.0,C01
201500027712,0,7,0,0.0,0.0,4.0,2.0,B01
201500027713,0,7,0,0.0,2.0,2.0,16.0,A01
201500027713,0,7,0,0.0,2.0,3.0,7.0,B01
201500027714,0,7,0,0.0,2.0,0.0,0.0,A01
201500027714,0,7,0,0.0,0.0,0.0,0.0,B01
201500027715,0,30,0,0.0,0.0,1.0,0.0,A01
201500027716,0,7,0,0.0,1.0,2.0,1.0,A01
201500027717,0,7,0,0.0,2.0,1.0,1.0,B01
201500027717,0,7,0,0.0,2.0,1.0,0.0,A01
201500027718,0,37,0,0.0,0.0,0.0,0.0,B01
201500027718,0,3,0,0.0,2.0,3.0,0.0,A01
201500027719,0,2,0,0.0,0.0,7.0,1.0,A01
201500027720,0,7,0,0.0,2.0,2.0,22.0,A01
201500027720,0,2,0,0.0,2.0,1.0,1.0,B01
201500027721,1,7,0,0.0,0.0,0.0,1.0,B01
201500027721,0,7,0,15.0,0.0,9.0,14.0,A01
201500027722,1,30,0,0.0,1.0,0.0,0.0,A01
201500027723,0,7,0,0.0,1.0,1.0,1.0,A01
201500027724,0,7,0,0.0,2.0,2.0,16.0,A01
201500027724,0,1,0,0.0,2.0,1.0,18.0,B01
201500027725,0,7,0,0.0,2.0,1.0,19.0,A01
201500027725,0,7,0,0.0,2.0,8.0,1.0,B01
201500027726,0,7,0,0.0,2.0,3.0,1.0,B01
201500027726,0,7,0,0.0,2.0,1.0,15.0,A01
201500027727,0,10,0,0.0,1.0,3.0,15.0,A01
201500027728,0,7,0,14.0,0.0,3.0,0.0,A01
201500027729,0,7,0,0.0,1.0,3.0,1.0,A01
201500027730,0,7,0,0.0,2.0,1.0,13.0,A01
201500027730,0,7,0,0.0,2.0,1.0,1.0,B01
201500027731,0,7,0,0.0,2.0,2.0,1.0,B01
201500027731,1,7,0,0.0,2.0,3.0,1.0,A01
201500027732,0,7,0,0.0,0.0,0.0,0.0,B01
201500027732,0,7,0,0.0,2.0,1.0,2.0,A01
201500027733,0,7,0,0.0,1.0,1.0,1.0,A01
201500027734,0,7,0,0.0,2.0,3.0,17.0,A01
201500027734,0,33,0,0.0,2.0,5.0,17.0,B01
201500027735,1,7,0,0.0,1.0,1.0,1.0,A01
201500027736,0,7,0,8.0,0.0,1.0,14.0,A01
201500027737,1,7,0,0.0,1.0,0.0,0.0,Z01
201500027738,0,2,0,0.0,1.0,1.0,2.0,A01
201500027739,1,7,0,0.0,1.0,0.0,0.0,A01
201500027740,0,7,0,0.0,1.0,3.0,1.0,A01
201500027741,0,7,0,0.0,2.0,6.0,13.0,A01
201500027741,0,7,0,0.0,2.0,8.0,1.0,B01
201500027742,0,7,0,0.0,2.0,3.0,1.0,B01
201500027742,0,30,0,0.0,2.0,2.0,15.0,A01
201500027743,0,7,0,0.0,1.0,1.0,1.0,A01
201500027744,0,7,0,0.0,1.0,3.0,1.0,A01
201500027745,0,7,0,0.0,2.0,3.0,21.0,B01
201500027745,0,7,0,0.0,2.0,2.0,16.0,A01
201500027746,0,7,0,0.0,2.0,7.0,2.0,A01
201500027746,0,7,0,0.0,2.0,1.0,1.0,B01
201500027747,0,7,0,0.0,2.0,1.0,11.0,A01
201500027747,0,7,0,3.0,0.0,4.0,23.0,B01
201500027748,0,7,0,2.0,0.0,1.0,16.0,A01
201500027749,0,37,0,0.0,0.0,0.0,0.0,B01
201500027749,0,7,0,0.0,2.0,8.0,1.0,A01
201500027750,0,2,0,0.0,0.0,1.0,1.0,A01
201500027751,0,7,0,0.0,1.0,1.0,1.0,A01
201500027752,0,7,0,0.0,2.0,1.0,1.0,B01
201500027752,0,7,0,0.0,2.0,0.0,13.0,A01
201500027753,0,30,0,0.0,1.0,1.0,1.0,A01
201500027754,0,7,0,0.0,1.0,1.0,1.0,A01
201500027755,0,7,0,0.0,2.0,1.0,9.0,A01
201500027755,0,7,0,0.0,2.0,7.0,0.0,B01
201500027756,0,7,0,0.0,2.0,3.0,15.0,A01
201500027756,0,7,0,0.0,2.0,2.0,2.0,B01
201500027757,0,7,0,0.0,1.0,1.0,14.0,A01
201500027758,0,7,0,0.0,2.0,2.0,15.0,B01
201500027758,0,7,0,0.0,2.0,1.0,15.0,C01
201500027758,0,7,0,0.0,2.0,1.0,2.0,A01
201500027759,0,7,0,0.0,2.0,1.0,14.0,A01
201500027760,0,7,0,0.0,2.0,1.0,19.0,A01
201500027760,0,7,0,0.0,2.0,7.0,1.0,B01
201500027761,2,7,0,0.0,2.0,1.0,19.0,A01
201500027761,0,7,0,0.0,2.0,3.0,1.0,B01
201500027762,0,7,0,14.0,2.0,1.0,1.0,A01
201500027762,0,7,0,0.0,2.0,4.0,1.0,B01
201500027763,0,7,0,0.0,2.0,3.0,19.0,A01
201500027763,0,2,0,0.0,2.0,1.0,0.0,B01
201500027764,0,7,0,0.0,2.0,3.0,0.0,A01
201500027764,0,30,0,0.0,0.0,0.0,0.0,B01
201500027765,0,37,0,0.0,1.0,2.0,16.0,A01
201500027766,0,7,0,0.0,2.0,8.0,0.0,B01
201500027766,0,15,0,0.0,2.0,1.0,0.0,A01
201500027767,0,7,0,0.0,2.0,1.0,9.0,A01
201500027767,0,1,0,0.0,2.0,7.0,2.0,B01
201500027768,0,1,0,0.0,2.0,0.0,0.0,B01
201500027768,0,7,0,0.0,2.0,8.0,1.0,A01
201500027769,0,7,0,0.0,2.0,8.0,2.0,B01
201500027769,0,7,0,0.0,2.0,3.0,13.0,A01
201500027770,0,2,0,0.0,2.0,4.0,2.0,A01
201500027770,0,7,0,0.0,2.0,4.0,23.0,B01
201500027771,0,7,0,0.0,2.0,1.0,2.0,A01
201500027771,0,7,0,0.0,2.0,4.0,23.0,B01
201500027771,0,7,0,0.0,2.0,4.0,23.0,C01
201500027772,0,7,0,1.0,0.0,1.0,21.0,A01
201500027773,0,7,0,0.0,1.0,1.0,1.0,A01
201500027774,0,7,0,6.0,0.0,1.0,19.0,A01
201500027775,0,1,0,0.0,9.0,1.0,2.0,A01
201500027776,0,7,0,0.0,2.0,1.0,1.0,A01
201500027776,0,7,0,4.0,2.0,4.0,2.0,B01
201500027777,0,30,0,12.0,0.0,0.0,14.0,A01
201500027778,0,13,0,0.0,2.0,1.0,2.0,A01
201500027778,0,7,0,14.0,2.0,4.0,23.0,B01
201500027779,0,7,0,0.0,2.0,1.0,2.0,A01
201500027779,0,7,0,0.0,2.0,4.0,23.0,B01
201500027780,0,7,0,14.0,2.0,8.0,13.0,A01
201500027780,0,7,0,0.0,2.0,7.0,1.0,B01
201500027781,0,30,0,0.0,2.0,1.0,2.0,A01
201500027781,0,7,0,0.0,2.0,4.0,23.0,B01
201500027782,0,7,0,0.0,1.0,8.0,15.0,A01
201500027783,0,30,0,0.0,0.0,0.0,15.0,A01
201500027784,0,7,0,0.0,2.0,1.0,1.0,A01
201500027784,0,7,0,0.0,2.0,3.0,15.0,B01
201500027785,0,7,0,0.0,2.0,3.0,1.0,B01
201500027785,0,2,0,0.0,2.0,0.0,1.0,A01
201500027786,0,7,0,0.0,2.0,4.0,1.0,B01
201500027786,0,7,0,0.0,2.0,4.0,1.0,C01
201500027786,0,10,0,0.0,2.0,1.0,1.0,A01
201500027786,0,10,0,0.0,2.0,5.0,1.0,D01
201500027787,0,10,0,0.0,2.0,1.0,15.0,A01
201500027787,0,7,0,0.0,2.0,8.0,1.0,B01
201500027788,0,7,0,0.0,2.0,3.0,15.0,A01
201500027788,0,7,0,0.0,2.0,1.0,1.0,B01
201500027789,0,2,0,0.0,2.0,4.0,1.0,B01
201500027789,1,7,0,0.0,2.0,1.0,1.0,A01
201500027790,0,7,0,0.0,1.0,7.0,1.0,A01
201500027791,0,7,0,0.0,1.0,1.0,16.0,A01
201500027792,0,33,0,0.0,2.0,1.0,0.0,A01
201500027792,0,33,0,0.0,2.0,4.0,1.0,B01
201500027793,0,7,0,0.0,2.0,8.0,24.0,A01
201500027793,0,1,0,1.0,0.0,1.0,1.0,B01
201500027794,0,37,0,0.0,2.0,1.0,1.0,A01
201500027794,0,7,0,0.0,2.0,1.0,23.0,C01
201500027794,0,7,0,0.0,2.0,8.0,1.0,B01
201500027795,0,7,0,0.0,2.0,3.0,13.0,A01
201500027795,0,15,0,0.0,2.0,3.0,1.0,B01
201500027796,0,7,0,0.0,2.0,1.0,1.0,B01
201500027796,0,10,0,0.0,2.0,3.0,13.0,A01
201500027797,0,33,0,12.0,0.0,7.0,1.0,A01
201500027798,0,30,0,0.0,1.0,1.0,1.0,A01
201500027799,0,7,0,6.0,0.0,2.0,14.0,A01
201500027799,0,7,0,0.0,2.0,5.0,24.0,B01
201500027800,2,7,0,0.0,2.0,2.0,1.0,A01
201500027800,0,7,0,7.0,2.0,8.0,15.0,B01
201500027801,0,33,0,15.0,0.0,7.0,1.0,A01
201500027802,0,7,0,3.0,2.0,9.0,11.0,A01
201500027802,0,15,0,0.0,2.0,2.0,1.0,B01
201500027802,0,7,0,0.0,2.0,1.0,1.0,C01
201500027802,0,7,0,0.0,2.0,1.0,1.0,D01
201500027803,0,7,0,0.0,2.0,1.0,1.0,A01
201500027803,0,32,0,0.0,0.0,0.0,0.0,B01
201500027804,0,30,0,0.0,2.0,1.0,5.0,A01
201500027804,0,7,0,0.0,2.0,1.0,1.0,B01
201500027805,0,7,0,0.0,1.0,1.0,1.0,A01
201500027806,2,7,0,0.0,2.0,7.0,20.0,A01
201500027806,0,30,0,0.0,2.0,1.0,3.0,B01
201500027807,0,7,0,0.0,1.0,2.0,1.0,A01
201500027808,0,7,0,0.0,1.0,2.0,1.0,A01
201500027809,0,7,0,0.0,1.0,1.0,1.0,A01
201500027810,0,7,0,0.0,1.0,3.0,1.0,A01
201500027811,0,33,0,0.0,2.0,5.0,1.0,A01
201500027812,0,7,0,0.0,1.0,4.0,4.0,A01
201500027813,0,7,0,0.0,2.0,3.0,15.0,A01
201500027813,0,7,0,0.0,2.0,3.0,1.0,B01
201500027814,0,7,0,0.0,1.0,3.0,1.0,A01
201500027815,0,7,0,0.0,2.0,3.0,20.0,A01
201500027815,0,2,0,0.0,2.0,1.0,1.0,B01
201500027816,0,7,0,0.0,2.0,7.0,15.0,A01
201500027816,0,7,0,0.0,2.0,1.0,1.0,B01
201500027817,0,7,0,0.0,1.0,4.0,23.0,B01
201500027817,0,7,0,0.0,2.0,1.0,1.0,A01
201500027818,0,7,0,0.0,2.0,3.0,13.0,A01
201500027818,0,14,0,0.0,2.0,6.0,1.0,B01
201500027818,0,7,0,0.0,2.0,1.0,1.0,C01
201500027818,0,14,0,0.0,2.0,2.0,1.0,D01
201500027819,0,7,0,0.0,2.0,1.0,13.0,A01
201500027819,0,7,0,0.0,2.0,8.0,1.0,B01
201500027820,0,7,0,0.0,2.0,3.0,15.0,A01
201500027820,0,7,0,0.0,2.0,1.0,1.0,B01
201500027820,0,7,0,0.0,2.0,1.0,2.0,C01
201500027821,0,2,0,0.0,0.0,8.0,1.0,A01
201500027822,0,10,0,0.0,1.0,0.0,1.0,A01
201500027823,0,7,0,0.0,2.0,4.0,1.0,A01
201500027823,0,2,0,0.0,2.0,1.0,2.0,B01
201500027824,0,7,0,0.0,2.0,1.0,15.0,A01
201500027824,0,2,0,0.0,2.0,1.0,1.0,B01
201500027825,0,7,0,0.0,2.0,3.0,15.0,A01
201500027825,0,2,0,0.0,2.0,1.0,1.0,B01
201500027826,1,7,0,0.0,2.0,1.0,19.0,Z01
201500027826,0,30,0,0.0,2.0,8.0,1.0,A01
201500027827,0,1,0,0.0,2.0,1.0,1.0,B01
201500027827,0,7,0,0.0,2.0,3.0,15.0,A01
201500027828,0,16,0,0.0,0.0,0.0,2.0,A01
201500027828,0,10,0,0.0,2.0,4.0,1.0,B01
201500027829,0,7,0,0.0,1.0,1.0,1.0,A01
201500027830,0,33,0,0.0,2.0,1.0,1.0,B01
201500027830,0,7,0,0.0,2.0,3.0,15.0,A01
201500027831,0,7,0,0.0,1.0,0.0,13.0,A01
201500027832,0,7,0,0.0,1.0,3.0,1.0,B01
201500027833,0,7,0,0.0,2.0,1.0,1.0,A01
201500027833,0,7,0,0.0,2.0,6.0,1.0,B01
201500027834,0,7,0,0.0,2.0,2.0,11.0,A01
201500027834,0,7,0,0.0,2.0,6.0,1.0,B01
201500027835,0,7,0,4.0,0.0,2.0,13.0,A01
201500027836,1,7,0,0.0,1.0,2.0,1.0,Z01
201500027837,0,7,0,0.0,1.0,1.0,1.0,A01
201500027838,0,7,0,0.0,2.0,4.0,1.0,B01
201500027838,0,7,0,0.0,2.0,1.0,2.0,A01
201500027838,0,7,0,0.0,2.0,4.0,2.0,C01
201500027839,0,7,0,0.0,2.0,2.0,1.0,B01
201500027839,0,7,0,0.0,2.0,3.0,9.0,A01
201500027840,0,30,0,0.0,2.0,1.0,2.0,A01
201500027840,0,10,0,0.0,2.0,6.0,2.0,B01
201500027841,0,2,0,0.0,0.0,0.0,1.0,B01
201500027841,0,30,0,0.0,0.0,8.0,2.0,A01
201500027842,0,31,0,6.0,0.0,3.0,2.0,A01
201500027842,0,7,0,0.0,0.0,0.0,20.0,B01
201500027843,0,33,0,0.0,2.0,1.0,1.0,B01
201500027843,0,10,0,0.0,2.0,8.0,9.0,A01
201500027844,0,30,0,0.0,2.0,1.0,1.0,B01
201500027844,0,7,0,0.0,2.0,3.0,9.0,A01
201500027845,0,7,0,16.0,0.0,9.0,13.0,A01
201500027846,0,1,0,0.0,2.0,0.0,1.0,A01
201500027846,0,1,0,16.0,0.0,7.0,21.0,B01
201500027847,0,30,0,0.0,0.0,0.0,1.0,A01
201500027848,0,30,0,0.0,2.0,1.0,1.0,B01
201500027848,0,7,0,0.0,2.0,4.0,4.0,A01
201500027849,0,7,0,6.0,0.0,2.0,1.0,A01
201500027850,0,30,0,0.0,2.0,4.0,1.0,A01
201500027850,1,7,0,0.0,2.0,1.0,2.0,Z01
201500027851,0,7,0,0.0,2.0,2.0,1.0,B01
201500027851,0,1,0,0.0,2.0,1.0,1.0,A01
201500027852,0,30,0,0.0,2.0,5.0,15.0,B01
201500027852,0,30,0,0.0,2.0,1.0,1.0,A01
201500027853,0,30,0,0.0,2.0,4.0,23.0,A01
201500027853,1,7,0,0.0,2.0,1.0,2.0,Z01
201500027853,1,7,0,0.0,2.0,4.0,2.0,B01
201500027854,0,7,0,0.0,1.0,3.0,1.0,B01
201500027855,0,7,0,1.0,0.0,2.0,14.0,A01
201500027856,0,7,0,1.0,0.0,3.0,13.0,A01
201500027857,0,7,0,0.0,1.0,4.0,4.0,A01
201500027858,1,7,0,0.0,1.0,2.0,1.0,Z01
201500027859,0,30,0,12.0,0.0,1.0,13.0,A01
201500027860,0,30,0,0.0,0.0,0.0,1.0,A01
201500027861,0,7,0,0.0,2.0,4.0,23.0,A01
201500027861,0,7,0,0.0,2.0,1.0,2.0,B01
201500027862,0,7,0,0.0,1.0,3.0,1.0,A01
201500027863,0,7,0,0.0,2.0,1.0,2.0,C01
201500027863,0,7,0,0.0,2.0,4.0,23.0,A01
201500027863,0,7,0,0.0,2.0,1.0,23.0,B01
201500027864,0,7,0,0.0,1.0,1.0,1.0,A01
201500027865,0,7,0,0.0,1.0,4.0,4.0,A01
201500027866,0,7,0,0.0,2.0,1.0,2.0,A01
201500027866,0,7,0,0.0,2.0,4.0,23.0,B01
201500027866,0,7,0,0.0,2.0,4.0,23.0,C01
201500027866,0,7,0,0.0,2.0,4.0,23.0,D01
201500027867,0,30,0,6.0,0.0,1.0,19.0,A01
201500027868,0,30,0,0.0,2.0,1.0,2.0,A01
201500027868,0,7,0,0.0,2.0,4.0,23.0,B01
201500027869,0,30,0,0.0,2.0,1.0,17.0,A01
201500027869,0,7,0,0.0,2.0,8.0,15.0,B01
201500027870,0,7,0,0.0,2.0,1.0,1.0,A01
201500027870,0,7,0,0.0,2.0,4.0,1.0,B01
201500027871,0,7,0,0.0,0.0,0.0,2.0,B01
201500027871,0,31,0,0.0,2.0,4.0,23.0,A01
201500027872,0,7,0,0.0,2.0,4.0,2.0,B01
201500027872,0,7,0,0.0,2.0,4.0,1.0,C01
201500027872,0,7,0,0.0,2.0,1.0,2.0,A01
201500027873,0,30,0,0.0,2.0,7.0,15.0,A01
201500027873,0,7,0,0.0,2.0,2.0,1.0,B01
201500027874,0,7,0,0.0,2.0,1.0,2.0,A01
201500027874,0,7,0,0.0,2.0,4.0,23.0,B01
201500027875,0,10,0,6.0,0.0,1.0,1.0,A01
201500027876,0,30,0,12.0,0.0,2.0,14.0,A01
201500027877,0,7,0,0.0,1.0,4.0,23.0,B01
201500027877,0,7,0,0.0,2.0,1.0,2.0,A01
201500027878,0,7,0,13.0,0.0,3.0,13.0,A01
201500027879,0,33,0,0.0,2.0,7.0,16.0,B01
201500027879,0,7,0,0.0,2.0,3.0,9.0,A01
201500027880,0,30,0,0.0,2.0,1.0,14.0,A01
201500027881,0,7,0,0.0,1.0,7.0,1.0,A01
201500027882,0,33,0,0.0,2.0,1.0,2.0,A01
201500027882,0,7,0,0.0,2.0,4.0,23.0,B01
201500027883,0,1,0,16.0,0.0,0.0,1.0,A01
201500027884,0,30,0,0.0,0.0,3.0,11.0,A01
201500027885,0,7,0,0.0,2.0,5.0,15.0,A01
201500027885,0,33,0,0.0,2.0,1.0,1.0,B01
201500027886,0,7,0,0.0,2.0,3.0,9.0,A01
201500027886,0,33,0,0.0,2.0,1.0,1.0,B01
201500027887,0,14,0,0.0,2.0,2.0,2.0,A01
201500027887,0,7,0,0.0,2.0,6.0,23.0,B01
201500027888,0,7,0,4.0,0.0,3.0,13.0,A01
201500027889,0,7,0,0.0,2.0,8.0,23.0,A01
201500027889,0,7,0,0.0,2.0,3.0,16.0,B01
201500027890,0,7,0,13.0,0.0,9.0,13.0,A01
201500027891,0,10,0,0.0,0.0,0.0,10.0,A01
201500027891,0,7,0,0.0,2.0,1.0,1.0,B01
201500027891,0,7,0,0.0,2.0,3.0,9.0,C01
201500027892,0,7,0,0.0,2.0,4.0,4.0,A01
201500027892,0,1,0,0.0,2.0,7.0,1.0,B01
201500027893,0,30,0,0.0,2.0,1.0,2.0,A01
201500027893,0,7,0,0.0,2.0,5.0,23.0,B01
201500027894,0,30,0,0.0,0.0,8.0,1.0,A01
201500027895,0,30,0,0.0,0.0,1.0,1.0,A01
201500027896,0,7,0,0.0,2.0,1.0,1.0,B01
201500027896,0,7,0,0.0,2.0,8.0,1.0,A01
201500027897,0,30,0,0.0,0.0,1.0,14.0,A01
201500027898,0,35,0,0.0,0.0,0.0,15.0,A01
201500027899,0,7,0,0.0,2.0,2.0,16.0,A01
201500027899,0,7,0,0.0,2.0,6.0,1.0,B01
201500027900,0,7,0,3.0,0.0,3.0,13.0,A01
201500027901,0,7,0,0.0,2.0,3.0,13.0,A01
201500027901,0,7,0,0.0,2.0,3.0,1.0,B01
201500027902,0,7,0,0.0,2.0,2.0,1.0,A01
201500027902,0,7,0,0.0,2.0,2.0,15.0,B01
201500027903,0,30,0,0.0,0.0,7.0,16.0,A01
201500027904,0,1,0,0.0,0.0,8.0,1.0,A01
201500027905,0,7,0,0.0,1.0,2.0,1.0,A01
201500027906,0,7,0,3.0,0.0,1.0,16.0,A01
201500027907,0,7,0,0.0,2.0,4.0,1.0,B01
201500027907,0,30,0,0.0,2.0,1.0,2.0,A01
201500027908,0,30,0,0.0,0.0,7.0,1.0,A01
201500027909,0,1,0,0.0,1.0,3.0,1.0,A01
201500027910,0,7,0,13.0,0.0,1.0,1.0,A01
201500027911,0,7,0,0.0,2.0,8.0,23.0,B01
201500027911,0,7,0,12.0,2.0,1.0,13.0,A01
201500027912,0,7,0,0.0,2.0,3.0,1.0,B01
201500027912,0,30,0,0.0,2.0,3.0,13.0,A01
201500027913,0,33,0,3.0,0.0,1.0,13.0,A01
201500027914,0,30,0,16.0,0.0,1.0,14.0,A01
201500027915,0,10,0,6.0,0.0,1.0,1.0,A01
201500027916,0,7,0,0.0,2.0,4.0,23.0,B01
201500027916,0,7,0,0.0,2.0,1.0,2.0,A01
201500027917,0,7,0,0.0,2.0,2.0,1.0,B01
201500027917,0,30,0,0.0,2.0,1.0,15.0,A01
201500027918,0,7,0,0.0,2.0,1.0,2.0,A01
201500027918,0,7,0,0.0,2.0,4.0,23.0,B01
201500027919,0,1,0,0.0,2.0,7.0,15.0,A01
201500027919,0,7,0,0.0,2.0,6.0,10.0,B01