Num_Acc,senc,catv,occutc,obs,obsm,choc,manv,num_veh
201500027920,0,1,0,14.0,0.0,1.0,1.0,A01
201500027921,0,7,0,0.0,2.0,1.0,2.0,A01
201500027921,0,7,0,0.0,2.0,4.0,23.0,B01
201500027922,0,7,0,12.0,0.0,2.0,14.0,A01
201500027923,0,7,0,1.0,0.0,1.0,1.0,A01
201500027923,0,7,0,0.0,9.0,4.0,23.0,B01
201500027924,0,1,0,1.0,0.0,1.0,1.0,B01
201500027924,0,7,0,0.0,2.0,3.0,24.0,A01
201500027925,0,32,0,0.0,2.0,1.0,2.0,A01
201500027925,0,7,0,0.0,2.0,4.0,23.0,B01
201500027926,0,10,0,0.0,2.0,3.0,1.0,A01
201500027926,0,7,0,0.0,0.0,0.0,1.0,B01
201500027927,0,30,0,1.0,2.0,1.0,2.0,A01
201500027927,0,7,0,0.0,2.0,5.0,23.0,B01
201500027928,0,30,0,0.0,0.0,7.0,1.0,A01
201500027929,0,7,0,0.0,1.0,2.0,15.0,A01
201500027930,0,2,0,0.0,2.0,1.0,1.0,B01
201500027930,0,7,0,0.0,2.0,3.0,9.0,A01
201500027931,0,7,0,0.0,2.0,4.0,2.0,B01
201500027931,0,7,0,0.0,2.0,1.0,2.0,A01
201500027932,0,33,0,0.0,0.0,8.0,1.0,A01
201500027933,0,30,0,0.0,1.0,1.0,1.0,A01
201500027934,0,2,0,0.0,0.0,2.0,13.0,A01
201500027935,0,7,0,0.0,2.0,4.0,23.0,B01
201500027935,1,7,0,0.0,2.0,1.0,1.0,Z01
201500027936,0,30,0,16.0,0.0,3.0,1.0,A01
201500027937,0,33,0,0.0,0.0,8.0,1.0,A01
201500027938,0,7,0,0.0,2.0,6.0,1.0,A01
201500027938,0,7,0,0.0,2.0,2.0,16.0,B01
201500027939,0,30,0,0.0,2.0,1.0,18.0,A01
201500027939,0,10,0,0.0,2.0,5.0,16.0,B01
201500027940,0,1,0,0.0,2.0,1.0,1.0,A01
201500027940,1,7,0,0.0,2.0,5.0,16.0,Z01
201500027941,0,30,0,11.0,0.0,1.0,13.0,A01
201500027942,0,30,0,14.0,0.0,3.0,13.0,A01
201500027943,0,1,0,1.0,0.0,1.0,1.0,B01
201500027943,0,7,0,0.0,2.0,7.0,22.0,A01
201500027944,0,7,0,13.0,0.0,9.0,1.0,A01
201500027945,0,30,0,0.0,0.0,7.0,1.0,A01
201500027946,0,1,0,0.0,2.0,4.0,15.0,B01
201500027946,0,7,0,0.0,2.0,1.0,2.0,A01
201500027947,0,3,0,0.0,2.0,1.0,1.0,B01
201500027947,0,30,0,0.0,2.0,2.0,9.0,A01
201500027948,0,7,0,0.0,2.0,2.0,15.0,A01
201500027948,0,7,0,0.0,2.0,3.0,1.0,B01
201500027949,0,30,0,0.0,2.0,1.0,18.0,A01
201500027949,0,15,0,0.0,2.0,7.0,16.0,B01
201500027950,0,30,0,0.0,2.0,1.0,1.0,A01
201500027950,0,1,0,0.0,2.0,0.0,24.0,B01
201500027951,0,7,0,0.0,2.0,3.0,1.0,B01
201500027951,0,30,0,0.0,2.0,1.0,1.0,A01
201500027952,0,10,0,0.0,1.0,8.0,16.0,A01
201500027953,0,7,0,0.0,1.0,5.0,4.0,A01
201500027954,0,33,0,16.0,0.0,7.0,1.0,B01
201500027954,0,7,0,0.0,0.0,0.0,9.0,A01
201500027955,1,7,0,0.0,0.0,0.0,0.0,Z01
201500027955,0,1,0,16.0,0.0,0.0,1.0,B01
201500027956,0,7,0,13.0,0.0,2.0,14.0,A01
201500027957,0,2,0,16.0,0.0,7.0,1.0,A01
201500027958,0,7,0,0.0,1.0,2.0,1.0,A01
201500027959,0,7,0,0.0,2.0,2.0,16.0,A01
201500027959,0,7,0,0.0,2.0,3.0,9.0,B01
201500027960,0,7,0,8.0,1.0,2.0,14.0,A01
201500027961,0,31,0,0.0,2.0,1.0,1.0,B01
201500027961,0,7,0,0.0,2.0,1.0,15.0,A01
201500027962,0,7,0,0.0,1.0,1.0,15.0,A01
201500027963,0,7,0,2.0,0.0,1.0,1.0,A01
201500027964,0,7,0,15.0,0.0,2.0,14.0,A01
201500027965,1,7,0,0.0,2.0,1.0,0.0,Z01
201500027965,0,30,0,0.0,2.0,5.0,1.0,B01
201500027966,0,10,0,0.0,2.0,1.0,2.0,A01
201500027966,0,7,0,0.0,2.0,4.0,23.0,B01
201500027967,0,30,0,0.0,0.0,7.0,16.0,A01
201500027968,0,30,0,0.0,2.0,1.0,1.0,B01
201500027968,0,7,0,0.0,2.0,2.0,9.0,A01
201500027969,0,7,0,0.0,2.0,1.0,9.0,A01
201500027969,0,30,0,0.0,2.0,1.0,1.0,B01
201500027970,0,7,0,15.0,0.0,1.0,14.0,A01
201500027971,0,7,0,0.0,1.0,1.0,1.0,A01
201500027972,0,7,0,0.0,2.0,3.0,1.0,B01
201500027972,0,7,0,0.0,2.0,3.0,15.0,A01
201500027973,0,7,0,0.0,1.0,2.0,1.0,A01
201500027974,0,7,0,12.0,0.0,1.0,1.0,A01
201500027975,0,30,0,0.0,0.0,7.0,1.0,A01
201500027976,0,30,0,0.0,0.0,7.0,15.0,A01
201500027977,1,7,0,0.0,1.0,0.0,0.0,Z01
201500027978,0,7,0,1.0,0.0,2.0,14.0,A01
201500027979,0,30,0,0.0,0.0,7.0,15.0,A01
201500027980,1,7,0,0.0,1.0,1.0,16.0,Z01
201500027981,0,30,0,0.0,0.0,8.0,1.0,A01
201500027982,0,32,0,12.0,0.0,2.0,16.0,A01
201500027983,0,7,0,13.0,0.0,2.0,1.0,A01
201500027984,0,30,0,0.0,2.0,1.0,1.0,B01
201500027984,0,7,0,0.0,2.0,2.0,15.0,A01
201500027985,0,7,0,0.0,2.0,1.0,1.0,B01
201500027985,0,7,0,0.0,2.0,8.0,15.0,A01
201500027986,0,7,0,6.0,0.0,1.0,13.0,A01
201500027987,0,7,0,1.0,1.0,1.0,21.0,A01
201500027988,0,1,0,15.0,0.0,3.0,1.0,A01
201500027989,0,30,0,0.0,2.0,1.0,15.0,A01
201500027989,0,7,0,0.0,2.0,7.0,1.0,B01
201500027990,0,7,0,3.0,0.0,0.0,14.0,A01
201500027991,0,1,0,0.0,2.0,1.0,15.0,A01
201500027991,0,7,0,0.0,2.0,3.0,2.0,B01
201500027992,0,30,0,0.0,2.0,1.0,17.0,A01
201500027992,0,7,0,0.0,0.0,0.0,17.0,B01
201500027993,0,33,0,0.0,0.0,8.0,15.0,A01
201500027994,0,7,0,0.0,2.0,3.0,1.0,B01
201500027994,0,7,0,0.0,2.0,1.0,15.0,A01
201500027995,0,7,0,0.0,2.0,3.0,1.0,B01
201500027995,0,30,0,0.0,2.0,1.0,15.0,A01
201500027996,0,7,0,1.0,0.0,3.0,1.0,A01
201500027997,0,7,0,0.0,1.0,3.0,16.0,A01
201500027998,0,7,0,0.0,1.0,4.0,4.0,A01
201500027998,0,7,0,0.0,2.0,1.0,1.0,B01
201500027999,0,1,0,12.0,0.0,1.0,14.0,A01
201500028000,0,7,0,0.0,2.0,4.0,23.0,C01
201500028000,0,7,0,0.0,2.0,6.0,23.0,B01
201500028000,0,7,0,11.0,2.0,3.0,11.0,A01
201500028001,0,30,0,14.0,0.0,1.0,1.0,A01
201500028002,0,7,0,14.0,0.0,1.0,1.0,A01
201500028003,0,7,0,0.0,2.0,2.0,1.0,B01
201500028003,0,7,0,0.0,2.0,5.0,15.0,A01
201500028004,0,30,0,15.0,0.0,1.0,1.0,A01
201500028005,0,30,0,0.0,2.0,4.0,1.0,B01
201500028005,1,7,0,0.0,2.0,1.0,2.0,Z01
201500028006,0,7,0,0.0,1.0,2.0,16.0,A01
201500028007,0,7,0,0.0,1.0,1.0,1.0,A01
201500028008,0,7,0,0.0,2.0,3.0,15.0,A01
201500028008,0,31,0,0.0,2.0,8.0,1.0,B01
201500028009,0,30,0,0.0,2.0,1.0,1.0,A01
201500028009,0,7,0,0.0,2.0,4.0,1.0,B01
201500028010,0,7,0,0.0,2.0,3.0,13.0,A01
201500028010,0,7,0,0.0,2.0,1.0,1.0,B01
201500028011,0,30,0,0.0,0.0,8.0,1.0,A01
201500028012,0,30,0,14.0,0.0,3.0,1.0,A01
201500028013,0,7,0,6.0,0.0,1.0,1.0,A01
201500028014,0,7,0,0.0,2.0,6.0,15.0,A01
201500028014,0,2,0,0.0,2.0,1.0,2.0,B01
201500028015,0,1,0,0.0,2.0,8.0,15.0,B01
201500028015,0,7,0,0.0,2.0,1.0,1.0,A01
201500028016,0,33,0,0.0,0.0,7.0,1.0,A01
201500028017,0,7,0,0.0,0.0,1.0,1.0,B01
201500028017,0,7,0,0.0,2.0,2.0,15.0,A01
201500028018,0,7,0,0.0,2.0,1.0,2.0,B01
201500028018,0,7,0,0.0,2.0,6.0,9.0,A01
201500028019,0,30,0,0.0,2.0,1.0,2.0,A01
201500028019,0,10,0,0.0,2.0,4.0,1.0,B01
201500028020,0,30,0,0.0,0.0,0.0,1.0,A01
201500028021,0,1,0,0.0,2.0,0.0,1.0,A01
201500028021,0,7,0,0.0,0.0,7.0,9.0,B01
201500028022,0,14,0,0.0,0.0,0.0,13.0,A01
201500028022,0,7,0,13.0,2.0,8.0,1.0,B01
201500028023,0,30,0,12.0,0.0,1.0,1.0,A01
201500028024,0,7,0,0.0,1.0,5.0,4.0,A01
201500028025,0,10,0,0.0,1.0,1.0,1.0,A01
201500028026,0,30,0,0.0,0.0,0.0,1.0,A01
201500028027,0,7,0,0.0,1.0,2.0,1.0,A01
201500028028,0,7,0,0.0,2.0,2.0,1.0,B01
201500028028,0,30,0,0.0,2.0,3.0,15.0,A01
201500028029,0,2,0,0.0,1.0,1.0,1.0,A01
201500028030,0,7,0,0.0,2.0,7.0,1.0,B01
201500028030,0,7,0,0.0,2.0,1.0,9.0,A01
201500028031,0,7,0,0.0,2.0,3.0,1.0,B01
201500028031,0,10,0,0.0,2.0,3.0,15.0,A01
201500028032,0,7,0,0.0,1.0,1.0,1.0,A01
201500028033,0,32,0,0.0,0.0,7.0,1.0,B01
201500028033,0,10,0,0.0,2.0,1.0,9.0,A01
201500028034,0,7,0,11.0,0.0,3.0,13.0,A01
201500028035,0,7,0,14.0,0.0,3.0,16.0,A01
201500028036,0,7,0,0.0,2.0,1.0,1.0,A01
201500028036,0,7,0,0.0,1.0,4.0,1.0,B01
201500028037,0,10,0,0.0,1.0,0.0,1.0,A01
201500028038,0,7,0,0.0,1.0,2.0,15.0,A01
201500028039,0,7,0,0.0,1.0,6.0,4.0,A01
201500028040,0,10,0,9.0,0.0,1.0,1.0,A01
201500028041,0,7,0,0.0,2.0,3.0,9.0,A01
201500028041,0,30,0,0.0,0.0,7.0,15.0,B01
201500028042,0,7,0,0.0,1.0,1.0,1.0,A01
201500028043,0,7,0,0.0,9.0,3.0,15.0,A01
201500028043,0,1,0,0.0,2.0,1.0,16.0,B01
201500028044,0,7,0,14.0,0.0,4.0,23.0,C01
201500028044,0,7,0,0.0,2.0,4.0,1.0,A01
201500028044,0,7,0,0.0,0.0,4.0,23.0,B01
201500028045,0,2,0,0.0,2.0,8.0,2.0,B01
201500028045,0,7,0,0.0,2.0,2.0,16.0,A01
201500028046,0,2,0,0.0,2.0,5.0,2.0,A01
201500028046,0,7,0,0.0,0.0,5.0,23.0,B01
201500028047,0,2,0,0.0,0.0,0.0,1.0,A01
201500028048,0,1,0,0.0,1.0,1.0,1.0,A01
201500028049,0,2,0,12.0,0.0,1.0,1.0,A01
201500028050,0,1,0,0.0,0.0,0.0,1.0,A01
201500028051,0,7,0,0.0,2.0,4.0,23.0,B01
201500028051,0,7,0,0.0,2.0,1.0,1.0,A01
201500028052,0,7,0,0.0,1.0,1.0,16.0,A01
201500028053,0,30,0,0.0,2.0,1.0,1.0,B01
201500028053,0,7,0,0.0,2.0,7.0,15.0,A01
201500028054,0,7,0,13.0,0.0,0.0,13.0,A01
201500028055,0,31,0,0.0,2.0,1.0,17.0,B01
201500028055,0,7,0,0.0,0.0,6.0,15.0,A01
201500028056,0,1,0,0.0,2.0,3.0,11.0,A01
201500028056,0,7,0,0.0,2.0,2.0,17.0,B01
201500028057,0,13,0,0.0,2.0,1.0,2.0,A01
201500028057,0,10,0,0.0,2.0,4.0,23.0,B01
201500028058,0,7,0,0.0,2.0,3.0,9.0,A01
201500028058,0,2,0,0.0,2.0,2.0,0.0,B01
201500028059,0,7,0,0.0,2.0,2.0,19.0,A01
201500028059,0,33,0,0.0,2.0,5.0,1.0,B01
201500028060,0,1,0,0.0,2.0,7.0,1.0,A01
201500028060,0,7,0,0.0,9.0,1.0,9.0,B01
201500028061,0,2,0,0.0,2.0,1.0,2.0,A01
201500028061,0,7,0,0.0,2.0,4.0,2.0,B01
201500028062,0,7,0,0.0,1.0,1.0,1.0,A01
201500028063,0,30,0,0.0,2.0,1.0,15.0,B01
201500028063,0,7,0,0.0,0.0,2.0,1.0,A01
201500028064,0,30,0,1.0,0.0,1.0,1.0,A01
201500028065,0,2,0,0.0,2.0,1.0,18.0,A01
201500028065,0,7,0,0.0,2.0,5.0,15.0,B01
201500028066,0,10,0,0.0,1.0,5.0,4.0,A01
201500028067,0,33,0,0.0,2.0,1.0,2.0,A01
201500028067,0,7,0,0.0,2.0,4.0,23.0,B01
201500028068,0,2,0,1.0,0.0,1.0,13.0,A01
201500028068,0,7,0,0.0,2.0,4.0,24.0,B01
201500028069,0,2,0,0.0,2.0,1.0,1.0,B01
201500028069,0,7,0,0.0,2.0,7.0,15.0,A01
201500028070,0,10,0,6.0,0.0,1.0,14.0,A01
201500028071,0,7,0,0.0,1.0,4.0,23.0,B01
201500028071,0,7,0,0.0,2.0,1.0,2.0,A01
201500028072,0,7,0,0.0,2.0,4.0,2.0,B01
201500028072,0,38,0,0.0,2.0,2.0,2.0,A01
201500028073,0,7,0,0.0,2.0,1.0,2.0,C01
201500028073,0,7,0,0.0,2.0,1.0,1.0,B01
201500028073,0,7,0,0.0,2.0,3.0,19.0,A01
201500028074,0,7,0,0.0,2.0,4.0,23.0,B01
201500028074,0,7,0,0.0,2.0,1.0,1.0,A01
201500028075,0,7,0,0.0,2.0,3.0,15.0,A01
201500028075,0,2,0,0.0,2.0,1.0,1.0,B01
201500028076,0,7,0,0.0,2.0,3.0,15.0,A01
201500028076,0,7,0,0.0,2.0,3.0,1.0,B01
201500028077,0,1,0,16.0,0.0,7.0,1.0,A01
201500028078,0,7,0,0.0,1.0,2.0,1.0,A01
201500028079,0,7,0,0.0,2.0,1.0,2.0,A01
201500028079,0,7,0,0.0,2.0,4.0,23.0,B01
201500028080,0,7,0,0.0,1.0,2.0,1.0,A01
201500028081,0,7,0,0.0,2.0,1.0,23.0,A01
201500028081,0,7,0,0.0,0.0,0.0,2.0,B01
201500028082,0,7,0,0.0,0.0,4.0,23.0,A01
201500028082,0,7,0,14.0,0.0,1.0,2.0,C01
201500028082,0,10,0,14.0,0.0,4.0,23.0,B01
201500028083,0,7,0,0.0,0.0,0.0,1.0,B01
201500028083,0,7,0,0.0,2.0,1.0,13.0,A01
201500028084,0,7,0,0.0,1.0,3.0,15.0,A01
201500028085,0,7,0,0.0,2.0,1.0,13.0,A01
201500028085,0,10,0,0.0,2.0,0.0,1.0,B01
201500028086,0,7,0,0.0,2.0,2.0,9.0,A01
201500028086,0,1,0,0.0,2.0,1.0,1.0,B01
201500028087,0,7,0,0.0,2.0,2.0,15.0,A01
201500028087,0,2,0,0.0,2.0,0.0,1.0,B01
201500028088,0,2,0,0.0,0.0,7.0,1.0,A01
201500028089,0,7,0,14.0,0.0,1.0,2.0,C01
201500028089,0,7,0,14.0,0.0,4.0,23.0,B01
201500028089,0,7,0,0.0,0.0,4.0,23.0,A01
201500028090,0,7,0,0.0,1.0,0.0,1.0,A01
201500028091,0,1,0,0.0,2.0,1.0,9.0,B01
201500028091,0,3,0,0.0,9.0,3.0,9.0,A01
201500028092,0,7,0,0.0,2.0,1.0,6.0,A01
201500028092,0,7,0,0.0,2.0,5.0,1.0,B01
201500028093,0,10,0,0.0,1.0,2.0,15.0,A01
201500028094,0,7,0,13.0,0.0,9.0,1.0,A01
201500028095,0,1,0,0.0,2.0,0.0,2.0,B01
201500028095,0,7,0,0.0,2.0,7.0,16.0,A01
201500028096,0,7,0,0.0,2.0,2.0,15.0,A01
201500028096,0,1,0,0.0,2.0,1.0,1.0,B01
201500028097,0,7,0,0.0,2.0,0.0,16.0,A01
201500028097,0,7,0,0.0,2.0,0.0,0.0,B01
201500028098,0,7,0,0.0,2.0,3.0,17.0,A01
201500028098,0,33,0,0.0,2.0,7.0,17.0,B01
201500028099,0,7,0,0.0,2.0,2.0,16.0,A01
201500028099,0,1,0,0.0,2.0,6.0,16.0,B01
201500028100,0,1,0,0.0,2.0,8.0,19.0,A01
201500028100,0,7,0,0.0,9.0,2.0,17.0,B01
201500028101,0,7,0,0.0,2.0,3.0,1.0,A01
201500028101,0,7,0,0.0,2.0,8.0,15.0,B01
201500028102,0,7,0,13.0,0.0,2.0,21.0,A01
201500028103,0,7,0,0.0,2.0,1.0,2.0,A01
201500028103,0,7,0,0.0,2.0,4.0,23.0,B01
201500028104,0,7,0,0.0,1.0,3.0,16.0,A01
201500028105,0,10,0,0.0,1.0,1.0,1.0,A01
201500028106,0,33,0,3.0,0.0,8.0,1.0,A01
201500028107,0,17,0,13.0,0.0,2.0,14.0,A01
201500028108,0,7,0,0.0,2.0,3.0,9.0,A01
201500028108,0,1,0,0.0,2.0,4.0,1.0,B01
201500028109,0,7,0,0.0,1.0,1.0,16.0,A01
201500028110,0,30,0,0.0,2.0,0.0,17.0,A01
201500028110,0,7,0,0.0,2.0,3.0,1.0,B01
201500028110,0,7,0,0.0,2.0,0.0,15.0,C01
201500028111,0,7,0,0.0,1.0,3.0,1.0,A01
201500028112,0,7,0,0.0,1.0,1.0,0.0,A01
201500028113,0,7,0,0.0,2.0,1.0,1.0,A01
201500028113,0,31,0,0.0,2.0,4.0,1.0,B01
201500028114,0,10,0,0.0,2.0,6.0,9.0,B01
201500028114,0,33,0,0.0,2.0,1.0,0.0,A01
201500028115,1,7,0,0.0,1.0,1.0,1.0,A01
201500028116,0,2,0,0.0,2.0,4.0,0.0,A01
201500028116,1,7,0,0.0,2.0,2.0,2.0,B01
201500028117,0,33,0,3.0,0.0,8.0,1.0,A01
201500028118,0,14,0,0.0,1.0,5.0,1.0,A01
201500028119,0,7,0,0.0,2.0,8.0,1.0,C01
201500028119,0,7,0,0.0,2.0,1.0,13.0,A01
201500028119,0,10,0,0.0,2.0,1.0,1.0,B01
201500028119,0,7,0,2.0,0.0,5.0,14.0,D01
201500028120,0,30,0,0.0,2.0,1.0,0.0,A01
201500028120,0,7,0,0.0,2.0,7.0,1.0,B01
201500028121,0,7,0,8.0,0.0,8.0,0.0,A01
201500028122,0,10,0,0.0,1.0,5.0,4.0,A01
201500028123,0,7,0,0.0,1.0,3.0,0.0,A01
201500028124,0,10,0,0.0,1.0,2.0,16.0,A01
201500028125,0,33,0,12.0,0.0,7.0,1.0,A01
201500028126,0,3,0,8.0,1.0,1.0,1.0,A01
201500028127,1,33,0,0.0,1.0,0.0,0.0,A01
201500028128,1,7,0,0.0,2.0,2.0,0.0,B02
201500028128,0,7,0,15.0,2.0,5.0,1.0,A01
201500028129,0,7,0,0.0,1.0,1.0,1.0,A01
201500028130,0,7,0,0.0,2.0,6.0,15.0,B01
201500028130,0,33,0,0.0,2.0,1.0,17.0,A01
201500028131,0,7,0,0.0,1.0,2.0,1.0,A01
201500028132,0,7,0,0.0,2.0,8.0,0.0,B01
201500028132,2,7,0,0.0,2.0,1.0,1.0,A01
201500028133,0,7,0,0.0,2.0,8.0,10.0,A01
201500028133,0,33,0,0.0,2.0,1.0,21.0,B01
201500028134,0,7,0,0.0,2.0,1.0,0.0,A01
201500028134,0,31,0,0.0,2.0,7.0,0.0,B01
201500028135,0,7,0,1.0,1.0,1.0,9.0,A01
201500028136,0,7,0,0.0,2.0,8.0,10.0,A01
201500028136,0,33,0,0.0,2.0,1.0,2.0,B01
201500028137,0,7,0,0.0,0.0,5.0,16.0,B01
201500028137,0,33,0,0.0,2.0,1.0,2.0,A01
201500028138,0,7,0,0.0,1.0,3.0,1.0,A01
201500028139,0,7,0,0.0,1.0,2.0,1.0,A01
201500028140,0,10,0,0.0,2.0,8.0,1.0,A01
201500028140,0,32,0,0.0,2.0,1.0,1.0,B01
201500028141,0,7,0,0.0,1.0,7.0,0.0,A01
201500028142,0,10,0,0.0,1.0,3.0,15.0,A01
201500028143,0,7,0,0.0,2.0,1.0,9.0,A01
201500028143,0,1,0,0.0,2.0,7.0,1.0,B01
201500028144,0,7,0,0.0,1.0,3.0,1.0,A01
201500028145,0,7,0,0.0,2.0,0.0,0.0,A01
201500028145,0,30,0,0.0,2.0,0.0,0.0,B01
201500028146,0,2,0,0.0,2.0,1.0,1.0,A01
201500028146,0,37,0,0.0,2.0,8.0,1.0,B01
201500028147,0,7,0,0.0,2.0,1.0,16.0,A01
201500028147,0,31,0,0.0,2.0,8.0,15.0,B01
201500028148,1,2,0,0.0,1.0,2.0,1.0,A01
201500028149,1,99,0,0.0,2.0,1.0,2.0,A01
201500028149,0,7,0,0.0,2.0,4.0,1.0,B01
201500028150,0,3,0,0.0,1.0,4.0,4.0,A01
201500028151,0,7,0,0.0,2.0,8.0,1.0,B01
201500028151,1,10,0,0.0,2.0,7.0,17.0,A01
201500028151,0,7,0,0.0,2.0,4.0,1.0,C01
201500028152,0,40,2,0.0,1.0,1.0,0.0,A01
201500028153,0,7,0,0.0,2.0,4.0,2.0,B01
201500028153,0,7,0,0.0,2.0,1.0,2.0,A01
201500028154,0,1,0,0.0,2.0,0.0,0.0,A01
201500028154,1,7,0,0.0,2.0,0.0,0.0,C01
201500028154,0,1,0,0.0,2.0,0.0,0.0,B01
201500028155,2,7,0,0.0,2.0,1.0,0.0,A01
201500028155,0,7,0,0.0,2.0,1.0,0.0,B01
201500028156,0,7,0,0.0,1.0,2.0,14.0,A01
201500028157,0,7,0,0.0,2.0,1.0,9.0,A01
201500028157,0,31,0,0.0,2.0,8.0,0.0,B01
201500028158,0,7,0,0.0,2.0,2.0,1.0,B01
201500028158,0,7,0,0.0,2.0,3.0,13.0,A01
201500028159,0,7,0,0.0,1.0,1.0,1.0,A01
201500028160,0,7,0,0.0,1.0,8.0,1.0,A01
201500028161,0,7,0,0.0,2.0,3.0,1.0,B01
201500028161,0,7,0,0.0,2.0,1.0,16.0,A01
201500028162,0,2,0,0.0,2.0,1.0,1.0,B01
201500028162,0,10,0,0.0,2.0,6.0,10.0,A01
201500028163,0,30,0,0.0,2.0,1.0,1.0,B01
201500028163,0,1,0,0.0,2.0,1.0,0.0,C01
201500028163,0,7,0,0.0,2.0,2.0,15.0,A01
201500028164,0,10,0,0.0,0.0,0.0,15.0,A01
201500028164,0,7,0,1.0,0.0,1.0,21.0,B01
201500028165,0,7,0,0.0,2.0,7.0,17.0,A01
201500028165,0,1,0,0.0,2.0,8.0,1.0,B01
201500028166,1,34,0,0.0,1.0,0.0,0.0,Z01
201500028167,0,33,0,0.0,2.0,1.0,1.0,A01
201500028167,0,7,0,0.0,2.0,1.0,1.0,C01
201500028167,0,33,0,0.0,2.0,8.0,1.0,B01
201500028168,0,20,0,0.0,2.0,6.0,1.0,B01
201500028168,2,7,0,0.0,2.0,1.0,17.0,A01
201500028169,2,7,0,0.0,2.0,1.0,2.0,Z01
201500028169,0,7,0,0.0,2.0,6.0,10.0,A01
201500028170,0,2,0,0.0,2.0,0.0,0.0,B01
201500028170,0,7,0,0.0,2.0,3.0,1.0,A01
201500028171,0,10,0,0.0,1.0,0.0,0.0,A01
201500028172,0,7,0,0.0,1.0,1.0,15.0,A01
201500028173,0,7,0,0.0,2.0,8.0,15.0,B01
201500028173,0,33,0,0.0,2.0,1.0,17.0,A01
201500028174,0,7,0,8.0,0.0,1.0,13.0,A01
201500028175,0,7,0,0.0,2.0,1.0,1.0,B01
201500028175,0,7,0,0.0,0.0,6.0,15.0,A01
201500028176,0,33,0,0.0,2.0,4.0,23.0,B01
201500028176,0,7,0,14.0,2.0,1.0,2.0,A01
201500028177,0,1,0,0.0,2.0,1.0,19.0,A01
201500028177,0,1,0,0.0,2.0,1.0,1.0,B01
201500028178,0,7,0,2.0,2.0,8.0,1.0,B01
201500028178,0,7,0,2.0,2.0,1.0,13.0,A01
201500028179,0,21,0,0.0,2.0,4.0,1.0,A01
201500028179,0,10,0,0.0,2.0,1.0,1.0,B01
201500028180,0,7,0,0.0,1.0,5.0,22.0,A01
201500028181,0,7,0,0.0,2.0,4.0,2.0,C01
201500028181,0,7,0,0.0,2.0,4.0,2.0,B01
201500028181,0,7,0,0.0,2.0,1.0,1.0,A01
201500028182,0,7,0,0.0,2.0,3.0,15.0,A01
201500028182,0,7,0,0.0,2.0,7.0,17.0,B01
201500028183,0,7,0,0.0,1.0,1.0,1.0,A01
201500028184,0,2,0,0.0,2.0,8.0,1.0,B01
201500028184,0,10,0,0.0,0.0,0.0,0.0,A01
201500028184,0,7,0,0.0,2.0,8.0,23.0,C01
201500028185,0,34,0,0.0,1.0,1.0,1.0,A01
201500028186,0,7,0,0.0,1.0,7.0,1.0,A01
201500028187,0,7,0,0.0,2.0,1.0,15.0,A01
201500028187,0,1,0,0.0,2.0,1.0,1.0,B01
201500028188,0,7,0,0.0,0.0,4.0,23.0,B01
201500028188,0,7,0,0.0,2.0,1.0,2.0,A01
201500028189,0,7,0,0.0,2.0,3.0,15.0,A01
201500028189,0,2,0,0.0,2.0,0.0,0.0,B01
201500028190,0,7,0,0.0,2.0,1.0,2.0,C01
201500028190,0,7,0,0.0,2.0,1.0,13.0,A01
201500028190,0,7,0,0.0,2.0,8.0,2.0,B01
201500028191,0,7,0,0.0,1.0,2.0,0.0,A01
201500028192,0,10,0,0.0,2.0,3.0,15.0,A01
201500028192,0,2,0,0.0,2.0,1.0,1.0,B01
201500028193,0,2,0,0.0,2.0,1.0,1.0,B01
201500028193,0,7,0,0.0,2.0,1.0,15.0,A01
201500028194,0,15,0,0.0,2.0,3.0,1.0,B01
201500028194,0,7,0,0.0,2.0,5.0,16.0,A01
201500028195,0,7,0,0.0,2.0,0.0,0.0,B01
201500028195,0,7,0,0.0,2.0,3.0,0.0,A01
201500028196,0,7,0,0.0,2.0,2.0,15.0,A01
201500028196,0,7,0,0.0,2.0,1.0,1.0,B01
201500028197,0,7,0,0.0,2.0,1.0,1.0,A01
201500028197,0,7,0,0.0,2.0,3.0,15.0,B01
201500028198,0,30,0,1.0,0.0,1.0,21.0,B01
201500028198,0,7,0,0.0,0.0,0.0,9.0,A01
201500028199,0,7,0,0.0,2.0,3.0,9.0,A01
201500028199,0,30,0,0.0,2.0,1.0,0.0,B01
201500028200,0,7,0,0.0,2.0,1.0,15.0,A01
201500028200,0,1,0,0.0,2.0,1.0,1.0,B01
201500028201,0,7,0,0.0,2.0,4.0,23.0,B01
201500028201,0,10,0,0.0,2.0,1.0,1.0,A01
201500028201,0,7,0,0.0,2.0,4.0,23.0,C01
201500028202,0,7,0,0.0,2.0,7.0,1.0,A01
201500028202,0,30,0,0.0,2.0,1.0,7.0,B01
201500028203,0,7,0,0.0,1.0,1.0,1.0,A01
201500028204,0,7,0,0.0,2.0,3.0,1.0,B01
201500028204,0,7,0,0.0,2.0,2.0,1.0,A01
201500028205,0,7,0,0.0,2.0,1.0,2.0,A01
201500028205,0,7,0,0.0,2.0,4.0,2.0,B01
201500028206,0,7,0,0.0,1.0,2.0,1.0,A01
201500028207,0,33,0,0.0,2.0,7.0,1.0,A01
201500028207,0,7,0,0.0,2.0,4.0,0.0,B01