Num_Acc,senc,catv,occutc,obs,obsm,choc,manv,num_veh
201500028208,0,7,0,0.0,1.0,2.0,1.0,A01
201500028209,0,37,0,0.0,2.0,2.0,0.0,B01
201500028209,0,1,0,0.0,2.0,3.0,15.0,A01
201500028210,0,7,0,0.0,1.0,3.0,1.0,A01
201500028211,0,10,0,0.0,1.0,1.0,15.0,A01
201500028212,0,7,0,0.0,2.0,7.0,15.0,A01
201500028212,0,31,0,0.0,2.0,1.0,1.0,B01
201500028213,0,10,0,0.0,1.0,2.0,1.0,A01
201500028214,0,10,0,0.0,2.0,2.0,20.0,A01
201500028214,0,7,0,0.0,2.0,8.0,1.0,B01
201500028215,0,7,0,0.0,2.0,1.0,1.0,A01
201500028215,0,7,0,0.0,2.0,1.0,1.0,B01
201500028216,0,7,0,0.0,2.0,3.0,0.0,A01
201500028216,0,7,0,0.0,2.0,1.0,0.0,B01
201500028217,0,1,0,0.0,2.0,0.0,0.0,B01
201500028217,0,7,0,0.0,2.0,0.0,0.0,A01
201500028218,0,7,0,0.0,2.0,2.0,2.0,A01
201500028218,0,7,0,0.0,2.0,6.0,14.0,B01
201500028218,0,7,0,0.0,0.0,5.0,13.0,C01
201500028219,0,7,0,0.0,0.0,7.0,1.0,B01
201500028219,0,1,0,0.0,2.0,1.0,0.0,A01
201500028220,0,1,0,0.0,2.0,1.0,1.0,B01
201500028220,0,7,0,0.0,0.0,8.0,15.0,A01
201500028221,0,2,0,0.0,2.0,1.0,1.0,B01
201500028221,0,7,0,0.0,2.0,5.0,15.0,A01
201500028222,0,7,0,0.0,2.0,3.0,0.0,B01
201500028222,0,7,0,0.0,2.0,2.0,0.0,A01
201500028223,0,7,0,0.0,2.0,4.0,23.0,B01
201500028223,0,7,0,0.0,2.0,1.0,2.0,A01
201500028224,0,7,0,0.0,2.0,5.0,15.0,A01
201500028224,0,7,0,0.0,2.0,2.0,1.0,B01
201500028225,0,7,0,0.0,0.0,8.0,10.0,A01
201500028225,0,7,0,0.0,2.0,2.0,13.0,B01
201500028226,0,7,0,0.0,2.0,1.0,1.0,B01
201500028226,0,7,0,0.0,2.0,8.0,15.0,A01
201500028227,0,7,0,7.0,0.0,1.0,1.0,A01
201500028228,0,7,0,0.0,2.0,1.0,1.0,B01
201500028228,0,1,0,0.0,2.0,8.0,19.0,A01
201500028229,0,10,0,0.0,2.0,3.0,1.0,A01
201500028229,0,7,0,0.0,2.0,4.0,9.0,B01
201500028230,0,7,0,0.0,2.0,8.0,1.0,B01
201500028230,0,7,0,6.0,2.0,3.0,13.0,A01
201500028231,0,10,0,6.0,0.0,1.0,0.0,A01
201500028232,0,7,0,0.0,2.0,4.0,2.0,A01
201500028232,0,1,0,0.0,2.0,4.0,2.0,B01
201500028233,0,7,0,14.0,2.0,3.0,2.0,A01
201500028233,0,7,0,0.0,2.0,5.0,23.0,B01
201500028234,0,7,0,0.0,1.0,1.0,1.0,A01
201500028235,0,7,0,0.0,1.0,1.0,1.0,A01
201500028236,0,7,0,0.0,1.0,1.0,1.0,A01
201500028237,0,10,0,0.0,1.0,2.0,1.0,A01
201500028238,0,7,0,4.0,0.0,2.0,1.0,A01
201500028239,0,10,0,0.0,1.0,3.0,15.0,A01
201500028240,0,1,0,0.0,1.0,1.0,1.0,A01
201500028241,0,7,0,0.0,2.0,1.0,2.0,A01
201500028241,0,7,0,0.0,2.0,4.0,23.0,B01
201500028241,0,7,0,0.0,2.0,4.0,23.0,C01
201500028242,0,7,0,2.0,0.0,1.0,1.0,A01
201500028243,0,7,0,0.0,2.0,1.0,10.0,A01
201500028243,0,33,0,0.0,2.0,1.0,0.0,B01
201500028244,0,10,0,0.0,2.0,2.0,15.0,A01
201500028244,0,7,0,0.0,2.0,1.0,1.0,B01
201500028245,0,10,0,0.0,2.0,4.0,9.0,A01
201500028245,0,2,0,0.0,2.0,1.0,1.0,B01
201500028246,0,2,0,0.0,0.0,0.0,1.0,A01
201500028247,0,10,0,0.0,2.0,1.0,1.0,A01
201500028247,0,7,0,0.0,2.0,7.0,1.0,B01
201500028248,0,1,0,0.0,2.0,8.0,0.0,B01
201500028248,0,10,0,0.0,2.0,1.0,1.0,A01
201500028249,0,33,0,0.0,2.0,1.0,17.0,A01
201500028249,0,7,0,0.0,2.0,7.0,15.0,B01
201500028250,0,7,0,0.0,1.0,0.0,0.0,A01
201500028251,0,7,0,0.0,1.0,2.0,1.0,A01
201500028252,0,7,0,0.0,2.0,1.0,2.0,B01
201500028252,0,7,0,0.0,2.0,4.0,23.0,A01
201500028253,0,1,0,0.0,2.0,1.0,1.0,B01
201500028253,0,7,0,0.0,2.0,2.0,15.0,A01
201500028254,0,2,0,0.0,2.0,7.0,1.0,A01
201500028254,0,7,0,0.0,2.0,1.0,1.0,B01
201500028255,0,7,0,0.0,0.0,4.0,2.0,B01
201500028255,0,7,0,0.0,2.0,1.0,2.0,A01
201500028256,0,7,0,0.0,0.0,0.0,0.0,A01
201500028256,0,7,0,0.0,2.0,4.0,23.0,B01
201500028257,0,7,0,0.0,1.0,1.0,1.0,A01
201500028258,0,7,0,0.0,2.0,1.0,13.0,A01
201500028258,0,7,0,0.0,2.0,1.0,21.0,B01
201500028259,0,7,0,2.0,0.0,1.0,14.0,A01
201500028260,0,7,0,0.0,0.0,0.0,0.0,C01
201500028260,0,7,0,0.0,2.0,4.0,23.0,B01
201500028260,0,7,0,0.0,2.0,4.0,23.0,A01
201500028261,0,7,0,6.0,0.0,5.0,4.0,A01
201500028262,0,14,0,0.0,1.0,3.0,15.0,A01
201500028263,0,7,0,0.0,2.0,1.0,21.0,A01
201500028263,0,7,0,0.0,2.0,4.0,1.0,B01
201500028264,0,7,0,0.0,2.0,6.0,23.0,B01
201500028264,0,7,0,0.0,2.0,2.0,14.0,A01
201500028265,0,7,0,0.0,2.0,1.0,1.0,B01
201500028265,0,7,0,0.0,2.0,1.0,13.0,A01
201500028266,0,1,0,0.0,2.0,1.0,1.0,B01
201500028266,0,7,0,0.0,2.0,1.0,15.0,A01
201500028267,0,15,0,0.0,0.0,0.0,0.0,A01
201500028268,0,7,0,0.0,1.0,8.0,1.0,A01
201500028269,0,7,0,0.0,2.0,1.0,1.0,B01
201500028269,0,2,0,0.0,2.0,7.0,21.0,A01
201500028270,0,30,0,0.0,2.0,8.0,0.0,B01
201500028270,0,10,0,0.0,2.0,7.0,17.0,A01
201500028271,0,7,0,0.0,2.0,7.0,17.0,A01
201500028271,0,14,0,0.0,2.0,3.0,15.0,B01
201500028272,0,7,0,0.0,2.0,1.0,1.0,B01
201500028272,0,10,0,0.0,2.0,3.0,21.0,C01
201500028272,0,7,0,0.0,2.0,8.0,1.0,A01
201500028273,0,7,0,0.0,2.0,2.0,16.0,A01
201500028273,0,1,0,0.0,2.0,1.0,21.0,B01
201500028274,0,33,0,0.0,2.0,1.0,21.0,A01
201500028274,0,7,0,0.0,2.0,4.0,23.0,B01
201500028275,0,7,0,3.0,0.0,1.0,14.0,A01
201500028276,0,7,0,0.0,2.0,3.0,1.0,B01
201500028276,0,7,0,0.0,2.0,3.0,13.0,A01
201500028277,0,33,0,0.0,6.0,1.0,1.0,A01
201500028278,0,7,0,0.0,0.0,1.0,13.0,A01
201500028279,0,7,0,0.0,2.0,1.0,21.0,A01
201500028279,0,7,0,0.0,2.0,4.0,23.0,B01
201500028280,0,7,0,0.0,2.0,7.0,16.0,A01
201500028280,0,1,0,0.0,2.0,1.0,1.0,B01
201500028281,0,7,0,0.0,2.0,4.0,23.0,C01
201500028281,0,7,0,0.0,2.0,1.0,21.0,A01
201500028281,0,7,0,0.0,2.0,4.0,23.0,B01
201500028282,0,7,0,8.0,0.0,1.0,14.0,A01
201500028283,0,1,0,0.0,2.0,1.0,1.0,B01
201500028283,0,17,0,0.0,2.0,7.0,16.0,A01
201500028284,0,7,0,0.0,1.0,1.0,15.0,A01
201500028285,0,7,0,0.0,2.0,1.0,1.0,A01
201500028285,0,7,0,0.0,2.0,4.0,23.0,B01
201500028286,0,2,0,8.0,0.0,1.0,14.0,A01
201500028287,0,2,0,0.0,0.0,0.0,0.0,A01
201500028288,0,7,0,0.0,1.0,4.0,4.0,A01
201500028289,0,7,0,0.0,2.0,0.0,0.0,B01
201500028289,0,7,0,0.0,2.0,3.0,0.0,A01
201500028290,0,1,0,0.0,0.0,0.0,0.0,B01
201500028290,0,7,0,0.0,9.0,3.0,1.0,A01
201500028291,1,7,0,0.0,1.0,1.0,1.0,A01
201500028292,0,10,0,0.0,2.0,0.0,0.0,B01
201500028292,0,7,0,0.0,2.0,0.0,0.0,C01
201500028292,0,7,0,0.0,2.0,1.0,1.0,A01
201500028293,0,7,0,0.0,2.0,6.0,1.0,B01
201500028293,0,7,0,0.0,2.0,1.0,1.0,C01
201500028293,0,15,0,0.0,2.0,6.0,1.0,A01
201500028294,0,2,0,0.0,2.0,1.0,1.0,A01
201500028294,0,7,0,0.0,0.0,0.0,0.0,B01
201500028295,0,2,0,0.0,2.0,4.0,0.0,B01
201500028295,0,7,0,0.0,2.0,1.0,2.0,A01
201500028296,0,7,0,0.0,1.0,2.0,0.0,A01
201500028297,0,7,0,0.0,2.0,1.0,0.0,A01
201500028297,0,2,0,0.0,2.0,0.0,0.0,B01
201500028298,0,7,0,0.0,0.0,3.0,15.0,A01
201500028298,0,7,0,0.0,0.0,3.0,1.0,B01
201500028299,0,7,0,2.0,0.0,1.0,13.0,A01
201500028300,0,7,0,0.0,0.0,0.0,0.0,A01
201500028301,0,1,0,0.0,2.0,1.0,19.0,A01
201500028301,0,7,0,0.0,0.0,5.0,15.0,B01
201500028302,0,33,0,0.0,0.0,3.0,1.0,A01
201500028303,0,7,0,0.0,1.0,2.0,1.0,A01
201500028304,0,7,0,2.0,0.0,1.0,2.0,A01
201500028305,0,7,0,0.0,1.0,3.0,15.0,A01
201500028306,0,13,0,0.0,1.0,5.0,4.0,A01
201500028307,0,7,0,0.0,2.0,1.0,1.0,A01
201500028307,0,1,0,0.0,2.0,7.0,0.0,B01
201500028308,0,1,0,0.0,2.0,1.0,1.0,B01
201500028308,0,1,0,0.0,2.0,1.0,1.0,C01
201500028308,0,1,0,0.0,2.0,1.0,1.0,D01
201500028308,0,1,0,0.0,2.0,1.0,0.0,E01
201500028308,0,1,0,0.0,2.0,1.0,1.0,F01
201500028308,0,1,0,0.0,0.0,0.0,0.0,G02
201500028308,0,1,0,0.0,2.0,1.0,1.0,H02
201500028308,0,1,0,0.0,2.0,1.0,1.0,I02
201500028308,0,1,0,0.0,2.0,1.0,1.0,J02
201500028308,0,1,0,0.0,2.0,1.0,1.0,K02
201500028308,0,7,0,0.0,2.0,1.0,13.0,A03
201500028308,0,1,0,0.0,2.0,1.0,1.0,L03
201500028308,0,1,0,0.0,2.0,1.0,1.0,M03
201500028309,0,33,0,11.0,0.0,1.0,0.0,A01
201500028310,0,17,0,0.0,2.0,3.0,0.0,A01
201500028310,0,10,0,0.0,2.0,3.0,1.0,B01
201500028311,0,33,0,0.0,2.0,1.0,1.0,A01
201500028311,0,7,0,0.0,0.0,5.0,11.0,B01
201500028312,0,7,0,0.0,1.0,4.0,4.0,A01
201500028313,0,1,0,0.0,1.0,0.0,0.0,A01
201500028314,0,2,0,0.0,2.0,1.0,13.0,A01
201500028314,0,7,0,0.0,2.0,3.0,1.0,B01
201500028315,0,7,0,0.0,9.0,1.0,9.0,A01
201500028315,0,1,0,0.0,2.0,5.0,2.0,B01
201500028316,0,30,0,0.0,2.0,1.0,19.0,A01
201500028316,0,7,0,0.0,2.0,2.0,19.0,B01
201500028317,0,7,0,0.0,0.0,0.0,0.0,A01
201500028317,0,33,0,0.0,2.0,0.0,0.0,B01
201500028318,0,37,1,0.0,1.0,2.0,15.0,A01
201500028319,0,7,0,15.0,1.0,1.0,13.0,A01
201500028320,0,2,0,12.0,0.0,1.0,9.0,A01
201500028321,0,7,0,0.0,0.0,0.0,0.0,A01
201500028321,0,7,0,0.0,0.0,0.0,0.0,B01
201500028322,0,7,0,0.0,1.0,2.0,1.0,A01
201500028323,0,37,1,0.0,1.0,3.0,1.0,A01
201500028324,0,7,0,0.0,1.0,0.0,1.0,A01
201500028325,0,7,0,0.0,2.0,1.0,13.0,A01
201500028325,0,7,0,0.0,2.0,1.0,1.0,B01
201500028326,1,7,0,0.0,1.0,1.0,19.0,A01
201500028327,0,7,0,0.0,1.0,4.0,4.0,A01
201500028328,0,7,0,0.0,1.0,2.0,1.0,A01
201500028329,0,7,0,0.0,1.0,1.0,1.0,A01
201500028330,0,7,0,0.0,2.0,1.0,1.0,B01
201500028330,0,7,0,0.0,2.0,1.0,5.0,A01
201500028331,0,33,0,0.0,0.0,8.0,1.0,A01
201500028332,0,7,0,0.0,2.0,1.0,19.0,B01
201500028332,0,7,0,0.0,2.0,8.0,19.0,A01
201500028333,0,7,0,0.0,1.0,1.0,2.0,A01
201500028334,1,7,0,0.0,1.0,0.0,0.0,A01
201500028335,0,7,0,8.0,0.0,7.0,6.0,A01
201500028336,0,7,0,0.0,2.0,7.0,15.0,A01
201500028336,0,33,0,0.0,2.0,1.0,1.0,B01
201500028337,0,37,1,0.0,1.0,5.0,0.0,A01
201500028338,0,7,0,2.0,0.0,9.0,1.0,A01
201500028339,0,7,0,0.0,1.0,2.0,15.0,A01
201500028340,0,7,0,0.0,1.0,1.0,1.0,A01
201500028341,0,7,0,3.0,0.0,1.0,14.0,A01
201500028342,0,10,0,0.0,1.0,6.0,1.0,A01
201500028343,0,30,0,3.0,0.0,2.0,13.0,A01
201500028344,0,7,0,2.0,0.0,0.0,5.0,A01
201500028345,0,15,0,0.0,0.0,0.0,0.0,B01
201500028345,0,33,0,0.0,2.0,1.0,13.0,A01
201500028345,0,7,0,0.0,0.0,0.0,0.0,C01
201500028346,0,7,0,0.0,0.0,0.0,0.0,B01
201500028346,0,7,0,13.0,0.0,7.0,14.0,A01
201500028347,0,7,0,0.0,2.0,1.0,0.0,A01
201500028347,0,1,0,0.0,2.0,1.0,0.0,B01
201500028348,1,10,0,0.0,1.0,8.0,2.0,A01
201500028349,0,7,0,0.0,1.0,1.0,2.0,A01
201500028350,0,7,0,13.0,0.0,1.0,0.0,A01
201500028351,0,7,0,0.0,2.0,1.0,1.0,A01
201500028351,0,7,0,0.0,0.0,4.0,0.0,B01
201500028352,0,7,0,0.0,2.0,2.0,1.0,A01
201500028352,0,7,0,0.0,2.0,1.0,9.0,B01
201500028353,0,7,0,0.0,1.0,1.0,9.0,A01
201500028354,0,7,0,0.0,2.0,1.0,1.0,A01
201500028354,0,7,0,0.0,2.0,4.0,13.0,B01
201500028355,0,7,0,0.0,0.0,7.0,1.0,A01
201500028355,0,7,0,0.0,2.0,9.0,1.0,C01
201500028355,0,7,0,0.0,2.0,9.0,1.0,B01
201500028356,0,7,0,0.0,2.0,3.0,15.0,A01
201500028356,0,7,0,0.0,2.0,3.0,1.0,B01
201500028357,0,7,0,0.0,1.0,2.0,15.0,A01
201500028358,2,1,0,0.0,2.0,1.0,1.0,X01
201500028358,2,7,0,7.0,2.0,4.0,0.0,B01
201500028359,0,7,0,0.0,2.0,3.0,0.0,A01
201500028359,0,7,0,0.0,2.0,2.0,0.0,B01
201500028360,0,7,0,0.0,2.0,1.0,5.0,A01
201500028360,0,7,0,0.0,2.0,1.0,0.0,B01
201500028361,0,7,0,0.0,2.0,7.0,0.0,B01
201500028361,0,7,0,0.0,2.0,1.0,0.0,A01
201500028362,0,7,0,15.0,0.0,9.0,0.0,A01
201500028363,0,7,0,13.0,0.0,1.0,1.0,A01
201500028364,0,33,0,16.0,0.0,9.0,17.0,A01
201500028365,0,7,0,0.0,1.0,3.0,1.0,A01
201500028366,0,7,0,0.0,2.0,1.0,1.0,A01
201500028366,0,7,0,0.0,2.0,4.0,2.0,B01
201500028367,0,7,0,3.0,0.0,9.0,1.0,A01
201500028368,0,7,0,0.0,2.0,4.0,2.0,A01
201500028368,0,7,0,0.0,2.0,1.0,2.0,B01
201500028368,0,7,0,0.0,2.0,1.0,2.0,C01
201500028369,0,7,0,0.0,1.0,2.0,1.0,A01
201500028370,0,7,0,0.0,2.0,3.0,13.0,A01
201500028370,0,7,0,0.0,2.0,3.0,0.0,B01
201500028371,0,7,0,0.0,1.0,0.0,0.0,A01
201500028372,0,31,0,0.0,0.0,0.0,0.0,A01
201500028373,0,7,0,0.0,0.0,0.0,0.0,B01
201500028373,0,7,0,0.0,0.0,0.0,0.0,A01
201500028373,0,7,0,0.0,0.0,0.0,0.0,C01
201500028374,0,31,0,0.0,2.0,1.0,14.0,B01
201500028374,0,7,0,0.0,2.0,4.0,15.0,A01
201500028375,0,7,0,0.0,2.0,1.0,2.0,D01
201500028375,0,7,0,0.0,0.0,0.0,0.0,E01
201500028375,0,7,0,0.0,2.0,1.0,1.0,C01
201500028375,0,7,0,0.0,2.0,4.0,1.0,A01
201500028375,0,7,0,0.0,2.0,1.0,1.0,B01
201500028376,0,32,0,0.0,2.0,1.0,16.0,B01
201500028376,0,7,0,0.0,2.0,1.0,15.0,A01
201500028377,0,7,0,0.0,2.0,2.0,1.0,A01
201500028377,0,7,0,0.0,2.0,3.0,15.0,B01
201500028378,0,7,0,0.0,2.0,4.0,2.0,B01
201500028378,0,7,0,0.0,2.0,1.0,21.0,A01
201500028378,0,7,0,0.0,2.0,4.0,2.0,C01
201500028379,0,7,0,0.0,1.0,3.0,1.0,A01
201500028380,0,7,0,1.0,0.0,0.0,0.0,A01
201500028381,0,33,0,0.0,0.0,0.0,0.0,B01
201500028381,0,7,0,0.0,0.0,0.0,0.0,A01
201500028382,0,33,0,3.0,0.0,0.0,16.0,A01
201500028383,0,7,0,0.0,1.0,5.0,4.0,A01
201500028384,0,7,0,0.0,0.0,0.0,0.0,A01
201500028384,0,7,0,0.0,0.0,0.0,0.0,B01
201500028385,0,7,0,0.0,0.0,0.0,0.0,A01
201500028385,0,7,0,0.0,0.0,0.0,0.0,C01
201500028385,0,7,0,0.0,0.0,0.0,0.0,B01
201500028386,0,7,0,3.0,0.0,9.0,0.0,A01
201500028387,0,1,0,0.0,2.0,3.0,0.0,B01
201500028387,0,7,0,0.0,0.0,2.0,0.0,A01
201500028388,0,7,0,0.0,2.0,7.0,1.0,B01
201500028388,0,7,0,0.0,2.0,8.0,11.0,A01
201500028389,0,7,0,0.0,0.0,0.0,0.0,A01
201500028390,0,7,0,0.0,0.0,0.0,0.0,A01
201500028391,0,7,0,0.0,0.0,0.0,0.0,B01
201500028391,0,7,0,0.0,0.0,0.0,0.0,A01
201500028392,0,7,0,0.0,0.0,4.0,2.0,C01
201500028392,0,7,0,0.0,2.0,1.0,2.0,A01
201500028392,0,7,0,0.0,2.0,4.0,2.0,B01
201500028393,0,7,0,0.0,0.0,0.0,0.0,B01
201500028393,0,7,0,0.0,0.0,0.0,0.0,A01
201500028394,0,7,0,0.0,0.0,0.0,0.0,A01
201500028394,0,7,0,0.0,0.0,0.0,0.0,B01
201500028395,0,7,0,0.0,0.0,0.0,0.0,D01
201500028395,0,7,0,0.0,0.0,0.0,0.0,C01
201500028395,0,7,0,1.0,0.0,1.0,14.0,A01
201500028395,0,7,0,0.0,0.0,4.0,0.0,B01
201500028395,0,7,0,0.0,0.0,0.0,0.0,E01
201500028396,0,7,0,0.0,5.0,1.0,1.0,A01
201500028396,0,7,0,0.0,0.0,0.0,0.0,C01
201500028396,0,7,0,0.0,5.0,3.0,0.0,B01
201500028397,0,7,0,0.0,0.0,0.0,0.0,A01
201500028398,0,7,0,0.0,0.0,0.0,2.0,C01
201500028398,0,7,0,0.0,0.0,0.0,2.0,B01
201500028398,0,7,0,0.0,0.0,0.0,2.0,A01
201500028399,1,7,0,0.0,0.0,0.0,0.0,A01
201500028399,0,7,0,0.0,2.0,1.0,0.0,B01
201500028400,0,33,0,0.0,2.0,1.0,17.0,A01
201500028400,0,7,0,0.0,0.0,3.0,15.0,B01
201500028401,0,7,0,0.0,0.0,0.0,0.0,A01
201500028402,0,7,0,0.0,1.0,2.0,1.0,A01
201500028403,0,7,0,0.0,1.0,3.0,0.0,A01
201500028404,0,2,0,0.0,2.0,6.0,1.0,A01
201500028404,0,7,0,0.0,0.0,0.0,0.0,B01
201500028405,0,7,0,0.0,0.0,0.0,1.0,A01
201500028406,0,7,0,0.0,1.0,2.0,1.0,A01
201500028407,0,7,0,0.0,1.0,2.0,1.0,A01
201500028408,0,7,0,6.0,0.0,1.0,16.0,A01
201500028409,0,7,0,0.0,2.0,4.0,2.0,B01
201500028409,0,7,0,0.0,2.0,1.0,1.0,A01
201500028410,0,7,0,0.0,1.0,0.0,0.0,A01
201500028411,0,7,0,16.0,0.0,4.0,1.0,A01
201500028412,0,7,0,1.0,0.0,9.0,14.0,A01
201500028413,0,7,0,0.0,2.0,0.0,0.0,A01
201500028413,0,7,0,0.0,2.0,0.0,0.0,B01
201500028414,0,7,0,6.0,0.0,0.0,0.0,A01
201500028415,0,7,0,0.0,2.0,0.0,0.0,A01
201500028415,0,7,0,0.0,2.0,0.0,0.0,B01
201500028416,0,7,0,0.0,2.0,0.0,0.0,B01
201500028416,0,7,0,0.0,2.0,0.0,0.0,A01
201500028417,0,7,0,0.0,0.0,0.0,0.0,A01
201500028418,0,7,0,0.0,2.0,4.0,15.0,A01
201500028418,0,3,0,0.0,2.0,1.0,2.0,B01
201500028419,0,30,0,0.0,2.0,1.0,1.0,B01
201500028419,0,7,0,0.0,2.0,2.0,15.0,A01
201500028420,0,7,0,0.0,1.0,2.0,2.0,A01
201500028421,0,7,0,0.0,2.0,3.0,15.0,A01
201500028421,0,31,0,0.0,2.0,8.0,1.0,B01
201500028422,0,7,0,0.0,2.0,2.0,1.0,A01
201500028422,0,7,0,0.0,2.0,3.0,1.0,B01
201500028423,0,7,0,0.0,2.0,3.0,1.0,A01
201500028423,0,30,0,0.0,2.0,1.0,1.0,B01
201500028424,0,7,0,9.0,0.0,1.0,1.0,A01
201500028425,0,7,0,0.0,2.0,1.0,1.0,A01
201500028425,0,7,0,0.0,2.0,4.0,15.0,B01
201500028426,0,7,0,0.0,2.0,8.0,15.0,A01
201500028426,0,7,0,0.0,2.0,3.0,1.0,B01
201500028427,0,7,0,0.0,1.0,1.0,15.0,A01
201500028428,0,33,0,0.0,2.0,7.0,1.0,B01
201500028428,0,7,0,0.0,2.0,2.0,9.0,A01
201500028429,0,7,0,0.0,2.0,1.0,2.0,A01
201500028429,0,7,0,0.0,2.0,1.0,2.0,B01
201500028429,0,7,0,0.0,2.0,4.0,23.0,C01
201500028429,0,1,0,0.0,0.0,0.0,23.0,D01
201500028430,0,37,0,0.0,1.0,2.0,1.0,A01
201500028431,1,7,0,0.0,1.0,0.0,0.0,Z01
201500028432,0,7,0,15.0,2.0,3.0,8.0,B01
201500028432,0,7,0,0.0,2.0,1.0,15.0,A01
201500028433,0,7,0,0.0,2.0,4.0,2.0,C01
201500028433,0,7,0,0.0,2.0,2.0,2.0,A01
201500028433,0,7,0,0.0,2.0,6.0,2.0,B01
201500028434,0,2,0,0.0,2.0,1.0,2.0,A01
201500028434,0,7,0,0.0,2.0,6.0,1.0,B01
201500028435,0,1,0,0.0,1.0,1.0,5.0,A01
201500028436,0,7,0,0.0,1.0,3.0,1.0,A01
201500028437,0,33,0,0.0,2.0,1.0,1.0,A01
201500028437,0,7,0,0.0,2.0,3.0,9.0,B01
201500028438,0,7,0,0.0,2.0,1.0,15.0,A01
201500028438,0,33,0,0.0,2.0,1.0,1.0,B01
201500028439,1,1,0,0.0,2.0,0.0,0.0,Z01
201500028439,0,30,0,0.0,2.0,7.0,10.0,B01
201500028440,0,30,0,0.0,2.0,3.0,1.0,B01
201500028440,1,7,0,0.0,2.0,0.0,0.0,Z01
201500028441,0,40,0,0.0,1.0,0.0,1.0,A01
201500028442,1,7,0,0.0,2.0,1.0,2.0,Z01
201500028442,0,7,0,0.0,2.0,4.0,2.0,B01
201500028443,0,30,0,0.0,2.0,1.0,1.0,A01
201500028443,1,7,0,0.0,2.0,1.0,1.0,Z01
201500028444,0,7,0,0.0,2.0,1.0,0.0,A01
201500028444,0,7,0,9.0,2.0,8.0,1.0,B01
201500028445,0,7,0,7.0,0.0,1.0,1.0,A01
201500028446,0,7,0,0.0,2.0,3.0,13.0,A01
201500028446,0,30,0,0.0,2.0,7.0,1.0,B01
201500028447,0,7,0,0.0,2.0,8.0,24.0,A01
201500028447,0,1,0,0.0,2.0,1.0,1.0,B01
201500028448,0,7,0,7.0,0.0,1.0,13.0,A01
201500028449,1,30,0,0.0,1.0,0.0,5.0,Z01
201500028450,1,7,0,0.0,1.0,0.0,0.0,Z01
201500028451,0,7,0,0.0,9.0,1.0,1.0,A01
201500028451,0,7,0,0.0,2.0,1.0,1.0,B01
201500028452,0,1,0,0.0,2.0,1.0,1.0,B01
201500028452,1,7,0,0.0,2.0,0.0,9.0,Z01
201500028453,0,7,0,9.0,0.0,2.0,14.0,A01
201500028454,0,7,0,0.0,2.0,1.0,2.0,A01
201500028454,0,33,0,0.0,2.0,4.0,2.0,B01
201500028455,0,7,0,0.0,2.0,2.0,1.0,A01
201500028455,0,7,0,0.0,0.0,0.0,0.0,B01
201500028456,0,40,0,0.0,2.0,3.0,1.0,B01
201500028456,0,1,0,0.0,4.0,1.0,1.0,A01
201500028457,0,7,0,0.0,2.0,1.0,2.0,A01
201500028457,0,7,0,0.0,2.0,4.0,23.0,B01
201500028458,0,7,0,0.0,1.0,4.0,4.0,A01
201500028459,0,1,0,0.0,2.0,8.0,13.0,A01
201500028459,0,7,0,0.0,2.0,1.0,1.0,B01
201500028460,1,7,0,0.0,2.0,2.0,2.0,A01
201500028460,0,7,0,0.0,2.0,3.0,23.0,B01
201500028461,0,7,0,0.0,2.0,1.0,2.0,A01
201500028461,0,7,0,0.0,2.0,4.0,2.0,B01
201500028462,0,7,0,0.0,2.0,1.0,15.0,A01
201500028462,0,32,0,0.0,2.0,8.0,1.0,B01
201500028463,0,10,0,0.0,1.0,3.0,1.0,A01
201500028464,1,1,0,0.0,1.0,0.0,0.0,Z01
201500028465,0,7,0,0.0,2.0,1.0,1.0,A01
201500028465,0,7,0,0.0,2.0,4.0,1.0,B01
201500028466,0,10,0,0.0,2.0,2.0,20.0,B01
201500028466,0,1,0,0.0,2.0,1.0,5.0,A01
201500028467,0,7,0,0.0,2.0,1.0,2.0,A01
201500028467,0,7,0,0.0,2.0,4.0,2.0,B01
201500028468,0,7,0,0.0,2.0,1.0,2.0,A01
201500028468,0,7,0,0.0,2.0,4.0,23.0,B01
201500028469,0,33,0,0.0,2.0,1.0,1.0,A01
201500028469,0,7,0,0.0,2.0,3.0,10.0,B01
201500028470,0,7,0,0.0,1.0,1.0,1.0,A01
201500028471,0,7,0,0.0,2.0,7.0,15.0,A01
201500028471,0,30,0,0.0,2.0,1.0,1.0,B01
201500028472,0,7,0,9.0,0.0,1.0,19.0,A01
201500028473,0,7,0,0.0,2.0,1.0,1.0,B01
201500028473,0,7,0,0.0,2.0,1.0,10.0,A01
201500028474,0,7,0,0.0,2.0,2.0,1.0,B01
201500028474,0,1,0,0.0,2.0,1.0,19.0,A01
201500028475,0,7,0,0.0,2.0,1.0,2.0,A01
201500028475,0,7,0,0.0,2.0,4.0,2.0,B01
201500028476,0,7,0,0.0,2.0,2.0,1.0,A01
201500028476,0,1,0,0.0,2.0,8.0,19.0,B01
201500028477,0,7,0,0.0,2.0,3.0,1.0,A01
201500028477,0,1,0,0.0,2.0,1.0,1.0,B01
201500028478,0,7,0,0.0,1.0,3.0,0.0,A01
201500028479,0,7,0,0.0,1.0,6.0,20.0,A01
201500028480,0,7,0,0.0,2.0,1.0,2.0,A01
201500028480,0,7,0,0.0,2.0,4.0,23.0,B01
201500028481,0,10,0,0.0,1.0,2.0,1.0,A01
201500028482,0,7,0,0.0,2.0,3.0,1.0,B01