Num_Acc,senc,catv,occutc,obs,obsm,choc,manv,num_veh
201500028482,0,7,0,0.0,2.0,5.0,20.0,A01
201500028483,0,7,0,0.0,2.0,5.0,1.0,B01
201500028483,0,7,0,0.0,2.0,1.0,1.0,A01
201500028484,0,7,0,0.0,2.0,3.0,15.0,B01
201500028484,0,7,0,0.0,2.0,1.0,1.0,A01
201500028485,0,7,0,0.0,2.0,1.0,0.0,B01
201500028485,0,7,0,0.0,2.0,7.0,0.0,A01
201500028486,0,7,0,0.0,2.0,4.0,23.0,B01
201500028486,0,10,0,0.0,2.0,1.0,2.0,A01
201500028487,0,7,0,0.0,1.0,2.0,1.0,A01
201500028488,0,7,0,1.0,0.0,2.0,0.0,A01
201500028489,0,7,0,0.0,2.0,8.0,11.0,A01
201500028489,0,30,0,0.0,2.0,2.0,17.0,B01
201500028490,0,7,0,0.0,2.0,8.0,1.0,B01
201500028490,0,1,0,0.0,2.0,7.0,14.0,A01
201500028491,0,31,0,0.0,2.0,0.0,1.0,B01
201500028491,0,7,0,0.0,2.0,0.0,9.0,A01
201500028492,0,7,0,0.0,2.0,7.0,1.0,A01
201500028492,0,7,0,0.0,2.0,1.0,1.0,B01
201500028493,0,7,0,0.0,1.0,3.0,15.0,A01
201500028494,0,10,0,0.0,2.0,8.0,1.0,A01
201500028494,0,1,0,0.0,2.0,1.0,1.0,B01
201500028495,0,7,0,3.0,2.0,7.0,1.0,B01
201500028495,1,17,0,0.0,2.0,8.0,11.0,Z01
201500028496,0,7,0,0.0,2.0,1.0,1.0,A01
201500028496,0,10,0,0.0,2.0,4.0,1.0,B01
201500028497,0,7,0,0.0,2.0,1.0,2.0,A01
201500028497,0,7,0,0.0,2.0,4.0,2.0,B01
201500028497,0,7,0,0.0,2.0,4.0,2.0,C01
201500028498,0,7,0,0.0,2.0,3.0,15.0,B01
201500028498,0,30,0,0.0,2.0,1.0,17.0,A01
201500028499,0,7,0,0.0,1.0,7.0,1.0,A01
201500028500,1,1,0,0.0,1.0,0.0,0.0,Z01
201500028501,1,7,0,0.0,2.0,2.0,1.0,Z01
201500028501,0,7,0,0.0,2.0,2.0,24.0,B01
201500028502,0,7,0,0.0,2.0,2.0,15.0,A01
201500028502,0,7,0,0.0,2.0,1.0,1.0,B01
201500028503,0,7,0,0.0,2.0,7.0,17.0,A01
201500028503,0,30,0,0.0,2.0,8.0,1.0,B01
201500028504,0,7,0,0.0,1.0,1.0,1.0,A01
201500028505,0,7,0,0.0,2.0,1.0,2.0,A01
201500028505,0,7,0,0.0,2.0,4.0,2.0,B01
201500028505,0,7,0,0.0,2.0,4.0,2.0,C01
201500028506,0,7,0,0.0,1.0,2.0,1.0,A01
201500028507,0,37,0,0.0,1.0,1.0,16.0,A01
201500028508,0,37,0,0.0,1.0,1.0,15.0,A01
201500028508,0,7,0,0.0,2.0,4.0,1.0,B01
201500028509,0,7,0,0.0,2.0,3.0,15.0,B01
201500028509,0,34,0,0.0,2.0,1.0,1.0,A01
201500028510,1,7,0,0.0,1.0,3.0,1.0,Z01
201500028511,0,7,0,0.0,2.0,4.0,2.0,C01
201500028511,0,7,0,0.0,2.0,4.0,2.0,B01
201500028511,0,7,0,0.0,2.0,1.0,2.0,A01
201500028512,0,7,0,9.0,0.0,1.0,13.0,A01
201500028513,1,7,0,0.0,1.0,0.0,0.0,A01
201500028514,0,1,0,0.0,1.0,1.0,1.0,A01
201500028515,0,7,0,0.0,2.0,4.0,2.0,B01
201500028515,0,7,0,0.0,2.0,1.0,2.0,A01
201500028516,0,7,0,0.0,2.0,1.0,2.0,A01
201500028516,0,7,0,0.0,2.0,4.0,2.0,B01
201500028517,0,1,0,1.0,0.0,1.0,1.0,B01
201500028517,0,7,0,0.0,2.0,8.0,22.0,A01
201500028518,0,2,0,0.0,2.0,2.0,2.0,A01
201500028518,0,7,0,0.0,2.0,6.0,2.0,B01
201500028519,0,7,0,0.0,1.0,2.0,1.0,A01
201500028520,0,7,0,0.0,2.0,3.0,1.0,A01
201500028520,0,7,0,0.0,2.0,5.0,0.0,B01
201500028521,0,7,0,0.0,2.0,1.0,1.0,B01
201500028521,0,7,0,0.0,2.0,8.0,1.0,A01
201500028522,0,1,0,0.0,2.0,1.0,1.0,B01
201500028522,0,7,0,0.0,9.0,0.0,9.0,A01
201500028523,0,7,0,0.0,2.0,5.0,1.0,B01
201500028523,2,1,0,0.0,2.0,1.0,1.0,A01
201500028524,0,7,0,0.0,2.0,1.0,1.0,B01
201500028524,0,7,0,0.0,2.0,3.0,9.0,A01
201500028525,1,7,0,0.0,1.0,0.0,0.0,A01
201500028526,0,7,0,7.0,0.0,1.0,14.0,A01
201500028527,0,7,0,0.0,2.0,4.0,2.0,B01
201500028527,0,7,0,0.0,2.0,1.0,2.0,A01
201500028527,0,7,0,0.0,2.0,4.0,2.0,C01
201500028528,0,7,0,0.0,2.0,3.0,1.0,B01
201500028528,0,7,0,0.0,2.0,3.0,15.0,A01
201500028529,0,7,0,0.0,2.0,1.0,9.0,A01
201500028529,0,7,0,1.0,2.0,7.0,1.0,B01
201500028530,0,7,0,0.0,1.0,3.0,1.0,A01
201500028531,0,7,0,0.0,2.0,4.0,2.0,B01
201500028531,0,7,0,0.0,2.0,1.0,2.0,A01
201500028531,0,7,0,0.0,2.0,4.0,2.0,C01
201500028532,0,7,0,0.0,1.0,4.0,4.0,A01
201500028533,0,7,0,0.0,2.0,7.0,9.0,B01
201500028533,0,14,0,0.0,2.0,7.0,9.0,A01
201500028534,0,33,0,0.0,2.0,8.0,1.0,B01
201500028534,1,13,0,0.0,2.0,0.0,0.0,Z01
201500028535,0,7,0,0.0,1.0,2.0,0.0,A01
201500028536,0,7,0,0.0,2.0,6.0,0.0,B01
201500028536,0,32,0,0.0,2.0,3.0,0.0,A01
201500028537,0,7,0,0.0,2.0,8.0,15.0,B01
201500028537,0,2,0,0.0,2.0,1.0,1.0,A01
201500028538,0,7,0,0.0,2.0,2.0,16.0,B01
201500028538,0,1,0,0.0,2.0,1.0,8.0,A01
201500028539,0,13,0,0.0,4.0,8.0,1.0,A01
201500028539,0,40,0,0.0,2.0,8.0,1.0,B01
201500028540,0,7,0,0.0,2.0,3.0,15.0,A01
201500028540,0,30,0,0.0,2.0,1.0,1.0,B01
201500028541,0,7,0,0.0,2.0,4.0,2.0,B01
201500028541,0,1,0,0.0,2.0,1.0,2.0,A01
201500028542,0,7,0,0.0,1.0,1.0,1.0,A01
201500028543,0,7,0,0.0,2.0,7.0,16.0,B01
201500028543,0,30,0,0.0,2.0,1.0,1.0,A01
201500028544,0,7,0,16.0,0.0,0.0,0.0,A01
201500028545,0,2,0,0.0,2.0,1.0,17.0,A01
201500028545,0,10,0,0.0,2.0,8.0,15.0,B01
201500028546,0,2,0,0.0,1.0,2.0,1.0,A01
201500028547,0,7,0,0.0,1.0,3.0,1.0,A01
201500028548,1,1,0,0.0,1.0,1.0,0.0,A01
201500028549,0,30,0,0.0,2.0,1.0,1.0,B01
201500028549,0,7,0,0.0,2.0,3.0,1.0,A01
201500028550,0,2,0,0.0,2.0,1.0,2.0,A01
201500028550,0,7,0,0.0,2.0,4.0,23.0,B01
201500028551,0,1,0,0.0,2.0,2.0,1.0,B01
201500028551,0,7,0,0.0,2.0,8.0,22.0,A01
201500028552,0,7,0,15.0,2.0,1.0,1.0,B01
201500028552,0,7,0,0.0,2.0,1.0,15.0,A01
201500028552,0,7,0,0.0,2.0,3.0,23.0,C01
201500028553,0,32,0,0.0,2.0,1.0,1.0,B01
201500028553,0,7,0,0.0,2.0,3.0,14.0,A01
201500028554,0,30,0,0.0,2.0,2.0,1.0,A01
201500028554,0,7,0,0.0,2.0,1.0,1.0,B01
201500028555,0,7,0,0.0,1.0,1.0,15.0,A01
201500028556,0,7,0,0.0,2.0,4.0,23.0,B01
201500028556,0,7,0,0.0,2.0,1.0,2.0,A01
201500028557,0,7,0,0.0,2.0,3.0,13.0,A01
201500028557,0,7,0,0.0,2.0,3.0,23.0,B01
201500028558,0,1,0,0.0,2.0,1.0,2.0,A01
201500028558,0,7,0,0.0,2.0,6.0,15.0,B01
201500028559,0,2,0,0.0,2.0,0.0,1.0,A01
201500028559,0,7,0,0.0,2.0,2.0,16.0,B01
201500028560,0,7,0,0.0,2.0,0.0,9.0,A01
201500028560,0,7,0,0.0,2.0,0.0,1.0,C01
201500028560,0,7,0,0.0,2.0,3.0,1.0,B01
201500028561,0,1,0,0.0,2.0,8.0,19.0,B01
201500028561,0,7,0,0.0,2.0,3.0,15.0,A01
201500028562,0,33,0,0.0,2.0,1.0,1.0,B01
201500028562,0,7,0,0.0,2.0,2.0,15.0,A01
201500028563,0,1,0,0.0,2.0,1.0,1.0,A01
201500028563,0,7,0,0.0,9.0,7.0,1.0,B01
201500028564,0,7,0,0.0,2.0,1.0,2.0,A01
201500028564,0,7,0,0.0,2.0,4.0,2.0,B01
201500028565,0,7,0,0.0,2.0,4.0,23.0,B01
201500028565,0,1,0,0.0,2.0,1.0,1.0,A01
201500028566,0,33,0,0.0,2.0,1.0,7.0,A01
201500028566,0,7,0,0.0,2.0,7.0,20.0,B01
201500028567,0,7,0,0.0,2.0,1.0,1.0,A01
201500028567,0,20,0,0.0,2.0,3.0,15.0,B01
201500028568,0,7,0,0.0,2.0,1.0,2.0,A01
201500028568,0,7,0,0.0,2.0,4.0,2.0,B01
201500028569,0,10,0,0.0,2.0,4.0,2.0,B01
201500028569,0,1,0,0.0,2.0,1.0,2.0,A01
201500028570,2,7,0,0.0,1.0,0.0,0.0,A01
201500028571,0,7,0,0.0,2.0,1.0,2.0,A01
201500028571,0,7,0,0.0,2.0,4.0,2.0,B01
201500028572,0,7,0,0.0,2.0,3.0,1.0,A01
201500028572,0,7,0,0.0,2.0,3.0,15.0,B01
201500028573,0,7,0,0.0,1.0,3.0,15.0,A01
201500028574,0,7,0,0.0,2.0,5.0,23.0,B01
201500028574,0,3,0,8.0,2.0,8.0,21.0,A01
201500028575,0,2,0,0.0,2.0,7.0,17.0,A01
201500028575,0,7,0,0.0,2.0,3.0,15.0,B01
201500028576,0,7,0,0.0,1.0,1.0,1.0,A01
201500028577,0,7,0,0.0,2.0,3.0,1.0,B01
201500028577,0,30,0,0.0,2.0,1.0,1.0,A01
201500028578,0,15,0,0.0,2.0,1.0,2.0,A01
201500028578,0,7,0,0.0,2.0,4.0,2.0,B01
201500028579,0,7,0,0.0,2.0,2.0,1.0,B01
201500028579,0,7,0,0.0,2.0,6.0,13.0,A01
201500028580,0,7,0,0.0,2.0,3.0,10.0,A01
201500028580,0,34,0,0.0,2.0,1.0,1.0,B01
201500028581,0,1,0,0.0,2.0,1.0,1.0,B01
201500028581,0,7,0,0.0,2.0,8.0,22.0,A01
201500028582,0,7,0,0.0,2.0,3.0,1.0,B01
201500028582,0,7,0,0.0,2.0,1.0,15.0,A01
201500028583,0,7,0,0.0,2.0,7.0,1.0,B01
201500028583,1,7,0,0.0,0.0,0.0,0.0,Z01
201500028584,1,1,0,0.0,1.0,0.0,0.0,A01
201500028585,0,7,0,0.0,2.0,8.0,15.0,A01
201500028585,0,33,0,0.0,2.0,1.0,1.0,B01
201500028586,0,7,0,0.0,1.0,0.0,0.0,A01
201500028587,0,7,0,0.0,2.0,1.0,1.0,B01
201500028587,0,7,0,0.0,2.0,2.0,15.0,A01
201500028588,0,7,0,0.0,2.0,8.0,15.0,A01
201500028588,0,34,0,0.0,2.0,1.0,1.0,B01
201500028589,0,7,0,0.0,2.0,1.0,1.0,A01
201500028589,0,40,0,0.0,2.0,6.0,1.0,B01
201500028590,0,7,0,0.0,2.0,4.0,2.0,B01
201500028590,0,7,0,0.0,2.0,1.0,2.0,A01
201500028590,0,10,0,0.0,2.0,4.0,2.0,C01
201500028591,0,1,0,0.0,2.0,1.0,9.0,A01
201500028591,1,7,0,0.0,2.0,7.0,1.0,Z01
201500028592,0,7,0,0.0,1.0,7.0,5.0,A01
201500028593,0,7,0,0.0,2.0,1.0,2.0,A01
201500028593,0,7,0,0.0,2.0,4.0,23.0,B01
201500028594,0,7,0,0.0,1.0,3.0,0.0,A01
201500028595,0,7,0,0.0,1.0,1.0,1.0,A01
201500028596,1,7,0,0.0,2.0,0.0,9.0,Z01
201500028596,0,37,0,0.0,2.0,1.0,1.0,B01
201500028597,1,7,0,0.0,1.0,7.0,1.0,Z01
201500028598,0,7,0,0.0,1.0,1.0,15.0,A01
201500028599,1,20,0,0.0,1.0,1.0,0.0,A01
201500028600,1,7,0,0.0,1.0,3.0,0.0,A01
201500028601,0,7,0,0.0,2.0,4.0,2.0,B01
201500028601,0,33,0,0.0,2.0,1.0,2.0,A01
201500028602,0,7,0,0.0,2.0,0.0,4.0,A01
201500028602,0,30,0,0.0,2.0,0.0,1.0,B01
201500028603,0,7,0,0.0,2.0,6.0,15.0,B01
201500028603,0,31,0,0.0,2.0,1.0,17.0,A01
201500028604,0,32,0,0.0,2.0,8.0,1.0,B01
201500028604,0,7,0,9.0,2.0,2.0,1.0,A01
201500028605,0,7,0,0.0,1.0,1.0,1.0,A01
201500028606,0,1,0,0.0,2.0,1.0,1.0,A01
201500028606,0,7,0,0.0,2.0,3.0,15.0,B01
201500028607,0,7,0,12.0,2.0,4.0,1.0,B01
201500028607,1,7,0,0.0,2.0,1.0,2.0,Z01
201500028608,0,30,0,0.0,2.0,1.0,1.0,A01
201500028608,0,7,0,0.0,2.0,1.0,1.0,B01
201500028609,0,7,0,0.0,2.0,4.0,2.0,B01
201500028609,0,7,0,0.0,2.0,4.0,2.0,C01
201500028609,0,10,0,0.0,2.0,1.0,2.0,A01
201500028610,0,7,0,1.0,2.0,8.0,9.0,A01
201500028610,0,34,0,0.0,2.0,2.0,1.0,B01
201500028611,0,7,0,0.0,2.0,5.0,1.0,B01
201500028611,0,33,0,0.0,2.0,1.0,1.0,A01
201500028612,0,7,0,0.0,1.0,2.0,16.0,A01
201500028613,0,7,0,1.0,0.0,2.0,14.0,A01
201500028614,0,30,0,13.0,0.0,1.0,14.0,A01
201500028615,0,7,0,0.0,2.0,1.0,2.0,A01
201500028615,0,7,0,0.0,2.0,4.0,2.0,B01
201500028616,0,7,0,0.0,1.0,4.0,4.0,A01
201500028617,0,14,0,0.0,1.0,2.0,1.0,A01
201500028618,0,7,0,0.0,2.0,4.0,2.0,B01
201500028618,0,7,0,0.0,2.0,1.0,2.0,A01
201500028619,0,1,0,0.0,2.0,4.0,16.0,B01
201500028619,1,7,0,0.0,2.0,0.0,0.0,Z01
201500028620,0,7,0,0.0,1.0,3.0,1.0,A01
201500028621,0,7,0,2.0,0.0,0.0,0.0,A01
201500028622,0,7,0,0.0,2.0,8.0,1.0,A01
201500028622,0,7,0,0.0,2.0,0.0,17.0,B01
201500028623,0,7,0,0.0,1.0,2.0,1.0,A01
201500028624,0,30,0,0.0,2.0,1.0,1.0,A01
201500028624,0,7,0,0.0,2.0,6.0,23.0,B01
201500028625,0,7,0,0.0,2.0,1.0,2.0,A01
201500028625,0,7,0,0.0,2.0,4.0,23.0,B01
201500028626,0,7,0,0.0,2.0,4.0,23.0,B01
201500028626,1,7,0,0.0,2.0,1.0,2.0,Z01
201500028627,0,7,0,9.0,0.0,0.0,1.0,A01
201500028628,0,7,0,0.0,1.0,7.0,1.0,A01
201500028629,0,7,0,0.0,2.0,1.0,0.0,A01
201500028629,0,7,0,0.0,2.0,2.0,2.0,B01
201500028630,0,33,0,0.0,2.0,3.0,1.0,A01
201500028630,0,7,0,0.0,2.0,3.0,1.0,B01
201500028631,0,7,0,0.0,2.0,3.0,15.0,A01
201500028631,0,7,0,0.0,2.0,2.0,1.0,B01
201500028632,0,7,0,0.0,2.0,1.0,15.0,A01
201500028632,0,7,0,0.0,2.0,1.0,1.0,B01
201500028633,0,7,0,0.0,1.0,1.0,1.0,A01
201500028634,0,7,0,0.0,2.0,1.0,1.0,B01
201500028634,0,7,0,0.0,2.0,2.0,15.0,A01
201500028635,0,7,0,0.0,2.0,1.0,2.0,A01
201500028635,0,7,0,0.0,2.0,4.0,2.0,C01
201500028635,0,7,0,0.0,2.0,4.0,2.0,B01
201500028636,0,7,0,0.0,2.0,4.0,2.0,B01
201500028636,0,7,0,0.0,2.0,1.0,2.0,A01
201500028636,0,7,0,0.0,2.0,4.0,2.0,D01
201500028636,0,7,0,0.0,2.0,4.0,2.0,C01
201500028636,0,7,0,0.0,2.0,4.0,2.0,E01
201500028637,0,7,0,0.0,2.0,1.0,2.0,A01
201500028637,0,10,0,0.0,2.0,4.0,2.0,B01
201500028638,0,7,0,0.0,2.0,4.0,2.0,B01
201500028638,0,7,0,0.0,2.0,1.0,2.0,A01
201500028639,0,7,0,0.0,2.0,1.0,15.0,A01
201500028639,0,1,0,0.0,2.0,8.0,1.0,B01
201500028640,0,30,0,0.0,2.0,1.0,2.0,A01
201500028640,0,7,0,0.0,2.0,6.0,2.0,B01
201500028641,0,7,0,0.0,2.0,4.0,23.0,B01
201500028641,0,31,0,0.0,2.0,1.0,2.0,A01
201500028642,1,1,0,0.0,1.0,0.0,0.0,Z01
201500028643,0,7,0,0.0,2.0,4.0,23.0,B01
201500028643,0,7,0,0.0,2.0,1.0,2.0,A01
201500028644,0,31,0,0.0,2.0,1.0,1.0,A01
201500028644,0,7,0,0.0,2.0,6.0,1.0,B01
201500028645,0,7,0,0.0,2.0,4.0,2.0,B01
201500028645,0,7,0,0.0,2.0,1.0,2.0,A01
201500028645,0,7,0,0.0,2.0,4.0,2.0,C01
201500028646,0,7,0,0.0,2.0,3.0,1.0,B01
201500028646,0,1,0,0.0,2.0,1.0,1.0,A01
201500028647,0,33,0,0.0,2.0,1.0,17.0,A01
201500028647,0,7,0,0.0,2.0,8.0,15.0,B01
201500028648,0,7,0,0.0,2.0,4.0,2.0,B01
201500028648,0,7,0,0.0,2.0,1.0,2.0,A01
201500028649,0,7,0,0.0,2.0,4.0,23.0,B01
201500028649,1,7,0,0.0,2.0,1.0,2.0,Z01
201500028650,0,7,0,1.0,0.0,1.0,15.0,A01
201500028651,0,7,0,0.0,2.0,1.0,2.0,A01
201500028651,0,33,0,0.0,2.0,4.0,2.0,B01
201500028652,1,1,0,0.0,2.0,0.0,0.0,A01
201500028652,0,1,0,0.0,2.0,4.0,1.0,B01
201500028653,0,7,0,0.0,2.0,8.0,20.0,A01
201500028653,0,2,0,0.0,2.0,2.0,1.0,B01
201500028654,0,10,0,0.0,1.0,3.0,15.0,A01
201500028655,0,7,0,0.0,2.0,8.0,15.0,B01
201500028655,0,33,0,0.0,2.0,1.0,17.0,A01
201500028656,0,7,0,0.0,2.0,3.0,1.0,B01
201500028656,1,1,0,0.0,2.0,1.0,0.0,A01
201500028657,0,7,0,0.0,1.0,3.0,15.0,A01
201500028658,1,1,0,0.0,1.0,3.0,0.0,A01
201500028659,0,7,0,0.0,2.0,1.0,1.0,A01
201500028659,0,7,0,0.0,2.0,4.0,20.0,B01
201500028660,0,7,0,0.0,2.0,7.0,15.0,A01
201500028660,0,7,0,0.0,2.0,3.0,1.0,B01
201500028661,0,7,0,0.0,2.0,7.0,16.0,B01
201500028661,0,2,0,0.0,2.0,3.0,7.0,A01
201500028662,0,7,0,0.0,2.0,1.0,2.0,A01
201500028662,0,7,0,0.0,2.0,4.0,2.0,B01
201500028662,0,7,0,0.0,2.0,4.0,2.0,C01
201500028663,0,7,0,13.0,0.0,1.0,1.0,A01
201500028664,0,7,0,2.0,0.0,7.0,1.0,A01
201500028665,0,7,0,0.0,1.0,3.0,1.0,A01
201500028666,0,7,0,0.0,2.0,4.0,2.0,B01
201500028666,1,7,0,0.0,2.0,1.0,2.0,A01
201500028667,0,7,0,0.0,2.0,4.0,23.0,C01
201500028667,0,7,0,0.0,2.0,4.0,23.0,B01
201500028667,0,7,0,0.0,2.0,1.0,2.0,A01
201500028668,0,30,0,0.0,2.0,1.0,7.0,A01
201500028668,0,7,0,0.0,2.0,8.0,15.0,B01
201500028669,0,7,0,0.0,9.0,1.0,15.0,A01
201500028669,0,2,0,0.0,2.0,8.0,1.0,B01
201500028670,0,7,0,0.0,2.0,2.0,1.0,B01
201500028670,0,7,0,0.0,2.0,2.0,15.0,A01
201500028671,0,1,0,0.0,2.0,1.0,1.0,A01
201500028671,0,7,0,0.0,2.0,7.0,1.0,B01
201500028672,0,31,0,0.0,2.0,4.0,1.0,B01
201500028672,0,7,0,0.0,2.0,1.0,1.0,A01
201500028673,0,30,0,0.0,2.0,4.0,1.0,B01
201500028673,1,7,0,0.0,2.0,1.0,0.0,A01
201500028674,0,7,0,1.0,1.0,5.0,4.0,A01
201500028675,0,31,0,0.0,1.0,1.0,1.0,A01
201500028676,0,1,0,0.0,2.0,1.0,1.0,A01
201500028676,0,7,0,0.0,2.0,4.0,1.0,B01
201500028677,0,7,0,0.0,2.0,3.0,15.0,A01
201500028677,0,7,0,0.0,2.0,3.0,1.0,B01
201500028678,0,10,0,0.0,2.0,5.0,15.0,A01
201500028678,0,33,0,0.0,2.0,1.0,1.0,B01
201500028679,0,7,0,0.0,2.0,3.0,15.0,A01
201500028679,0,7,0,0.0,2.0,1.0,1.0,B01
201500028680,0,7,0,0.0,2.0,4.0,2.0,B01
201500028680,0,7,0,0.0,2.0,1.0,2.0,A01
201500028681,0,7,0,0.0,1.0,4.0,4.0,A01
201500028682,0,7,0,0.0,9.0,8.0,21.0,B01
201500028682,0,33,0,0.0,2.0,0.0,17.0,A01
201500028683,0,37,0,0.0,2.0,2.0,1.0,B01
201500028683,0,7,0,0.0,2.0,3.0,15.0,A01
201500028684,0,1,0,0.0,2.0,1.0,5.0,A01
201500028684,0,7,0,0.0,2.0,1.0,1.0,B01
201500028685,1,1,0,0.0,2.0,1.0,2.0,Z01
201500028685,0,7,0,0.0,2.0,4.0,2.0,B01
201500028686,1,10,0,0.0,1.0,2.0,1.0,Z01
201500028687,0,7,0,9.0,0.0,3.0,13.0,A01
201500028688,0,7,0,0.0,2.0,4.0,2.0,C01
201500028688,0,7,0,0.0,2.0,4.0,2.0,B01
201500028688,0,7,0,0.0,2.0,1.0,2.0,A01
201500028689,0,31,0,0.0,2.0,1.0,1.0,A01
201500028689,0,7,0,0.0,2.0,3.0,15.0,B01
201500028690,0,7,0,0.0,2.0,1.0,1.0,B01
201500028690,0,7,0,0.0,2.0,5.0,1.0,A01
201500028691,0,33,0,0.0,2.0,1.0,1.0,A01
201500028691,0,7,0,0.0,2.0,3.0,15.0,B01
201500028692,0,7,0,0.0,2.0,2.0,1.0,B01
201500028692,0,7,0,0.0,2.0,1.0,9.0,A01
201500028693,0,7,0,0.0,2.0,1.0,17.0,A01
201500028693,0,7,0,0.0,2.0,6.0,2.0,B01
201500028693,0,7,0,0.0,2.0,1.0,1.0,C01
201500028694,0,2,0,0.0,0.0,0.0,0.0,B01
201500028694,0,7,0,0.0,0.0,0.0,0.0,A01
201500028695,0,7,0,0.0,2.0,1.0,2.0,A01
201500028695,0,7,0,0.0,2.0,4.0,1.0,C01
201500028695,0,7,0,0.0,2.0,4.0,1.0,B01
201500028696,0,7,0,1.0,0.0,2.0,14.0,A01
201500028697,0,7,0,9.0,0.0,3.0,13.0,A01
201500028698,1,7,0,0.0,1.0,0.0,0.0,A01
201500028699,0,1,0,0.0,2.0,1.0,5.0,A01
201500028699,0,2,0,0.0,2.0,1.0,1.0,B01
201500028700,0,7,0,0.0,1.0,2.0,1.0,A01
201500028701,0,7,0,0.0,1.0,8.0,1.0,A01
201500028702,0,7,0,8.0,0.0,1.0,1.0,A01
201500028703,0,2,0,0.0,2.0,1.0,15.0,A01
201500028703,0,7,0,0.0,2.0,2.0,0.0,B01
201500028704,0,7,0,0.0,1.0,3.0,21.0,A01
201500028705,0,1,0,0.0,2.0,4.0,2.0,B01
201500028705,0,30,0,0.0,9.0,1.0,2.0,A01
201500028706,0,7,0,1.0,0.0,2.0,1.0,A01
201500028707,0,7,0,0.0,2.0,4.0,2.0,B01
201500028707,0,7,0,0.0,2.0,1.0,2.0,A01
201500028707,0,7,0,0.0,2.0,4.0,2.0,C01
201500028708,0,7,0,0.0,1.0,1.0,1.0,A01
201500028709,0,7,0,0.0,1.0,1.0,1.0,A01
201500028710,0,7,0,0.0,1.0,3.0,16.0,A01
201500028711,0,7,0,0.0,2.0,4.0,2.0,B01
201500028711,0,7,0,0.0,2.0,1.0,2.0,A01
201500028712,0,7,0,0.0,1.0,4.0,4.0,A01
201500028713,0,7,0,9.0,0.0,1.0,14.0,A01
201500028714,0,7,0,0.0,2.0,8.0,22.0,A01
201500028714,0,1,0,0.0,2.0,2.0,1.0,B01
201500028715,0,7,0,0.0,2.0,7.0,15.0,B01
201500028715,0,31,0,0.0,2.0,1.0,1.0,A01
201500028716,0,7,0,0.0,2.0,8.0,1.0,B01
201500028716,0,33,0,0.0,2.0,1.0,13.0,A01
201500028717,1,7,0,0.0,2.0,1.0,2.0,A01
201500028717,0,7,0,0.0,2.0,4.0,2.0,B01
201500028717,0,7,0,0.0,2.0,4.0,2.0,C01
201500028718,0,7,0,1.0,2.0,5.0,1.0,E01
201500028718,0,7,0,1.0,2.0,3.0,23.0,B01
201500028718,0,7,0,15.0,2.0,2.0,14.0,A01
201500028719,0,7,0,0.0,2.0,1.0,1.0,B01
201500028719,0,7,0,0.0,2.0,7.0,15.0,A01
201500028720,0,7,0,1.0,0.0,1.0,0.0,A01
201500028720,0,7,0,0.0,2.0,5.0,24.0,B01
201500028721,0,10,0,0.0,2.0,1.0,2.0,A01
201500028721,0,7,0,0.0,2.0,4.0,2.0,B01
201500028722,0,7,0,8.0,0.0,4.0,21.0,A01
201500028723,1,7,0,0.0,2.0,0.0,13.0,Z01
201500028723,0,1,0,0.0,2.0,7.0,1.0,B01
201500028724,0,7,0,0.0,2.0,1.0,2.0,A01
201500028724,0,7,0,0.0,2.0,4.0,23.0,B01
201500028725,0,7,0,0.0,1.0,3.0,15.0,A01
201500028726,0,7,0,0.0,2.0,1.0,15.0,A01
201500028726,0,7,0,0.0,2.0,3.0,1.0,B01
201500028727,0,7,0,15.0,2.0,1.0,19.0,A01
201500028727,0,7,0,0.0,2.0,3.0,24.0,B01
201500028728,0,7,0,0.0,2.0,1.0,2.0,A01
201500028728,0,7,0,0.0,2.0,4.0,2.0,B01
201500028729,0,7,0,0.0,1.0,3.0,15.0,A01
201500028730,0,7,0,0.0,1.0,2.0,1.0,A01
201500028731,0,1,0,0.0,2.0,1.0,2.0,A01
201500028731,0,7,0,0.0,2.0,4.0,2.0,B01
201500028732,0,7,0,0.0,1.0,2.0,16.0,A01
201500028733,0,7,0,0.0,2.0,1.0,2.0,A01
201500028733,0,7,0,0.0,2.0,4.0,23.0,B01
201500028734,0,7,0,0.0,1.0,1.0,1.0,A01
201500028735,0,7,0,0.0,2.0,8.0,10.0,B01
201500028735,1,2,0,0.0,2.0,1.0,1.0,A01
201500028736,0,7,0,0.0,1.0,3.0,1.0,A01
201500028737,0,2,0,0.0,2.0,1.0,2.0,B01
201500028737,0,7,0,0.0,2.0,3.0,0.0,A01
201500028738,0,2,0,0.0,2.0,7.0,0.0,A01
201500028738,0,7,0,0.0,2.0,1.0,1.0,B01
201500028739,0,7,0,0.0,1.0,2.0,0.0,A01
201500028740,0,7,0,0.0,2.0,3.0,2.0,A01
201500028740,0,7,0,0.0,2.0,5.0,2.0,B01
201500028741,0,7,0,0.0,1.0,2.0,1.0,A01
201500028742,0,7,0,8.0,0.0,1.0,14.0,A01
201500028743,0,10,0,0.0,2.0,3.0,9.0,A01
201500028743,0,1,0,0.0,2.0,2.0,1.0,B01
201500028744,0,7,0,0.0,1.0,2.0,1.0,A01
201500028745,0,7,0,0.0,2.0,1.0,2.0,A01
201500028745,0,7,0,0.0,2.0,4.0,23.0,E01
201500028745,0,7,0,0.0,2.0,4.0,2.0,D01
201500028745,0,10,0,0.0,2.0,4.0,2.0,B01