Num_Acc,senc,catv,occutc,obs,obsm,choc,manv,num_veh
201500028745,0,7,0,0.0,2.0,4.0,2.0,C01
201500028746,0,7,0,0.0,1.0,7.0,1.0,A01
201500028747,0,30,0,0.0,2.0,1.0,7.0,A01
201500028747,0,7,0,0.0,2.0,3.0,15.0,B01
201500028748,0,7,0,0.0,1.0,3.0,1.0,A01
201500028749,0,7,0,0.0,2.0,4.0,2.0,B01
201500028749,0,10,0,0.0,2.0,1.0,2.0,A01
201500028750,0,7,0,0.0,0.0,0.0,12.0,A01
201500028750,0,37,0,0.0,0.0,0.0,1.0,B01
201500028751,1,7,0,0.0,1.0,0.0,16.0,A01
201500028752,0,7,0,0.0,1.0,2.0,15.0,A01
201500028753,0,7,0,0.0,2.0,2.0,16.0,B01
201500028753,0,1,0,0.0,2.0,1.0,5.0,A01
201500028754,0,7,0,0.0,1.0,2.0,16.0,A01
201500028755,0,7,0,0.0,1.0,2.0,16.0,A01
201500028756,0,37,0,0.0,2.0,8.0,1.0,B01
201500028756,0,17,0,0.0,2.0,5.0,0.0,A01
201500028757,0,7,0,0.0,2.0,3.0,15.0,A01
201500028757,0,33,0,0.0,2.0,1.0,1.0,B01
201500028758,0,1,0,0.0,1.0,2.0,1.0,A01
201500028759,0,7,0,0.0,1.0,1.0,20.0,A01
201500028760,0,7,0,0.0,1.0,1.0,0.0,A01
201500028761,0,2,0,0.0,2.0,1.0,1.0,B01
201500028761,0,7,0,0.0,2.0,8.0,9.0,A01
201500028762,0,7,0,9.0,2.0,3.0,0.0,A01
201500028762,0,7,0,0.0,2.0,3.0,1.0,B01
201500028763,0,7,0,0.0,2.0,2.0,1.0,B01
201500028763,0,7,0,0.0,2.0,3.0,13.0,A01
201500028764,0,7,0,0.0,2.0,1.0,1.0,A01
201500028764,0,3,0,9.0,2.0,3.0,1.0,B01
201500028765,0,1,0,0.0,2.0,1.0,1.0,B01
201500028765,0,7,0,0.0,2.0,7.0,16.0,A01
201500028766,0,7,0,0.0,1.0,1.0,1.0,A01
201500028767,0,7,0,0.0,0.0,4.0,23.0,B01
201500028767,0,7,0,0.0,2.0,1.0,2.0,A01
201500028768,1,7,0,0.0,1.0,0.0,0.0,Z01
201500028769,0,7,0,0.0,1.0,1.0,1.0,A01
201500028770,0,30,0,0.0,1.0,1.0,0.0,A01
201500028771,0,7,0,9.0,0.0,1.0,0.0,A01
201500028772,0,7,0,0.0,1.0,2.0,1.0,A01
201500028773,0,30,0,1.0,0.0,3.0,0.0,A01
201500028773,0,7,0,0.0,2.0,0.0,1.0,B01
201500028774,0,7,0,0.0,2.0,1.0,16.0,A01
201500028774,0,1,0,0.0,2.0,7.0,19.0,B01
201500028775,0,7,0,0.0,1.0,0.0,15.0,A01
201500028776,0,7,0,0.0,2.0,2.0,1.0,B01
201500028776,0,7,0,0.0,2.0,3.0,20.0,A01
201500028777,0,7,0,0.0,1.0,1.0,15.0,A01
201500028778,0,7,0,0.0,1.0,3.0,15.0,A01
201500028779,0,7,0,0.0,2.0,4.0,2.0,B01
201500028779,0,7,0,0.0,2.0,1.0,2.0,A01
201500028779,0,7,0,0.0,2.0,4.0,2.0,C01
201500028780,0,7,0,0.0,1.0,2.0,1.0,A01
201500028781,0,7,0,0.0,2.0,4.0,2.0,B01
201500028781,0,7,0,0.0,2.0,1.0,2.0,A01
201500028782,0,7,0,0.0,2.0,8.0,1.0,A01
201500028782,0,7,0,0.0,2.0,1.0,1.0,B01
201500028783,0,7,0,0.0,2.0,1.0,2.0,A01
201500028783,0,7,0,0.0,2.0,4.0,23.0,B01
201500028784,0,7,0,0.0,2.0,7.0,1.0,B01
201500028784,0,7,0,0.0,2.0,1.0,1.0,A01
201500028785,0,7,0,0.0,2.0,1.0,2.0,A01
201500028785,0,7,0,0.0,2.0,4.0,2.0,B01
201500028786,0,7,0,0.0,1.0,1.0,15.0,A01
201500028787,1,1,0,0.0,1.0,0.0,0.0,Z01
201500028788,0,7,0,0.0,1.0,7.0,1.0,A01
201500028789,0,7,0,0.0,2.0,1.0,10.0,A01
201500028789,0,7,0,0.0,2.0,1.0,8.0,B01
201500028790,0,7,0,9.0,2.0,3.0,1.0,A01
201500028790,0,7,0,9.0,2.0,7.0,1.0,B01
201500028791,0,7,0,0.0,1.0,7.0,1.0,A01
201500028792,0,7,0,0.0,1.0,3.0,15.0,A01
201500028793,0,1,0,0.0,1.0,1.0,1.0,A01
201500028794,0,7,0,9.0,0.0,1.0,13.0,A01
201500028795,0,1,0,0.0,1.0,1.0,1.0,A01
201500028796,0,7,0,0.0,1.0,2.0,1.0,A01
201500028797,0,7,0,0.0,1.0,1.0,1.0,A01
201500028798,0,7,0,0.0,2.0,1.0,2.0,A01
201500028798,0,7,0,0.0,0.0,4.0,23.0,C01
201500028798,0,7,0,0.0,2.0,4.0,2.0,B01
201500028799,0,7,0,0.0,2.0,7.0,1.0,B01
201500028799,1,7,0,0.0,2.0,1.0,10.0,Z01
201500028800,0,7,0,0.0,2.0,3.0,15.0,A01
201500028800,0,7,0,0.0,2.0,3.0,1.0,B01
201500028800,0,37,10,0.0,2.0,3.0,1.0,C01
201500028801,1,7,0,0.0,1.0,0.0,16.0,A01
201500028802,0,7,0,0.0,2.0,4.0,2.0,C01
201500028802,0,7,0,0.0,2.0,4.0,2.0,B01
201500028802,0,7,0,0.0,2.0,1.0,2.0,A01
201500028803,0,7,0,0.0,1.0,4.0,4.0,A01
201500028804,0,7,0,0.0,2.0,7.0,1.0,A01
201500028804,0,7,0,0.0,2.0,1.0,1.0,B01
201500028805,0,7,0,9.0,0.0,0.0,1.0,A01
201500028806,0,1,0,0.0,2.0,1.0,19.0,B01
201500028806,0,7,0,0.0,2.0,1.0,16.0,A01
201500028807,0,30,0,0.0,2.0,1.0,1.0,B01
201500028807,0,7,0,0.0,2.0,1.0,15.0,A01
201500028808,0,7,0,13.0,0.0,7.0,0.0,A01
201500028809,0,10,0,0.0,2.0,4.0,23.0,B01
201500028809,0,7,0,0.0,2.0,1.0,2.0,A01
201500028810,0,2,0,0.0,1.0,1.0,1.0,A01
201500028811,0,7,0,9.0,0.0,1.0,0.0,A01
201500028812,0,7,0,0.0,2.0,1.0,15.0,A01
201500028812,0,7,0,0.0,2.0,3.0,1.0,B01
201500028813,0,7,0,0.0,1.0,3.0,1.0,A01
201500028814,0,7,0,0.0,9.0,2.0,15.0,A01
201500028814,0,37,1,0.0,9.0,2.0,23.0,C01
201500028814,0,2,0,0.0,2.0,1.0,1.0,B01
201500028815,0,7,0,0.0,1.0,3.0,15.0,A01
201500028816,0,7,0,0.0,2.0,1.0,1.0,D01
201500028816,0,7,0,2.0,2.0,1.0,1.0,B01
201500028816,0,7,0,0.0,2.0,3.0,13.0,A01
201500028817,0,7,0,0.0,2.0,1.0,2.0,A01
201500028817,0,7,0,0.0,2.0,4.0,23.0,B01
201500028818,0,7,0,0.0,2.0,1.0,1.0,B01
201500028818,0,7,0,0.0,2.0,2.0,15.0,A01
201500028819,0,7,0,0.0,1.0,1.0,15.0,A01
201500028820,0,7,0,0.0,1.0,4.0,4.0,A01
201500028821,0,7,0,0.0,1.0,6.0,1.0,A01
201500028822,0,7,0,0.0,2.0,2.0,13.0,A01
201500028822,0,7,0,0.0,2.0,0.0,15.0,B01
201500028823,0,7,0,0.0,1.0,4.0,4.0,A01
201500028824,0,7,0,0.0,2.0,3.0,15.0,A01
201500028824,0,31,0,0.0,2.0,8.0,1.0,B01
201500028825,0,7,0,0.0,2.0,3.0,11.0,A01
201500028825,0,7,0,0.0,2.0,3.0,1.0,B01
201500028825,0,7,0,0.0,2.0,3.0,1.0,C01
201500028826,0,13,0,3.0,0.0,1.0,13.0,A01
201500028827,0,13,0,0.0,1.0,2.0,1.0,A01
201500028828,0,1,0,1.0,0.0,0.0,0.0,A01
201500028829,0,7,0,0.0,1.0,2.0,15.0,A01
201500028830,0,7,0,0.0,2.0,2.0,15.0,A01
201500028830,0,7,0,0.0,2.0,1.0,1.0,B01
201500028831,0,30,0,0.0,2.0,1.0,1.0,B01
201500028831,0,7,0,0.0,2.0,3.0,15.0,A01
201500028832,0,7,0,0.0,1.0,7.0,1.0,A01
201500028833,0,1,0,0.0,2.0,7.0,15.0,B01
201500028833,0,7,0,0.0,2.0,8.0,15.0,A01
201500028834,0,7,0,0.0,2.0,3.0,1.0,B01
201500028834,0,7,0,9.0,1.0,3.0,16.0,A01
201500028835,0,7,0,0.0,2.0,1.0,1.0,B01
201500028835,0,31,0,0.0,2.0,7.0,1.0,A01
201500028836,0,33,0,0.0,2.0,1.0,5.0,A01
201500028836,0,7,0,0.0,2.0,1.0,5.0,B01
201500028837,0,7,0,0.0,2.0,1.0,5.0,A01
201500028837,0,7,0,0.0,0.0,0.0,0.0,B01
201500028838,0,7,0,15.0,0.0,0.0,15.0,A01
201500028839,0,7,0,0.0,2.0,1.0,15.0,A01
201500028839,0,7,0,0.0,2.0,8.0,1.0,B01
201500028840,0,7,0,0.0,2.0,2.0,1.0,A01
201500028840,0,1,0,0.0,2.0,1.0,5.0,B01
201500028841,0,7,0,0.0,2.0,3.0,1.0,B01
201500028841,0,30,0,12.0,2.0,1.0,15.0,A01
201500028842,0,7,0,2.0,0.0,1.0,15.0,A01
201500028842,1,7,0,0.0,0.0,0.0,9.0,Z01
201500028843,0,7,0,0.0,1.0,7.0,1.0,A01
201500028844,0,36,0,15.0,0.0,2.0,1.0,A01
201500028845,0,33,0,0.0,2.0,1.0,1.0,B01
201500028845,0,7,0,0.0,2.0,1.0,15.0,A01
201500028846,0,7,0,0.0,1.0,3.0,15.0,A01
201500028847,0,7,0,2.0,0.0,1.0,1.0,A01
201500028848,0,7,0,0.0,2.0,3.0,1.0,B01
201500028848,0,7,0,0.0,2.0,3.0,5.0,A01
201500028849,0,14,0,13.0,0.0,3.0,1.0,A01
201500028850,0,7,0,0.0,1.0,1.0,1.0,A01
201500028851,0,7,0,0.0,1.0,1.0,21.0,A01
201500028852,0,7,0,0.0,2.0,1.0,5.0,A01
201500028852,0,7,0,0.0,2.0,1.0,1.0,B01
201500028853,0,7,0,0.0,1.0,3.0,1.0,A01
201500028854,0,7,0,0.0,1.0,2.0,1.0,A01
201500028855,0,7,0,0.0,2.0,2.0,15.0,A01
201500028855,0,7,0,0.0,0.0,0.0,0.0,B01
201500028856,0,7,0,13.0,0.0,2.0,1.0,A01
201500028857,0,7,0,0.0,1.0,1.0,1.0,A01
201500028858,0,7,0,0.0,1.0,0.0,0.0,A01
201500028859,0,7,0,0.0,1.0,7.0,1.0,A01
201500028860,0,7,0,0.0,1.0,3.0,1.0,A01
201500028861,0,30,0,12.0,0.0,1.0,9.0,A01
201500028862,1,7,0,0.0,1.0,1.0,1.0,A01
201500028863,0,7,0,0.0,1.0,0.0,0.0,A01
201500028864,0,7,0,8.0,0.0,1.0,13.0,A01
201500028865,0,1,0,8.0,0.0,1.0,13.0,A01
201500028866,0,7,0,0.0,1.0,7.0,1.0,A01
201500028867,0,7,0,0.0,1.0,8.0,9.0,A01
201500028868,0,2,0,9.0,0.0,1.0,1.0,A01
201500028869,0,10,0,2.0,0.0,1.0,17.0,A01
201500028870,0,7,0,0.0,1.0,1.0,1.0,A01
201500028871,0,7,0,0.0,1.0,1.0,1.0,A01
201500028872,0,1,0,0.0,2.0,1.0,0.0,B01
201500028872,0,7,0,0.0,2.0,3.0,9.0,A01
201500028873,0,7,0,0.0,2.0,1.0,13.0,B01
201500028873,0,7,0,0.0,2.0,1.0,1.0,A01
201500028874,0,7,0,0.0,1.0,1.0,1.0,A01
201500028875,0,1,0,0.0,2.0,0.0,1.0,B01
201500028875,0,2,0,0.0,2.0,5.0,14.0,A01
201500028876,0,7,0,0.0,2.0,0.0,0.0,B01
201500028876,0,2,0,0.0,2.0,8.0,18.0,A01
201500028877,0,7,0,0.0,0.0,0.0,0.0,A01
201500028878,0,7,0,0.0,1.0,1.0,1.0,A01
201500028879,0,1,0,0.0,2.0,0.0,0.0,A01
201500028879,1,7,0,0.0,2.0,0.0,0.0,Z01
201500028880,0,2,0,1.0,0.0,7.0,0.0,A01
201500028881,0,7,0,0.0,2.0,3.0,0.0,B01
201500028881,0,7,0,0.0,2.0,8.0,0.0,A01
201500028882,0,7,0,0.0,0.0,1.0,0.0,A01
201500028883,0,1,0,0.0,2.0,0.0,0.0,B01
201500028883,0,7,0,0.0,2.0,0.0,0.0,A01
201500028884,0,7,0,0.0,2.0,4.0,2.0,B01
201500028884,0,7,0,0.0,2.0,1.0,1.0,A01
201500028885,0,7,0,0.0,2.0,6.0,15.0,A01
201500028885,0,2,0,0.0,2.0,1.0,1.0,B01
201500028886,0,1,0,0.0,2.0,0.0,0.0,A01
201500028886,0,7,0,0.0,2.0,5.0,1.0,B01
201500028887,0,7,0,0.0,2.0,1.0,2.0,A01
201500028887,0,7,0,0.0,2.0,4.0,0.0,B01
201500028887,0,7,0,0.0,2.0,4.0,0.0,C01
201500028888,0,7,0,0.0,2.0,1.0,0.0,A01
201500028888,0,7,0,0.0,2.0,1.0,0.0,B01
201500028889,0,7,0,0.0,2.0,6.0,20.0,A01
201500028889,0,2,0,0.0,2.0,1.0,0.0,B01
201500028890,0,7,0,0.0,2.0,8.0,0.0,A01
201500028890,0,7,0,0.0,2.0,3.0,1.0,B01
201500028891,0,7,0,16.0,0.0,0.0,0.0,A01
201500028892,0,7,0,0.0,2.0,7.0,0.0,A01
201500028892,0,7,0,0.0,2.0,2.0,0.0,B01
201500028893,0,2,0,16.0,0.0,0.0,0.0,A01
201500028894,0,1,0,0.0,2.0,8.0,0.0,A01
201500028895,0,7,0,0.0,2.0,4.0,0.0,B01
201500028895,0,7,0,0.0,2.0,1.0,0.0,A01
201500028896,0,7,0,0.0,2.0,0.0,0.0,B01
201500028896,0,7,0,0.0,2.0,2.0,0.0,A01
201500028897,0,2,0,16.0,0.0,0.0,0.0,A01
201500028898,0,1,0,0.0,2.0,1.0,0.0,B01
201500028898,0,7,0,0.0,2.0,0.0,0.0,A01
201500028899,0,7,0,0.0,1.0,1.0,0.0,A01
201500028900,0,7,0,0.0,1.0,0.0,0.0,A01
201500028901,0,1,0,16.0,0.0,0.0,0.0,A01
201500028902,0,7,0,0.0,1.0,0.0,0.0,A01
201500028903,0,7,0,6.0,0.0,0.0,0.0,A01
201500028904,1,7,0,0.0,2.0,1.0,0.0,A01
201500028904,0,7,0,0.0,2.0,4.0,1.0,B01
201500028905,0,7,0,0.0,1.0,1.0,1.0,A01
201500028906,0,1,0,0.0,2.0,1.0,2.0,A01
201500028906,0,1,0,0.0,2.0,4.0,0.0,B01
201500028907,0,7,0,0.0,2.0,7.0,1.0,B01
201500028907,0,7,0,0.0,2.0,1.0,0.0,A01
201500028908,0,7,0,1.0,1.0,2.0,1.0,A01
201500028909,0,7,0,0.0,1.0,1.0,1.0,A01
201500028910,0,2,0,0.0,2.0,1.0,1.0,A01
201500028910,0,7,0,0.0,2.0,4.0,1.0,B01
201500028911,0,7,0,0.0,2.0,5.0,0.0,B01
201500028911,0,33,0,0.0,2.0,3.0,3.0,A01
201500028911,0,10,0,0.0,2.0,3.0,1.0,C01
201500028912,0,2,0,0.0,2.0,7.0,1.0,B01
201500028912,0,7,0,0.0,2.0,3.0,0.0,A01
201500028913,0,15,0,0.0,2.0,6.0,1.0,A01
201500028913,0,1,0,0.0,2.0,3.0,5.0,B01
201500028914,0,7,0,0.0,0.0,0.0,0.0,A01
201500028915,0,7,0,0.0,1.0,0.0,0.0,A01
201500028916,0,7,0,0.0,2.0,5.0,16.0,A01
201500028916,0,37,1,0.0,2.0,3.0,0.0,B01
201500028917,0,2,0,16.0,0.0,0.0,0.0,A01
201500028918,0,1,0,0.0,2.0,0.0,0.0,B01
201500028918,0,7,0,0.0,2.0,3.0,0.0,A01
201500028919,0,7,0,0.0,1.0,2.0,0.0,A01
201500028920,0,7,0,0.0,1.0,4.0,4.0,A01
201500028921,0,7,0,0.0,2.0,3.0,0.0,B01
201500028921,0,3,0,0.0,2.0,3.0,15.0,A01
201500028922,0,7,0,6.0,0.0,0.0,0.0,A01
201500028923,0,7,0,0.0,1.0,3.0,0.0,A01
201500028924,0,2,0,0.0,2.0,0.0,0.0,A01
201500028925,0,7,0,0.0,2.0,3.0,0.0,B01
201500028925,0,7,0,0.0,2.0,0.0,0.0,A01
201500028926,0,10,0,0.0,1.0,0.0,1.0,A01
201500028927,0,2,0,0.0,2.0,1.0,2.0,A01
201500028927,0,7,0,0.0,2.0,4.0,2.0,B01
201500028928,0,7,0,0.0,1.0,1.0,1.0,A01
201500028929,0,7,0,0.0,1.0,1.0,0.0,A01
201500028930,0,1,0,0.0,0.0,0.0,0.0,A01
201500028931,0,34,0,0.0,0.0,0.0,0.0,A01
201500028931,0,7,0,0.0,2.0,0.0,0.0,B01
201500028932,0,14,0,0.0,2.0,0.0,0.0,B01
201500028932,0,7,0,0.0,2.0,0.0,0.0,A01
201500028933,0,7,0,0.0,2.0,8.0,0.0,B01
201500028933,0,2,0,0.0,2.0,1.0,2.0,A01
201500028934,0,2,0,0.0,2.0,1.0,0.0,A01
201500028934,0,7,0,0.0,2.0,6.0,1.0,B01
201500028935,0,7,0,0.0,2.0,4.0,2.0,B01
201500028935,0,7,0,0.0,2.0,1.0,2.0,A01
201500028936,0,7,0,0.0,1.0,0.0,0.0,A01
201500028937,0,7,0,0.0,2.0,0.0,0.0,A01
201500028937,0,2,0,0.0,2.0,7.0,0.0,B01
201500028938,0,7,0,0.0,1.0,0.0,0.0,A01
201500028939,1,2,0,0.0,1.0,0.0,0.0,A01
201500028940,0,7,0,0.0,2.0,1.0,2.0,A01
201500028940,0,7,0,0.0,2.0,4.0,0.0,B01
201500028941,0,7,0,6.0,0.0,0.0,0.0,A01
201500028942,0,2,0,12.0,0.0,0.0,0.0,A01
201500028943,0,7,0,0.0,2.0,1.0,2.0,A01
201500028943,0,7,0,0.0,2.0,4.0,2.0,B01
201500028944,0,7,0,0.0,2.0,1.0,2.0,A01
201500028944,0,7,0,0.0,2.0,4.0,0.0,B01
201500028944,0,7,0,0.0,2.0,4.0,0.0,C01
201500028944,0,7,0,0.0,2.0,4.0,0.0,D01
201500028944,0,7,0,0.0,2.0,4.0,2.0,E01
201500028944,0,7,0,0.0,2.0,4.0,2.0,F02
201500028944,0,7,0,0.0,2.0,4.0,2.0,G02
201500028944,0,7,0,0.0,2.0,4.0,2.0,H02
201500028945,0,7,0,8.0,0.0,0.0,0.0,A01
201500028946,0,7,0,0.0,2.0,0.0,0.0,A01
201500028947,0,7,0,0.0,2.0,1.0,1.0,A01
201500028947,0,7,0,0.0,2.0,6.0,1.0,B01
201500028948,0,2,0,0.0,2.0,1.0,17.0,A01
201500028948,0,7,0,0.0,0.0,8.0,1.0,B01
201500028949,0,7,0,0.0,2.0,4.0,2.0,C01
201500028949,0,7,0,0.0,2.0,1.0,2.0,B01
201500028949,0,7,0,0.0,2.0,0.0,0.0,A01
201500028950,0,7,0,0.0,1.0,3.0,0.0,A01
201500028951,0,2,0,16.0,0.0,0.0,0.0,A01
201500028952,0,7,0,0.0,2.0,0.0,0.0,A01
201500028952,0,7,0,0.0,2.0,1.0,0.0,B01
201500028953,0,7,0,0.0,1.0,2.0,0.0,A01
201500028954,0,2,0,16.0,0.0,0.0,0.0,A01
201500028955,0,2,0,0.0,2.0,5.0,0.0,B01
201500028955,0,7,0,0.0,2.0,2.0,0.0,A01
201500028956,0,7,0,0.0,2.0,2.0,0.0,A01
201500028956,0,1,0,0.0,2.0,0.0,0.0,B01
201500028957,0,7,0,0.0,2.0,1.0,0.0,A01
201500028957,0,2,0,0.0,2.0,1.0,0.0,B01
201500028958,0,7,0,0.0,1.0,1.0,0.0,A01
201500028959,0,1,0,16.0,0.0,0.0,0.0,A01
201500028960,0,7,0,0.0,2.0,0.0,0.0,A01
201500028960,0,7,0,0.0,2.0,0.0,0.0,B01
201500028961,0,7,0,0.0,1.0,0.0,0.0,A01
201500028962,0,2,0,0.0,2.0,8.0,0.0,B01
201500028962,0,7,0,0.0,2.0,2.0,0.0,A01
201500028963,0,7,0,0.0,2.0,0.0,0.0,A01
201500028963,0,2,0,0.0,2.0,1.0,1.0,B01
201500028964,0,7,0,0.0,2.0,4.0,2.0,B01
201500028964,0,7,0,0.0,2.0,1.0,2.0,A01
201500028965,0,7,0,13.0,0.0,0.0,0.0,A01
201500028966,0,10,0,0.0,2.0,0.0,0.0,A01
201500028966,0,30,0,0.0,2.0,1.0,0.0,B01
201500028967,0,7,0,0.0,2.0,6.0,0.0,B01
201500028967,0,7,0,0.0,2.0,3.0,0.0,A01
201500028968,0,7,0,0.0,1.0,0.0,0.0,A01
201500028969,0,7,0,0.0,2.0,3.0,0.0,A01
201500028969,0,32,0,0.0,2.0,2.0,0.0,B01
201500028970,0,7,0,9.0,0.0,0.0,0.0,A01
201500028971,0,1,0,0.0,0.0,0.0,0.0,A01
201500028971,0,7,0,0.0,2.0,2.0,0.0,B01
201500028972,0,1,0,0.0,5.0,0.0,0.0,A01
201500028973,0,2,0,0.0,0.0,0.0,0.0,A01
201500028974,0,7,0,0.0,2.0,3.0,1.0,B01
201500028974,0,1,0,0.0,2.0,0.0,0.0,A01
201500028975,0,7,0,10.0,0.0,0.0,0.0,A01
201500028976,0,7,0,0.0,2.0,1.0,0.0,A01
201500028976,0,33,0,0.0,2.0,2.0,0.0,B01
201500028977,0,33,0,0.0,1.0,1.0,0.0,A01
201500028978,0,1,0,0.0,0.0,0.0,0.0,A01
201500028979,0,1,0,0.0,2.0,0.0,0.0,B01
201500028979,0,7,0,0.0,2.0,0.0,0.0,A01
201500028980,0,7,0,0.0,1.0,2.0,0.0,A01
201500028981,0,7,0,0.0,2.0,8.0,0.0,A01
201500028981,0,7,0,0.0,2.0,7.0,0.0,B01
201500028982,0,2,0,0.0,0.0,1.0,0.0,A01
201500028983,0,32,0,0.0,0.0,0.0,0.0,A01
201500028984,0,7,0,0.0,2.0,0.0,0.0,A01
201500028984,0,2,0,0.0,2.0,8.0,0.0,B01
201500028985,0,37,0,0.0,2.0,3.0,0.0,B01
201500028985,0,7,0,0.0,2.0,2.0,13.0,A01
201500028986,0,7,0,1.0,0.0,0.0,0.0,A01
201500028987,0,7,0,13.0,0.0,0.0,0.0,A01
201500028988,0,7,0,0.0,2.0,0.0,0.0,A01
201500028988,0,2,0,0.0,2.0,1.0,0.0,B01
201500028989,0,7,0,0.0,2.0,1.0,0.0,A01
201500028989,0,7,0,0.0,2.0,4.0,0.0,B01
201500028990,0,1,0,0.0,2.0,7.0,0.0,B01
201500028990,0,7,0,0.0,2.0,1.0,1.0,A01
201500028991,0,2,0,8.0,0.0,0.0,0.0,A01
201500028992,0,7,0,0.0,2.0,1.0,2.0,B01
201500028992,0,33,0,0.0,2.0,4.0,0.0,C01
201500028992,0,7,0,0.0,2.0,1.0,0.0,A01
201500028993,0,33,0,0.0,0.0,0.0,0.0,A01
201500028994,0,7,0,0.0,2.0,3.0,0.0,B01
201500028994,0,7,0,0.0,2.0,1.0,0.0,A01
201500028995,0,7,0,0.0,0.0,0.0,0.0,A01
201500028995,0,2,0,0.0,0.0,0.0,0.0,B01
201500028996,0,33,0,0.0,0.0,0.0,0.0,A01
201500028997,0,7,0,8.0,0.0,1.0,0.0,A01
201500028998,0,7,0,7.0,0.0,1.0,0.0,A01
201500028999,0,2,0,8.0,0.0,1.0,0.0,A01
201500029000,0,7,0,0.0,2.0,0.0,0.0,C01
201500029000,0,7,0,0.0,2.0,0.0,0.0,B01
201500029000,0,7,0,0.0,2.0,0.0,0.0,A01
201500029001,0,33,0,0.0,2.0,7.0,0.0,B01
201500029001,0,7,0,0.0,2.0,3.0,0.0,C01
201500029001,0,7,0,0.0,2.0,1.0,15.0,A01
201500029002,0,30,0,7.0,0.0,1.0,0.0,A01
201500029003,0,7,0,12.0,0.0,0.0,0.0,A01
201500029004,0,7,0,0.0,1.0,3.0,0.0,A01
201500029005,0,33,0,0.0,2.0,8.0,0.0,B01
201500029005,0,33,0,0.0,2.0,5.0,0.0,A01
201500029006,0,1,0,0.0,2.0,4.0,0.0,B01
201500029006,0,7,0,0.0,2.0,0.0,0.0,A01
201500029007,0,30,0,0.0,0.0,0.0,0.0,A01
201500029008,0,7,0,12.0,0.0,0.0,0.0,A01
201500029009,0,7,0,0.0,0.0,0.0,0.0,A01
201500029010,0,7,0,0.0,1.0,2.0,0.0,A01
201500029011,0,7,0,0.0,2.0,1.0,2.0,B01
201500029011,0,7,0,0.0,2.0,4.0,0.0,A01
201500029012,0,7,0,0.0,2.0,1.0,0.0,A01
201500029012,0,7,0,0.0,2.0,2.0,0.0,B01
201500029013,0,7,0,0.0,2.0,7.0,0.0,B01
201500029013,0,2,0,0.0,2.0,0.0,0.0,A01
201500029014,0,7,0,0.0,2.0,3.0,0.0,B01
201500029014,0,7,0,0.0,2.0,7.0,0.0,A01
201500029015,0,2,0,0.0,2.0,1.0,0.0,A01
201500029015,0,7,0,0.0,2.0,3.0,1.0,B01
201500029016,0,7,0,0.0,2.0,1.0,0.0,A01
201500029016,0,7,0,0.0,2.0,4.0,2.0,B01
201500029017,0,1,0,0.0,0.0,0.0,0.0,B01
201500029017,0,7,0,0.0,0.0,0.0,0.0,A01
201500029018,0,2,0,0.0,2.0,1.0,1.0,A01
201500029018,0,7,0,0.0,2.0,6.0,1.0,B01
201500029019,0,10,0,0.0,2.0,3.0,0.0,A01
201500029019,0,33,0,0.0,2.0,7.0,0.0,B01
201500029020,0,7,0,0.0,2.0,8.0,1.0,B01
201500029020,0,7,0,0.0,2.0,1.0,13.0,A01
201500029021,0,7,0,0.0,0.0,1.0,0.0,B01
201500029021,0,7,0,0.0,2.0,0.0,0.0,A01
201500029022,0,7,0,0.0,2.0,1.0,0.0,A01
201500029022,0,2,0,0.0,2.0,0.0,0.0,B01
201500029023,0,1,0,0.0,2.0,1.0,0.0,B01
201500029023,0,7,0,0.0,2.0,2.0,0.0,A01
201500029024,0,34,0,1.0,2.0,1.0,1.0,B01
201500029024,0,7,0,0.0,2.0,2.0,15.0,A01
201500029025,0,7,0,0.0,1.0,3.0,0.0,A01
201500029026,0,1,0,0.0,2.0,0.0,0.0,B01
201500029026,0,7,0,0.0,2.0,3.0,0.0,A01
201500029027,0,1,0,0.0,0.0,0.0,0.0,A01
201500029028,0,7,0,0.0,2.0,0.0,0.0,A01
201500029028,0,7,0,0.0,2.0,3.0,0.0,B01
201500029029,0,7,0,0.0,2.0,0.0,0.0,B01
201500029029,1,2,0,0.0,2.0,0.0,0.0,Z01
201500029030,0,7,0,0.0,2.0,0.0,0.0,A01
201500029030,0,7,0,0.0,2.0,4.0,0.0,B01
201500029031,0,7,0,0.0,1.0,0.0,0.0,A01
201500029032,0,7,0,0.0,2.0,3.0,1.0,B01
201500029032,0,7,0,0.0,2.0,1.0,13.0,A01
201500029033,0,7,0,0.0,2.0,0.0,0.0,A01
201500029033,0,7,0,0.0,2.0,4.0,1.0,B01
201500029034,0,10,0,0.0,1.0,3.0,1.0,A01
201500029035,0,7,0,2.0,0.0,1.0,1.0,A01
201500029036,0,7,0,0.0,2.0,3.0,0.0,A01
201500029036,0,2,0,0.0,2.0,7.0,0.0,B01
201500029037,0,7,0,0.0,2.0,2.0,0.0,A01
201500029037,0,2,0,0.0,0.0,0.0,0.0,B01
201500029038,0,7,0,5.0,0.0,0.0,0.0,A01
201500029039,0,7,0,0.0,2.0,2.0,0.0,A01
201500029039,0,7,0,0.0,2.0,3.0,0.0,B01
201500029040,0,7,0,0.0,2.0,1.0,0.0,A01
201500029040,0,7,0,0.0,2.0,4.0,0.0,B01
201500029041,0,2,0,0.0,0.0,0.0,0.0,A01
201500029042,0,2,0,0.0,2.0,1.0,0.0,B01
201500029042,0,7,0,0.0,2.0,3.0,15.0,A01
201500029043,0,1,0,0.0,2.0,0.0,0.0,B01
201500029043,0,7,0,0.0,2.0,5.0,0.0,A01