Num_Acc,senc,catv,occutc,obs,obsm,choc,manv,num_veh
201500029044,0,2,0,0.0,2.0,1.0,0.0,B01
201500029044,0,7,0,0.0,2.0,2.0,0.0,A01
201500029045,0,7,0,0.0,2.0,4.0,0.0,B01
201500029045,0,7,0,0.0,2.0,1.0,0.0,A01
201500029046,0,2,0,0.0,0.0,0.0,0.0,A01
201500029047,0,7,0,6.0,0.0,0.0,0.0,A01
201500029048,0,7,0,0.0,2.0,3.0,0.0,A01
201500029048,0,33,0,0.0,2.0,0.0,0.0,B01
201500029049,0,7,0,13.0,0.0,0.0,0.0,A01
201500029050,0,7,0,0.0,0.0,0.0,0.0,A01
201500029051,0,7,0,0.0,2.0,1.0,0.0,A01
201500029051,0,7,0,0.0,2.0,4.0,0.0,B01
201500029051,0,7,0,0.0,2.0,0.0,0.0,C01
201500029051,0,7,0,0.0,2.0,4.0,0.0,D01
201500029051,0,7,0,0.0,2.0,4.0,0.0,E01
201500029052,0,7,0,0.0,1.0,1.0,0.0,A01
201500029053,0,1,0,0.0,0.0,0.0,0.0,A01
201500029054,0,7,0,8.0,0.0,0.0,0.0,A01
201500029055,0,2,0,0.0,2.0,1.0,0.0,B01
201500029055,0,7,0,0.0,2.0,3.0,0.0,A01
201500029056,0,1,0,0.0,1.0,1.0,0.0,A01
201500029057,0,3,0,1.0,0.0,2.0,0.0,A01
201500029058,0,7,0,15.0,0.0,1.0,0.0,A01
201500029059,0,7,0,3.0,0.0,0.0,0.0,A01
201500029060,0,7,0,2.0,0.0,0.0,0.0,A01
201500029061,0,1,0,0.0,0.0,0.0,0.0,A01
201500029062,0,7,0,0.0,2.0,0.0,0.0,A01
201500029062,0,7,0,0.0,2.0,0.0,0.0,B01
201500029063,0,7,0,0.0,2.0,1.0,0.0,A01
201500029063,0,1,0,0.0,2.0,4.0,0.0,B01
201500029064,0,7,0,0.0,2.0,1.0,0.0,B01
201500029064,0,7,0,0.0,2.0,2.0,0.0,A01
201500029065,0,7,0,0.0,2.0,2.0,0.0,A01
201500029065,0,32,0,0.0,2.0,8.0,0.0,B01
201500029066,0,7,0,0.0,2.0,3.0,0.0,A01
201500029066,0,1,0,0.0,2.0,0.0,0.0,B01
201500029067,0,2,0,0.0,2.0,1.0,0.0,B01
201500029067,0,7,0,0.0,2.0,0.0,0.0,A01
201500029068,0,2,0,0.0,2.0,0.0,0.0,A01
201500029068,0,2,0,0.0,2.0,0.0,0.0,B01
201500029069,0,2,0,0.0,2.0,1.0,0.0,A01
201500029069,0,7,0,0.0,2.0,4.0,2.0,B01
201500029070,0,3,0,6.0,0.0,0.0,0.0,A01
201500029071,0,7,0,0.0,2.0,0.0,0.0,A01
201500029071,0,1,0,0.0,2.0,0.0,0.0,B01
201500029072,0,7,0,13.0,0.0,0.0,0.0,A01
201500029073,0,7,0,0.0,2.0,4.0,0.0,B01
201500029073,0,7,0,0.0,2.0,1.0,2.0,A01
201500029074,0,33,0,12.0,0.0,0.0,0.0,A01
201500029075,0,7,0,0.0,2.0,3.0,0.0,A01
201500029075,0,1,0,0.0,2.0,0.0,0.0,B01
201500029076,0,7,0,0.0,2.0,1.0,0.0,A01
201500029076,0,7,0,0.0,2.0,4.0,0.0,B01
201500029077,0,1,0,12.0,0.0,0.0,0.0,A01
201500029078,0,7,0,0.0,1.0,0.0,0.0,A01
201500029079,0,7,0,0.0,2.0,1.0,0.0,A01
201500029079,0,7,0,0.0,2.0,0.0,0.0,B01
201500029080,0,2,0,0.0,2.0,1.0,0.0,A01
201500029080,0,7,0,0.0,2.0,0.0,0.0,B01
201500029081,0,2,0,0.0,2.0,1.0,0.0,A01
201500029081,0,7,0,0.0,2.0,6.0,15.0,B01
201500029082,0,7,0,0.0,1.0,1.0,0.0,A01
201500029083,0,7,0,6.0,0.0,0.0,0.0,A01
201500029084,0,1,0,12.0,0.0,0.0,0.0,A01
201500029085,0,7,0,0.0,1.0,1.0,0.0,A01
201500029086,0,15,0,0.0,1.0,0.0,0.0,A01
201500029087,0,7,0,4.0,0.0,0.0,0.0,A01
201500029088,0,7,0,0.0,2.0,2.0,15.0,A01
201500029088,0,33,0,0.0,2.0,1.0,1.0,B01
201500029089,0,7,0,0.0,1.0,1.0,1.0,A01
201500029090,0,7,0,0.0,2.0,2.0,16.0,A01
201500029090,0,1,0,0.0,2.0,0.0,0.0,B01
201500029091,0,7,0,8.0,0.0,1.0,0.0,A01
201500029092,0,7,0,0.0,1.0,0.0,0.0,A01
201500029093,2,7,0,2.0,0.0,1.0,0.0,A01
201500029094,0,7,0,0.0,2.0,1.0,2.0,A01
201500029094,0,7,0,0.0,2.0,4.0,0.0,B01
201500029094,0,7,0,0.0,2.0,4.0,2.0,C01
201500029095,0,7,0,0.0,2.0,1.0,13.0,A01
201500029095,0,7,0,0.0,2.0,1.0,1.0,B01
201500029096,0,2,0,0.0,1.0,1.0,0.0,A01
201500029097,0,2,0,0.0,0.0,0.0,0.0,A01
201500029098,0,7,0,16.0,0.0,0.0,0.0,A01
201500029099,0,7,0,0.0,1.0,1.0,1.0,A01
201500029100,0,2,0,0.0,0.0,0.0,0.0,A01
201500029101,0,7,0,0.0,2.0,0.0,0.0,A01
201500029101,0,1,0,0.0,2.0,0.0,0.0,B01
201500029102,0,7,0,0.0,2.0,0.0,0.0,A01
201500029102,0,15,0,0.0,2.0,7.0,0.0,B01
201500029103,0,1,0,0.0,2.0,0.0,0.0,A01
201500029104,0,2,0,0.0,0.0,0.0,1.0,A01
201500029105,0,7,0,0.0,2.0,1.0,2.0,A01
201500029105,0,7,0,0.0,2.0,4.0,2.0,B01
201500029106,0,1,0,0.0,2.0,0.0,1.0,B01
201500029106,0,7,0,0.0,2.0,2.0,16.0,A01
201500029107,0,2,0,11.0,0.0,0.0,0.0,A01
201500029108,0,33,0,0.0,1.0,1.0,1.0,A01
201500029109,0,33,0,0.0,2.0,1.0,0.0,A01
201500029109,0,7,0,0.0,2.0,8.0,0.0,B01
201500029110,0,7,0,0.0,2.0,1.0,15.0,A01
201500029110,0,7,0,0.0,2.0,3.0,1.0,B01
201500029111,0,7,0,0.0,2.0,0.0,0.0,A01
201500029111,0,7,0,0.0,2.0,0.0,0.0,B01
201500029112,0,7,0,0.0,0.0,1.0,0.0,A01
201500029112,0,1,0,0.0,2.0,0.0,0.0,B01
201500029113,0,7,0,0.0,1.0,0.0,0.0,A01
201500029114,0,2,0,0.0,0.0,0.0,0.0,A01
201500029115,0,1,0,0.0,0.0,0.0,0.0,A01
201500029116,0,7,0,0.0,2.0,3.0,1.0,B01
201500029116,0,7,0,5.0,2.0,1.0,16.0,A01
201500029117,0,7,0,0.0,2.0,2.0,1.0,A01
201500029117,0,2,0,0.0,2.0,8.0,1.0,B01
201500029118,0,7,0,0.0,0.0,0.0,0.0,A01
201500029119,0,2,0,0.0,2.0,0.0,1.0,B01
201500029119,0,7,0,0.0,2.0,1.0,15.0,A01
201500029120,0,7,0,0.0,2.0,4.0,1.0,B01
201500029120,0,37,2,0.0,2.0,1.0,1.0,A01
201500029120,0,7,0,0.0,2.0,4.0,1.0,C01
201500029121,0,7,0,0.0,1.0,1.0,1.0,A01
201500029122,0,1,0,0.0,0.0,0.0,0.0,A01
201500029123,0,7,0,0.0,1.0,0.0,1.0,A01
201500029124,0,7,0,0.0,2.0,0.0,1.0,B01
201500029124,0,7,0,0.0,2.0,3.0,17.0,A01
201500029125,0,2,0,0.0,2.0,1.0,0.0,B01
201500029125,0,7,0,0.0,2.0,3.0,15.0,A01
201500029126,0,7,0,0.0,0.0,0.0,0.0,A01
201500029127,0,7,0,0.0,1.0,1.0,16.0,A01
201500029128,0,7,0,0.0,1.0,3.0,1.0,A01
201500029129,0,7,0,0.0,2.0,3.0,0.0,B01
201500029129,0,7,0,0.0,2.0,2.0,0.0,A01
201500029130,0,7,0,0.0,1.0,1.0,0.0,A01
201500029131,0,7,0,0.0,2.0,3.0,1.0,B02
201500029131,0,33,0,0.0,2.0,7.0,13.0,A01
201500029132,0,33,0,0.0,0.0,5.0,1.0,A01
201500029133,0,7,0,0.0,1.0,0.0,1.0,A01
201500029134,0,7,0,0.0,1.0,1.0,15.0,A01
201500029135,0,1,0,0.0,2.0,2.0,1.0,B01
201500029135,0,7,0,0.0,9.0,1.0,9.0,A01
201500029136,0,7,0,0.0,2.0,1.0,2.0,A01
201500029136,0,7,0,0.0,2.0,4.0,2.0,B01
201500029137,0,7,0,0.0,2.0,3.0,23.0,B01
201500029137,0,7,0,0.0,2.0,1.0,2.0,A01
201500029138,2,7,0,0.0,2.0,4.0,23.0,B01
201500029138,0,1,0,14.0,0.0,1.0,1.0,A01
201500029139,0,7,0,0.0,0.0,1.0,1.0,A01
201500029139,0,7,0,0.0,0.0,0.0,0.0,B01
201500029140,0,7,0,0.0,2.0,4.0,2.0,B01
201500029140,0,33,0,0.0,2.0,1.0,2.0,A01
201500029141,0,7,0,0.0,1.0,1.0,15.0,A01
201500029142,0,7,0,0.0,2.0,6.0,13.0,A01
201500029142,0,33,0,0.0,2.0,1.0,1.0,B01
201500029143,0,30,0,0.0,2.0,1.0,1.0,B01
201500029143,0,7,0,0.0,2.0,7.0,16.0,A01
201500029144,0,7,0,0.0,1.0,2.0,1.0,A01
201500029145,0,7,0,0.0,1.0,1.0,15.0,A01
201500029146,0,7,0,0.0,1.0,0.0,0.0,A01
201500029147,0,1,0,0.0,0.0,0.0,0.0,B01
201500029147,0,10,0,0.0,9.0,2.0,15.0,A01
201500029148,0,7,0,0.0,2.0,2.0,15.0,A01
201500029148,0,7,0,0.0,2.0,3.0,1.0,B01
201500029149,0,7,0,0.0,1.0,7.0,1.0,A01
201500029150,0,7,0,0.0,1.0,1.0,1.0,A01
201500029151,0,30,0,0.0,2.0,1.0,0.0,B01
201500029151,0,7,0,0.0,2.0,3.0,15.0,A01
201500029152,0,7,0,16.0,0.0,9.0,17.0,A01
201500029152,0,7,0,0.0,0.0,8.0,2.0,B01
201500029153,0,7,0,0.0,2.0,6.0,1.0,B01
201500029153,0,7,0,0.0,2.0,1.0,17.0,A01
201500029154,0,7,0,0.0,2.0,8.0,13.0,A01
201500029154,0,31,0,0.0,2.0,2.0,17.0,B01
201500029155,0,7,0,0.0,1.0,2.0,1.0,A01
201500029156,0,7,0,0.0,2.0,3.0,9.0,A01
201500029156,0,30,0,0.0,2.0,1.0,1.0,B01
201500029157,0,7,0,0.0,2.0,1.0,1.0,A01
201500029157,0,7,0,0.0,2.0,7.0,1.0,B01
201500029158,0,7,0,0.0,2.0,1.0,13.0,A01
201500029158,0,7,0,1.0,0.0,1.0,1.0,C01
201500029158,0,7,0,0.0,2.0,1.0,1.0,B01
201500029158,0,7,0,1.0,0.0,1.0,1.0,D01
201500029159,0,7,0,0.0,2.0,6.0,15.0,B01
201500029159,0,14,0,0.0,2.0,2.0,15.0,A01
201500029160,0,7,0,0.0,2.0,1.0,0.0,A01
201500029160,0,7,0,0.0,2.0,1.0,0.0,C01
201500029160,0,7,0,0.0,2.0,3.0,1.0,B01
201500029161,0,7,0,13.0,0.0,1.0,1.0,A01
201500029162,0,7,0,0.0,2.0,4.0,23.0,B01
201500029162,0,7,0,0.0,2.0,1.0,2.0,A01
201500029163,0,7,0,0.0,0.0,0.0,0.0,B01
201500029163,0,31,0,0.0,2.0,1.0,0.0,A01
201500029164,0,7,0,0.0,2.0,1.0,1.0,A01
201500029164,0,2,0,0.0,2.0,1.0,15.0,B01
201500029165,0,7,0,0.0,2.0,3.0,5.0,A01
201500029165,0,7,0,0.0,2.0,3.0,1.0,B01
201500029166,0,7,0,0.0,2.0,2.0,1.0,B01
201500029166,0,7,0,0.0,2.0,3.0,15.0,A01
201500029167,0,1,0,0.0,2.0,1.0,1.0,B01
201500029167,0,7,0,0.0,2.0,7.0,15.0,A01
201500029168,0,7,0,0.0,1.0,1.0,15.0,A01
201500029169,0,30,0,0.0,2.0,4.0,0.0,B01
201500029169,0,7,0,0.0,2.0,1.0,0.0,A01
201500029170,0,7,0,0.0,2.0,4.0,1.0,B01
201500029170,0,2,0,0.0,2.0,1.0,1.0,A01
201500029171,1,7,0,0.0,2.0,2.0,0.0,A01
201500029171,0,33,0,0.0,2.0,7.0,1.0,B01
201500029172,0,30,0,0.0,2.0,1.0,1.0,B01
201500029172,0,7,0,0.0,2.0,7.0,15.0,A01
201500029173,0,7,0,0.0,2.0,1.0,1.0,A01
201500029173,0,7,0,0.0,2.0,3.0,15.0,B01
201500029174,1,7,0,0.0,2.0,3.0,1.0,A01
201500029174,0,7,0,0.0,2.0,2.0,13.0,B01
201500029175,0,7,0,0.0,2.0,8.0,1.0,B01
201500029175,0,7,0,0.0,2.0,3.0,9.0,A01
201500029176,0,7,0,14.0,1.0,1.0,21.0,A01
201500029177,0,7,0,0.0,2.0,7.0,15.0,A01
201500029177,0,7,0,0.0,2.0,1.0,16.0,B01
201500029178,0,7,0,13.0,0.0,1.0,1.0,A01
201500029179,2,7,0,1.0,2.0,2.0,21.0,B01
201500029179,0,7,0,0.0,2.0,1.0,15.0,A01
201500029180,0,7,0,0.0,2.0,3.0,15.0,A01
201500029180,0,10,0,0.0,2.0,5.0,17.0,B01
201500029181,0,15,0,0.0,4.0,8.0,16.0,A01
201500029181,0,39,0,0.0,2.0,1.0,1.0,B01
201500029182,0,7,0,0.0,2.0,1.0,1.0,B02
201500029182,0,7,0,0.0,0.0,3.0,19.0,A01
201500029183,0,33,0,0.0,2.0,1.0,2.0,A01
201500029183,0,7,0,0.0,0.0,6.0,1.0,B02
201500029184,0,7,0,13.0,0.0,7.0,2.0,A01
201500029185,0,39,250,0.0,2.0,0.0,1.0,B02
201500029185,0,7,0,0.0,4.0,0.0,0.0,A01
201500029186,0,33,0,0.0,0.0,9.0,1.0,A01
201500029187,0,7,0,0.0,2.0,1.0,1.0,A01
201500029187,0,7,0,0.0,2.0,2.0,16.0,B02
201500029188,0,7,0,0.0,2.0,3.0,13.0,A01
201500029188,0,30,0,0.0,2.0,3.0,1.0,B02
201500029189,0,2,0,0.0,2.0,1.0,17.0,A01
201500029189,0,10,0,0.0,2.0,1.0,1.0,B02
201500029190,0,7,0,0.0,1.0,2.0,0.0,A01
201500029191,0,7,0,13.0,0.0,1.0,2.0,A01
201500029192,0,7,0,0.0,2.0,6.0,15.0,B01
201500029192,0,2,0,0.0,2.0,1.0,2.0,A01
201500029193,0,7,0,0.0,9.0,1.0,17.0,A01
201500029193,0,30,0,0.0,2.0,8.0,2.0,B01
201500029194,0,2,0,0.0,2.0,3.0,15.0,B01
201500029194,0,33,0,1.0,2.0,1.0,2.0,A01
201500029195,0,7,0,0.0,1.0,1.0,2.0,A01
201500029196,0,7,0,0.0,1.0,2.0,2.0,A01
201500029197,0,7,0,2.0,0.0,1.0,1.0,A01
201500029198,0,2,0,0.0,1.0,1.0,2.0,A01
201500029199,0,7,0,0.0,1.0,5.0,4.0,F01
201500029200,0,7,0,0.0,1.0,3.0,1.0,A01
201500029201,0,7,0,0.0,2.0,4.0,2.0,B01
201500029201,0,7,0,0.0,2.0,1.0,2.0,A01
201500029202,0,7,0,0.0,2.0,1.0,1.0,B01
201500029202,0,10,0,0.0,2.0,1.0,13.0,A01
201500029203,0,7,0,0.0,2.0,3.0,5.0,A01
201500029203,0,7,0,0.0,2.0,6.0,21.0,B01
201500029204,0,10,0,0.0,1.0,2.0,1.0,A01
201500029205,0,7,0,0.0,1.0,7.0,15.0,A01
201500029206,0,7,0,0.0,1.0,1.0,1.0,A01
201500029207,0,7,0,0.0,1.0,1.0,1.0,A01
201500029208,0,30,0,0.0,4.0,1.0,1.0,A01
201500029208,0,39,0,,,,,A02
201500029209,0,7,0,0.0,2.0,1.0,15.0,A01
201500029209,0,32,0,0.0,2.0,1.0,1.0,B01
201500029210,0,7,0,0.0,1.0,3.0,15.0,A01
201500029211,0,7,0,0.0,2.0,4.0,0.0,B01
201500029211,0,15,0,4.0,2.0,3.0,2.0,A01
201500029212,0,7,0,0.0,2.0,3.0,1.0,B01
201500029212,0,7,0,0.0,2.0,3.0,17.0,A01
201500029213,0,7,0,0.0,2.0,3.0,15.0,A01
201500029213,0,7,0,0.0,2.0,1.0,1.0,B01
201500029214,0,7,0,0.0,2.0,2.0,0.0,A01
201500029214,0,7,0,0.0,2.0,6.0,15.0,B01
201500029215,0,7,0,0.0,1.0,3.0,1.0,A01
201500029216,0,7,0,0.0,1.0,4.0,4.0,A01
201500029217,0,7,0,0.0,2.0,2.0,1.0,B01
201500029217,0,7,0,0.0,2.0,5.0,10.0,A01
201500029218,0,10,0,0.0,1.0,1.0,1.0,A01
201500029219,1,7,0,0.0,1.0,0.0,0.0,Z01
201500029220,0,1,0,0.0,2.0,1.0,1.0,B01
201500029220,0,7,0,0.0,2.0,2.0,15.0,A01
201500029221,0,7,0,0.0,1.0,1.0,0.0,A01
201500029222,0,10,0,0.0,1.0,3.0,1.0,A01
201500029223,0,33,0,0.0,0.0,8.0,1.0,B01
201500029224,0,7,0,0.0,1.0,3.0,1.0,A01
201500029225,0,7,0,12.0,0.0,1.0,1.0,A01
201500029226,0,7,0,0.0,1.0,4.0,23.0,B01
201500029226,0,7,0,0.0,2.0,1.0,1.0,A01
201500029227,0,10,0,0.0,2.0,2.0,17.0,A01
201500029227,0,31,0,0.0,2.0,1.0,1.0,B01
201500029228,0,7,0,1.0,0.0,1.0,1.0,A01
201500029229,0,7,0,0.0,2.0,0.0,0.0,A01
201500029229,0,2,0,0.0,2.0,3.0,1.0,B01
201500029230,0,7,0,0.0,1.0,3.0,1.0,A01
201500029231,0,10,0,0.0,2.0,4.0,23.0,B01
201500029231,0,7,0,0.0,2.0,4.0,23.0,C01
201500029231,0,7,0,0.0,2.0,1.0,2.0,A01
201500029231,0,7,0,0.0,2.0,4.0,23.0,D01
201500029232,0,7,0,0.0,1.0,1.0,1.0,A01
201500029233,0,7,0,0.0,1.0,2.0,1.0,A01
201500029234,0,1,0,1.0,2.0,0.0,1.0,B01
201500029235,0,7,0,0.0,2.0,2.0,1.0,B01
201500029235,0,7,0,0.0,2.0,2.0,9.0,A01
201500029236,0,2,0,0.0,1.0,1.0,17.0,A01
201500029237,0,31,0,0.0,2.0,1.0,2.0,A01
201500029237,0,7,0,0.0,2.0,4.0,2.0,B01
201500029238,0,7,0,0.0,2.0,1.0,1.0,B01
201500029238,0,10,0,0.0,2.0,1.0,15.0,A01
201500029239,0,7,0,0.0,2.0,4.0,23.0,B01
201500029239,0,7,0,1.0,2.0,1.0,2.0,A01
201500029240,0,7,0,0.0,2.0,5.0,16.0,B01
201500029240,0,2,0,0.0,2.0,1.0,14.0,A01
201500029241,0,7,0,0.0,1.0,0.0,1.0,A01
201500029242,0,33,0,0.0,2.0,1.0,1.0,B01
201500029242,0,10,0,0.0,2.0,1.0,15.0,A01
201500029243,0,7,0,2.0,0.0,8.0,1.0,A01
201500029244,0,7,0,0.0,2.0,5.0,1.0,B01
201500029244,0,1,0,0.0,2.0,1.0,19.0,A01
201500029245,0,7,0,1.0,0.0,9.0,13.0,A01
201500029246,0,99,0,0.0,2.0,1.0,19.0,A01
201500029246,0,7,0,0.0,2.0,3.0,1.0,B01
201500029247,0,7,0,0.0,2.0,2.0,1.0,C01
201500029247,0,7,0,8.0,2.0,9.0,1.0,B01
201500029247,0,1,0,0.0,2.0,0.0,0.0,D01
201500029247,0,10,0,8.0,2.0,1.0,13.0,A01
201500029248,0,33,0,0.0,2.0,1.0,1.0,B01
201500029248,0,7,0,0.0,2.0,7.0,15.0,A01
201500029249,0,7,0,0.0,1.0,2.0,1.0,A01
201500029250,0,1,0,0.0,2.0,1.0,0.0,B01
201500029250,0,7,0,0.0,2.0,2.0,9.0,A01
201500029251,0,7,0,0.0,2.0,1.0,1.0,A01
201500029251,0,7,0,0.0,2.0,3.0,15.0,B01
201500029252,0,33,0,0.0,1.0,1.0,1.0,A01
201500029253,0,7,0,0.0,2.0,1.0,15.0,A01
201500029253,0,30,0,0.0,2.0,1.0,1.0,B01
201500029254,0,3,0,0.0,1.0,1.0,1.0,A01
201500029255,0,7,0,0.0,2.0,3.0,15.0,B01
201500029255,0,33,0,0.0,2.0,1.0,1.0,A01
201500029256,0,7,0,0.0,1.0,1.0,1.0,A01
201500029257,0,2,0,1.0,0.0,1.0,1.0,A01
201500029258,0,10,0,0.0,2.0,3.0,9.0,A01
201500029258,0,33,0,0.0,0.0,0.0,0.0,B01
201500029259,0,10,0,0.0,9.0,3.0,9.0,A01
201500029259,0,1,0,0.0,2.0,1.0,0.0,B01
201500029260,0,10,0,0.0,1.0,0.0,1.0,A01
201500029261,0,37,0,0.0,2.0,2.0,1.0,A01
201500029261,0,10,0,0.0,2.0,1.0,15.0,B01
201500029262,0,7,0,0.0,1.0,1.0,16.0,A01
201500029263,0,7,0,0.0,1.0,1.0,1.0,A01
201500029264,1,7,0,0.0,1.0,0.0,0.0,Z01
201500029265,0,37,0,0.0,1.0,2.0,0.0,A01
201500029266,0,1,0,0.0,2.0,0.0,0.0,A01
201500029266,0,7,0,0.0,0.0,4.0,15.0,B01
201500029267,0,7,0,0.0,1.0,3.0,1.0,A01
201500029268,0,7,0,0.0,1.0,1.0,1.0,A01
201500029269,0,7,0,0.0,2.0,2.0,1.0,B01
201500029269,0,2,0,0.0,2.0,1.0,7.0,A01
201500029270,0,7,0,0.0,2.0,3.0,15.0,A01
201500029270,0,34,0,0.0,2.0,8.0,1.0,B01
201500029271,0,7,0,0.0,2.0,1.0,1.0,A01
201500029271,0,1,0,0.0,2.0,0.0,19.0,B01
201500029272,0,1,0,0.0,2.0,1.0,0.0,A01
201500029272,0,7,0,0.0,2.0,3.0,1.0,B01
201500029273,0,7,0,1.0,0.0,1.0,14.0,A01
201500029274,1,7,0,0.0,1.0,7.0,1.0,Z01
201500029275,0,2,0,0.0,2.0,8.0,1.0,A01
201500029275,1,7,0,0.0,2.0,8.0,13.0,Z01
201500029276,0,7,0,0.0,2.0,1.0,2.0,A01
201500029276,0,2,0,0.0,2.0,4.0,2.0,B01
201500029276,0,7,0,0.0,2.0,4.0,2.0,C01
201500029277,0,7,0,0.0,2.0,3.0,0.0,A01
201500029277,0,31,0,0.0,2.0,1.0,1.0,B01
201500029278,0,7,0,2.0,0.0,9.0,1.0,A01
201500029279,0,7,0,0.0,2.0,4.0,2.0,B01
201500029279,0,7,0,0.0,2.0,4.0,1.0,C01
201500029279,0,7,0,0.0,2.0,1.0,2.0,A01
201500029280,0,7,0,0.0,2.0,1.0,1.0,A01
201500029280,0,7,0,0.0,0.0,0.0,0.0,B01
201500029281,0,7,0,0.0,2.0,4.0,1.0,C01
201500029281,0,7,0,0.0,2.0,1.0,1.0,A01
201500029281,0,7,0,0.0,2.0,4.0,1.0,B01
201500029282,0,7,0,0.0,2.0,1.0,1.0,B01
201500029282,0,7,0,0.0,2.0,8.0,1.0,A01
201500029283,0,1,0,0.0,1.0,1.0,1.0,A01
201500029284,0,13,0,0.0,1.0,5.0,1.0,A01
201500029285,0,15,0,0.0,2.0,2.0,15.0,B01
201500029285,0,7,0,0.0,2.0,9.0,18.0,A01
201500029285,0,7,0,0.0,2.0,2.0,1.0,C01
201500029286,0,7,0,0.0,2.0,4.0,1.0,D01
201500029286,0,7,0,0.0,2.0,9.0,1.0,B01
201500029286,0,7,0,0.0,2.0,4.0,1.0,F02
201500029286,0,7,0,0.0,2.0,9.0,1.0,C01
201500029286,0,7,0,0.0,2.0,4.0,1.0,E01
201500029286,0,15,0,0.0,2.0,1.0,1.0,A01
201500029287,0,7,0,0.0,2.0,3.0,15.0,B01
201500029287,0,31,0,0.0,2.0,2.0,17.0,A01
201500029288,0,7,0,0.0,1.0,1.0,1.0,A01
201500029289,0,2,0,15.0,0.0,1.0,1.0,A01
201500029290,0,7,0,0.0,1.0,3.0,0.0,A01
201500029291,0,7,0,0.0,1.0,1.0,1.0,A01
201500029292,0,7,0,0.0,2.0,3.0,9.0,A01
201500029292,0,7,0,0.0,2.0,1.0,1.0,B01
201500029293,0,7,0,2.0,0.0,3.0,7.0,A01
201500029294,0,7,0,0.0,2.0,5.0,16.0,A01
201500029294,0,1,0,0.0,2.0,0.0,1.0,B01
201500029295,0,7,0,0.0,2.0,3.0,1.0,B01
201500029295,0,2,0,0.0,2.0,2.0,9.0,A01
201500029296,0,7,0,0.0,2.0,8.0,24.0,A01
201500029296,0,1,0,1.0,0.0,1.0,1.0,B01
201500029297,0,7,0,0.0,1.0,2.0,1.0,A01
201500029298,0,7,0,0.0,1.0,1.0,1.0,A01
201500029299,0,7,0,0.0,1.0,1.0,15.0,A01
201500029300,0,7,0,0.0,2.0,1.0,15.0,A01
201500029300,0,2,0,0.0,2.0,1.0,1.0,B01
201500029301,0,7,0,0.0,2.0,7.0,15.0,A01
201500029301,0,2,0,0.0,2.0,1.0,1.0,B01
201500029302,0,7,0,0.0,1.0,3.0,1.0,A01
201500029303,0,3,0,0.0,2.0,1.0,15.0,A01
201500029303,0,7,0,0.0,2.0,1.0,15.0,B01
201500029304,1,33,0,0.0,2.0,0.0,0.0,Z01
201500029304,0,7,0,0.0,2.0,8.0,0.0,B01
201500029305,0,30,0,0.0,1.0,1.0,1.0,A01
201500029306,0,7,0,0.0,2.0,1.0,1.0,A01
201500029306,0,7,0,0.0,2.0,2.0,10.0,B01
201500029307,0,7,0,0.0,1.0,1.0,1.0,A01
201500029308,0,7,0,0.0,2.0,3.0,15.0,B01
201500029308,0,7,0,0.0,2.0,1.0,1.0,A01
201500029309,0,1,0,0.0,0.0,0.0,0.0,B01
201500029309,1,7,0,0.0,0.0,0.0,0.0,A01
201500029310,0,7,0,0.0,1.0,0.0,1.0,A01
201500029311,0,7,0,0.0,1.0,0.0,1.0,A01
201500029312,0,7,0,0.0,1.0,1.0,0.0,A01
201500029313,0,7,0,0.0,1.0,1.0,18.0,A01
201500029314,0,10,0,2.0,0.0,5.0,1.0,A01
201500029315,0,10,0,0.0,1.0,1.0,1.0,A01
201500029316,0,7,0,0.0,1.0,1.0,15.0,A01
201500029317,0,10,0,0.0,1.0,1.0,1.0,A01
201500029318,0,7,0,0.0,1.0,1.0,1.0,A01
201500029319,0,7,0,0.0,2.0,1.0,1.0,A01
201500029319,0,7,0,0.0,2.0,4.0,1.0,B01
201500029320,0,7,0,0.0,1.0,1.0,15.0,A01
201500029321,0,7,0,2.0,0.0,8.0,1.0,A01
201500029322,0,7,0,0.0,2.0,2.0,0.0,A01
201500029322,0,7,0,0.0,2.0,2.0,0.0,B01
201500029323,0,7,0,0.0,2.0,7.0,13.0,A01
201500029323,0,7,0,0.0,2.0,1.0,1.0,B01
201500029324,0,2,0,1.0,0.0,0.0,0.0,A01
201500029325,0,7,0,0.0,1.0,2.0,1.0,A01
201500029326,0,7,0,6.0,0.0,1.0,1.0,A01
201500029327,0,7,0,0.0,1.0,8.0,1.0,A01
201500029328,0,7,0,0.0,2.0,6.0,15.0,B01
201500029328,0,2,0,0.0,2.0,1.0,1.0,A01
201500029329,0,7,0,0.0,1.0,3.0,1.0,A01
201500029330,0,7,0,0.0,1.0,2.0,1.0,A01
201500029331,0,2,0,0.0,0.0,0.0,1.0,A01
201500029332,0,7,0,0.0,1.0,7.0,1.0,A01
201500029333,0,7,0,0.0,2.0,2.0,1.0,B01
201500029333,0,7,0,0.0,2.0,8.0,16.0,A01
201500029334,0,7,0,0.0,1.0,1.0,2.0,A01
201500029335,0,2,0,0.0,2.0,1.0,1.0,B01
201500029335,0,7,0,0.0,2.0,8.0,1.0,A01
201500029335,0,7,0,0.0,2.0,0.0,0.0,T01
201500029336,0,7,0,0.0,1.0,3.0,0.0,A01
201500029337,0,7,0,0.0,2.0,3.0,2.0,A01
201500029337,0,33,0,0.0,2.0,0.0,2.0,B01
201500029338,0,33,0,0.0,2.0,1.0,1.0,A01