Num_Acc,senc,catv,occutc,obs,obsm,choc,manv,num_veh
201500029338,0,7,0,0.0,2.0,3.0,1.0,B01
201500029339,0,10,0,0.0,1.0,2.0,16.0,A01
201500029340,0,7,0,0.0,2.0,1.0,1.0,B01
201500029340,0,7,0,0.0,2.0,7.0,15.0,A01
201500029341,0,7,0,0.0,1.0,1.0,15.0,A01
201500029342,0,7,0,0.0,1.0,1.0,1.0,A01
201500029343,0,7,0,0.0,1.0,2.0,1.0,A01
201500029344,0,7,0,0.0,1.0,1.0,1.0,A01
201500029345,0,7,0,0.0,2.0,1.0,1.0,B01
201500029345,0,7,0,0.0,2.0,7.0,15.0,A01
201500029346,0,7,0,0.0,1.0,1.0,1.0,A01
201500029347,0,7,0,0.0,2.0,3.0,15.0,A01
201500029347,0,30,0,0.0,2.0,1.0,17.0,B01
201500029348,0,7,0,0.0,1.0,3.0,16.0,A01
201500029349,0,7,0,0.0,2.0,1.0,1.0,B01
201500029349,0,7,0,0.0,2.0,7.0,1.0,A01
201500029350,0,30,0,0.0,2.0,1.0,17.0,A01
201500029350,0,7,0,0.0,2.0,3.0,15.0,B01
201500029351,0,7,0,0.0,1.0,5.0,0.0,A01
201500029352,0,7,0,0.0,1.0,2.0,1.0,A01
201500029353,0,7,0,0.0,2.0,3.0,15.0,A01
201500029353,0,33,0,0.0,2.0,1.0,1.0,B01
201500029354,0,10,0,0.0,2.0,3.0,1.0,B01
201500029354,0,7,0,0.0,2.0,3.0,13.0,A01
201500029355,0,33,0,1.0,0.0,1.0,14.0,A01
201500029356,0,7,0,0.0,1.0,1.0,1.0,A01
201500029357,0,7,0,0.0,1.0,2.0,16.0,A01
201500029358,0,7,0,0.0,1.0,1.0,1.0,A01
201500029359,0,7,0,0.0,1.0,1.0,1.0,A01
201500029360,0,30,0,0.0,0.0,1.0,13.0,A01
201500029361,0,7,0,0.0,1.0,1.0,1.0,A01
201500029362,0,2,0,0.0,2.0,1.0,0.0,B01
201500029362,0,7,0,0.0,2.0,3.0,9.0,A01
201500029363,0,7,0,0.0,1.0,1.0,1.0,A01
201500029364,0,7,0,0.0,1.0,3.0,9.0,A01
201500029365,0,7,0,0.0,1.0,1.0,1.0,A01
201500029366,0,7,0,0.0,2.0,1.0,1.0,B01
201500029366,0,2,0,0.0,2.0,1.0,9.0,A01
201500029367,0,7,0,0.0,1.0,1.0,1.0,A01
201500029368,0,7,0,0.0,2.0,4.0,2.0,C01
201500029368,0,7,0,0.0,2.0,4.0,2.0,B01
201500029368,0,7,0,0.0,2.0,1.0,1.0,A01
201500029368,0,7,0,0.0,2.0,1.0,1.0,D01
201500029369,0,7,0,0.0,1.0,1.0,1.0,A01
201500029370,0,7,0,0.0,2.0,4.0,16.0,B01
201500029370,0,36,0,0.0,2.0,1.0,1.0,A01
201500029371,0,33,0,1.0,0.0,1.0,13.0,A01
201500029372,0,33,0,0.0,0.0,2.0,14.0,A01
201500029373,0,7,0,0.0,2.0,2.0,1.0,B01
201500029373,0,7,0,0.0,2.0,8.0,0.0,A01
201500029374,0,33,0,0.0,2.0,1.0,1.0,B01
201500029374,0,7,0,0.0,2.0,2.0,9.0,A01
201500029375,0,7,0,0.0,1.0,1.0,1.0,A01
201500029376,0,7,0,1.0,0.0,6.0,0.0,A01
201500029376,0,7,0,1.0,0.0,6.0,0.0,B01
201500029377,0,7,0,0.0,2.0,1.0,1.0,B01
201500029377,0,30,0,0.0,2.0,1.0,13.0,A01
201500029378,0,7,0,0.0,1.0,8.0,0.0,A01
201500029379,0,33,0,3.0,0.0,1.0,13.0,A01
201500029380,0,33,0,16.0,0.0,1.0,0.0,A01
201500029381,0,7,0,0.0,2.0,2.0,15.0,A01
201500029381,0,33,0,0.0,2.0,1.0,1.0,B01
201500029382,0,7,0,0.0,2.0,1.0,0.0,A01
201500029382,0,7,0,0.0,2.0,0.0,24.0,B01
201500029383,0,7,0,0.0,1.0,2.0,16.0,A01
201500029384,0,7,0,0.0,2.0,1.0,15.0,A01
201500029384,0,7,0,0.0,2.0,1.0,1.0,B01
201500029385,0,7,0,0.0,2.0,1.0,13.0,A01
201500029385,0,7,0,0.0,2.0,1.0,1.0,B01
201500029386,0,1,0,0.0,2.0,1.0,1.0,B01
201500029386,0,7,0,0.0,9.0,1.0,15.0,A01
201500029387,0,7,0,0.0,1.0,7.0,1.0,A01
201500029388,0,7,0,0.0,2.0,3.0,6.0,A01
201500029388,0,7,0,0.0,2.0,1.0,1.0,B01
201500029389,0,1,0,0.0,2.0,3.0,19.0,B01
201500029389,0,7,0,0.0,9.0,1.0,16.0,A01
201500029390,0,7,0,0.0,1.0,2.0,1.0,A01
201500029391,0,7,0,0.0,2.0,5.0,1.0,B01
201500029391,0,2,0,0.0,2.0,3.0,13.0,A01
201500029392,1,7,0,0.0,2.0,3.0,15.0,A01
201500029392,0,2,0,0.0,2.0,1.0,1.0,B01
201500029393,0,30,0,16.0,0.0,2.0,14.0,A01
201500029394,0,7,0,0.0,1.0,2.0,16.0,A01
201500029395,0,7,0,0.0,0.0,0.0,0.0,A01
201500029395,0,33,0,0.0,0.0,0.0,21.0,B01
201500029395,0,33,0,0.0,0.0,7.0,21.0,C01
201500029396,0,32,0,0.0,1.0,1.0,1.0,A01
201500029397,0,7,0,0.0,1.0,1.0,15.0,A01
201500029398,0,7,0,0.0,2.0,1.0,15.0,A01
201500029398,0,33,0,0.0,2.0,1.0,1.0,B01
201500029399,0,7,0,0.0,1.0,2.0,1.0,A01
201500029400,0,7,0,0.0,1.0,2.0,1.0,A01
201500029401,0,7,0,0.0,1.0,1.0,0.0,A01
201500029402,0,7,0,0.0,1.0,2.0,0.0,A01
201500029403,0,7,0,0.0,1.0,1.0,0.0,A01
201500029404,0,7,0,0.0,1.0,1.0,1.0,A01
201500029405,0,7,0,0.0,1.0,1.0,1.0,A01
201500029406,0,10,0,0.0,1.0,1.0,1.0,A01
201500029407,0,7,0,0.0,1.0,0.0,0.0,A01
201500029408,0,1,0,0.0,2.0,3.0,1.0,B01
201500029408,0,7,0,0.0,9.0,2.0,16.0,A01
201500029409,0,3,0,0.0,1.0,0.0,0.0,A01
201500029410,0,10,0,0.0,1.0,3.0,15.0,A01
201500029411,0,7,0,0.0,2.0,1.0,1.0,B01
201500029411,0,7,0,0.0,2.0,1.0,13.0,A01
201500029412,0,7,0,0.0,1.0,3.0,15.0,A01
201500029413,0,33,0,0.0,2.0,2.0,1.0,B01
201500029413,0,7,0,0.0,2.0,3.0,9.0,A01
201500029414,0,7,0,0.0,1.0,3.0,1.0,A01
201500029415,0,7,0,0.0,2.0,2.0,1.0,A01
201500029415,0,30,0,0.0,2.0,1.0,15.0,B02
201500029416,0,7,0,0.0,2.0,1.0,1.0,J10
201500029416,0,7,0,0.0,2.0,1.0,1.0,E05
201500029416,0,7,0,0.0,2.0,1.0,1.0,F06
201500029416,0,7,0,0.0,2.0,1.0,1.0,H08
201500029416,0,7,0,0.0,2.0,1.0,1.0,G07
201500029416,0,10,0,3.0,0.0,3.0,1.0,A01
201500029416,0,7,0,0.0,2.0,1.0,1.0,I09
201500029416,0,7,0,0.0,2.0,1.0,1.0,B02
201500029416,0,7,0,0.0,2.0,1.0,1.0,K11
201500029416,0,7,0,0.0,2.0,1.0,1.0,D04
201500029416,0,7,0,0.0,2.0,1.0,1.0,C03
201500029417,0,15,0,0.0,2.0,2.0,21.0,A01
201500029417,0,7,0,3.0,2.0,6.0,9.0,B02
201500029418,0,10,0,0.0,2.0,2.0,17.0,A01
201500029419,0,7,0,0.0,2.0,3.0,11.0,A01
201500029419,0,7,0,0.0,0.0,5.0,1.0,B02
201500029420,0,7,0,0.0,2.0,1.0,2.0,A01
201500029420,0,7,0,0.0,0.0,4.0,2.0,C03
201500029420,0,7,0,0.0,2.0,4.0,2.0,B02
201500029421,0,7,0,0.0,2.0,2.0,1.0,A01
201500029421,0,7,0,3.0,0.0,6.0,13.0,B02
201500029422,0,10,0,14.0,0.0,7.0,2.0,C03
201500029422,0,17,0,0.0,2.0,4.0,2.0,B02
201500029422,0,10,0,14.0,0.0,2.0,2.0,D04
201500029422,0,10,0,0.0,2.0,1.0,2.0,A01
201500029422,0,7,0,14.0,0.0,2.0,2.0,E05
201500029423,0,1,0,0.0,2.0,8.0,15.0,B02
201500029423,0,33,0,0.0,2.0,1.0,17.0,A01
201500029424,0,1,0,0.0,9.0,4.0,1.0,B02
201500029424,0,1,0,0.0,9.0,1.0,1.0,A01
201500029425,0,7,0,2.0,0.0,1.0,1.0,A01
201500029425,0,7,0,0.0,0.0,7.0,1.0,B02
201500029426,0,7,0,0.0,2.0,1.0,1.0,B02
201500029426,0,7,0,0.0,2.0,1.0,13.0,A01
201500029427,0,10,0,0.0,2.0,6.0,2.0,A01
201500029427,0,7,0,0.0,2.0,9.0,1.0,B02
201500029427,0,7,0,0.0,2.0,1.0,1.0,C03
201500029427,0,7,0,0.0,0.0,5.0,1.0,D04
201500029428,0,33,0,0.0,2.0,0.0,0.0,B01
201500029428,0,7,0,0.0,2.0,1.0,9.0,A01
201500029429,0,2,0,0.0,2.0,1.0,0.0,A01
201500029429,0,7,0,0.0,2.0,1.0,1.0,B01
201500029430,0,7,0,0.0,1.0,0.0,1.0,A01
201500029431,0,2,0,0.0,0.0,0.0,0.0,A01
201500029432,0,2,0,0.0,0.0,0.0,0.0,A01
201500029433,0,7,0,0.0,2.0,2.0,0.0,A01
201500029433,0,1,0,0.0,2.0,8.0,0.0,B01
201500029434,0,1,0,0.0,2.0,1.0,0.0,A01
201500029434,0,7,0,0.0,2.0,2.0,0.0,B01
201500029435,0,7,0,0.0,2.0,2.0,1.0,B01
201500029435,0,7,0,0.0,2.0,7.0,5.0,A01
201500029436,0,7,0,0.0,1.0,0.0,0.0,A01
201500029437,0,7,0,0.0,1.0,0.0,0.0,A01
201500029438,0,2,0,0.0,0.0,0.0,0.0,A01
201500029439,0,7,0,0.0,0.0,0.0,0.0,A01
201500029440,0,7,0,0.0,2.0,1.0,0.0,A01
201500029440,0,7,0,0.0,2.0,1.0,0.0,B01
201500029441,0,7,0,0.0,2.0,4.0,4.0,A01
201500029441,0,1,0,0.0,2.0,1.0,1.0,B01
201500029442,0,33,0,0.0,0.0,0.0,0.0,A01
201500029443,0,7,0,0.0,2.0,1.0,15.0,A01
201500029443,0,1,0,0.0,2.0,1.0,1.0,B01
201500029444,0,2,0,0.0,0.0,0.0,0.0,A01
201500029445,0,2,0,0.0,0.0,0.0,0.0,A01
201500029446,0,7,0,0.0,1.0,3.0,0.0,A01
201500029447,0,7,0,0.0,0.0,0.0,0.0,B01
201500029447,0,1,0,0.0,0.0,0.0,0.0,A01
201500029448,0,33,0,0.0,0.0,0.0,0.0,A01
201500029449,0,33,0,0.0,0.0,0.0,0.0,A01
201500029450,0,33,0,0.0,0.0,7.0,0.0,A01
201500029451,0,30,0,8.0,0.0,1.0,16.0,A01
201500029452,0,7,0,6.0,0.0,1.0,0.0,A01
201500029453,0,7,0,0.0,0.0,0.0,0.0,A01
201500029454,0,33,0,0.0,2.0,1.0,1.0,B01
201500029454,0,7,0,0.0,2.0,5.0,15.0,A01
201500029455,0,7,0,0.0,1.0,1.0,1.0,A01
201500029456,0,7,0,1.0,0.0,3.0,13.0,A01
201500029457,0,1,0,12.0,0.0,0.0,1.0,A01
201500029458,0,7,0,0.0,1.0,0.0,0.0,A01
201500029459,0,7,0,0.0,1.0,1.0,16.0,A01
201500029460,0,7,0,0.0,2.0,2.0,17.0,A01
201500029460,0,1,0,0.0,2.0,0.0,1.0,B01
201500029461,0,7,0,0.0,2.0,0.0,1.0,B01
201500029461,0,7,0,0.0,2.0,0.0,15.0,A01
201500029462,0,2,0,8.0,0.0,0.0,0.0,A01
201500029463,0,1,0,0.0,2.0,0.0,0.0,B01
201500029463,1,7,0,0.0,2.0,0.0,0.0,Z01
201500029464,0,7,0,0.0,2.0,0.0,0.0,A01
201500029464,0,33,0,0.0,2.0,0.0,0.0,B01
201500029465,0,3,0,1.0,0.0,3.0,1.0,A01
201500029466,2,7,0,0.0,2.0,2.0,0.0,Z01
201500029466,0,1,0,0.0,0.0,4.0,1.0,B01
201500029467,0,33,0,0.0,0.0,0.0,0.0,A01
201500029468,0,7,0,0.0,1.0,0.0,0.0,A01
201500029469,0,33,0,0.0,0.0,8.0,0.0,A01
201500029470,0,7,0,0.0,2.0,1.0,2.0,A01
201500029470,0,7,0,0.0,0.0,0.0,0.0,B01
201500029471,0,7,0,0.0,2.0,4.0,2.0,B01
201500029471,0,33,0,0.0,2.0,1.0,2.0,A01
201500029472,0,7,0,0.0,2.0,4.0,2.0,B01
201500029472,0,7,0,0.0,2.0,1.0,0.0,A01
201500029473,0,7,0,0.0,2.0,1.0,15.0,A01
201500029473,0,7,0,0.0,2.0,3.0,1.0,B01
201500029474,0,2,0,0.0,1.0,1.0,0.0,A01
201500029475,0,7,0,0.0,2.0,8.0,0.0,A01
201500029475,0,7,0,0.0,2.0,1.0,0.0,B01
201500029476,0,7,0,0.0,2.0,1.0,0.0,A01
201500029476,0,7,0,0.0,2.0,8.0,0.0,C01
201500029476,0,7,0,0.0,2.0,8.0,0.0,B01
201500029477,0,7,0,15.0,0.0,0.0,14.0,A01
201500029478,0,1,0,0.0,0.0,7.0,0.0,A01
201500029479,0,7,0,0.0,1.0,1.0,16.0,A01
201500029480,0,7,0,0.0,1.0,4.0,4.0,A01
201500029481,0,7,0,0.0,2.0,1.0,0.0,A01
201500029481,0,7,0,0.0,2.0,1.0,0.0,B01
201500029482,0,7,0,0.0,1.0,1.0,0.0,A01
201500029483,0,7,0,0.0,2.0,0.0,0.0,A01
201500029483,0,33,0,0.0,2.0,7.0,0.0,B01
201500029484,0,7,0,0.0,2.0,2.0,1.0,B01
201500029484,0,30,0,0.0,2.0,1.0,18.0,A01
201500029485,0,2,0,0.0,2.0,0.0,17.0,A01
201500029485,0,7,0,0.0,2.0,3.0,15.0,B01
201500029486,0,7,0,0.0,1.0,1.0,0.0,A01
201500029487,0,7,0,0.0,1.0,1.0,15.0,A01
201500029488,0,7,0,0.0,2.0,1.0,1.0,B01
201500029488,0,7,0,0.0,2.0,1.0,15.0,A01
201500029489,0,2,0,0.0,0.0,0.0,0.0,A01
201500029490,0,30,0,0.0,2.0,1.0,0.0,A01
201500029490,0,7,0,0.0,2.0,2.0,0.0,B01
201500029491,0,7,0,0.0,1.0,0.0,1.0,A01
201500029492,0,30,0,0.0,2.0,1.0,0.0,B01
201500029492,0,7,0,0.0,2.0,1.0,0.0,A01
201500029493,0,7,0,0.0,2.0,1.0,0.0,B01
201500029493,0,31,0,0.0,2.0,1.0,0.0,A01
201500029494,0,7,0,0.0,1.0,1.0,1.0,A01
201500029495,0,7,0,0.0,1.0,1.0,0.0,A01
201500029496,0,1,0,0.0,2.0,6.0,0.0,B01
201500029496,0,7,0,0.0,2.0,0.0,0.0,A01
201500029497,0,30,0,0.0,0.0,7.0,0.0,A01
201500029498,0,7,0,0.0,2.0,1.0,0.0,B01
201500029498,0,7,0,0.0,2.0,1.0,0.0,A01
201500029499,0,7,0,0.0,2.0,1.0,1.0,B01
201500029499,0,7,0,0.0,2.0,0.0,0.0,A01
201500029500,0,7,0,0.0,1.0,4.0,0.0,A01
201500029501,0,7,0,0.0,2.0,1.0,0.0,B01
201500029501,0,7,0,0.0,2.0,1.0,0.0,A01
201500029502,0,7,0,0.0,2.0,1.0,1.0,A01
201500029502,0,7,0,0.0,2.0,6.0,0.0,B01
201500029503,0,7,0,1.0,0.0,9.0,1.0,A01
201500029504,0,1,0,0.0,2.0,0.0,1.0,A01
201500029504,0,7,0,0.0,2.0,1.0,0.0,B01
201500029505,1,7,0,0.0,1.0,0.0,0.0,Z01
201500029506,0,33,0,0.0,2.0,7.0,13.0,A01
201500029506,0,7,0,0.0,2.0,8.0,2.0,B01
201500029507,0,2,0,0.0,2.0,8.0,0.0,B01
201500029507,0,7,0,0.0,2.0,1.0,0.0,A01
201500029508,0,10,0,0.0,2.0,1.0,0.0,A01
201500029508,0,7,0,0.0,2.0,8.0,0.0,B01
201500029509,0,2,0,0.0,0.0,8.0,0.0,A01
201500029510,0,7,0,0.0,1.0,0.0,1.0,A01
201500029511,0,37,1,0.0,1.0,1.0,0.0,A01
201500029512,0,7,0,0.0,2.0,1.0,0.0,A01
201500029512,0,7,0,0.0,2.0,3.0,0.0,B01
201500029513,0,2,0,0.0,2.0,0.0,1.0,B01
201500029513,0,7,0,0.0,2.0,3.0,15.0,A01
201500029514,0,7,0,2.0,0.0,2.0,1.0,A01
201500029515,0,7,0,0.0,2.0,3.0,10.0,A01
201500029515,0,7,0,0.0,2.0,7.0,1.0,B01
201500029516,0,7,0,0.0,2.0,4.0,0.0,B01
201500029516,0,2,0,0.0,2.0,1.0,0.0,A01
201500029517,0,7,0,0.0,2.0,8.0,0.0,A01
201500029517,0,7,0,0.0,2.0,3.0,0.0,B01
201500029518,0,7,0,0.0,2.0,1.0,1.0,A01
201500029518,0,7,0,0.0,2.0,6.0,15.0,B01
201500029519,0,7,0,0.0,2.0,1.0,0.0,A01
201500029519,0,1,0,0.0,2.0,7.0,0.0,B01
201500029520,0,2,0,0.0,2.0,1.0,1.0,B01
201500029520,0,7,0,0.0,2.0,2.0,15.0,A01
201500029521,0,7,0,6.0,0.0,1.0,21.0,B02
201500029521,0,33,0,0.0,2.0,7.0,1.0,A01
201500029522,0,7,0,0.0,1.0,7.0,1.0,A01
201500029523,0,7,0,6.0,0.0,3.0,13.0,A01
201500029524,0,7,0,3.0,0.0,7.0,1.0,C03
201500029524,0,7,0,0.0,2.0,3.0,1.0,B02
201500029524,0,7,0,0.0,2.0,6.0,2.0,E05
201500029524,0,7,0,0.0,2.0,8.0,1.0,D04
201500029524,0,7,0,0.0,2.0,1.0,13.0,A01
201500029525,0,33,0,12.0,0.0,1.0,1.0,A01
201500029526,0,7,0,0.0,2.0,1.0,1.0,A01
201500029526,0,1,0,0.0,2.0,4.0,2.0,B02
201500029527,0,10,0,1.0,,1.0,1.0,A01
201500029528,0,7,0,6.0,0.0,1.0,17.0,A01
201500029529,0,38,1,0.0,2.0,1.0,1.0,B02
201500029529,0,7,0,0.0,2.0,1.0,5.0,A01
201500029530,0,7,0,0.0,1.0,2.0,1.0,A01
201500029531,0,7,0,0.0,2.0,1.0,1.0,B02
201500029531,0,7,0,0.0,2.0,1.0,6.0,A01
201500029532,0,7,0,2.0,0.0,1.0,1.0,A01
201500029533,0,7,0,0.0,1.0,2.0,1.0,A01
201500029534,0,7,0,0.0,2.0,3.0,20.0,B02
201500029534,0,2,0,0.0,2.0,1.0,5.0,A01
201500029535,0,7,0,0.0,2.0,8.0,1.0,B02
201500029535,0,7,0,3.0,2.0,2.0,12.0,A01
201500029535,0,7,0,0.0,2.0,9.0,1.0,C03
201500029536,0,7,0,0.0,2.0,3.0,1.0,B02
201500029536,0,7,0,0.0,2.0,2.0,16.0,A01
201500029537,0,7,0,0.0,2.0,3.0,19.0,B02
201500029537,0,33,0,0.0,2.0,1.0,1.0,A01
201500029538,0,33,0,0.0,2.0,1.0,1.0,A01
201500029538,0,7,0,0.0,2.0,8.0,19.0,B02
201500029539,0,33,0,16.0,0.0,2.0,1.0,A01
201500029540,0,33,0,3.0,0.0,3.0,1.0,A01
201500029541,0,30,0,15.0,0.0,1.0,1.0,A01
201500029541,0,7,0,0.0,2.0,8.0,9.0,B02
201500029542,0,7,0,0.0,1.0,2.0,17.0,A01
201500029543,0,7,0,2.0,0.0,1.0,18.0,A01
201500029544,0,7,0,0.0,1.0,3.0,1.0,A01
201500029545,0,7,0,0.0,2.0,3.0,1.0,A01
201500029545,0,7,0,0.0,2.0,8.0,15.0,B02
201500029546,0,7,0,0.0,1.0,2.0,2.0,A01
201500029547,0,7,0,1.0,0.0,2.0,1.0,A01
201500029548,0,7,0,0.0,1.0,2.0,0.0,A01
201500029549,0,7,0,0.0,2.0,7.0,19.0,A01
201500029549,0,1,0,0.0,2.0,1.0,1.0,B01
201500029550,0,7,0,0.0,1.0,1.0,1.0,A01
201500029551,0,7,0,15.0,1.0,2.0,1.0,A01
201500029552,0,7,0,0.0,1.0,2.0,1.0,A01
201500029553,0,7,0,0.0,2.0,1.0,15.0,B01
201500029553,0,33,0,0.0,2.0,1.0,1.0,A01
201500029554,0,10,0,0.0,1.0,0.0,1.0,A01
201500029555,0,2,0,0.0,2.0,1.0,1.0,B01
201500029556,1,7,0,0.0,1.0,0.0,0.0,Z01
201500029557,0,7,0,0.0,1.0,8.0,1.0,A01
201500029558,0,7,0,0.0,1.0,0.0,0.0,A01
201500029559,0,7,0,8.0,2.0,1.0,1.0,B01
201500029559,0,7,0,11.0,2.0,2.0,15.0,A01
201500029560,0,2,0,0.0,2.0,7.0,1.0,B01
201500029560,0,7,0,0.0,9.0,3.0,15.0,A01
201500029561,0,7,0,0.0,2.0,2.0,1.0,B01
201500029561,0,7,0,0.0,0.0,8.0,10.0,A01
201500029562,0,15,0,0.0,9.0,0.0,2.0,A01
201500029562,0,1,0,0.0,2.0,8.0,2.0,B01
201500029563,0,7,0,0.0,0.0,0.0,0.0,B01
201500029563,0,7,0,0.0,2.0,0.0,0.0,A01
201500029564,0,7,0,0.0,2.0,8.0,1.0,C01
201500029564,0,7,0,0.0,2.0,1.0,1.0,B01
201500029564,1,7,0,0.0,2.0,1.0,13.0,A01
201500029565,0,7,0,2.0,0.0,2.0,13.0,A01
201500029566,0,7,0,0.0,1.0,1.0,15.0,A01
201500029567,0,1,0,0.0,2.0,7.0,1.0,B01
201500029567,0,7,0,0.0,2.0,3.0,16.0,A01
201500029568,0,34,0,0.0,2.0,8.0,1.0,B01
201500029568,0,7,0,0.0,2.0,1.0,15.0,A01
201500029569,0,7,0,0.0,2.0,6.0,1.0,C01
201500029569,0,7,0,0.0,2.0,3.0,13.0,A01
201500029569,0,7,0,0.0,2.0,3.0,1.0,B01
201500029570,0,7,0,0.0,2.0,6.0,16.0,A01
201500029570,0,7,0,0.0,2.0,1.0,1.0,B01
201500029571,0,7,0,0.0,2.0,3.0,13.0,A01
201500029571,0,7,0,0.0,2.0,6.0,1.0,B01
201500029572,0,7,0,15.0,0.0,2.0,1.0,A01
201500029573,0,15,0,0.0,0.0,2.0,16.0,B01
201500029573,0,2,0,0.0,2.0,3.0,18.0,A01
201500029574,0,7,0,0.0,2.0,3.0,1.0,B01
201500029574,0,7,0,0.0,2.0,1.0,9.0,A01
201500029575,0,7,0,0.0,1.0,2.0,9.0,A01
201500029576,0,7,0,0.0,1.0,1.0,1.0,A01
201500029577,0,2,0,0.0,2.0,8.0,2.0,B01
201500029577,0,7,0,0.0,2.0,3.0,15.0,A01
201500029578,0,7,0,0.0,1.0,2.0,0.0,A01
201500029579,0,7,0,0.0,1.0,2.0,1.0,A01
201500029580,0,7,0,6.0,0.0,0.0,13.0,A01
201500029581,0,7,0,0.0,2.0,2.0,15.0,A01
201500029581,0,33,0,0.0,2.0,0.0,1.0,B01
201500029582,0,1,0,16.0,0.0,0.0,17.0,B01
201500029583,0,7,0,0.0,2.0,0.0,0.0,B01
201500029583,0,7,0,0.0,2.0,2.0,19.0,A01
201500029584,0,7,0,0.0,1.0,2.0,1.0,A01
201500029585,0,7,0,0.0,0.0,2.0,15.0,B01
201500029585,0,1,0,0.0,2.0,1.0,1.0,A01
201500029586,0,7,0,0.0,1.0,1.0,1.0,A01
201500029587,0,1,0,0.0,1.0,0.0,0.0,A01
201500029588,0,7,0,0.0,1.0,3.0,19.0,A01
201500029589,0,2,0,0.0,2.0,1.0,1.0,A01
201500029589,0,7,0,0.0,2.0,2.0,15.0,B01
201500029590,0,10,0,0.0,2.0,1.0,1.0,B01
201500029590,0,7,0,0.0,2.0,1.0,13.0,A01
201500029591,0,7,0,0.0,1.0,3.0,17.0,A01
201500029592,0,7,0,0.0,1.0,1.0,0.0,A01
201500029593,0,7,0,0.0,1.0,3.0,1.0,A01
201500029594,0,7,0,0.0,2.0,1.0,1.0,B01
201500029594,0,7,0,0.0,2.0,1.0,1.0,C01
201500029594,0,7,0,0.0,2.0,1.0,5.0,A01
201500029595,0,7,0,0.0,1.0,1.0,1.0,A01
201500029596,0,7,0,1.0,2.0,2.0,13.0,A01
201500029596,0,7,0,0.0,2.0,3.0,0.0,C01
201500029596,0,7,0,0.0,0.0,3.0,0.0,D01
201500029596,0,7,0,1.0,2.0,2.0,21.0,B01
201500029597,0,30,0,0.0,2.0,1.0,1.0,A01
201500029597,0,7,0,0.0,2.0,3.0,9.0,B01
201500029598,0,7,0,0.0,2.0,1.0,5.0,A01
201500029598,0,7,0,0.0,2.0,1.0,1.0,D01
201500029598,0,7,0,0.0,2.0,8.0,1.0,B01
201500029598,0,7,0,0.0,2.0,9.0,1.0,C01
201500029599,0,7,0,2.0,0.0,1.0,19.0,A01
201500029600,0,7,0,0.0,1.0,2.0,1.0,A01
201500029601,1,7,0,0.0,1.0,7.0,0.0,A01
201500029602,0,7,0,0.0,0.0,0.0,0.0,A01
201500029603,0,7,0,0.0,2.0,1.0,2.0,A01
201500029603,0,1,0,0.0,2.0,4.0,15.0,B01
201500029604,0,7,0,0.0,1.0,1.0,1.0,A01
201500029604,0,1,0,0.0,0.0,0.0,0.0,B01
201500029605,0,33,0,0.0,0.0,1.0,1.0,B01
201500029605,0,7,0,0.0,2.0,7.0,15.0,A01
201500029605,0,7,0,0.0,0.0,0.0,0.0,D01
201500029605,0,7,0,0.0,2.0,1.0,1.0,C01
201500029606,0,7,0,1.0,0.0,2.0,1.0,A01
201500029607,0,7,0,0.0,9.0,4.0,1.0,A01
201500029607,0,1,0,0.0,2.0,4.0,0.0,B01
201500029608,0,7,0,0.0,2.0,1.0,2.0,A01
201500029608,0,7,0,0.0,2.0,1.0,2.0,B01
201500029609,0,7,0,0.0,1.0,3.0,1.0,A01
201500029610,0,7,0,0.0,2.0,1.0,1.0,C01
201500029610,0,7,0,0.0,2.0,1.0,15.0,A01
201500029610,0,7,0,0.0,1.0,3.0,1.0,B01
201500029611,0,7,0,15.0,0.0,1.0,1.0,A01
201500029612,0,33,0,0.0,6.0,1.0,1.0,A01
201500029613,0,7,0,0.0,1.0,1.0,1.0,A01
201500029614,0,7,0,0.0,2.0,1.0,1.0,B01
201500029614,0,38,0,0.0,2.0,3.0,15.0,A01
201500029615,0,7,0,0.0,1.0,5.0,1.0,A01
201500029616,0,7,0,16.0,0.0,1.0,14.0,A01
201500029617,0,7,0,0.0,1.0,1.0,1.0,A01
201500029618,0,33,0,0.0,2.0,8.0,1.0,A01
201500029618,1,7,0,0.0,0.0,0.0,0.0,B01
201500029619,0,7,0,0.0,1.0,1.0,1.0,A01
201500029620,0,7,0,0.0,1.0,1.0,1.0,A01
201500029621,0,7,0,0.0,2.0,3.0,9.0,A01
201500029621,0,1,0,0.0,2.0,1.0,1.0,B01
201500029622,0,2,0,0.0,2.0,4.0,15.0,B01
201500029622,0,7,0,0.0,2.0,2.0,1.0,A01
201500029623,0,7,0,0.0,2.0,8.0,9.0,A01
201500029623,0,1,0,0.0,0.0,0.0,0.0,B01
201500029624,0,7,0,6.0,0.0,1.0,1.0,A01
201500029625,0,7,0,0.0,0.0,0.0,0.0,B01
201500029625,0,1,0,0.0,2.0,1.0,15.0,A01
201500029626,0,7,0,0.0,2.0,1.0,2.0,B01
201500029626,0,1,0,0.0,2.0,4.0,13.0,A01
201500029627,0,7,0,0.0,1.0,7.0,1.0,A01
201500029628,0,31,0,0.0,2.0,1.0,1.0,B01
201500029628,0,7,0,0.0,2.0,1.0,9.0,A01
201500029629,0,7,0,2.0,0.0,1.0,1.0,A01
201500029630,0,10,0,0.0,0.0,0.0,0.0,B01
201500029630,0,2,0,0.0,2.0,1.0,1.0,A01
201500029631,0,40,0,0.0,1.0,3.0,1.0,A01