Num_Acc,senc,catv,occutc,obs,obsm,choc,manv,num_veh
201500029632,0,7,0,0.0,2.0,8.0,10.0,A01
201500029632,0,30,0,0.0,2.0,8.0,1.0,B01
201500029633,0,7,0,0.0,1.0,1.0,1.0,A01
201500029634,0,7,0,0.0,2.0,4.0,1.0,A01
201500029634,0,3,0,0.0,2.0,1.0,1.0,B01
201500029635,0,7,0,0.0,1.0,2.0,1.0,A01
201500029636,0,7,0,0.0,2.0,1.0,13.0,A01
201500029636,0,7,0,0.0,2.0,1.0,1.0,B01
201500029637,0,7,0,0.0,0.0,0.0,0.0,A01
201500029638,0,31,0,0.0,0.0,7.0,1.0,A01
201500029639,0,7,0,0.0,1.0,0.0,1.0,A01
201500029640,0,7,0,0.0,2.0,8.0,1.0,B01
201500029640,0,7,0,6.0,2.0,8.0,13.0,A01
201500029641,1,7,0,0.0,1.0,1.0,1.0,Z01
201500029642,0,7,0,0.0,1.0,2.0,1.0,A01
201500029643,0,1,0,0.0,2.0,4.0,2.0,B01
201500029643,0,7,0,0.0,2.0,2.0,2.0,A01
201500029644,1,31,0,0.0,0.0,0.0,0.0,A01
201500029645,0,2,0,0.0,2.0,1.0,13.0,A01
201500029645,0,2,0,0.0,2.0,1.0,1.0,B01
201500029646,0,7,0,0.0,1.0,1.0,15.0,A01
201500029647,0,7,0,0.0,2.0,2.0,15.0,A01
201500029647,0,32,0,0.0,2.0,1.0,1.0,B01
201500029648,0,7,0,15.0,2.0,4.0,2.0,C01
201500029648,0,7,0,0.0,2.0,1.0,2.0,A01
201500029648,0,7,0,0.0,2.0,4.0,2.0,B01
201500029649,0,7,0,0.0,2.0,3.0,19.0,A01
201500029649,0,33,0,0.0,2.0,1.0,1.0,B01
201500029650,0,7,0,0.0,1.0,1.0,1.0,A01
201500029651,2,7,0,1.0,2.0,1.0,13.0,A01
201500029651,0,7,0,1.0,2.0,1.0,1.0,B01
201500029652,0,7,0,0.0,1.0,1.0,1.0,A01
201500029653,0,7,0,0.0,2.0,3.0,1.0,B01
201500029653,0,1,0,0.0,2.0,7.0,19.0,A01
201500029654,0,7,0,0.0,2.0,2.0,1.0,B01
201500029654,0,30,0,0.0,2.0,1.0,13.0,A01
201500029655,0,2,0,0.0,2.0,1.0,1.0,B01
201500029655,0,7,0,0.0,2.0,5.0,4.0,A01
201500029656,1,7,0,0.0,1.0,2.0,1.0,Z01
201500029657,0,33,0,15.0,0.0,0.0,0.0,A01
201500029658,0,1,0,0.0,0.0,0.0,0.0,B01
201500029658,1,7,0,0.0,2.0,1.0,0.0,A01
201500029659,0,7,0,0.0,2.0,3.0,21.0,B01
201500029659,0,30,0,0.0,2.0,1.0,13.0,A01
201500029660,0,7,0,0.0,2.0,2.0,17.0,B01
201500029660,0,2,0,0.0,2.0,8.0,15.0,A01
201500029661,0,7,0,0.0,2.0,1.0,13.0,A01
201500029661,0,7,0,0.0,2.0,1.0,1.0,B01
201500029662,0,7,0,13.0,0.0,1.0,21.0,A01
201500029663,0,2,0,0.0,2.0,7.0,1.0,A01
201500029663,0,7,0,0.0,2.0,3.0,1.0,B01
201500029664,0,7,0,0.0,2.0,3.0,1.0,B01
201500029664,0,7,0,0.0,2.0,3.0,13.0,A01
201500029665,0,10,0,0.0,2.0,1.0,1.0,B01
201500029665,0,33,0,0.0,2.0,1.0,13.0,A01
201500029666,0,7,0,0.0,2.0,3.0,1.0,B01
201500029666,0,7,0,3.0,2.0,3.0,13.0,A01
201500029667,0,7,0,0.0,1.0,2.0,9.0,A01
201500029668,1,7,0,8.0,1.0,2.0,13.0,Z01
201500029669,0,1,0,0.0,2.0,1.0,19.0,B01
201500029669,0,10,0,0.0,2.0,2.0,1.0,A01
201500029670,0,7,0,2.0,2.0,2.0,1.0,B01
201500029670,0,10,0,0.0,2.0,6.0,11.0,A01
201500029671,0,7,0,0.0,2.0,1.0,13.0,A01
201500029671,0,10,0,0.0,2.0,1.0,1.0,B01
201500029672,0,33,0,0.0,2.0,1.0,2.0,A01
201500029672,0,7,0,0.0,2.0,4.0,2.0,Z01
201500029673,0,7,0,0.0,2.0,7.0,15.0,A01
201500029673,0,31,0,0.0,2.0,1.0,0.0,B01
201500029674,0,7,0,0.0,1.0,2.0,1.0,A01
201500029675,0,7,0,0.0,2.0,3.0,16.0,A01
201500029675,0,30,0,0.0,2.0,1.0,1.0,B01
201500029676,0,7,0,0.0,1.0,1.0,21.0,A01
201500029677,0,33,0,0.0,2.0,1.0,1.0,B01
201500029677,0,31,0,0.0,2.0,7.0,19.0,A01
201500029678,0,14,0,0.0,2.0,8.0,1.0,B01
201500029678,0,7,0,3.0,2.0,8.0,17.0,A01
201500029678,0,7,0,0.0,2.0,1.0,1.0,C01
201500029679,0,7,0,0.0,2.0,1.0,1.0,B01
201500029679,0,7,0,0.0,2.0,3.0,23.0,C01
201500029679,0,7,0,0.0,2.0,3.0,15.0,A01
201500029680,0,7,0,0.0,1.0,2.0,1.0,A01
201500029681,0,7,0,0.0,1.0,1.0,15.0,A01
201500029682,0,7,0,0.0,1.0,2.0,1.0,A01
201500029683,0,1,0,0.0,2.0,7.0,19.0,B01
201500029683,0,7,0,0.0,2.0,1.0,1.0,A01
201500029684,0,7,0,0.0,1.0,1.0,1.0,A01
201500029685,1,7,0,0.0,1.0,1.0,1.0,Z01
201500029686,0,2,0,15.0,0.0,1.0,1.0,A01
201500029687,0,10,0,0.0,2.0,1.0,13.0,A01
201500029687,0,7,0,13.0,2.0,3.0,21.0,B01
201500029688,0,7,0,0.0,1.0,2.0,15.0,A01
201500029689,0,1,0,0.0,2.0,1.0,1.0,B01
201500029689,0,10,0,0.0,2.0,4.0,4.0,A01
201500029690,1,7,0,0.0,1.0,1.0,1.0,Z01
201500029691,0,7,0,0.0,2.0,1.0,1.0,B01
201500029691,0,7,0,0.0,2.0,1.0,1.0,A01
201500029692,0,7,0,6.0,0.0,1.0,1.0,A01
201500029693,0,7,0,0.0,1.0,0.0,1.0,A01
201500029694,0,7,0,0.0,2.0,2.0,1.0,A01
201500029694,0,7,0,0.0,2.0,1.0,1.0,B01
201500029695,0,7,0,0.0,1.0,1.0,0.0,A01
201500029696,1,7,0,0.0,9.0,1.0,0.0,Z01
201500029696,0,2,0,0.0,2.0,7.0,1.0,B01
201500029697,0,33,0,8.0,0.0,1.0,1.0,A01
201500029698,0,7,0,0.0,1.0,1.0,0.0,A01
201500029699,0,7,0,7.0,0.0,1.0,1.0,A01
201500029700,1,2,0,0.0,1.0,1.0,5.0,Z01
201500029701,0,7,0,0.0,0.0,4.0,23.0,E01
201500029701,0,7,0,0.0,0.0,4.0,23.0,C01
201500029701,0,7,0,0.0,0.0,4.0,23.0,B01
201500029701,0,17,0,0.0,0.0,1.0,1.0,A01
201500029701,0,7,0,0.0,0.0,4.0,23.0,D01
201500029701,0,7,0,0.0,0.0,4.0,23.0,F02
201500029702,0,7,0,0.0,1.0,1.0,1.0,A01
201500029703,0,7,0,0.0,9.0,2.0,1.0,A01
201500029703,0,1,0,0.0,2.0,8.0,19.0,B01
201500029704,1,7,0,0.0,1.0,1.0,1.0,Z01
201500029705,0,7,0,0.0,2.0,1.0,17.0,A01
201500029705,0,38,39,0.0,2.0,3.0,1.0,B01
201500029705,0,7,0,0.0,2.0,8.0,1.0,C01
201500029706,0,7,0,0.0,1.0,2.0,1.0,A01
201500029707,1,7,0,0.0,2.0,0.0,1.0,Z01
201500029707,0,7,0,0.0,2.0,0.0,0.0,A01
201500029708,0,1,0,0.0,2.0,0.0,1.0,B01
201500029708,0,7,0,0.0,2.0,4.0,4.0,A01
201500029709,0,7,0,0.0,2.0,5.0,15.0,A01
201500029709,0,33,0,0.0,2.0,0.0,1.0,B01
201500029710,0,7,0,0.0,2.0,0.0,15.0,A01
201500029710,0,33,0,0.0,2.0,0.0,1.0,B01
201500029711,0,7,0,0.0,2.0,7.0,1.0,B01
201500029711,0,7,0,0.0,2.0,1.0,1.0,A01
201500029712,0,7,0,0.0,2.0,1.0,9.0,A01
201500029712,0,7,0,0.0,0.0,0.0,0.0,B01
201500029713,0,10,0,0.0,1.0,3.0,1.0,A01
201500029714,0,1,0,1.0,0.0,1.0,1.0,A01
201500029715,0,33,0,0.0,2.0,1.0,1.0,B01
201500029715,0,7,0,0.0,2.0,3.0,5.0,A01
201500029716,0,14,0,0.0,1.0,5.0,16.0,A01
201500029717,1,7,0,0.0,1.0,2.0,1.0,Z01
201500029718,0,2,0,0.0,2.0,1.0,2.0,A01
201500029718,0,1,0,0.0,2.0,4.0,1.0,B01
201500029719,0,7,0,0.0,2.0,1.0,1.0,A01
201500029719,0,7,0,0.0,2.0,5.0,0.0,B01
201500029720,0,7,0,0.0,9.0,3.0,1.0,B01
201500029720,0,1,0,0.0,2.0,3.0,15.0,A01
201500029721,0,7,0,1.0,0.0,1.0,1.0,A01
201500029722,0,7,0,0.0,2.0,3.0,1.0,B01
201500029722,0,33,0,0.0,2.0,7.0,17.0,A01
201500029723,0,2,0,11.0,0.0,3.0,1.0,A01
201500029724,0,7,0,0.0,2.0,0.0,16.0,A01
201500029724,0,1,0,0.0,2.0,8.0,1.0,B01
201500029725,1,7,0,0.0,1.0,8.0,0.0,Z01
201500029726,1,7,0,0.0,1.0,1.0,1.0,Z01
201500029727,0,7,0,0.0,2.0,1.0,1.0,A01
201500029727,0,3,0,0.0,2.0,4.0,23.0,B01
201500029728,0,10,0,0.0,1.0,1.0,15.0,A01
201500029729,0,7,0,1.0,0.0,1.0,13.0,A01
201500029730,0,7,0,0.0,2.0,1.0,2.0,A01
201500029730,0,7,0,0.0,0.0,0.0,0.0,B01
201500029731,0,1,0,0.0,0.0,8.0,1.0,B01
201500029731,1,7,0,0.0,2.0,7.0,0.0,Z01
201500029732,0,7,0,0.0,2.0,1.0,1.0,B01
201500029732,0,33,0,0.0,2.0,7.0,10.0,A01
201500029733,0,7,0,0.0,1.0,0.0,1.0,A01
201500029734,0,7,0,0.0,2.0,2.0,15.0,B01
201500029734,0,7,0,0.0,2.0,1.0,1.0,A01
201500029735,0,1,0,0.0,2.0,7.0,1.0,A01
201500029735,1,7,0,0.0,2.0,1.0,15.0,Z01
201500029736,0,7,0,0.0,2.0,7.0,16.0,A01
201500029736,0,30,0,0.0,2.0,1.0,1.0,B01
201500029737,0,33,0,0.0,0.0,1.0,17.0,A01
201500029738,0,7,0,0.0,2.0,8.0,19.0,A01
201500029738,0,1,0,0.0,2.0,8.0,19.0,B01
201500029739,0,7,0,0.0,1.0,1.0,1.0,A01
201500029740,0,7,0,0.0,1.0,1.0,1.0,A01
201500029741,0,7,0,0.0,1.0,1.0,1.0,A01
201500029742,0,7,0,0.0,2.0,2.0,1.0,A01
201500029742,0,2,0,0.0,2.0,3.0,12.0,B01
201500029743,0,2,0,0.0,2.0,3.0,1.0,B01
201500029743,1,7,0,0.0,2.0,0.0,0.0,Z01
201500029744,0,7,0,0.0,2.0,3.0,1.0,B01
201500029744,0,7,0,0.0,2.0,2.0,11.0,A01
201500029745,0,7,0,0.0,1.0,2.0,1.0,A01
201500029746,0,7,0,0.0,2.0,4.0,23.0,C01
201500029746,0,7,0,0.0,2.0,6.0,23.0,B01
201500029746,0,7,0,0.0,2.0,2.0,1.0,A01
201500029747,0,7,0,0.0,1.0,2.0,1.0,A01
201500029748,0,7,0,13.0,0.0,2.0,1.0,A01
201500029749,0,7,0,0.0,1.0,0.0,6.0,A01
201500029750,0,7,0,3.0,0.0,1.0,1.0,A01
201500029751,0,7,0,0.0,1.0,1.0,1.0,A01
201500029752,0,31,0,0.0,1.0,0.0,0.0,A01
201500029753,0,1,0,0.0,2.0,1.0,11.0,B01
201500029753,0,7,0,0.0,2.0,5.0,0.0,A01
201500029754,0,33,0,0.0,0.0,0.0,0.0,B01
201500029754,0,7,0,0.0,2.0,5.0,15.0,A01
201500029755,1,7,0,0.0,1.0,1.0,1.0,A01
201500029756,0,7,0,0.0,1.0,1.0,0.0,B01
201500029756,0,7,0,0.0,2.0,2.0,1.0,A01
201500029757,0,7,0,8.0,0.0,1.0,16.0,A01
201500029758,0,7,0,2.0,0.0,3.0,13.0,A01
201500029759,0,7,0,0.0,1.0,1.0,1.0,A01
201500029760,0,7,0,0.0,2.0,1.0,21.0,B01
201500029760,0,7,0,0.0,2.0,1.0,13.0,A01
201500029761,0,7,0,0.0,1.0,0.0,1.0,A01
201500029762,0,17,0,0.0,2.0,1.0,2.0,A01
201500029762,0,33,0,0.0,2.0,4.0,2.0,B01
201500029763,0,7,0,0.0,1.0,2.0,17.0,A01
201500029764,0,7,0,0.0,0.0,0.0,0.0,B01
201500029764,0,7,0,0.0,2.0,3.0,0.0,A01
201500029765,0,1,0,0.0,2.0,8.0,15.0,B01
201500029765,0,7,0,0.0,2.0,1.0,1.0,A01
201500029766,0,2,0,8.0,0.0,1.0,0.0,A01
201500029767,0,1,0,0.0,2.0,1.0,1.0,B01
201500029767,0,7,0,0.0,2.0,2.0,1.0,A01
201500029768,0,32,0,0.0,0.0,2.0,2.0,B01
201500029768,0,7,0,0.0,0.0,8.0,9.0,A01
201500029769,0,7,0,0.0,2.0,6.0,15.0,A01
201500029769,0,33,0,0.0,2.0,1.0,2.0,B01
201500029770,0,7,0,0.0,1.0,6.0,0.0,A01
201500029771,0,7,0,0.0,2.0,3.0,15.0,B01
201500029771,0,30,0,0.0,2.0,1.0,1.0,A01
201500029772,0,7,0,1.0,1.0,1.0,2.0,A01
201500029773,1,7,0,0.0,1.0,0.0,1.0,Z01
201500029774,0,7,0,0.0,1.0,1.0,0.0,A01
201500029775,0,14,0,0.0,2.0,8.0,12.0,A01
201500029775,0,7,0,0.0,2.0,8.0,2.0,B01
201500029776,1,7,0,0.0,1.0,2.0,1.0,Z01
201500029777,0,7,0,0.0,1.0,1.0,15.0,A01
201500029778,1,7,0,0.0,1.0,0.0,0.0,A01
201500029779,0,1,0,0.0,9.0,4.0,14.0,B01
201500029779,0,14,0,0.0,2.0,5.0,16.0,A01
201500029780,1,15,0,0.0,2.0,5.0,0.0,A01
201500029780,0,1,0,0.0,0.0,1.0,0.0,B01
201500029781,0,2,0,0.0,2.0,1.0,1.0,B01
201500029781,0,7,0,0.0,2.0,6.0,15.0,A01
201500029782,0,7,0,0.0,2.0,1.0,23.0,B01
201500029782,0,7,0,0.0,2.0,1.0,0.0,A01
201500029782,0,7,0,0.0,0.0,0.0,0.0,C01
201500029783,0,7,0,0.0,2.0,3.0,1.0,B01
201500029783,0,7,0,0.0,2.0,3.0,15.0,A01
201500029784,0,7,0,0.0,1.0,4.0,0.0,A01
201500029785,0,7,0,0.0,1.0,1.0,1.0,A01
201500029786,0,7,0,0.0,2.0,7.0,1.0,A01
201500029786,0,7,0,0.0,2.0,1.0,1.0,B01
201500029787,0,7,0,0.0,1.0,0.0,0.0,A01
201500029788,1,7,0,0.0,1.0,1.0,1.0,Z01
201500029789,1,30,0,0.0,1.0,0.0,0.0,A01
201500029790,0,2,0,0.0,2.0,1.0,2.0,A01
201500029790,0,7,0,0.0,0.0,7.0,16.0,B01
201500029791,1,99,0,0.0,1.0,0.0,0.0,Z01
201500029792,0,7,0,0.0,1.0,1.0,9.0,A01
201500029793,0,34,0,0.0,2.0,1.0,1.0,B01
201500029793,0,7,0,0.0,2.0,1.0,10.0,A01
201500029794,0,7,0,0.0,2.0,1.0,2.0,A01
201500029794,0,7,0,0.0,2.0,4.0,2.0,B01
201500029794,0,7,0,0.0,0.0,4.0,2.0,C01
201500029795,0,1,0,0.0,2.0,0.0,19.0,B01
201500029795,0,7,0,0.0,2.0,0.0,1.0,A01
201500029796,0,1,0,0.0,1.0,1.0,2.0,A01
201500029797,0,7,0,0.0,1.0,4.0,4.0,B01
201500029798,1,7,0,0.0,2.0,1.0,2.0,A01
201500029798,0,7,0,0.0,2.0,4.0,2.0,B01
201500029799,0,7,0,0.0,2.0,1.0,1.0,A01
201500029799,1,2,0,0.0,2.0,6.0,16.0,Z01
201500029800,1,99,0,0.0,0.0,0.0,0.0,Z01
201500029800,0,1,0,0.0,2.0,0.0,1.0,B01
201500029801,0,33,0,0.0,2.0,1.0,1.0,B01
201500029801,0,7,0,0.0,2.0,7.0,15.0,A01
201500029802,1,7,0,0.0,2.0,1.0,1.0,Z01
201500029802,0,2,0,0.0,2.0,0.0,1.0,B01
201500029803,0,1,0,0.0,0.0,4.0,1.0,A01
201500029803,1,7,0,0.0,2.0,1.0,1.0,Z01
201500029804,0,7,0,0.0,2.0,7.0,1.0,B01
201500029804,0,7,0,0.0,2.0,1.0,1.0,A01
201500029805,1,7,0,0.0,2.0,1.0,1.0,Z01
201500029805,0,1,0,0.0,0.0,0.0,16.0,A01
201500029806,0,7,0,0.0,1.0,2.0,1.0,A01
201500029807,0,1,0,0.0,2.0,0.0,19.0,B01
201500029807,0,7,0,0.0,2.0,1.0,1.0,A01
201500029808,0,7,0,0.0,1.0,7.0,1.0,A01
201500029809,2,7,0,2.0,0.0,1.0,0.0,A01
201500029810,0,31,0,0.0,1.0,1.0,0.0,A01
201500029811,0,1,0,0.0,2.0,1.0,1.0,B01
201500029811,1,7,0,0.0,2.0,5.0,17.0,Z01
201500029812,1,30,0,0.0,1.0,1.0,1.0,Z01
201500029813,0,2,0,0.0,2.0,1.0,1.0,B01
201500029813,0,7,0,0.0,2.0,2.0,16.0,A01
201500029814,1,7,0,0.0,2.0,0.0,9.0,B01
201500029814,0,7,0,0.0,2.0,6.0,9.0,A01
201500029815,0,7,0,2.0,0.0,1.0,16.0,A01
201500029816,0,32,0,0.0,2.0,0.0,0.0,B01
201500029816,1,10,0,0.0,2.0,2.0,1.0,A01
201500029817,0,7,0,0.0,2.0,1.0,1.0,A01
201500029817,0,7,0,0.0,2.0,2.0,1.0,B01
201500029818,0,30,0,0.0,2.0,7.0,16.0,A01
201500029818,0,7,0,0.0,2.0,0.0,23.0,C01
201500029818,0,7,0,0.0,2.0,1.0,0.0,B01
201500029819,0,7,0,0.0,1.0,1.0,1.0,A01
201500029820,0,7,0,0.0,2.0,1.0,1.0,A01
201500029820,0,7,0,0.0,2.0,8.0,0.0,B01
201500029821,1,7,0,0.0,2.0,0.0,12.0,Z01
201500029821,0,1,0,0.0,2.0,1.0,2.0,B01
201500029822,0,7,0,0.0,1.0,1.0,1.0,A01
201500029823,0,7,0,0.0,2.0,1.0,0.0,B01
201500029823,0,3,0,0.0,2.0,0.0,0.0,A01
201500029824,0,7,0,0.0,2.0,4.0,23.0,C01
201500029824,0,7,0,0.0,2.0,4.0,23.0,D01
201500029824,0,7,0,0.0,2.0,1.0,1.0,A01
201500029824,0,7,0,0.0,2.0,4.0,23.0,B01
201500029825,0,7,0,0.0,1.0,8.0,0.0,A01
201500029826,0,1,0,0.0,2.0,7.0,15.0,A01
201500029826,1,7,0,0.0,9.0,1.0,1.0,Z01
201500029827,0,7,0,0.0,2.0,0.0,1.0,B01
201500029827,0,7,0,0.0,2.0,0.0,10.0,A01
201500029828,0,7,0,0.0,1.0,4.0,4.0,A01
201500029829,0,7,0,0.0,1.0,4.0,4.0,A01
201500029830,0,30,0,0.0,2.0,7.0,21.0,B01
201500029830,0,7,0,0.0,2.0,3.0,13.0,A01
201500029831,0,33,0,0.0,2.0,1.0,1.0,B01
201500029831,0,7,0,0.0,2.0,8.0,15.0,A01
201500029832,0,7,0,0.0,2.0,1.0,1.0,A01
201500029832,0,7,0,0.0,0.0,4.0,1.0,B01
201500029833,0,7,0,0.0,1.0,2.0,0.0,A01
201500029834,1,7,0,0.0,2.0,0.0,16.0,A01
201500029834,0,1,0,0.0,2.0,1.0,1.0,B01
201500029835,0,1,0,0.0,2.0,0.0,1.0,B01
201500029835,1,7,0,0.0,2.0,2.0,23.0,Z01
201500029836,1,30,0,0.0,1.0,0.0,2.0,Z01
201500029837,0,30,0,0.0,2.0,0.0,0.0,A01
201500029838,0,7,0,0.0,2.0,1.0,1.0,B01
201500029838,0,7,0,0.0,2.0,1.0,1.0,C01
201500029838,0,7,0,0.0,2.0,1.0,1.0,A01
201500029839,0,31,0,0.0,2.0,8.0,16.0,B01
201500029839,1,7,0,0.0,2.0,1.0,0.0,Z01
201500029840,0,7,0,0.0,9.0,7.0,2.0,B01
201500029840,0,30,0,0.0,2.0,1.0,2.0,A01
201500029841,1,30,0,0.0,1.0,1.0,1.0,A01
201500029842,0,7,0,0.0,1.0,0.0,0.0,A01
201500029843,0,7,0,0.0,2.0,2.0,1.0,A01
201500029843,0,31,0,0.0,2.0,1.0,1.0,B01
201500029844,0,14,0,0.0,1.0,2.0,16.0,A01
201500029845,0,7,0,1.0,1.0,2.0,0.0,A01
201500029846,0,7,0,0.0,1.0,0.0,16.0,A01
201500029847,0,7,0,0.0,1.0,3.0,2.0,A01
201500029848,0,7,0,8.0,2.0,8.0,0.0,A01
201500029849,0,7,0,0.0,2.0,1.0,1.0,B01
201500029849,2,7,0,0.0,2.0,1.0,1.0,A01
201500029849,0,7,0,0.0,2.0,3.0,1.0,C01
201500029850,0,1,0,0.0,1.0,1.0,17.0,A01
201500029851,0,30,0,0.0,1.0,1.0,1.0,A01
201500029852,0,7,0,0.0,2.0,8.0,0.0,A01
201500029852,0,33,0,0.0,2.0,1.0,0.0,B01
201500029853,0,7,0,0.0,1.0,0.0,0.0,A01
201500029854,0,7,0,0.0,2.0,3.0,15.0,A01
201500029854,0,31,0,0.0,2.0,1.0,1.0,B01
201500029855,0,7,0,0.0,2.0,8.0,15.0,A01
201500029855,0,33,0,8.0,2.0,7.0,15.0,B01
201500029856,2,7,0,6.0,0.0,1.0,0.0,A01
201500029857,0,7,0,0.0,2.0,8.0,0.0,A01
201500029857,0,33,0,0.0,2.0,7.0,0.0,B01
201500029858,0,7,0,0.0,2.0,0.0,0.0,B01
201500029858,0,31,0,0.0,2.0,0.0,0.0,A01
201500029859,0,32,0,0.0,2.0,3.0,1.0,A01
201500029859,0,7,0,0.0,2.0,2.0,16.0,B01
201500029860,0,7,0,8.0,0.0,8.0,16.0,A01
201500029861,1,7,0,0.0,1.0,0.0,1.0,A01
201500029862,0,7,0,0.0,1.0,0.0,0.0,A01
201500029863,0,10,0,0.0,2.0,1.0,13.0,A01
201500029863,0,7,0,0.0,2.0,3.0,1.0,B01
201500029864,0,15,0,0.0,2.0,7.0,13.0,A01
201500029864,0,1,0,0.0,2.0,4.0,2.0,B01
201500029865,0,39,0,0.0,4.0,1.0,0.0,B01
201500029865,0,7,0,0.0,4.0,0.0,0.0,A01
201500029866,1,30,0,0.0,1.0,0.0,0.0,Z01
201500029867,0,32,0,0.0,0.0,0.0,0.0,A01
201500029868,0,7,0,0.0,2.0,1.0,1.0,A01
201500029868,0,7,0,0.0,2.0,3.0,1.0,B01
201500029869,0,7,0,0.0,1.0,2.0,15.0,A01
201500029870,1,7,0,0.0,1.0,0.0,0.0,Z01
201500029871,1,30,0,0.0,0.0,0.0,17.0,A01
201500029872,0,33,0,0.0,2.0,1.0,1.0,D01
201500029872,0,7,0,0.0,0.0,0.0,0.0,C01
201500029873,0,7,0,0.0,1.0,1.0,16.0,A01
201500029874,0,10,0,0.0,2.0,2.0,19.0,A01
201500029874,0,31,0,0.0,2.0,1.0,1.0,B01
201500029875,0,7,0,0.0,1.0,3.0,1.0,A01
201500029876,0,7,0,0.0,2.0,6.0,1.0,B01
201500029876,0,7,0,0.0,2.0,1.0,0.0,A01
201500029876,0,7,0,0.0,2.0,0.0,0.0,C01
201500029877,0,7,0,0.0,2.0,1.0,0.0,B01
201500029877,2,7,0,0.0,2.0,3.0,0.0,A01
201500029878,0,2,0,0.0,2.0,1.0,1.0,B01
201500029878,1,10,0,0.0,2.0,0.0,15.0,Z01
201500029879,1,7,0,0.0,1.0,2.0,5.0,Z01
201500029880,0,7,0,0.0,2.0,8.0,1.0,B01
201500029880,0,7,0,0.0,2.0,1.0,1.0,A01
201500029881,1,7,0,0.0,2.0,1.0,2.0,A01
201500029881,0,7,0,1.0,2.0,6.0,1.0,B01
201500029882,0,7,0,0.0,2.0,3.0,0.0,B01
201500029882,0,7,0,0.0,2.0,3.0,0.0,A01
201500029883,0,7,0,0.0,1.0,2.0,16.0,A01
201500029884,0,10,0,0.0,1.0,2.0,1.0,A01
201500029885,1,7,0,0.0,2.0,0.0,0.0,Z01
201500029885,0,3,0,0.0,2.0,0.0,0.0,B01
201500029886,2,7,0,14.0,2.0,1.0,19.0,A01
201500029886,0,7,0,0.0,0.0,8.0,19.0,B01
201500029887,0,7,0,0.0,2.0,3.0,9.0,A01
201500029887,0,1,0,0.0,2.0,1.0,1.0,M01
201500029888,0,1,0,0.0,9.0,0.0,1.0,A01
201500029888,1,34,0,0.0,2.0,0.0,0.0,Z01
201500029889,0,7,0,0.0,2.0,2.0,0.0,A01
201500029889,0,7,0,0.0,2.0,0.0,0.0,B01
201500029890,0,14,0,0.0,9.0,0.0,0.0,A01
201500029890,0,1,0,0.0,9.0,7.0,1.0,B01
201500029891,0,33,0,14.0,2.0,1.0,1.0,A01
201500029891,0,7,0,0.0,0.0,3.0,15.0,B01
201500029892,1,7,0,0.0,1.0,0.0,0.0,Z01
201500029893,0,7,0,0.0,1.0,0.0,0.0,B01
201500029893,0,7,0,0.0,2.0,3.0,1.0,A01
201500029894,0,33,0,0.0,2.0,1.0,1.0,B01
201500029894,0,7,0,0.0,2.0,3.0,9.0,A01
201500029895,0,1,0,16.0,0.0,0.0,0.0,B01
201500029895,0,7,0,0.0,0.0,0.0,0.0,A01
201500029896,1,7,0,0.0,1.0,2.0,16.0,Z01
201500029897,1,7,0,0.0,1.0,0.0,0.0,Z01
201500029898,0,1,0,0.0,1.0,1.0,1.0,A01
201500029899,0,7,0,0.0,1.0,3.0,1.0,A01
201500029900,0,7,0,0.0,2.0,1.0,1.0,B01
201500029900,0,7,0,0.0,2.0,3.0,13.0,A01
201500029901,0,7,0,0.0,1.0,3.0,1.0,A01
201500029902,0,7,0,0.0,1.0,1.0,15.0,A01
201500029903,1,1,0,0.0,2.0,0.0,0.0,A01
201500029903,0,7,0,1.0,2.0,8.0,20.0,B01
201500029904,0,7,0,0.0,0.0,4.0,2.0,B01
201500029904,0,37,0,0.0,2.0,4.0,2.0,A01
201500029905,0,2,0,0.0,1.0,0.0,16.0,A01
201500029906,0,37,58,6.0,0.0,1.0,1.0,A01
201500029907,0,7,0,0.0,2.0,1.0,1.0,A01
201500029907,0,7,0,0.0,2.0,4.0,1.0,B01
201500029907,0,99,0,0.0,2.0,4.0,1.0,C01
201500029908,0,1,0,0.0,1.0,3.0,0.0,A01
201500029909,0,7,0,0.0,1.0,0.0,15.0,A01
201500029910,0,33,0,0.0,2.0,0.0,0.0,B01
201500029910,0,7,0,0.0,2.0,8.0,1.0,A01
201500029911,0,7,0,0.0,2.0,2.0,0.0,A01
201500029911,0,1,0,0.0,2.0,3.0,0.0,B01
201500029912,1,2,0,0.0,2.0,1.0,0.0,Z01
201500029912,0,7,0,0.0,2.0,0.0,0.0,A01
201500029913,0,33,0,0.0,2.0,7.0,0.0,B01
201500029913,1,7,0,0.0,2.0,8.0,0.0,Z01
201500029914,0,7,0,0.0,1.0,0.0,0.0,A01
201500029915,0,10,0,0.0,0.0,0.0,0.0,B01
201500029915,0,7,0,14.0,0.0,0.0,0.0,A01
201500029916,2,7,0,1.0,0.0,1.0,12.0,A01
201500029916,0,21,0,0.0,2.0,4.0,23.0,B01
201500029917,0,34,0,0.0,2.0,0.0,0.0,B01
201500029917,0,7,0,0.0,2.0,0.0,0.0,A01
201500029918,0,7,0,0.0,2.0,0.0,0.0,B01
201500029918,0,7,0,0.0,2.0,3.0,1.0,A01
201500029919,0,33,0,0.0,2.0,1.0,1.0,B01
201500029919,0,10,0,0.0,2.0,8.0,15.0,A01
201500029920,0,7,0,0.0,1.0,0.0,0.0,A01
201500029921,0,7,0,0.0,9.0,1.0,0.0,A01
201500029921,0,1,0,0.0,2.0,4.0,15.0,C01