Num_Acc,senc,catv,occutc,obs,obsm,choc,manv,num_veh
201500029921,0,1,0,0.0,2.0,4.0,15.0,B01
201500029922,1,7,0,0.0,1.0,2.0,16.0,A01
201500029923,1,7,0,0.0,1.0,2.0,17.0,Z01
201500029924,0,7,0,0.0,1.0,0.0,0.0,A01
201500029925,0,7,0,0.0,2.0,5.0,0.0,A01
201500029925,0,30,0,0.0,2.0,1.0,2.0,B01
201500029926,1,7,0,0.0,1.0,0.0,0.0,Z01
201500029927,0,7,0,0.0,1.0,2.0,15.0,A01
201500029928,0,2,0,0.0,2.0,1.0,2.0,A01
201500029928,1,7,0,0.0,2.0,4.0,2.0,B01
201500029929,0,7,0,0.0,1.0,1.0,0.0,A01
201500029930,0,7,0,0.0,2.0,3.0,15.0,B01
201500029930,0,7,0,0.0,2.0,1.0,1.0,A01
201500029931,0,7,0,0.0,2.0,2.0,15.0,A01
201500029931,0,31,0,0.0,2.0,1.0,1.0,B01
201500029932,0,7,0,0.0,2.0,1.0,1.0,A01
201500029932,0,2,0,0.0,2.0,8.0,1.0,B01
201500029933,0,34,0,0.0,0.0,0.0,0.0,B01
201500029933,0,7,0,0.0,0.0,0.0,0.0,A01
201500029934,2,7,0,8.0,2.0,7.0,10.0,A01
201500029934,0,7,0,0.0,2.0,1.0,1.0,B01
201500029935,0,7,0,0.0,1.0,2.0,0.0,A01
201500029936,1,10,0,0.0,2.0,3.0,9.0,A01
201500029936,0,7,0,0.0,2.0,3.0,1.0,B01
201500029937,0,10,0,0.0,1.0,2.0,0.0,A01
201500029938,0,7,0,0.0,2.0,8.0,0.0,B01
201500029938,2,7,0,0.0,2.0,1.0,19.0,A01
201500029939,1,7,0,0.0,0.0,0.0,1.0,Z01
201500029939,0,30,0,8.0,0.0,7.0,1.0,B01
201500029940,1,7,0,0.0,1.0,1.0,15.0,A01
201500029941,0,3,0,0.0,1.0,1.0,1.0,A01
201500029942,1,7,0,0.0,2.0,1.0,15.0,Z01
201500029942,0,30,0,0.0,2.0,0.0,0.0,A01
201500029943,0,1,0,0.0,2.0,0.0,0.0,B01
201500029943,0,7,0,0.0,9.0,0.0,0.0,A01
201500029944,2,7,0,0.0,2.0,1.0,5.0,A01
201500029944,0,7,0,15.0,2.0,2.0,1.0,B01
201500029945,0,7,0,0.0,2.0,3.0,0.0,A01
201500029945,0,3,0,0.0,2.0,2.0,0.0,B01
201500029946,0,7,0,0.0,1.0,3.0,1.0,A01
201500029947,0,1,0,0.0,1.0,1.0,1.0,A01
201500029948,1,7,0,0.0,1.0,0.0,0.0,F01
201500029949,0,7,0,8.0,2.0,2.0,1.0,B01
201500029949,2,7,0,14.0,2.0,1.0,0.0,A01
201500029950,0,7,0,0.0,1.0,0.0,0.0,A01
201500029951,0,7,0,0.0,1.0,7.0,24.0,A01
201500029952,0,33,0,0.0,0.0,0.0,0.0,B01
201500029952,0,7,0,0.0,0.0,0.0,0.0,A01
201500029953,0,7,0,8.0,2.0,8.0,5.0,A01
201500029953,0,7,0,0.0,2.0,3.0,15.0,B01
201500029954,0,7,0,0.0,2.0,1.0,15.0,A01
201500029954,2,7,0,0.0,2.0,1.0,19.0,B01
201500029955,1,7,0,0.0,0.0,0.0,0.0,Z01
201500029955,0,1,0,0.0,0.0,0.0,0.0,A01
201500029956,0,7,0,0.0,1.0,1.0,0.0,A01
201500029957,0,7,0,0.0,1.0,8.0,14.0,A01
201500029958,0,7,0,0.0,1.0,2.0,21.0,A01
201500029959,1,7,0,0.0,1.0,1.0,1.0,A01
201500029960,0,7,0,0.0,0.0,4.0,15.0,B01
201500029960,0,7,0,0.0,2.0,1.0,2.0,A01
201500029961,0,7,0,0.0,1.0,3.0,15.0,A01
201500029962,0,7,0,0.0,2.0,3.0,15.0,A01
201500029962,0,7,0,0.0,2.0,2.0,1.0,B01
201500029963,0,7,0,0.0,2.0,2.0,1.0,A01
201500029963,0,33,0,0.0,2.0,1.0,1.0,B01
201500029964,1,3,0,15.0,1.0,1.0,19.0,A01
201500029965,0,7,0,0.0,1.0,1.0,15.0,A01
201500029966,0,33,0,0.0,2.0,7.0,17.0,B01
201500029966,1,7,0,0.0,2.0,0.0,0.0,Z01
201500029967,0,7,0,0.0,1.0,1.0,0.0,A01
201500029968,0,7,0,0.0,1.0,1.0,1.0,A01
201500029969,1,1,0,14.0,1.0,0.0,0.0,A01
201500029970,0,33,0,7.0,2.0,0.0,0.0,A01
201500029971,0,7,0,0.0,0.0,0.0,0.0,A01
201500029971,0,7,0,0.0,0.0,1.0,17.0,B01
201500029972,1,7,0,0.0,1.0,0.0,0.0,A01
201500029973,0,7,0,0.0,1.0,1.0,1.0,A01
201500029974,1,7,0,0.0,1.0,2.0,1.0,A01
201500029975,0,10,0,0.0,2.0,1.0,1.0,B01
201500029975,0,10,0,0.0,2.0,2.0,15.0,A01
201500029976,0,7,0,0.0,2.0,3.0,15.0,A01
201500029976,0,2,0,0.0,2.0,9.0,1.0,B01
201500029977,0,7,0,0.0,2.0,1.0,1.0,B01
201500029977,0,7,0,0.0,2.0,1.0,1.0,C01
201500029977,0,7,0,0.0,0.0,1.0,9.0,A01
201500029978,0,7,0,0.0,1.0,2.0,1.0,A01
201500029979,0,33,0,0.0,2.0,1.0,1.0,B01
201500029979,0,7,0,0.0,2.0,2.0,15.0,A01
201500029980,0,7,0,0.0,2.0,2.0,9.0,A01
201500029980,0,2,0,0.0,2.0,0.0,1.0,B01
201500029981,0,7,0,0.0,0.0,3.0,1.0,B01
201500029981,0,7,0,0.0,2.0,2.0,0.0,A01
201500029982,0,7,0,0.0,2.0,4.0,20.0,B01
201500029982,1,7,0,0.0,2.0,1.0,2.0,A01
201500029983,0,7,0,0.0,2.0,8.0,15.0,A01
201500029983,0,33,0,0.0,2.0,8.0,1.0,B01
201500029984,0,7,0,0.0,2.0,3.0,15.0,A01
201500029984,0,32,0,0.0,2.0,1.0,1.0,B01
201500029985,1,7,0,15.0,1.0,4.0,0.0,A01
201500029986,0,33,0,0.0,2.0,0.0,0.0,B01
201500029986,0,7,0,0.0,2.0,2.0,15.0,A01
201500029987,0,7,0,0.0,2.0,4.0,2.0,A01
201500029987,0,7,0,0.0,2.0,1.0,2.0,B01
201500029988,0,7,0,0.0,1.0,2.0,1.0,A01
201500029989,0,33,0,0.0,1.0,1.0,1.0,A01
201500029990,0,7,0,14.0,0.0,1.0,2.0,A01
201500029991,0,33,0,0.0,2.0,1.0,1.0,B01
201500029991,0,7,0,0.0,2.0,1.0,15.0,A01
201500029992,0,7,0,0.0,1.0,1.0,1.0,A01
201500029993,0,7,0,0.0,1.0,1.0,0.0,A01
201500029993,0,7,0,0.0,2.0,1.0,0.0,B01
201500029994,0,7,0,0.0,2.0,1.0,1.0,A01
201500029994,0,7,0,0.0,2.0,1.0,1.0,B01
201500029995,0,7,0,0.0,2.0,1.0,1.0,A01
201500029995,0,7,0,0.0,2.0,1.0,15.0,B01
201500029996,0,7,0,0.0,1.0,8.0,1.0,A01
201500029997,0,7,0,0.0,1.0,1.0,1.0,A01
201500029998,0,7,0,8.0,0.0,7.0,0.0,A01
201500029999,0,7,0,0.0,2.0,3.0,15.0,A01
201500029999,0,2,0,0.0,2.0,3.0,1.0,B01
201500030000,0,7,0,0.0,1.0,1.0,1.0,A01
201500030001,0,7,0,0.0,2.0,7.0,19.0,A01
201500030001,0,7,0,0.0,2.0,1.0,1.0,B01
201500030002,0,7,0,0.0,1.0,2.0,2.0,A01
201500030003,0,32,0,0.0,1.0,1.0,1.0,A01
201500030004,0,7,0,0.0,1.0,0.0,9.0,A01
201500030005,0,37,0,0.0,0.0,6.0,23.0,B01
201500030005,0,1,0,0.0,2.0,1.0,1.0,A01
201500030006,0,7,0,0.0,1.0,2.0,2.0,A01
201500030007,0,7,0,0.0,2.0,8.0,1.0,A01
201500030007,0,7,0,0.0,2.0,2.0,19.0,B01
201500030008,0,7,0,0.0,2.0,3.0,2.0,A01
201500030008,1,7,0,0.0,2.0,0.0,0.0,B01
201500030009,0,7,0,0.0,1.0,3.0,1.0,A01
201500030010,0,7,0,0.0,2.0,1.0,0.0,B01
201500030010,0,1,0,0.0,2.0,1.0,0.0,A01
201500030011,0,33,0,0.0,2.0,0.0,0.0,A01
201500030011,0,7,0,0.0,2.0,0.0,0.0,B01
201500030012,0,7,0,0.0,2.0,1.0,2.0,A01
201500030012,0,7,0,0.0,2.0,4.0,2.0,B01
201500030012,0,7,0,0.0,2.0,4.0,2.0,C01
201500030013,0,7,0,0.0,2.0,3.0,23.0,B01
201500030013,0,7,0,0.0,2.0,2.0,1.0,A01
201500030014,0,37,0,0.0,1.0,2.0,1.0,A01
201500030015,1,7,0,0.0,2.0,1.0,19.0,Z01
201500030015,0,7,0,0.0,2.0,2.0,1.0,A01
201500030016,0,7,0,0.0,2.0,0.0,0.0,B01
201500030016,0,2,0,0.0,2.0,0.0,0.0,A01
201500030017,0,7,0,0.0,2.0,7.0,19.0,A01
201500030017,0,7,0,0.0,2.0,1.0,2.0,B01
201500030018,0,33,0,0.0,2.0,8.0,1.0,B01
201500030018,0,7,0,0.0,2.0,2.0,16.0,A01
201500030019,0,1,0,0.0,2.0,4.0,0.0,B01
201500030019,0,7,0,0.0,2.0,4.0,0.0,C01
201500030019,0,7,0,0.0,2.0,1.0,2.0,A01
201500030020,0,7,0,0.0,1.0,1.0,1.0,A01
201500030021,0,7,0,0.0,2.0,2.0,0.0,B01
201500030021,2,7,0,0.0,2.0,1.0,9.0,A01
201500030022,0,33,0,0.0,2.0,1.0,17.0,A01
201500030022,0,7,0,0.0,2.0,8.0,15.0,B01
201500030023,0,33,0,0.0,2.0,0.0,0.0,A01
201500030023,0,7,0,0.0,2.0,0.0,0.0,B01
201500030024,0,1,0,0.0,0.0,0.0,0.0,A01
201500030024,0,7,0,0.0,0.0,0.0,0.0,B01
201500030025,0,7,0,0.0,2.0,8.0,15.0,B01
201500030025,0,30,0,0.0,2.0,1.0,17.0,A01
201500030026,0,7,0,1.0,0.0,2.0,1.0,A01
201500030026,0,7,0,0.0,2.0,6.0,0.0,D01
201500030026,0,7,0,0.0,2.0,2.0,0.0,B01
201500030027,0,7,0,0.0,1.0,1.0,15.0,A01
201500030028,0,7,0,0.0,1.0,2.0,20.0,A01
201500030029,0,7,0,0.0,2.0,1.0,1.0,B01
201500030029,0,7,0,0.0,2.0,8.0,15.0,A01
201500030030,0,7,0,0.0,1.0,0.0,0.0,A01
201500030031,0,3,0,0.0,1.0,0.0,0.0,A01
201500030032,0,1,0,0.0,0.0,1.0,0.0,B01
201500030032,1,7,0,0.0,0.0,0.0,0.0,A01
201500030033,0,7,0,0.0,1.0,2.0,1.0,A01
201500030034,0,7,0,0.0,2.0,3.0,9.0,A01
201500030034,0,1,0,0.0,0.0,0.0,0.0,B01
201500030035,0,7,0,0.0,1.0,3.0,0.0,A01
201500030036,0,1,0,0.0,2.0,0.0,0.0,B01
201500030036,0,7,0,0.0,9.0,0.0,0.0,A01
201500030037,0,7,0,0.0,2.0,3.0,14.0,C01
201500030037,0,7,0,1.0,0.0,5.0,0.0,B01
201500030037,0,10,0,0.0,9.0,5.0,20.0,A01
201500030038,0,2,0,0.0,2.0,2.0,17.0,A01
201500030038,0,7,0,0.0,2.0,3.0,15.0,B01
201500030039,2,7,0,1.0,1.0,1.0,2.0,A01
201500030039,1,7,0,0.0,2.0,0.0,15.0,Z01
201500030040,0,33,0,0.0,2.0,1.0,0.0,B01
201500030040,0,30,0,0.0,2.0,1.0,0.0,A01
201500030041,0,7,0,0.0,2.0,1.0,2.0,A01
201500030041,0,1,0,0.0,2.0,4.0,2.0,B01
201500030042,0,7,0,0.0,0.0,3.0,16.0,A01
201500030042,0,7,0,0.0,0.0,2.0,0.0,B01
201500030043,0,7,0,0.0,1.0,0.0,0.0,A01
201500030044,0,7,0,8.0,0.0,1.0,1.0,A01
201500030045,0,37,0,0.0,1.0,2.0,16.0,A01
201500030046,1,7,0,0.0,1.0,2.0,0.0,Z01
201500030047,0,7,0,8.0,0.0,3.0,14.0,A01
201500030048,0,7,0,0.0,2.0,1.0,2.0,A01
201500030048,0,7,0,0.0,0.0,0.0,0.0,B01
201500030049,0,7,0,0.0,1.0,2.0,15.0,A01
201500030050,0,7,0,0.0,1.0,2.0,11.0,A01
201500030051,0,7,0,0.0,2.0,1.0,1.0,A01
201500030051,0,7,0,0.0,2.0,4.0,16.0,B01
201500030052,0,7,0,0.0,1.0,0.0,0.0,A01
201500030053,0,7,0,0.0,1.0,2.0,1.0,A01
201500030054,0,7,0,0.0,1.0,4.0,4.0,A01
201500030055,0,7,0,0.0,2.0,1.0,2.0,A01
201500030055,0,7,0,0.0,2.0,4.0,0.0,C01
201500030055,0,7,0,0.0,2.0,4.0,0.0,B01
201500030056,0,7,0,1.0,0.0,1.0,0.0,A01
201500030057,0,7,0,0.0,2.0,1.0,1.0,B01
201500030057,2,10,0,0.0,2.0,1.0,0.0,A01
201500030058,0,7,0,0.0,1.0,4.0,4.0,A01
201500030059,0,33,0,0.0,2.0,0.0,0.0,A01
201500030059,0,7,0,0.0,0.0,0.0,0.0,C01
201500030059,0,7,0,0.0,2.0,0.0,0.0,B01
201500030060,0,7,0,0.0,2.0,1.0,1.0,B01
201500030060,0,7,0,0.0,2.0,3.0,9.0,A01
201500030061,0,7,0,0.0,2.0,1.0,6.0,A01
201500030061,0,7,0,0.0,2.0,3.0,1.0,B01
201500030062,0,7,0,0.0,1.0,1.0,1.0,A01
201500030063,0,30,0,0.0,0.0,0.0,0.0,B01
201500030063,0,7,0,0.0,0.0,2.0,14.0,A01
201500030064,0,30,0,1.0,1.0,0.0,17.0,A01
201500030065,0,7,0,0.0,2.0,2.0,16.0,A01
201500030065,0,2,0,0.0,2.0,3.0,1.0,B01
201500030066,0,7,0,0.0,2.0,1.0,1.0,A01
201500030066,0,7,0,0.0,0.0,0.0,0.0,B01
201500030067,0,7,0,0.0,1.0,2.0,1.0,A01
201500030068,0,7,0,0.0,2.0,1.0,1.0,A01
201500030068,0,7,0,0.0,2.0,7.0,1.0,B01
201500030069,0,7,0,0.0,1.0,2.0,0.0,A01
201500030070,0,7,0,0.0,2.0,1.0,1.0,A01
201500030070,0,7,0,0.0,2.0,5.0,4.0,B01
201500030071,1,7,0,0.0,2.0,0.0,0.0,Z01
201500030071,0,1,0,0.0,2.0,0.0,0.0,B01
201500030072,0,7,0,0.0,2.0,7.0,1.0,A01
201500030072,0,7,0,0.0,2.0,1.0,0.0,B01
201500030073,1,7,0,0.0,1.0,1.0,2.0,A01
201500030074,0,7,0,0.0,2.0,2.0,0.0,A01
201500030074,0,33,0,0.0,0.0,0.0,0.0,B01
201500030075,0,7,0,0.0,1.0,2.0,1.0,A01
201500030076,0,7,0,0.0,2.0,5.0,16.0,A01
201500030076,0,32,0,0.0,2.0,8.0,2.0,B01
201500030077,0,1,0,0.0,2.0,1.0,19.0,A01
201500030077,0,7,0,0.0,2.0,8.0,0.0,B01
201500030078,0,7,0,14.0,0.0,1.0,0.0,A01
201500030079,0,7,0,0.0,0.0,2.0,15.0,A01
201500030079,0,7,0,0.0,2.0,1.0,1.0,B01
201500030080,0,33,0,0.0,1.0,1.0,0.0,A01
201500030081,0,33,0,0.0,2.0,1.0,1.0,A01
201500030081,0,7,0,0.0,0.0,0.0,0.0,B01
201500030082,0,7,0,1.0,0.0,1.0,1.0,A01
201500030082,0,1,0,0.0,0.0,0.0,0.0,B01
201500030083,0,7,0,0.0,1.0,1.0,0.0,A01
201500030084,0,7,0,0.0,1.0,3.0,0.0,A01
201500030085,0,7,0,0.0,1.0,1.0,15.0,A01
201500030086,0,7,0,0.0,1.0,1.0,1.0,A01
201500030087,0,7,0,0.0,0.0,6.0,15.0,A01
201500030087,0,7,0,0.0,0.0,0.0,0.0,B01
201500030088,0,7,0,0.0,9.0,1.0,1.0,A01
201500030088,0,1,0,0.0,2.0,8.0,19.0,B01
201500030089,0,33,0,0.0,2.0,7.0,17.0,A01
201500030089,0,10,0,0.0,2.0,8.0,15.0,B01
201500030090,0,7,0,0.0,2.0,1.0,15.0,A01
201500030090,0,33,0,0.0,2.0,1.0,1.0,B01
201500030091,0,7,0,0.0,1.0,1.0,1.0,A01
201500030092,0,7,0,0.0,2.0,2.0,0.0,A01
201500030092,0,7,0,8.0,2.0,8.0,1.0,B01
201500030093,0,7,0,0.0,2.0,8.0,20.0,B01
201500030093,0,7,0,0.0,2.0,8.0,2.0,A01
201500030093,0,7,0,0.0,2.0,6.0,0.0,C01
201500030094,0,7,0,0.0,2.0,1.0,1.0,B01
201500030094,0,2,0,0.0,2.0,1.0,13.0,A01
201500030095,0,1,0,0.0,2.0,6.0,2.0,B01
201500030096,0,7,0,0.0,0.0,3.0,15.0,B01
201500030096,0,7,0,15.0,2.0,1.0,17.0,A01
201500030097,1,7,0,0.0,0.0,0.0,0.0,Z01
201500030097,0,33,0,0.0,2.0,8.0,2.0,B01
201500030098,0,7,0,0.0,2.0,2.0,16.0,A01
201500030098,0,1,0,0.0,2.0,1.0,1.0,B01
201500030099,0,1,0,0.0,0.0,0.0,0.0,B01
201500030099,0,7,0,0.0,0.0,8.0,22.0,A01
201500030100,1,7,0,0.0,1.0,0.0,1.0,A01
201500030101,0,7,0,0.0,1.0,3.0,15.0,A01
201500030102,0,7,0,0.0,1.0,8.0,1.0,A01
201500030103,0,7,0,0.0,1.0,1.0,16.0,A01
201500030104,0,1,0,0.0,1.0,1.0,1.0,A01
201500030105,0,7,0,0.0,2.0,8.0,19.0,A01
201500030105,0,7,0,0.0,2.0,1.0,2.0,B01
201500030106,0,7,0,0.0,1.0,2.0,1.0,A01
201500030107,0,7,0,0.0,2.0,7.0,15.0,A01
201500030107,0,7,0,0.0,2.0,3.0,23.0,C01
201500030107,0,7,0,0.0,2.0,8.0,1.0,B01
201500030108,0,7,0,0.0,1.0,3.0,15.0,A01
201500030109,0,33,0,0.0,0.0,0.0,0.0,A01
201500030109,0,7,0,0.0,0.0,0.0,0.0,B01
201500030110,0,7,0,0.0,0.0,0.0,0.0,B01
201500030110,0,2,0,0.0,0.0,3.0,16.0,A01
201500030111,0,7,0,12.0,0.0,7.0,14.0,A01
201500030112,0,7,0,0.0,2.0,1.0,1.0,B01
201500030112,0,7,0,0.0,2.0,7.0,15.0,D01
201500030113,1,7,0,0.0,2.0,1.0,1.0,Z01
201500030113,0,2,0,0.0,2.0,4.0,1.0,B01
201500030114,0,32,0,0.0,2.0,1.0,1.0,B01
201500030114,0,7,0,0.0,2.0,2.0,15.0,A01
201500030115,0,7,0,0.0,2.0,2.0,0.0,A01
201500030115,0,7,0,0.0,0.0,0.0,0.0,B01
201500030116,0,7,0,1.0,1.0,2.0,14.0,A01
201500030117,0,7,0,0.0,2.0,1.0,1.0,A01
201500030117,0,7,0,0.0,2.0,4.0,1.0,B01
201500030118,0,7,0,0.0,2.0,3.0,20.0,A01
201500030118,0,1,0,0.0,2.0,1.0,17.0,B01
201500030119,0,7,0,0.0,1.0,8.0,0.0,A01
201500030120,0,7,0,0.0,2.0,0.0,1.0,B01
201500030120,0,7,0,0.0,2.0,1.0,19.0,A01
201500030121,1,7,0,0.0,2.0,7.0,15.0,Z01
201500030121,0,7,0,0.0,2.0,2.0,0.0,A01
201500030122,0,2,0,0.0,2.0,1.0,9.0,A01
201500030122,0,7,0,0.0,0.0,7.0,23.0,B01
201500030123,0,2,0,1.0,0.0,1.0,1.0,A01
201500030124,0,33,0,12.0,0.0,7.0,14.0,A01
201500030125,0,7,0,0.0,1.0,3.0,1.0,A01
201500030126,0,7,0,0.0,0.0,8.0,1.0,A01
201500030127,0,30,0,0.0,2.0,1.0,2.0,B01
201500030127,0,7,0,0.0,9.0,7.0,1.0,A01
201500030128,1,7,0,0.0,1.0,0.0,0.0,Z01
201500030129,0,7,0,0.0,1.0,0.0,0.0,A01
201500030130,0,7,0,0.0,2.0,1.0,9.0,A01
201500030130,0,7,0,0.0,2.0,7.0,1.0,B01
201500030131,0,7,0,0.0,1.0,1.0,0.0,A01
201500030132,0,7,0,1.0,0.0,2.0,0.0,A01
201500030133,0,7,0,4.0,0.0,1.0,1.0,A01
201500030134,0,7,0,0.0,2.0,1.0,1.0,B01
201500030134,0,7,0,0.0,2.0,1.0,2.0,A01
201500030135,0,7,0,3.0,0.0,2.0,0.0,A01
201500030136,0,7,0,0.0,2.0,7.0,10.0,B01
201500030136,0,7,0,0.0,2.0,1.0,2.0,A01
201500030137,0,1,0,0.0,2.0,1.0,1.0,A01
201500030137,0,7,0,0.0,9.0,5.0,2.0,B01
201500030138,2,7,0,6.0,2.0,1.0,1.0,A01
201500030138,0,7,0,1.0,2.0,2.0,1.0,B01
201500030139,0,7,0,0.0,2.0,1.0,0.0,B01
201500030139,0,7,0,0.0,2.0,0.0,15.0,A01
201500030140,1,30,0,0.0,0.0,0.0,0.0,B01
201500030140,1,30,0,0.0,1.0,1.0,0.0,A01
201500030141,0,7,0,2.0,0.0,1.0,1.0,A01
201500030142,0,33,0,0.0,2.0,1.0,1.0,A01
201500030142,0,7,0,0.0,2.0,6.0,1.0,B01
201500030142,0,7,0,1.0,2.0,1.0,1.0,C01
201500030143,0,7,0,0.0,1.0,2.0,2.0,A01
201500030144,2,7,0,0.0,2.0,1.0,11.0,A01
201500030144,0,31,0,0.0,2.0,0.0,0.0,B01
201500030145,0,30,0,8.0,0.0,1.0,14.0,A01
201500030146,0,7,0,15.0,0.0,1.0,0.0,A01
201500030147,0,7,0,0.0,2.0,7.0,10.0,A01
201500030147,0,33,0,0.0,2.0,1.0,1.0,B01
201500030148,0,7,0,0.0,2.0,1.0,2.0,A01
201500030148,0,1,0,0.0,0.0,4.0,2.0,B01
201500030149,0,7,0,0.0,1.0,0.0,0.0,A01
201500030150,0,7,0,1.0,0.0,2.0,1.0,A01
201500030151,1,30,0,0.0,1.0,0.0,0.0,A01
201500030152,0,3,0,0.0,2.0,7.0,19.0,A01
201500030152,0,37,0,0.0,2.0,1.0,1.0,B01
201500030153,0,7,0,1.0,0.0,3.0,16.0,A01
201500030154,0,7,0,0.0,0.0,0.0,0.0,B01
201500030154,0,1,0,0.0,0.0,0.0,0.0,A01
201500030155,0,7,0,0.0,2.0,0.0,0.0,B01
201500030155,0,7,0,0.0,2.0,0.0,0.0,A01
201500030156,1,7,0,1.0,1.0,1.0,2.0,Z01
201500030156,0,7,0,0.0,2.0,6.0,23.0,B01
201500030157,1,7,0,0.0,2.0,0.0,0.0,Z01
201500030157,0,1,0,0.0,2.0,1.0,0.0,B01
201500030158,0,7,0,0.0,2.0,1.0,1.0,A01
201500030158,0,7,0,0.0,2.0,3.0,16.0,B01
201500030159,0,7,0,0.0,1.0,1.0,1.0,A01
201500030160,0,7,0,0.0,9.0,2.0,15.0,A01
201500030160,0,1,0,0.0,2.0,1.0,15.0,B01
201500030161,0,37,0,0.0,1.0,0.0,2.0,A01
201500030162,0,7,0,0.0,2.0,2.0,15.0,A01
201500030162,0,7,0,0.0,2.0,2.0,2.0,B01
201500030162,0,7,0,0.0,2.0,1.0,23.0,C01
201500030163,0,37,0,0.0,9.0,8.0,7.0,A01
201500030163,0,1,0,0.0,2.0,2.0,17.0,B01
201500030164,0,2,0,0.0,0.0,0.0,0.0,A01
201500030164,0,99,0,0.0,0.0,0.0,0.0,B01
201500030165,0,7,0,0.0,0.0,1.0,1.0,A01
201500030165,0,7,0,0.0,0.0,0.0,0.0,B01
201500030166,0,7,0,0.0,0.0,0.0,0.0,A01
201500030166,0,7,0,0.0,0.0,0.0,0.0,B01
201500030167,0,7,0,0.0,0.0,0.0,0.0,B01
201500030167,0,2,0,0.0,0.0,0.0,0.0,A01
201500030168,1,7,0,0.0,1.0,0.0,0.0,Z01
201500030169,0,7,0,0.0,1.0,1.0,2.0,A01
201500030170,0,7,0,0.0,1.0,0.0,0.0,A01
201500030171,0,7,0,0.0,2.0,1.0,9.0,A01
201500030171,0,1,0,0.0,0.0,0.0,0.0,B01
201500030172,0,7,0,0.0,2.0,7.0,9.0,A01
201500030172,0,32,0,0.0,2.0,7.0,1.0,B01
201500030173,0,7,0,0.0,2.0,1.0,1.0,B01
201500030173,0,7,0,0.0,2.0,7.0,1.0,A01
201500030174,0,7,0,0.0,2.0,2.0,1.0,B01
201500030174,0,7,0,0.0,2.0,3.0,9.0,A01
201500030175,0,7,0,0.0,0.0,0.0,0.0,A01
201500030175,0,7,0,0.0,0.0,0.0,0.0,B01
201500030176,0,7,0,0.0,2.0,1.0,1.0,B01
201500030176,0,7,0,0.0,2.0,4.0,4.0,A01
201500030177,0,7,0,0.0,2.0,2.0,1.0,B01
201500030177,0,7,0,0.0,2.0,1.0,9.0,A01
201500030178,0,7,0,0.0,1.0,2.0,0.0,A01
201500030179,0,7,0,0.0,0.0,0.0,0.0,B01
201500030179,0,1,0,0.0,0.0,0.0,0.0,A01
201500030180,0,7,0,0.0,0.0,4.0,24.0,B01
201500030180,0,7,0,1.0,0.0,1.0,0.0,A01
201500030181,0,7,0,0.0,0.0,9.0,14.0,A01
201500030182,0,1,0,0.0,2.0,1.0,19.0,B01
201500030182,0,7,0,0.0,2.0,6.0,1.0,A01
201500030183,0,2,0,5.0,0.0,1.0,1.0,A01
201500030184,0,33,0,0.0,2.0,1.0,2.0,A01
201500030184,0,7,0,0.0,2.0,6.0,11.0,B01
201500030185,0,7,0,0.0,1.0,1.0,1.0,A01
201500030186,0,10,0,0.0,1.0,2.0,1.0,A01
201500030187,0,30,0,0.0,2.0,1.0,1.0,A01
201500030187,0,7,0,0.0,2.0,3.0,23.0,B01
201500030188,0,7,0,0.0,2.0,1.0,15.0,A01
201500030188,0,7,0,0.0,2.0,3.0,1.0,B01
201500030189,0,7,0,9.0,0.0,1.0,1.0,A01
201500030190,0,7,0,0.0,1.0,1.0,1.0,A01
201500030191,0,7,0,0.0,1.0,1.0,0.0,A01
201500030192,0,1,0,0.0,0.0,0.0,0.0,B01
201500030192,0,7,0,0.0,2.0,7.0,16.0,A01
201500030193,0,7,0,0.0,2.0,1.0,15.0,A01
201500030193,0,2,0,0.0,2.0,8.0,1.0,B01
201500030194,0,7,0,0.0,1.0,1.0,1.0,A01
201500030195,0,1,0,0.0,2.0,7.0,15.0,B01
201500030195,0,7,0,0.0,9.0,2.0,1.0,A01
201500030196,0,7,0,0.0,2.0,1.0,19.0,A01
201500030196,0,7,0,0.0,2.0,1.0,2.0,B01
201500030197,0,7,0,0.0,1.0,1.0,15.0,A01
201500030198,0,7,0,0.0,2.0,5.0,23.0,A01
201500030198,0,1,0,0.0,2.0,1.0,2.0,B01
201500030199,0,7,0,6.0,0.0,3.0,0.0,A01
201500030200,0,7,0,0.0,1.0,3.0,15.0,A01
201500030201,0,7,0,0.0,1.0,2.0,1.0,A01
201500030202,0,2,0,0.0,2.0,1.0,0.0,B01
201500030202,0,7,0,0.0,2.0,2.0,1.0,A01
201500030203,0,7,0,0.0,2.0,6.0,15.0,B01
201500030203,0,30,0,0.0,2.0,1.0,13.0,A01
201500030204,0,7,0,0.0,2.0,1.0,1.0,A01
201500030204,0,33,0,0.0,2.0,1.0,0.0,B01
201500030205,0,7,0,0.0,2.0,8.0,0.0,B01
201500030205,0,30,0,0.0,2.0,0.0,0.0,A01
201500030206,0,7,0,0.0,1.0,2.0,0.0,A01
201500030207,0,7,0,0.0,2.0,8.0,1.0,B01
201500030207,0,7,0,0.0,2.0,3.0,15.0,A01
201500030208,0,32,0,0.0,2.0,1.0,1.0,B01
201500030208,0,7,0,0.0,2.0,7.0,15.0,A01
201500030209,0,7,0,0.0,1.0,2.0,15.0,A01
201500030210,0,7,0,0.0,2.0,1.0,2.0,A01
201500030210,0,7,0,0.0,2.0,5.0,2.0,B01
201500030211,0,7,0,1.0,2.0,3.0,13.0,B01
201500030211,0,7,0,1.0,2.0,3.0,1.0,A01