Num_Acc,senc,catv,occutc,obs,obsm,choc,manv,num_veh
201500030515,0,7,0,0.0,2.0,2.0,17.0,A01
201500030516,0,7,0,2.0,0.0,2.0,13.0,A01
201500030517,0,7,0,5.0,0.0,3.0,16.0,A01
201500030518,0,33,0,0.0,2.0,1.0,13.0,A01
201500030518,0,17,0,0.0,2.0,3.0,1.0,B02
201500030519,1,7,0,0.0,2.0,2.0,1.0,A01
201500030519,0,1,0,0.0,2.0,4.0,1.0,B02
201500030520,1,7,0,0.0,1.0,0.0,0.0,A01
201500030521,0,7,0,0.0,1.0,0.0,0.0,A01
201500030522,0,7,0,0.0,0.0,0.0,0.0,A01
201500030523,0,7,0,0.0,1.0,0.0,0.0,A01
201500030524,0,7,0,0.0,0.0,1.0,13.0,A01
201500030524,0,7,0,0.0,2.0,1.0,0.0,B01
201500030525,0,7,0,0.0,1.0,1.0,1.0,A01
201500030526,0,7,0,0.0,1.0,0.0,0.0,A01
201500030527,0,7,0,0.0,0.0,0.0,0.0,A01
201500030528,0,7,0,0.0,1.0,1.0,0.0,A01
201500030529,0,7,0,2.0,0.0,0.0,0.0,A01
201500030530,0,7,0,0.0,0.0,0.0,0.0,A01
201500030530,0,7,0,0.0,0.0,0.0,0.0,B01
201500030531,0,7,0,0.0,2.0,7.0,15.0,A01
201500030531,0,33,0,0.0,2.0,1.0,1.0,B02
201500030532,0,31,0,0.0,2.0,1.0,17.0,A01
201500030532,0,7,0,0.0,2.0,6.0,15.0,B02
201500030533,0,7,0,11.0,0.0,1.0,1.0,A01
201500030534,0,33,0,0.0,2.0,8.0,13.0,A01
201500030534,0,7,0,0.0,2.0,8.0,13.0,B02
201500030535,0,33,0,0.0,2.0,1.0,17.0,A01
201500030535,0,21,0,0.0,2.0,3.0,15.0,B02
201500030536,0,7,0,0.0,2.0,3.0,15.0,A01
201500030536,0,1,0,0.0,2.0,1.0,1.0,B02
201500030537,0,30,0,13.0,0.0,1.0,1.0,A01
201500030538,0,2,0,0.0,2.0,1.0,1.0,A01
201500030538,0,7,0,0.0,2.0,8.0,1.0,B02
201500030539,0,10,0,0.0,2.0,1.0,1.0,A01
201500030539,0,33,0,0.0,2.0,1.0,13.0,B02
201500030540,0,3,0,0.0,2.0,8.0,15.0,A01
201500030540,0,7,0,0.0,2.0,2.0,17.0,B02
201500030541,0,7,0,0.0,1.0,3.0,1.0,A01
201500030542,0,7,0,0.0,2.0,3.0,15.0,A01
201500030542,0,33,0,0.0,2.0,1.0,1.0,B02
201500030543,0,7,0,0.0,0.0,3.0,19.0,B02
201500030543,0,33,0,0.0,2.0,1.0,1.0,A01
201500030544,0,7,0,6.0,0.0,8.0,1.0,A01
201500030545,0,1,0,0.0,2.0,8.0,1.0,B02
201500030545,0,7,0,0.0,2.0,1.0,19.0,A01
201500030546,0,7,0,0.0,2.0,2.0,5.0,A01
201500030546,0,10,0,0.0,2.0,2.0,1.0,B02
201500030547,0,7,0,0.0,1.0,1.0,1.0,A01
201500030548,0,31,0,6.0,0.0,1.0,1.0,A01
201500030549,0,10,0,0.0,2.0,3.0,3.0,A01
201500030549,0,10,0,0.0,2.0,1.0,1.0,B02
201500030549,0,10,0,0.0,2.0,1.0,1.0,C03
201500030550,0,1,0,0.0,9.0,1.0,2.0,A01
201500030550,0,1,0,0.0,9.0,4.0,2.0,B02
201500030551,0,7,0,0.0,2.0,1.0,13.0,A01
201500030551,0,17,0,0.0,2.0,3.0,1.0,B02
201500030552,0,7,0,6.0,0.0,8.0,0.0,A01
201500030553,0,21,0,0.0,0.0,0.0,1.0,A01
201500030554,0,33,0,0.0,0.0,8.0,1.0,A01
201500030555,0,1,0,0.0,0.0,1.0,1.0,A01
201500030556,0,7,0,0.0,2.0,1.0,13.0,A01
201500030556,0,7,0,0.0,2.0,1.0,1.0,B02
201500030556,0,10,0,0.0,2.0,2.0,1.0,C03
201500030557,0,7,0,0.0,1.0,3.0,1.0,A01
201500030558,0,7,0,0.0,1.0,1.0,1.0,A01
201500030559,0,7,0,0.0,2.0,1.0,15.0,A01
201500030559,0,2,0,0.0,2.0,1.0,1.0,B01
201500030559,0,7,0,0.0,9.0,0.0,1.0,C01
201500030560,0,13,0,0.0,2.0,2.0,1.0,B01
201500030560,0,7,0,0.0,2.0,3.0,15.0,A01
201500030561,0,14,0,0.0,1.0,3.0,15.0,A01
201500030562,0,7,0,12.0,2.0,1.0,6.0,A01
201500030562,0,7,0,0.0,2.0,1.0,1.0,B01
201500030563,0,7,0,0.0,1.0,2.0,1.0,A01
201500030564,0,7,0,0.0,1.0,2.0,1.0,A01
201500030565,0,1,0,0.0,0.0,7.0,1.0,B01
201500030565,0,7,0,0.0,2.0,2.0,9.0,A01
201500030566,0,1,0,0.0,0.0,7.0,1.0,B01
201500030566,0,7,0,0.0,2.0,2.0,9.0,A01
201500030567,0,7,0,0.0,2.0,1.0,2.0,A01
201500030567,0,7,0,0.0,2.0,4.0,2.0,B01
201500030568,0,7,0,0.0,2.0,1.0,1.0,A01
201500030568,0,30,0,0.0,2.0,8.0,1.0,B01
201500030569,0,15,0,0.0,2.0,3.0,1.0,B01
201500030569,0,7,0,0.0,2.0,2.0,1.0,D01
201500030569,0,7,0,13.0,2.0,6.0,1.0,C01
201500030569,0,7,0,13.0,2.0,1.0,13.0,A01
201500030570,0,33,0,0.0,2.0,0.0,1.0,A01
201500030570,0,7,0,0.0,2.0,3.0,1.0,B01
201500030571,0,7,0,0.0,1.0,1.0,1.0,A01
201500030572,0,7,0,0.0,1.0,7.0,1.0,A01
201500030573,0,33,0,11.0,0.0,1.0,1.0,A01
201500030574,0,31,0,0.0,2.0,1.0,1.0,B01
201500030574,0,7,0,0.0,2.0,3.0,9.0,A01
201500030575,1,7,0,0.0,2.0,1.0,0.0,A01
201500030575,0,33,0,0.0,2.0,4.0,1.0,B01
201500030576,0,7,0,0.0,2.0,6.0,9.0,A01
201500030576,0,33,0,0.0,2.0,1.0,1.0,B01
201500030577,0,7,0,0.0,2.0,1.0,1.0,A01
201500030577,0,1,0,0.0,2.0,8.0,19.0,B01
201500030578,1,7,0,0.0,1.0,1.0,17.0,A01
201500030579,0,7,0,0.0,2.0,8.0,0.0,A01
201500030579,0,33,0,11.0,2.0,2.0,1.0,B01
201500030580,0,30,0,0.0,2.0,1.0,9.0,B01
201500030580,1,7,0,0.0,2.0,1.0,0.0,A01
201500030581,0,7,0,0.0,2.0,3.0,1.0,B01
201500030581,0,7,0,12.0,2.0,1.0,1.0,A01
201500030582,0,7,0,0.0,2.0,1.0,1.0,B01
201500030582,0,1,0,0.0,2.0,8.0,9.0,A01
201500030583,0,7,0,0.0,1.0,1.0,1.0,A01
201500030584,0,37,0,0.0,1.0,2.0,1.0,A01
201500030585,0,2,0,0.0,2.0,1.0,1.0,A01
201500030585,0,7,0,0.0,2.0,3.0,15.0,B01
201500030586,0,7,0,0.0,2.0,2.0,1.0,B01
201500030586,0,2,0,0.0,2.0,1.0,1.0,A01
201500030587,0,7,0,3.0,0.0,1.0,1.0,A01
201500030588,0,7,0,0.0,2.0,7.0,15.0,A01
201500030588,0,33,0,0.0,2.0,1.0,1.0,B01
201500030589,0,36,0,12.0,2.0,6.0,15.0,B01
201500030589,0,7,0,0.0,2.0,2.0,13.0,A01
201500030590,0,37,0,0.0,2.0,2.0,16.0,A01
201500030590,0,2,0,0.0,2.0,1.0,18.0,B01
201500030591,2,7,0,0.0,1.0,2.0,1.0,A01
201500030592,0,7,0,2.0,0.0,1.0,1.0,A01
201500030593,1,7,0,0.0,1.0,1.0,1.0,A01
201500030594,0,7,0,0.0,2.0,3.0,13.0,A01
201500030594,0,3,0,0.0,2.0,1.0,1.0,B01
201500030594,0,7,0,0.0,9.0,0.0,2.0,C01
201500030595,0,7,0,0.0,1.0,1.0,0.0,A01
201500030596,0,31,0,0.0,0.0,0.0,1.0,A01
201500030596,0,7,0,0.0,0.0,0.0,15.0,B01
201500030597,0,7,0,0.0,2.0,3.0,15.0,A01
201500030597,0,34,0,0.0,2.0,8.0,0.0,B01
201500030598,1,99,0,0.0,1.0,0.0,0.0,A01
201500030599,0,7,0,0.0,9.0,2.0,1.0,A01
201500030599,0,1,0,0.0,2.0,0.0,0.0,B01
201500030600,0,7,0,16.0,0.0,2.0,0.0,A01
201500030601,0,7,0,0.0,2.0,1.0,23.0,B01
201500030601,0,7,0,0.0,2.0,2.0,14.0,A01
201500030602,0,7,0,0.0,2.0,1.0,5.0,A01
201500030602,0,3,0,0.0,2.0,8.0,2.0,B01
201500030602,0,7,0,0.0,2.0,1.0,2.0,C01
201500030603,0,7,0,0.0,2.0,2.0,0.0,A01
201500030603,0,30,0,0.0,2.0,1.0,0.0,B01
201500030604,1,7,0,0.0,1.0,0.0,0.0,A01
201500030605,0,34,0,15.0,0.0,1.0,0.0,A01
201500030606,0,7,0,1.0,0.0,1.0,2.0,A01
201500030606,0,7,0,0.0,2.0,4.0,2.0,B01
201500030606,0,7,0,0.0,2.0,4.0,2.0,C01
201500030607,0,7,0,0.0,2.0,2.0,5.0,A01
201500030607,0,7,0,0.0,2.0,1.0,2.0,B01
201500030608,0,7,0,0.0,1.0,1.0,0.0,A01
201500030609,1,33,0,0.0,0.0,0.0,0.0,A01
201500030610,2,33,0,0.0,1.0,1.0,0.0,A01
201500030611,1,7,0,0.0,1.0,0.0,16.0,A01
201500030612,0,7,0,0.0,1.0,2.0,0.0,A01
201500030613,0,7,0,0.0,2.0,1.0,15.0,A01
201500030613,0,1,0,0.0,2.0,1.0,0.0,B01
201500030614,1,7,0,0.0,1.0,3.0,17.0,A01
201500030615,0,7,0,13.0,2.0,4.0,1.0,A01
201500030615,0,7,0,0.0,0.0,0.0,0.0,B01
201500030615,0,7,0,0.0,2.0,5.0,1.0,C01
201500030615,0,10,0,0.0,2.0,4.0,0.0,D01
201500030616,1,7,0,0.0,1.0,0.0,0.0,A01
201500030617,0,10,0,0.0,1.0,2.0,0.0,A01
201500030618,0,7,0,0.0,1.0,1.0,16.0,A01
201500030619,0,7,0,3.0,9.0,2.0,0.0,C01
201500030619,0,10,0,0.0,2.0,6.0,13.0,A01
201500030619,0,7,0,0.0,2.0,3.0,1.0,B01
201500030620,0,7,0,0.0,1.0,1.0,16.0,A01
201500030621,0,7,0,0.0,2.0,1.0,1.0,A01
201500030621,0,7,0,0.0,2.0,4.0,1.0,B01
201500030622,0,7,0,6.0,0.0,3.0,1.0,A01
201500030623,0,7,0,0.0,2.0,3.0,1.0,B02
201500030623,0,7,0,0.0,9.0,1.0,1.0,D04
201500030623,0,7,0,0.0,9.0,1.0,1.0,C03
201500030623,0,10,0,0.0,2.0,0.0,1.0,A01
201500030624,0,7,0,0.0,2.0,1.0,5.0,A01
201500030624,0,10,0,0.0,2.0,3.0,1.0,B02
201500030625,0,33,0,13.0,0.0,1.0,1.0,A01
201500030626,0,33,0,13.0,0.0,1.0,15.0,A01
201500030627,0,7,0,2.0,0.0,1.0,13.0,A01
201500030628,0,7,0,2.0,0.0,8.0,13.0,A01
201500030629,0,7,0,8.0,0.0,1.0,1.0,A01
201500030630,0,10,0,0.0,2.0,2.0,14.0,A01
201500030630,0,10,0,0.0,2.0,4.0,4.0,B02
201500030631,0,7,0,3.0,0.0,2.0,1.0,A01
201500030631,0,7,0,0.0,2.0,1.0,1.0,B02
201500030632,1,7,0,0.0,1.0,1.0,15.0,A01
201500030633,0,7,0,0.0,1.0,2.0,16.0,A01
201500030634,0,7,0,0.0,2.0,1.0,15.0,B01
201500030634,0,2,0,0.0,2.0,1.0,1.0,A01
201500030634,0,7,0,0.0,2.0,8.0,23.0,C01
201500030635,0,7,0,0.0,1.0,4.0,20.0,A01
201500030636,0,7,0,0.0,2.0,4.0,1.0,A01
201500030636,0,1,0,0.0,2.0,1.0,1.0,B01
201500030637,0,7,0,0.0,2.0,1.0,2.0,A01
201500030637,0,7,0,0.0,2.0,4.0,1.0,B01
201500030638,0,1,0,15.0,0.0,1.0,1.0,A01
201500030639,0,7,0,0.0,1.0,1.0,1.0,A01
201500030640,0,1,0,0.0,2.0,1.0,2.0,A01
201500030640,0,1,0,0.0,2.0,4.0,23.0,B01
201500030641,0,32,0,0.0,2.0,1.0,1.0,B01
201500030641,0,7,0,0.0,2.0,3.0,15.0,A01
201500030642,0,7,0,0.0,2.0,5.0,23.0,A01
201500030642,0,30,0,0.0,2.0,1.0,2.0,B01
201500030643,0,37,5,0.0,2.0,4.0,24.0,B01
201500030643,0,7,0,1.0,2.0,1.0,2.0,A01
201500030644,0,1,0,0.0,2.0,7.0,15.0,B01
201500030644,0,7,0,0.0,2.0,3.0,15.0,A01
201500030645,0,7,0,0.0,1.0,4.0,20.0,A01
201500030646,0,1,0,0.0,2.0,6.0,1.0,B01
201500030646,0,7,0,0.0,2.0,2.0,16.0,A01
201500030647,0,7,0,9.0,2.0,3.0,13.0,A01
201500030648,0,33,0,0.0,2.0,1.0,1.0,B01
201500030648,0,7,0,0.0,2.0,3.0,15.0,A01
201500030649,0,7,0,2.0,0.0,2.0,21.0,A01
201500030650,0,7,0,0.0,2.0,5.0,16.0,A01
201500030650,0,1,0,0.0,2.0,2.0,16.0,B01
201500030651,0,33,0,0.0,2.0,5.0,16.0,B01
201500030651,0,7,0,0.0,2.0,1.0,14.0,A01
201500030652,0,7,0,0.0,2.0,4.0,2.0,C01
201500030652,0,7,0,0.0,2.0,1.0,2.0,A01
201500030652,0,7,0,0.0,2.0,4.0,2.0,D01
201500030652,0,7,0,0.0,2.0,4.0,2.0,B01
201500030653,0,33,0,0.0,0.0,7.0,1.0,A01
201500030654,0,7,0,0.0,2.0,2.0,2.0,B01
201500030654,0,7,0,0.0,2.0,4.0,23.0,A01
201500030655,0,30,0,16.0,0.0,8.0,1.0,A01
201500030656,0,1,0,0.0,1.0,1.0,1.0,A01
201500030657,0,2,0,0.0,2.0,7.0,17.0,B01
201500030657,0,7,0,0.0,2.0,8.0,17.0,A01
201500030658,0,7,0,0.0,2.0,6.0,15.0,A01
201500030658,1,7,0,0.0,2.0,1.0,15.0,A02
201500030659,0,30,0,0.0,2.0,1.0,9.0,A01
201500030659,0,7,0,0.0,2.0,5.0,1.0,B01
201500030660,0,7,0,0.0,2.0,3.0,1.0,A01
201500030660,0,30,0,0.0,2.0,7.0,1.0,B01
201500030661,0,2,0,0.0,2.0,1.0,15.0,A01
201500030661,0,2,0,0.0,2.0,1.0,1.0,B01
201500030662,0,1,0,0.0,2.0,1.0,5.0,A01
201500030662,0,7,0,0.0,2.0,2.0,16.0,B01
201500030663,2,7,0,1.0,1.0,1.0,14.0,A01
201500030664,0,7,0,0.0,2.0,3.0,17.0,B01
201500030664,0,1,0,0.0,2.0,3.0,15.0,A01
201500030665,0,7,0,0.0,2.0,3.0,13.0,B01
201500030665,0,7,0,0.0,2.0,3.0,1.0,A01
201500030666,0,2,0,0.0,0.0,8.0,1.0,A01
201500030667,0,7,0,0.0,2.0,3.0,15.0,A01
201500030667,0,7,0,0.0,2.0,1.0,1.0,B01
201500030668,0,7,0,0.0,2.0,3.0,9.0,A01
201500030668,0,7,0,0.0,2.0,2.0,1.0,B01
201500030669,0,7,0,0.0,2.0,8.0,17.0,A01
201500030669,0,30,0,0.0,2.0,3.0,15.0,B01
201500030670,0,1,0,0.0,2.0,1.0,1.0,B01
201500030670,0,7,0,0.0,2.0,1.0,16.0,A01
201500030671,0,7,0,0.0,1.0,3.0,1.0,A01
201500030672,0,7,0,0.0,1.0,2.0,1.0,A01
201500030673,0,7,0,3.0,0.0,9.0,9.0,A01
201500030674,0,7,0,16.0,0.0,0.0,9.0,A01
201500030675,0,32,0,12.0,0.0,3.0,21.0,A01
201500030676,0,30,0,16.0,0.0,7.0,1.0,A01
201500030677,0,33,0,0.0,2.0,1.0,1.0,A01
201500030677,0,7,0,0.0,2.0,8.0,9.0,B01
201500030678,0,7,0,0.0,2.0,1.0,19.0,B01
201500030678,0,7,0,0.0,2.0,8.0,1.0,A01
201500030679,0,7,0,0.0,2.0,1.0,1.0,B01
201500030679,0,7,0,0.0,2.0,2.0,10.0,A01
201500030680,2,7,0,10.0,0.0,1.0,1.0,A01
201500030681,0,7,0,0.0,1.0,1.0,1.0,A01
201500030682,0,7,0,0.0,2.0,4.0,1.0,B01
201500030682,0,7,0,0.0,2.0,1.0,2.0,A01
201500030683,0,31,0,0.0,2.0,1.0,1.0,B01
201500030683,0,3,0,0.0,2.0,1.0,13.0,A01
201500030684,0,7,0,0.0,2.0,1.0,16.0,A01
201500030684,0,7,0,0.0,2.0,1.0,15.0,B01
201500030685,0,33,0,0.0,0.0,8.0,2.0,B01
201500030686,0,3,0,0.0,2.0,8.0,9.0,A01
201500030686,0,7,0,0.0,2.0,2.0,1.0,B01
201500030687,0,7,0,2.0,0.0,3.0,13.0,A01
201500030688,0,30,0,12.0,0.0,1.0,19.0,A01
201500030689,0,10,0,0.0,1.0,2.0,1.0,A01
201500030690,0,7,0,0.0,1.0,2.0,1.0,A01
201500030691,1,7,0,0.0,1.0,8.0,1.0,A01
201500030692,0,7,0,0.0,1.0,1.0,15.0,A01
201500030693,0,10,0,1.0,0.0,1.0,14.0,A01
201500030694,0,30,0,0.0,2.0,2.0,12.0,A01
201500030694,0,7,0,0.0,2.0,7.0,1.0,B01
201500030695,0,7,0,0.0,1.0,3.0,1.0,A01
201500030696,0,7,0,0.0,1.0,2.0,1.0,A01
201500030697,0,1,0,0.0,2.0,7.0,1.0,B01
201500030697,0,7,0,0.0,2.0,1.0,9.0,A01
201500030698,0,17,0,0.0,2.0,6.0,1.0,B01
201500030698,0,7,0,0.0,2.0,1.0,13.0,A01
201500030699,1,99,0,0.0,1.0,8.0,1.0,A01
201500030700,0,2,0,0.0,2.0,2.0,17.0,A01
201500030700,0,10,0,0.0,2.0,3.0,15.0,B01
201500030701,0,33,0,1.0,2.0,1.0,1.0,A01
201500030701,0,7,0,0.0,2.0,2.0,15.0,B01
201500030702,0,30,0,7.0,0.0,1.0,1.0,A01
201500030703,0,7,0,0.0,1.0,1.0,1.0,A01
201500030704,0,7,0,0.0,1.0,3.0,15.0,A01
201500030705,0,2,0,0.0,2.0,1.0,15.0,A01
201500030705,0,7,0,0.0,2.0,2.0,1.0,B01
201500030706,0,7,0,13.0,6.0,4.0,21.0,A01
201500030707,0,7,0,0.0,1.0,2.0,1.0,A01
201500030708,0,7,0,0.0,1.0,2.0,1.0,A01
201500030709,0,7,0,0.0,2.0,6.0,1.0,A01
201500030709,0,1,0,0.0,2.0,1.0,15.0,B01
201500030710,0,1,0,0.0,2.0,8.0,1.0,B02
201500030710,0,7,0,0.0,2.0,1.0,1.0,A01
201500030711,0,7,0,2.0,0.0,3.0,1.0,A01
201500030712,0,7,0,13.0,0.0,1.0,14.0,A01
201500030713,0,7,0,6.0,0.0,2.0,13.0,A01
201500030714,0,7,0,0.0,2.0,1.0,1.0,B02
201500030714,0,7,0,0.0,2.0,1.0,16.0,A01
201500030715,0,7,0,15.0,0.0,1.0,21.0,A01
201500030716,0,32,0,0.0,2.0,3.0,13.0,A01
201500030716,0,7,0,0.0,2.0,1.0,1.0,B02
201500030716,0,7,0,0.0,2.0,8.0,1.0,C03
201500030717,0,7,0,13.0,0.0,0.0,14.0,A01
201500030718,0,7,0,13.0,0.0,2.0,14.0,A01
201500030719,0,15,0,0.0,1.0,2.0,1.0,A01
201500030720,0,7,0,0.0,2.0,2.0,15.0,A01
201500030720,0,30,0,0.0,2.0,1.0,1.0,B02
201500030721,0,7,0,8.0,0.0,8.0,0.0,A01
201500030722,0,7,0,0.0,2.0,3.0,1.0,A01
201500030722,0,2,0,0.0,2.0,8.0,1.0,B02
201500030723,0,7,0,0.0,2.0,1.0,1.0,A01
201500030723,0,1,0,0.0,0.0,5.0,15.0,B02
201500030724,0,2,0,0.0,2.0,7.0,1.0,A01
201500030724,0,7,0,0.0,2.0,3.0,10.0,B02
201500030725,0,7,0,0.0,2.0,1.0,13.0,A01
201500030725,0,7,0,0.0,2.0,1.0,1.0,B02
201500030726,0,30,0,0.0,0.0,0.0,1.0,A01
201500030727,0,7,0,0.0,2.0,7.0,9.0,A01
201500030727,0,7,0,0.0,2.0,1.0,1.0,B02
201500030728,0,7,0,13.0,2.0,2.0,1.0,A01
201500030728,0,7,0,0.0,2.0,3.0,1.0,B02
201500030729,0,7,0,0.0,2.0,3.0,19.0,B02
201500030729,0,7,0,0.0,2.0,2.0,15.0,A01
201500030730,0,7,0,0.0,2.0,6.0,19.0,A01
201500030730,0,13,0,0.0,2.0,2.0,1.0,B02
201500030731,0,30,0,0.0,2.0,7.0,15.0,A01
201500030731,0,7,0,0.0,2.0,1.0,1.0,B02
201500030732,0,7,0,0.0,9.0,1.0,1.0,A01
201500030732,0,1,0,0.0,2.0,1.0,1.0,B02
201500030733,0,7,0,0.0,0.0,0.0,0.0,B02
201500030733,0,3,0,0.0,0.0,0.0,0.0,A01
201500030734,0,7,0,1.0,1.0,4.0,4.0,A01
201500030734,0,7,0,0.0,2.0,1.0,24.0,B02
201500030735,0,7,0,0.0,0.0,0.0,0.0,A01
201500030736,0,2,0,0.0,2.0,0.0,0.0,A01
201500030736,0,7,0,0.0,2.0,0.0,0.0,B01
201500030737,0,31,0,14.0,0.0,1.0,1.0,A01
201500030738,0,7,0,0.0,2.0,0.0,1.0,A01
201500030738,0,30,0,0.0,2.0,0.0,1.0,B01
201500030739,0,7,0,0.0,2.0,4.0,2.0,A01
201500030739,0,7,0,0.0,2.0,1.0,2.0,B01
201500030740,0,7,0,0.0,1.0,4.0,4.0,A01
201500030741,0,33,0,0.0,1.0,2.0,11.0,A01
201500030742,0,7,0,0.0,2.0,8.0,13.0,A01
201500030742,0,30,0,0.0,2.0,1.0,1.0,B01
201500030743,0,31,0,0.0,0.0,7.0,1.0,A01
201500030744,0,7,0,0.0,1.0,3.0,0.0,A01
201500030745,0,7,0,6.0,0.0,1.0,14.0,A01
201500030746,0,7,0,0.0,1.0,1.0,11.0,A01
201500030747,0,17,0,0.0,1.0,3.0,1.0,A01
201500030748,0,13,0,13.0,0.0,1.0,14.0,A01
201500030749,0,7,0,0.0,2.0,3.0,15.0,A01
201500030749,0,33,0,0.0,2.0,2.0,2.0,B01
201500030750,0,2,0,8.0,0.0,2.0,13.0,A01
201500030751,0,7,0,0.0,0.0,6.0,1.0,A01
201500030752,0,7,0,16.0,0.0,9.0,14.0,A01
201500030753,0,7,0,0.0,1.0,1.0,1.0,A01
201500030754,0,7,0,0.0,2.0,7.0,15.0,A01
201500030754,0,7,0,12.0,2.0,3.0,1.0,B01
201500030755,0,33,0,0.0,0.0,1.0,17.0,A01
201500030755,0,20,0,0.0,0.0,4.0,1.0,B01
201500030756,0,2,0,1.0,0.0,2.0,2.0,A01
201500030757,0,7,0,0.0,2.0,1.0,19.0,A01
201500030757,0,31,0,0.0,2.0,1.0,0.0,B01
201500030758,0,7,0,8.0,0.0,3.0,6.0,A01
201500030759,0,34,0,0.0,1.0,1.0,1.0,A01
201500030760,0,30,0,0.0,2.0,1.0,2.0,A01
201500030760,0,7,0,0.0,2.0,5.0,15.0,B01
201500030761,0,2,0,0.0,2.0,1.0,1.0,A01
201500030761,0,7,0,0.0,0.0,2.0,9.0,B01
201500030762,0,7,0,0.0,2.0,2.0,1.0,A01
201500030762,0,2,0,0.0,2.0,3.0,13.0,B01
201500030763,0,7,0,4.0,0.0,2.0,1.0,A01
201500030764,0,33,0,0.0,2.0,1.0,1.0,A01
201500030764,0,10,0,0.0,2.0,2.0,9.0,B01
201500030765,0,7,0,0.0,1.0,0.0,0.0,A01
201500030766,0,7,0,0.0,1.0,0.0,0.0,A01
201500030767,0,7,0,0.0,2.0,1.0,2.0,A01
201500030767,0,7,0,0.0,2.0,4.0,2.0,B01
201500030768,0,7,0,0.0,2.0,8.0,10.0,A01
201500030768,0,7,0,0.0,2.0,1.0,2.0,B01
201500030769,0,7,0,4.0,0.0,2.0,0.0,A01
201500030770,0,7,0,0.0,0.0,0.0,0.0,A01
201500030770,0,7,0,0.0,2.0,1.0,0.0,B01
201500030771,0,7,0,0.0,2.0,1.0,2.0,A01
201500030771,0,7,0,0.0,2.0,4.0,2.0,B01
201500030771,0,7,0,0.0,0.0,4.0,2.0,C01
201500030772,0,38,1,0.0,2.0,5.0,1.0,B01
201500030772,0,10,0,0.0,2.0,1.0,16.0,A01
201500030773,0,99,0,0.0,0.0,1.0,0.0,A01
201500030773,0,7,0,0.0,0.0,0.0,0.0,B01
201500030773,0,7,0,0.0,0.0,0.0,0.0,C01
201500030774,0,7,0,0.0,1.0,3.0,1.0,A01
201500030775,0,7,0,0.0,1.0,1.0,1.0,A01
201500030776,0,30,0,1.0,0.0,1.0,1.0,A01
201500030777,0,7,0,0.0,2.0,3.0,11.0,A01
201500030777,0,33,0,0.0,2.0,1.0,0.0,B01
201500030778,0,7,0,0.0,2.0,1.0,15.0,A01
201500030778,0,7,0,11.0,2.0,2.0,1.0,B01
201500030779,0,7,0,0.0,2.0,0.0,0.0,A01
201500030779,0,7,0,0.0,2.0,3.0,2.0,B01
201500030780,0,7,0,15.0,0.0,0.0,0.0,A01
201500030781,0,31,0,0.0,0.0,0.0,0.0,A01
201500030782,0,30,0,14.0,0.0,0.0,1.0,A01
201500030783,0,7,0,0.0,2.0,3.0,13.0,A01
201500030783,0,17,0,3.0,2.0,3.0,2.0,B01
201500030784,0,7,0,13.0,2.0,1.0,19.0,A01
201500030784,0,7,0,0.0,2.0,1.0,0.0,B01
201500030785,0,7,0,0.0,2.0,1.0,13.0,A01
201500030785,0,7,0,0.0,2.0,8.0,1.0,B01
201500030785,0,17,0,3.0,2.0,3.0,1.0,C01
201500030786,0,10,0,6.0,0.0,1.0,19.0,A01
201500030787,0,10,0,0.0,1.0,6.0,4.0,A01
201500030788,0,30,0,0.0,0.0,0.0,0.0,A01
201500030789,0,7,0,0.0,2.0,2.0,15.0,A01
201500030789,0,1,0,0.0,2.0,1.0,1.0,B01
201500030790,0,7,0,0.0,2.0,7.0,15.0,A01
201500030790,0,32,0,0.0,2.0,1.0,1.0,B01
201500030791,0,7,0,0.0,2.0,6.0,15.0,B01
201500030791,2,7,0,0.0,2.0,1.0,1.0,A01
201500030792,0,7,0,0.0,2.0,1.0,1.0,A01
201500030792,0,7,0,8.0,2.0,6.0,1.0,B01
201500030793,0,10,0,0.0,2.0,2.0,1.0,A01
201500030793,0,7,0,0.0,2.0,3.0,15.0,B01
201500030794,0,7,0,0.0,2.0,1.0,15.0,A01
201500030794,0,30,0,0.0,2.0,1.0,0.0,B01
201500030795,0,2,0,0.0,2.0,1.0,1.0,A01
201500030795,0,7,0,0.0,2.0,2.0,16.0,B01
201500030796,0,7,0,0.0,2.0,3.0,1.0,A01
201500030796,0,7,0,0.0,2.0,3.0,1.0,B01
201500030796,0,7,0,0.0,2.0,6.0,2.0,C01
201500030797,0,7,0,2.0,0.0,1.0,13.0,A01
201500030798,0,30,0,15.0,0.0,1.0,2.0,A01
201500030798,0,7,0,0.0,2.0,5.0,0.0,B01
201500030799,0,7,0,0.0,2.0,9.0,1.0,B01
201500030799,0,7,0,0.0,2.0,1.0,19.0,A01
201500030799,0,7,0,0.0,2.0,3.0,23.0,C01
201500030800,0,38,9,0.0,2.0,6.0,1.0,A01
201500030800,0,7,0,0.0,0.0,6.0,15.0,B01
201500030801,1,7,0,0.0,1.0,2.0,0.0,A01
201500030802,1,7,0,0.0,1.0,2.0,1.0,A01
201500030803,0,7,0,0.0,2.0,1.0,5.0,A01
201500030803,0,7,0,0.0,2.0,1.0,1.0,B01
201500030804,0,30,0,0.0,2.0,7.0,21.0,A01
201500030805,0,1,0,0.0,2.0,4.0,1.0,A01