Num_Acc,senc,catv,occutc,obs,obsm,choc,manv,num_veh
201500030805,1,7,0,0.0,0.0,0.0,0.0,Z01
201500030806,0,1,0,0.0,2.0,3.0,19.0,B01
201500030806,0,7,0,0.0,9.0,3.0,9.0,A01
201500030807,0,32,0,0.0,2.0,1.0,13.0,A01
201500030807,0,37,1,0.0,2.0,3.0,1.0,B01
201500030808,0,7,0,0.0,1.0,1.0,0.0,A01
201500030809,1,7,0,0.0,1.0,2.0,1.0,A01
201500030810,0,7,0,0.0,1.0,2.0,1.0,A01
201500030811,2,7,0,0.0,2.0,1.0,13.0,A01
201500030811,0,30,0,1.0,2.0,1.0,1.0,B01
201500030812,0,7,0,0.0,1.0,1.0,0.0,A01
201500030813,0,7,0,1.0,0.0,1.0,1.0,A01
201500030814,0,2,0,6.0,0.0,1.0,1.0,A01
201500030815,0,7,0,0.0,1.0,1.0,1.0,A01
201500030816,0,7,0,15.0,0.0,1.0,14.0,A01
201500030817,0,7,0,0.0,1.0,1.0,1.0,A01
201500030818,0,7,0,0.0,2.0,3.0,1.0,A01
201500030818,0,1,0,0.0,2.0,8.0,19.0,B01
201500030819,0,7,0,6.0,0.0,2.0,14.0,A01
201500030820,0,33,0,0.0,2.0,5.0,2.0,A01
201500030820,0,7,0,0.0,2.0,5.0,2.0,B01
201500030821,1,7,0,0.0,1.0,1.0,1.0,A01
201500030822,0,7,0,0.0,2.0,8.0,17.0,A01
201500030822,0,33,0,0.0,2.0,0.0,0.0,B01
201500030823,0,7,0,0.0,1.0,3.0,15.0,A01
201500030824,1,7,0,0.0,1.0,3.0,1.0,A01
201500030825,0,7,0,0.0,1.0,2.0,17.0,A01
201500030826,0,7,0,0.0,2.0,7.0,1.0,A01
201500030826,0,1,0,0.0,2.0,8.0,1.0,B01
201500030827,0,33,0,11.0,0.0,1.0,1.0,A01
201500030828,0,31,0,0.0,2.0,1.0,1.0,A01
201500030828,0,7,0,0.0,2.0,3.0,1.0,B01
201500030829,0,36,0,0.0,2.0,1.0,17.0,A01
201500030829,0,10,0,0.0,2.0,8.0,23.0,B01
201500030830,0,2,0,0.0,2.0,1.0,1.0,A01
201500030830,0,7,0,0.0,2.0,5.0,1.0,B01
201500030831,0,35,0,0.0,1.0,2.0,2.0,A01
201500030832,0,2,0,0.0,0.0,7.0,0.0,A01
201500030833,0,7,0,0.0,2.0,3.0,1.0,A01
201500030833,0,1,0,0.0,2.0,7.0,19.0,B01
201500030834,0,34,0,0.0,0.0,0.0,1.0,A01
201500030835,0,33,0,0.0,2.0,1.0,1.0,B01
201500030835,0,7,0,0.0,2.0,8.0,15.0,A01
201500030836,0,7,0,0.0,2.0,1.0,1.0,A01
201500030836,0,3,0,0.0,0.0,0.0,0.0,B01
201500030837,0,33,0,0.0,2.0,4.0,2.0,A01
201500030837,0,7,0,0.0,0.0,4.0,2.0,B01
201500030838,0,30,0,0.0,2.0,1.0,1.0,A01
201500030838,0,7,0,0.0,0.0,5.0,15.0,B01
201500030839,0,7,0,0.0,1.0,1.0,1.0,A01
201500030840,1,7,0,0.0,1.0,2.0,1.0,A01
201500030841,0,7,0,15.0,2.0,1.0,17.0,A01
201500030841,0,7,0,15.0,2.0,8.0,15.0,B01
201500030842,0,7,0,0.0,2.0,3.0,10.0,A01
201500030842,0,33,0,0.0,2.0,1.0,1.0,B01
201500030843,0,7,0,0.0,2.0,1.0,9.0,A01
201500030843,0,1,0,0.0,2.0,7.0,1.0,B01
201500030844,0,10,0,0.0,1.0,1.0,2.0,A01
201500030845,0,7,0,0.0,2.0,1.0,15.0,A01
201500030845,0,33,0,0.0,2.0,1.0,1.0,B01
201500030846,0,7,0,0.0,1.0,1.0,1.0,A01
201500030847,0,7,0,0.0,1.0,1.0,1.0,A01
201500030848,0,10,0,16.0,0.0,9.0,14.0,A01
201500030849,0,33,0,8.0,0.0,7.0,1.0,A01
201500030850,1,7,0,0.0,1.0,1.0,1.0,Z01
201500030851,0,7,0,0.0,2.0,8.0,1.0,B01
201500030851,0,30,0,0.0,2.0,1.0,1.0,A01
201500030852,0,7,0,0.0,1.0,1.0,1.0,A01
201500030853,0,7,0,0.0,1.0,1.0,1.0,A01
201500030854,0,7,0,0.0,1.0,2.0,1.0,A01
201500030855,0,7,0,0.0,1.0,3.0,15.0,A01
201500030856,0,7,0,0.0,1.0,2.0,1.0,A01
201500030857,0,7,0,0.0,1.0,2.0,1.0,A01
201500030858,0,7,0,0.0,1.0,1.0,15.0,A01
201500030859,0,30,0,0.0,9.0,1.0,13.0,A01
201500030859,0,1,0,0.0,0.0,0.0,0.0,B01
201500030860,0,7,0,0.0,1.0,2.0,1.0,A01
201500030861,0,7,0,0.0,2.0,1.0,15.0,A01
201500030861,0,7,0,0.0,2.0,1.0,0.0,B01
201500030862,0,31,0,0.0,1.0,1.0,0.0,A01
201500030863,0,2,0,0.0,0.0,0.0,0.0,A01
201500030864,0,7,0,0.0,2.0,7.0,15.0,A01
201500030865,0,7,0,0.0,0.0,3.0,0.0,A01
201500030865,2,2,0,0.0,0.0,0.0,0.0,B01
201500030866,0,33,0,6.0,0.0,1.0,13.0,A01
201500030867,0,7,0,0.0,2.0,5.0,1.0,A01
201500030867,0,7,0,0.0,2.0,1.0,0.0,B01
201500030868,0,7,0,3.0,0.0,2.0,13.0,A01
201500030868,0,7,0,0.0,2.0,1.0,1.0,B01
201500030868,0,7,0,0.0,2.0,3.0,1.0,C01
201500030869,0,7,0,15.0,1.0,2.0,1.0,A01
201500030870,0,7,0,0.0,2.0,7.0,15.0,A01
201500030870,0,2,0,0.0,2.0,1.0,1.0,B01
201500030871,0,7,0,0.0,2.0,1.0,2.0,A01
201500030871,0,7,0,0.0,2.0,1.0,2.0,B01
201500030871,0,7,0,0.0,2.0,4.0,2.0,C01
201500030872,0,31,0,0.0,2.0,7.0,17.0,A01
201500030872,0,2,0,0.0,2.0,8.0,15.0,B01
201500030873,0,7,0,0.0,2.0,2.0,15.0,A01
201500030873,0,30,0,0.0,2.0,1.0,2.0,B01
201500030874,0,7,0,0.0,2.0,1.0,1.0,A01
201500030874,0,7,0,0.0,1.0,4.0,23.0,B01
201500030875,0,33,0,0.0,2.0,4.0,2.0,A01
201500030875,0,7,0,0.0,0.0,4.0,2.0,B01
201500030876,0,7,0,0.0,1.0,2.0,1.0,A01
201500030877,0,2,0,0.0,2.0,8.0,13.0,A01
201500030877,0,7,0,0.0,2.0,3.0,1.0,B01
201500030878,0,7,0,0.0,2.0,2.0,5.0,A01
201500030878,0,2,0,0.0,2.0,1.0,1.0,B01
201500030879,0,2,0,0.0,2.0,2.0,17.0,A01
201500030879,0,7,0,0.0,2.0,8.0,15.0,B01
201500030880,0,30,0,0.0,2.0,3.0,1.0,A01
201500030880,1,7,0,0.0,2.0,0.0,1.0,Z01
201500030881,0,2,0,0.0,0.0,8.0,15.0,A01
201500030882,0,7,0,0.0,2.0,3.0,15.0,A01
201500030882,0,1,0,0.0,2.0,5.0,15.0,B01
201500030883,0,2,0,0.0,2.0,1.0,1.0,A01
201500030883,0,7,0,0.0,2.0,8.0,1.0,B01
201500030884,0,7,0,0.0,0.0,0.0,0.0,A01
201500030884,0,33,0,0.0,2.0,1.0,2.0,B01
201500030885,0,2,0,0.0,2.0,1.0,17.0,A01
201500030885,0,7,0,0.0,2.0,3.0,15.0,B01
201500030886,0,30,0,0.0,2.0,0.0,2.0,A01
201500030886,0,7,0,0.0,2.0,4.0,2.0,B01
201500030887,0,7,0,0.0,2.0,2.0,15.0,A01
201500030887,0,30,0,0.0,0.0,3.0,1.0,B01
201500030888,0,7,0,6.0,0.0,2.0,2.0,A01
201500030889,0,7,0,0.0,2.0,2.0,15.0,A01
201500030889,0,30,0,0.0,2.0,1.0,1.0,B01
201500030890,0,7,0,0.0,2.0,1.0,13.0,A01
201500030890,0,13,0,0.0,2.0,3.0,1.0,B01
201500030891,0,7,0,0.0,1.0,0.0,0.0,A01
201500030892,2,10,0,0.0,0.0,1.0,1.0,A01
201500030893,0,7,0,0.0,2.0,3.0,13.0,A01
201500030893,0,7,0,0.0,2.0,3.0,1.0,B01
201500030894,0,30,0,7.0,0.0,1.0,13.0,A01
201500030895,0,10,0,0.0,1.0,2.0,0.0,A01
201500030896,0,7,0,0.0,2.0,1.0,1.0,A01
201500030896,0,2,0,0.0,2.0,3.0,1.0,B01
201500030897,0,2,0,0.0,2.0,1.0,1.0,A01
201500030897,0,7,0,0.0,2.0,5.0,17.0,B01
201500030898,0,7,0,0.0,1.0,1.0,1.0,A01
201500030899,0,7,0,3.0,0.0,1.0,0.0,A01
201500030900,0,7,0,3.0,0.0,1.0,0.0,A01
201500030901,1,99,0,0.0,1.0,0.0,0.0,A01
201500030902,0,7,0,0.0,2.0,2.0,2.0,A01
201500030902,0,13,0,0.0,2.0,4.0,2.0,B01
201500030902,0,13,0,0.0,2.0,4.0,2.0,C01
201500030902,0,13,0,0.0,0.0,0.0,0.0,D01
201500030903,0,2,0,0.0,2.0,7.0,1.0,B01
201500030903,0,7,0,0.0,2.0,2.0,1.0,A01
201500030904,0,1,0,0.0,2.0,4.0,2.0,A01
201500030904,0,21,0,0.0,0.0,4.0,2.0,B01
201500030905,0,7,0,0.0,1.0,2.0,0.0,A01
201500030906,0,31,0,0.0,2.0,1.0,1.0,B01
201500030906,0,7,0,0.0,2.0,7.0,19.0,A01
201500030907,0,7,0,1.0,0.0,1.0,13.0,A01
201500030908,0,7,0,0.0,1.0,0.0,0.0,A01
201500030909,0,2,0,0.0,2.0,1.0,1.0,B01
201500030909,0,7,0,0.0,2.0,6.0,0.0,A01
201500030910,0,7,0,0.0,2.0,0.0,0.0,A01
201500030910,0,30,0,0.0,2.0,0.0,0.0,B01
201500030911,0,7,0,0.0,2.0,8.0,15.0,A01
201500030911,0,33,0,0.0,2.0,7.0,17.0,B01
201500030912,0,7,0,0.0,2.0,1.0,1.0,A01
201500030912,0,7,0,0.0,2.0,4.0,0.0,B01
201500030913,0,7,0,0.0,2.0,1.0,13.0,A01
201500030913,0,7,0,0.0,2.0,1.0,1.0,B01
201500030914,1,7,0,0.0,1.0,2.0,0.0,A01
201500030915,0,36,0,8.0,0.0,1.0,1.0,A01
201500030916,0,7,0,0.0,9.0,3.0,1.0,A01
201500030916,0,1,0,0.0,2.0,4.0,12.0,B01
201500030917,0,7,0,0.0,2.0,1.0,15.0,A01
201500030917,0,2,0,0.0,2.0,1.0,1.0,B01
201500030918,0,7,0,9.0,2.0,1.0,2.0,A01
201500030918,0,30,0,0.0,0.0,4.0,23.0,B01
201500030919,0,31,0,0.0,2.0,1.0,1.0,A01
201500030919,0,7,0,0.0,2.0,5.0,1.0,B01
201500030920,1,99,0,0.0,1.0,0.0,0.0,A01
201500030921,0,7,0,0.0,1.0,1.0,1.0,A01
201500030922,0,7,0,0.0,1.0,1.0,1.0,A01
201500030923,0,7,0,0.0,2.0,0.0,0.0,A01
201500030923,0,2,0,0.0,2.0,0.0,0.0,B01
201500030924,0,1,0,0.0,2.0,1.0,1.0,B01
201500030924,0,10,0,0.0,2.0,2.0,1.0,A01
201500030925,0,7,0,0.0,1.0,1.0,1.0,A01
201500030926,0,30,0,0.0,2.0,1.0,19.0,A01
201500030926,0,7,0,0.0,2.0,1.0,1.0,B01
201500030927,0,7,0,0.0,1.0,1.0,1.0,A01
201500030928,0,2,0,0.0,2.0,1.0,1.0,B01
201500030928,0,7,0,0.0,2.0,3.0,15.0,A01
201500030929,0,33,0,0.0,2.0,0.0,1.0,A01
201500030929,0,7,0,0.0,2.0,8.0,15.0,B01
201500030930,0,7,0,0.0,2.0,1.0,5.0,A01
201500030930,0,7,0,0.0,2.0,1.0,1.0,B01
201500030931,0,7,0,0.0,2.0,3.0,9.0,B01
201500030931,0,31,0,0.0,2.0,7.0,1.0,A01
201500030932,0,7,0,1.0,0.0,3.0,13.0,A01
201500030933,0,7,0,0.0,9.0,2.0,2.0,A01
201500030933,0,1,0,0.0,2.0,8.0,2.0,B01
201500030934,0,7,0,0.0,2.0,2.0,15.0,A01
201500030934,0,30,0,0.0,2.0,1.0,1.0,B01
201500030935,0,7,0,1.0,1.0,3.0,1.0,A01
201500030936,0,7,0,0.0,1.0,1.0,0.0,A01
201500030937,0,7,0,12.0,1.0,1.0,1.0,A01
201500030938,0,7,0,0.0,2.0,2.0,15.0,A01
201500030938,0,33,0,0.0,2.0,3.0,1.0,B01
201500030939,0,7,0,1.0,1.0,1.0,1.0,A01
201500030940,0,7,0,0.0,2.0,1.0,2.0,A01
201500030940,0,7,0,0.0,2.0,4.0,2.0,B01
201500030941,0,7,0,0.0,1.0,0.0,0.0,A01
201500030942,0,7,0,0.0,1.0,1.0,15.0,A01
201500030943,0,7,0,0.0,1.0,0.0,0.0,A01
201500030944,0,7,0,0.0,2.0,3.0,15.0,A01
201500030944,0,33,0,0.0,2.0,1.0,1.0,B01
201500030945,0,7,0,0.0,1.0,1.0,0.0,A01
201500030946,0,7,0,0.0,2.0,7.0,0.0,A01
201500030946,0,7,0,0.0,2.0,1.0,1.0,B01
201500030946,0,7,0,0.0,2.0,1.0,1.0,C01
201500030947,0,2,0,0.0,2.0,1.0,1.0,A01
201500030947,0,7,0,0.0,0.0,0.0,0.0,B01
201500030948,0,30,0,0.0,2.0,1.0,21.0,A01
201500030948,0,7,0,0.0,2.0,1.0,1.0,B01
201500030949,0,7,0,0.0,2.0,1.0,5.0,A01
201500030949,0,33,0,0.0,2.0,1.0,1.0,B01
201500030950,2,7,0,0.0,2.0,1.0,13.0,A01
201500030950,0,1,0,0.0,0.0,0.0,0.0,B01
201500030951,0,33,0,0.0,2.0,1.0,1.0,A01
201500030951,0,7,0,0.0,2.0,3.0,9.0,B01
201500030952,0,7,0,1.0,1.0,6.0,16.0,A01
201500030953,0,31,0,0.0,2.0,1.0,1.0,A01
201500030953,0,7,0,0.0,2.0,4.0,1.0,B01
201500030954,0,7,0,0.0,2.0,8.0,15.0,A01
201500030954,0,33,0,2.0,2.0,1.0,1.0,B01
201500030955,0,7,0,0.0,1.0,0.0,1.0,A01
201500030956,0,7,0,0.0,2.0,7.0,17.0,A01
201500030956,0,1,0,0.0,0.0,8.0,13.0,B01
201500030957,0,7,0,0.0,1.0,7.0,1.0,A01
201500030958,0,7,0,2.0,0.0,3.0,1.0,A01
201500030959,0,7,0,0.0,9.0,0.0,2.0,A01
201500030959,0,2,0,0.0,2.0,5.0,0.0,B01
201500030960,0,1,0,0.0,2.0,3.0,19.0,A01
201500030960,0,7,0,0.0,2.0,1.0,1.0,B01
201500030961,0,3,0,0.0,9.0,7.0,15.0,A01
201500030961,0,1,0,0.0,2.0,1.0,1.0,B01
201500030962,0,7,0,9.0,0.0,8.0,21.0,A01
201500030963,0,7,0,0.0,0.0,0.0,0.0,A01
201500030963,0,7,0,0.0,0.0,0.0,0.0,B01
201500030964,0,7,0,0.0,2.0,1.0,2.0,A01
201500030964,0,1,0,0.0,2.0,1.0,19.0,B01
201500030965,0,36,0,0.0,2.0,1.0,1.0,A01
201500030965,0,7,0,0.0,2.0,4.0,23.0,B01
201500030966,0,30,0,0.0,2.0,1.0,9.0,A01
201500030966,0,7,0,0.0,2.0,2.0,1.0,B01
201500030967,0,2,0,0.0,2.0,1.0,1.0,A01
201500030967,0,7,0,0.0,2.0,4.0,1.0,B01
201500030968,0,7,0,0.0,2.0,3.0,19.0,A01
201500030968,0,3,0,0.0,2.0,1.0,1.0,B01
201500030969,0,7,0,0.0,2.0,1.0,1.0,A01
201500030969,0,7,0,0.0,2.0,2.0,15.0,B01
201500030970,0,33,0,0.0,2.0,4.0,16.0,A01
201500030970,0,10,0,0.0,2.0,1.0,1.0,B01
201500030971,0,7,0,0.0,1.0,7.0,1.0,A01
201500030972,0,7,0,0.0,1.0,1.0,1.0,A01
201500030973,0,7,0,0.0,1.0,0.0,0.0,A01
201500030974,0,7,0,0.0,2.0,1.0,9.0,A01
201500030974,0,7,0,0.0,2.0,7.0,1.0,B01
201500030975,0,7,0,0.0,1.0,4.0,4.0,A01
201500030976,0,7,0,0.0,2.0,1.0,2.0,A01
201500030976,0,7,0,0.0,2.0,8.0,23.0,B01
201500030976,0,7,0,0.0,2.0,4.0,2.0,C01
201500030976,0,7,0,0.0,2.0,4.0,1.0,D01
201500030976,0,7,0,0.0,2.0,4.0,2.0,E01
201500030977,0,7,0,0.0,1.0,1.0,1.0,A01
201500030978,0,99,0,0.0,2.0,3.0,1.0,B01
201500030978,0,7,0,0.0,2.0,1.0,1.0,A01
201500030979,2,1,0,0.0,1.0,1.0,0.0,Z01
201500030980,0,7,0,0.0,2.0,5.0,0.0,A01
201500030980,0,33,0,0.0,2.0,1.0,1.0,B01
201500030980,0,7,0,0.0,2.0,8.0,0.0,C01
201500030981,0,7,0,0.0,2.0,2.0,15.0,A01
201500030981,0,7,0,0.0,2.0,3.0,1.0,B01
201500030982,0,7,0,0.0,2.0,0.0,0.0,A01
201500030982,0,10,0,0.0,2.0,0.0,0.0,B01
201500030982,0,7,0,0.0,2.0,0.0,0.0,C01
201500030982,0,7,0,0.0,2.0,0.0,0.0,D01
201500030983,0,7,0,0.0,1.0,0.0,0.0,A01
201500030984,0,30,0,0.0,2.0,2.0,5.0,A01
201500030984,0,7,0,0.0,2.0,2.0,1.0,B01
201500030985,0,10,0,1.0,2.0,1.0,5.0,A01
201500030985,0,7,0,0.0,2.0,1.0,1.0,B01
201500030986,2,7,0,0.0,2.0,8.0,15.0,A01
201500030986,0,7,0,0.0,2.0,2.0,17.0,B01
201500030987,0,7,0,0.0,2.0,2.0,1.0,A01
201500030987,0,7,0,1.0,2.0,8.0,1.0,B01
201500030988,0,7,0,9.0,2.0,6.0,9.0,A01
201500030988,0,1,0,9.0,2.0,6.0,2.0,B01
201500030989,0,7,0,9.0,0.0,6.0,10.0,A01
201500030989,0,7,0,9.0,2.0,1.0,2.0,B01
201500030990,0,7,0,0.0,1.0,1.0,13.0,A01
201500030991,0,7,0,0.0,2.0,1.0,9.0,A01
201500030991,0,33,0,0.0,0.0,0.0,0.0,B01
201500030992,0,7,0,0.0,2.0,1.0,16.0,B01
201500030992,0,7,0,0.0,2.0,1.0,13.0,A01
201500030993,0,7,0,0.0,2.0,1.0,1.0,A01
201500030993,0,7,0,0.0,2.0,6.0,1.0,B01
201500030994,0,7,0,0.0,1.0,0.0,1.0,A01
201500030995,0,7,0,0.0,2.0,1.0,1.0,B01
201500030995,0,7,0,0.0,2.0,8.0,1.0,A01
201500030996,0,7,0,9.0,1.0,1.0,15.0,A01
201500030997,0,7,0,0.0,2.0,1.0,5.0,A01
201500030997,0,7,0,0.0,2.0,3.0,1.0,B01
201500030998,0,7,0,0.0,1.0,2.0,1.0,A01
201500030999,0,10,0,0.0,1.0,2.0,1.0,A01
201500031000,0,7,0,0.0,1.0,8.0,1.0,A01
201500031001,0,7,0,0.0,1.0,3.0,1.0,A01
201500031002,0,7,0,0.0,2.0,3.0,1.0,A01
201500031002,0,1,0,0.0,2.0,7.0,1.0,B01
201500031003,0,30,0,1.0,0.0,1.0,14.0,A01
201500031004,0,7,0,0.0,2.0,0.0,0.0,A01
201500031004,0,30,0,0.0,2.0,1.0,1.0,B01
201500031005,0,30,0,0.0,0.0,2.0,2.0,A01
201500031005,0,7,0,0.0,0.0,0.0,2.0,B01
201500031006,0,30,0,0.0,2.0,1.0,2.0,B01
201500031006,0,7,0,0.0,0.0,3.0,19.0,A01
201500031007,0,7,0,0.0,0.0,0.0,24.0,A01
201500031007,0,7,0,1.0,0.0,9.0,21.0,B01
201500031008,0,7,0,0.0,1.0,0.0,0.0,A01
201500031009,0,7,0,8.0,0.0,0.0,0.0,A01
201500031010,0,7,0,0.0,1.0,1.0,1.0,A01
201500031011,0,7,0,0.0,2.0,1.0,9.0,A01
201500031011,0,7,0,0.0,2.0,4.0,1.0,B01
201500031011,0,30,0,0.0,2.0,4.0,1.0,C01
201500031012,0,2,0,1.0,0.0,0.0,5.0,A01
201500031013,0,7,0,2.0,0.0,8.0,1.0,A01
201500031014,0,33,0,8.0,2.0,8.0,17.0,A01
201500031014,0,7,0,0.0,2.0,7.0,1.0,B01
201500031015,0,2,0,0.0,1.0,1.0,1.0,A01
201500031016,0,7,0,0.0,2.0,1.0,1.0,A01
201500031016,0,1,0,0.0,2.0,3.0,19.0,B01
201500031017,0,7,0,0.0,9.0,2.0,13.0,A01
201500031017,0,1,0,0.0,2.0,7.0,2.0,B01
201500031018,0,7,0,0.0,2.0,8.0,15.0,A01
201500031018,0,7,0,0.0,2.0,1.0,1.0,B01
201500031019,0,7,0,0.0,2.0,3.0,15.0,A01
201500031019,0,30,0,0.0,2.0,1.0,1.0,B01
201500031020,1,10,0,0.0,1.0,0.0,0.0,Z01
201500031021,0,10,0,0.0,2.0,1.0,1.0,A01
201500031021,0,7,0,0.0,2.0,1.0,1.0,B01
201500031022,0,10,0,0.0,2.0,7.0,15.0,A01
201500031022,0,33,0,0.0,2.0,8.0,1.0,B01
201500031023,0,7,0,0.0,1.0,1.0,0.0,A01
201500031024,0,7,0,14.0,2.0,1.0,2.0,A01
201500031024,0,3,0,0.0,0.0,4.0,23.0,B01
201500031025,0,7,0,0.0,2.0,1.0,14.0,A01
201500031025,0,7,0,0.0,2.0,4.0,1.0,B01
201500031025,1,7,0,0.0,0.0,4.0,1.0,Z01
201500031026,0,7,0,1.0,1.0,1.0,1.0,A01
201500031027,0,7,0,2.0,2.0,1.0,1.0,A01
201500031027,0,7,0,0.0,2.0,4.0,0.0,B01
201500031028,0,7,0,0.0,2.0,1.0,2.0,A01
201500031028,0,7,0,0.0,2.0,8.0,1.0,B01
201500031029,0,7,0,0.0,1.0,1.0,1.0,A01
201500031030,0,7,0,0.0,1.0,1.0,1.0,A01
201500031031,0,7,0,0.0,2.0,1.0,1.0,A01
201500031031,0,1,0,0.0,2.0,1.0,5.0,B01
201500031032,0,7,0,1.0,2.0,3.0,1.0,A01
201500031032,0,7,0,1.0,1.0,1.0,24.0,B01
201500031033,0,7,0,0.0,2.0,6.0,1.0,B01
201500031033,0,2,0,0.0,2.0,1.0,9.0,A01
201500031034,0,33,0,0.0,2.0,1.0,21.0,B01
201500031034,0,7,0,0.0,2.0,6.0,15.0,A01
201500031035,0,7,0,1.0,1.0,1.0,17.0,A01
201500031036,0,7,0,9.0,2.0,1.0,1.0,A01
201500031036,0,7,0,0.0,2.0,1.0,13.0,B01
201500031037,0,7,0,0.0,2.0,1.0,2.0,A01
201500031037,0,7,0,0.0,2.0,3.0,15.0,B01
201500031038,0,15,0,0.0,2.0,1.0,1.0,B01
201500031038,0,7,0,0.0,2.0,8.0,19.0,A01
201500031039,0,7,0,0.0,1.0,1.0,1.0,A01
201500031040,0,7,0,0.0,1.0,2.0,1.0,A01
201500031041,0,7,0,0.0,1.0,2.0,1.0,A01
201500031042,0,7,0,0.0,1.0,0.0,0.0,A01
201500031043,0,7,0,0.0,1.0,1.0,1.0,A01
201500031043,0,7,0,0.0,1.0,1.0,1.0,B01
201500031044,0,7,0,0.0,2.0,1.0,15.0,A01
201500031044,0,7,0,0.0,2.0,1.0,2.0,B01
201500031045,0,7,0,0.0,2.0,5.0,15.0,A01
201500031045,0,7,0,0.0,2.0,1.0,1.0,B01
201500031046,0,7,0,0.0,0.0,1.0,16.0,A01
201500031047,0,7,0,0.0,2.0,1.0,1.0,A01
201500031047,0,7,0,0.0,2.0,1.0,1.0,B01
201500031048,0,7,0,0.0,1.0,2.0,1.0,A01
201500031049,0,7,0,0.0,2.0,9.0,17.0,A01
201500031049,0,7,0,0.0,2.0,0.0,1.0,B01
201500031050,0,7,0,0.0,1.0,1.0,1.0,A01
201500031051,0,7,0,0.0,2.0,2.0,15.0,A01
201500031051,0,1,0,0.0,2.0,1.0,1.0,B01
201500031052,0,7,0,2.0,0.0,9.0,1.0,A01
201500031053,0,7,0,0.0,2.0,0.0,15.0,A01
201500031053,0,7,0,0.0,2.0,1.0,1.0,B01
201500031054,0,7,0,0.0,2.0,3.0,9.0,A01
201500031054,0,1,0,0.0,2.0,1.0,1.0,B01
201500031055,0,7,0,0.0,0.0,0.0,0.0,A01
201500031055,0,1,0,0.0,0.0,0.0,0.0,B01
201500031056,0,7,0,0.0,1.0,7.0,1.0,A01
201500031057,0,38,3,0.0,2.0,2.0,2.0,A01
201500031057,0,7,0,0.0,0.0,6.0,2.0,B01
201500031058,0,33,0,14.0,2.0,1.0,6.0,A01
201500031058,0,7,0,0.0,2.0,3.0,5.0,B01
201500031058,0,38,3,0.0,2.0,3.0,5.0,C01
201500031059,0,7,0,0.0,2.0,0.0,13.0,A01
201500031059,0,14,0,0.0,2.0,8.0,0.0,B01
201500031060,0,7,0,0.0,1.0,3.0,1.0,A01
201500031061,0,7,0,8.0,0.0,3.0,13.0,A01
201500031062,0,10,0,0.0,1.0,1.0,1.0,A01
201500031063,0,7,0,13.0,0.0,2.0,1.0,A01
201500031064,0,3,0,0.0,0.0,0.0,0.0,B01
201500031064,0,7,0,0.0,0.0,0.0,0.0,A01
201500031065,0,33,0,0.0,0.0,2.0,1.0,A01
201500031066,0,10,0,0.0,2.0,5.0,17.0,A01
201500031066,0,1,0,0.0,2.0,3.0,13.0,B01
201500031067,0,7,0,0.0,2.0,3.0,9.0,A01
201500031067,0,33,0,0.0,2.0,7.0,1.0,B01
201500031068,0,7,0,0.0,2.0,0.0,0.0,A01
201500031068,0,1,0,1.0,0.0,0.0,0.0,B01
201500031069,0,7,0,0.0,2.0,9.0,2.0,A01
201500031069,0,7,0,0.0,2.0,6.0,23.0,B01
201500031069,0,10,0,0.0,2.0,1.0,0.0,C01
201500031070,0,7,0,0.0,1.0,3.0,1.0,A01
201500031071,0,7,0,0.0,0.0,0.0,0.0,B01
201500031071,0,7,0,0.0,2.0,0.0,0.0,A01
201500031072,1,7,0,0.0,1.0,0.0,0.0,A01
201500031073,0,7,0,0.0,2.0,2.0,21.0,A01
201500031073,0,7,0,0.0,2.0,2.0,0.0,B01
201500031074,0,7,0,0.0,1.0,7.0,1.0,A01
201500031075,0,17,0,1.0,1.0,5.0,0.0,A01
201500031076,0,7,0,0.0,1.0,3.0,1.0,A01
201500031077,0,7,0,0.0,1.0,1.0,1.0,A01
201500031078,0,7,0,0.0,2.0,1.0,2.0,A01
201500031078,0,7,0,0.0,2.0,6.0,2.0,B01
201500031078,0,7,0,0.0,2.0,4.0,2.0,C01
201500031078,0,7,0,0.0,2.0,4.0,2.0,D01
201500031079,0,37,1,0.0,1.0,2.0,1.0,A01
201500031080,0,7,0,0.0,1.0,8.0,2.0,A01
201500031081,0,7,0,0.0,1.0,1.0,1.0,A01
201500031082,0,7,0,0.0,1.0,6.0,1.0,A01
201500031083,0,7,0,0.0,2.0,1.0,13.0,A01
201500031083,0,7,0,0.0,2.0,1.0,21.0,B01
201500031084,0,33,0,0.0,2.0,1.0,1.0,B01
201500031084,0,17,0,0.0,2.0,6.0,19.0,A01
201500031085,0,7,0,0.0,2.0,1.0,1.0,A01
201500031085,0,7,0,0.0,2.0,3.0,15.0,B01
201500031086,0,7,0,0.0,1.0,1.0,2.0,A01
201500031087,0,34,0,0.0,0.0,7.0,15.0,A01
201500031088,0,7,0,0.0,2.0,1.0,1.0,A01
201500031088,0,7,0,0.0,2.0,7.0,1.0,B01
201500031089,0,2,0,0.0,2.0,1.0,2.0,A01
201500031089,0,7,0,0.0,2.0,3.0,20.0,B01
201500031090,0,7,0,2.0,0.0,6.0,14.0,A01
201500031091,0,7,0,0.0,0.0,0.0,0.0,B01
201500031091,0,30,0,0.0,0.0,1.0,2.0,C01
201500031092,0,7,0,2.0,0.0,8.0,13.0,A01
201500031093,0,7,0,0.0,1.0,4.0,4.0,A01
201500031094,0,7,0,0.0,2.0,3.0,15.0,A01