Num_Acc,senc,catv,occutc,obs,obsm,choc,manv,num_veh
201500031094,0,1,0,0.0,2.0,1.0,2.0,B01
201500031095,0,1,0,0.0,0.0,1.0,1.0,A01
201500031096,0,33,0,0.0,2.0,7.0,12.0,A01
201500031096,0,7,0,0.0,9.0,3.0,0.0,B01
201500031097,0,7,0,2.0,0.0,1.0,2.0,A01
201500031098,0,7,0,0.0,2.0,2.0,1.0,B01
201500031098,0,7,0,0.0,2.0,2.0,1.0,A01
201500031099,0,30,0,1.0,0.0,9.0,15.0,A01
201500031100,0,7,0,0.0,0.0,0.0,0.0,A01
201500031100,0,14,0,0.0,0.0,0.0,0.0,B01
201500031101,1,2,0,2.0,0.0,1.0,13.0,A01
201500031102,0,7,0,0.0,1.0,0.0,0.0,A01
201500031103,0,7,0,0.0,1.0,2.0,1.0,A01
201500031104,0,33,0,0.0,2.0,7.0,1.0,B01
201500031104,0,7,0,0.0,2.0,6.0,4.0,A01
201500031105,0,1,0,0.0,2.0,1.0,1.0,A01
201500031105,0,7,0,0.0,2.0,5.0,16.0,B01
201500031106,0,7,0,0.0,2.0,3.0,15.0,A01
201500031106,0,2,0,0.0,2.0,0.0,1.0,B01
201500031107,0,33,0,1.0,2.0,4.0,1.0,B01
201500031107,0,33,0,0.0,2.0,4.0,1.0,C01
201500031107,0,7,0,0.0,2.0,3.0,1.0,D01
201500031107,2,34,0,0.0,2.0,1.0,0.0,Z01
201500031108,0,7,0,14.0,1.0,1.0,1.0,A01
201500031109,0,7,0,0.0,2.0,3.0,1.0,B01
201500031109,2,10,0,0.0,2.0,2.0,1.0,A01
201500031110,0,7,0,0.0,2.0,3.0,0.0,A01
201500031110,0,7,0,0.0,0.0,3.0,15.0,B01
201500031111,0,7,0,0.0,2.0,5.0,15.0,A01
201500031111,0,33,0,0.0,2.0,1.0,1.0,B01
201500031112,0,7,0,0.0,2.0,3.0,15.0,A01
201500031112,0,7,0,0.0,2.0,1.0,1.0,B01
201500031113,0,32,0,0.0,2.0,2.0,1.0,B01
201500031113,0,7,0,0.0,2.0,3.0,15.0,A01
201500031114,0,7,0,0.0,1.0,1.0,1.0,A01
201500031115,0,34,0,0.0,2.0,7.0,0.0,B01
201500031115,0,7,0,0.0,2.0,1.0,19.0,A01
201500031116,0,7,0,0.0,2.0,1.0,1.0,A01
201500031116,0,7,0,0.0,2.0,3.0,1.0,B01
201500031117,0,1,0,0.0,0.0,0.0,0.0,A01
201500031117,0,40,0,0.0,2.0,0.0,0.0,B01
201500031118,0,7,0,0.0,2.0,2.0,15.0,A01
201500031118,0,32,0,0.0,2.0,1.0,1.0,B01
201500031119,0,7,0,0.0,1.0,4.0,1.0,A01
201500031119,0,7,0,0.0,2.0,1.0,1.0,B01
201500031120,0,7,0,0.0,2.0,1.0,19.0,A01
201500031120,0,7,0,8.0,2.0,6.0,1.0,B01
201500031121,0,7,0,0.0,2.0,1.0,1.0,A01
201500031121,0,7,0,0.0,2.0,8.0,1.0,B01
201500031122,0,33,0,0.0,2.0,7.0,1.0,B01
201500031122,0,7,0,0.0,2.0,3.0,19.0,A01
201500031123,0,7,0,0.0,2.0,2.0,16.0,A01
201500031123,0,1,0,0.0,2.0,5.0,19.0,B01
201500031124,0,7,0,0.0,1.0,1.0,15.0,A01
201500031125,0,7,0,0.0,2.0,3.0,1.0,A01
201500031125,0,30,0,0.0,2.0,1.0,15.0,B01
201500031126,0,30,0,0.0,2.0,7.0,15.0,A01
201500031126,0,33,0,0.0,2.0,1.0,1.0,B01
201500031127,0,7,0,0.0,2.0,2.0,15.0,A01
201500031127,0,31,0,0.0,2.0,1.0,1.0,B01
201500031128,1,7,0,0.0,2.0,5.0,19.0,Z01
201500031128,0,33,0,0.0,2.0,1.0,1.0,A01
201500031129,0,30,0,0.0,2.0,1.0,1.0,A01
201500031129,1,7,0,0.0,0.0,0.0,0.0,Z01
201500031130,0,7,0,0.0,2.0,3.0,15.0,B01
201500031130,0,33,0,0.0,2.0,0.0,17.0,A01
201500031131,0,7,0,0.0,2.0,1.0,13.0,A01
201500031131,0,7,0,0.0,2.0,1.0,1.0,B01
201500031132,0,32,0,0.0,2.0,1.0,1.0,B01
201500031132,0,10,0,0.0,2.0,1.0,15.0,A01
201500031133,0,33,0,0.0,2.0,1.0,1.0,B01
201500031133,0,7,0,0.0,2.0,8.0,9.0,A01
201500031134,0,7,0,0.0,2.0,8.0,15.0,A01
201500031134,0,33,0,0.0,2.0,1.0,1.0,B01
201500031135,0,30,0,0.0,1.0,0.0,0.0,A01
201500031136,0,7,0,0.0,2.0,4.0,1.0,A01
201500031136,0,33,0,0.0,2.0,3.0,2.0,B01
201500031137,0,7,0,0.0,1.0,2.0,16.0,A01
201500031138,0,7,0,0.0,1.0,0.0,0.0,A01
201500031139,0,7,0,0.0,1.0,3.0,1.0,A01
201500031140,2,7,0,0.0,2.0,2.0,1.0,Z01
201500031140,0,7,0,0.0,2.0,3.0,15.0,B01
201500031141,0,32,0,0.0,2.0,1.0,1.0,B01
201500031141,0,7,0,0.0,2.0,3.0,15.0,A01
201500031142,0,7,0,0.0,2.0,4.0,1.0,B01
201500031142,0,7,0,0.0,2.0,1.0,1.0,A01
201500031143,0,2,0,0.0,2.0,1.0,1.0,A01
201500031143,0,7,0,0.0,2.0,7.0,1.0,B01
201500031144,0,7,0,2.0,0.0,1.0,1.0,A01
201500031145,0,7,0,0.0,1.0,2.0,1.0,A01
201500031146,0,7,0,0.0,2.0,1.0,13.0,A01
201500031146,0,37,1,0.0,2.0,1.0,1.0,B01
201500031147,0,7,0,0.0,1.0,1.0,1.0,A01
201500031148,0,37,1,0.0,1.0,0.0,0.0,A01
201500031149,0,7,0,0.0,1.0,1.0,1.0,A01
201500031150,0,10,0,0.0,1.0,0.0,4.0,A01
201500031151,0,7,0,0.0,1.0,5.0,4.0,A01
201500031152,0,7,0,0.0,2.0,2.0,17.0,A01
201500031152,0,30,0,0.0,2.0,8.0,13.0,B01
201500031153,0,7,0,0.0,1.0,2.0,4.0,A01
201500031154,0,33,0,0.0,2.0,1.0,1.0,B01
201500031154,0,7,0,0.0,2.0,2.0,15.0,A01
201500031155,0,7,0,6.0,0.0,1.0,1.0,A01
201500031156,0,7,0,0.0,2.0,3.0,9.0,A01
201500031156,0,2,0,0.0,2.0,1.0,1.0,B01
201500031157,0,7,0,0.0,2.0,1.0,2.0,A01
201500031157,0,7,0,0.0,2.0,4.0,15.0,B01
201500031158,0,33,0,0.0,2.0,8.0,1.0,A01
201500031158,0,7,0,0.0,2.0,3.0,1.0,B01
201500031159,0,7,0,0.0,1.0,3.0,1.0,A01
201500031160,0,30,0,0.0,2.0,1.0,2.0,A01
201500031160,0,7,0,0.0,2.0,8.0,13.0,B01
201500031161,0,1,0,0.0,1.0,0.0,0.0,A01
201500031162,0,2,0,11.0,0.0,1.0,0.0,A01
201500031163,0,7,0,0.0,2.0,3.0,1.0,B01
201500031163,0,7,0,0.0,2.0,1.0,1.0,A01
201500031164,0,1,0,0.0,0.0,0.0,0.0,A01
201500031164,0,7,0,0.0,0.0,0.0,0.0,B01
201500031165,0,7,0,0.0,1.0,1.0,1.0,A01
201500031166,0,20,0,0.0,0.0,6.0,11.0,B01
201500031166,0,7,0,0.0,2.0,5.0,0.0,A01
201500031167,0,10,0,0.0,0.0,0.0,0.0,B01
201500031167,0,10,0,0.0,0.0,0.0,0.0,A01
201500031168,0,7,0,0.0,1.0,0.0,1.0,A01
201500031169,0,7,0,0.0,2.0,7.0,15.0,B01
201500031169,0,31,0,0.0,2.0,7.0,15.0,A01
201500031170,0,2,0,0.0,0.0,0.0,0.0,B01
201500031170,0,7,0,0.0,0.0,0.0,0.0,A01
201500031171,0,7,0,0.0,2.0,6.0,0.0,A01
201500031171,0,1,0,0.0,2.0,0.0,0.0,B01
201500031172,0,7,0,0.0,2.0,1.0,1.0,A01
201500031172,0,16,0,0.0,0.0,0.0,0.0,B01
201500031173,0,7,0,0.0,1.0,2.0,1.0,A01
201500031174,0,33,0,0.0,2.0,1.0,17.0,A01
201500031174,0,7,0,0.0,2.0,3.0,0.0,B01
201500031175,0,7,0,0.0,2.0,6.0,0.0,B01
201500031175,0,30,0,0.0,2.0,1.0,1.0,A01
201500031176,0,7,0,0.0,1.0,2.0,1.0,A01
201500031177,0,30,0,1.0,0.0,1.0,1.0,A01
201500031178,0,33,0,11.0,2.0,7.0,1.0,B01
201500031178,0,7,0,0.0,2.0,1.0,19.0,A01
201500031179,0,7,0,0.0,2.0,3.0,13.0,A01
201500031179,0,14,0,0.0,2.0,3.0,1.0,B01
201500031180,0,7,0,2.0,0.0,1.0,6.0,A01
201500031181,0,7,0,0.0,2.0,3.0,19.0,A01
201500031181,0,7,0,0.0,2.0,3.0,1.0,B01
201500031182,0,30,0,0.0,2.0,8.0,1.0,A01
201500031182,0,7,0,0.0,2.0,1.0,1.0,B01
201500031183,0,34,0,0.0,2.0,1.0,1.0,B01
201500031183,0,7,0,0.0,2.0,2.0,15.0,A01
201500031184,0,7,0,0.0,2.0,2.0,15.0,A01
201500031184,0,2,0,0.0,2.0,1.0,0.0,B01
201500031185,0,31,0,0.0,2.0,1.0,1.0,B01
201500031185,0,7,0,0.0,2.0,7.0,19.0,A01
201500031186,0,7,0,0.0,1.0,0.0,0.0,A01
201500031187,0,1,0,0.0,2.0,1.0,1.0,B01
201500031187,0,7,0,0.0,2.0,7.0,19.0,A01
201500031188,0,7,0,6.0,0.0,1.0,19.0,A01
201500031189,0,15,0,0.0,2.0,2.0,14.0,A01
201500031189,0,7,0,0.0,2.0,9.0,1.0,B01
201500031190,0,2,0,0.0,2.0,8.0,1.0,B01
201500031190,0,7,0,0.0,2.0,1.0,1.0,A01
201500031191,2,10,0,0.0,2.0,1.0,1.0,B01
201500031191,0,7,0,0.0,2.0,2.0,13.0,A01
201500031192,0,30,0,0.0,2.0,7.0,1.0,B01
201500031192,0,7,0,0.0,2.0,1.0,19.0,A01
201500031193,0,1,0,0.0,0.0,8.0,1.0,B01
201500031193,0,7,0,0.0,2.0,1.0,19.0,A01
201500031194,0,31,0,0.0,2.0,1.0,1.0,B01
201500031194,0,7,0,0.0,2.0,8.0,15.0,A01
201500031195,0,31,0,0.0,2.0,1.0,18.0,A01
201500031195,0,7,0,0.0,2.0,2.0,16.0,B01
201500031196,0,7,0,1.0,0.0,1.0,1.0,A01
201500031197,0,7,0,0.0,1.0,1.0,1.0,A01
201500031198,0,2,0,0.0,0.0,1.0,1.0,A01
201500031199,0,2,0,0.0,2.0,1.0,1.0,B01
201500031199,0,7,0,0.0,2.0,8.0,9.0,A01
201500031200,0,33,0,0.0,2.0,1.0,1.0,B01
201500031200,0,7,0,0.0,2.0,3.0,15.0,A01
201500031201,0,32,0,0.0,2.0,1.0,2.0,A01
201500031201,0,7,0,0.0,2.0,5.0,2.0,B01
201500031202,0,1,0,0.0,2.0,4.0,1.0,B01
201500031202,0,7,0,0.0,2.0,8.0,9.0,A01
201500031203,0,2,0,0.0,2.0,7.0,1.0,B01
201500031203,0,7,0,0.0,2.0,1.0,19.0,A01
201500031204,0,37,25,0.0,2.0,4.0,23.0,B01
201500031204,0,7,0,0.0,2.0,1.0,2.0,A01
201500031205,0,7,0,12.0,0.0,1.0,1.0,A01
201500031206,0,30,0,0.0,2.0,3.0,7.0,A01
201500031206,0,7,0,0.0,2.0,2.0,16.0,B01
201500031207,0,7,0,0.0,2.0,6.0,1.0,B01
201500031207,0,2,0,0.0,2.0,2.0,14.0,A01
201500031208,0,30,0,0.0,2.0,1.0,1.0,B01
201500031208,0,7,0,0.0,2.0,7.0,15.0,A01
201500031209,0,32,0,14.0,0.0,1.0,1.0,A01
201500031210,0,7,0,0.0,0.0,3.0,1.0,B01
201500031210,0,7,0,0.0,2.0,1.0,5.0,A01
201500031211,0,2,0,0.0,2.0,1.0,1.0,A01
201500031211,0,7,0,0.0,2.0,7.0,1.0,B01
201500031212,0,99,0,0.0,1.0,3.0,1.0,A01
201500031213,0,3,0,11.0,0.0,1.0,0.0,A01
201500031214,0,30,0,0.0,2.0,1.0,1.0,A01
201500031214,0,7,0,0.0,2.0,3.0,1.0,B01
201500031215,0,2,0,0.0,2.0,3.0,9.0,A01
201500031215,0,33,0,0.0,2.0,1.0,21.0,B01
201500031216,0,7,0,12.0,0.0,1.0,6.0,A01
201500031217,0,7,0,0.0,1.0,2.0,1.0,A01
201500031218,0,7,0,0.0,1.0,1.0,13.0,A01
201500031219,0,31,0,0.0,2.0,7.0,17.0,B01
201500031219,0,7,0,0.0,2.0,2.0,15.0,A01
201500031220,0,2,0,0.0,2.0,1.0,1.0,B01
201500031220,0,7,0,0.0,2.0,3.0,15.0,A01
201500031221,0,7,0,0.0,2.0,7.0,0.0,B01
201500031221,0,2,0,0.0,2.0,1.0,1.0,A01
201500031222,0,7,0,0.0,1.0,1.0,15.0,A01
201500031223,0,7,0,0.0,2.0,1.0,15.0,A01
201500031223,0,7,0,0.0,2.0,3.0,1.0,B01
201500031224,0,7,0,0.0,1.0,3.0,1.0,A01
201500031225,0,7,0,0.0,1.0,8.0,15.0,A01
201500031226,0,33,0,0.0,2.0,8.0,9.0,A01
201500031226,0,7,0,0.0,2.0,2.0,1.0,B01
201500031227,0,7,0,0.0,2.0,1.0,9.0,A01
201500031227,0,7,0,0.0,2.0,0.0,0.0,B01
201500031228,0,2,0,0.0,2.0,1.0,15.0,A01
201500031228,0,7,0,0.0,2.0,6.0,15.0,B01
201500031229,0,2,0,0.0,0.0,0.0,0.0,A01
201500031230,0,7,0,0.0,1.0,4.0,4.0,A01
201500031231,0,30,0,0.0,2.0,1.0,17.0,A01
201500031231,0,7,0,0.0,2.0,1.0,1.0,B01
201500031232,0,7,0,0.0,0.0,4.0,15.0,B01
201500031232,0,2,0,0.0,2.0,1.0,2.0,A01
201500031233,0,33,0,0.0,2.0,8.0,3.0,A01
201500031233,0,7,0,0.0,2.0,8.0,1.0,C01
201500031233,0,7,0,0.0,2.0,7.0,1.0,B01
201500031234,0,7,0,8.0,0.0,2.0,14.0,A01
201500031235,0,2,0,12.0,0.0,1.0,1.0,A01
201500031236,1,99,0,0.0,1.0,1.0,0.0,Z01
201500031237,0,7,0,0.0,2.0,2.0,16.0,B01
201500031237,0,2,0,0.0,2.0,1.0,1.0,A01
201500031238,0,7,0,0.0,2.0,4.0,2.0,B01
201500031238,0,7,0,0.0,2.0,1.0,3.0,A01
201500031238,0,7,0,0.0,2.0,4.0,2.0,C01
201500031239,0,7,0,0.0,2.0,3.0,10.0,A01
201500031239,0,7,0,0.0,2.0,2.0,1.0,B01
201500031240,0,10,0,0.0,1.0,4.0,4.0,A01
201500031241,0,33,0,0.0,2.0,9.0,21.0,A01
201500031241,0,7,0,0.0,2.0,1.0,23.0,B01
201500031242,0,7,0,0.0,2.0,3.0,10.0,A01
201500031242,0,30,0,0.0,2.0,1.0,15.0,B01
201500031243,0,2,0,0.0,0.0,7.0,1.0,A01
201500031244,0,7,0,0.0,1.0,2.0,1.0,A01
201500031245,0,7,0,0.0,2.0,7.0,19.0,A01
201500031245,0,32,0,0.0,2.0,1.0,1.0,B01
201500031246,0,7,0,0.0,2.0,1.0,2.0,A01
201500031246,0,7,0,0.0,2.0,4.0,2.0,B01
201500031246,0,33,0,0.0,2.0,1.0,17.0,C01
201500031246,0,7,0,0.0,2.0,3.0,0.0,D01
201500031247,0,1,0,0.0,2.0,3.0,13.0,A01
201500031247,0,1,0,0.0,2.0,3.0,21.0,B01
201500031248,0,1,0,0.0,2.0,0.0,21.0,B01
201500031249,0,2,0,0.0,2.0,1.0,2.0,A01
201500031249,0,10,0,0.0,2.0,5.0,2.0,B01
201500031250,0,10,0,0.0,1.0,1.0,1.0,A01
201500031251,0,31,0,0.0,2.0,1.0,17.0,A01
201500031251,0,7,0,0.0,2.0,8.0,19.0,B01
201500031252,0,33,0,12.0,0.0,1.0,14.0,A01
201500031253,0,7,0,0.0,1.0,1.0,1.0,A01
201500031254,0,7,0,0.0,2.0,2.0,15.0,A01
201500031254,0,33,0,0.0,2.0,1.0,1.0,B01
201500031255,0,7,0,0.0,2.0,4.0,23.0,B01
201500031255,0,10,0,0.0,2.0,4.0,23.0,C01
201500031255,0,10,0,0.0,2.0,1.0,2.0,A01
201500031256,0,30,0,0.0,2.0,1.0,2.0,A01
201500031256,0,7,0,0.0,2.0,4.0,23.0,B01
201500031257,0,7,0,0.0,2.0,3.0,9.0,A01
201500031257,0,2,0,0.0,2.0,7.0,1.0,B01
201500031258,0,7,0,0.0,2.0,2.0,16.0,A01
201500031258,0,31,0,0.0,2.0,1.0,7.0,B01
201500031259,0,7,0,8.0,0.0,1.0,19.0,A01
201500031260,0,33,0,0.0,2.0,1.0,1.0,B01
201500031260,0,7,0,0.0,2.0,7.0,19.0,A01
201500031261,0,2,0,0.0,0.0,0.0,0.0,A01
201500031262,0,10,0,0.0,2.0,7.0,15.0,A01
201500031262,0,34,0,0.0,2.0,1.0,1.0,B01
201500031263,0,33,0,4.0,0.0,0.0,0.0,A01
201500031264,0,31,0,0.0,2.0,8.0,1.0,B01
201500031264,0,7,0,0.0,2.0,2.0,19.0,A01
201500031265,0,7,0,0.0,2.0,4.0,2.0,B01
201500031265,0,2,0,0.0,2.0,1.0,2.0,A01
201500031266,0,7,0,0.0,2.0,5.0,1.0,C01
201500031266,0,7,0,0.0,2.0,6.0,1.0,B01
201500031266,0,2,0,0.0,2.0,1.0,9.0,A01
201500031267,0,10,0,0.0,2.0,3.0,9.0,A01
201500031267,0,1,0,0.0,2.0,7.0,1.0,B01
201500031268,0,7,0,0.0,0.0,0.0,15.0,A01
201500031268,0,32,0,16.0,0.0,0.0,0.0,B01
201500031269,0,30,0,0.0,1.0,2.0,17.0,A01
201500031270,1,7,0,0.0,2.0,2.0,15.0,A01
201500031270,0,1,0,0.0,2.0,1.0,1.0,B01
201500031271,0,10,0,0.0,2.0,5.0,16.0,B01
201500031271,0,33,0,0.0,2.0,1.0,7.0,A01
201500031272,0,33,0,0.0,0.0,1.0,1.0,A01
201500031273,0,7,0,0.0,2.0,1.0,2.0,B01
201500031273,0,33,0,11.0,0.0,1.0,14.0,A01
201500031274,1,30,0,0.0,1.0,1.0,7.0,Z01
201500031275,0,7,0,0.0,9.0,2.0,9.0,A01
201500031275,0,1,0,0.0,2.0,7.0,1.0,B01
201500031276,0,7,0,2.0,0.0,1.0,14.0,A01
201500031277,0,7,0,0.0,2.0,5.0,15.0,B01
201500031277,0,33,0,0.0,2.0,1.0,1.0,A01
201500031278,0,7,0,0.0,1.0,1.0,1.0,A01
201500031279,1,1,0,0.0,1.0,0.0,0.0,Z01
201500031280,0,7,0,0.0,2.0,2.0,9.0,A01
201500031280,0,1,0,0.0,2.0,7.0,1.0,B01
201500031281,0,7,0,0.0,1.0,2.0,1.0,A01
201500031282,0,7,0,0.0,2.0,3.0,0.0,B01
201500031282,0,1,0,0.0,2.0,1.0,0.0,A01
201500031283,0,7,0,0.0,2.0,2.0,1.0,B01
201500031283,0,2,0,0.0,2.0,1.0,9.0,A01
201500031284,0,10,0,0.0,2.0,1.0,5.0,A01
201500031284,0,7,0,12.0,2.0,2.0,21.0,C01
201500031284,0,33,0,0.0,2.0,1.0,23.0,B01
201500031285,0,7,0,0.0,2.0,3.0,9.0,A01
201500031285,0,37,20,0.0,2.0,7.0,15.0,B01
201500031286,0,7,0,0.0,2.0,3.0,13.0,A01
201500031286,0,15,0,0.0,2.0,8.0,1.0,B01
201500031287,0,30,0,0.0,1.0,1.0,21.0,A01
201500031288,0,7,0,0.0,2.0,2.0,15.0,A01
201500031288,0,33,0,0.0,2.0,1.0,1.0,B01
201500031289,0,1,0,0.0,0.0,0.0,1.0,A01
201500031290,0,7,0,0.0,2.0,1.0,1.0,A01
201500031290,0,7,0,0.0,2.0,2.0,15.0,B01
201500031291,0,7,0,0.0,2.0,3.0,15.0,A01
201500031291,0,33,0,0.0,2.0,8.0,1.0,B01
201500031292,0,7,0,12.0,0.0,3.0,6.0,A01
201500031293,0,7,0,0.0,2.0,2.0,9.0,A01
201500031293,0,2,0,0.0,2.0,1.0,17.0,B01
201500031294,0,1,0,0.0,0.0,0.0,1.0,A01
201500031295,0,10,0,0.0,2.0,7.0,15.0,A01
201500031295,0,33,0,0.0,2.0,1.0,1.0,B01
201500031296,1,10,0,0.0,2.0,8.0,18.0,Z01
201500031296,0,33,0,0.0,2.0,7.0,1.0,A01
201500031297,0,33,0,0.0,1.0,1.0,1.0,A01
201500031298,0,7,0,0.0,2.0,3.0,9.0,A01
201500031298,0,2,0,0.0,2.0,4.0,15.0,B01
201500031299,0,2,0,0.0,1.0,1.0,7.0,A01
201500031300,0,2,0,0.0,2.0,0.0,23.0,B01
201500031300,1,7,0,14.0,0.0,2.0,9.0,A01
201500031301,0,7,0,8.0,0.0,1.0,14.0,A01
201500031302,0,31,0,0.0,0.0,8.0,1.0,A01
201500031303,0,32,0,0.0,0.0,0.0,0.0,A01
201500031304,0,13,0,0.0,2.0,0.0,12.0,A01
201500031304,0,7,0,0.0,2.0,8.0,1.0,B01
201500031305,0,10,0,0.0,1.0,4.0,4.0,A01
201500031306,1,7,0,0.0,2.0,8.0,11.0,Z01
201500031306,0,2,0,8.0,2.0,8.0,0.0,B01
201500031307,0,10,0,0.0,9.0,8.0,24.0,A01
201500031307,0,1,0,1.0,0.0,1.0,1.0,B01
201500031308,0,31,0,0.0,2.0,1.0,1.0,B01
201500031308,0,7,0,0.0,9.0,3.0,9.0,A01
201500031309,0,7,0,0.0,9.0,4.0,2.0,B01
201500031309,0,30,0,0.0,2.0,1.0,2.0,A01
201500031310,0,30,0,0.0,9.0,1.0,19.0,A01
201500031310,0,30,0,0.0,9.0,1.0,1.0,B01
201500031311,0,33,0,0.0,2.0,0.0,17.0,A01
201500031311,0,7,0,0.0,9.0,8.0,1.0,B01
201500031312,0,2,0,0.0,0.0,0.0,0.0,A01
201500031313,0,1,0,0.0,2.0,1.0,17.0,A01
201500031313,0,7,0,0.0,9.0,1.0,1.0,B01
201500031314,0,33,0,0.0,2.0,0.0,0.0,B01
201500031314,0,7,0,0.0,2.0,0.0,0.0,A01
201500031315,0,7,0,0.0,1.0,3.0,0.0,A01
201500031316,0,2,0,0.0,2.0,6.0,0.0,A01
201500031316,0,7,0,0.0,2.0,0.0,0.0,B01
201500031317,0,31,0,0.0,1.0,0.0,0.0,A01
201500031318,0,2,0,1.0,0.0,1.0,1.0,A01
201500031319,0,7,0,0.0,9.0,3.0,15.0,A01
201500031319,0,33,0,0.0,2.0,1.0,17.0,B01
201500031320,0,1,0,1.0,0.0,1.0,1.0,A01
201500031321,0,2,0,0.0,1.0,1.0,0.0,A01
201500031322,0,2,0,1.0,0.0,0.0,1.0,A01
201500031323,0,7,0,12.0,0.0,1.0,0.0,A01
201500031324,0,2,0,0.0,2.0,1.0,17.0,A01
201500031324,0,7,0,0.0,9.0,1.0,0.0,B01
201500031325,0,32,0,0.0,2.0,0.0,0.0,B01
201500031325,0,7,0,0.0,2.0,0.0,0.0,A01
201500031326,0,7,0,6.0,0.0,2.0,0.0,A01
201500031327,0,32,0,0.0,0.0,0.0,15.0,A01
201500031328,0,31,0,0.0,2.0,2.0,17.0,B01
201500031328,0,7,0,0.0,9.0,3.0,15.0,A01
201500031329,0,7,0,0.0,0.0,0.0,15.0,A01
201500031329,0,34,0,0.0,0.0,0.0,1.0,B01
201500031330,0,7,0,0.0,1.0,2.0,1.0,A01
201500031331,0,7,0,6.0,0.0,1.0,1.0,A01
201500031332,0,7,0,0.0,1.0,0.0,0.0,A01
201500031333,0,1,0,0.0,2.0,0.0,0.0,B01
201500031333,0,7,0,0.0,9.0,8.0,0.0,A01
201500031334,0,34,0,0.0,2.0,0.0,0.0,B01
201500031334,0,7,0,0.0,2.0,0.0,0.0,A01
201500031335,0,7,0,0.0,2.0,8.0,16.0,B01
201500031335,0,2,0,0.0,2.0,1.0,1.0,A01
201500031336,0,31,0,0.0,2.0,0.0,0.0,C01
201500031336,0,7,0,0.0,2.0,0.0,0.0,B01
201500031336,0,7,0,0.0,2.0,0.0,0.0,A01
201500031337,0,34,0,14.0,0.0,1.0,1.0,A01
201500031338,0,7,0,6.0,0.0,1.0,14.0,A01
201500031339,0,33,0,3.0,0.0,1.0,14.0,A01
201500031340,0,7,0,8.0,0.0,0.0,0.0,A01
201500031341,0,2,0,0.0,0.0,0.0,1.0,A01
201500031342,0,2,0,0.0,2.0,1.0,1.0,B01
201500031342,0,7,0,0.0,2.0,1.0,15.0,A01
201500031343,0,7,0,0.0,2.0,4.0,2.0,A01
201500031343,0,7,0,0.0,2.0,4.0,2.0,B01
201500031344,0,7,0,0.0,2.0,1.0,1.0,A01
201500031344,0,7,0,0.0,2.0,4.0,1.0,B01
201500031344,0,7,0,0.0,2.0,4.0,1.0,C01
201500031345,0,7,0,0.0,2.0,2.0,1.0,B01
201500031345,0,7,0,0.0,2.0,2.0,15.0,A01
201500031346,0,7,0,0.0,2.0,3.0,13.0,A01
201500031346,0,30,0,0.0,2.0,2.0,1.0,B01
201500031347,0,7,0,0.0,2.0,1.0,10.0,A01
201500031347,0,31,0,0.0,2.0,3.0,1.0,B01
201500031348,0,7,0,0.0,1.0,1.0,15.0,A01
201500031349,0,10,0,0.0,1.0,4.0,4.0,A01
201500031350,0,2,0,0.0,2.0,1.0,1.0,B01
201500031350,0,7,0,0.0,2.0,1.0,9.0,A01
201500031351,0,7,0,0.0,2.0,6.0,1.0,A01
201500031351,0,30,0,0.0,2.0,1.0,0.0,B01
201500031352,0,10,0,0.0,1.0,4.0,4.0,A01
201500031353,0,37,0,0.0,1.0,2.0,1.0,A01
201500031354,0,7,0,0.0,9.0,1.0,2.0,A01
201500031354,0,30,0,0.0,2.0,1.0,1.0,B01
201500031355,0,30,0,0.0,1.0,1.0,0.0,A01
201500031356,0,7,0,0.0,1.0,3.0,15.0,A01
201500031357,0,7,0,0.0,2.0,2.0,1.0,A01
201500031357,0,7,0,0.0,2.0,1.0,1.0,B01
201500031358,0,33,0,0.0,2.0,3.0,1.0,B01
201500031358,0,7,0,0.0,2.0,1.0,9.0,A01
201500031359,0,2,0,0.0,2.0,4.0,2.0,B01
201500031359,0,14,0,0.0,2.0,1.0,2.0,A01
201500031360,0,7,0,0.0,2.0,7.0,1.0,A01
201500031360,0,7,0,0.0,2.0,3.0,1.0,B01
201500031361,0,7,0,0.0,2.0,6.0,11.0,A01
201500031361,0,30,0,0.0,2.0,1.0,1.0,B01
201500031362,0,7,0,0.0,2.0,1.0,1.0,A01
201500031362,0,2,0,0.0,2.0,1.0,1.0,B01
201500031363,0,7,0,0.0,2.0,1.0,9.0,A01
201500031363,0,7,0,0.0,2.0,7.0,1.0,B01
201500031364,0,7,0,0.0,2.0,1.0,5.0,A01
201500031364,0,14,0,0.0,2.0,1.0,1.0,B01
201500031365,0,1,0,0.0,2.0,1.0,15.0,A01
201500031365,0,7,0,0.0,2.0,2.0,1.0,B01
201500031366,0,7,0,0.0,1.0,1.0,1.0,A01
201500031367,0,3,0,0.0,1.0,1.0,1.0,A01
201500031368,0,7,0,0.0,2.0,1.0,9.0,A01
201500031369,0,7,0,0.0,2.0,4.0,1.0,B01
201500031369,0,7,0,0.0,2.0,1.0,1.0,A01
201500031370,0,1,0,0.0,2.0,1.0,1.0,B01
201500031370,0,7,0,0.0,2.0,6.0,9.0,A01
201500031371,0,30,0,0.0,2.0,1.0,15.0,A01
201500031371,0,7,0,0.0,2.0,3.0,1.0,B01
201500031372,0,7,0,0.0,1.0,1.0,1.0,A01
201500031373,0,2,0,0.0,2.0,1.0,1.0,B01
201500031373,0,7,0,0.0,2.0,8.0,1.0,A01