Num_Acc,senc,catv,occutc,obs,obsm,choc,manv,num_veh
201500031374,0,7,0,0.0,2.0,1.0,15.0,A01
201500031374,0,7,0,0.0,2.0,1.0,1.0,B01
201500031375,0,7,0,0.0,1.0,8.0,4.0,A01
201500031376,0,7,0,0.0,2.0,1.0,2.0,A01
201500031376,0,7,0,0.0,2.0,4.0,23.0,B01
201500031377,0,7,0,0.0,2.0,1.0,15.0,A01
201500031377,0,30,0,0.0,2.0,1.0,1.0,B01
201500031378,0,31,0,0.0,2.0,1.0,17.0,A01
201500031378,0,7,0,0.0,2.0,8.0,2.0,B01
201500031379,0,7,0,0.0,2.0,1.0,1.0,A01
201500031379,0,7,0,0.0,2.0,4.0,1.0,B01
201500031380,0,7,0,0.0,2.0,4.0,2.0,B01
201500031380,0,7,0,0.0,2.0,1.0,2.0,A01
201500031381,0,7,0,0.0,1.0,0.0,1.0,A01
201500031382,0,31,0,0.0,2.0,1.0,1.0,B01
201500031382,0,7,0,0.0,2.0,8.0,15.0,A01
201500031383,0,7,0,0.0,1.0,1.0,1.0,A01
201500031384,0,7,0,0.0,2.0,5.0,2.0,B01
201500031384,0,31,0,0.0,2.0,3.0,2.0,A01
201500031385,1,7,0,0.0,1.0,1.0,1.0,Z01
201500031386,0,37,0,0.0,1.0,2.0,7.0,A01
201500031387,0,7,0,0.0,2.0,2.0,1.0,B01
201500031387,0,7,0,0.0,2.0,3.0,1.0,A01
201500031388,0,7,0,0.0,2.0,4.0,16.0,A01
201500031388,0,1,0,0.0,2.0,0.0,0.0,B01
201500031389,0,7,0,0.0,2.0,4.0,1.0,B01
201500031389,0,7,0,0.0,2.0,1.0,1.0,A01
201500031390,0,7,0,0.0,2.0,2.0,15.0,A01
201500031390,0,30,0,0.0,2.0,3.0,1.0,B01
201500031391,0,7,0,0.0,1.0,1.0,15.0,A01
201500031392,0,7,0,0.0,2.0,4.0,2.0,B01
201500031392,0,7,0,0.0,2.0,1.0,2.0,A01
201500031393,0,7,0,0.0,1.0,1.0,15.0,A01
201500031394,0,7,0,0.0,2.0,1.0,1.0,B01
201500031394,0,7,0,0.0,2.0,2.0,15.0,A01
201500031395,0,7,0,0.0,1.0,0.0,15.0,A01
201500031396,0,7,0,0.0,2.0,4.0,2.0,C01
201500031396,0,7,0,0.0,2.0,4.0,2.0,B01
201500031396,0,7,0,0.0,2.0,1.0,2.0,A01
201500031397,0,7,0,0.0,2.0,6.0,4.0,A01
201500031397,0,30,0,0.0,2.0,1.0,1.0,B01
201500031398,0,7,0,0.0,1.0,1.0,15.0,A01
201500031399,0,7,0,0.0,2.0,3.0,1.0,B01
201500031399,0,30,0,0.0,2.0,7.0,17.0,A01
201500031400,0,7,0,0.0,2.0,1.0,2.0,A01
201500031400,0,7,0,0.0,2.0,4.0,23.0,C01
201500031400,0,7,0,0.0,2.0,4.0,23.0,B01
201500031401,0,7,0,0.0,2.0,3.0,1.0,B01
201500031401,0,7,0,0.0,2.0,1.0,10.0,A01
201500031402,0,2,0,0.0,2.0,1.0,1.0,A01
201500031402,0,7,0,0.0,2.0,2.0,15.0,B01
201500031403,0,7,0,0.0,2.0,2.0,1.0,A01
201500031403,0,1,0,0.0,2.0,4.0,1.0,B01
201500031404,0,30,0,0.0,2.0,1.0,1.0,B01
201500031404,0,7,0,0.0,2.0,2.0,15.0,A01
201500031405,0,7,0,0.0,2.0,1.0,0.0,B01
201500031405,0,2,0,0.0,2.0,1.0,0.0,A01
201500031406,0,7,0,0.0,2.0,1.0,1.0,B01
201500031406,0,7,0,0.0,2.0,8.0,15.0,A01
201500031407,0,7,0,0.0,2.0,1.0,0.0,B01
201500031407,0,7,0,0.0,2.0,1.0,1.0,A01
201500031408,0,7,0,0.0,1.0,0.0,15.0,A01
201500031409,0,7,0,0.0,2.0,1.0,15.0,A01
201500031409,0,1,0,0.0,2.0,1.0,1.0,B01
201500031410,0,1,0,0.0,2.0,1.0,2.0,B01
201500031410,0,7,0,0.0,2.0,2.0,16.0,A01
201500031411,0,7,0,0.0,2.0,1.0,1.0,A01
201500031411,0,2,0,0.0,2.0,3.0,1.0,B01
201500031412,0,7,0,0.0,2.0,5.0,2.0,B01
201500031412,0,2,0,14.0,2.0,1.0,2.0,A01
201500031413,0,10,0,0.0,2.0,1.0,1.0,A01
201500031413,0,7,0,0.0,2.0,3.0,23.0,C01
201500031413,0,7,0,0.0,2.0,8.0,1.0,B01
201500031414,0,7,0,0.0,2.0,8.0,1.0,B01
201500031414,0,7,0,0.0,2.0,3.0,1.0,A01
201500031415,0,7,0,0.0,1.0,4.0,23.0,B01
201500031415,0,7,0,0.0,2.0,1.0,2.0,A01
201500031416,0,7,0,0.0,2.0,4.0,2.0,B01
201500031416,0,7,0,0.0,2.0,1.0,2.0,A01
201500031417,0,7,0,0.0,2.0,7.0,9.0,A01
201500031417,0,1,0,0.0,2.0,7.0,1.0,B01
201500031418,0,1,0,0.0,2.0,1.0,1.0,B01
201500031418,0,7,0,0.0,2.0,2.0,15.0,A01
201500031419,0,7,0,0.0,2.0,1.0,2.0,A01
201500031419,0,7,0,0.0,2.0,4.0,23.0,B01
201500031420,0,7,0,0.0,2.0,2.0,23.0,B01
201500031420,0,7,0,15.0,2.0,1.0,1.0,A01
201500031421,0,33,0,0.0,2.0,8.0,1.0,B01
201500031421,0,7,0,0.0,2.0,2.0,9.0,A01
201500031422,0,7,0,0.0,2.0,1.0,1.0,C01
201500031422,0,7,0,0.0,2.0,7.0,1.0,E01
201500031422,0,7,0,0.0,2.0,3.0,1.0,D01
201500031422,0,10,0,0.0,2.0,3.0,5.0,A01
201500031422,0,7,0,0.0,2.0,8.0,1.0,B01
201500031423,0,7,0,0.0,2.0,2.0,15.0,A01
201500031423,0,7,0,0.0,2.0,1.0,1.0,B01
201500031424,0,7,0,0.0,2.0,3.0,1.0,A01
201500031424,0,7,0,0.0,2.0,3.0,23.0,B01
201500031424,0,33,0,0.0,2.0,1.0,23.0,C01
201500031425,0,30,0,0.0,2.0,4.0,2.0,B01
201500031425,0,30,0,0.0,2.0,1.0,2.0,A01
201500031426,0,7,0,0.0,1.0,1.0,1.0,A01
201500031427,0,7,0,0.0,2.0,1.0,2.0,A01
201500031427,0,7,0,0.0,2.0,4.0,0.0,B01
201500031427,0,7,0,0.0,2.0,4.0,2.0,C01
201500031428,0,7,0,0.0,2.0,3.0,1.0,B01
201500031428,0,7,0,0.0,2.0,3.0,15.0,A01
201500031429,0,3,0,0.0,2.0,1.0,19.0,A01
201500031429,0,7,0,0.0,2.0,1.0,5.0,B01
201500031430,0,33,0,0.0,2.0,1.0,1.0,B01
201500031430,0,7,0,0.0,2.0,2.0,15.0,A01
201500031431,0,7,0,0.0,2.0,7.0,16.0,B01
201500031431,0,32,0,0.0,2.0,7.0,7.0,A01
201500031432,0,7,0,0.0,2.0,4.0,2.0,B01
201500031432,0,30,0,0.0,2.0,1.0,2.0,A01
201500031433,0,7,0,0.0,2.0,2.0,1.0,B01
201500031433,0,7,0,0.0,2.0,1.0,1.0,A01
201500031434,0,7,0,14.0,1.0,1.0,1.0,A01
201500031435,0,1,0,0.0,2.0,1.0,5.0,B01
201500031435,0,1,0,0.0,2.0,1.0,16.0,A01
201500031436,0,37,20,0.0,2.0,1.0,1.0,A01
201500031436,0,7,0,0.0,2.0,4.0,1.0,B01
201500031437,0,1,0,0.0,2.0,2.0,1.0,B01
201500031437,0,7,0,0.0,2.0,1.0,9.0,A01
201500031438,0,30,0,0.0,2.0,7.0,17.0,A01
201500031438,0,7,0,0.0,2.0,3.0,1.0,B01
201500031439,0,7,0,0.0,2.0,2.0,9.0,A01
201500031439,0,7,0,0.0,2.0,1.0,1.0,B01
201500031440,0,7,0,0.0,1.0,1.0,1.0,A01
201500031441,0,7,0,0.0,2.0,1.0,1.0,B01
201500031441,0,7,0,0.0,2.0,7.0,1.0,A01
201500031442,0,7,0,0.0,2.0,0.0,0.0,B01
201500031442,0,7,0,0.0,2.0,4.0,2.0,C01
201500031442,0,7,0,0.0,2.0,1.0,2.0,A01
201500031443,0,1,0,0.0,2.0,1.0,5.0,A01
201500031443,0,7,0,0.0,2.0,7.0,9.0,B01
201500031444,0,30,0,0.0,2.0,1.0,2.0,A01
201500031444,0,13,0,0.0,2.0,3.0,15.0,B01
201500031445,0,7,0,0.0,2.0,4.0,2.0,B01
201500031445,0,7,0,0.0,2.0,1.0,2.0,A01
201500031446,0,7,0,0.0,1.0,1.0,1.0,A01
201500031447,0,7,0,0.0,2.0,4.0,2.0,B01
201500031447,0,7,0,0.0,2.0,1.0,2.0,A01
201500031448,0,10,0,0.0,2.0,1.0,2.0,A01
201500031448,0,7,0,0.0,2.0,4.0,1.0,B01
201500031449,0,7,0,0.0,1.0,1.0,16.0,A01
201500031450,0,10,0,0.0,2.0,3.0,7.0,A01
201500031450,0,7,0,0.0,2.0,7.0,16.0,B01
201500031451,0,30,0,1.0,0.0,1.0,1.0,A01
201500031452,0,1,0,0.0,2.0,1.0,1.0,C01
201500031452,0,7,0,0.0,2.0,2.0,21.0,B01
201500031452,0,7,0,0.0,2.0,1.0,1.0,A01
201500031453,0,7,0,0.0,1.0,3.0,1.0,A01
201500031454,0,7,0,0.0,2.0,3.0,9.0,A01
201500031454,0,34,0,0.0,2.0,8.0,1.0,B01
201500031455,0,33,0,0.0,2.0,1.0,1.0,B01
201500031455,0,7,0,0.0,2.0,5.0,14.0,A01
201500031456,0,7,0,0.0,2.0,6.0,15.0,B01
201500031456,0,32,0,0.0,2.0,1.0,5.0,A01
201500031457,0,33,0,0.0,2.0,1.0,1.0,A01
201500031457,0,7,0,0.0,2.0,4.0,23.0,B01
201500031458,0,7,0,0.0,2.0,4.0,1.0,B01
201500031458,0,33,0,0.0,2.0,1.0,2.0,A01
201500031459,0,30,0,0.0,2.0,1.0,1.0,A01
201500031459,0,10,0,0.0,2.0,8.0,23.0,B01
201500031460,0,7,0,0.0,2.0,7.0,16.0,A01
201500031460,0,1,0,0.0,2.0,1.0,1.0,B01
201500031461,0,7,0,0.0,2.0,3.0,9.0,A01
201500031461,0,1,0,0.0,2.0,1.0,1.0,B01
201500031462,0,7,0,0.0,1.0,1.0,1.0,A01
201500031463,0,2,0,0.0,1.0,1.0,1.0,A01
201500031464,0,7,0,0.0,2.0,1.0,9.0,A01
201500031464,0,7,0,0.0,2.0,2.0,1.0,B01
201500031465,0,7,0,0.0,2.0,1.0,15.0,A01
201500031465,0,7,0,0.0,2.0,1.0,1.0,B01
201500031466,0,10,0,0.0,2.0,2.0,15.0,A01
201500031466,0,7,0,0.0,0.0,0.0,0.0,B01
201500031467,0,7,0,0.0,1.0,1.0,2.0,A01
201500031468,0,2,0,0.0,2.0,0.0,1.0,B01
201500031468,1,7,0,0.0,2.0,1.0,9.0,Z01
201500031469,0,7,0,0.0,2.0,3.0,9.0,A01
201500031469,0,1,0,0.0,2.0,5.0,0.0,B01
201500031470,0,7,0,0.0,2.0,7.0,19.0,A01
201500031470,0,7,0,0.0,2.0,2.0,1.0,B01
201500031471,0,7,0,0.0,2.0,3.0,9.0,A01
201500031471,0,33,0,0.0,2.0,6.0,2.0,B01
201500031472,0,7,0,0.0,2.0,2.0,19.0,B01
201500031472,0,7,0,0.0,2.0,2.0,19.0,A01
201500031473,0,2,0,0.0,2.0,1.0,1.0,A01
201500031473,0,7,0,0.0,2.0,3.0,1.0,B01
201500031474,0,7,0,0.0,2.0,5.0,1.0,B01
201500031474,0,30,0,0.0,2.0,3.0,15.0,A01
201500031475,0,7,0,0.0,2.0,1.0,0.0,A01
201500031475,0,7,0,0.0,2.0,2.0,1.0,B01
201500031476,0,7,0,0.0,2.0,3.0,13.0,A01
201500031476,0,7,0,0.0,2.0,3.0,1.0,B01
201500031477,0,7,0,0.0,2.0,1.0,16.0,A01
201500031477,0,7,0,0.0,0.0,0.0,0.0,B01
201500031478,0,7,0,0.0,1.0,0.0,1.0,A01
201500031479,0,7,0,0.0,2.0,2.0,1.0,A01
201500031479,0,7,0,0.0,2.0,1.0,1.0,B01
201500031480,0,7,0,0.0,2.0,4.0,1.0,B01
201500031480,0,7,0,0.0,2.0,1.0,2.0,A01
201500031481,0,30,0,0.0,2.0,1.0,0.0,B01
201500031481,0,7,0,0.0,2.0,2.0,1.0,A01
201500031482,0,30,0,0.0,2.0,3.0,1.0,B01
201500031482,0,7,0,0.0,2.0,2.0,15.0,A01
201500031483,0,7,0,0.0,2.0,5.0,1.0,B01
201500031483,0,1,0,0.0,2.0,1.0,1.0,A01
201500031484,0,2,0,0.0,1.0,3.0,1.0,A01
201500031485,0,1,0,0.0,2.0,1.0,15.0,A01
201500031485,0,7,0,0.0,2.0,1.0,1.0,B01
201500031486,0,31,0,0.0,2.0,1.0,2.0,A01
201500031486,0,7,0,0.0,2.0,5.0,2.0,B01
201500031487,0,7,0,0.0,2.0,1.0,2.0,A01
201500031487,0,10,0,0.0,2.0,4.0,2.0,B01
201500031487,0,7,0,0.0,2.0,4.0,2.0,C01
201500031488,0,7,0,0.0,2.0,3.0,9.0,A01
201500031488,0,1,0,0.0,2.0,2.0,1.0,B01
201500031489,0,2,0,0.0,2.0,1.0,2.0,A01
201500031489,0,7,0,0.0,2.0,4.0,2.0,B01
201500031490,0,7,0,0.0,2.0,1.0,2.0,A01
201500031490,0,7,0,0.0,2.0,4.0,2.0,B01
201500031491,0,7,0,0.0,2.0,2.0,15.0,A01
201500031491,0,7,0,0.0,2.0,0.0,0.0,C01
201500031491,0,2,0,0.0,2.0,7.0,3.0,B01
201500031492,0,7,0,0.0,1.0,1.0,1.0,A01
201500031493,0,7,0,0.0,2.0,6.0,19.0,B01
201500031493,0,7,0,0.0,2.0,1.0,19.0,A01
201500031494,0,7,0,0.0,2.0,4.0,2.0,B01
201500031494,0,33,0,0.0,2.0,8.0,2.0,A01
201500031495,0,7,0,0.0,2.0,5.0,16.0,A01
201500031495,0,2,0,0.0,2.0,8.0,15.0,B01
201500031496,0,7,0,0.0,2.0,1.0,2.0,A01
201500031496,0,7,0,0.0,2.0,4.0,2.0,B01
201500031497,0,7,0,0.0,2.0,1.0,0.0,Z01
201500031497,0,31,0,9.0,0.0,5.0,1.0,B01
201500031498,0,7,0,0.0,1.0,7.0,1.0,A01
201500031499,0,7,0,0.0,2.0,1.0,13.0,A01
201500031499,0,7,0,0.0,2.0,1.0,1.0,B01
201500031500,0,1,0,0.0,2.0,1.0,1.0,B01
201500031500,0,7,0,0.0,2.0,2.0,1.0,A01
201500031501,0,33,0,11.0,0.0,1.0,1.0,A01
201500031502,0,7,0,0.0,1.0,2.0,15.0,A01
201500031503,0,7,0,0.0,2.0,2.0,2.0,A01
201500031503,0,7,0,0.0,2.0,2.0,16.0,B01
201500031504,0,7,0,0.0,1.0,2.0,2.0,A01
201500031505,0,7,0,0.0,2.0,8.0,1.0,B01
201500031505,0,33,0,0.0,2.0,8.0,1.0,A01
201500031506,0,7,0,0.0,2.0,6.0,2.0,B01
201500031506,0,10,0,0.0,2.0,1.0,2.0,A01
201500031507,0,7,0,0.0,2.0,3.0,5.0,A01
201500031507,0,10,0,0.0,2.0,3.0,1.0,B01
201500031508,0,7,0,0.0,2.0,1.0,23.0,B01
201500031508,0,7,0,0.0,2.0,4.0,4.0,A01
201500031509,0,7,0,0.0,2.0,1.0,1.0,A01
201500031509,0,7,0,0.0,2.0,4.0,23.0,B01
201500031510,0,7,0,0.0,2.0,3.0,20.0,A01
201500031510,0,30,0,0.0,2.0,1.0,1.0,B01
201500031511,0,7,0,0.0,2.0,2.0,15.0,A01
201500031511,0,7,0,0.0,2.0,3.0,1.0,B01
201500031512,0,7,0,9.0,2.0,3.0,0.0,B01
201500031512,0,7,0,0.0,2.0,7.0,0.0,A01
201500031513,0,7,0,0.0,2.0,2.0,15.0,A01
201500031513,0,2,0,0.0,2.0,1.0,1.0,B01
201500031514,0,7,0,0.0,9.0,1.0,5.0,A01
201500031514,0,1,0,0.0,2.0,1.0,2.0,B01
201500031515,0,7,0,0.0,2.0,5.0,10.0,A01
201500031515,0,33,0,0.0,2.0,1.0,1.0,B01
201500031516,0,30,0,0.0,1.0,1.0,1.0,A01
201500031517,0,7,0,0.0,1.0,6.0,4.0,A01
201500031518,0,7,0,0.0,2.0,1.0,2.0,A01
201500031518,0,7,0,0.0,2.0,4.0,2.0,B01
201500031518,0,7,0,0.0,2.0,4.0,23.0,C01
201500031519,0,7,0,0.0,1.0,1.0,15.0,A01
201500031520,0,7,0,0.0,2.0,2.0,15.0,A01
201500031520,0,1,0,0.0,2.0,1.0,1.0,B01
201500031521,0,7,0,0.0,2.0,2.0,1.0,B01
201500031521,0,7,0,0.0,2.0,3.0,15.0,A01
201500031522,0,7,0,0.0,2.0,4.0,23.0,B01
201500031522,0,7,0,0.0,2.0,4.0,23.0,C01
201500031522,0,7,0,0.0,2.0,1.0,1.0,A01
201500031523,0,7,0,0.0,2.0,3.0,15.0,A01
201500031523,0,34,0,0.0,2.0,1.0,1.0,B01
201500031524,0,2,0,1.0,0.0,8.0,0.0,A01
201500031525,0,7,0,0.0,2.0,8.0,20.0,A01
201500031525,0,33,0,0.0,2.0,2.0,1.0,B01
201500031526,0,7,0,0.0,2.0,4.0,23.0,D01
201500031526,0,7,0,0.0,2.0,4.0,2.0,C01
201500031526,0,10,0,0.0,2.0,1.0,2.0,A01
201500031526,0,10,0,0.0,2.0,4.0,2.0,B01
201500031527,0,7,0,0.0,2.0,1.0,2.0,A01
201500031527,0,7,0,0.0,2.0,4.0,2.0,B01
201500031528,0,7,0,0.0,1.0,2.0,0.0,A01
201500031529,0,7,0,0.0,2.0,4.0,2.0,B01
201500031529,0,7,0,0.0,2.0,0.0,2.0,A01
201500031530,0,33,0,0.0,2.0,3.0,1.0,B01
201500031530,0,7,0,0.0,2.0,5.0,15.0,A01
201500031531,0,7,0,0.0,2.0,1.0,2.0,A01
201500031531,0,7,0,0.0,2.0,5.0,2.0,B01
201500031532,0,7,0,0.0,1.0,3.0,1.0,A01
201500031533,0,7,0,0.0,2.0,7.0,15.0,A01
201500031533,0,30,0,0.0,2.0,1.0,1.0,B01
201500031534,0,7,0,0.0,2.0,2.0,1.0,B01
201500031534,0,7,0,0.0,2.0,7.0,1.0,A01
201500031535,0,10,0,0.0,2.0,1.0,2.0,A01
201500031535,0,7,0,0.0,2.0,4.0,23.0,B01
201500031535,0,7,0,0.0,2.0,4.0,23.0,D01
201500031535,0,7,0,0.0,2.0,4.0,23.0,C01
201500031536,0,33,0,0.0,2.0,1.0,1.0,B01
201500031536,0,7,0,0.0,2.0,2.0,15.0,A01
201500031537,0,7,0,0.0,2.0,1.0,1.0,B01
201500031537,0,30,0,0.0,2.0,7.0,9.0,A01
201500031538,0,7,0,0.0,2.0,4.0,2.0,B01
201500031538,0,30,0,0.0,2.0,1.0,2.0,A01
201500031539,0,7,0,0.0,2.0,2.0,1.0,B01
201500031539,0,7,0,0.0,2.0,1.0,5.0,A01
201500031540,0,7,0,0.0,2.0,3.0,9.0,A01
201500031540,0,33,0,0.0,2.0,1.0,1.0,B01
201500031541,2,7,0,0.0,2.0,1.0,17.0,A01
201500031541,0,7,0,0.0,2.0,2.0,1.0,B01
201500031542,0,7,0,0.0,2.0,2.0,9.0,A01
201500031542,0,13,0,0.0,2.0,5.0,1.0,B01
201500031543,0,7,0,0.0,2.0,4.0,2.0,B01
201500031543,0,7,0,0.0,2.0,1.0,2.0,A01
201500031544,0,30,0,0.0,2.0,8.0,1.0,B01
201500031544,0,7,0,0.0,2.0,2.0,9.0,A01
201500031545,0,7,0,0.0,2.0,3.0,9.0,A01
201500031545,0,2,0,0.0,2.0,2.0,1.0,B01
201500031546,0,30,0,0.0,2.0,3.0,1.0,B01
201500031546,0,7,0,0.0,2.0,2.0,1.0,A01
201500031547,0,7,0,0.0,2.0,2.0,9.0,A01
201500031547,0,30,0,0.0,2.0,1.0,1.0,B01
201500031548,0,30,0,0.0,2.0,7.0,1.0,B01
201500031548,0,7,0,0.0,2.0,2.0,9.0,A01
201500031549,0,7,0,0.0,2.0,3.0,9.0,A01
201500031549,0,1,0,0.0,2.0,1.0,1.0,B01
201500031550,0,10,0,0.0,2.0,8.0,0.0,A01
201500031550,0,7,0,0.0,2.0,1.0,1.0,B01
201500031551,0,7,0,0.0,2.0,8.0,9.0,A01
201500031551,0,30,0,0.0,2.0,1.0,1.0,B01
201500031552,0,7,0,0.0,2.0,3.0,1.0,B01
201500031552,0,7,0,0.0,2.0,1.0,1.0,A01
201500031553,0,7,0,0.0,2.0,8.0,16.0,B01
201500031553,0,2,0,0.0,2.0,7.0,17.0,A01
201500031554,0,7,0,0.0,2.0,1.0,9.0,A01
201500031554,0,1,0,0.0,2.0,7.0,1.0,B01
201500031555,0,30,0,0.0,2.0,1.0,1.0,B01
201500031555,0,30,0,0.0,2.0,1.0,9.0,A01
201500031556,0,7,0,0.0,2.0,1.0,2.0,A01
201500031556,0,10,0,0.0,2.0,4.0,2.0,B01
201500031557,0,30,0,0.0,2.0,1.0,1.0,B01
201500031557,0,7,0,0.0,2.0,3.0,15.0,A01
201500031558,0,7,0,0.0,9.0,3.0,20.0,A01
201500031558,0,1,0,0.0,2.0,1.0,1.0,B01
201500031559,0,7,0,0.0,2.0,1.0,2.0,A01
201500031559,0,10,0,0.0,2.0,4.0,2.0,B01
201500031560,0,7,0,0.0,2.0,3.0,1.0,A01
201500031560,0,1,0,0.0,2.0,1.0,19.0,B01
201500031561,0,7,0,0.0,1.0,4.0,4.0,A01
201500031562,0,7,0,0.0,2.0,1.0,14.0,A01
201500031562,0,7,0,0.0,2.0,1.0,24.0,B01
201500031563,0,7,0,0.0,2.0,4.0,1.0,B01
201500031563,0,33,0,0.0,2.0,1.0,1.0,A01
201500031564,0,30,0,0.0,2.0,1.0,1.0,B01
201500031564,0,7,0,0.0,2.0,5.0,15.0,A01
201500031565,0,7,0,0.0,2.0,4.0,1.0,B01
201500031565,0,7,0,0.0,2.0,1.0,1.0,A01
201500031566,0,1,0,0.0,2.0,1.0,15.0,A01
201500031566,0,7,0,0.0,2.0,3.0,1.0,B01
201500031567,0,7,0,0.0,2.0,8.0,1.0,B01
201500031567,0,7,0,0.0,2.0,1.0,13.0,A01
201500031567,0,7,0,0.0,2.0,5.0,1.0,C01
201500031568,0,1,0,0.0,2.0,4.0,1.0,B01
201500031568,0,7,0,0.0,2.0,1.0,1.0,A01
201500031569,0,7,0,0.0,2.0,5.0,1.0,B01
201500031569,0,37,20,0.0,2.0,1.0,1.0,A01
201500031570,0,30,0,0.0,2.0,1.0,1.0,B01
201500031570,0,7,0,0.0,2.0,2.0,15.0,A01
201500031571,0,7,0,0.0,1.0,1.0,1.0,A01
201500031572,0,1,0,0.0,2.0,1.0,1.0,B01
201500031573,0,7,0,0.0,2.0,1.0,1.0,A01
201500031573,0,7,0,0.0,2.0,4.0,1.0,C01
201500031573,0,30,0,0.0,2.0,4.0,1.0,B01
201500031574,0,7,0,0.0,2.0,4.0,1.0,B01
201500031574,0,7,0,0.0,2.0,1.0,1.0,A01
201500031574,0,7,0,0.0,2.0,4.0,1.0,C01
201500031575,0,7,0,0.0,2.0,1.0,1.0,A01
201500031575,0,7,0,0.0,2.0,4.0,1.0,B01
201500031576,0,7,0,0.0,2.0,4.0,1.0,D01
201500031576,0,7,0,0.0,2.0,4.0,1.0,F02
201500031576,0,7,0,0.0,2.0,4.0,1.0,C01
201500031576,0,7,0,0.0,2.0,4.0,1.0,E01
201500031576,0,10,0,0.0,2.0,1.0,1.0,A01
201500031576,0,7,0,0.0,2.0,4.0,1.0,B01
201500031577,0,7,0,0.0,2.0,2.0,1.0,A01
201500031577,0,7,0,0.0,2.0,4.0,1.0,B01
201500031578,0,7,0,0.0,2.0,1.0,15.0,A01
201500031578,0,30,0,0.0,2.0,1.0,1.0,B01
201500031579,0,7,0,0.0,2.0,1.0,15.0,A01
201500031579,0,7,0,0.0,2.0,8.0,1.0,B01
201500031580,0,7,0,0.0,2.0,7.0,15.0,A01
201500031580,0,33,0,0.0,2.0,3.0,1.0,B01
201500031581,0,30,0,12.0,0.0,1.0,1.0,A01
201500031582,0,7,0,0.0,2.0,2.0,1.0,A01
201500031582,0,7,0,0.0,2.0,1.0,1.0,C01
201500031582,0,2,0,0.0,2.0,7.0,1.0,B01
201500031583,0,7,0,0.0,2.0,4.0,1.0,B01
201500031583,0,32,0,0.0,2.0,1.0,1.0,A01
201500031584,0,7,0,0.0,2.0,3.0,20.0,A01
201500031584,0,7,0,0.0,2.0,2.0,1.0,B01
201500031585,0,30,0,0.0,2.0,1.0,1.0,B01
201500031585,0,7,0,0.0,2.0,2.0,15.0,A01
201500031586,0,7,0,0.0,1.0,1.0,1.0,A01
201500031587,0,7,0,0.0,2.0,1.0,2.0,A01
201500031587,0,7,0,0.0,2.0,4.0,2.0,B01
201500031588,0,7,0,0.0,1.0,1.0,1.0,A01
201500031589,0,1,0,0.0,2.0,1.0,1.0,B01
201500031589,0,7,0,0.0,2.0,1.0,1.0,A01
201500031590,0,7,0,0.0,2.0,1.0,1.0,A01
201500031590,0,1,0,0.0,2.0,7.0,1.0,B01
201500031591,0,30,0,0.0,2.0,3.0,15.0,A01
201500031591,0,1,0,0.0,2.0,1.0,1.0,B01
201500031592,0,7,0,0.0,1.0,3.0,15.0,A01
201500031593,0,7,0,0.0,2.0,2.0,15.0,A01
201500031593,0,7,0,0.0,2.0,1.0,1.0,B01
201500031594,0,7,0,0.0,2.0,1.0,2.0,A01
201500031594,0,7,0,0.0,2.0,4.0,2.0,C01
201500031594,0,7,0,0.0,2.0,4.0,2.0,B01
201500031595,0,30,0,1.0,0.0,1.0,1.0,A01
201500031596,0,7,0,0.0,2.0,2.0,1.0,B01
201500031596,0,7,0,0.0,2.0,3.0,1.0,A01
201500031597,0,7,0,0.0,2.0,7.0,0.0,A01
201500031597,0,1,0,0.0,2.0,8.0,1.0,B01
201500031598,0,7,0,0.0,1.0,0.0,15.0,A01
201500031599,0,7,0,0.0,2.0,7.0,15.0,A01
201500031599,0,30,0,0.0,2.0,8.0,19.0,B01
201500031600,0,7,0,0.0,2.0,1.0,15.0,A01
201500031600,0,7,0,0.0,2.0,1.0,1.0,B01
201500031601,0,30,0,0.0,1.0,1.0,1.0,A01
201500031602,0,30,0,1.0,2.0,1.0,14.0,A01
201500031602,0,7,0,0.0,2.0,4.0,24.0,B01
201500031603,0,7,0,0.0,1.0,1.0,1.0,A01
201500031604,0,7,0,0.0,1.0,1.0,1.0,A01
201500031605,0,30,0,0.0,1.0,0.0,1.0,A01
201500031606,0,1,0,0.0,2.0,7.0,1.0,B01
201500031606,0,7,0,0.0,2.0,8.0,0.0,A01
201500031607,0,34,0,0.0,2.0,7.0,17.0,B01
201500031607,0,7,0,0.0,2.0,8.0,15.0,A01
201500031608,0,7,0,0.0,2.0,7.0,16.0,A01
201500031608,0,37,40,0.0,2.0,8.0,1.0,B01
201500031609,0,7,0,0.0,2.0,4.0,23.0,B01
201500031609,0,7,0,0.0,2.0,4.0,23.0,D01
201500031609,0,7,0,0.0,2.0,4.0,23.0,C01
201500031609,0,7,0,0.0,2.0,1.0,2.0,A01
201500031610,0,7,0,0.0,1.0,3.0,15.0,A01
201500031611,0,34,0,0.0,2.0,1.0,1.0,A01
201500031611,0,7,0,0.0,2.0,4.0,1.0,B01
201500031612,0,7,0,0.0,2.0,4.0,2.0,D01
201500031612,0,7,0,0.0,2.0,4.0,2.0,B01
201500031612,0,7,0,0.0,2.0,4.0,2.0,C01
201500031612,0,7,0,0.0,2.0,1.0,2.0,A01
201500031613,0,33,0,0.0,2.0,7.0,1.0,B01
201500031613,0,7,0,0.0,2.0,7.0,15.0,A01
201500031614,0,7,0,0.0,2.0,0.0,13.0,A01
201500031614,0,7,0,0.0,2.0,7.0,1.0,B01