Num_Acc,senc,catv,occutc,obs,obsm,choc,manv,num_veh
201500031615,0,7,0,16.0,0.0,7.0,1.0,A01
201500031616,0,7,0,0.0,2.0,5.0,16.0,A01
201500031616,0,33,0,0.0,2.0,1.0,1.0,B01
201500031617,0,2,0,0.0,2.0,1.0,16.0,B01
201500031617,0,7,0,0.0,2.0,2.0,15.0,A01
201500031618,0,10,0,0.0,2.0,8.0,20.0,A01
201500031618,0,7,0,0.0,2.0,2.0,1.0,B01
201500031619,0,7,0,0.0,2.0,1.0,2.0,A01
201500031619,0,31,0,0.0,2.0,0.0,0.0,B01
201500031620,0,10,0,0.0,1.0,4.0,4.0,A01
201500031621,0,33,0,0.0,2.0,8.0,1.0,A01
201500031621,0,7,0,0.0,2.0,2.0,1.0,B01
201500031622,0,7,0,0.0,2.0,4.0,2.0,B01
201500031622,0,7,0,0.0,2.0,1.0,2.0,A01
201500031623,0,7,0,0.0,2.0,8.0,24.0,C01
201500031623,0,1,0,0.0,2.0,4.0,1.0,B01
201500031623,0,7,0,0.0,2.0,7.0,16.0,A01
201500031624,0,7,0,0.0,2.0,1.0,1.0,B01
201500031624,0,7,0,0.0,2.0,1.0,13.0,A01
201500031625,0,7,0,0.0,1.0,1.0,1.0,A01
201500031626,0,7,0,0.0,2.0,2.0,9.0,B01
201500031626,0,1,0,0.0,2.0,3.0,5.0,A01
201500031627,0,7,0,0.0,2.0,4.0,2.0,B01
201500031627,0,7,0,0.0,2.0,1.0,2.0,A01
201500031628,0,10,0,0.0,2.0,1.0,2.0,A01
201500031628,0,7,0,0.0,2.0,4.0,1.0,B01
201500031629,0,30,0,0.0,2.0,1.0,1.0,A01
201500031629,0,7,0,0.0,2.0,3.0,15.0,B01
201500031630,0,1,0,0.0,2.0,5.0,1.0,B01
201500031630,0,7,0,0.0,2.0,3.0,9.0,A01
201500031631,0,32,0,0.0,2.0,1.0,17.0,B01
201500031631,0,7,0,0.0,2.0,8.0,17.0,A01
201500031632,0,7,0,0.0,1.0,1.0,1.0,A01
201500031633,0,7,0,0.0,2.0,1.0,2.0,B01
201500031633,0,10,0,0.0,2.0,1.0,2.0,C01
201500031633,0,7,0,0.0,2.0,4.0,2.0,A01
201500031634,0,7,0,0.0,2.0,4.0,2.0,B01
201500031634,0,7,0,0.0,2.0,1.0,2.0,A01
201500031635,0,7,0,0.0,2.0,2.0,2.0,A01
201500031635,0,7,0,0.0,2.0,3.0,1.0,B01
201500031636,0,7,0,0.0,1.0,1.0,1.0,A01
201500031637,0,7,0,0.0,1.0,3.0,1.0,A01
201500031638,0,7,0,0.0,2.0,3.0,0.0,A01
201500031638,0,30,0,0.0,2.0,1.0,1.0,B01
201500031639,0,7,0,0.0,2.0,1.0,2.0,A01
201500031639,0,7,0,0.0,2.0,4.0,1.0,B01
201500031640,0,2,0,0.0,2.0,1.0,1.0,B01
201500031640,0,7,0,0.0,2.0,3.0,15.0,A01
201500031641,0,7,0,0.0,2.0,4.0,1.0,C01
201500031641,0,7,0,0.0,2.0,4.0,2.0,B01
201500031641,0,14,0,0.0,2.0,1.0,2.0,A01
201500031642,0,7,0,0.0,1.0,2.0,1.0,A01
201500031643,0,7,0,0.0,2.0,4.0,1.0,B01
201500031643,0,2,0,0.0,2.0,1.0,2.0,A01
201500031644,0,7,0,0.0,2.0,2.0,1.0,A01
201500031644,0,34,0,0.0,2.0,7.0,1.0,B01
201500031645,0,7,0,0.0,1.0,1.0,1.0,A01
201500031646,0,7,0,0.0,2.0,3.0,9.0,A01
201500031646,0,1,0,0.0,2.0,5.0,1.0,B01
201500031647,0,32,0,0.0,2.0,1.0,0.0,B01
201500031647,0,7,0,0.0,2.0,6.0,15.0,A01
201500031648,0,30,0,0.0,2.0,3.0,1.0,B01
201500031648,0,7,0,0.0,2.0,0.0,0.0,A01
201500031649,0,33,0,0.0,2.0,1.0,1.0,B01
201500031649,0,2,0,0.0,2.0,7.0,15.0,A01
201500031650,0,7,0,0.0,2.0,1.0,2.0,A01
201500031650,0,7,0,0.0,2.0,4.0,2.0,D01
201500031650,0,7,0,0.0,2.0,4.0,2.0,C01
201500031650,0,7,0,0.0,2.0,4.0,2.0,B01
201500031651,0,7,0,0.0,2.0,1.0,1.0,A01
201500031651,0,20,0,0.0,2.0,1.0,9.0,B01
201500031652,0,2,0,0.0,2.0,1.0,17.0,B01
201500031652,0,7,0,0.0,2.0,3.0,9.0,A01
201500031653,0,7,0,0.0,2.0,1.0,2.0,A01
201500031653,0,7,0,0.0,2.0,4.0,1.0,C01
201500031653,0,7,0,0.0,2.0,4.0,1.0,B01
201500031654,0,10,0,0.0,2.0,3.0,9.0,A01
201500031654,0,2,0,0.0,2.0,1.0,1.0,B01
201500031655,0,31,0,13.0,0.0,7.0,14.0,A01
201500031656,0,7,0,0.0,2.0,4.0,1.0,B01
201500031656,0,2,0,0.0,2.0,1.0,2.0,A01
201500031657,0,7,0,6.0,0.0,1.0,14.0,A01
201500031658,0,7,0,0.0,2.0,3.0,0.0,A01
201500031658,0,2,0,0.0,2.0,1.0,1.0,B01
201500031659,0,7,0,0.0,2.0,4.0,16.0,B01
201500031659,0,33,0,0.0,2.0,1.0,2.0,A01
201500031660,0,33,0,0.0,2.0,7.0,1.0,B01
201500031660,0,7,0,0.0,2.0,6.0,9.0,A01
201500031661,0,7,0,0.0,2.0,3.0,9.0,A01
201500031661,0,7,0,0.0,2.0,1.0,1.0,B01
201500031662,0,7,0,0.0,2.0,3.0,13.0,A01
201500031662,0,7,0,0.0,2.0,3.0,1.0,B01
201500031663,0,7,0,0.0,2.0,2.0,11.0,A01
201500031663,0,7,0,0.0,2.0,8.0,11.0,B01
201500031664,0,33,0,0.0,2.0,1.0,1.0,B01
201500031664,0,7,0,0.0,2.0,3.0,9.0,A01
201500031665,0,7,0,0.0,2.0,1.0,1.0,B01
201500031665,0,7,0,0.0,2.0,1.0,15.0,A01
201500031666,0,7,0,0.0,2.0,1.0,1.0,B01
201500031666,0,7,0,0.0,2.0,1.0,1.0,A01
201500031667,0,33,0,1.0,0.0,1.0,1.0,B01
201500031667,0,7,0,0.0,2.0,0.0,15.0,A01
201500031668,0,7,0,0.0,2.0,2.0,9.0,A01
201500031668,0,32,0,0.0,2.0,1.0,1.0,B01
201500031669,0,7,0,0.0,2.0,4.0,1.0,B01
201500031669,0,2,0,0.0,2.0,1.0,2.0,A01
201500031670,0,7,0,0.0,2.0,2.0,15.0,B01
201500031670,0,32,0,0.0,2.0,1.0,17.0,A01
201500031671,0,7,0,0.0,1.0,0.0,0.0,A01
201500031672,0,7,0,0.0,2.0,8.0,15.0,A01
201500031672,0,7,0,0.0,2.0,1.0,1.0,B01
201500031673,0,7,0,0.0,2.0,3.0,1.0,A01
201500031673,0,7,0,0.0,2.0,0.0,0.0,B01
201500031674,0,10,0,0.0,2.0,4.0,1.0,B01
201500031674,0,30,0,0.0,2.0,1.0,2.0,A01
201500031675,0,10,0,0.0,1.0,4.0,4.0,A01
201500031676,0,2,0,0.0,2.0,1.0,2.0,A01
201500031676,0,7,0,0.0,2.0,4.0,1.0,B01
201500031677,0,7,0,0.0,2.0,2.0,9.0,A01
201500031677,0,2,0,0.0,2.0,2.0,1.0,B01
201500031678,0,33,0,0.0,2.0,1.0,1.0,C01
201500031678,0,33,0,0.0,2.0,1.0,2.0,A01
201500031678,0,7,0,0.0,2.0,4.0,15.0,B01
201500031679,0,2,0,0.0,2.0,1.0,1.0,B01
201500031679,0,7,0,0.0,2.0,3.0,9.0,A01
201500031680,0,10,0,0.0,2.0,3.0,9.0,A01
201500031680,0,33,0,0.0,0.0,0.0,0.0,B01
201500031681,0,2,0,0.0,2.0,1.0,13.0,A01
201500031681,0,7,0,0.0,2.0,1.0,1.0,B01
201500031682,0,7,0,0.0,1.0,1.0,17.0,A01
201500031683,0,30,0,0.0,2.0,1.0,17.0,A01
201500031683,0,7,0,0.0,2.0,8.0,0.0,B01
201500031684,0,7,0,0.0,2.0,3.0,13.0,A01
201500031684,0,7,0,0.0,2.0,3.0,1.0,B01
201500031685,0,7,0,0.0,2.0,1.0,13.0,A01
201500031685,0,7,0,0.0,2.0,1.0,1.0,B01
201500031686,0,7,0,0.0,2.0,2.0,16.0,A01
201500031686,0,32,0,0.0,2.0,8.0,1.0,B01
201500031687,0,7,0,0.0,2.0,4.0,1.0,B01
201500031687,0,31,0,0.0,2.0,1.0,2.0,A01
201500031688,0,2,0,0.0,2.0,1.0,17.0,B01
201500031688,0,7,0,0.0,2.0,3.0,9.0,A01
201500031689,0,37,0,0.0,1.0,8.0,9.0,A01
201500031690,0,7,0,0.0,1.0,1.0,1.0,A01
201500031691,0,2,0,0.0,2.0,1.0,1.0,B01
201500031691,0,7,0,0.0,2.0,3.0,15.0,A01
201500031692,0,34,0,0.0,2.0,1.0,1.0,B01
201500031692,0,7,0,0.0,2.0,2.0,9.0,A01
201500031693,0,7,0,0.0,2.0,2.0,9.0,A01
201500031693,0,7,0,0.0,2.0,3.0,1.0,B01
201500031694,0,32,0,0.0,2.0,7.0,16.0,B01
201500031694,0,7,0,0.0,2.0,6.0,15.0,A01
201500031695,0,7,0,0.0,2.0,1.0,1.0,B01
201500031695,0,7,0,0.0,2.0,2.0,9.0,A01
201500031696,0,7,0,0.0,2.0,1.0,2.0,A01
201500031696,0,7,0,0.0,2.0,4.0,1.0,B01
201500031697,0,7,0,0.0,1.0,1.0,9.0,A01
201500031698,0,7,0,0.0,1.0,7.0,1.0,A01
201500031699,0,2,0,0.0,2.0,1.0,1.0,B01
201500031699,0,7,0,0.0,2.0,3.0,9.0,A01
201500031700,0,2,0,0.0,2.0,1.0,1.0,B01
201500031700,0,7,0,0.0,2.0,3.0,15.0,A01
201500031701,0,7,0,0.0,2.0,4.0,1.0,C01
201500031701,0,7,0,0.0,2.0,1.0,2.0,B01
201500031701,0,7,0,0.0,2.0,1.0,2.0,A01
201500031702,0,2,0,0.0,2.0,1.0,2.0,A01
201500031702,0,7,0,0.0,2.0,4.0,1.0,B01
201500031703,0,10,0,0.0,2.0,1.0,1.0,A01
201500031703,0,30,0,16.0,0.0,0.0,1.0,B01
201500031704,0,7,0,0.0,2.0,1.0,1.0,A01
201500031704,0,1,0,0.0,0.0,0.0,0.0,B01
201500031705,0,15,0,0.0,1.0,1.0,1.0,A01
201500031706,0,7,0,0.0,1.0,2.0,1.0,A01
201500031707,0,7,0,0.0,2.0,1.0,10.0,A01
201500031707,0,33,0,0.0,0.0,0.0,0.0,B01
201500031708,0,7,0,0.0,2.0,7.0,15.0,B01
201500031708,0,33,0,0.0,2.0,1.0,1.0,A01
201500031709,0,7,0,0.0,1.0,1.0,1.0,A01
201500031710,0,7,0,0.0,2.0,3.0,1.0,B01
201500031710,0,33,0,0.0,2.0,3.0,17.0,A01
201500031711,0,7,0,0.0,0.0,0.0,0.0,B01
201500031711,0,30,0,0.0,2.0,1.0,2.0,A01
201500031712,0,7,0,0.0,2.0,3.0,15.0,B01
201500031712,0,2,0,0.0,2.0,2.0,17.0,A01
201500031713,0,7,0,0.0,2.0,2.0,1.0,B01
201500031713,0,2,0,0.0,2.0,1.0,1.0,A01
201500031714,0,7,0,0.0,2.0,3.0,9.0,A01
201500031714,0,7,0,0.0,2.0,8.0,15.0,B01
201500031715,0,7,0,0.0,2.0,1.0,9.0,B01
201500031715,0,2,0,0.0,2.0,1.0,17.0,A01
201500031716,0,33,0,0.0,2.0,7.0,17.0,A01
201500031716,0,7,0,0.0,2.0,3.0,15.0,B01
201500031717,0,32,0,0.0,2.0,7.0,17.0,A01
201500031717,0,7,0,0.0,2.0,8.0,1.0,B01
201500031718,0,7,0,0.0,2.0,8.0,15.0,B01
201500031718,0,2,0,0.0,2.0,1.0,17.0,A01
201500031719,0,2,0,0.0,2.0,1.0,17.0,A01
201500031719,0,7,0,0.0,2.0,3.0,15.0,B01
201500031720,0,31,0,0.0,2.0,1.0,2.0,A01
201500031720,0,7,0,0.0,0.0,0.0,0.0,B01
201500031721,0,7,0,0.0,2.0,1.0,1.0,B01
201500031721,0,7,0,0.0,2.0,1.0,19.0,A01
201500031722,0,7,0,0.0,2.0,3.0,15.0,A01
201500031722,0,30,0,0.0,2.0,1.0,17.0,B01
201500031723,0,7,0,0.0,2.0,4.0,1.0,B01
201500031723,0,30,0,0.0,2.0,1.0,2.0,A01
201500031724,0,7,0,0.0,2.0,1.0,1.0,B01
201500031724,0,33,0,0.0,2.0,1.0,15.0,A01
201500031725,0,30,0,0.0,2.0,1.0,2.0,A01
201500031725,0,7,0,0.0,0.0,0.0,0.0,B01
201500031725,0,7,0,0.0,2.0,1.0,1.0,D01
201500031725,0,7,0,0.0,2.0,1.0,2.0,C01
201500031726,0,7,0,0.0,2.0,4.0,1.0,B01
201500031726,0,7,0,0.0,2.0,1.0,1.0,A01
201500031727,0,33,0,0.0,2.0,1.0,1.0,B01
201500031727,0,7,0,0.0,2.0,2.0,9.0,A01
201500031728,0,7,0,0.0,2.0,2.0,1.0,B01
201500031728,0,7,0,0.0,2.0,3.0,9.0,A01
201500031729,0,2,0,0.0,2.0,1.0,1.0,B01
201500031729,0,7,0,0.0,2.0,3.0,9.0,A01
201500031730,0,10,0,0.0,2.0,4.0,1.0,B01
201500031730,0,30,0,0.0,2.0,1.0,2.0,A01
201500031731,0,10,0,0.0,1.0,2.0,1.0,A01
201500031732,0,30,0,0.0,2.0,1.0,2.0,A01
201500031732,0,7,0,0.0,2.0,4.0,1.0,B01
201500031733,0,7,0,0.0,2.0,3.0,19.0,A01
201500031733,0,2,0,0.0,2.0,1.0,1.0,B01
201500031734,0,7,0,2.0,2.0,8.0,13.0,A01
201500031734,0,7,0,0.0,2.0,8.0,1.0,B01
201500031735,0,7,0,0.0,2.0,6.0,10.0,A01
201500031735,0,33,0,0.0,2.0,2.0,1.0,B01
201500031736,0,7,0,0.0,2.0,1.0,1.0,A01
201500031736,0,7,0,0.0,2.0,4.0,0.0,B01
201500031737,0,33,0,0.0,0.0,0.0,0.0,A01
201500031738,0,7,0,0.0,2.0,8.0,15.0,A01
201500031738,0,33,0,0.0,2.0,1.0,17.0,B01
201500031739,0,7,0,0.0,1.0,1.0,1.0,A01
201500031740,0,7,0,0.0,2.0,1.0,19.0,B01
201500031740,0,34,0,0.0,2.0,7.0,17.0,A01
201500031741,0,33,0,8.0,0.0,2.0,14.0,A01
201500031742,0,7,0,0.0,2.0,2.0,15.0,A01
201500031742,0,30,0,0.0,2.0,8.0,0.0,B01
201500031743,0,31,0,0.0,2.0,3.0,2.0,B01
201500031743,0,30,0,0.0,2.0,2.0,2.0,A01
201500031744,0,10,0,0.0,2.0,3.0,23.0,B01
201500031744,0,33,0,0.0,2.0,1.0,17.0,A01
201500031745,0,7,0,0.0,2.0,2.0,1.0,B01
201500031745,0,7,0,0.0,2.0,3.0,9.0,A01
201500031746,0,7,0,0.0,2.0,1.0,21.0,B01
201500031746,0,7,0,0.0,2.0,1.0,15.0,A01
201500031747,0,32,0,0.0,2.0,1.0,1.0,B01
201500031747,0,7,0,0.0,2.0,2.0,5.0,A01
201500031748,0,7,0,0.0,2.0,1.0,1.0,B01
201500031748,0,7,0,0.0,2.0,3.0,9.0,A01
201500031749,0,31,0,0.0,2.0,1.0,1.0,B01
201500031749,0,7,0,0.0,2.0,3.0,9.0,A01
201500031749,0,7,0,0.0,2.0,1.0,1.0,C01
201500031750,0,33,0,0.0,2.0,1.0,1.0,B01
201500031750,0,13,0,0.0,2.0,7.0,15.0,A01
201500031751,0,7,0,0.0,0.0,0.0,0.0,B01
201500031751,0,7,0,0.0,2.0,1.0,2.0,A01
201500031752,0,7,0,0.0,2.0,4.0,1.0,B01
201500031752,0,7,0,0.0,2.0,1.0,2.0,A01
201500031753,0,7,0,0.0,2.0,4.0,2.0,C01
201500031753,0,10,0,0.0,0.0,0.0,0.0,D01
201500031753,0,7,0,0.0,2.0,4.0,2.0,A01
201500031753,0,7,0,0.0,2.0,4.0,2.0,B01
201500031754,0,7,0,0.0,2.0,6.0,15.0,B01
201500031754,0,2,0,0.0,2.0,1.0,2.0,A01
201500031755,0,7,0,0.0,1.0,2.0,1.0,A01
201500031756,0,7,0,0.0,2.0,4.0,1.0,B01
201500031756,0,7,0,0.0,2.0,1.0,2.0,A01
201500031757,0,2,0,0.0,2.0,1.0,2.0,A01
201500031757,0,7,0,0.0,2.0,4.0,1.0,B01
201500031758,0,7,0,0.0,1.0,2.0,1.0,A01
201500031759,0,30,0,0.0,2.0,8.0,1.0,B01
201500031759,0,7,0,0.0,2.0,7.0,17.0,A01
201500031760,0,7,0,0.0,2.0,1.0,2.0,A01
201500031760,0,20,0,0.0,2.0,4.0,23.0,B01
201500031761,0,7,0,0.0,1.0,1.0,1.0,A01
201500031762,0,7,0,0.0,1.0,3.0,0.0,A01
201500031763,0,7,0,0.0,2.0,9.0,2.0,B01
201500031763,0,7,0,0.0,2.0,1.0,2.0,A01
201500031763,0,7,0,0.0,2.0,4.0,2.0,C01
201500031764,0,7,0,0.0,2.0,4.0,2.0,B01
201500031764,0,7,0,0.0,2.0,4.0,2.0,A01
201500031765,0,7,0,0.0,1.0,1.0,1.0,A01
201500031766,0,7,0,0.0,1.0,0.0,0.0,A01
201500031767,0,7,0,0.0,1.0,5.0,0.0,A01
201500031768,0,7,0,0.0,0.0,0.0,0.0,A01
201500031768,0,30,0,0.0,2.0,1.0,1.0,B01
201500031769,0,7,0,0.0,2.0,2.0,10.0,A01
201500031769,0,33,0,16.0,2.0,8.0,1.0,B01
201500031770,0,7,0,0.0,0.0,0.0,0.0,B01
201500031770,0,7,0,0.0,2.0,1.0,1.0,A01
201500031771,0,7,0,0.0,2.0,4.0,1.0,B01
201500031771,0,7,0,0.0,2.0,1.0,1.0,A01
201500031772,0,7,0,6.0,0.0,1.0,15.0,A01
201500031773,0,33,0,0.0,2.0,1.0,1.0,B01
201500031773,0,7,0,0.0,2.0,3.0,15.0,A01
201500031774,0,7,0,0.0,2.0,1.0,2.0,A01
201500031774,0,31,0,0.0,2.0,4.0,23.0,B01
201500031775,0,7,0,0.0,1.0,8.0,1.0,A01
201500031776,0,7,0,0.0,2.0,7.0,15.0,A01
201500031776,0,2,0,0.0,2.0,1.0,1.0,B01
201500031777,0,37,1,0.0,1.0,2.0,1.0,A01
201500031778,0,7,0,0.0,2.0,1.0,13.0,A01
201500031778,0,7,0,0.0,2.0,1.0,1.0,B01
201500031779,0,7,0,0.0,0.0,0.0,0.0,A01
201500031780,0,7,0,0.0,1.0,2.0,1.0,A01
201500031781,0,7,0,0.0,2.0,6.0,2.0,B01
201500031781,0,2,0,0.0,2.0,6.0,2.0,A01
201500031782,0,10,0,0.0,2.0,1.0,2.0,A01
201500031782,0,7,0,0.0,0.0,4.0,1.0,C01
201500031782,0,7,0,0.0,2.0,4.0,1.0,B01
201500031783,0,7,0,0.0,2.0,2.0,2.0,B01
201500031783,0,7,0,0.0,2.0,0.0,9.0,A01
201500031784,0,7,0,0.0,2.0,7.0,1.0,B01
201500031784,0,1,0,0.0,2.0,8.0,15.0,A01
201500031785,0,1,0,0.0,0.0,0.0,0.0,B01
201500031785,0,7,0,0.0,2.0,6.0,4.0,A01
201500031786,0,7,0,0.0,2.0,1.0,13.0,A01
201500031786,0,7,0,0.0,2.0,1.0,1.0,B01
201500031787,0,7,0,0.0,2.0,1.0,2.0,A01
201500031787,0,7,0,0.0,2.0,1.0,2.0,B01
201500031787,0,7,0,0.0,0.0,5.0,2.0,C01
201500031788,0,7,0,0.0,2.0,2.0,1.0,B01
201500031788,0,7,0,0.0,2.0,2.0,13.0,A01
201500031789,0,7,0,0.0,2.0,1.0,13.0,A01
201500031789,0,7,0,0.0,2.0,1.0,1.0,B01
201500031790,0,7,0,0.0,1.0,1.0,1.0,A01
201500031791,0,7,0,6.0,2.0,7.0,1.0,B01
201500031791,0,10,0,0.0,2.0,1.0,23.0,C01
201500031791,0,14,0,0.0,2.0,1.0,1.0,A01
201500031792,0,7,0,0.0,2.0,3.0,9.0,A01
201500031792,0,1,0,0.0,2.0,1.0,15.0,B01
201500031793,0,7,0,0.0,0.0,0.0,0.0,A01
201500031793,0,7,0,0.0,0.0,0.0,0.0,B01
201500031794,0,7,0,0.0,2.0,4.0,2.0,B01
201500031794,0,7,0,0.0,2.0,1.0,2.0,A01
201500031795,0,7,0,0.0,2.0,1.0,2.0,A01
201500031795,0,7,0,0.0,2.0,4.0,23.0,C01
201500031795,0,30,0,0.0,2.0,4.0,23.0,B01
201500031796,0,7,0,0.0,2.0,1.0,1.0,B01
201500031796,0,7,0,0.0,2.0,8.0,19.0,A01
201500031797,0,7,0,0.0,1.0,2.0,16.0,A01
201500031798,0,7,0,0.0,1.0,1.0,1.0,A01
201500031799,0,1,0,0.0,2.0,1.0,0.0,B01
201500031799,0,7,0,0.0,2.0,3.0,0.0,A01
201500031800,0,10,0,0.0,2.0,3.0,1.0,B01
201500031800,0,7,0,0.0,2.0,7.0,19.0,A01
201500031801,0,7,0,0.0,1.0,0.0,0.0,A01
201500031802,0,7,0,0.0,1.0,3.0,15.0,A01
201500031803,0,7,0,0.0,0.0,2.0,1.0,A01
201500031804,0,7,0,14.0,2.0,1.0,19.0,A01
201500031804,0,7,0,0.0,2.0,3.0,19.0,B01
201500031805,0,33,0,0.0,2.0,1.0,17.0,A01
201500031805,0,7,0,0.0,2.0,5.0,15.0,B01
201500031806,0,7,0,0.0,1.0,3.0,0.0,A01
201500031807,0,7,0,2.0,0.0,1.0,15.0,A01
201500031808,0,7,0,0.0,2.0,1.0,1.0,B01
201500031808,0,7,0,0.0,1.0,2.0,0.0,A01
201500031809,0,30,0,1.0,2.0,1.0,17.0,B01
201500031809,0,7,0,0.0,2.0,3.0,15.0,A01
201500031810,0,7,0,0.0,2.0,4.0,2.0,B01
201500031810,0,30,0,0.0,2.0,1.0,2.0,A01
201500031811,0,7,0,0.0,2.0,1.0,5.0,A01
201500031811,0,7,0,0.0,2.0,1.0,1.0,B01
201500031812,0,7,0,0.0,2.0,1.0,15.0,A01
201500031812,0,33,0,0.0,2.0,8.0,15.0,B01
201500031813,0,7,0,0.0,2.0,1.0,13.0,A01
201500031813,0,7,0,0.0,2.0,1.0,1.0,B01
201500031814,0,2,0,0.0,2.0,8.0,1.0,B01
201500031814,0,7,0,0.0,2.0,2.0,15.0,A01
201500031815,0,30,0,0.0,2.0,1.0,1.0,A01
201500031815,0,7,0,0.0,2.0,3.0,15.0,B01
201500031816,0,7,0,0.0,2.0,7.0,15.0,B01
201500031816,0,30,0,0.0,2.0,1.0,1.0,A01
201500031817,0,7,0,0.0,0.0,0.0,0.0,B01
201500031817,0,7,0,0.0,2.0,2.0,1.0,A01
201500031818,0,7,0,0.0,1.0,4.0,4.0,A01
201500031819,0,7,0,0.0,2.0,8.0,1.0,B01
201500031819,0,7,0,7.0,2.0,1.0,9.0,A01
201500031820,1,7,0,0.0,2.0,0.0,5.0,A01
201500031820,0,7,0,0.0,2.0,7.0,1.0,B01
201500031821,0,1,0,0.0,0.0,0.0,0.0,B01
201500031821,0,10,0,0.0,2.0,2.0,15.0,A01
201500031822,0,7,0,0.0,1.0,1.0,15.0,A01
201500031823,0,7,0,6.0,0.0,1.0,13.0,A01
201500031824,0,14,0,0.0,2.0,7.0,16.0,B01
201500031824,0,33,0,0.0,2.0,1.0,0.0,A01
201500031825,0,7,0,0.0,1.0,0.0,0.0,A01
201500031826,0,7,0,0.0,2.0,1.0,19.0,A01
201500031826,0,7,0,0.0,2.0,7.0,1.0,B01
201500031827,0,7,0,0.0,1.0,2.0,1.0,A01
201500031828,0,7,0,13.0,0.0,9.0,0.0,A01
201500031829,0,7,0,0.0,2.0,1.0,1.0,B01
201500031829,0,7,0,0.0,2.0,1.0,19.0,A01
201500031830,0,33,0,0.0,2.0,8.0,1.0,B01
201500031830,0,7,0,0.0,2.0,1.0,15.0,A01
201500031831,0,7,0,0.0,0.0,0.0,0.0,B01
201500031831,0,7,0,0.0,2.0,3.0,1.0,A01
201500031832,0,7,0,1.0,1.0,2.0,0.0,A01
201500031833,0,7,0,0.0,2.0,7.0,1.0,B01
201500031833,0,10,0,13.0,2.0,3.0,16.0,A01
201500031834,0,10,0,0.0,2.0,3.0,1.0,B01
201500031834,0,7,0,0.0,2.0,3.0,6.0,A01
201500031835,0,7,0,0.0,2.0,7.0,1.0,A01
201500031835,0,7,0,0.0,2.0,1.0,0.0,B01
201500031836,0,7,0,0.0,2.0,1.0,2.0,A01
201500031836,0,7,0,0.0,2.0,4.0,2.0,C01
201500031836,0,7,0,0.0,2.0,9.0,2.0,B01
201500031837,0,7,0,0.0,2.0,9.0,2.0,B01
201500031837,0,7,0,0.0,2.0,1.0,2.0,A01
201500031838,0,7,0,0.0,1.0,3.0,1.0,A01
201500031839,0,7,0,0.0,2.0,1.0,2.0,A01
201500031839,0,7,0,0.0,2.0,1.0,1.0,D01
201500031839,0,7,0,0.0,2.0,1.0,1.0,C01
201500031839,0,10,0,0.0,2.0,9.0,2.0,B01
201500031840,0,7,0,0.0,2.0,3.0,1.0,B01
201500031840,0,7,0,0.0,2.0,2.0,13.0,A01
201500031841,0,7,0,0.0,2.0,3.0,1.0,B01
201500031841,0,7,0,0.0,2.0,3.0,13.0,A01
201500031842,0,7,0,0.0,2.0,3.0,15.0,A01
201500031842,0,33,0,0.0,2.0,1.0,17.0,B01
201500031843,0,7,0,0.0,2.0,2.0,19.0,A01
201500031843,0,7,0,0.0,2.0,8.0,15.0,B01
201500031844,0,7,0,0.0,2.0,2.0,1.0,B01
201500031844,0,7,0,0.0,2.0,2.0,15.0,A01
201500031845,0,7,0,0.0,2.0,3.0,15.0,B01
201500031845,0,7,0,0.0,2.0,1.0,17.0,A01
201500031846,0,37,1,0.0,2.0,2.0,1.0,B01
201500031846,0,7,0,15.0,2.0,7.0,15.0,A01
201500031847,0,7,0,0.0,1.0,1.0,2.0,A01
201500031848,0,7,0,0.0,2.0,6.0,1.0,C01
201500031848,0,7,0,0.0,2.0,1.0,5.0,A01
201500031848,0,7,0,0.0,2.0,1.0,0.0,B01
201500031849,0,7,0,0.0,2.0,7.0,15.0,A01
201500031849,0,33,0,0.0,2.0,1.0,0.0,B01
201500031850,0,1,0,1.0,0.0,1.0,1.0,B01
201500031850,0,7,0,0.0,2.0,8.0,22.0,A01
201500031851,0,7,0,0.0,2.0,3.0,1.0,B01
201500031851,0,1,0,0.0,2.0,0.0,19.0,A01
201500031852,0,34,0,0.0,2.0,8.0,1.0,B01
201500031852,0,7,0,0.0,2.0,2.0,19.0,A01
201500031853,0,7,0,0.0,0.0,0.0,0.0,C01
201500031853,0,7,0,0.0,0.0,0.0,0.0,A01
201500031853,0,7,0,0.0,0.0,0.0,0.0,B01
201500031854,0,7,0,0.0,1.0,1.0,1.0,A01
201500031855,0,33,0,0.0,2.0,1.0,1.0,B01
201500031855,0,7,0,0.0,2.0,3.0,17.0,A01
201500031856,0,7,0,0.0,2.0,1.0,1.0,B01
201500031856,0,1,0,0.0,2.0,3.0,15.0,A01
201500031857,0,15,0,0.0,2.0,1.0,2.0,A01
201500031857,0,7,0,0.0,2.0,4.0,2.0,B01
201500031858,0,33,0,0.0,2.0,1.0,1.0,B01
201500031858,0,7,0,0.0,2.0,3.0,15.0,A01
201500031859,0,7,0,0.0,2.0,3.0,0.0,B01
201500031859,0,1,0,0.0,0.0,0.0,0.0,A01
201500031860,0,1,0,0.0,2.0,1.0,17.0,A01
201500031860,0,7,0,0.0,2.0,3.0,1.0,B01
201500031860,0,13,0,0.0,0.0,0.0,17.0,C01
201500031861,0,7,0,0.0,2.0,3.0,15.0,B01
201500031861,0,7,0,0.0,2.0,3.0,1.0,A01
201500031862,0,7,0,0.0,2.0,4.0,15.0,B01