Num_Acc,senc,catv,occutc,obs,obsm,choc,manv,num_veh
201500031862,0,37,1,0.0,2.0,1.0,1.0,A01
201500031863,0,7,0,0.0,1.0,2.0,1.0,A01
201500031864,0,10,0,0.0,2.0,3.0,19.0,A01
201500031864,0,33,0,0.0,2.0,8.0,1.0,B01
201500031865,0,7,0,0.0,1.0,1.0,1.0,A01
201500031866,0,7,0,0.0,2.0,2.0,15.0,A01
201500031866,0,30,0,0.0,2.0,8.0,1.0,B01
201500031867,0,7,0,0.0,2.0,1.0,19.0,A01
201500031867,0,32,0,0.0,2.0,1.0,1.0,B01
201500031868,0,1,0,0.0,2.0,0.0,1.0,B01
201500031868,0,7,0,0.0,2.0,0.0,9.0,A01
201500031869,0,7,0,0.0,2.0,6.0,23.0,B01
201500031869,0,30,0,0.0,2.0,2.0,0.0,A01
201500031870,0,10,0,0.0,2.0,1.0,2.0,A01
201500031870,0,7,0,0.0,2.0,4.0,2.0,B01
201500031871,0,7,0,0.0,1.0,7.0,0.0,A01
201500031872,0,1,0,0.0,1.0,0.0,0.0,A01
201500031873,0,7,0,0.0,1.0,1.0,15.0,A01
201500031874,0,7,0,0.0,2.0,2.0,15.0,B01
201500031874,0,30,0,0.0,2.0,1.0,15.0,A01
201500031875,0,7,0,0.0,2.0,8.0,1.0,B01
201500031875,0,7,0,0.0,2.0,8.0,1.0,A01
201500031876,0,1,0,0.0,0.0,0.0,0.0,B01
201500031876,0,7,0,0.0,2.0,0.0,0.0,A01
201500031877,0,7,0,0.0,2.0,2.0,1.0,B01
201500031877,0,7,0,0.0,2.0,7.0,19.0,A01
201500031878,0,7,0,0.0,2.0,3.0,15.0,A01
201500031878,0,30,0,0.0,2.0,1.0,1.0,B01
201500031879,0,7,0,0.0,2.0,1.0,2.0,A01
201500031879,0,7,0,0.0,0.0,6.0,2.0,B01
201500031880,0,7,0,0.0,1.0,2.0,12.0,A01
201500031881,0,7,0,0.0,2.0,2.0,9.0,A01
201500031881,0,1,0,0.0,0.0,0.0,0.0,B01
201500031882,0,7,0,0.0,2.0,7.0,15.0,A01
201500031882,0,1,0,0.0,2.0,1.0,1.0,B01
201500031883,0,10,0,0.0,2.0,3.0,15.0,A01
201500031883,0,33,0,0.0,2.0,3.0,1.0,B02
201500031884,0,7,0,0.0,1.0,8.0,1.0,A01
201500031885,0,30,0,0.0,0.0,0.0,1.0,A01
201500031886,0,33,0,0.0,1.0,1.0,1.0,A01
201500031887,0,7,0,0.0,1.0,1.0,16.0,A01
201500031888,0,14,0,0.0,1.0,2.0,16.0,A01
201500031889,0,7,0,0.0,2.0,3.0,1.0,A01
201500031889,0,7,0,0.0,2.0,6.0,0.0,B01
201500031890,0,7,0,0.0,2.0,3.0,15.0,B01
201500031890,0,33,0,0.0,2.0,1.0,1.0,A01
201500031891,0,7,0,0.0,2.0,3.0,13.0,A01
201500031891,0,7,0,0.0,2.0,3.0,1.0,B01
201500031892,0,30,0,0.0,1.0,1.0,1.0,A01
201500031893,0,7,0,0.0,1.0,1.0,15.0,A01
201500031894,0,7,0,0.0,1.0,1.0,1.0,A01
201500031895,0,33,0,4.0,0.0,7.0,1.0,A01
201500031896,0,7,0,0.0,2.0,1.0,2.0,A01
201500031896,0,7,0,0.0,2.0,4.0,23.0,B01
201500031897,0,30,0,0.0,2.0,1.0,2.0,A01
201500031897,0,7,0,0.0,2.0,4.0,2.0,B01
201500031898,0,30,0,0.0,2.0,4.0,2.0,B01
201500031898,0,7,0,0.0,2.0,1.0,2.0,A01
201500031899,0,7,0,6.0,0.0,1.0,14.0,A01
201500031900,0,7,0,0.0,1.0,2.0,1.0,A01
201500031901,0,7,0,0.0,0.0,4.0,23.0,C01
201500031901,0,7,0,0.0,2.0,1.0,0.0,A01
201500031901,0,7,0,0.0,2.0,9.0,23.0,B01
201500031902,0,7,0,0.0,1.0,2.0,1.0,A01
201500031903,0,7,0,0.0,2.0,3.0,1.0,B01
201500031903,0,1,0,0.0,2.0,1.0,15.0,A01
201500031904,0,7,0,0.0,0.0,4.0,1.0,B01
201500031904,0,7,0,0.0,2.0,1.0,1.0,A01
201500031905,0,7,0,1.0,0.0,2.0,1.0,A01
201500031906,0,7,0,14.0,0.0,9.0,0.0,A01
201500031907,0,32,0,0.0,2.0,1.0,1.0,B01
201500031907,0,7,0,0.0,2.0,3.0,15.0,A01
201500031908,0,7,0,0.0,2.0,1.0,1.0,B01
201500031908,0,7,0,0.0,2.0,7.0,10.0,A01
201500031909,0,7,0,0.0,1.0,1.0,16.0,A01
201500031910,0,7,0,0.0,2.0,2.0,1.0,A01
201500031910,0,99,0,0.0,2.0,6.0,23.0,B01
201500031911,0,7,0,12.0,2.0,1.0,1.0,B01
201500031911,0,7,0,12.0,2.0,3.0,0.0,A01
201500031912,0,30,0,0.0,2.0,2.0,1.0,A01
201500031912,0,7,0,0.0,2.0,3.0,0.0,B01
201500031913,0,10,0,0.0,2.0,3.0,19.0,A01
201500031913,0,1,0,0.0,2.0,7.0,1.0,B01
201500031914,1,7,0,0.0,2.0,1.0,15.0,A01
201500031914,0,1,0,0.0,2.0,1.0,21.0,B01
201500031915,0,7,0,4.0,0.0,1.0,14.0,A01
201500031916,0,1,0,0.0,2.0,1.0,1.0,B01
201500031916,0,7,0,0.0,2.0,2.0,1.0,A01
201500031917,0,7,0,0.0,2.0,0.0,15.0,B01
201500031917,0,32,0,0.0,2.0,1.0,17.0,A01
201500031918,0,7,0,0.0,1.0,1.0,1.0,A01
201500031919,0,7,0,0.0,2.0,5.0,23.0,C01
201500031919,0,32,0,0.0,2.0,0.0,21.0,B01
201500031919,0,7,0,0.0,2.0,8.0,22.0,A01
201500031920,0,7,0,0.0,1.0,1.0,1.0,A01
201500031921,0,7,0,0.0,2.0,3.0,9.0,A01
201500031921,0,30,0,0.0,2.0,1.0,21.0,B01
201500031922,0,7,0,0.0,2.0,3.0,15.0,B01
201500031922,0,30,0,0.0,2.0,1.0,1.0,A01
201500031923,0,7,0,0.0,2.0,3.0,21.0,B01
201500031923,0,7,0,0.0,2.0,1.0,1.0,A01
201500031924,0,7,0,0.0,2.0,8.0,15.0,A01
201500031924,0,99,0,0.0,2.0,2.0,17.0,B01
201500031925,0,7,0,0.0,1.0,4.0,4.0,A01
201500031926,0,15,0,0.0,2.0,6.0,1.0,B01
201500031926,0,7,0,0.0,2.0,2.0,17.0,A01
201500031927,0,7,0,0.0,1.0,4.0,2.0,B01
201500031927,0,7,0,0.0,2.0,1.0,2.0,A01
201500031928,0,30,0,0.0,1.0,1.0,1.0,A01
201500031929,0,36,0,0.0,2.0,1.0,1.0,A01
201500031929,1,7,0,0.0,2.0,2.0,1.0,Z01
201500031930,0,33,0,0.0,2.0,0.0,0.0,B01
201500031930,2,7,0,0.0,2.0,0.0,0.0,Z01
201500031931,0,2,0,0.0,2.0,1.0,1.0,A01
201500031931,0,7,0,0.0,0.0,4.0,1.0,B01
201500031932,0,30,0,0.0,2.0,1.0,1.0,A01
201500031932,0,7,0,0.0,2.0,3.0,15.0,B01
201500031933,0,7,0,0.0,1.0,2.0,1.0,A01
201500031934,0,7,0,0.0,1.0,1.0,1.0,A01
201500031935,0,7,0,0.0,1.0,1.0,1.0,A01
201500031936,0,7,0,0.0,1.0,3.0,1.0,A01
201500031937,0,7,0,0.0,1.0,2.0,1.0,A01
201500031938,0,33,0,0.0,1.0,1.0,1.0,A01
201500031939,0,7,0,0.0,2.0,2.0,17.0,B01
201500031939,0,7,0,0.0,2.0,3.0,13.0,A01
201500031940,0,7,0,0.0,2.0,1.0,1.0,A01
201500031940,0,7,0,0.0,2.0,8.0,1.0,B01
201500031941,0,7,0,0.0,1.0,1.0,1.0,A01
201500031942,0,7,0,0.0,2.0,1.0,21.0,B01
201500031942,0,7,0,0.0,2.0,8.0,1.0,A01
201500031943,0,7,0,0.0,2.0,3.0,15.0,B01
201500031943,0,2,0,0.0,2.0,1.0,17.0,A01
201500031944,0,30,0,0.0,1.0,1.0,1.0,A01
201500031945,0,7,0,0.0,2.0,1.0,2.0,A01
201500031945,0,7,0,0.0,2.0,4.0,2.0,B01
201500031946,0,7,0,0.0,2.0,4.0,2.0,D01
201500031946,0,7,0,0.0,2.0,4.0,2.0,B01
201500031946,0,7,0,0.0,2.0,4.0,2.0,C01
201500031946,0,7,0,0.0,2.0,1.0,2.0,A01
201500031947,0,7,0,0.0,2.0,2.0,21.0,B01
201500031947,0,7,0,0.0,2.0,3.0,15.0,A01
201500031948,0,7,0,0.0,1.0,1.0,15.0,A01
201500031949,0,7,0,0.0,2.0,3.0,0.0,A01
201500031949,0,7,0,0.0,0.0,1.0,0.0,B01
201500031950,0,7,0,0.0,2.0,3.0,9.0,A01
201500031950,0,30,0,0.0,2.0,1.0,21.0,B01
201500031951,0,7,0,0.0,2.0,3.0,0.0,A01
201500031951,0,7,0,0.0,2.0,3.0,1.0,B01
201500031952,2,7,0,0.0,2.0,1.0,1.0,A01
201500031952,0,32,0,0.0,2.0,7.0,15.0,B01
201500031952,0,7,0,0.0,2.0,8.0,23.0,C01
201500031953,0,32,0,0.0,2.0,1.0,2.0,A01
201500031953,0,7,0,0.0,2.0,4.0,2.0,B01
201500031954,0,7,0,0.0,1.0,1.0,1.0,A01
201500031955,0,7,0,0.0,2.0,4.0,4.0,A01
201500031955,0,7,0,0.0,2.0,1.0,1.0,B01
201500031956,0,7,0,3.0,0.0,1.0,1.0,A01
201500031957,0,7,0,0.0,2.0,6.0,10.0,A01
201500031957,0,33,0,0.0,2.0,1.0,17.0,B01
201500031958,0,7,0,0.0,2.0,7.0,15.0,A01
201500031958,0,33,0,0.0,2.0,1.0,21.0,B01
201500031959,0,7,0,0.0,2.0,3.0,1.0,A01
201500031959,0,7,0,0.0,2.0,3.0,13.0,B01
201500031960,0,7,0,0.0,2.0,1.0,1.0,A01
201500031960,0,7,0,0.0,0.0,4.0,1.0,B01
201500031961,0,7,0,0.0,1.0,1.0,1.0,A01
201500031962,0,7,0,0.0,2.0,3.0,15.0,A01
201500031962,0,33,0,0.0,2.0,1.0,1.0,B01
201500031963,0,7,0,0.0,2.0,3.0,1.0,A01
201500031963,0,7,0,0.0,2.0,1.0,0.0,B01
201500031964,0,7,0,0.0,2.0,2.0,1.0,A01
201500031964,0,1,0,0.0,0.0,6.0,1.0,B01
201500031965,0,7,0,0.0,0.0,6.0,1.0,B01
201500031965,0,7,0,0.0,2.0,2.0,1.0,A01
201500031966,0,7,0,0.0,2.0,8.0,10.0,A01
201500031966,0,33,0,0.0,2.0,1.0,1.0,B01
201500031967,0,7,0,0.0,1.0,1.0,1.0,A01
201500031968,0,7,0,0.0,2.0,1.0,1.0,A01
201500031968,0,31,0,0.0,0.0,4.0,1.0,B01
201500031969,0,7,0,0.0,2.0,3.0,15.0,A01
201500031969,0,31,0,0.0,2.0,1.0,1.0,B01
201500031970,0,32,0,0.0,2.0,3.0,1.0,B01
201500031970,0,7,0,0.0,2.0,2.0,9.0,A01
201500031971,0,1,0,0.0,0.0,4.0,1.0,A01
201500031971,1,7,0,0.0,0.0,0.0,0.0,Z01
201500031972,0,7,0,0.0,0.0,1.0,1.0,A01
201500031972,0,7,0,0.0,0.0,4.0,1.0,B01
201500031973,0,7,0,0.0,1.0,1.0,1.0,A01
201500031974,0,7,0,0.0,1.0,1.0,1.0,A01
201500031975,0,7,0,0.0,2.0,2.0,15.0,A01
201500031975,0,1,0,0.0,2.0,1.0,1.0,B01
201500031976,0,7,0,0.0,2.0,1.0,1.0,A01
201500031976,0,7,0,0.0,2.0,4.0,1.0,B01
201500031976,0,7,0,0.0,0.0,4.0,1.0,C01
201500031977,0,7,0,0.0,2.0,1.0,1.0,A01
201500031977,0,7,0,0.0,2.0,4.0,1.0,B01
201500031977,0,7,0,0.0,2.0,4.0,0.0,C01
201500031977,0,7,0,0.0,0.0,4.0,1.0,D01
201500031978,0,7,0,0.0,2.0,3.0,9.0,A01
201500031978,0,7,0,0.0,2.0,7.0,1.0,B01
201500031979,0,7,0,0.0,2.0,2.0,15.0,A01
201500031979,0,7,0,0.0,2.0,3.0,1.0,B01
201500031980,0,7,0,0.0,1.0,4.0,4.0,A01
201500031981,0,33,0,6.0,0.0,1.0,14.0,A01
201500031982,0,7,0,4.0,0.0,9.0,1.0,A01
201500031983,0,30,0,0.0,2.0,2.0,15.0,A01
201500031983,0,7,0,0.0,2.0,3.0,1.0,B01
201500031984,0,7,0,0.0,2.0,2.0,1.0,A01
201500031984,0,30,0,0.0,0.0,4.0,1.0,B01
201500031985,0,7,0,0.0,2.0,2.0,15.0,A01
201500031985,0,7,0,0.0,2.0,3.0,1.0,B01
201500031986,0,7,0,0.0,2.0,3.0,1.0,A01
201500031986,0,7,0,0.0,2.0,1.0,1.0,B01
201500031987,0,7,0,0.0,2.0,3.0,1.0,A01
201500031987,0,30,0,0.0,2.0,2.0,1.0,B01
201500031988,0,1,0,0.0,2.0,8.0,19.0,B01
201500031988,1,7,0,0.0,2.0,0.0,16.0,A01
201500031989,0,7,0,0.0,2.0,3.0,13.0,A01
201500031989,0,32,0,0.0,2.0,1.0,21.0,B01
201500031990,0,7,0,0.0,1.0,1.0,1.0,A01
201500031991,0,33,0,0.0,2.0,1.0,17.0,B01
201500031991,0,7,0,0.0,2.0,3.0,15.0,A01
201500031992,0,7,0,0.0,2.0,3.0,13.0,A01
201500031992,0,7,0,0.0,2.0,3.0,1.0,B01
201500031993,0,33,0,0.0,2.0,1.0,21.0,B01
201500031993,0,7,0,0.0,2.0,7.0,15.0,A01
201500031994,0,7,0,0.0,1.0,1.0,1.0,A01
201500031995,0,7,0,0.0,1.0,1.0,15.0,A01
201500031996,0,13,0,0.0,2.0,7.0,14.0,A01
201500031996,0,7,0,0.0,2.0,3.0,1.0,B01
201500031997,0,7,0,0.0,2.0,3.0,13.0,A01
201500031997,0,7,0,0.0,2.0,3.0,1.0,B01
201500031998,0,7,0,0.0,1.0,1.0,21.0,A01
201500031999,0,2,0,0.0,2.0,1.0,1.0,A01
201500031999,0,7,0,0.0,2.0,8.0,9.0,B01
201500032000,0,7,0,0.0,1.0,1.0,9.0,A01
201500032001,0,7,0,0.0,2.0,3.0,15.0,A01
201500032001,0,30,0,0.0,2.0,7.0,1.0,B01
201500032002,0,7,0,0.0,1.0,2.0,1.0,A01
201500032003,0,7,0,0.0,2.0,3.0,13.0,A01
201500032003,0,7,0,0.0,2.0,3.0,21.0,B01
201500032004,0,14,0,0.0,2.0,6.0,11.0,A01
201500032004,0,32,0,0.0,2.0,2.0,1.0,B01
201500032005,0,7,0,0.0,1.0,1.0,0.0,A01
201500032006,0,7,0,0.0,1.0,1.0,1.0,A01
201500032007,0,7,0,0.0,1.0,4.0,4.0,A01
201500032008,0,7,0,0.0,2.0,3.0,15.0,A01
201500032008,0,30,0,0.0,2.0,1.0,1.0,B01
201500032009,0,7,0,0.0,2.0,4.0,2.0,A01
201500032009,0,7,0,0.0,0.0,0.0,0.0,B01
201500032010,0,7,0,0.0,1.0,1.0,1.0,A01
201500032011,0,7,0,0.0,2.0,7.0,1.0,A01
201500032011,0,1,0,0.0,2.0,8.0,1.0,B01
201500032012,0,30,0,0.0,2.0,3.0,1.0,B01
201500032012,0,7,0,0.0,2.0,5.0,15.0,A01
201500032013,0,7,0,0.0,2.0,7.0,10.0,A01
201500032013,0,34,0,0.0,2.0,1.0,1.0,B01
201500032014,0,7,0,0.0,2.0,3.0,1.0,B01
201500032014,0,30,0,0.0,2.0,1.0,15.0,A01
201500032015,0,7,0,0.0,1.0,2.0,1.0,A01
201500032016,0,7,0,0.0,1.0,1.0,1.0,A01
201500032017,0,7,0,0.0,2.0,1.0,1.0,C01
201500032017,0,7,0,0.0,2.0,4.0,2.0,B01
201500032017,0,7,0,0.0,2.0,1.0,2.0,A01
201500032018,0,2,0,0.0,2.0,1.0,17.0,A01
201500032018,0,7,0,0.0,2.0,3.0,15.0,B01
201500032019,0,7,0,0.0,1.0,1.0,15.0,A01
201500032020,0,7,0,0.0,2.0,1.0,2.0,A01
201500032020,0,7,0,0.0,2.0,4.0,2.0,C01
201500032020,0,7,0,0.0,2.0,4.0,0.0,B01
201500032021,0,7,0,0.0,2.0,1.0,15.0,A01
201500032021,0,33,0,0.0,2.0,1.0,17.0,B01
201500032022,0,7,0,0.0,1.0,2.0,1.0,A01
201500032023,0,7,0,0.0,1.0,1.0,1.0,A01
201500032024,0,7,0,0.0,2.0,1.0,1.0,A01
201500032024,0,1,0,0.0,2.0,8.0,0.0,B01
201500032025,0,30,0,0.0,2.0,1.0,0.0,A01
201500032025,0,7,0,0.0,0.0,4.0,1.0,B01
201500032026,0,7,0,0.0,2.0,8.0,1.0,B01
201500032026,0,7,0,0.0,2.0,2.0,15.0,A01
201500032027,0,3,0,0.0,1.0,1.0,1.0,A01
201500032028,0,7,0,0.0,2.0,3.0,5.0,A01
201500032028,0,30,0,0.0,2.0,2.0,1.0,B01
201500032029,0,7,0,0.0,1.0,1.0,1.0,A01
201500032030,0,33,0,0.0,2.0,1.0,17.0,A01
201500032030,0,7,0,0.0,2.0,3.0,15.0,B01
201500032031,0,36,0,2.0,0.0,3.0,1.0,A01
201500032032,0,36,0,8.0,0.0,2.0,1.0,A01
201500032033,0,7,0,0.0,1.0,2.0,1.0,A01
201500032034,0,31,0,0.0,2.0,1.0,1.0,B02
201500032034,0,7,0,0.0,2.0,2.0,19.0,A01
201500032035,0,7,0,0.0,1.0,1.0,1.0,A01
201500032036,0,30,0,0.0,2.0,4.0,1.0,A01
201500032036,0,7,0,0.0,2.0,2.0,1.0,B02
201500032037,0,33,0,0.0,2.0,1.0,1.0,A01
201500032037,0,7,0,0.0,2.0,3.0,23.0,B02
201500032038,0,33,0,14.0,2.0,1.0,1.0,A01
201500032038,0,7,0,14.0,2.0,1.0,1.0,B02
201500032039,0,14,0,1.0,0.0,0.0,0.0,B01
201500032040,0,7,0,0.0,9.0,3.0,15.0,A01
201500032040,0,33,0,0.0,2.0,1.0,1.0,B02
201500032041,0,7,0,9.0,0.0,2.0,1.0,A01
201500032042,0,7,0,0.0,1.0,2.0,1.0,A01
201500032043,0,7,0,0.0,2.0,1.0,1.0,B02
201500032043,0,7,0,0.0,2.0,3.0,17.0,A01
201500032044,0,7,0,2.0,2.0,8.0,1.0,B02
201500032044,0,7,0,9.0,2.0,1.0,1.0,A01
201500032045,0,33,0,0.0,0.0,0.0,1.0,A01
201500032046,0,14,0,0.0,2.0,3.0,1.0,B02
201500032046,0,7,0,0.0,2.0,2.0,15.0,A01
201500032047,0,14,0,0.0,2.0,3.0,1.0,A01
201500032047,0,7,0,0.0,2.0,1.0,13.0,B02
201500032048,0,17,0,0.0,2.0,1.0,1.0,A01
201500032048,0,10,0,0.0,0.0,4.0,15.0,B02
201500032049,0,7,0,0.0,2.0,1.0,2.0,A01
201500032049,0,7,0,0.0,9.0,4.0,2.0,B02
201500032050,0,7,0,0.0,2.0,3.0,13.0,A01
201500032050,0,17,0,0.0,2.0,3.0,1.0,B02
201500032051,0,7,0,0.0,2.0,7.0,0.0,A01
201500032051,0,17,0,0.0,2.0,2.0,15.0,B02
201500032052,0,2,0,0.0,2.0,8.0,17.0,B02
201500032052,0,17,0,0.0,2.0,5.0,15.0,A01
201500032053,0,7,0,0.0,0.0,0.0,13.0,A01
201500032053,0,7,0,4.0,0.0,8.0,21.0,B02
201500032054,0,7,0,0.0,0.0,2.0,1.0,A01
201500032055,0,7,0,8.0,0.0,6.0,1.0,A01
201500032056,0,10,0,0.0,0.0,3.0,1.0,A01
201500032057,0,7,0,11.0,0.0,1.0,1.0,A01
201500032058,0,7,0,0.0,2.0,1.0,17.0,A01
201500032058,0,7,0,0.0,2.0,4.0,1.0,B02
201500032059,0,10,0,3.0,0.0,3.0,1.0,A01
201500032060,0,7,0,0.0,2.0,1.0,21.0,A01
201500032060,0,14,0,0.0,2.0,4.0,1.0,B02
201500032060,0,10,0,0.0,2.0,1.0,1.0,C03
201500032060,0,7,0,0.0,2.0,1.0,1.0,D04
201500032061,0,33,0,0.0,0.0,8.0,0.0,A01
201500032062,0,7,0,0.0,2.0,3.0,1.0,B02
201500032062,0,7,0,0.0,2.0,3.0,5.0,A01
201500032063,0,7,0,0.0,2.0,4.0,2.0,B02
201500032063,0,7,0,0.0,2.0,1.0,2.0,A01
201500032064,0,7,0,0.0,0.0,4.0,1.0,A01
201500032064,0,7,0,0.0,0.0,1.0,2.0,B02
201500032064,0,7,0,0.0,0.0,3.0,1.0,C03
201500032065,0,31,0,0.0,2.0,7.0,17.0,A01
201500032065,0,7,0,0.0,0.0,8.0,15.0,B02
201500032066,0,10,0,0.0,0.0,4.0,15.0,A01
201500032066,0,15,0,0.0,0.0,1.0,2.0,B02
201500032067,0,17,0,0.0,0.0,3.0,1.0,A01
201500032068,0,10,0,0.0,0.0,6.0,23.0,B02
201500032068,0,15,0,1.0,0.0,2.0,1.0,A01
201500032069,0,7,0,4.0,2.0,2.0,1.0,A01
201500032069,0,14,0,0.0,0.0,6.0,1.0,B02
201500032070,0,7,0,5.0,0.0,1.0,1.0,A01
201500032070,0,7,0,0.0,9.0,1.0,1.0,C03
201500032070,0,7,0,0.0,9.0,1.0,1.0,B02
201500032071,0,7,0,8.0,0.0,3.0,1.0,A01
201500032072,0,7,0,7.0,0.0,2.0,1.0,A01
201500032073,0,7,0,0.0,2.0,3.0,1.0,A01
201500032073,0,7,0,0.0,2.0,3.0,13.0,B02
201500032074,0,7,0,0.0,2.0,1.0,1.0,B02
201500032074,0,7,0,0.0,2.0,1.0,19.0,A01
201500032075,0,33,0,0.0,2.0,1.0,2.0,C03
201500032075,0,10,0,0.0,0.0,6.0,2.0,A01
201500032075,0,7,0,0.0,2.0,3.0,5.0,B02
201500032076,0,7,0,8.0,0.0,2.0,14.0,A01
201500032077,0,1,0,0.0,2.0,1.0,1.0,B02
201500032077,0,7,0,0.0,2.0,2.0,15.0,A01
201500032078,0,7,0,14.0,0.0,1.0,1.0,A01
201500032079,0,34,0,0.0,2.0,1.0,1.0,B02
201500032079,0,7,0,0.0,2.0,3.0,15.0,A01
201500032080,0,7,0,0.0,2.0,1.0,1.0,A01
201500032080,0,33,0,0.0,2.0,1.0,17.0,B02
201500032080,0,15,0,0.0,0.0,8.0,1.0,C03
201500032081,0,7,0,0.0,2.0,5.0,9.0,A01
201500032081,0,14,0,0.0,2.0,3.0,1.0,B02
201500032082,0,15,0,1.0,0.0,1.0,1.0,A01
201500032083,0,7,0,0.0,0.0,2.0,2.0,B02
201500032083,0,17,0,0.0,0.0,6.0,2.0,A01
201500032084,0,7,0,0.0,0.0,2.0,15.0,A01
201500032084,0,30,0,0.0,2.0,1.0,9.0,B01
201500032085,0,2,0,0.0,2.0,0.0,0.0,B01
201500032085,0,7,0,0.0,2.0,1.0,19.0,A01
201500032086,0,2,0,11.0,0.0,1.0,1.0,A01
201500032087,0,1,0,0.0,1.0,1.0,17.0,A01
201500032088,0,7,0,1.0,1.0,5.0,4.0,A01
201500032089,0,7,0,0.0,2.0,2.0,1.0,B01
201500032089,0,2,0,0.0,2.0,3.0,16.0,A01
201500032090,0,7,0,0.0,1.0,1.0,20.0,A01
201500032091,0,7,0,0.0,9.0,1.0,2.0,B01
201500032091,0,1,0,0.0,2.0,6.0,15.0,A01
201500032092,0,7,0,0.0,2.0,0.0,0.0,B01
201500032092,0,7,0,0.0,2.0,1.0,13.0,A01
201500032093,0,7,0,0.0,1.0,2.0,15.0,A01
201500032094,0,7,0,0.0,1.0,1.0,1.0,A01
201500032095,0,32,0,1.0,0.0,1.0,0.0,A01
201500032096,0,30,0,0.0,2.0,1.0,1.0,B01
201500032096,0,7,0,0.0,9.0,7.0,10.0,A01
201500032097,0,15,0,0.0,2.0,3.0,1.0,B01
201500032097,0,7,0,0.0,2.0,3.0,13.0,A01
201500032098,0,7,0,0.0,2.0,1.0,1.0,A01
201500032098,0,2,0,0.0,2.0,1.0,19.0,B01
201500032099,0,33,0,13.0,0.0,1.0,14.0,A01
201500032100,0,36,0,0.0,0.0,0.0,1.0,A01
201500032101,0,7,0,0.0,2.0,2.0,19.0,A01
201500032101,0,7,0,0.0,2.0,1.0,1.0,B02
201500032102,0,7,0,16.0,0.0,9.0,0.0,A01
201500032103,0,7,0,16.0,0.0,1.0,1.0,A01
201500032104,0,7,0,12.0,0.0,3.0,22.0,A01
201500032105,0,7,0,8.0,0.0,2.0,1.0,A01
201500032106,0,7,0,0.0,0.0,4.0,2.0,B02
201500032106,0,7,0,0.0,2.0,1.0,2.0,A01
201500032107,0,33,0,0.0,2.0,7.0,1.0,A01
201500032107,0,10,0,0.0,2.0,1.0,15.0,B02
201500032108,0,7,0,0.0,2.0,1.0,1.0,A01
201500032108,0,7,0,0.0,2.0,1.0,1.0,C03
201500032108,0,7,0,0.0,2.0,3.0,1.0,B02
201500032109,0,7,0,0.0,0.0,4.0,23.0,B02
201500032109,0,7,0,0.0,2.0,1.0,1.0,A01
201500032110,0,7,0,0.0,2.0,2.0,1.0,A01
201500032110,0,7,0,0.0,2.0,3.0,0.0,B02
201500032111,0,7,0,0.0,1.0,2.0,1.0,A01
201500032112,0,1,0,0.0,2.0,7.0,1.0,A01
201500032113,0,21,0,0.0,2.0,2.0,1.0,B02
201500032113,0,2,0,0.0,2.0,1.0,13.0,A01
201500032114,0,7,0,2.0,2.0,1.0,17.0,A01
201500032114,0,7,0,0.0,2.0,8.0,15.0,B02
201500032115,0,14,0,0.0,2.0,3.0,15.0,B02
201500032115,0,33,0,0.0,2.0,1.0,1.0,A01
201500032116,0,7,0,0.0,2.0,2.0,13.0,A01
201500032116,0,32,0,0.0,2.0,3.0,21.0,B02
201500032117,0,33,0,13.0,0.0,7.0,1.0,A01
201500032118,0,7,0,0.0,2.0,3.0,13.0,A01
201500032118,0,7,0,0.0,2.0,3.0,1.0,B02
201500032119,0,7,0,0.0,2.0,1.0,1.0,B02
201500032119,0,7,0,0.0,2.0,1.0,5.0,A01
201500032120,0,31,0,0.0,2.0,1.0,1.0,A01
201500032120,0,10,0,0.0,0.0,7.0,15.0,B02
201500032121,0,7,0,0.0,2.0,8.0,1.0,C03
201500032121,0,31,0,0.0,2.0,3.0,5.0,A01
201500032121,0,7,0,0.0,2.0,3.0,1.0,B02
201500032122,0,30,0,0.0,2.0,3.0,13.0,A01
201500032122,0,7,0,14.0,0.0,2.0,21.0,C03
201500032122,0,7,0,0.0,2.0,3.0,1.0,B02
201500032123,0,33,0,11.0,0.0,3.0,17.0,A01
201500032124,0,7,0,0.0,1.0,4.0,4.0,A01
201500032125,0,7,0,0.0,0.0,0.0,9.0,A01
201500032125,0,33,0,0.0,2.0,0.0,1.0,B01
201500032126,0,10,0,2.0,2.0,5.0,0.0,B01
201500032126,0,7,0,0.0,2.0,3.0,0.0,A01
201500032127,0,1,0,0.0,2.0,0.0,19.0,A01
201500032127,0,7,0,0.0,2.0,3.0,1.0,B01
201500032128,0,1,0,0.0,2.0,7.0,19.0,A01
201500032128,0,7,0,0.0,2.0,1.0,15.0,B01
201500032129,0,30,0,0.0,2.0,1.0,13.0,A01
201500032129,0,7,0,0.0,2.0,3.0,23.0,B01
201500032130,0,7,0,0.0,2.0,5.0,4.0,A01
201500032130,0,1,0,0.0,2.0,8.0,19.0,B01
201500032131,0,7,0,0.0,2.0,3.0,13.0,A01
201500032131,0,33,0,0.0,2.0,6.0,0.0,B01
201500032132,0,1,0,0.0,2.0,1.0,1.0,B01
201500032132,0,7,0,0.0,9.0,2.0,15.0,A01
201500032133,0,7,0,0.0,1.0,2.0,1.0,A01
201500032134,0,7,0,0.0,2.0,3.0,1.0,B01
201500032134,0,1,0,0.0,2.0,1.0,1.0,A01