Num_Acc,senc,catv,occutc,obs,obsm,choc,manv,num_veh
201500032408,0,1,0,0.0,2.0,1.0,19.0,A01
201500032408,0,7,0,0.0,2.0,8.0,1.0,B01
201500032409,0,7,0,0.0,2.0,8.0,1.0,B01
201500032409,0,33,0,0.0,2.0,1.0,1.0,A01
201500032410,0,7,0,0.0,2.0,2.0,15.0,A01
201500032410,0,7,0,0.0,2.0,8.0,0.0,B01
201500032411,0,7,0,1.0,1.0,1.0,1.0,A01
201500032412,0,7,0,0.0,2.0,3.0,15.0,A01
201500032412,0,7,0,0.0,2.0,8.0,1.0,B01
201500032413,0,7,0,0.0,2.0,1.0,17.0,A01
201500032413,0,7,0,0.0,2.0,8.0,1.0,C01
201500032413,0,7,0,0.0,2.0,1.0,1.0,B01
201500032414,0,7,0,0.0,2.0,4.0,23.0,B01
201500032414,0,7,0,0.0,2.0,4.0,23.0,C01
201500032414,0,7,0,0.0,2.0,1.0,2.0,A01
201500032415,0,7,0,0.0,2.0,1.0,15.0,A01
201500032415,0,1,0,0.0,2.0,8.0,1.0,B01
201500032416,0,7,0,2.0,0.0,2.0,1.0,A01
201500032417,0,7,0,0.0,2.0,1.0,2.0,A01
201500032417,0,1,0,0.0,2.0,4.0,2.0,B01
201500032418,0,7,0,0.0,2.0,2.0,16.0,B01
201500032418,0,1,0,0.0,2.0,1.0,16.0,A01
201500032419,0,1,0,0.0,2.0,2.0,1.0,B01
201500032419,0,1,0,1.0,2.0,8.0,21.0,A01
201500032420,0,7,0,0.0,2.0,1.0,16.0,A01
201500032420,0,1,0,0.0,2.0,1.0,1.0,B01
201500032421,0,1,0,0.0,2.0,0.0,0.0,A01
201500032421,1,7,0,12.0,2.0,1.0,0.0,Z01
201500032422,0,7,0,0.0,2.0,1.0,1.0,A01
201500032422,0,2,0,0.0,2.0,4.0,1.0,B01
201500032423,0,7,0,0.0,2.0,3.0,10.0,A01
201500032423,0,2,0,0.0,2.0,1.0,1.0,B01
201500032424,0,7,0,0.0,2.0,3.0,1.0,B01
201500032424,0,30,0,0.0,2.0,8.0,1.0,A01
201500032425,0,7,0,0.0,1.0,1.0,1.0,A01
201500032426,0,7,0,0.0,2.0,1.0,15.0,A01
201500032426,0,7,0,0.0,2.0,2.0,1.0,B01
201500032427,0,7,0,0.0,2.0,8.0,20.0,A01
201500032427,0,2,0,0.0,2.0,1.0,1.0,B01
201500032428,0,7,0,0.0,1.0,0.0,0.0,A01
201500032429,0,7,0,0.0,2.0,1.0,15.0,A01
201500032429,0,1,0,0.0,2.0,1.0,1.0,B01
201500032430,0,7,0,0.0,1.0,3.0,15.0,A01
201500032431,0,2,0,0.0,1.0,2.0,1.0,A01
201500032432,0,7,0,0.0,1.0,1.0,15.0,A01
201500032433,0,7,0,0.0,2.0,1.0,15.0,A01
201500032433,0,7,0,0.0,2.0,3.0,1.0,B01
201500032434,0,7,0,0.0,2.0,1.0,1.0,A01
201500032434,0,1,0,0.0,2.0,1.0,1.0,B01
201500032435,0,7,0,0.0,2.0,4.0,2.0,B01
201500032435,0,7,0,0.0,2.0,1.0,2.0,A01
201500032436,0,7,0,0.0,1.0,1.0,16.0,A01
201500032437,0,7,0,0.0,2.0,1.0,1.0,B01
201500032437,0,7,0,0.0,2.0,7.0,1.0,A01
201500032438,0,1,0,0.0,2.0,1.0,13.0,A01
201500032438,0,1,0,0.0,2.0,1.0,1.0,B01
201500032439,0,7,0,0.0,1.0,2.0,1.0,A01
201500032440,0,30,0,0.0,2.0,1.0,1.0,B01
201500032440,0,7,0,0.0,2.0,1.0,15.0,A01
201500032441,1,7,0,0.0,2.0,3.0,2.0,A01
201500032441,0,2,0,0.0,2.0,4.0,2.0,B01
201500032442,0,10,0,0.0,1.0,4.0,20.0,A01
201500032443,1,7,0,0.0,0.0,0.0,0.0,Z01
201500032443,0,31,0,0.0,2.0,7.0,1.0,A01
201500032444,0,7,0,0.0,2.0,3.0,9.0,A01
201500032444,0,31,0,0.0,2.0,7.0,1.0,B01
201500032445,0,2,0,0.0,2.0,1.0,17.0,A01
201500032445,0,7,0,0.0,2.0,8.0,15.0,B01
201500032446,0,7,0,0.0,2.0,4.0,2.0,A01
201500032446,0,30,0,0.0,2.0,1.0,2.0,B01
201500032447,0,2,0,0.0,2.0,1.0,1.0,A01
201500032447,0,10,0,0.0,2.0,2.0,15.0,B01
201500032448,0,7,0,0.0,1.0,1.0,16.0,A01
201500032449,0,30,0,0.0,1.0,1.0,1.0,A01
201500032450,0,31,0,0.0,2.0,1.0,2.0,A01
201500032450,0,7,0,0.0,2.0,4.0,1.0,B01
201500032451,0,10,0,0.0,2.0,1.0,16.0,A01
201500032451,0,1,0,0.0,2.0,4.0,19.0,B01
201500032452,0,2,0,0.0,2.0,1.0,1.0,B01
201500032452,0,7,0,0.0,2.0,1.0,15.0,A01
201500032453,0,7,0,0.0,2.0,1.0,1.0,B01
201500032453,0,7,0,0.0,2.0,3.0,1.0,A01
201500032454,0,7,0,0.0,2.0,6.0,15.0,A01
201500032454,0,32,0,0.0,2.0,1.0,1.0,B01
201500032455,0,7,0,0.0,2.0,7.0,15.0,A01
201500032455,0,31,0,0.0,2.0,1.0,1.0,B01
201500032456,0,37,0,0.0,1.0,1.0,16.0,A01
201500032457,0,7,0,0.0,2.0,8.0,10.0,A01
201500032457,0,2,0,0.0,2.0,7.0,17.0,B01
201500032458,0,40,0,0.0,1.0,1.0,1.0,A01
201500032459,0,7,0,0.0,2.0,1.0,1.0,A01
201500032459,0,7,0,0.0,2.0,1.0,1.0,B02
201500032460,0,7,0,0.0,0.0,9.0,1.0,A01
201500032461,0,7,0,0.0,2.0,1.0,10.0,A01
201500032461,0,33,0,0.0,2.0,3.0,1.0,B02
201500032462,0,7,0,0.0,2.0,1.0,1.0,A01
201500032462,0,7,0,0.0,2.0,4.0,2.0,B02
201500032463,0,7,0,0.0,2.0,1.0,13.0,B02
201500032463,0,15,0,0.0,2.0,3.0,1.0,A01
201500032464,0,10,0,0.0,1.0,2.0,1.0,A01
201500032465,0,7,0,2.0,0.0,1.0,0.0,A01
201500032466,0,33,0,0.0,0.0,9.0,17.0,A01
201500032467,0,7,0,0.0,2.0,1.0,9.0,A01
201500032467,0,1,0,0.0,2.0,7.0,1.0,B01
201500032468,0,7,0,0.0,2.0,3.0,15.0,A01
201500032468,0,2,0,0.0,2.0,1.0,1.0,B01
201500032469,0,32,0,0.0,2.0,1.0,2.0,A01
201500032469,0,7,0,0.0,2.0,6.0,10.0,B01
201500032470,0,13,0,0.0,2.0,7.0,1.0,A01
201500032470,0,7,0,0.0,2.0,1.0,1.0,B01
201500032471,0,7,0,0.0,1.0,1.0,1.0,A01
201500032472,0,7,0,0.0,1.0,4.0,4.0,A01
201500032473,0,7,0,0.0,1.0,2.0,1.0,A01
201500032474,0,7,0,0.0,1.0,1.0,9.0,A01
201500032475,0,33,0,0.0,2.0,4.0,17.0,B01
201500032475,0,7,0,0.0,2.0,3.0,15.0,J01
201500032476,0,7,0,0.0,1.0,6.0,20.0,A01
201500032477,0,1,0,0.0,2.0,8.0,1.0,B01
201500032477,0,7,0,0.0,2.0,1.0,6.0,A01
201500032478,0,7,0,0.0,2.0,3.0,0.0,B01
201500032478,0,7,0,0.0,2.0,1.0,1.0,A01
201500032479,0,10,0,0.0,1.0,2.0,1.0,A01
201500032480,0,7,0,0.0,2.0,2.0,0.0,A01
201500032480,0,1,0,0.0,0.0,0.0,0.0,B01
201500032481,0,33,0,0.0,2.0,1.0,1.0,B01
201500032481,0,7,0,0.0,2.0,1.0,9.0,A01
201500032482,0,7,0,0.0,2.0,1.0,15.0,A01
201500032482,0,1,0,0.0,2.0,8.0,19.0,B01
201500032483,0,7,0,0.0,1.0,2.0,1.0,A01
201500032484,0,7,0,0.0,2.0,3.0,16.0,A01
201500032484,0,1,0,0.0,2.0,1.0,19.0,B01
201500032485,0,7,0,0.0,2.0,1.0,1.0,A01
201500032485,0,7,0,0.0,2.0,4.0,1.0,A02
201500032486,0,7,0,2.0,0.0,1.0,1.0,A01
201500032487,0,7,0,1.0,0.0,1.0,1.0,A01
201500032487,0,7,0,0.0,2.0,6.0,24.0,B01
201500032488,0,2,0,0.0,2.0,1.0,1.0,A01
201500032488,0,7,0,0.0,2.0,1.0,15.0,B01
201500032489,0,7,0,0.0,1.0,2.0,1.0,A01
201500032490,0,7,0,2.0,0.0,1.0,14.0,A01
201500032491,0,7,0,0.0,1.0,1.0,1.0,A01
201500032492,0,1,0,0.0,2.0,7.0,19.0,A03
201500032492,0,1,0,0.0,0.0,7.0,19.0,A02
201500032492,1,7,0,0.0,2.0,1.0,15.0,A01
201500032493,0,7,0,0.0,1.0,2.0,2.0,A01
201500032494,1,30,0,0.0,1.0,0.0,0.0,Z01
201500032495,0,7,0,0.0,1.0,2.0,16.0,A01
201500032496,0,7,0,0.0,1.0,1.0,1.0,A01
201500032497,0,7,0,0.0,1.0,5.0,2.0,A01
201500032498,0,7,0,0.0,1.0,2.0,1.0,A01
201500032499,0,7,0,0.0,2.0,1.0,9.0,A01
201500032499,0,7,0,0.0,2.0,3.0,1.0,B01
201500032500,0,7,0,1.0,1.0,5.0,1.0,A01
201500032501,0,7,0,0.0,2.0,2.0,15.0,B01
201500032501,0,7,0,0.0,2.0,3.0,1.0,A01
201500032502,0,7,0,0.0,2.0,3.0,1.0,B01
201500032502,0,7,0,0.0,2.0,2.0,1.0,A01
201500032503,0,7,0,0.0,1.0,1.0,1.0,A01
201500032504,0,7,0,0.0,1.0,5.0,1.0,A01
201500032505,0,7,0,0.0,1.0,1.0,1.0,A01
201500032506,0,33,0,0.0,2.0,1.0,1.0,A01
201500032506,0,7,0,0.0,2.0,3.0,1.0,B01
201500032507,0,7,0,8.0,0.0,1.0,1.0,A01
201500032508,0,7,0,1.0,0.0,0.0,0.0,A01
201500032508,0,7,0,0.0,2.0,0.0,0.0,C01
201500032508,0,7,0,0.0,2.0,0.0,0.0,B01
201500032509,0,7,0,0.0,1.0,2.0,1.0,A01
201500032510,0,31,0,0.0,2.0,8.0,19.0,A01
201500032510,0,40,1,0.0,2.0,2.0,1.0,B01
201500032511,0,7,0,0.0,1.0,2.0,1.0,A01
201500032512,0,7,0,0.0,1.0,2.0,1.0,A01
201500032513,0,7,0,0.0,1.0,1.0,1.0,A01
201500032514,0,7,0,0.0,1.0,3.0,1.0,A01
201500032515,0,7,0,0.0,1.0,1.0,16.0,A01
201500032516,0,7,0,0.0,0.0,0.0,23.0,A01
201500032516,0,7,0,0.0,2.0,3.0,21.0,B01
201500032516,0,7,0,0.0,2.0,7.0,1.0,C01
201500032517,0,7,0,0.0,1.0,3.0,1.0,A01
201500032518,0,7,0,11.0,2.0,7.0,1.0,A01
201500032518,0,7,0,0.0,2.0,1.0,1.0,B01
201500032519,1,30,0,0.0,1.0,1.0,1.0,Z01
201500032520,0,7,0,0.0,1.0,1.0,1.0,A01
201500032521,0,30,0,0.0,0.0,4.0,1.0,A01
201500032521,2,7,0,0.0,2.0,1.0,2.0,B01
201500032522,0,7,0,0.0,1.0,1.0,2.0,A01
201500032523,0,7,0,0.0,2.0,2.0,15.0,A01
201500032523,0,1,0,0.0,2.0,3.0,19.0,B01
201500032524,0,7,0,0.0,1.0,2.0,1.0,A01
201500032525,1,7,0,0.0,2.0,0.0,17.0,B01
201500032525,0,7,0,0.0,2.0,6.0,1.0,A01
201500032526,0,7,0,15.0,2.0,2.0,1.0,A01
201500032526,0,7,0,0.0,2.0,1.0,9.0,B01
201500032527,0,7,0,0.0,2.0,3.0,13.0,A01
201500032527,0,7,0,0.0,0.0,3.0,1.0,B01
201500032528,0,7,0,0.0,2.0,8.0,11.0,A01
201500032528,0,7,0,0.0,2.0,0.0,0.0,B01
201500032529,0,34,0,0.0,2.0,1.0,1.0,B01
201500032529,0,7,0,0.0,2.0,3.0,15.0,A01
201500032530,0,7,0,0.0,1.0,2.0,1.0,A01
201500032531,0,30,0,0.0,1.0,2.0,0.0,A01
201500032532,0,1,0,0.0,2.0,1.0,5.0,B01
201500032532,0,7,0,0.0,2.0,1.0,16.0,A01
201500032533,0,7,0,0.0,1.0,2.0,1.0,A01
201500032534,0,7,0,0.0,1.0,1.0,2.0,A01
201500032535,0,7,0,0.0,2.0,8.0,10.0,A01
201500032535,0,3,0,0.0,2.0,1.0,1.0,B01
201500032536,0,32,0,0.0,1.0,1.0,1.0,A01
201500032537,0,7,0,0.0,1.0,8.0,1.0,A01
201500032538,0,7,0,0.0,2.0,1.0,1.0,B01
201500032538,0,7,0,0.0,2.0,3.0,9.0,A01
201500032539,0,7,0,0.0,2.0,3.0,24.0,A01
201500032539,0,1,0,1.0,0.0,1.0,1.0,B01
201500032540,0,7,0,0.0,0.0,8.0,0.0,B01
201500032540,0,7,0,0.0,2.0,3.0,1.0,A01
201500032541,0,7,0,0.0,1.0,3.0,1.0,A01
201500032542,0,7,0,0.0,2.0,1.0,18.0,A01
201500032542,0,7,0,0.0,2.0,4.0,2.0,B01
201500032543,0,7,0,0.0,2.0,1.0,2.0,A01
201500032543,0,7,0,0.0,1.0,4.0,0.0,B01
201500032544,0,1,0,0.0,2.0,1.0,19.0,A01
201500032544,0,7,0,0.0,2.0,3.0,1.0,B01
201500032545,0,37,3,0.0,1.0,2.0,1.0,A01
201500032546,0,1,0,0.0,9.0,1.0,0.0,A01
201500032546,0,1,0,0.0,9.0,0.0,0.0,B01
201500032547,0,2,0,0.0,2.0,1.0,1.0,A01
201500032547,1,7,0,0.0,2.0,1.0,15.0,B01
201500032548,0,1,0,1.0,0.0,1.0,1.0,B01
201500032548,0,7,0,0.0,2.0,8.0,0.0,A01
201500032549,0,7,0,0.0,2.0,3.0,15.0,A01
201500032549,0,7,0,0.0,2.0,1.0,1.0,B01
201500032550,0,7,0,0.0,9.0,3.0,0.0,A01
201500032550,0,1,0,0.0,2.0,0.0,0.0,B01
201500032551,0,7,0,0.0,2.0,7.0,17.0,A01
201500032551,0,1,0,0.0,2.0,1.0,15.0,B01
201500032552,0,10,0,0.0,2.0,2.0,1.0,A01
201500032552,0,30,0,0.0,2.0,7.0,1.0,B01
201500032553,0,7,0,0.0,2.0,3.0,9.0,A01
201500032553,0,7,0,0.0,2.0,7.0,1.0,B01
201500032553,0,7,0,14.0,2.0,1.0,1.0,C01
201500032553,0,7,0,0.0,2.0,8.0,1.0,D01
201500032554,0,7,0,14.0,2.0,1.0,2.0,A01
201500032554,0,7,0,0.0,2.0,4.0,2.0,B01
201500032554,0,7,0,0.0,0.0,4.0,2.0,C01
201500032555,0,7,0,0.0,2.0,1.0,16.0,A01
201500032555,0,7,0,0.0,2.0,0.0,0.0,B01
201500032556,0,7,0,1.0,0.0,3.0,1.0,A01
201500032557,0,14,0,0.0,1.0,2.0,1.0,A01
201500032558,0,1,0,0.0,2.0,0.0,0.0,B01
201500032558,0,1,0,0.0,2.0,1.0,0.0,C01
201500032558,0,7,0,0.0,9.0,2.0,15.0,A01
201500032559,0,1,0,0.0,2.0,0.0,0.0,B01
201500032559,0,7,0,0.0,9.0,1.0,0.0,A01
201500032560,0,7,0,0.0,1.0,1.0,1.0,A01
201500032561,0,7,0,9.0,0.0,1.0,14.0,A01
201500032562,0,1,0,0.0,2.0,0.0,19.0,A01
201500032562,0,7,0,0.0,2.0,3.0,1.0,B01
201500032563,0,7,0,0.0,0.0,1.0,17.0,A01
201500032563,0,10,0,0.0,0.0,3.0,9.0,B01
201500032564,0,7,0,0.0,1.0,2.0,16.0,A01
201500032565,0,7,0,0.0,2.0,3.0,15.0,A01
201500032565,0,7,0,0.0,2.0,3.0,1.0,B01
201500032566,0,7,0,0.0,2.0,2.0,15.0,A01
201500032566,0,1,0,0.0,2.0,3.0,1.0,P01
201500032567,0,7,0,0.0,2.0,2.0,16.0,A01
201500032567,0,30,0,0.0,2.0,8.0,1.0,B01
201500032568,0,7,0,0.0,2.0,3.0,1.0,A01
201500032568,0,1,0,0.0,2.0,8.0,19.0,B01
201500032569,0,33,0,0.0,2.0,1.0,9.0,B01
201500032569,0,7,0,0.0,2.0,3.0,15.0,A01
201500032570,0,7,0,0.0,1.0,1.0,1.0,A01
201500032571,1,7,0,0.0,1.0,0.0,0.0,Z01
201500032572,0,7,0,0.0,2.0,1.0,1.0,A01
201500032572,0,7,0,0.0,2.0,4.0,2.0,B01
201500032572,0,7,0,0.0,0.0,4.0,2.0,C01
201500032573,0,7,0,0.0,1.0,8.0,1.0,A01
201500032574,0,7,0,0.0,2.0,1.0,9.0,A01
201500032574,0,7,0,12.0,2.0,7.0,16.0,B01
201500032575,0,7,0,0.0,2.0,1.0,1.0,A01
201500032575,0,1,0,0.0,2.0,8.0,1.0,B01
201500032576,0,7,0,0.0,2.0,7.0,15.0,A01
201500032576,0,7,0,0.0,2.0,1.0,1.0,B01
201500032576,0,37,8,0.0,2.0,3.0,23.0,C01
201500032577,0,7,0,0.0,2.0,1.0,2.0,A01
201500032577,0,7,0,0.0,2.0,4.0,2.0,B01
201500032578,0,7,0,0.0,1.0,3.0,1.0,A01
201500032579,0,7,0,0.0,2.0,3.0,16.0,A01
201500032579,0,1,0,0.0,2.0,7.0,19.0,B01
201500032580,0,36,0,0.0,2.0,8.0,1.0,B01
201500032580,0,7,0,9.0,2.0,3.0,17.0,A01
201500032581,1,10,0,0.0,1.0,2.0,5.0,Z01
201500032582,0,7,0,0.0,2.0,1.0,1.0,A01
201500032582,0,7,0,0.0,2.0,1.0,15.0,B01
201500032583,0,7,0,0.0,1.0,1.0,0.0,A01
201500032584,0,7,0,0.0,2.0,4.0,2.0,A01
201500032584,0,7,0,0.0,2.0,1.0,2.0,B01
201500032585,0,7,0,0.0,2.0,6.0,10.0,A01
201500032585,0,31,0,0.0,2.0,2.0,1.0,B01
201500032586,0,33,0,0.0,1.0,3.0,2.0,A01
201500032587,0,7,0,0.0,2.0,1.0,2.0,A01
201500032587,0,7,0,0.0,2.0,4.0,2.0,C01
201500032587,0,7,0,0.0,2.0,4.0,2.0,B01
201500032588,0,7,0,0.0,1.0,2.0,1.0,A01
201500032589,0,31,0,0.0,2.0,1.0,2.0,A01
201500032589,0,7,0,0.0,2.0,5.0,23.0,B01
201500032590,0,33,0,0.0,2.0,3.0,1.0,B01
201500032590,0,7,0,0.0,2.0,3.0,15.0,A01
201500032591,0,7,0,0.0,2.0,7.0,23.0,B01
201500032591,0,2,0,0.0,2.0,7.0,2.0,A01
201500032592,0,7,0,12.0,0.0,3.0,1.0,A01
201500032593,0,7,0,0.0,1.0,1.0,1.0,A01
201500032594,0,10,0,0.0,2.0,3.0,23.0,B01
201500032594,0,7,0,1.0,2.0,1.0,5.0,A01
201500032595,0,7,0,0.0,2.0,1.0,2.0,A01
201500032595,0,7,0,0.0,2.0,4.0,2.0,B01
201500032596,0,10,0,0.0,1.0,3.0,15.0,A01
201500032597,0,7,0,0.0,2.0,2.0,15.0,A01
201500032597,0,14,0,0.0,2.0,2.0,1.0,B01
201500032598,0,7,0,0.0,1.0,2.0,2.0,A01
201500032599,0,7,0,0.0,0.0,1.0,15.0,B01
201500032599,0,7,0,0.0,2.0,1.0,1.0,A01
201500032600,0,7,0,0.0,0.0,0.0,0.0,B01
201500032600,0,7,0,0.0,0.0,1.0,15.0,A01
201500032601,0,2,0,0.0,2.0,2.0,2.0,A01
201500032601,0,7,0,0.0,0.0,4.0,1.0,B01
201500032602,0,30,0,0.0,2.0,8.0,19.0,A01
201500032602,0,7,0,0.0,2.0,1.0,1.0,B01
201500032603,0,2,0,0.0,2.0,0.0,21.0,B01
201500032603,1,7,0,0.0,0.0,0.0,1.0,A01
201500032604,0,7,0,0.0,2.0,4.0,2.0,B01
201500032604,1,7,0,0.0,2.0,0.0,0.0,Z01
201500032605,0,33,0,0.0,0.0,9.0,1.0,A01
201500032606,0,7,0,0.0,2.0,2.0,2.0,B01
201500032606,0,7,0,0.0,2.0,1.0,2.0,A01
201500032607,0,7,0,6.0,0.0,7.0,0.0,A01
201500032608,0,7,0,0.0,2.0,3.0,2.0,B01
201500032608,0,31,0,0.0,2.0,4.0,2.0,A01
201500032609,1,7,0,0.0,0.0,0.0,2.0,A01
201500032609,0,7,0,12.0,0.0,4.0,16.0,B01
201500032610,0,7,0,14.0,0.0,1.0,2.0,A01
201500032610,0,7,0,0.0,2.0,4.0,2.0,B01
201500032610,0,7,0,0.0,0.0,4.0,2.0,C01
201500032611,0,7,0,0.0,0.0,2.0,15.0,A01
201500032611,0,32,0,0.0,0.0,7.0,1.0,B01
201500032612,0,31,0,0.0,2.0,7.0,0.0,B01
201500032612,0,7,0,0.0,2.0,3.0,15.0,A01
201500032613,0,7,0,0.0,2.0,1.0,1.0,B01
201500032613,0,7,0,0.0,2.0,7.0,15.0,A01
201500032614,0,7,0,0.0,2.0,1.0,2.0,A01
201500032614,0,7,0,0.0,2.0,4.0,2.0,B01
201500032615,0,7,0,3.0,0.0,9.0,2.0,A01
201500032616,0,2,0,0.0,2.0,1.0,1.0,B01
201500032616,0,7,0,0.0,0.0,8.0,16.0,A01
201500032617,0,15,0,0.0,1.0,4.0,4.0,A01
201500032618,0,7,0,0.0,1.0,4.0,4.0,A01
201500032619,0,7,0,0.0,2.0,3.0,1.0,A01
201500032619,0,7,0,0.0,0.0,5.0,0.0,B01
201500032620,0,7,0,14.0,2.0,2.0,15.0,A01
201500032620,0,32,0,14.0,2.0,9.0,1.0,B01
201500032621,0,7,0,0.0,0.0,1.0,15.0,A01
201500032622,0,7,0,0.0,0.0,1.0,5.0,A01
201500032622,0,7,0,0.0,2.0,1.0,1.0,C01
201500032623,0,7,0,0.0,2.0,3.0,1.0,A01
201500032623,0,33,0,0.0,2.0,3.0,0.0,B01
201500032624,0,7,0,12.0,9.0,2.0,2.0,A01
201500032624,0,1,0,0.0,0.0,0.0,0.0,B01
201500032625,0,7,0,0.0,2.0,8.0,1.0,A01
201500032625,0,7,0,0.0,2.0,1.0,15.0,B01
201500032626,0,7,0,0.0,9.0,7.0,15.0,B01
201500032626,0,2,0,0.0,2.0,1.0,1.0,A01
201500032627,0,7,0,0.0,2.0,1.0,1.0,A01
201500032627,0,7,0,0.0,2.0,7.0,15.0,B01
201500032628,0,10,0,0.0,2.0,8.0,14.0,A01
201500032628,0,33,0,0.0,2.0,0.0,0.0,B01
201500032629,0,7,0,0.0,2.0,3.0,1.0,A01
201500032629,2,7,0,0.0,2.0,1.0,17.0,B01
201500032630,0,7,0,0.0,1.0,0.0,0.0,A01
201500032631,0,1,0,0.0,0.0,0.0,1.0,A01
201500032632,0,3,0,1.0,0.0,2.0,1.0,A01
201500032633,0,7,0,2.0,0.0,2.0,13.0,A01
201500032634,0,1,0,0.0,1.0,1.0,1.0,A01
201500032635,0,36,0,0.0,2.0,3.0,1.0,B01
201500032635,0,10,0,0.0,2.0,2.0,15.0,A01
201500032636,0,7,0,6.0,0.0,1.0,1.0,A01
201500032637,0,7,0,0.0,1.0,1.0,1.0,A01
201500032638,0,33,0,0.0,2.0,0.0,1.0,B01
201500032638,0,7,0,0.0,0.0,0.0,0.0,A01
201500032639,0,7,0,0.0,2.0,1.0,1.0,B01
201500032639,0,7,0,0.0,2.0,3.0,1.0,A01
201500032640,0,7,0,16.0,0.0,2.0,2.0,A01
201500032641,0,7,0,0.0,2.0,1.0,1.0,B01
201500032641,0,7,0,0.0,2.0,1.0,19.0,A01
201500032642,0,33,0,14.0,0.0,1.0,13.0,A01
201500032643,0,33,0,0.0,2.0,3.0,1.0,A01
201500032643,0,10,0,0.0,2.0,3.0,15.0,B01
201500032644,0,7,0,0.0,2.0,1.0,2.0,C01
201500032644,0,7,0,0.0,2.0,1.0,1.0,B01
201500032644,0,2,0,0.0,2.0,1.0,2.0,A01
201500032645,0,7,0,3.0,0.0,2.0,0.0,A01
201500032646,0,7,0,0.0,9.0,2.0,2.0,A01
201500032646,0,1,0,0.0,2.0,6.0,2.0,B01
201500032647,0,7,0,2.0,0.0,1.0,1.0,A01
201500032648,0,7,0,0.0,2.0,3.0,2.0,A01
201500032648,0,7,0,0.0,2.0,4.0,2.0,C01
201500032648,0,7,0,0.0,2.0,4.0,2.0,B01
201500032649,0,7,0,0.0,1.0,3.0,1.0,A01
201500032650,0,7,0,0.0,0.0,0.0,0.0,B01
201500032650,0,33,0,0.0,2.0,1.0,0.0,A01
201500032651,0,7,0,0.0,2.0,2.0,1.0,B01
201500032651,0,7,0,0.0,2.0,3.0,9.0,A01
201500032652,0,7,0,0.0,1.0,2.0,0.0,A01
201500032653,0,7,0,0.0,1.0,8.0,15.0,A01
201500032654,0,7,0,0.0,1.0,1.0,13.0,A01
201500032655,0,7,0,0.0,1.0,2.0,1.0,A01
201500032656,0,2,0,0.0,2.0,2.0,1.0,B01
201500032656,0,7,0,0.0,2.0,7.0,15.0,A01
201500032657,0,33,0,0.0,0.0,0.0,1.0,B01
201500032657,0,7,0,0.0,0.0,3.0,15.0,A01
201500032658,0,7,0,0.0,0.0,4.0,2.0,B01
201500032658,0,7,0,0.0,2.0,4.0,2.0,A01
201500032659,0,7,0,0.0,2.0,2.0,15.0,A01
201500032659,0,30,0,0.0,2.0,1.0,1.0,B01
201500032660,1,2,0,0.0,9.0,0.0,2.0,A01
201500032660,0,1,0,0.0,2.0,0.0,2.0,B01
201500032661,1,7,0,0.0,1.0,1.0,1.0,Z01
201500032662,0,7,0,1.0,0.0,9.0,0.0,A01
201500032663,0,7,0,0.0,1.0,4.0,4.0,A01
201500032664,0,7,0,0.0,1.0,2.0,17.0,A01
201500032665,0,7,0,0.0,2.0,1.0,13.0,A01
201500032665,1,7,0,0.0,2.0,0.0,0.0,Z01
201500032665,0,7,0,0.0,2.0,1.0,1.0,B01
201500032666,0,7,0,8.0,0.0,1.0,15.0,A01
201500032667,0,7,0,1.0,2.0,1.0,9.0,B01
201500032667,0,7,0,7.0,2.0,1.0,17.0,A01
201500032668,0,1,0,0.0,2.0,7.0,19.0,B01
201500032668,1,99,0,0.0,0.0,0.0,0.0,Z01
201500032669,0,40,60,0.0,2.0,5.0,1.0,B01
201500032669,0,37,1,5.0,4.0,2.0,1.0,A01
201500032670,0,7,0,0.0,1.0,2.0,16.0,A01
201500032671,0,7,0,0.0,2.0,4.0,2.0,B01
201500032671,0,7,0,0.0,2.0,1.0,2.0,A01
201500032672,0,10,0,0.0,1.0,3.0,15.0,A01
201500032673,0,7,0,0.0,1.0,1.0,2.0,A01
201500032674,0,7,0,0.0,1.0,1.0,1.0,A01
201500032675,0,7,0,8.0,0.0,1.0,1.0,A01
201500032676,0,7,0,8.0,0.0,1.0,15.0,A01
201500032677,0,13,0,0.0,2.0,7.0,1.0,A01
201500032677,0,7,0,0.0,2.0,1.0,1.0,B01
201500032678,0,7,0,0.0,1.0,3.0,1.0,A01
201500032679,0,7,0,0.0,0.0,1.0,1.0,B01
201500032679,0,7,0,0.0,2.0,1.0,13.0,A01
201500032680,0,10,0,6.0,0.0,1.0,2.0,A01
201500032681,0,7,0,0.0,2.0,1.0,0.0,A01
201500032681,0,7,0,0.0,2.0,4.0,0.0,B01
201500032682,0,1,0,0.0,2.0,7.0,1.0,B01
201500032682,0,7,0,0.0,2.0,1.0,1.0,A01
201500032683,0,10,0,0.0,0.0,0.0,9.0,B01
201500032683,0,7,0,0.0,1.0,1.0,2.0,A01
201500032684,0,7,0,0.0,1.0,1.0,16.0,A01
201500032685,0,7,0,0.0,2.0,3.0,9.0,A01
201500032685,0,7,0,0.0,2.0,1.0,1.0,C01
201500032685,0,7,0,0.0,2.0,2.0,1.0,B01
201500032686,0,7,0,0.0,2.0,8.0,1.0,A01
201500032686,0,31,0,0.0,2.0,8.0,1.0,B01
201500032687,0,7,0,0.0,1.0,3.0,1.0,A01
201500032688,0,2,0,0.0,2.0,1.0,1.0,B01
201500032688,0,7,0,0.0,2.0,3.0,15.0,A01