Num_Acc,senc,catv,occutc,obs,obsm,choc,manv,num_veh
201500032689,0,7,0,0.0,2.0,1.0,5.0,A01
201500032689,0,7,0,0.0,2.0,1.0,23.0,B01
201500032690,0,7,0,0.0,2.0,2.0,15.0,A01
201500032691,0,7,0,0.0,2.0,1.0,13.0,A01
201500032691,0,7,0,0.0,0.0,1.0,1.0,B01
201500032692,0,7,0,0.0,2.0,4.0,2.0,B01
201500032692,0,7,0,0.0,2.0,4.0,2.0,C01
201500032692,0,7,0,0.0,2.0,1.0,2.0,A01
201500032693,0,10,0,0.0,1.0,1.0,15.0,A01
201500032694,0,7,0,12.0,0.0,9.0,1.0,A01
201500032695,0,7,0,0.0,2.0,1.0,15.0,B01
201500032695,0,14,0,0.0,2.0,1.0,1.0,A01
201500032696,0,7,0,0.0,1.0,3.0,1.0,A01
201500032697,0,7,0,0.0,2.0,1.0,1.0,A01
201500032697,0,7,0,0.0,2.0,7.0,19.0,B01
201500032698,0,7,0,0.0,2.0,3.0,15.0,A01
201500032698,0,32,0,0.0,2.0,1.0,1.0,B01
201500032699,1,33,0,0.0,1.0,1.0,0.0,Z01
201500032700,0,7,0,2.0,0.0,1.0,1.0,A01
201500032701,0,7,0,0.0,1.0,1.0,1.0,A01
201500032702,0,37,10,0.0,9.0,2.0,11.0,A01
201500032702,0,1,0,0.0,2.0,1.0,19.0,B01
201500032703,0,7,0,0.0,2.0,5.0,2.0,B01
201500032703,0,7,0,0.0,2.0,4.0,2.0,C01
201500032703,0,7,0,0.0,2.0,3.0,12.0,A01
201500032704,0,7,0,0.0,1.0,7.0,13.0,A01
201500032705,0,7,0,0.0,2.0,4.0,23.0,B01
201500032705,0,7,0,0.0,2.0,1.0,2.0,A01
201500032706,0,2,0,0.0,2.0,1.0,2.0,A01
201500032706,0,37,0,0.0,2.0,4.0,2.0,B01
201500032707,0,7,0,0.0,2.0,3.0,21.0,A01
201500032707,0,33,0,12.0,2.0,3.0,21.0,B01
201500032708,0,1,0,0.0,2.0,1.0,1.0,A01
201500032708,0,10,0,0.0,2.0,1.0,0.0,B01
201500032709,0,7,0,0.0,2.0,1.0,5.0,A01
201500032710,0,7,0,0.0,2.0,4.0,2.0,B01
201500032710,0,7,0,0.0,2.0,1.0,1.0,A01
201500032711,0,10,0,0.0,2.0,4.0,2.0,B01
201500032711,0,10,0,0.0,2.0,1.0,2.0,A01
201500032712,0,7,0,0.0,1.0,1.0,0.0,A01
201500032713,0,7,0,0.0,2.0,3.0,15.0,B01
201500032713,0,33,0,0.0,2.0,7.0,17.0,A01
201500032714,0,7,0,0.0,1.0,1.0,1.0,A01
201500032715,0,7,0,0.0,2.0,3.0,0.0,A01
201500032715,0,36,0,0.0,2.0,1.0,16.0,B01
201500032716,0,7,0,0.0,1.0,4.0,4.0,A01
201500032717,0,13,0,0.0,1.0,1.0,1.0,A01
201500032718,1,7,0,0.0,1.0,1.0,1.0,A01
201500032719,0,10,0,0.0,0.0,0.0,0.0,A01
201500032719,0,33,0,0.0,9.0,1.0,0.0,B01
201500032720,0,7,0,0.0,1.0,1.0,1.0,A01
201500032721,0,10,0,0.0,1.0,7.0,1.0,A01
201500032722,0,7,0,0.0,2.0,8.0,15.0,B01
201500032722,0,2,0,0.0,2.0,1.0,17.0,A01
201500032723,0,32,0,0.0,2.0,7.0,2.0,A01
201500032723,0,7,0,0.0,2.0,6.0,20.0,B01
201500032724,0,31,0,0.0,1.0,1.0,9.0,A01
201500032725,0,2,0,0.0,2.0,1.0,0.0,A01
201500032725,0,7,0,0.0,2.0,7.0,0.0,B01
201500032726,0,7,0,1.0,1.0,2.0,1.0,A01
201500032727,0,7,0,0.0,0.0,0.0,0.0,A01
201500032728,0,7,0,0.0,2.0,3.0,2.0,A01
201500032728,0,1,0,0.0,2.0,5.0,2.0,B01
201500032729,0,7,0,0.0,1.0,3.0,0.0,A01
201500032730,0,2,0,0.0,2.0,8.0,5.0,A01
201500032730,0,7,0,0.0,2.0,0.0,16.0,B01
201500032731,0,10,0,0.0,2.0,2.0,7.0,A01
201500032731,0,7,0,0.0,2.0,5.0,15.0,B01
201500032732,0,7,0,0.0,2.0,8.0,1.0,B01
201500032732,0,31,0,0.0,2.0,8.0,1.0,A01
201500032733,0,33,0,0.0,2.0,1.0,1.0,A01
201500032733,0,7,0,0.0,2.0,1.0,15.0,B01
201500032734,0,7,0,15.0,2.0,3.0,1.0,A01
201500032734,0,7,0,15.0,2.0,6.0,1.0,B01
201500032735,0,7,0,0.0,2.0,1.0,15.0,A01
201500032735,0,31,0,0.0,2.0,1.0,1.0,B01
201500032736,0,7,0,2.0,0.0,0.0,0.0,A01
201500032737,1,99,0,0.0,1.0,1.0,0.0,Z01
201500032738,0,10,0,6.0,0.0,1.0,1.0,A01
201500032739,0,7,0,0.0,2.0,2.0,15.0,B01
201500032739,1,99,0,0.0,2.0,0.0,8.0,A01
201500032740,0,33,0,0.0,2.0,0.0,0.0,A01
201500032740,1,7,0,,,,,Z02
201500032741,0,30,0,0.0,1.0,1.0,2.0,A01
201500032742,0,7,0,0.0,9.0,3.0,15.0,A01
201500032742,0,1,0,0.0,2.0,1.0,0.0,B01
201500032743,0,7,0,0.0,1.0,3.0,1.0,A01
201500032744,0,7,0,0.0,2.0,3.0,10.0,B01
201500032744,0,7,0,0.0,2.0,3.0,1.0,A01
201500032745,0,7,0,0.0,1.0,7.0,1.0,A01
201500032746,0,7,0,0.0,0.0,3.0,15.0,B01
201500032746,0,33,0,0.0,2.0,8.0,0.0,A01
201500032747,0,10,0,0.0,2.0,1.0,2.0,A01
201500032747,0,7,0,0.0,2.0,4.0,2.0,B01
201500032748,0,7,0,0.0,1.0,1.0,0.0,A01
201500032749,0,7,0,0.0,2.0,4.0,15.0,B01
201500032749,2,32,0,0.0,2.0,1.0,2.0,Z01
201500032750,0,7,0,0.0,2.0,7.0,16.0,B01
201500032750,0,33,0,0.0,2.0,1.0,7.0,A01
201500032751,0,7,0,0.0,1.0,3.0,15.0,A01
201500032752,0,7,0,0.0,2.0,4.0,2.0,B01
201500032752,0,33,0,0.0,2.0,1.0,2.0,A01
201500032753,0,7,0,0.0,2.0,1.0,15.0,A01
201500032753,0,32,0,0.0,2.0,1.0,1.0,B01
201500032754,0,7,0,0.0,2.0,3.0,19.0,A01
201500032754,0,7,0,0.0,2.0,2.0,1.0,B01
201500032755,0,7,0,0.0,1.0,2.0,15.0,A01
201500032756,0,7,0,0.0,2.0,3.0,1.0,B01
201500032756,0,2,0,0.0,2.0,5.0,17.0,A01
201500032757,0,10,0,0.0,1.0,1.0,1.0,A01
201500032758,0,7,0,0.0,2.0,2.0,7.0,A01
201500032758,0,7,0,0.0,2.0,8.0,10.0,B01
201500032759,0,7,0,0.0,2.0,1.0,2.0,A01
201500032759,0,7,0,0.0,2.0,4.0,23.0,B01
201500032760,0,7,0,0.0,1.0,1.0,1.0,A01
201500032761,0,33,0,0.0,2.0,1.0,17.0,A01
201500032761,0,7,0,0.0,2.0,8.0,15.0,B01
201500032762,0,7,0,0.0,2.0,6.0,1.0,A01
201500032762,0,7,0,0.0,2.0,0.0,13.0,C01
201500032762,0,33,0,0.0,2.0,7.0,13.0,B01
201500032763,1,99,0,0.0,1.0,0.0,0.0,Z01
201500032764,0,7,0,0.0,2.0,6.0,11.0,A01
201500032764,0,7,0,0.0,2.0,1.0,2.0,B01
201500032765,0,30,0,0.0,0.0,1.0,18.0,A01
201500032765,0,7,0,0.0,0.0,2.0,15.0,B01
201500032766,0,7,0,0.0,2.0,3.0,15.0,A01
201500032766,0,7,0,0.0,2.0,3.0,1.0,B01
201500032767,0,2,0,12.0,0.0,1.0,1.0,A01
201500032768,0,7,0,0.0,2.0,6.0,1.0,B01
201500032768,0,2,0,0.0,2.0,7.0,15.0,A01
201500032769,0,7,0,0.0,2.0,2.0,15.0,A01
201500032769,0,30,0,0.0,2.0,1.0,1.0,B01
201500032770,0,33,0,5.0,9.0,1.0,0.0,A01
201500032771,0,7,0,0.0,0.0,7.0,15.0,A01
201500032771,0,7,0,0.0,0.0,0.0,0.0,B01
201500032772,0,7,0,0.0,1.0,8.0,1.0,A01
201500032773,0,7,0,0.0,2.0,8.0,0.0,A01
201500032773,0,1,0,0.0,2.0,2.0,15.0,B01
201500032774,0,38,0,0.0,9.0,2.0,1.0,A01
201500032774,0,33,0,0.0,2.0,6.0,0.0,B01
201500032775,0,7,0,0.0,2.0,8.0,15.0,A01
201500032775,0,32,0,0.0,2.0,1.0,1.0,B01
201500032776,0,3,0,0.0,1.0,2.0,2.0,A01
201500032777,1,7,0,0.0,0.0,8.0,8.0,A01
201500032777,0,37,0,0.0,2.0,3.0,7.0,B01
201500032778,0,30,0,0.0,2.0,8.0,1.0,B01
201500032778,0,10,0,0.0,2.0,3.0,15.0,A01
201500032779,0,7,0,0.0,2.0,1.0,2.0,B01
201500032779,0,7,0,1.0,0.0,0.0,0.0,A01
201500032780,0,7,0,0.0,2.0,3.0,15.0,A01
201500032780,0,7,0,0.0,2.0,8.0,1.0,B01
201500032781,0,15,0,0.0,9.0,2.0,16.0,A01
201500032781,0,1,0,0.0,2.0,8.0,0.0,B01
201500032782,0,33,0,0.0,2.0,7.0,0.0,B01
201500032782,0,7,0,0.0,2.0,0.0,0.0,A01
201500032783,0,10,0,0.0,2.0,1.0,2.0,A01
201500032783,0,7,0,0.0,2.0,4.0,23.0,B01
201500032783,0,7,0,0.0,2.0,4.0,23.0,C01
201500032784,0,7,0,0.0,2.0,3.0,1.0,B01
201500032784,0,30,0,0.0,2.0,1.0,15.0,A01
201500032785,0,7,0,0.0,1.0,2.0,2.0,A01
201500032786,0,7,0,0.0,2.0,1.0,1.0,A01
201500032786,0,1,0,0.0,2.0,8.0,1.0,B01
201500032787,0,7,0,9.0,0.0,7.0,2.0,A01
201500032788,0,7,0,12.0,2.0,8.0,11.0,A01
201500032788,0,31,0,0.0,2.0,1.0,1.0,B01
201500032789,1,7,0,0.0,1.0,0.0,2.0,A01
201500032790,0,7,0,0.0,1.0,4.0,4.0,A01
201500032791,0,7,0,0.0,2.0,3.0,9.0,A01
201500032791,0,2,0,8.0,2.0,2.0,1.0,B01
201500032792,1,7,0,0.0,1.0,0.0,0.0,A01
201500032793,0,7,0,0.0,1.0,3.0,1.0,B01
201500032794,0,31,0,0.0,2.0,2.0,0.0,B01
201500032794,0,2,0,0.0,2.0,1.0,0.0,A01
201500032795,0,7,0,1.0,9.0,2.0,1.0,A01
201500032795,0,1,0,0.0,2.0,0.0,2.0,B01
201500032796,0,7,0,0.0,2.0,7.0,15.0,A01
201500032796,0,34,0,0.0,2.0,1.0,1.0,B01
201500032797,0,7,0,0.0,2.0,1.0,2.0,D01
201500032797,0,10,0,0.0,2.0,1.0,2.0,A01
201500032797,0,7,0,0.0,2.0,4.0,2.0,B01
201500032797,0,7,0,0.0,2.0,4.0,2.0,C01
201500032798,0,7,0,0.0,1.0,0.0,0.0,A01
201500032799,0,7,0,0.0,1.0,2.0,1.0,A01
201500032800,0,7,0,0.0,2.0,1.0,2.0,B01
201500032800,0,7,0,1.0,2.0,2.0,15.0,A01
201500032801,0,7,0,0.0,2.0,3.0,0.0,A01
201500032801,0,31,0,0.0,2.0,7.0,2.0,B01
201500032802,0,7,0,0.0,9.0,1.0,1.0,A01
201500032802,0,1,0,0.0,2.0,4.0,1.0,B01
201500032803,0,34,0,0.0,2.0,1.0,17.0,A01
201500032803,0,7,0,0.0,2.0,3.0,15.0,B01
201500032804,1,30,0,0.0,1.0,5.0,1.0,A01
201500032805,0,34,0,0.0,2.0,2.0,17.0,A01
201500032805,0,7,0,0.0,2.0,3.0,0.0,B01
201500032806,0,7,0,0.0,1.0,2.0,17.0,A01
201500032807,0,40,10,0.0,1.0,2.0,0.0,A01
201500032808,1,33,0,0.0,0.0,1.0,0.0,A01
201500032808,1,7,0,0.0,2.0,1.0,15.0,B01
201500032809,0,13,0,0.0,2.0,3.0,16.0,A01
201500032809,0,13,0,0.0,2.0,0.0,0.0,B01
201500032810,1,33,0,0.0,1.0,0.0,0.0,Z01
201500032811,0,33,0,0.0,2.0,1.0,2.0,A01
201500032811,0,13,0,0.0,2.0,6.0,4.0,B01
201500032812,0,10,0,0.0,1.0,3.0,9.0,A01
201500032813,0,31,0,13.0,0.0,1.0,13.0,A01
201500032814,0,34,0,12.0,2.0,1.0,2.0,A01
201500032814,0,7,0,0.0,2.0,5.0,23.0,B01
201500032815,1,7,0,0.0,2.0,1.0,2.0,Z01
201500032815,0,10,0,0.0,2.0,5.0,2.0,A01
201500032816,0,7,0,9.0,2.0,3.0,0.0,A01
201500032816,0,7,0,8.0,2.0,2.0,0.0,B01
201500032817,0,7,0,0.0,2.0,1.0,15.0,A01
201500032817,0,7,0,0.0,2.0,3.0,1.0,B01
201500032818,0,3,0,0.0,2.0,1.0,1.0,A01
201500032818,0,7,0,0.0,2.0,7.0,1.0,B01
201500032819,0,7,0,0.0,1.0,2.0,1.0,A01
201500032820,1,7,0,15.0,1.0,0.0,0.0,A01
201500032821,0,2,0,0.0,2.0,2.0,0.0,A01
201500032821,0,40,0,0.0,2.0,2.0,8.0,B01
201500032822,1,7,0,0.0,2.0,2.0,0.0,Z01
201500032822,0,34,0,0.0,2.0,7.0,1.0,A01
201500032823,0,33,0,0.0,2.0,1.0,1.0,Z01
201500032823,0,7,0,16.0,2.0,6.0,9.0,A01
201500032824,0,7,0,0.0,2.0,3.0,1.0,B01
201500032824,0,7,0,0.0,2.0,2.0,15.0,A01
201500032825,0,7,0,0.0,2.0,3.0,15.0,A01
201500032825,0,30,0,0.0,2.0,3.0,1.0,B01
201500032826,0,7,0,0.0,2.0,7.0,1.0,A01
201500032826,0,32,0,0.0,2.0,1.0,1.0,B01
201500032827,0,33,0,0.0,1.0,4.0,1.0,A01
201500032828,0,7,0,0.0,2.0,1.0,1.0,B01
201500032828,1,7,0,0.0,2.0,0.0,15.0,Z01
201500032829,0,3,0,0.0,1.0,4.0,4.0,A01
201500032830,0,7,0,0.0,2.0,3.0,9.0,A01
201500032830,0,33,0,0.0,2.0,1.0,9.0,B01
201500032831,0,1,0,0.0,1.0,1.0,1.0,A01
201500032832,0,13,0,0.0,1.0,0.0,15.0,A01
201500032833,0,7,0,0.0,2.0,4.0,1.0,B01
201500032833,0,7,0,0.0,2.0,1.0,1.0,A01
201500032833,0,7,0,0.0,2.0,4.0,1.0,C01
201500032834,0,7,0,0.0,1.0,5.0,4.0,A01
201500032835,0,7,0,0.0,2.0,3.0,1.0,A01
201500032835,2,7,0,0.0,2.0,1.0,13.0,B01
201500032836,0,7,0,1.0,0.0,7.0,1.0,B01
201500032836,0,7,0,0.0,2.0,1.0,1.0,A01
201500032837,0,30,0,0.0,2.0,8.0,15.0,A01
201500032837,0,7,0,0.0,2.0,1.0,1.0,B01
201500032838,0,34,0,0.0,2.0,1.0,17.0,B01
201500032838,0,7,0,0.0,2.0,3.0,15.0,A01
201500032839,1,7,0,0.0,1.0,4.0,4.0,Z01
201500032840,0,7,0,0.0,2.0,2.0,15.0,A01
201500032840,0,7,0,0.0,2.0,3.0,1.0,B01
201500032841,0,16,0,0.0,1.0,2.0,1.0,A01
201500032842,0,1,0,0.0,0.0,0.0,0.0,B01
201500032842,0,14,0,0.0,9.0,5.0,1.0,A01
201500032843,0,33,0,0.0,2.0,2.0,2.0,A01
201500032843,0,7,0,0.0,2.0,0.0,0.0,B01
201500032844,0,7,0,0.0,1.0,1.0,1.0,A01
201500032845,0,7,0,0.0,2.0,1.0,15.0,A01
201500032845,0,7,0,7.0,2.0,8.0,0.0,B01
201500032846,0,7,0,0.0,2.0,3.0,1.0,B01
201500032846,0,2,0,0.0,2.0,7.0,14.0,A01
201500032847,0,7,0,0.0,2.0,1.0,2.0,B01
201500032847,0,33,0,0.0,2.0,3.0,19.0,A01
201500032848,0,32,0,0.0,0.0,0.0,0.0,B01
201500032848,0,7,0,0.0,2.0,6.0,13.0,A01
201500032849,0,7,0,0.0,2.0,2.0,15.0,A01
201500032849,0,1,0,0.0,2.0,1.0,1.0,B01
201500032850,0,7,0,1.0,0.0,1.0,11.0,A01
201500032850,0,10,0,0.0,2.0,1.0,5.0,B01
201500032851,0,7,0,0.0,2.0,2.0,0.0,A01
201500032851,0,2,0,0.0,2.0,5.0,1.0,B01
201500032852,0,30,0,4.0,0.0,2.0,19.0,A01
201500032852,0,7,0,0.0,2.0,2.0,0.0,B01
201500032853,0,32,0,0.0,1.0,1.0,1.0,A01
201500032854,0,7,0,6.0,2.0,1.0,0.0,A01
201500032854,0,30,0,0.0,2.0,4.0,0.0,B01
201500032855,0,7,0,0.0,9.0,4.0,2.0,A01
201500032855,0,31,0,14.0,0.0,1.0,2.0,B01
201500032856,0,7,0,2.0,0.0,7.0,17.0,A01
201500032857,0,10,0,14.0,2.0,4.0,23.0,B01
201500032857,0,7,0,14.0,0.0,1.0,2.0,A01
201500032857,0,7,0,0.0,2.0,4.0,23.0,C01
201500032858,0,7,0,0.0,1.0,3.0,1.0,A01
201500032859,0,31,0,0.0,2.0,1.0,1.0,A01
201500032859,0,7,0,0.0,2.0,3.0,15.0,B01
201500032860,0,33,0,0.0,0.0,1.0,2.0,B01
201500032860,0,7,0,0.0,0.0,7.0,2.0,A01
201500032861,0,7,0,0.0,2.0,1.0,13.0,A01
201500032861,0,7,0,0.0,2.0,1.0,1.0,B01
201500032862,0,33,0,0.0,2.0,5.0,2.0,B01
201500032862,0,7,0,0.0,2.0,3.0,15.0,A01
201500032863,0,7,0,0.0,2.0,4.0,2.0,A01
201500032863,0,30,0,0.0,2.0,1.0,2.0,B01
201500032864,0,33,0,0.0,2.0,2.0,0.0,B01
201500032864,0,7,0,0.0,2.0,8.0,15.0,A01
201500032865,0,1,0,0.0,2.0,1.0,1.0,B01
201500032865,0,7,0,0.0,2.0,2.0,16.0,A01
201500032866,0,7,0,0.0,0.0,4.0,1.0,B01
201500032866,0,33,0,0.0,2.0,1.0,1.0,A01
201500032867,0,2,0,1.0,0.0,1.0,14.0,A01
201500032868,0,33,0,0.0,2.0,7.0,17.0,A01
201500032868,0,7,0,0.0,2.0,3.0,15.0,B01
201500032869,0,7,0,6.0,0.0,0.0,0.0,A01
201500032870,0,7,0,0.0,1.0,1.0,1.0,A01
201500032871,0,7,0,0.0,1.0,3.0,1.0,A01
201500032872,0,7,0,0.0,2.0,3.0,15.0,B01
201500032872,0,32,0,0.0,2.0,1.0,2.0,A01
201500032873,0,7,0,0.0,1.0,1.0,2.0,A01
201500032874,0,33,0,0.0,2.0,1.0,1.0,B01
201500032874,0,7,0,0.0,2.0,3.0,15.0,A01
201500032875,0,31,0,1.0,0.0,1.0,13.0,A01
201500032876,0,7,0,0.0,2.0,1.0,1.0,A01
201500032876,0,15,0,0.0,2.0,4.0,1.0,B01
201500032877,0,1,0,0.0,2.0,1.0,19.0,A01
201500032877,0,7,0,0.0,2.0,2.0,16.0,B01
201500032878,0,7,0,0.0,1.0,3.0,19.0,A01
201500032879,1,1,0,0.0,1.0,0.0,0.0,Z01
201500032880,0,7,0,0.0,9.0,6.0,15.0,B01
201500032880,0,1,0,0.0,2.0,3.0,5.0,A01
201500032881,0,1,0,12.0,2.0,8.0,18.0,A01
201500032881,0,37,0,12.0,9.0,5.0,1.0,B01
201500032882,1,7,0,0.0,2.0,4.0,4.0,Z01
201500032882,0,33,0,0.0,2.0,1.0,2.0,A01
201500032883,0,7,0,0.0,9.0,2.0,1.0,A01
201500032883,0,1,0,0.0,2.0,1.0,1.0,B01
201500032884,0,1,0,0.0,0.0,0.0,0.0,B01
201500032884,0,7,0,0.0,2.0,3.0,1.0,A01
201500032885,0,33,0,0.0,2.0,7.0,1.0,B01
201500032885,0,7,0,0.0,2.0,1.0,15.0,A01
201500032886,0,7,0,1.0,1.0,3.0,1.0,A01
201500032887,0,7,0,6.0,0.0,1.0,16.0,A01
201500032888,0,3,0,9.0,1.0,8.0,0.0,A01
201500032889,0,7,0,0.0,1.0,1.0,17.0,A01
201500032890,0,40,45,0.0,1.0,1.0,1.0,A01
201500032891,0,33,0,5.0,0.0,4.0,1.0,A01
201500032892,0,7,0,0.0,2.0,3.0,1.0,B01
201500032892,0,7,0,0.0,2.0,3.0,15.0,A01
201500032893,0,7,0,6.0,0.0,2.0,1.0,A01
201500032894,0,33,0,0.0,2.0,2.0,1.0,A01
201500032894,0,33,0,0.0,2.0,5.0,15.0,B01
201500032895,0,1,0,0.0,2.0,4.0,15.0,B01
201500032895,0,7,0,0.0,2.0,2.0,1.0,A01
201500032896,0,10,0,0.0,2.0,3.0,15.0,B01
201500032896,0,7,0,6.0,1.0,1.0,8.0,A01
201500032897,0,7,0,0.0,2.0,2.0,1.0,B01
201500032897,0,7,0,0.0,2.0,3.0,15.0,A01
201500032898,0,7,0,0.0,2.0,5.0,15.0,A01
201500032898,0,7,0,0.0,2.0,1.0,23.0,C01
201500032898,0,33,0,0.0,2.0,1.0,1.0,B01
201500032899,0,7,0,0.0,2.0,5.0,15.0,C01
201500032899,0,7,0,0.0,2.0,3.0,2.0,A01
201500032899,0,7,0,0.0,2.0,2.0,12.0,B01
201500032900,0,31,0,0.0,2.0,0.0,1.0,B01
201500032900,1,7,0,0.0,0.0,0.0,0.0,Z01
201500032901,0,10,0,0.0,1.0,3.0,1.0,A01
201500032902,0,10,0,0.0,1.0,3.0,1.0,A01
201500032903,0,7,0,0.0,2.0,7.0,16.0,B01
201500032903,0,30,0,0.0,2.0,8.0,18.0,A01
201500032904,0,40,50,0.0,1.0,1.0,0.0,A01
201500032905,0,7,0,0.0,2.0,3.0,15.0,A01
201500032905,0,7,0,0.0,2.0,2.0,17.0,B01
201500032906,0,7,0,0.0,2.0,3.0,2.0,B01
201500032906,0,10,0,0.0,2.0,2.0,2.0,A01
201500032907,0,7,0,0.0,2.0,3.0,1.0,B01
201500032907,2,7,0,0.0,2.0,3.0,13.0,A01
201500032908,0,1,0,1.0,2.0,1.0,11.0,B01
201500032908,0,7,0,1.0,9.0,2.0,1.0,A01
201500032909,0,33,0,0.0,2.0,8.0,1.0,B01
201500032909,0,7,0,0.0,2.0,3.0,15.0,A01
201500032910,0,7,0,0.0,2.0,8.0,15.0,A01
201500032910,0,7,0,0.0,2.0,1.0,1.0,B01
201500032911,1,7,0,0.0,1.0,0.0,1.0,Z01
201500032912,0,7,0,0.0,2.0,1.0,1.0,B01
201500032912,0,2,0,0.0,2.0,1.0,15.0,A01
201500032913,0,7,0,2.0,0.0,2.0,13.0,A01
201500032914,0,7,0,0.0,2.0,1.0,15.0,A01
201500032914,0,7,0,0.0,2.0,3.0,1.0,B01
201500032915,1,7,0,0.0,1.0,0.0,5.0,A01
201500032916,0,3,0,0.0,9.0,3.0,15.0,A01
201500032916,0,1,0,0.0,0.0,0.0,0.0,B01
201500032917,0,30,0,8.0,0.0,7.0,0.0,A01
201500032918,0,7,0,0.0,2.0,7.0,2.0,A01
201500032918,0,7,0,0.0,2.0,4.0,2.0,C01
201500032918,0,7,0,0.0,2.0,9.0,13.0,B01
201500032919,0,7,0,16.0,0.0,2.0,15.0,A01
201500032919,0,30,0,0.0,2.0,1.0,2.0,B01
201500032920,0,7,0,0.0,1.0,1.0,16.0,A01
201500032921,0,34,0,0.0,1.0,1.0,1.0,A01
201500032922,0,33,0,12.0,0.0,7.0,1.0,A01
201500032923,0,33,0,0.0,2.0,1.0,1.0,B01
201500032923,0,7,0,0.0,2.0,7.0,15.0,A01
201500032924,0,33,0,0.0,2.0,1.0,1.0,B01
201500032924,0,7,0,0.0,2.0,3.0,10.0,A01
201500032925,0,2,0,0.0,0.0,0.0,1.0,A01
201500032926,0,33,0,0.0,1.0,0.0,17.0,A01
201500032927,0,2,0,0.0,1.0,1.0,17.0,A01
201500032928,0,99,0,0.0,2.0,3.0,1.0,A01
201500032928,0,7,0,8.0,2.0,6.0,13.0,B01
201500032929,0,30,0,0.0,2.0,1.0,1.0,B01
201500032929,0,7,0,0.0,2.0,3.0,15.0,A01
201500032930,0,7,0,0.0,2.0,1.0,1.0,A01
201500032930,0,1,0,0.0,2.0,7.0,1.0,B01
201500032931,0,30,0,0.0,1.0,1.0,17.0,A01
201500032932,1,33,0,0.0,1.0,0.0,0.0,Z01
201500032933,0,7,0,0.0,1.0,0.0,1.0,A01
201500032934,0,10,0,0.0,2.0,1.0,2.0,A01
201500032934,0,10,0,0.0,2.0,4.0,1.0,B01
201500032935,0,33,0,0.0,2.0,7.0,1.0,B01
201500032935,0,30,0,0.0,2.0,8.0,12.0,A01
201500032936,0,30,0,0.0,2.0,2.0,1.0,A01
201500032936,1,7,0,0.0,2.0,3.0,9.0,Z01
201500032937,0,33,0,3.0,0.0,8.0,9.0,A01
201500032938,0,7,0,0.0,2.0,3.0,13.0,A01
201500032938,0,30,0,0.0,2.0,3.0,14.0,B01
201500032939,0,7,0,0.0,0.0,4.0,1.0,B01
201500032939,0,7,0,0.0,0.0,1.0,1.0,A01
201500032940,0,7,0,0.0,2.0,2.0,0.0,B01
201500032940,0,30,0,0.0,2.0,2.0,5.0,A01
201500032941,0,7,0,0.0,2.0,1.0,2.0,A01
201500032941,0,7,0,0.0,0.0,4.0,2.0,B01
201500032942,0,7,0,0.0,2.0,8.0,16.0,B01
201500032942,0,14,0,0.0,2.0,2.0,0.0,A01
201500032943,0,7,0,6.0,0.0,1.0,1.0,A01
201500032944,1,7,0,0.0,1.0,1.0,16.0,A01
201500032945,0,2,0,0.0,0.0,0.0,0.0,A01
201500032946,0,7,0,6.0,2.0,1.0,2.0,B01
201500032946,0,7,0,0.0,2.0,6.0,19.0,A01
201500032947,0,7,0,0.0,2.0,1.0,1.0,A01
201500032947,0,7,0,1.0,0.0,0.0,0.0,C01
201500032947,0,10,0,0.0,0.0,0.0,0.0,B01
201500032948,1,31,0,0.0,1.0,7.0,1.0,Z01
201500032949,0,7,0,0.0,1.0,2.0,2.0,A01
201500032950,1,7,0,0.0,1.0,0.0,0.0,Z01
201500032951,0,7,0,0.0,1.0,3.0,15.0,A01
201500032952,0,7,0,0.0,1.0,8.0,4.0,A01
201500032953,1,30,0,0.0,1.0,0.0,0.0,A01
201500032954,0,7,0,0.0,1.0,1.0,16.0,A01
201500032955,0,15,0,0.0,4.0,8.0,15.0,A01
201500032955,0,40,0,0.0,2.0,2.0,1.0,B01
201500032956,0,1,0,0.0,9.0,3.0,1.0,A01
201500032956,0,40,52,0.0,9.0,3.0,0.0,B01
201500032957,0,32,0,0.0,2.0,1.0,1.0,B01
201500032957,0,7,0,0.0,2.0,1.0,15.0,A01
201500032958,0,7,0,0.0,2.0,1.0,1.0,C01
201500032958,0,7,0,0.0,2.0,1.0,1.0,B01
201500032958,0,7,0,0.0,2.0,1.0,15.0,A01
201500032959,0,7,0,0.0,1.0,1.0,1.0,A01
201500032960,0,7,0,0.0,2.0,2.0,15.0,A01
201500032960,0,31,0,0.0,2.0,1.0,1.0,B01
201500032961,2,7,0,0.0,0.0,2.0,15.0,Z01
201500032961,0,30,0,0.0,0.0,3.0,1.0,A01
201500032962,0,1,0,1.0,0.0,1.0,1.0,B01
201500032962,0,14,0,0.0,2.0,3.0,23.0,A01
201500032963,0,7,0,0.0,0.0,3.0,15.0,B01
201500032963,0,99,0,0.0,0.0,2.0,7.0,A01
201500032964,0,1,0,0.0,2.0,1.0,1.0,B01
201500032964,0,10,0,0.0,2.0,7.0,15.0,A01
201500032965,0,33,0,0.0,2.0,2.0,1.0,B01
201500032965,0,7,0,0.0,2.0,3.0,1.0,A01
201500032966,0,30,0,0.0,2.0,1.0,1.0,B01
201500032966,0,37,60,0.0,2.0,7.0,15.0,A01