Num_Acc,senc,catv,occutc,obs,obsm,choc,manv,num_veh
201500032967,0,10,0,0.0,2.0,7.0,16.0,A01
201500032967,0,1,0,0.0,2.0,1.0,16.0,B01
201500032968,0,7,0,1.0,2.0,2.0,1.0,A01
201500032968,0,7,0,0.0,2.0,6.0,15.0,B01
201500032969,0,7,0,0.0,1.0,7.0,1.0,A01
201500032970,0,7,0,0.0,2.0,5.0,16.0,A01
201500032970,1,7,0,0.0,2.0,1.0,1.0,B01
201500032971,0,1,0,0.0,2.0,0.0,0.0,B01
201500032971,0,7,0,0.0,2.0,3.0,15.0,A01
201500032972,0,7,0,0.0,2.0,1.0,2.0,A01
201500032972,0,7,0,0.0,9.0,4.0,2.0,B01
201500032973,0,7,0,0.0,2.0,2.0,1.0,A01
201500032973,0,31,0,0.0,2.0,1.0,1.0,B01
201500032974,0,1,0,0.0,2.0,3.0,2.0,B01
201500032974,0,37,40,0.0,2.0,7.0,2.0,A01
201500032975,0,7,0,0.0,0.0,0.0,0.0,A01
201500032975,1,7,0,0.0,0.0,0.0,0.0,B01
201500032976,0,7,0,0.0,1.0,2.0,1.0,A01
201500032977,2,10,0,1.0,1.0,9.0,1.0,Z01
201500032978,1,7,0,0.0,1.0,1.0,16.0,A01
201500032979,0,7,0,0.0,2.0,5.0,21.0,B01
201500032979,2,7,0,0.0,2.0,2.0,5.0,A01
201500032980,0,7,0,0.0,1.0,6.0,4.0,A01
201500032981,0,7,0,0.0,2.0,1.0,1.0,A01
201500032981,0,7,0,0.0,2.0,1.0,1.0,B01
201500032982,0,7,0,0.0,2.0,4.0,23.0,C01
201500032982,0,7,0,0.0,2.0,1.0,9.0,A01
201500032982,0,7,0,0.0,2.0,4.0,23.0,B01
201500032983,0,1,0,0.0,2.0,1.0,1.0,B01
201500032983,0,7,0,0.0,2.0,2.0,15.0,A01
201500032984,0,7,0,8.0,0.0,2.0,1.0,A01
201500032985,0,2,0,0.0,2.0,2.0,17.0,A01
201500032985,0,7,0,0.0,2.0,6.0,1.0,B01
201500032986,0,14,0,0.0,2.0,2.0,1.0,A01
201500032986,0,7,0,0.0,2.0,3.0,1.0,B01
201500032987,0,7,0,0.0,1.0,0.0,4.0,A01
201500032988,0,7,0,0.0,1.0,1.0,1.0,A01
201500032989,0,7,0,0.0,2.0,1.0,2.0,A01
201500032989,0,7,0,0.0,2.0,4.0,2.0,B01
201500032990,0,7,0,0.0,0.0,5.0,2.0,B01
201500032990,0,7,0,0.0,0.0,0.0,0.0,A01
201500032991,1,7,0,0.0,0.0,3.0,21.0,A01
201500032991,0,7,0,0.0,0.0,6.0,2.0,B01
201500032992,0,7,0,0.0,2.0,4.0,1.0,B01
201500032992,0,10,0,0.0,2.0,1.0,1.0,A01
201500032993,0,7,0,0.0,9.0,8.0,22.0,A01
201500032993,0,1,0,1.0,0.0,1.0,1.0,B01
201500032994,0,7,0,0.0,2.0,3.0,1.0,A01
201500032994,0,7,0,0.0,2.0,4.0,1.0,B01
201500032995,0,7,0,0.0,2.0,3.0,15.0,A01
201500032995,0,7,0,0.0,2.0,3.0,1.0,B01
201500032996,0,7,0,15.0,0.0,1.0,14.0,A01
201500032997,0,15,0,14.0,0.0,5.0,1.0,A01
201500032998,0,10,0,0.0,2.0,2.0,15.0,A01
201500032998,0,7,0,0.0,2.0,3.0,1.0,B01
201500032999,0,7,0,2.0,0.0,8.0,1.0,A01
201500033000,0,7,0,0.0,1.0,1.0,1.0,A01
201500033001,0,10,0,0.0,2.0,2.0,2.0,A01
201500033001,0,7,0,0.0,2.0,6.0,15.0,B01
201500033002,1,99,0,0.0,2.0,0.0,1.0,Z01
201500033002,0,1,0,0.0,2.0,3.0,1.0,A01
201500033003,0,7,0,0.0,2.0,1.0,2.0,A01
201500033003,0,10,0,0.0,2.0,4.0,2.0,B01
201500033004,0,7,0,0.0,2.0,2.0,15.0,A01
201500033004,0,10,0,0.0,2.0,1.0,1.0,B01
201500033005,0,10,0,0.0,1.0,1.0,1.0,A01
201500033006,0,7,0,0.0,2.0,8.0,13.0,A01
201500033006,0,33,0,0.0,2.0,1.0,17.0,B01
201500033007,0,7,0,0.0,2.0,3.0,2.0,B01
201500033007,0,10,0,0.0,2.0,6.0,13.0,A01
201500033008,0,7,0,0.0,1.0,0.0,15.0,A01
201500033009,0,2,0,0.0,2.0,8.0,19.0,A01
201500033009,0,7,0,0.0,2.0,3.0,1.0,B01
201500033010,1,7,0,0.0,1.0,3.0,1.0,Z01
201500033011,0,7,0,0.0,1.0,3.0,1.0,A01
201500033012,0,7,0,2.0,0.0,1.0,1.0,A01
201500033013,0,3,0,0.0,2.0,2.0,15.0,B01
201500033013,0,7,0,8.0,2.0,3.0,1.0,A01
201500033014,0,2,0,6.0,0.0,5.0,1.0,A01
201500033014,0,10,0,0.0,2.0,1.0,1.0,B01
201500033015,0,1,0,0.0,2.0,5.0,0.0,B01
201500033015,0,7,0,0.0,2.0,1.0,1.0,A01
201500033016,0,1,0,1.0,0.0,1.0,14.0,A01
201500033017,0,7,0,0.0,2.0,3.0,16.0,A01
201500033017,0,1,0,0.0,2.0,2.0,15.0,B01
201500033018,0,7,0,0.0,1.0,4.0,4.0,A01
201500033019,0,1,0,0.0,2.0,2.0,1.0,B01
201500033019,0,7,0,0.0,2.0,3.0,15.0,A01
201500033020,0,7,0,0.0,2.0,3.0,13.0,A01
201500033020,0,7,0,0.0,2.0,3.0,1.0,B01
201500033021,0,10,0,0.0,1.0,4.0,4.0,A01
201500033022,0,1,0,0.0,2.0,7.0,1.0,B01
201500033022,0,7,0,0.0,2.0,1.0,1.0,A01
201500033023,1,7,0,0.0,1.0,1.0,0.0,Z01
201500033024,0,7,0,0.0,2.0,1.0,15.0,A01
201500033024,0,33,0,0.0,2.0,1.0,1.0,B01
201500033025,0,7,0,0.0,2.0,3.0,9.0,A01
201500033025,0,10,0,0.0,2.0,5.0,1.0,B01
201500033026,0,7,0,0.0,2.0,3.0,13.0,A01
201500033026,0,7,0,0.0,2.0,3.0,1.0,B01
201500033027,0,2,0,12.0,2.0,1.0,1.0,B01
201500033027,0,7,0,0.0,2.0,3.0,1.0,A01
201500033028,0,7,0,0.0,2.0,3.0,13.0,A01
201500033028,0,7,0,0.0,2.0,3.0,1.0,B01
201500033029,0,1,0,0.0,1.0,1.0,0.0,A01
201500033030,0,33,0,0.0,2.0,1.0,1.0,A01
201500033030,0,7,0,0.0,2.0,2.0,9.0,B01
201500033031,0,1,0,1.0,2.0,1.0,1.0,B01
201500033031,1,7,0,0.0,2.0,1.0,5.0,Z01
201500033032,0,7,0,0.0,2.0,1.0,2.0,A01
201500033032,0,7,0,0.0,2.0,4.0,2.0,B01
201500033033,0,7,0,0.0,2.0,1.0,9.0,A01
201500033033,0,33,0,0.0,2.0,1.0,1.0,B01
201500033034,0,10,0,0.0,1.0,1.0,1.0,A01
201500033035,0,30,0,0.0,2.0,0.0,1.0,B01
201500033035,0,7,0,0.0,2.0,0.0,15.0,A01
201500033036,0,7,0,0.0,2.0,2.0,15.0,A01
201500033036,0,7,0,0.0,2.0,1.0,1.0,B01
201500033037,0,7,0,0.0,2.0,7.0,16.0,B01
201500033037,1,33,0,0.0,2.0,1.0,0.0,Z01
201500033038,0,33,0,0.0,2.0,7.0,1.0,B01
201500033038,0,7,0,0.0,2.0,1.0,9.0,A01
201500033039,0,30,0,0.0,2.0,1.0,2.0,A01
201500033039,0,7,0,0.0,2.0,4.0,2.0,B01
201500033040,0,33,0,0.0,0.0,8.0,1.0,A01
201500033041,0,7,0,0.0,2.0,8.0,15.0,A01
201500033041,0,33,0,0.0,2.0,1.0,1.0,B01
201500033042,0,7,0,0.0,1.0,0.0,0.0,A01
201500033043,0,31,0,0.0,2.0,1.0,1.0,A01
201500033043,0,7,0,0.0,2.0,8.0,15.0,B01
201500033044,0,7,0,0.0,2.0,1.0,1.0,A01
201500033044,0,7,0,0.0,2.0,5.0,2.0,B01
201500033045,0,1,0,0.0,2.0,1.0,1.0,A01
201500033045,0,7,0,0.0,2.0,2.0,16.0,B01
201500033046,0,7,0,0.0,2.0,8.0,10.0,A01
201500033046,0,31,0,0.0,2.0,2.0,17.0,B01
201500033047,0,7,0,0.0,0.0,0.0,0.0,A01
201500033047,0,7,0,0.0,0.0,0.0,0.0,B01
201500033048,0,7,0,2.0,2.0,1.0,1.0,A01
201500033048,0,7,0,0.0,2.0,7.0,15.0,B01
201500033049,0,7,0,0.0,2.0,1.0,5.0,A01
201500033049,0,7,0,0.0,2.0,1.0,1.0,B01
201500033050,0,7,0,0.0,1.0,1.0,1.0,A01
201500033051,0,33,0,0.0,0.0,0.0,0.0,A01
201500033051,0,7,0,0.0,2.0,3.0,15.0,B01
201500033052,0,7,0,0.0,1.0,2.0,1.0,A01
201500033053,0,37,1,0.0,1.0,5.0,1.0,A01
201500033054,0,7,0,0.0,1.0,4.0,4.0,A01
201500033055,0,7,0,0.0,2.0,3.0,15.0,A01
201500033055,0,30,0,0.0,2.0,1.0,1.0,B01
201500033056,0,7,0,0.0,2.0,1.0,5.0,A01
201500033056,0,17,0,0.0,0.0,0.0,0.0,B01
201500033056,0,7,0,3.0,2.0,1.0,1.0,C01
201500033056,0,7,0,3.0,2.0,3.0,1.0,D01
201500033057,0,1,0,1.0,0.0,1.0,1.0,A01
201500033057,0,7,0,0.0,0.0,0.0,0.0,B01
201500033058,0,10,0,0.0,2.0,1.0,9.0,A01
201500033058,0,1,0,0.0,0.0,7.0,1.0,B01
201500033059,0,7,0,0.0,2.0,2.0,15.0,A01
201500033059,0,7,0,0.0,2.0,1.0,1.0,B01
201500033060,0,10,0,0.0,2.0,1.0,13.0,A01
201500033060,0,7,0,0.0,2.0,3.0,1.0,B01
201500033061,0,7,0,0.0,2.0,3.0,1.0,B01
201500033061,0,7,0,0.0,2.0,6.0,9.0,A01
201500033062,0,2,0,0.0,1.0,1.0,1.0,A01
201500033063,0,7,0,1.0,0.0,1.0,13.0,A01
201500033064,0,7,0,6.0,0.0,1.0,13.0,A01
201500033065,0,7,0,0.0,2.0,1.0,13.0,A01
201500033065,0,7,0,0.0,2.0,1.0,1.0,B01
201500033066,0,7,0,0.0,2.0,1.0,13.0,A01
201500033066,0,7,0,0.0,2.0,1.0,1.0,B01
201500033067,0,30,0,0.0,2.0,1.0,1.0,A01
201500033067,0,7,0,0.0,0.0,4.0,20.0,B01
201500033068,0,7,0,0.0,1.0,2.0,1.0,A01
201500033069,0,7,0,15.0,0.0,1.0,14.0,A01
201500033069,0,37,1,0.0,0.0,4.0,23.0,B01
201500033070,0,7,0,0.0,2.0,1.0,13.0,A01
201500033070,0,7,0,0.0,2.0,3.0,1.0,B01
201500033070,0,7,0,0.0,2.0,3.0,1.0,C01
201500033071,0,32,0,0.0,0.0,3.0,1.0,A01
201500033072,0,7,0,0.0,1.0,1.0,1.0,A01
201500033073,2,7,0,0.0,2.0,1.0,13.0,A01
201500033073,0,7,0,0.0,2.0,1.0,1.0,B01
201500033074,0,30,0,0.0,2.0,1.0,17.0,A01
201500033074,0,7,0,0.0,2.0,7.0,15.0,B01
201500033075,0,7,0,0.0,2.0,3.0,13.0,A01
201500033075,0,7,0,0.0,2.0,3.0,1.0,B01
201500033075,0,7,0,0.0,2.0,1.0,1.0,C01
201500033076,0,20,0,0.0,1.0,0.0,1.0,A01
201500033077,0,7,0,9.0,2.0,3.0,0.0,A01
201500033077,0,7,0,0.0,0.0,8.0,1.0,B01
201500033078,0,7,0,0.0,2.0,3.0,13.0,A01
201500033078,0,7,0,0.0,2.0,3.0,1.0,B01
201500033079,0,7,0,8.0,0.0,9.0,0.0,A01
201500033080,0,7,0,0.0,2.0,7.0,15.0,A01
201500033080,0,32,0,0.0,2.0,7.0,0.0,B01
201500033081,0,7,0,16.0,0.0,9.0,1.0,A01
201500033082,0,2,0,0.0,2.0,0.0,0.0,A01
201500033082,0,7,0,0.0,2.0,7.0,20.0,B01
201500033083,0,31,0,6.0,0.0,9.0,0.0,A01
201500033084,0,2,0,0.0,2.0,1.0,5.0,A01
201500033084,0,2,0,0.0,2.0,1.0,1.0,B01
201500033085,0,7,0,0.0,1.0,2.0,0.0,A01
201500033086,0,7,0,2.0,0.0,1.0,0.0,A01
201500033087,0,7,0,14.0,0.0,1.0,1.0,A01
201500033087,0,30,0,0.0,0.0,0.0,0.0,B01
201500033088,0,7,0,0.0,1.0,0.0,0.0,A01
201500033089,0,2,0,0.0,2.0,1.0,13.0,A01
201500033089,0,7,0,0.0,2.0,3.0,1.0,B01
201500033090,0,10,0,0.0,1.0,3.0,1.0,A01
201500033091,0,99,0,0.0,1.0,2.0,14.0,A01
201500033092,0,7,0,0.0,2.0,1.0,2.0,A01
201500033092,0,7,0,0.0,2.0,4.0,1.0,B01
201500033093,0,2,0,1.0,0.0,1.0,14.0,A01
201500033094,0,7,0,0.0,2.0,3.0,9.0,A01
201500033094,0,7,0,0.0,2.0,1.0,1.0,B01
201500033095,0,7,0,0.0,2.0,1.0,19.0,A01
201500033095,0,7,0,0.0,2.0,1.0,1.0,B01
201500033096,0,7,0,2.0,0.0,7.0,0.0,A01
201500033097,0,7,0,6.0,0.0,1.0,1.0,A01
201500033098,0,7,0,0.0,2.0,7.0,15.0,A01
201500033098,0,34,0,0.0,2.0,1.0,21.0,B01
201500033099,0,7,0,0.0,2.0,7.0,15.0,A01
201500033099,0,2,0,0.0,2.0,1.0,1.0,B01
201500033100,0,7,0,6.0,0.0,1.0,14.0,A01
201500033101,0,2,0,0.0,2.0,1.0,19.0,A01
201500033101,0,7,0,0.0,0.0,7.0,0.0,B01
201500033102,0,7,0,0.0,1.0,3.0,15.0,A01
201500033103,0,15,0,0.0,2.0,3.0,1.0,C01
201500033103,0,7,0,0.0,2.0,1.0,2.0,A01
201500033103,0,7,0,0.0,2.0,6.0,0.0,B01
201500033104,0,7,0,6.0,2.0,2.0,1.0,A01
201500033104,0,7,0,0.0,2.0,3.0,1.0,B01
201500033105,0,7,0,0.0,1.0,3.0,1.0,A01
201500033106,0,7,0,0.0,2.0,7.0,1.0,A01
201500033106,0,7,0,0.0,2.0,1.0,1.0,B01
201500033107,0,7,0,0.0,0.0,8.0,0.0,B01
201500033107,0,7,0,0.0,2.0,2.0,1.0,A01
201500033108,0,14,0,0.0,2.0,7.0,16.0,A01
201500033108,0,1,0,0.0,2.0,8.0,16.0,B01
201500033109,0,2,0,0.0,2.0,1.0,1.0,B01
201500033109,0,7,0,0.0,2.0,8.0,15.0,A01
201500033110,0,7,0,0.0,2.0,8.0,15.0,A01
201500033110,0,7,0,0.0,0.0,8.0,16.0,C01
201500033110,0,38,34,0.0,2.0,1.0,1.0,B01
201500033111,0,32,0,0.0,2.0,1.0,1.0,B01
201500033111,0,7,0,0.0,2.0,1.0,15.0,A01
201500033112,0,7,0,0.0,2.0,1.0,1.0,A01
201500033112,0,7,0,6.0,0.0,1.0,1.0,B01
201500033113,1,7,0,0.0,1.0,1.0,5.0,Z01
201500033114,0,1,0,0.0,2.0,8.0,1.0,B01
201500033114,0,14,0,0.0,2.0,1.0,9.0,A01
201500033115,0,7,0,0.0,2.0,1.0,1.0,B01
201500033115,0,7,0,0.0,2.0,1.0,13.0,A01
201500033116,0,7,0,0.0,1.0,0.0,0.0,A01
201500033117,0,7,0,0.0,2.0,1.0,1.0,B01
201500033117,0,2,0,0.0,2.0,1.0,15.0,A01
201500033118,0,33,0,0.0,2.0,1.0,5.0,A01
201500033118,0,7,0,0.0,2.0,3.0,1.0,B01
201500033119,0,7,0,0.0,1.0,2.0,1.0,A01
201500033120,0,7,0,0.0,2.0,7.0,17.0,A01
201500033120,0,2,0,0.0,2.0,8.0,1.0,B01
201500033121,0,7,0,0.0,2.0,1.0,23.0,B01
201500033121,0,7,0,0.0,2.0,2.0,16.0,A01
201500033122,0,7,0,0.0,1.0,1.0,1.0,A01
201500033123,1,7,0,6.0,1.0,1.0,1.0,A01
201500033124,0,7,0,0.0,2.0,8.0,11.0,A01
201500033124,0,33,0,0.0,2.0,1.0,1.0,B01
201500033125,0,31,0,0.0,2.0,1.0,1.0,B01
201500033125,0,7,0,0.0,2.0,5.0,15.0,A01
201500033126,0,7,0,0.0,2.0,2.0,15.0,A01
201500033126,0,2,0,0.0,2.0,1.0,1.0,B01
201500033127,0,1,0,0.0,0.0,0.0,0.0,B01
201500033127,0,7,0,0.0,2.0,7.0,17.0,A01
201500033128,0,7,0,0.0,1.0,1.0,15.0,A01
201500033129,0,33,0,0.0,2.0,1.0,1.0,B01
201500033129,0,10,0,0.0,2.0,7.0,15.0,A01
201500033130,1,7,0,0.0,2.0,7.0,15.0,Z01
201500033130,0,31,0,0.0,2.0,1.0,1.0,B01
201500033131,0,7,0,0.0,2.0,3.0,15.0,B01
201500033131,0,32,0,0.0,2.0,1.0,1.0,C01
201500033131,0,7,0,0.0,0.0,0.0,15.0,A01
201500033132,0,7,0,7.0,0.0,1.0,1.0,A01
201500033133,0,10,0,0.0,2.0,1.0,2.0,A01
201500033133,0,2,0,0.0,0.0,4.0,1.0,B01
201500033134,0,7,0,0.0,0.0,1.0,1.0,A01
201500033135,0,3,0,0.0,1.0,1.0,1.0,B01
201500033135,0,7,0,0.0,2.0,1.0,1.0,A01
201500033136,0,7,0,0.0,1.0,7.0,1.0,A01
201500033137,0,1,0,0.0,2.0,8.0,1.0,B01
201500033137,0,7,0,0.0,2.0,7.0,16.0,A01
201500033138,0,31,0,14.0,0.0,0.0,1.0,A01
201500033138,0,7,0,0.0,2.0,0.0,15.0,B01
201500033139,0,7,0,6.0,1.0,3.0,0.0,A01
201500033140,0,30,0,0.0,2.0,1.0,1.0,B01
201500033140,0,7,0,0.0,2.0,5.0,15.0,A01
201500033141,0,30,0,0.0,2.0,7.0,1.0,A01
201500033141,0,7,0,0.0,2.0,1.0,15.0,B01
201500033142,0,7,0,0.0,2.0,3.0,15.0,A01
201500033142,0,1,0,0.0,2.0,1.0,1.0,B01
201500033143,0,2,0,0.0,2.0,1.0,1.0,A01
201500033143,0,7,0,0.0,2.0,3.0,15.0,B02
201500033144,0,7,0,0.0,1.0,1.0,1.0,A01
201500033145,0,7,0,0.0,2.0,1.0,11.0,A01
201500033145,0,7,0,0.0,2.0,1.0,1.0,B01
201500033146,0,32,0,1.0,2.0,1.0,0.0,A01
201500033147,0,7,0,6.0,0.0,3.0,13.0,A01
201500033148,0,7,0,0.0,1.0,3.0,1.0,A01
201500033149,0,7,0,0.0,2.0,1.0,0.0,A01
201500033149,0,7,0,0.0,2.0,3.0,0.0,B01
201500033150,0,7,0,0.0,2.0,5.0,4.0,A01
201500033150,0,7,0,0.0,2.0,1.0,0.0,B01
201500033151,0,7,0,0.0,2.0,1.0,1.0,A01
201500033151,0,2,0,0.0,2.0,1.0,17.0,B01
201500033152,0,7,0,0.0,2.0,3.0,15.0,A01
201500033152,0,1,0,15.0,2.0,1.0,1.0,B01
201500033153,0,1,0,0.0,2.0,7.0,19.0,B01
201500033153,0,7,0,0.0,9.0,1.0,1.0,A01
201500033154,0,7,0,0.0,2.0,7.0,5.0,A01
201500033154,0,7,0,0.0,2.0,2.0,1.0,B01
201500033155,0,7,0,0.0,2.0,0.0,0.0,A01
201500033155,0,99,0,0.0,2.0,0.0,0.0,B01
201500033156,0,7,0,0.0,1.0,1.0,1.0,A01
201500033157,0,7,0,0.0,1.0,1.0,1.0,A01
201500033158,0,31,0,0.0,2.0,1.0,1.0,B01
201500033158,0,7,0,0.0,2.0,3.0,15.0,A01
201500033159,0,7,0,0.0,2.0,0.0,16.0,A01
201500033159,0,1,0,0.0,2.0,0.0,1.0,B01
201500033160,0,7,0,0.0,2.0,3.0,1.0,A01
201500033160,0,1,0,0.0,2.0,2.0,1.0,B01
201500033161,0,7,0,0.0,2.0,8.0,15.0,A01
201500033161,0,30,0,0.0,0.0,0.0,0.0,B01
201500033162,0,7,0,0.0,2.0,4.0,1.0,A01
201500033162,0,7,0,0.0,2.0,1.0,0.0,B01
201500033163,0,7,0,0.0,1.0,2.0,19.0,A01
201500033164,0,7,0,0.0,2.0,8.0,1.0,A01
201500033164,0,31,0,0.0,2.0,8.0,21.0,B01
201500033165,0,7,0,0.0,2.0,8.0,13.0,A01
201500033165,0,33,0,0.0,2.0,7.0,2.0,B01
201500033166,0,7,0,0.0,1.0,1.0,0.0,A01
201500033167,0,7,0,0.0,1.0,3.0,15.0,A01
201500033168,0,33,0,0.0,2.0,2.0,1.0,B01
201500033168,0,7,0,0.0,2.0,3.0,15.0,A01
201500033169,0,7,0,0.0,2.0,3.0,2.0,A01
201500033169,0,7,0,0.0,2.0,7.0,16.0,B01
201500033170,0,32,0,0.0,0.0,0.0,0.0,A01
201500033171,0,7,0,0.0,2.0,8.0,1.0,A01
201500033171,0,1,0,0.0,2.0,1.0,1.0,B01
201500033172,0,1,0,0.0,0.0,0.0,0.0,B01
201500033172,0,7,0,0.0,2.0,1.0,1.0,A01
201500033173,0,7,0,0.0,2.0,2.0,15.0,A01
201500033173,0,1,0,0.0,2.0,1.0,1.0,B01
201500033174,0,33,0,0.0,1.0,1.0,1.0,A01
201500033175,0,7,0,0.0,1.0,1.0,15.0,A01
201500033176,0,7,0,0.0,1.0,1.0,1.0,A01
201500033177,0,1,0,0.0,2.0,8.0,2.0,A01
201500033177,1,99,0,0.0,0.0,0.0,0.0,B01
201500033178,0,7,0,0.0,1.0,1.0,1.0,A01
201500033179,1,7,0,0.0,1.0,2.0,0.0,Z01
201500033180,0,37,1,0.0,1.0,6.0,16.0,A01
201500033181,0,7,0,0.0,1.0,3.0,1.0,A01
201500033182,0,7,0,2.0,0.0,7.0,1.0,A01
201500033183,0,1,0,0.0,2.0,3.0,9.0,B01
201500033183,0,7,0,0.0,2.0,2.0,9.0,A01
201500033184,0,7,0,0.0,2.0,2.0,15.0,A01
201500033184,0,32,0,0.0,2.0,1.0,2.0,B01
201500033185,0,31,0,2.0,0.0,0.0,0.0,A01
201500033186,0,1,0,0.0,2.0,1.0,2.0,B01
201500033186,0,7,0,0.0,2.0,2.0,15.0,A01
201500033187,0,1,0,0.0,2.0,8.0,0.0,B01
201500033187,1,7,0,0.0,2.0,0.0,2.0,Z01
201500033188,0,33,0,0.0,2.0,3.0,13.0,A01
201500033188,0,7,0,0.0,2.0,3.0,1.0,B01
201500033189,0,7,0,0.0,1.0,7.0,0.0,A01
201500033190,0,7,0,0.0,2.0,0.0,1.0,B01
201500033190,0,30,0,0.0,2.0,0.0,0.0,A01
201500033191,0,10,0,0.0,1.0,2.0,16.0,A01
201500033192,0,7,0,0.0,2.0,3.0,2.0,B01
201500033192,0,33,0,0.0,2.0,1.0,13.0,A01
201500033192,0,10,0,0.0,2.0,0.0,0.0,C01
201500033193,0,7,0,0.0,1.0,1.0,0.0,A01
201500033194,0,7,0,0.0,2.0,1.0,9.0,A01
201500033194,0,30,0,0.0,2.0,5.0,1.0,B01
201500033195,0,33,0,0.0,0.0,8.0,21.0,A01
201500033196,0,33,0,0.0,2.0,1.0,2.0,A01
201500033196,0,7,0,0.0,2.0,8.0,20.0,B01
201500033197,0,7,0,0.0,2.0,3.0,2.0,A01
201500033197,0,34,0,0.0,2.0,1.0,2.0,B01
201500033198,0,30,0,0.0,2.0,5.0,2.0,A01
201500033198,0,7,0,0.0,2.0,1.0,9.0,B01
201500033199,0,7,0,0.0,1.0,2.0,2.0,A01
201500033200,0,7,0,0.0,2.0,3.0,9.0,A01
201500033200,0,30,0,0.0,2.0,1.0,17.0,B01
201500033201,0,7,0,0.0,2.0,5.0,9.0,A01
201500033201,0,33,0,0.0,2.0,1.0,2.0,B01
201500033202,0,34,0,0.0,2.0,7.0,15.0,B01
201500033202,0,7,0,0.0,2.0,8.0,15.0,A01
201500033203,0,32,0,0.0,2.0,1.0,17.0,A01
201500033203,0,7,0,0.0,2.0,3.0,15.0,B01
201500033204,0,7,0,0.0,2.0,2.0,9.0,B01
201500033204,0,2,0,0.0,2.0,1.0,17.0,A01
201500033205,0,7,0,0.0,2.0,1.0,9.0,A01
201500033205,0,31,0,0.0,2.0,7.0,1.0,B01
201500033206,0,7,0,0.0,2.0,1.0,5.0,A01
201500033206,0,7,0,0.0,2.0,1.0,2.0,B01
201500033207,0,32,0,0.0,0.0,0.0,14.0,A01
201500033208,0,34,0,0.0,1.0,1.0,2.0,A01
201500033209,0,1,0,0.0,2.0,2.0,2.0,B01
201500033209,0,7,0,0.0,2.0,3.0,9.0,A01
201500033210,0,33,0,0.0,2.0,1.0,1.0,B01
201500033210,0,7,0,0.0,2.0,2.0,15.0,A01
201500033211,0,30,0,0.0,2.0,1.0,1.0,B01
201500033211,0,7,0,0.0,2.0,3.0,9.0,A01
201500033212,0,7,0,0.0,2.0,3.0,10.0,A01
201500033212,0,33,0,0.0,2.0,1.0,2.0,B01
201500033213,0,7,0,2.0,0.0,1.0,2.0,A01
201500033214,0,7,0,0.0,2.0,1.0,15.0,A01
201500033214,0,30,0,0.0,2.0,1.0,2.0,B01
201500033215,0,7,0,13.0,0.0,2.0,0.0,A01
201500033216,0,7,0,0.0,2.0,2.0,2.0,B01
201500033216,0,7,0,0.0,2.0,3.0,9.0,A01
201500033217,0,7,0,0.0,2.0,3.0,13.0,A01
201500033217,0,7,0,0.0,2.0,3.0,1.0,B01
201500033218,0,7,0,0.0,1.0,2.0,1.0,A01
201500033219,0,7,0,0.0,2.0,3.0,13.0,A01
201500033219,0,7,0,0.0,2.0,1.0,1.0,B01
201500033220,0,7,0,2.0,0.0,8.0,1.0,A01
201500033221,0,1,0,0.0,2.0,7.0,15.0,B01
201500033221,0,7,0,0.0,9.0,3.0,1.0,A01
201500033222,0,30,0,1.0,0.0,1.0,14.0,A01
201500033223,0,7,0,0.0,2.0,6.0,1.0,C01
201500033223,0,7,0,0.0,2.0,3.0,17.0,A01
201500033223,0,30,0,0.0,2.0,1.0,1.0,B01
201500033224,0,7,0,0.0,2.0,1.0,13.0,A01
201500033224,0,7,0,0.0,2.0,3.0,1.0,B01
201500033225,0,7,0,0.0,2.0,7.0,1.0,B01
201500033225,0,7,0,0.0,2.0,3.0,2.0,A01
201500033226,0,7,0,0.0,2.0,0.0,0.0,A01
201500033226,0,30,0,0.0,0.0,0.0,0.0,B01
201500033227,0,2,0,0.0,2.0,4.0,1.0,B01
201500033227,0,10,0,0.0,2.0,1.0,15.0,A01
201500033228,0,2,0,0.0,0.0,0.0,0.0,A01
201500033228,0,7,0,0.0,2.0,2.0,1.0,B01
201500033229,0,7,0,0.0,1.0,2.0,1.0,A01
201500033230,0,2,0,0.0,2.0,1.0,1.0,B01
201500033230,0,7,0,0.0,2.0,1.0,15.0,A01
201500033231,0,7,0,0.0,2.0,1.0,1.0,B01
201500033231,0,7,0,0.0,2.0,1.0,5.0,A01
201500033232,0,7,0,1.0,6.0,9.0,14.0,A01
201500033233,0,7,0,0.0,9.0,1.0,1.0,A01
201500033233,0,1,0,0.0,2.0,2.0,0.0,B01
201500033234,0,7,0,0.0,2.0,6.0,5.0,A01
201500033234,0,33,0,0.0,2.0,3.0,21.0,B01
201500033235,0,37,0,0.0,2.0,3.0,1.0,B01
201500033235,0,7,0,0.0,2.0,3.0,13.0,A01
201500033236,0,7,0,0.0,0.0,4.0,2.0,B01
201500033236,0,7,0,0.0,2.0,1.0,2.0,A01
201500033237,0,7,0,0.0,2.0,1.0,13.0,A01
201500033237,0,7,0,0.0,2.0,0.0,1.0,B01
201500033237,0,7,0,0.0,2.0,6.0,1.0,C01
201500033237,0,7,0,0.0,2.0,1.0,1.0,D01
201500033238,0,7,0,0.0,1.0,6.0,4.0,A01
201500033239,0,7,0,0.0,2.0,4.0,23.0,D01
201500033239,0,7,0,0.0,2.0,3.0,1.0,E01
201500033239,0,7,0,0.0,0.0,1.0,2.0,A01