Num_Acc,senc,catv,occutc,obs,obsm,choc,manv,num_veh
201500033540,0,1,0,0.0,2.0,7.0,1.0,B01
201500033540,0,7,0,0.0,2.0,1.0,9.0,A01
201500033541,0,7,0,0.0,2.0,5.0,16.0,A01
201500033541,0,1,0,0.0,2.0,1.0,1.0,B01
201500033542,0,33,0,0.0,1.0,2.0,1.0,A01
201500033543,1,7,0,0.0,1.0,1.0,1.0,Z01
201500033544,1,7,0,0.0,1.0,1.0,16.0,Z01
201500033545,2,7,0,1.0,2.0,3.0,1.0,A01
201500033545,0,7,0,0.0,2.0,3.0,1.0,B01
201500033546,0,30,0,16.0,0.0,7.0,1.0,A01
201500033547,0,7,0,0.0,1.0,1.0,1.0,A01
201500033548,0,7,0,0.0,2.0,2.0,15.0,A01
201500033548,0,2,0,0.0,2.0,1.0,1.0,B01
201500033549,1,7,0,0.0,2.0,1.0,14.0,Z01
201500033549,0,7,0,0.0,2.0,2.0,23.0,A01
201500033550,0,10,0,0.0,1.0,2.0,1.0,A01
201500033551,0,7,0,0.0,2.0,5.0,23.0,B01
201500033551,0,30,0,0.0,0.0,1.0,1.0,A01
201500033552,0,30,0,0.0,2.0,1.0,1.0,B01
201500033552,0,7,0,0.0,2.0,2.0,1.0,A01
201500033553,0,2,0,0.0,2.0,1.0,17.0,A01
201500033553,0,7,0,0.0,0.0,0.0,0.0,B01
201500033554,0,7,0,0.0,1.0,1.0,1.0,A01
201500033555,0,30,0,0.0,0.0,0.0,1.0,A01
201500033556,0,7,0,0.0,2.0,4.0,2.0,B01
201500033556,0,7,0,0.0,2.0,4.0,2.0,C01
201500033556,0,7,0,0.0,2.0,1.0,2.0,A01
201500033557,0,7,0,0.0,1.0,1.0,15.0,A01
201500033558,0,1,0,0.0,0.0,0.0,1.0,A01
201500033559,0,7,0,0.0,1.0,1.0,1.0,A01
201500033560,1,7,0,0.0,1.0,4.0,4.0,Z01
201500033561,0,7,0,0.0,1.0,1.0,0.0,A01
201500033562,0,30,0,8.0,0.0,1.0,1.0,A01
201500033563,0,30,0,0.0,2.0,1.0,13.0,A01
201500033563,0,7,0,0.0,2.0,1.0,1.0,F01
201500033564,0,7,0,0.0,2.0,8.0,0.0,A01
201500033564,0,30,0,0.0,2.0,1.0,0.0,B01
201500033565,0,30,0,0.0,2.0,7.0,15.0,A01
201500033565,0,7,0,0.0,2.0,1.0,1.0,B01
201500033566,0,7,0,0.0,1.0,1.0,1.0,A01
201500033567,0,7,0,2.0,0.0,1.0,14.0,A01
201500033568,0,7,0,13.0,0.0,2.0,14.0,A01
201500033569,0,17,0,0.0,2.0,1.0,1.0,B01
201500033569,0,7,0,0.0,2.0,1.0,5.0,A01
201500033570,0,7,0,0.0,1.0,1.0,15.0,A01
201500033571,0,7,0,0.0,2.0,7.0,13.0,A01
201500033571,0,10,0,0.0,2.0,1.0,1.0,B01
201500033572,0,7,0,0.0,2.0,8.0,1.0,B01
201500033572,0,7,0,0.0,2.0,7.0,16.0,A01
201500033573,0,10,0,0.0,2.0,1.0,1.0,A01
201500033573,0,7,0,0.0,2.0,2.0,1.0,B01
201500033574,0,7,0,0.0,2.0,1.0,13.0,A01
201500033574,0,7,0,0.0,2.0,1.0,1.0,B01
201500033575,0,7,0,0.0,2.0,1.0,1.0,B01
201500033575,0,10,0,0.0,2.0,1.0,13.0,A01
201500033576,0,7,0,0.0,1.0,0.0,16.0,A01
201500033577,0,7,0,0.0,2.0,7.0,1.0,A01
201500033577,0,7,0,0.0,2.0,1.0,1.0,B01
201500033578,0,7,0,0.0,2.0,1.0,13.0,A01
201500033578,0,7,0,0.0,2.0,1.0,1.0,B01
201500033579,0,33,0,0.0,9.0,0.0,1.0,A01
201500033580,0,7,0,0.0,2.0,3.0,10.0,A01
201500033580,0,34,0,0.0,2.0,1.0,1.0,B01
201500033581,0,7,0,0.0,1.0,1.0,15.0,A01
201500033582,0,7,0,0.0,0.0,0.0,16.0,A01
201500033582,0,30,0,0.0,0.0,0.0,1.0,B01
201500033583,0,2,0,0.0,2.0,1.0,1.0,B01
201500033583,0,7,0,0.0,2.0,3.0,15.0,A01
201500033584,0,7,0,0.0,2.0,1.0,1.0,A01
201500033584,0,7,0,9.0,2.0,3.0,1.0,B01
201500033585,0,7,0,0.0,2.0,8.0,22.0,A01
201500033585,0,1,0,0.0,2.0,1.0,1.0,B01
201500033586,0,7,0,0.0,2.0,8.0,15.0,A01
201500033586,0,7,0,0.0,2.0,1.0,1.0,B01
201500033587,2,7,0,0.0,2.0,1.0,13.0,A01
201500033587,0,7,0,0.0,2.0,1.0,1.0,C01
201500033587,0,7,0,0.0,2.0,3.0,23.0,B01
201500033588,0,1,0,0.0,2.0,1.0,5.0,B01
201500033588,0,7,0,0.0,2.0,7.0,1.0,A01
201500033589,0,10,0,0.0,2.0,1.0,1.0,B01
201500033589,0,7,0,0.0,2.0,3.0,13.0,A01
201500033590,0,7,0,0.0,2.0,1.0,1.0,A01
201500033590,0,7,0,0.0,2.0,8.0,1.0,B01
201500033591,0,7,0,0.0,2.0,1.0,9.0,A01
201500033591,0,33,0,0.0,2.0,8.0,1.0,B01
201500033592,0,2,0,0.0,2.0,1.0,0.0,B01
201500033592,0,7,0,0.0,2.0,8.0,0.0,A01
201500033593,0,2,0,12.0,0.0,1.0,14.0,A01
201500033594,0,2,0,12.0,0.0,1.0,15.0,A01
201500033595,0,7,0,0.0,2.0,1.0,1.0,A01
201500033595,0,30,0,0.0,2.0,7.0,0.0,B01
201500033596,0,7,0,0.0,2.0,1.0,1.0,B01
201500033596,0,7,0,0.0,2.0,1.0,1.0,A01
201500033597,0,7,0,1.0,2.0,1.0,0.0,A01
201500033597,0,7,0,0.0,2.0,3.0,1.0,B01
201500033598,1,7,0,0.0,2.0,0.0,1.0,Z01
201500033598,0,2,0,0.0,2.0,8.0,1.0,A01
201500033599,0,7,0,0.0,0.0,1.0,9.0,A01
201500033600,0,33,0,0.0,2.0,7.0,1.0,A01
201500033600,0,7,0,0.0,2.0,8.0,0.0,B01
201500033601,0,7,0,0.0,2.0,2.0,2.0,A01
201500033601,0,1,0,0.0,2.0,4.0,2.0,B01
201500033602,0,7,0,0.0,1.0,2.0,15.0,A01
201500033603,0,2,0,0.0,2.0,7.0,17.0,A01
201500033603,0,7,0,0.0,2.0,3.0,11.0,B01
201500033604,0,7,0,0.0,2.0,0.0,15.0,A01
201500033604,0,1,0,0.0,2.0,5.0,19.0,B01
201500033605,1,7,0,0.0,1.0,0.0,0.0,Z01
201500033606,0,37,0,0.0,1.0,2.0,1.0,A01
201500033607,0,10,0,0.0,2.0,1.0,10.0,A01
201500033607,0,33,0,0.0,0.0,0.0,0.0,B01
201500033608,0,7,0,0.0,2.0,3.0,1.0,B01
201500033608,0,7,0,0.0,2.0,1.0,13.0,A01
201500033609,0,33,0,0.0,2.0,1.0,1.0,B01
201500033609,0,7,0,0.0,2.0,2.0,16.0,A01
201500033610,0,7,0,6.0,0.0,1.0,0.0,A01
201500033611,0,7,0,0.0,1.0,2.0,1.0,A01
201500033612,0,7,0,0.0,1.0,1.0,0.0,A01
201500033613,2,7,0,15.0,1.0,1.0,0.0,Z01
201500033614,0,7,0,0.0,1.0,1.0,1.0,A01
201500033615,0,2,0,0.0,0.0,0.0,0.0,B01
201500033615,0,3,0,0.0,2.0,2.0,15.0,A01
201500033616,0,2,0,0.0,2.0,0.0,1.0,B01
201500033616,0,7,0,0.0,2.0,1.0,15.0,A01
201500033617,0,99,0,0.0,2.0,1.0,15.0,A01
201500033617,0,7,0,0.0,2.0,1.0,1.0,B01
201500033618,0,7,0,0.0,1.0,1.0,1.0,A01
201500033619,0,7,0,0.0,1.0,2.0,16.0,A01
201500033620,0,14,0,0.0,9.0,8.0,1.0,B01
201500033620,0,7,0,3.0,0.0,0.0,0.0,A01
201500033621,0,33,0,0.0,2.0,0.0,2.0,A01
201500033621,0,7,0,0.0,2.0,5.0,12.0,B01
201500033622,0,7,0,0.0,2.0,7.0,15.0,A01
201500033622,0,2,0,0.0,2.0,1.0,1.0,B01
201500033623,0,10,0,2.0,0.0,1.0,5.0,A01
201500033624,1,7,0,0.0,2.0,0.0,15.0,Z01
201500033624,0,30,0,0.0,2.0,8.0,1.0,B01
201500033625,1,7,0,0.0,2.0,1.0,15.0,Z01
201500033625,0,7,0,0.0,2.0,3.0,1.0,A01
201500033626,0,10,0,0.0,2.0,1.0,0.0,A01
201500033626,0,7,0,0.0,2.0,4.0,2.0,C01
201500033626,0,7,0,0.0,2.0,4.0,2.0,D01
201500033626,0,7,0,0.0,2.0,4.0,2.0,B01
201500033627,0,2,0,0.0,1.0,7.0,1.0,A01
201500033628,0,10,0,0.0,2.0,0.0,11.0,A01
201500033628,0,7,0,0.0,2.0,0.0,0.0,B01
201500033629,0,3,0,0.0,2.0,1.0,1.0,A01
201500033629,0,7,0,0.0,2.0,5.0,1.0,B01
201500033630,0,7,0,0.0,2.0,1.0,1.0,A01
201500033630,0,7,0,0.0,2.0,4.0,1.0,B01
201500033631,0,2,0,0.0,6.0,9.0,21.0,A01
201500033632,0,7,0,0.0,2.0,3.0,1.0,B01
201500033632,0,7,0,0.0,2.0,2.0,10.0,A01
201500033633,0,34,0,0.0,2.0,1.0,1.0,A01
201500033633,0,7,0,0.0,2.0,4.0,2.0,B01
201500033634,0,7,0,0.0,2.0,8.0,0.0,A01
201500033634,0,7,0,0.0,2.0,2.0,1.0,B01
201500033635,0,7,0,0.0,2.0,1.0,2.0,A01
201500033635,0,7,0,0.0,2.0,4.0,23.0,B01
201500033636,0,31,0,0.0,2.0,1.0,1.0,B01
201500033636,0,7,0,0.0,2.0,8.0,15.0,A01
201500033637,1,7,0,0.0,0.0,0.0,0.0,A01
201500033637,0,1,0,0.0,2.0,8.0,1.0,B01
201500033638,0,7,0,0.0,2.0,3.0,1.0,B01
201500033638,0,7,0,0.0,2.0,1.0,1.0,A01
201500033639,0,30,0,0.0,2.0,1.0,1.0,B01
201500033639,0,7,0,0.0,2.0,1.0,1.0,A01
201500033640,0,7,0,0.0,0.0,0.0,0.0,A01
201500033641,0,31,0,0.0,2.0,1.0,1.0,B01
201500033641,0,7,0,0.0,2.0,3.0,16.0,A01
201500033642,0,30,0,11.0,0.0,2.0,16.0,A01
201500033643,0,1,0,0.0,2.0,8.0,15.0,A01
201500033643,0,7,0,0.0,2.0,3.0,17.0,B01
201500033644,0,33,0,0.0,2.0,0.0,0.0,B01
201500033644,0,10,0,0.0,2.0,3.0,13.0,A01
201500033645,0,33,0,0.0,0.0,0.0,0.0,A01
201500033646,0,7,0,4.0,0.0,3.0,13.0,A01
201500033647,0,7,0,0.0,2.0,4.0,12.0,A01
201500033647,0,33,0,0.0,2.0,1.0,0.0,B01
201500033648,0,10,0,0.0,2.0,7.0,15.0,B01
201500033648,0,2,0,0.0,2.0,1.0,18.0,A01
201500033649,0,7,0,0.0,2.0,4.0,2.0,D01
201500033649,0,15,0,0.0,2.0,1.0,2.0,A01
201500033649,0,7,0,0.0,2.0,4.0,2.0,C01
201500033649,0,7,0,0.0,2.0,4.0,2.0,B01
201500033650,0,33,0,0.0,2.0,1.0,1.0,B01
201500033650,0,7,0,0.0,2.0,3.0,0.0,A01
201500033651,0,7,0,0.0,2.0,4.0,2.0,B01
201500033651,0,7,0,0.0,2.0,1.0,2.0,A01
201500033652,0,7,0,0.0,2.0,2.0,15.0,A01
201500033652,0,7,0,0.0,2.0,1.0,1.0,B01
201500033653,0,1,0,0.0,2.0,7.0,1.0,B01
201500033653,0,7,0,0.0,2.0,3.0,9.0,A01
201500033654,0,7,0,0.0,1.0,1.0,1.0,A01
201500033655,0,34,0,0.0,2.0,8.0,1.0,A01
201500033655,0,7,0,0.0,0.0,2.0,2.0,B01
201500033656,0,7,0,0.0,1.0,3.0,15.0,A01
201500033657,0,7,0,0.0,1.0,1.0,1.0,A01
201500033658,0,7,0,0.0,2.0,4.0,23.0,B01
201500033658,0,2,0,0.0,2.0,1.0,2.0,A01
201500033659,0,13,0,0.0,2.0,2.0,21.0,A01
201500033659,0,7,0,0.0,2.0,4.0,1.0,B01
201500033660,0,1,0,0.0,2.0,8.0,16.0,B01
201500033660,1,7,0,0.0,2.0,0.0,15.0,Z01
201500033661,0,7,0,0.0,2.0,4.0,1.0,B01
201500033661,0,10,0,0.0,2.0,1.0,2.0,A01
201500033662,0,33,0,9.0,0.0,1.0,1.0,A01
201500033663,0,7,0,0.0,1.0,2.0,0.0,A01
201500033664,2,7,0,1.0,2.0,2.0,1.0,B01
201500033664,0,7,0,0.0,2.0,3.0,0.0,A01
201500033665,0,2,0,0.0,1.0,1.0,0.0,A01
201500033666,0,33,0,0.0,1.0,7.0,1.0,A01
201500033667,0,7,0,0.0,2.0,1.0,1.0,A01
201500033667,0,7,0,8.0,2.0,3.0,1.0,B01
201500033668,0,7,0,0.0,2.0,3.0,15.0,A01
201500033668,0,1,0,0.0,0.0,0.0,0.0,B01
201500033669,0,7,0,0.0,2.0,2.0,1.0,B01
201500033669,0,7,0,0.0,2.0,1.0,15.0,A01
201500033670,0,13,0,0.0,0.0,0.0,0.0,B01
201500033670,0,33,0,4.0,2.0,8.0,1.0,A01
201500033671,0,33,0,15.0,0.0,1.0,1.0,A01
201500033672,0,7,0,3.0,0.0,1.0,6.0,A01
201500033673,0,1,0,0.0,2.0,4.0,1.0,A01
201500033673,1,7,0,0.0,2.0,0.0,0.0,Z01
201500033674,0,7,0,0.0,2.0,2.0,1.0,B01
201500033674,0,7,0,0.0,2.0,8.0,9.0,A01
201500033675,0,7,0,0.0,1.0,1.0,15.0,A01
201500033676,0,7,0,0.0,2.0,1.0,16.0,A01
201500033676,1,7,0,0.0,0.0,0.0,0.0,Z01
201500033677,0,7,0,7.0,2.0,1.0,0.0,C01
201500033677,0,7,0,0.0,2.0,1.0,0.0,B01
201500033677,0,7,0,0.0,2.0,1.0,0.0,A01
201500033678,0,7,0,0.0,2.0,6.0,13.0,A01
201500033678,0,33,0,0.0,2.0,1.0,16.0,B01
201500033679,0,7,0,0.0,2.0,1.0,2.0,A01
201500033679,0,1,0,0.0,2.0,4.0,1.0,B01
201500033680,0,1,0,0.0,2.0,0.0,0.0,A01
201500033680,0,7,0,0.0,2.0,3.0,1.0,B01
201500033681,0,7,0,0.0,2.0,1.0,1.0,A01
201500033681,0,33,0,0.0,2.0,8.0,1.0,B01
201500033682,2,7,0,13.0,0.0,1.0,15.0,A01
201500033683,1,7,0,0.0,2.0,0.0,15.0,Z01
201500033683,0,33,0,0.0,2.0,1.0,1.0,A01
201500033684,0,33,0,0.0,2.0,1.0,1.0,A01
201500033684,0,7,0,0.0,2.0,5.0,1.0,B01
201500033685,0,7,0,0.0,2.0,6.0,1.0,C01
201500033685,0,33,0,0.0,2.0,1.0,1.0,B01
201500033685,0,7,0,0.0,2.0,2.0,11.0,A01
201500033686,0,7,0,0.0,2.0,2.0,1.0,A01
201500033686,0,1,0,0.0,2.0,1.0,1.0,B01
201500033687,0,7,0,1.0,0.0,1.0,1.0,A01
201500033688,0,7,0,0.0,2.0,1.0,2.0,A01
201500033688,0,7,0,0.0,2.0,4.0,1.0,B01
201500033689,0,14,0,0.0,2.0,8.0,1.0,B01
201500033689,0,33,0,0.0,2.0,1.0,13.0,A01
201500033690,0,7,0,1.0,0.0,9.0,0.0,A01
201500033691,0,7,0,7.0,0.0,0.0,0.0,A01
201500033692,0,7,0,0.0,1.0,0.0,0.0,A01
201500033693,0,14,0,0.0,2.0,6.0,1.0,B01
201500033693,0,7,0,0.0,2.0,7.0,1.0,C01
201500033693,0,7,0,0.0,2.0,1.0,0.0,A01
201500033694,0,2,0,16.0,0.0,0.0,1.0,A01
201500033695,0,33,0,0.0,2.0,1.0,1.0,B01
201500033695,0,7,0,0.0,2.0,3.0,0.0,A01
201500033696,0,10,0,15.0,0.0,1.0,0.0,A01
201500033697,0,7,0,0.0,2.0,3.0,9.0,A01
201500033697,0,2,0,0.0,2.0,7.0,9.0,B01
201500033698,0,1,0,0.0,2.0,8.0,19.0,B01
201500033698,0,10,0,0.0,2.0,1.0,15.0,A01
201500033699,0,7,0,0.0,1.0,2.0,1.0,A01
201500033700,0,7,0,1.0,0.0,1.0,14.0,A01
201500033701,0,37,0,6.0,0.0,3.0,1.0,A01
201500033702,0,7,0,0.0,2.0,3.0,1.0,B01
201500033702,0,7,0,0.0,2.0,3.0,13.0,A01
201500033703,0,30,0,0.0,2.0,1.0,1.0,B01
201500033703,0,7,0,0.0,2.0,7.0,1.0,A01
201500033704,0,10,0,0.0,2.0,1.0,2.0,A01
201500033704,0,7,0,0.0,2.0,4.0,2.0,B01
201500033705,0,1,0,0.0,2.0,1.0,9.0,B01
201500033705,0,7,0,0.0,0.0,0.0,0.0,A01
201500033706,0,7,0,0.0,1.0,2.0,1.0,A01
201500033707,0,7,0,0.0,2.0,4.0,1.0,C01
201500033707,0,7,0,0.0,2.0,2.0,1.0,B01
201500033707,0,7,0,0.0,2.0,6.0,18.0,A01
201500033708,0,2,0,0.0,2.0,1.0,1.0,A01
201500033708,0,10,0,0.0,2.0,8.0,15.0,B01
201500033709,0,10,0,9.0,0.0,1.0,1.0,A01
201500033710,0,7,0,0.0,1.0,5.0,4.0,A01
201500033711,0,7,0,0.0,2.0,3.0,15.0,A01
201500033711,0,30,0,0.0,2.0,7.0,17.0,B01
201500033712,0,7,0,0.0,2.0,4.0,2.0,B01
201500033712,0,7,0,0.0,2.0,0.0,2.0,A01
201500033713,0,7,0,0.0,2.0,1.0,1.0,A01
201500033713,0,7,0,0.0,2.0,7.0,1.0,B01
201500033714,0,36,0,1.0,0.0,0.0,1.0,A01
201500033715,0,33,0,0.0,2.0,1.0,10.0,B01
201500033715,0,10,0,0.0,2.0,8.0,15.0,A01
201500033716,0,37,0,0.0,1.0,2.0,1.0,A01
201500033717,0,32,0,4.0,2.0,5.0,1.0,A01
201500033717,1,7,0,0.0,2.0,3.0,13.0,Z01
201500033718,0,10,0,0.0,2.0,6.0,11.0,A01
201500033718,0,33,0,0.0,2.0,7.0,1.0,B01
201500033719,0,30,0,0.0,2.0,7.0,0.0,B01
201500033719,0,10,0,0.0,2.0,3.0,9.0,A01
201500033720,0,10,0,0.0,1.0,2.0,1.0,A01
201500033721,0,15,0,0.0,1.0,0.0,0.0,A01
201500033722,0,7,0,0.0,2.0,4.0,2.0,B01
201500033722,0,7,0,0.0,2.0,1.0,2.0,A01
201500033723,0,7,0,15.0,0.0,0.0,1.0,A01
201500033724,0,7,0,0.0,1.0,3.0,1.0,A01
201500033725,0,7,0,0.0,2.0,1.0,1.0,B01
201500033725,0,7,0,0.0,2.0,1.0,1.0,C01
201500033725,0,7,0,0.0,2.0,5.0,15.0,A01
201500033726,0,7,0,0.0,2.0,3.0,13.0,A01
201500033726,0,7,0,0.0,2.0,3.0,1.0,B01
201500033727,0,7,0,0.0,0.0,6.0,2.0,B01
201500033727,0,2,0,0.0,9.0,0.0,0.0,A01
201500033728,0,33,0,0.0,2.0,1.0,1.0,B01
201500033728,0,7,0,0.0,2.0,3.0,11.0,A01
201500033729,0,7,0,0.0,2.0,2.0,1.0,B01
201500033729,0,33,0,0.0,2.0,1.0,18.0,A01
201500033730,0,15,0,0.0,2.0,2.0,12.0,A01
201500033730,0,7,0,0.0,2.0,3.0,1.0,B01
201500033731,0,37,0,0.0,1.0,1.0,1.0,A01
201500033732,0,7,0,0.0,2.0,4.0,14.0,A01
201500033732,0,33,0,0.0,2.0,1.0,0.0,B01
201500033733,0,7,0,0.0,2.0,1.0,2.0,A01
201500033733,0,7,0,0.0,2.0,4.0,2.0,C01
201500033733,0,7,0,0.0,2.0,4.0,2.0,B01
201500033734,0,7,0,0.0,2.0,1.0,1.0,A01
201500033734,0,7,0,0.0,2.0,4.0,1.0,B01
201500033734,0,7,0,0.0,2.0,4.0,1.0,C01
201500033735,0,7,0,0.0,1.0,2.0,1.0,A01
201500033736,0,7,0,6.0,1.0,1.0,0.0,A01
201500033737,0,37,0,0.0,1.0,2.0,1.0,A01
201500033738,0,7,0,0.0,2.0,1.0,15.0,A01
201500033738,0,7,0,0.0,2.0,8.0,1.0,B01
201500033739,0,7,0,6.0,0.0,1.0,1.0,A01
201500033740,0,7,0,15.0,0.0,0.0,1.0,A01
201500033741,0,33,0,2.0,0.0,3.0,1.0,A01
201500033742,0,7,0,0.0,2.0,0.0,1.0,A01
201500033742,0,7,0,0.0,2.0,4.0,23.0,B01
201500033743,0,10,0,0.0,1.0,1.0,10.0,A01
201500033744,0,7,0,0.0,1.0,1.0,1.0,A01
201500033745,0,7,0,0.0,2.0,1.0,1.0,A01
201500033745,0,7,0,0.0,2.0,1.0,1.0,B01
201500033745,0,7,0,0.0,0.0,0.0,0.0,C01
201500033746,0,7,0,0.0,2.0,1.0,1.0,B01
201500033746,0,7,0,0.0,2.0,1.0,1.0,C01
201500033746,0,7,0,4.0,2.0,2.0,14.0,A01
201500033747,0,7,0,0.0,1.0,1.0,1.0,A01
201500033748,0,7,0,0.0,2.0,1.0,1.0,B01
201500033748,0,7,0,0.0,2.0,1.0,15.0,A01
201500033749,0,7,0,0.0,1.0,3.0,0.0,A01
201500033750,0,7,0,0.0,1.0,2.0,16.0,A01
201500033751,0,7,0,0.0,2.0,1.0,15.0,A01
201500033751,0,30,0,0.0,2.0,1.0,2.0,B01
201500033752,0,7,0,0.0,1.0,2.0,1.0,A01
201500033753,0,7,0,0.0,2.0,3.0,13.0,A01
201500033753,0,14,0,2.0,2.0,3.0,1.0,B01
201500033754,0,10,0,0.0,2.0,3.0,10.0,A01
201500033754,0,7,0,0.0,2.0,2.0,17.0,B01
201500033755,0,7,0,0.0,2.0,1.0,1.0,B01
201500033755,0,2,0,0.0,2.0,1.0,1.0,A01
201500033756,0,30,0,0.0,2.0,1.0,13.0,A01
201500033756,0,7,0,0.0,2.0,3.0,1.0,B01
201500033757,1,7,0,0.0,1.0,0.0,0.0,Z01
201500033758,0,7,0,0.0,2.0,4.0,1.0,C01
201500033758,0,7,0,0.0,2.0,1.0,1.0,A01
201500033758,0,7,0,0.0,2.0,1.0,1.0,B01
201500033759,0,10,0,0.0,1.0,3.0,15.0,A01
201500033760,0,14,0,0.0,2.0,1.0,2.0,A01
201500033760,0,7,0,0.0,2.0,4.0,2.0,B01
201500033761,0,33,0,0.0,2.0,7.0,17.0,A01
201500033761,0,7,0,0.0,2.0,8.0,17.0,B01
201500033762,0,7,0,0.0,1.0,8.0,1.0,A01
201500033763,0,33,0,0.0,2.0,1.0,1.0,A01
201500033763,0,7,0,0.0,2.0,6.0,0.0,B01
201500033764,0,33,0,0.0,2.0,0.0,1.0,B01
201500033764,0,7,0,0.0,2.0,7.0,10.0,A01
201500033765,1,7,0,0.0,1.0,0.0,0.0,A01
201500033766,0,7,0,0.0,1.0,3.0,15.0,A01
201500033767,0,7,0,0.0,1.0,1.0,15.0,A01
201500033768,0,7,0,0.0,1.0,3.0,1.0,A01
201500033769,0,33,0,0.0,2.0,1.0,1.0,A01
201500033769,0,7,0,0.0,2.0,2.0,15.0,B01
201500033770,0,7,0,0.0,2.0,3.0,15.0,A01
201500033770,0,1,0,0.0,0.0,0.0,0.0,B01
201500033771,0,2,0,0.0,2.0,1.0,1.0,B01
201500033771,0,7,0,0.0,2.0,8.0,1.0,A01
201500033772,1,7,0,0.0,0.0,0.0,9.0,A01
201500033772,0,37,0,0.0,0.0,0.0,1.0,B01
201500033773,0,2,0,0.0,2.0,0.0,1.0,B01
201500033773,0,7,0,0.0,2.0,3.0,9.0,A01
201500033774,0,7,0,0.0,1.0,1.0,1.0,A01
201500033775,0,7,0,0.0,2.0,2.0,15.0,A01
201500033775,0,32,0,0.0,2.0,1.0,0.0,B01
201500033776,0,7,0,0.0,1.0,2.0,15.0,A01
201500033777,0,7,0,0.0,2.0,4.0,2.0,B01
201500033777,0,7,0,0.0,2.0,1.0,2.0,A01
201500033778,0,7,0,0.0,2.0,1.0,15.0,A01
201500033778,0,33,0,0.0,2.0,1.0,1.0,B01
201500033779,1,10,0,0.0,1.0,0.0,0.0,Z01
201500033780,0,7,0,0.0,1.0,0.0,0.0,A01
201500033781,0,33,0,0.0,2.0,7.0,0.0,A01
201500033781,0,7,0,0.0,2.0,3.0,0.0,B01
201500033782,0,33,0,0.0,2.0,1.0,7.0,A01
201500033782,0,7,0,0.0,2.0,6.0,15.0,B01
201500033783,0,7,0,0.0,2.0,2.0,12.0,A01
201500033783,0,33,0,0.0,2.0,8.0,1.0,B01
201500033784,0,7,0,0.0,2.0,2.0,0.0,A01
201500033784,0,7,0,0.0,2.0,3.0,15.0,B01
201500033785,0,15,0,0.0,2.0,4.0,2.0,B01
201500033785,0,14,0,0.0,2.0,1.0,2.0,A01
201500033786,0,7,0,0.0,1.0,2.0,1.0,A01
201500033787,0,30,0,0.0,2.0,1.0,1.0,A01
201500033788,0,10,0,1.0,0.0,1.0,1.0,A01
201500033788,0,7,0,0.0,2.0,5.0,24.0,B01
201500033789,0,7,0,0.0,2.0,3.0,15.0,A01
201500033789,0,33,0,0.0,2.0,1.0,1.0,B01
201500033790,0,7,0,0.0,1.0,1.0,1.0,A01
201500033791,0,33,0,4.0,0.0,3.0,0.0,A01
201500033792,1,7,0,0.0,0.0,0.0,13.0,Z01
201500033792,0,7,0,0.0,2.0,7.0,1.0,B01
201500033792,0,33,0,0.0,2.0,0.0,21.0,A01
201500033793,0,7,0,9.0,0.0,0.0,0.0,A01
201500033794,0,3,0,0.0,2.0,1.0,1.0,A01
201500033794,0,7,0,0.0,2.0,4.0,1.0,B01
201500033795,0,7,0,0.0,1.0,1.0,1.0,A01
201500033796,0,1,0,0.0,2.0,4.0,2.0,B01
201500033796,0,7,0,0.0,2.0,2.0,2.0,A01
201500033797,2,7,0,3.0,0.0,1.0,0.0,Z01
201500033797,0,7,0,3.0,0.0,9.0,21.0,B01
201500033798,0,7,0,0.0,2.0,4.0,4.0,A01
201500033798,0,10,0,0.0,2.0,1.0,1.0,B01
201500033799,0,7,0,0.0,2.0,1.0,0.0,A01
201500033799,0,13,0,0.0,2.0,4.0,9.0,B01
201500033800,0,7,0,0.0,1.0,1.0,1.0,A01
201500033801,0,2,0,0.0,2.0,1.0,1.0,A01
201500033801,0,7,0,0.0,2.0,1.0,1.0,B01
201500033802,0,7,0,0.0,1.0,1.0,1.0,A01
201500033803,0,7,0,0.0,2.0,4.0,1.0,B01
201500033803,0,13,0,0.0,2.0,2.0,1.0,A01
201500033804,0,7,0,0.0,1.0,1.0,1.0,A01
201500033805,0,7,0,0.0,2.0,8.0,24.0,C01
201500033805,0,7,0,1.0,0.0,2.0,15.0,A01
201500033806,0,33,0,0.0,2.0,8.0,1.0,B01
201500033806,0,7,0,0.0,2.0,3.0,15.0,A01
201500033807,0,7,0,0.0,2.0,1.0,0.0,A01
201500033807,0,7,0,0.0,2.0,1.0,1.0,B01
201500033808,0,7,0,0.0,1.0,1.0,1.0,A01
201500033809,0,1,0,0.0,2.0,1.0,2.0,B01
201500033809,0,7,0,0.0,2.0,3.0,9.0,A01
201500033810,0,30,0,0.0,2.0,1.0,1.0,A01
201500033810,0,7,0,0.0,2.0,3.0,1.0,B01
201500033811,0,1,0,0.0,2.0,1.0,21.0,A01
201500033811,0,7,0,0.0,2.0,5.0,16.0,B01
201500033812,0,7,0,0.0,2.0,5.0,2.0,C01
201500033812,0,7,0,0.0,2.0,4.0,2.0,B01
201500033812,0,7,0,0.0,2.0,1.0,2.0,A01
201500033813,0,30,0,0.0,2.0,7.0,1.0,A01
201500033813,1,7,0,0.0,2.0,1.0,1.0,Z01
201500033814,0,7,0,0.0,2.0,7.0,15.0,A01
201500033814,0,33,0,0.0,2.0,1.0,1.0,B01
201500033815,0,7,0,0.0,1.0,1.0,1.0,A01