Num_Acc,senc,catv,occutc,obs,obsm,choc,manv,num_veh
201500033816,0,7,0,9.0,0.0,1.0,17.0,A01
201500033817,0,7,0,0.0,1.0,1.0,1.0,A01
201500033818,0,7,0,6.0,2.0,1.0,15.0,A01
201500033818,1,7,0,0.0,0.0,0.0,0.0,Z01
201500033819,0,10,0,0.0,2.0,3.0,2.0,A01
201500033819,0,7,0,0.0,2.0,4.0,2.0,B01
201500033820,0,7,0,0.0,2.0,4.0,1.0,B01
201500033820,0,30,0,0.0,2.0,3.0,1.0,A01
201500033821,0,7,0,0.0,1.0,1.0,0.0,A01
201500033822,0,7,0,0.0,2.0,6.0,2.0,B01
201500033822,0,7,0,0.0,2.0,1.0,12.0,A01
201500033823,0,2,0,0.0,2.0,1.0,2.0,A01
201500033823,0,7,0,0.0,2.0,6.0,15.0,B01
201500033824,0,7,0,0.0,2.0,1.0,1.0,B01
201500033824,0,7,0,0.0,2.0,7.0,15.0,A01
201500033825,0,7,0,0.0,1.0,3.0,0.0,A01
201500033826,0,13,0,0.0,2.0,1.0,1.0,A01
201500033826,0,1,0,0.0,2.0,0.0,0.0,B01
201500033827,1,7,0,0.0,2.0,0.0,0.0,Z01
201500033827,0,2,0,0.0,2.0,2.0,0.0,A01
201500033828,0,7,0,0.0,2.0,6.0,11.0,A01
201500033828,0,7,0,0.0,2.0,3.0,9.0,C01
201500033828,0,7,0,0.0,2.0,2.0,1.0,B01
201500033829,0,10,0,0.0,1.0,1.0,15.0,A01
201500033830,0,7,0,0.0,1.0,1.0,15.0,A01
201500033831,0,7,0,12.0,2.0,2.0,1.0,C01
201500033831,0,7,0,12.0,2.0,1.0,1.0,B01
201500033831,0,7,0,0.0,2.0,3.0,13.0,A01
201500033832,0,7,0,0.0,2.0,4.0,15.0,B01
201500033832,0,33,0,0.0,2.0,1.0,1.0,A01
201500033833,0,7,0,0.0,2.0,2.0,13.0,A01
201500033833,0,7,0,0.0,2.0,3.0,1.0,B01
201500033834,0,7,0,0.0,1.0,4.0,4.0,A01
201500033835,0,7,0,0.0,2.0,1.0,15.0,A01
201500033835,0,7,0,0.0,2.0,1.0,1.0,B01
201500033836,0,7,0,0.0,2.0,3.0,20.0,A01
201500033836,0,31,0,0.0,2.0,7.0,20.0,B01
201500033837,0,7,0,0.0,2.0,1.0,1.0,A01
201500033837,0,7,0,0.0,2.0,4.0,1.0,B01
201500033838,0,2,0,1.0,0.0,7.0,21.0,A01
201500033839,0,7,0,0.0,2.0,2.0,16.0,A01
201500033839,0,1,0,0.0,2.0,0.0,1.0,B01
201500033840,0,7,0,0.0,0.0,5.0,15.0,A01
201500033840,0,33,0,0.0,0.0,1.0,2.0,B01
201500033841,0,37,1,0.0,1.0,7.0,7.0,A01
201500033842,0,30,0,0.0,0.0,1.0,1.0,A01
201500033842,1,10,0,0.0,2.0,4.0,4.0,B01
201500033843,0,34,0,0.0,1.0,0.0,0.0,A01
201500033844,0,7,0,0.0,2.0,5.0,15.0,A01
201500033844,0,33,0,0.0,2.0,1.0,1.0,B01
201500033845,0,37,1,0.0,2.0,3.0,15.0,A01
201500033845,0,33,0,0.0,2.0,2.0,17.0,B01
201500033846,0,7,0,0.0,1.0,0.0,0.0,A01
201500033847,0,7,0,0.0,1.0,3.0,1.0,A01
201500033848,0,33,0,0.0,1.0,0.0,1.0,A01
201500033849,0,33,0,0.0,2.0,2.0,17.0,A01
201500033849,0,7,0,0.0,2.0,3.0,15.0,B01
201500033850,0,7,0,0.0,0.0,8.0,15.0,A01
201500033850,0,1,0,0.0,0.0,7.0,13.0,B01
201500033851,0,33,0,0.0,2.0,7.0,17.0,A01
201500033851,0,7,0,0.0,2.0,3.0,2.0,B01
201500033852,0,2,0,1.0,0.0,9.0,1.0,A01
201500033853,0,7,0,0.0,2.0,1.0,2.0,A01
201500033853,0,7,0,0.0,2.0,4.0,0.0,B01
201500033854,0,1,0,0.0,1.0,0.0,0.0,A01
201500033855,0,7,0,0.0,2.0,1.0,10.0,A01
201500033855,0,33,0,0.0,2.0,8.0,1.0,B01
201500033856,0,7,0,0.0,1.0,1.0,1.0,A01
201500033857,0,1,0,0.0,0.0,0.0,0.0,B01
201500033857,0,7,0,0.0,9.0,8.0,16.0,A01
201500033858,0,7,0,8.0,0.0,3.0,0.0,A01
201500033859,0,7,0,0.0,2.0,0.0,13.0,A01
201500033859,0,7,0,0.0,2.0,0.0,1.0,B01
201500033860,0,7,0,0.0,1.0,1.0,1.0,A01
201500033861,0,7,0,0.0,1.0,1.0,1.0,A01
201500033862,0,7,0,0.0,1.0,3.0,1.0,A01
201500033863,0,7,0,0.0,0.0,4.0,2.0,A01
201500033863,0,7,0,0.0,2.0,1.0,2.0,B01
201500033864,0,3,0,0.0,1.0,1.0,1.0,A01
201500033864,1,7,0,0.0,0.0,1.0,1.0,Z01
201500033865,0,7,0,0.0,2.0,2.0,15.0,A01
201500033865,0,99,0,0.0,2.0,1.0,16.0,B01
201500033865,0,7,0,0.0,2.0,8.0,1.0,C01
201500033866,0,7,0,0.0,1.0,2.0,16.0,A01
201500033867,0,7,0,0.0,0.0,7.0,2.0,B01
201500033867,0,10,0,0.0,0.0,1.0,16.0,A01
201500033868,0,7,0,0.0,2.0,6.0,1.0,B01
201500033868,0,7,0,0.0,2.0,1.0,1.0,A01
201500033869,1,7,0,0.0,9.0,1.0,1.0,A01
201500033869,0,1,0,0.0,0.0,0.0,0.0,B01
201500033870,0,7,0,0.0,2.0,8.0,10.0,A01
201500033870,0,33,0,0.0,2.0,1.0,1.0,B01
201500033871,0,7,0,6.0,1.0,0.0,23.0,A01
201500033872,0,7,0,0.0,2.0,1.0,2.0,A01
201500033872,0,7,0,0.0,0.0,0.0,0.0,B01
201500033873,0,7,0,0.0,2.0,1.0,1.0,B01
201500033873,0,7,0,0.0,2.0,1.0,9.0,A01
201500033874,0,7,0,0.0,1.0,0.0,0.0,A01
201500033875,0,7,0,0.0,2.0,2.0,2.0,A01
201500033875,0,7,0,0.0,2.0,0.0,2.0,B01
201500033875,0,7,0,0.0,2.0,0.0,2.0,C01
201500033875,0,7,0,0.0,2.0,4.0,2.0,D01
201500033876,0,7,0,0.0,0.0,1.0,2.0,A01
201500033876,0,7,0,0.0,0.0,1.0,2.0,B01
201500033876,0,7,0,0.0,0.0,4.0,2.0,C01
201500033877,0,7,0,0.0,1.0,1.0,1.0,A01
201500033878,0,7,0,0.0,1.0,1.0,1.0,A01
201500033879,0,7,0,13.0,0.0,0.0,0.0,A01
201500033880,0,7,0,0.0,2.0,2.0,19.0,A01
201500033880,0,10,0,0.0,2.0,1.0,2.0,B01
201500033881,0,7,0,0.0,2.0,2.0,1.0,B01
201500033881,0,7,0,0.0,2.0,1.0,19.0,A01
201500033882,0,33,0,0.0,2.0,1.0,0.0,B01
201500033882,0,3,0,0.0,2.0,8.0,0.0,A01
201500033883,0,7,0,0.0,1.0,8.0,0.0,A01
201500033884,0,33,0,0.0,0.0,8.0,0.0,A01
201500033885,0,2,0,0.0,2.0,8.0,5.0,A01
201500033885,1,13,0,0.0,2.0,0.0,15.0,Z01
201500033886,0,2,0,8.0,0.0,1.0,13.0,A01
201500033887,0,7,0,0.0,2.0,7.0,2.0,A01
201500033887,0,30,0,0.0,2.0,8.0,0.0,B01
201500033888,0,7,0,0.0,2.0,1.0,2.0,A01
201500033888,0,7,0,0.0,2.0,4.0,0.0,B01
201500033889,0,33,0,0.0,2.0,1.0,1.0,B01
201500033889,0,10,0,0.0,2.0,7.0,15.0,A01
201500033890,0,7,0,0.0,2.0,1.0,1.0,B01
201500033890,0,7,0,0.0,2.0,7.0,1.0,A01
201500033891,2,7,0,0.0,2.0,0.0,0.0,A01
201500033891,0,7,0,0.0,2.0,2.0,0.0,B01
201500033892,0,7,0,0.0,2.0,3.0,19.0,A01
201500033892,0,7,0,0.0,2.0,2.0,1.0,B01
201500033893,0,7,0,0.0,2.0,1.0,5.0,A01
201500033893,0,15,0,0.0,2.0,3.0,1.0,B01
201500033894,0,7,0,0.0,1.0,1.0,2.0,A01
201500033895,0,7,0,0.0,1.0,6.0,0.0,A01
201500033896,1,7,0,0.0,1.0,0.0,0.0,A01
201500033897,0,7,0,0.0,2.0,1.0,16.0,A01
201500033897,0,7,0,0.0,2.0,3.0,0.0,B01
201500033898,0,7,0,0.0,2.0,1.0,2.0,A01
201500033898,0,7,0,0.0,2.0,5.0,16.0,B01
201500033899,0,7,0,0.0,1.0,3.0,0.0,A01
201500033900,0,7,0,0.0,1.0,2.0,2.0,A01
201500033901,0,7,0,2.0,0.0,3.0,1.0,A01
201500033902,0,7,0,0.0,1.0,8.0,0.0,A01
201500033903,0,7,0,0.0,2.0,1.0,13.0,A01
201500033903,0,7,0,0.0,2.0,3.0,1.0,B01
201500033904,0,34,0,15.0,1.0,1.0,1.0,A01
201500033905,0,15,0,0.0,2.0,2.0,2.0,A01
201500033905,0,1,0,0.0,2.0,4.0,2.0,B01
201500033906,0,32,0,0.0,0.0,8.0,1.0,A01
201500033907,0,10,0,2.0,0.0,1.0,1.0,A01
201500033908,0,33,0,0.0,2.0,7.0,12.0,A01
201500033908,0,7,0,0.0,2.0,8.0,1.0,B01
201500033909,0,2,0,0.0,2.0,3.0,10.0,A01
201500033909,0,33,0,0.0,2.0,2.0,1.0,B01
201500033910,0,7,0,0.0,1.0,2.0,1.0,A01
201500033911,0,7,0,0.0,2.0,2.0,19.0,A01
201500033911,0,33,0,0.0,2.0,1.0,1.0,B01
201500033911,0,7,0,0.0,9.0,1.0,23.0,C01
201500033912,0,7,0,0.0,2.0,5.0,13.0,A01
201500033912,0,10,0,0.0,2.0,1.0,1.0,B01
201500033913,0,7,0,0.0,2.0,3.0,1.0,A01
201500033913,0,7,0,0.0,2.0,3.0,1.0,B01
201500033914,0,7,0,0.0,2.0,8.0,1.0,B01
201500033914,0,7,0,0.0,2.0,8.0,19.0,A01
201500033914,0,7,0,0.0,9.0,8.0,23.0,C01
201500033915,0,33,0,0.0,0.0,1.0,16.0,A01
201500033916,0,33,0,0.0,0.0,8.0,1.0,A01
201500033917,0,7,0,0.0,6.0,7.0,21.0,A01
201500033918,0,10,0,0.0,0.0,0.0,0.0,B01
201500033918,0,10,0,0.0,2.0,8.0,19.0,A01
201500033919,0,7,0,0.0,1.0,2.0,1.0,A01
201500033920,0,10,0,0.0,1.0,1.0,1.0,A01
201500033921,0,7,0,2.0,0.0,9.0,13.0,A01
201500033922,0,7,0,0.0,2.0,3.0,9.0,A01
201500033922,0,2,0,0.0,2.0,7.0,1.0,B01
201500033923,0,33,0,0.0,0.0,8.0,21.0,A01
201500033924,0,10,0,2.0,0.0,2.0,2.0,A01
201500033925,0,7,0,2.0,0.0,1.0,14.0,A01
201500033926,1,10,0,0.0,2.0,2.0,2.0,A01
201500033926,0,3,0,0.0,2.0,4.0,2.0,B01
201500033927,0,7,0,2.0,0.0,2.0,21.0,A01
201500033928,0,7,0,0.0,2.0,7.0,15.0,A01
201500033928,0,10,0,0.0,2.0,1.0,1.0,B01
201500033929,0,7,0,0.0,1.0,1.0,2.0,A01
201500033930,0,7,0,0.0,0.0,6.0,2.0,A01
201500033930,0,33,0,0.0,2.0,1.0,2.0,B01
201500033931,0,7,0,14.0,1.0,2.0,0.0,A01
201500033932,0,13,0,0.0,0.0,2.0,15.0,A01
201500033932,0,31,0,0.0,0.0,0.0,2.0,C01
201500033932,0,7,0,0.0,0.0,3.0,1.0,B01
201500033933,0,7,0,0.0,1.0,3.0,1.0,A01
201500033934,0,7,0,0.0,1.0,3.0,15.0,A01
201500033935,0,10,0,0.0,2.0,1.0,13.0,A01
201500033935,0,7,0,0.0,2.0,3.0,14.0,B01
201500033936,0,7,0,0.0,1.0,2.0,2.0,A01
201500033937,0,15,0,0.0,1.0,1.0,1.0,A01
201500033938,0,7,0,0.0,2.0,3.0,23.0,C01
201500033938,0,33,0,0.0,2.0,6.0,23.0,B01
201500033938,0,7,0,0.0,2.0,1.0,13.0,A01
201500033939,0,7,0,0.0,1.0,3.0,15.0,A01
201500033940,0,7,0,0.0,2.0,4.0,4.0,A01
201500033940,0,34,0,0.0,2.0,4.0,2.0,B01
201500033941,0,2,0,14.0,0.0,0.0,0.0,A01
201500033942,0,7,0,0.0,2.0,2.0,2.0,A01
201500033942,0,7,0,0.0,0.0,0.0,0.0,B01
201500033942,0,7,0,0.0,2.0,4.0,2.0,C01
201500033942,0,7,0,0.0,2.0,2.0,17.0,D01
201500033943,0,10,0,0.0,2.0,3.0,15.0,A01
201500033943,0,33,0,0.0,2.0,1.0,1.0,B01
201500033944,0,7,0,12.0,0.0,1.0,14.0,A01
201500033945,0,7,0,0.0,9.0,2.0,2.0,A01
201500033945,0,1,0,0.0,2.0,3.0,15.0,B01
201500033946,0,14,0,0.0,2.0,8.0,0.0,B01
201500033946,0,33,0,0.0,2.0,3.0,13.0,A01
201500033947,0,7,0,0.0,2.0,3.0,5.0,A01
201500033947,0,2,0,0.0,2.0,1.0,5.0,B01
201500033948,0,7,0,0.0,1.0,3.0,1.0,A01
201500033949,0,7,0,0.0,2.0,6.0,15.0,A01
201500033949,0,33,0,0.0,2.0,1.0,1.0,B01
201500033950,0,10,0,0.0,2.0,1.0,2.0,A01
201500033950,0,7,0,3.0,2.0,4.0,2.0,B01
201500033951,0,7,0,0.0,2.0,1.0,2.0,A01
201500033951,0,7,0,0.0,2.0,4.0,2.0,B01
201500033952,0,7,0,0.0,2.0,3.0,0.0,A01
201500033952,0,31,0,0.0,0.0,0.0,0.0,B01
201500033953,0,3,0,12.0,0.0,4.0,2.0,A01
201500033953,1,7,0,0.0,0.0,0.0,0.0,Z01
201500033954,0,7,0,0.0,2.0,1.0,2.0,A01
201500033954,0,30,0,0.0,2.0,3.0,19.0,B01
201500033955,0,30,0,0.0,2.0,1.0,2.0,A01
201500033955,0,7,0,0.0,2.0,5.0,2.0,B01
201500033956,0,7,0,0.0,0.0,9.0,1.0,A01
201500033957,0,7,0,0.0,1.0,7.0,1.0,A01
201500033958,0,7,0,0.0,2.0,1.0,1.0,A01
201500033958,0,7,0,0.0,2.0,1.0,15.0,B01
201500033959,0,7,0,0.0,0.0,0.0,0.0,A01
201500033959,0,7,0,0.0,0.0,0.0,0.0,B01
201500033960,1,99,0,8.0,1.0,4.0,0.0,Z01
201500033961,0,7,0,0.0,2.0,1.0,2.0,A01
201500033961,0,7,0,0.0,2.0,4.0,23.0,B01
201500033961,0,7,0,0.0,2.0,4.0,23.0,C01
201500033962,0,7,0,14.0,0.0,1.0,2.0,A01
201500033962,0,7,0,0.0,0.0,4.0,2.0,B01
201500033963,0,37,1,0.0,1.0,2.0,1.0,A01
201500033964,0,33,0,0.0,2.0,7.0,17.0,A01
201500033964,0,15,0,0.0,2.0,8.0,0.0,B01
201500033965,0,7,0,0.0,2.0,2.0,1.0,A01
201500033965,0,33,0,0.0,0.0,3.0,0.0,B01
201500033966,0,10,0,0.0,2.0,1.0,13.0,A01
201500033966,0,7,0,0.0,2.0,1.0,1.0,B01
201500033967,0,15,0,0.0,9.0,6.0,1.0,A01
201500033967,0,33,0,0.0,9.0,7.0,17.0,B01
201500033968,0,7,0,0.0,1.0,0.0,0.0,A01
201500033969,0,7,0,0.0,1.0,1.0,1.0,A01
201500033970,0,33,0,0.0,2.0,8.0,17.0,A01
201500033970,0,17,0,0.0,0.0,0.0,0.0,B01
201500033971,0,7,0,0.0,2.0,7.0,19.0,A01
201500033971,0,13,0,0.0,2.0,1.0,1.0,B01
201500033972,0,7,0,0.0,1.0,0.0,1.0,A01
201500033973,0,7,0,0.0,0.0,1.0,1.0,B01
201500033973,0,7,0,0.0,0.0,2.0,1.0,C01
201500033973,0,7,0,0.0,0.0,1.0,5.0,A01
201500033974,0,7,0,0.0,2.0,1.0,15.0,A01
201500033974,0,7,0,0.0,2.0,1.0,1.0,B01
201500033975,0,7,0,0.0,2.0,1.0,5.0,A01
201500033975,0,33,0,0.0,2.0,7.0,13.0,B01
201500033976,0,7,0,0.0,1.0,2.0,15.0,A01
201500033977,0,7,0,0.0,1.0,2.0,1.0,B01
201500033978,0,7,0,15.0,0.0,1.0,1.0,A01
201500033979,0,7,0,0.0,2.0,6.0,2.0,A01
201500033979,0,33,0,0.0,2.0,1.0,2.0,B01
201500033980,0,7,0,0.0,2.0,3.0,5.0,A01
201500033980,0,7,0,0.0,2.0,3.0,1.0,B01
201500033980,0,7,0,0.0,2.0,1.0,1.0,C01
201500033981,0,32,0,0.0,2.0,2.0,17.0,A01
201500033981,0,7,0,0.0,2.0,3.0,13.0,B01
201500033981,0,14,0,0.0,0.0,0.0,0.0,C01
201500033982,0,7,0,0.0,1.0,2.0,19.0,A01
201500033983,0,31,0,0.0,0.0,0.0,0.0,A01
201500033984,0,7,0,0.0,2.0,1.0,21.0,A01
201500033984,0,31,0,0.0,2.0,1.0,13.0,B01
201500033985,0,7,0,0.0,0.0,3.0,16.0,A01
201500033985,0,7,0,0.0,0.0,1.0,21.0,B01
201500033986,0,33,0,0.0,2.0,1.0,1.0,B01
201500033986,0,14,0,0.0,2.0,7.0,1.0,A01
201500033987,0,7,0,0.0,1.0,3.0,2.0,A01
201500033988,0,7,0,0.0,1.0,0.0,0.0,A01
201500033989,0,7,0,0.0,1.0,1.0,1.0,A01
201500033990,0,7,0,16.0,2.0,8.0,19.0,A01
201500033990,0,7,0,0.0,2.0,1.0,1.0,B01
201500033991,0,7,0,0.0,0.0,0.0,0.0,A01
201500033991,0,34,0,0.0,0.0,0.0,0.0,B01
201500033992,0,7,0,0.0,1.0,3.0,1.0,A01
201500033993,0,7,0,0.0,2.0,1.0,13.0,A01
201500033993,0,7,0,0.0,2.0,1.0,0.0,B01
201500033994,0,7,0,0.0,0.0,8.0,11.0,A01
201500033994,0,1,0,0.0,2.0,3.0,21.0,B01
201500033995,0,7,0,0.0,1.0,3.0,1.0,A01
201500033996,0,7,0,0.0,1.0,7.0,0.0,A01
201500033997,0,7,0,0.0,1.0,3.0,19.0,A01
201500033998,0,7,0,2.0,0.0,1.0,0.0,A01
201500033999,0,7,0,0.0,0.0,3.0,0.0,A01
201500033999,0,7,0,0.0,0.0,3.0,0.0,B01
201500034000,0,7,0,0.0,2.0,1.0,6.0,A01
201500034000,0,7,0,0.0,2.0,1.0,1.0,B01
201500034001,0,7,0,0.0,2.0,7.0,9.0,A01
201500034001,0,7,0,0.0,2.0,1.0,1.0,B01
201500034002,0,7,0,12.0,0.0,1.0,6.0,A01
201500034003,0,7,0,0.0,2.0,1.0,2.0,A01
201500034003,0,7,0,0.0,2.0,8.0,2.0,B01
201500034004,0,7,0,2.0,0.0,3.0,6.0,A01
201500034005,0,7,0,0.0,2.0,1.0,2.0,A01
201500034005,0,7,0,0.0,0.0,0.0,0.0,B01
201500034006,0,7,0,0.0,0.0,9.0,16.0,A01
201500034007,2,7,0,15.0,2.0,3.0,16.0,Z01
201500034007,0,7,0,9.0,2.0,2.0,2.0,B01
201500034008,0,14,0,0.0,2.0,2.0,0.0,A01
201500034008,0,1,0,0.0,2.0,1.0,0.0,B01
201500034009,0,7,0,0.0,0.0,9.0,0.0,A01
201500034010,0,7,0,0.0,1.0,1.0,1.0,A01
201500034011,0,7,0,8.0,0.0,8.0,1.0,A01
201500034012,0,7,0,1.0,1.0,1.0,1.0,A01
201500034013,0,33,0,12.0,0.0,1.0,1.0,A01
201500034014,1,34,0,0.0,1.0,1.0,1.0,A01
201500034015,0,99,0,0.0,1.0,2.0,1.0,A01
201500034016,0,7,0,0.0,2.0,2.0,15.0,A01
201500034016,0,33,0,0.0,2.0,1.0,1.0,B01
201500034017,0,14,0,0.0,2.0,8.0,11.0,A01
201500034017,0,33,0,12.0,2.0,5.0,1.0,B01
201500034018,0,7,0,0.0,2.0,2.0,10.0,A01
201500034018,0,33,0,0.0,2.0,1.0,1.0,B01
201500034019,0,37,14,15.0,2.0,1.0,14.0,A01
201500034019,0,7,0,12.0,2.0,5.0,1.0,B01
201500034020,2,7,0,0.0,2.0,3.0,13.0,A01
201500034020,0,7,0,0.0,2.0,3.0,1.0,B01
201500034021,0,7,0,16.0,0.0,9.0,13.0,A01
201500034022,0,7,0,0.0,1.0,1.0,1.0,A01
201500034023,0,7,0,0.0,2.0,1.0,1.0,A01
201500034023,0,7,0,0.0,2.0,1.0,1.0,B01
201500034024,0,7,0,0.0,0.0,0.0,0.0,A01
201500034024,0,1,0,0.0,2.0,1.0,19.0,B01
201500034025,0,7,0,0.0,2.0,1.0,15.0,A01
201500034025,0,33,0,0.0,2.0,1.0,1.0,B01
201500034026,0,7,0,0.0,1.0,1.0,23.0,B01
201500034027,0,17,0,0.0,0.0,0.0,24.0,A01
201500034027,0,7,0,1.0,0.0,1.0,14.0,B01
201500034028,0,7,0,8.0,0.0,1.0,2.0,A01
201500034029,0,7,0,0.0,2.0,3.0,13.0,A01
201500034029,0,10,0,0.0,2.0,3.0,0.0,B01
201500034030,0,7,0,0.0,0.0,3.0,13.0,A01
201500034031,0,7,0,0.0,9.0,3.0,19.0,A01
201500034031,0,1,0,0.0,2.0,1.0,19.0,B01
201500034032,0,7,0,0.0,1.0,4.0,4.0,A01
201500034033,0,7,0,0.0,1.0,1.0,0.0,A01
201500034034,0,33,0,14.0,1.0,1.0,17.0,A01
201500034035,2,7,0,0.0,1.0,1.0,1.0,A01
201500034036,0,7,0,0.0,0.0,0.0,0.0,A01
201500034037,0,1,0,0.0,1.0,1.0,0.0,A01
201500034038,0,7,0,0.0,2.0,8.0,13.0,A01
201500034038,0,7,0,15.0,0.0,8.0,1.0,B01
201500034039,0,7,0,0.0,2.0,1.0,15.0,A01
201500034039,0,7,0,0.0,2.0,1.0,1.0,B01
201500034040,0,15,0,0.0,0.0,0.0,1.0,B01
201500034040,0,7,0,0.0,2.0,7.0,0.0,A01
201500034041,0,7,0,0.0,9.0,2.0,15.0,A01
201500034041,0,33,0,0.0,2.0,1.0,2.0,B01
201500034042,0,7,0,0.0,2.0,0.0,17.0,A01
201500034042,0,30,0,0.0,2.0,6.0,2.0,B01
201500034043,0,7,0,0.0,2.0,1.0,15.0,A01
201500034043,0,7,0,0.0,2.0,3.0,1.0,B01
201500034044,0,7,0,0.0,2.0,3.0,1.0,A01
201500034044,0,31,0,0.0,2.0,1.0,15.0,B01
201500034045,0,7,0,2.0,0.0,9.0,17.0,A01
201500034046,0,7,0,0.0,1.0,1.0,1.0,A01
201500034047,0,30,0,0.0,2.0,1.0,0.0,A01
201500034047,0,7,0,0.0,2.0,3.0,9.0,B01
201500034048,0,33,0,0.0,0.0,0.0,0.0,A01
201500034049,0,7,0,0.0,2.0,1.0,17.0,A01
201500034049,0,7,0,0.0,2.0,1.0,1.0,B01
201500034050,0,7,0,0.0,9.0,2.0,15.0,A01
201500034050,0,2,0,0.0,2.0,1.0,1.0,B01
201500034051,0,7,0,1.0,0.0,2.0,14.0,A01
201500034052,0,7,0,0.0,2.0,5.0,1.0,A01
201500034052,0,1,0,0.0,2.0,1.0,15.0,B01
201500034053,0,7,0,15.0,0.0,1.0,14.0,A01
201500034054,0,36,0,0.0,1.0,1.0,2.0,A01
201500034055,0,31,0,0.0,0.0,0.0,15.0,A01
201500034056,0,10,0,0.0,1.0,0.0,1.0,A01
201500034057,0,1,0,0.0,2.0,1.0,1.0,A01
201500034057,0,3,0,0.0,2.0,3.0,1.0,B01
201500034057,0,1,0,0.0,2.0,1.0,1.0,C01
201500034058,0,7,0,0.0,1.0,2.0,1.0,A01
201500034059,1,3,0,8.0,0.0,8.0,14.0,A01
201500034060,0,7,0,2.0,0.0,1.0,15.0,A01
201500034061,0,7,0,0.0,2.0,1.0,0.0,A01
201500034061,0,7,0,0.0,0.0,0.0,0.0,B01
201500034062,0,10,0,0.0,2.0,3.0,10.0,A01
201500034062,0,10,0,8.0,2.0,8.0,1.0,B01
201500034063,0,7,0,0.0,2.0,2.0,15.0,A01
201500034063,0,1,0,0.0,2.0,1.0,1.0,B01
201500034064,0,7,0,8.0,1.0,1.0,21.0,A01
201500034065,0,7,0,0.0,2.0,2.0,2.0,A01
201500034065,0,1,0,0.0,2.0,8.0,2.0,B01
201500034066,0,7,0,0.0,0.0,9.0,1.0,A01
201500034067,0,7,0,0.0,2.0,8.0,9.0,A01
201500034067,0,1,0,0.0,2.0,1.0,1.0,B01
201500034068,0,33,0,0.0,2.0,1.0,2.0,A01
201500034068,0,10,0,0.0,2.0,4.0,15.0,B01
201500034069,0,7,0,0.0,2.0,4.0,2.0,B01
201500034069,0,7,0,0.0,2.0,1.0,2.0,A01
201500034070,0,10,0,0.0,2.0,7.0,15.0,A01
201500034070,0,31,0,0.0,2.0,1.0,1.0,B01
201500034071,0,7,0,0.0,2.0,1.0,13.0,A01
201500034071,0,7,0,0.0,2.0,3.0,1.0,B01
201500034072,0,7,0,0.0,1.0,1.0,1.0,A01
201500034073,0,7,0,0.0,1.0,1.0,1.0,A01
201500034074,0,7,0,0.0,2.0,1.0,2.0,A01
201500034074,0,7,0,0.0,2.0,4.0,2.0,B01
201500034075,0,7,0,0.0,1.0,1.0,1.0,A01
201500034076,0,7,0,0.0,2.0,2.0,9.0,A01
201500034076,0,7,0,15.0,2.0,3.0,1.0,B01
201500034077,0,10,0,0.0,2.0,3.0,15.0,A01
201500034077,0,33,0,0.0,2.0,1.0,1.0,B01
201500034078,0,7,0,0.0,2.0,2.0,21.0,A01
201500034078,0,1,0,0.0,2.0,4.0,1.0,B01
201500034079,0,37,1,0.0,1.0,2.0,1.0,A01
201500034080,0,14,0,0.0,1.0,7.0,1.0,A01
201500034081,2,7,0,0.0,2.0,8.0,15.0,A01
201500034081,0,33,0,0.0,2.0,1.0,17.0,B01
201500034082,0,37,3,0.0,2.0,1.0,2.0,A01
201500034082,0,7,0,0.0,2.0,4.0,2.0,B01
201500034083,0,1,0,8.0,0.0,1.0,1.0,A01
201500034084,0,37,1,0.0,1.0,2.0,15.0,A01
201500034085,0,37,1,0.0,1.0,2.0,1.0,A01
201500034086,0,37,1,0.0,1.0,8.0,1.0,A01
201500034087,0,7,0,15.0,0.0,1.0,1.0,A01
201500034088,0,30,0,0.0,2.0,1.0,1.0,B01
201500034088,0,10,0,0.0,2.0,1.0,15.0,A01
201500034089,0,7,0,0.0,2.0,0.0,17.0,A01
201500034089,0,7,0,0.0,2.0,0.0,15.0,B01
201500034090,1,10,0,0.0,1.0,0.0,0.0,A01
201500034091,2,7,0,1.0,2.0,1.0,2.0,A01
201500034091,0,7,0,0.0,2.0,4.0,2.0,B01
201500034092,0,7,0,0.0,1.0,2.0,15.0,A01
201500034093,0,7,0,0.0,2.0,3.0,1.0,C01
201500034093,0,7,0,0.0,2.0,2.0,1.0,A01
201500034093,0,33,0,0.0,2.0,6.0,16.0,B01
201500034094,0,7,0,0.0,2.0,1.0,15.0,A01
201500034094,0,7,0,0.0,2.0,3.0,1.0,B01
201500034095,0,17,0,0.0,0.0,7.0,14.0,A01
201500034096,0,7,0,0.0,2.0,2.0,2.0,A01
201500034096,0,7,0,0.0,2.0,6.0,2.0,B01
201500034097,0,7,0,0.0,2.0,1.0,2.0,A01
201500034097,0,7,0,0.0,2.0,4.0,2.0,B01
201500034097,0,7,0,0.0,2.0,4.0,2.0,C01
201500034097,0,7,0,0.0,0.0,8.0,2.0,D01
201500034097,1,7,0,0.0,2.0,2.0,1.0,E01
201500034098,0,7,0,0.0,1.0,3.0,1.0,A01
201500034099,0,7,0,0.0,1.0,7.0,1.0,A01
201500034100,0,2,0,0.0,1.0,1.0,1.0,A01
201500034101,0,7,0,0.0,2.0,3.0,1.0,A01
201500034101,0,1,0,0.0,2.0,1.0,19.0,B01
201500034102,0,7,0,0.0,1.0,2.0,15.0,A01