Num_Acc,senc,catv,occutc,obs,obsm,choc,manv,num_veh
201500034103,0,7,0,0.0,1.0,3.0,1.0,A01
201500034104,0,7,0,0.0,0.0,1.0,2.0,A01
201500034104,0,7,0,0.0,2.0,1.0,2.0,B01
201500034104,0,7,0,0.0,2.0,6.0,2.0,C01
201500034105,0,37,1,0.0,1.0,2.0,16.0,A01
201500034106,0,7,0,6.0,0.0,1.0,1.0,A01
201500034107,0,17,0,0.0,1.0,7.0,9.0,A01
201500034108,0,14,0,9.0,1.0,5.0,2.0,A01
201500034109,0,7,0,0.0,0.0,1.0,2.0,A01
201500034109,0,30,0,0.0,0.0,4.0,23.0,B01
201500034110,0,37,1,0.0,1.0,7.0,16.0,A01
201500034111,0,7,0,16.0,0.0,9.0,21.0,A01
201500034112,0,7,0,0.0,1.0,3.0,1.0,A01
201500034113,0,1,0,12.0,2.0,0.0,16.0,B01
201500034113,0,15,0,0.0,2.0,2.0,16.0,A01
201500034114,0,7,0,0.0,0.0,0.0,0.0,A01
201500034114,0,7,0,0.0,0.0,1.0,2.0,B01
201500034115,0,2,0,15.0,2.0,0.0,0.0,A01
201500034115,0,7,0,0.0,2.0,3.0,17.0,B01
201500034116,0,7,0,0.0,2.0,3.0,0.0,A01
201500034116,0,7,0,0.0,2.0,6.0,2.0,B01
201500034117,0,33,0,0.0,2.0,1.0,0.0,A01
201500034117,0,7,0,0.0,2.0,8.0,15.0,B01
201500034118,0,10,0,0.0,2.0,3.0,13.0,A01
201500034118,0,7,0,0.0,2.0,3.0,1.0,B01
201500034119,0,34,0,0.0,1.0,1.0,0.0,A01
201500034120,0,7,0,0.0,2.0,2.0,16.0,A01
201500034120,0,1,0,0.0,2.0,8.0,19.0,B01
201500034121,0,7,0,0.0,1.0,4.0,4.0,A01
201500034122,1,7,0,0.0,0.0,0.0,0.0,A01
201500034122,1,7,0,0.0,0.0,0.0,0.0,B01
201500034122,0,33,0,0.0,0.0,0.0,21.0,C01
201500034123,0,7,0,0.0,1.0,2.0,2.0,A01
201500034123,0,3,0,0.0,0.0,0.0,1.0,B01
201500034124,0,7,0,1.0,2.0,3.0,1.0,A01
201500034124,0,7,0,0.0,2.0,7.0,1.0,B01
201500034125,0,7,0,0.0,0.0,1.0,0.0,A01
201500034125,0,33,0,0.0,0.0,4.0,2.0,B01
201500034126,0,7,0,2.0,0.0,1.0,14.0,A01
201500034127,0,7,0,0.0,2.0,3.0,1.0,A01
201500034127,0,15,0,0.0,2.0,3.0,1.0,B01
201500034128,0,7,0,0.0,2.0,2.0,19.0,A01
201500034128,0,30,0,0.0,2.0,1.0,19.0,B01
201500034129,0,7,0,0.0,1.0,0.0,0.0,A01
201500034130,0,7,0,0.0,2.0,7.0,1.0,A01
201500034130,0,33,0,0.0,2.0,7.0,1.0,B01
201500034131,0,7,0,1.0,0.0,2.0,14.0,A01
201500034132,0,7,0,0.0,2.0,8.0,9.0,A01
201500034132,0,33,0,0.0,2.0,1.0,2.0,B01
201500034133,0,7,0,0.0,1.0,1.0,1.0,A01
201500034134,0,7,0,6.0,0.0,1.0,19.0,A01
201500034135,0,2,0,0.0,0.0,0.0,1.0,A01
201500034136,0,14,0,0.0,2.0,6.0,1.0,A01
201500034136,0,7,0,0.0,2.0,1.0,2.0,B01
201500034137,0,7,0,0.0,2.0,3.0,23.0,A01
201500034137,0,33,0,0.0,2.0,1.0,1.0,B01
201500034137,0,10,0,1.0,0.0,0.0,0.0,C01
201500034138,0,7,0,0.0,0.0,5.0,23.0,A01
201500034138,0,7,0,0.0,0.0,4.0,23.0,B01
201500034138,0,7,0,1.0,0.0,1.0,23.0,C01
201500034138,0,7,0,1.0,0.0,1.0,23.0,D01
201500034139,0,7,0,13.0,0.0,9.0,1.0,A01
201500034140,0,10,0,0.0,9.0,2.0,20.0,A01
201500034140,0,1,0,0.0,2.0,2.0,0.0,B01
201500034141,0,7,0,0.0,0.0,1.0,2.0,A01
201500034141,0,16,0,0.0,0.0,6.0,9.0,B01
201500034142,0,7,0,0.0,2.0,1.0,2.0,A01
201500034142,0,7,0,0.0,2.0,1.0,2.0,B01
201500034142,0,7,0,0.0,2.0,4.0,2.0,C01
201500034143,0,17,0,0.0,2.0,6.0,9.0,A01
201500034143,0,33,0,0.0,2.0,1.0,1.0,B01
201500034144,0,7,0,0.0,2.0,1.0,2.0,A01
201500034144,0,7,0,0.0,0.0,4.0,23.0,B01
201500034145,0,7,0,0.0,2.0,3.0,15.0,A01
201500034145,0,33,0,0.0,2.0,8.0,2.0,B01
201500034146,0,30,0,0.0,0.0,6.0,15.0,A01
201500034146,0,33,0,0.0,2.0,1.0,17.0,B01
201500034147,0,7,0,0.0,2.0,3.0,5.0,A01
201500034147,0,7,0,0.0,2.0,3.0,2.0,B01
201500034148,0,7,0,0.0,2.0,2.0,1.0,A01
201500034148,0,7,0,6.0,2.0,8.0,2.0,B01
201500034149,1,7,0,0.0,1.0,1.0,2.0,A01
201500034150,0,7,0,0.0,2.0,3.0,15.0,A01
201500034150,0,30,0,0.0,2.0,1.0,17.0,B01
201500034151,0,7,0,0.0,1.0,1.0,19.0,A01
201500034152,0,7,0,0.0,2.0,8.0,10.0,A01
201500034152,0,17,0,0.0,2.0,1.0,2.0,B01
201500034153,0,7,0,0.0,0.0,7.0,1.0,A01
201500034153,0,7,0,0.0,0.0,0.0,0.0,B01
201500034153,0,17,0,0.0,0.0,0.0,12.0,C01
201500034154,0,7,0,15.0,0.0,1.0,13.0,A01
201500034155,0,2,0,0.0,2.0,7.0,17.0,A01
201500034155,0,7,0,0.0,2.0,8.0,15.0,B01
201500034156,0,14,0,0.0,2.0,2.0,1.0,A01
201500034156,0,7,0,0.0,0.0,0.0,0.0,B01
201500034157,0,7,0,0.0,2.0,3.0,9.0,A01
201500034157,0,7,0,0.0,2.0,2.0,1.0,B01
201500034158,0,10,0,8.0,0.0,1.0,1.0,A01
201500034159,0,7,0,0.0,6.0,1.0,1.0,A01
201500034160,0,32,0,0.0,0.0,1.0,16.0,A01
201500034161,0,7,0,2.0,0.0,2.0,0.0,A01
201500034162,0,7,0,0.0,2.0,1.0,1.0,A01
201500034162,0,7,0,0.0,2.0,7.0,1.0,B01
201500034163,0,7,0,0.0,1.0,5.0,20.0,A01
201500034164,0,7,0,0.0,5.0,1.0,1.0,A01
201500034164,0,33,0,0.0,6.0,1.0,0.0,B01
201500034165,0,7,0,16.0,0.0,3.0,13.0,A01
201500034166,0,7,0,0.0,1.0,3.0,0.0,A01
201500034167,0,7,0,0.0,1.0,8.0,16.0,A01
201500034168,0,7,0,0.0,2.0,8.0,19.0,A01
201500034168,0,38,1,0.0,2.0,1.0,1.0,B01
201500034169,0,7,0,13.0,2.0,3.0,13.0,A01
201500034169,0,7,0,13.0,2.0,3.0,1.0,B01
201500034170,1,2,0,6.0,0.0,1.0,1.0,A01
201500034171,0,33,0,0.0,0.0,7.0,1.0,A01
201500034172,0,7,0,13.0,9.0,9.0,13.0,A01
201500034173,0,7,0,0.0,1.0,3.0,5.0,A01
201500034174,0,7,0,0.0,2.0,1.0,1.0,B01
201500034174,0,10,0,6.0,2.0,1.0,1.0,A01
201500034175,0,17,0,0.0,0.0,8.0,11.0,A01
201500034175,0,33,0,3.0,2.0,9.0,1.0,B01
201500034176,0,7,0,0.0,2.0,1.0,0.0,A01
201500034176,0,7,0,0.0,2.0,3.0,14.0,B01
201500034177,0,99,0,1.0,0.0,0.0,1.0,A01
201500034178,0,7,0,0.0,2.0,1.0,0.0,A01
201500034178,0,7,0,0.0,2.0,1.0,5.0,B01
201500034179,0,10,0,1.0,0.0,2.0,14.0,A01
201500034179,0,15,0,0.0,0.0,6.0,23.0,B01
201500034179,0,7,0,0.0,2.0,2.0,17.0,C01
201500034180,0,7,0,0.0,0.0,0.0,0.0,A01
201500034181,0,7,0,2.0,0.0,3.0,14.0,A01
201500034182,0,14,0,0.0,2.0,7.0,15.0,A01
201500034182,0,33,0,0.0,2.0,1.0,1.0,B01
201500034183,0,7,0,0.0,2.0,3.0,1.0,B01
201500034183,0,7,0,0.0,2.0,7.0,9.0,A01
201500034184,2,7,0,16.0,0.0,0.0,0.0,A01
201500034184,0,7,0,0.0,9.0,0.0,0.0,B01
201500034185,0,7,0,13.0,0.0,1.0,19.0,A01
201500034186,0,7,0,0.0,2.0,1.0,13.0,A01
201500034186,0,7,0,0.0,2.0,1.0,1.0,B01
201500034186,0,15,0,0.0,2.0,3.0,1.0,C01
201500034186,0,10,0,0.0,2.0,1.0,1.0,D01
201500034187,0,33,0,0.0,0.0,3.0,1.0,A01
201500034187,0,33,0,0.0,0.0,0.0,0.0,B01
201500034187,0,7,0,0.0,0.0,0.0,0.0,C01
201500034188,0,7,0,0.0,2.0,3.0,6.0,B01
201500034188,0,30,0,0.0,2.0,1.0,19.0,A01
201500034189,0,7,0,0.0,1.0,1.0,1.0,A01
201500034190,0,7,0,0.0,1.0,3.0,15.0,A01
201500034191,0,7,0,0.0,1.0,1.0,16.0,A01
201500034192,0,30,0,0.0,0.0,1.0,1.0,B01
201500034192,0,7,0,0.0,2.0,3.0,16.0,A01
201500034193,0,7,0,0.0,2.0,0.0,0.0,B01
201500034193,1,7,0,0.0,0.0,0.0,0.0,A01
201500034194,0,7,0,0.0,2.0,8.0,1.0,B01
201500034194,0,33,0,0.0,2.0,1.0,1.0,A01
201500034195,0,7,0,0.0,1.0,0.0,0.0,A01
201500034196,0,7,0,0.0,1.0,1.0,1.0,A01
201500034197,0,7,0,0.0,1.0,1.0,17.0,A01
201500034198,0,7,0,0.0,2.0,4.0,0.0,B01
201500034198,0,7,0,0.0,2.0,4.0,1.0,C01
201500034198,0,7,0,0.0,2.0,1.0,1.0,A01
201500034199,0,7,0,16.0,0.0,1.0,1.0,A01
201500034200,0,2,0,0.0,2.0,1.0,1.0,B01
201500034200,0,7,0,0.0,2.0,3.0,13.0,A01
201500034201,0,7,0,0.0,2.0,1.0,19.0,A01
201500034201,0,30,0,0.0,2.0,8.0,1.0,B01
201500034202,2,7,0,0.0,2.0,4.0,4.0,A01
201500034202,0,7,0,0.0,2.0,1.0,23.0,B01
201500034203,0,33,0,0.0,0.0,8.0,0.0,A01
201500034204,1,31,0,0.0,1.0,0.0,1.0,A01
201500034205,0,33,0,0.0,0.0,0.0,0.0,A01
201500034206,0,1,0,0.0,0.0,8.0,2.0,B01
201500034206,0,20,0,0.0,9.0,7.0,16.0,A01
201500034207,0,37,0,0.0,1.0,0.0,0.0,A01
201500034208,0,7,0,0.0,1.0,1.0,15.0,A01
201500034209,0,15,0,0.0,2.0,2.0,1.0,A01
201500034209,0,37,0,0.0,2.0,8.0,0.0,B01
201500034210,0,7,0,0.0,0.0,1.0,2.0,A01
201500034210,0,7,0,0.0,0.0,4.0,0.0,C01
201500034210,0,7,0,0.0,2.0,4.0,0.0,B01
201500034211,0,7,0,2.0,0.0,1.0,1.0,A01
201500034212,1,13,0,0.0,1.0,0.0,0.0,A01
201500034213,0,31,0,0.0,2.0,1.0,5.0,B01
201500034213,0,7,0,16.0,9.0,7.0,5.0,A01
201500034214,0,15,0,0.0,2.0,8.0,23.0,B01
201500034214,0,7,0,1.0,0.0,1.0,2.0,A01
201500034215,0,7,0,0.0,2.0,7.0,9.0,A01
201500034215,0,33,0,0.0,2.0,1.0,1.0,B01
201500034216,0,33,0,0.0,2.0,2.0,16.0,A01
201500034216,0,7,0,0.0,2.0,3.0,2.0,B01
201500034217,0,3,0,0.0,2.0,1.0,15.0,A01
201500034217,0,7,0,0.0,0.0,0.0,0.0,B01
201500034218,0,7,0,0.0,1.0,1.0,17.0,A01
201500034219,0,33,0,0.0,2.0,1.0,1.0,B01
201500034219,0,7,0,0.0,2.0,8.0,10.0,A01
201500034220,0,37,0,0.0,1.0,2.0,1.0,B01
201500034221,0,2,0,0.0,2.0,6.0,15.0,B01
201500034221,0,7,0,0.0,2.0,2.0,12.0,A01
201500034222,2,7,0,0.0,0.0,2.0,0.0,A01
201500034222,0,7,0,0.0,0.0,2.0,0.0,B01
201500034223,0,7,0,0.0,2.0,9.0,21.0,A01
201500034223,0,7,0,0.0,2.0,0.0,1.0,B01
201500034224,1,7,0,0.0,2.0,1.0,2.0,A01
201500034224,0,7,0,0.0,2.0,4.0,2.0,B01
201500034225,0,7,0,0.0,1.0,4.0,4.0,A01
201500034226,0,7,0,0.0,1.0,1.0,2.0,A01
201500034227,2,7,0,8.0,0.0,1.0,0.0,A01
201500034228,0,37,0,0.0,1.0,2.0,19.0,A01
201500034229,0,1,0,0.0,2.0,0.0,1.0,B01
201500034229,0,7,0,0.0,2.0,3.0,13.0,A01
201500034230,0,7,0,6.0,0.0,1.0,0.0,A01
201500034231,0,7,0,8.0,0.0,1.0,1.0,B01
201500034231,0,7,0,0.0,2.0,1.0,9.0,A01
201500034232,1,32,0,0.0,1.0,0.0,1.0,A01
201500034233,0,7,0,8.0,0.0,1.0,0.0,B01
201500034233,1,10,0,0.0,2.0,0.0,1.0,A01
201500034234,0,33,0,12.0,0.0,1.0,0.0,A01
201500034235,0,7,0,4.0,0.0,3.0,13.0,A01
201500034236,0,38,0,0.0,0.0,0.0,1.0,A01
201500034237,0,7,0,0.0,2.0,1.0,1.0,B01
201500034237,0,7,0,14.0,2.0,1.0,1.0,A01
201500034238,0,7,0,0.0,1.0,7.0,1.0,A01
201500034239,0,33,0,0.0,0.0,0.0,1.0,A01
201500034240,0,7,0,0.0,2.0,4.0,23.0,C01
201500034240,0,7,0,0.0,2.0,1.0,1.0,A01
201500034240,0,7,0,0.0,2.0,4.0,23.0,B01
201500034241,0,7,0,0.0,1.0,2.0,1.0,A01
201500034242,0,7,0,0.0,1.0,0.0,0.0,A01
201500034243,0,7,0,0.0,1.0,3.0,1.0,A01
201500034244,0,33,0,0.0,2.0,0.0,0.0,A01
201500034244,0,7,0,0.0,2.0,0.0,0.0,B01
201500034245,0,33,0,0.0,2.0,3.0,1.0,B01
201500034245,0,7,0,0.0,2.0,3.0,1.0,A01
201500034246,0,33,0,0.0,0.0,1.0,1.0,A01
201500034247,0,7,0,0.0,1.0,1.0,1.0,A01
201500034248,1,7,0,0.0,2.0,1.0,2.0,A01
201500034248,0,7,0,0.0,2.0,4.0,23.0,B01
201500034249,0,10,0,0.0,2.0,7.0,0.0,B01
201500034249,0,7,0,0.0,2.0,3.0,0.0,A01
201500034250,0,33,0,0.0,2.0,8.0,0.0,B01
201500034250,0,7,0,0.0,2.0,3.0,15.0,A01
201500034251,0,7,0,0.0,1.0,4.0,4.0,A01
201500034252,0,7,0,0.0,1.0,3.0,2.0,A01
201500034253,0,7,0,0.0,2.0,1.0,2.0,A01
201500034253,0,7,0,0.0,2.0,4.0,23.0,B01
201500034253,0,7,0,0.0,0.0,0.0,0.0,C01
201500034254,0,7,0,0.0,2.0,4.0,1.0,B01
201500034254,0,32,0,0.0,2.0,1.0,1.0,A01
201500034255,0,7,0,0.0,1.0,0.0,0.0,A01
201500034256,0,7,0,0.0,2.0,1.0,2.0,A01
201500034256,0,7,0,0.0,2.0,4.0,2.0,B01
201500034256,0,7,0,0.0,0.0,0.0,0.0,C01
201500034256,0,7,0,0.0,2.0,4.0,0.0,D01
201500034256,0,7,0,0.0,2.0,4.0,2.0,E01
201500034257,0,7,0,0.0,2.0,8.0,0.0,A01
201500034257,0,33,0,0.0,2.0,1.0,1.0,B01
201500034258,0,1,0,0.0,2.0,4.0,1.0,B01
201500034258,0,7,0,0.0,9.0,1.0,1.0,A01
201500034259,0,7,0,0.0,2.0,0.0,0.0,A01
201500034259,0,7,0,0.0,2.0,0.0,0.0,B01
201500034260,0,32,0,0.0,2.0,8.0,1.0,A01
201500034260,0,7,0,0.0,2.0,3.0,1.0,B01
201500034261,0,7,0,0.0,2.0,7.0,2.0,A01
201500034261,0,7,0,0.0,2.0,3.0,2.0,B01
201500034262,0,7,0,0.0,2.0,5.0,1.0,C01
201500034262,0,7,0,3.0,2.0,1.0,0.0,A01
201500034262,0,7,0,5.0,2.0,1.0,21.0,B01
201500034263,0,7,0,0.0,2.0,3.0,15.0,A01
201500034263,0,1,0,0.0,2.0,3.0,0.0,B01
201500034264,1,10,0,0.0,1.0,1.0,1.0,A01
201500034265,0,7,0,0.0,2.0,7.0,15.0,A01
201500034265,0,34,0,0.0,2.0,1.0,1.0,B01
201500034266,0,7,0,0.0,1.0,3.0,4.0,A01
201500034267,0,7,0,3.0,2.0,1.0,2.0,A01
201500034267,0,7,0,3.0,2.0,4.0,2.0,C01
201500034267,0,7,0,5.0,2.0,9.0,2.0,B01
201500034268,0,7,0,0.0,2.0,4.0,10.0,B01
201500034268,2,7,0,0.0,2.0,1.0,1.0,A01
201500034269,0,33,0,4.0,0.0,1.0,18.0,A01
201500034270,0,7,0,0.0,2.0,3.0,15.0,B01
201500034270,1,7,0,0.0,2.0,2.0,19.0,A01
201500034271,0,7,0,0.0,2.0,8.0,9.0,A01
201500034271,0,30,0,0.0,2.0,9.0,2.0,B01
201500034272,0,37,0,0.0,1.0,5.0,1.0,A01
201500034273,0,7,0,0.0,2.0,1.0,2.0,A01
201500034273,0,7,0,0.0,2.0,4.0,1.0,B01
201500034274,0,33,0,0.0,2.0,2.0,21.0,B01
201500034274,0,10,0,0.0,2.0,3.0,15.0,A01
201500034275,0,7,0,0.0,1.0,8.0,0.0,A01
201500034276,0,7,0,0.0,2.0,5.0,9.0,A01
201500034276,0,33,0,0.0,2.0,8.0,2.0,B01
201500034277,0,10,0,0.0,2.0,3.0,15.0,A01
201500034277,0,30,0,0.0,2.0,7.0,1.0,B01
201500034278,0,7,0,0.0,2.0,2.0,1.0,B01
201500034278,0,7,0,0.0,2.0,3.0,11.0,A01
201500034279,1,31,0,0.0,2.0,1.0,1.0,A01
201500034279,0,37,0,0.0,2.0,8.0,8.0,B01
201500034280,0,34,0,0.0,2.0,8.0,15.0,B01
201500034280,0,7,0,0.0,2.0,3.0,1.0,A01
201500034281,0,34,0,0.0,2.0,1.0,2.0,A01
201500034281,0,7,0,0.0,2.0,4.0,2.0,B01
201500034282,0,7,0,0.0,1.0,8.0,1.0,A01
201500034283,0,1,0,0.0,0.0,0.0,0.0,B01
201500034283,0,7,0,0.0,2.0,4.0,4.0,A01
201500034284,0,7,0,0.0,1.0,2.0,0.0,A01
201500034285,0,31,0,0.0,2.0,1.0,1.0,B01
201500034285,0,7,0,0.0,2.0,2.0,15.0,A01
201500034286,0,33,0,0.0,2.0,8.0,11.0,B01
201500034287,0,7,0,0.0,1.0,1.0,1.0,A01
201500034288,0,7,0,12.0,6.0,9.0,1.0,A01
201500034289,0,7,0,0.0,2.0,3.0,1.0,C01
201500034289,0,33,0,0.0,2.0,1.0,17.0,A01
201500034289,0,7,0,0.0,2.0,6.0,1.0,B01
201500034290,0,7,0,0.0,1.0,3.0,1.0,A01
201500034291,0,7,0,0.0,2.0,4.0,2.0,B01
201500034291,0,7,0,0.0,2.0,1.0,1.0,A01
201500034292,0,34,0,11.0,0.0,1.0,6.0,A01
201500034293,0,33,0,0.0,2.0,1.0,1.0,B01
201500034293,0,7,0,0.0,2.0,2.0,15.0,A01
201500034294,0,7,0,0.0,1.0,3.0,15.0,A01
201500034295,0,33,0,4.0,2.0,0.0,17.0,A01
201500034296,0,7,0,0.0,1.0,3.0,2.0,A01
201500034297,0,7,0,0.0,1.0,2.0,15.0,A01
201500034298,0,2,0,0.0,2.0,1.0,1.0,B01
201500034298,0,7,0,0.0,2.0,3.0,9.0,A01
201500034299,0,7,0,0.0,1.0,1.0,2.0,A01
201500034300,0,37,1,0.0,1.0,1.0,16.0,A01
201500034301,0,7,0,0.0,2.0,3.0,1.0,B01
201500034301,0,2,0,0.0,2.0,7.0,1.0,A01
201500034302,0,7,0,0.0,1.0,1.0,1.0,A01
201500034303,0,7,0,1.0,0.0,0.0,1.0,A01
201500034304,0,2,0,0.0,2.0,4.0,1.0,B01
201500034304,0,7,0,0.0,0.0,0.0,9.0,A01
201500034305,0,10,0,0.0,2.0,3.0,15.0,B01
201500034305,0,33,0,0.0,2.0,1.0,17.0,A01
201500034306,0,7,0,0.0,1.0,1.0,1.0,A01
201500034307,0,7,0,0.0,2.0,3.0,1.0,B01
201500034307,0,2,0,0.0,2.0,1.0,5.0,A01
201500034308,0,2,0,1.0,0.0,1.0,3.0,B01
201500034308,0,7,0,0.0,0.0,7.0,22.0,A01
201500034309,0,7,0,0.0,2.0,2.0,15.0,A01
201500034309,0,33,0,0.0,2.0,1.0,1.0,B01
201500034310,0,33,0,0.0,0.0,0.0,1.0,A01
201500034311,0,7,0,0.0,1.0,2.0,1.0,A01
201500034312,0,31,0,0.0,2.0,1.0,1.0,B01
201500034312,0,7,0,0.0,2.0,7.0,15.0,A01
201500034313,0,7,0,0.0,1.0,1.0,1.0,A01
201500034314,0,7,0,0.0,2.0,1.0,1.0,B01
201500034314,0,7,0,6.0,2.0,2.0,17.0,A01
201500034314,0,10,0,0.0,2.0,3.0,1.0,C01
201500034315,0,7,0,0.0,2.0,3.0,15.0,A01
201500034315,0,2,0,0.0,2.0,1.0,1.0,B01
201500034316,0,33,0,0.0,2.0,1.0,1.0,B01
201500034316,0,7,0,0.0,2.0,1.0,10.0,A01
201500034317,0,7,0,0.0,1.0,1.0,1.0,A01
201500034318,0,33,0,0.0,1.0,3.0,1.0,A01
201500034319,0,7,0,0.0,1.0,1.0,0.0,A01
201500034320,0,7,0,0.0,0.0,9.0,1.0,A01
201500034321,0,7,0,0.0,2.0,1.0,13.0,A01
201500034321,0,14,0,0.0,2.0,1.0,1.0,B01
201500034322,0,33,0,0.0,2.0,1.0,17.0,A01
201500034322,0,7,0,0.0,2.0,6.0,15.0,B01
201500034323,0,7,0,0.0,1.0,1.0,16.0,A01
201500034324,0,10,0,0.0,2.0,1.0,15.0,A01
201500034324,0,7,0,0.0,2.0,1.0,1.0,B01
201500034325,0,10,0,0.0,2.0,5.0,15.0,A01
201500034325,0,33,0,0.0,2.0,1.0,1.0,B01
201500034326,0,7,0,0.0,0.0,4.0,0.0,B01
201500034326,0,7,0,0.0,2.0,1.0,0.0,A01
201500034327,0,34,0,0.0,1.0,1.0,1.0,A01
201500034328,0,30,0,0.0,0.0,1.0,1.0,A01
201500034328,0,14,0,14.0,0.0,4.0,1.0,B01
201500034329,0,7,0,0.0,1.0,1.0,19.0,A01
201500034330,0,7,0,0.0,1.0,2.0,0.0,A01
201500034331,0,7,0,0.0,0.0,9.0,0.0,A01
201500034332,0,7,0,0.0,2.0,0.0,2.0,B01
201500034332,0,33,0,0.0,2.0,8.0,2.0,A01
201500034333,0,7,0,0.0,2.0,4.0,1.0,B01
201500034333,0,7,0,0.0,2.0,1.0,1.0,A01
201500034334,0,33,0,0.0,1.0,1.0,1.0,A01
201500034335,0,7,0,0.0,2.0,1.0,1.0,B01
201500034335,0,7,0,0.0,0.0,1.0,6.0,A01
201500034336,0,7,0,0.0,0.0,4.0,1.0,A01
201500034336,0,7,0,0.0,0.0,4.0,1.0,C01
201500034336,0,7,0,0.0,0.0,0.0,0.0,B01
201500034337,0,7,0,0.0,0.0,1.0,2.0,A01
201500034337,0,7,0,0.0,0.0,4.0,2.0,B01
201500034338,0,7,0,0.0,1.0,1.0,1.0,A01
201500034339,0,7,0,0.0,1.0,2.0,1.0,A01
201500034340,0,7,0,0.0,2.0,5.0,23.0,B01
201500034340,0,7,0,0.0,2.0,3.0,12.0,A01
201500034340,0,7,0,0.0,2.0,4.0,1.0,C01
201500034341,1,7,0,0.0,2.0,1.0,16.0,A01
201500034341,0,7,0,0.0,2.0,3.0,15.0,B01
201500034342,0,1,0,0.0,9.0,1.0,15.0,B01
201500034342,0,37,0,0.0,9.0,2.0,1.0,A01
201500034343,0,33,0,0.0,2.0,1.0,2.0,B01
201500034343,0,7,0,0.0,2.0,3.0,13.0,A01
201500034344,0,7,0,0.0,1.0,2.0,0.0,A01
201500034345,0,7,0,0.0,2.0,0.0,0.0,C01
201500034345,0,7,0,0.0,2.0,2.0,2.0,A01
201500034345,0,7,0,0.0,2.0,0.0,0.0,B01
201500034346,0,33,0,0.0,2.0,1.0,2.0,B01
201500034346,0,7,0,0.0,2.0,2.0,19.0,A01
201500034347,0,7,0,0.0,0.0,6.0,16.0,B01
201500034347,0,30,0,0.0,2.0,1.0,1.0,A01
201500034348,0,7,0,0.0,1.0,0.0,0.0,A01
201500034349,0,10,0,0.0,2.0,3.0,13.0,A01
201500034349,0,33,0,0.0,2.0,0.0,1.0,B01
201500034350,0,7,0,0.0,0.0,8.0,13.0,B01
201500034350,0,7,0,0.0,2.0,0.0,0.0,A01
201500034351,0,7,0,0.0,2.0,1.0,0.0,A01
201500034351,0,33,0,0.0,0.0,0.0,0.0,B01
201500034352,0,7,0,0.0,0.0,0.0,0.0,B01
201500034352,0,7,0,0.0,0.0,0.0,0.0,A01
201500034353,0,7,0,14.0,2.0,9.0,0.0,B01
201500034353,0,7,0,14.0,0.0,4.0,1.0,C01
201500034353,0,7,0,14.0,0.0,1.0,0.0,A01
201500034354,0,7,0,0.0,0.0,3.0,1.0,C01
201500034354,0,7,0,0.0,0.0,6.0,2.0,B01
201500034354,0,33,0,0.0,0.0,1.0,17.0,A01
201500034355,0,7,0,0.0,1.0,2.0,0.0,A01
201500034356,0,7,0,0.0,0.0,1.0,0.0,A01
201500034357,0,32,0,15.0,0.0,1.0,1.0,A01
201500034358,0,7,0,0.0,1.0,3.0,0.0,A01
201500034359,0,10,0,0.0,1.0,7.0,9.0,A01
201500034360,0,33,0,8.0,0.0,0.0,0.0,A01
201500034361,0,7,0,0.0,1.0,0.0,0.0,A01
201500034362,0,7,0,0.0,2.0,8.0,15.0,A01
201500034362,0,7,0,0.0,2.0,1.0,1.0,B01
201500034363,0,31,0,0.0,2.0,7.0,16.0,A01
201500034363,0,7,0,0.0,2.0,3.0,1.0,B01
201500034364,0,7,0,0.0,1.0,3.0,1.0,A01
201500034365,0,7,0,0.0,1.0,6.0,4.0,A01
201500034366,0,7,0,0.0,1.0,0.0,0.0,A01
201500034367,0,7,0,16.0,0.0,4.0,0.0,A01
201500034367,0,15,0,0.0,0.0,1.0,1.0,B01
201500034368,0,7,0,6.0,0.0,1.0,0.0,A01
201500034369,0,7,0,0.0,2.0,1.0,1.0,A01
201500034369,0,7,0,0.0,2.0,0.0,0.0,B01
201500034370,0,7,0,0.0,1.0,2.0,15.0,A01
201500034371,0,32,0,0.0,2.0,1.0,2.0,A01
201500034371,0,7,0,0.0,0.0,3.0,19.0,B01
201500034372,0,7,0,8.0,0.0,1.0,2.0,A01
201500034373,0,7,0,0.0,2.0,2.0,0.0,A01
201500034373,0,1,0,0.0,2.0,1.0,0.0,B01
201500034374,0,10,0,0.0,0.0,4.0,2.0,B01
201500034374,0,10,0,0.0,2.0,1.0,2.0,A01
201500034375,0,7,0,0.0,1.0,1.0,16.0,A01
201500034376,0,7,0,0.0,2.0,7.0,15.0,A01
201500034376,0,33,0,0.0,2.0,1.0,1.0,B01
201500034377,0,7,0,15.0,0.0,0.0,1.0,A01
201500034378,0,7,0,0.0,1.0,2.0,13.0,A01
201500034379,0,7,0,0.0,0.0,4.0,1.0,B01
201500034379,0,7,0,0.0,2.0,1.0,2.0,A01
201500034380,0,30,0,0.0,2.0,1.0,17.0,A01
201500034380,0,7,0,0.0,0.0,3.0,15.0,B01
201500034381,0,14,0,0.0,1.0,2.0,1.0,A01
201500034382,0,7,0,0.0,0.0,5.0,2.0,B01
201500034382,0,1,0,0.0,2.0,1.0,2.0,A01
201500034383,0,10,0,0.0,1.0,6.0,4.0,A01
201500034384,2,7,0,16.0,0.0,3.0,13.0,A01