Num_Acc,senc,catv,occutc,obs,obsm,choc,manv,num_veh
201500034658,0,7,0,0.0,2.0,3.0,1.0,B01
201500034658,0,1,0,0.0,2.0,1.0,5.0,A01
201500034659,0,7,0,0.0,2.0,1.0,23.0,A01
201500034659,0,7,0,0.0,2.0,4.0,1.0,B01
201500034660,0,7,0,0.0,1.0,1.0,1.0,A01
201500034661,0,7,0,0.0,1.0,1.0,16.0,A01
201500034662,0,7,0,0.0,2.0,4.0,1.0,B01
201500034662,0,7,0,0.0,2.0,1.0,1.0,A01
201500034663,0,7,0,0.0,1.0,2.0,1.0,A01
201500034664,0,7,0,0.0,2.0,1.0,1.0,A01
201500034664,0,7,0,0.0,2.0,4.0,1.0,C01
201500034664,0,7,0,0.0,2.0,4.0,1.0,B01
201500034665,0,7,0,0.0,2.0,3.0,10.0,A01
201500034665,0,2,0,0.0,2.0,1.0,1.0,B01
201500034666,0,2,0,0.0,2.0,1.0,1.0,A01
201500034666,0,7,0,0.0,2.0,8.0,24.0,B01
201500034667,0,7,0,0.0,1.0,3.0,1.0,A01
201500034668,0,30,0,2.0,0.0,1.0,1.0,A01
201500034669,0,7,0,0.0,2.0,4.0,1.0,C01
201500034669,0,7,0,0.0,2.0,1.0,1.0,A01
201500034669,0,7,0,0.0,2.0,4.0,1.0,B01
201500034670,0,7,0,0.0,2.0,2.0,1.0,A01
201500034670,0,7,0,0.0,2.0,1.0,1.0,B01
201500034671,0,7,0,0.0,1.0,2.0,16.0,A01
201500034672,0,7,0,0.0,2.0,4.0,1.0,B01
201500034672,0,7,0,0.0,2.0,1.0,1.0,A01
201500034673,0,7,0,0.0,2.0,4.0,1.0,C01
201500034673,0,7,0,0.0,2.0,4.0,1.0,B01
201500034673,0,7,0,0.0,2.0,1.0,1.0,A01
201500034674,0,2,0,0.0,2.0,1.0,1.0,A01
201500034674,0,7,0,0.0,2.0,3.0,1.0,B01
201500034675,0,7,0,0.0,1.0,3.0,1.0,A01
201500034676,0,7,0,0.0,2.0,3.0,1.0,A01
201500034676,0,1,0,0.0,2.0,1.0,19.0,B01
201500034677,0,7,0,0.0,1.0,2.0,1.0,A01
201500034678,0,7,0,0.0,1.0,2.0,0.0,A01
201500034679,0,7,0,0.0,2.0,4.0,1.0,C01
201500034679,0,7,0,0.0,2.0,1.0,1.0,A01
201500034679,0,7,0,0.0,2.0,4.0,1.0,B01
201500034680,0,7,0,0.0,2.0,4.0,1.0,B01
201500034680,0,7,0,0.0,2.0,1.0,1.0,A01
201500034681,0,37,1,0.0,1.0,1.0,1.0,A01
201500034682,0,1,0,0.0,2.0,1.0,1.0,B01
201500034682,0,7,0,0.0,2.0,3.0,15.0,A01
201500034683,0,7,0,0.0,1.0,2.0,1.0,A01
201500034684,0,7,0,0.0,2.0,4.0,1.0,B01
201500034684,0,7,0,0.0,2.0,1.0,1.0,A01
201500034685,0,33,0,0.0,2.0,1.0,15.0,B01
201500034685,0,7,0,0.0,2.0,2.0,15.0,A01
201500034686,0,7,0,0.0,1.0,1.0,1.0,A01
201500034687,0,7,0,0.0,2.0,7.0,1.0,A01
201500034687,0,33,0,0.0,2.0,1.0,1.0,B01
201500034687,0,7,0,0.0,2.0,3.0,0.0,C01
201500034688,0,7,0,0.0,1.0,3.0,1.0,A01
201500034689,0,10,0,0.0,2.0,3.0,15.0,A01
201500034689,0,2,0,0.0,2.0,1.0,15.0,B01
201500034690,0,7,0,0.0,2.0,8.0,10.0,A01
201500034690,0,37,2,0.0,2.0,2.0,1.0,B01
201500034691,0,7,0,0.0,2.0,5.0,1.0,B01
201500034691,0,2,0,0.0,2.0,1.0,1.0,A01
201500034692,0,7,0,0.0,2.0,2.0,15.0,A01
201500034692,0,1,0,0.0,2.0,1.0,1.0,B01
201500034693,0,7,0,0.0,2.0,2.0,1.0,A01
201500034693,0,7,0,0.0,2.0,4.0,23.0,B01
201500034694,0,33,0,0.0,2.0,1.0,17.0,A01
201500034694,0,10,0,0.0,2.0,4.0,15.0,B01
201500034695,0,7,0,4.0,0.0,9.0,1.0,A01
201500034696,0,7,0,0.0,2.0,7.0,15.0,A01
201500034696,0,2,0,0.0,2.0,1.0,1.0,B01
201500034697,0,7,0,0.0,2.0,3.0,15.0,A01
201500034697,0,1,0,0.0,2.0,1.0,1.0,B01
201500034698,0,7,0,0.0,2.0,1.0,1.0,A01
201500034698,0,7,0,0.0,2.0,4.0,1.0,B01
201500034698,0,7,0,0.0,2.0,4.0,1.0,C01
201500034699,1,2,0,0.0,1.0,0.0,0.0,A01
201500034700,0,7,0,0.0,2.0,3.0,9.0,A01
201500034700,0,1,0,0.0,2.0,1.0,1.0,B01
201500034701,0,7,0,0.0,2.0,1.0,1.0,B01
201500034701,0,7,0,0.0,2.0,7.0,15.0,A01
201500034702,0,7,0,0.0,2.0,7.0,1.0,A01
201500034702,0,7,0,0.0,2.0,1.0,1.0,B01
201500034703,0,7,0,0.0,2.0,1.0,1.0,A01
201500034703,0,7,0,0.0,2.0,4.0,1.0,B01
201500034704,0,10,0,0.0,2.0,1.0,1.0,A01
201500034704,0,7,0,0.0,2.0,4.0,23.0,B01
201500034705,0,10,0,0.0,1.0,3.0,15.0,A01
201500034706,0,7,0,0.0,2.0,7.0,15.0,A01
201500034706,0,2,0,0.0,2.0,1.0,1.0,B01
201500034707,0,2,0,0.0,2.0,1.0,1.0,B01
201500034707,0,7,0,0.0,2.0,2.0,15.0,A01
201500034708,1,2,0,0.0,1.0,0.0,0.0,A01
201500034709,0,7,0,0.0,1.0,4.0,20.0,A01
201500034710,0,33,0,12.0,0.0,1.0,1.0,A01
201500034711,0,1,0,0.0,1.0,1.0,17.0,A01
201500034712,0,7,0,0.0,1.0,2.0,1.0,A01
201500034713,1,7,0,0.0,1.0,1.0,1.0,A01
201500034714,0,7,0,0.0,2.0,3.0,1.0,B01
201500034714,0,7,0,0.0,2.0,2.0,1.0,A01
201500034715,0,7,0,0.0,1.0,3.0,1.0,A01
201500034716,0,2,0,0.0,2.0,1.0,8.0,A01
201500034716,0,37,1,0.0,2.0,3.0,8.0,B01
201500034717,0,10,0,0.0,2.0,3.0,15.0,A01
201500034717,0,2,0,0.0,2.0,1.0,0.0,B01
201500034718,0,7,0,0.0,2.0,7.0,15.0,A01
201500034718,0,7,0,0.0,2.0,1.0,1.0,B01
201500034719,0,7,0,0.0,1.0,2.0,1.0,A01
201500034720,0,2,0,0.0,2.0,7.0,17.0,A01
201500034720,0,7,0,0.0,2.0,3.0,1.0,B01
201500034721,0,7,0,0.0,2.0,1.0,1.0,B01
201500034721,0,30,0,0.0,2.0,2.0,15.0,A01
201500034722,0,33,0,0.0,2.0,1.0,1.0,B01
201500034722,0,7,0,0.0,2.0,6.0,10.0,A01
201500034723,0,7,0,0.0,2.0,6.0,1.0,A01
201500034723,0,2,0,0.0,2.0,1.0,8.0,B01
201500034724,0,2,0,0.0,1.0,1.0,1.0,A01
201500034725,0,7,0,0.0,1.0,2.0,15.0,A01
201500034726,0,7,0,0.0,1.0,7.0,1.0,A01
201500034727,0,7,0,0.0,2.0,1.0,13.0,A01
201500034727,0,7,0,0.0,2.0,3.0,1.0,B01
201500034728,0,7,0,0.0,2.0,2.0,17.0,A01
201500034728,0,7,0,0.0,2.0,3.0,1.0,B01
201500034729,0,7,0,0.0,2.0,3.0,1.0,B01
201500034729,0,2,0,0.0,2.0,7.0,1.0,A01
201500034730,0,7,0,0.0,2.0,1.0,1.0,B01
201500034730,0,33,0,0.0,2.0,1.0,13.0,A01
201500034731,0,2,0,0.0,2.0,1.0,1.0,B01
201500034731,0,7,0,0.0,2.0,3.0,15.0,A01
201500034732,0,7,0,0.0,2.0,2.0,1.0,A01
201500034732,0,7,0,0.0,2.0,8.0,1.0,B01
201500034733,0,7,0,0.0,2.0,3.0,1.0,B01
201500034733,0,2,0,0.0,2.0,1.0,13.0,A01
201500034734,0,7,0,0.0,2.0,2.0,1.0,A01
201500034734,0,7,0,0.0,2.0,7.0,24.0,B01
201500034735,0,7,0,0.0,2.0,1.0,1.0,A01
201500034735,0,7,0,0.0,2.0,1.0,1.0,B01
201500034735,0,7,0,0.0,2.0,4.0,1.0,C01
201500034736,0,2,0,0.0,0.0,0.0,1.0,A01
201500034737,0,7,0,0.0,2.0,1.0,9.0,A01
201500034737,0,7,0,0.0,2.0,2.0,1.0,B01
201500034738,0,7,0,0.0,1.0,1.0,1.0,A01
201500034739,0,7,0,0.0,2.0,4.0,1.0,A01
201500034739,0,1,0,0.0,2.0,1.0,1.0,B01
201500034740,0,7,0,8.0,0.0,1.0,14.0,A01
201500034741,0,7,0,0.0,2.0,1.0,15.0,A01
201500034741,0,7,0,0.0,2.0,1.0,1.0,B01
201500034741,0,7,0,0.0,2.0,1.0,1.0,C01
201500034742,0,7,0,0.0,1.0,4.0,4.0,A01
201500034743,0,7,0,0.0,2.0,1.0,1.0,A01
201500034743,0,7,0,0.0,2.0,4.0,23.0,B01
201500034744,0,2,0,0.0,2.0,1.0,15.0,A01
201500034744,0,7,0,0.0,2.0,3.0,15.0,B01
201500034745,0,1,0,0.0,2.0,1.0,1.0,A01
201500034745,0,7,0,0.0,2.0,3.0,15.0,B01
201500034746,2,7,0,0.0,2.0,8.0,13.0,A01
201500034746,0,2,0,0.0,2.0,7.0,1.0,B01
201500034747,0,7,0,0.0,2.0,8.0,10.0,A01
201500034747,0,33,0,0.0,2.0,1.0,1.0,B01
201500034748,0,7,0,0.0,2.0,3.0,15.0,A01
201500034748,0,2,0,0.0,2.0,3.0,1.0,B01
201500034749,0,7,0,0.0,2.0,2.0,15.0,A01
201500034749,0,7,0,0.0,2.0,8.0,1.0,B01
201500034750,0,2,0,0.0,1.0,1.0,1.0,A01
201500034751,0,33,0,0.0,2.0,2.0,1.0,A01
201500034751,0,7,0,0.0,2.0,1.0,1.0,B01
201500034752,0,2,0,0.0,2.0,1.0,1.0,A01
201500034752,2,7,0,0.0,2.0,3.0,0.0,B01
201500034753,0,7,0,0.0,2.0,1.0,1.0,A01
201500034753,0,7,0,0.0,2.0,4.0,1.0,B01
201500034753,0,7,0,0.0,2.0,4.0,1.0,C01
201500034754,0,7,0,0.0,1.0,2.0,1.0,A01
201500034755,1,7,0,0.0,2.0,2.0,15.0,A01
201500034755,0,1,0,0.0,2.0,7.0,19.0,B01
201500034756,0,7,0,0.0,2.0,2.0,10.0,A01
201500034756,0,2,0,0.0,2.0,1.0,1.0,B01
201500034757,0,7,0,0.0,2.0,3.0,1.0,A01
201500034757,0,7,0,0.0,2.0,7.0,1.0,B01
201500034758,0,2,0,0.0,2.0,8.0,1.0,A01
201500034758,0,7,0,0.0,2.0,2.0,15.0,B01
201500034759,0,7,0,0.0,2.0,1.0,15.0,A01
201500034759,0,7,0,0.0,2.0,3.0,1.0,B01
201500034760,0,7,0,0.0,2.0,2.0,1.0,B01
201500034760,0,2,0,0.0,2.0,1.0,1.0,A01
201500034761,0,15,0,0.0,2.0,2.0,0.0,A01
201500034761,0,7,0,0.0,2.0,8.0,0.0,B01
201500034761,0,7,0,0.0,2.0,3.0,0.0,C01
201500034762,0,7,0,0.0,2.0,2.0,15.0,A01
201500034762,0,33,0,0.0,2.0,0.0,1.0,B01
201500034763,0,7,0,0.0,1.0,3.0,1.0,A01
201500034764,0,7,0,0.0,1.0,1.0,1.0,A01
201500034765,0,7,0,0.0,2.0,5.0,5.0,A01
201500034765,0,7,0,0.0,2.0,7.0,1.0,B01
201500034766,0,7,0,0.0,9.0,3.0,1.0,A01
201500034766,0,1,0,0.0,2.0,8.0,0.0,B01
201500034767,0,7,0,0.0,1.0,2.0,1.0,A01
201500034768,0,7,0,0.0,9.0,1.0,15.0,A01
201500034768,0,1,0,0.0,2.0,6.0,1.0,B01
201500034769,0,7,0,0.0,1.0,3.0,1.0,A01
201500034770,0,2,0,0.0,2.0,8.0,1.0,A01
201500034770,1,15,0,0.0,2.0,7.0,17.0,Z01
201500034771,0,7,0,0.0,2.0,1.0,1.0,B01
201500034771,0,7,0,0.0,2.0,3.0,19.0,A01
201500034772,0,1,0,0.0,1.0,1.0,1.0,A01
201500034773,0,33,0,5.0,0.0,1.0,1.0,A01
201500034774,0,7,0,0.0,2.0,1.0,1.0,A01
201500034774,0,7,0,0.0,2.0,6.0,1.0,B01
201500034775,0,7,0,0.0,1.0,1.0,15.0,A01
201500034776,0,7,0,0.0,2.0,4.0,1.0,A01
201500034776,0,7,0,0.0,2.0,1.0,1.0,B01
201500034776,0,7,0,0.0,2.0,1.0,1.0,C01
201500034777,0,7,0,0.0,2.0,2.0,1.0,B01
201500034777,0,7,0,0.0,2.0,2.0,15.0,A01
201500034778,0,30,0,0.0,2.0,1.0,1.0,A01
201500034778,0,7,0,0.0,2.0,3.0,15.0,B01
201500034779,0,7,0,0.0,1.0,3.0,15.0,A01
201500034780,0,7,0,0.0,1.0,1.0,1.0,A01
201500034781,0,7,0,0.0,2.0,8.0,15.0,A01
201500034781,0,2,0,0.0,2.0,1.0,17.0,B01
201500034782,0,2,0,0.0,2.0,1.0,1.0,A01
201500034782,0,7,0,0.0,2.0,2.0,16.0,B01
201500034783,0,30,0,0.0,2.0,8.0,1.0,B01
201500034783,0,7,0,0.0,2.0,7.0,0.0,A01
201500034784,0,7,0,0.0,1.0,3.0,15.0,Z01
201500034785,0,7,0,0.0,2.0,1.0,15.0,B01
201500034785,0,31,0,0.0,2.0,7.0,1.0,A01
201500034786,0,1,0,0.0,2.0,1.0,1.0,B01
201500034786,0,7,0,0.0,2.0,7.0,15.0,A01
201500034787,0,7,0,0.0,2.0,1.0,1.0,A01
201500034787,0,7,0,0.0,2.0,4.0,23.0,B01
201500034788,0,7,0,0.0,2.0,2.0,15.0,A01
201500034788,0,7,0,0.0,2.0,1.0,1.0,B01
201500034789,0,7,0,0.0,1.0,7.0,1.0,A01
201500034790,0,7,0,0.0,0.0,0.0,1.0,A01
201500034791,0,2,0,0.0,2.0,1.0,1.0,B01
201500034791,0,7,0,0.0,2.0,1.0,15.0,A01
201500034792,0,7,0,0.0,2.0,7.0,15.0,B01
201500034792,0,7,0,0.0,2.0,1.0,9.0,A01
201500034793,0,7,0,0.0,2.0,8.0,1.0,B01
201500034793,0,7,0,0.0,2.0,1.0,1.0,A01
201500034794,0,7,0,12.0,2.0,1.0,1.0,A01
201500034794,0,7,0,0.0,2.0,1.0,0.0,B02
201500034795,0,7,0,0.0,1.0,1.0,1.0,A01
201500034796,0,7,0,0.0,1.0,4.0,4.0,A01
201500034797,1,7,0,0.0,2.0,1.0,9.0,B01
201500034797,0,1,0,0.0,2.0,4.0,1.0,A01
201500034798,0,7,0,0.0,1.0,2.0,1.0,A01
201500034799,0,7,0,11.0,0.0,1.0,1.0,A01
201500034800,0,7,0,0.0,2.0,1.0,1.0,A01
201500034800,0,7,0,0.0,2.0,4.0,1.0,B01
201500034801,0,2,0,0.0,2.0,7.0,16.0,B01
201500034801,0,7,0,0.0,2.0,7.0,15.0,A01
201500034802,0,7,0,0.0,2.0,7.0,16.0,A01
201500034802,0,1,0,0.0,2.0,1.0,1.0,B01
201500034803,0,37,1,0.0,2.0,3.0,1.0,B01
201500034803,0,7,0,0.0,2.0,7.0,16.0,A01
201500034804,0,7,0,0.0,2.0,1.0,1.0,A01
201500034804,0,7,0,0.0,1.0,4.0,1.0,B01
201500034805,0,2,0,0.0,9.0,1.0,3.0,A01
201500034805,0,1,0,0.0,2.0,7.0,19.0,B01
201500034806,0,7,0,0.0,2.0,1.0,1.0,A01
201500034806,0,7,0,0.0,2.0,1.0,1.0,B01
201500034806,0,7,0,0.0,2.0,4.0,1.0,C01
201500034807,0,2,0,0.0,2.0,1.0,1.0,A01
201500034807,0,7,0,0.0,2.0,6.0,1.0,B01
201500034808,0,7,0,0.0,2.0,3.0,15.0,B01
201500034808,0,7,0,0.0,2.0,2.0,1.0,A01
201500034809,0,7,0,0.0,1.0,1.0,1.0,A01
201500034810,0,7,0,0.0,2.0,1.0,15.0,A01
201500034810,0,31,0,0.0,2.0,3.0,1.0,B01
201500034811,0,7,0,0.0,2.0,3.0,15.0,B01
201500034811,0,33,0,0.0,2.0,1.0,1.0,A01
201500034812,0,33,0,0.0,2.0,1.0,17.0,A01
201500034812,0,10,0,0.0,2.0,6.0,17.0,B01
201500034813,0,7,0,0.0,1.0,1.0,1.0,A01
201500034814,0,7,0,0.0,2.0,1.0,15.0,A01
201500034814,0,7,0,0.0,2.0,8.0,16.0,B01
201500034815,0,7,0,0.0,2.0,1.0,1.0,B01
201500034815,0,7,0,0.0,2.0,2.0,15.0,A01
201500034816,1,7,0,0.0,1.0,1.0,1.0,A01
201500034817,0,7,0,0.0,2.0,1.0,17.0,A01
201500034817,0,7,0,0.0,2.0,1.0,1.0,B01
201500034818,0,7,0,0.0,1.0,2.0,1.0,A01
201500034819,0,7,0,0.0,2.0,3.0,9.0,B01
201500034819,0,7,0,0.0,2.0,3.0,9.0,A01
201500034820,0,7,0,0.0,2.0,4.0,4.0,A01
201500034820,0,7,0,0.0,2.0,8.0,1.0,B01
201500034821,0,7,0,0.0,1.0,3.0,1.0,A01
201500034822,0,7,0,0.0,2.0,1.0,17.0,A01
201500034822,0,7,0,0.0,2.0,8.0,15.0,B01
201500034823,0,7,0,0.0,2.0,1.0,15.0,B01
201500034823,0,2,0,0.0,2.0,3.0,1.0,A01
201500034824,0,7,0,0.0,1.0,2.0,1.0,A01
201500034825,0,7,0,0.0,2.0,2.0,15.0,A01
201500034825,0,7,0,0.0,2.0,8.0,1.0,B01
201500034826,0,10,0,0.0,2.0,1.0,15.0,B01
201500034826,0,7,0,0.0,2.0,7.0,1.0,A01
201500034827,0,2,0,0.0,2.0,7.0,0.0,A01
201500034827,0,7,0,0.0,2.0,3.0,1.0,B01
201500034828,0,7,0,0.0,2.0,1.0,15.0,A01
201500034828,0,7,0,0.0,2.0,3.0,1.0,B01
201500034829,0,3,0,0.0,2.0,1.0,13.0,A01
201500034829,0,7,0,0.0,2.0,7.0,0.0,B01
201500034830,0,2,0,0.0,2.0,1.0,1.0,A01
201500034830,0,7,0,0.0,2.0,2.0,1.0,B01
201500034831,0,1,0,0.0,2.0,1.0,5.0,A01
201500034831,0,7,0,0.0,9.0,1.0,16.0,B01
201500034832,0,7,0,0.0,2.0,1.0,15.0,A01
201500034832,0,7,0,0.0,2.0,8.0,1.0,B01
201500034833,0,7,0,0.0,1.0,1.0,1.0,A01
201500034834,0,7,0,0.0,1.0,1.0,1.0,A01
201500034835,0,7,0,0.0,1.0,3.0,1.0,A01
201500034836,0,3,0,0.0,1.0,1.0,1.0,A01
201500034837,0,7,0,0.0,2.0,1.0,1.0,A01
201500034837,0,7,0,0.0,2.0,4.0,1.0,B01
201500034838,0,37,1,0.0,2.0,2.0,21.0,A01
201500034838,0,7,0,0.0,2.0,1.0,20.0,B01
201500034839,0,7,0,0.0,1.0,1.0,1.0,A01
201500034840,0,33,0,0.0,2.0,2.0,1.0,A01
201500034840,0,7,0,0.0,2.0,3.0,16.0,B01
201500034841,0,7,0,0.0,2.0,1.0,1.0,A01
201500034841,0,7,0,0.0,2.0,4.0,1.0,B01
201500034842,0,7,0,0.0,2.0,2.0,9.0,A01
201500034842,0,1,0,0.0,2.0,1.0,5.0,B01
201500034843,1,33,0,0.0,1.0,0.0,0.0,A01
201500034844,0,7,0,0.0,1.0,1.0,1.0,A01
201500034845,0,10,0,0.0,1.0,8.0,1.0,A01
201500034846,0,1,0,0.0,2.0,3.0,1.0,A01
201500034846,0,37,1,0.0,2.0,7.0,1.0,B01
201500034847,0,7,0,0.0,1.0,2.0,1.0,A01
201500034848,0,33,0,0.0,0.0,7.0,1.0,A01
201500034848,0,33,0,0.0,0.0,7.0,1.0,B01
201500034849,0,33,0,0.0,2.0,1.0,1.0,A01
201500034849,0,7,0,0.0,2.0,3.0,15.0,B01
201500034850,0,7,0,0.0,9.0,1.0,15.0,A01
201500034851,0,7,0,0.0,1.0,2.0,1.0,A01
201500034852,0,7,0,0.0,2.0,7.0,1.0,A01
201500034852,0,7,0,0.0,2.0,1.0,1.0,B01
201500034853,0,33,0,0.0,0.0,7.0,1.0,A01
201500034854,0,7,0,0.0,1.0,3.0,1.0,A01
201500034855,0,7,0,0.0,1.0,0.0,0.0,A01
201500034856,0,1,0,0.0,2.0,1.0,21.0,B01
201500034856,0,7,0,0.0,2.0,1.0,9.0,A01
201500034857,0,7,0,0.0,2.0,3.0,15.0,A01
201500034857,0,2,0,0.0,2.0,1.0,1.0,B01
201500034857,0,7,0,0.0,2.0,3.0,1.0,C01
201500034858,0,7,0,0.0,9.0,8.0,22.0,A01
201500034858,0,1,0,1.0,0.0,1.0,21.0,B01
201500034859,0,33,0,0.0,2.0,2.0,17.0,A01
201500034859,0,7,0,0.0,2.0,3.0,15.0,B01
201500034860,0,7,0,0.0,1.0,1.0,1.0,A01
201500034861,0,7,0,0.0,2.0,8.0,1.0,B01
201500034861,0,7,0,0.0,2.0,3.0,1.0,C01
201500034861,0,7,0,0.0,2.0,3.0,13.0,A01
201500034862,0,7,0,0.0,2.0,8.0,19.0,A01
201500034862,0,13,0,0.0,2.0,1.0,1.0,B01
201500034863,0,7,0,0.0,2.0,3.0,9.0,A01
201500034863,0,2,0,0.0,2.0,2.0,0.0,B01
201500034864,0,7,0,0.0,1.0,1.0,1.0,A01
201500034865,0,2,0,0.0,2.0,1.0,1.0,B01
201500034865,0,7,0,0.0,2.0,3.0,9.0,A01
201500034866,0,7,0,0.0,2.0,8.0,15.0,A01
201500034866,0,7,0,0.0,2.0,1.0,1.0,B01
201500034867,0,7,0,0.0,2.0,3.0,13.0,A01
201500034867,0,7,0,0.0,2.0,3.0,1.0,B01
201500034868,0,7,0,0.0,2.0,3.0,1.0,A01
201500034868,0,2,0,0.0,2.0,1.0,1.0,B01
201500034869,0,38,3,0.0,2.0,1.0,1.0,B01
201500034869,0,7,0,0.0,2.0,1.0,13.0,A01
201500034870,0,7,0,15.0,1.0,4.0,4.0,A01
201500034871,0,7,0,2.0,0.0,3.0,5.0,A01
201500034872,0,7,0,0.0,1.0,7.0,1.0,A01
201500034873,0,7,0,0.0,2.0,2.0,15.0,A01
201500034873,0,34,0,0.0,2.0,1.0,1.0,B01
201500034874,0,10,0,0.0,2.0,1.0,13.0,A01
201500034874,0,7,0,0.0,2.0,8.0,1.0,B01
201500034874,0,7,0,0.0,2.0,2.0,1.0,C01
201500034875,0,7,0,8.0,0.0,1.0,19.0,A01
201500034876,0,2,0,0.0,2.0,1.0,2.0,A01
201500034876,0,7,0,0.0,2.0,4.0,23.0,B01
201500034877,0,7,0,0.0,2.0,7.0,15.0,A01
201500034877,0,1,0,0.0,2.0,1.0,1.0,B01
201500034878,0,33,0,16.0,0.0,9.0,12.0,A01
201500034879,0,7,0,0.0,2.0,1.0,1.0,B01
201500034879,0,7,0,0.0,2.0,7.0,19.0,A01
201500034880,0,7,0,0.0,1.0,1.0,1.0,A01
201500034881,0,7,0,0.0,2.0,8.0,23.0,B01
201500034881,0,7,0,0.0,2.0,3.0,16.0,A01
201500034882,0,7,0,0.0,1.0,6.0,4.0,A01
201500034883,0,7,0,0.0,1.0,1.0,1.0,A01
201500034884,0,7,0,0.0,2.0,3.0,15.0,A01
201500034884,0,7,0,0.0,2.0,3.0,1.0,B01
201500034885,0,7,0,0.0,1.0,1.0,16.0,A01
201500034886,0,2,0,0.0,2.0,1.0,1.0,B01
201500034886,0,7,0,0.0,2.0,2.0,15.0,A01
201500034887,0,7,0,0.0,2.0,1.0,0.0,B01
201500034887,0,33,0,0.0,2.0,1.0,0.0,A01
201500034888,0,2,0,0.0,2.0,1.0,1.0,A01
201500034888,0,7,0,0.0,2.0,8.0,15.0,B01
201500034889,0,7,0,0.0,2.0,5.0,16.0,B01
201500034889,0,33,0,0.0,2.0,1.0,1.0,A01
201500034890,0,7,0,0.0,2.0,3.0,15.0,B01
201500034890,0,2,0,0.0,2.0,1.0,1.0,A01
201500034891,0,7,0,0.0,2.0,7.0,1.0,A01
201500034891,0,2,0,0.0,2.0,1.0,1.0,B01
201500034892,0,7,0,0.0,2.0,1.0,0.0,B01
201500034892,0,2,0,0.0,2.0,1.0,0.0,A01
201500034893,0,7,0,0.0,2.0,3.0,5.0,A01
201500034893,0,7,0,0.0,2.0,3.0,1.0,B01
201500034894,1,7,0,0.0,2.0,2.0,0.0,A01
201500034894,0,2,0,0.0,2.0,7.0,1.0,B01
201500034895,0,7,0,1.0,0.0,0.0,0.0,A01
201500034895,0,20,0,0.0,2.0,6.0,23.0,B01
201500034896,0,7,0,0.0,0.0,4.0,2.0,A01
201500034896,0,1,0,0.0,2.0,5.0,2.0,B01
201500034897,0,33,0,14.0,0.0,1.0,1.0,A01
201500034898,0,7,0,0.0,9.0,3.0,2.0,A01
201500034898,0,21,0,0.0,0.0,4.0,2.0,B01
201500034899,0,7,0,0.0,2.0,3.0,10.0,A01
201500034899,0,7,0,0.0,2.0,1.0,1.0,B01
201500034900,0,7,0,0.0,2.0,2.0,15.0,A01
201500034900,0,33,0,0.0,2.0,1.0,5.0,B01
201500034901,0,7,0,2.0,0.0,7.0,1.0,A01
201500034902,0,7,0,2.0,0.0,8.0,1.0,A01
201500034903,0,7,0,0.0,9.0,0.0,1.0,A01
201500034904,0,7,0,0.0,2.0,1.0,2.0,A01
201500034904,0,7,0,0.0,1.0,1.0,23.0,B01
201500034905,0,7,0,0.0,1.0,2.0,1.0,A01
201500034906,0,33,0,15.0,0.0,1.0,1.0,A01
201500034907,0,3,0,0.0,1.0,1.0,1.0,A01
201500034908,0,1,0,0.0,2.0,1.0,1.0,B01
201500034908,0,7,0,0.0,2.0,3.0,19.0,A01
201500034909,0,7,0,0.0,2.0,9.0,1.0,B01
201500034909,0,7,0,0.0,2.0,1.0,1.0,C01
201500034909,0,7,0,0.0,2.0,1.0,1.0,A01
201500034910,0,7,0,0.0,2.0,2.0,10.0,A01
201500034910,0,30,0,6.0,2.0,1.0,1.0,B01
201500034911,0,7,0,0.0,2.0,3.0,2.0,A01
201500034911,0,7,0,0.0,2.0,9.0,1.0,B01
201500034911,0,7,0,6.0,2.0,9.0,14.0,C01
201500034912,0,7,0,0.0,2.0,3.0,19.0,A01
201500034912,0,30,0,0.0,2.0,7.0,1.0,B01
201500034913,0,7,0,13.0,0.0,1.0,14.0,A01
201500034914,0,7,0,0.0,1.0,4.0,4.0,A01
201500034915,0,37,0,0.0,1.0,2.0,16.0,A01
201500034916,0,7,0,0.0,2.0,1.0,19.0,A01
201500034916,0,1,0,11.0,2.0,8.0,1.0,B01
201500034917,0,7,0,0.0,2.0,3.0,15.0,A01
201500034917,0,1,0,0.0,2.0,1.0,1.0,B01
201500034918,0,7,0,0.0,2.0,3.0,1.0,A01
201500034918,0,7,0,0.0,2.0,5.0,15.0,B01
201500034918,0,7,0,12.0,2.0,3.0,1.0,C01
201500034919,0,31,0,0.0,2.0,7.0,1.0,A01
201500034919,0,7,0,0.0,2.0,3.0,16.0,B01
201500034920,0,7,0,0.0,2.0,2.0,1.0,A01
201500034920,0,7,0,0.0,2.0,2.0,1.0,B01
201500034921,0,7,0,0.0,2.0,4.0,1.0,A01
201500034921,1,7,0,0.0,2.0,1.0,2.0,Z01
201500034922,0,7,0,8.0,0.0,7.0,13.0,A01
201500034923,0,7,0,12.0,1.0,3.0,1.0,A01
201500034924,0,33,0,0.0,2.0,1.0,1.0,B01
201500034924,0,7,0,0.0,2.0,5.0,19.0,A01
201500034925,0,7,0,3.0,0.0,9.0,1.0,A01
201500034926,0,7,0,0.0,1.0,1.0,21.0,A01
201500034927,0,7,0,3.0,0.0,3.0,13.0,A01
201500034928,0,7,0,0.0,2.0,8.0,1.0,B01
201500034928,0,7,0,11.0,2.0,1.0,19.0,A01
201500034929,0,7,0,0.0,2.0,2.0,19.0,B01