Num_Acc,senc,catv,occutc,obs,obsm,choc,manv,num_veh
201500034929,0,7,0,0.0,2.0,8.0,19.0,A01
201500034930,0,7,0,13.0,0.0,9.0,19.0,A01
201500034931,0,7,0,13.0,2.0,1.0,13.0,A01
201500034931,0,7,0,13.0,2.0,1.0,1.0,B01
201500034932,0,7,0,0.0,2.0,1.0,13.0,A01
201500034932,0,7,0,6.0,2.0,3.0,13.0,B01
201500034933,0,7,0,0.0,2.0,2.0,1.0,A01
201500034933,0,1,0,0.0,2.0,1.0,1.0,B01
201500034934,0,7,0,0.0,1.0,8.0,1.0,A01
201500034935,0,7,0,0.0,2.0,2.0,19.0,A01
201500034935,0,7,0,0.0,2.0,1.0,1.0,B01
201500034936,0,7,0,6.0,0.0,1.0,13.0,A01
201500034937,0,37,0,0.0,0.0,0.0,1.0,A01
201500034937,0,1,0,0.0,0.0,0.0,0.0,B01
201500034938,0,10,0,0.0,2.0,1.0,1.0,B01
201500034938,0,33,0,4.0,2.0,8.0,13.0,A01
201500034939,0,7,0,0.0,1.0,1.0,1.0,A01
201500034940,0,7,0,2.0,0.0,7.0,13.0,A01
201500034941,0,7,0,6.0,2.0,8.0,1.0,B01
201500034941,0,7,0,0.0,2.0,1.0,19.0,A01
201500034942,0,7,0,0.0,2.0,3.0,13.0,A01
201500034942,0,17,0,0.0,2.0,3.0,1.0,B01
201500034943,0,7,0,8.0,0.0,1.0,13.0,A01
201500034944,0,10,0,0.0,2.0,3.0,15.0,A01
201500034944,0,2,0,0.0,2.0,1.0,1.0,B01
201500034945,0,7,0,0.0,2.0,1.0,2.0,A01
201500034945,0,7,0,0.0,2.0,4.0,2.0,B01
201500034946,0,7,0,0.0,2.0,1.0,19.0,A01
201500034946,0,7,0,0.0,2.0,7.0,1.0,B01
201500034947,0,7,0,0.0,2.0,3.0,13.0,A01
201500034947,0,10,0,0.0,2.0,3.0,1.0,B01
201500034948,0,33,0,0.0,2.0,1.0,1.0,A01
201500034948,0,7,0,0.0,2.0,5.0,15.0,B01
201500034949,0,7,0,0.0,2.0,1.0,15.0,A01
201500034949,0,33,0,0.0,2.0,1.0,1.0,B01
201500034950,0,7,0,0.0,2.0,1.0,1.0,B01
201500034950,0,7,0,0.0,2.0,8.0,1.0,A01
201500034951,0,7,0,0.0,2.0,3.0,19.0,A01
201500034951,0,30,0,0.0,2.0,1.0,17.0,B01
201500034952,0,7,0,13.0,0.0,0.0,13.0,A01
201500034953,0,7,0,2.0,0.0,9.0,13.0,A01
201500034954,0,7,0,0.0,2.0,3.0,19.0,A01
201500034954,0,34,0,0.0,2.0,7.0,17.0,B01
201500034955,0,7,0,0.0,2.0,7.0,15.0,A01
201500034955,0,7,0,0.0,2.0,2.0,1.0,B01
201500034956,0,7,0,0.0,2.0,7.0,19.0,A01
201500034956,0,30,0,0.0,2.0,1.0,1.0,B01
201500034957,0,7,0,0.0,2.0,0.0,1.0,A01
201500034957,0,1,0,0.0,0.0,4.0,1.0,B01
201500034958,0,7,0,0.0,2.0,7.0,15.0,A01
201500034958,0,1,0,0.0,2.0,1.0,1.0,B01
201500034959,0,7,0,0.0,0.0,3.0,13.0,A01
201500034959,0,10,0,0.0,2.0,6.0,1.0,B01
201500034960,0,7,0,3.0,2.0,1.0,13.0,A01
201500034960,0,7,0,0.0,2.0,1.0,1.0,B01
201500034961,0,7,0,0.0,1.0,3.0,15.0,A01
201500034962,0,7,0,0.0,2.0,2.0,1.0,B01
201500034962,0,7,0,0.0,2.0,3.0,1.0,A01
201500034963,0,38,1,0.0,1.0,2.0,1.0,A01
201500034964,0,7,0,0.0,1.0,2.0,1.0,A01
201500034965,0,33,0,0.0,2.0,1.0,17.0,B01
201500034965,0,7,0,0.0,2.0,1.0,15.0,A01
201500034966,0,33,0,13.0,0.0,1.0,1.0,A01
201500034967,0,7,0,0.0,1.0,1.0,0.0,A01
201500034968,0,7,0,0.0,2.0,0.0,0.0,A01
201500034969,0,34,0,0.0,2.0,1.0,21.0,B01
201500034969,0,7,0,0.0,2.0,1.0,9.0,A01
201500034970,0,7,0,0.0,2.0,3.0,9.0,A01
201500034970,0,2,0,0.0,2.0,1.0,1.0,B01
201500034971,0,7,0,0.0,0.0,4.0,17.0,A01
201500034971,0,33,0,14.0,2.0,1.0,2.0,B01
201500034972,1,7,0,0.0,1.0,0.0,0.0,Z01
201500034973,0,33,0,0.0,2.0,1.0,1.0,B01
201500034973,0,7,0,0.0,2.0,2.0,10.0,A01
201500034974,0,2,0,0.0,1.0,1.0,0.0,A01
201500034975,0,33,0,0.0,2.0,1.0,1.0,B01
201500034975,0,7,0,0.0,9.0,7.0,15.0,A01
201500034975,0,7,0,0.0,2.0,3.0,1.0,C01
201500034976,0,7,0,15.0,0.0,3.0,13.0,A01
201500034977,0,33,0,0.0,2.0,1.0,2.0,A01
201500034977,0,7,0,0.0,2.0,8.0,0.0,B01
201500034978,0,7,0,0.0,2.0,3.0,23.0,B01
201500034978,0,7,0,0.0,2.0,2.0,14.0,A01
201500034979,0,10,0,0.0,1.0,2.0,6.0,A01
201500034980,1,7,0,0.0,1.0,2.0,2.0,X01
201500034981,0,7,0,0.0,2.0,2.0,17.0,A01
201500034981,0,14,0,0.0,2.0,6.0,23.0,B01
201500034982,0,7,0,0.0,1.0,2.0,1.0,A01
201500034983,0,7,0,0.0,0.0,3.0,1.0,B01
201500034983,0,32,0,0.0,0.0,3.0,1.0,A01
201500034984,0,7,0,0.0,1.0,1.0,2.0,A01
201500034985,0,7,0,0.0,2.0,1.0,17.0,A01
201500034985,0,33,0,0.0,2.0,1.0,1.0,C01
201500034985,0,7,0,0.0,9.0,2.0,1.0,B01
201500034986,0,7,0,0.0,2.0,1.0,1.0,B01
201500034986,0,7,0,0.0,2.0,1.0,9.0,A01
201500034987,0,7,0,0.0,2.0,3.0,0.0,C01
201500034987,0,7,0,0.0,2.0,1.0,13.0,A01
201500034987,0,7,0,0.0,2.0,8.0,0.0,B01
201500034988,0,7,0,0.0,2.0,3.0,1.0,B01
201500034988,0,2,0,0.0,2.0,8.0,9.0,A01
201500034989,0,7,0,0.0,2.0,1.0,1.0,B01
201500034989,0,7,0,0.0,2.0,1.0,15.0,A01
201500034990,0,2,0,0.0,0.0,0.0,1.0,A01
201500034990,0,7,0,0.0,0.0,0.0,1.0,B01
201500034991,0,33,0,0.0,0.0,0.0,0.0,B01
201500034991,0,7,0,0.0,0.0,0.0,0.0,A01
201500034992,0,33,0,0.0,0.0,0.0,0.0,B01
201500034992,0,7,0,0.0,0.0,0.0,0.0,A01
201500034993,0,34,0,8.0,1.0,1.0,0.0,A01
201500034994,0,7,0,0.0,2.0,3.0,1.0,A01
201500034994,0,7,0,0.0,2.0,1.0,15.0,B01
201500034995,0,10,0,0.0,1.0,2.0,1.0,A01
201500034996,0,7,0,0.0,2.0,3.0,15.0,B01
201500034996,0,2,0,0.0,2.0,1.0,17.0,A01
201500034997,0,7,0,0.0,2.0,8.0,15.0,A01
201500034997,0,34,0,0.0,2.0,1.0,1.0,B01
201500034998,0,7,0,0.0,2.0,1.0,2.0,A01
201500034998,0,10,0,0.0,2.0,4.0,2.0,B01
201500034999,0,33,0,0.0,1.0,1.0,17.0,A01
201500035000,0,36,0,0.0,1.0,1.0,2.0,A01
201500035001,0,33,0,0.0,2.0,1.0,1.0,B01
201500035001,0,7,0,0.0,2.0,1.0,1.0,A01
201500035002,0,7,0,0.0,1.0,4.0,4.0,A01
201500035003,0,33,0,0.0,2.0,1.0,9.0,B01
201500035003,0,7,0,0.0,2.0,8.0,9.0,A01
201500035004,0,7,0,0.0,1.0,6.0,4.0,A01
201500035005,0,7,0,0.0,1.0,2.0,1.0,A01
201500035006,0,7,0,2.0,0.0,1.0,14.0,A01
201500035007,0,7,0,0.0,2.0,1.0,1.0,B01
201500035007,0,1,0,0.0,2.0,8.0,19.0,A01
201500035008,0,10,0,0.0,2.0,2.0,2.0,B01
201500035008,0,32,0,0.0,2.0,4.0,2.0,A01
201500035009,0,7,0,0.0,1.0,3.0,1.0,A01
201500035010,0,1,0,0.0,2.0,1.0,9.0,B01
201500035010,0,7,0,0.0,9.0,3.0,1.0,A01
201500035011,0,7,0,0.0,2.0,0.0,2.0,A01
201500035011,0,2,0,0.0,2.0,8.0,13.0,B01
201500035012,0,33,0,0.0,2.0,1.0,13.0,A01
201500035012,0,10,0,0.0,2.0,2.0,1.0,B01
201500035013,0,36,0,0.0,2.0,1.0,13.0,B01
201500035013,0,7,0,0.0,2.0,1.0,1.0,A01
201500035014,0,7,0,0.0,2.0,1.0,1.0,A01
201500035014,0,34,0,0.0,2.0,8.0,1.0,B01
201500035015,0,33,0,0.0,2.0,1.0,13.0,B01
201500035015,0,7,0,0.0,2.0,3.0,0.0,A01
201500035016,0,7,0,0.0,2.0,1.0,1.0,C01
201500035016,0,7,0,0.0,2.0,1.0,13.0,A01
201500035016,0,7,0,0.0,2.0,6.0,1.0,B01
201500035017,0,14,0,0.0,1.0,6.0,4.0,A01
201500035018,0,7,0,0.0,2.0,3.0,15.0,A01
201500035018,0,34,0,0.0,2.0,7.0,16.0,B01
201500035019,0,7,0,0.0,2.0,1.0,16.0,A01
201500035019,0,1,0,0.0,2.0,8.0,1.0,B01
201500035020,0,33,0,0.0,2.0,1.0,17.0,A01
201500035020,0,7,0,0.0,2.0,3.0,9.0,B01
201500035021,0,7,0,0.0,1.0,7.0,0.0,A01
201500035022,0,7,0,1.0,1.0,2.0,14.0,A01
201500035023,0,33,0,0.0,2.0,2.0,17.0,A01
201500035023,0,7,0,0.0,2.0,8.0,15.0,B01
201500035024,0,33,0,10.0,0.0,8.0,13.0,A01
201500035025,0,34,0,0.0,1.0,1.0,1.0,A01
201500035026,0,7,0,0.0,2.0,3.0,19.0,A01
201500035026,0,34,0,0.0,2.0,1.0,1.0,B01
201500035027,0,30,0,0.0,2.0,3.0,1.0,A01
201500035027,0,30,0,0.0,2.0,0.0,1.0,B01
201500035028,0,1,0,0.0,2.0,3.0,19.0,B01
201500035028,0,33,0,0.0,2.0,2.0,17.0,A01
201500035029,0,31,0,0.0,2.0,1.0,13.0,A01
201500035029,0,7,0,0.0,2.0,3.0,1.0,B01
201500035030,0,33,0,0.0,2.0,1.0,2.0,A01
201500035030,0,7,0,0.0,2.0,6.0,2.0,B01
201500035031,0,10,0,0.0,1.0,5.0,1.0,A01
201500035032,0,7,0,0.0,1.0,6.0,4.0,A01
201500035033,0,32,0,0.0,2.0,2.0,3.0,A01
201500035033,0,7,0,0.0,2.0,8.0,15.0,B01
201500035034,0,7,0,0.0,1.0,1.0,9.0,A01
201500035035,0,30,0,0.0,2.0,1.0,1.0,B01
201500035035,0,7,0,0.0,2.0,3.0,15.0,A01
201500035036,0,33,0,0.0,9.0,0.0,17.0,B01
201500035036,0,1,0,5.0,0.0,2.0,1.0,A01
201500035037,0,7,0,0.0,1.0,1.0,2.0,A01
201500035038,0,10,0,0.0,2.0,1.0,1.0,C01
201500035038,0,7,0,0.0,2.0,6.0,2.0,B01
201500035038,0,10,0,0.0,2.0,1.0,21.0,A01
201500035039,0,7,0,0.0,0.0,8.0,15.0,B01
201500035039,0,30,0,0.0,2.0,1.0,17.0,A01
201500035040,1,7,0,0.0,1.0,1.0,1.0,A01
201500035041,0,10,0,0.0,2.0,4.0,4.0,A01
201500035041,0,1,0,0.0,0.0,0.0,0.0,B01
201500035042,0,7,0,14.0,1.0,1.0,1.0,A01
201500035043,0,7,0,0.0,1.0,1.0,1.0,A01
201500035044,0,7,0,0.0,1.0,7.0,0.0,A01
201500035045,0,7,0,0.0,1.0,1.0,1.0,A01
201500035046,0,34,0,0.0,0.0,0.0,1.0,A01
201500035046,0,7,0,0.0,0.0,0.0,20.0,B01
201500035047,0,7,0,0.0,2.0,1.0,1.0,B01
201500035047,0,7,0,0.0,0.0,6.0,2.0,A01
201500035048,0,33,0,0.0,2.0,1.0,13.0,A01
201500035048,0,7,0,0.0,9.0,8.0,1.0,C01
201500035048,0,7,0,0.0,2.0,3.0,1.0,B01
201500035049,0,10,0,0.0,2.0,5.0,19.0,A01
201500035049,0,33,0,0.0,2.0,7.0,1.0,B01
201500035050,0,7,0,0.0,2.0,6.0,5.0,A01
201500035050,0,33,0,0.0,2.0,1.0,1.0,B01
201500035051,0,7,0,0.0,1.0,4.0,4.0,A01
201500035052,0,7,0,12.0,0.0,0.0,1.0,A01
201500035053,0,7,0,0.0,9.0,0.0,0.0,B01
201500035053,0,1,0,0.0,2.0,7.0,19.0,A01
201500035054,0,7,0,0.0,1.0,1.0,15.0,A01
201500035055,0,7,0,0.0,0.0,6.0,23.0,B01
201500035055,0,7,0,14.0,0.0,1.0,2.0,A01
201500035056,0,7,0,0.0,2.0,7.0,10.0,A01
201500035056,0,7,0,0.0,2.0,1.0,1.0,B01
201500035057,0,7,0,0.0,2.0,4.0,23.0,B01
201500035057,0,7,0,0.0,2.0,1.0,2.0,A01
201500035058,0,7,0,13.0,0.0,2.0,1.0,A01
201500035059,0,30,0,0.0,2.0,1.0,1.0,A01
201500035059,1,7,0,0.0,2.0,0.0,15.0,B01
201500035060,0,30,0,0.0,2.0,1.0,1.0,B01
201500035060,0,7,0,0.0,2.0,1.0,15.0,A01
201500035061,0,7,0,0.0,2.0,1.0,0.0,A01
201500035061,0,7,0,0.0,2.0,3.0,1.0,B01
201500035062,0,7,0,0.0,0.0,7.0,0.0,A01
201500035062,0,30,0,0.0,2.0,3.0,0.0,B01
201500035063,0,7,0,0.0,2.0,4.0,2.0,C01
201500035063,0,7,0,0.0,2.0,1.0,2.0,B01
201500035063,0,7,0,0.0,2.0,1.0,2.0,A01
201500035064,0,7,0,6.0,0.0,1.0,16.0,A01
201500035065,0,7,0,0.0,2.0,1.0,1.0,B01
201500035065,0,7,0,0.0,2.0,1.0,13.0,A01
201500035066,0,7,0,0.0,1.0,1.0,1.0,A01
201500035067,0,7,0,0.0,2.0,3.0,13.0,A01
201500035067,0,7,0,0.0,2.0,1.0,1.0,C01
201500035067,0,7,0,0.0,2.0,3.0,1.0,B01
201500035068,0,30,0,0.0,2.0,1.0,2.0,A01
201500035068,0,7,0,0.0,2.0,6.0,1.0,B01
201500035069,0,7,0,0.0,1.0,2.0,2.0,A01
201500035070,0,2,0,0.0,0.0,0.0,1.0,A01
201500035071,0,7,0,3.0,0.0,2.0,1.0,A01
201500035072,0,7,0,0.0,1.0,3.0,19.0,A01
201500035073,0,7,0,2.0,0.0,0.0,0.0,A01
201500035074,0,7,0,1.0,0.0,3.0,1.0,A01
201500035074,0,7,0,1.0,0.0,5.0,0.0,B01
201500035075,0,7,0,0.0,2.0,1.0,2.0,D01
201500035075,0,1,0,0.0,2.0,8.0,1.0,B01
201500035075,0,7,0,0.0,2.0,0.0,5.0,C01
201500035075,0,7,0,0.0,2.0,1.0,5.0,A01
201500035076,0,7,0,1.0,0.0,2.0,14.0,A01
201500035077,0,7,0,0.0,2.0,1.0,2.0,A01
201500035077,0,1,0,0.0,2.0,4.0,2.0,B01
201500035078,0,37,1,0.0,1.0,0.0,0.0,A01
201500035079,0,7,0,0.0,2.0,1.0,2.0,B01
201500035079,0,37,0,0.0,2.0,1.0,2.0,A01
201500035080,0,7,0,0.0,1.0,3.0,1.0,A01
201500035081,0,2,0,0.0,2.0,1.0,1.0,B01
201500035081,0,7,0,0.0,2.0,2.0,15.0,A01
201500035082,0,7,0,0.0,2.0,8.0,19.0,A01
201500035082,0,2,0,0.0,2.0,1.0,1.0,B01
201500035083,0,7,0,0.0,2.0,3.0,13.0,A01
201500035083,0,33,0,0.0,2.0,1.0,1.0,B01
201500035084,0,7,0,0.0,0.0,3.0,1.0,A01
201500035084,0,1,0,0.0,0.0,4.0,1.0,B01
201500035085,0,7,0,0.0,2.0,2.0,5.0,A01
201500035085,0,7,0,0.0,2.0,2.0,2.0,B01
201500035086,0,7,0,0.0,2.0,3.0,1.0,B01
201500035086,0,7,0,0.0,2.0,3.0,0.0,A01
201500035087,0,33,0,0.0,2.0,6.0,1.0,A01
201500035087,0,7,0,0.0,2.0,3.0,9.0,B01
201500035088,0,1,0,0.0,2.0,4.0,1.0,B01
201500035088,0,7,0,0.0,2.0,3.0,9.0,A01
201500035089,0,2,0,14.0,0.0,1.0,0.0,A01
201500035090,0,2,0,0.0,2.0,1.0,5.0,A01
201500035090,0,7,0,0.0,2.0,1.0,1.0,B01
201500035091,0,33,0,0.0,9.0,1.0,2.0,A01
201500035091,0,1,0,0.0,9.0,0.0,2.0,B01
201500035092,0,7,0,0.0,1.0,2.0,0.0,A01
201500035093,0,10,0,4.0,0.0,0.0,1.0,A01
201500035094,0,7,0,0.0,1.0,2.0,1.0,A01
201500035095,0,2,0,2.0,0.0,1.0,1.0,A01
201500035096,0,32,0,0.0,0.0,1.0,1.0,A01
201500035097,0,30,0,0.0,0.0,7.0,21.0,A01
201500035098,0,33,0,0.0,2.0,1.0,1.0,B01
201500035098,0,7,0,0.0,2.0,3.0,9.0,A01
201500035099,0,7,0,13.0,0.0,8.0,0.0,A01
201500035100,0,7,0,0.0,1.0,1.0,1.0,A01
201500035101,0,7,0,0.0,2.0,3.0,1.0,B01
201500035101,0,1,0,0.0,2.0,1.0,19.0,A01
201500035102,0,1,0,0.0,2.0,0.0,0.0,B01
201500035102,0,7,0,0.0,2.0,2.0,16.0,A01
201500035103,0,7,0,0.0,2.0,3.0,1.0,B01
201500035103,0,7,0,0.0,2.0,3.0,13.0,A01
201500035104,0,7,0,0.0,2.0,8.0,15.0,B01
201500035104,0,31,0,0.0,2.0,1.0,17.0,A01
201500035105,0,31,0,0.0,2.0,1.0,17.0,A01
201500035105,0,7,0,0.0,2.0,2.0,15.0,B01
201500035106,0,7,0,0.0,2.0,3.0,15.0,A01
201500035106,0,2,0,0.0,2.0,1.0,17.0,B01
201500035107,0,1,0,0.0,2.0,8.0,1.0,A01
201500035107,0,7,0,0.0,9.0,5.0,16.0,B01
201500035108,0,7,0,0.0,0.0,3.0,1.0,B01
201500035108,0,10,0,0.0,0.0,0.0,1.0,A01
201500035109,0,30,0,12.0,0.0,3.0,5.0,A01
201500035110,0,10,0,0.0,1.0,4.0,4.0,A01
201500035111,1,99,0,0.0,2.0,7.0,17.0,B01
201500035111,0,7,0,0.0,2.0,8.0,1.0,A01
201500035112,1,7,0,0.0,1.0,0.0,0.0,Z01
201500035113,0,7,0,0.0,2.0,4.0,2.0,B01
201500035113,0,7,0,0.0,2.0,1.0,2.0,A01
201500035114,0,7,0,0.0,2.0,3.0,9.0,A01
201500035114,0,1,0,0.0,2.0,4.0,0.0,B01
201500035115,0,32,0,0.0,2.0,1.0,2.0,A01
201500035115,0,7,0,0.0,2.0,4.0,23.0,B01
201500035116,0,7,0,0.0,1.0,1.0,1.0,A01
201500035117,0,30,0,1.0,0.0,3.0,18.0,A01
201500035117,0,7,0,0.0,2.0,2.0,23.0,B01
201500035118,0,7,0,0.0,1.0,4.0,4.0,A01
201500035119,0,32,0,0.0,2.0,0.0,0.0,B01
201500035119,1,34,0,0.0,2.0,8.0,5.0,Z01
201500035120,0,3,0,0.0,9.0,3.0,1.0,A01
201500035120,0,1,0,0.0,0.0,0.0,0.0,B01
201500035121,0,7,0,0.0,2.0,4.0,2.0,B01
201500035121,0,30,0,0.0,2.0,1.0,2.0,A01
201500035122,0,7,0,0.0,1.0,2.0,1.0,A01
201500035123,0,33,0,0.0,0.0,0.0,0.0,A01
201500035124,0,7,0,0.0,1.0,4.0,4.0,A01
201500035125,0,7,0,0.0,2.0,3.0,10.0,A01
201500035125,0,34,0,0.0,2.0,7.0,17.0,B01
201500035126,0,33,0,0.0,2.0,1.0,1.0,B01
201500035126,0,7,0,0.0,2.0,3.0,15.0,A01
201500035127,0,32,0,0.0,2.0,1.0,1.0,A01
201500035127,0,7,0,0.0,2.0,8.0,15.0,B01
201500035128,0,32,0,0.0,2.0,1.0,2.0,B01
201500035128,0,7,0,11.0,0.0,2.0,14.0,A01
201500035129,0,33,0,0.0,1.0,7.0,21.0,A01
201500035130,0,7,0,0.0,2.0,1.0,5.0,A01
201500035130,0,7,0,0.0,2.0,1.0,1.0,B01
201500035131,0,7,0,0.0,2.0,0.0,0.0,B01
201500035131,0,33,0,0.0,2.0,0.0,17.0,A01
201500035132,0,7,0,15.0,0.0,2.0,14.0,A01
201500035133,0,7,0,0.0,0.0,4.0,2.0,B01
201500035133,0,10,0,0.0,2.0,2.0,2.0,A01
201500035134,0,7,0,0.0,2.0,1.0,15.0,A01
201500035134,0,33,0,0.0,2.0,1.0,1.0,B01
201500035135,0,30,0,0.0,0.0,7.0,1.0,A01
201500035136,0,15,0,0.0,9.0,7.0,2.0,B01
201500035136,0,1,0,0.0,2.0,1.0,2.0,A01
201500035137,1,7,0,0.0,2.0,2.0,16.0,Z01
201500035137,0,32,0,0.0,2.0,3.0,1.0,B01
201500035138,0,7,0,0.0,0.0,1.0,1.0,C01
201500035138,0,13,0,0.0,0.0,0.0,1.0,A01
201500035138,0,7,0,0.0,0.0,1.0,1.0,B01
201500035139,0,7,0,0.0,1.0,0.0,0.0,A01
201500035140,0,31,0,0.0,1.0,1.0,1.0,A01
201500035141,0,7,0,0.0,1.0,2.0,1.0,A01
201500035142,0,7,0,0.0,1.0,1.0,0.0,A01
201500035143,0,33,0,13.0,0.0,7.0,1.0,A01
201500035144,0,7,0,0.0,2.0,3.0,19.0,A01
201500035144,0,30,0,0.0,2.0,1.0,1.0,B01
201500035145,0,7,0,0.0,1.0,2.0,1.0,A01
201500035146,0,34,0,0.0,2.0,1.0,1.0,B01
201500035146,0,10,0,0.0,2.0,3.0,15.0,A01
201500035147,0,7,0,12.0,0.0,9.0,14.0,A01
201500035148,0,7,0,0.0,1.0,3.0,1.0,A01
201500035149,0,7,0,1.0,0.0,7.0,13.0,A01
201500035150,0,7,0,0.0,1.0,1.0,16.0,A01
201500035151,0,7,0,0.0,2.0,6.0,0.0,A01
201500035151,0,31,0,0.0,2.0,3.0,0.0,B01
201500035152,0,7,0,0.0,2.0,1.0,1.0,B01
201500035152,0,7,0,0.0,2.0,1.0,5.0,A01
201500035153,0,7,0,0.0,1.0,2.0,1.0,A01
201500035154,0,10,0,0.0,2.0,3.0,2.0,B01
201500035154,0,32,0,0.0,2.0,7.0,2.0,A01
201500035155,0,10,0,0.0,1.0,2.0,13.0,A01
201500035156,0,7,0,0.0,1.0,4.0,4.0,A01
201500035157,1,10,0,0.0,2.0,8.0,17.0,Z01
201500035157,0,33,0,0.0,2.0,7.0,17.0,A01
201500035158,0,7,0,0.0,1.0,4.0,0.0,A01
201500035159,0,7,0,0.0,1.0,1.0,1.0,A01
201500035160,0,7,0,0.0,1.0,2.0,14.0,A01
201500035161,0,7,0,0.0,1.0,2.0,1.0,A01
201500035162,0,7,0,0.0,2.0,8.0,0.0,B01
201500035162,0,30,0,0.0,2.0,1.0,17.0,A01
201500035163,0,7,0,2.0,0.0,2.0,13.0,A01
201500035164,0,7,0,10.0,0.0,1.0,1.0,A01
201500035165,0,7,0,0.0,2.0,3.0,1.0,B01
201500035165,0,7,0,2.0,2.0,3.0,13.0,A01
201500035166,0,10,0,0.0,2.0,1.0,1.0,A01
201500035166,0,30,0,0.0,2.0,7.0,1.0,B01
201500035167,0,33,0,0.0,2.0,7.0,17.0,B01
201500035167,1,7,0,0.0,0.0,0.0,0.0,Z01
201500035168,0,7,0,0.0,1.0,2.0,15.0,A01
201500035169,0,2,0,0.0,2.0,1.0,1.0,A01
201500035169,0,7,0,0.0,2.0,8.0,1.0,B01
201500035170,0,33,0,0.0,2.0,8.0,1.0,B01
201500035170,0,7,0,0.0,2.0,5.0,12.0,A01
201500035171,0,7,0,0.0,2.0,3.0,1.0,C01
201500035171,0,33,0,0.0,2.0,7.0,17.0,A01
201500035171,0,7,0,0.0,2.0,8.0,15.0,B01
201500035172,0,7,0,0.0,0.0,4.0,23.0,A01
201500035172,0,7,0,0.0,2.0,1.0,2.0,B01
201500035173,0,7,0,0.0,2.0,3.0,1.0,B01
201500035173,0,30,0,0.0,2.0,8.0,13.0,A01
201500035174,0,7,0,0.0,2.0,1.0,1.0,B01
201500035174,0,7,0,0.0,2.0,1.0,1.0,A01
201500035175,0,7,0,0.0,1.0,2.0,1.0,A01
201500035176,0,7,0,0.0,2.0,3.0,1.0,A01
201500035176,0,31,0,0.0,2.0,1.0,1.0,B01
201500035177,0,33,0,0.0,0.0,1.0,1.0,A01
201500035178,0,7,0,0.0,2.0,5.0,15.0,B01
201500035178,0,32,0,0.0,2.0,1.0,1.0,A01
201500035179,0,33,0,0.0,9.0,2.0,2.0,A01
201500035180,0,1,0,,2.0,3.0,19.0,A01
201500035180,0,14,0,0.0,2.0,3.0,1.0,B01
201500035181,0,7,0,0.0,1.0,2.0,0.0,A01
201500035182,0,7,0,0.0,2.0,1.0,15.0,A01
201500035182,0,7,0,0.0,2.0,8.0,2.0,B01
201500035183,0,1,0,0.0,2.0,1.0,1.0,B01
201500035183,0,7,0,0.0,2.0,2.0,15.0,A01
201500035184,0,30,0,0.0,2.0,7.0,2.0,B01
201500035184,0,7,0,0.0,2.0,1.0,1.0,A01
201500035185,1,7,0,0.0,1.0,0.0,0.0,A01
201500035186,0,7,0,0.0,2.0,3.0,16.0,A01
201500035186,0,7,0,0.0,2.0,2.0,1.0,B01
201500035187,0,7,0,0.0,1.0,2.0,1.0,A01
201500035188,0,7,0,0.0,2.0,8.0,2.0,B01
201500035188,0,7,0,0.0,2.0,5.0,2.0,C01
201500035188,0,7,0,0.0,2.0,9.0,2.0,A01
201500035189,0,7,0,0.0,1.0,2.0,1.0,A01
201500035190,0,34,0,0.0,2.0,1.0,1.0,B01
201500035190,0,7,0,0.0,2.0,6.0,10.0,A01
201500035191,0,7,0,0.0,1.0,2.0,2.0,A01
201500035192,0,32,0,0.0,2.0,0.0,0.0,B01
201500035192,0,7,0,0.0,2.0,8.0,9.0,A01
201500035193,0,7,0,0.0,2.0,1.0,16.0,A01
201500035193,0,32,0,0.0,2.0,1.0,1.0,B01
201500035194,0,7,0,0.0,1.0,7.0,1.0,A01
201500035195,0,33,0,0.0,2.0,1.0,1.0,A01
201500035195,0,7,0,0.0,2.0,8.0,15.0,B01
201500035196,0,7,0,1.0,1.0,3.0,0.0,A01
201500035197,0,34,0,12.0,0.0,9.0,16.0,B01
201500035197,0,7,0,0.0,2.0,3.0,0.0,A01
201500035198,0,1,0,0.0,2.0,8.0,13.0,B01
201500035198,0,33,0,0.0,2.0,7.0,1.0,A01
201500035199,0,7,0,0.0,2.0,4.0,2.0,B01
201500035199,0,30,0,0.0,2.0,1.0,2.0,A01
201500035200,0,7,0,0.0,1.0,2.0,1.0,A01
201500035201,1,30,0,0.0,2.0,1.0,5.0,A01
201500035201,0,10,0,0.0,2.0,1.0,1.0,B01
201500035202,0,7,0,0.0,1.0,1.0,1.0,A01
201500035203,0,7,0,0.0,2.0,8.0,5.0,A01
201500035203,0,33,0,0.0,2.0,1.0,1.0,B01
201500035204,0,32,0,0.0,2.0,1.0,1.0,B01
201500035204,0,20,0,0.0,2.0,4.0,4.0,A01
201500035205,0,34,0,0.0,1.0,1.0,2.0,A01
201500035206,0,7,0,0.0,2.0,7.0,15.0,B01
201500035206,0,33,0,0.0,2.0,1.0,1.0,A01
201500035207,0,7,0,0.0,2.0,0.0,1.0,B01
201500035207,0,32,0,0.0,2.0,0.0,16.0,A01
201500035208,0,10,0,0.0,2.0,0.0,0.0,B01
201500035208,0,7,0,0.0,2.0,0.0,0.0,A01
201500035209,0,34,0,0.0,2.0,0.0,2.0,A01
201500035209,0,7,0,0.0,0.0,0.0,15.0,B01