Num_Acc,senc,catv,occutc,obs,obsm,choc,manv,num_veh
201500035210,0,32,0,0.0,2.0,1.0,1.0,B01
201500035210,0,7,0,0.0,2.0,3.0,15.0,A01
201500035211,0,7,0,0.0,1.0,2.0,0.0,A01
201500035212,0,33,0,0.0,2.0,2.0,1.0,A01
201500035212,0,7,0,0.0,2.0,1.0,1.0,B01
201500035213,0,34,0,0.0,2.0,9.0,1.0,B01
201500035213,0,7,0,0.0,2.0,8.0,15.0,A01
201500035214,0,7,0,0.0,0.0,4.0,23.0,A01
201500035214,0,7,0,0.0,2.0,1.0,2.0,B01
201500035215,0,7,0,0.0,2.0,3.0,1.0,B01
201500035215,0,7,0,0.0,2.0,3.0,13.0,A01
201500035216,0,7,0,0.0,2.0,1.0,2.0,A01
201500035216,0,7,0,0.0,2.0,5.0,2.0,B01
201500035217,0,2,0,0.0,2.0,1.0,2.0,A01
201500035217,1,7,0,0.0,2.0,4.0,2.0,Z01
201500035218,0,7,0,0.0,1.0,5.0,4.0,A01
201500035219,0,7,0,0.0,0.0,6.0,15.0,B01
201500035219,0,32,0,0.0,2.0,1.0,1.0,A01
201500035220,0,1,0,0.0,1.0,1.0,1.0,A01
201500035221,0,13,0,0.0,1.0,1.0,1.0,A01
201500035222,0,10,0,0.0,2.0,3.0,15.0,B01
201500035222,0,30,0,0.0,2.0,1.0,3.0,A01
201500035223,0,2,0,6.0,0.0,2.0,1.0,A01
201500035224,0,2,0,0.0,2.0,1.0,1.0,A01
201500035224,1,7,0,0.0,0.0,2.0,15.0,Z01
201500035225,0,7,0,1.0,1.0,2.0,15.0,A01
201500035226,0,7,0,0.0,1.0,1.0,15.0,A01
201500035227,0,33,0,0.0,0.0,0.0,0.0,B01
201500035227,0,7,0,0.0,0.0,0.0,15.0,A01
201500035228,0,7,0,0.0,1.0,3.0,1.0,A01
201500035229,0,7,0,0.0,1.0,3.0,14.0,A01
201500035230,0,1,0,0.0,2.0,0.0,2.0,A01
201500035230,0,2,0,0.0,2.0,0.0,2.0,B01
201500035231,1,7,0,0.0,0.0,0.0,0.0,Z01
201500035231,0,7,0,0.0,0.0,4.0,1.0,A01
201500035232,0,3,0,0.0,0.0,4.0,2.0,B01
201500035232,0,30,0,0.0,0.0,1.0,2.0,A01
201500035233,0,13,0,0.0,0.0,0.0,21.0,A01
201500035233,0,33,0,0.0,2.0,0.0,21.0,B01
201500035234,0,3,0,0.0,2.0,3.0,5.0,A01
201500035234,0,3,0,0.0,2.0,8.0,0.0,B01
201500035235,0,7,0,0.0,2.0,1.0,15.0,A01
201500035235,0,31,0,0.0,2.0,8.0,0.0,B01
201500035236,0,7,0,0.0,0.0,1.0,1.0,A01
201500035236,0,30,0,0.0,2.0,7.0,1.0,B01
201500035237,0,1,0,1.0,0.0,1.0,1.0,B01
201500035238,0,2,0,0.0,1.0,1.0,17.0,A01
201500035239,0,30,0,1.0,0.0,3.0,13.0,A01
201500035240,0,30,0,0.0,2.0,1.0,2.0,B01
201500035240,0,7,0,0.0,2.0,3.0,15.0,A01
201500035241,0,31,0,0.0,1.0,8.0,21.0,B01
201500035241,0,7,0,0.0,2.0,1.0,0.0,A01
201500035242,0,7,0,0.0,2.0,3.0,5.0,A01
201500035242,0,7,0,0.0,2.0,3.0,1.0,B01
201500035243,0,7,0,0.0,1.0,3.0,1.0,A01
201500035244,0,33,0,0.0,2.0,1.0,21.0,B01
201500035244,0,7,0,0.0,2.0,3.0,15.0,A01
201500035245,0,33,0,0.0,0.0,0.0,3.0,A01
201500035245,0,7,0,0.0,0.0,0.0,0.0,B01
201500035246,0,31,0,0.0,2.0,7.0,15.0,B01
201500035246,0,7,0,0.0,2.0,1.0,9.0,A01
201500035247,0,7,0,0.0,1.0,2.0,20.0,A01
201500035248,0,30,0,0.0,2.0,1.0,1.0,B01
201500035248,0,7,0,0.0,2.0,7.0,15.0,A01
201500035249,0,13,0,0.0,9.0,8.0,15.0,B01
201500035249,0,33,0,0.0,2.0,1.0,0.0,A01
201500035250,0,7,0,0.0,2.0,5.0,16.0,B01
201500035250,0,30,0,0.0,2.0,8.0,0.0,A01
201500035251,0,1,0,0.0,0.0,0.0,0.0,A01
201500035251,1,2,0,14.0,0.0,1.0,2.0,B01
201500035252,0,7,0,0.0,2.0,1.0,1.0,B01
201500035252,0,7,0,1.0,2.0,1.0,5.0,A01
201500035253,0,31,0,0.0,2.0,1.0,1.0,A01
201500035253,0,7,0,0.0,0.0,0.0,0.0,B01
201500035254,0,7,0,0.0,2.0,1.0,2.0,A01
201500035254,0,7,0,1.0,2.0,4.0,2.0,B01
201500035255,0,1,0,1.0,0.0,1.0,2.0,B01
201500035255,0,7,0,0.0,2.0,0.0,0.0,A01
201500035256,0,7,0,0.0,2.0,4.0,1.0,B01
201500035256,0,7,0,0.0,2.0,1.0,1.0,A01
201500035257,0,7,0,0.0,1.0,4.0,4.0,C01
201500035258,1,33,0,0.0,1.0,1.0,0.0,Z01
201500035259,0,7,0,0.0,2.0,1.0,1.0,A02
201500035259,0,7,0,0.0,2.0,3.0,1.0,E01
201500035259,0,7,0,1.0,2.0,0.0,0.0,G02
201500035259,0,7,0,1.0,2.0,3.0,0.0,F01
201500035259,0,7,0,0.0,2.0,8.0,1.0,D01
201500035259,0,7,0,1.0,0.0,7.0,0.0,C01
201500035259,0,7,0,0.0,2.0,7.0,15.0,B01
201500035260,0,30,0,0.0,1.0,1.0,1.0,A01
201500035261,0,30,0,0.0,2.0,1.0,1.0,B01
201500035261,0,7,0,0.0,0.0,3.0,0.0,A01
201500035262,0,7,0,5.0,0.0,2.0,1.0,A01
201500035262,0,7,0,0.0,0.0,5.0,15.0,B01
201500035263,0,7,0,0.0,1.0,2.0,1.0,A01
201500035264,0,7,0,0.0,1.0,3.0,0.0,A01
201500035265,0,7,0,0.0,2.0,3.0,15.0,A01
201500035266,0,7,0,0.0,2.0,3.0,13.0,A01
201500035266,0,2,0,0.0,2.0,1.0,1.0,B01
201500035267,0,7,0,6.0,2.0,1.0,11.0,A01
201500035267,0,32,0,0.0,2.0,5.0,0.0,B01
201500035267,0,31,0,0.0,2.0,0.0,0.0,C01
201500035268,0,30,0,0.0,2.0,4.0,0.0,B01
201500035268,0,33,0,0.0,2.0,1.0,0.0,A01
201500035269,0,32,0,0.0,2.0,1.0,1.0,B01
201500035269,0,7,0,0.0,2.0,2.0,15.0,A01
201500035270,0,30,0,0.0,2.0,3.0,1.0,A01
201500035271,0,7,0,0.0,2.0,6.0,2.0,B01
201500035271,0,34,0,0.0,2.0,6.0,2.0,A01
201500035272,0,33,0,0.0,2.0,1.0,1.0,B01
201500035272,0,7,0,0.0,2.0,8.0,9.0,A01
201500035273,0,7,0,0.0,1.0,1.0,1.0,A01
201500035274,0,13,0,0.0,2.0,7.0,12.0,A01
201500035274,0,7,0,0.0,9.0,8.0,1.0,B01
201500035275,0,13,0,0.0,2.0,2.0,15.0,A01
201500035275,0,32,0,0.0,2.0,1.0,1.0,B01
201500035276,0,10,0,0.0,1.0,7.0,0.0,A01
201500035277,0,7,0,0.0,1.0,4.0,4.0,A01
201500035278,0,7,0,0.0,2.0,1.0,15.0,A01
201500035278,0,30,0,0.0,2.0,1.0,1.0,B01
201500035279,0,7,0,0.0,2.0,1.0,1.0,B01
201500035279,0,1,0,0.0,2.0,7.0,19.0,A01
201500035280,0,7,0,0.0,2.0,7.0,4.0,A01
201500035280,0,2,0,1.0,0.0,1.0,1.0,B01
201500035281,0,7,0,0.0,2.0,2.0,14.0,C01
201500035281,0,7,0,0.0,2.0,2.0,2.0,Z01
201500035281,0,31,0,0.0,2.0,3.0,1.0,B01
201500035282,0,7,0,0.0,0.0,0.0,0.0,B01
201500035282,0,7,0,0.0,0.0,0.0,0.0,A01
201500035283,0,31,0,0.0,2.0,0.0,1.0,B01
201500035283,0,7,0,0.0,2.0,0.0,15.0,A01
201500035284,0,1,0,0.0,2.0,1.0,1.0,B01
201500035284,0,7,0,0.0,2.0,3.0,16.0,A01
201500035285,0,32,0,0.0,1.0,1.0,1.0,A01
201500035286,0,30,0,1.0,0.0,5.0,1.0,B01
201500035286,1,7,0,0.0,2.0,1.0,0.0,A01
201500035287,0,7,0,0.0,1.0,1.0,1.0,A01
201500035288,0,7,0,0.0,1.0,1.0,1.0,A01
201500035289,0,7,0,0.0,1.0,1.0,1.0,A01
201500035290,0,7,0,0.0,1.0,3.0,1.0,A01
201500035291,0,10,0,1.0,1.0,3.0,13.0,A01
201500035292,0,10,0,0.0,2.0,3.0,9.0,A01
201500035292,0,7,0,0.0,2.0,2.0,1.0,B01
201500035293,0,33,0,0.0,2.0,4.0,2.0,B01
201500035293,0,7,0,0.0,2.0,3.0,2.0,A01
201500035294,0,7,0,0.0,2.0,3.0,15.0,B01
201500035294,0,33,0,0.0,2.0,1.0,17.0,A01
201500035295,0,7,0,0.0,2.0,4.0,2.0,B01
201500035295,0,7,0,0.0,2.0,1.0,2.0,A01
201500035295,0,7,0,0.0,2.0,4.0,2.0,C01
201500035296,0,7,0,0.0,1.0,2.0,9.0,A01
201500035297,0,7,0,2.0,0.0,9.0,13.0,A01
201500035298,0,30,0,0.0,2.0,1.0,13.0,B01
201500035298,0,7,0,0.0,2.0,3.0,2.0,A01
201500035299,0,7,0,0.0,1.0,1.0,15.0,A01
201500035300,0,7,0,0.0,2.0,3.0,1.0,B01
201500035300,0,33,0,0.0,2.0,1.0,5.0,A01
201500035301,0,10,0,0.0,2.0,1.0,19.0,B01
201500035301,0,7,0,0.0,2.0,6.0,0.0,A01
201500035302,0,7,0,0.0,2.0,2.0,1.0,B01
201500035302,0,33,0,0.0,2.0,1.0,0.0,A01
201500035303,0,7,0,0.0,2.0,5.0,0.0,C01
201500035303,0,7,0,0.0,2.0,9.0,16.0,B01
201500035303,0,7,0,0.0,0.0,0.0,0.0,A01
201500035304,0,30,0,6.0,0.0,1.0,1.0,A01
201500035305,0,32,0,0.0,2.0,8.0,1.0,A01
201500035305,0,7,0,0.0,2.0,6.0,4.0,B01
201500035306,0,31,0,0.0,2.0,1.0,1.0,B01
201500035306,0,7,0,0.0,2.0,0.0,19.0,A01
201500035307,0,2,0,0.0,2.0,1.0,1.0,B01
201500035307,0,7,0,0.0,2.0,1.0,15.0,A01
201500035308,0,1,0,0.0,1.0,0.0,0.0,A01
201500035309,0,32,0,14.0,0.0,1.0,1.0,A01
201500035309,0,10,0,0.0,9.0,1.0,1.0,B01
201500035310,0,2,0,0.0,2.0,1.0,1.0,A01
201500035310,1,7,0,0.0,2.0,2.0,17.0,B01
201500035311,0,7,0,0.0,2.0,1.0,1.0,B01
201500035311,0,2,0,0.0,2.0,8.0,15.0,A01
201500035312,0,33,0,0.0,2.0,1.0,2.0,B01
201500035312,0,7,0,0.0,2.0,7.0,15.0,A01
201500035313,0,7,0,0.0,1.0,0.0,0.0,A01
201500035314,0,7,0,0.0,2.0,3.0,2.0,A01
201500035314,0,2,0,0.0,2.0,3.0,2.0,B01
201500035315,0,7,0,0.0,1.0,7.0,1.0,A01
201500035316,0,7,0,0.0,1.0,3.0,15.0,A01
201500035317,0,7,0,0.0,2.0,2.0,15.0,A01
201500035317,0,1,0,0.0,2.0,8.0,1.0,B01
201500035318,0,7,0,0.0,2.0,1.0,2.0,A01
201500035318,0,7,0,0.0,0.0,0.0,23.0,B01
201500035319,0,7,0,4.0,0.0,1.0,2.0,A01
201500035320,0,7,0,0.0,2.0,6.0,2.0,B01
201500035320,0,7,0,0.0,2.0,2.0,2.0,A01
201500035321,0,7,0,0.0,2.0,8.0,15.0,A01
201500035321,0,31,0,0.0,2.0,0.0,1.0,B01
201500035322,0,7,0,0.0,2.0,1.0,15.0,A01
201500035322,0,33,0,0.0,2.0,1.0,1.0,B01
201500035323,0,7,0,0.0,1.0,4.0,4.0,A01
201500035324,0,7,0,0.0,2.0,1.0,15.0,A01
201500035324,0,2,0,0.0,2.0,1.0,2.0,B01
201500035325,0,1,0,0.0,0.0,0.0,0.0,B01
201500035325,0,7,0,0.0,9.0,1.0,16.0,A01
201500035326,0,33,0,0.0,2.0,1.0,1.0,C01
201500035326,0,7,0,0.0,2.0,6.0,23.0,B01
201500035326,0,7,0,0.0,2.0,2.0,2.0,A01
201500035326,0,7,0,0.0,2.0,4.0,2.0,D01
201500035327,0,7,0,0.0,1.0,4.0,4.0,A01
201500035328,0,7,0,0.0,2.0,4.0,2.0,B01
201500035328,0,7,0,0.0,2.0,1.0,2.0,A01
201500035329,0,7,0,0.0,2.0,3.0,2.0,A01
201500035329,0,30,0,0.0,2.0,4.0,15.0,B01
201500035330,0,7,0,0.0,2.0,1.0,2.0,A01
201500035330,0,7,0,0.0,2.0,4.0,2.0,B01
201500035330,0,7,0,0.0,2.0,4.0,15.0,C01
201500035331,0,7,0,0.0,1.0,3.0,1.0,B01
201500035331,0,7,0,0.0,1.0,2.0,1.0,A01
201500035332,0,30,0,0.0,2.0,1.0,13.0,A01
201500035332,0,7,0,0.0,2.0,2.0,1.0,B01
201500035333,0,32,0,0.0,2.0,1.0,2.0,A01
201500035333,0,7,0,0.0,0.0,3.0,0.0,B01
201500035334,0,32,0,0.0,2.0,1.0,1.0,A01
201500035334,0,7,0,0.0,2.0,1.0,1.0,B01
201500035335,0,33,0,0.0,2.0,0.0,0.0,B01
201500035335,1,7,0,0.0,2.0,4.0,2.0,Z01
201500035336,0,7,0,2.0,0.0,5.0,13.0,B01
201500035336,0,7,0,0.0,2.0,3.0,1.0,A01
201500035336,0,33,0,0.0,2.0,8.0,1.0,C01
201500035337,0,7,0,0.0,1.0,5.0,18.0,A01
201500035338,0,34,0,0.0,2.0,1.0,1.0,B01
201500035338,0,7,0,0.0,2.0,3.0,10.0,A01
201500035339,0,32,0,0.0,2.0,1.0,17.0,A01
201500035339,0,7,0,0.0,2.0,3.0,9.0,B01
201500035340,0,7,0,15.0,1.0,1.0,17.0,A01
201500035341,0,34,0,0.0,2.0,1.0,2.0,B01
201500035341,0,7,0,0.0,2.0,2.0,10.0,A01
201500035342,0,1,0,0.0,2.0,0.0,1.0,B01
201500035342,0,7,0,0.0,2.0,3.0,16.0,A01
201500035343,0,10,0,0.0,1.0,2.0,15.0,A01
201500035344,0,7,0,0.0,2.0,2.0,1.0,B01
201500035344,0,7,0,0.0,2.0,1.0,19.0,A01
201500035345,0,30,0,0.0,2.0,1.0,1.0,B01
201500035345,0,7,0,0.0,2.0,2.0,15.0,A01
201500035346,0,7,0,0.0,1.0,2.0,1.0,A01
201500035347,0,7,0,0.0,1.0,3.0,1.0,A01
201500035348,0,7,0,0.0,2.0,8.0,13.0,B01
201500035348,0,34,0,0.0,2.0,7.0,17.0,A01
201500035349,0,2,0,0.0,2.0,0.0,2.0,B01
201500035349,0,7,0,0.0,9.0,8.0,0.0,A01
201500035350,0,2,0,0.0,0.0,1.0,0.0,B01
201500035350,0,7,0,0.0,0.0,3.0,0.0,A01
201500035351,0,33,0,0.0,2.0,6.0,1.0,A01
201500035351,0,7,0,0.0,2.0,6.0,11.0,B01
201500035352,0,7,0,2.0,0.0,1.0,21.0,A01
201500035353,0,30,0,0.0,2.0,1.0,0.0,A01
201500035353,0,7,0,0.0,2.0,8.0,1.0,B01
201500035354,0,32,0,0.0,2.0,1.0,1.0,A01
201500035354,0,7,0,0.0,2.0,0.0,0.0,B01
201500035355,0,14,0,0.0,1.0,2.0,1.0,A01
201500035356,2,7,0,1.0,2.0,1.0,13.0,A01
201500035356,0,7,0,0.0,2.0,1.0,1.0,B01
201500035357,0,7,0,0.0,2.0,3.0,2.0,B01
201500035357,0,33,0,0.0,2.0,1.0,2.0,A01
201500035358,0,7,0,16.0,2.0,2.0,2.0,A01
201500035358,0,7,0,8.0,2.0,7.0,15.0,B01
201500035359,1,30,0,0.0,1.0,7.0,0.0,A01
201500035360,1,7,0,0.0,1.0,0.0,0.0,Z01
201500035361,0,33,0,0.0,2.0,1.0,1.0,C01
201500035361,0,10,0,0.0,2.0,3.0,19.0,A01
201500035361,0,33,0,0.0,2.0,1.0,1.0,B01
201500035362,0,7,0,0.0,1.0,6.0,15.0,A01
201500035363,0,7,0,0.0,2.0,1.0,1.0,A01
201500035363,0,7,0,0.0,2.0,4.0,0.0,B01
201500035364,0,7,0,0.0,2.0,3.0,1.0,B01
201500035364,0,7,0,0.0,2.0,2.0,1.0,A01
201500035365,0,33,0,12.0,0.0,1.0,1.0,A01
201500035366,0,1,0,0.0,1.0,1.0,13.0,A01
201500035367,0,7,0,0.0,2.0,1.0,9.0,A01
201500035367,0,7,0,0.0,2.0,2.0,1.0,B01
201500035368,0,33,0,0.0,2.0,1.0,1.0,B01
201500035368,0,7,0,0.0,0.0,3.0,15.0,A01
201500035369,0,31,0,0.0,2.0,1.0,1.0,A01
201500035369,0,7,0,0.0,2.0,6.0,23.0,B01
201500035370,0,7,0,0.0,2.0,1.0,2.0,B01
201500035370,0,7,0,0.0,2.0,1.0,2.0,A01
201500035370,0,7,0,0.0,2.0,4.0,1.0,C01
201500035371,0,7,0,0.0,2.0,5.0,4.0,A01
201500035371,0,33,0,0.0,2.0,1.0,21.0,B01
201500035372,0,7,0,0.0,1.0,3.0,1.0,A01
201500035373,0,7,0,0.0,2.0,3.0,15.0,A01
201500035373,0,1,0,0.0,2.0,1.0,21.0,B01
201500035374,0,7,0,0.0,2.0,2.0,1.0,B01
201500035374,0,7,0,0.0,2.0,2.0,15.0,A01
201500035375,0,7,0,0.0,2.0,1.0,1.0,B01
201500035375,0,7,0,0.0,2.0,7.0,1.0,A01
201500035376,0,7,0,0.0,2.0,3.0,1.0,A01
201500035376,0,7,0,0.0,2.0,3.0,1.0,B01
201500035377,0,31,0,0.0,2.0,4.0,1.0,B01
201500035377,0,10,0,0.0,2.0,1.0,1.0,A01
201500035378,0,7,0,0.0,2.0,2.0,15.0,A01
201500035378,0,33,0,0.0,2.0,1.0,8.0,B01
201500035379,0,7,0,0.0,2.0,8.0,11.0,A01
201500035379,0,32,0,0.0,2.0,1.0,17.0,B01
201500035379,0,7,0,0.0,2.0,6.0,1.0,C01
201500035380,0,7,0,0.0,0.0,3.0,13.0,A01
201500035380,0,34,0,0.0,0.0,7.0,1.0,B01
201500035381,0,30,0,0.0,1.0,6.0,21.0,A01
201500035382,0,7,0,0.0,1.0,1.0,1.0,B01
201500035382,0,7,0,0.0,2.0,1.0,0.0,A01
201500035383,0,33,0,0.0,2.0,1.0,1.0,B01
201500035383,0,7,0,0.0,2.0,2.0,15.0,A01
201500035384,0,33,0,0.0,2.0,3.0,1.0,B01
201500035384,1,7,0,0.0,2.0,1.0,1.0,Z01
201500035385,0,7,0,0.0,2.0,4.0,2.0,A01
201500035385,0,7,0,0.0,2.0,9.0,1.0,B01
201500035385,0,7,0,0.0,2.0,1.0,2.0,C01
201500035386,0,7,0,13.0,9.0,1.0,0.0,A01
201500035387,0,34,0,0.0,2.0,7.0,1.0,B01
201500035387,1,10,0,0.0,2.0,0.0,15.0,Z01
201500035388,0,33,0,0.0,2.0,8.0,1.0,A01
201500035388,0,7,0,0.0,2.0,1.0,1.0,B01
201500035389,0,33,0,0.0,2.0,7.0,1.0,B01
201500035389,0,7,0,0.0,2.0,4.0,15.0,A01
201500035390,0,7,0,8.0,0.0,2.0,0.0,A01
201500035391,0,2,0,0.0,2.0,7.0,1.0,A01
201500035391,0,7,0,0.0,2.0,2.0,0.0,B01
201500035392,0,7,0,11.0,0.0,1.0,0.0,A01
201500035393,0,7,0,0.0,2.0,1.0,1.0,B01
201500035393,0,33,0,15.0,2.0,2.0,0.0,A01
201500035394,0,2,0,0.0,2.0,1.0,1.0,B01
201500035394,0,34,0,0.0,2.0,1.0,5.0,A01
201500035395,0,7,0,0.0,2.0,7.0,15.0,B01
201500035395,0,33,0,0.0,2.0,1.0,1.0,A01
201500035396,0,7,0,0.0,2.0,3.0,1.0,A01
201500035396,0,1,0,0.0,2.0,1.0,1.0,B01
201500035397,1,30,0,0.0,1.0,1.0,1.0,Z01
201500035398,0,33,0,0.0,2.0,0.0,1.0,B01
201500035398,0,7,0,0.0,2.0,3.0,15.0,A01
201500035399,0,7,0,0.0,2.0,4.0,0.0,B01
201500035399,0,31,0,0.0,2.0,1.0,1.0,A01
201500035400,0,2,0,0.0,2.0,1.0,2.0,A01
201500035400,0,7,0,0.0,2.0,5.0,2.0,B01
201500035401,1,10,0,0.0,1.0,4.0,4.0,A01
201500035402,0,33,0,0.0,2.0,8.0,1.0,B01
201500035402,0,7,0,0.0,2.0,3.0,15.0,A01
201500035403,0,7,0,0.0,2.0,4.0,2.0,C01
201500035403,0,7,0,0.0,2.0,1.0,2.0,B01
201500035403,0,7,0,0.0,2.0,1.0,2.0,A01
201500035404,0,7,0,0.0,0.0,4.0,2.0,B01
201500035404,0,7,0,0.0,2.0,1.0,2.0,A01
201500035405,0,7,0,0.0,2.0,3.0,15.0,B01
201500035405,0,33,0,0.0,2.0,7.0,17.0,A01
201500035406,0,10,0,0.0,1.0,1.0,1.0,A01
201500035407,0,7,0,0.0,1.0,2.0,0.0,A01
201500035408,1,7,0,0.0,1.0,0.0,15.0,A01
201500035409,0,7,0,0.0,2.0,1.0,5.0,A01
201500035409,0,7,0,0.0,2.0,1.0,1.0,B01
201500035410,0,7,0,0.0,1.0,4.0,4.0,A01
201500035411,0,7,0,0.0,2.0,5.0,2.0,C01
201500035411,0,34,0,0.0,1.0,1.0,3.0,A01
201500035411,0,7,0,0.0,2.0,5.0,1.0,B01
201500035411,0,7,0,0.0,2.0,5.0,2.0,D01
201500035411,0,7,0,0.0,2.0,5.0,2.0,E01
201500035412,0,7,0,0.0,1.0,2.0,1.0,A01
201500035413,0,7,0,0.0,2.0,3.0,1.0,B01
201500035413,0,32,0,0.0,2.0,1.0,1.0,A01
201500035414,0,7,0,0.0,2.0,8.0,15.0,B01
201500035414,0,2,0,16.0,2.0,1.0,17.0,A01
201500035415,0,34,0,0.0,2.0,1.0,5.0,A01
201500035415,0,7,0,0.0,2.0,3.0,0.0,B01
201500035416,0,34,0,0.0,2.0,1.0,1.0,B01
201500035416,0,7,0,0.0,2.0,7.0,19.0,A01
201500035417,1,7,0,0.0,1.0,0.0,1.0,Z01
201500035418,0,7,0,0.0,1.0,7.0,1.0,A01
201500035419,0,7,0,12.0,1.0,1.0,15.0,A01
201500035420,0,7,0,0.0,1.0,2.0,1.0,A01
201500035421,0,7,0,0.0,2.0,8.0,15.0,B01
201500035421,0,31,0,0.0,2.0,1.0,1.0,A01
201500035422,1,7,0,0.0,1.0,0.0,0.0,Z01
201500035423,0,7,0,0.0,2.0,1.0,9.0,A01
201500035423,0,33,0,0.0,2.0,7.0,1.0,B01
201500035424,0,33,0,0.0,0.0,0.0,0.0,A01
201500035424,0,7,0,0.0,2.0,1.0,15.0,B01
201500035425,0,7,0,0.0,2.0,8.0,11.0,A01
201500035425,0,33,0,0.0,2.0,7.0,1.0,B01
201500035426,0,7,0,0.0,1.0,1.0,15.0,A01
201500035427,0,7,0,13.0,2.0,1.0,1.0,B01
201500035427,0,7,0,0.0,2.0,4.0,1.0,A01
201500035428,0,7,0,8.0,0.0,1.0,1.0,A01
201500035429,0,31,0,0.0,0.0,1.0,1.0,A01
201500035430,0,34,0,0.0,2.0,1.0,17.0,A01
201500035430,0,7,0,0.0,2.0,7.0,15.0,B01
201500035431,0,30,0,1.0,0.0,1.0,1.0,A01
201500035432,0,7,0,0.0,2.0,7.0,1.0,C01
201500035432,0,7,0,0.0,2.0,1.0,12.0,A01
201500035432,0,7,0,0.0,2.0,4.0,1.0,B01
201500035433,0,7,0,1.0,0.0,1.0,14.0,A01
201500035434,0,37,1,0.0,1.0,1.0,1.0,A01
201500035435,2,7,0,0.0,2.0,1.0,1.0,A01
201500035435,0,7,0,0.0,2.0,4.0,1.0,B01
201500035436,0,7,0,0.0,0.0,0.0,0.0,A01
201500035437,0,7,0,0.0,2.0,6.0,15.0,A01
201500035438,0,7,0,0.0,2.0,4.0,1.0,B01
201500035438,0,7,0,0.0,2.0,1.0,0.0,A01
201500035439,0,7,0,0.0,1.0,1.0,1.0,A01
201500035440,0,7,0,0.0,1.0,7.0,1.0,A01
201500035441,0,17,0,0.0,2.0,3.0,1.0,B01
201500035441,0,7,0,0.0,2.0,1.0,16.0,A01
201500035442,0,7,0,0.0,9.0,1.0,1.0,A01
201500035442,0,1,0,0.0,2.0,7.0,19.0,B01
201500035443,0,30,0,0.0,2.0,1.0,1.0,B01
201500035443,0,7,0,0.0,2.0,2.0,15.0,A01
201500035444,2,7,0,0.0,2.0,2.0,15.0,A01
201500035444,0,33,0,0.0,2.0,1.0,1.0,B01
201500035445,0,7,0,0.0,2.0,5.0,15.0,B01
201500035445,0,7,0,0.0,2.0,1.0,1.0,A01
201500035445,0,7,0,0.0,2.0,1.0,16.0,C01
201500035446,0,34,0,0.0,2.0,1.0,5.0,A01
201500035446,0,7,0,0.0,2.0,1.0,1.0,B01
201500035447,0,7,0,0.0,1.0,1.0,1.0,A01
201500035448,0,7,0,0.0,1.0,1.0,15.0,A01
201500035449,0,7,0,0.0,2.0,1.0,1.0,B01
201500035449,0,33,0,0.0,2.0,1.0,13.0,A01
201500035450,0,34,0,4.0,0.0,8.0,13.0,A01
201500035451,0,7,0,0.0,2.0,4.0,23.0,B01
201500035451,0,33,0,0.0,2.0,1.0,1.0,A01
201500035452,0,7,0,13.0,0.0,1.0,17.0,A01
201500035453,0,33,0,14.0,0.0,9.0,0.0,A01
201500035454,0,7,0,0.0,2.0,8.0,5.0,A01
201500035454,0,32,0,0.0,2.0,1.0,17.0,B01
201500035455,0,31,0,0.0,2.0,4.0,2.0,A01
201500035456,0,33,0,0.0,2.0,1.0,1.0,B01
201500035456,0,7,0,0.0,2.0,7.0,19.0,A01
201500035457,0,7,0,0.0,2.0,1.0,1.0,A01
201500035457,0,7,0,0.0,2.0,1.0,1.0,B01
201500035458,0,33,0,0.0,2.0,0.0,0.0,B01
201500035458,0,7,0,0.0,9.0,7.0,13.0,A01
201500035459,0,15,0,0.0,0.0,0.0,0.0,B01
201500035459,0,7,0,0.0,2.0,4.0,2.0,A01
201500035460,0,7,0,0.0,2.0,1.0,1.0,B01
201500035460,0,7,0,0.0,2.0,0.0,5.0,A01
201500035460,0,7,0,0.0,2.0,8.0,1.0,C01
201500035461,0,1,0,0.0,2.0,8.0,19.0,B01
201500035461,1,34,0,0.0,2.0,1.0,1.0,Z01
201500035462,0,7,0,0.0,2.0,1.0,1.0,A01
201500035462,0,7,0,0.0,2.0,6.0,19.0,B01
201500035463,0,10,0,0.0,1.0,3.0,1.0,A01
201500035464,0,7,0,0.0,2.0,6.0,1.0,C01
201500035464,0,33,0,0.0,2.0,1.0,1.0,B01
201500035464,0,7,0,0.0,2.0,1.0,0.0,A01
201500035464,0,7,0,0.0,2.0,6.0,1.0,D01
201500035465,0,7,0,0.0,2.0,7.0,15.0,A01
201500035465,0,34,0,0.0,2.0,1.0,1.0,B01
201500035466,0,10,0,0.0,1.0,4.0,4.0,A01
201500035467,0,10,0,0.0,9.0,3.0,0.0,A01
201500035467,0,1,0,0.0,2.0,1.0,1.0,B01
201500035468,0,7,0,0.0,2.0,1.0,2.0,A01
201500035468,0,7,0,0.0,2.0,4.0,1.0,B01
201500035469,0,7,0,0.0,2.0,3.0,6.0,A01
201500035469,0,33,0,0.0,2.0,2.0,0.0,B01
201500035470,0,7,0,1.0,0.0,1.0,1.0,A01
201500035471,0,7,0,0.0,0.0,0.0,0.0,C01
201500035471,0,7,0,0.0,2.0,1.0,1.0,A01
201500035471,0,31,0,11.0,2.0,4.0,1.0,B01
201500035472,0,7,0,0.0,1.0,7.0,1.0,A01
201500035473,0,7,0,0.0,1.0,1.0,2.0,A01
201500035474,0,7,0,0.0,1.0,1.0,1.0,A01