Num_Acc,senc,catv,occutc,obs,obsm,choc,manv,num_veh
201500035750,0,30,0,0.0,2.0,1.0,1.0,A01
201500035750,0,7,0,0.0,2.0,4.0,2.0,B01
201500035751,0,7,0,0.0,2.0,2.0,12.0,A01
201500035751,0,33,0,0.0,2.0,3.0,1.0,B01
201500035752,0,30,0,0.0,2.0,2.0,15.0,A01
201500035752,0,7,0,0.0,2.0,2.0,1.0,B01
201500035753,0,7,0,0.0,2.0,1.0,1.0,A01
201500035753,0,7,0,0.0,2.0,4.0,2.0,B01
201500035753,0,7,0,0.0,2.0,4.0,1.0,C01
201500035754,0,7,0,6.0,0.0,1.0,13.0,A01
201500035755,0,33,0,16.0,0.0,1.0,16.0,A01
201500035756,0,7,0,15.0,0.0,1.0,1.0,A01
201500035757,0,15,0,0.0,2.0,1.0,2.0,A01
201500035757,0,7,0,0.0,2.0,4.0,2.0,B01
201500035758,0,7,0,0.0,2.0,8.0,9.0,A01
201500035758,0,33,0,0.0,2.0,2.0,1.0,B01
201500035759,0,2,0,0.0,2.0,8.0,1.0,A01
201500035759,0,10,0,0.0,2.0,5.0,14.0,B01
201500035760,0,7,0,2.0,0.0,3.0,1.0,A01
201500035761,0,7,0,0.0,2.0,2.0,15.0,A01
201500035761,0,7,0,0.0,2.0,1.0,1.0,B01
201500035762,1,10,0,0.0,1.0,0.0,0.0,Z01
201500035763,0,7,0,2.0,0.0,1.0,14.0,A01
201500035764,0,1,0,0.0,2.0,1.0,1.0,B01
201500035764,1,7,0,0.0,2.0,1.0,5.0,Z01
201500035765,0,7,0,4.0,0.0,3.0,1.0,A01
201500035766,0,33,0,16.0,0.0,8.0,1.0,A01
201500035767,0,2,0,0.0,2.0,2.0,17.0,A01
201500035767,0,7,0,0.0,2.0,3.0,15.0,B01
201500035768,0,33,0,0.0,2.0,1.0,2.0,A01
201500035768,0,7,0,0.0,2.0,4.0,2.0,B01
201500035769,0,31,0,6.0,0.0,3.0,1.0,A01
201500035770,0,7,0,0.0,2.0,1.0,2.0,A01
201500035770,0,7,0,0.0,2.0,4.0,2.0,B01
201500035770,0,7,0,0.0,2.0,4.0,2.0,C01
201500035771,0,7,0,0.0,2.0,3.0,1.0,A01
201500035771,0,7,0,0.0,2.0,1.0,1.0,B01
201500035772,0,7,0,16.0,0.0,9.0,1.0,A01
201500035773,0,7,0,0.0,2.0,1.0,13.0,A01
201500035773,0,7,0,0.0,2.0,1.0,1.0,B01
201500035774,1,7,0,1.0,1.0,0.0,16.0,Z01
201500035775,0,10,0,0.0,2.0,1.0,1.0,A01
201500035775,0,7,0,0.0,2.0,4.0,2.0,B01
201500035776,1,7,0,0.0,1.0,4.0,4.0,Z01
201500035777,0,2,0,0.0,2.0,8.0,1.0,A01
201500035777,0,7,0,0.0,2.0,2.0,16.0,B01
201500035778,0,7,0,0.0,2.0,1.0,1.0,A01
201500035778,0,10,0,0.0,2.0,4.0,2.0,B01
201500035779,0,7,0,0.0,2.0,1.0,1.0,A01
201500035779,0,7,0,0.0,2.0,2.0,15.0,B01
201500035780,0,30,0,3.0,0.0,1.0,1.0,A01
201500035781,0,7,0,0.0,2.0,2.0,0.0,A01
201500035781,0,2,0,0.0,2.0,1.0,1.0,B01
201500035782,0,30,0,16.0,0.0,7.0,1.0,A01
201500035783,0,7,0,0.0,2.0,1.0,13.0,A01
201500035783,0,7,0,0.0,2.0,4.0,1.0,B01
201500035784,0,7,0,0.0,2.0,1.0,1.0,A01
201500035784,0,7,0,0.0,2.0,4.0,2.0,B01
201500035785,0,7,0,0.0,2.0,1.0,5.0,A01
201500035785,0,38,5,0.0,2.0,1.0,1.0,B01
201500035786,0,7,0,0.0,2.0,1.0,1.0,A01
201500035786,0,7,0,0.0,2.0,4.0,1.0,B01
201500035786,0,7,0,0.0,2.0,7.0,1.0,C01
201500035787,0,7,0,4.0,0.0,1.0,1.0,A01
201500035788,0,7,0,13.0,2.0,5.0,13.0,A01
201500035788,0,10,0,0.0,2.0,1.0,1.0,B01
201500035789,0,7,0,16.0,0.0,9.0,1.0,A01
201500035790,0,2,0,0.0,2.0,2.0,18.0,A01
201500035790,0,7,0,0.0,2.0,2.0,0.0,B01
201500035791,0,7,0,0.0,2.0,2.0,1.0,B01
201500035791,0,7,0,0.0,2.0,3.0,15.0,A01
201500035792,0,7,0,0.0,2.0,2.0,15.0,A01
201500035792,0,33,0,0.0,2.0,1.0,1.0,B01
201500035793,0,7,0,0.0,2.0,5.0,15.0,A01
201500035793,0,1,0,0.0,2.0,1.0,1.0,B01
201500035794,0,7,0,0.0,2.0,1.0,1.0,A01
201500035794,0,7,0,0.0,2.0,4.0,2.0,B01
201500035794,0,7,0,0.0,2.0,4.0,2.0,C01
201500035794,0,7,0,0.0,2.0,4.0,2.0,D01
201500035794,0,7,0,0.0,2.0,4.0,2.0,E01
201500035795,0,10,0,0.0,1.0,1.0,1.0,A01
201500035796,0,7,0,0.0,2.0,1.0,2.0,A01
201500035796,0,7,0,0.0,2.0,4.0,2.0,B01
201500035797,0,7,0,0.0,2.0,1.0,1.0,A01
201500035797,0,7,0,0.0,2.0,4.0,1.0,B01
201500035798,0,7,0,13.0,0.0,3.0,1.0,A01
201500035799,0,7,0,0.0,9.0,9.0,1.0,A01
201500035800,0,30,0,0.0,2.0,1.0,15.0,A01
201500035800,0,7,0,0.0,2.0,3.0,1.0,B01
201500035801,0,7,0,0.0,1.0,2.0,1.0,A01
201500035802,0,30,0,0.0,2.0,1.0,1.0,A01
201500035802,0,7,0,0.0,2.0,4.0,2.0,B01
201500035803,0,7,0,0.0,2.0,1.0,2.0,A01
201500035803,0,7,0,0.0,2.0,4.0,2.0,B01
201500035804,0,7,0,0.0,2.0,1.0,2.0,A01
201500035804,0,7,0,0.0,2.0,4.0,2.0,B01
201500035805,0,7,0,0.0,2.0,2.0,15.0,A01
201500035805,0,7,0,0.0,2.0,3.0,1.0,B01
201500035806,0,7,0,0.0,2.0,6.0,15.0,A01
201500035806,0,2,0,0.0,2.0,8.0,1.0,B01
201500035807,0,7,0,0.0,2.0,2.0,15.0,A01
201500035807,0,2,0,0.0,2.0,1.0,1.0,B01
201500035808,0,7,0,0.0,1.0,0.0,1.0,A01
201500035809,0,7,0,0.0,1.0,2.0,1.0,A01
201500035810,0,7,0,0.0,2.0,4.0,4.0,A01
201500035810,0,1,0,0.0,2.0,8.0,1.0,B01
201500035811,0,7,0,0.0,1.0,1.0,1.0,A01
201500035812,0,7,0,0.0,2.0,4.0,2.0,B01
201500035812,0,7,0,0.0,2.0,4.0,2.0,C01
201500035812,0,7,0,0.0,2.0,4.0,2.0,D01
201500035812,2,7,0,0.0,2.0,1.0,2.0,Z01
201500035813,0,7,0,0.0,2.0,4.0,2.0,B01
201500035813,0,7,0,0.0,2.0,1.0,2.0,A01
201500035814,0,7,0,0.0,2.0,2.0,15.0,A01
201500035814,0,33,0,0.0,2.0,1.0,1.0,B01
201500035815,0,7,0,0.0,1.0,7.0,0.0,A01
201500035816,0,7,0,0.0,1.0,1.0,1.0,A01
201500035817,0,7,0,0.0,1.0,1.0,1.0,A01
201500035818,0,7,0,0.0,1.0,1.0,1.0,A01
201500035819,0,10,0,0.0,2.0,1.0,2.0,A01
201500035819,0,7,0,0.0,2.0,4.0,1.0,B01
201500035819,0,7,0,0.0,2.0,4.0,1.0,C01
201500035819,0,7,0,0.0,2.0,1.0,1.0,D01
201500035820,0,31,0,0.0,2.0,1.0,15.0,A01
201500035820,0,15,0,0.0,2.0,5.0,1.0,B01
201500035821,0,33,0,0.0,2.0,0.0,17.0,A01
201500035821,0,7,0,0.0,2.0,0.0,1.0,B01
201500035822,0,7,0,0.0,2.0,2.0,15.0,A01
201500035822,0,7,0,0.0,2.0,3.0,1.0,B01
201500035823,0,2,0,0.0,2.0,1.0,2.0,A01
201500035823,0,7,0,0.0,2.0,4.0,2.0,B01
201500035824,0,7,0,0.0,1.0,2.0,1.0,A01
201500035825,0,7,0,0.0,1.0,1.0,1.0,A01
201500035826,0,7,0,0.0,2.0,3.0,9.0,A01
201500035826,0,7,0,0.0,2.0,2.0,1.0,B01
201500035827,0,7,0,0.0,2.0,2.0,15.0,A01
201500035827,0,1,0,0.0,2.0,1.0,1.0,B01
201500035828,0,7,0,0.0,2.0,3.0,1.0,B01
201500035828,0,7,0,0.0,2.0,2.0,15.0,A01
201500035829,0,7,0,0.0,1.0,3.0,1.0,A01
201500035830,0,7,0,1.0,0.0,1.0,1.0,A01
201500035831,0,32,0,0.0,1.0,1.0,1.0,A01
201500035832,0,1,0,0.0,2.0,8.0,19.0,A01
201500035832,0,7,0,0.0,2.0,1.0,1.0,B01
201500035833,0,7,0,0.0,2.0,4.0,1.0,C01
201500035833,0,7,0,0.0,2.0,1.0,1.0,A01
201500035833,0,7,0,0.0,2.0,4.0,1.0,B01
201500035834,0,2,0,1.0,0.0,1.0,1.0,A01
201500035835,0,7,0,7.0,2.0,2.0,1.0,A01
201500035835,0,7,0,0.0,2.0,3.0,1.0,B01
201500035836,0,7,0,0.0,2.0,7.0,16.0,B01
201500035836,0,2,0,0.0,2.0,1.0,1.0,A01
201500035837,0,7,0,0.0,2.0,1.0,1.0,A01
201500035837,0,30,0,0.0,2.0,4.0,1.0,B01
201500035838,0,7,0,0.0,2.0,6.0,1.0,A01
201500035838,0,7,0,0.0,2.0,3.0,0.0,B01
201500035839,0,7,0,0.0,1.0,3.0,0.0,A01
201500035840,0,30,0,16.0,0.0,8.0,1.0,A01
201500035841,0,7,0,0.0,2.0,7.0,0.0,A01
201500035841,0,7,0,0.0,2.0,1.0,0.0,B01
201500035842,0,7,0,1.0,0.0,2.0,1.0,A01
201500035843,0,7,0,2.0,0.0,1.0,1.0,A01
201500035844,0,7,0,0.0,1.0,3.0,1.0,A01
201500035845,0,7,0,0.0,2.0,1.0,1.0,A01
201500035845,0,7,0,0.0,2.0,1.0,1.0,B01
201500035845,0,7,0,0.0,2.0,4.0,1.0,C01
201500035846,0,30,0,0.0,2.0,1.0,1.0,A01
201500035846,0,7,0,0.0,2.0,4.0,2.0,B01
201500035847,0,7,0,0.0,2.0,2.0,0.0,A01
201500035847,0,7,0,0.0,2.0,1.0,1.0,B01
201500035848,0,10,0,0.0,2.0,1.0,2.0,A01
201500035848,0,7,0,0.0,2.0,4.0,1.0,B01
201500035848,0,10,0,0.0,2.0,4.0,1.0,C01
201500035848,0,10,0,0.0,2.0,4.0,1.0,D01
201500035849,0,30,0,3.0,0.0,2.0,1.0,A01
201500035850,1,7,0,0.0,1.0,1.0,1.0,Z01
201500035851,0,33,0,0.0,2.0,2.0,1.0,B01
201500035851,0,7,0,0.0,2.0,6.0,11.0,A01
201500035852,0,7,0,0.0,2.0,1.0,2.0,A01
201500035852,0,7,0,0.0,2.0,4.0,2.0,B01
201500035852,0,7,0,0.0,2.0,4.0,2.0,C01
201500035853,0,7,0,6.0,0.0,3.0,1.0,A01
201500035854,0,7,0,0.0,1.0,2.0,4.0,A01
201500035855,0,30,0,0.0,2.0,1.0,1.0,A01
201500035855,0,10,0,0.0,2.0,2.0,16.0,B01
201500035856,0,32,0,0.0,2.0,1.0,1.0,A01
201500035856,0,7,0,0.0,2.0,3.0,0.0,B01
201500035857,0,7,0,0.0,2.0,1.0,1.0,B01
201500035857,0,7,0,0.0,2.0,1.0,9.0,A01
201500035858,0,1,0,0.0,2.0,6.0,1.0,B01
201500035858,0,14,0,0.0,2.0,5.0,1.0,A01
201500035859,0,7,0,0.0,2.0,8.0,1.0,A01
201500035859,0,7,0,0.0,2.0,1.0,1.0,B01
201500035859,0,7,0,0.0,2.0,1.0,0.0,C01
201500035860,0,30,0,0.0,0.0,0.0,13.0,A01
201500035860,0,7,0,0.0,0.0,0.0,1.0,B01
201500035861,0,7,0,0.0,2.0,1.0,1.0,A01
201500035861,0,21,0,0.0,2.0,4.0,2.0,B01
201500035862,0,7,0,0.0,1.0,3.0,1.0,A01
201500035863,0,7,0,0.0,2.0,3.0,10.0,A01
201500035863,0,7,0,0.0,2.0,3.0,1.0,B01
201500035864,0,7,0,0.0,2.0,1.0,2.0,A01
201500035864,0,7,0,0.0,2.0,4.0,2.0,B01
201500035865,0,7,0,0.0,2.0,3.0,1.0,A01
201500035865,0,7,0,9.0,2.0,5.0,2.0,B01
201500035866,0,10,0,0.0,1.0,1.0,1.0,A01
201500035867,0,7,0,7.0,0.0,1.0,18.0,A01
201500035868,0,7,0,0.0,2.0,2.0,15.0,A01
201500035868,0,7,0,0.0,2.0,1.0,1.0,B01
201500035869,0,7,0,0.0,2.0,3.0,1.0,B01
201500035869,0,7,0,0.0,2.0,2.0,1.0,A01
201500035870,0,10,0,0.0,2.0,1.0,15.0,A01
201500035870,0,7,0,0.0,2.0,6.0,1.0,B01
201500035871,0,7,0,0.0,2.0,1.0,1.0,A01
201500035871,0,7,0,0.0,2.0,4.0,1.0,B01
201500035872,0,7,0,0.0,2.0,1.0,15.0,A01
201500035872,0,7,0,0.0,2.0,1.0,1.0,B01
201500035873,0,7,0,0.0,2.0,1.0,2.0,A01
201500035873,0,7,0,0.0,2.0,4.0,1.0,B01
201500035874,0,7,0,0.0,2.0,1.0,1.0,A01
201500035874,0,7,0,0.0,2.0,4.0,2.0,B01
201500035874,0,7,0,0.0,0.0,0.0,0.0,C01
201500035875,0,7,0,0.0,1.0,2.0,1.0,A01
201500035876,0,7,0,0.0,2.0,1.0,15.0,A01
201500035876,0,30,0,0.0,0.0,0.0,0.0,B01
201500035877,0,7,0,0.0,2.0,2.0,9.0,A01
201500035877,0,1,0,0.0,2.0,8.0,1.0,B01
201500035878,0,7,0,15.0,0.0,1.0,9.0,A01
201500035879,0,30,0,0.0,2.0,1.0,17.0,B01
201500035879,0,7,0,0.0,2.0,3.0,9.0,A01
201500035880,0,7,0,0.0,2.0,1.0,2.0,A01
201500035880,0,7,0,0.0,2.0,4.0,2.0,B01
201500035881,0,7,0,0.0,2.0,3.0,1.0,B01
201500035881,0,7,0,0.0,2.0,3.0,13.0,A01
201500035882,0,33,0,12.0,0.0,8.0,1.0,A01
201500035883,0,7,0,0.0,2.0,1.0,13.0,A01
201500035883,0,7,0,0.0,2.0,1.0,1.0,B01
201500035884,0,7,0,0.0,2.0,3.0,15.0,A01
201500035884,0,33,0,0.0,2.0,3.0,1.0,B01
201500035885,0,7,0,0.0,1.0,1.0,15.0,A01
201500035886,0,7,0,13.0,0.0,9.0,1.0,A01
201500035887,0,2,0,0.0,0.0,7.0,10.0,A01
201500035888,0,7,0,0.0,2.0,2.0,1.0,A01
201500035888,0,7,0,0.0,0.0,0.0,0.0,B01
201500035889,0,7,0,0.0,2.0,4.0,1.0,B01
201500035889,0,7,0,0.0,2.0,1.0,2.0,A01
201500035890,0,7,0,0.0,2.0,1.0,1.0,B01
201500035890,0,7,0,0.0,2.0,8.0,9.0,A01
201500035891,0,7,0,0.0,1.0,2.0,16.0,A01
201500035892,0,10,0,2.0,0.0,1.0,0.0,A01
201500035893,0,7,0,0.0,2.0,1.0,13.0,A01
201500035893,0,7,0,0.0,2.0,3.0,1.0,B01
201500035894,0,7,0,0.0,2.0,3.0,9.0,A01
201500035894,0,31,0,0.0,2.0,1.0,1.0,B01
201500035895,0,7,0,0.0,2.0,1.0,2.0,A01
201500035895,0,7,0,0.0,2.0,4.0,2.0,D01
201500035895,0,7,0,0.0,2.0,4.0,2.0,B01
201500035895,0,7,0,0.0,2.0,4.0,2.0,C01
201500035896,0,7,0,4.0,0.0,1.0,1.0,A01
201500035897,0,7,0,0.0,2.0,3.0,13.0,A01
201500035897,0,7,0,0.0,2.0,1.0,1.0,B01
201500035898,0,7,0,0.0,2.0,1.0,2.0,A01
201500035898,0,7,0,0.0,2.0,4.0,2.0,B01
201500035899,0,7,0,0.0,1.0,2.0,1.0,A01
201500035900,0,7,0,0.0,2.0,1.0,15.0,A01
201500035900,0,33,0,0.0,2.0,1.0,1.0,B01
201500035901,0,7,0,0.0,2.0,4.0,23.0,B01
201500035901,0,7,0,0.0,2.0,1.0,2.0,A01
201500035902,0,30,0,12.0,0.0,8.0,1.0,A01
201500035903,0,7,0,0.0,1.0,3.0,1.0,A01
201500035903,0,7,0,0.0,1.0,3.0,23.0,B01
201500035904,0,7,0,0.0,2.0,3.0,1.0,B01
201500035904,0,7,0,0.0,2.0,1.0,1.0,A01
201500035905,0,7,0,0.0,1.0,2.0,17.0,A01
201500035906,0,7,0,0.0,2.0,1.0,2.0,A01
201500035906,0,7,0,0.0,2.0,4.0,23.0,B01
201500035907,0,33,0,0.0,2.0,1.0,13.0,A01
201500035907,0,10,0,0.0,2.0,3.0,1.0,B01
201500035908,0,33,0,0.0,2.0,1.0,1.0,B01
201500035908,0,7,0,0.0,2.0,3.0,15.0,A01
201500035909,0,30,0,0.0,2.0,7.0,17.0,A01
201500035909,0,7,0,0.0,2.0,3.0,19.0,B01
201500035910,0,7,0,0.0,1.0,1.0,16.0,A01
201500035911,0,10,0,9.0,0.0,2.0,1.0,A01
201500035912,0,7,0,0.0,2.0,1.0,2.0,A01
201500035912,0,7,0,0.0,2.0,4.0,2.0,B01
201500035913,0,7,0,6.0,0.0,3.0,1.0,A01
201500035914,0,7,0,0.0,2.0,6.0,9.0,A01
201500035914,0,32,0,0.0,2.0,5.0,1.0,B01
201500035915,0,7,0,0.0,2.0,4.0,2.0,B01
201500035915,0,15,0,0.0,2.0,2.0,2.0,A01
201500035916,0,7,0,13.0,2.0,3.0,13.0,A01
201500035916,0,7,0,0.0,2.0,3.0,1.0,B01
201500035917,0,30,0,0.0,0.0,3.0,1.0,A01
201500035918,0,7,0,13.0,0.0,9.0,21.0,A01
201500035918,1,7,0,0.0,2.0,2.0,0.0,Z01
201500035919,0,10,0,0.0,2.0,6.0,23.0,D01
201500035919,0,7,0,0.0,2.0,4.0,23.0,B01
201500035919,0,7,0,0.0,2.0,1.0,2.0,A01
201500035919,0,7,0,0.0,2.0,4.0,23.0,C01
201500035920,0,30,0,0.0,2.0,1.0,1.0,A01
201500035920,0,7,0,0.0,2.0,6.0,1.0,B01
201500035921,0,7,0,6.0,0.0,4.0,1.0,A01
201500035922,0,10,0,0.0,1.0,4.0,4.0,A01
201500035923,0,7,0,13.0,0.0,1.0,1.0,A01
201500035924,0,7,0,4.0,0.0,1.0,1.0,A01
201500035925,0,30,0,0.0,0.0,1.0,1.0,A01
201500035926,0,2,0,0.0,2.0,1.0,9.0,B01
201500035926,0,7,0,0.0,2.0,8.0,9.0,A01
201500035927,0,7,0,0.0,2.0,1.0,9.0,A01
201500035927,0,30,0,0.0,2.0,7.0,1.0,B01
201500035928,0,7,0,0.0,1.0,1.0,1.0,A01
201500035929,0,2,0,11.0,0.0,1.0,1.0,A01
201500035930,0,33,0,0.0,2.0,1.0,1.0,B01
201500035930,0,7,0,0.0,2.0,2.0,10.0,A01
201500035931,0,33,0,0.0,2.0,1.0,2.0,A01
201500035931,0,7,0,0.0,2.0,4.0,2.0,B01
201500035932,0,7,0,0.0,2.0,1.0,15.0,A01
201500035932,0,7,0,0.0,2.0,1.0,1.0,B01
201500035933,0,7,0,0.0,2.0,7.0,1.0,A01
201500035933,0,7,0,0.0,2.0,1.0,1.0,B01
201500035934,0,7,0,0.0,1.0,1.0,1.0,A01
201500035935,0,7,0,0.0,2.0,2.0,2.0,A01
201500035935,0,7,0,9.0,2.0,3.0,2.0,B01
201500035936,0,7,0,0.0,2.0,6.0,1.0,B01
201500035936,0,15,0,0.0,2.0,3.0,15.0,A01
201500035937,0,30,0,0.0,2.0,1.0,17.0,B01
201500035937,0,10,0,0.0,2.0,6.0,9.0,A01
201500035938,0,7,0,0.0,2.0,3.0,1.0,B01
201500035938,0,7,0,0.0,2.0,1.0,5.0,A01
201500035939,0,7,0,0.0,1.0,3.0,1.0,A01
201500035940,0,31,0,1.0,2.0,1.0,17.0,A01
201500035940,0,7,0,0.0,2.0,8.0,20.0,B01
201500035941,2,7,0,0.0,2.0,1.0,9.0,Z01
201500035941,0,30,0,0.0,2.0,7.0,9.0,A01
201500035942,0,7,0,0.0,2.0,4.0,2.0,B01
201500035942,2,30,0,0.0,2.0,1.0,2.0,A01
201500035943,0,7,0,6.0,0.0,2.0,1.0,A01
201500035944,0,31,0,16.0,0.0,8.0,1.0,A01
201500035945,0,30,0,0.0,2.0,1.0,9.0,A01
201500035945,0,7,0,0.0,2.0,1.0,9.0,B01
201500035946,0,33,0,0.0,2.0,1.0,1.0,B01
201500035946,0,10,0,0.0,2.0,5.0,12.0,A01
201500035947,0,7,0,6.0,0.0,1.0,1.0,A01
201500035948,0,7,0,6.0,0.0,1.0,1.0,A01
201500035949,0,7,0,0.0,1.0,3.0,15.0,A01
201500035950,0,33,0,12.0,0.0,7.0,1.0,A01
201500035951,0,7,0,1.0,0.0,1.0,1.0,A01
201500035952,0,7,0,0.0,1.0,1.0,15.0,A01
201500035953,0,30,0,0.0,0.0,7.0,1.0,A01
201500035954,0,10,0,0.0,2.0,1.0,1.0,A01
201500035954,0,7,0,7.0,2.0,5.0,1.0,B01
201500035955,0,7,0,0.0,2.0,1.0,1.0,A01
201500035955,0,7,0,0.0,2.0,1.0,9.0,B01
201500035956,0,17,0,0.0,2.0,4.0,1.0,B01
201500035956,0,14,0,0.0,2.0,1.0,2.0,A01
201500035957,0,7,0,0.0,1.0,3.0,1.0,A01
201500035958,0,7,0,8.0,2.0,5.0,1.0,A01
201500035958,0,7,0,0.0,2.0,1.0,1.0,B01
201500035959,0,7,0,0.0,2.0,7.0,0.0,B01
201500035959,0,7,0,0.0,0.0,0.0,0.0,A01
201500035960,0,7,0,0.0,2.0,3.0,9.0,A01
201500035960,0,7,0,0.0,2.0,3.0,9.0,B01
201500035961,0,7,0,0.0,2.0,2.0,15.0,A01
201500035961,0,30,0,0.0,2.0,1.0,1.0,B01
201500035962,0,7,0,0.0,2.0,1.0,1.0,B01
201500035962,0,7,0,0.0,2.0,2.0,9.0,A01
201500035963,0,7,0,0.0,2.0,2.0,15.0,A01
201500035963,0,7,0,0.0,2.0,2.0,1.0,B01
201500035964,0,7,0,2.0,0.0,1.0,16.0,A01
201500035965,0,7,0,0.0,1.0,7.0,1.0,A01
201500035966,0,7,0,0.0,1.0,1.0,1.0,A01
201500035967,0,7,0,0.0,2.0,2.0,15.0,A01
201500035967,0,30,0,0.0,2.0,8.0,1.0,B01
201500035968,0,7,0,0.0,2.0,3.0,0.0,A01
201500035968,0,1,0,0.0,2.0,5.0,0.0,B01
201500035969,0,7,0,4.0,0.0,1.0,1.0,A01
201500035970,0,17,0,0.0,2.0,8.0,9.0,A01
201500035970,0,7,0,0.0,2.0,2.0,1.0,B01
201500035971,0,7,0,0.0,2.0,2.0,15.0,A01
201500035971,0,7,0,0.0,2.0,6.0,1.0,B01
201500035972,0,7,0,0.0,2.0,4.0,23.0,B01
201500035972,0,7,0,0.0,2.0,1.0,2.0,A01
201500035973,0,7,0,0.0,2.0,4.0,23.0,B01
201500035973,0,1,0,0.0,2.0,1.0,2.0,A01
201500035974,0,32,0,12.0,0.0,7.0,1.0,A01
201500035975,0,33,0,0.0,0.0,8.0,9.0,A01
201500035976,0,1,0,0.0,0.0,0.0,1.0,A01
201500035977,0,33,0,13.0,0.0,3.0,1.0,A01
201500035978,0,33,0,0.0,0.0,0.0,1.0,A01
201500035979,0,37,1,0.0,2.0,3.0,1.0,B01
201500035979,0,7,0,0.0,2.0,8.0,13.0,A01
201500035980,0,1,0,0.0,2.0,7.0,17.0,A01
201500035980,0,37,1,0.0,2.0,6.0,0.0,B01
201500035981,0,7,0,0.0,1.0,8.0,0.0,A01
201500035982,0,32,0,0.0,0.0,7.0,16.0,A01
201500035983,0,7,0,0.0,2.0,3.0,15.0,A01
201500035983,0,30,0,0.0,2.0,7.0,17.0,B01
201500035984,0,34,0,0.0,2.0,3.0,13.0,A01
201500035984,0,7,0,0.0,2.0,3.0,1.0,B01
201500035985,0,30,0,0.0,1.0,1.0,1.0,A01
201500035986,0,7,0,0.0,2.0,1.0,1.0,B01
201500035986,0,7,0,0.0,2.0,3.0,9.0,A01
201500035987,0,30,0,0.0,2.0,1.0,9.0,A01
201500035987,0,7,0,0.0,2.0,7.0,1.0,B01
201500035988,0,7,0,9.0,0.0,1.0,1.0,A01
201500035989,0,7,0,15.0,0.0,7.0,1.0,A01
201500035990,0,33,0,0.0,2.0,1.0,1.0,B01
201500035990,0,10,0,0.0,2.0,2.0,15.0,A01
201500035991,0,14,0,0.0,2.0,2.0,1.0,B01
201500035991,0,3,0,0.0,2.0,1.0,9.0,A01
201500035992,0,7,0,0.0,2.0,3.0,1.0,B01
201500035992,0,30,0,0.0,2.0,1.0,10.0,A01
201500035993,0,7,0,0.0,2.0,1.0,1.0,B01
201500035993,0,7,0,0.0,2.0,6.0,9.0,A01
201500035994,0,30,0,0.0,2.0,1.0,2.0,A01
201500035994,0,7,0,0.0,2.0,4.0,2.0,B01
201500035995,0,10,0,0.0,1.0,4.0,4.0,A01
201500035996,0,7,0,8.0,0.0,1.0,1.0,A01
201500035997,0,7,0,0.0,2.0,7.0,15.0,A01
201500035997,0,34,0,0.0,2.0,1.0,1.0,B01
201500035998,0,7,0,0.0,2.0,2.0,2.0,B01
201500035998,0,7,0,0.0,2.0,4.0,2.0,A01
201500035998,0,7,0,0.0,2.0,1.0,2.0,C01
201500035999,0,33,0,0.0,0.0,7.0,16.0,A01
201500036000,0,7,0,0.0,2.0,4.0,2.0,B01
201500036000,0,15,0,0.0,2.0,1.0,2.0,A01
201500036001,0,30,0,0.0,0.0,7.0,1.0,A01
201500036002,0,2,0,0.0,0.0,7.0,1.0,A01
201500036003,0,7,0,0.0,2.0,3.0,9.0,B01
201500036003,0,33,0,0.0,2.0,1.0,9.0,A01
201500036004,0,7,0,13.0,0.0,9.0,1.0,A01
201500036005,0,7,0,0.0,1.0,1.0,16.0,A01
201500036006,0,2,0,0.0,2.0,5.0,17.0,B01
201500036006,0,7,0,0.0,2.0,3.0,15.0,A01
201500036007,0,30,0,0.0,0.0,8.0,1.0,A01
201500036008,0,7,0,8.0,0.0,8.0,1.0,A01
201500036009,0,7,0,0.0,2.0,3.0,1.0,B01
201500036009,0,7,0,0.0,2.0,3.0,13.0,A01
201500036010,0,7,0,0.0,2.0,4.0,23.0,C01
201500036010,0,7,0,0.0,2.0,4.0,23.0,B01
201500036010,0,7,0,0.0,2.0,1.0,2.0,A01
201500036011,0,17,0,0.0,2.0,1.0,2.0,A01
201500036011,0,7,0,0.0,2.0,4.0,1.0,B01
201500036012,0,30,0,0.0,0.0,7.0,1.0,A01
201500036013,0,7,0,3.0,2.0,1.0,9.0,B01
201500036013,0,7,0,3.0,2.0,7.0,1.0,A01
201500036014,0,7,0,0.0,2.0,7.0,10.0,A01
201500036014,0,33,0,0.0,2.0,4.0,1.0,B01
201500036015,0,7,0,2.0,0.0,1.0,1.0,A01
201500036016,0,32,0,0.0,0.0,7.0,1.0,A01
201500036017,0,7,0,0.0,2.0,1.0,15.0,A01
201500036017,0,33,0,0.0,2.0,1.0,1.0,B01
201500036018,0,7,0,0.0,1.0,4.0,23.0,B01
201500036018,0,7,0,0.0,2.0,1.0,2.0,A01
201500036019,0,15,0,0.0,2.0,1.0,1.0,A01
201500036019,0,10,0,3.0,2.0,4.0,23.0,B01
201500036020,0,7,0,7.0,2.0,3.0,0.0,B01
201500036020,0,7,0,0.0,2.0,1.0,15.0,A01
201500036021,0,7,0,0.0,2.0,1.0,2.0,A01
201500036021,0,7,0,0.0,2.0,4.0,2.0,B01
201500036022,0,7,0,0.0,2.0,3.0,13.0,A01
201500036022,0,15,0,0.0,2.0,3.0,1.0,B01
201500036023,0,7,0,0.0,2.0,3.0,1.0,C01
201500036023,0,7,0,9.0,2.0,1.0,13.0,A01
201500036023,0,33,0,0.0,2.0,3.0,1.0,B01