Num_Acc,senc,catv,occutc,obs,obsm,choc,manv,num_veh
201500036024,0,7,0,0.0,1.0,2.0,17.0,A01
201500036025,0,7,0,0.0,2.0,3.0,1.0,B01
201500036025,0,31,0,0.0,2.0,7.0,1.0,C01
201500036025,0,7,0,0.0,2.0,3.0,13.0,A01
201500036026,0,7,0,0.0,2.0,3.0,5.0,A01
201500036026,0,1,0,0.0,2.0,1.0,1.0,B01
201500036027,0,7,0,9.0,0.0,7.0,1.0,A01
201500036028,0,2,0,0.0,0.0,0.0,1.0,A01
201500036029,0,20,0,0.0,2.0,4.0,4.0,A01
201500036029,0,7,0,0.0,2.0,1.0,1.0,B01
201500036030,0,7,0,0.0,2.0,1.0,9.0,B01
201500036030,0,7,0,0.0,2.0,3.0,9.0,A01
201500036031,0,10,0,0.0,1.0,3.0,1.0,A01
201500036032,1,7,0,0.0,1.0,1.0,1.0,Z01
201500036033,1,7,0,0.0,2.0,4.0,23.0,Z01
201500036033,0,7,0,0.0,2.0,1.0,2.0,A01
201500036033,0,7,0,0.0,2.0,4.0,2.0,B01
201500036034,0,7,0,0.0,2.0,1.0,1.0,B01
201500036034,0,7,0,1.0,2.0,8.0,9.0,A01
201500036035,0,30,0,0.0,0.0,0.0,1.0,A01
201500036036,0,33,0,0.0,2.0,1.0,1.0,B01
201500036036,0,7,0,0.0,2.0,5.0,1.0,A01
201500036037,0,7,0,1.0,0.0,2.0,1.0,A01
201500036038,0,15,0,0.0,0.0,0.0,1.0,A01
201500036038,0,7,0,0.0,9.0,1.0,1.0,B01
201500036039,0,33,0,0.0,2.0,1.0,2.0,A01
201500036039,0,7,0,0.0,2.0,5.0,2.0,B01
201500036040,0,33,0,12.0,0.0,7.0,1.0,A01
201500036041,0,7,0,12.0,2.0,8.0,1.0,A01
201500036041,1,7,0,0.0,2.0,1.0,9.0,Z01
201500036042,0,7,0,0.0,2.0,2.0,15.0,A01
201500036042,0,1,0,0.0,2.0,1.0,1.0,B01
201500036043,0,7,0,0.0,1.0,1.0,15.0,A01
201500036044,0,32,0,0.0,0.0,8.0,1.0,A01
201500036045,0,10,0,0.0,1.0,2.0,1.0,A01
201500036046,0,7,0,0.0,2.0,4.0,23.0,B01
201500036046,0,7,0,0.0,2.0,1.0,2.0,A01
201500036047,0,7,0,0.0,2.0,4.0,2.0,B01
201500036047,0,7,0,0.0,2.0,1.0,2.0,A01
201500036048,0,7,0,0.0,2.0,2.0,1.0,A01
201500036048,0,7,0,0.0,0.0,0.0,0.0,B01
201500036049,0,15,0,0.0,2.0,1.0,13.0,A01
201500036049,0,7,0,0.0,2.0,3.0,1.0,B01
201500036050,0,10,0,0.0,2.0,1.0,1.0,B01
201500036050,0,7,0,0.0,2.0,8.0,0.0,A01
201500036051,0,7,0,6.0,0.0,1.0,1.0,A01
201500036052,0,7,0,0.0,1.0,2.0,1.0,A01
201500036053,0,7,0,0.0,2.0,3.0,13.0,A01
201500036053,0,7,0,0.0,2.0,3.0,1.0,B01
201500036054,0,7,0,0.0,2.0,4.0,23.0,B01
201500036054,0,7,0,0.0,2.0,4.0,23.0,C01
201500036054,0,7,0,0.0,2.0,1.0,2.0,A01
201500036055,0,7,0,0.0,2.0,1.0,2.0,A01
201500036055,0,7,0,0.0,2.0,4.0,2.0,B01
201500036056,0,30,0,0.0,2.0,1.0,1.0,B01
201500036056,0,10,0,0.0,2.0,3.0,9.0,A01
201500036057,0,7,0,0.0,2.0,2.0,1.0,B01
201500036057,0,2,0,0.0,2.0,1.0,11.0,A01
201500036058,0,33,0,0.0,6.0,1.0,1.0,A01
201500036059,0,7,0,0.0,2.0,2.0,2.0,A01
201500036059,0,7,0,0.0,2.0,4.0,23.0,B01
201500036060,0,7,0,0.0,2.0,2.0,1.0,B01
201500036060,0,7,0,0.0,2.0,5.0,4.0,A01
201500036061,0,7,0,0.0,1.0,1.0,9.0,A01
201500036062,0,7,0,0.0,2.0,5.0,2.0,C01
201500036062,0,7,0,0.0,2.0,4.0,2.0,B01
201500036062,0,7,0,0.0,2.0,1.0,2.0,A01
201500036063,0,7,0,0.0,2.0,4.0,23.0,B01
201500036063,0,7,0,0.0,2.0,1.0,2.0,A01
201500036064,0,1,0,0.0,2.0,1.0,1.0,B01
201500036064,0,7,0,0.0,2.0,7.0,15.0,A01
201500036065,0,2,0,12.0,0.0,0.0,0.0,A01
201500036066,0,7,0,2.0,0.0,3.0,0.0,A01
201500036067,0,7,0,0.0,2.0,1.0,1.0,B01
201500036067,0,7,0,0.0,2.0,8.0,1.0,A01
201500036068,0,7,0,0.0,2.0,3.0,15.0,A01
201500036068,0,7,0,0.0,2.0,3.0,1.0,B01
201500036069,2,7,0,0.0,2.0,1.0,15.0,A01
201500036069,0,31,0,0.0,2.0,1.0,1.0,B01
201500036070,0,7,0,0.0,2.0,3.0,16.0,A01
201500036070,0,30,0,0.0,2.0,2.0,1.0,B01
201500036071,0,30,0,1.0,0.0,2.0,0.0,A01
201500036072,0,7,0,12.0,0.0,1.0,1.0,A01
201500036073,0,7,0,12.0,1.0,3.0,1.0,A01
201500036074,0,7,0,0.0,2.0,8.0,23.0,C01
201500036074,0,7,0,1.0,2.0,1.0,0.0,A01
201500036075,0,2,0,0.0,2.0,1.0,2.0,A01
201500036075,0,7,0,0.0,2.0,5.0,23.0,B01
201500036076,0,7,0,9.0,0.0,3.0,6.0,A01
201500036077,0,37,7,0.0,2.0,4.0,23.0,B01
201500036077,0,7,0,0.0,2.0,1.0,2.0,A01
201500036078,0,7,0,1.0,0.0,1.0,1.0,A01
201500036079,0,7,0,0.0,2.0,1.0,2.0,A01
201500036079,0,7,0,0.0,2.0,4.0,23.0,B01
201500036080,0,7,0,0.0,2.0,4.0,23.0,B01
201500036080,0,7,0,0.0,2.0,1.0,2.0,A01
201500036081,0,10,0,0.0,2.0,3.0,16.0,A01
201500036081,0,7,0,0.0,2.0,2.0,1.0,B01
201500036082,0,7,0,9.0,0.0,1.0,1.0,A01
201500036083,0,7,0,1.0,0.0,0.0,15.0,A01
201500036083,0,33,0,1.0,0.0,1.0,1.0,B01
201500036084,0,31,0,0.0,2.0,1.0,2.0,A01
201500036084,0,7,0,0.0,2.0,5.0,2.0,B01
201500036085,0,7,0,0.0,1.0,3.0,1.0,A01
201500036086,0,30,0,0.0,2.0,1.0,9.0,A01
201500036086,0,7,0,0.0,2.0,3.0,1.0,B01
201500036087,0,7,0,0.0,2.0,3.0,1.0,B01
201500036087,0,10,0,0.0,2.0,1.0,13.0,A01
201500036088,0,2,0,1.0,0.0,1.0,1.0,A01
201500036089,0,7,0,0.0,2.0,4.0,2.0,B01
201500036089,0,7,0,0.0,2.0,1.0,2.0,A01
201500036090,0,7,0,0.0,2.0,3.0,23.0,C01
201500036090,0,7,0,0.0,2.0,1.0,1.0,A01
201500036090,0,7,0,0.0,2.0,1.0,9.0,B01
201500036091,0,2,0,0.0,0.0,7.0,1.0,A01
201500036092,0,7,0,0.0,2.0,3.0,9.0,A01
201500036092,0,7,0,0.0,2.0,2.0,1.0,B01
201500036093,0,7,0,0.0,2.0,1.0,2.0,A01
201500036093,0,7,0,0.0,2.0,4.0,2.0,B01
201500036094,0,7,0,0.0,0.0,0.0,0.0,A01
201500036095,0,7,0,0.0,2.0,2.0,15.0,A01
201500036095,0,30,0,0.0,2.0,2.0,1.0,B01
201500036096,0,10,0,0.0,2.0,2.0,1.0,B01
201500036096,0,7,0,0.0,2.0,1.0,19.0,A01
201500036097,0,7,0,0.0,2.0,1.0,2.0,A01
201500036097,0,7,0,0.0,2.0,4.0,1.0,B01
201500036098,0,7,0,0.0,2.0,1.0,2.0,A01
201500036098,0,33,0,0.0,2.0,4.0,1.0,B01
201500036099,0,7,0,0.0,1.0,2.0,1.0,A01
201500036100,0,7,0,0.0,1.0,0.0,16.0,A01
201500036101,0,7,0,0.0,2.0,3.0,1.0,B01
201500036101,0,7,0,0.0,2.0,2.0,15.0,A01
201500036102,0,7,0,0.0,2.0,3.0,1.0,B01
201500036102,0,7,0,0.0,2.0,1.0,15.0,A01
201500036103,0,7,0,0.0,1.0,1.0,1.0,A01
201500036104,0,7,0,9.0,2.0,1.0,9.0,A01
201500036104,0,7,0,0.0,2.0,1.0,9.0,B01
201500036105,0,10,0,13.0,0.0,1.0,13.0,A01
201500036106,0,7,0,0.0,1.0,1.0,1.0,A01
201500036107,0,10,0,0.0,1.0,2.0,1.0,A01
201500036108,0,7,0,0.0,2.0,3.0,15.0,A01
201500036108,0,33,0,0.0,2.0,1.0,1.0,B01
201500036109,0,7,0,0.0,1.0,3.0,16.0,A01
201500036110,0,2,0,0.0,0.0,1.0,1.0,A01
201500036111,0,2,0,0.0,2.0,1.0,9.0,B01
201500036111,0,7,0,0.0,2.0,2.0,15.0,A01
201500036112,0,30,0,0.0,0.0,7.0,1.0,A01
201500036113,0,7,0,15.0,0.0,1.0,9.0,A01
201500036114,0,7,0,0.0,2.0,4.0,23.0,C01
201500036114,0,14,0,0.0,2.0,1.0,2.0,A01
201500036114,0,7,0,0.0,2.0,4.0,23.0,B01
201500036115,0,7,0,0.0,2.0,1.0,1.0,A01
201500036115,0,7,0,0.0,2.0,3.0,1.0,B01
201500036116,0,7,0,8.0,0.0,4.0,13.0,A01
201500036117,0,7,0,0.0,0.0,0.0,0.0,C01
201500036117,0,7,0,0.0,2.0,4.0,23.0,A01
201500036117,0,7,0,0.0,2.0,4.0,23.0,B01
201500036118,0,7,0,0.0,2.0,1.0,2.0,A01
201500036118,0,7,0,0.0,2.0,6.0,1.0,B01
201500036119,1,7,0,0.0,2.0,3.0,10.0,Z01
201500036119,0,30,0,0.0,2.0,1.0,1.0,B01
201500036120,0,10,0,0.0,1.0,4.0,4.0,A01
201500036121,0,7,0,0.0,2.0,1.0,1.0,A01
201500036121,0,7,0,0.0,2.0,3.0,1.0,B01
201500036122,0,7,0,0.0,2.0,1.0,2.0,A01
201500036122,0,7,0,0.0,2.0,4.0,2.0,B01
201500036123,0,7,0,0.0,2.0,4.0,2.0,B01
201500036123,0,7,0,0.0,2.0,4.0,2.0,C01
201500036123,0,7,0,0.0,2.0,1.0,2.0,A01
201500036124,0,10,0,0.0,2.0,8.0,15.0,B01
201500036124,0,2,0,0.0,2.0,2.0,1.0,A01
201500036125,0,30,0,0.0,0.0,7.0,1.0,A01
201500036126,0,7,0,3.0,0.0,1.0,1.0,A01
201500036127,0,7,0,2.0,0.0,3.0,1.0,A01
201500036128,0,7,0,0.0,1.0,3.0,1.0,A01
201500036129,0,7,0,0.0,2.0,6.0,24.0,B01
201500036129,0,7,0,1.0,0.0,2.0,1.0,A01
201500036130,0,7,0,0.0,2.0,1.0,2.0,A01
201500036130,0,7,0,0.0,2.0,4.0,23.0,B01
201500036130,0,7,0,0.0,2.0,4.0,23.0,C01
201500036131,0,30,0,0.0,0.0,7.0,1.0,A01
201500036132,0,33,0,0.0,5.0,8.0,1.0,A01
201500036133,0,2,0,1.0,0.0,1.0,1.0,A01
201500036134,0,7,0,0.0,1.0,1.0,15.0,A01
201500036135,0,7,0,0.0,1.0,1.0,1.0,A01
201500036136,0,7,0,0.0,2.0,1.0,15.0,A01
201500036136,0,1,0,0.0,2.0,1.0,1.0,B01
201500036137,0,7,0,4.0,0.0,5.0,1.0,A01
201500036138,0,7,0,0.0,2.0,3.0,9.0,A01
201500036138,0,7,0,0.0,2.0,1.0,1.0,B01
201500036139,0,7,0,6.0,2.0,1.0,9.0,A01
201500036139,0,7,0,0.0,2.0,1.0,1.0,B01
201500036140,0,15,0,0.0,2.0,1.0,1.0,A01
201500036140,0,7,0,0.0,2.0,4.0,9.0,B01
201500036141,0,7,0,0.0,2.0,4.0,2.0,C01
201500036141,0,7,0,0.0,2.0,1.0,2.0,A01
201500036141,0,7,0,0.0,2.0,4.0,2.0,B01
201500036142,0,7,0,0.0,2.0,2.0,1.0,A01
201500036142,0,2,0,0.0,2.0,1.0,1.0,B01
201500036143,0,7,0,0.0,2.0,6.0,23.0,B01
201500036143,0,7,0,0.0,2.0,1.0,2.0,A01
201500036144,0,7,0,0.0,1.0,2.0,16.0,A01
201500036145,0,7,0,0.0,2.0,3.0,1.0,A01
201500036145,0,7,0,0.0,2.0,2.0,1.0,B01
201500036146,2,7,0,0.0,2.0,1.0,2.0,A01
201500036146,0,7,0,0.0,2.0,1.0,1.0,C01
201500036146,0,7,0,0.0,2.0,4.0,1.0,B01
201500036147,0,7,0,0.0,2.0,8.0,15.0,A01
201500036147,0,7,0,1.0,2.0,2.0,2.0,B01
201500036148,0,7,0,0.0,2.0,1.0,2.0,A01
201500036148,0,7,0,0.0,2.0,4.0,2.0,C01
201500036148,0,7,0,0.0,2.0,4.0,2.0,B01
201500036149,0,30,0,0.0,2.0,1.0,1.0,A01
201500036149,0,7,0,0.0,2.0,8.0,15.0,B01
201500036150,1,7,0,0.0,1.0,3.0,17.0,Z01
201500036151,0,1,0,0.0,0.0,8.0,1.0,A01
201500036152,0,34,0,0.0,2.0,1.0,1.0,B01
201500036152,0,7,0,0.0,2.0,2.0,15.0,A01
201500036153,0,30,0,0.0,2.0,7.0,1.0,B01
201500036153,0,10,0,0.0,2.0,1.0,9.0,A01
201500036154,0,2,0,0.0,2.0,1.0,17.0,A01
201500036154,0,7,0,0.0,2.0,8.0,15.0,B01
201500036155,0,7,0,0.0,1.0,2.0,1.0,A01
201500036156,0,7,0,0.0,2.0,3.0,15.0,B01
201500036156,0,10,0,0.0,2.0,2.0,1.0,A01
201500036157,0,7,0,0.0,2.0,2.0,1.0,A01
201500036157,0,7,0,0.0,2.0,3.0,1.0,B01
201500036158,0,7,0,0.0,2.0,2.0,14.0,A01
201500036158,0,7,0,3.0,2.0,6.0,1.0,B01
201500036159,0,1,0,0.0,2.0,3.0,1.0,B01
201500036159,1,99,0,0.0,2.0,5.0,16.0,Z01
201500036160,0,7,0,0.0,2.0,1.0,1.0,B01
201500036160,0,7,0,0.0,2.0,3.0,1.0,A01
201500036161,0,7,0,0.0,2.0,2.0,15.0,A01
201500036161,0,7,0,0.0,2.0,3.0,1.0,B01
201500036162,0,7,0,0.0,0.0,0.0,9.0,A01
201500036162,0,33,0,0.0,0.0,7.0,1.0,B01
201500036163,1,7,0,0.0,2.0,4.0,1.0,Z01
201500036163,0,7,0,0.0,2.0,4.0,1.0,B01
201500036163,0,7,0,0.0,2.0,1.0,2.0,A01
201500036164,0,7,0,0.0,2.0,2.0,1.0,B01
201500036164,0,7,0,0.0,2.0,3.0,11.0,A01
201500036165,0,17,0,0.0,2.0,7.0,1.0,A01
201500036165,0,1,0,0.0,2.0,0.0,19.0,B01
201500036166,0,30,0,0.0,0.0,8.0,1.0,A01
201500036167,0,99,0,13.0,0.0,7.0,1.0,A01
201500036168,0,7,0,0.0,2.0,1.0,15.0,A01
201500036168,0,30,0,0.0,2.0,1.0,1.0,B01
201500036169,0,7,0,0.0,0.0,0.0,4.0,A01
201500036169,0,30,0,0.0,0.0,7.0,1.0,B01
201500036170,0,30,0,0.0,0.0,8.0,1.0,A01
201500036171,0,7,0,0.0,2.0,3.0,15.0,A01
201500036171,0,30,0,0.0,2.0,8.0,1.0,B01
201500036172,0,7,0,0.0,2.0,1.0,15.0,A01
201500036172,0,7,0,0.0,2.0,3.0,1.0,B01
201500036173,0,7,0,0.0,1.0,1.0,15.0,A01
201500036174,0,7,0,0.0,1.0,1.0,1.0,A01
201500036175,0,7,0,0.0,2.0,3.0,1.0,A01
201500036175,0,7,0,0.0,2.0,2.0,9.0,B01
201500036176,0,33,0,8.0,0.0,1.0,1.0,A01
201500036177,0,34,0,12.0,0.0,1.0,1.0,A01
201500036178,0,7,0,3.0,0.0,3.0,0.0,A01
201500036179,0,33,0,0.0,0.0,8.0,1.0,A01
201500036180,0,7,0,0.0,2.0,1.0,23.0,B01
201500036180,0,7,0,9.0,2.0,1.0,1.0,A01
201500036181,0,33,0,0.0,0.0,7.0,1.0,A01
201500036182,0,7,0,12.0,0.0,8.0,1.0,A01
201500036183,0,7,0,0.0,2.0,8.0,20.0,A01
201500036183,0,2,0,0.0,2.0,1.0,1.0,B01
201500036184,0,7,0,0.0,2.0,2.0,1.0,B01
201500036184,0,7,0,0.0,2.0,8.0,11.0,A01
201500036185,0,30,0,0.0,2.0,3.0,1.0,B01
201500036185,0,7,0,0.0,2.0,3.0,15.0,A01
201500036186,0,31,0,0.0,2.0,7.0,1.0,A01
201500036186,2,7,0,0.0,2.0,3.0,11.0,Z01
201500036187,0,14,0,0.0,1.0,0.0,1.0,A01
201500036188,0,33,0,0.0,1.0,1.0,1.0,A01
201500036189,0,10,0,0.0,1.0,1.0,1.0,A01
201500036190,0,7,0,0.0,2.0,2.0,16.0,B01
201500036190,0,30,0,0.0,2.0,3.0,18.0,A01
201500036191,0,7,0,0.0,2.0,7.0,15.0,A01
201500036191,0,30,0,0.0,2.0,1.0,1.0,B01
201500036192,0,33,0,0.0,0.0,0.0,0.0,A01
201500036193,0,2,0,0.0,2.0,1.0,15.0,A01
201500036193,0,7,0,0.0,2.0,8.0,15.0,B01
201500036194,0,30,0,0.0,2.0,4.0,2.0,B01
201500036194,1,7,0,0.0,2.0,1.0,2.0,Z01
201500036195,0,7,0,0.0,1.0,1.0,19.0,A01
201500036196,0,7,0,0.0,2.0,2.0,15.0,A01
201500036196,0,2,0,0.0,2.0,1.0,1.0,B01
201500036197,0,7,0,0.0,1.0,1.0,1.0,A01
201500036197,0,7,0,0.0,2.0,1.0,1.0,B01
201500036198,0,7,0,8.0,0.0,1.0,1.0,A01
201500036199,0,1,0,0.0,2.0,1.0,1.0,B01
201500036199,0,7,0,0.0,9.0,1.0,13.0,A01
201500036200,0,7,0,0.0,1.0,1.0,15.0,A01
201500036201,0,33,0,0.0,0.0,0.0,2.0,A01
201500036202,0,33,0,0.0,2.0,8.0,5.0,A01
201500036202,0,7,0,0.0,2.0,8.0,5.0,B01
201500036203,0,33,0,0.0,2.0,7.0,1.0,B01
201500036203,0,7,0,0.0,2.0,2.0,15.0,A01
201500036204,0,14,0,0.0,1.0,2.0,16.0,A01
201500036205,0,7,0,0.0,2.0,3.0,2.0,B01
201500036205,0,2,0,0.0,2.0,1.0,15.0,A01
201500036206,0,7,0,0.0,2.0,1.0,1.0,B01
201500036206,0,7,0,0.0,2.0,2.0,15.0,A01
201500036207,0,10,0,0.0,2.0,1.0,1.0,A01
201500036207,0,2,0,0.0,2.0,3.0,1.0,B01
201500036208,1,7,0,0.0,1.0,1.0,1.0,A01
201500036209,0,7,0,0.0,1.0,2.0,1.0,A01
201500036210,0,7,0,0.0,2.0,0.0,2.0,A01
201500036210,0,7,0,0.0,2.0,0.0,2.0,B01
201500036210,0,7,0,0.0,2.0,0.0,2.0,C01
201500036210,0,7,0,0.0,0.0,0.0,2.0,D01
201500036211,0,7,0,0.0,2.0,1.0,0.0,A01
201500036211,0,33,0,0.0,2.0,7.0,0.0,B01
201500036212,0,10,0,0.0,1.0,1.0,15.0,A01
201500036213,0,1,0,0.0,2.0,4.0,1.0,A01
201500036213,0,7,0,0.0,2.0,2.0,2.0,B01
201500036214,0,7,0,0.0,1.0,1.0,0.0,A01
201500036215,0,7,0,0.0,2.0,5.0,16.0,A01
201500036215,0,1,0,0.0,2.0,5.0,,A02
201500036216,0,7,0,16.0,0.0,7.0,1.0,A01
201500036217,0,7,0,0.0,1.0,1.0,2.0,A01
201500036218,0,7,0,0.0,2.0,2.0,15.0,A01
201500036218,0,7,0,0.0,2.0,3.0,1.0,B01
201500036219,0,7,0,0.0,1.0,2.0,1.0,A01
201500036220,0,7,0,0.0,1.0,1.0,1.0,A01
201500036221,0,7,0,0.0,0.0,0.0,0.0,A01
201500036221,0,33,0,0.0,2.0,1.0,17.0,B01
201500036222,0,30,0,0.0,1.0,2.0,1.0,A01
201500036223,0,7,0,0.0,2.0,3.0,15.0,A01
201500036223,2,1,0,0.0,2.0,8.0,1.0,B01
201500036224,0,7,0,0.0,2.0,1.0,13.0,A01
201500036224,0,7,0,0.0,2.0,1.0,1.0,B01
201500036225,0,7,0,0.0,2.0,2.0,15.0,A01
201500036225,0,33,0,6.0,2.0,1.0,1.0,B01
201500036226,0,7,0,0.0,2.0,7.0,1.0,A01
201500036226,0,2,0,0.0,2.0,1.0,1.0,B01
201500036227,0,7,0,0.0,2.0,1.0,2.0,A01
201500036227,0,7,0,0.0,2.0,4.0,2.0,B01
201500036228,0,2,0,0.0,9.0,1.0,1.0,A01
201500036229,0,2,0,0.0,2.0,1.0,17.0,A01
201500036229,0,1,0,0.0,2.0,3.0,15.0,B01
201500036230,0,31,0,1.0,0.0,3.0,0.0,A01
201500036230,0,7,0,0.0,0.0,5.0,0.0,B01
201500036231,0,7,0,0.0,1.0,2.0,16.0,A01
201500036232,0,7,0,15.0,0.0,1.0,14.0,A01
201500036233,0,3,0,0.0,1.0,1.0,1.0,F01
201500036234,0,7,0,0.0,1.0,2.0,1.0,A01
201500036235,0,7,0,0.0,0.0,0.0,1.0,A01
201500036236,0,33,0,13.0,0.0,1.0,14.0,A01
201500036237,0,30,0,0.0,2.0,1.0,0.0,A01
201500036237,0,7,0,0.0,2.0,3.0,0.0,B01
201500036238,0,30,0,0.0,2.0,1.0,13.0,A01
201500036238,0,7,0,0.0,2.0,1.0,0.0,B01
201500036239,0,7,0,0.0,2.0,3.0,2.0,B01
201500036239,0,33,0,0.0,2.0,2.0,17.0,A01
201500036240,0,1,0,0.0,2.0,0.0,1.0,B01
201500036240,0,7,0,0.0,9.0,2.0,16.0,A01
201500036241,0,7,0,0.0,1.0,1.0,1.0,A01
201500036242,0,7,0,0.0,2.0,1.0,1.0,B01
201500036242,0,3,0,0.0,2.0,1.0,15.0,A01
201500036243,0,7,0,12.0,0.0,1.0,2.0,A01
201500036244,0,7,0,0.0,2.0,1.0,1.0,A01
201500036244,0,7,0,0.0,2.0,5.0,1.0,B01
201500036244,0,7,0,0.0,2.0,6.0,1.0,C01
201500036245,0,2,0,0.0,2.0,0.0,1.0,A01
201500036245,1,7,0,0.0,2.0,0.0,0.0,Z01
201500036246,0,10,0,0.0,1.0,1.0,1.0,A01
201500036247,0,7,0,0.0,2.0,1.0,1.0,B01
201500036247,0,7,0,0.0,2.0,7.0,9.0,A01
201500036248,0,7,0,0.0,9.0,9.0,2.0,A01
201500036249,0,7,0,0.0,1.0,1.0,0.0,A01
201500036250,0,7,0,13.0,0.0,1.0,1.0,A01
201500036251,0,7,0,0.0,1.0,1.0,17.0,A01
201500036252,0,7,0,0.0,2.0,1.0,1.0,A01
201500036252,0,33,0,0.0,2.0,4.0,2.0,B01
201500036253,0,33,0,0.0,2.0,1.0,0.0,A01
201500036253,0,7,0,0.0,2.0,3.0,0.0,B01
201500036254,0,7,0,0.0,1.0,1.0,1.0,A01
201500036255,0,7,0,0.0,1.0,4.0,4.0,A01
201500036256,0,7,0,0.0,2.0,1.0,13.0,A01
201500036256,0,7,0,0.0,2.0,3.0,1.0,B01
201500036257,0,33,0,0.0,1.0,1.0,1.0,A01
201500036258,0,7,0,6.0,0.0,8.0,1.0,A01
201500036259,0,7,0,15.0,2.0,1.0,1.0,B01
201500036259,0,7,0,0.0,2.0,8.0,15.0,A01
201500036260,0,7,0,0.0,1.0,2.0,1.0,A01
201500036261,0,7,0,0.0,2.0,1.0,13.0,A01
201500036261,0,14,0,0.0,2.0,1.0,1.0,B01
201500036261,0,7,0,0.0,9.0,0.0,1.0,C01
201500036261,0,7,0,0.0,9.0,0.0,1.0,D01
201500036262,0,37,1,0.0,1.0,6.0,15.0,A01
201500036263,0,7,0,0.0,2.0,1.0,2.0,A01
201500036263,0,7,0,0.0,2.0,4.0,23.0,B01
201500036263,0,7,0,0.0,2.0,4.0,23.0,C01
201500036264,0,7,0,0.0,2.0,3.0,12.0,A01
201500036264,0,1,0,0.0,2.0,4.0,0.0,B01
201500036265,0,30,0,0.0,2.0,1.0,1.0,B01
201500036265,0,10,0,0.0,2.0,3.0,15.0,A01
201500036266,0,7,0,6.0,0.0,1.0,0.0,A01
201500036267,0,7,0,0.0,1.0,2.0,1.0,A01
201500036268,0,7,0,0.0,2.0,2.0,15.0,A01
201500036268,0,2,0,0.0,2.0,1.0,1.0,B01
201500036269,0,7,0,0.0,2.0,8.0,9.0,A01
201500036269,0,2,0,0.0,2.0,1.0,1.0,B01
201500036270,0,7,0,0.0,2.0,6.0,0.0,B01
201500036270,0,30,0,0.0,2.0,1.0,9.0,A01
201500036271,0,30,0,0.0,2.0,1.0,1.0,A01
201500036271,0,7,0,0.0,9.0,4.0,1.0,B01
201500036272,0,7,0,0.0,1.0,3.0,1.0,A01
201500036273,0,7,0,0.0,1.0,1.0,1.0,A01
201500036273,0,7,0,0.0,2.0,1.0,1.0,B01
201500036274,0,7,0,0.0,1.0,1.0,15.0,A01
201500036275,0,30,0,0.0,1.0,7.0,1.0,A01
201500036276,0,1,0,0.0,2.0,1.0,1.0,A01
201500036276,0,7,0,0.0,2.0,6.0,15.0,B01
201500036277,0,7,0,0.0,2.0,1.0,1.0,A01
201500036277,0,2,0,0.0,2.0,4.0,1.0,B01
201500036278,0,7,0,0.0,1.0,1.0,15.0,A01
201500036279,0,33,0,0.0,2.0,0.0,1.0,B01
201500036279,0,7,0,0.0,2.0,3.0,15.0,A01
201500036280,0,7,0,12.0,1.0,1.0,16.0,A01
201500036281,0,1,0,0.0,2.0,2.0,1.0,B01
201500036281,0,7,0,0.0,2.0,1.0,1.0,A01
201500036282,0,15,0,0.0,2.0,1.0,1.0,A01
201500036282,0,7,0,0.0,9.0,4.0,23.0,B01
201500036283,0,7,0,8.0,0.0,9.0,17.0,A01
201500036284,0,7,0,0.0,2.0,2.0,1.0,A01
201500036284,0,30,0,0.0,2.0,1.0,1.0,B01
201500036285,0,7,0,0.0,9.0,1.0,1.0,A01
201500036285,0,1,0,0.0,2.0,1.0,1.0,B01
201500036286,0,7,0,0.0,2.0,2.0,13.0,A01
201500036286,0,7,0,0.0,2.0,1.0,1.0,B01
201500036287,0,7,0,0.0,1.0,1.0,20.0,A01
201500036288,0,7,0,0.0,2.0,8.0,15.0,A01
201500036288,0,30,0,0.0,2.0,1.0,1.0,B01
201500036289,0,10,0,0.0,2.0,3.0,1.0,A01
201500036289,0,10,0,0.0,0.0,4.0,1.0,B01
201500036290,0,7,0,0.0,2.0,6.0,10.0,A01
201500036290,0,10,0,0.0,2.0,2.0,1.0,B01
201500036291,0,7,0,0.0,2.0,8.0,11.0,B01
201500036291,0,2,0,0.0,2.0,7.0,17.0,A01
201500036292,0,7,0,0.0,2.0,1.0,2.0,A01
201500036292,0,7,0,0.0,0.0,4.0,2.0,B01
201500036293,0,7,0,0.0,1.0,1.0,1.0,A01
201500036294,0,7,0,0.0,2.0,7.0,15.0,B01
201500036294,0,7,0,0.0,2.0,8.0,1.0,A01
201500036295,0,7,0,0.0,2.0,2.0,22.0,A01
201500036295,0,1,0,1.0,0.0,1.0,1.0,B01
201500036296,1,99,0,0.0,1.0,0.0,0.0,A01
201500036297,0,7,0,0.0,1.0,2.0,1.0,A01
201500036298,0,7,0,0.0,2.0,6.0,0.0,A01
201500036298,0,7,0,0.0,2.0,3.0,1.0,B01
201500036299,0,7,0,0.0,2.0,3.0,16.0,A01
201500036299,0,1,0,0.0,2.0,2.0,0.0,B01
201500036300,0,10,0,0.0,1.0,8.0,0.0,A01
201500036301,0,7,0,0.0,2.0,3.0,1.0,B01
201500036301,0,7,0,0.0,2.0,1.0,0.0,A01
201500036302,0,7,0,0.0,2.0,4.0,2.0,C01
201500036302,0,2,0,0.0,2.0,4.0,0.0,B01
201500036302,0,7,0,0.0,2.0,1.0,2.0,A01
201500036303,0,7,0,0.0,2.0,3.0,20.0,A01
201500036303,0,7,0,0.0,2.0,7.0,1.0,B01