Num_Acc,senc,catv,occutc,obs,obsm,choc,manv,num_veh
201500036304,0,7,0,0.0,0.0,0.0,0.0,B01
201500036304,0,7,0,0.0,0.0,0.0,0.0,A01
201500036305,0,7,0,0.0,2.0,8.0,1.0,A01
201500036305,0,7,0,0.0,2.0,1.0,1.0,B01
201500036306,0,7,0,0.0,1.0,0.0,0.0,A01
201500036307,0,7,0,0.0,1.0,2.0,1.0,A01
201500036308,0,7,0,0.0,9.0,3.0,15.0,A01
201500036308,0,1,0,0.0,0.0,0.0,0.0,B01
201500036309,0,7,0,0.0,2.0,4.0,4.0,A01
201500036309,0,7,0,0.0,2.0,3.0,0.0,B01
201500036310,0,37,5,0.0,1.0,2.0,1.0,A01
201500036311,0,7,0,0.0,2.0,3.0,0.0,A01
201500036311,0,7,0,0.0,2.0,4.0,0.0,B01
201500036312,0,30,0,0.0,2.0,1.0,2.0,A01
201500036312,0,7,0,0.0,0.0,4.0,2.0,B01
201500036313,0,7,0,0.0,1.0,3.0,0.0,A01
201500036314,0,7,0,0.0,2.0,0.0,0.0,B01
201500036314,0,7,0,0.0,2.0,2.0,15.0,A01
201500036315,0,7,0,0.0,0.0,3.0,1.0,B01
201500036315,0,7,0,0.0,0.0,1.0,11.0,A01
201500036315,0,7,0,0.0,0.0,3.0,1.0,C01
201500036316,0,7,0,0.0,1.0,2.0,2.0,A01
201500036317,0,7,0,0.0,1.0,3.0,1.0,A01
201500036318,0,30,0,0.0,2.0,1.0,2.0,B01
201500036318,0,7,0,0.0,2.0,4.0,2.0,A01
201500036319,0,1,0,0.0,0.0,0.0,0.0,B01
201500036319,0,7,0,0.0,2.0,1.0,0.0,A01
201500036320,0,7,0,0.0,1.0,0.0,0.0,A01
201500036321,0,7,0,0.0,2.0,3.0,15.0,A01
201500036321,0,30,0,0.0,2.0,1.0,1.0,B01
201500036322,0,7,0,0.0,0.0,0.0,1.0,A01
201500036323,0,33,0,0.0,2.0,4.0,1.0,B01
201500036323,0,7,0,0.0,2.0,2.0,2.0,A01
201500036324,0,7,0,0.0,1.0,0.0,20.0,A01
201500036325,0,1,0,0.0,0.0,0.0,0.0,B01
201500036325,0,7,0,0.0,2.0,1.0,1.0,A01
201500036326,0,7,0,0.0,0.0,4.0,2.0,B01
201500036326,0,7,0,0.0,2.0,1.0,2.0,A01
201500036327,0,7,0,0.0,2.0,1.0,1.0,B01
201500036327,0,7,0,0.0,2.0,1.0,2.0,C01
201500036327,0,7,0,0.0,2.0,1.0,2.0,A01
201500036328,0,7,0,0.0,0.0,0.0,0.0,B01
201500036328,0,7,0,0.0,0.0,0.0,0.0,A01
201500036329,0,7,0,0.0,1.0,3.0,2.0,A01
201500036330,0,7,0,0.0,2.0,3.0,0.0,A01
201500036330,0,1,0,0.0,2.0,1.0,0.0,B01
201500036331,0,7,0,0.0,1.0,1.0,1.0,A01
201500036332,0,7,0,0.0,2.0,8.0,0.0,A01
201500036332,0,7,0,0.0,2.0,3.0,15.0,B01
201500036333,0,7,0,0.0,2.0,2.0,15.0,A01
201500036333,0,34,0,0.0,2.0,7.0,0.0,B01
201500036334,0,7,0,0.0,2.0,1.0,1.0,B01
201500036334,0,7,0,0.0,2.0,1.0,15.0,A01
201500036335,0,7,0,0.0,1.0,0.0,0.0,A01
201500036336,0,7,0,0.0,1.0,0.0,0.0,A01
201500036337,0,3,0,0.0,2.0,6.0,15.0,B01
201500036337,0,33,0,0.0,2.0,2.0,17.0,A01
201500036338,0,30,0,0.0,2.0,1.0,0.0,A01
201500036338,0,7,0,0.0,2.0,4.0,0.0,B01
201500036339,0,7,0,0.0,2.0,2.0,9.0,A01
201500036339,0,33,0,0.0,2.0,5.0,0.0,B01
201500036340,1,3,0,0.0,0.0,4.0,2.0,A01
201500036340,0,7,0,0.0,2.0,0.0,0.0,B01
201500036341,2,7,0,1.0,0.0,9.0,0.0,A01
201500036342,0,7,0,0.0,2.0,8.0,1.0,B01
201500036342,0,7,0,0.0,2.0,1.0,1.0,A01
201500036343,0,7,0,0.0,2.0,4.0,2.0,C01
201500036343,0,7,0,0.0,2.0,0.0,0.0,B01
201500036343,1,7,0,0.0,2.0,1.0,2.0,A01
201500036344,0,7,0,12.0,0.0,2.0,0.0,A01
201500036345,0,7,0,0.0,1.0,3.0,0.0,A01
201500036346,0,1,0,0.0,2.0,1.0,0.0,Y01
201500036346,0,7,0,0.0,2.0,5.0,0.0,A01
201500036347,0,7,0,0.0,2.0,8.0,23.0,C01
201500036347,0,7,0,0.0,2.0,1.0,15.0,A01
201500036347,0,7,0,0.0,2.0,1.0,1.0,B01
201500036348,0,7,0,0.0,2.0,6.0,0.0,B01
201500036348,0,7,0,0.0,2.0,1.0,0.0,A01
201500036349,0,7,0,0.0,1.0,7.0,1.0,A01
201500036350,0,7,0,0.0,2.0,0.0,0.0,A01
201500036350,0,7,0,0.0,2.0,0.0,13.0,B01
201500036351,0,7,0,0.0,1.0,0.0,0.0,A01
201500036352,0,7,0,0.0,2.0,0.0,0.0,B01
201500036352,0,7,0,0.0,2.0,3.0,19.0,A01
201500036353,0,7,0,8.0,2.0,1.0,2.0,A01
201500036353,0,7,0,0.0,0.0,4.0,2.0,B01
201500036354,0,10,0,0.0,2.0,1.0,2.0,A01
201500036354,0,7,0,0.0,2.0,4.0,2.0,B01
201500036354,0,7,0,0.0,2.0,4.0,2.0,C01
201500036355,0,7,0,0.0,2.0,2.0,2.0,A01
201500036355,0,7,0,0.0,2.0,4.0,0.0,B01
201500036356,0,7,0,0.0,2.0,3.0,0.0,B01
201500036356,0,33,0,0.0,2.0,1.0,13.0,A01
201500036357,0,1,0,0.0,2.0,1.0,0.0,A01
201500036357,0,7,0,0.0,2.0,1.0,0.0,B01
201500036358,0,7,0,0.0,0.0,0.0,23.0,A01
201500036358,0,1,0,1.0,0.0,0.0,21.0,B01
201500036359,0,7,0,0.0,1.0,2.0,1.0,A01
201500036360,0,1,0,0.0,2.0,1.0,5.0,B01
201500036360,0,7,0,0.0,9.0,3.0,15.0,A01
201500036361,0,7,0,0.0,2.0,2.0,15.0,A01
201500036361,0,7,0,0.0,2.0,0.0,0.0,B01
201500036362,0,7,0,0.0,2.0,1.0,1.0,A01
201500036362,0,7,0,0.0,2.0,4.0,1.0,B01
201500036363,0,7,0,0.0,2.0,8.0,15.0,A01
201500036363,0,7,0,0.0,2.0,1.0,1.0,B01
201500036364,0,30,0,0.0,2.0,0.0,0.0,A01
201500036364,0,7,0,0.0,2.0,0.0,0.0,B01
201500036365,0,7,0,0.0,1.0,2.0,1.0,A01
201500036366,0,10,0,0.0,2.0,1.0,1.0,A01
201500036366,0,1,0,0.0,2.0,4.0,0.0,B01
201500036367,0,7,0,0.0,0.0,1.0,16.0,A01
201500036367,0,15,0,0.0,2.0,8.0,1.0,B01
201500036368,1,7,0,0.0,1.0,0.0,0.0,A01
201500036369,0,7,0,0.0,1.0,1.0,1.0,A01
201500036370,0,7,0,0.0,1.0,1.0,1.0,A01
201500036371,0,7,0,0.0,2.0,1.0,2.0,B01
201500036371,0,7,0,0.0,2.0,7.0,2.0,A01
201500036372,0,7,0,0.0,2.0,4.0,2.0,B01
201500036372,0,7,0,0.0,2.0,1.0,2.0,A01
201500036373,0,7,0,0.0,1.0,0.0,0.0,A01
201500036374,0,10,0,0.0,1.0,7.0,1.0,A01
201500036375,0,33,0,0.0,2.0,7.0,0.0,A01
201500036375,0,7,0,0.0,2.0,4.0,4.0,B01
201500036376,0,7,0,0.0,1.0,2.0,1.0,A01
201500036377,0,7,0,0.0,2.0,1.0,0.0,B01
201500036377,0,7,0,0.0,2.0,2.0,1.0,A01
201500036378,0,30,0,0.0,0.0,0.0,15.0,A01
201500036379,1,7,0,0.0,2.0,0.0,15.0,A01
201500036379,0,30,0,0.0,2.0,1.0,2.0,B01
201500036380,0,30,0,0.0,2.0,1.0,1.0,B01
201500036380,0,7,0,0.0,2.0,2.0,15.0,A01
201500036381,0,7,0,0.0,0.0,0.0,15.0,A01
201500036381,0,30,0,0.0,2.0,1.0,1.0,B01
201500036381,0,7,0,0.0,2.0,3.0,23.0,C01
201500036382,0,1,0,2.0,0.0,3.0,0.0,A01
201500036382,0,1,0,0.0,0.0,0.0,0.0,B01
201500036383,0,7,0,0.0,2.0,1.0,1.0,B01
201500036383,0,7,0,0.0,2.0,1.0,1.0,A01
201500036384,0,7,0,0.0,2.0,1.0,2.0,A01
201500036384,0,7,0,0.0,1.0,4.0,2.0,B01
201500036385,0,2,0,0.0,2.0,3.0,1.0,B01
201500036385,0,7,0,0.0,9.0,7.0,20.0,A01
201500036386,0,7,0,0.0,9.0,2.0,9.0,B01
201500036386,0,1,0,0.0,2.0,1.0,5.0,A01
201500036387,0,7,0,0.0,2.0,2.0,15.0,A01
201500036387,0,2,0,0.0,2.0,1.0,1.0,B01
201500036388,0,1,0,0.0,0.0,0.0,0.0,B01
201500036388,0,7,0,1.0,0.0,3.0,24.0,A01
201500036389,0,7,0,8.0,0.0,2.0,0.0,A01
201500036390,0,33,0,0.0,2.0,1.0,2.0,A01
201500036390,0,7,0,0.0,2.0,6.0,2.0,B01
201500036391,0,7,0,0.0,2.0,3.0,0.0,B01
201500036391,0,7,0,0.0,2.0,2.0,0.0,A01
201500036392,0,7,0,8.0,0.0,1.0,1.0,A01
201500036393,0,7,0,0.0,2.0,4.0,0.0,C01
201500036393,0,7,0,0.0,2.0,4.0,2.0,D01
201500036393,0,7,0,0.0,2.0,4.0,2.0,B01
201500036393,0,7,0,0.0,2.0,1.0,2.0,A01
201500036394,0,7,0,0.0,2.0,4.0,2.0,B01
201500036394,0,7,0,0.0,2.0,1.0,2.0,A01
201500036395,0,7,0,0.0,2.0,0.0,0.0,A01
201500036395,0,1,0,0.0,0.0,0.0,0.0,B01
201500036396,0,13,0,0.0,6.0,9.0,0.0,A01
201500036397,0,7,0,0.0,1.0,1.0,14.0,A01
201500036398,0,7,0,0.0,2.0,1.0,1.0,B01
201500036398,0,7,0,0.0,2.0,2.0,15.0,A01
201500036399,0,7,0,12.0,0.0,2.0,2.0,A01
201500036400,0,30,0,0.0,2.0,4.0,2.0,B01
201500036400,0,7,0,0.0,2.0,1.0,2.0,A01
201500036401,0,7,0,0.0,1.0,3.0,1.0,A01
201500036402,0,7,0,0.0,1.0,4.0,4.0,A01
201500036403,0,1,0,0.0,0.0,1.0,1.0,B01
201500036403,0,7,0,0.0,0.0,1.0,1.0,A01
201500036404,0,7,0,1.0,2.0,3.0,1.0,A01
201500036404,0,7,0,1.0,2.0,7.0,20.0,B01
201500036405,0,33,0,0.0,0.0,0.0,0.0,A01
201500036406,0,1,0,0.0,2.0,0.0,0.0,B01
201500036406,0,7,0,0.0,2.0,2.0,16.0,A01
201500036407,0,7,0,0.0,0.0,4.0,2.0,C01
201500036407,0,7,0,0.0,0.0,2.0,2.0,A01
201500036407,0,7,0,0.0,0.0,5.0,2.0,B01
201500036408,0,10,0,0.0,2.0,1.0,0.0,B01
201500036408,0,7,0,0.0,2.0,5.0,19.0,A01
201500036409,0,7,0,0.0,2.0,4.0,2.0,B01
201500036409,0,7,0,0.0,2.0,1.0,2.0,A01
201500036410,0,7,0,0.0,9.0,1.0,9.0,A01
201500036410,0,1,0,0.0,0.0,7.0,1.0,B01
201500036411,0,7,0,0.0,2.0,3.0,1.0,B01
201500036411,0,7,0,0.0,2.0,1.0,15.0,A01
201500036412,0,31,0,0.0,2.0,1.0,1.0,B01
201500036412,0,7,0,0.0,0.0,8.0,15.0,A01
201500036413,0,7,0,0.0,2.0,1.0,1.0,A01
201500036413,0,7,0,0.0,2.0,4.0,1.0,B01
201500036413,1,7,0,0.0,2.0,4.0,1.0,C01
201500036414,0,2,0,12.0,0.0,7.0,21.0,A01
201500036415,0,7,0,0.0,2.0,2.0,1.0,A01
201500036415,0,37,0,0.0,2.0,3.0,1.0,B01
201500036416,0,7,0,0.0,1.0,7.0,13.0,A01
201500036417,0,7,0,0.0,2.0,8.0,15.0,A01
201500036417,0,7,0,0.0,2.0,2.0,2.0,B01
201500036418,0,7,0,8.0,0.0,1.0,1.0,A01
201500036419,0,32,0,0.0,2.0,1.0,1.0,A01
201500036419,0,37,1,0.0,2.0,1.0,23.0,B01
201500036420,1,7,0,0.0,1.0,1.0,0.0,Z01
201500036421,0,7,0,0.0,2.0,1.0,1.0,B01
201500036421,0,7,0,0.0,2.0,1.0,1.0,A01
201500036422,0,31,0,0.0,0.0,0.0,21.0,A01
201500036423,0,7,0,0.0,0.0,2.0,1.0,A01
201500036424,0,7,0,0.0,2.0,6.0,23.0,A01
201500036424,0,15,0,0.0,2.0,2.0,13.0,B01
201500036425,0,7,0,0.0,2.0,1.0,1.0,C01
201500036425,0,7,0,0.0,2.0,2.0,9.0,A01
201500036425,0,7,0,0.0,2.0,9.0,1.0,B01
201500036426,0,1,0,0.0,2.0,1.0,1.0,A01
201500036427,0,14,0,0.0,2.0,2.0,1.0,A01
201500036427,0,7,0,0.0,2.0,8.0,1.0,B01
201500036428,0,7,0,0.0,2.0,7.0,2.0,C01
201500036428,0,7,0,0.0,2.0,3.0,22.0,A01
201500036428,0,33,0,0.0,2.0,9.0,2.0,B01
201500036429,0,7,0,0.0,1.0,3.0,1.0,A01
201500036430,0,7,0,0.0,2.0,1.0,1.0,A01
201500036430,0,7,0,0.0,2.0,4.0,2.0,B01
201500036431,0,7,0,0.0,2.0,1.0,1.0,B01
201500036431,0,7,0,0.0,2.0,8.0,9.0,A01
201500036432,0,7,0,0.0,2.0,4.0,1.0,B01
201500036432,0,7,0,0.0,2.0,1.0,1.0,A01
201500036433,0,7,0,1.0,0.0,4.0,1.0,A01
201500036434,0,10,0,0.0,2.0,4.0,9.0,B01
201500036434,0,33,0,0.0,2.0,1.0,21.0,A01
201500036435,0,7,0,0.0,2.0,3.0,9.0,A01
201500036435,0,31,0,0.0,2.0,2.0,1.0,B01
201500036436,0,7,0,0.0,1.0,1.0,1.0,A01
201500036437,0,2,0,0.0,2.0,1.0,1.0,B01
201500036437,0,7,0,0.0,2.0,2.0,9.0,A01
201500036438,0,7,0,0.0,2.0,7.0,1.0,B01
201500036438,0,7,0,0.0,2.0,1.0,9.0,A01
201500036439,0,7,0,0.0,2.0,7.0,11.0,A01
201500036439,0,33,0,0.0,2.0,8.0,2.0,B01
201500036440,0,7,0,14.0,2.0,1.0,1.0,A01
201500036440,0,7,0,0.0,2.0,4.0,23.0,B01
201500036441,0,7,0,0.0,2.0,1.0,1.0,A01
201500036441,0,7,0,0.0,2.0,4.0,1.0,B01
201500036442,0,7,0,1.0,0.0,1.0,14.0,A01
201500036443,0,7,0,8.0,0.0,1.0,1.0,A01
201500036444,0,7,0,0.0,1.0,7.0,1.0,A01
201500036445,0,30,0,0.0,0.0,8.0,1.0,A01
201500036446,0,7,0,0.0,2.0,3.0,1.0,B01
201500036446,0,7,0,0.0,2.0,3.0,3.0,A01
201500036447,0,7,0,0.0,1.0,1.0,1.0,A01
201500036448,0,7,0,1.0,0.0,1.0,0.0,A01
201500036449,0,7,0,0.0,2.0,3.0,9.0,A01
201500036449,0,7,0,0.0,2.0,5.0,1.0,B01
201500036450,0,7,0,0.0,2.0,1.0,2.0,A01
201500036450,0,7,0,0.0,2.0,4.0,2.0,B01
201500036451,0,34,0,0.0,0.0,0.0,1.0,A01
201500036452,0,33,0,0.0,2.0,1.0,1.0,A01
201500036452,0,15,0,0.0,2.0,6.0,1.0,B01
201500036453,0,7,0,0.0,1.0,8.0,1.0,A01
201500036454,0,7,0,0.0,1.0,7.0,1.0,A01
201500036455,0,10,0,0.0,2.0,1.0,1.0,A01
201500036455,0,7,0,0.0,2.0,4.0,2.0,B01
201500036456,0,31,0,0.0,1.0,8.0,1.0,A01
201500036457,0,32,0,0.0,2.0,4.0,1.0,B01
201500036457,1,7,0,0.0,2.0,1.0,2.0,Z01
201500036458,0,7,0,0.0,2.0,1.0,1.0,A01
201500036458,0,7,0,0.0,2.0,9.0,2.0,B01
201500036458,0,7,0,0.0,2.0,4.0,2.0,C01
201500036459,0,7,0,0.0,2.0,1.0,1.0,A01
201500036459,0,7,0,0.0,2.0,9.0,2.0,B01
201500036460,0,7,0,0.0,2.0,3.0,9.0,A01
201500036460,0,30,0,0.0,2.0,1.0,1.0,B01
201500036461,0,33,0,0.0,0.0,0.0,1.0,A01
201500036462,0,2,0,0.0,2.0,7.0,1.0,A01
201500036462,0,7,0,0.0,2.0,1.0,1.0,B01
201500036463,0,10,0,0.0,1.0,1.0,1.0,A01
201500036464,0,7,0,8.0,0.0,3.0,1.0,A01
201500036465,0,7,0,0.0,0.0,0.0,1.0,A01
201500036466,0,7,0,6.0,0.0,1.0,1.0,A01
201500036467,0,7,0,16.0,0.0,0.0,14.0,A01
201500036468,0,7,0,0.0,2.0,2.0,9.0,B01
201500036468,0,32,0,0.0,2.0,1.0,9.0,A01
201500036469,0,7,0,0.0,2.0,7.0,17.0,A01
201500036469,0,7,0,0.0,2.0,8.0,1.0,B01
201500036470,0,33,0,0.0,2.0,1.0,1.0,A01
201500036470,0,7,0,0.0,2.0,4.0,2.0,B01
201500036471,0,30,0,0.0,1.0,1.0,1.0,A01
201500036472,0,7,0,0.0,2.0,3.0,1.0,B01
201500036472,0,7,0,0.0,2.0,1.0,0.0,A01
201500036473,0,7,0,0.0,1.0,4.0,4.0,A01
201500036474,0,7,0,0.0,1.0,7.0,1.0,A01
201500036475,0,7,0,0.0,1.0,1.0,1.0,A01
201500036476,0,7,0,0.0,2.0,0.0,0.0,A01
201500036476,0,10,0,0.0,2.0,0.0,0.0,B01
201500036477,0,7,0,0.0,2.0,4.0,12.0,A01
201500036477,0,33,0,0.0,2.0,1.0,1.0,B01
201500036478,0,7,0,8.0,2.0,3.0,1.0,B01
201500036478,0,7,0,0.0,2.0,3.0,1.0,C01
201500036478,0,7,0,0.0,2.0,3.0,13.0,A01
201500036479,0,7,0,0.0,2.0,1.0,1.0,A01
201500036479,0,33,0,0.0,2.0,4.0,1.0,B01
201500036479,0,7,0,0.0,2.0,4.0,1.0,C01
201500036480,0,7,0,0.0,2.0,8.0,15.0,A01
201500036480,0,7,0,0.0,2.0,2.0,1.0,B01
201500036481,0,32,0,0.0,0.0,0.0,0.0,A01
201500036482,0,1,0,0.0,2.0,7.0,1.0,Y01
201500036482,0,7,0,0.0,2.0,8.0,9.0,A01
201500036483,0,32,0,0.0,2.0,3.0,19.0,B01
201500036483,0,33,0,0.0,2.0,1.0,1.0,A01
201500036484,0,7,0,9.0,0.0,1.0,0.0,A01
201500036485,0,1,0,0.0,2.0,1.0,19.0,A01
201500036485,0,7,0,0.0,2.0,1.0,1.0,B01
201500036486,0,33,0,0.0,2.0,8.0,17.0,A01
201500036487,0,1,0,0.0,2.0,9.0,19.0,B01
201500036487,0,7,0,0.0,2.0,2.0,1.0,A01
201500036488,0,7,0,0.0,2.0,1.0,1.0,A01
201500036488,0,7,0,0.0,2.0,4.0,2.0,C01
201500036488,0,7,0,0.0,2.0,9.0,2.0,B01
201500036489,0,2,0,0.0,0.0,0.0,0.0,A01
201500036490,0,30,0,0.0,0.0,0.0,0.0,A01
201500036491,0,7,0,7.0,0.0,1.0,1.0,A01
201500036492,0,7,0,0.0,2.0,4.0,1.0,B01
201500036492,0,13,0,0.0,2.0,3.0,1.0,A01
201500036493,0,7,0,0.0,2.0,1.0,1.0,B01
201500036493,0,1,0,0.0,2.0,9.0,19.0,A01
201500036494,0,7,0,0.0,2.0,3.0,1.0,B01
201500036494,0,7,0,0.0,2.0,3.0,13.0,A01
201500036495,0,7,0,0.0,2.0,8.0,1.0,C01
201500036495,2,7,0,0.0,2.0,7.0,17.0,A01
201500036495,0,7,0,0.0,2.0,7.0,17.0,B01
201500036496,0,32,0,12.0,0.0,9.0,1.0,A01
201500036497,0,7,0,6.0,0.0,1.0,0.0,A01
201500036498,0,7,0,0.0,2.0,3.0,1.0,B01
201500036498,0,1,0,0.0,2.0,1.0,1.0,A01
201500036499,1,7,0,0.0,2.0,1.0,0.0,Z01
201500036499,0,1,0,0.0,2.0,1.0,1.0,A01
201500036500,0,1,0,16.0,0.0,1.0,1.0,A01
201500036501,0,7,0,0.0,2.0,1.0,1.0,A01
201500036501,0,7,0,0.0,2.0,7.0,1.0,B01
201500036502,0,7,0,0.0,2.0,4.0,1.0,B01
201500036502,0,15,0,0.0,2.0,1.0,1.0,A01
201500036503,0,32,0,0.0,2.0,1.0,1.0,A01
201500036503,0,7,0,0.0,2.0,4.0,2.0,B01
201500036504,0,7,0,0.0,2.0,1.0,1.0,A01
201500036504,0,7,0,0.0,2.0,9.0,2.0,B01
201500036505,1,7,0,0.0,2.0,1.0,2.0,Z01
201500036505,0,7,0,0.0,2.0,4.0,1.0,B01
201500036506,0,7,0,0.0,2.0,1.0,1.0,A01
201500036506,0,7,0,0.0,2.0,4.0,2.0,B01
201500036507,0,7,0,0.0,2.0,4.0,1.0,C01
201500036507,0,7,0,0.0,2.0,4.0,1.0,B01
201500036507,0,7,0,0.0,2.0,1.0,12.0,A01
201500036508,0,33,0,0.0,2.0,8.0,13.0,A01
201500036509,0,7,0,0.0,0.0,9.0,0.0,A01
201500036510,0,7,0,0.0,2.0,1.0,1.0,A01
201500036510,0,7,0,0.0,2.0,1.0,1.0,B01
201500036511,0,7,0,0.0,2.0,4.0,2.0,B01
201500036511,0,7,0,0.0,2.0,1.0,1.0,A01
201500036512,0,13,0,0.0,2.0,1.0,1.0,A01
201500036512,0,7,0,0.0,2.0,4.0,1.0,B01
201500036513,0,7,0,0.0,2.0,3.0,16.0,A01
201500036513,0,7,0,0.0,2.0,3.0,1.0,B01
201500036514,0,33,0,0.0,2.0,8.0,1.0,B01
201500036514,0,7,0,0.0,2.0,3.0,15.0,A01
201500036515,0,34,0,0.0,2.0,2.0,1.0,B01
201500036515,0,7,0,0.0,2.0,2.0,1.0,A01
201500036516,2,7,0,1.0,0.0,1.0,1.0,A01
201500036517,0,7,0,0.0,1.0,4.0,4.0,A01
201500036518,0,7,0,4.0,0.0,1.0,1.0,A01
201500036519,0,7,0,8.0,0.0,0.0,1.0,A01
201500036520,0,7,0,3.0,0.0,1.0,1.0,A01
201500036521,0,30,0,0.0,0.0,1.0,0.0,A01
201500036522,0,33,0,0.0,2.0,1.0,1.0,A01
201500036522,0,33,0,0.0,2.0,4.0,1.0,B01
201500036523,0,30,0,0.0,2.0,0.0,17.0,A01
201500036523,0,7,0,0.0,2.0,3.0,15.0,B01
201500036524,0,7,0,0.0,2.0,1.0,1.0,A01
201500036524,0,7,0,0.0,2.0,4.0,1.0,B01
201500036525,2,1,0,0.0,1.0,1.0,5.0,A01
201500036526,1,7,0,0.0,2.0,1.0,1.0,A01
201500036526,0,7,0,0.0,2.0,4.0,2.0,B01
201500036527,0,7,0,0.0,1.0,3.0,9.0,A01
201500036528,0,7,0,0.0,2.0,4.0,2.0,B01
201500036528,0,1,0,0.0,2.0,1.0,1.0,A01
201500036529,0,15,0,0.0,2.0,4.0,1.0,B01
201500036529,0,7,0,0.0,2.0,8.0,9.0,A01
201500036530,0,7,0,0.0,2.0,6.0,1.0,B01
201500036530,0,2,0,0.0,2.0,1.0,1.0,A01
201500036531,0,7,0,0.0,2.0,2.0,13.0,A01
201500036531,0,7,0,0.0,2.0,3.0,1.0,B01
201500036532,0,7,0,0.0,2.0,1.0,1.0,B01
201500036532,0,7,0,0.0,2.0,1.0,5.0,A01
201500036533,1,14,0,0.0,1.0,2.0,1.0,A01
201500036534,0,7,0,0.0,2.0,3.0,9.0,A01
201500036534,0,33,0,0.0,2.0,1.0,1.0,B01
201500036535,0,7,0,4.0,0.0,9.0,1.0,A01
201500036536,0,10,0,0.0,2.0,3.0,11.0,A01
201500036536,0,34,0,0.0,2.0,0.0,1.0,B01
201500036537,0,7,0,4.0,0.0,1.0,1.0,A01
201500036538,0,7,0,0.0,1.0,1.0,1.0,A01
201500036539,0,7,0,0.0,2.0,3.0,1.0,B01
201500036539,0,7,0,0.0,2.0,3.0,1.0,A01
201500036540,0,30,0,14.0,2.0,7.0,1.0,A01
201500036540,0,7,0,0.0,2.0,8.0,1.0,B01
201500036541,0,7,0,0.0,1.0,1.0,1.0,A01
201500036541,0,7,0,0.0,2.0,4.0,2.0,B01
201500036542,0,7,0,0.0,2.0,4.0,2.0,B01
201500036542,0,7,0,0.0,2.0,1.0,1.0,A01
201500036543,0,1,0,0.0,0.0,0.0,0.0,A01
201500036544,0,14,0,0.0,2.0,1.0,1.0,A01
201500036544,0,7,0,8.0,2.0,4.0,2.0,B01
201500036545,0,7,0,0.0,1.0,1.0,1.0,A01
201500036546,0,7,0,0.0,2.0,8.0,13.0,B01
201500036546,0,2,0,0.0,2.0,2.0,3.0,A01
201500036547,0,10,0,0.0,2.0,6.0,2.0,B01
201500036547,0,33,0,0.0,2.0,1.0,1.0,A01
201500036548,0,7,0,0.0,2.0,2.0,1.0,B01
201500036548,0,7,0,0.0,2.0,8.0,9.0,A01
201500036549,0,7,0,0.0,2.0,7.0,1.0,B01
201500036549,0,33,0,0.0,2.0,8.0,3.0,A01
201500036550,0,10,0,0.0,2.0,8.0,1.0,B01
201500036550,0,7,0,0.0,2.0,1.0,1.0,A01
201500036551,0,7,0,0.0,2.0,1.0,1.0,A01
201500036551,0,7,0,0.0,2.0,4.0,2.0,B01
201500036552,0,7,0,0.0,2.0,8.0,22.0,B01
201500036552,0,33,0,0.0,2.0,1.0,3.0,A01
201500036552,0,7,0,0.0,2.0,7.0,1.0,C01
201500036553,0,31,0,0.0,0.0,0.0,0.0,A01
201500036554,0,7,0,0.0,2.0,4.0,2.0,B01
201500036554,0,7,0,0.0,2.0,1.0,1.0,A01
201500036555,0,37,1,0.0,2.0,3.0,1.0,B01
201500036555,0,7,0,0.0,2.0,8.0,15.0,A01
201500036556,0,10,0,0.0,1.0,4.0,4.0,A01
201500036557,0,7,0,0.0,2.0,4.0,2.0,B01
201500036557,0,7,0,0.0,2.0,1.0,1.0,A01
201500036558,0,7,0,0.0,2.0,5.0,15.0,A01
201500036558,0,2,0,0.0,2.0,1.0,1.0,B01
201500036559,0,7,0,0.0,9.0,1.0,13.0,A01
201500036560,0,14,0,0.0,2.0,2.0,1.0,B01
201500036560,0,7,0,0.0,2.0,1.0,1.0,A01
201500036561,0,7,0,0.0,2.0,2.0,1.0,B01
201500036561,0,1,0,0.0,2.0,8.0,1.0,A01
201500036562,0,31,0,0.0,0.0,0.0,1.0,A01
201500036563,0,38,8,0.0,2.0,8.0,9.0,A01
201500036563,0,7,0,0.0,2.0,7.0,17.0,B01
201500036564,0,7,0,15.0,0.0,9.0,13.0,A01
201500036565,0,7,0,4.0,0.0,1.0,13.0,A01
201500036566,0,33,0,0.0,2.0,8.0,0.0,B01
201500036566,1,13,0,0.0,2.0,0.0,0.0,A01
201500036567,0,1,0,0.0,0.0,0.0,0.0,A01
201500036568,0,7,0,0.0,1.0,1.0,1.0,A01
201500036569,0,7,0,3.0,0.0,1.0,1.0,A01
201500036570,0,7,0,2.0,0.0,1.0,1.0,A01
201500036571,0,7,0,0.0,1.0,1.0,1.0,A01
201500036572,0,7,0,0.0,2.0,4.0,2.0,D01
201500036572,0,10,0,0.0,2.0,4.0,2.0,C01
201500036572,0,14,0,0.0,2.0,1.0,1.0,A01
201500036572,0,7,0,0.0,2.0,4.0,2.0,B01
201500036573,0,2,0,0.0,2.0,9.0,16.0,B01
201500036573,0,7,0,0.0,2.0,1.0,15.0,A01
201500036574,0,7,0,13.0,0.0,1.0,1.0,A01
201500036575,0,7,0,0.0,2.0,3.0,15.0,A01
201500036575,0,2,0,0.0,2.0,8.0,1.0,B01
201500036576,0,7,0,0.0,2.0,1.0,1.0,A01
201500036576,0,7,0,0.0,2.0,1.0,1.0,B01
201500036577,0,38,1,0.0,2.0,3.0,1.0,C01
201500036577,0,7,0,0.0,2.0,5.0,1.0,A01