Num_Acc,senc,catv,occutc,obs,obsm,choc,manv,num_veh
201500036855,0,7,0,0.0,0.0,1.0,1.0,A01
201500036856,0,7,0,0.0,2.0,1.0,1.0,C01
201500036856,0,10,0,0.0,2.0,1.0,1.0,B01
201500036856,0,15,0,0.0,2.0,1.0,13.0,A01
201500036856,0,10,0,0.0,2.0,1.0,2.0,D01
201500036857,0,37,1,0.0,2.0,7.0,2.0,C01
201500036857,0,7,0,0.0,2.0,1.0,1.0,B01
201500036857,0,33,0,0.0,2.0,1.0,1.0,A01
201500036858,0,7,0,0.0,2.0,4.0,2.0,C01
201500036858,0,7,0,0.0,2.0,1.0,1.0,A01
201500036858,0,7,0,0.0,2.0,4.0,2.0,B01
201500036859,0,7,0,0.0,2.0,7.0,1.0,B01
201500036859,0,7,0,0.0,2.0,1.0,9.0,A01
201500036859,0,7,0,0.0,2.0,4.0,1.0,C01
201500036860,0,7,0,0.0,1.0,1.0,1.0,A01
201500036861,0,7,0,0.0,1.0,1.0,1.0,A01
201500036862,0,7,0,0.0,0.0,0.0,0.0,A01
201500036863,0,7,0,0.0,0.0,0.0,0.0,A01
201500036864,0,33,0,1.0,0.0,3.0,1.0,A01
201500036865,0,33,0,0.0,6.0,3.0,1.0,A01
201500036866,0,7,0,0.0,2.0,2.0,2.0,B01
201500036866,0,31,0,0.0,2.0,8.0,1.0,A01
201500036867,0,7,0,0.0,2.0,4.0,2.0,B01
201500036867,0,7,0,0.0,2.0,1.0,1.0,A01
201500036867,0,7,0,0.0,2.0,4.0,2.0,C01
201500036868,0,7,0,9.0,0.0,9.0,1.0,A01
201500036869,0,7,0,0.0,2.0,4.0,2.0,B01
201500036869,0,1,0,0.0,2.0,1.0,1.0,A01
201500036870,0,7,0,0.0,0.0,0.0,14.0,A01
201500036871,0,99,0,9.0,0.0,9.0,6.0,A01
201500036872,0,7,0,0.0,1.0,6.0,4.0,A01
201500036873,0,37,1,16.0,1.0,2.0,16.0,A01
201500036874,0,7,0,0.0,1.0,2.0,1.0,A01
201500036875,0,7,0,0.0,1.0,1.0,1.0,A01
201500036876,0,33,0,0.0,2.0,1.0,1.0,B01
201500036876,0,7,0,0.0,2.0,1.0,15.0,A01
201500036877,0,7,0,0.0,2.0,1.0,1.0,A01
201500036877,0,7,0,0.0,2.0,8.0,1.0,B01
201500036878,0,7,0,0.0,1.0,7.0,16.0,A01
201500036879,0,7,0,0.0,2.0,1.0,9.0,A01
201500036879,0,7,0,0.0,2.0,3.0,0.0,B01
201500036880,0,7,0,0.0,1.0,3.0,1.0,A01
201500036881,0,7,0,0.0,1.0,8.0,1.0,A01
201500036882,0,7,0,0.0,2.0,3.0,9.0,B01
201500036882,0,7,0,0.0,2.0,2.0,0.0,A01
201500036882,0,7,0,0.0,2.0,6.0,2.0,C01
201500036883,0,7,0,0.0,2.0,5.0,1.0,B01
201500036883,0,30,0,0.0,2.0,3.0,13.0,A01
201500036884,0,31,0,0.0,0.0,0.0,0.0,M01
201500036885,0,7,0,0.0,1.0,0.0,0.0,A01
201500036886,0,7,0,8.0,2.0,3.0,1.0,B01
201500036886,0,7,0,0.0,2.0,3.0,1.0,A01
201500036887,0,7,0,0.0,0.0,0.0,0.0,A01
201500036887,0,31,0,0.0,2.0,7.0,1.0,B01
201500036888,0,7,0,0.0,1.0,1.0,1.0,A01
201500036889,0,2,0,0.0,2.0,1.0,18.0,B01
201500036889,0,7,0,0.0,2.0,0.0,0.0,C01
201500036889,0,7,0,0.0,2.0,3.0,0.0,D01
201500036889,0,7,0,0.0,2.0,1.0,9.0,A01
201500036890,0,33,0,0.0,2.0,8.0,18.0,B01
201500036890,0,7,0,0.0,2.0,7.0,12.0,A01
201500036891,0,7,0,0.0,2.0,1.0,13.0,A01
201500036891,0,37,1,0.0,2.0,1.0,1.0,B01
201500036892,0,7,0,0.0,2.0,3.0,15.0,A01
201500036892,0,34,0,0.0,2.0,1.0,1.0,B01
201500036893,0,1,0,0.0,2.0,4.0,1.0,A01
201500036893,0,7,0,0.0,2.0,1.0,2.0,B01
201500036894,0,1,0,0.0,2.0,1.0,0.0,B01
201500036894,0,15,0,0.0,2.0,1.0,0.0,A01
201500036895,0,7,0,0.0,2.0,2.0,0.0,A01
201500036895,0,33,0,0.0,2.0,3.0,9.0,B01
201500036896,0,7,0,0.0,2.0,1.0,1.0,A01
201500036896,0,31,0,0.0,2.0,8.0,1.0,B01
201500036897,0,7,0,0.0,2.0,1.0,1.0,A01
201500036897,0,34,0,0.0,2.0,4.0,2.0,B01
201500036898,0,7,0,0.0,1.0,0.0,0.0,A01
201500036899,0,7,0,8.0,9.0,1.0,1.0,A01
201500036900,0,7,0,0.0,2.0,1.0,1.0,A01
201500036900,0,7,0,0.0,2.0,4.0,1.0,B01
201500036901,0,7,0,0.0,2.0,1.0,1.0,A01
201500036901,0,7,0,0.0,2.0,4.0,2.0,B01
201500036902,0,7,0,0.0,1.0,1.0,1.0,A01
201500036903,0,7,0,0.0,1.0,1.0,1.0,A01
201500036904,0,7,0,0.0,1.0,1.0,1.0,A01
201500036905,0,32,0,0.0,1.0,1.0,1.0,A01
201500036906,0,7,0,0.0,1.0,1.0,1.0,A01
201500036907,0,7,0,0.0,1.0,1.0,1.0,A01
201500036908,0,7,0,0.0,2.0,7.0,17.0,A01
201500036908,0,1,0,0.0,2.0,3.0,2.0,B01
201500036909,0,7,0,0.0,2.0,7.0,1.0,A01
201500036909,0,7,0,0.0,2.0,3.0,2.0,B01
201500036909,0,7,0,0.0,2.0,1.0,1.0,C01
201500036910,0,99,0,0.0,2.0,7.0,1.0,A01
201500036910,0,7,0,6.0,2.0,1.0,1.0,B01
201500036911,0,7,0,0.0,2.0,7.0,1.0,B01
201500036911,0,7,0,0.0,2.0,1.0,15.0,A01
201500036912,1,7,0,0.0,1.0,2.0,1.0,Z01
201500036913,0,7,0,0.0,1.0,1.0,1.0,A01
201500036914,0,2,0,0.0,2.0,1.0,1.0,B01
201500036914,0,7,0,0.0,2.0,2.0,20.0,A01
201500036915,0,7,0,0.0,2.0,1.0,15.0,A01
201500036915,0,30,0,0.0,2.0,2.0,16.0,B01
201500036916,1,2,0,0.0,2.0,0.0,0.0,C01
201500036916,0,1,0,0.0,2.0,1.0,0.0,A01
201500036916,0,7,0,0.0,2.0,7.0,1.0,B01
201500036917,0,7,0,0.0,2.0,8.0,15.0,B01
201500036917,0,34,0,0.0,2.0,2.0,17.0,A01
201500036918,0,7,0,0.0,1.0,4.0,1.0,B01
201500036918,0,7,0,0.0,2.0,1.0,1.0,A01
201500036919,0,7,0,0.0,2.0,1.0,1.0,A01
201500036919,0,7,0,0.0,2.0,4.0,1.0,B01
201500036920,0,15,0,0.0,2.0,3.0,1.0,B01
201500036920,0,7,0,0.0,2.0,0.0,0.0,A01
201500036921,0,30,0,0.0,1.0,1.0,1.0,A01
201500036922,0,37,1,0.0,2.0,1.0,15.0,B01
201500036922,0,2,0,0.0,2.0,1.0,1.0,A01
201500036923,0,33,0,0.0,2.0,1.0,17.0,B01
201500036923,0,7,0,0.0,2.0,3.0,9.0,A01
201500036924,0,7,0,0.0,1.0,5.0,21.0,A01
201500036925,0,34,0,0.0,2.0,1.0,2.0,B01
201500036925,0,7,0,0.0,2.0,3.0,15.0,A01
201500036926,0,7,0,0.0,2.0,5.0,15.0,A01
201500036926,0,33,0,0.0,2.0,2.0,1.0,B01
201500036927,0,7,0,0.0,2.0,5.0,15.0,B01
201500036927,0,33,0,0.0,2.0,3.0,15.0,A01
201500036928,1,33,0,0.0,1.0,1.0,1.0,A01
201500036929,0,2,0,0.0,2.0,7.0,15.0,B01
201500036929,0,7,0,0.0,2.0,8.0,13.0,A01
201500036930,0,2,0,2.0,0.0,2.0,1.0,A01
201500036931,0,7,0,0.0,1.0,1.0,1.0,A01
201500036932,0,15,0,0.0,2.0,2.0,21.0,B01
201500036932,0,7,0,0.0,2.0,3.0,11.0,A01
201500036933,0,7,0,8.0,2.0,3.0,1.0,B01
201500036933,0,7,0,0.0,2.0,1.0,1.0,A01
201500036934,0,7,0,0.0,2.0,1.0,2.0,C01
201500036934,0,7,0,0.0,2.0,4.0,1.0,A01
201500036934,0,7,0,0.0,2.0,1.0,2.0,D01
201500036934,0,7,0,0.0,2.0,4.0,2.0,B01
201500036935,0,7,0,0.0,1.0,3.0,16.0,A01
201500036936,0,7,0,0.0,1.0,1.0,1.0,A01
201500036937,0,15,0,14.0,0.0,1.0,1.0,A01
201500036938,2,34,0,0.0,1.0,1.0,1.0,A01
201500036939,0,7,0,0.0,2.0,5.0,15.0,A01
201500036939,0,34,0,0.0,2.0,1.0,2.0,B01
201500036940,0,32,0,0.0,2.0,1.0,1.0,A01
201500036940,0,7,0,0.0,2.0,8.0,15.0,B01
201500036941,0,7,0,0.0,2.0,2.0,1.0,A01
201500036941,0,7,0,0.0,2.0,8.0,1.0,B01
201500036942,0,7,0,0.0,1.0,3.0,9.0,A01
201500036943,0,7,0,0.0,2.0,4.0,23.0,B01
201500036943,0,7,0,0.0,2.0,4.0,23.0,A01
201500036943,0,7,0,0.0,2.0,1.0,2.0,C01
201500036944,1,7,0,0.0,1.0,3.0,1.0,A01
201500036945,0,7,0,0.0,1.0,2.0,16.0,A01
201500036946,0,7,0,0.0,2.0,3.0,9.0,A01
201500036946,0,30,0,0.0,2.0,5.0,1.0,B01
201500036947,0,7,0,0.0,1.0,2.0,1.0,A01
201500036948,0,99,0,0.0,1.0,1.0,15.0,A01
201500036949,0,7,0,0.0,2.0,3.0,15.0,A01
201500036949,0,2,0,0.0,2.0,1.0,1.0,B01
201500036950,0,1,0,0.0,2.0,1.0,0.0,B01
201500036950,0,7,0,0.0,2.0,1.0,1.0,A01
201500036951,0,7,0,0.0,1.0,1.0,1.0,A01
201500036952,0,10,0,0.0,2.0,3.0,21.0,B01
201500036952,0,33,0,0.0,2.0,1.0,13.0,A01
201500036953,0,7,0,0.0,1.0,1.0,1.0,A01
201500036954,0,7,0,0.0,2.0,4.0,1.0,B01
201500036954,0,7,0,0.0,2.0,4.0,1.0,C01
201500036954,0,7,0,0.0,2.0,1.0,1.0,A01
201500036955,0,7,0,0.0,2.0,4.0,2.0,B01
201500036955,0,7,0,0.0,2.0,1.0,1.0,A01
201500036956,0,7,0,0.0,2.0,1.0,1.0,A01
201500036956,0,10,0,0.0,2.0,4.0,2.0,C01
201500036956,0,7,0,0.0,2.0,4.0,2.0,B01
201500036957,0,7,0,0.0,2.0,5.0,2.0,B01
201500036957,0,7,0,0.0,2.0,1.0,1.0,A01
201500036958,0,7,0,0.0,2.0,2.0,1.0,B01
201500036958,0,33,0,0.0,2.0,1.0,1.0,A01
201500036959,0,10,0,0.0,2.0,4.0,2.0,B01
201500036959,0,33,0,0.0,2.0,1.0,1.0,A01
201500036960,0,10,0,1.0,1.0,4.0,20.0,A01
201500036960,0,7,0,0.0,2.0,4.0,20.0,B01
201500036961,0,10,0,0.0,2.0,1.0,1.0,B01
201500036961,0,7,0,0.0,2.0,1.0,15.0,A01
201500036962,0,7,0,0.0,2.0,1.0,1.0,B01
201500036962,0,7,0,0.0,2.0,1.0,15.0,A01
201500036963,0,16,0,0.0,2.0,1.0,5.0,B01
201500036963,0,7,0,1.0,2.0,1.0,17.0,A01
201500036964,0,10,0,0.0,1.0,2.0,1.0,A01
201500036965,0,33,0,0.0,2.0,7.0,1.0,B01
201500036965,0,7,0,0.0,2.0,1.0,9.0,A01
201500036966,0,7,0,0.0,2.0,6.0,1.0,B01
201500036966,0,7,0,0.0,2.0,1.0,1.0,A01
201500036967,0,7,0,0.0,1.0,1.0,1.0,A01
201500036968,0,33,0,0.0,2.0,7.0,1.0,B01
201500036968,0,7,0,0.0,2.0,1.0,1.0,A01
201500036969,0,7,0,0.0,2.0,4.0,2.0,B01
201500036969,0,7,0,0.0,2.0,1.0,1.0,A01
201500036970,0,34,0,0.0,1.0,1.0,1.0,A01
201500036971,0,7,0,0.0,2.0,1.0,13.0,A01
201500036971,0,7,0,0.0,2.0,4.0,23.0,B01
201500036971,0,7,0,0.0,2.0,1.0,2.0,C01
201500036972,0,31,0,0.0,2.0,1.0,1.0,B01
201500036972,0,7,0,0.0,2.0,1.0,15.0,A01
201500036973,0,7,0,0.0,2.0,7.0,1.0,B01
201500036973,0,7,0,0.0,2.0,6.0,9.0,A01
201500036974,0,31,0,0.0,2.0,1.0,1.0,B01
201500036974,0,7,0,0.0,2.0,3.0,15.0,A01
201500036975,0,2,0,0.0,2.0,8.0,1.0,B01
201500036975,0,7,0,0.0,2.0,7.0,15.0,A01
201500036976,0,2,0,0.0,2.0,7.0,1.0,B01
201500036976,0,7,0,0.0,2.0,3.0,9.0,A01
201500036977,0,10,0,3.0,0.0,1.0,14.0,A01
201500036978,0,7,0,0.0,2.0,3.0,15.0,A01
201500036978,0,34,0,0.0,2.0,3.0,1.0,B01
201500036979,2,7,0,0.0,2.0,1.0,1.0,A01
201500036979,0,7,0,0.0,2.0,8.0,15.0,B01
201500036980,0,7,0,0.0,2.0,4.0,1.0,B01
201500036980,0,7,0,0.0,2.0,1.0,1.0,A01
201500036980,0,7,0,0.0,2.0,4.0,1.0,C01
201500036981,0,7,0,0.0,1.0,1.0,1.0,A01
201500036982,0,7,0,0.0,2.0,1.0,2.0,B01
201500036982,0,33,0,0.0,2.0,4.0,1.0,A01
201500036983,0,1,0,0.0,2.0,8.0,19.0,A01
201500036983,0,7,0,0.0,2.0,2.0,1.0,B01
201500036984,0,10,0,0.0,2.0,3.0,11.0,A01
201500036984,0,7,0,0.0,2.0,2.0,2.0,B01
201500036985,0,7,0,0.0,2.0,0.0,15.0,A01
201500036985,0,2,0,0.0,2.0,7.0,1.0,B01
201500036986,0,7,0,0.0,2.0,7.0,1.0,B01
201500036986,0,7,0,0.0,2.0,1.0,9.0,A01
201500036987,0,7,0,0.0,1.0,1.0,1.0,A01
201500036988,0,33,0,0.0,2.0,7.0,1.0,B01
201500036988,0,7,0,0.0,2.0,5.0,15.0,A01
201500036989,0,7,0,0.0,2.0,1.0,15.0,A01
201500036989,0,7,0,0.0,2.0,1.0,1.0,B01
201500036990,0,10,0,0.0,1.0,1.0,1.0,A01
201500036991,0,33,0,0.0,2.0,1.0,21.0,A01
201500036991,0,7,0,0.0,2.0,4.0,13.0,B01
201500036992,0,7,0,0.0,1.0,3.0,1.0,A01
201500036993,0,7,0,0.0,2.0,5.0,15.0,B01
201500036993,0,7,0,0.0,2.0,3.0,1.0,A01
201500036994,0,33,0,0.0,2.0,1.0,17.0,B01
201500036994,0,7,0,0.0,2.0,8.0,19.0,A01
201500036995,0,7,0,0.0,1.0,5.0,20.0,A01
201500036996,0,7,0,0.0,1.0,2.0,1.0,A01
201500036997,0,7,0,0.0,2.0,1.0,1.0,A01
201500036997,0,1,0,0.0,2.0,1.0,0.0,B01
201500036998,0,7,0,8.0,0.0,3.0,1.0,A01
201500036999,0,33,0,0.0,0.0,0.0,0.0,B01
201500037000,0,7,0,0.0,2.0,7.0,13.0,A01
201500037000,0,13,0,0.0,2.0,1.0,1.0,B01
201500037001,0,7,0,0.0,2.0,4.0,2.0,C01
201500037001,0,7,0,0.0,2.0,4.0,2.0,B01
201500037001,2,7,0,0.0,2.0,1.0,1.0,A01
201500037002,0,7,0,0.0,2.0,1.0,1.0,A01
201500037002,0,7,0,0.0,2.0,4.0,2.0,B01
201500037003,0,7,0,0.0,2.0,7.0,15.0,B01
201500037003,0,32,0,0.0,2.0,1.0,1.0,A01
201500037004,0,7,0,0.0,1.0,1.0,1.0,A01
201500037005,0,7,0,0.0,1.0,1.0,1.0,A01
201500037006,0,7,0,0.0,2.0,4.0,23.0,B01
201500037006,0,7,0,0.0,2.0,1.0,1.0,A01
201500037007,0,7,0,0.0,2.0,9.0,1.0,A01
201500037007,0,7,0,0.0,2.0,4.0,2.0,B01
201500037007,0,7,0,0.0,2.0,1.0,2.0,C01
201500037008,0,7,0,0.0,2.0,1.0,1.0,B01
201500037008,0,7,0,0.0,2.0,1.0,13.0,A01
201500037009,0,7,0,0.0,1.0,1.0,1.0,A01
201500037010,0,7,0,0.0,1.0,1.0,1.0,A01
201500037011,0,33,0,0.0,2.0,1.0,1.0,A01
201500037011,0,7,0,0.0,2.0,4.0,2.0,B01
201500037012,0,7,0,0.0,2.0,7.0,15.0,A01
201500037012,0,32,0,0.0,2.0,1.0,1.0,B01
201500037013,0,7,0,0.0,2.0,4.0,2.0,B01
201500037013,0,33,0,0.0,2.0,1.0,1.0,A01
201500037014,0,7,0,4.0,0.0,1.0,1.0,A01
201500037015,0,2,0,0.0,2.0,1.0,1.0,A01
201500037015,0,10,0,0.0,2.0,1.0,1.0,B01
201500037016,0,7,0,0.0,2.0,5.0,15.0,A01
201500037016,0,31,0,0.0,2.0,1.0,5.0,B01
201500037017,0,7,0,0.0,2.0,1.0,2.0,C01
201500037017,0,7,0,3.0,2.0,1.0,1.0,A01
201500037017,0,10,0,0.0,2.0,4.0,2.0,B01
201500037018,0,7,0,0.0,1.0,2.0,1.0,A01
201500037019,0,7,0,0.0,2.0,4.0,2.0,D01
201500037019,0,7,0,0.0,2.0,1.0,1.0,A01
201500037019,0,7,0,0.0,2.0,1.0,2.0,C01
201500037019,0,7,0,0.0,2.0,1.0,2.0,B01
201500037020,0,7,0,0.0,2.0,4.0,1.0,B01
201500037020,0,7,0,3.0,2.0,2.0,14.0,A01
201500037021,0,7,0,0.0,2.0,1.0,1.0,B01
201500037021,0,7,0,0.0,2.0,8.0,9.0,A01
201500037022,0,7,0,0.0,2.0,8.0,1.0,B01
201500037022,0,7,0,0.0,2.0,1.0,1.0,A01
201500037023,0,34,0,0.0,2.0,1.0,2.0,B01
201500037023,0,7,0,0.0,2.0,5.0,1.0,A01
201500037024,0,33,0,0.0,2.0,1.0,2.0,B01
201500037024,0,7,0,0.0,2.0,4.0,15.0,A01
201500037025,0,7,0,0.0,2.0,4.0,2.0,B01
201500037025,0,7,0,4.0,2.0,1.0,1.0,A01
201500037026,0,30,0,0.0,2.0,1.0,2.0,B01
201500037026,0,7,0,0.0,2.0,6.0,1.0,A01
201500037027,0,7,0,0.0,2.0,2.0,1.0,A01
201500037027,0,30,0,0.0,2.0,7.0,15.0,S01
201500037028,0,7,0,0.0,2.0,1.0,1.0,A01
201500037028,0,7,0,0.0,2.0,4.0,2.0,C01
201500037028,0,7,0,0.0,2.0,4.0,2.0,B01
201500037029,0,33,0,0.0,2.0,1.0,1.0,A01
201500037029,0,7,0,0.0,2.0,4.0,2.0,B01
201500037030,0,33,0,0.0,2.0,1.0,1.0,A01
201500037030,0,7,0,0.0,2.0,8.0,10.0,B01
201500037031,0,7,0,0.0,2.0,1.0,1.0,B01
201500037031,0,33,0,0.0,2.0,1.0,13.0,A01
201500037032,0,7,0,0.0,2.0,4.0,2.0,C01
201500037032,0,7,0,0.0,2.0,4.0,2.0,B01
201500037032,0,7,0,0.0,2.0,1.0,1.0,A01
201500037033,0,7,0,0.0,1.0,1.0,1.0,A01
201500037034,0,7,0,0.0,2.0,4.0,4.0,A01
201500037034,0,1,0,0.0,2.0,1.0,1.0,B01
201500037035,0,7,0,0.0,2.0,1.0,1.0,B01
201500037035,0,7,0,0.0,2.0,1.0,13.0,A01
201500037036,0,7,0,0.0,1.0,3.0,1.0,A01
201500037037,0,33,0,0.0,2.0,1.0,3.0,B01
201500037037,0,7,0,0.0,2.0,4.0,11.0,A01
201500037038,0,32,0,0.0,2.0,0.0,0.0,B01
201500037038,0,7,0,0.0,2.0,2.0,1.0,A01
201500037039,0,1,0,0.0,2.0,1.0,2.0,B01
201500037039,0,7,0,0.0,2.0,4.0,1.0,A01
201500037040,0,33,0,0.0,2.0,1.0,1.0,B01
201500037040,0,7,0,0.0,2.0,1.0,15.0,A01
201500037041,0,7,0,0.0,2.0,1.0,1.0,B01
201500037041,0,7,0,0.0,2.0,3.0,13.0,A01
201500037042,0,7,0,0.0,2.0,4.0,2.0,B01
201500037042,0,30,0,0.0,2.0,1.0,1.0,A01
201500037043,0,1,0,0.0,1.0,1.0,1.0,A01
201500037044,0,1,0,0.0,2.0,2.0,1.0,B01
201500037044,0,7,0,0.0,2.0,3.0,1.0,A01
201500037045,0,7,0,0.0,1.0,1.0,1.0,A01
201500037046,0,7,0,0.0,2.0,1.0,1.0,A01
201500037046,0,30,0,0.0,2.0,6.0,0.0,B01
201500037047,0,33,0,1.0,0.0,1.0,1.0,B01
201500037048,0,10,0,0.0,2.0,5.0,1.0,B01
201500037048,0,30,0,0.0,2.0,1.0,1.0,A01
201500037049,2,7,0,0.0,2.0,1.0,13.0,A01
201500037049,0,7,0,0.0,2.0,1.0,1.0,B01
201500037050,0,2,0,0.0,2.0,1.0,1.0,A01
201500037050,0,7,0,1.0,2.0,3.0,20.0,B01
201500037051,0,7,0,0.0,1.0,1.0,1.0,A01
201500037052,0,7,0,0.0,2.0,1.0,2.0,C01
201500037052,0,7,0,0.0,2.0,1.0,2.0,B01
201500037052,0,7,0,0.0,2.0,4.0,1.0,A01
201500037053,0,7,0,1.0,0.0,1.0,14.0,A01
201500037054,0,7,0,0.0,2.0,1.0,1.0,A01
201500037054,0,7,0,0.0,2.0,1.0,2.0,C01
201500037054,0,34,0,0.0,2.0,1.0,2.0,B01
201500037055,0,7,0,0.0,2.0,3.0,9.0,A01
201500037055,0,7,0,0.0,2.0,1.0,1.0,B01
201500037056,0,10,0,0.0,2.0,1.0,1.0,C01
201500037056,0,10,0,0.0,2.0,4.0,1.0,B01
201500037056,0,14,0,0.0,2.0,8.0,24.0,D01
201500037056,0,7,0,1.0,2.0,8.0,15.0,A01
201500037057,0,7,0,0.0,1.0,1.0,1.0,A01
201500037058,0,7,0,0.0,2.0,4.0,2.0,B01
201500037058,0,7,0,0.0,2.0,1.0,1.0,A01
201500037059,0,7,0,0.0,2.0,8.0,1.0,B01
201500037059,2,7,0,0.0,2.0,1.0,1.0,A01
201500037060,2,10,0,0.0,2.0,1.0,1.0,A01
201500037060,0,7,0,0.0,2.0,4.0,2.0,B01
201500037060,0,7,0,0.0,2.0,4.0,2.0,C01
201500037060,0,7,0,0.0,2.0,4.0,2.0,D01
201500037061,0,7,0,0.0,2.0,1.0,1.0,A01
201500037061,0,7,0,0.0,2.0,4.0,1.0,B01
201500037062,2,7,0,0.0,2.0,1.0,1.0,A01
201500037062,0,7,0,0.0,2.0,5.0,2.0,B01
201500037063,0,7,0,0.0,2.0,1.0,15.0,A01
201500037063,0,7,0,0.0,2.0,2.0,1.0,B01
201500037064,0,32,0,0.0,2.0,6.0,1.0,A01
201500037064,1,7,0,0.0,2.0,2.0,2.0,B01
201500037065,0,7,0,0.0,2.0,7.0,1.0,B01
201500037065,0,7,0,0.0,2.0,8.0,13.0,A01
201500037066,0,7,0,0.0,2.0,4.0,2.0,B01
201500037066,1,33,0,0.0,2.0,1.0,1.0,A01
201500037067,0,32,0,9.0,0.0,1.0,17.0,A01
201500037068,0,7,0,0.0,2.0,1.0,1.0,A01
201500037068,0,7,0,0.0,2.0,4.0,2.0,B01
201500037069,0,7,0,1.0,0.0,1.0,13.0,A01
201500037070,0,7,0,0.0,2.0,1.0,0.0,A01
201500037070,0,7,0,0.0,2.0,1.0,0.0,B01
201500037071,0,7,0,0.0,1.0,1.0,1.0,A01
201500037072,0,3,0,0.0,2.0,1.0,1.0,B01
201500037072,0,32,0,0.0,2.0,1.0,13.0,A01
201500037073,0,7,0,0.0,2.0,4.0,2.0,B01
201500037073,0,7,0,0.0,2.0,4.0,2.0,C01
201500037073,0,7,0,0.0,2.0,4.0,1.0,A01
201500037073,0,33,0,0.0,2.0,7.0,2.0,D01
201500037074,0,33,0,0.0,2.0,1.0,17.0,A01
201500037074,0,7,0,0.0,2.0,3.0,15.0,B01
201500037075,0,7,0,3.0,0.0,3.0,1.0,A01
201500037076,0,7,0,0.0,1.0,1.0,1.0,A01
201500037077,0,7,0,0.0,2.0,3.0,1.0,B01
201500037077,0,33,0,0.0,2.0,2.0,12.0,A01
201500037078,0,2,0,0.0,2.0,1.0,1.0,B01
201500037078,0,7,0,0.0,2.0,6.0,1.0,A01
201500037079,0,7,0,0.0,2.0,3.0,0.0,A01
201500037079,0,33,0,0.0,2.0,1.0,5.0,B01
201500037080,0,7,0,0.0,2.0,8.0,2.0,B01
201500037080,0,7,0,13.0,2.0,1.0,9.0,A01
201500037081,0,7,0,0.0,1.0,7.0,1.0,A01
201500037082,0,7,0,0.0,2.0,6.0,11.0,A01
201500037082,0,14,0,0.0,2.0,1.0,2.0,B01
201500037083,0,33,0,0.0,1.0,1.0,1.0,A01
201500037084,0,33,0,1.0,0.0,1.0,1.0,A01
201500037085,1,7,0,0.0,2.0,1.0,2.0,Z01
201500037085,0,7,0,0.0,2.0,6.0,1.0,A01
201500037086,0,30,0,0.0,2.0,7.0,17.0,B01
201500037086,0,7,0,0.0,2.0,2.0,5.0,A01
201500037087,0,7,0,0.0,2.0,1.0,19.0,A01
201500037087,0,2,0,0.0,2.0,2.0,1.0,B01
201500037088,0,7,0,0.0,1.0,3.0,1.0,A01
201500037089,0,7,0,16.0,0.0,0.0,21.0,A01
201500037089,0,38,1,0.0,2.0,0.0,0.0,B01
201500037090,0,2,0,0.0,2.0,3.0,14.0,B01
201500037090,0,7,0,0.0,2.0,2.0,15.0,A01
201500037091,0,10,0,0.0,2.0,3.0,21.0,B01
201500037091,0,10,0,0.0,2.0,3.0,15.0,A01
201500037092,0,7,0,0.0,2.0,1.0,1.0,A01
201500037092,0,7,0,0.0,2.0,4.0,2.0,B01
201500037093,0,10,0,0.0,1.0,1.0,1.0,A01
201500037094,1,10,0,1.0,2.0,4.0,20.0,Z01
201500037094,0,31,0,0.0,2.0,1.0,1.0,A01
201500037094,0,7,0,0.0,2.0,4.0,23.0,B01
201500037095,0,7,0,4.0,2.0,2.0,10.0,A01
201500037095,0,7,0,9.0,2.0,3.0,1.0,B01
201500037095,0,7,0,0.0,2.0,3.0,2.0,C01
201500037096,0,7,0,0.0,2.0,4.0,1.0,A01
201500037096,0,7,0,0.0,2.0,1.0,2.0,B01
201500037097,0,7,0,4.0,2.0,2.0,14.0,A01
201500037097,0,7,0,4.0,2.0,6.0,2.0,B01
201500037098,0,7,0,9.0,0.0,8.0,1.0,A01
201500037099,0,7,0,0.0,1.0,3.0,14.0,A01
201500037100,0,37,1,0.0,2.0,2.0,1.0,A01
201500037100,0,7,0,0.0,2.0,1.0,15.0,B01
201500037101,0,7,0,0.0,2.0,4.0,1.0,B01
201500037101,0,7,0,0.0,2.0,1.0,1.0,A01
201500037102,0,7,0,0.0,2.0,4.0,2.0,B01
201500037102,0,7,0,0.0,2.0,1.0,1.0,A01
201500037103,0,1,0,0.0,1.0,1.0,1.0,A01
201500037104,0,7,0,0.0,2.0,6.0,15.0,B01
201500037104,0,1,0,0.0,2.0,7.0,15.0,A01
201500037105,1,30,0,0.0,2.0,1.0,0.0,B01
201500037105,2,7,0,6.0,2.0,1.0,0.0,A01
201500037106,0,7,0,0.0,1.0,2.0,1.0,A01
201500037107,0,1,0,0.0,2.0,1.0,0.0,A01
201500037107,0,10,0,0.0,2.0,1.0,0.0,B01
201500037108,0,10,0,0.0,2.0,1.0,1.0,B01
201500037108,0,10,0,0.0,2.0,4.0,23.0,A01
201500037109,0,7,0,0.0,2.0,4.0,0.0,B01
201500037109,0,7,0,0.0,2.0,1.0,0.0,A01
201500037110,0,7,0,4.0,0.0,1.0,8.0,A01
201500037111,0,1,0,0.0,2.0,7.0,1.0,B01
201500037111,0,7,0,0.0,2.0,7.0,1.0,A01
201500037112,0,10,0,0.0,1.0,2.0,1.0,A01
201500037113,0,7,0,1.0,0.0,2.0,14.0,A01
201500037114,0,7,0,0.0,2.0,6.0,2.0,C01
201500037114,0,7,0,0.0,2.0,0.0,2.0,B01