Num_Acc,senc,catv,occutc,obs,obsm,choc,manv,num_veh
201500037114,0,31,0,1.0,2.0,1.0,1.0,A01
201500037115,0,33,0,0.0,2.0,4.0,0.0,B01
201500037115,0,7,0,0.0,2.0,1.0,1.0,A01
201500037116,0,7,0,0.0,2.0,3.0,1.0,B01
201500037116,0,2,0,0.0,2.0,1.0,9.0,A01
201500037117,0,33,0,0.0,2.0,5.0,1.0,B01
201500037117,0,7,0,0.0,2.0,2.0,19.0,A01
201500037118,0,7,0,0.0,2.0,1.0,1.0,A01
201500037118,0,7,0,0.0,2.0,4.0,2.0,B01
201500037119,0,7,0,0.0,1.0,1.0,1.0,A01
201500037120,0,7,0,0.0,1.0,1.0,1.0,A01
201500037121,0,7,0,0.0,2.0,3.0,13.0,B01
201500037121,0,33,0,0.0,2.0,1.0,1.0,A01
201500037122,0,37,1,0.0,2.0,1.0,1.0,B01
201500037122,0,7,0,0.0,2.0,1.0,15.0,A01
201500037123,0,7,0,0.0,1.0,1.0,1.0,A01
201500037124,0,7,0,0.0,1.0,1.0,1.0,A01
201500037125,0,1,0,1.0,1.0,0.0,0.0,A01
201500037126,0,2,0,0.0,1.0,2.0,21.0,A01
201500037127,1,7,0,0.0,2.0,1.0,1.0,A01
201500037127,0,31,0,0.0,2.0,0.0,0.0,B01
201500037128,0,7,0,0.0,1.0,2.0,1.0,A01
201500037129,0,33,0,0.0,2.0,2.0,1.0,A01
201500037129,0,10,0,0.0,2.0,3.0,15.0,B01
201500037130,0,7,0,0.0,1.0,2.0,1.0,A01
201500037131,0,34,0,0.0,2.0,8.0,17.0,B01
201500037131,0,7,0,0.0,2.0,6.0,15.0,A01
201500037132,0,7,0,0.0,1.0,4.0,4.0,A01
201500037133,0,1,0,0.0,2.0,2.0,1.0,B01
201500037133,0,7,0,0.0,2.0,6.0,9.0,A01
201500037134,0,7,0,0.0,2.0,4.0,2.0,B01
201500037134,0,10,0,0.0,2.0,1.0,1.0,A01
201500037135,0,1,0,0.0,2.0,1.0,1.0,A01
201500037135,0,10,0,0.0,2.0,7.0,1.0,B01
201500037136,0,1,0,0.0,2.0,8.0,1.0,C01
201500037136,0,7,0,0.0,2.0,1.0,9.0,A01
201500037136,0,10,0,0.0,2.0,1.0,1.0,B01
201500037137,0,7,0,9.0,2.0,7.0,1.0,A01
201500037137,0,7,0,0.0,2.0,1.0,15.0,B01
201500037138,0,7,0,0.0,1.0,8.0,15.0,A01
201500037139,0,34,0,0.0,2.0,2.0,1.0,A01
201500037139,0,7,0,0.0,2.0,3.0,11.0,B01
201500037140,0,7,0,0.0,1.0,7.0,1.0,A01
201500037141,0,7,0,0.0,2.0,1.0,1.0,A01
201500037141,0,14,0,9.0,2.0,1.0,1.0,B01
201500037142,0,7,0,0.0,2.0,3.0,1.0,B01
201500037142,0,7,0,0.0,2.0,2.0,1.0,A01
201500037143,0,7,0,9.0,0.0,1.0,14.0,A01
201500037144,0,7,0,0.0,2.0,4.0,2.0,B01
201500037144,0,7,0,0.0,2.0,1.0,1.0,A01
201500037145,0,7,0,0.0,2.0,3.0,1.0,A01
201500037145,1,7,0,1.0,2.0,2.0,1.0,Z01
201500037146,0,7,0,0.0,2.0,8.0,1.0,B01
201500037146,0,2,0,0.0,2.0,1.0,9.0,A01
201500037147,0,7,0,1.0,1.0,3.0,14.0,A01
201500037148,0,7,0,0.0,1.0,6.0,4.0,A01
201500037149,0,7,0,9.0,0.0,1.0,1.0,A01
201500037150,0,7,0,0.0,2.0,1.0,1.0,A01
201500037150,0,1,0,0.0,2.0,1.0,9.0,B01
201500037151,0,7,0,0.0,2.0,3.0,1.0,B01
201500037151,0,7,0,0.0,2.0,3.0,13.0,A01
201500037152,0,10,0,0.0,1.0,2.0,1.0,A01
201500037153,0,7,0,4.0,0.0,1.0,1.0,A01
201500037154,0,31,0,0.0,1.0,3.0,1.0,A01
201500037155,0,7,0,0.0,1.0,1.0,1.0,A01
201500037156,0,33,0,0.0,2.0,1.0,0.0,B01
201500037156,0,13,0,0.0,2.0,8.0,15.0,A01
201500037157,0,1,0,0.0,0.0,0.0,5.0,A01
201500037157,0,7,0,0.0,2.0,0.0,0.0,B01
201500037158,0,33,0,0.0,2.0,1.0,1.0,A01
201500037158,0,7,0,0.0,2.0,7.0,15.0,B01
201500037159,0,7,0,0.0,2.0,1.0,1.0,A01
201500037159,0,7,0,0.0,2.0,8.0,15.0,B01
201500037160,0,7,0,0.0,2.0,1.0,15.0,A01
201500037160,0,2,0,0.0,2.0,1.0,1.0,B01
201500037161,0,7,0,0.0,1.0,1.0,1.0,A01
201500037162,0,7,0,0.0,2.0,4.0,0.0,A01
201500037162,0,30,0,0.0,2.0,1.0,0.0,B01
201500037163,0,7,0,0.0,2.0,3.0,15.0,A01
201500037163,0,2,0,0.0,2.0,6.0,1.0,B01
201500037164,0,31,0,1.0,1.0,1.0,21.0,A01
201500037164,0,7,0,1.0,0.0,6.0,14.0,B01
201500037165,0,7,0,0.0,2.0,3.0,15.0,B01
201500037165,0,30,0,0.0,2.0,2.0,1.0,A01
201500037166,0,33,0,0.0,2.0,1.0,1.0,B01
201500037166,0,7,0,0.0,2.0,2.0,9.0,A01
201500037167,0,7,0,0.0,2.0,7.0,15.0,A01
201500037167,0,33,0,0.0,2.0,1.0,1.0,B01
201500037168,0,7,0,0.0,1.0,2.0,1.0,A01
201500037169,0,7,0,6.0,0.0,6.0,1.0,A01
201500037170,0,7,0,0.0,2.0,1.0,5.0,A01
201500037170,0,7,0,0.0,2.0,1.0,2.0,B01
201500037171,0,7,0,0.0,2.0,1.0,1.0,A01
201500037171,0,1,0,0.0,2.0,4.0,13.0,B01
201500037172,0,30,0,0.0,2.0,2.0,1.0,B01
201500037172,0,7,0,0.0,2.0,3.0,9.0,A01
201500037173,0,7,0,0.0,1.0,1.0,1.0,A01
201500037174,0,7,0,0.0,2.0,0.0,16.0,A01
201500037174,0,7,0,0.0,2.0,0.0,15.0,B01
201500037175,0,2,0,0.0,2.0,1.0,17.0,A01
201500037175,0,7,0,0.0,2.0,3.0,15.0,B01
201500037176,0,1,0,0.0,2.0,1.0,2.0,B01
201500037176,0,7,0,0.0,2.0,3.0,20.0,A01
201500037177,0,7,0,0.0,1.0,1.0,1.0,A01
201500037178,0,7,0,0.0,1.0,4.0,4.0,A01
201500037179,0,7,0,0.0,1.0,2.0,1.0,A01
201500037180,0,33,0,0.0,1.0,1.0,19.0,A01
201500037181,0,7,0,0.0,1.0,1.0,1.0,A01
201500037182,0,30,0,0.0,2.0,1.0,2.0,B01
201500037182,0,10,0,0.0,2.0,4.0,1.0,A01
201500037183,0,7,0,0.0,2.0,6.0,13.0,B01
201500037183,0,10,0,0.0,2.0,3.0,1.0,A01
201500037184,0,7,0,0.0,2.0,1.0,1.0,B01
201500037184,0,7,0,0.0,2.0,1.0,1.0,A01
201500037185,0,7,0,0.0,2.0,4.0,2.0,B01
201500037185,0,7,0,0.0,2.0,1.0,1.0,A01
201500037186,0,7,0,0.0,1.0,1.0,1.0,A01
201500037187,0,7,0,0.0,2.0,1.0,20.0,B01
201500037187,2,7,0,0.0,2.0,1.0,5.0,Z01
201500037188,0,7,0,0.0,2.0,3.0,1.0,B01
201500037188,0,7,0,3.0,2.0,7.0,1.0,A01
201500037189,0,7,0,0.0,1.0,3.0,15.0,A01
201500037190,0,7,0,11.0,0.0,1.0,1.0,A01
201500037191,0,7,0,0.0,1.0,1.0,17.0,A01
201500037192,0,33,0,0.0,2.0,1.0,4.0,A01
201500037192,0,7,0,0.0,2.0,3.0,15.0,B01
201500037193,0,7,0,0.0,2.0,6.0,1.0,B01
201500037193,0,30,0,0.0,2.0,1.0,13.0,A01
201500037194,0,1,0,0.0,2.0,1.0,0.0,B01
201500037194,0,1,0,0.0,2.0,1.0,0.0,A01
201500037195,0,7,0,0.0,1.0,1.0,1.0,A01
201500037196,0,2,0,0.0,1.0,1.0,17.0,A01
201500037197,0,30,0,0.0,1.0,1.0,19.0,A01
201500037198,0,33,0,0.0,2.0,1.0,1.0,A01
201500037198,0,7,0,0.0,2.0,3.0,1.0,B01
201500037199,0,10,0,0.0,1.0,4.0,4.0,A01
201500037200,0,30,0,0.0,2.0,8.0,1.0,B01
201500037200,0,7,0,0.0,2.0,3.0,19.0,A01
201500037201,0,7,0,0.0,2.0,1.0,1.0,A01
201500037201,0,31,0,0.0,2.0,1.0,1.0,B01
201500037202,1,7,0,0.0,1.0,1.0,1.0,A01
201500037203,0,7,0,0.0,2.0,1.0,1.0,B01
201500037203,0,7,0,0.0,2.0,8.0,15.0,A01
201500037204,0,2,0,0.0,2.0,8.0,1.0,B01
201500037204,0,7,0,0.0,2.0,3.0,10.0,A01
201500037205,0,2,0,0.0,2.0,7.0,15.0,A01
201500037205,0,7,0,0.0,2.0,3.0,1.0,B01
201500037206,0,7,0,0.0,1.0,1.0,1.0,A01
201500037207,0,2,0,0.0,2.0,1.0,1.0,B01
201500037207,0,7,0,0.0,2.0,2.0,15.0,A01
201500037208,0,7,0,0.0,1.0,1.0,1.0,A01
201500037209,0,34,0,0.0,2.0,3.0,17.0,A01
201500037209,0,7,0,0.0,2.0,1.0,1.0,B01
201500037210,0,7,0,0.0,2.0,7.0,15.0,A01
201500037210,0,33,0,0.0,2.0,1.0,1.0,B01
201500037211,0,7,0,0.0,2.0,6.0,15.0,A01
201500037211,0,7,0,0.0,2.0,3.0,1.0,B01
201500037212,0,2,0,0.0,0.0,1.0,1.0,A01
201500037213,0,7,0,1.0,2.0,2.0,15.0,A01
201500037214,0,7,0,14.0,0.0,1.0,1.0,A01
201500037215,0,34,0,0.0,2.0,4.0,15.0,B01
201500037215,0,7,0,0.0,2.0,1.0,15.0,A01
201500037215,0,7,0,0.0,2.0,3.0,15.0,C01
201500037216,0,7,0,6.0,2.0,2.0,17.0,A01
201500037216,0,7,0,0.0,0.0,2.0,17.0,B01
201500037217,0,7,0,0.0,1.0,2.0,1.0,A01
201500037218,0,30,0,0.0,2.0,4.0,2.0,B01
201500037218,1,7,0,0.0,2.0,1.0,1.0,A01
201500037219,0,2,0,0.0,2.0,2.0,15.0,A01
201500037219,0,7,0,0.0,2.0,1.0,1.0,B01
201500037220,0,7,0,0.0,2.0,1.0,0.0,A01
201500037220,0,7,0,0.0,2.0,8.0,0.0,B01
201500037221,0,7,0,0.0,2.0,1.0,0.0,A01
201500037221,0,7,0,0.0,2.0,8.0,0.0,B01
201500037222,1,7,0,0.0,2.0,3.0,1.0,A01
201500037222,0,30,0,0.0,2.0,7.0,17.0,B01
201500037223,0,1,0,1.0,0.0,1.0,1.0,B01
201500037223,0,7,0,0.0,2.0,6.0,22.0,A01
201500037224,0,7,0,0.0,0.0,0.0,15.0,A01
201500037224,0,1,0,0.0,0.0,0.0,1.0,B01
201500037225,0,7,0,0.0,2.0,8.0,1.0,B01
201500037225,0,31,0,0.0,2.0,1.0,17.0,A01
201500037226,0,7,0,0.0,0.0,0.0,1.0,A01
201500037227,0,7,0,1.0,0.0,2.0,14.0,A01
201500037228,0,30,0,0.0,2.0,5.0,2.0,B01
201500037228,0,7,0,0.0,2.0,1.0,1.0,A01
201500037229,0,1,0,1.0,2.0,1.0,1.0,B01
201500037229,0,7,0,1.0,2.0,3.0,22.0,A01
201500037229,0,7,0,0.0,2.0,5.0,1.0,C01
201500037230,0,2,0,0.0,2.0,8.0,15.0,A01
201500037230,0,2,0,0.0,2.0,7.0,1.0,B01
201500037231,0,7,0,0.0,2.0,1.0,13.0,A01
201500037231,0,37,1,0.0,2.0,3.0,1.0,B01
201500037232,0,37,1,6.0,0.0,1.0,1.0,A01
201500037233,0,7,0,1.0,0.0,2.0,1.0,A01
201500037234,0,34,0,0.0,2.0,3.0,1.0,A01
201500037234,0,7,0,1.0,2.0,2.0,20.0,B01
201500037235,0,7,0,4.0,0.0,8.0,13.0,A01
201500037236,0,7,0,2.0,0.0,1.0,1.0,A01
201500037237,0,7,0,0.0,0.0,0.0,0.0,A01
201500037238,0,7,0,0.0,2.0,1.0,1.0,A01
201500037238,0,33,0,0.0,2.0,8.0,1.0,B01
201500037239,0,7,0,0.0,9.0,3.0,2.0,A01
201500037239,0,1,0,14.0,0.0,5.0,15.0,B01
201500037240,0,7,0,0.0,2.0,7.0,15.0,A01
201500037240,0,33,0,0.0,2.0,1.0,1.0,B01
201500037241,0,2,0,0.0,2.0,4.0,15.0,B01
201500037241,0,2,0,0.0,2.0,1.0,1.0,A01
201500037242,0,30,0,12.0,0.0,7.0,14.0,A01
201500037243,0,7,0,0.0,2.0,7.0,1.0,A01
201500037243,0,7,0,0.0,2.0,1.0,1.0,B01
201500037244,0,10,0,0.0,2.0,2.0,1.0,A01
201500037244,0,7,0,0.0,2.0,3.0,1.0,B01
201500037245,0,10,0,0.0,2.0,1.0,15.0,B01
201500037245,0,7,0,0.0,2.0,2.0,1.0,A01
201500037246,0,7,0,0.0,2.0,1.0,10.0,A01
201500037246,0,31,0,0.0,2.0,1.0,1.0,B01
201500037247,0,7,0,0.0,1.0,1.0,1.0,A01
201500037248,0,7,0,0.0,2.0,4.0,1.0,A01
201500037248,0,7,0,0.0,2.0,1.0,2.0,B01
201500037249,0,7,0,0.0,1.0,2.0,1.0,A01
201500037250,0,7,0,0.0,2.0,7.0,15.0,A01
201500037250,0,1,0,0.0,2.0,7.0,1.0,B01
201500037251,0,7,0,1.0,2.0,2.0,16.0,A01
201500037251,0,7,0,0.0,2.0,2.0,1.0,B01
201500037252,0,7,0,0.0,1.0,3.0,1.0,A01
201500037253,0,7,0,0.0,1.0,1.0,1.0,A01
201500037254,0,7,0,1.0,2.0,2.0,17.0,A01
201500037254,0,7,0,0.0,2.0,3.0,15.0,B01
201500037255,0,7,0,0.0,1.0,3.0,1.0,A01
201500037256,0,30,0,0.0,2.0,7.0,9.0,B01
201500037256,0,7,0,0.0,2.0,1.0,9.0,A01
201500037257,0,33,0,0.0,2.0,9.0,1.0,C01
201500037257,0,7,0,0.0,2.0,3.0,1.0,A01
201500037257,0,7,0,0.0,2.0,1.0,1.0,B01
201500037258,0,33,0,0.0,2.0,1.0,1.0,A01
201500037258,0,7,0,0.0,2.0,8.0,1.0,B01
201500037259,0,7,0,0.0,1.0,3.0,1.0,A01
201500037260,2,7,0,0.0,2.0,1.0,1.0,A01
201500037260,0,7,0,0.0,2.0,4.0,2.0,B01
201500037260,0,7,0,0.0,2.0,4.0,2.0,C01
201500037261,0,7,0,0.0,2.0,1.0,15.0,A01
201500037261,0,33,0,0.0,2.0,1.0,1.0,B01
201500037262,0,7,0,6.0,0.0,1.0,1.0,A01
201500037263,0,7,0,0.0,2.0,8.0,24.0,A01
201500037263,0,30,0,0.0,2.0,2.0,1.0,B01
201500037264,0,7,0,0.0,2.0,8.0,17.0,A01
201500037264,0,33,0,0.0,2.0,2.0,1.0,B01
201500037265,0,7,0,0.0,2.0,2.0,11.0,A01
201500037265,0,34,0,0.0,2.0,1.0,18.0,B01
201500037266,0,1,0,0.0,2.0,1.0,1.0,B01
201500037266,0,10,0,0.0,2.0,3.0,10.0,A01
201500037267,0,7,0,9.0,0.0,1.0,16.0,A01
201500037268,0,7,0,0.0,2.0,1.0,1.0,A01
201500037268,0,34,0,0.0,2.0,1.0,1.0,B01
201500037269,0,7,0,0.0,2.0,3.0,0.0,A01
201500037269,0,1,0,0.0,2.0,7.0,1.0,B01
201500037270,0,7,0,0.0,1.0,2.0,0.0,A01
201500037271,0,32,0,0.0,2.0,0.0,21.0,A01
201500037271,0,7,0,0.0,0.0,0.0,15.0,B01
201500037272,0,10,0,0.0,1.0,4.0,4.0,A01
201500037273,0,14,0,0.0,2.0,2.0,15.0,B01
201500037273,0,7,0,0.0,2.0,2.0,9.0,A01
201500037274,0,7,0,0.0,2.0,1.0,1.0,B01
201500037274,0,7,0,0.0,2.0,8.0,16.0,A01
201500037275,0,7,0,0.0,1.0,5.0,4.0,A01
201500037276,0,7,0,0.0,2.0,1.0,2.0,A01
201500037276,0,7,0,0.0,2.0,4.0,1.0,B01
201500037277,0,34,0,0.0,2.0,1.0,1.0,B01
201500037277,0,7,0,1.0,2.0,1.0,5.0,A01
201500037278,0,7,0,0.0,1.0,1.0,1.0,A01
201500037279,0,7,0,0.0,1.0,2.0,0.0,A01
201500037280,0,7,0,0.0,1.0,1.0,11.0,A01
201500037281,2,10,0,0.0,1.0,1.0,15.0,A01
201500037282,0,7,0,0.0,1.0,1.0,1.0,A01
201500037283,0,30,0,0.0,2.0,7.0,3.0,A01
201500037283,0,7,0,0.0,2.0,3.0,11.0,B01
201500037283,0,7,0,0.0,2.0,2.0,1.0,C01
201500037284,0,7,0,0.0,2.0,6.0,15.0,B01
201500037284,0,34,0,0.0,2.0,1.0,2.0,A01
201500037285,0,7,0,0.0,2.0,1.0,1.0,A01
201500037285,0,7,0,0.0,2.0,1.0,1.0,B01
201500037286,0,3,0,14.0,2.0,4.0,2.0,B01
201500037286,0,7,0,0.0,2.0,2.0,1.0,A01
201500037287,0,33,0,0.0,2.0,1.0,1.0,B01
201500037287,0,7,0,0.0,2.0,8.0,15.0,A01
201500037288,0,33,0,0.0,2.0,0.0,0.0,B01
201500037288,0,33,0,0.0,2.0,0.0,0.0,A01
201500037289,0,99,0,0.0,2.0,6.0,19.0,A01
201500037289,0,33,0,0.0,2.0,1.0,1.0,B01
201500037290,1,7,0,0.0,1.0,3.0,1.0,A01
201500037291,0,7,0,0.0,1.0,1.0,15.0,A01
201500037292,0,7,0,0.0,2.0,2.0,1.0,A01
201500037292,0,7,0,0.0,2.0,1.0,1.0,B01
201500037293,0,10,0,0.0,2.0,8.0,22.0,A01
201500037293,0,1,0,1.0,0.0,1.0,1.0,B01
201500037294,0,7,0,0.0,1.0,3.0,1.0,A01
201500037295,0,7,0,0.0,2.0,1.0,1.0,A01
201500037295,0,33,0,0.0,2.0,4.0,15.0,B01
201500037296,0,1,0,0.0,2.0,4.0,15.0,B01
201500037296,0,7,0,0.0,2.0,3.0,15.0,A01
201500037297,0,7,0,0.0,0.0,3.0,13.0,A01
201500037297,0,37,0,0.0,0.0,3.0,1.0,B01
201500037298,0,33,0,0.0,2.0,8.0,0.0,B01
201500037298,0,7,0,0.0,2.0,2.0,0.0,A01
201500037299,0,10,0,0.0,2.0,3.0,1.0,A01
201500037299,0,31,0,0.0,2.0,8.0,1.0,B01
201500037300,0,7,0,0.0,2.0,1.0,1.0,B01
201500037300,0,30,0,0.0,2.0,7.0,15.0,A01
201500037301,0,32,0,0.0,1.0,1.0,1.0,A01
201500037302,2,7,0,0.0,2.0,7.0,1.0,A01
201500037302,0,7,0,0.0,1.0,8.0,1.0,B01
201500037303,0,7,0,0.0,1.0,3.0,15.0,A01
201500037304,0,7,0,0.0,1.0,1.0,15.0,A01
201500037305,0,7,0,0.0,1.0,7.0,1.0,A01
201500037306,0,2,0,0.0,0.0,0.0,17.0,A01
201500037307,0,10,0,0.0,2.0,1.0,15.0,B01
201500037307,0,32,0,0.0,2.0,2.0,1.0,A01
201500037308,0,32,0,0.0,2.0,7.0,1.0,A01
201500037308,1,7,0,0.0,2.0,6.0,11.0,Z01
201500037309,0,2,0,0.0,2.0,7.0,1.0,A01
201500037309,0,1,0,0.0,2.0,8.0,15.0,B01
201500037310,0,2,0,0.0,2.0,3.0,1.0,A01
201500037310,0,7,0,0.0,2.0,6.0,1.0,B01
201500037311,0,7,0,0.0,1.0,1.0,1.0,A01
201500037312,0,38,51,0.0,2.0,5.0,17.0,A01
201500037312,0,1,0,0.0,2.0,8.0,1.0,B01
201500037313,0,7,0,0.0,2.0,1.0,1.0,A01
201500037313,0,33,0,0.0,2.0,4.0,2.0,B01
201500037314,0,33,0,0.0,0.0,8.0,21.0,A01
201500037315,0,33,0,0.0,2.0,7.0,1.0,B01
201500037315,0,32,0,0.0,2.0,8.0,9.0,A01
201500037316,0,7,0,0.0,1.0,1.0,1.0,A01
201500037317,0,7,0,0.0,2.0,7.0,15.0,A01
201500037317,0,2,0,0.0,2.0,1.0,1.0,B01
201500037318,0,7,0,0.0,1.0,2.0,16.0,A01
201500037319,1,30,0,0.0,2.0,1.0,17.0,Z01
201500037319,0,30,0,0.0,2.0,8.0,15.0,B01
201500037320,0,7,0,0.0,1.0,5.0,1.0,A01
201500037321,0,37,1,0.0,1.0,8.0,1.0,A01
201500037322,0,7,0,0.0,2.0,2.0,2.0,B01
201500037322,0,7,0,0.0,2.0,1.0,1.0,A01
201500037323,0,10,0,0.0,2.0,1.0,2.0,A01
201500037323,0,7,0,0.0,2.0,4.0,2.0,B01
201500037324,0,30,0,0.0,2.0,7.0,15.0,A01
201500037324,0,7,0,0.0,2.0,2.0,1.0,B01
201500037325,0,37,2,0.0,0.0,0.0,0.0,B01
201500037325,0,7,0,0.0,2.0,8.0,13.0,A01
201500037326,1,30,0,0.0,1.0,1.0,1.0,Z01
201500037327,0,2,0,0.0,0.0,0.0,0.0,A01
201500037328,0,1,0,1.0,0.0,2.0,1.0,A01
201500037329,0,34,0,0.0,2.0,1.0,2.0,A01
201500037329,0,10,0,0.0,2.0,4.0,2.0,B01
201500037330,0,7,0,0.0,2.0,3.0,15.0,A01
201500037330,0,30,0,0.0,2.0,8.0,1.0,B01
201500037331,1,99,0,0.0,1.0,4.0,4.0,Z01
201500037332,0,32,0,1.0,0.0,1.0,1.0,A01
201500037333,0,33,0,0.0,2.0,7.0,1.0,B01
201500037333,1,7,0,0.0,2.0,7.0,15.0,Z01
201500037334,0,32,0,0.0,1.0,8.0,17.0,A01
201500037335,0,7,0,0.0,1.0,4.0,4.0,A01
201500037336,1,7,0,0.0,1.0,1.0,1.0,Z01
201500037337,0,7,0,0.0,1.0,1.0,1.0,A01
201500037338,0,31,0,0.0,1.0,1.0,17.0,A01
201500037339,0,7,0,0.0,1.0,1.0,1.0,A01
201500037340,0,33,0,0.0,2.0,3.0,15.0,B01
201500037340,0,1,0,0.0,2.0,1.0,1.0,A01
201500037341,0,33,0,0.0,1.0,1.0,1.0,A01
201500037342,0,7,0,1.0,2.0,1.0,5.0,A01
201500037342,0,7,0,0.0,2.0,3.0,1.0,B01
201500037343,0,7,0,9.0,0.0,1.0,21.0,A01
201500037344,0,7,0,8.0,0.0,1.0,21.0,A01
201500037345,0,10,0,0.0,2.0,2.0,16.0,B01
201500037345,0,30,0,0.0,2.0,3.0,18.0,A01
201500037346,0,7,0,0.0,2.0,1.0,15.0,A01
201500037346,0,33,0,0.0,2.0,1.0,1.0,B01
201500037347,0,34,0,0.0,1.0,1.0,1.0,A01
201500037348,0,33,0,0.0,2.0,3.0,18.0,A01
201500037348,0,2,0,0.0,2.0,5.0,16.0,B01
201500037349,0,1,0,0.0,2.0,1.0,2.0,A01
201500037349,0,10,0,0.0,2.0,4.0,2.0,B01
201500037350,0,7,0,0.0,2.0,6.0,16.0,B01
201500037350,0,1,0,0.0,2.0,1.0,1.0,A01
201500037351,0,7,0,0.0,1.0,1.0,15.0,A01
201500037352,0,7,0,0.0,1.0,1.0,1.0,A01
201500037353,0,33,0,0.0,2.0,8.0,15.0,A01
201500037353,0,7,0,0.0,2.0,2.0,1.0,B01
201500037354,0,10,0,0.0,1.0,4.0,4.0,A01
201500037355,1,7,0,0.0,1.0,1.0,1.0,Z01
201500037356,0,7,0,0.0,2.0,2.0,14.0,A01
201500037356,0,33,0,0.0,2.0,8.0,1.0,B01
201500037357,0,7,0,0.0,2.0,3.0,22.0,A01
201500037357,0,1,0,1.0,0.0,7.0,1.0,B01
201500037358,0,3,0,0.0,0.0,0.0,0.0,A01
201500037358,0,7,0,0.0,0.0,0.0,0.0,B01
201500037359,0,7,0,0.0,2.0,8.0,15.0,B01
201500037359,0,7,0,0.0,2.0,3.0,15.0,A01
201500037360,0,2,0,0.0,1.0,1.0,1.0,A01
201500037361,0,99,0,0.0,1.0,0.0,0.0,A01
201500037362,0,7,0,0.0,1.0,1.0,16.0,A01
201500037363,0,7,0,0.0,1.0,0.0,0.0,A01
201500037364,0,7,0,0.0,1.0,1.0,15.0,A01
201500037365,0,7,0,0.0,2.0,8.0,1.0,A01
201500037365,0,7,0,0.0,2.0,1.0,1.0,B01
201500037366,0,2,0,0.0,2.0,1.0,1.0,B01
201500037366,0,7,0,0.0,2.0,3.0,15.0,A01
201500037367,0,7,0,0.0,2.0,7.0,22.0,A01
201500037367,0,1,0,1.0,0.0,1.0,1.0,B01
201500037368,0,7,0,0.0,2.0,1.0,16.0,A01
201500037368,0,7,0,0.0,2.0,2.0,1.0,B01
201500037369,0,33,0,0.0,1.0,8.0,1.0,A01
201500037370,0,7,0,0.0,1.0,1.0,1.0,A01
201500037371,0,10,0,0.0,2.0,1.0,2.0,A01
201500037371,0,7,0,0.0,2.0,4.0,2.0,B01
201500037372,0,2,0,0.0,2.0,1.0,18.0,A01
201500037372,0,7,0,0.0,2.0,6.0,1.0,B01
201500037373,0,7,0,14.0,0.0,8.0,1.0,A01
201500037374,0,2,0,0.0,2.0,1.0,17.0,A01
201500037374,0,7,0,0.0,2.0,3.0,15.0,B01
201500037375,0,31,0,0.0,2.0,7.0,1.0,A01
201500037375,0,7,0,0.0,2.0,8.0,16.0,B01
201500037376,0,7,0,0.0,1.0,1.0,1.0,A01
201500037377,0,30,0,11.0,0.0,8.0,1.0,A01
201500037378,0,32,0,0.0,0.0,8.0,1.0,A01
201500037379,1,32,0,0.0,1.0,1.0,1.0,Z01
201500037380,0,1,0,0.0,2.0,8.0,19.0,B01
201500037380,1,13,0,0.0,2.0,1.0,16.0,Z01
201500037381,0,1,0,0.0,2.0,1.0,2.0,A01
201500037381,0,7,0,0.0,2.0,5.0,2.0,B01
201500037382,0,7,0,0.0,2.0,1.0,15.0,A01
201500037382,0,34,0,0.0,2.0,8.0,17.0,B01
201500037383,0,10,0,0.0,2.0,1.0,2.0,A01
201500037383,0,7,0,0.0,2.0,4.0,2.0,B01
201500037383,0,7,0,0.0,2.0,4.0,2.0,C01
201500037383,0,7,0,0.0,2.0,4.0,2.0,D01
201500037383,0,7,0,0.0,2.0,4.0,2.0,E01
201500037384,0,7,0,0.0,2.0,1.0,17.0,A01
201500037384,0,13,0,0.0,2.0,6.0,1.0,B01
201500037385,0,10,0,0.0,2.0,2.0,15.0,A01
201500037385,0,7,0,0.0,2.0,3.0,1.0,B01
201500037386,0,1,0,0.0,2.0,1.0,1.0,B01
201500037386,0,99,0,0.0,2.0,6.0,4.0,A01
201500037387,0,1,0,0.0,2.0,1.0,2.0,A01
201500037387,0,10,0,0.0,2.0,5.0,16.0,B01
201500037388,0,7,0,0.0,2.0,1.0,1.0,A01
201500037388,0,32,0,0.0,2.0,4.0,1.0,B01
201500037389,0,7,0,0.0,2.0,8.0,15.0,A01
201500037389,0,2,0,0.0,2.0,8.0,1.0,B01
201500037390,0,7,0,0.0,2.0,4.0,4.0,A01
201500037390,0,32,0,0.0,2.0,1.0,1.0,B01
201500037391,0,32,0,0.0,2.0,1.0,17.0,A01
201500037391,0,7,0,0.0,2.0,3.0,15.0,B01
201500037392,0,7,0,0.0,2.0,2.0,22.0,A01
201500037392,0,1,0,0.0,2.0,8.0,18.0,B01
201500037393,0,30,0,0.0,2.0,1.0,17.0,A01
201500037393,0,7,0,0.0,2.0,3.0,15.0,B01
201500037394,0,2,0,0.0,2.0,0.0,0.0,B01
201500037394,1,7,0,0.0,2.0,0.0,1.0,Z01
201500037395,0,2,0,0.0,2.0,1.0,15.0,A01
201500037395,0,7,0,0.0,2.0,3.0,1.0,B01
201500037396,0,7,0,0.0,2.0,8.0,1.0,A01
201500037396,1,13,0,0.0,2.0,7.0,14.0,Z01
201500037397,0,32,0,0.0,2.0,1.0,2.0,A01