Num_Acc,senc,catv,occutc,obs,obsm,choc,manv,num_veh
201500037966,0,33,0,0.0,1.0,7.0,15.0,A01
201500037967,0,32,0,0.0,2.0,3.0,1.0,B01
201500037967,0,7,0,0.0,2.0,5.0,15.0,A01
201500037968,1,7,0,0.0,2.0,5.0,1.0,Z01
201500037968,0,32,0,0.0,2.0,1.0,1.0,A01
201500037969,0,7,0,0.0,0.0,5.0,1.0,B01
201500037969,0,7,0,0.0,0.0,0.0,2.0,C01
201500037969,0,33,0,0.0,2.0,1.0,21.0,A01
201500037970,0,34,0,0.0,2.0,1.0,21.0,A01
201500037970,0,7,0,0.0,0.0,4.0,23.0,B01
201500037971,0,32,0,0.0,0.0,4.0,13.0,A01
201500037971,0,7,0,0.0,2.0,3.0,1.0,B01
201500037972,0,10,0,0.0,1.0,7.0,16.0,A01
201500037973,0,30,0,0.0,1.0,1.0,21.0,A01
201500037974,0,7,0,0.0,2.0,8.0,15.0,A01
201500037974,0,30,0,0.0,2.0,1.0,1.0,B01
201500037975,0,7,0,0.0,2.0,3.0,1.0,B01
201500037975,0,32,0,0.0,2.0,2.0,2.0,A01
201500037975,0,7,0,0.0,0.0,6.0,2.0,C01
201500037976,0,7,0,0.0,1.0,1.0,1.0,A01
201500037977,0,7,0,0.0,2.0,4.0,1.0,B01
201500037977,0,14,0,0.0,0.0,0.0,1.0,D01
201500037977,0,7,0,0.0,2.0,5.0,1.0,C01
201500037977,0,10,0,0.0,2.0,1.0,2.0,A01
201500037978,0,32,0,0.0,1.0,1.0,1.0,A01
201500037979,0,32,0,0.0,1.0,1.0,1.0,A01
201500037980,0,37,1,0.0,1.0,5.0,1.0,A01
201500037981,0,7,0,0.0,0.0,6.0,4.0,A01
201500037981,0,32,0,0.0,2.0,9.0,1.0,B01
201500037982,0,7,0,0.0,1.0,2.0,16.0,A01
201500037983,0,7,0,0.0,1.0,4.0,4.0,A01
201500037984,0,33,0,0.0,1.0,1.0,1.0,A01
201500037985,0,7,0,0.0,4.0,1.0,17.0,A01
201500037985,0,10,0,0.0,2.0,1.0,1.0,B01
201500037986,0,32,0,0.0,0.0,8.0,16.0,A01
201500037987,1,7,0,0.0,1.0,0.0,0.0,A01
201500037988,0,7,0,0.0,2.0,7.0,1.0,B01
201500037988,0,7,0,0.0,2.0,1.0,1.0,A01
201500037989,0,34,0,0.0,2.0,2.0,3.0,B01
201500037989,0,7,0,0.0,2.0,3.0,1.0,A01
201500037990,0,7,0,0.0,2.0,8.0,15.0,B01
201500037991,2,7,0,0.0,2.0,1.0,0.0,A01
201500037991,0,33,0,0.0,2.0,1.0,1.0,B01
201500037992,0,7,0,0.0,1.0,4.0,4.0,A01
201500037993,0,33,0,12.0,0.0,8.0,1.0,A01
201500037994,0,10,0,0.0,2.0,0.0,14.0,B01
201500037994,0,33,0,0.0,2.0,1.0,1.0,A01
201500037995,0,7,0,0.0,1.0,1.0,1.0,A01
201500037996,0,7,0,0.0,1.0,7.0,1.0,A01
201500037997,0,7,0,0.0,2.0,3.0,15.0,A01
201500037998,1,7,0,0.0,1.0,1.0,1.0,A01
201500037999,0,30,0,0.0,0.0,7.0,1.0,A01
201500038000,0,7,0,0.0,2.0,1.0,1.0,A01
201500038000,0,7,0,0.0,2.0,4.0,1.0,B01
201500038001,0,7,0,0.0,1.0,1.0,15.0,A01
201500038002,0,7,0,0.0,2.0,3.0,9.0,A01
201500038002,0,30,0,0.0,2.0,1.0,14.0,B01
201500038003,0,32,0,1.0,0.0,3.0,5.0,A01
201500038004,0,7,0,0.0,2.0,6.0,15.0,A01
201500038004,0,7,0,6.0,2.0,1.0,15.0,B01
201500038005,0,7,0,0.0,1.0,8.0,1.0,A01
201500038006,1,30,0,0.0,0.0,0.0,1.0,A01
201500038007,0,7,0,0.0,1.0,4.0,4.0,A01
201500038008,0,7,0,0.0,1.0,1.0,1.0,A01
201500038009,1,7,0,0.0,2.0,1.0,1.0,A01
201500038009,0,7,0,8.0,2.0,4.0,1.0,B01
201500038010,0,7,0,0.0,2.0,8.0,15.0,B01
201500038010,0,7,0,0.0,2.0,1.0,1.0,A01
201500038011,0,30,0,0.0,1.0,1.0,1.0,A01
201500038012,0,32,0,0.0,0.0,7.0,1.0,A01
201500038013,0,30,0,0.0,0.0,7.0,1.0,A01
201500038014,0,34,0,0.0,1.0,1.0,1.0,A01
201500038015,0,7,0,0.0,1.0,1.0,1.0,A01
201500038016,0,10,0,0.0,2.0,1.0,15.0,B01
201500038016,0,34,0,0.0,2.0,1.0,1.0,A01
201500038017,0,7,0,0.0,2.0,1.0,0.0,A01
201500038017,0,32,0,0.0,2.0,1.0,1.0,B01
201500038018,0,7,0,0.0,2.0,4.0,9.0,A01
201500038018,0,34,0,0.0,2.0,1.0,1.0,B01
201500038019,0,7,0,0.0,2.0,0.0,0.0,A01
201500038019,0,1,0,0.0,2.0,0.0,0.0,B01
201500038020,0,7,0,0.0,2.0,8.0,15.0,B01
201500038020,0,34,0,0.0,2.0,1.0,1.0,A01
201500038021,0,33,0,0.0,1.0,1.0,1.0,A01
201500038022,0,2,0,0.0,2.0,2.0,0.0,A01
201500038022,0,7,0,0.0,2.0,0.0,0.0,B01
201500038023,0,7,0,0.0,1.0,1.0,15.0,A01
201500038024,0,7,0,0.0,1.0,7.0,15.0,A01
201500038025,0,34,0,0.0,2.0,7.0,1.0,B01
201500038025,0,7,0,0.0,2.0,8.0,15.0,A01
201500038026,0,34,0,0.0,2.0,1.0,1.0,B01
201500038026,0,7,0,0.0,2.0,4.0,15.0,A01
201500038027,0,7,0,0.0,0.0,0.0,0.0,A01
201500038027,0,33,0,0.0,2.0,1.0,1.0,B01
201500038028,0,34,0,0.0,2.0,1.0,1.0,B01
201500038028,0,7,0,0.0,2.0,4.0,1.0,A01
201500038029,0,1,0,0.0,2.0,1.0,1.0,B01
201500038029,0,7,0,0.0,2.0,8.0,22.0,A01
201500038030,0,7,0,0.0,2.0,1.0,1.0,B01
201500038030,0,10,0,0.0,2.0,7.0,1.0,A01
201500038031,0,7,0,0.0,2.0,1.0,15.0,B01
201500038031,0,33,0,0.0,2.0,1.0,1.0,A01
201500038032,0,16,0,4.0,0.0,3.0,1.0,A01
201500038033,0,33,0,0.0,2.0,1.0,1.0,B01
201500038033,0,7,0,0.0,2.0,7.0,10.0,A01
201500038034,0,7,0,0.0,2.0,1.0,1.0,A01
201500038034,0,7,0,0.0,2.0,4.0,1.0,B01
201500038035,0,7,0,8.0,2.0,7.0,1.0,A01
201500038035,0,7,0,0.0,2.0,1.0,1.0,B01
201500038036,0,7,0,2.0,0.0,1.0,1.0,A01
201500038037,0,30,0,0.0,0.0,0.0,0.0,A01
201500038038,0,30,0,0.0,2.0,8.0,1.0,A01
201500038039,0,7,0,0.0,2.0,7.0,15.0,A01
201500038039,0,37,0,0.0,2.0,1.0,1.0,B01
201500038040,0,7,0,0.0,2.0,1.0,1.0,A01
201500038040,0,7,0,0.0,2.0,1.0,1.0,B01
201500038041,0,34,0,0.0,2.0,1.0,12.0,A01
201500038041,0,7,0,0.0,2.0,7.0,15.0,B01
201500038042,1,34,0,0.0,1.0,1.0,5.0,A01
201500038043,0,7,0,0.0,1.0,4.0,4.0,A01
201500038044,0,7,0,1.0,0.0,2.0,1.0,A01
201500038045,0,7,0,0.0,2.0,1.0,1.0,A01
201500038045,0,7,0,0.0,2.0,3.0,9.0,B01
201500038046,0,7,0,0.0,2.0,3.0,9.0,B01
201500038046,0,32,0,0.0,2.0,1.0,1.0,A01
201500038047,0,7,0,0.0,1.0,1.0,1.0,A01
201500038048,0,7,0,0.0,2.0,6.0,15.0,B01
201500038048,0,31,0,0.0,2.0,1.0,17.0,A01
201500038049,0,7,0,0.0,2.0,3.0,9.0,A01
201500038049,0,30,0,0.0,2.0,2.0,1.0,B01
201500038050,0,37,26,0.0,1.0,5.0,9.0,A01
201500038051,0,7,0,1.0,2.0,1.0,1.0,A01
201500038051,0,7,0,1.0,2.0,1.0,1.0,B01
201500038052,0,7,0,0.0,1.0,1.0,1.0,A01
201500038053,0,2,0,0.0,2.0,2.0,5.0,A01
201500038053,0,7,0,0.0,2.0,3.0,0.0,B01
201500038054,0,33,0,0.0,2.0,1.0,2.0,B01
201500038054,0,7,0,0.0,2.0,8.0,20.0,A01
201500038055,0,7,0,0.0,2.0,2.0,0.0,A01
201500038055,0,7,0,0.0,2.0,3.0,0.0,B01
201500038056,0,10,0,0.0,2.0,2.0,1.0,B01
201500038056,0,2,0,0.0,0.0,1.0,0.0,A01
201500038057,0,7,0,9.0,2.0,8.0,0.0,B01
201500038057,0,10,0,0.0,2.0,1.0,15.0,A01
201500038058,0,7,0,0.0,0.0,0.0,0.0,A01
201500038058,0,33,0,0.0,0.0,0.0,0.0,B01
201500038059,0,2,0,0.0,0.0,0.0,0.0,A01
201500038060,0,7,0,0.0,1.0,4.0,4.0,A01
201500038061,0,7,0,0.0,1.0,1.0,0.0,A01
201500038062,0,7,0,0.0,2.0,3.0,1.0,B01
201500038062,0,7,0,0.0,0.0,0.0,0.0,A01
201500038063,0,7,0,0.0,2.0,6.0,0.0,B01
201500038063,0,30,0,0.0,2.0,2.0,0.0,A01
201500038064,0,7,0,0.0,0.0,0.0,0.0,A01
201500038064,0,33,0,0.0,1.0,0.0,0.0,B01
201500038065,0,7,0,0.0,2.0,1.0,1.0,A01
201500038065,0,37,10,0.0,2.0,3.0,15.0,B01
201500038066,0,7,0,0.0,2.0,4.0,1.0,B01
201500038066,0,31,0,0.0,2.0,1.0,1.0,A01
201500038067,0,7,0,0.0,0.0,1.0,0.0,A01
201500038068,0,1,0,0.0,2.0,5.0,0.0,B01
201500038068,0,7,0,0.0,2.0,2.0,0.0,A01
201500038069,0,7,0,0.0,2.0,1.0,1.0,B01
201500038069,0,30,0,0.0,2.0,1.0,1.0,A01
201500038070,0,7,0,0.0,1.0,2.0,1.0,B01
201500038070,0,7,0,0.0,2.0,1.0,1.0,A01
201500038071,0,7,0,0.0,2.0,8.0,24.0,C01
201500038071,0,7,0,1.0,2.0,8.0,1.0,B01
201500038071,0,14,0,0.0,2.0,7.0,9.0,A01
201500038072,0,2,0,0.0,2.0,1.0,1.0,B01
201500038072,0,10,0,0.0,2.0,7.0,1.0,A01
201500038073,0,33,0,0.0,1.0,1.0,1.0,A01
201500038074,0,7,0,0.0,2.0,8.0,0.0,B01
201500038074,0,31,0,0.0,2.0,2.0,17.0,A01
201500038075,0,7,0,0.0,2.0,3.0,1.0,A01
201500038075,0,7,0,0.0,2.0,3.0,15.0,B01
201500038076,0,14,0,0.0,1.0,1.0,1.0,A01
201500038076,0,1,0,0.0,0.0,0.0,1.0,B01
201500038077,0,10,0,0.0,1.0,1.0,0.0,A01
201500038078,0,7,0,0.0,2.0,7.0,17.0,A01
201500038078,0,1,0,0.0,2.0,8.0,1.0,B01
201500038079,0,7,0,0.0,2.0,2.0,15.0,A01
201500038079,0,32,0,0.0,2.0,1.0,1.0,B01
201500038080,0,14,0,0.0,2.0,2.0,16.0,A01
201500038080,0,1,0,0.0,2.0,1.0,1.0,B01
201500038081,0,30,0,0.0,2.0,1.0,0.0,B01
201500038081,0,7,0,0.0,2.0,8.0,10.0,A01
201500038082,0,7,0,0.0,2.0,7.0,15.0,A01
201500038082,0,7,0,8.0,2.0,3.0,1.0,B01
201500038083,0,7,0,0.0,2.0,4.0,0.0,B01
201500038083,0,7,0,0.0,2.0,1.0,0.0,A01
201500038084,0,99,0,0.0,1.0,1.0,1.0,A01
201500038085,0,7,0,8.0,2.0,2.0,15.0,A01
201500038085,0,30,0,0.0,2.0,0.0,0.0,B01
201500038086,0,7,0,0.0,2.0,2.0,12.0,A01
201500038086,0,37,0,0.0,2.0,3.0,7.0,B01
201500038087,0,7,0,0.0,2.0,3.0,23.0,A01
201500038087,0,34,0,0.0,2.0,1.0,1.0,B01
201500038088,0,30,0,0.0,2.0,1.0,5.0,A01
201500038088,0,7,0,0.0,2.0,1.0,0.0,B01
201500038089,1,1,0,0.0,0.0,0.0,0.0,A01
201500038090,0,7,0,0.0,2.0,1.0,1.0,B01
201500038090,0,2,0,0.0,2.0,1.0,1.0,A01
201500038091,0,32,0,0.0,2.0,1.0,0.0,A01
201500038091,0,7,0,0.0,2.0,5.0,0.0,B01
201500038092,0,30,0,0.0,2.0,1.0,1.0,B01
201500038092,0,7,0,0.0,2.0,3.0,4.0,A01
201500038093,0,7,0,0.0,1.0,1.0,1.0,A01
201500038094,2,7,0,1.0,0.0,7.0,1.0,A01
201500038095,0,7,0,0.0,2.0,8.0,11.0,A01
201500038095,0,33,0,0.0,2.0,2.0,1.0,B01
201500038096,0,7,0,0.0,2.0,2.0,1.0,A01
201500038096,0,37,26,0.0,2.0,3.0,1.0,B01
201500038097,1,7,0,0.0,1.0,1.0,1.0,A01
201500038098,0,10,0,0.0,2.0,4.0,15.0,B01
201500038098,0,10,0,6.0,2.0,1.0,5.0,A01
201500038099,0,33,0,0.0,1.0,1.0,0.0,A01
201500038100,0,7,0,0.0,2.0,1.0,2.0,A01
201500038100,0,7,0,0.0,2.0,4.0,0.0,B01
201500038101,0,7,0,1.0,2.0,2.0,1.0,B01
201500038101,0,32,0,0.0,2.0,5.0,1.0,C01
201500038101,0,10,0,0.0,2.0,1.0,1.0,A01
201500038102,0,31,0,0.0,2.0,1.0,0.0,B01
201500038102,0,7,0,0.0,2.0,2.0,0.0,A01
201500038103,0,30,0,0.0,2.0,1.0,1.0,B01
201500038103,0,7,0,0.0,2.0,7.0,15.0,A01
201500038104,0,7,0,0.0,2.0,1.0,1.0,A01
201500038104,0,7,0,0.0,1.0,1.0,1.0,B01
201500038105,0,7,0,0.0,1.0,1.0,0.0,A01
201500038106,0,7,0,0.0,1.0,1.0,15.0,A01
201500038107,0,7,0,9.0,0.0,2.0,1.0,A01
201500038108,0,7,0,1.0,0.0,1.0,0.0,A01
201500038109,0,7,0,0.0,2.0,3.0,15.0,A01
201500038109,0,32,0,0.0,2.0,1.0,1.0,B01
201500038110,0,34,0,0.0,1.0,1.0,1.0,A01
201500038111,0,7,0,0.0,1.0,1.0,0.0,A01
201500038112,0,32,0,12.0,2.0,7.0,1.0,A01
201500038112,1,7,0,0.0,2.0,0.0,0.0,B01
201500038113,0,2,0,0.0,0.0,0.0,1.0,A01
201500038114,0,7,0,0.0,1.0,1.0,0.0,A01
201500038115,0,7,0,0.0,1.0,1.0,1.0,A01
201500038116,0,7,0,0.0,2.0,1.0,15.0,A01
201500038116,0,2,0,0.0,2.0,1.0,1.0,B01
201500038117,0,7,0,0.0,1.0,2.0,0.0,A01
201500038118,0,10,0,0.0,1.0,4.0,1.0,A01
201500038119,0,10,0,0.0,2.0,3.0,15.0,A01
201500038119,0,33,0,0.0,2.0,1.0,1.0,B01
201500038120,0,1,0,0.0,2.0,0.0,0.0,B01
201500038120,0,10,0,0.0,9.0,0.0,0.0,A01
201500038121,0,34,0,1.0,2.0,6.0,1.0,A01
201500038122,1,2,0,0.0,1.0,1.0,1.0,A01
201500038123,0,30,0,0.0,0.0,2.0,0.0,A01
201500038124,0,32,0,0.0,2.0,8.0,1.0,A01
201500038124,0,7,0,8.0,2.0,7.0,1.0,B01
201500038125,0,32,0,12.0,0.0,0.0,1.0,B01
201500038125,0,10,0,0.0,0.0,0.0,14.0,A01
201500038126,0,7,0,0.0,1.0,1.0,13.0,A01
201500038127,0,7,0,0.0,2.0,7.0,15.0,B01
201500038127,0,33,0,0.0,2.0,1.0,1.0,A01
201500038128,1,7,0,0.0,1.0,1.0,1.0,A01
201500038129,0,7,0,0.0,1.0,0.0,0.0,A01
201500038130,0,7,0,0.0,2.0,2.0,1.0,A01
201500038130,0,1,0,0.0,2.0,1.0,15.0,B01
201500038131,0,7,0,0.0,1.0,3.0,1.0,A01
201500038132,0,7,0,0.0,2.0,1.0,1.0,B02
201500038132,0,10,0,0.0,2.0,7.0,20.0,A01
201500038133,0,2,0,0.0,0.0,0.0,1.0,A01
201500038134,0,10,0,0.0,1.0,7.0,16.0,A01
201500038135,0,33,0,0.0,2.0,1.0,0.0,B01
201500038136,0,7,0,0.0,2.0,1.0,1.0,A01
201500038136,0,1,0,0.0,2.0,3.0,19.0,B01
201500038137,0,1,0,0.0,2.0,7.0,15.0,B01
201500038137,0,7,0,0.0,2.0,1.0,1.0,A01
201500038138,0,34,0,0.0,2.0,0.0,1.0,B01
201500038138,0,7,0,0.0,2.0,3.0,11.0,A01
201500038139,0,33,0,0.0,0.0,8.0,0.0,A01
201500038140,0,7,0,0.0,0.0,9.0,24.0,C01
201500038140,0,7,0,0.0,2.0,9.0,1.0,A01
201500038141,0,7,0,0.0,1.0,1.0,16.0,A01
201500038142,0,34,0,0.0,2.0,7.0,9.0,A01
201500038142,0,7,0,0.0,2.0,8.0,15.0,B01
201500038143,0,7,0,0.0,2.0,2.0,15.0,A01
201500038143,0,33,0,0.0,2.0,3.0,1.0,B01
201500038144,0,30,0,0.0,0.0,8.0,16.0,A01
201500038145,0,7,0,0.0,2.0,4.0,23.0,B01
201500038145,0,7,0,0.0,2.0,1.0,2.0,A01
201500038146,0,1,0,0.0,2.0,1.0,1.0,A01
201500038146,0,7,0,0.0,2.0,1.0,9.0,B01
201500038147,0,7,0,0.0,2.0,3.0,15.0,B01
201500038147,0,37,20,0.0,2.0,7.0,1.0,A01
201500038148,0,7,0,0.0,2.0,6.0,2.0,C01
201500038148,0,7,0,0.0,2.0,9.0,2.0,B01
201500038148,0,7,0,0.0,2.0,1.0,2.0,A01
201500038149,0,7,0,0.0,1.0,4.0,4.0,A01
201500038150,0,33,0,0.0,1.0,7.0,1.0,A01
201500038151,0,7,0,0.0,1.0,1.0,1.0,A01
201500038152,0,33,0,0.0,2.0,1.0,17.0,B01
201500038152,0,7,0,0.0,2.0,3.0,15.0,A01
201500038153,0,7,0,0.0,1.0,7.0,17.0,A01
201500038154,0,7,0,0.0,1.0,3.0,1.0,A01
201500038155,0,7,0,,1.0,1.0,1.0,A01
201500038156,0,7,0,0.0,0.0,4.0,2.0,B01
201500038156,0,2,0,0.0,2.0,1.0,2.0,A01
201500038157,0,10,0,0.0,1.0,1.0,1.0,A01
201500038158,0,7,0,0.0,2.0,1.0,2.0,A01
201500038158,0,32,0,0.0,2.0,4.0,16.0,B01
201500038159,0,7,0,0.0,2.0,8.0,15.0,A01
201500038159,0,33,0,0.0,2.0,1.0,1.0,B01
201500038160,0,33,0,11.0,0.0,1.0,17.0,A01
201500038161,0,7,0,0.0,2.0,3.0,1.0,B01
201500038161,0,31,0,0.0,2.0,5.0,1.0,A01
201500038162,0,32,0,0.0,0.0,8.0,9.0,A01
201500038163,0,1,0,0.0,2.0,1.0,1.0,B01
201500038163,0,7,0,0.0,2.0,1.0,0.0,A01
201500038164,0,32,0,0.0,1.0,1.0,17.0,A01
201500038165,0,7,0,0.0,2.0,4.0,2.0,B01
201500038165,0,7,0,0.0,2.0,1.0,2.0,A01
201500038166,0,31,0,0.0,0.0,7.0,21.0,A01
201500038167,0,1,0,0.0,1.0,1.0,21.0,A01
201500038168,0,30,0,0.0,0.0,8.0,1.0,A01
201500038169,0,30,0,0.0,2.0,8.0,9.0,A01
201500038170,2,33,0,12.0,0.0,1.0,1.0,A01
201500038171,0,7,0,0.0,2.0,0.0,20.0,A01
201500038171,0,1,0,0.0,2.0,1.0,21.0,B01
201500038172,0,2,0,11.0,0.0,1.0,0.0,A01
201500038173,0,33,0,0.0,2.0,1.0,1.0,B01
201500038173,0,7,0,0.0,2.0,2.0,15.0,A01
201500038174,0,7,0,9.0,0.0,9.0,16.0,A01
201500038175,0,37,10,0.0,2.0,5.0,17.0,A01
201500038175,0,1,0,0.0,2.0,8.0,2.0,B01
201500038176,0,7,0,0.0,2.0,2.0,16.0,A01
201500038176,0,31,0,0.0,2.0,9.0,1.0,B01
201500038177,0,7,0,0.0,1.0,1.0,1.0,A01
201500038178,0,33,0,0.0,1.0,7.0,1.0,A01
201500038179,0,30,0,0.0,0.0,8.0,1.0,A01
201500038180,0,7,0,1.0,0.0,1.0,1.0,A01
201500038181,0,7,0,0.0,2.0,4.0,16.0,B01
201500038181,0,1,0,0.0,2.0,1.0,2.0,A01
201500038182,0,31,0,0.0,1.0,1.0,17.0,A01
201500038183,0,7,0,0.0,1.0,3.0,15.0,A01
201500038184,0,33,0,0.0,2.0,8.0,1.0,B01
201500038184,0,32,0,0.0,2.0,8.0,17.0,A01
201500038184,0,32,0,0.0,2.0,1.0,15.0,C01
201500038185,0,14,0,0.0,1.0,1.0,16.0,A01
201500038186,0,7,0,0.0,2.0,2.0,12.0,A01
201500038186,0,34,0,0.0,2.0,7.0,15.0,B01
201500038187,0,34,0,0.0,2.0,7.0,2.0,A01
201500038187,0,7,0,0.0,2.0,9.0,2.0,B01
201500038187,0,7,0,0.0,2.0,4.0,16.0,C01
201500038188,0,31,0,0.0,2.0,1.0,1.0,B01
201500038188,0,7,0,0.0,2.0,3.0,17.0,A01
201500038189,0,31,0,0.0,2.0,1.0,1.0,B01
201500038189,0,10,0,0.0,2.0,2.0,15.0,A01
201500038190,0,7,0,0.0,2.0,2.0,15.0,A01
201500038190,0,33,0,0.0,2.0,7.0,1.0,B01
201500038191,0,30,0,0.0,1.0,8.0,1.0,A01
201500038192,0,10,0,0.0,1.0,1.0,1.0,A01
201500038193,0,33,0,1.0,0.0,1.0,2.0,A01
201500038193,0,33,0,0.0,2.0,6.0,23.0,B01
201500038194,0,7,0,0.0,1.0,1.0,1.0,A01
201500038195,0,7,0,0.0,2.0,7.0,15.0,A01
201500038195,0,32,0,0.0,2.0,1.0,1.0,B01
201500038196,0,7,0,0.0,2.0,1.0,9.0,B01
201500038196,0,32,0,0.0,2.0,1.0,3.0,A01
201500038197,0,7,0,12.0,0.0,0.0,0.0,A01
201500038198,0,33,0,0.0,2.0,1.0,1.0,B01
201500038198,0,7,0,0.0,2.0,3.0,9.0,A01
201500038199,0,30,0,9.0,0.0,1.0,1.0,A01
201500038200,0,37,3,0.0,2.0,3.0,1.0,B01
201500038200,0,7,0,0.0,2.0,0.0,16.0,A01
201500038201,0,34,0,0.0,2.0,1.0,2.0,A01
201500038201,0,7,0,0.0,0.0,4.0,2.0,B01
201500038202,0,34,0,0.0,0.0,0.0,0.0,B01
201500038202,0,99,0,0.0,0.0,0.0,2.0,A01
201500038203,0,2,0,0.0,0.0,0.0,1.0,A01
201500038204,0,30,0,0.0,1.0,1.0,0.0,A01
201500038205,0,7,0,0.0,2.0,1.0,9.0,A01
201500038205,0,30,0,0.0,2.0,8.0,1.0,B01
201500038206,0,2,0,0.0,0.0,0.0,1.0,C01
201500038206,0,7,0,0.0,2.0,7.0,9.0,A01
201500038206,0,34,0,0.0,2.0,1.0,0.0,B01
201500038207,0,7,0,0.0,2.0,1.0,2.0,A01
201500038207,0,7,0,0.0,0.0,4.0,2.0,C01
201500038207,0,7,0,0.0,2.0,1.0,2.0,B01
201500038208,0,7,0,0.0,9.0,7.0,1.0,A01
201500038208,0,1,0,0.0,0.0,7.0,19.0,B01
201500038209,0,7,0,0.0,1.0,0.0,0.0,A01
201500038210,0,33,0,0.0,2.0,1.0,2.0,A01
201500038210,0,30,0,0.0,2.0,4.0,2.0,B01
201500038211,0,7,0,0.0,0.0,0.0,5.0,C01
201500038211,0,7,0,0.0,0.0,0.0,2.0,B01
201500038211,0,7,0,0.0,2.0,0.0,0.0,A01
201500038212,0,20,0,0.0,0.0,7.0,15.0,A01
201500038213,0,99,0,0.0,1.0,0.0,0.0,A01
201500038214,0,7,0,0.0,1.0,4.0,4.0,A01
201500038215,0,34,0,0.0,0.0,0.0,0.0,B01
201500038215,0,2,0,0.0,0.0,2.0,0.0,A01
201500038216,0,7,0,0.0,2.0,2.0,15.0,A01
201500038216,0,33,0,0.0,2.0,9.0,1.0,B01
201500038217,0,99,0,0.0,2.0,8.0,9.0,A01
201500038217,0,33,0,0.0,0.0,8.0,3.0,B01
201500038218,0,7,0,0.0,1.0,1.0,1.0,A01
201500038219,0,10,0,0.0,1.0,2.0,1.0,A01
201500038220,0,7,0,0.0,2.0,3.0,1.0,B01
201500038220,0,33,0,0.0,2.0,1.0,1.0,A01
201500038221,0,7,0,0.0,2.0,1.0,20.0,A01
201500038221,0,34,0,0.0,2.0,2.0,1.0,B01
201500038222,0,7,0,0.0,2.0,9.0,1.0,B01
201500038222,0,14,0,0.0,2.0,1.0,12.0,A01
201500038223,0,7,0,0.0,1.0,1.0,0.0,A01
201500038224,0,30,0,0.0,1.0,7.0,1.0,A01
201500038225,0,7,0,0.0,2.0,1.0,2.0,A01
201500038225,0,7,0,0.0,2.0,4.0,2.0,B01
201500038226,0,30,0,0.0,0.0,8.0,23.0,A01
201500038227,0,33,0,0.0,1.0,3.0,16.0,A01
201500038228,0,30,0,0.0,0.0,2.0,1.0,A01
201500038229,0,7,0,0.0,2.0,6.0,10.0,A01
201500038229,0,30,0,0.0,2.0,1.0,1.0,B01
201500038230,0,7,0,0.0,2.0,3.0,10.0,A01
201500038230,0,34,0,0.0,2.0,2.0,1.0,B01
201500038231,0,30,0,0.0,2.0,9.0,1.0,B01
201500038231,0,30,0,0.0,2.0,7.0,16.0,A01
201500038232,0,7,0,0.0,2.0,7.0,15.0,A01
201500038232,0,34,0,0.0,2.0,3.0,1.0,B01
201500038233,0,31,0,0.0,1.0,1.0,1.0,A01
201500038234,0,34,0,0.0,1.0,3.0,1.0,A01
201500038234,0,34,0,0.0,1.0,3.0,1.0,B01
201500038235,0,7,0,0.0,2.0,0.0,13.0,A01
201500038235,0,34,0,0.0,1.0,7.0,1.0,B01
201500038236,0,7,0,0.0,2.0,4.0,2.0,B01
201500038236,0,7,0,0.0,2.0,1.0,2.0,A01
201500038237,0,7,0,0.0,2.0,1.0,1.0,B01
201500038237,0,7,0,0.0,2.0,2.0,16.0,A01
201500038238,0,33,0,0.0,2.0,5.0,1.0,B01
201500038238,0,7,0,0.0,2.0,7.0,4.0,A01
201500038239,0,30,0,0.0,2.0,8.0,1.0,B01
201500038239,0,7,0,0.0,2.0,7.0,1.0,A01
201500038240,0,33,0,0.0,1.0,7.0,1.0,A01
201500038241,0,30,0,0.0,2.0,1.0,1.0,B01
201500038241,0,7,0,0.0,2.0,1.0,15.0,A01
201500038242,0,32,0,0.0,2.0,8.0,1.0,B01
201500038243,0,7,0,0.0,1.0,2.0,4.0,A01
201500038244,0,7,0,0.0,2.0,2.0,15.0,A01
201500038244,0,33,0,0.0,2.0,1.0,1.0,B01
201500038245,0,7,0,0.0,2.0,1.0,1.0,B01
201500038245,0,7,0,0.0,2.0,4.0,23.0,A01
201500038246,0,7,0,0.0,1.0,1.0,1.0,A01
201500038247,0,7,0,0.0,1.0,1.0,1.0,A01
201500038248,0,7,0,0.0,1.0,1.0,1.0,A01
201500038249,0,31,0,8.0,0.0,0.0,1.0,A01
201500038250,0,7,0,0.0,2.0,7.0,22.0,A01
201500038250,0,7,0,0.0,2.0,8.0,24.0,C01
201500038250,0,1,0,0.0,2.0,3.0,18.0,B01
201500038251,0,7,0,0.0,1.0,1.0,1.0,A01
201500038252,0,10,0,1.0,1.0,1.0,21.0,A01
201500038253,0,33,0,0.0,2.0,1.0,1.0,A01
201500038253,0,7,0,0.0,2.0,6.0,1.0,B01
201500038254,0,33,0,0.0,2.0,1.0,1.0,B01
201500038254,0,7,0,0.0,2.0,5.0,10.0,A01
201500038255,0,1,0,0.0,0.0,0.0,1.0,A01
201500038256,1,7,0,0.0,1.0,2.0,1.0,Z01
201500038257,0,7,0,0.0,2.0,2.0,15.0,A01
201500038257,0,7,0,0.0,2.0,1.0,1.0,B01