Num_Acc,senc,catv,occutc,obs,obsm,choc,manv,num_veh
201500038258,0,30,0,0.0,0.0,0.0,21.0,A01
201500038258,0,7,0,0.0,0.0,0.0,9.0,B01
201500038259,0,7,0,0.0,2.0,5.0,16.0,B01
201500038259,0,30,0,0.0,2.0,1.0,1.0,A01
201500038260,0,7,0,0.0,2.0,3.0,9.0,A01
201500038260,0,32,0,0.0,2.0,7.0,1.0,B01
201500038261,0,7,0,0.0,1.0,1.0,15.0,A01
201500038262,0,7,0,0.0,2.0,3.0,17.0,A01
201500038262,0,1,0,0.0,2.0,1.0,1.0,B01
201500038263,0,32,0,0.0,2.0,1.0,1.0,B01
201500038263,0,7,0,0.0,2.0,1.0,1.0,A01
201500038264,0,7,0,0.0,0.0,4.0,2.0,C01
201500038264,0,7,0,0.0,0.0,4.0,2.0,D01
201500038264,0,7,0,0.0,0.0,1.0,2.0,A01
201500038264,0,7,0,0.0,0.0,4.0,2.0,B01
201500038265,0,7,0,0.0,1.0,1.0,16.0,A01
201500038266,0,7,0,0.0,0.0,4.0,1.0,B01
201500038266,0,7,0,0.0,0.0,1.0,1.0,A01
201500038266,0,7,0,0.0,1.0,4.0,1.0,C01
201500038267,0,7,0,0.0,2.0,8.0,0.0,B01
201500038267,0,7,0,0.0,2.0,1.0,0.0,A01
201500038268,0,34,0,0.0,0.0,0.0,3.0,B01
201500038268,0,7,0,0.0,0.0,0.0,11.0,A01
201500038269,0,7,0,0.0,0.0,6.0,2.0,B01
201500038269,0,34,0,0.0,2.0,2.0,2.0,A01
201500038270,1,7,0,0.0,0.0,4.0,0.0,Z01
201500038270,0,33,0,0.0,2.0,0.0,1.0,A01
201500038271,0,7,0,0.0,0.0,6.0,0.0,B01
201500038271,0,7,0,0.0,0.0,1.0,5.0,A01
201500038272,0,31,0,0.0,0.0,0.0,0.0,A01
201500038273,0,10,0,0.0,1.0,2.0,0.0,A01
201500038274,0,7,0,0.0,2.0,1.0,0.0,B01
201500038274,0,10,0,0.0,2.0,1.0,0.0,A01
201500038275,0,2,0,0.0,2.0,1.0,0.0,B01
201500038275,0,10,0,0.0,9.0,0.0,10.0,A01
201500038276,0,7,0,0.0,2.0,2.0,12.0,B01
201500038276,0,37,1,0.0,2.0,3.0,0.0,A01
201500038277,0,33,0,0.0,2.0,1.0,0.0,B01
201500038277,0,7,0,0.0,2.0,7.0,0.0,A01
201500038278,0,34,0,0.0,1.0,1.0,1.0,A01
201500038279,0,7,0,0.0,0.0,8.0,2.0,B01
201500038279,0,2,0,0.0,2.0,1.0,0.0,A01
201500038280,0,32,0,0.0,2.0,2.0,2.0,A01
201500038280,0,7,0,0.0,2.0,3.0,9.0,B01
201500038281,0,7,0,0.0,0.0,5.0,0.0,A01
201500038281,0,33,0,0.0,2.0,1.0,0.0,B01
201500038282,0,34,0,0.0,2.0,3.0,1.0,A01
201500038282,0,7,0,0.0,2.0,2.0,1.0,B01
201500038283,0,7,0,0.0,2.0,5.0,10.0,A01
201500038283,0,34,0,0.0,2.0,1.0,0.0,B01
201500038284,0,32,0,0.0,2.0,1.0,0.0,B01
201500038284,0,7,0,0.0,2.0,7.0,15.0,A01
201500038285,0,7,0,0.0,2.0,1.0,0.0,A01
201500038285,0,7,0,0.0,2.0,3.0,0.0,B01
201500038286,0,30,0,0.0,1.0,3.0,0.0,A01
201500038287,0,40,0,15.0,1.0,2.0,0.0,A01
201500038288,0,32,0,0.0,2.0,1.0,0.0,B01
201500038288,0,7,0,0.0,2.0,3.0,0.0,A01
201500038289,0,2,0,0.0,2.0,1.0,1.0,B01
201500038289,0,7,0,0.0,2.0,7.0,15.0,A01
201500038290,0,34,0,0.0,1.0,1.0,1.0,B01
201500038290,0,7,0,0.0,2.0,5.0,15.0,A01
201500038291,0,7,0,0.0,2.0,1.0,2.0,A01
201500038291,0,7,0,0.0,2.0,4.0,2.0,B01
201500038292,0,30,0,0.0,2.0,8.0,1.0,B01
201500038292,0,7,0,0.0,2.0,1.0,10.0,A01
201500038293,0,7,0,0.0,1.0,1.0,1.0,A01
201500038294,0,7,0,0.0,2.0,5.0,1.0,B01
201500038294,0,30,0,0.0,2.0,3.0,13.0,A01
201500038295,0,10,0,0.0,2.0,1.0,15.0,A01
201500038295,0,30,0,0.0,2.0,1.0,1.0,B01
201500038296,1,7,0,0.0,2.0,1.0,0.0,B01
201500038296,0,32,0,0.0,2.0,1.0,1.0,A01
201500038297,0,7,0,0.0,2.0,0.0,9.0,A01
201500038297,0,1,0,0.0,2.0,0.0,21.0,B01
201500038298,0,15,0,0.0,0.0,7.0,15.0,A01
201500038299,0,30,0,0.0,2.0,1.0,17.0,A01
201500038299,0,7,0,0.0,2.0,6.0,15.0,B01
201500038300,0,20,0,0.0,2.0,5.0,1.0,A01
201500038300,0,7,0,0.0,2.0,3.0,1.0,B01
201500038301,0,32,0,4.0,0.0,1.0,0.0,A01
201500038302,0,7,0,0.0,2.0,7.0,1.0,A01
201500038302,0,30,0,0.0,2.0,8.0,11.0,B01
201500038303,1,7,0,0.0,0.0,0.0,0.0,Z01
201500038303,0,30,0,0.0,0.0,0.0,21.0,A01
201500038304,0,7,0,0.0,2.0,3.0,9.0,A01
201500038304,1,30,0,0.0,2.0,1.0,1.0,B01
201500038305,0,7,0,0.0,2.0,3.0,9.0,A01
201500038305,0,33,0,0.0,2.0,1.0,1.0,B01
201500038306,0,7,0,0.0,2.0,4.0,23.0,B01
201500038306,0,7,0,0.0,2.0,1.0,2.0,A01
201500038307,0,34,0,0.0,2.0,1.0,2.0,A01
201500038307,0,7,0,0.0,2.0,5.0,16.0,B01
201500038308,0,7,0,0.0,2.0,3.0,1.0,C01
201500038308,0,7,0,0.0,2.0,6.0,3.0,B01
201500038308,0,14,0,0.0,2.0,5.0,1.0,A01
201500038309,0,7,0,0.0,2.0,5.0,15.0,B01
201500038309,0,34,0,0.0,2.0,2.0,15.0,A01
201500038310,0,31,0,0.0,2.0,2.0,17.0,A01
201500038310,0,10,0,0.0,2.0,8.0,15.0,B01
201500038311,0,10,0,0.0,2.0,2.0,16.0,B01
201500038311,0,33,0,0.0,2.0,3.0,18.0,A01
201500038312,0,7,0,0.0,1.0,0.0,0.0,A01
201500038313,1,7,0,0.0,1.0,0.0,0.0,Z01
201500038314,0,7,0,0.0,1.0,2.0,1.0,A01
201500038315,0,33,0,1.0,2.0,2.0,17.0,A01
201500038315,0,7,0,0.0,2.0,8.0,15.0,B01
201500038316,0,32,0,0.0,0.0,0.0,0.0,A01
201500038317,0,10,0,0.0,2.0,1.0,1.0,A01
201500038317,0,7,0,0.0,2.0,6.0,1.0,B01
201500038318,0,7,0,0.0,2.0,1.0,2.0,A01
201500038318,0,7,0,0.0,2.0,4.0,1.0,C01
201500038318,0,10,0,0.0,2.0,4.0,1.0,B01
201500038319,0,1,0,0.0,2.0,7.0,3.0,A01
201500038319,0,7,0,0.0,9.0,8.0,1.0,B01
201500038320,2,7,0,0.0,2.0,7.0,0.0,A01
201500038320,0,34,0,0.0,2.0,1.0,1.0,B01
201500038321,0,7,0,2.0,0.0,0.0,0.0,A01
201500038322,0,7,0,0.0,2.0,1.0,12.0,A01
201500038322,0,2,0,0.0,0.0,6.0,1.0,B01
201500038323,0,7,0,0.0,2.0,4.0,23.0,B01
201500038323,0,7,0,0.0,2.0,1.0,2.0,A01
201500038324,0,7,0,0.0,2.0,1.0,15.0,A01
201500038324,0,33,0,0.0,2.0,1.0,1.0,B01
201500038325,0,7,0,0.0,1.0,1.0,1.0,A01
201500038326,0,10,0,0.0,1.0,1.0,1.0,A01
201500038327,0,15,0,12.0,0.0,7.0,15.0,A01
201500038328,0,10,0,0.0,2.0,3.0,15.0,B01
201500038328,0,32,0,0.0,2.0,1.0,17.0,A01
201500038329,0,31,0,0.0,2.0,3.0,17.0,A01
201500038329,0,7,0,0.0,2.0,8.0,1.0,C01
201500038329,0,7,0,0.0,2.0,3.0,1.0,B01
201500038330,2,34,0,0.0,1.0,3.0,1.0,A01
201500038331,0,32,0,0.0,2.0,1.0,2.0,A01
201500038331,0,7,0,0.0,2.0,4.0,2.0,B01
201500038332,0,7,0,0.0,1.0,4.0,23.0,B01
201500038332,0,14,0,0.0,2.0,1.0,2.0,A01
201500038333,0,7,0,0.0,2.0,4.0,2.0,C01
201500038333,0,7,0,0.0,2.0,1.0,2.0,A01
201500038333,0,7,0,0.0,2.0,4.0,2.0,B01
201500038334,0,32,0,14.0,0.0,2.0,18.0,A01
201500038335,0,7,0,8.0,0.0,2.0,0.0,A01
201500038336,0,7,0,0.0,2.0,2.0,15.0,A01
201500038336,0,34,0,0.0,2.0,1.0,1.0,B01
201500038337,0,32,0,0.0,2.0,0.0,0.0,B01
201500038337,0,7,0,0.0,2.0,1.0,1.0,A01
201500038337,0,7,0,0.0,2.0,4.0,1.0,C01
201500038338,0,33,0,14.0,0.0,1.0,0.0,A01
201500038339,0,34,0,0.0,1.0,1.0,1.0,A01
201500038340,0,33,0,0.0,0.0,0.0,0.0,A01
201500038341,0,33,0,12.0,0.0,1.0,0.0,A01
201500038342,0,7,0,0.0,2.0,3.0,1.0,A01
201500038342,0,10,0,0.0,2.0,2.0,15.0,B01
201500038343,0,30,0,0.0,2.0,1.0,21.0,A01
201500038343,0,7,0,0.0,2.0,3.0,15.0,B01
201500038344,0,7,0,0.0,2.0,7.0,16.0,A01
201500038344,0,37,2,0.0,2.0,3.0,16.0,B01
201500038345,0,33,0,1.0,2.0,1.0,21.0,A01
201500038345,0,7,0,0.0,2.0,4.0,11.0,B01
201500038346,0,2,0,0.0,2.0,4.0,2.0,B01
201500038346,0,7,0,0.0,9.0,1.0,2.0,A01
201500038347,0,7,0,0.0,9.0,1.0,1.0,A01
201500038347,0,1,0,0.0,2.0,3.0,19.0,B01
201500038348,0,7,0,0.0,2.0,3.0,1.0,B01
201500038348,0,2,0,0.0,2.0,1.0,17.0,A01
201500038349,0,7,0,0.0,2.0,3.0,1.0,B01
201500038349,0,7,0,0.0,2.0,5.0,16.0,A01
201500038350,0,7,0,14.0,0.0,2.0,0.0,A01
201500038351,0,1,0,12.0,0.0,2.0,14.0,A01
201500038352,0,7,0,0.0,2.0,3.0,9.0,A01
201500038352,0,7,0,0.0,2.0,3.0,1.0,B01
201500038353,0,32,0,0.0,2.0,1.0,1.0,B01
201500038353,0,7,0,0.0,2.0,7.0,15.0,A01
201500038354,0,7,0,0.0,2.0,1.0,9.0,A01
201500038354,0,1,0,0.0,2.0,8.0,1.0,B01
201500038355,0,7,0,0.0,1.0,1.0,15.0,A01
201500038356,0,7,0,0.0,2.0,2.0,1.0,B01
201500038356,0,7,0,0.0,2.0,5.0,1.0,A01
201500038357,1,13,0,0.0,2.0,6.0,13.0,Z01
201500038357,0,33,0,0.0,2.0,7.0,1.0,A01
201500038358,0,7,0,9.0,0.0,1.0,0.0,A01
201500038359,0,2,0,0.0,2.0,1.0,5.0,A01
201500038359,0,7,0,0.0,2.0,8.0,1.0,B01
201500038360,0,7,0,0.0,1.0,3.0,1.0,A01
201500038361,0,7,0,0.0,1.0,7.0,1.0,A01
201500038362,0,10,0,2.0,0.0,3.0,16.0,A01
201500038363,0,32,0,12.0,0.0,0.0,14.0,A01
201500038364,0,30,0,0.0,2.0,3.0,3.0,A01
201500038364,0,7,0,0.0,2.0,5.0,23.0,B01
201500038365,0,1,0,0.0,2.0,3.0,1.0,B01
201500038365,0,7,0,0.0,9.0,2.0,16.0,A01
201500038366,0,10,0,0.0,2.0,3.0,15.0,B01
201500038366,0,30,0,0.0,2.0,1.0,17.0,A01
201500038366,0,7,0,0.0,2.0,8.0,1.0,C01
201500038367,0,32,0,12.0,0.0,2.0,14.0,A01
201500038368,0,7,0,0.0,2.0,1.0,1.0,C01
201500038368,0,3,0,0.0,2.0,6.0,1.0,B01
201500038368,0,14,0,0.0,2.0,2.0,14.0,A01
201500038369,0,7,0,0.0,2.0,7.0,15.0,A01
201500038369,0,34,0,0.0,2.0,1.0,1.0,B01
201500038370,0,7,0,0.0,2.0,2.0,15.0,A01
201500038370,0,30,0,0.0,2.0,0.0,1.0,B01
201500038371,0,7,0,0.0,2.0,4.0,0.0,B01
201500038371,0,7,0,0.0,2.0,1.0,2.0,A01
201500038372,0,7,0,0.0,2.0,2.0,1.0,A01
201500038372,0,7,0,0.0,2.0,3.0,9.0,B01
201500038373,0,1,0,0.0,2.0,0.0,0.0,B01
201500038373,1,7,0,0.0,2.0,0.0,0.0,A01
201500038374,0,10,0,0.0,2.0,7.0,1.0,B01
201500038374,0,7,0,0.0,2.0,1.0,1.0,A01
201500038375,0,30,0,0.0,1.0,3.0,18.0,A01
201500038376,0,34,0,0.0,0.0,0.0,0.0,A01
201500038377,0,32,0,0.0,2.0,1.0,1.0,B01
201500038377,0,7,0,0.0,2.0,2.0,15.0,A01
201500038378,0,30,0,0.0,2.0,7.0,1.0,A01
201500038378,0,7,0,0.0,2.0,2.0,15.0,B01
201500038379,0,7,0,0.0,2.0,3.0,1.0,B01
201500038379,0,32,0,0.0,2.0,2.0,16.0,A01
201500038380,0,10,0,0.0,2.0,3.0,15.0,A01
201500038380,0,33,0,0.0,2.0,1.0,1.0,B01
201500038381,0,30,0,0.0,0.0,0.0,0.0,A01
201500038382,0,10,0,0.0,2.0,2.0,1.0,B01
201500038382,0,10,0,0.0,2.0,8.0,11.0,A01
201500038383,0,30,0,0.0,1.0,1.0,0.0,A01
201500038384,0,7,0,8.0,0.0,1.0,0.0,A01
201500038385,0,7,0,0.0,1.0,1.0,16.0,A01
201500038386,1,30,0,0.0,1.0,0.0,0.0,Z01
201500038387,0,7,0,0.0,2.0,2.0,1.0,B01
201500038387,0,40,0,0.0,2.0,3.0,1.0,A01
201500038388,0,7,0,0.0,2.0,4.0,4.0,A01
201500038388,0,7,0,0.0,2.0,1.0,1.0,B01
201500038389,0,7,0,0.0,1.0,2.0,1.0,A01
201500038390,0,33,0,0.0,2.0,8.0,0.0,A01
201500038390,0,7,0,0.0,2.0,7.0,14.0,B01
201500038391,0,7,0,0.0,1.0,1.0,1.0,A01
201500038392,1,7,0,0.0,1.0,0.0,0.0,Z01
201500038393,0,32,0,14.0,0.0,0.0,0.0,A01
201500038394,0,7,0,0.0,1.0,6.0,21.0,A01
201500038395,0,7,0,0.0,2.0,3.0,15.0,A01
201500038395,0,32,0,0.0,2.0,3.0,1.0,B01
201500038396,0,7,0,1.0,0.0,1.0,1.0,A01
201500038397,0,7,0,0.0,2.0,1.0,15.0,A01
201500038397,0,34,0,0.0,2.0,1.0,1.0,B01
201500038398,0,30,0,0.0,2.0,7.0,1.0,B01
201500038398,0,7,0,0.0,2.0,3.0,15.0,A01
201500038399,0,7,0,0.0,2.0,3.0,15.0,A01
201500038399,0,32,0,0.0,2.0,2.0,1.0,B01
201500038400,0,7,0,0.0,1.0,1.0,15.0,A01
201500038401,0,31,0,0.0,2.0,1.0,1.0,A01
201500038401,0,7,0,0.0,2.0,4.0,1.0,B01
201500038402,0,7,0,0.0,2.0,1.0,16.0,A01
201500038402,0,7,0,0.0,2.0,7.0,1.0,B01
201500038403,0,30,0,0.0,2.0,1.0,1.0,B01
201500038403,0,10,0,0.0,2.0,2.0,15.0,A01
201500038404,0,30,0,0.0,0.0,1.0,1.0,A01
201500038405,0,33,0,14.0,0.0,1.0,1.0,A01
201500038406,0,7,0,0.0,9.0,1.0,9.0,A01
201500038406,0,1,0,0.0,2.0,0.0,1.0,B01
201500038407,0,7,0,0.0,2.0,1.0,1.0,A01
201500038407,0,13,0,0.0,0.0,4.0,23.0,B01
201500038408,0,7,0,9.0,2.0,7.0,15.0,A01
201500038408,0,7,0,9.0,2.0,3.0,1.0,B01
201500038409,0,33,0,0.0,1.0,1.0,1.0,A01
201500038410,0,7,0,14.0,0.0,1.0,16.0,A01
201500038411,0,32,0,0.0,1.0,1.0,1.0,A01
201500038412,0,10,0,0.0,2.0,3.0,9.0,A01
201500038412,0,7,0,0.0,2.0,2.0,1.0,B01
201500038413,0,37,1,0.0,1.0,2.0,1.0,A01
201500038414,0,37,10,0.0,2.0,0.0,1.0,C01
201500038414,0,30,0,0.0,2.0,1.0,1.0,A01
201500038414,0,10,0,0.0,2.0,4.0,1.0,B01
201500038415,0,2,0,0.0,0.0,1.0,1.0,A01
201500038416,0,7,0,0.0,2.0,3.0,1.0,B01
201500038416,0,1,0,0.0,2.0,1.0,1.0,A01
201500038417,0,7,0,0.0,2.0,8.0,9.0,A01
201500038417,0,2,0,0.0,2.0,1.0,1.0,B01
201500038418,0,99,0,0.0,2.0,8.0,1.0,A01
201500038418,0,33,0,0.0,2.0,1.0,15.0,B01
201500038419,0,10,0,0.0,2.0,2.0,20.0,A01
201500038419,0,2,0,0.0,2.0,7.0,1.0,B01
201500038420,0,37,1,0.0,2.0,4.0,23.0,B01
201500038420,0,7,0,0.0,2.0,1.0,1.0,A01
201500038421,0,7,0,0.0,2.0,1.0,1.0,B01
201500038421,0,7,0,0.0,2.0,6.0,9.0,A01
201500038422,0,7,0,0.0,1.0,1.0,1.0,A01
201500038423,0,7,0,0.0,1.0,1.0,1.0,A01
201500038424,0,31,0,0.0,2.0,8.0,11.0,B01
201500038424,0,10,0,0.0,2.0,7.0,12.0,A01
201500038425,0,7,0,0.0,2.0,5.0,16.0,B01
201500038425,0,2,0,0.0,2.0,8.0,1.0,A01
201500038426,0,7,0,0.0,2.0,3.0,16.0,B01
201500038426,0,7,0,0.0,2.0,9.0,1.0,A01
201500038427,0,7,0,0.0,2.0,4.0,1.0,B01
201500038427,0,7,0,0.0,2.0,1.0,1.0,A01
201500038428,0,7,0,15.0,0.0,1.0,1.0,A01
201500038429,0,7,0,0.0,2.0,1.0,1.0,A01
201500038429,0,7,0,0.0,2.0,8.0,16.0,B01
201500038430,0,33,0,9.0,2.0,1.0,1.0,A01
201500038431,0,1,0,0.0,2.0,0.0,1.0,B01
201500038431,0,10,0,0.0,2.0,3.0,23.0,A01
201500038432,0,10,0,0.0,1.0,3.0,1.0,A01
201500038433,0,7,0,9.0,0.0,1.0,1.0,A01
201500038434,0,37,0,1.0,2.0,8.0,1.0,B01
201500038434,0,7,0,0.0,2.0,2.0,1.0,A01
201500038435,0,7,0,0.0,2.0,7.0,1.0,A01
201500038435,0,2,0,0.0,2.0,0.0,1.0,B01
201500038436,0,17,0,0.0,2.0,0.0,0.0,A01
201500038436,0,1,0,0.0,2.0,4.0,1.0,B01
201500038437,0,33,0,0.0,2.0,8.0,0.0,A01
201500038437,0,10,0,0.0,2.0,0.0,0.0,B01
201500038438,0,7,0,0.0,1.0,1.0,1.0,A01
201500038439,0,7,0,0.0,1.0,1.0,15.0,A01
201500038440,0,7,0,0.0,1.0,1.0,1.0,A01
201500038441,0,10,0,0.0,2.0,3.0,15.0,B01
201500038441,0,31,0,0.0,2.0,7.0,1.0,A01
201500038442,0,31,0,0.0,2.0,3.0,1.0,B01
201500038442,0,7,0,0.0,2.0,3.0,15.0,A01
201500038443,0,7,0,0.0,2.0,1.0,1.0,A01
201500038443,0,7,0,0.0,2.0,7.0,0.0,B01
201500038444,0,7,0,0.0,2.0,1.0,15.0,A01
201500038444,0,34,0,0.0,2.0,2.0,1.0,B01
201500038445,0,7,0,1.0,0.0,2.0,14.0,A01
201500038445,0,7,0,0.0,0.0,6.0,24.0,B01
201500038446,0,34,0,5.0,0.0,1.0,2.0,A01
201500038447,0,13,0,2.0,0.0,1.0,6.0,A01
201500038448,0,7,0,0.0,2.0,1.0,1.0,A01
201500038448,0,33,0,0.0,2.0,4.0,1.0,B01
201500038449,0,7,0,0.0,1.0,1.0,1.0,A01
201500038450,0,31,0,0.0,2.0,1.0,1.0,A01
201500038450,0,7,0,0.0,2.0,7.0,15.0,B01
201500038451,0,7,0,0.0,2.0,2.0,15.0,A01
201500038451,0,33,0,0.0,2.0,3.0,1.0,B01
201500038452,0,7,0,0.0,2.0,4.0,15.0,A01
201500038452,0,1,0,0.0,2.0,1.0,1.0,B01
201500038453,0,31,0,0.0,1.0,1.0,1.0,A01
201500038454,0,7,0,0.0,1.0,1.0,1.0,A01
201500038455,0,33,0,9.0,0.0,1.0,1.0,A01
201500038456,0,32,0,0.0,0.0,7.0,0.0,A01
201500038457,0,10,0,9.0,0.0,3.0,1.0,A01
201500038458,0,1,0,0.0,0.0,0.0,1.0,A01
201500038459,0,33,0,0.0,0.0,1.0,1.0,A01
201500038460,0,33,0,0.0,0.0,1.0,1.0,A01
201500038461,0,7,0,0.0,1.0,1.0,1.0,A01
201500038462,0,30,0,0.0,1.0,1.0,3.0,A01
201500038463,0,7,0,0.0,0.0,0.0,1.0,A01
201500038463,0,34,0,0.0,0.0,7.0,1.0,B01
201500038464,0,7,0,0.0,2.0,4.0,4.0,A01
201500038464,0,30,0,0.0,2.0,1.0,0.0,B01
201500038465,0,7,0,0.0,1.0,5.0,1.0,A01
201500038466,0,7,0,1.0,2.0,2.0,1.0,B01
201500038466,0,7,0,0.0,2.0,1.0,1.0,A01
201500038467,0,7,0,1.0,2.0,1.0,13.0,A01
201500038467,0,7,0,0.0,2.0,1.0,1.0,B01
201500038468,0,7,0,0.0,2.0,1.0,1.0,A01
201500038468,0,7,0,0.0,2.0,6.0,1.0,B01
201500038469,0,10,0,0.0,2.0,5.0,20.0,A01
201500038469,0,32,0,0.0,2.0,1.0,1.0,B01
201500038470,0,7,0,0.0,0.0,3.0,1.0,A01
201500038470,0,33,0,0.0,2.0,7.0,1.0,B01
201500038471,0,37,0,0.0,1.0,0.0,0.0,A01
201500038472,0,10,0,0.0,2.0,0.0,0.0,A01
201500038472,0,1,0,0.0,2.0,0.0,0.0,B01
201500038473,0,7,0,0.0,1.0,4.0,4.0,A01
201500038474,0,30,0,8.0,0.0,1.0,1.0,A01
201500038474,0,7,0,0.0,0.0,0.0,1.0,B01
201500038475,0,37,0,0.0,1.0,2.0,1.0,A01
201500038476,0,7,0,0.0,2.0,1.0,1.0,A01
201500038476,0,1,0,0.0,2.0,4.0,1.0,B02
201500038477,0,33,0,0.0,1.0,7.0,1.0,A01
201500038477,0,7,0,0.0,2.0,7.0,1.0,B01
201500038478,0,7,0,9.0,0.0,1.0,1.0,A01
201500038479,0,32,0,14.0,0.0,1.0,2.0,A01
201500038480,0,7,0,0.0,2.0,4.0,1.0,A01
201500038480,1,7,0,0.0,2.0,1.0,1.0,B01
201500038481,0,7,0,0.0,2.0,3.0,15.0,A01
201500038481,0,34,0,1.0,2.0,8.0,1.0,B01
201500038482,0,33,0,0.0,2.0,2.0,1.0,B02
201500038482,0,7,0,0.0,2.0,8.0,10.0,A01
201500038483,0,7,0,0.0,1.0,4.0,4.0,A01
201500038484,0,1,0,0.0,2.0,1.0,1.0,B01
201500038484,0,7,0,0.0,9.0,7.0,1.0,A01
201500038485,0,33,0,0.0,2.0,1.0,2.0,A01
201500038485,0,7,0,0.0,2.0,2.0,9.0,B01
201500038486,0,7,0,0.0,2.0,2.0,15.0,A01
201500038486,0,33,0,0.0,2.0,1.0,1.0,B01
201500038487,0,32,0,0.0,0.0,7.0,1.0,A01
201500038488,0,32,0,0.0,0.0,7.0,1.0,A01
201500038489,0,33,0,9.0,0.0,1.0,1.0,A01
201500038490,0,7,0,0.0,2.0,2.0,1.0,A01
201500038490,0,1,0,0.0,2.0,1.0,1.0,B01
201500038491,0,7,0,0.0,2.0,1.0,1.0,A01
201500038491,0,1,0,0.0,2.0,4.0,1.0,B01
201500038492,0,1,0,0.0,1.0,1.0,1.0,A01
201500038493,0,7,0,0.0,1.0,1.0,15.0,A01
201500038494,0,10,0,0.0,1.0,1.0,15.0,A01
201500038495,0,37,1,0.0,1.0,1.0,1.0,A01
201500038496,0,10,0,0.0,2.0,8.0,1.0,A01
201500038496,0,1,0,0.0,2.0,1.0,1.0,C01
201500038496,0,7,0,0.0,2.0,0.0,1.0,B01
201500038497,1,7,0,0.0,1.0,1.0,1.0,Z01
201500038498,0,7,0,0.0,2.0,7.0,15.0,A01
201500038498,0,33,0,0.0,2.0,1.0,1.0,B01
201500038499,0,7,0,0.0,0.0,6.0,1.0,A01
201500038499,0,33,0,0.0,2.0,7.0,1.0,B01
201500038500,0,7,0,0.0,2.0,8.0,11.0,B01
201500038500,0,33,0,0.0,2.0,2.0,17.0,A01
201500038501,0,33,0,0.0,1.0,1.0,1.0,A01
201500038502,0,7,0,0.0,2.0,2.0,15.0,A01
201500038502,0,33,0,0.0,2.0,1.0,1.0,B01
201500038503,0,2,0,0.0,0.0,1.0,1.0,A01
201500038504,0,30,0,9.0,0.0,7.0,1.0,A01
201500038505,0,7,0,0.0,2.0,4.0,1.0,B01
201500038505,0,10,0,0.0,2.0,1.0,1.0,A01
201500038506,0,32,0,0.0,2.0,1.0,14.0,B01
201500038506,0,10,0,0.0,2.0,2.0,1.0,A01
201500038507,0,7,0,2.0,0.0,1.0,13.0,A01
201500038508,0,2,0,0.0,1.0,0.0,0.0,A01
201500038509,0,7,0,0.0,1.0,0.0,0.0,A01
201500038510,0,7,0,0.0,0.0,4.0,0.0,A01
201500038510,0,33,0,0.0,0.0,0.0,0.0,B01
201500038511,0,7,0,0.0,1.0,0.0,0.0,A01
201500038512,0,7,0,2.0,1.0,1.0,13.0,A01
201500038513,0,10,0,0.0,1.0,4.0,4.0,A01
201500038514,0,99,0,0.0,2.0,3.0,1.0,B01
201500038514,0,7,0,0.0,2.0,2.0,1.0,A01
201500038515,0,33,0,0.0,0.0,0.0,0.0,A01
201500038515,0,7,0,0.0,2.0,1.0,0.0,B01
201500038516,0,7,0,0.0,1.0,1.0,0.0,A01
201500038517,0,33,0,0.0,0.0,1.0,0.0,A01
201500038518,0,1,0,0.0,0.0,0.0,1.0,A01
201500038519,0,30,0,0.0,2.0,7.0,0.0,B01
201500038519,0,7,0,0.0,2.0,8.0,10.0,A01
201500038520,0,7,0,0.0,1.0,0.0,1.0,A01
201500038521,0,30,0,0.0,1.0,1.0,0.0,A01
201500038522,1,7,0,0.0,2.0,1.0,0.0,A01
201500038522,0,30,0,0.0,2.0,1.0,0.0,B01
201500038523,0,33,0,0.0,2.0,1.0,1.0,A01
201500038523,0,7,0,0.0,2.0,2.0,1.0,B01
201500038524,1,37,0,0.0,2.0,0.0,0.0,B01
201500038524,0,31,0,1.0,0.0,1.0,0.0,A01
201500038525,0,33,0,0.0,1.0,1.0,1.0,A01
201500038526,0,10,0,0.0,9.0,5.0,0.0,B01
201500038526,0,1,0,0.0,2.0,1.0,1.0,A01
201500038527,0,7,0,0.0,2.0,1.0,1.0,A01
201500038527,0,30,0,0.0,2.0,4.0,1.0,B01
201500038528,0,30,0,0.0,2.0,8.0,1.0,B01
201500038528,0,10,0,0.0,2.0,7.0,9.0,A01
201500038529,1,7,0,1.0,0.0,4.0,0.0,C01
201500038529,0,10,0,0.0,2.0,8.0,0.0,B01
201500038529,0,33,0,0.0,2.0,1.0,0.0,A01
201500038530,0,7,0,0.0,2.0,0.0,0.0,A01
201500038530,0,32,0,0.0,2.0,0.0,0.0,B01
201500038531,0,7,0,0.0,2.0,0.0,0.0,A01
201500038531,0,33,0,0.0,2.0,0.0,0.0,B01
201500038532,0,7,0,0.0,2.0,8.0,0.0,B01
201500038532,0,30,0,0.0,2.0,1.0,0.0,A01
201500038533,0,7,0,0.0,1.0,2.0,0.0,A01
201500038534,0,7,0,0.0,2.0,2.0,1.0,A01
201500038534,0,30,0,0.0,2.0,1.0,1.0,B01
201500038535,0,7,0,0.0,0.0,0.0,1.0,B01
201500038535,0,32,0,0.0,2.0,1.0,1.0,A01
201500038536,0,30,0,0.0,0.0,0.0,1.0,A01
201500038537,0,34,0,0.0,0.0,0.0,0.0,A01