Num_Acc,senc,catv,occutc,obs,obsm,choc,manv,num_veh
201500038538,0,7,0,0.0,1.0,1.0,1.0,A01
201500038539,0,10,0,0.0,1.0,1.0,0.0,A01
201500038540,0,7,0,0.0,1.0,1.0,0.0,A01
201500038541,0,7,0,0.0,2.0,5.0,1.0,B01
201500038541,0,2,0,0.0,2.0,1.0,16.0,A01
201500038542,0,32,0,0.0,1.0,1.0,1.0,A01
201500038543,0,30,0,0.0,2.0,1.0,1.0,B01
201500038543,0,14,0,0.0,2.0,5.0,17.0,A01
201500038544,0,2,0,0.0,1.0,1.0,1.0,A01
201500038545,0,7,0,0.0,2.0,1.0,1.0,A01
201500038545,0,7,0,0.0,2.0,3.0,1.0,B01
201500038546,0,33,0,0.0,2.0,2.0,0.0,B01
201500038546,0,7,0,0.0,2.0,1.0,12.0,A01
201500038547,0,10,0,0.0,1.0,1.0,1.0,A01
201500038548,0,2,0,0.0,0.0,1.0,0.0,A01
201500038549,0,7,0,0.0,9.0,8.0,0.0,B01
201500038549,0,1,0,0.0,2.0,1.0,0.0,A01
201500038550,0,7,0,0.0,2.0,6.0,16.0,A01
201500038550,0,33,0,0.0,2.0,1.0,21.0,B01
201500038551,0,30,0,0.0,2.0,1.0,0.0,B01
201500038551,0,7,0,0.0,2.0,0.0,0.0,A01
201500038552,0,13,0,0.0,2.0,4.0,0.0,A01
201500038552,0,13,0,0.0,2.0,1.0,0.0,B01
201500038553,0,30,0,0.0,1.0,0.0,0.0,A01
201500038554,0,7,0,0.0,2.0,5.0,1.0,B01
201500038554,0,33,0,0.0,0.0,1.0,18.0,A01
201500038555,0,30,0,0.0,2.0,0.0,1.0,B01
201500038555,1,7,0,0.0,2.0,0.0,0.0,A01
201500038556,0,1,0,0.0,1.0,1.0,5.0,A01
201500038557,0,7,0,0.0,1.0,1.0,0.0,A01
201500038558,0,1,0,0.0,2.0,1.0,1.0,A01
201500038558,0,7,0,0.0,0.0,0.0,1.0,B01
201500038559,0,7,0,0.0,9.0,1.0,0.0,B01
201500038559,0,1,0,0.0,2.0,0.0,0.0,A01
201500038560,0,7,0,0.0,1.0,7.0,0.0,A01
201500038561,0,30,0,0.0,0.0,1.0,0.0,A01
201500038562,0,99,0,0.0,0.0,7.0,24.0,B01
201500038562,0,99,0,1.0,0.0,8.0,21.0,A01
201500038563,0,30,0,0.0,2.0,1.0,1.0,B01
201500038563,0,7,0,0.0,2.0,2.0,1.0,A01
201500038564,0,1,0,0.0,0.0,0.0,0.0,A01
201500038564,0,33,0,0.0,0.0,0.0,0.0,B01
201500038565,2,7,0,6.0,0.0,1.0,0.0,A01
201500038566,0,33,0,0.0,0.0,8.0,1.0,A01
201500038567,0,33,0,0.0,0.0,0.0,0.0,B01
201500038567,0,7,0,0.0,0.0,0.0,0.0,A01
201500038568,0,7,0,0.0,1.0,1.0,1.0,A01
201500038569,0,7,0,0.0,2.0,7.0,19.0,B01
201500038569,0,2,0,0.0,2.0,1.0,19.0,A01
201500038570,0,7,0,0.0,1.0,3.0,15.0,A01
201500038571,2,30,0,0.0,1.0,1.0,1.0,A01
201500038572,0,7,0,0.0,1.0,8.0,22.0,A01
201500038573,0,30,0,0.0,0.0,0.0,1.0,A01
201500038574,0,31,0,0.0,2.0,1.0,1.0,B01
201500038574,0,7,0,0.0,2.0,1.0,1.0,A01
201500038575,0,7,0,0.0,1.0,1.0,1.0,A01
201500038576,0,7,0,0.0,1.0,1.0,0.0,A01
201500038577,0,33,0,0.0,2.0,1.0,0.0,B01
201500038577,0,33,0,0.0,2.0,1.0,0.0,A01
201500038578,0,33,0,0.0,2.0,1.0,0.0,B01
201500038578,0,34,0,0.0,2.0,1.0,0.0,A01
201500038579,0,10,0,0.0,1.0,1.0,1.0,A01
201500038580,0,31,0,0.0,1.0,0.0,0.0,A01
201500038581,0,7,0,0.0,0.0,0.0,0.0,A01
201500038581,0,34,0,0.0,0.0,0.0,0.0,B01
201500038582,0,7,0,0.0,1.0,1.0,1.0,A01
201500038583,0,10,0,0.0,9.0,3.0,15.0,A01
201500038583,0,1,0,0.0,2.0,2.0,1.0,B01
201500038584,0,7,0,0.0,1.0,3.0,0.0,A01
201500038585,0,7,0,0.0,1.0,1.0,0.0,A01
201500038586,0,7,0,0.0,2.0,1.0,15.0,B01
201500038586,0,2,0,0.0,2.0,1.0,1.0,A01
201500038587,0,7,0,0.0,2.0,4.0,1.0,B01
201500038587,0,7,0,0.0,2.0,1.0,1.0,A01
201500038588,0,7,0,0.0,2.0,2.0,12.0,B01
201500038588,0,30,0,0.0,2.0,1.0,1.0,A01
201500038589,0,13,0,0.0,2.0,7.0,21.0,B01
201500038589,0,31,0,0.0,9.0,8.0,9.0,A01
201500038590,0,2,0,0.0,2.0,1.0,21.0,A01
201500038590,0,7,0,0.0,2.0,3.0,15.0,B01
201500038591,0,7,0,8.0,2.0,1.0,0.0,A01
201500038591,0,7,0,0.0,2.0,1.0,0.0,B01
201500038592,0,30,0,0.0,0.0,1.0,0.0,A01
201500038593,0,7,0,0.0,1.0,0.0,17.0,A01
201500038594,0,33,0,1.0,0.0,7.0,21.0,A01
201500038595,0,1,0,0.0,2.0,1.0,5.0,B01
201500038595,0,7,0,0.0,9.0,1.0,5.0,A01
201500038596,0,7,0,0.0,1.0,0.0,1.0,A01
201500038597,0,7,0,0.0,1.0,8.0,0.0,A01
201500038598,0,7,0,7.0,0.0,1.0,1.0,A01
201500038599,1,10,0,0.0,1.0,0.0,0.0,Z01
201500038600,0,33,0,6.0,0.0,0.0,1.0,A01
201500038601,0,32,0,0.0,2.0,1.0,1.0,B01
201500038601,0,7,0,0.0,2.0,7.0,13.0,A01
201500038602,0,7,0,0.0,2.0,1.0,1.0,B01
201500038602,0,7,0,0.0,2.0,2.0,9.0,A01
201500038603,0,7,0,0.0,1.0,4.0,4.0,A01
201500038604,0,2,0,0.0,2.0,1.0,1.0,A01
201500038604,0,7,0,0.0,2.0,4.0,1.0,B01
201500038605,0,33,0,0.0,0.0,7.0,1.0,A01
201500038606,0,7,0,0.0,2.0,1.0,1.0,B01
201500038606,0,1,0,0.0,2.0,7.0,1.0,A01
201500038607,0,34,0,0.0,1.0,1.0,1.0,A01
201500038608,0,1,0,0.0,2.0,1.0,1.0,B01
201500038608,0,7,0,0.0,2.0,3.0,1.0,A01
201500038609,0,7,0,6.0,0.0,2.0,1.0,A01
201500038610,0,7,0,0.0,2.0,1.0,9.0,A01
201500038610,0,33,0,0.0,2.0,7.0,1.0,B01
201500038611,0,7,0,0.0,2.0,1.0,1.0,A01
201500038611,0,7,0,0.0,2.0,1.0,1.0,B01
201500038612,0,7,0,3.0,2.0,1.0,20.0,A01
201500038613,0,2,0,0.0,0.0,3.0,1.0,A01
201500038613,0,33,0,0.0,0.0,7.0,1.0,B01
201500038614,0,7,0,0.0,2.0,1.0,15.0,A01
201500038614,0,32,0,0.0,2.0,1.0,1.0,B01
201500038615,0,37,2,0.0,2.0,1.0,1.0,B01
201500038615,0,10,0,0.0,2.0,8.0,1.0,A01
201500038616,0,33,0,6.0,0.0,3.0,1.0,A01
201500038617,0,7,0,0.0,1.0,7.0,1.0,A01
201500038618,0,7,0,0.0,2.0,2.0,1.0,A01
201500038618,0,33,0,0.0,2.0,1.0,1.0,B01
201500038619,0,7,0,0.0,2.0,1.0,15.0,A01
201500038619,0,1,0,0.0,2.0,1.0,1.0,B01
201500038620,0,7,0,0.0,2.0,1.0,1.0,A01
201500038620,0,7,0,0.0,2.0,1.0,1.0,B01
201500038621,0,7,0,0.0,1.0,1.0,1.0,A01
201500038622,0,7,0,0.0,2.0,6.0,13.0,A01
201500038622,0,33,0,0.0,2.0,1.0,17.0,B01
201500038623,0,7,0,0.0,1.0,3.0,1.0,A01
201500038623,0,1,0,0.0,2.0,0.0,1.0,B01
201500038624,0,2,0,0.0,2.0,1.0,1.0,A01
201500038624,0,7,0,0.0,2.0,4.0,1.0,B01
201500038625,0,7,0,0.0,2.0,3.0,9.0,A01
201500038625,0,33,0,0.0,2.0,1.0,1.0,B01
201500038626,0,34,0,1.0,0.0,1.0,1.0,A01
201500038627,0,99,0,0.0,2.0,1.0,1.0,A01
201500038627,0,7,0,0.0,2.0,4.0,1.0,B01
201500038628,0,7,0,9.0,0.0,5.0,1.0,A01
201500038629,0,1,0,0.0,0.0,0.0,1.0,A01
201500038630,0,32,0,0.0,0.0,0.0,1.0,A01
201500038631,0,7,0,0.0,1.0,2.0,1.0,A01
201500038632,0,7,0,0.0,1.0,2.0,1.0,A01
201500038633,0,31,0,12.0,0.0,1.0,1.0,A01
201500038634,0,7,0,1.0,0.0,2.0,9.0,A01
201500038634,0,31,0,0.0,2.0,1.0,1.0,B01
201500038635,0,7,0,0.0,0.0,6.0,20.0,A01
201500038635,0,32,0,0.0,2.0,0.0,1.0,B01
201500038636,0,7,0,0.0,1.0,1.0,1.0,A01
201500038637,0,2,0,0.0,0.0,0.0,1.0,A01
201500038638,0,31,0,0.0,2.0,1.0,1.0,A01
201500038638,0,10,0,0.0,2.0,4.0,1.0,B01
201500038639,0,10,0,0.0,1.0,4.0,4.0,A01
201500038640,0,10,0,0.0,1.0,1.0,1.0,A01
201500038641,0,7,0,0.0,2.0,1.0,1.0,A01
201500038641,0,7,0,0.0,2.0,3.0,15.0,B01
201500038642,0,7,0,0.0,2.0,7.0,1.0,A01
201500038642,0,7,0,0.0,2.0,3.0,1.0,B01
201500038643,0,30,0,0.0,0.0,0.0,1.0,A01
201500038644,0,10,0,0.0,1.0,4.0,4.0,A01
201500038645,0,7,0,0.0,1.0,1.0,1.0,A01
201500038646,0,7,0,0.0,2.0,3.0,1.0,B01
201500038646,0,2,0,0.0,2.0,1.0,1.0,A01
201500038647,0,33,0,3.0,0.0,7.0,1.0,A01
201500038648,0,7,0,0.0,0.0,5.0,2.0,B01
201500038648,0,7,0,9.0,2.0,1.0,1.0,A01
201500038649,0,32,0,0.0,2.0,3.0,13.0,A01
201500038649,0,7,0,0.0,1.0,8.0,1.0,B01
201500038650,1,7,0,0.0,1.0,0.0,16.0,Z01
201500038651,0,32,0,0.0,2.0,1.0,0.0,B01
201500038651,0,7,0,0.0,2.0,1.0,15.0,A01
201500038652,0,33,0,0.0,0.0,0.0,2.0,A01
201500038653,0,7,0,0.0,9.0,3.0,15.0,A01
201500038653,0,1,0,0.0,2.0,7.0,1.0,B01
201500038654,0,30,0,0.0,2.0,1.0,2.0,B01
201500038654,0,7,0,0.0,0.0,4.0,0.0,A01
201500038655,0,32,0,0.0,0.0,8.0,17.0,A01
201500038656,0,7,0,0.0,1.0,1.0,1.0,A01
201500038657,0,7,0,0.0,2.0,1.0,1.0,B01
201500038657,0,30,0,0.0,2.0,7.0,1.0,A01
201500038658,0,2,0,0.0,0.0,7.0,0.0,A01
201500038659,0,10,0,0.0,2.0,1.0,1.0,A01
201500038659,0,7,0,0.0,2.0,4.0,23.0,B01
201500038660,0,7,0,0.0,0.0,5.0,16.0,A01
201500038660,0,30,0,0.0,2.0,1.0,1.0,B01
201500038661,0,7,0,0.0,1.0,1.0,15.0,A01
201500038662,0,33,0,0.0,0.0,7.0,16.0,A01
201500038663,2,7,0,1.0,0.0,2.0,1.0,A01
201500038664,0,34,0,0.0,1.0,1.0,1.0,A01
201500038665,0,33,0,0.0,0.0,7.0,1.0,A01
201500038666,0,7,0,0.0,1.0,2.0,1.0,A01
201500038667,0,34,0,0.0,0.0,7.0,1.0,A01
201500038668,0,7,0,0.0,2.0,7.0,15.0,B01
201500038668,0,33,0,0.0,2.0,1.0,1.0,A01
201500038669,0,32,0,0.0,2.0,2.0,17.0,B01
201500038669,0,7,0,0.0,2.0,3.0,15.0,A01
201500038670,0,33,0,0.0,2.0,1.0,1.0,B01
201500038670,0,7,0,0.0,2.0,2.0,15.0,A01
201500038671,0,7,0,0.0,1.0,3.0,1.0,A01
201500038672,0,7,0,0.0,0.0,6.0,1.0,B01
201500038672,0,33,0,0.0,2.0,1.0,1.0,A01
201500038673,0,31,0,0.0,0.0,0.0,15.0,B01
201500038673,0,7,0,0.0,2.0,0.0,2.0,A01
201500038674,0,33,0,0.0,2.0,1.0,1.0,B01
201500038674,0,7,0,0.0,2.0,7.0,15.0,A01
201500038675,0,7,0,0.0,2.0,4.0,2.0,A01
201500038675,0,7,0,0.0,2.0,1.0,2.0,B01
201500038676,0,7,0,0.0,1.0,3.0,1.0,A01
201500038677,0,7,0,0.0,1.0,3.0,1.0,A01
201500038678,0,32,0,15.0,0.0,0.0,14.0,A01
201500038679,0,7,0,0.0,1.0,2.0,2.0,A01
201500038680,0,10,0,0.0,4.0,9.0,15.0,A01
201500038680,0,40,0,0.0,2.0,1.0,1.0,C01
201500038680,0,7,0,0.0,2.0,1.0,23.0,B01
201500038681,0,33,0,0.0,2.0,0.0,7.0,B01
201500038681,0,10,0,0.0,2.0,7.0,7.0,A01
201500038682,0,10,0,0.0,2.0,8.0,22.0,A01
201500038682,0,1,0,1.0,0.0,0.0,1.0,B01
201500038683,0,7,0,5.0,0.0,1.0,1.0,A01
201500038684,0,32,0,0.0,2.0,1.0,1.0,B01
201500038684,0,7,0,0.0,2.0,6.0,15.0,A01
201500038685,0,33,0,0.0,2.0,0.0,1.0,B01
201500038685,0,7,0,0.0,0.0,0.0,15.0,A01
201500038686,0,1,0,0.0,1.0,0.0,1.0,A01
201500038687,0,31,0,0.0,2.0,7.0,1.0,B01
201500038687,0,7,0,0.0,2.0,2.0,15.0,A01
201500038688,0,34,0,0.0,2.0,7.0,1.0,B01
201500038688,0,7,0,0.0,2.0,1.0,16.0,A01
201500038689,0,32,0,0.0,2.0,3.0,17.0,B01
201500038689,0,7,0,0.0,2.0,8.0,15.0,A01
201500038690,0,31,0,0.0,1.0,5.0,1.0,A01
201500038691,0,32,0,0.0,0.0,7.0,1.0,A01
201500038692,0,34,0,1.0,1.0,0.0,1.0,A01
201500038693,0,30,0,0.0,2.0,1.0,7.0,A01
201500038693,0,7,0,0.0,2.0,2.0,15.0,B01
201500038694,0,2,0,0.0,2.0,6.0,1.0,B01
201500038694,0,7,0,0.0,2.0,1.0,15.0,A01
201500038695,0,7,0,0.0,9.0,1.0,5.0,A01
201500038695,0,7,0,0.0,2.0,3.0,15.0,B01
201500038696,0,31,0,0.0,2.0,1.0,17.0,A01
201500038696,0,31,0,0.0,2.0,1.0,1.0,B01
201500038697,0,2,0,0.0,0.0,0.0,0.0,A01
201500038698,0,7,0,0.0,2.0,6.0,9.0,B01
201500038698,0,33,0,0.0,2.0,8.0,1.0,A01
201500038699,0,33,0,0.0,2.0,6.0,1.0,B01
201500038699,0,32,0,0.0,2.0,2.0,1.0,A01
201500038700,0,2,0,0.0,2.0,8.0,19.0,A01
201500038700,0,7,0,0.0,2.0,7.0,1.0,B01
201500038701,0,7,0,0.0,2.0,1.0,1.0,B01
201500038701,0,7,0,0.0,2.0,3.0,23.0,C01
201500038701,0,99,0,1.0,2.0,7.0,2.0,A01
201500038702,0,7,0,0.0,1.0,2.0,1.0,A01
201500038703,0,7,0,0.0,2.0,1.0,15.0,A01
201500038703,0,1,0,0.0,2.0,1.0,19.0,B01
201500038704,0,1,0,0.0,1.0,0.0,0.0,A01
201500038705,0,99,0,0.0,2.0,3.0,19.0,B01
201500038705,0,31,0,0.0,2.0,1.0,1.0,A01
201500038706,0,7,0,0.0,2.0,8.0,15.0,A01
201500038706,0,7,0,0.0,2.0,8.0,1.0,B01
201500038707,0,7,0,0.0,2.0,1.0,1.0,A01
201500038707,0,33,0,0.0,2.0,4.0,1.0,B01
201500038708,0,30,0,0.0,0.0,0.0,0.0,B01
201500038708,1,99,0,0.0,2.0,4.0,0.0,Z01
201500038709,0,14,0,0.0,4.0,0.0,0.0,A01
201500038709,0,40,0,0.0,2.0,1.0,1.0,B01
201500038710,0,7,0,0.0,1.0,2.0,1.0,A01
201500038711,1,7,0,0.0,2.0,1.0,15.0,Z01
201500038711,0,2,0,0.0,2.0,8.0,2.0,B01
201500038712,0,20,0,14.0,0.0,7.0,2.0,A01
201500038713,0,7,0,1.0,0.0,2.0,1.0,A01
201500038714,0,7,0,0.0,2.0,7.0,15.0,A01
201500038714,0,31,0,0.0,2.0,1.0,1.0,B01
201500038715,0,15,0,0.0,1.0,0.0,16.0,A01
201500038716,0,40,0,0.0,1.0,1.0,1.0,A01
201500038717,0,30,0,0.0,2.0,8.0,9.0,A01
201500038717,0,10,0,0.0,2.0,1.0,1.0,B01
201500038718,0,7,0,0.0,2.0,2.0,15.0,A01
201500038718,0,32,0,0.0,2.0,1.0,1.0,B01
201500038719,0,7,0,0.0,1.0,1.0,1.0,A01
201500038720,0,10,0,0.0,2.0,5.0,15.0,A01
201500038720,0,33,0,0.0,2.0,2.0,1.0,B01
201500038721,0,13,0,0.0,2.0,0.0,1.0,A01
201500038721,0,7,0,0.0,2.0,3.0,16.0,B01
201500038722,0,10,0,0.0,2.0,2.0,20.0,A01
201500038722,0,30,0,0.0,2.0,3.0,1.0,B01
201500038723,0,33,0,0.0,1.0,2.0,1.0,A01
201500038724,0,7,0,0.0,2.0,5.0,23.0,B01
201500038724,0,31,0,0.0,2.0,1.0,1.0,A01
201500038725,0,7,0,0.0,2.0,5.0,4.0,A01
201500038725,0,33,0,0.0,2.0,1.0,1.0,B01
201500038726,0,32,0,0.0,2.0,1.0,1.0,B01
201500038726,0,7,0,0.0,2.0,2.0,9.0,A01
201500038727,0,1,0,1.0,0.0,0.0,21.0,B01
201500038727,0,7,0,0.0,9.0,0.0,22.0,A01
201500038728,0,10,0,0.0,2.0,2.0,15.0,A01
201500038728,0,1,0,0.0,2.0,8.0,1.0,B01
201500038729,0,33,0,0.0,2.0,1.0,1.0,A01
201500038729,0,7,0,0.0,2.0,3.0,17.0,B01
201500038730,0,32,0,0.0,0.0,0.0,1.0,A01
201500038731,0,2,0,0.0,2.0,1.0,1.0,A01
201500038731,1,7,0,0.0,2.0,0.0,0.0,B01
201500038732,0,1,0,0.0,0.0,0.0,1.0,A01
201500038733,0,7,0,0.0,2.0,3.0,1.0,B01
201500038733,0,1,0,0.0,2.0,1.0,5.0,A01
201500038734,0,34,0,5.0,0.0,1.0,18.0,A01
201500038735,0,30,0,0.0,1.0,1.0,1.0,A01
201500038736,0,2,0,0.0,1.0,0.0,1.0,A01
201500038737,0,33,0,0.0,1.0,1.0,17.0,A01
201500038738,0,31,0,1.0,0.0,1.0,1.0,A01
201500038739,0,1,0,0.0,0.0,0.0,19.0,A01
201500038740,1,32,0,0.0,2.0,2.0,1.0,B01
201500038740,0,7,0,0.0,2.0,8.0,1.0,A01
201500038741,0,7,0,0.0,2.0,3.0,15.0,A01
201500038741,0,33,0,0.0,2.0,1.0,1.0,B01
201500038742,0,7,0,0.0,1.0,7.0,1.0,A01
201500038743,0,10,0,0.0,1.0,0.0,15.0,A01
201500038744,0,7,0,9.0,0.0,9.0,1.0,A01
201500038745,0,34,0,0.0,1.0,9.0,1.0,A01
201500038746,0,7,0,0.0,1.0,1.0,1.0,A01
201500038747,0,7,0,0.0,2.0,7.0,1.0,A01
201500038747,0,2,0,0.0,2.0,8.0,1.0,B01
201500038748,0,34,0,0.0,2.0,4.0,23.0,B01
201500038748,0,7,0,0.0,2.0,1.0,1.0,A01
201500038749,0,7,0,0.0,2.0,7.0,1.0,B01
201500038749,0,7,0,0.0,2.0,1.0,16.0,A01
201500038750,0,7,0,0.0,2.0,8.0,1.0,B01
201500038750,0,1,0,0.0,2.0,1.0,1.0,A01
201500038751,0,7,0,1.0,0.0,2.0,14.0,A01
201500038752,0,7,0,0.0,1.0,2.0,1.0,A01
201500038753,0,32,0,0.0,2.0,9.0,1.0,B01
201500038753,0,10,0,0.0,2.0,0.0,16.0,A01
201500038754,0,7,0,0.0,2.0,7.0,16.0,B01
201500038754,0,33,0,0.0,2.0,8.0,16.0,A01
201500038755,0,2,0,0.0,1.0,1.0,1.0,A01
201500038756,0,30,0,0.0,0.0,0.0,10.0,A01
201500038756,1,7,0,0.0,0.0,0.0,10.0,B01
201500038757,0,30,0,0.0,1.0,1.0,1.0,A01
201500038758,0,30,0,8.0,0.0,8.0,1.0,A01
201500038759,2,7,0,1.0,0.0,3.0,1.0,A01
201500038760,0,7,0,0.0,0.0,0.0,13.0,A01
201500038760,0,31,0,0.0,0.0,0.0,17.0,B01
201500038761,0,31,0,0.0,0.0,0.0,21.0,A01
201500038762,0,7,0,0.0,1.0,2.0,1.0,A01
201500038763,0,7,0,0.0,2.0,3.0,0.0,A01
201500038763,0,10,0,0.0,2.0,7.0,0.0,B01
201500038764,1,7,0,0.0,1.0,1.0,21.0,A01
201500038765,0,7,0,0.0,2.0,8.0,10.0,A01
201500038765,0,31,0,0.0,2.0,2.0,17.0,B01
201500038766,0,7,0,0.0,2.0,4.0,4.0,A01
201500038766,0,7,0,0.0,2.0,8.0,1.0,B01
201500038767,0,7,0,1.0,2.0,1.0,7.0,A01
201500038768,0,7,0,0.0,2.0,3.0,1.0,B01
201500038768,0,33,0,0.0,2.0,1.0,1.0,C01
201500038768,0,7,0,0.0,0.0,0.0,11.0,A01
201500038769,0,30,0,0.0,2.0,7.0,1.0,A01
201500038769,0,7,0,0.0,2.0,3.0,1.0,B01
201500038770,0,32,0,0.0,2.0,7.0,1.0,B01
201500038770,0,7,0,0.0,2.0,3.0,21.0,A01
201500038771,1,2,0,0.0,1.0,1.0,1.0,Z01
201500038772,0,7,0,0.0,2.0,2.0,15.0,A01
201500038772,0,2,0,0.0,2.0,1.0,1.0,B01
201500038773,0,7,0,0.0,1.0,5.0,1.0,A01
201500038774,0,30,0,0.0,0.0,7.0,1.0,A01
201500038775,0,2,0,0.0,2.0,1.0,2.0,B01
201500038775,0,7,0,0.0,2.0,3.0,2.0,A01
201500038776,1,13,0,0.0,2.0,8.0,0.0,Z01
201500038776,0,30,0,0.0,2.0,7.0,0.0,A01
201500038777,0,34,0,0.0,0.0,8.0,0.0,B01
201500038778,0,33,0,0.0,1.0,8.0,0.0,A01
201500038779,0,7,0,0.0,2.0,8.0,0.0,A01
201500038779,0,30,0,0.0,2.0,1.0,0.0,B01
201500038780,0,7,0,1.0,0.0,2.0,0.0,A01
201500038781,0,30,0,0.0,2.0,1.0,1.0,A01
201500038781,0,7,0,0.0,2.0,6.0,10.0,B01
201500038782,0,7,0,0.0,1.0,1.0,1.0,A01
201500038783,0,99,0,0.0,1.0,3.0,0.0,A01
201500038784,0,7,0,0.0,2.0,3.0,9.0,A01
201500038784,0,32,0,0.0,2.0,1.0,1.0,B01
201500038785,0,7,0,0.0,1.0,1.0,0.0,A01
201500038786,0,7,0,0.0,1.0,1.0,1.0,A01
201500038787,0,34,0,0.0,2.0,1.0,17.0,A01
201500038787,0,7,0,0.0,2.0,3.0,15.0,B01
201500038788,0,7,0,0.0,2.0,3.0,20.0,A01
201500038788,0,32,0,0.0,2.0,1.0,1.0,B01
201500038789,0,7,0,0.0,1.0,1.0,16.0,A01
201500038790,0,7,0,0.0,2.0,5.0,0.0,A01
201500038790,0,34,0,0.0,2.0,1.0,0.0,B01
201500038791,0,7,0,0.0,1.0,0.0,0.0,A01
201500038792,0,7,0,0.0,2.0,4.0,2.0,B01
201500038792,0,7,0,0.0,2.0,1.0,2.0,A01
201500038793,0,7,0,0.0,2.0,3.0,15.0,B01
201500038793,0,32,0,0.0,2.0,1.0,1.0,A01
201500038794,0,31,0,0.0,2.0,1.0,17.0,A01
201500038794,0,7,0,0.0,2.0,8.0,15.0,B01
201500038795,0,30,0,0.0,1.0,1.0,1.0,A01
201500038796,0,32,0,0.0,2.0,7.0,17.0,A01
201500038796,0,10,0,0.0,0.0,3.0,0.0,B01
201500038797,0,7,0,0.0,2.0,3.0,11.0,A01
201500038797,0,7,0,0.0,2.0,2.0,2.0,B01
201500038798,0,7,0,0.0,1.0,1.0,1.0,A01
201500038799,0,31,0,0.0,2.0,1.0,1.0,B01
201500038799,0,7,0,0.0,2.0,2.0,16.0,A01
201500038800,0,7,0,0.0,1.0,0.0,0.0,A01
201500038801,0,7,0,0.0,1.0,7.0,1.0,A01
201500038802,0,7,0,0.0,2.0,4.0,2.0,C01
201500038802,0,7,0,0.0,2.0,1.0,2.0,A01
201500038802,0,7,0,0.0,2.0,1.0,2.0,B01
201500038803,0,32,0,0.0,2.0,7.0,1.0,B01
201500038803,0,7,0,0.0,2.0,1.0,1.0,A01
201500038804,0,7,0,0.0,1.0,1.0,15.0,A01
201500038805,0,7,0,0.0,2.0,8.0,1.0,B01
201500038805,0,7,0,0.0,2.0,1.0,15.0,A01
201500038806,0,34,0,0.0,2.0,0.0,2.0,B01
201500038806,0,7,0,0.0,2.0,0.0,0.0,A01
201500038807,0,33,0,0.0,2.0,0.0,0.0,Z01
201500038807,1,7,0,0.0,2.0,1.0,0.0,B01
201500038808,0,7,0,0.0,2.0,4.0,2.0,B01
201500038808,0,1,0,0.0,2.0,1.0,2.0,A01
201500038809,0,7,0,0.0,0.0,2.0,0.0,B01
201500038809,0,31,0,0.0,2.0,3.0,1.0,A01
201500038810,0,32,0,0.0,1.0,1.0,1.0,A01
201500038811,0,7,0,0.0,2.0,5.0,1.0,B01
201500038811,0,1,0,0.0,2.0,1.0,1.0,A01
201500038812,1,17,0,0.0,2.0,6.0,17.0,Z01
201500038812,0,1,0,0.0,2.0,8.0,2.0,B01
201500038813,0,38,40,0.0,1.0,4.0,0.0,A01
201500038814,0,33,0,0.0,0.0,1.0,0.0,A01
201500038815,0,10,0,0.0,2.0,2.0,16.0,A01
201500038815,0,37,2,0.0,2.0,3.0,7.0,B01
201500038816,0,7,0,0.0,2.0,4.0,2.0,B01
201500038816,0,7,0,0.0,2.0,1.0,2.0,A01
201500038817,0,30,0,1.0,0.0,1.0,0.0,A01
201500038818,0,1,0,0.0,2.0,1.0,1.0,B01
201500038818,0,7,0,0.0,2.0,5.0,16.0,A01
201500038819,0,37,1,0.0,1.0,2.0,19.0,A01
201500038820,0,7,0,0.0,2.0,4.0,2.0,B01
201500038820,0,34,0,0.0,2.0,1.0,2.0,A01
201500038821,0,7,0,0.0,0.0,3.0,0.0,A01
201500038821,0,2,0,0.0,2.0,3.0,0.0,B01
201500038822,0,7,0,0.0,0.0,0.0,0.0,B01
201500038822,0,7,0,0.0,2.0,1.0,0.0,A01
201500038823,0,34,0,0.0,2.0,1.0,1.0,B01
201500038823,0,7,0,0.0,2.0,8.0,1.0,A01
201500038824,0,7,0,0.0,1.0,2.0,1.0,A01
201500038825,0,7,0,0.0,1.0,1.0,1.0,A01
201500038826,0,7,0,0.0,0.0,4.0,0.0,B01
201500038826,0,7,0,0.0,1.0,1.0,0.0,A01
201500038827,0,7,0,0.0,1.0,1.0,0.0,A01
201500038828,0,34,0,0.0,0.0,8.0,0.0,A01
201500038829,0,7,0,9.0,0.0,8.0,1.0,A01
201500038830,0,7,0,3.0,0.0,7.0,0.0,A01
201500038831,0,31,0,0.0,1.0,1.0,1.0,B01
201500038832,0,7,0,0.0,1.0,7.0,16.0,A01
201500038833,0,7,0,0.0,2.0,4.0,0.0,B01
201500038833,1,7,0,0.0,2.0,0.0,0.0,A01
201500038834,0,7,0,0.0,2.0,4.0,4.0,A01
201500038834,0,7,0,0.0,2.0,2.0,1.0,B01
201500038835,0,7,0,0.0,1.0,2.0,1.0,B01
201500038836,0,7,0,0.0,2.0,4.0,1.0,B01
201500038836,0,7,0,0.0,2.0,1.0,1.0,A01
201500038837,0,33,0,0.0,2.0,2.0,0.0,A01
201500038837,0,7,0,0.0,2.0,4.0,0.0,B01
201500038838,0,33,0,0.0,0.0,1.0,1.0,A01
201500038839,0,34,0,0.0,0.0,0.0,1.0,A01
201500038840,0,7,0,0.0,2.0,2.0,1.0,A01