Num_Acc,senc,catv,occutc,obs,obsm,choc,manv,num_veh
201500038840,0,33,0,0.0,2.0,3.0,2.0,B01
201500038841,1,7,0,0.0,2.0,0.0,2.0,Z01
201500038841,0,7,0,0.0,2.0,6.0,23.0,B01
201500038842,1,30,0,0.0,1.0,0.0,1.0,A01
201500038843,0,30,0,0.0,2.0,1.0,2.0,A01
201500038843,0,7,0,0.0,2.0,2.0,1.0,B01
201500038844,0,30,0,0.0,1.0,1.0,0.0,A01
201500038845,0,7,0,0.0,2.0,4.0,0.0,B01
201500038845,0,30,0,0.0,2.0,1.0,2.0,A01
201500038846,0,7,0,0.0,0.0,0.0,0.0,A01
201500038846,0,33,0,0.0,0.0,0.0,0.0,B01
201500038847,0,33,0,0.0,2.0,7.0,17.0,A01
201500038847,0,7,0,0.0,2.0,3.0,15.0,B01
201500038848,0,33,0,0.0,0.0,0.0,21.0,A01
201500038849,0,7,0,0.0,2.0,3.0,15.0,B01
201500038849,0,33,0,0.0,2.0,7.0,17.0,A01
201500038850,0,7,0,0.0,1.0,7.0,1.0,A01
201500038851,0,34,0,15.0,0.0,2.0,21.0,A01
201500038852,0,31,0,0.0,2.0,7.0,1.0,A01
201500038852,0,7,0,0.0,2.0,6.0,13.0,B01
201500038853,0,33,0,0.0,2.0,6.0,1.0,B01
201500038853,1,7,0,0.0,2.0,0.0,0.0,Z01
201500038854,0,34,0,0.0,2.0,1.0,1.0,B01
201500038854,0,7,0,0.0,2.0,3.0,15.0,A01
201500038855,0,32,0,4.0,0.0,8.0,1.0,A01
201500038856,0,30,0,0.0,0.0,1.0,0.0,A01
201500038857,0,30,0,0.0,2.0,1.0,1.0,B01
201500038857,1,7,0,0.0,2.0,0.0,13.0,Z01
201500038858,0,7,0,0.0,2.0,1.0,2.0,A01
201500038858,0,7,0,0.0,2.0,4.0,2.0,B01
201500038859,0,33,0,0.0,2.0,5.0,15.0,B01
201500038859,0,34,0,0.0,2.0,3.0,13.0,A01
201500038860,0,37,0,0.0,1.0,1.0,19.0,A01
201500038861,0,30,0,12.0,0.0,3.0,1.0,A01
201500038862,0,13,0,0.0,2.0,2.0,1.0,B01
201500038862,0,7,0,0.0,2.0,3.0,13.0,A01
201500038863,0,14,0,0.0,2.0,3.0,20.0,A01
201500038863,0,33,0,0.0,2.0,1.0,1.0,B01
201500038864,0,31,0,0.0,2.0,7.0,1.0,A01
201500038864,0,7,0,0.0,2.0,1.0,2.0,B01
201500038865,0,7,0,0.0,0.0,4.0,1.0,C01
201500038865,0,14,0,0.0,2.0,1.0,1.0,A01
201500038865,0,7,0,0.0,2.0,4.0,1.0,B01
201500038866,0,32,0,0.0,0.0,8.0,0.0,A01
201500038867,1,7,0,0.0,1.0,0.0,0.0,Z01
201500038868,0,34,0,0.0,2.0,1.0,1.0,B01
201500038868,0,7,0,0.0,2.0,7.0,15.0,A01
201500038869,1,30,0,0.0,1.0,0.0,0.0,Z01
201500038870,0,7,0,0.0,2.0,1.0,2.0,A01
201500038870,0,33,0,0.0,2.0,4.0,23.0,B01
201500038871,1,7,0,0.0,1.0,0.0,0.0,Z01
201500038872,0,7,0,0.0,2.0,1.0,0.0,A01
201500038872,0,33,0,0.0,0.0,4.0,0.0,B01
201500038873,0,7,0,0.0,2.0,6.0,2.0,B01
201500038873,0,33,0,4.0,2.0,1.0,2.0,A01
201500038874,0,7,0,0.0,2.0,1.0,0.0,B01
201500038874,0,7,0,0.0,2.0,1.0,16.0,A01
201500038875,0,7,0,14.0,0.0,1.0,0.0,B01
201500038876,0,7,0,0.0,1.0,1.0,17.0,A01
201500038877,0,30,0,0.0,2.0,1.0,0.0,A01
201500038877,0,7,0,0.0,0.0,4.0,0.0,B01
201500038878,0,7,0,0.0,2.0,1.0,1.0,A01
201500038878,0,32,0,0.0,2.0,7.0,1.0,B01
201500038879,0,33,0,0.0,0.0,0.0,0.0,B01
201500038879,0,7,0,0.0,2.0,1.0,0.0,A01
201500038880,0,7,0,0.0,2.0,4.0,1.0,B01
201500038880,0,7,0,0.0,2.0,1.0,0.0,A01
201500038881,0,7,0,0.0,1.0,3.0,0.0,A01
201500038882,0,7,0,0.0,2.0,3.0,0.0,A01
201500038882,0,7,0,0.0,2.0,2.0,0.0,B01
201500038883,0,32,0,0.0,2.0,8.0,1.0,B01
201500038883,0,7,0,0.0,2.0,1.0,6.0,A01
201500038884,0,1,0,0.0,2.0,8.0,1.0,B02
201500038884,0,7,0,0.0,2.0,2.0,1.0,A01
201500038885,2,7,0,0.0,2.0,1.0,1.0,B01
201500038886,0,7,0,0.0,2.0,1.0,1.0,A01
201500038886,0,7,0,0.0,2.0,7.0,10.0,B01
201500038887,0,34,0,0.0,2.0,1.0,17.0,B01
201500038887,0,7,0,0.0,2.0,3.0,10.0,A01
201500038888,0,33,0,0.0,2.0,1.0,17.0,B01
201500038888,0,7,0,0.0,2.0,6.0,15.0,A01
201500038889,0,7,0,0.0,2.0,1.0,2.0,A01
201500038889,0,7,0,0.0,2.0,4.0,2.0,B01
201500038890,0,7,0,0.0,1.0,2.0,1.0,A01
201500038891,0,7,0,0.0,2.0,2.0,16.0,B01
201500038891,0,32,0,0.0,2.0,1.0,18.0,A01
201500038892,1,32,0,0.0,2.0,1.0,1.0,A01
201500038892,0,7,0,0.0,2.0,6.0,2.0,B01
201500038893,0,14,0,0.0,2.0,1.0,1.0,A01
201500038893,0,10,0,0.0,2.0,3.0,1.0,B01
201500038894,0,32,0,3.0,0.0,1.0,1.0,A01
201500038895,0,7,0,0.0,1.0,3.0,13.0,A01
201500038896,0,7,0,0.0,2.0,0.0,1.0,A01
201500038896,0,32,0,0.0,0.0,8.0,1.0,B01
201500038897,0,7,0,0.0,1.0,0.0,0.0,A01
201500038898,0,7,0,0.0,2.0,3.0,11.0,A01
201500038898,0,31,0,0.0,2.0,5.0,17.0,B01
201500038899,0,30,0,0.0,2.0,1.0,2.0,B01
201500038899,0,7,0,0.0,2.0,6.0,15.0,A01
201500038900,0,7,0,0.0,2.0,8.0,11.0,A01
201500038900,0,30,0,0.0,2.0,7.0,2.0,B01
201500038901,0,7,0,0.0,2.0,1.0,1.0,B01
201500038901,0,7,0,0.0,2.0,7.0,1.0,A01
201500038902,0,7,0,0.0,1.0,2.0,2.0,A01
201500038903,0,7,0,0.0,2.0,8.0,1.0,C01
201500038903,0,32,0,0.0,2.0,1.0,1.0,B01
201500038903,0,7,0,0.0,2.0,3.0,11.0,A01
201500038904,0,33,0,0.0,2.0,3.0,2.0,B01
201500038904,0,7,0,0.0,2.0,3.0,15.0,A01
201500038905,0,7,0,0.0,2.0,3.0,1.0,B01
201500038905,0,7,0,0.0,2.0,3.0,1.0,A01
201500038906,0,10,0,0.0,1.0,5.0,1.0,A01
201500038907,0,7,0,0.0,1.0,2.0,1.0,A01
201500038908,1,99,0,0.0,2.0,0.0,0.0,Z01
201500038908,0,33,0,0.0,2.0,0.0,3.0,B01
201500038909,0,7,0,0.0,2.0,1.0,1.0,A01
201500038909,0,7,0,0.0,2.0,4.0,1.0,B01
201500038910,0,7,0,0.0,1.0,3.0,0.0,A01
201500038911,0,7,0,0.0,1.0,0.0,0.0,A01
201500038912,0,31,0,0.0,2.0,1.0,2.0,A01
201500038912,0,7,0,0.0,2.0,4.0,23.0,B01
201500038913,0,30,0,4.0,0.0,1.0,1.0,A01
201500038914,0,7,0,0.0,2.0,4.0,16.0,C02
201500038914,0,7,0,0.0,2.0,1.0,2.0,A01
201500038914,0,7,0,0.0,4.0,9.0,2.0,B02
201500038915,0,7,0,0.0,1.0,1.0,1.0,A01
201500038916,0,33,0,0.0,2.0,1.0,12.0,B01
201500038916,1,7,0,0.0,2.0,4.0,15.0,Z01
201500038917,0,7,0,0.0,1.0,3.0,1.0,A01
201500038918,0,7,0,1.0,0.0,1.0,1.0,A01
201500038919,0,7,0,0.0,0.0,0.0,0.0,B01
201500038919,0,32,0,0.0,0.0,0.0,0.0,A01
201500038920,0,10,0,0.0,2.0,1.0,15.0,A01
201500038920,0,30,0,0.0,2.0,1.0,1.0,B01
201500038921,0,33,0,0.0,2.0,1.0,1.0,B01
201500038921,0,15,0,0.0,2.0,2.0,15.0,A01
201500038922,0,7,0,0.0,1.0,3.0,1.0,A01
201500038923,0,37,29,0.0,2.0,3.0,2.0,A01
201500038923,0,7,0,0.0,2.0,5.0,2.0,B01
201500038924,0,7,0,0.0,1.0,2.0,15.0,A01
201500038925,1,37,1,0.0,1.0,0.0,2.0,A01
201500038926,0,7,0,0.0,1.0,1.0,1.0,A01
201500038927,0,7,0,0.0,1.0,2.0,1.0,A01
201500038928,1,7,0,0.0,2.0,1.0,1.0,Z01
201500038928,0,7,0,0.0,2.0,4.0,2.0,A01
201500038929,0,33,0,9.0,0.0,7.0,16.0,A01
201500038930,0,7,0,0.0,1.0,2.0,2.0,A01
201500038931,0,33,0,12.0,0.0,7.0,0.0,A01
201500038932,0,7,0,0.0,1.0,4.0,20.0,A01
201500038933,0,7,0,0.0,2.0,8.0,10.0,A01
201500038933,0,31,0,0.0,2.0,1.0,1.0,B01
201500038934,0,7,0,0.0,2.0,2.0,9.0,A01
201500038934,0,33,0,0.0,2.0,1.0,1.0,B01
201500038935,0,7,0,0.0,2.0,7.0,1.0,A01
201500038935,0,33,0,0.0,2.0,6.0,1.0,B01
201500038936,0,32,0,0.0,2.0,1.0,2.0,B01
201500038936,0,7,0,0.0,2.0,4.0,2.0,A01
201500038937,0,7,0,0.0,1.0,1.0,1.0,A01
201500038938,0,31,0,0.0,2.0,1.0,0.0,A01
201500038938,1,2,0,0.0,2.0,0.0,1.0,Z01
201500038939,0,2,0,0.0,2.0,1.0,1.0,B01
201500038939,0,10,0,0.0,2.0,5.0,10.0,A01
201500038940,0,10,0,0.0,2.0,1.0,2.0,A01
201500038940,0,7,0,0.0,2.0,4.0,2.0,B01
201500038941,1,10,0,0.0,2.0,8.0,2.0,Z01
201500038941,0,32,0,0.0,2.0,7.0,3.0,A01
201500038942,0,7,0,0.0,1.0,1.0,2.0,A01
201500038943,0,7,0,0.0,1.0,2.0,16.0,A01
201500038944,0,7,0,0.0,1.0,1.0,1.0,A01
201500038945,0,7,0,0.0,1.0,1.0,1.0,A01
201500038946,0,32,0,0.0,2.0,7.0,19.0,A01
201500038946,1,7,0,0.0,2.0,1.0,0.0,Z01
201500038947,0,7,0,1.0,0.0,4.0,4.0,A01
201500038947,0,34,0,0.0,2.0,8.0,24.0,B01
201500038948,0,7,0,0.0,1.0,2.0,1.0,A01
201500038949,0,2,0,1.0,0.0,7.0,1.0,A01
201500038950,0,7,0,0.0,2.0,7.0,15.0,A01
201500038950,0,1,0,0.0,2.0,1.0,1.0,B01
201500038951,0,30,0,0.0,2.0,0.0,0.0,A01
201500038951,0,7,0,0.0,2.0,2.0,0.0,B01
201500038952,0,2,0,0.0,1.0,1.0,1.0,A01
201500038953,0,33,0,0.0,2.0,3.0,1.0,B01
201500038953,0,10,0,0.0,2.0,2.0,15.0,A01
201500038954,0,2,0,1.0,0.0,1.0,2.0,A01
201500038955,0,1,0,1.0,0.0,2.0,1.0,B01
201500038955,0,7,0,0.0,2.0,8.0,24.0,A01
201500038956,0,10,0,0.0,2.0,8.0,13.0,A01
201500038956,0,7,0,0.0,2.0,8.0,1.0,B01
201500038957,1,99,0,0.0,1.0,0.0,0.0,Z01
201500038958,0,7,0,0.0,2.0,0.0,0.0,B01
201500038958,0,33,0,0.0,2.0,0.0,0.0,A01
201500038959,0,7,0,0.0,2.0,2.0,1.0,B01
201500038959,0,7,0,0.0,2.0,1.0,16.0,A01
201500038960,0,7,0,0.0,2.0,3.0,21.0,A01
201500038960,0,31,0,0.0,2.0,2.0,3.0,B01
201500038961,0,7,0,0.0,2.0,2.0,15.0,A01
201500038961,0,2,0,0.0,2.0,1.0,1.0,B01
201500038962,0,1,0,0.0,2.0,2.0,12.0,A01
201500038962,0,7,0,0.0,2.0,3.0,1.0,B01
201500038963,0,33,0,0.0,2.0,2.0,3.0,A01
201500038963,0,7,0,0.0,2.0,3.0,1.0,C01
201500038963,0,7,0,0.0,2.0,2.0,1.0,B01
201500038964,0,7,0,0.0,1.0,4.0,4.0,A01
201500038965,0,7,0,0.0,2.0,2.0,16.0,A01
201500038965,0,33,0,0.0,2.0,3.0,1.0,B01
201500038966,0,7,0,0.0,1.0,1.0,1.0,A01
201500038967,0,7,0,0.0,2.0,3.0,15.0,A01
201500038967,0,2,0,0.0,2.0,7.0,2.0,B01
201500038968,0,7,0,0.0,2.0,1.0,2.0,A01
201500038968,0,7,0,0.0,2.0,4.0,2.0,B01
201500038969,0,7,0,0.0,2.0,2.0,0.0,A01
201500038969,0,2,0,0.0,2.0,1.0,0.0,B01
201500038970,0,7,0,0.0,2.0,1.0,1.0,B02
201500038970,0,7,0,0.0,2.0,5.0,15.0,A01
201500038971,0,7,0,0.0,2.0,4.0,1.0,A01
201500038971,0,30,0,0.0,2.0,1.0,1.0,B01
201500038972,0,32,0,0.0,2.0,1.0,1.0,B01
201500038972,0,7,0,0.0,2.0,7.0,10.0,A01
201500038973,0,34,0,0.0,2.0,1.0,1.0,B01
201500038973,0,7,0,0.0,2.0,8.0,10.0,A01
201500038974,0,2,0,0.0,1.0,2.0,0.0,A01
201500038975,0,34,0,0.0,1.0,0.0,0.0,A01
201500038976,0,7,0,0.0,2.0,3.0,15.0,B01
201500038976,0,2,0,0.0,2.0,2.0,17.0,A01
201500038977,0,7,0,0.0,2.0,2.0,23.0,A01
201500038977,0,7,0,0.0,2.0,6.0,23.0,B01
201500038978,0,7,0,0.0,2.0,7.0,0.0,A01
201500038978,0,7,0,0.0,2.0,1.0,0.0,B01
201500038979,0,1,0,0.0,1.0,1.0,1.0,A01
201500038980,0,7,0,0.0,2.0,4.0,2.0,C01
201500038980,0,7,0,0.0,2.0,4.0,2.0,B01
201500038980,0,2,0,0.0,2.0,1.0,2.0,A01
201500038980,0,7,0,0.0,2.0,4.0,2.0,D01
201500038981,0,7,0,0.0,1.0,1.0,1.0,A01
201500038982,0,7,0,0.0,2.0,3.0,20.0,B01
201500038982,0,2,0,0.0,2.0,1.0,1.0,A01
201500038983,0,7,0,0.0,2.0,4.0,1.0,B01
201500038983,0,34,0,0.0,2.0,1.0,21.0,A01
201500038984,0,2,0,0.0,1.0,1.0,5.0,A01
201500038985,0,7,0,0.0,1.0,1.0,0.0,A01
201500038986,0,7,0,0.0,2.0,6.0,2.0,B01
201500038986,0,2,0,0.0,2.0,2.0,2.0,A01
201500038987,0,33,0,0.0,2.0,1.0,2.0,B01
201500038987,0,7,0,0.0,2.0,3.0,1.0,A01
201500038988,0,7,0,0.0,2.0,1.0,2.0,A01
201500038988,0,7,0,0.0,2.0,4.0,2.0,B01
201500038989,0,7,0,0.0,2.0,4.0,2.0,C01
201500038989,0,10,0,0.0,2.0,1.0,2.0,A01
201500038989,0,33,0,0.0,2.0,4.0,2.0,B01
201500038990,0,7,0,1.0,2.0,1.0,2.0,A01
201500038990,0,33,0,0.0,2.0,7.0,23.0,D01
201500038990,0,34,0,0.0,2.0,4.0,23.0,C01
201500038990,0,33,0,0.0,2.0,4.0,23.0,B01
201500038991,0,33,0,0.0,2.0,3.0,1.0,B01
201500038991,0,7,0,0.0,2.0,5.0,12.0,A01
201500038992,0,10,0,0.0,1.0,4.0,4.0,A01
201500038993,0,7,0,0.0,2.0,2.0,16.0,B01
201500038993,0,34,0,0.0,2.0,8.0,0.0,A01
201500038994,0,7,0,0.0,1.0,2.0,12.0,A01
201500038994,0,33,0,0.0,2.0,0.0,16.0,B01
201500038995,0,7,0,0.0,2.0,4.0,2.0,B01
201500038995,0,7,0,0.0,2.0,1.0,2.0,A01
201500038996,0,1,0,0.0,0.0,0.0,2.0,A01
201500038997,0,10,0,0.0,1.0,4.0,4.0,A01
201500038998,0,7,0,0.0,2.0,8.0,15.0,A01
201500038998,0,31,0,0.0,2.0,7.0,1.0,B01
201500038999,0,7,0,0.0,2.0,2.0,20.0,A01
201500038999,0,34,0,0.0,2.0,8.0,1.0,B01
201500039000,0,7,0,0.0,2.0,1.0,2.0,A01
201500039000,0,2,0,0.0,2.0,4.0,12.0,B01
201500039001,0,7,0,0.0,1.0,8.0,0.0,A01
201500039002,0,33,0,0.0,2.0,1.0,1.0,B01
201500039002,0,7,0,0.0,2.0,3.0,11.0,A01
201500039003,0,7,0,0.0,2.0,1.0,2.0,A01
201500039003,0,7,0,0.0,2.0,4.0,2.0,B01
201500039003,0,7,0,0.0,2.0,4.0,2.0,C01
201500039004,0,7,0,0.0,2.0,1.0,0.0,A01
201500039004,0,7,0,0.0,2.0,8.0,15.0,B01
201500039005,0,7,0,0.0,2.0,3.0,10.0,A01
201500039005,0,33,0,0.0,2.0,1.0,2.0,B01
201500039006,0,34,0,8.0,2.0,1.0,19.0,A01
201500039006,0,7,0,0.0,2.0,1.0,0.0,B01
201500039007,0,34,0,0.0,2.0,1.0,1.0,B01
201500039007,0,7,0,0.0,2.0,3.0,9.0,A01
201500039008,0,7,0,0.0,2.0,7.0,17.0,A01
201500039008,0,1,0,0.0,2.0,8.0,2.0,B01
201500039009,0,34,0,0.0,2.0,2.0,1.0,B01
201500039009,0,7,0,0.0,2.0,2.0,9.0,A01
201500039010,0,7,0,0.0,2.0,8.0,11.0,A01
201500039010,0,34,0,0.0,2.0,7.0,1.0,B01
201500039011,0,7,0,0.0,2.0,3.0,19.0,B01
201500039011,0,2,0,0.0,2.0,1.0,17.0,A01
201500039012,0,7,0,0.0,2.0,3.0,20.0,A01
201500039012,0,31,0,0.0,2.0,1.0,0.0,B01
201500039013,0,1,0,1.0,0.0,1.0,0.0,A01
201500039013,0,7,0,0.0,2.0,8.0,22.0,B01
201500039014,0,2,0,0.0,1.0,1.0,1.0,A01
201500039015,0,10,0,0.0,2.0,1.0,15.0,B01
201500039015,0,33,0,8.0,2.0,8.0,1.0,A01
201500039016,0,7,0,0.0,1.0,1.0,1.0,A01
201500039017,0,7,0,0.0,2.0,1.0,19.0,A01
201500039017,0,7,0,0.0,2.0,7.0,19.0,B01
201500039018,0,7,0,0.0,2.0,7.0,1.0,B01
201500039018,0,34,0,0.0,2.0,1.0,9.0,A01
201500039019,0,7,0,0.0,2.0,4.0,1.0,C02
201500039019,0,7,0,0.0,2.0,4.0,1.0,B02
201500039019,0,33,0,0.0,2.0,9.0,1.0,A01
201500039020,0,7,0,0.0,2.0,4.0,1.0,B01
201500039020,0,33,0,0.0,2.0,1.0,2.0,A01
201500039021,0,33,0,0.0,2.0,1.0,0.0,B01
201500039021,0,7,0,0.0,2.0,2.0,15.0,A01
201500039022,0,10,0,0.0,2.0,4.0,23.0,B02
201500039022,0,30,0,0.0,2.0,1.0,2.0,A01
201500039023,0,7,0,0.0,2.0,2.0,16.0,B01
201500039023,0,30,0,0.0,2.0,1.0,18.0,A01
201500039024,0,7,0,0.0,1.0,4.0,4.0,A01
201500039025,0,10,0,0.0,2.0,2.0,15.0,A01
201500039025,0,32,0,0.0,2.0,1.0,0.0,B01
201500039026,0,33,0,1.0,2.0,0.0,1.0,B01
201500039026,0,7,0,0.0,2.0,6.0,9.0,A01
201500039027,0,7,0,0.0,1.0,1.0,1.0,A01
201500039028,0,7,0,1.0,0.0,1.0,1.0,A01
201500039029,0,7,0,0.0,1.0,1.0,1.0,A01
201500039030,0,7,0,0.0,2.0,7.0,1.0,B01
201500039030,0,34,0,0.0,2.0,1.0,1.0,A01
201500039031,0,34,0,0.0,2.0,4.0,2.0,A01
201500039031,0,10,0,0.0,2.0,1.0,2.0,B01
201500039032,0,7,0,0.0,2.0,8.0,1.0,B01
201500039032,0,33,0,0.0,2.0,1.0,20.0,A01
201500039033,0,7,0,0.0,2.0,7.0,19.0,A01
201500039033,0,33,0,0.0,2.0,1.0,1.0,B01
201500039034,0,7,0,0.0,1.0,1.0,15.0,A01
201500039035,0,7,0,1.0,0.0,0.0,0.0,A01
201500039036,0,7,0,0.0,1.0,1.0,16.0,A01
201500039037,0,7,0,0.0,1.0,2.0,1.0,A01
201500039038,0,7,0,0.0,2.0,8.0,2.0,A01
201500039038,0,7,0,0.0,2.0,1.0,15.0,B01
201500039039,0,33,0,0.0,1.0,1.0,1.0,A01
201500039040,0,7,0,0.0,1.0,1.0,5.0,A01
201500039041,0,7,0,0.0,2.0,3.0,15.0,A01
201500039041,0,2,0,0.0,2.0,1.0,1.0,B01
201500039042,0,7,0,0.0,2.0,7.0,12.0,A01
201500039042,0,33,0,0.0,2.0,8.0,1.0,B01
201500039043,0,33,0,0.0,9.0,8.0,2.0,A01
201500039044,0,7,0,0.0,2.0,1.0,0.0,A01
201500039044,0,33,0,0.0,2.0,8.0,2.0,B01
201500039045,0,7,0,0.0,1.0,3.0,16.0,A01
201500039046,0,7,0,0.0,2.0,1.0,0.0,A01
201500039046,0,7,0,0.0,2.0,1.0,0.0,B01
201500039046,0,33,0,14.0,9.0,7.0,0.0,C01
201500039047,0,7,0,0.0,1.0,1.0,1.0,A01
201500039048,0,7,0,0.0,1.0,1.0,0.0,A01
201500039049,0,7,0,0.0,2.0,7.0,0.0,A01
201500039049,0,33,0,0.0,2.0,7.0,0.0,B01
201500039050,0,33,0,0.0,2.0,1.0,2.0,A01
201500039050,0,7,0,0.0,2.0,4.0,1.0,B01
201500039051,0,2,0,0.0,1.0,2.0,1.0,A01
201500039052,0,7,0,0.0,2.0,1.0,1.0,A01
201500039052,0,99,0,0.0,2.0,9.0,19.0,B01
201500039053,0,2,0,0.0,1.0,1.0,1.0,A01
201500039054,0,7,0,9.0,2.0,9.0,1.0,A01
201500039054,0,7,0,0.0,2.0,1.0,1.0,B01
201500039055,0,7,0,0.0,2.0,2.0,16.0,A01
201500039055,0,34,0,0.0,2.0,1.0,1.0,B01
201500039056,0,2,0,0.0,2.0,7.0,3.0,A01
201500039056,0,7,0,0.0,2.0,7.0,1.0,B01
201500039057,0,7,0,0.0,2.0,2.0,9.0,A01
201500039057,0,34,0,0.0,2.0,1.0,3.0,B01
201500039058,0,2,0,0.0,1.0,2.0,1.0,A01
201500039059,0,33,0,12.0,0.0,1.0,21.0,A01
201500039060,0,7,0,0.0,2.0,3.0,15.0,A01
201500039060,0,31,0,0.0,2.0,1.0,1.0,B01
201500039061,0,1,0,0.0,2.0,1.0,1.0,B01
201500039061,0,7,0,0.0,2.0,8.0,22.0,A01
201500039062,0,7,0,0.0,2.0,6.0,1.0,B01
201500039062,0,2,0,0.0,2.0,2.0,2.0,A01
201500039063,0,7,0,0.0,1.0,1.0,1.0,A01
201500039064,0,7,0,0.0,1.0,1.0,1.0,A01
201500039065,0,7,0,0.0,1.0,1.0,1.0,A01
201500039066,0,7,0,0.0,2.0,3.0,1.0,A01
201500039066,0,7,0,0.0,2.0,5.0,1.0,B01
201500039067,0,33,0,0.0,2.0,1.0,17.0,A01
201500039067,0,7,0,0.0,2.0,6.0,1.0,B01
201500039068,0,7,0,0.0,2.0,1.0,1.0,A01
201500039068,0,7,0,0.0,2.0,4.0,2.0,B01
201500039069,0,2,0,0.0,2.0,8.0,18.0,A01
201500039069,0,7,0,0.0,2.0,7.0,1.0,B01
201500039070,0,7,0,0.0,2.0,2.0,15.0,A01
201500039070,0,34,0,0.0,2.0,1.0,1.0,B01
201500039071,0,7,0,0.0,2.0,4.0,0.0,A01
201500039071,0,7,0,0.0,2.0,4.0,0.0,B01
201500039072,0,7,0,0.0,2.0,2.0,0.0,A01
201500039072,0,33,0,0.0,2.0,8.0,0.0,B01
201500039073,0,7,0,0.0,2.0,1.0,0.0,A01
201500039073,0,33,0,0.0,2.0,3.0,0.0,B01
201500039074,0,7,0,0.0,2.0,1.0,0.0,A01
201500039074,0,7,0,0.0,2.0,4.0,0.0,B01
201500039075,0,7,0,0.0,2.0,4.0,0.0,A01
201500039075,0,7,0,0.0,2.0,1.0,0.0,C01
201500039075,0,7,0,0.0,2.0,6.0,0.0,B01
201500039076,0,7,0,0.0,1.0,3.0,0.0,A01
201500039077,0,7,0,0.0,2.0,1.0,16.0,B01
201500039077,0,30,0,0.0,2.0,1.0,15.0,A01
201500039078,0,7,0,0.0,1.0,1.0,0.0,A01
201500039079,0,7,0,0.0,2.0,1.0,0.0,A01
201500039079,0,7,0,0.0,2.0,4.0,0.0,B01
201500039080,0,37,1,0.0,1.0,1.0,0.0,A01
201500039081,0,7,0,4.0,2.0,4.0,23.0,B01
201500039081,0,10,0,0.0,2.0,1.0,1.0,A01
201500039082,0,7,0,0.0,2.0,1.0,15.0,A01
201500039082,0,1,0,0.0,2.0,9.0,1.0,B01
201500039083,0,30,0,0.0,0.0,0.0,16.0,A01
201500039084,0,7,0,0.0,2.0,4.0,1.0,C01
201500039084,0,7,0,0.0,2.0,1.0,1.0,A01
201500039084,0,7,0,0.0,2.0,1.0,1.0,B01
201500039085,0,34,0,0.0,0.0,8.0,1.0,A01
201500039086,0,7,0,0.0,2.0,3.0,15.0,B01
201500039086,0,33,0,0.0,2.0,8.0,1.0,A01
201500039087,0,7,0,0.0,2.0,5.0,10.0,A01
201500039087,0,31,0,0.0,2.0,1.0,1.0,B01
201500039088,0,34,0,0.0,2.0,1.0,0.0,A01
201500039088,0,32,0,0.0,2.0,4.0,1.0,B01
201500039089,0,7,0,0.0,1.0,1.0,15.0,A01
201500039090,0,33,0,0.0,9.0,9.0,1.0,A01
201500039091,0,7,0,0.0,2.0,2.0,15.0,A01
201500039091,0,2,0,0.0,2.0,1.0,1.0,B01
201500039092,2,31,0,1.0,0.0,1.0,2.0,A01
201500039092,0,7,0,0.0,2.0,4.0,23.0,B01
201500039093,0,10,0,0.0,1.0,1.0,15.0,A01
201500039094,0,7,0,0.0,2.0,3.0,0.0,B01
201500039094,0,30,0,0.0,2.0,1.0,0.0,A01
201500039095,0,7,0,0.0,2.0,3.0,15.0,B01
201500039095,0,32,0,0.0,2.0,2.0,1.0,A01
201500039096,0,7,0,0.0,2.0,1.0,1.0,A01
201500039096,0,7,0,0.0,2.0,4.0,1.0,B01
201500039097,0,10,0,0.0,1.0,4.0,4.0,A01
201500039098,0,10,0,0.0,2.0,4.0,4.0,A01
201500039098,0,30,0,0.0,2.0,1.0,1.0,B01
201500039099,0,7,0,8.0,0.0,1.0,1.0,A01
201500039100,0,34,0,0.0,1.0,1.0,1.0,A01
201500039101,0,7,0,6.0,1.0,1.0,1.0,A01
201500039102,0,1,0,0.0,2.0,4.0,1.0,B01
201500039102,1,7,0,0.0,2.0,1.0,9.0,Z01
201500039103,0,7,0,0.0,2.0,1.0,1.0,A01
201500039103,0,1,0,0.0,2.0,8.0,15.0,B01
201500039104,0,30,0,0.0,1.0,1.0,1.0,A01
201500039105,0,7,0,0.0,2.0,3.0,9.0,B01
201500039105,0,31,0,0.0,2.0,2.0,1.0,A01
201500039106,0,7,0,0.0,2.0,8.0,16.0,B01
201500039106,0,15,0,0.0,2.0,7.0,16.0,A01
201500039107,0,7,0,0.0,2.0,1.0,9.0,A01
201500039107,0,7,0,0.0,2.0,3.0,1.0,B01
201500039108,0,7,0,0.0,2.0,8.0,17.0,A01
201500039108,0,7,0,0.0,2.0,6.0,1.0,B01
201500039109,0,37,1,0.0,1.0,7.0,9.0,A01
201500039110,0,30,0,0.0,0.0,7.0,1.0,A01
201500039111,0,7,0,6.0,0.0,1.0,1.0,A01
201500039112,0,30,0,12.0,0.0,1.0,1.0,A01
201500039113,0,33,0,0.0,2.0,1.0,1.0,A01
201500039113,0,7,0,0.0,2.0,3.0,15.0,B01
201500039114,0,1,0,0.0,2.0,1.0,19.0,A01
201500039114,0,7,0,0.0,2.0,7.0,1.0,B01
201500039115,0,7,0,0.0,1.0,3.0,0.0,A01