Num_Acc,senc,catv,occutc,obs,obsm,choc,manv,num_veh
201500039116,0,7,0,0.0,2.0,2.0,1.0,A01
201500039116,0,32,0,0.0,2.0,3.0,9.0,B01
201500039117,0,7,0,0.0,1.0,3.0,1.0,A01
201500039118,0,30,0,0.0,2.0,8.0,19.0,A01
201500039118,0,32,0,0.0,2.0,1.0,1.0,B01
201500039119,1,7,0,0.0,0.0,,,Z01
201500039119,0,30,0,0.0,2.0,1.0,1.0,A01
201500039120,0,7,0,0.0,2.0,4.0,1.0,B01
201500039120,0,2,0,0.0,2.0,1.0,1.0,A01
201500039121,0,7,0,0.0,2.0,7.0,1.0,A01
201500039121,0,14,0,0.0,2.0,4.0,4.0,B01
201500039122,0,7,0,0.0,2.0,8.0,9.0,B01
201500039122,0,30,0,0.0,2.0,1.0,1.0,A01
201500039123,0,7,0,0.0,2.0,1.0,1.0,A01
201500039123,0,7,0,0.0,2.0,3.0,15.0,B01
201500039124,0,33,0,0.0,2.0,1.0,1.0,A01
201500039124,0,7,0,0.0,2.0,7.0,15.0,B01
201500039125,0,7,0,0.0,1.0,2.0,1.0,A01
201500039126,0,1,0,0.0,0.0,8.0,0.0,A01
201500039127,0,7,0,0.0,1.0,2.0,1.0,A01
201500039128,0,33,0,0.0,0.0,7.0,1.0,A01
201500039129,0,7,0,0.0,2.0,4.0,1.0,B01
201500039129,0,7,0,0.0,2.0,1.0,1.0,A01
201500039130,0,7,0,0.0,2.0,3.0,16.0,B01
201500039130,0,34,0,0.0,2.0,1.0,1.0,A01
201500039131,0,7,0,0.0,2.0,1.0,16.0,A01
201500039131,0,7,0,1.0,2.0,7.0,1.0,B01
201500039132,0,7,0,0.0,2.0,7.0,15.0,B01
201500039132,0,7,0,0.0,2.0,3.0,24.0,C01
201500039132,0,33,0,1.0,2.0,1.0,1.0,A01
201500039133,0,7,0,0.0,2.0,3.0,1.0,A01
201500039133,0,7,0,0.0,2.0,5.0,9.0,B01
201500039134,0,7,0,1.0,2.0,3.0,1.0,A01
201500039134,0,7,0,0.0,2.0,7.0,24.0,C01
201500039134,0,7,0,0.0,2.0,8.0,1.0,B01
201500039135,0,30,0,0.0,2.0,1.0,1.0,A01
201500039135,0,7,0,0.0,2.0,8.0,10.0,B01
201500039136,0,33,0,0.0,0.0,8.0,1.0,A01
201500039137,0,30,0,0.0,2.0,1.0,1.0,B01
201500039137,0,7,0,0.0,2.0,1.0,10.0,A01
201500039138,0,7,0,0.0,2.0,3.0,15.0,B01
201500039138,0,7,0,6.0,2.0,1.0,17.0,A01
201500039139,0,32,0,0.0,2.0,1.0,1.0,A01
201500039139,0,7,0,0.0,2.0,6.0,1.0,B01
201500039140,0,32,0,14.0,0.0,1.0,1.0,A01
201500039141,0,7,0,0.0,2.0,1.0,1.0,B01
201500039141,0,1,0,0.0,2.0,1.0,1.0,A01
201500039142,0,7,0,0.0,2.0,3.0,1.0,A01
201500039142,0,30,0,0.0,2.0,7.0,1.0,B01
201500039143,0,33,0,0.0,2.0,1.0,0.0,B01
201500039143,0,99,0,0.0,9.0,2.0,0.0,A01
201500039144,0,32,0,0.0,0.0,8.0,1.0,A01
201500039145,0,30,0,0.0,2.0,2.0,17.0,B01
201500039145,0,7,0,0.0,2.0,8.0,13.0,A01
201500039146,0,7,0,15.0,0.0,1.0,1.0,A01
201500039147,0,7,0,0.0,2.0,3.0,15.0,A01
201500039147,0,30,0,0.0,2.0,7.0,1.0,B01
201500039148,0,10,0,2.0,0.0,1.0,1.0,A01
201500039149,0,7,0,0.0,2.0,1.0,2.0,A01
201500039149,0,7,0,0.0,2.0,4.0,2.0,B01
201500039150,0,1,0,0.0,0.0,0.0,1.0,A01
201500039151,0,7,0,0.0,0.0,8.0,1.0,B01
201500039151,0,7,0,0.0,2.0,3.0,1.0,A01
201500039152,0,7,0,0.0,9.0,1.0,1.0,B01
201500039152,0,1,0,0.0,2.0,4.0,1.0,A01
201500039153,0,7,0,0.0,1.0,6.0,1.0,A01
201500039154,0,30,0,0.0,1.0,1.0,1.0,A01
201500039155,0,7,0,1.0,0.0,1.0,1.0,A01
201500039156,0,10,0,0.0,1.0,8.0,1.0,A01
201500039157,0,30,0,0.0,2.0,1.0,15.0,B01
201500039157,0,7,0,0.0,2.0,2.0,15.0,A01
201500039158,0,7,0,0.0,2.0,3.0,15.0,A01
201500039158,0,1,0,0.0,2.0,1.0,1.0,B01
201500039159,0,33,0,0.0,2.0,7.0,17.0,A01
201500039159,0,7,0,0.0,2.0,8.0,15.0,B01
201500039160,0,30,0,0.0,2.0,1.0,2.0,A01
201500039160,0,38,1,0.0,2.0,4.0,2.0,B01
201500039161,0,7,0,0.0,1.0,2.0,1.0,A01
201500039162,0,7,0,0.0,1.0,2.0,1.0,A01
201500039163,0,10,0,0.0,1.0,7.0,1.0,A01
201500039164,0,7,0,0.0,1.0,1.0,15.0,A01
201500039165,0,30,0,0.0,2.0,1.0,18.0,A01
201500039165,0,7,0,0.0,2.0,7.0,15.0,B01
201500039166,0,31,0,0.0,0.0,8.0,1.0,A01
201500039167,0,7,0,0.0,2.0,1.0,0.0,A01
201500039167,0,1,0,0.0,2.0,1.0,1.0,B01
201500039168,0,7,0,0.0,1.0,0.0,1.0,A01
201500039169,0,7,0,0.0,1.0,8.0,1.0,A01
201500039170,0,7,0,0.0,2.0,8.0,20.0,B01
201500039170,0,30,0,1.0,2.0,7.0,17.0,A01
201500039171,0,7,0,0.0,1.0,7.0,1.0,A01
201500039172,0,7,0,0.0,0.0,0.0,15.0,A01
201500039172,0,1,0,0.0,0.0,0.0,1.0,B01
201500039173,0,31,0,0.0,1.0,1.0,1.0,A01
201500039174,0,7,0,0.0,2.0,4.0,23.0,C01
201500039174,0,10,0,0.0,2.0,4.0,23.0,D01
201500039174,0,7,0,0.0,2.0,1.0,2.0,A01
201500039174,0,7,0,0.0,2.0,4.0,23.0,B01
201500039175,0,30,0,0.0,2.0,8.0,2.0,A01
201500039175,0,7,0,0.0,2.0,2.0,2.0,B01
201500039176,0,7,0,0.0,2.0,2.0,15.0,A01
201500039176,0,32,0,0.0,2.0,1.0,1.0,B01
201500039177,0,7,0,0.0,1.0,1.0,1.0,A01
201500039178,0,7,0,0.0,2.0,4.0,1.0,C01
201500039178,0,7,0,0.0,2.0,1.0,1.0,B01
201500039178,0,20,0,1.0,2.0,7.0,1.0,A01
201500039179,0,32,0,0.0,2.0,7.0,15.0,B01
201500039179,0,10,0,0.0,2.0,1.0,1.0,A01
201500039180,0,14,0,0.0,2.0,8.0,1.0,B01
201500039180,0,31,0,0.0,2.0,8.0,1.0,A01
201500039181,0,7,0,0.0,2.0,3.0,1.0,B01
201500039181,0,33,0,0.0,2.0,2.0,1.0,A01
201500039182,0,7,0,0.0,1.0,5.0,15.0,B01
201500039182,0,32,0,0.0,2.0,1.0,1.0,A01
201500039183,0,7,0,0.0,1.0,1.0,1.0,A01
201500039184,0,7,0,0.0,2.0,4.0,2.0,A01
201500039184,0,7,0,0.0,2.0,1.0,2.0,B01
201500039184,0,7,0,0.0,2.0,1.0,2.0,C01
201500039185,0,7,0,0.0,1.0,1.0,1.0,A01
201500039186,0,7,0,0.0,1.0,1.0,15.0,A01
201500039187,0,7,0,0.0,1.0,0.0,16.0,A01
201500039188,0,7,0,0.0,1.0,1.0,13.0,A01
201500039189,0,7,0,0.0,2.0,8.0,1.0,C01
201500039189,0,32,0,0.0,2.0,1.0,17.0,A01
201500039189,0,33,0,0.0,2.0,1.0,1.0,B01
201500039190,0,7,0,0.0,2.0,1.0,2.0,A01
201500039190,0,7,0,0.0,2.0,4.0,2.0,B01
201500039191,0,34,0,0.0,2.0,1.0,1.0,B01
201500039191,0,7,0,0.0,2.0,8.0,15.0,A01
201500039192,0,7,0,0.0,1.0,1.0,0.0,A01
201500039193,0,7,0,8.0,0.0,1.0,20.0,A01
201500039194,0,33,0,0.0,2.0,7.0,17.0,B01
201500039194,0,7,0,0.0,2.0,8.0,13.0,A01
201500039195,0,7,0,0.0,1.0,7.0,0.0,A01
201500039196,0,31,0,0.0,2.0,1.0,1.0,A01
201500039197,0,7,0,0.0,1.0,1.0,1.0,A01
201500039198,0,30,0,1.0,2.0,1.0,1.0,B01
201500039198,0,7,0,0.0,2.0,1.0,9.0,A01
201500039199,0,31,0,15.0,0.0,1.0,1.0,A01
201500039200,0,7,0,2.0,0.0,3.0,13.0,A01
201500039201,0,7,0,0.0,2.0,3.0,15.0,B01
201500039201,0,32,0,0.0,2.0,1.0,17.0,A01
201500039202,0,7,0,0.0,2.0,2.0,15.0,A01
201500039202,0,33,0,0.0,2.0,1.0,1.0,B01
201500039203,0,30,0,0.0,2.0,1.0,1.0,A01
201500039203,0,7,0,0.0,2.0,8.0,15.0,B01
201500039204,0,7,0,0.0,2.0,2.0,15.0,A01
201500039204,0,32,0,0.0,2.0,1.0,1.0,B01
201500039205,0,7,0,0.0,2.0,7.0,1.0,A01
201500039205,0,10,0,0.0,2.0,1.0,1.0,B01
201500039206,0,30,0,0.0,2.0,5.0,17.0,A01
201500039206,0,13,0,0.0,2.0,3.0,15.0,B01
201500039207,0,33,0,0.0,2.0,1.0,1.0,A01
201500039207,0,7,0,0.0,2.0,5.0,4.0,B01
201500039208,0,30,0,0.0,2.0,8.0,17.0,A01
201500039208,0,7,0,0.0,2.0,8.0,15.0,B01
201500039209,0,13,0,0.0,2.0,3.0,1.0,B01
201500039209,0,32,0,0.0,2.0,1.0,16.0,A01
201500039210,0,30,0,1.0,0.0,1.0,1.0,A01
201500039211,0,33,0,0.0,2.0,1.0,1.0,A01
201500039211,0,37,1,0.0,2.0,6.0,23.0,B01
201500039212,0,30,0,0.0,2.0,1.0,17.0,B01
201500039212,0,7,0,0.0,2.0,3.0,9.0,A01
201500039213,0,13,0,0.0,2.0,2.0,9.0,A01
201500039213,0,34,0,0.0,2.0,1.0,1.0,B01
201500039214,0,32,0,0.0,2.0,7.0,17.0,A01
201500039214,0,7,0,0.0,2.0,8.0,15.0,B01
201500039215,0,7,0,0.0,2.0,1.0,2.0,A01
201500039215,0,7,0,0.0,2.0,4.0,2.0,B01
201500039216,0,10,0,0.0,2.0,7.0,2.0,A01
201500039216,0,32,0,0.0,2.0,8.0,2.0,B01
201500039217,0,7,0,0.0,2.0,8.0,15.0,B01
201500039217,0,34,0,0.0,2.0,1.0,17.0,A01
201500039218,0,30,0,0.0,2.0,1.0,0.0,A01
201500039218,0,7,0,0.0,2.0,4.0,0.0,B01
201500039219,1,7,0,0.0,1.0,1.0,15.0,A01
201500039220,0,7,0,0.0,1.0,0.0,15.0,A01
201500039221,0,7,0,0.0,1.0,8.0,15.0,A01
201500039222,0,31,0,0.0,1.0,7.0,2.0,A01
201500039223,0,2,0,0.0,2.0,7.0,2.0,A01
201500039223,0,7,0,0.0,2.0,6.0,2.0,B01
201500039224,0,7,0,0.0,1.0,4.0,4.0,A01
201500039225,0,7,0,0.0,2.0,8.0,10.0,A01
201500039225,0,32,0,0.0,2.0,1.0,1.0,B01
201500039226,0,7,0,0.0,0.0,2.0,1.0,A01
201500039227,0,30,0,0.0,9.0,1.0,15.0,A01
201500039227,0,1,0,0.0,2.0,1.0,1.0,B01
201500039228,0,1,0,0.0,0.0,8.0,15.0,A01
201500039229,0,37,1,0.0,1.0,1.0,1.0,A01
201500039230,0,7,0,0.0,2.0,2.0,15.0,B01
201500039230,0,34,0,0.0,2.0,1.0,1.0,A01
201500039231,0,7,0,0.0,2.0,1.0,2.0,A01
201500039231,0,7,0,0.0,2.0,4.0,23.0,B01
201500039232,0,31,0,0.0,0.0,0.0,1.0,A01
201500039233,0,33,0,0.0,2.0,7.0,3.0,A01
201500039233,0,7,0,0.0,2.0,8.0,1.0,B01
201500039233,0,7,0,0.0,2.0,8.0,1.0,C01
201500039234,0,30,0,0.0,2.0,1.0,1.0,B01
201500039234,0,7,0,0.0,2.0,2.0,1.0,A01
201500039235,0,33,0,0.0,2.0,1.0,17.0,B01
201500039235,0,7,0,0.0,2.0,3.0,15.0,A01
201500039236,0,7,0,0.0,1.0,0.0,1.0,A01
201500039237,0,7,0,0.0,2.0,1.0,1.0,B01
201500039237,0,30,0,0.0,2.0,1.0,5.0,A01
201500039238,0,7,0,0.0,2.0,1.0,19.0,A01
201500039238,0,33,0,0.0,2.0,1.0,2.0,C01
201500039238,0,7,0,0.0,2.0,1.0,1.0,B01
201500039239,0,7,0,8.0,0.0,1.0,1.0,A01
201500039240,0,7,0,0.0,2.0,8.0,15.0,A01
201500039240,0,7,0,0.0,2.0,1.0,1.0,B01
201500039241,0,7,0,0.0,9.0,4.0,1.0,B01
201500039241,0,1,0,0.0,2.0,1.0,1.0,A01
201500039242,0,7,0,0.0,1.0,0.0,1.0,A01
201500039243,0,7,0,0.0,1.0,0.0,1.0,A01
201500039244,1,30,0,0.0,1.0,0.0,0.0,X01
201500039245,0,30,0,0.0,2.0,4.0,2.0,B01
201500039245,0,7,0,0.0,2.0,1.0,2.0,A01
201500039246,0,30,0,0.0,0.0,8.0,17.0,A01
201500039246,0,7,0,0.0,0.0,0.0,13.0,B01
201500039247,0,10,0,1.0,0.0,2.0,1.0,A01
201500039247,0,7,0,1.0,0.0,1.0,24.0,B01
201500039248,0,7,0,0.0,2.0,8.0,10.0,A01
201500039248,0,33,0,0.0,2.0,1.0,2.0,B01
201500039249,0,7,0,14.0,0.0,3.0,1.0,A01
201500039250,0,7,0,0.0,2.0,3.0,15.0,A01
201500039250,0,30,0,0.0,2.0,1.0,1.0,B01
201500039251,0,7,0,0.0,2.0,4.0,2.0,D01
201500039251,0,7,0,0.0,2.0,4.0,2.0,B01
201500039251,0,7,0,0.0,2.0,1.0,2.0,A01
201500039251,0,7,0,0.0,2.0,4.0,2.0,C01
201500039252,0,7,0,0.0,2.0,3.0,9.0,A01
201500039252,0,30,0,0.0,2.0,1.0,1.0,B01
201500039253,0,30,0,0.0,0.0,3.0,1.0,A01
201500039254,0,7,0,3.0,0.0,3.0,1.0,A01
201500039255,0,30,0,0.0,2.0,1.0,0.0,A01
201500039255,0,10,0,0.0,2.0,6.0,23.0,B01
201500039256,0,99,0,11.0,0.0,1.0,1.0,A01
201500039257,0,7,0,3.0,0.0,1.0,1.0,A01
201500039258,0,30,0,12.0,0.0,7.0,1.0,A01
201500039259,0,7,0,0.0,2.0,3.0,23.0,B01
201500039259,0,7,0,11.0,2.0,3.0,1.0,A01
201500039260,0,7,0,0.0,2.0,1.0,1.0,A01
201500039260,0,1,0,0.0,2.0,4.0,1.0,B01
201500039261,0,7,0,0.0,2.0,3.0,0.0,A01
201500039261,0,7,0,0.0,2.0,5.0,1.0,B01
201500039262,0,7,0,0.0,1.0,1.0,15.0,A01
201500039263,0,7,0,0.0,2.0,4.0,23.0,B01
201500039263,0,7,0,0.0,2.0,1.0,2.0,A01
201500039264,0,7,0,0.0,1.0,2.0,1.0,A01
201500039265,0,7,0,0.0,2.0,8.0,1.0,B01
201500039265,0,32,0,0.0,2.0,7.0,13.0,A01
201500039266,0,7,0,0.0,2.0,1.0,2.0,A01
201500039266,0,7,0,0.0,2.0,4.0,2.0,B01
201500039267,0,10,0,0.0,2.0,1.0,1.0,B01
201500039267,0,31,0,0.0,2.0,4.0,1.0,A01
201500039268,0,7,0,0.0,1.0,2.0,1.0,A01
201500039269,0,7,0,0.0,2.0,3.0,13.0,A01
201500039269,0,30,0,0.0,2.0,0.0,13.0,B01
201500039270,0,7,0,0.0,2.0,1.0,2.0,A01
201500039270,0,7,0,0.0,2.0,4.0,2.0,B01
201500039271,0,7,0,0.0,1.0,1.0,1.0,A01
201500039272,0,33,0,0.0,2.0,1.0,1.0,B01
201500039272,0,7,0,0.0,2.0,3.0,10.0,A01
201500039273,0,1,0,0.0,0.0,0.0,1.0,A01
201500039274,0,7,0,0.0,2.0,5.0,15.0,A01
201500039274,0,31,0,0.0,2.0,1.0,1.0,B01
201500039275,0,31,0,0.0,2.0,1.0,17.0,B01
201500039275,0,7,0,0.0,2.0,3.0,15.0,A01
201500039276,0,2,0,0.0,9.0,7.0,16.0,A01
201500039277,0,15,0,0.0,2.0,4.0,23.0,B01
201500039277,0,7,0,1.0,0.0,4.0,1.0,A01
201500039278,0,31,0,0.0,2.0,8.0,1.0,B01
201500039278,0,7,0,0.0,2.0,5.0,3.0,A01
201500039279,0,31,0,0.0,2.0,1.0,1.0,B01
201500039279,0,7,0,0.0,2.0,2.0,15.0,A01
201500039280,0,7,0,0.0,2.0,4.0,1.0,B01
201500039280,0,7,0,0.0,2.0,4.0,1.0,C01
201500039280,0,7,0,0.0,2.0,1.0,1.0,A01
201500039281,0,31,0,0.0,2.0,1.0,1.0,B01
201500039281,0,7,0,0.0,2.0,8.0,10.0,A01
201500039282,0,10,0,0.0,1.0,1.0,16.0,A01
201500039283,0,7,0,0.0,2.0,1.0,1.0,C01
201500039283,0,31,0,0.0,2.0,1.0,1.0,A01
201500039283,0,7,0,0.0,2.0,3.0,15.0,B01
201500039284,0,10,0,0.0,2.0,3.0,1.0,B01
201500039284,0,32,0,0.0,2.0,1.0,17.0,A01
201500039285,0,30,0,0.0,2.0,1.0,13.0,B01
201500039285,0,10,0,0.0,2.0,6.0,10.0,A01
201500039286,0,10,0,0.0,2.0,1.0,2.0,A01
201500039286,0,33,0,0.0,2.0,4.0,23.0,B01
201500039287,0,7,0,6.0,0.0,1.0,1.0,A01
201500039288,0,7,0,0.0,2.0,3.0,15.0,B01
201500039288,0,33,0,0.0,2.0,7.0,17.0,A01
201500039289,0,7,0,0.0,2.0,3.0,15.0,A01
201500039289,0,30,0,0.0,2.0,8.0,17.0,B01
201500039290,0,33,0,0.0,2.0,8.0,2.0,B01
201500039290,0,7,0,0.0,2.0,1.0,15.0,A01
201500039291,0,7,0,0.0,0.0,1.0,2.0,A01
201500039292,0,10,0,0.0,1.0,3.0,1.0,A01
201500039293,0,7,0,0.0,1.0,1.0,16.0,A01
201500039294,0,31,0,0.0,1.0,2.0,21.0,A01
201500039295,0,7,0,0.0,2.0,1.0,1.0,C01
201500039295,0,7,0,0.0,2.0,7.0,15.0,A01
201500039295,0,31,0,0.0,2.0,1.0,1.0,B01
201500039296,0,33,0,0.0,2.0,1.0,1.0,B01
201500039296,0,7,0,0.0,2.0,3.0,15.0,A01
201500039297,0,7,0,6.0,0.0,1.0,1.0,A01
201500039298,0,7,0,0.0,2.0,1.0,1.0,A01
201500039298,0,7,0,0.0,2.0,8.0,2.0,C01
201500039298,0,7,0,0.0,2.0,8.0,1.0,B01
201500039299,0,7,0,0.0,2.0,2.0,2.0,A01
201500039299,0,31,0,0.0,2.0,8.0,2.0,B01
201500039300,0,33,0,0.0,2.0,6.0,2.0,A01
201500039300,0,7,0,0.0,2.0,1.0,2.0,B01
201500039301,0,7,0,0.0,2.0,1.0,2.0,A01
201500039301,0,7,0,0.0,2.0,4.0,2.0,B01
201500039302,0,2,0,0.0,2.0,7.0,2.0,A01
201500039303,0,34,0,0.0,2.0,1.0,15.0,A01
201500039303,0,7,0,0.0,2.0,6.0,15.0,B01
201500039304,0,7,0,0.0,2.0,4.0,4.0,A01
201500039304,0,30,0,0.0,2.0,8.0,2.0,B01
201500039305,0,30,0,14.0,0.0,8.0,1.0,A01
201500039306,0,30,0,12.0,0.0,7.0,0.0,A01
201500039307,0,7,0,0.0,2.0,1.0,2.0,D01
201500039307,0,7,0,0.0,2.0,4.0,2.0,C01
201500039307,0,7,0,0.0,2.0,6.0,2.0,B01
201500039307,0,7,0,0.0,0.0,8.0,17.0,A01
201500039308,0,7,0,4.0,0.0,0.0,1.0,A01
201500039309,0,14,0,0.0,2.0,4.0,23.0,B01
201500039309,0,7,0,1.0,0.0,1.0,1.0,A01
201500039310,0,7,0,0.0,2.0,6.0,24.0,B01
201500039310,0,30,0,1.0,0.0,1.0,14.0,A01
201500039311,0,7,0,4.0,0.0,1.0,1.0,A01
201500039312,0,7,0,0.0,2.0,6.0,15.0,A01
201500039312,0,33,0,0.0,2.0,1.0,17.0,B01
201500039313,0,7,0,0.0,2.0,3.0,1.0,B01
201500039313,0,7,0,0.0,2.0,1.0,1.0,A01
201500039313,0,7,0,0.0,2.0,8.0,23.0,C01
201500039314,0,30,0,0.0,0.0,0.0,1.0,A01
201500039315,0,10,0,0.0,1.0,1.0,1.0,A01
201500039316,0,7,0,0.0,1.0,1.0,1.0,A01
201500039317,0,2,0,0.0,2.0,1.0,1.0,B01
201500039317,0,7,0,0.0,2.0,5.0,15.0,A01
201500039318,0,7,0,0.0,2.0,4.0,1.0,B01
201500039318,0,2,0,0.0,2.0,1.0,1.0,A01
201500039319,1,10,0,0.0,1.0,1.0,1.0,A01
201500039320,0,7,0,4.0,0.0,3.0,1.0,A01
201500039321,0,33,0,0.0,0.0,0.0,1.0,A01
201500039322,0,7,0,0.0,2.0,1.0,1.0,A01
201500039322,0,32,0,0.0,2.0,4.0,1.0,B01
201500039323,0,7,0,0.0,2.0,1.0,1.0,B01
201500039323,0,7,0,0.0,2.0,4.0,4.0,A01
201500039324,0,7,0,9.0,0.0,2.0,1.0,A01
201500039325,0,2,0,0.0,0.0,0.0,1.0,A01
201500039326,0,7,0,0.0,1.0,1.0,1.0,A01
201500039327,0,33,0,0.0,2.0,8.0,15.0,A01
201500039327,0,1,0,0.0,2.0,1.0,17.0,B01
201500039328,0,7,0,0.0,2.0,7.0,16.0,B01
201500039328,0,30,0,0.0,2.0,3.0,18.0,A01
201500039329,0,7,0,0.0,2.0,1.0,1.0,A01
201500039329,0,33,0,0.0,2.0,4.0,23.0,B01
201500039330,0,33,0,12.0,0.0,1.0,1.0,A01
201500039331,0,7,0,1.0,0.0,1.0,14.0,A01
201500039332,0,1,0,0.0,1.0,1.0,1.0,A01
201500039333,0,1,0,0.0,2.0,1.0,1.0,B01
201500039333,0,7,0,0.0,2.0,1.0,15.0,A01
201500039334,0,7,0,0.0,2.0,1.0,1.0,A01
201500039334,0,7,0,0.0,2.0,4.0,23.0,B01
201500039335,0,7,0,0.0,1.0,1.0,1.0,A01
201500039336,0,32,0,0.0,0.0,0.0,1.0,A01
201500039337,0,33,0,12.0,0.0,1.0,1.0,A01
201500039338,0,7,0,0.0,1.0,1.0,1.0,A01
201500039339,0,7,0,0.0,1.0,1.0,1.0,A01
201500039340,0,37,20,0.0,1.0,1.0,1.0,A01
201500039341,0,7,0,0.0,1.0,6.0,4.0,A01
201500039342,0,2,0,0.0,0.0,0.0,1.0,A01
201500039343,0,10,0,0.0,1.0,4.0,4.0,A01
201500039344,0,30,0,0.0,0.0,0.0,1.0,A01
201500039345,0,30,0,0.0,0.0,0.0,1.0,A01
201500039346,0,7,0,0.0,2.0,0.0,15.0,A01
201500039346,0,32,0,0.0,2.0,0.0,1.0,B01
201500039347,0,32,0,0.0,1.0,1.0,17.0,A01
201500039348,0,7,0,0.0,1.0,1.0,15.0,A01
201500039349,1,7,0,0.0,1.0,7.0,1.0,A01
201500039350,0,10,0,0.0,1.0,4.0,4.0,A01
201500039351,0,7,0,0.0,2.0,1.0,13.0,A01
201500039351,0,7,0,0.0,2.0,1.0,23.0,B01
201500039352,0,7,0,0.0,2.0,2.0,9.0,A01
201500039352,0,30,0,0.0,2.0,1.0,1.0,B01
201500039353,0,7,0,0.0,1.0,1.0,1.0,A01
201500039354,0,7,0,12.0,0.0,1.0,1.0,A01
201500039355,0,10,0,0.0,2.0,8.0,15.0,A01
201500039355,0,1,0,0.0,2.0,1.0,17.0,B01
201500039356,0,1,0,0.0,0.0,0.0,1.0,B01
201500039356,0,7,0,0.0,0.0,0.0,15.0,A01
201500039357,0,7,0,10.0,0.0,1.0,1.0,A01
201500039358,0,32,0,0.0,2.0,1.0,1.0,B01
201500039358,0,7,0,0.0,2.0,1.0,1.0,A01
201500039359,0,7,0,8.0,0.0,1.0,1.0,A01
201500039360,1,10,0,0.0,1.0,6.0,1.0,A01
201500039361,0,7,0,0.0,2.0,8.0,24.0,A01
201500039361,0,30,0,1.0,0.0,1.0,1.0,B01
201500039362,0,31,0,0.0,1.0,1.0,1.0,A01
201500039363,0,7,0,0.0,2.0,1.0,1.0,A01
201500039363,0,7,0,0.0,2.0,7.0,1.0,B01
201500039364,0,7,0,0.0,2.0,3.0,1.0,A01
201500039364,0,7,0,0.0,2.0,5.0,1.0,B01
201500039365,0,7,0,0.0,2.0,5.0,12.0,A01
201500039365,0,33,0,0.0,2.0,3.0,1.0,B01
201500039366,1,7,0,0.0,2.0,2.0,5.0,Z01
201500039366,0,30,0,0.0,2.0,1.0,0.0,A01
201500039367,0,7,0,0.0,2.0,3.0,9.0,B01
201500039367,0,10,0,1.0,2.0,2.0,1.0,A01
201500039368,0,7,0,0.0,2.0,3.0,11.0,A01
201500039368,0,34,0,0.0,2.0,7.0,17.0,B01
201500039369,0,10,0,0.0,1.0,1.0,16.0,A01
201500039370,0,7,0,0.0,2.0,3.0,9.0,B01
201500039370,0,34,0,0.0,2.0,1.0,17.0,A01
201500039371,0,31,0,0.0,0.0,0.0,21.0,A01
201500039372,0,30,0,0.0,2.0,8.0,9.0,A01
201500039372,0,7,0,0.0,2.0,1.0,1.0,B01
201500039373,0,7,0,0.0,1.0,4.0,4.0,A01
201500039374,0,7,0,0.0,1.0,1.0,15.0,A01
201500039375,0,7,0,0.0,1.0,1.0,1.0,A01
201500039376,0,7,0,0.0,2.0,7.0,15.0,B01
201500039376,0,7,0,0.0,2.0,1.0,1.0,A01
201500039377,0,7,0,0.0,2.0,2.0,1.0,A01
201500039377,0,30,0,0.0,2.0,8.0,16.0,B01
201500039378,0,1,0,0.0,1.0,1.0,2.0,A01
201500039379,0,7,0,0.0,2.0,1.0,1.0,A01
201500039379,0,33,0,0.0,2.0,6.0,16.0,B01
201500039380,0,7,0,8.0,2.0,1.0,7.0,A01
201500039380,0,34,0,0.0,2.0,8.0,16.0,B01
201500039381,0,7,0,0.0,2.0,1.0,1.0,B01
201500039381,0,7,0,0.0,2.0,8.0,15.0,A01
201500039382,0,30,0,0.0,0.0,7.0,16.0,A01
201500039383,0,2,0,0.0,1.0,8.0,0.0,A01
201500039384,0,32,0,0.0,2.0,1.0,17.0,A01
201500039384,0,1,0,0.0,0.0,0.0,15.0,B01
201500039385,0,31,0,0.0,0.0,0.0,0.0,A01
201500039386,0,7,0,0.0,2.0,2.0,15.0,A01
201500039386,0,33,0,0.0,2.0,1.0,21.0,B01
201500039387,0,34,0,0.0,2.0,1.0,2.0,A01
201500039387,0,10,0,0.0,2.0,4.0,2.0,B01
201500039388,0,7,0,0.0,2.0,6.0,10.0,A01
201500039388,0,30,0,0.0,2.0,1.0,17.0,B01
201500039389,1,10,0,0.0,1.0,1.0,1.0,Z01
201500039390,0,7,0,0.0,1.0,1.0,1.0,A01
201500039391,0,7,0,0.0,2.0,3.0,15.0,A01
201500039391,0,31,0,0.0,2.0,6.0,1.0,B01
201500039392,0,10,0,0.0,2.0,1.0,17.0,A01
201500039392,0,1,0,0.0,2.0,8.0,2.0,B01
201500039393,0,10,0,0.0,2.0,1.0,5.0,B01
201500039393,0,33,0,0.0,2.0,1.0,5.0,A01
201500039394,0,7,0,0.0,2.0,8.0,13.0,A01
201500039394,0,7,0,0.0,2.0,1.0,2.0,B01
201500039395,0,10,0,0.0,2.0,3.0,2.0,B01
201500039395,0,7,0,0.0,2.0,2.0,15.0,A01
201500039396,0,30,0,0.0,2.0,1.0,2.0,B01
201500039396,0,7,0,0.0,2.0,2.0,15.0,A01
201500039397,0,7,0,8.0,0.0,1.0,2.0,A01
201500039398,0,7,0,0.0,1.0,4.0,4.0,A01
201500039399,0,33,0,4.0,0.0,1.0,1.0,A01