Num_Acc,senc,catv,occutc,obs,obsm,choc,manv,num_veh
201500039400,0,7,0,0.0,2.0,4.0,2.0,D01
201500039400,0,7,0,0.0,2.0,1.0,2.0,A01
201500039400,0,7,0,0.0,2.0,4.0,2.0,C01
201500039400,0,7,0,0.0,2.0,4.0,2.0,B01
201500039401,0,33,0,0.0,2.0,1.0,2.0,B01
201500039401,0,10,0,0.0,2.0,2.0,15.0,A01
201500039402,0,1,0,0.0,2.0,4.0,2.0,B01
201500039402,0,7,0,0.0,2.0,1.0,2.0,A01
201500039403,0,7,0,0.0,2.0,8.0,2.0,B01
201500039403,0,30,0,0.0,2.0,1.0,19.0,A01
201500039404,0,1,0,0.0,2.0,4.0,0.0,B01
201500039404,1,7,0,0.0,2.0,8.0,5.0,Z01
201500039405,0,14,0,0.0,2.0,0.0,1.0,A01
201500039405,0,33,0,0.0,2.0,7.0,9.0,B01
201500039406,0,7,0,0.0,2.0,1.0,0.0,B01
201500039406,0,7,0,0.0,2.0,4.0,2.0,C01
201500039406,0,33,0,0.0,2.0,1.0,6.0,A01
201500039407,0,2,0,0.0,2.0,7.0,1.0,B01
201500039407,0,7,0,0.0,2.0,5.0,17.0,A01
201500039408,0,7,0,0.0,2.0,1.0,2.0,A01
201500039408,0,31,0,0.0,2.0,4.0,23.0,B01
201500039409,0,7,0,0.0,2.0,8.0,9.0,A01
201500039409,0,33,0,0.0,2.0,1.0,0.0,B01
201500039410,0,30,0,0.0,2.0,7.0,17.0,B01
201500039410,0,7,0,0.0,2.0,8.0,11.0,A01
201500039411,0,30,0,0.0,0.0,8.0,0.0,A01
201500039412,0,7,0,0.0,2.0,4.0,2.0,C01
201500039412,0,7,0,0.0,2.0,4.0,2.0,B01
201500039412,0,14,0,0.0,2.0,1.0,2.0,A01
201500039413,0,33,0,0.0,2.0,7.0,16.0,B01
201500039413,0,31,0,0.0,2.0,7.0,2.0,A01
201500039414,0,7,0,1.0,0.0,1.0,14.0,A01
201500039415,0,7,0,0.0,1.0,1.0,2.0,A01
201500039416,0,33,0,0.0,0.0,0.0,0.0,A01
201500039417,0,30,0,0.0,2.0,1.0,19.0,B01
201500039417,0,7,0,0.0,2.0,3.0,19.0,A01
201500039418,0,10,0,0.0,2.0,1.0,2.0,A01
201500039418,0,10,0,0.0,2.0,4.0,2.0,D01
201500039418,0,7,0,0.0,2.0,9.0,2.0,B01
201500039418,0,7,0,0.0,2.0,9.0,2.0,C01
201500039419,0,7,0,0.0,1.0,1.0,16.0,A01
201500039420,0,7,0,9.0,0.0,1.0,13.0,A01
201500039421,1,7,0,0.0,2.0,1.0,2.0,Z01
201500039421,0,31,0,0.0,2.0,7.0,15.0,B01
201500039422,0,7,0,0.0,9.0,2.0,0.0,A01
201500039422,0,1,0,0.0,0.0,3.0,0.0,B01
201500039423,0,2,0,0.0,2.0,1.0,2.0,A01
201500039423,0,7,0,0.0,2.0,6.0,15.0,B01
201500039424,0,7,0,0.0,1.0,2.0,0.0,A01
201500039425,0,32,0,0.0,0.0,8.0,0.0,A01
201500039426,0,7,0,0.0,2.0,1.0,1.0,A01
201500039426,0,7,0,0.0,2.0,4.0,2.0,B01
201500039427,0,7,0,0.0,2.0,8.0,24.0,A01
201500039427,0,1,0,1.0,0.0,7.0,3.0,B01
201500039428,0,7,0,0.0,1.0,4.0,4.0,A01
201500039429,0,32,0,0.0,2.0,1.0,2.0,A01
201500039429,0,7,0,0.0,2.0,4.0,1.0,B01
201500039430,0,7,0,0.0,1.0,3.0,15.0,A01
201500039431,0,33,0,0.0,2.0,7.0,17.0,A01
201500039431,0,7,0,0.0,2.0,8.0,15.0,B01
201500039432,0,1,0,0.0,2.0,0.0,19.0,B01
201500039432,0,7,0,0.0,9.0,3.0,15.0,A01
201500039433,0,7,0,0.0,1.0,1.0,15.0,A01
201500039434,0,7,0,0.0,2.0,1.0,1.0,A01
201500039434,0,7,0,0.0,2.0,3.0,1.0,B01
201500039435,0,7,0,0.0,2.0,1.0,13.0,A01
201500039435,0,7,0,0.0,2.0,1.0,5.0,C01
201500039435,0,7,0,0.0,2.0,4.0,2.0,B01
201500039436,0,7,0,0.0,2.0,2.0,1.0,A01
201500039436,0,30,0,0.0,2.0,3.0,1.0,B01
201500039437,0,7,0,0.0,2.0,7.0,1.0,B01
201500039437,0,33,0,0.0,2.0,1.0,3.0,A01
201500039437,0,14,0,0.0,2.0,8.0,1.0,C01
201500039437,0,10,0,0.0,2.0,2.0,1.0,D01
201500039438,0,1,0,0.0,2.0,1.0,1.0,B01
201500039438,0,7,0,0.0,9.0,3.0,0.0,A01
201500039439,0,33,0,0.0,2.0,1.0,2.0,B01
201500039439,0,7,0,0.0,2.0,4.0,14.0,A01
201500039440,0,33,0,0.0,0.0,7.0,1.0,A01
201500039441,0,7,0,0.0,2.0,0.0,0.0,A01
201500039441,0,33,0,0.0,2.0,0.0,0.0,B01
201500039442,0,7,0,0.0,2.0,3.0,1.0,A01
201500039442,0,7,0,0.0,2.0,2.0,11.0,B01
201500039443,0,33,0,0.0,2.0,1.0,1.0,B01
201500039443,0,7,0,0.0,2.0,1.0,15.0,A01
201500039444,0,7,0,1.0,1.0,1.0,1.0,A01
201500039445,0,32,0,0.0,2.0,2.0,1.0,A01
201500039445,1,7,0,0.0,2.0,8.0,15.0,Z01
201500039446,0,33,0,0.0,0.0,8.0,1.0,A01
201500039447,0,7,0,0.0,1.0,1.0,15.0,A01
201500039448,1,7,0,0.0,0.0,6.0,2.0,A01
201500039448,0,33,0,0.0,2.0,1.0,2.0,B01
201500039449,0,33,0,0.0,0.0,0.0,1.0,A01
201500039450,0,7,0,0.0,1.0,2.0,1.0,A01
201500039451,0,34,0,0.0,2.0,1.0,1.0,B01
201500039451,0,7,0,0.0,2.0,3.0,10.0,A01
201500039452,0,7,0,0.0,2.0,3.0,9.0,A01
201500039452,0,30,0,0.0,2.0,1.0,2.0,B01
201500039453,0,33,0,15.0,2.0,7.0,17.0,B01
201500039453,0,7,0,0.0,2.0,3.0,15.0,A01
201500039454,0,1,0,0.0,0.0,0.0,1.0,B01
201500039454,0,7,0,0.0,2.0,4.0,1.0,A01
201500039455,0,7,0,0.0,0.0,3.0,13.0,A01
201500039455,0,31,0,0.0,2.0,2.0,2.0,B01
201500039456,0,10,0,0.0,1.0,1.0,15.0,A01
201500039457,0,2,0,1.0,0.0,2.0,0.0,A01
201500039458,0,7,0,1.0,0.0,1.0,2.0,A01
201500039459,0,30,0,0.0,2.0,3.0,10.0,A01
201500039459,0,30,0,0.0,2.0,1.0,2.0,B01
201500039460,0,7,0,0.0,1.0,1.0,2.0,A01
201500039461,0,7,0,15.0,0.0,3.0,16.0,A01
201500039462,0,7,0,0.0,1.0,2.0,2.0,A01
201500039463,0,37,1,0.0,2.0,1.0,1.0,B01
201500039463,0,7,0,0.0,2.0,2.0,19.0,A01
201500039464,0,31,0,0.0,2.0,7.0,1.0,B01
201500039464,0,7,0,0.0,2.0,3.0,10.0,A01
201500039465,0,31,0,0.0,1.0,1.0,1.0,A01
201500039466,0,31,0,0.0,1.0,2.0,1.0,A01
201500039467,0,1,0,0.0,0.0,4.0,1.0,B01
201500039467,0,10,0,0.0,2.0,1.0,1.0,A01
201500039468,0,2,0,0.0,2.0,1.0,17.0,A01
201500039468,0,7,0,0.0,2.0,4.0,1.0,B01
201500039469,0,2,0,0.0,0.0,1.0,1.0,A01
201500039470,0,7,0,0.0,2.0,4.0,1.0,B01
201500039470,0,7,0,0.0,2.0,1.0,1.0,A01
201500039471,0,7,0,0.0,1.0,2.0,13.0,A01
201500039472,0,31,0,0.0,0.0,0.0,0.0,A01
201500039472,1,7,0,0.0,0.0,0.0,0.0,B01
201500039473,0,7,0,0.0,1.0,1.0,1.0,A01
201500039474,0,7,0,0.0,2.0,2.0,15.0,A01
201500039474,0,1,0,0.0,2.0,8.0,1.0,B01
201500039475,0,10,0,0.0,1.0,1.0,15.0,A01
201500039476,1,32,0,0.0,1.0,2.0,2.0,A01
201500039477,0,33,0,0.0,1.0,0.0,1.0,A01
201500039478,0,14,0,0.0,2.0,6.0,1.0,B01
201500039478,0,10,0,0.0,2.0,1.0,1.0,A01
201500039479,0,31,0,0.0,2.0,7.0,1.0,A01
201500039479,0,7,0,0.0,2.0,8.0,15.0,B01
201500039480,0,10,0,0.0,1.0,7.0,1.0,A01
201500039481,0,7,0,0.0,1.0,1.0,0.0,A01
201500039482,0,32,0,0.0,1.0,0.0,17.0,A01
201500039483,0,1,0,1.0,0.0,1.0,14.0,A01
201500039484,0,30,0,0.0,2.0,2.0,13.0,B01
201500039484,0,7,0,0.0,2.0,3.0,22.0,A01
201500039485,0,31,0,0.0,1.0,1.0,1.0,A01
201500039486,0,33,0,0.0,2.0,4.0,1.0,B01
201500039486,0,1,0,0.0,2.0,1.0,21.0,A01
201500039487,0,30,0,0.0,2.0,1.0,1.0,A01
201500039487,0,7,0,0.0,2.0,3.0,15.0,B01
201500039488,0,7,0,0.0,1.0,0.0,1.0,A01
201500039489,0,2,0,0.0,0.0,0.0,16.0,A01
201500039490,0,7,0,11.0,0.0,1.0,1.0,A01
201500039491,0,7,0,0.0,1.0,2.0,15.0,A01
201500039492,0,2,0,0.0,1.0,2.0,1.0,A01
201500039493,0,31,0,0.0,2.0,8.0,1.0,A01
201500039493,0,7,0,0.0,2.0,7.0,1.0,B01
201500039494,1,7,0,0.0,1.0,1.0,1.0,A01
201500039495,0,7,0,0.0,2.0,8.0,15.0,B01
201500039495,0,33,0,0.0,2.0,1.0,17.0,A01
201500039496,0,1,0,0.0,2.0,8.0,19.0,B01
201500039496,0,7,0,0.0,0.0,1.0,1.0,A01
201500039497,0,7,0,0.0,1.0,2.0,16.0,A01
201500039498,0,7,0,0.0,1.0,1.0,16.0,A01
201500039499,0,7,0,0.0,2.0,8.0,15.0,B01
201500039499,0,10,0,0.0,2.0,2.0,1.0,A01
201500039500,0,7,0,0.0,2.0,3.0,1.0,B01
201500039500,0,7,0,0.0,2.0,1.0,15.0,A01
201500039501,0,7,0,8.0,0.0,1.0,1.0,A01
201500039502,0,33,0,11.0,0.0,1.0,1.0,A01
201500039503,0,33,0,0.0,2.0,1.0,1.0,B01
201500039503,0,7,0,0.0,2.0,7.0,15.0,A01
201500039504,0,1,0,0.0,1.0,1.0,16.0,A01
201500039504,0,37,1,0.0,2.0,1.0,23.0,B01
201500039505,0,7,0,0.0,0.0,7.0,1.0,A01
201500039506,0,7,0,0.0,2.0,0.0,4.0,B01
201500039506,0,30,0,0.0,0.0,1.0,1.0,A01
201500039507,0,30,0,0.0,2.0,1.0,1.0,B01
201500039507,0,7,0,0.0,2.0,8.0,15.0,A01
201500039508,0,2,0,0.0,2.0,5.0,1.0,B01
201500039508,1,99,0,0.0,2.0,2.0,1.0,A01
201500039509,0,10,0,0.0,1.0,1.0,1.0,A01
201500039510,0,7,0,0.0,2.0,8.0,15.0,B01
201500039510,0,32,0,0.0,2.0,1.0,1.0,A01
201500039511,0,7,0,0.0,2.0,2.0,10.0,A01
201500039511,0,33,0,0.0,2.0,1.0,1.0,B01
201500039512,0,7,0,0.0,2.0,7.0,15.0,A01
201500039512,1,7,0,0.0,2.0,2.0,1.0,Z01
201500039513,0,7,0,0.0,1.0,1.0,15.0,A01
201500039514,0,7,0,8.0,0.0,1.0,1.0,A01
201500039515,0,7,0,0.0,2.0,4.0,1.0,B01
201500039515,0,7,0,0.0,2.0,1.0,1.0,A01
201500039516,0,7,0,0.0,2.0,1.0,1.0,A01
201500039516,0,31,0,0.0,2.0,4.0,23.0,B01
201500039517,0,7,0,0.0,1.0,1.0,1.0,A01
201500039518,0,7,0,0.0,2.0,3.0,1.0,B01
201500039518,0,7,0,0.0,2.0,6.0,17.0,A01
201500039519,0,33,0,0.0,1.0,1.0,1.0,A01
201500039520,0,7,0,8.0,0.0,1.0,1.0,A01
201500039521,0,7,0,0.0,1.0,4.0,1.0,B01
201500039521,0,7,0,0.0,2.0,1.0,1.0,A01
201500039522,0,7,0,0.0,2.0,8.0,1.0,B01
201500039522,0,7,0,0.0,1.0,4.0,22.0,A01
201500039523,0,34,0,0.0,1.0,1.0,1.0,A01
201500039524,0,7,0,0.0,2.0,6.0,23.0,B01
201500039524,0,30,0,1.0,0.0,1.0,1.0,A01
201500039525,0,7,0,0.0,1.0,1.0,1.0,A01
201500039526,0,34,0,0.0,2.0,1.0,1.0,B01
201500039526,0,7,0,0.0,2.0,6.0,10.0,A01
201500039527,0,33,0,0.0,2.0,1.0,1.0,B01
201500039527,0,7,0,0.0,2.0,2.0,15.0,A01
201500039528,0,7,0,2.0,0.0,1.0,14.0,A01
201500039529,0,7,0,0.0,2.0,7.0,19.0,A01
201500039529,0,7,0,0.0,2.0,1.0,1.0,B01
201500039530,1,7,0,0.0,1.0,0.0,0.0,A01
201500039531,0,7,0,0.0,1.0,1.0,0.0,A01
201500039532,2,32,0,0.0,1.0,1.0,0.0,A01
201500039533,0,3,0,0.0,2.0,2.0,15.0,B01
201500039533,1,7,0,0.0,2.0,1.0,16.0,A01
201500039534,0,32,0,0.0,2.0,1.0,1.0,A01
201500039534,0,7,0,0.0,2.0,2.0,15.0,B01
201500039535,0,7,0,0.0,0.0,4.0,2.0,A01
201500039535,0,7,0,0.0,2.0,1.0,2.0,B01
201500039535,0,7,0,0.0,2.0,1.0,2.0,C01
201500039536,0,1,0,0.0,1.0,0.0,1.0,A01
201500039537,0,7,0,0.0,2.0,2.0,1.0,B01
201500039537,0,7,0,0.0,2.0,2.0,15.0,A01
201500039538,0,7,0,0.0,1.0,2.0,1.0,A01
201500039539,0,14,0,0.0,2.0,1.0,2.0,A01
201500039539,0,10,0,0.0,2.0,4.0,2.0,C01
201500039539,0,10,0,0.0,2.0,2.0,2.0,B01
201500039540,0,32,0,9.0,0.0,0.0,0.0,A01
201500039541,0,33,0,0.0,0.0,8.0,0.0,A01
201500039542,0,7,0,0.0,2.0,4.0,2.0,B01
201500039542,0,7,0,0.0,0.0,0.0,10.0,A01
201500039542,0,7,0,0.0,2.0,1.0,2.0,D01
201500039542,0,7,0,0.0,2.0,1.0,2.0,C01
201500039543,0,32,0,0.0,2.0,1.0,15.0,A01
201500039543,0,33,0,0.0,2.0,1.0,2.0,B01
201500039544,0,7,0,0.0,2.0,1.0,15.0,A01
201500039544,0,7,0,0.0,2.0,2.0,1.0,B01
201500039545,0,7,0,0.0,2.0,7.0,15.0,A01
201500039545,0,33,0,0.0,2.0,1.0,1.0,B01
201500039546,0,33,0,0.0,2.0,2.0,1.0,B01
201500039546,0,7,0,0.0,2.0,8.0,15.0,A01
201500039547,0,7,0,0.0,2.0,2.0,0.0,B01
201500039547,1,32,0,0.0,2.0,1.0,0.0,A01
201500039548,0,7,0,0.0,2.0,1.0,1.0,B01
201500039548,0,7,0,0.0,2.0,2.0,15.0,A01
201500039549,0,14,0,0.0,2.0,1.0,12.0,A01
201500039549,0,7,0,0.0,2.0,6.0,16.0,B01
201500039550,0,7,0,0.0,2.0,1.0,9.0,A01
201500039550,0,33,0,0.0,2.0,7.0,2.0,B01
201500039551,0,7,0,0.0,1.0,2.0,0.0,A01
201500039552,0,7,0,0.0,2.0,3.0,1.0,B01
201500039552,0,7,0,0.0,2.0,2.0,15.0,A01
201500039553,0,7,0,0.0,0.0,1.0,2.0,A01
201500039553,0,7,0,0.0,0.0,4.0,23.0,B01
201500039554,0,30,0,0.0,1.0,1.0,14.0,A01
201500039555,0,32,0,0.0,2.0,1.0,15.0,B01
201500039555,0,37,10,0.0,2.0,2.0,1.0,A01
201500039556,0,10,0,0.0,1.0,1.0,1.0,A01
201500039557,0,7,0,0.0,1.0,2.0,1.0,A01
201500039558,0,7,0,0.0,2.0,3.0,1.0,B01
201500039558,0,1,0,0.0,2.0,1.0,1.0,A01
201500039559,0,7,0,0.0,1.0,3.0,9.0,A01
201500039560,0,7,0,0.0,1.0,1.0,2.0,A01
201500039561,1,10,0,0.0,9.0,3.0,2.0,A01
201500039561,0,33,0,0.0,2.0,2.0,2.0,B01
201500039562,0,7,0,0.0,2.0,4.0,23.0,B02
201500039562,0,7,0,0.0,2.0,1.0,2.0,A01
201500039563,0,16,0,11.0,0.0,1.0,1.0,A01
201500039564,0,33,0,0.0,2.0,2.0,1.0,B01
201500039564,0,7,0,0.0,2.0,1.0,1.0,A01
201500039565,0,10,0,0.0,2.0,6.0,1.0,B01
201500039565,0,32,0,0.0,2.0,1.0,1.0,A01
201500039566,0,2,0,0.0,0.0,7.0,2.0,A01
201500039567,0,34,0,0.0,0.0,0.0,2.0,A01
201500039568,0,7,0,0.0,2.0,4.0,23.0,C01
201500039568,0,7,0,0.0,2.0,4.0,23.0,B01
201500039568,0,7,0,0.0,2.0,4.0,2.0,E01
201500039568,0,7,0,0.0,2.0,4.0,23.0,D01
201500039568,0,10,0,0.0,2.0,1.0,2.0,A01
201500039569,0,33,0,0.0,2.0,1.0,21.0,B01
201500039569,0,7,0,0.0,2.0,5.0,23.0,A01
201500039570,0,2,0,0.0,2.0,8.0,12.0,B01
201500039570,1,7,0,0.0,2.0,7.0,13.0,A01
201500039571,0,32,0,0.0,9.0,7.0,2.0,A01
201500039572,0,33,0,0.0,2.0,2.0,1.0,A01
201500039572,0,7,0,0.0,2.0,1.0,1.0,B01
201500039573,0,32,0,0.0,0.0,8.0,1.0,B01
201500039573,0,7,0,0.0,0.0,0.0,1.0,A01
201500039574,0,30,0,0.0,1.0,4.0,1.0,A01
201500039575,0,7,0,0.0,2.0,5.0,1.0,A01
201500039575,0,7,0,0.0,2.0,2.0,1.0,B01
201500039576,0,7,0,0.0,0.0,0.0,5.0,A01
201500039576,0,33,0,8.0,0.0,1.0,14.0,B01
201500039577,0,14,0,1.0,0.0,6.0,0.0,A01
201500039577,0,34,0,1.0,0.0,1.0,21.0,B01
201500039578,0,33,0,0.0,1.0,1.0,2.0,A01
201500039579,0,33,0,0.0,2.0,7.0,1.0,C01
201500039579,0,32,0,0.0,2.0,1.0,2.0,B01
201500039579,0,7,0,0.0,2.0,3.0,1.0,A01
201500039580,0,37,10,0.0,2.0,7.0,20.0,A01
201500039580,0,37,10,0.0,2.0,8.0,1.0,B02
201500039581,0,37,1,0.0,2.0,7.0,9.0,A01
201500039581,0,37,0,0.0,2.0,8.0,19.0,B01
201500039582,0,7,0,0.0,2.0,4.0,23.0,C01
201500039582,0,7,0,0.0,2.0,1.0,1.0,A01
201500039582,0,7,0,0.0,2.0,4.0,23.0,B01
201500039583,0,7,0,0.0,2.0,7.0,11.0,A01
201500039583,0,32,0,0.0,2.0,0.0,3.0,B01
201500039584,0,33,0,0.0,1.0,1.0,1.0,A01
201500039585,0,10,0,0.0,2.0,1.0,2.0,A01
201500039585,0,7,0,0.0,2.0,4.0,0.0,B01
201500039586,0,13,0,1.0,2.0,1.0,1.0,A01
201500039586,0,7,0,0.0,2.0,4.0,1.0,B01
201500039587,1,7,0,0.0,1.0,0.0,1.0,Z01
201500039588,0,33,0,15.0,0.0,1.0,0.0,A01
201500039589,0,7,0,0.0,1.0,2.0,1.0,A01
201500039590,0,7,0,0.0,1.0,2.0,1.0,A01
201500039591,0,7,0,0.0,1.0,4.0,20.0,A01
201500039592,0,10,0,0.0,2.0,4.0,2.0,A01
201500039592,0,30,0,0.0,2.0,2.0,2.0,B01
201500039593,0,7,0,0.0,2.0,6.0,23.0,A01
201500039593,0,7,0,0.0,2.0,2.0,2.0,B01
201500039594,0,7,0,0.0,1.0,1.0,1.0,A01
201500039595,0,7,0,0.0,1.0,3.0,15.0,A01
201500039596,0,7,0,0.0,2.0,4.0,0.0,A01
201500039596,0,30,0,0.0,2.0,1.0,0.0,B01
201500039597,0,34,0,0.0,1.0,1.0,0.0,A01
201500039598,0,7,0,0.0,2.0,2.0,9.0,A01
201500039598,0,2,0,0.0,2.0,1.0,0.0,B01
201500039599,0,7,0,0.0,1.0,2.0,0.0,A01
201500039600,0,34,0,0.0,2.0,1.0,1.0,A01
201500039600,1,7,0,0.0,2.0,0.0,5.0,Z01
201500039601,0,7,0,0.0,1.0,7.0,2.0,A01
201500039602,0,7,0,0.0,2.0,1.0,10.0,A01
201500039602,0,7,0,0.0,2.0,6.0,1.0,B01
201500039603,0,7,0,0.0,1.0,0.0,4.0,A01
201500039604,0,7,0,0.0,1.0,2.0,1.0,A01
201500039605,0,7,0,0.0,2.0,4.0,1.0,A01
201500039605,0,30,0,0.0,2.0,1.0,1.0,B01
201500039606,0,7,0,6.0,0.0,1.0,0.0,A01
201500039607,0,7,0,0.0,0.0,4.0,0.0,A01
201500039607,1,7,0,0.0,2.0,1.0,1.0,Z01
201500039608,0,7,0,0.0,2.0,6.0,2.0,A01
201500039608,1,7,0,0.0,2.0,0.0,2.0,Z01
201500039609,0,7,0,0.0,1.0,3.0,0.0,A01
201500039610,0,99,0,0.0,2.0,4.0,2.0,A01
201500039610,0,99,0,0.0,2.0,1.0,2.0,B01
201500039611,0,30,0,0.0,2.0,1.0,0.0,A01
201500039611,0,7,0,0.0,2.0,0.0,0.0,B01
201500039612,0,7,0,0.0,2.0,2.0,1.0,A01
201500039612,1,7,0,0.0,2.0,0.0,0.0,B01
201500039613,0,7,0,0.0,1.0,2.0,1.0,A01
201500039614,0,7,0,0.0,1.0,1.0,1.0,A01
201500039615,0,10,0,0.0,2.0,1.0,2.0,A01
201500039615,0,7,0,0.0,2.0,4.0,2.0,B01
201500039616,0,7,0,0.0,2.0,2.0,10.0,A01
201500039616,0,32,0,0.0,2.0,1.0,1.0,B01
201500039617,0,7,0,0.0,1.0,3.0,1.0,A01
201500039618,0,7,0,0.0,2.0,1.0,2.0,A01
201500039618,0,7,0,0.0,2.0,4.0,2.0,B01
201500039619,0,3,0,1.0,0.0,1.0,1.0,A01
201500039619,0,7,0,0.0,2.0,5.0,1.0,B01
201500039619,0,7,0,0.0,2.0,1.0,1.0,C01
201500039620,0,30,0,0.0,1.0,1.0,1.0,A01
201500039621,0,33,0,0.0,2.0,1.0,0.0,A01
201500039622,0,7,0,0.0,1.0,7.0,1.0,A01
201500039623,1,7,0,0.0,1.0,1.0,1.0,Z01
201500039624,0,7,0,0.0,1.0,2.0,1.0,A01
201500039625,0,10,0,0.0,1.0,2.0,0.0,A01
201500039626,0,33,0,0.0,2.0,1.0,1.0,A01
201500039626,0,7,0,0.0,2.0,3.0,15.0,B01
201500039627,0,30,0,0.0,0.0,7.0,21.0,A01
201500039628,0,7,0,0.0,2.0,6.0,2.0,B01
201500039628,1,7,0,0.0,2.0,0.0,2.0,Z01
201500039629,0,7,0,1.0,2.0,3.0,9.0,A01
201500039629,0,7,0,0.0,2.0,1.0,1.0,B01
201500039630,0,7,0,0.0,2.0,2.0,1.0,B01
201500039630,1,7,0,0.0,0.0,0.0,1.0,Z01
201500039631,0,10,0,1.0,1.0,2.0,16.0,A01
201500039632,0,7,0,0.0,1.0,2.0,16.0,A01
201500039633,0,7,0,0.0,1.0,8.0,2.0,A01
201500039634,0,7,0,0.0,1.0,6.0,2.0,A01
201500039635,0,2,0,1.0,2.0,1.0,3.0,A01
201500039635,0,7,0,0.0,0.0,0.0,22.0,B01
201500039635,0,7,0,0.0,9.0,2.0,2.0,C01
201500039636,0,7,0,1.0,1.0,0.0,1.0,A01
201500039637,0,7,0,0.0,1.0,3.0,1.0,A01
201500039638,0,7,0,0.0,1.0,4.0,4.0,A01
201500039639,0,7,0,0.0,2.0,1.0,15.0,A01
201500039639,0,1,0,0.0,2.0,1.0,1.0,B01
201500039640,1,30,0,0.0,1.0,0.0,0.0,Z01
201500039641,1,15,0,0.0,1.0,3.0,0.0,Z01
201500039642,0,1,0,0.0,2.0,8.0,1.0,A01
201500039642,1,7,0,0.0,2.0,2.0,17.0,Z01
201500039643,0,10,0,0.0,2.0,2.0,9.0,A01
201500039643,0,34,0,0.0,2.0,2.0,17.0,B01
201500039644,0,34,0,0.0,1.0,1.0,1.0,A01
201500039645,0,7,0,0.0,2.0,5.0,1.0,A01
201500039645,0,1,0,0.0,2.0,8.0,15.0,B01
201500039646,0,7,0,0.0,1.0,6.0,20.0,A01
201500039647,0,7,0,0.0,2.0,3.0,0.0,A01
201500039647,0,33,0,0.0,2.0,1.0,0.0,B01
201500039648,0,7,0,0.0,2.0,1.0,2.0,A01
201500039648,0,7,0,0.0,2.0,1.0,2.0,B01
201500039648,0,7,0,0.0,2.0,4.0,2.0,C01
201500039649,0,7,0,0.0,2.0,5.0,10.0,A01
201500039649,0,33,0,0.0,2.0,1.0,1.0,B01
201500039650,0,33,0,0.0,2.0,1.0,1.0,A01
201500039650,0,7,0,0.0,2.0,2.0,15.0,B01
201500039651,0,10,0,0.0,1.0,3.0,1.0,A01
201500039652,0,2,0,1.0,0.0,1.0,5.0,A01
201500039653,0,10,0,0.0,2.0,1.0,2.0,A01
201500039653,0,7,0,0.0,2.0,4.0,2.0,B01
201500039653,0,14,0,0.0,2.0,4.0,2.0,C01
201500039654,0,2,0,0.0,2.0,5.0,2.0,A01
201500039654,0,7,0,0.0,2.0,5.0,2.0,B01
201500039655,0,34,0,1.0,2.0,1.0,18.0,A01
201500039655,0,7,0,0.0,2.0,7.0,20.0,B01
201500039656,0,7,0,0.0,1.0,1.0,1.0,A01
201500039657,0,7,0,0.0,2.0,5.0,4.0,A01
201500039657,0,30,0,0.0,2.0,1.0,2.0,B01
201500039658,0,7,0,0.0,2.0,1.0,2.0,A01
201500039658,0,7,0,0.0,2.0,4.0,2.0,B01
201500039659,0,33,0,0.0,2.0,1.0,1.0,B01
201500039659,0,30,0,0.0,2.0,8.0,19.0,A01
201500039660,0,7,0,0.0,1.0,1.0,1.0,A01
201500039661,2,34,0,0.0,2.0,1.0,0.0,A01
201500039661,0,7,0,0.0,2.0,6.0,1.0,B01
201500039662,2,7,0,0.0,2.0,1.0,19.0,A01
201500039662,0,7,0,0.0,2.0,3.0,1.0,B01
201500039663,0,15,0,0.0,1.0,2.0,2.0,A01
201500039664,0,7,0,0.0,2.0,3.0,10.0,A01
201500039664,0,33,0,0.0,2.0,1.0,1.0,B01
201500039665,0,7,0,0.0,2.0,4.0,20.0,A01
201500039665,1,2,0,0.0,2.0,1.0,0.0,B01
201500039666,0,34,0,0.0,1.0,3.0,3.0,A01
201500039667,0,30,0,0.0,2.0,1.0,17.0,A01
201500039667,0,7,0,0.0,2.0,8.0,1.0,B01
201500039668,2,7,0,1.0,0.0,1.0,0.0,A01
201500039668,0,7,0,9.0,0.0,3.0,0.0,B01
201500039669,0,30,0,0.0,2.0,7.0,1.0,B01
201500039669,1,7,0,0.0,2.0,0.0,4.0,Z01
201500039670,0,10,0,0.0,2.0,1.0,12.0,A01
201500039670,0,32,0,0.0,2.0,1.0,0.0,B01
201500039671,0,7,0,0.0,2.0,0.0,20.0,A01
201500039671,0,34,0,1.0,2.0,1.0,21.0,B01
201500039671,0,7,0,0.0,2.0,8.0,1.0,C01
201500039671,0,7,0,0.0,2.0,1.0,1.0,D01
201500039672,0,10,0,0.0,2.0,1.0,5.0,A01
201500039672,0,33,0,0.0,2.0,1.0,0.0,B01
201500039673,0,7,0,0.0,1.0,3.0,15.0,A01
201500039674,0,7,0,0.0,1.0,1.0,1.0,A01
201500039675,0,7,0,0.0,2.0,3.0,15.0,B01
201500039675,0,1,0,0.0,2.0,7.0,5.0,A01
201500039676,0,7,0,0.0,2.0,2.0,2.0,A01
201500039676,1,7,0,0.0,2.0,3.0,16.0,Z01
201500039677,0,32,0,0.0,2.0,5.0,21.0,A01
201500039677,0,7,0,0.0,2.0,5.0,2.0,B01
201500039678,0,30,0,0.0,1.0,1.0,0.0,A01
201500039679,0,37,0,0.0,1.0,2.0,0.0,B01
201500039680,0,7,0,9.0,0.0,2.0,0.0,A01