Num_Acc,senc,catv,occutc,obs,obsm,choc,manv,num_veh
201500039966,0,3,0,0.0,2.0,1.0,2.0,C02
201500039966,1,3,0,0.0,0.0,0.0,0.0,Z02
201500039967,0,7,0,0.0,1.0,3.0,9.0,A01
201500039968,0,99,0,12.0,1.0,5.0,4.0,A01
201500039969,0,7,0,0.0,0.0,4.0,2.0,A01
201500039969,0,7,0,0.0,0.0,1.0,2.0,B01
201500039970,0,7,0,1.0,0.0,1.0,2.0,A01
201500039970,0,7,0,1.0,0.0,4.0,2.0,B01
201500039970,0,7,0,0.0,0.0,4.0,2.0,C01
201500039971,0,7,0,0.0,1.0,2.0,1.0,A01
201500039972,0,7,0,0.0,1.0,3.0,17.0,A01
201500039973,0,7,0,0.0,2.0,1.0,2.0,A01
201500039973,0,7,0,0.0,1.0,4.0,23.0,B01
201500039974,0,7,0,0.0,0.0,6.0,0.0,A01
201500039974,0,37,15,0.0,0.0,0.0,0.0,B01
201500039975,0,7,0,0.0,2.0,1.0,2.0,A01
201500039975,0,7,0,0.0,2.0,4.0,2.0,B01
201500039976,0,7,0,0.0,2.0,2.0,1.0,A01
201500039976,0,2,0,0.0,2.0,1.0,9.0,B01
201500039977,0,7,0,0.0,2.0,8.0,1.0,B01
201500039977,0,7,0,14.0,2.0,1.0,0.0,A01
201500039978,0,7,0,6.0,0.0,1.0,0.0,A01
201500039979,0,7,0,0.0,2.0,2.0,1.0,A01
201500039979,0,7,0,0.0,2.0,3.0,16.0,B01
201500039980,0,2,0,0.0,2.0,1.0,13.0,A01
201500039980,0,7,0,0.0,2.0,1.0,0.0,B01
201500039981,0,7,0,0.0,2.0,1.0,2.0,A01
201500039981,1,7,0,0.0,2.0,7.0,2.0,B01
201500039982,0,7,0,0.0,2.0,1.0,1.0,A01
201500039982,0,7,0,0.0,2.0,7.0,1.0,B01
201500039983,0,7,0,0.0,0.0,3.0,0.0,A01
201500039983,0,34,0,0.0,0.0,1.0,0.0,B01
201500039984,0,7,0,0.0,0.0,2.0,1.0,A01
201500039984,0,7,0,0.0,0.0,1.0,0.0,B01
201500039985,0,7,0,0.0,2.0,1.0,0.0,A01
201500039985,0,7,0,0.0,2.0,1.0,0.0,B01
201500039986,0,7,0,8.0,0.0,1.0,0.0,A01
201500039987,0,30,0,0.0,2.0,7.0,0.0,A01
201500039987,1,30,0,0.0,0.0,0.0,0.0,B01
201500039988,1,7,0,1.0,1.0,1.0,1.0,A01
201500039989,0,37,0,0.0,1.0,0.0,0.0,A01
201500039990,0,7,0,0.0,2.0,3.0,15.0,A01
201500039990,0,2,0,0.0,2.0,2.0,16.0,B01
201500039991,0,7,0,0.0,2.0,1.0,2.0,A01
201500039991,0,7,0,8.0,2.0,7.0,19.0,B01
201500039992,0,40,0,0.0,1.0,2.0,1.0,A01
201500039993,0,14,0,0.0,2.0,3.0,17.0,A01
201500039993,0,1,0,0.0,1.0,7.0,21.0,B01
201500039994,0,7,0,0.0,1.0,2.0,14.0,A01
201500039995,0,3,0,0.0,1.0,2.0,1.0,A01
201500039996,0,2,0,0.0,2.0,2.0,1.0,A01
201500039996,0,7,0,0.0,2.0,8.0,9.0,B01
201500039997,0,7,0,0.0,2.0,1.0,2.0,A01
201500039997,0,7,0,0.0,0.0,4.0,0.0,B01
201500039997,0,7,0,0.0,2.0,4.0,0.0,C01
201500039998,0,37,1,0.0,1.0,2.0,1.0,A01
201500039999,0,7,0,0.0,0.0,2.0,3.0,A01
201500039999,0,7,0,0.0,0.0,8.0,0.0,B01
201500039999,0,7,0,0.0,0.0,6.0,0.0,C01
201500039999,0,7,0,0.0,0.0,5.0,0.0,D01
201500040000,0,7,0,9.0,0.0,3.0,1.0,A01
201500040001,0,7,0,9.0,2.0,1.0,1.0,A01
201500040001,0,7,0,0.0,2.0,2.0,10.0,B01
201500040002,0,7,0,0.0,2.0,1.0,21.0,A01
201500040002,0,3,0,0.0,2.0,1.0,1.0,B01
201500040002,1,3,0,0.0,0.0,0.0,15.0,Z01
201500040003,0,7,0,0.0,2.0,1.0,9.0,A01
201500040003,0,31,0,0.0,2.0,2.0,0.0,B01
201500040004,0,37,0,0.0,1.0,2.0,1.0,A01
201500040005,0,10,0,12.0,0.0,2.0,1.0,A01
201500040006,0,7,0,0.0,1.0,1.0,0.0,A01
201500040007,0,34,0,0.0,1.0,0.0,0.0,A01
201500040008,0,7,0,2.0,0.0,1.0,7.0,A01
201500040009,0,7,0,0.0,2.0,6.0,7.0,A01
201500040009,0,37,0,0.0,2.0,2.0,1.0,B01
201500040010,1,2,0,0.0,2.0,0.0,12.0,A01
201500040010,0,3,0,0.0,2.0,6.0,1.0,B01
201500040010,0,3,0,0.0,0.0,0.0,1.0,C01
201500040011,0,7,0,0.0,1.0,3.0,0.0,A01
201500040012,0,7,0,0.0,1.0,0.0,0.0,A01
201500040013,0,34,0,0.0,2.0,3.0,1.0,A01
201500040013,0,7,0,0.0,2.0,1.0,1.0,B01
201500040014,0,7,0,0.0,0.0,4.0,23.0,A01
201500040014,0,7,0,0.0,2.0,1.0,2.0,B01
201500040015,0,30,0,0.0,2.0,9.0,1.0,A01
201500040016,0,7,0,0.0,1.0,7.0,2.0,A01
201500040017,0,7,0,4.0,0.0,1.0,16.0,A01
201500040018,0,7,0,0.0,0.0,4.0,2.0,A01
201500040018,0,7,0,0.0,2.0,1.0,2.0,B01
201500040019,0,7,0,15.0,0.0,1.0,0.0,A01
201500040020,0,99,0,0.0,2.0,3.0,13.0,A01
201500040020,0,2,0,0.0,2.0,3.0,17.0,B01
201500040021,0,7,0,0.0,2.0,4.0,16.0,A01
201500040021,0,2,0,0.0,2.0,1.0,1.0,B01
201500040022,0,34,0,12.0,0.0,0.0,0.0,A01
201500040023,0,3,0,6.0,0.0,1.0,13.0,A01
201500040024,2,32,0,0.0,1.0,8.0,1.0,A01
201500040025,0,7,0,0.0,2.0,1.0,1.0,A01
201500040025,0,7,0,0.0,2.0,2.0,6.0,B01
201500040026,1,7,0,0.0,1.0,0.0,0.0,A01
201500040027,0,7,0,14.0,2.0,2.0,1.0,A01
201500040027,0,1,0,0.0,2.0,4.0,9.0,B01
201500040028,0,10,0,0.0,0.0,0.0,0.0,A01
201500040028,0,30,0,0.0,0.0,0.0,0.0,B01
201500040029,0,7,0,2.0,0.0,0.0,0.0,A01
201500040030,2,3,0,0.0,0.0,0.0,0.0,A01
201500040030,0,3,0,0.0,0.0,0.0,0.0,B01
201500040031,0,7,0,4.0,0.0,3.0,1.0,A01
201500040032,0,7,0,0.0,0.0,8.0,3.0,A01
201500040032,0,15,0,0.0,2.0,2.0,1.0,B01
201500040032,0,7,0,0.0,0.0,6.0,1.0,C01
201500040033,0,10,0,0.0,2.0,1.0,2.0,D01
201500040033,0,14,0,0.0,2.0,1.0,2.0,A01
201500040033,0,7,0,0.0,0.0,0.0,2.0,C01
201500040033,0,10,0,0.0,2.0,1.0,2.0,B01
201500040034,0,37,0,0.0,0.0,3.0,0.0,B01
201500040034,0,7,0,0.0,0.0,2.0,12.0,A01
201500040035,0,3,0,0.0,2.0,4.0,1.0,B01
201500040035,0,3,0,0.0,2.0,1.0,1.0,A01
201500040036,0,2,0,0.0,2.0,7.0,2.0,A01
201500040036,0,7,0,0.0,2.0,3.0,0.0,B01
201500040037,0,7,0,0.0,1.0,3.0,5.0,A01
201500040038,0,7,0,0.0,1.0,0.0,0.0,A01
201500040039,1,7,0,0.0,2.0,1.0,14.0,A01
201500040039,0,7,0,0.0,0.0,5.0,0.0,B01
201500040040,0,3,0,0.0,2.0,1.0,2.0,A01
201500040040,0,7,0,0.0,2.0,4.0,2.0,B01
201500040041,0,7,0,0.0,1.0,2.0,2.0,A01
201500040042,0,7,0,0.0,1.0,2.0,1.0,A01
201500040043,0,7,0,0.0,1.0,0.0,0.0,A01
201500040044,0,34,0,0.0,1.0,3.0,1.0,A01
201500040045,0,7,0,0.0,2.0,1.0,12.0,A01
201500040045,0,7,0,0.0,2.0,1.0,19.0,B01
201500040046,0,7,0,4.0,0.0,1.0,0.0,A01
201500040046,0,7,0,0.0,0.0,1.0,0.0,B01
201500040047,0,2,0,0.0,2.0,1.0,0.0,A01
201500040047,0,7,0,0.0,0.0,0.0,16.0,B01
201500040048,0,7,0,0.0,0.0,0.0,0.0,A01
201500040049,0,7,0,0.0,2.0,3.0,9.0,A01
201500040049,0,7,0,0.0,2.0,2.0,2.0,B01
201500040050,0,33,0,0.0,2.0,6.0,2.0,A01
201500040050,1,7,0,0.0,2.0,2.0,17.0,B01
201500040051,0,7,0,0.0,1.0,1.0,1.0,A01
201500040052,0,10,0,0.0,0.0,3.0,0.0,A01
201500040052,0,33,0,12.0,2.0,1.0,2.0,B01
201500040053,0,37,0,0.0,1.0,2.0,1.0,A01
201500040054,0,7,0,0.0,1.0,1.0,0.0,A01
201500040055,0,7,0,0.0,1.0,2.0,1.0,A01
201500040056,0,37,10,1.0,0.0,5.0,11.0,A01
201500040056,0,37,10,0.0,0.0,6.0,0.0,B01
201500040057,0,7,0,0.0,0.0,0.0,0.0,A01
201500040057,0,7,0,0.0,0.0,8.0,2.0,B01
201500040058,0,7,0,0.0,0.0,3.0,11.0,A01
201500040058,0,34,0,0.0,0.0,7.0,2.0,B01
201500040059,1,99,0,0.0,0.0,0.0,0.0,A01
201500040060,0,10,0,0.0,2.0,2.0,0.0,A01
201500040060,0,2,0,0.0,2.0,7.0,0.0,B01
201500040061,0,7,0,0.0,0.0,1.0,0.0,A01
201500040062,0,31,0,0.0,0.0,7.0,2.0,A01
201500040062,0,10,0,0.0,0.0,1.0,2.0,B01
201500040063,1,7,0,0.0,1.0,0.0,0.0,A01
201500040064,0,7,0,0.0,2.0,1.0,0.0,A01
201500040064,0,7,0,0.0,2.0,4.0,0.0,B01
201500040064,0,7,0,0.0,0.0,0.0,0.0,C01
201500040064,0,7,0,0.0,0.0,6.0,0.0,D01
201500040065,0,7,0,0.0,1.0,8.0,10.0,A01
201500040065,0,32,0,0.0,2.0,1.0,17.0,B01
201500040066,0,7,0,0.0,0.0,3.0,15.0,A01
201500040066,0,34,0,0.0,2.0,2.0,17.0,B01
201500040067,0,7,0,0.0,1.0,1.0,2.0,A01
201500040067,0,7,0,0.0,2.0,1.0,0.0,B01
201500040068,0,7,0,0.0,1.0,1.0,0.0,A01
201500040069,1,7,0,0.0,2.0,1.0,0.0,A01
201500040069,0,7,0,0.0,1.0,1.0,0.0,B01
201500040070,0,7,0,0.0,0.0,9.0,0.0,A01
201500040070,0,10,0,0.0,2.0,6.0,0.0,B01
201500040070,0,7,0,0.0,2.0,1.0,0.0,C01
201500040070,0,7,0,0.0,2.0,1.0,0.0,D01
201500040071,0,7,0,0.0,2.0,1.0,12.0,A01
201500040071,0,7,0,0.0,0.0,4.0,4.0,B01
201500040072,0,7,0,0.0,2.0,1.0,2.0,A01
201500040072,0,7,0,0.0,0.0,4.0,2.0,B01
201500040073,0,7,0,0.0,1.0,2.0,1.0,A01
201500040074,0,7,0,0.0,0.0,1.0,0.0,A01
201500040074,0,7,0,0.0,0.0,4.0,0.0,B01
201500040075,0,7,0,0.0,1.0,2.0,1.0,A01
201500040076,0,7,0,8.0,1.0,1.0,2.0,B01
201500040076,0,7,0,0.0,2.0,4.0,23.0,A01
201500040077,0,7,0,0.0,0.0,6.0,0.0,A01
201500040077,0,37,4,0.0,0.0,2.0,0.0,B01
201500040078,0,7,0,0.0,2.0,1.0,2.0,A01
201500040078,0,7,0,0.0,2.0,4.0,23.0,B01
201500040078,0,7,0,0.0,0.0,0.0,21.0,C01
201500040079,0,7,0,0.0,1.0,1.0,0.0,A01
201500040080,0,33,0,0.0,1.0,2.0,1.0,A01
201500040081,0,15,0,0.0,1.0,3.0,1.0,A01
201500040082,0,33,0,0.0,2.0,0.0,0.0,A01
201500040082,0,7,0,0.0,0.0,0.0,0.0,B01
201500040083,1,3,0,0.0,1.0,0.0,0.0,A01
201500040084,0,37,10,0.0,1.0,2.0,23.0,A01
201500040085,0,7,0,0.0,1.0,3.0,0.0,A01
201500040086,0,7,0,0.0,2.0,2.0,0.0,B01
201500040086,0,7,0,0.0,2.0,3.0,1.0,A01
201500040087,0,7,0,0.0,1.0,1.0,2.0,A01
201500040088,0,31,0,0.0,2.0,1.0,2.0,A01
201500040088,0,7,0,0.0,0.0,4.0,23.0,B01
201500040089,0,7,0,0.0,1.0,1.0,1.0,A01
201500040089,0,7,0,0.0,2.0,8.0,1.0,B01
201500040090,0,7,0,1.0,0.0,0.0,24.0,A01
201500040090,0,7,0,0.0,2.0,5.0,12.0,B01
201500040091,0,1,0,0.0,0.0,5.0,0.0,A01
201500040091,0,7,0,0.0,0.0,0.0,0.0,B01
201500040092,0,7,0,0.0,2.0,2.0,1.0,A01
201500040092,0,7,0,0.0,2.0,1.0,1.0,B01
201500040093,0,7,0,0.0,0.0,0.0,0.0,A01
201500040093,0,2,0,0.0,0.0,0.0,0.0,B01
201500040094,0,7,0,0.0,2.0,1.0,2.0,A01
201500040094,0,7,0,0.0,2.0,4.0,2.0,B01
201500040095,0,31,0,0.0,2.0,5.0,1.0,A01
201500040095,0,10,0,0.0,0.0,5.0,23.0,B01
201500040096,0,7,0,0.0,1.0,2.0,1.0,A01
201500040097,0,7,0,0.0,2.0,3.0,0.0,A01
201500040097,0,3,0,0.0,2.0,2.0,1.0,B01
201500040098,0,7,0,0.0,0.0,6.0,4.0,A01
201500040098,0,33,0,0.0,0.0,2.0,0.0,B01
201500040099,0,14,0,0.0,2.0,6.0,11.0,A01
201500040099,0,7,0,0.0,2.0,2.0,1.0,B01
201500040100,0,7,0,0.0,1.0,3.0,0.0,A01
201500040101,0,7,0,0.0,2.0,2.0,7.0,A01
201500040101,0,34,0,0.0,2.0,3.0,9.0,B01
201500040102,0,7,0,0.0,1.0,2.0,0.0,A01
201500040103,0,7,0,0.0,0.0,1.0,2.0,A01
201500040103,0,7,0,0.0,0.0,4.0,2.0,B01
201500040104,0,7,0,0.0,2.0,1.0,1.0,A01
201500040104,0,7,0,0.0,2.0,4.0,1.0,B01
201500040105,0,7,0,0.0,1.0,1.0,0.0,A01
201500040106,0,7,0,0.0,1.0,3.0,0.0,A01
201500040107,0,7,0,0.0,1.0,1.0,1.0,A01
201500040108,0,34,0,0.0,2.0,7.0,1.0,B01
201500040108,2,7,0,0.0,2.0,2.0,19.0,A01
201500040109,0,13,0,0.0,2.0,1.0,1.0,A01
201500040109,0,7,0,0.0,9.0,4.0,1.0,B01
201500040110,0,7,0,0.0,2.0,1.0,2.0,A01
201500040110,0,7,0,0.0,2.0,4.0,23.0,B01
201500040110,0,7,0,0.0,2.0,4.0,23.0,C01
201500040111,0,34,0,0.0,2.0,2.0,1.0,A01
201500040111,0,7,0,0.0,2.0,1.0,11.0,B01
201500040112,0,7,0,0.0,0.0,2.0,1.0,B01
201500040112,1,30,0,0.0,0.0,0.0,0.0,A01
201500040113,0,2,0,0.0,2.0,1.0,2.0,A01
201500040113,0,7,0,0.0,2.0,8.0,9.0,B01
201500040114,0,7,0,0.0,1.0,8.0,1.0,A01
201500040115,0,7,0,0.0,2.0,1.0,2.0,A01
201500040115,0,7,0,0.0,2.0,3.0,16.0,B01
201500040116,0,1,0,0.0,2.0,8.0,19.0,A01
201500040116,0,7,0,0.0,9.0,1.0,1.0,B01
201500040117,0,34,0,0.0,2.0,2.0,1.0,B01
201500040117,0,7,0,0.0,2.0,3.0,15.0,A01
201500040118,0,7,0,0.0,1.0,0.0,0.0,A01
201500040119,0,7,0,0.0,0.0,5.0,1.0,B01
201500040119,0,13,0,0.0,2.0,3.0,9.0,A01
201500040120,0,7,0,0.0,0.0,8.0,11.0,A01
201500040120,0,34,0,0.0,2.0,7.0,1.0,B01
201500040121,0,7,0,0.0,2.0,5.0,0.0,A01
201500040121,0,34,0,0.0,2.0,3.0,0.0,B01
201500040122,0,7,0,0.0,0.0,0.0,0.0,A01
201500040122,0,7,0,0.0,0.0,0.0,0.0,B01
201500040123,0,7,0,0.0,0.0,3.0,0.0,A01
201500040123,0,30,0,0.0,2.0,7.0,2.0,B01
201500040124,0,31,0,0.0,0.0,8.0,2.0,A01
201500040125,0,7,0,0.0,2.0,3.0,3.0,A01
201500040125,0,7,0,9.0,0.0,2.0,2.0,B01
201500040126,0,33,0,0.0,2.0,2.0,21.0,A01
201500040126,0,7,0,0.0,0.0,2.0,15.0,B01
201500040127,0,7,0,11.0,0.0,0.0,0.0,A01
201500040128,0,7,0,0.0,2.0,2.0,14.0,A01
201500040128,0,7,0,0.0,0.0,6.0,1.0,B01
201500040129,0,33,0,0.0,2.0,1.0,1.0,B01
201500040129,0,7,0,0.0,2.0,1.0,0.0,A01
201500040130,0,7,0,3.0,0.0,1.0,1.0,A01
201500040131,0,10,0,0.0,0.0,0.0,0.0,A01
201500040131,0,33,0,0.0,0.0,0.0,0.0,B01
201500040132,0,32,0,0.0,2.0,1.0,2.0,A01
201500040132,0,7,0,0.0,0.0,4.0,2.0,B01
201500040133,0,7,0,0.0,2.0,2.0,15.0,A01
201500040133,0,30,0,0.0,2.0,3.0,16.0,B01
201500040134,0,33,0,14.0,0.0,1.0,21.0,A01
201500040134,1,10,0,0.0,0.0,0.0,0.0,B01
201500040135,0,7,0,0.0,2.0,4.0,2.0,A01
201500040135,0,13,0,0.0,2.0,1.0,2.0,B01
201500040136,0,7,0,0.0,2.0,1.0,5.0,A01
201500040136,0,7,0,0.0,2.0,1.0,1.0,B01
201500040137,0,37,1,0.0,0.0,0.0,0.0,A01
201500040137,0,7,0,0.0,0.0,0.0,0.0,B01
201500040138,0,7,0,0.0,0.0,3.0,1.0,A01
201500040138,0,7,0,0.0,0.0,0.0,1.0,B01
201500040139,0,7,0,0.0,2.0,1.0,2.0,A01
201500040139,0,7,0,0.0,0.0,4.0,2.0,B01
201500040140,0,7,0,0.0,2.0,1.0,0.0,A01
201500040140,0,7,0,0.0,2.0,1.0,0.0,B01
201500040141,0,7,0,0.0,1.0,0.0,0.0,A01
201500040142,0,32,0,0.0,9.0,2.0,1.0,A01
201500040142,0,7,0,0.0,0.0,5.0,2.0,B01
201500040143,0,7,0,0.0,2.0,8.0,1.0,A01
201500040143,0,33,0,0.0,2.0,7.0,2.0,B01
201500040144,0,30,0,0.0,2.0,2.0,12.0,A01
201500040144,0,33,0,0.0,0.0,0.0,0.0,B01
201500040145,0,7,0,0.0,2.0,4.0,2.0,A01
201500040145,0,31,0,0.0,2.0,1.0,2.0,B01
201500040146,0,3,0,0.0,9.0,2.0,9.0,A01
201500040146,0,1,0,0.0,2.0,1.0,1.0,B01
201500040147,0,2,0,0.0,2.0,7.0,11.0,A01
201500040147,0,7,0,0.0,2.0,3.0,2.0,B01
201500040148,0,7,0,0.0,2.0,1.0,2.0,A01
201500040148,0,7,0,0.0,0.0,4.0,2.0,B01
201500040149,0,7,0,0.0,2.0,5.0,12.0,A01
201500040149,0,34,0,0.0,2.0,3.0,1.0,B01
201500040150,0,7,0,0.0,2.0,5.0,1.0,A01
201500040150,1,7,0,0.0,2.0,0.0,0.0,B01
201500040151,0,1,0,0.0,0.0,0.0,0.0,A01
201500040151,1,7,0,0.0,0.0,0.0,0.0,B01
201500040152,0,7,0,0.0,2.0,4.0,0.0,A01
201500040152,0,7,0,0.0,2.0,1.0,2.0,B01
201500040153,0,10,0,0.0,2.0,2.0,15.0,A01
201500040153,0,10,0,15.0,2.0,3.0,1.0,B01
201500040154,0,7,0,0.0,2.0,1.0,2.0,A01
201500040154,0,7,0,0.0,0.0,4.0,2.0,B01
201500040155,0,7,0,1.0,0.0,6.0,2.0,A01
201500040155,0,1,0,0.0,0.0,4.0,2.0,B01
201500040156,0,34,0,0.0,0.0,7.0,0.0,A01
201500040156,0,7,0,0.0,0.0,3.0,0.0,B01
201500040157,0,7,0,0.0,1.0,2.0,2.0,A01
201500040158,0,30,0,0.0,2.0,2.0,2.0,A01
201500040158,0,7,0,0.0,2.0,6.0,0.0,B01
201500040159,0,99,0,0.0,1.0,2.0,2.0,A01
201500040160,0,10,0,0.0,2.0,1.0,2.0,A01
201500040160,0,7,0,0.0,2.0,7.0,2.0,B01
201500040161,0,33,0,0.0,1.0,3.0,0.0,B01
201500040161,0,7,0,0.0,1.0,1.0,19.0,A01
201500040162,0,7,0,0.0,1.0,8.0,1.0,A01
201500040163,0,7,0,0.0,0.0,8.0,0.0,A01
201500040163,0,7,0,0.0,0.0,1.0,0.0,B01
201500040164,0,37,1,0.0,1.0,2.0,0.0,A01
201500040165,0,7,0,0.0,0.0,1.0,0.0,A01
201500040165,0,7,0,0.0,0.0,7.0,0.0,B01
201500040166,0,7,0,0.0,2.0,1.0,2.0,A01
201500040166,0,7,0,0.0,2.0,4.0,2.0,B01
201500040167,0,7,0,0.0,1.0,1.0,2.0,A01
201500040168,1,7,0,0.0,1.0,0.0,0.0,A01
201500040169,1,7,0,0.0,1.0,0.0,0.0,A01
201500040170,0,7,0,0.0,1.0,3.0,15.0,A01
201500040171,0,7,0,0.0,1.0,1.0,0.0,A01
201500040172,0,7,0,0.0,0.0,7.0,15.0,A01
201500040172,0,33,0,0.0,0.0,1.0,1.0,B01
201500040173,0,10,0,0.0,2.0,1.0,2.0,A01
201500040173,0,10,0,0.0,0.0,4.0,0.0,B01
201500040174,0,7,0,0.0,2.0,4.0,2.0,A01
201500040174,0,7,0,0.0,2.0,1.0,2.0,B01
201500040174,0,7,0,0.0,2.0,1.0,2.0,C01
201500040175,0,7,0,0.0,2.0,1.0,1.0,A01
201500040175,0,7,0,0.0,2.0,5.0,1.0,B01
201500040176,0,7,0,0.0,1.0,2.0,1.0,A01
201500040177,0,33,0,0.0,2.0,0.0,3.0,A01
201500040177,0,7,0,0.0,2.0,6.0,1.0,B01
201500040178,2,7,0,0.0,2.0,2.0,2.0,A01
201500040179,0,7,0,0.0,0.0,5.0,12.0,A01
201500040179,0,34,0,0.0,2.0,3.0,0.0,B01
201500040180,0,7,0,0.0,0.0,4.0,0.0,A01
201500040180,0,10,0,0.0,0.0,0.0,0.0,B01
201500040181,0,7,0,0.0,1.0,3.0,1.0,A01
201500040182,0,1,0,0.0,9.0,7.0,9.0,A01
201500040182,1,99,0,0.0,9.0,0.0,5.0,B01
201500040183,1,99,0,0.0,2.0,1.0,19.0,A01
201500040183,0,7,0,0.0,2.0,3.0,1.0,B01
201500040184,0,2,0,0.0,0.0,0.0,15.0,A01
201500040185,0,7,0,0.0,2.0,1.0,1.0,A01
201500040185,0,7,0,0.0,2.0,1.0,1.0,B01
201500040186,0,7,0,0.0,1.0,2.0,1.0,A01
201500040187,0,2,0,0.0,0.0,0.0,2.0,A01
201500040188,0,7,0,15.0,0.0,9.0,1.0,A01
201500040189,0,7,0,0.0,1.0,1.0,2.0,A01
201500040190,0,10,0,0.0,1.0,1.0,17.0,A01
201500040191,0,30,0,0.0,2.0,1.0,0.0,A01
201500040191,0,7,0,0.0,2.0,4.0,16.0,B01
201500040192,0,7,0,12.0,2.0,1.0,13.0,A01
201500040192,0,7,0,0.0,2.0,3.0,1.0,B01
201500040193,0,7,0,0.0,9.0,3.0,1.0,A01
201500040193,0,1,0,0.0,2.0,3.0,13.0,B01
201500040194,0,7,0,0.0,2.0,1.0,1.0,A01
201500040194,0,7,0,0.0,2.0,2.0,1.0,B01
201500040195,0,7,0,0.0,2.0,1.0,1.0,A01
201500040195,0,7,0,0.0,2.0,4.0,1.0,B01
201500040196,0,7,0,0.0,2.0,3.0,0.0,B01
201500040196,0,2,0,0.0,2.0,2.0,0.0,A01
201500040197,0,7,0,0.0,2.0,3.0,15.0,A01
201500040197,0,30,0,0.0,2.0,9.0,17.0,B01
201500040198,0,10,0,0.0,2.0,1.0,2.0,A01
201500040198,0,7,0,1.0,0.0,4.0,2.0,B01
201500040199,0,37,0,0.0,1.0,2.0,1.0,A01
201500040200,0,2,0,0.0,2.0,1.0,1.0,A01
201500040200,0,7,0,0.0,2.0,3.0,15.0,B01
201500040201,0,7,0,15.0,0.0,1.0,1.0,A01
201500040202,0,10,0,0.0,1.0,1.0,1.0,A01
201500040203,0,7,0,0.0,2.0,6.0,2.0,A01
201500040203,0,7,0,0.0,2.0,6.0,23.0,B01
201500040203,0,7,0,0.0,0.0,5.0,23.0,C01
201500040204,0,31,0,0.0,2.0,1.0,17.0,A01
201500040204,0,7,0,0.0,0.0,4.0,15.0,B01
201500040205,0,3,0,0.0,0.0,0.0,14.0,A01
201500040205,1,1,0,0.0,0.0,0.0,19.0,B01
201500040206,0,7,0,0.0,1.0,3.0,1.0,A01
201500040207,0,7,0,0.0,2.0,1.0,11.0,A01
201500040207,0,33,0,0.0,2.0,8.0,1.0,B01
201500040208,0,7,0,0.0,1.0,7.0,2.0,A01
201500040209,0,7,0,0.0,2.0,1.0,0.0,A01
201500040209,0,7,0,0.0,2.0,8.0,0.0,B01
201500040210,0,7,0,0.0,2.0,7.0,4.0,A01
201500040210,0,37,0,0.0,2.0,3.0,1.0,B01
201500040211,0,32,0,12.0,0.0,1.0,21.0,A01
201500040212,0,7,0,0.0,1.0,2.0,1.0,A01
201500040213,0,33,0,0.0,0.0,5.0,0.0,B01
201500040213,1,99,0,0.0,2.0,0.0,0.0,Z01
201500040214,0,7,0,0.0,1.0,1.0,1.0,A01
201500040215,0,7,0,0.0,2.0,1.0,9.0,B01
201500040215,0,7,0,0.0,2.0,2.0,1.0,A02
201500040216,0,7,0,0.0,2.0,3.0,15.0,A01
201500040216,0,32,0,0.0,2.0,2.0,17.0,B01
201500040217,0,7,0,0.0,0.0,2.0,0.0,A01
201500040217,0,7,0,0.0,0.0,3.0,0.0,B01
201500040218,0,7,0,0.0,1.0,2.0,2.0,A01
201500040219,0,7,0,0.0,1.0,1.0,0.0,A01
201500040220,0,7,0,9.0,0.0,2.0,13.0,A01
201500040221,0,7,0,0.0,0.0,7.0,1.0,B01
201500040221,0,30,0,0.0,0.0,1.0,3.0,A01
201500040221,0,7,0,0.0,0.0,6.0,1.0,C01
201500040222,0,7,0,0.0,0.0,4.0,2.0,A01
201500040222,0,7,0,0.0,2.0,1.0,2.0,B01
201500040223,0,7,0,0.0,2.0,2.0,1.0,B01
201500040223,0,7,0,1.0,2.0,5.0,1.0,A01
201500040224,0,7,0,2.0,0.0,3.0,13.0,A01
201500040225,0,7,0,0.0,2.0,1.0,1.0,A01
201500040225,0,7,0,0.0,2.0,4.0,0.0,B01
201500040226,0,7,0,5.0,2.0,8.0,0.0,B01
201500040226,0,7,0,0.0,2.0,1.0,0.0,A01
201500040227,0,32,0,0.0,2.0,5.0,17.0,A01
201500040227,0,7,0,0.0,2.0,3.0,15.0,B01
201500040228,0,33,0,0.0,2.0,1.0,3.0,A01
201500040228,0,7,0,0.0,1.0,4.0,23.0,B01
201500040229,0,33,0,0.0,1.0,1.0,1.0,A01
201500040230,1,7,0,0.0,9.0,1.0,15.0,A01
201500040230,0,1,0,0.0,2.0,1.0,1.0,B01
201500040231,0,30,0,0.0,2.0,1.0,13.0,A01
201500040231,0,7,0,0.0,2.0,3.0,15.0,B01
201500040232,0,7,0,2.0,0.0,2.0,0.0,A01
201500040233,0,7,0,0.0,2.0,8.0,20.0,B01
201500040233,1,30,0,0.0,2.0,0.0,5.0,Z01
201500040234,1,7,0,0.0,2.0,0.0,0.0,A01
201500040234,0,7,0,0.0,0.0,3.0,0.0,B01
201500040235,0,7,0,0.0,1.0,7.0,2.0,A01
201500040236,0,33,0,0.0,2.0,1.0,0.0,A01
201500040236,0,7,0,0.0,0.0,0.0,2.0,B01
201500040237,0,10,0,0.0,2.0,3.0,9.0,A01
201500040237,0,31,0,0.0,2.0,6.0,0.0,B01
201500040238,0,7,0,0.0,1.0,1.0,1.0,A01
201500040239,0,7,0,8.0,2.0,1.0,11.0,A01
201500040239,0,34,0,0.0,2.0,8.0,1.0,B01