Num_Acc,senc,catv,occutc,obs,obsm,choc,manv,num_veh
201500040240,0,7,0,0.0,1.0,8.0,1.0,A01
201500040241,0,33,0,0.0,0.0,4.0,2.0,A01
201500040241,1,7,0,0.0,2.0,1.0,2.0,Z01
201500040242,0,7,0,0.0,2.0,1.0,15.0,A01
201500040242,1,30,0,0.0,0.0,0.0,1.0,B01
201500040243,0,7,0,0.0,2.0,7.0,1.0,A01
201500040243,0,7,0,0.0,2.0,1.0,1.0,B01
201500040244,0,7,0,0.0,1.0,1.0,1.0,A01
201500040245,0,33,0,0.0,2.0,1.0,1.0,B01
201500040245,0,10,0,0.0,2.0,1.0,1.0,C01
201500040245,0,7,0,0.0,2.0,2.0,0.0,A01
201500040246,0,7,0,0.0,1.0,1.0,1.0,A01
201500040247,0,7,0,0.0,2.0,1.0,2.0,A01
201500040247,0,7,0,0.0,2.0,4.0,2.0,B01
201500040248,0,7,0,0.0,2.0,1.0,2.0,A01
201500040248,0,7,0,0.0,2.0,2.0,15.0,B01
201500040249,0,7,0,0.0,1.0,3.0,1.0,A01
201500040250,0,7,0,0.0,1.0,1.0,1.0,A01
201500040251,0,7,0,0.0,2.0,8.0,15.0,A01
201500040251,0,33,0,0.0,0.0,7.0,17.0,B01
201500040252,0,3,0,15.0,0.0,2.0,2.0,A01
201500040253,0,7,0,0.0,0.0,4.0,2.0,A01
201500040253,0,34,0,0.0,2.0,1.0,2.0,B01
201500040254,0,10,0,6.0,0.0,2.0,1.0,A01
201500040255,0,7,0,0.0,2.0,7.0,5.0,A01
201500040255,0,37,15,0.0,2.0,3.0,0.0,B01
201500040256,0,7,0,1.0,0.0,1.0,2.0,A01
201500040257,1,7,0,0.0,2.0,1.0,2.0,A01
201500040257,0,7,0,0.0,2.0,6.0,0.0,B01
201500040258,0,7,0,0.0,1.0,2.0,0.0,A01
201500040259,0,7,0,0.0,0.0,5.0,1.0,A01
201500040259,0,7,0,0.0,2.0,2.0,1.0,B01
201500040260,0,10,0,0.0,1.0,0.0,1.0,A01
201500040261,1,7,0,0.0,2.0,3.0,1.0,A01
201500040261,0,10,0,0.0,2.0,3.0,1.0,B01
201500040262,0,10,0,0.0,0.0,2.0,5.0,A01
201500040262,0,10,0,0.0,0.0,3.0,0.0,B01
201500040263,0,7,0,0.0,1.0,1.0,1.0,A01
201500040264,0,7,0,0.0,2.0,2.0,12.0,A01
201500040264,0,7,0,0.0,2.0,8.0,11.0,B01
201500040265,0,37,1,0.0,1.0,2.0,0.0,A01
201500040266,0,13,0,0.0,0.0,0.0,0.0,A01
201500040266,0,13,0,5.0,0.0,2.0,1.0,B01
201500040267,0,7,0,0.0,2.0,1.0,2.0,A01
201500040267,0,7,0,0.0,2.0,4.0,23.0,B01
201500040268,0,7,0,0.0,0.0,7.0,16.0,A01
201500040268,0,30,0,0.0,0.0,8.0,1.0,B01
201500040269,0,7,0,0.0,2.0,1.0,2.0,A01
201500040269,0,33,0,0.0,2.0,4.0,23.0,B01
201500040269,0,7,0,0.0,2.0,4.0,23.0,C01
201500040270,0,7,0,11.0,0.0,1.0,12.0,A01
201500040271,0,7,0,0.0,1.0,2.0,1.0,A01
201500040272,0,7,0,0.0,1.0,3.0,2.0,B01
201500040273,0,33,0,1.0,0.0,1.0,19.0,A01
201500040273,0,7,0,0.0,2.0,5.0,24.0,B01
201500040274,0,7,0,0.0,0.0,1.0,2.0,A01
201500040274,0,7,0,0.0,0.0,8.0,2.0,B01
201500040275,0,7,0,0.0,2.0,2.0,1.0,A01
201500040275,0,7,0,0.0,2.0,1.0,9.0,B01
201500040276,0,7,0,0.0,2.0,1.0,1.0,A01
201500040276,0,34,0,0.0,2.0,7.0,1.0,B01
201500040277,2,7,0,0.0,0.0,1.0,2.0,A01
201500040277,0,10,0,0.0,0.0,8.0,15.0,B01
201500040278,0,7,0,1.0,2.0,1.0,5.0,A01
201500040278,0,3,0,0.0,0.0,8.0,1.0,B01
201500040279,1,7,0,0.0,1.0,1.0,0.0,A01
201500040280,0,7,0,1.0,2.0,6.0,20.0,B01
201500040280,0,7,0,8.0,2.0,7.0,5.0,A01
201500040281,0,7,0,0.0,2.0,1.0,11.0,A01
201500040281,0,10,0,0.0,2.0,3.0,0.0,B01
201500040281,0,10,0,0.0,2.0,8.0,0.0,C01
201500040282,0,7,0,0.0,1.0,1.0,1.0,A01
201500040283,1,7,0,0.0,1.0,0.0,0.0,A01
201500040284,0,7,0,0.0,0.0,1.0,5.0,A01
201500040284,0,7,0,0.0,2.0,5.0,1.0,B01
201500040285,0,2,0,4.0,0.0,1.0,0.0,A01
201500040286,1,7,0,0.0,1.0,3.0,1.0,A01
201500040287,0,7,0,0.0,2.0,7.0,1.0,B01
201500040287,0,7,0,0.0,2.0,1.0,1.0,C01
201500040287,0,7,0,0.0,2.0,1.0,1.0,A01
201500040288,0,7,0,0.0,2.0,8.0,10.0,A01
201500040288,0,7,0,0.0,2.0,2.0,1.0,B01
201500040289,0,10,0,0.0,2.0,1.0,2.0,A01
201500040289,0,7,0,0.0,2.0,4.0,2.0,B01
201500040289,0,16,0,0.0,2.0,4.0,2.0,C01
201500040290,0,3,0,0.0,2.0,3.0,15.0,A01
201500040290,0,7,0,0.0,2.0,3.0,1.0,B01
201500040290,0,3,0,0.0,0.0,6.0,24.0,C01
201500040291,0,33,0,0.0,1.0,5.0,1.0,A01
201500040292,0,7,0,0.0,0.0,8.0,7.0,A01
201500040292,0,14,0,0.0,0.0,7.0,0.0,B01
201500040293,0,7,0,0.0,2.0,2.0,5.0,A01
201500040293,0,7,0,0.0,2.0,3.0,1.0,B01
201500040293,0,7,0,0.0,2.0,8.0,1.0,C01
201500040294,0,7,0,0.0,2.0,1.0,2.0,A01
201500040294,0,7,0,0.0,0.0,4.0,2.0,B01
201500040295,0,7,0,0.0,2.0,2.0,15.0,A01
201500040295,0,33,0,0.0,2.0,1.0,1.0,B01
201500040296,0,7,0,0.0,2.0,3.0,1.0,B01
201500040296,0,34,0,0.0,2.0,2.0,1.0,A01
201500040297,0,7,0,0.0,9.0,1.0,2.0,A01
201500040297,0,1,0,0.0,2.0,1.0,9.0,B01
201500040298,0,7,0,0.0,1.0,2.0,15.0,A01
201500040298,0,33,0,0.0,2.0,1.0,2.0,B01
201500040299,0,2,0,0.0,2.0,1.0,2.0,A01
201500040299,0,7,0,0.0,2.0,6.0,23.0,B01
201500040300,0,32,0,0.0,1.0,1.0,2.0,A01
201500040301,0,34,0,0.0,2.0,1.0,1.0,A01
201500040301,0,7,0,0.0,0.0,2.0,2.0,B01
201500040302,0,2,0,0.0,1.0,1.0,1.0,A01
201500040303,0,7,0,0.0,9.0,2.0,0.0,A01
201500040303,0,1,0,0.0,2.0,7.0,0.0,B01
201500040304,0,7,0,0.0,1.0,2.0,1.0,A01
201500040304,0,7,0,0.0,2.0,7.0,1.0,B01
201500040305,0,10,0,0.0,1.0,3.0,0.0,A01
201500040306,0,33,0,0.0,0.0,2.0,17.0,B01
201500040306,0,3,0,0.0,0.0,3.0,16.0,A01
201500040307,0,7,0,0.0,1.0,1.0,1.0,A01
201500040308,0,7,0,0.0,2.0,3.0,0.0,A01
201500040308,0,7,0,0.0,0.0,2.0,0.0,B01
201500040309,0,10,0,0.0,0.0,5.0,23.0,A01
201500040309,0,30,0,1.0,0.0,1.0,2.0,B01
201500040310,0,7,0,0.0,1.0,1.0,1.0,A01
201500040311,0,10,0,14.0,0.0,3.0,6.0,A01
201500040312,0,7,0,0.0,1.0,2.0,0.0,A01
201500040313,1,7,0,0.0,2.0,0.0,0.0,A01
201500040313,0,7,0,0.0,2.0,1.0,2.0,B01
201500040313,0,7,0,0.0,2.0,1.0,2.0,C01
201500040314,0,7,0,0.0,1.0,2.0,2.0,A01
201500040315,0,7,0,0.0,2.0,2.0,2.0,A01
201500040315,0,33,0,0.0,2.0,7.0,2.0,B01
201500040316,0,10,0,0.0,1.0,4.0,0.0,A01
201500040317,0,7,0,0.0,1.0,3.0,2.0,A01
201500040318,0,10,0,0.0,0.0,6.0,0.0,A01
201500040318,2,7,0,0.0,2.0,6.0,1.0,B01
201500040319,1,7,0,0.0,1.0,7.0,2.0,Z01
201500040320,0,7,0,0.0,2.0,2.0,2.0,A01
201500040320,0,13,0,0.0,0.0,6.0,2.0,B01
201500040321,0,7,0,0.0,2.0,3.0,15.0,A01
201500040321,0,34,0,0.0,2.0,1.0,1.0,B01
201500040322,0,10,0,0.0,2.0,8.0,1.0,B01
201500040322,0,7,0,0.0,2.0,2.0,1.0,A01
201500040323,1,7,0,0.0,1.0,1.0,0.0,A01
201500040324,0,7,0,0.0,4.0,8.0,9.0,A01
201500040324,0,40,0,0.0,4.0,1.0,9.0,B01
201500040324,0,33,0,0.0,2.0,7.0,0.0,C01
201500040324,0,33,0,0.0,2.0,8.0,14.0,D01
201500040325,0,1,0,0.0,2.0,4.0,12.0,A01
201500040325,0,34,0,0.0,2.0,7.0,3.0,B01
201500040326,0,7,0,0.0,2.0,1.0,0.0,A01
201500040326,0,7,0,0.0,0.0,4.0,23.0,B01
201500040327,0,33,0,0.0,2.0,1.0,3.0,A01
201500040327,0,7,0,0.0,0.0,6.0,1.0,B01
201500040327,0,7,0,0.0,0.0,5.0,1.0,C01
201500040328,0,7,0,0.0,2.0,7.0,15.0,A01
201500040328,0,7,0,0.0,0.0,2.0,0.0,B01
201500040328,0,7,0,1.0,0.0,5.0,24.0,C01
201500040329,0,7,0,0.0,1.0,1.0,1.0,A01
201500040330,0,7,0,0.0,2.0,1.0,2.0,A01
201500040330,0,7,0,0.0,0.0,4.0,2.0,B01
201500040331,1,7,0,0.0,2.0,0.0,0.0,A01
201500040331,0,7,0,0.0,2.0,6.0,24.0,B01
201500040332,0,7,0,0.0,0.0,6.0,15.0,A01
201500040332,0,33,0,0.0,2.0,1.0,3.0,B01
201500040333,1,7,0,0.0,1.0,2.0,0.0,A01
201500040334,0,32,0,0.0,0.0,0.0,1.0,A01
201500040335,0,7,0,0.0,2.0,5.0,4.0,A01
201500040335,0,7,0,0.0,2.0,7.0,1.0,B01
201500040336,0,7,0,0.0,2.0,2.0,15.0,A01
201500040336,0,30,0,0.0,2.0,1.0,2.0,B01
201500040337,0,34,0,0.0,0.0,1.0,7.0,A01
201500040337,0,7,0,0.0,0.0,7.0,16.0,B01
201500040338,0,7,0,0.0,2.0,1.0,0.0,A01
201500040338,0,7,0,0.0,2.0,3.0,0.0,B01
201500040339,1,7,0,0.0,2.0,0.0,15.0,B01
201500040339,0,2,0,0.0,2.0,8.0,3.0,A01
201500040340,0,7,0,0.0,1.0,2.0,1.0,A01
201500040341,0,7,0,0.0,2.0,2.0,1.0,B01
201500040341,0,7,0,0.0,2.0,8.0,11.0,A01
201500040342,0,7,0,0.0,0.0,0.0,12.0,A01
201500040342,0,7,0,1.0,0.0,1.0,14.0,B01
201500040343,0,31,0,0.0,2.0,1.0,2.0,B01
201500040343,0,7,0,0.0,2.0,3.0,11.0,A01
201500040344,0,7,0,0.0,2.0,1.0,2.0,A01
201500040344,0,7,0,0.0,2.0,4.0,2.0,B01
201500040345,0,34,0,0.0,0.0,4.0,0.0,A01
201500040345,0,7,0,0.0,0.0,2.0,1.0,B01
201500040346,0,7,0,0.0,2.0,2.0,13.0,A01
201500040346,0,30,0,0.0,2.0,1.0,1.0,B01
201500040347,0,7,0,0.0,1.0,1.0,0.0,A01
201500040348,0,10,0,0.0,1.0,3.0,1.0,A01
201500040349,1,7,0,0.0,2.0,1.0,11.0,A01
201500040349,0,32,0,0.0,0.0,1.0,1.0,B01
201500040350,0,7,0,1.0,0.0,2.0,2.0,A01
201500040351,0,7,0,0.0,1.0,1.0,1.0,A01
201500040352,0,7,0,0.0,0.0,0.0,0.0,B01
201500040352,0,7,0,0.0,0.0,0.0,0.0,C01
201500040352,0,7,0,0.0,0.0,3.0,0.0,A01
201500040353,0,7,0,1.0,0.0,1.0,12.0,A01
201500040353,0,7,0,0.0,0.0,4.0,0.0,B01
201500040354,0,7,0,0.0,1.0,3.0,0.0,A01
201500040355,0,7,0,0.0,2.0,7.0,15.0,A01
201500040355,0,34,0,0.0,2.0,1.0,1.0,B01
201500040356,0,7,0,0.0,1.0,1.0,1.0,A01
201500040357,0,7,0,0.0,0.0,1.0,2.0,A01
201500040358,0,7,0,0.0,9.0,2.0,23.0,A01
201500040358,0,1,0,0.0,2.0,1.0,18.0,B01
201500040359,0,2,0,0.0,0.0,7.0,1.0,A01
201500040360,0,30,0,0.0,0.0,1.0,9.0,A01
201500040360,0,34,0,0.0,2.0,1.0,1.0,B01
201500040361,0,7,0,0.0,2.0,1.0,2.0,A01
201500040361,0,2,0,0.0,0.0,4.0,15.0,B01
201500040362,0,7,0,0.0,0.0,6.0,0.0,A01
201500040362,0,7,0,0.0,2.0,2.0,0.0,B01
201500040363,0,33,0,0.0,0.0,1.0,1.0,A01
201500040363,0,7,0,0.0,0.0,7.0,11.0,B01
201500040364,0,7,0,0.0,2.0,7.0,2.0,A01
201500040364,0,7,0,0.0,2.0,1.0,2.0,B01
201500040365,0,7,0,0.0,2.0,3.0,1.0,A01
201500040365,0,1,0,0.0,2.0,3.0,1.0,B01
201500040366,0,7,0,0.0,1.0,5.0,1.0,A01
201500040367,0,7,0,0.0,0.0,2.0,16.0,A01
201500040367,0,2,0,8.0,2.0,3.0,18.0,B01
201500040368,0,7,0,0.0,1.0,2.0,2.0,A01
201500040369,0,7,0,0.0,2.0,1.0,10.0,A01
201500040369,0,32,0,0.0,2.0,1.0,17.0,B01
201500040370,0,7,0,0.0,0.0,7.0,15.0,A01
201500040370,0,2,0,0.0,0.0,1.0,15.0,B01
201500040371,0,7,0,0.0,2.0,1.0,2.0,B01
201500040371,0,7,0,8.0,2.0,2.0,2.0,A01
201500040372,0,7,0,0.0,1.0,1.0,15.0,A01
201500040373,0,7,0,0.0,1.0,3.0,1.0,A01
201500040374,1,99,0,0.0,1.0,0.0,0.0,A01
201500040375,0,7,0,0.0,1.0,2.0,1.0,A01
201500040376,0,7,0,0.0,1.0,2.0,1.0,A01
201500040377,0,7,0,0.0,2.0,1.0,1.0,A01
201500040377,0,7,0,0.0,0.0,4.0,1.0,B01
201500040378,0,33,0,0.0,0.0,2.0,1.0,A01
201500040378,0,7,0,0.0,0.0,3.0,20.0,B01
201500040379,0,7,0,0.0,1.0,0.0,1.0,A01
201500040380,0,7,0,1.0,0.0,3.0,0.0,A01
201500040381,0,7,0,0.0,0.0,0.0,0.0,A01
201500040381,0,1,0,0.0,0.0,0.0,0.0,B01
201500040382,0,7,0,1.0,1.0,2.0,2.0,A01
201500040383,0,7,0,0.0,2.0,1.0,1.0,A01
201500040383,0,1,0,0.0,2.0,1.0,5.0,B01
201500040384,0,14,0,0.0,2.0,5.0,23.0,A01
201500040384,0,2,0,0.0,2.0,3.0,18.0,B01
201500040385,0,7,0,0.0,2.0,3.0,11.0,A01
201500040385,0,33,0,0.0,1.0,5.0,3.0,B01
201500040386,0,7,0,1.0,1.0,3.0,17.0,A01
201500040387,0,7,0,1.0,2.0,2.0,2.0,A01
201500040388,0,7,0,0.0,2.0,7.0,0.0,A01
201500040388,0,33,0,0.0,2.0,1.0,0.0,B01
201500040389,0,7,0,0.0,2.0,2.0,1.0,A01
201500040389,0,7,0,0.0,2.0,3.0,16.0,B01
201500040390,0,7,0,9.0,0.0,9.0,0.0,A01
201500040391,0,7,0,0.0,2.0,2.0,12.0,A01
201500040391,0,14,0,1.0,2.0,6.0,24.0,B01
201500040392,0,7,0,0.0,2.0,1.0,2.0,A01
201500040392,0,7,0,8.0,2.0,7.0,2.0,B01
201500040393,0,2,0,0.0,1.0,1.0,1.0,A01
201500040394,0,7,0,0.0,1.0,1.0,2.0,A01
201500040395,0,7,0,0.0,1.0,1.0,15.0,A01
201500040396,0,10,0,0.0,1.0,6.0,4.0,A01
201500040397,0,7,0,0.0,2.0,2.0,0.0,A01
201500040397,0,7,0,0.0,2.0,1.0,0.0,B01
201500040398,0,7,0,2.0,0.0,1.0,0.0,A01
201500040399,0,1,0,0.0,2.0,3.0,1.0,A01
201500040399,1,7,0,0.0,9.0,3.0,1.0,Z01
201500040400,0,2,0,0.0,1.0,7.0,3.0,A01
201500040401,0,33,0,0.0,1.0,2.0,1.0,A01
201500040402,1,2,0,0.0,1.0,1.0,3.0,Z01
201500040403,0,7,0,0.0,1.0,2.0,1.0,A01
201500040404,0,7,0,0.0,1.0,3.0,1.0,A01
201500040405,0,2,0,0.0,2.0,2.0,1.0,B01
201500040405,0,7,0,0.0,2.0,7.0,15.0,A01
201500040406,0,33,0,0.0,1.0,1.0,2.0,A01
201500040407,2,7,0,0.0,1.0,1.0,11.0,Z01
201500040408,0,7,0,0.0,2.0,3.0,23.0,A01
201500040408,0,14,0,0.0,2.0,2.0,14.0,B01
201500040409,0,99,0,0.0,1.0,1.0,15.0,A01
201500040410,0,1,0,0.0,2.0,1.0,0.0,A01
201500040410,0,7,0,0.0,9.0,4.0,0.0,B01
201500040411,0,7,0,8.0,0.0,1.0,2.0,A01
201500040412,0,10,0,0.0,2.0,1.0,1.0,A01
201500040412,0,33,0,0.0,1.0,7.0,2.0,B01
201500040413,0,7,0,0.0,1.0,8.0,11.0,A01
201500040414,0,3,0,0.0,2.0,2.0,15.0,A01
201500040414,0,33,0,0.0,2.0,1.0,1.0,B01
201500040415,0,7,0,0.0,0.0,0.0,0.0,A01
201500040415,0,1,0,0.0,0.0,0.0,0.0,B01
201500040416,0,7,0,0.0,1.0,1.0,2.0,A01
201500040417,0,7,0,0.0,0.0,3.0,0.0,A01
201500040417,0,2,0,0.0,0.0,6.0,2.0,B01
201500040418,0,7,0,0.0,1.0,1.0,2.0,A01
201500040419,0,7,0,0.0,2.0,6.0,15.0,A01
201500040419,0,34,0,0.0,2.0,1.0,17.0,B01
201500040420,0,7,0,15.0,0.0,1.0,1.0,A01
201500040421,2,7,0,0.0,0.0,1.0,16.0,Z01
201500040421,0,7,0,0.0,0.0,2.0,1.0,B01
201500040422,0,7,0,1.0,0.0,7.0,21.0,A01
201500040423,0,7,0,0.0,0.0,4.0,23.0,A01
201500040423,0,7,0,0.0,2.0,9.0,23.0,B01
201500040423,2,3,0,0.0,2.0,1.0,2.0,C01
201500040424,0,7,0,0.0,2.0,2.0,11.0,A01
201500040424,0,1,0,0.0,9.0,1.0,1.0,B01
201500040425,0,7,0,0.0,2.0,7.0,15.0,A01
201500040425,0,7,0,0.0,2.0,1.0,1.0,B01
201500040426,1,7,0,0.0,2.0,1.0,1.0,A01
201500040426,0,7,0,0.0,2.0,4.0,23.0,B01
201500040427,0,7,0,0.0,9.0,1.0,15.0,A01
201500040427,0,1,0,0.0,2.0,8.0,1.0,B01
201500040428,0,7,0,9.0,9.0,1.0,0.0,A01
201500040429,0,7,0,0.0,2.0,1.0,19.0,A01
201500040429,0,7,0,0.0,2.0,7.0,1.0,B01
201500040430,0,7,0,0.0,1.0,2.0,1.0,A01
201500040431,0,33,0,0.0,2.0,1.0,1.0,B01
201500040431,0,7,0,0.0,2.0,2.0,11.0,A01
201500040432,0,7,0,0.0,2.0,1.0,1.0,A01
201500040432,1,7,0,0.0,2.0,4.0,1.0,Z01
201500040433,0,1,0,0.0,1.0,1.0,1.0,A01
201500040434,0,7,0,0.0,1.0,3.0,1.0,A01
201500040435,1,7,0,0.0,1.0,0.0,0.0,Z01
201500040436,1,7,0,0.0,1.0,0.0,0.0,Z01
201500040437,0,7,0,0.0,2.0,1.0,1.0,A01
201500040437,0,7,0,0.0,2.0,3.0,16.0,B01
201500040438,0,7,0,0.0,1.0,3.0,1.0,A01
201500040439,0,7,0,0.0,0.0,0.0,0.0,A01
201500040439,0,7,0,1.0,0.0,0.0,0.0,B01
201500040439,1,7,0,0.0,0.0,0.0,0.0,Z01
201500040440,0,99,0,0.0,1.0,7.0,1.0,A01
201500040440,0,1,0,0.0,2.0,7.0,1.0,B01
201500040441,0,7,0,0.0,2.0,3.0,1.0,B01
201500040441,0,7,0,0.0,2.0,1.0,10.0,A01
201500040442,0,7,0,0.0,2.0,2.0,1.0,A01
201500040442,0,7,0,0.0,2.0,3.0,1.0,B01
201500040443,0,30,0,0.0,1.0,8.0,0.0,A01
201500040444,0,7,0,0.0,0.0,3.0,2.0,A01
201500040444,0,30,0,0.0,0.0,7.0,17.0,B01
201500040445,0,30,0,0.0,1.0,1.0,1.0,A01
201500040446,0,7,0,0.0,1.0,1.0,15.0,A01
201500040447,0,1,0,1.0,0.0,1.0,17.0,A01
201500040447,1,7,0,0.0,9.0,6.0,22.0,Z01
201500040448,0,7,0,0.0,2.0,3.0,1.0,A01
201500040448,0,30,0,0.0,2.0,4.0,1.0,B01
201500040449,0,7,0,0.0,2.0,5.0,15.0,A01
201500040449,0,7,0,0.0,2.0,1.0,1.0,B01
201500040450,1,7,0,0.0,1.0,0.0,0.0,A01
201500040451,0,7,0,0.0,1.0,3.0,1.0,A01
201500040452,1,7,0,0.0,1.0,0.0,0.0,Z01
201500040453,0,7,0,1.0,0.0,2.0,1.0,A01
201500040454,2,7,0,0.0,2.0,1.0,9.0,B01
201500040454,0,7,0,0.0,2.0,6.0,9.0,A01
201500040455,0,7,0,0.0,1.0,2.0,15.0,A01
201500040456,0,33,0,0.0,2.0,1.0,2.0,A01
201500040456,0,7,0,0.0,2.0,1.0,15.0,B01
201500040457,0,99,0,0.0,2.0,3.0,11.0,A01
201500040457,0,7,0,0.0,2.0,3.0,1.0,B01
201500040458,0,13,0,1.0,0.0,1.0,0.0,A01
201500040458,0,7,0,0.0,2.0,4.0,24.0,B01
201500040459,0,10,0,0.0,0.0,3.0,1.0,A01
201500040459,0,10,0,0.0,0.0,2.0,2.0,B01
201500040460,0,7,0,0.0,2.0,2.0,15.0,A01
201500040460,0,7,0,8.0,2.0,1.0,14.0,B01
201500040461,0,7,0,0.0,2.0,3.0,15.0,A01
201500040461,0,2,0,0.0,2.0,1.0,1.0,B01
201500040462,0,7,0,0.0,1.0,7.0,0.0,A01
201500040463,0,33,0,0.0,2.0,1.0,1.0,A01
201500040463,0,7,0,0.0,2.0,2.0,15.0,B01
201500040464,0,10,0,0.0,2.0,1.0,1.0,A01
201500040464,0,7,0,0.0,2.0,1.0,1.0,B01
201500040465,0,7,0,0.0,1.0,4.0,2.0,A01
201500040465,1,7,0,0.0,0.0,1.0,2.0,Z01
201500040466,0,7,0,0.0,1.0,7.0,1.0,A01
201500040467,0,30,0,0.0,1.0,2.0,19.0,A01
201500040468,0,7,0,9.0,2.0,9.0,11.0,A01
201500040468,0,7,0,0.0,2.0,2.0,11.0,B01
201500040468,0,7,0,0.0,0.0,6.0,1.0,C01
201500040469,0,7,0,0.0,2.0,2.0,12.0,A01
201500040469,0,32,0,0.0,2.0,8.0,1.0,B01
201500040469,0,7,0,0.0,2.0,8.0,23.0,C01
201500040470,0,7,0,0.0,2.0,2.0,15.0,B01
201500040470,0,30,0,0.0,2.0,1.0,1.0,A01
201500040471,0,7,0,0.0,2.0,3.0,0.0,A01
201500040471,0,2,0,0.0,0.0,0.0,0.0,B01
201500040472,0,7,0,0.0,2.0,2.0,6.0,A01
201500040472,0,32,0,0.0,2.0,3.0,1.0,B01
201500040473,0,7,0,0.0,2.0,1.0,1.0,A01
201500040473,0,7,0,0.0,2.0,7.0,15.0,B01
201500040474,1,7,0,0.0,1.0,0.0,0.0,Z01
201500040475,0,7,0,0.0,1.0,3.0,1.0,A01
201500040476,0,34,0,0.0,2.0,1.0,18.0,A01
201500040476,0,37,1,0.0,2.0,2.0,16.0,B01
201500040477,0,7,0,0.0,1.0,1.0,1.0,A01
201500040478,0,7,0,0.0,2.0,3.0,9.0,A01
201500040478,0,31,0,0.0,2.0,1.0,1.0,B01
201500040479,0,7,0,0.0,1.0,0.0,0.0,A01
201500040480,0,37,3,0.0,0.0,7.0,1.0,A01
201500040480,0,7,0,0.0,0.0,3.0,9.0,B01
201500040481,0,7,0,0.0,1.0,1.0,1.0,A01
201500040482,1,7,0,0.0,1.0,0.0,0.0,Z01
201500040483,0,7,0,1.0,0.0,2.0,1.0,A01
201500040483,0,7,0,0.0,0.0,6.0,1.0,B01
201500040484,0,7,0,0.0,2.0,3.0,14.0,A01
201500040484,0,7,0,0.0,2.0,3.0,1.0,B01
201500040485,0,7,0,0.0,2.0,2.0,15.0,A01
201500040485,0,30,0,0.0,2.0,1.0,1.0,B01
201500040486,0,7,0,0.0,1.0,1.0,1.0,A01
201500040487,0,7,0,0.0,2.0,5.0,16.0,A01
201500040487,0,33,0,0.0,2.0,1.0,1.0,B01
201500040488,0,30,0,0.0,1.0,8.0,1.0,A01
201500040489,0,7,0,0.0,1.0,3.0,14.0,A01
201500040490,0,33,0,1.0,2.0,7.0,17.0,A01
201500040490,0,7,0,1.0,2.0,1.0,24.0,B01
201500040490,0,7,0,0.0,2.0,8.0,2.0,C01
201500040491,0,7,0,8.0,2.0,2.0,1.0,A01
201500040491,0,7,0,0.0,2.0,1.0,1.0,B01
201500040492,0,33,0,0.0,2.0,2.0,1.0,B01
201500040492,0,7,0,0.0,2.0,2.0,9.0,A01
201500040493,0,34,0,0.0,9.0,1.0,1.0,A01
201500040493,0,1,0,0.0,2.0,1.0,1.0,B01
201500040494,0,7,0,2.0,0.0,1.0,1.0,A01
201500040495,0,7,0,0.0,2.0,1.0,1.0,A01
201500040495,0,33,0,0.0,0.0,4.0,1.0,B01
201500040496,0,14,0,0.0,2.0,7.0,13.0,A01
201500040496,0,34,0,0.0,2.0,6.0,13.0,B01
201500040497,0,7,0,0.0,0.0,2.0,15.0,A01
201500040497,0,33,0,0.0,0.0,1.0,1.0,B01
201500040498,0,7,0,0.0,1.0,3.0,1.0,A01
201500040499,0,7,0,0.0,2.0,2.0,15.0,A01
201500040499,0,32,0,0.0,2.0,1.0,1.0,B01
201500040500,0,7,0,0.0,0.0,1.0,1.0,A01
201500040500,0,2,0,0.0,0.0,1.0,3.0,B01
201500040501,0,7,0,0.0,2.0,2.0,16.0,A01
201500040501,0,30,0,0.0,2.0,1.0,0.0,B01
201500040502,0,7,0,0.0,2.0,1.0,1.0,B01
201500040502,0,7,0,0.0,2.0,3.0,15.0,A01
201500040503,0,7,0,0.0,1.0,2.0,19.0,A01
201500040504,0,7,0,0.0,1.0,6.0,0.0,A01
201500040505,0,7,0,8.0,2.0,5.0,1.0,B01
201500040505,0,7,0,0.0,2.0,1.0,1.0,A01
201500040506,0,7,0,0.0,2.0,3.0,1.0,A01
201500040506,0,7,0,0.0,2.0,2.0,15.0,B01
201500040506,0,7,0,0.0,2.0,1.0,1.0,C01
201500040507,2,7,0,7.0,1.0,1.0,1.0,Z01
201500040508,0,37,0,0.0,1.0,2.0,16.0,A01
201500040509,0,7,0,0.0,0.0,7.0,13.0,A01
201500040509,0,33,0,0.0,2.0,1.0,1.0,B01
201500040510,0,7,0,0.0,2.0,1.0,0.0,A01
201500040510,0,7,0,0.0,2.0,1.0,0.0,B01
201500040511,1,7,0,0.0,1.0,0.0,0.0,Z01
201500040512,0,7,0,9.0,0.0,1.0,14.0,A01
201500040513,0,7,0,0.0,2.0,2.0,1.0,A01
201500040513,0,7,0,0.0,2.0,3.0,2.0,B01
201500040514,0,7,0,0.0,2.0,2.0,1.0,A01
201500040514,0,7,0,0.0,2.0,1.0,9.0,B01
201500040515,0,7,0,0.0,2.0,2.0,15.0,A01
201500040515,0,31,0,0.0,2.0,1.0,1.0,B01
201500040516,0,7,0,0.0,0.0,4.0,15.0,A01
201500040516,0,33,0,0.0,2.0,1.0,0.0,B01
201500040517,0,7,0,0.0,1.0,1.0,0.0,A01
201500040518,0,7,0,0.0,2.0,6.0,15.0,A01
201500040518,0,31,0,0.0,2.0,1.0,2.0,B01
201500040519,0,7,0,0.0,1.0,3.0,2.0,A01