Num_Acc,senc,catv,occutc,obs,obsm,choc,manv,num_veh
201500040520,0,10,0,0.0,1.0,1.0,5.0,A01
201500040521,1,99,0,0.0,1.0,4.0,4.0,Z01
201500040522,0,7,0,0.0,4.0,2.0,2.0,A01
201500040522,0,40,0,0.0,2.0,1.0,2.0,B01
201500040523,0,7,0,0.0,1.0,1.0,1.0,A01
201500040524,0,7,0,0.0,0.0,3.0,2.0,A01
201500040524,0,7,0,0.0,0.0,1.0,1.0,B01
201500040525,1,99,0,0.0,1.0,0.0,0.0,Z01
201500040526,0,7,0,0.0,0.0,3.0,15.0,A01
201500040526,0,33,0,0.0,2.0,2.0,2.0,B01
201500040527,0,7,0,0.0,2.0,1.0,1.0,A01
201500040527,0,7,0,0.0,1.0,5.0,1.0,B01
201500040528,0,7,0,0.0,1.0,2.0,1.0,A01
201500040529,0,30,0,0.0,2.0,1.0,1.0,A01
201500040529,0,7,0,0.0,2.0,6.0,1.0,B01
201500040530,0,7,0,0.0,1.0,3.0,1.0,A01
201500040531,0,7,0,0.0,0.0,2.0,0.0,A01
201500040531,0,34,0,0.0,0.0,1.0,0.0,B01
201500040532,0,7,0,0.0,2.0,7.0,11.0,A01
201500040532,0,33,0,0.0,2.0,1.0,1.0,B01
201500040533,0,7,0,0.0,2.0,8.0,2.0,A01
201500040533,0,7,0,0.0,2.0,2.0,2.0,B01
201500040534,0,37,0,0.0,1.0,6.0,1.0,A01
201500040535,0,7,0,0.0,0.0,3.0,15.0,A01
201500040535,0,7,0,0.0,2.0,8.0,1.0,B01
201500040536,0,7,0,0.0,2.0,1.0,1.0,A01
201500040536,0,7,0,0.0,2.0,1.0,2.0,B01
201500040536,0,7,0,0.0,2.0,1.0,2.0,C01
201500040536,0,7,0,0.0,2.0,4.0,2.0,D01
201500040537,0,7,0,0.0,2.0,7.0,1.0,B01
201500040537,0,7,0,0.0,2.0,3.0,1.0,A01
201500040538,0,7,0,0.0,2.0,3.0,2.0,A01
201500040539,0,7,0,0.0,1.0,1.0,1.0,A01
201500040540,0,31,0,0.0,2.0,8.0,5.0,A01
201500040540,0,37,0,0.0,2.0,1.0,0.0,B01
201500040541,0,7,0,0.0,0.0,3.0,15.0,A01
201500040541,0,33,0,0.0,0.0,2.0,17.0,B01
201500040542,0,33,0,0.0,1.0,3.0,1.0,A01
201500040542,0,7,0,0.0,1.0,3.0,23.0,B01
201500040543,0,7,0,0.0,1.0,1.0,9.0,A01
201500040544,0,7,0,0.0,0.0,2.0,23.0,A01
201500040544,0,33,0,1.0,0.0,1.0,18.0,B01
201500040545,1,99,0,0.0,1.0,0.0,0.0,A01
201500040546,0,7,0,0.0,2.0,1.0,1.0,A01
201500040546,0,33,0,0.0,2.0,8.0,0.0,B01
201500040547,0,7,0,0.0,0.0,6.0,0.0,A01
201500040547,0,2,0,0.0,2.0,3.0,2.0,B01
201500040548,0,7,0,0.0,2.0,8.0,1.0,A01
201500040548,0,30,0,0.0,2.0,1.0,1.0,B01
201500040549,0,7,0,0.0,0.0,8.0,4.0,A01
201500040549,0,32,0,0.0,2.0,7.0,2.0,B01
201500040550,0,31,0,0.0,2.0,1.0,1.0,A01
201500040550,0,7,0,0.0,2.0,8.0,6.0,B01
201500040551,1,7,0,0.0,2.0,0.0,11.0,A01
201500040551,0,2,0,0.0,2.0,8.0,3.0,B01
201500040552,0,7,0,0.0,2.0,2.0,1.0,A01
201500040552,0,31,0,0.0,2.0,6.0,1.0,B01
201500040553,0,7,0,1.0,0.0,2.0,2.0,A01
201500040554,0,7,0,0.0,0.0,3.0,9.0,A01
201500040554,0,33,0,0.0,0.0,7.0,1.0,B01
201500040555,1,99,0,0.0,1.0,0.0,0.0,A01
201500040556,0,7,0,0.0,2.0,7.0,17.0,A01
201500040556,0,99,0,0.0,2.0,3.0,15.0,B01
201500040557,0,7,0,0.0,0.0,6.0,15.0,A01
201500040557,0,30,0,1.0,0.0,0.0,13.0,B01
201500040558,0,7,0,0.0,2.0,5.0,15.0,B01
201500040558,1,99,0,0.0,2.0,0.0,5.0,A01
201500040559,0,7,0,0.0,2.0,8.0,1.0,B01
201500040559,2,7,0,0.0,2.0,1.0,19.0,A01
201500040560,0,7,0,1.0,0.0,2.0,14.0,A01
201500040561,0,33,0,0.0,2.0,2.0,1.0,A01
201500040561,1,7,0,0.0,0.0,6.0,20.0,B01
201500040562,0,7,0,0.0,0.0,3.0,11.0,A01
201500040562,0,2,0,0.0,0.0,1.0,1.0,B01
201500040563,0,34,0,0.0,2.0,3.0,1.0,A01
201500040563,0,10,0,0.0,2.0,1.0,15.0,B01
201500040564,0,33,0,0.0,2.0,2.0,1.0,A01
201500040564,0,7,0,1.0,0.0,3.0,15.0,B01
201500040565,0,7,0,0.0,2.0,8.0,1.0,A01
201500040565,0,34,0,0.0,2.0,7.0,2.0,B01
201500040566,0,7,0,0.0,2.0,3.0,2.0,A01
201500040566,0,7,0,0.0,2.0,4.0,2.0,B01
201500040567,0,7,0,0.0,1.0,8.0,15.0,A01
201500040568,2,7,0,0.0,0.0,2.0,2.0,A01
201500040568,0,7,0,0.0,0.0,8.0,1.0,B01
201500040569,0,7,0,0.0,1.0,3.0,15.0,A01
201500040570,0,7,0,0.0,2.0,3.0,15.0,A01
201500040570,0,33,0,0.0,2.0,3.0,2.0,B01
201500040571,0,7,0,0.0,2.0,4.0,1.0,A01
201500040571,0,7,0,0.0,0.0,1.0,1.0,B01
201500040572,0,7,0,0.0,1.0,2.0,16.0,A01
201500040573,0,7,0,0.0,2.0,3.0,13.0,A01
201500040573,0,7,0,0.0,2.0,8.0,23.0,B01
201500040574,0,7,0,0.0,1.0,3.0,15.0,A01
201500040575,0,7,0,0.0,2.0,8.0,1.0,B01
201500040575,0,7,0,0.0,2.0,1.0,1.0,A01
201500040576,0,7,0,0.0,1.0,8.0,0.0,A01
201500040577,0,7,0,0.0,2.0,3.0,16.0,A01
201500040577,0,7,0,0.0,2.0,3.0,1.0,B01
201500040578,0,2,0,0.0,1.0,1.0,1.0,A01
201500040579,0,7,0,0.0,2.0,8.0,0.0,B01
201500040579,2,13,0,0.0,2.0,1.0,0.0,A01
201500040580,0,7,0,0.0,2.0,3.0,2.0,A01
201500040580,0,7,0,0.0,2.0,3.0,2.0,B01
201500040581,0,7,0,1.0,0.0,2.0,14.0,A01
201500040582,0,7,0,0.0,0.0,1.0,0.0,A01
201500040582,0,33,0,0.0,0.0,1.0,0.0,B01
201500040583,0,10,0,0.0,2.0,1.0,15.0,A01
201500040583,0,33,0,0.0,0.0,1.0,1.0,B01
201500040584,0,7,0,0.0,0.0,2.0,10.0,A01
201500040584,0,30,0,0.0,0.0,1.0,2.0,B01
201500040585,0,7,0,2.0,0.0,1.0,0.0,A01
201500040586,0,7,0,0.0,2.0,2.0,1.0,A01
201500040586,0,7,0,0.0,2.0,4.0,9.0,B01
201500040587,0,7,0,0.0,2.0,3.0,0.0,A01
201500040587,0,2,0,0.0,2.0,3.0,0.0,B01
201500040588,0,7,0,0.0,1.0,1.0,16.0,A01
201500040589,0,7,0,0.0,2.0,2.0,15.0,A01
201500040589,0,7,0,0.0,2.0,3.0,1.0,B01
201500040590,0,7,0,0.0,0.0,2.0,1.0,A01
201500040591,1,7,0,0.0,1.0,1.0,2.0,A01
201500040592,0,7,0,0.0,0.0,8.0,15.0,B01
201500040592,0,7,0,0.0,0.0,1.0,1.0,A01
201500040593,0,7,0,0.0,2.0,3.0,1.0,A01
201500040593,0,30,0,0.0,2.0,1.0,2.0,B01
201500040593,0,7,0,0.0,0.0,1.0,1.0,C01
201500040594,0,3,0,8.0,0.0,1.0,2.0,A01
201500040595,0,7,0,0.0,2.0,1.0,0.0,B01
201500040595,0,34,0,0.0,2.0,2.0,0.0,A01
201500040596,0,7,0,0.0,1.0,1.0,0.0,A01
201500040597,0,33,0,0.0,0.0,0.0,0.0,B01
201500040597,0,7,0,0.0,2.0,5.0,0.0,A01
201500040598,1,7,0,0.0,2.0,1.0,1.0,A01
201500040598,0,7,0,0.0,2.0,4.0,23.0,B01
201500040598,0,7,0,0.0,2.0,4.0,23.0,C01
201500040598,0,2,0,0.0,0.0,0.0,0.0,D01
201500040599,1,30,0,0.0,1.0,0.0,0.0,A01
201500040600,1,7,0,0.0,2.0,3.0,11.0,A01
201500040600,0,30,0,3.0,2.0,2.0,11.0,B01
201500040601,0,7,0,0.0,0.0,7.0,24.0,A01
201500040601,0,10,0,1.0,1.0,6.0,1.0,B01
201500040602,0,7,0,0.0,1.0,2.0,1.0,A01
201500040603,0,7,0,0.0,1.0,2.0,16.0,A01
201500040604,0,7,0,0.0,9.0,2.0,1.0,A01
201500040604,0,30,0,0.0,2.0,1.0,1.0,B01
201500040605,0,7,0,0.0,1.0,2.0,2.0,A01
201500040606,0,7,0,0.0,1.0,2.0,9.0,A01
201500040607,0,30,0,0.0,0.0,8.0,15.0,A01
201500040607,0,31,0,0.0,0.0,5.0,1.0,B01
201500040608,0,2,0,0.0,0.0,0.0,0.0,A01
201500040609,0,7,0,0.0,2.0,7.0,12.0,A01
201500040609,0,2,0,0.0,2.0,1.0,18.0,B01
201500040610,0,7,0,0.0,1.0,1.0,1.0,A01
201500040611,0,7,0,0.0,1.0,1.0,17.0,A01
201500040612,0,7,0,0.0,0.0,2.0,1.0,B01
201500040612,0,7,0,0.0,2.0,1.0,1.0,A01
201500040612,0,7,0,1.0,0.0,6.0,1.0,C01
201500040613,1,7,0,0.0,1.0,0.0,0.0,A01
201500040614,0,32,0,0.0,2.0,7.0,11.0,A01
201500040614,0,7,0,0.0,2.0,0.0,11.0,B01
201500040615,0,7,0,0.0,2.0,5.0,4.0,A01
201500040615,0,1,0,0.0,2.0,1.0,1.0,B01
201500040616,0,13,0,0.0,1.0,8.0,1.0,A01
201500040617,0,7,0,0.0,1.0,2.0,1.0,A01
201500040618,0,34,0,0.0,2.0,1.0,1.0,B01
201500040618,0,7,0,0.0,2.0,5.0,17.0,A01
201500040619,0,7,0,0.0,1.0,2.0,9.0,A01
201500040620,0,7,0,0.0,2.0,2.0,15.0,A01
201500040620,0,34,0,0.0,2.0,1.0,19.0,B01
201500040621,0,7,0,0.0,2.0,1.0,2.0,A01
201500040621,0,7,0,0.0,2.0,4.0,2.0,B01
201500040622,0,7,0,0.0,1.0,1.0,0.0,A01
201500040623,0,7,0,0.0,2.0,2.0,1.0,A01
201500040623,0,7,0,0.0,2.0,1.0,1.0,B01
201500040624,0,7,0,0.0,2.0,2.0,1.0,B01
201500040624,0,7,0,0.0,2.0,1.0,15.0,A01
201500040625,0,30,0,0.0,2.0,1.0,17.0,A01
201500040625,0,7,0,0.0,2.0,8.0,15.0,B01
201500040626,0,33,0,0.0,1.0,1.0,1.0,A01
201500040627,0,33,0,0.0,1.0,7.0,1.0,A01
201500040628,0,7,0,0.0,2.0,2.0,1.0,A01
201500040628,0,7,0,0.0,2.0,3.0,1.0,B01
201500040629,0,33,0,0.0,0.0,3.0,1.0,B01
201500040629,0,7,0,0.0,0.0,3.0,15.0,A01
201500040630,0,7,0,0.0,9.0,8.0,24.0,A01
201500040630,0,1,0,1.0,9.0,2.0,2.0,B01
201500040631,0,2,0,0.0,2.0,8.0,2.0,A01
201500040631,1,7,0,0.0,2.0,0.0,15.0,B01
201500040632,0,7,0,0.0,2.0,2.0,10.0,A01
201500040632,0,30,0,0.0,2.0,8.0,0.0,B01
201500040633,0,7,0,0.0,2.0,1.0,1.0,A01
201500040633,0,32,0,0.0,2.0,8.0,1.0,B01
201500040634,0,7,0,0.0,0.0,4.0,23.0,B01
201500040634,0,7,0,0.0,2.0,1.0,2.0,A01
201500040635,0,7,0,0.0,1.0,3.0,1.0,A01
201500040636,0,30,0,0.0,9.0,2.0,2.0,A01
201500040636,0,1,0,0.0,0.0,3.0,0.0,B01
201500040637,0,7,0,0.0,1.0,2.0,21.0,A01
201500040638,0,7,0,0.0,1.0,1.0,1.0,A01
201500040639,0,7,0,0.0,1.0,0.0,9.0,A01
201500040640,0,7,0,0.0,0.0,7.0,1.0,A01
201500040640,0,34,0,0.0,2.0,1.0,2.0,B01
201500040641,0,7,0,4.0,0.0,1.0,7.0,A01
201500040641,0,37,1,0.0,0.0,3.0,7.0,B01
201500040642,0,7,0,0.0,0.0,1.0,1.0,A01
201500040642,0,33,0,0.0,2.0,4.0,2.0,B01
201500040643,0,7,0,0.0,1.0,1.0,0.0,A01
201500040644,0,7,0,0.0,0.0,2.0,17.0,A01
201500040644,0,7,0,0.0,2.0,3.0,15.0,B01
201500040645,0,7,0,0.0,2.0,1.0,15.0,A01
201500040645,0,2,0,0.0,2.0,3.0,1.0,B01
201500040646,0,7,0,0.0,1.0,2.0,1.0,A01
201500040647,0,7,0,0.0,2.0,7.0,0.0,B01
201500040647,0,7,0,0.0,2.0,1.0,1.0,A01
201500040648,0,7,0,0.0,1.0,1.0,1.0,A01
201500040649,0,7,0,0.0,1.0,2.0,1.0,A01
201500040650,0,7,0,0.0,1.0,2.0,19.0,A01
201500040651,0,7,0,0.0,0.0,2.0,15.0,A01
201500040651,0,30,0,0.0,0.0,1.0,1.0,Y01
201500040652,1,7,0,0.0,2.0,0.0,0.0,A01
201500040652,0,33,0,0.0,2.0,2.0,1.0,B01
201500040653,0,7,0,0.0,1.0,1.0,1.0,A01
201500040654,0,33,0,0.0,2.0,5.0,17.0,A01
201500040654,0,7,0,0.0,2.0,8.0,17.0,B01
201500040655,0,30,0,0.0,1.0,1.0,1.0,A01
201500040656,0,7,0,0.0,0.0,8.0,15.0,A01
201500040656,0,33,0,0.0,0.0,7.0,1.0,B01
201500040657,0,3,0,8.0,0.0,1.0,1.0,A01
201500040658,0,2,0,0.0,1.0,1.0,1.0,A01
201500040659,0,7,0,0.0,0.0,2.0,2.0,A01
201500040659,0,7,0,0.0,2.0,1.0,1.0,B01
201500040660,0,7,0,0.0,2.0,3.0,10.0,A01
201500040660,0,32,0,0.0,2.0,8.0,1.0,B01
201500040661,0,7,0,0.0,0.0,4.0,15.0,A01
201500040661,1,7,0,0.0,2.0,1.0,2.0,B01
201500040662,0,7,0,0.0,2.0,3.0,2.0,A01
201500040662,0,31,0,0.0,2.0,1.0,2.0,B01
201500040663,0,33,0,0.0,0.0,0.0,1.0,A01
201500040664,0,7,0,0.0,0.0,3.0,9.0,A01
201500040664,0,33,0,0.0,2.0,1.0,0.0,B01
201500040665,0,34,0,0.0,2.0,1.0,9.0,A01
201500040665,0,7,0,0.0,2.0,1.0,0.0,B01
201500040665,0,7,0,0.0,0.0,4.0,0.0,C01
201500040666,0,7,0,0.0,0.0,2.0,15.0,A01
201500040666,0,2,0,0.0,0.0,1.0,1.0,B01
201500040667,0,7,0,0.0,1.0,7.0,1.0,A01
201500040668,0,99,0,0.0,2.0,2.0,15.0,A01
201500040668,0,33,0,0.0,2.0,2.0,0.0,B01
201500040669,0,10,0,14.0,0.0,7.0,17.0,A01
201500040670,0,7,0,15.0,2.0,1.0,15.0,A01
201500040670,0,7,0,0.0,2.0,1.0,1.0,B01
201500040671,0,7,0,11.0,0.0,9.0,1.0,A01
201500040672,0,7,0,0.0,1.0,1.0,2.0,A01
201500040673,0,7,0,0.0,1.0,3.0,1.0,A01
201500040674,0,7,0,0.0,2.0,1.0,0.0,B01
201500040674,0,7,0,15.0,2.0,2.0,1.0,A01
201500040675,0,7,0,0.0,2.0,1.0,1.0,A01
201500040675,0,7,0,0.0,2.0,3.0,1.0,B01
201500040676,0,7,0,0.0,2.0,2.0,1.0,A01
201500040676,0,7,0,0.0,0.0,5.0,1.0,B01
201500040677,0,7,0,0.0,0.0,2.0,15.0,A01
201500040677,0,1,0,0.0,0.0,1.0,1.0,B01
201500040678,0,7,0,0.0,1.0,1.0,1.0,A01
201500040679,0,10,0,0.0,0.0,4.0,1.0,A01
201500040679,1,30,0,0.0,2.0,4.0,2.0,Z01
201500040680,0,7,0,0.0,1.0,3.0,1.0,A01
201500040681,0,7,0,0.0,2.0,1.0,15.0,A01
201500040681,0,7,0,0.0,2.0,3.0,1.0,B01
201500040682,0,7,0,0.0,2.0,2.0,15.0,A01
201500040682,0,7,0,0.0,2.0,1.0,1.0,B01
201500040683,0,7,0,0.0,2.0,3.0,1.0,A01
201500040684,0,33,0,0.0,0.0,7.0,1.0,A01
201500040685,0,7,0,8.0,2.0,1.0,1.0,A01
201500040685,0,2,0,0.0,2.0,8.0,1.0,B01
201500040686,0,10,0,0.0,2.0,3.0,20.0,A01
201500040686,0,33,0,0.0,2.0,1.0,17.0,B01
201500040687,0,7,0,0.0,9.0,2.0,2.0,A01
201500040687,0,31,0,0.0,2.0,1.0,2.0,B01
201500040688,0,10,0,0.0,1.0,0.0,1.0,A01
201500040689,0,10,0,0.0,2.0,1.0,11.0,A01
201500040689,0,30,0,0.0,2.0,1.0,1.0,B01
201500040690,1,30,0,0.0,1.0,0.0,0.0,A01
201500040691,0,7,0,0.0,2.0,1.0,15.0,A01
201500040691,0,33,0,0.0,2.0,1.0,1.0,B01
201500040692,0,7,0,0.0,2.0,1.0,15.0,A01
201500040692,0,7,0,0.0,2.0,3.0,1.0,B01
201500040693,1,7,0,0.0,2.0,2.0,3.0,A01
201500040693,0,33,0,0.0,0.0,6.0,2.0,B01
201500040694,0,7,0,8.0,0.0,1.0,16.0,A01
201500040695,0,7,0,0.0,2.0,1.0,0.0,A01
201500040695,0,7,0,0.0,2.0,4.0,1.0,B01
201500040695,0,7,0,0.0,2.0,4.0,1.0,C01
201500040696,0,7,0,0.0,1.0,3.0,1.0,A01
201500040697,0,7,0,0.0,0.0,4.0,23.0,A01
201500040697,2,7,0,0.0,2.0,1.0,2.0,B01
201500040698,0,7,0,0.0,1.0,3.0,0.0,A01
201500040699,0,7,0,15.0,0.0,1.0,15.0,A01
201500040700,0,7,0,1.0,0.0,2.0,1.0,A01
201500040701,0,7,0,0.0,2.0,7.0,15.0,A01
201500040701,0,7,0,0.0,2.0,1.0,1.0,B01
201500040702,0,7,0,0.0,2.0,7.0,15.0,A01
201500040702,0,33,0,0.0,2.0,1.0,1.0,B01
201500040703,0,7,0,0.0,2.0,1.0,1.0,A01
201500040703,0,7,0,0.0,0.0,4.0,10.0,B01
201500040704,0,7,0,0.0,0.0,2.0,1.0,A01
201500040704,0,7,0,0.0,0.0,3.0,0.0,B01
201500040705,0,7,0,9.0,1.0,3.0,1.0,A01
201500040705,0,7,0,0.0,2.0,3.0,15.0,B01
201500040706,0,7,0,0.0,0.0,5.0,19.0,A01
201500040706,0,7,0,0.0,2.0,1.0,0.0,B01
201500040707,0,7,0,0.0,2.0,2.0,9.0,A01
201500040707,0,33,0,0.0,2.0,0.0,0.0,B01
201500040708,0,7,0,0.0,2.0,3.0,0.0,B01
201500040708,0,7,0,0.0,2.0,7.0,11.0,A01
201500040709,0,7,0,0.0,2.0,3.0,15.0,A01
201500040709,0,33,0,0.0,2.0,1.0,1.0,B01
201500040710,0,7,0,1.0,0.0,3.0,1.0,A01
201500040711,0,7,0,0.0,1.0,2.0,15.0,A01
201500040712,1,99,0,0.0,2.0,1.0,1.0,A01
201500040712,0,7,0,0.0,2.0,4.0,1.0,B01
201500040713,0,7,0,0.0,2.0,3.0,2.0,A01
201500040713,0,3,0,0.0,2.0,6.0,2.0,B01
201500040714,0,7,0,0.0,2.0,2.0,2.0,A01
201500040714,0,7,0,0.0,2.0,3.0,2.0,B01
201500040715,0,7,0,0.0,2.0,4.0,1.0,A01
201500040715,0,7,0,0.0,0.0,4.0,1.0,B01
201500040716,0,7,0,0.0,1.0,1.0,15.0,A01
201500040717,0,7,0,1.0,0.0,1.0,1.0,A01
201500040717,0,10,0,0.0,2.0,4.0,24.0,B01
201500040718,0,7,0,0.0,2.0,2.0,15.0,A01
201500040718,0,33,0,0.0,2.0,2.0,1.0,B01
201500040719,0,7,0,0.0,2.0,3.0,1.0,A01
201500040719,0,7,0,0.0,2.0,2.0,15.0,B01
201500040720,0,33,0,0.0,2.0,1.0,1.0,B01
201500040720,0,37,6,0.0,2.0,3.0,1.0,A01
201500040721,0,33,0,0.0,2.0,1.0,1.0,B01
201500040721,0,7,0,0.0,2.0,1.0,15.0,A01
201500040722,0,10,0,1.0,2.0,1.0,5.0,A01
201500040722,0,7,0,0.0,2.0,2.0,1.0,B01
201500040723,0,7,0,0.0,1.0,3.0,1.0,A01
201500040724,0,7,0,0.0,2.0,5.0,1.0,A01
201500040724,0,7,0,0.0,2.0,1.0,1.0,B01
201500040725,0,7,0,4.0,0.0,3.0,0.0,A01
201500040726,0,7,0,0.0,2.0,1.0,1.0,A01
201500040726,0,7,0,0.0,2.0,4.0,1.0,B01
201500040726,0,7,0,0.0,0.0,4.0,1.0,C01
201500040727,0,7,0,0.0,2.0,7.0,11.0,A01
201500040727,0,7,0,0.0,2.0,6.0,2.0,B01
201500040728,0,7,0,12.0,0.0,1.0,1.0,A01
201500040729,0,7,0,0.0,2.0,1.0,1.0,A01
201500040729,0,7,0,0.0,2.0,4.0,23.0,B01
201500040729,0,7,0,0.0,0.0,4.0,23.0,C01
201500040730,0,10,0,0.0,2.0,1.0,0.0,A01
201500040730,0,7,0,0.0,2.0,8.0,0.0,B01
201500040731,0,31,0,12.0,0.0,1.0,1.0,A01
201500040732,2,7,0,0.0,2.0,0.0,0.0,A01
201500040732,0,1,0,0.0,2.0,0.0,0.0,B01
201500040733,0,7,0,0.0,0.0,3.0,1.0,A01
201500040734,0,7,0,0.0,0.0,8.0,15.0,A01
201500040734,0,33,0,0.0,2.0,2.0,2.0,B01
201500040735,1,7,0,0.0,2.0,1.0,2.0,A01
201500040735,0,7,0,0.0,0.0,4.0,2.0,B01
201500040736,0,7,0,14.0,2.0,2.0,2.0,B01
201500040736,0,10,0,0.0,2.0,3.0,0.0,C01
201500040736,0,7,0,14.0,2.0,3.0,2.0,A01
201500040737,0,7,0,14.0,0.0,1.0,13.0,A01
201500040738,0,3,0,8.0,0.0,1.0,0.0,A01
201500040739,0,7,0,0.0,2.0,1.0,1.0,B01
201500040739,0,7,0,0.0,2.0,2.0,9.0,A01
201500040740,0,7,0,0.0,2.0,3.0,23.0,B01
201500040740,0,7,0,0.0,2.0,3.0,15.0,A01
201500040741,1,7,0,0.0,2.0,1.0,0.0,Z01
201500040741,0,32,0,0.0,2.0,7.0,0.0,A01
201500040742,0,7,0,1.0,0.0,1.0,2.0,A01
201500040743,0,7,0,0.0,0.0,7.0,0.0,A01
201500040743,0,33,0,0.0,2.0,1.0,0.0,B01
201500040744,0,7,0,14.0,2.0,2.0,2.0,A01
201500040744,0,1,0,0.0,2.0,3.0,11.0,B01
201500040745,0,10,0,0.0,2.0,1.0,11.0,A01
201500040745,0,33,0,0.0,2.0,1.0,1.0,B01
201500040746,0,7,0,12.0,2.0,5.0,1.0,A01
201500040746,2,7,0,0.0,2.0,5.0,1.0,B01
201500040747,2,7,0,0.0,2.0,2.0,3.0,A01
201500040747,0,7,0,0.0,2.0,6.0,2.0,B01
201500040747,0,33,0,0.0,0.0,2.0,2.0,C01
201500040748,0,7,0,0.0,1.0,2.0,21.0,A01
201500040749,0,7,0,0.0,0.0,1.0,1.0,A01
201500040749,0,7,0,0.0,0.0,4.0,0.0,B01
201500040749,0,7,0,0.0,0.0,0.0,0.0,C01
201500040750,0,7,0,0.0,2.0,2.0,1.0,A01
201500040750,0,31,0,0.0,2.0,8.0,1.0,B01
201500040751,0,30,0,0.0,2.0,7.0,17.0,A01
201500040751,0,7,0,0.0,2.0,6.0,15.0,B01
201500040752,0,7,0,0.0,2.0,1.0,15.0,A01
201500040752,0,7,0,0.0,2.0,3.0,1.0,B01
201500040753,0,13,0,0.0,2.0,1.0,1.0,A01
201500040753,0,7,0,0.0,0.0,4.0,2.0,B01
201500040754,1,7,0,0.0,1.0,1.0,16.0,A01
201500040755,0,7,0,0.0,1.0,2.0,21.0,A01
201500040756,0,7,0,0.0,0.0,7.0,11.0,A01
201500040756,0,33,0,0.0,2.0,1.0,1.0,B01
201500040757,0,7,0,0.0,0.0,4.0,1.0,A01
201500040757,0,30,0,0.0,2.0,1.0,2.0,B01
201500040758,0,15,0,1.0,1.0,0.0,0.0,B01
201500040759,0,7,0,0.0,2.0,1.0,1.0,A01
201500040759,0,31,0,0.0,0.0,4.0,1.0,B01
201500040760,0,7,0,0.0,0.0,5.0,4.0,A01
201500040760,0,1,0,0.0,2.0,1.0,2.0,B01
201500040761,0,7,0,0.0,1.0,8.0,1.0,A01
201500040762,0,7,0,0.0,2.0,5.0,11.0,A01
201500040762,0,7,0,0.0,2.0,4.0,0.0,B01
201500040763,0,7,0,0.0,0.0,2.0,10.0,A01
201500040763,0,33,0,0.0,0.0,1.0,2.0,B01
201500040764,0,7,0,0.0,1.0,2.0,1.0,A01
201500040765,0,7,0,0.0,9.0,3.0,9.0,A01
201500040765,0,1,0,0.0,2.0,1.0,0.0,B01
201500040766,0,7,0,0.0,2.0,1.0,0.0,A01
201500040766,0,7,0,0.0,2.0,1.0,0.0,B01
201500040767,0,7,0,0.0,2.0,8.0,1.0,B01
201500040767,0,37,1,0.0,2.0,2.0,1.0,A01
201500040768,0,10,0,0.0,2.0,2.0,1.0,A01
201500040768,0,7,0,0.0,2.0,3.0,16.0,B01
201500040769,0,7,0,0.0,2.0,2.0,1.0,A01
201500040769,0,33,0,0.0,2.0,0.0,1.0,B01
201500040770,1,7,0,0.0,1.0,1.0,0.0,Z01
201500040771,0,7,0,14.0,0.0,1.0,2.0,A01
201500040771,0,7,0,0.0,0.0,4.0,23.0,B01
201500040772,0,7,0,0.0,2.0,3.0,0.0,A01
201500040772,0,1,0,0.0,2.0,0.0,0.0,B01
201500040773,0,7,0,0.0,1.0,2.0,15.0,A01
201500040774,0,10,0,0.0,0.0,3.0,1.0,A01
201500040774,0,7,0,0.0,2.0,3.0,15.0,B01
201500040775,0,7,0,0.0,1.0,1.0,1.0,A01
201500040776,0,7,0,0.0,0.0,3.0,10.0,A01
201500040776,0,7,0,0.0,0.0,4.0,0.0,B01
201500040776,0,7,0,0.0,0.0,4.0,0.0,C01
201500040776,0,7,0,0.0,2.0,1.0,0.0,D01
201500040777,1,7,0,0.0,1.0,0.0,0.0,A01
201500040778,0,3,0,0.0,9.0,1.0,1.0,A01
201500040778,0,1,0,0.0,2.0,7.0,3.0,B01
201500040779,0,30,0,0.0,2.0,1.0,2.0,A01
201500040779,1,7,0,0.0,2.0,1.0,2.0,B01
201500040780,0,7,0,0.0,1.0,2.0,0.0,A01
201500040781,0,7,0,0.0,2.0,7.0,15.0,A01
201500040781,0,34,0,0.0,0.0,1.0,2.0,B01
201500040782,0,7,0,0.0,2.0,2.0,10.0,A01
201500040782,0,33,0,1.0,2.0,1.0,2.0,B01
201500040783,0,30,0,0.0,2.0,7.0,17.0,A01
201500040783,0,13,0,0.0,2.0,3.0,15.0,B01
201500040784,0,7,0,0.0,1.0,2.0,0.0,A01
201500040785,0,7,0,0.0,1.0,3.0,1.0,A01
201500040786,0,7,0,0.0,1.0,8.0,15.0,A01
201500040787,0,7,0,0.0,2.0,1.0,16.0,A01
201500040787,0,1,0,0.0,2.0,3.0,5.0,Y01
201500040788,0,7,0,0.0,2.0,3.0,9.0,A01
201500040788,0,30,0,0.0,2.0,1.0,2.0,B01
201500040789,1,7,0,0.0,2.0,0.0,0.0,A01
201500040789,0,32,0,0.0,2.0,1.0,2.0,B01
201500040790,0,7,0,0.0,1.0,3.0,2.0,A01
201500040790,0,7,0,0.0,0.0,0.0,24.0,B01
201500040791,0,7,0,0.0,2.0,4.0,2.0,A01
201500040791,0,7,0,0.0,2.0,1.0,2.0,B01
201500040792,0,7,0,0.0,0.0,2.0,1.0,B01
201500040792,0,30,0,0.0,2.0,1.0,1.0,A01
201500040793,0,7,0,0.0,1.0,3.0,17.0,A01