Num_Acc,senc,catv,occutc,obs,obsm,choc,manv,num_veh
201500040794,1,10,0,0.0,1.0,2.0,1.0,A01
201500040795,0,7,0,0.0,2.0,2.0,5.0,A01
201500040795,0,7,0,0.0,2.0,8.0,1.0,B01
201500040796,0,1,0,0.0,1.0,1.0,1.0,A01
201500040797,0,7,0,0.0,1.0,3.0,20.0,A01
201500040798,0,7,0,0.0,1.0,4.0,4.0,A01
201500040799,0,7,0,0.0,1.0,2.0,1.0,A01
201500040800,0,7,0,12.0,0.0,1.0,18.0,A01
201500040800,1,7,0,0.0,0.0,0.0,13.0,B01
201500040801,0,7,0,0.0,9.0,2.0,2.0,A01
201500040801,0,1,0,0.0,2.0,8.0,2.0,Y01
201500040802,0,7,0,0.0,0.0,6.0,9.0,A01
201500040802,0,14,0,0.0,2.0,2.0,1.0,B01
201500040803,0,7,0,12.0,0.0,1.0,9.0,A01
201500040804,0,7,0,0.0,1.0,3.0,15.0,A01
201500040805,0,7,0,0.0,1.0,1.0,1.0,A01
201500040806,1,36,0,0.0,1.0,0.0,0.0,A01
201500040807,0,2,0,0.0,2.0,2.0,17.0,A01
201500040807,0,7,0,0.0,2.0,6.0,23.0,B01
201500040808,0,7,0,0.0,2.0,4.0,2.0,A01
201500040808,1,7,0,0.0,2.0,1.0,2.0,B01
201500040809,0,7,0,0.0,2.0,7.0,17.0,A01
201500040809,0,2,0,0.0,2.0,7.0,2.0,B01
201500040810,0,7,0,0.0,0.0,1.0,2.0,A01
201500040810,0,37,6,0.0,2.0,6.0,23.0,B01
201500040811,0,7,0,0.0,1.0,1.0,16.0,A01
201500040812,0,1,0,0.0,1.0,1.0,9.0,A01
201500040813,0,7,0,0.0,0.0,8.0,6.0,A01
201500040813,0,34,0,0.0,0.0,1.0,1.0,B01
201500040814,0,7,0,1.0,1.0,2.0,0.0,A01
201500040815,1,2,0,0.0,1.0,0.0,0.0,Z01
201500040816,0,30,0,0.0,2.0,1.0,5.0,A01
201500040816,0,7,0,0.0,2.0,3.0,2.0,B01
201500040817,0,7,0,0.0,0.0,4.0,0.0,A01
201500040817,0,7,0,0.0,2.0,1.0,2.0,B01
201500040818,0,7,0,0.0,0.0,4.0,4.0,A01
201500040818,0,2,0,1.0,2.0,1.0,2.0,B01
201500040819,0,7,0,0.0,2.0,2.0,1.0,A01
201500040819,0,7,0,0.0,0.0,3.0,1.0,B01
201500040820,0,7,0,0.0,0.0,0.0,16.0,A01
201500040820,0,32,0,0.0,2.0,8.0,1.0,B01
201500040821,0,7,0,0.0,1.0,1.0,1.0,A01
201500040822,0,7,0,0.0,1.0,2.0,0.0,A01
201500040823,0,7,0,0.0,2.0,8.0,1.0,B01
201500040823,0,10,0,0.0,2.0,3.0,1.0,A01
201500040824,0,7,0,1.0,2.0,2.0,15.0,A01
201500040824,2,7,0,1.0,2.0,1.0,1.0,B01
201500040825,0,7,0,0.0,1.0,3.0,1.0,A01
201500040826,1,7,0,1.0,1.0,2.0,21.0,A01
201500040827,0,34,0,0.0,1.0,1.0,3.0,A01
201500040828,0,7,0,0.0,1.0,1.0,1.0,A01
201500040829,0,7,0,0.0,0.0,6.0,0.0,B01
201500040829,0,7,0,0.0,0.0,1.0,9.0,A01
201500040830,0,7,0,0.0,2.0,8.0,17.0,A01
201500040830,0,37,0,0.0,2.0,8.0,2.0,B01
201500040831,0,10,0,0.0,2.0,2.0,0.0,B01
201500040831,0,10,0,0.0,2.0,2.0,0.0,A01
201500040832,0,7,0,3.0,0.0,1.0,1.0,A01
201500040833,0,7,0,0.0,2.0,0.0,9.0,A01
201500040833,0,33,0,0.0,2.0,0.0,1.0,B01
201500040834,0,15,0,1.0,0.0,2.0,20.0,A01
201500040834,0,7,0,0.0,2.0,5.0,24.0,B01
201500040835,0,30,0,0.0,2.0,7.0,1.0,B01
201500040835,0,7,0,0.0,2.0,3.0,1.0,A01
201500040836,0,7,0,0.0,0.0,0.0,0.0,A01
201500040836,0,31,0,0.0,0.0,0.0,0.0,B01
201500040837,0,7,0,0.0,2.0,3.0,15.0,B01
201500040837,0,33,0,0.0,2.0,1.0,1.0,A01
201500040838,0,2,0,0.0,1.0,2.0,1.0,A01
201500040839,1,2,0,0.0,1.0,0.0,0.0,A01
201500040840,0,7,0,9.0,2.0,8.0,2.0,B01
201500040840,0,7,0,0.0,2.0,1.0,2.0,A01
201500040841,0,7,0,0.0,2.0,1.0,1.0,A01
201500040841,0,1,0,0.0,2.0,8.0,19.0,B01
201500040842,2,7,0,0.0,2.0,3.0,0.0,A01
201500040842,0,7,0,0.0,0.0,2.0,15.0,B01
201500040843,0,7,0,0.0,1.0,1.0,0.0,A01
201500040844,0,7,0,0.0,1.0,0.0,0.0,A01
201500040845,1,7,0,0.0,2.0,2.0,15.0,B01
201500040845,0,33,0,0.0,2.0,1.0,1.0,Y01
201500040846,0,7,0,0.0,1.0,3.0,15.0,A01
201500040847,0,7,0,0.0,2.0,8.0,15.0,A01
201500040847,0,1,0,0.0,2.0,1.0,1.0,B01
201500040848,0,7,0,0.0,1.0,3.0,0.0,A01
201500040849,0,7,0,0.0,1.0,2.0,2.0,A01
201500040850,0,7,0,0.0,1.0,0.0,0.0,A01
201500040851,0,33,0,0.0,2.0,7.0,17.0,A01
201500040851,0,7,0,0.0,2.0,3.0,15.0,B01
201500040852,0,7,0,0.0,9.0,2.0,2.0,A01
201500040852,0,1,0,0.0,2.0,9.0,2.0,V01
201500040853,0,7,0,0.0,0.0,6.0,15.0,A01
201500040853,0,34,0,0.0,2.0,9.0,2.0,B01
201500040854,1,7,0,0.0,1.0,0.0,1.0,A01
201500040855,0,7,0,0.0,1.0,7.0,13.0,A01
201500040856,0,7,0,0.0,2.0,3.0,10.0,A01
201500040856,0,32,0,0.0,2.0,1.0,1.0,B01
201500040857,0,7,0,0.0,2.0,2.0,16.0,A01
201500040857,0,32,0,0.0,2.0,3.0,18.0,B01
201500040858,0,33,0,0.0,1.0,1.0,1.0,A01
201500040858,0,7,0,0.0,2.0,1.0,1.0,B01
201500040859,0,7,0,0.0,2.0,7.0,16.0,A01
201500040859,0,32,0,0.0,2.0,8.0,1.0,B01
201500040860,0,33,0,0.0,2.0,1.0,1.0,B01
201500040860,0,7,0,0.0,2.0,1.0,13.0,A01
201500040861,0,37,3,0.0,2.0,1.0,2.0,A01
201500040861,0,7,0,0.0,2.0,8.0,2.0,B01
201500040862,0,7,0,0.0,1.0,7.0,0.0,A01
201500040863,0,7,0,1.0,0.0,7.0,2.0,A01
201500040864,0,7,0,0.0,2.0,8.0,15.0,A01
201500040864,0,33,0,0.0,2.0,7.0,17.0,B01
201500040865,0,7,0,0.0,2.0,2.0,10.0,A01
201500040865,0,20,0,0.0,2.0,1.0,0.0,B01
201500040866,1,7,0,0.0,2.0,1.0,1.0,B01
201500040866,0,7,0,0.0,2.0,8.0,10.0,A01
201500040867,0,7,0,0.0,1.0,2.0,15.0,A01
201500040868,0,7,0,0.0,2.0,3.0,1.0,A01
201500040868,2,32,0,0.0,2.0,8.0,15.0,B01
201500040869,0,30,0,0.0,2.0,1.0,9.0,A01
201500040869,1,10,0,0.0,0.0,7.0,9.0,B01
201500040870,0,99,0,0.0,2.0,6.0,2.0,A01
201500040870,0,2,0,0.0,2.0,1.0,2.0,B01
201500040871,0,7,0,0.0,1.0,3.0,0.0,A01
201500040872,0,1,0,0.0,2.0,1.0,1.0,B01
201500040872,0,7,0,1.0,2.0,3.0,15.0,A01
201500040873,0,33,0,0.0,2.0,1.0,2.0,A01
201500040873,0,7,0,0.0,2.0,7.0,15.0,B01
201500040874,0,10,0,0.0,2.0,1.0,2.0,A01
201500040874,0,7,0,0.0,2.0,3.0,2.0,B01
201500040875,0,7,0,0.0,1.0,2.0,16.0,A01
201500040876,0,1,0,1.0,0.0,1.0,1.0,A01
201500040876,0,7,0,1.0,0.0,8.0,22.0,B01
201500040877,0,7,0,0.0,1.0,1.0,15.0,A01
201500040878,0,7,0,15.0,0.0,1.0,0.0,A01
201500040879,0,7,0,0.0,2.0,2.0,0.0,A01
201500040879,0,7,0,0.0,2.0,3.0,0.0,B01
201500040880,0,7,0,0.0,1.0,1.0,1.0,A01
201500040881,0,7,0,0.0,1.0,3.0,2.0,A01
201500040882,0,2,0,0.0,2.0,1.0,2.0,A01
201500040882,0,10,0,0.0,2.0,4.0,20.0,B01
201500040883,0,7,0,0.0,0.0,3.0,16.0,A01
201500040883,0,7,0,6.0,0.0,2.0,1.0,B01
201500040884,0,7,0,0.0,1.0,6.0,4.0,A01
201500040885,0,7,0,0.0,2.0,1.0,15.0,A01
201500040885,0,2,0,0.0,2.0,8.0,18.0,B01
201500040886,0,34,0,0.0,2.0,1.0,1.0,A01
201500040886,0,7,0,0.0,0.0,5.0,10.0,B01
201500040887,0,7,0,0.0,1.0,1.0,15.0,A01
201500040888,0,7,0,8.0,0.0,0.0,0.0,A01
201500040889,1,7,0,0.0,2.0,1.0,2.0,A01
201500040889,0,7,0,0.0,0.0,4.0,2.0,B01
201500040890,0,7,0,0.0,1.0,1.0,1.0,A01
201500040891,0,7,0,1.0,0.0,1.0,14.0,A01
201500040892,0,7,0,0.0,2.0,2.0,19.0,B01
201500040892,0,7,0,0.0,2.0,7.0,2.0,A01
201500040893,0,7,0,0.0,2.0,1.0,1.0,A01
201500040893,0,7,0,0.0,0.0,4.0,1.0,B01
201500040894,0,31,0,0.0,2.0,7.0,1.0,B01
201500040894,0,7,0,0.0,2.0,1.0,15.0,A01
201500040895,1,2,0,0.0,1.0,1.0,1.0,Z01
201500040896,0,7,0,0.0,0.0,1.0,2.0,B01
201500040896,2,7,0,15.0,2.0,1.0,3.0,A01
201500040897,0,30,0,0.0,2.0,1.0,1.0,A01
201500040897,0,7,0,0.0,0.0,6.0,12.0,B01
201500040898,0,7,0,0.0,2.0,4.0,2.0,A01
201500040898,0,7,0,0.0,0.0,4.0,2.0,B01
201500040899,0,34,0,0.0,2.0,8.0,0.0,B01
201500040899,0,7,0,0.0,2.0,2.0,0.0,A01
201500040900,1,7,0,0.0,1.0,1.0,2.0,Z01
201500040901,0,10,0,0.0,1.0,1.0,1.0,A01
201500040902,0,7,0,0.0,2.0,6.0,1.0,A01
201500040902,0,14,0,0.0,2.0,2.0,1.0,B01
201500040903,0,7,0,0.0,2.0,3.0,15.0,A01
201500040903,0,7,0,0.0,2.0,3.0,1.0,B01
201500040904,0,32,0,0.0,0.0,7.0,2.0,B01
201500040904,1,7,0,0.0,2.0,0.0,10.0,Z01
201500040905,0,7,0,0.0,2.0,1.0,9.0,B01
201500040905,0,7,0,0.0,2.0,2.0,9.0,A01
201500040906,0,7,0,0.0,1.0,3.0,1.0,A01
201500040907,0,7,0,0.0,1.0,8.0,1.0,A01
201500040907,0,7,0,0.0,2.0,3.0,15.0,B01
201500040907,0,7,0,0.0,2.0,7.0,15.0,C01
201500040907,0,37,1,0.0,2.0,6.0,2.0,D01
201500040908,0,7,0,0.0,2.0,7.0,1.0,B01
201500040908,0,7,0,0.0,2.0,1.0,0.0,A01
201500040909,0,7,0,0.0,2.0,4.0,2.0,A01
201500040909,0,7,0,0.0,2.0,1.0,2.0,B01
201500040910,0,7,0,0.0,1.0,2.0,1.0,A01
201500040911,0,7,0,0.0,1.0,2.0,12.0,A01
201500040912,0,7,0,0.0,1.0,2.0,2.0,A01
201500040913,0,7,0,0.0,1.0,2.0,1.0,A01
201500040914,0,7,0,0.0,2.0,1.0,2.0,A01
201500040914,0,7,0,0.0,0.0,4.0,2.0,B01
201500040914,0,7,0,0.0,0.0,4.0,2.0,C01
201500040915,0,7,0,7.0,2.0,8.0,7.0,A01
201500040915,0,7,0,0.0,0.0,7.0,16.0,B01
201500040916,0,7,0,0.0,2.0,1.0,13.0,A01
201500040916,0,7,0,0.0,2.0,1.0,24.0,B01
201500040917,0,33,0,0.0,2.0,7.0,1.0,B01
201500040917,1,7,0,0.0,2.0,2.0,2.0,Z01
201500040918,0,31,0,0.0,1.0,1.0,1.0,A01
201500040919,0,7,0,0.0,1.0,3.0,1.0,A01
201500040920,0,7,0,0.0,1.0,1.0,2.0,A01
201500040921,0,7,0,0.0,2.0,0.0,0.0,A01
201500040921,0,7,0,0.0,2.0,0.0,0.0,B01
201500040922,0,7,0,15.0,0.0,3.0,13.0,A01
201500040923,0,7,0,0.0,1.0,1.0,0.0,A01
201500040924,0,2,0,0.0,2.0,1.0,2.0,B01
201500040924,0,7,0,0.0,2.0,3.0,9.0,A01
201500040925,0,7,0,0.0,2.0,1.0,15.0,B01
201500040925,0,7,0,0.0,2.0,6.0,1.0,A01
201500040926,0,7,0,0.0,2.0,1.0,2.0,A01
201500040926,0,7,0,0.0,0.0,4.0,2.0,B01
201500040926,0,10,0,0.0,0.0,4.0,1.0,C01
201500040927,0,7,0,0.0,2.0,3.0,11.0,A01
201500040927,0,7,0,0.0,2.0,2.0,1.0,B01
201500040927,0,7,0,0.0,2.0,6.0,24.0,C01
201500040928,0,7,0,0.0,1.0,2.0,16.0,A01
201500040929,0,7,0,1.0,0.0,2.0,0.0,A01
201500040929,0,7,0,0.0,0.0,6.0,24.0,B01
201500040930,0,7,0,0.0,2.0,2.0,15.0,A01
201500040930,0,33,0,0.0,2.0,1.0,1.0,B01
201500040931,0,7,0,0.0,2.0,2.0,1.0,A01
201500040931,0,2,0,0.0,2.0,1.0,1.0,B01
201500040932,0,7,0,0.0,1.0,0.0,1.0,A01
201500040933,0,2,0,0.0,2.0,9.0,21.0,A01
201500040933,0,7,0,0.0,0.0,3.0,21.0,B01
201500040934,0,7,0,0.0,2.0,3.0,22.0,A01
201500040934,0,2,0,0.0,2.0,1.0,1.0,B01
201500040935,0,7,0,2.0,0.0,1.0,2.0,A01
201500040936,0,7,0,0.0,1.0,2.0,1.0,A01
201500040937,0,7,0,0.0,2.0,2.0,2.0,A01
201500040937,0,1,0,0.0,0.0,8.0,19.0,B01
201500040938,0,10,0,0.0,0.0,4.0,2.0,A01
201500040938,0,15,0,0.0,2.0,1.0,2.0,B01
201500040939,0,7,0,0.0,1.0,2.0,1.0,A01
201500040940,0,33,0,0.0,2.0,1.0,1.0,A01
201500040940,0,7,0,0.0,2.0,5.0,15.0,B01
201500040941,0,7,0,0.0,2.0,1.0,1.0,A01
201500040941,0,7,0,0.0,2.0,8.0,0.0,B01
201500040942,0,30,0,0.0,2.0,1.0,1.0,A01
201500040942,0,7,0,0.0,2.0,8.0,1.0,B01
201500040943,0,7,0,2.0,2.0,2.0,11.0,A01
201500040943,0,7,0,0.0,2.0,5.0,1.0,B01
201500040943,0,37,1,0.0,0.0,4.0,24.0,C01
201500040944,0,7,0,0.0,0.0,8.0,1.0,A01
201500040944,0,7,0,0.0,2.0,1.0,1.0,B01
201500040945,0,7,0,0.0,1.0,1.0,1.0,A01
201500040946,1,33,0,0.0,1.0,1.0,1.0,Z01
201500040947,0,7,0,0.0,2.0,2.0,13.0,A01
201500040947,0,7,0,0.0,0.0,1.0,17.0,B01
201500040948,0,7,0,0.0,1.0,1.0,9.0,A01
201500040949,0,7,0,0.0,2.0,5.0,12.0,A01
201500040949,0,30,0,0.0,2.0,1.0,3.0,B01
201500040950,0,7,0,0.0,1.0,3.0,2.0,A01
201500040951,0,7,0,1.0,0.0,1.0,15.0,A01
201500040952,0,7,0,0.0,2.0,5.0,0.0,A01
201500040952,0,32,0,0.0,2.0,8.0,0.0,B01
201500040953,0,7,0,0.0,2.0,5.0,19.0,B01
201500040953,0,7,0,0.0,2.0,1.0,19.0,A01
201500040954,0,10,0,0.0,1.0,1.0,1.0,A01
201500040955,0,34,0,0.0,2.0,1.0,7.0,A01
201500040955,0,7,0,0.0,0.0,5.0,16.0,B01
201500040956,0,7,0,0.0,2.0,9.0,15.0,A01
201500040956,0,7,0,0.0,2.0,1.0,1.0,B01
201500040956,0,7,0,0.0,2.0,1.0,1.0,C01
201500040957,1,7,0,0.0,2.0,3.0,1.0,A01
201500040957,0,7,0,0.0,0.0,6.0,15.0,B01
201500040958,0,7,0,0.0,2.0,1.0,0.0,A01
201500040958,0,7,0,0.0,2.0,8.0,1.0,B01
201500040959,0,7,0,0.0,2.0,1.0,5.0,A01
201500040959,0,37,6,0.0,0.0,1.0,1.0,B01
201500040960,0,7,0,0.0,2.0,7.0,1.0,B01
201500040960,0,7,0,0.0,2.0,1.0,1.0,A01
201500040961,0,7,0,2.0,2.0,1.0,2.0,A01
201500040961,0,7,0,15.0,2.0,3.0,15.0,B01
201500040962,0,31,0,0.0,2.0,1.0,2.0,A01
201500040962,0,7,0,0.0,9.0,6.0,15.0,B01
201500040963,0,33,0,0.0,2.0,1.0,2.0,A01
201500040963,0,7,0,0.0,2.0,7.0,2.0,B01
201500040964,0,7,0,2.0,0.0,9.0,2.0,A01
201500040965,0,7,0,0.0,1.0,3.0,1.0,A01
201500040966,1,7,0,0.0,2.0,4.0,1.0,A01
201500040966,0,2,0,0.0,2.0,1.0,1.0,B01
201500040967,0,7,0,8.0,0.0,1.0,6.0,A01
201500040968,0,7,0,0.0,9.0,0.0,24.0,A01
201500040968,0,1,0,1.0,0.0,1.0,1.0,B01
201500040969,0,7,0,0.0,1.0,1.0,1.0,A01
201500040970,0,3,0,0.0,2.0,3.0,15.0,A01
201500040970,0,3,0,0.0,2.0,5.0,1.0,B01
201500040971,0,7,0,0.0,2.0,2.0,15.0,A01
201500040971,0,33,0,0.0,2.0,7.0,1.0,B01
201500040972,0,7,0,0.0,1.0,1.0,2.0,A01
201500040973,0,1,0,0.0,2.0,1.0,5.0,A01
201500040973,0,37,0,0.0,1.0,2.0,5.0,B01
201500040974,0,7,0,0.0,2.0,1.0,11.0,A01
201500040974,0,7,0,0.0,2.0,8.0,1.0,B01
201500040975,0,33,0,12.0,0.0,0.0,2.0,A01
201500040976,0,7,0,2.0,0.0,8.0,1.0,B01
201500040976,0,7,0,0.0,2.0,1.0,1.0,A01
201500040977,0,7,0,0.0,2.0,1.0,1.0,B01
201500040977,0,7,0,0.0,2.0,8.0,15.0,A01
201500040978,0,7,0,0.0,0.0,3.0,15.0,A01
201500040978,0,33,0,0.0,2.0,3.0,2.0,B01
201500040979,0,7,0,14.0,2.0,3.0,2.0,A01
201500040979,0,7,0,0.0,0.0,5.0,2.0,B01
201500040980,0,7,0,0.0,1.0,2.0,1.0,A01
201500040981,0,7,0,1.0,0.0,2.0,2.0,A01
201500040982,0,7,0,0.0,1.0,3.0,0.0,A01
201500040983,0,7,0,0.0,1.0,3.0,0.0,A01
201500040984,0,7,0,0.0,2.0,8.0,4.0,A01
201500040984,0,7,0,0.0,2.0,7.0,1.0,B01
201500040985,0,7,0,0.0,2.0,5.0,0.0,A01
201500040985,0,7,0,0.0,2.0,2.0,0.0,B01
201500040986,0,14,0,0.0,1.0,4.0,1.0,A01
201500040987,0,7,0,0.0,2.0,1.0,2.0,A01
201500040987,0,31,0,0.0,0.0,1.0,2.0,B01
201500040988,0,7,0,0.0,1.0,1.0,1.0,A01
201500040989,0,33,0,0.0,2.0,3.0,0.0,B01
201500040989,0,7,0,0.0,2.0,3.0,9.0,A01
201500040990,0,7,0,4.0,2.0,1.0,1.0,A01
201500040990,0,7,0,0.0,2.0,3.0,1.0,B01
201500040991,0,7,0,0.0,1.0,3.0,1.0,A01
201500040992,0,7,0,0.0,1.0,2.0,1.0,A01
201500040993,0,7,0,0.0,2.0,6.0,2.0,A01
201500040993,2,7,0,0.0,2.0,1.0,2.0,Z01
201500040994,0,7,0,0.0,2.0,1.0,0.0,B01
201500040994,0,7,0,0.0,2.0,3.0,0.0,C01
201500040994,0,7,0,0.0,2.0,9.0,15.0,A01
201500040995,0,10,0,1.0,0.0,1.0,2.0,A01
201500040995,0,7,0,1.0,0.0,4.0,2.0,B01
201500040995,0,7,0,1.0,0.0,1.0,2.0,C01
201500040995,0,7,0,1.0,0.0,4.0,2.0,D01
201500040996,0,7,0,0.0,2.0,1.0,1.0,A01
201500040996,0,10,0,6.0,2.0,2.0,1.0,B01
201500040997,0,7,0,0.0,1.0,2.0,1.0,A01
201500040998,0,7,0,14.0,0.0,2.0,1.0,A01
201500040999,1,7,0,0.0,9.0,1.0,13.0,A01
201500040999,0,1,0,1.0,0.0,4.0,13.0,B01
201500041000,0,7,0,0.0,1.0,4.0,4.0,A01
201500041001,0,7,0,0.0,2.0,2.0,15.0,A01
201500041001,0,30,0,0.0,2.0,1.0,1.0,B01
201500041002,0,7,0,0.0,2.0,4.0,2.0,A01
201500041002,0,7,0,0.0,2.0,1.0,2.0,B01
201500041003,0,1,0,0.0,2.0,2.0,15.0,A01
201500041003,0,33,0,0.0,2.0,1.0,1.0,B01
201500041004,0,7,0,1.0,0.0,1.0,0.0,A01
201500041005,0,7,0,4.0,0.0,5.0,13.0,A01
201500041005,0,7,0,0.0,2.0,2.0,21.0,B01
201500041006,0,7,0,0.0,2.0,8.0,0.0,B01
201500041006,0,10,0,0.0,2.0,1.0,9.0,A01
201500041007,0,7,0,0.0,0.0,3.0,9.0,A01
201500041007,0,7,0,0.0,2.0,1.0,0.0,B01
201500041008,0,7,0,0.0,1.0,1.0,0.0,A01
201500041009,0,7,0,0.0,0.0,6.0,16.0,A01
201500041009,0,33,0,0.0,2.0,1.0,1.0,B01
201500041010,0,7,0,0.0,1.0,3.0,0.0,A01
201500041011,0,32,0,0.0,2.0,1.0,1.0,A01
201500041011,0,7,0,0.0,2.0,4.0,1.0,B01
201500041012,0,10,0,0.0,2.0,3.0,1.0,A01
201500041012,0,7,0,0.0,2.0,6.0,19.0,B01
201500041013,0,7,0,0.0,1.0,1.0,1.0,A01
201500041014,0,7,0,0.0,1.0,1.0,16.0,A01
201500041015,0,7,0,0.0,2.0,1.0,2.0,A01
201500041015,0,7,0,0.0,2.0,4.0,2.0,B01
201500041016,0,7,0,0.0,2.0,2.0,0.0,B01
201500041016,0,30,0,0.0,2.0,1.0,1.0,A01
201500041017,0,7,0,0.0,1.0,2.0,0.0,A01
201500041018,0,1,0,0.0,2.0,0.0,0.0,A01
201500041018,0,7,0,0.0,9.0,2.0,1.0,B01
201500041019,0,2,0,1.0,0.0,3.0,21.0,A01
201500041020,0,7,0,0.0,9.0,4.0,4.0,A01
201500041020,0,1,0,0.0,2.0,8.0,19.0,B01
201500041021,0,7,0,0.0,1.0,7.0,0.0,A01
201500041022,0,7,0,0.0,0.0,1.0,13.0,A01
201500041022,0,7,0,0.0,0.0,1.0,1.0,B01
201500041023,0,7,0,0.0,2.0,1.0,1.0,A01
201500041023,0,7,0,0.0,2.0,7.0,9.0,B01
201500041024,0,7,0,0.0,2.0,1.0,15.0,A01
201500041024,0,7,0,0.0,2.0,6.0,16.0,B01
201500041025,0,34,0,0.0,2.0,0.0,1.0,B01
201500041025,1,7,0,0.0,2.0,0.0,12.0,A01
201500041026,0,7,0,0.0,2.0,8.0,15.0,A01
201500041026,0,7,0,0.0,2.0,3.0,1.0,B01
201500041027,0,7,0,0.0,2.0,1.0,2.0,A01
201500041027,0,7,0,0.0,2.0,4.0,2.0,B01
201500041028,0,7,0,2.0,2.0,1.0,16.0,A01
201500041028,0,7,0,0.0,2.0,6.0,1.0,B01
201500041029,0,1,0,0.0,2.0,8.0,0.0,B01
201500041029,0,31,0,0.0,1.0,2.0,0.0,A01
201500041030,1,7,0,0.0,1.0,1.0,0.0,A01
201500041031,0,37,1,0.0,1.0,2.0,16.0,A01
201500041032,0,34,0,0.0,2.0,7.0,3.0,A01
201500041032,0,7,0,0.0,2.0,3.0,15.0,B01
201500041033,0,7,0,0.0,1.0,1.0,0.0,A01
201500041034,0,7,0,1.0,0.0,4.0,1.0,A01
201500041035,0,7,0,0.0,2.0,2.0,15.0,A01
201500041035,0,7,0,0.0,2.0,1.0,1.0,B01
201500041035,0,7,0,0.0,2.0,1.0,1.0,C01
201500041036,0,7,0,0.0,0.0,1.0,1.0,A01
201500041036,0,7,0,0.0,0.0,8.0,6.0,B01
201500041037,0,10,0,1.0,2.0,2.0,14.0,A01
201500041037,0,10,0,0.0,2.0,3.0,24.0,B01
201500041037,0,7,0,0.0,2.0,5.0,2.0,C01
201500041038,0,7,0,0.0,2.0,1.0,15.0,A01
201500041038,0,7,0,0.0,2.0,3.0,1.0,B01
201500041039,0,7,0,0.0,1.0,0.0,1.0,A01
201500041040,0,7,0,0.0,2.0,1.0,1.0,A01
201500041040,0,7,0,0.0,2.0,4.0,23.0,B01
201500041040,0,7,0,0.0,2.0,4.0,23.0,C01
201500041040,0,7,0,0.0,2.0,4.0,23.0,D01
201500041041,0,7,0,0.0,1.0,1.0,1.0,A01
201500041042,0,32,0,0.0,0.0,1.0,3.0,B01
201500041042,0,7,0,0.0,0.0,2.0,2.0,A01
201500041043,1,33,0,0.0,2.0,0.0,2.0,A01
201500041043,0,7,0,0.0,2.0,3.0,11.0,B01
201500041044,0,7,0,0.0,2.0,2.0,1.0,A01
201500041044,0,7,0,0.0,2.0,1.0,13.0,B01
201500041045,0,13,0,0.0,2.0,8.0,11.0,A01
201500041045,0,7,0,0.0,2.0,7.0,19.0,B01
201500041046,0,7,0,0.0,2.0,5.0,15.0,A01
201500041046,0,7,0,0.0,2.0,2.0,1.0,B01
201500041047,0,34,0,0.0,2.0,1.0,0.0,A01
201500041047,0,7,0,0.0,2.0,3.0,1.0,B01
201500041048,0,7,0,0.0,1.0,1.0,15.0,A01
201500041049,0,10,0,0.0,2.0,1.0,1.0,A01
201500041049,0,7,0,0.0,2.0,4.0,23.0,B01
201500041050,0,7,0,0.0,2.0,3.0,17.0,A01
201500041050,0,2,0,0.0,2.0,7.0,17.0,B01
201500041051,1,7,0,0.0,1.0,0.0,0.0,A01
201500041052,0,33,0,0.0,2.0,3.0,3.0,A01
201500041052,0,99,0,0.0,2.0,5.0,2.0,B01
201500041053,0,7,0,0.0,0.0,0.0,0.0,A01
201500041053,0,34,0,0.0,0.0,0.0,0.0,B01
201500041054,0,7,0,0.0,2.0,1.0,2.0,A01
201500041054,0,7,0,0.0,0.0,7.0,8.0,B01
201500041055,2,7,0,0.0,1.0,1.0,0.0,A01
201500041056,0,7,0,0.0,2.0,3.0,24.0,A01
201500041056,0,32,0,0.0,2.0,5.0,0.0,B01
201500041057,0,7,0,0.0,2.0,7.0,16.0,A01
201500041057,0,33,0,12.0,0.0,1.0,2.0,B01
201500041058,0,7,0,0.0,1.0,2.0,2.0,A01
201500041059,0,7,0,0.0,9.0,8.0,0.0,A01
201500041059,0,1,0,0.0,2.0,7.0,1.0,B01
201500041060,0,7,0,0.0,1.0,1.0,2.0,A01
201500041061,0,7,0,0.0,2.0,3.0,15.0,A01
201500041061,2,2,0,0.0,2.0,2.0,17.0,B01
201500041062,0,37,1,0.0,2.0,1.0,2.0,A01
201500041062,0,7,0,0.0,2.0,4.0,2.0,B01
201500041063,1,33,0,0.0,1.0,0.0,0.0,Z01
201500041064,0,3,0,0.0,2.0,1.0,0.0,B01
201500041064,0,3,0,0.0,2.0,3.0,1.0,A01
201500041065,1,34,0,0.0,1.0,1.0,1.0,A01
201500041066,0,7,0,0.0,2.0,2.0,7.0,A01
201500041066,0,30,0,0.0,2.0,1.0,7.0,B01
201500041067,0,15,0,0.0,1.0,1.0,20.0,A01
201500041068,0,2,0,0.0,2.0,1.0,0.0,A01
201500041068,1,99,0,0.0,0.0,4.0,23.0,Z01
201500041069,0,7,0,0.0,2.0,1.0,1.0,B01
201500041069,0,7,0,0.0,2.0,2.0,15.0,A01
201500041070,0,7,0,0.0,0.0,6.0,2.0,A01
201500041070,0,30,0,0.0,2.0,1.0,2.0,B01
201500041071,0,7,0,0.0,2.0,3.0,15.0,A01
201500041071,0,32,0,0.0,2.0,2.0,1.0,B01
201500041072,0,10,0,0.0,0.0,8.0,10.0,A01
201500041072,0,34,0,0.0,2.0,1.0,1.0,B01