Num_Acc,senc,catv,occutc,obs,obsm,choc,manv,num_veh
201500041073,0,10,0,0.0,2.0,1.0,1.0,A01
201500041073,0,7,0,0.0,0.0,4.0,0.0,B01
201500041074,0,7,0,0.0,0.0,2.0,2.0,A01
201500041074,0,7,0,0.0,0.0,8.0,11.0,B01
201500041074,0,99,0,0.0,0.0,3.0,2.0,C01
201500041075,0,7,0,0.0,2.0,7.0,2.0,A01
201500041075,0,10,0,0.0,2.0,1.0,1.0,B01
201500041076,0,7,0,0.0,2.0,1.0,1.0,B01
201500041076,0,3,0,0.0,0.0,2.0,19.0,A01
201500041077,0,10,0,0.0,1.0,1.0,1.0,A01
201500041078,0,7,0,0.0,2.0,1.0,0.0,B01
201500041078,0,7,0,0.0,2.0,1.0,1.0,A01
201500041079,1,7,0,0.0,1.0,6.0,4.0,A01
201500041080,0,7,0,0.0,2.0,1.0,1.0,A01
201500041080,0,7,0,0.0,0.0,4.0,1.0,B01
201500041081,0,7,0,6.0,0.0,1.0,2.0,A01
201500041082,0,34,0,0.0,2.0,7.0,17.0,A01
201500041082,0,7,0,0.0,2.0,3.0,15.0,B01
201500041083,0,7,0,1.0,0.0,1.0,17.0,A01
201500041083,0,33,0,0.0,2.0,1.0,1.0,B01
201500041083,0,7,0,0.0,0.0,0.0,0.0,C01
201500041084,0,7,0,0.0,1.0,3.0,2.0,A01
201500041085,0,7,0,0.0,2.0,1.0,2.0,A01
201500041085,0,33,0,0.0,0.0,4.0,23.0,B01
201500041086,0,7,0,0.0,2.0,3.0,15.0,A01
201500041086,0,7,0,0.0,2.0,3.0,16.0,B01
201500041087,0,34,0,0.0,2.0,4.0,15.0,B01
201500041087,1,7,0,0.0,0.0,0.0,0.0,Z01
201500041088,0,33,0,0.0,1.0,1.0,1.0,A01
201500041088,0,7,0,0.0,0.0,8.0,1.0,B01
201500041089,0,10,0,0.0,2.0,4.0,4.0,A01
201500041089,0,2,0,0.0,2.0,1.0,1.0,B01
201500041090,0,2,0,0.0,0.0,1.0,1.0,A01
201500041090,0,13,0,0.0,0.0,3.0,1.0,B01
201500041091,0,7,0,0.0,2.0,3.0,15.0,A01
201500041091,0,32,0,0.0,2.0,3.0,1.0,B01
201500041092,0,7,0,0.0,0.0,0.0,0.0,A01
201500041092,2,7,0,0.0,0.0,0.0,0.0,B01
201500041093,0,3,0,0.0,2.0,1.0,2.0,A01
201500041093,0,3,0,0.0,0.0,4.0,0.0,B01
201500041094,0,7,0,1.0,1.0,7.0,2.0,A01
201500041095,0,37,1,0.0,1.0,5.0,1.0,A01
201500041096,0,7,0,0.0,2.0,1.0,2.0,A01
201500041096,0,7,0,0.0,2.0,4.0,2.0,B01
201500041097,0,7,0,1.0,0.0,2.0,1.0,A01
201500041097,0,7,0,0.0,0.0,0.0,0.0,B01
201500041097,0,7,0,0.0,0.0,0.0,0.0,C01
201500041098,0,10,0,0.0,1.0,3.0,2.0,A01
201500041099,0,10,0,0.0,1.0,2.0,1.0,A01
201500041100,0,7,0,0.0,0.0,8.0,10.0,A01
201500041100,0,31,0,0.0,0.0,1.0,1.0,B01
201500041101,0,7,0,0.0,2.0,3.0,0.0,A01
201500041101,0,7,0,0.0,2.0,3.0,0.0,B01
201500041102,0,7,0,0.0,1.0,1.0,2.0,A01
201500041103,1,7,0,0.0,1.0,3.0,15.0,A01
201500041104,0,1,0,0.0,1.0,1.0,21.0,A01
201500041105,0,7,0,0.0,2.0,1.0,1.0,A01
201500041105,0,7,0,0.0,2.0,3.0,1.0,B01
201500041106,0,10,0,0.0,1.0,0.0,1.0,A01
201500041107,0,7,0,11.0,0.0,2.0,0.0,A01
201500041108,0,32,0,0.0,1.0,0.0,1.0,A01
201500041109,0,7,0,0.0,2.0,3.0,15.0,A01
201500041109,0,2,0,0.0,2.0,2.0,17.0,B01
201500041110,1,7,0,0.0,1.0,0.0,0.0,A01
201500041111,0,7,0,0.0,1.0,2.0,1.0,A01
201500041112,0,7,0,1.0,2.0,2.0,2.0,A01
201500041112,0,2,0,0.0,0.0,5.0,0.0,B01
201500041113,0,2,0,0.0,2.0,4.0,1.0,A01
201500041113,1,7,0,0.0,0.0,0.0,0.0,Z01
201500041114,0,7,0,0.0,0.0,1.0,2.0,A01
201500041114,0,7,0,0.0,0.0,4.0,2.0,B01
201500041115,0,7,0,1.0,2.0,2.0,21.0,A01
201500041115,0,7,0,0.0,2.0,0.0,9.0,B01
201500041116,0,7,0,0.0,9.0,1.0,0.0,A01
201500041116,0,7,0,0.0,2.0,9.0,1.0,B01
201500041116,0,7,0,0.0,2.0,4.0,1.0,C01
201500041117,0,37,0,0.0,0.0,1.0,2.0,A01
201500041117,0,2,0,0.0,0.0,8.0,19.0,B01
201500041118,0,7,0,0.0,2.0,3.0,13.0,A01
201500041118,0,32,0,0.0,2.0,1.0,17.0,B01
201500041119,0,34,0,0.0,2.0,1.0,1.0,B01
201500041119,1,7,0,0.0,0.0,3.0,10.0,Z01
201500041120,0,7,0,0.0,0.0,2.0,13.0,A01
201500041120,0,1,0,0.0,2.0,1.0,1.0,B01
201500041121,0,7,0,0.0,0.0,1.0,1.0,A01
201500041121,0,7,0,0.0,0.0,0.0,1.0,B01
201500041122,0,7,0,1.0,0.0,1.0,0.0,A01
201500041123,0,7,0,0.0,2.0,7.0,15.0,A01
201500041123,1,99,0,0.0,0.0,0.0,0.0,Z01
201500041124,0,7,0,0.0,2.0,2.0,1.0,A01
201500041124,0,1,0,0.0,2.0,1.0,1.0,B01
201500041125,0,30,0,0.0,0.0,0.0,2.0,A01
201500041126,0,7,0,0.0,1.0,2.0,19.0,A01
201500041127,0,7,0,0.0,1.0,4.0,4.0,A01
201500041128,0,14,0,0.0,2.0,2.0,16.0,A01
201500041128,0,7,0,0.0,2.0,8.0,1.0,B01
201500041129,0,7,0,0.0,0.0,6.0,1.0,A01
201500041129,1,10,0,0.0,0.0,0.0,0.0,Z01
201500041130,0,15,0,4.0,1.0,1.0,2.0,A01
201500041131,0,7,0,0.0,2.0,4.0,2.0,B01
201500041131,0,7,0,0.0,2.0,1.0,2.0,A01
201500041132,0,7,0,15.0,0.0,1.0,1.0,A01
201500041133,0,7,0,0.0,0.0,8.0,1.0,B01
201500041133,0,30,0,0.0,0.0,9.0,17.0,A01
201500041134,0,7,0,0.0,1.0,8.0,2.0,A01
201500041135,0,7,0,0.0,1.0,3.0,1.0,A01
201500041136,0,32,0,0.0,0.0,0.0,0.0,B01
201500041136,0,33,0,0.0,2.0,2.0,1.0,A01
201500041137,0,2,0,0.0,2.0,3.0,1.0,B01
201500041137,0,7,0,0.0,2.0,7.0,16.0,A01
201500041138,0,7,0,0.0,2.0,7.0,1.0,A01
201500041138,0,1,0,0.0,0.0,0.0,0.0,B01
201500041139,0,34,0,0.0,1.0,5.0,1.0,A01
201500041140,0,7,0,0.0,2.0,3.0,10.0,A01
201500041140,0,33,0,0.0,2.0,2.0,2.0,B01
201500041141,0,7,0,0.0,1.0,1.0,1.0,A01
201500041142,0,34,0,0.0,2.0,4.0,2.0,B01
201500041142,0,2,0,14.0,2.0,4.0,1.0,A01
201500041143,0,32,0,0.0,1.0,0.0,0.0,A01
201500041144,0,7,0,0.0,2.0,8.0,15.0,B01
201500041144,0,7,0,0.0,2.0,1.0,1.0,A01
201500041145,1,7,0,0.0,0.0,0.0,0.0,B01
201500041145,0,2,0,1.0,2.0,1.0,2.0,A01
201500041146,0,7,0,0.0,2.0,1.0,1.0,B01
201500041146,0,7,0,0.0,2.0,2.0,15.0,A01
201500041147,0,7,0,0.0,2.0,2.0,2.0,B01
201500041147,0,10,0,0.0,2.0,3.0,2.0,A01
201500041148,0,7,0,0.0,1.0,2.0,1.0,A01
201500041149,0,2,0,0.0,2.0,7.0,2.0,A01
201500041149,1,7,0,0.0,2.0,0.0,10.0,Z01
201500041150,0,7,0,0.0,1.0,2.0,1.0,A01
201500041151,0,7,0,0.0,2.0,4.0,1.0,B01
201500041151,0,7,0,7.0,2.0,1.0,1.0,A01
201500041152,0,34,0,0.0,2.0,1.0,2.0,A01
201500041152,0,7,0,0.0,2.0,6.0,2.0,B01
201500041153,0,7,0,0.0,1.0,1.0,1.0,A01
201500041154,0,7,0,0.0,2.0,3.0,2.0,B01
201500041154,0,7,0,0.0,2.0,1.0,0.0,A01
201500041155,0,31,0,0.0,2.0,1.0,1.0,A01
201500041155,0,7,0,0.0,2.0,2.0,15.0,B01
201500041156,0,7,0,11.0,0.0,1.0,1.0,A01
201500041157,0,10,0,0.0,2.0,1.0,2.0,A01
201500041157,0,7,0,0.0,1.0,4.0,2.0,B01
201500041157,0,7,0,0.0,2.0,4.0,2.0,C01
201500041157,0,7,0,0.0,0.0,4.0,2.0,D01
201500041158,0,7,0,0.0,2.0,7.0,2.0,A01
201500041158,0,30,0,0.0,2.0,1.0,2.0,B01
201500041159,0,3,0,0.0,1.0,2.0,2.0,A01
201500041160,0,7,0,0.0,2.0,3.0,1.0,B01
201500041160,2,30,0,0.0,2.0,1.0,1.0,A01
201500041161,0,7,0,0.0,2.0,4.0,2.0,A01
201500041161,0,32,0,0.0,2.0,1.0,2.0,B01
201500041162,0,7,0,0.0,1.0,3.0,1.0,A01
201500041163,0,7,0,0.0,2.0,2.0,1.0,A01
201500041163,0,2,0,0.0,2.0,8.0,1.0,B01
201500041164,0,10,0,0.0,2.0,1.0,2.0,A01
201500041164,0,7,0,0.0,2.0,4.0,2.0,B01
201500041165,0,7,0,14.0,0.0,1.0,15.0,A01
201500041166,0,2,0,0.0,2.0,1.0,1.0,A01
201500041166,0,10,0,0.0,2.0,7.0,20.0,B01
201500041167,0,7,0,1.0,0.0,3.0,1.0,A01
201500041167,0,13,0,0.0,2.0,6.0,24.0,B01
201500041168,0,7,0,0.0,2.0,3.0,0.0,B01
201500041168,0,30,0,0.0,2.0,1.0,1.0,A01
201500041169,0,7,0,0.0,0.0,1.0,0.0,A01
201500041169,0,7,0,8.0,0.0,7.0,0.0,B01
201500041170,0,7,0,1.0,2.0,3.0,20.0,A01
201500041170,0,7,0,0.0,2.0,2.0,1.0,B01
201500041170,0,7,0,0.0,2.0,8.0,1.0,C01
201500041171,0,34,0,0.0,0.0,8.0,15.0,A01
201500041172,0,7,0,0.0,2.0,1.0,1.0,A01
201500041172,0,7,0,8.0,2.0,8.0,1.0,B01
201500041173,0,32,0,0.0,2.0,1.0,17.0,A01
201500041173,0,10,0,0.0,2.0,8.0,13.0,B01
201500041174,0,7,0,6.0,0.0,1.0,1.0,A01
201500041175,0,7,0,15.0,0.0,1.0,1.0,A01
201500041176,0,33,0,0.0,2.0,7.0,17.0,A01
201500041176,0,7,0,0.0,2.0,3.0,15.0,B01
201500041177,0,7,0,0.0,1.0,2.0,2.0,A01
201500041178,0,7,0,1.0,0.0,1.0,1.0,A01
201500041179,0,3,0,0.0,0.0,8.0,15.0,A01
201500041179,0,31,0,0.0,0.0,7.0,2.0,B01
201500041180,0,7,0,0.0,9.0,1.0,0.0,A01
201500041180,0,1,0,0.0,0.0,8.0,0.0,B01
201500041181,0,7,0,0.0,1.0,3.0,1.0,A01
201500041182,0,7,0,0.0,2.0,2.0,1.0,A01
201500041182,0,7,0,0.0,2.0,3.0,1.0,B01
201500041183,0,7,0,14.0,0.0,1.0,1.0,A01
201500041184,0,7,0,0.0,1.0,7.0,1.0,A01
201500041185,0,10,0,0.0,1.0,1.0,1.0,A01
201500041186,0,7,0,0.0,2.0,3.0,1.0,A01
201500041186,0,10,0,0.0,2.0,6.0,1.0,C01
201500041186,0,7,0,0.0,2.0,2.0,9.0,B01
201500041187,0,31,0,0.0,2.0,1.0,1.0,A01
201500041187,1,7,0,0.0,2.0,2.0,1.0,Z01
201500041188,0,7,0,0.0,9.0,2.0,0.0,A01
201500041189,0,7,0,15.0,0.0,2.0,1.0,A01
201500041190,0,7,0,0.0,0.0,8.0,0.0,A01
201500041190,0,31,0,0.0,0.0,1.0,9.0,B01
201500041191,0,31,0,8.0,2.0,1.0,1.0,A01
201500041192,0,7,0,0.0,2.0,7.0,15.0,B01
201500041192,0,7,0,0.0,2.0,2.0,1.0,A01
201500041193,0,7,0,0.0,2.0,3.0,0.0,A01
201500041193,0,1,0,0.0,0.0,1.0,0.0,B01
201500041194,0,34,0,0.0,2.0,1.0,1.0,A01
201500041194,0,7,0,0.0,2.0,2.0,1.0,B01
201500041195,0,7,0,0.0,1.0,1.0,1.0,A01
201500041196,0,33,0,0.0,2.0,1.0,2.0,B01
201500041196,0,7,0,1.0,2.0,7.0,2.0,A01
201500041197,0,3,0,8.0,2.0,1.0,2.0,A01
201500041197,0,3,0,0.0,2.0,1.0,1.0,B01
201500041198,0,7,0,0.0,1.0,1.0,1.0,A01
201500041199,0,2,0,0.0,2.0,2.0,1.0,B01
201500041199,0,7,0,0.0,2.0,3.0,0.0,A01
201500041200,0,7,0,0.0,1.0,1.0,1.0,A01
201500041201,0,7,0,0.0,1.0,2.0,2.0,A01
201500041202,0,34,0,0.0,1.0,7.0,3.0,A01
201500041203,0,1,0,0.0,2.0,1.0,1.0,A01
201500041203,1,7,0,0.0,2.0,0.0,0.0,B01
201500041204,0,7,0,9.0,0.0,1.0,21.0,A01
201500041205,0,7,0,0.0,2.0,4.0,1.0,B01
201500041205,0,7,0,0.0,2.0,4.0,1.0,C01
201500041206,0,34,0,1.0,0.0,1.0,2.0,A01
201500041207,0,7,0,0.0,2.0,1.0,1.0,A01
201500041207,0,7,0,0.0,2.0,3.0,1.0,B01
201500041208,0,31,0,0.0,2.0,9.0,1.0,B01
201500041208,0,7,0,1.0,2.0,3.0,1.0,A01
201500041209,1,34,0,0.0,1.0,0.0,0.0,A01
201500041210,0,2,0,0.0,2.0,3.0,1.0,A01
201500041210,0,7,0,0.0,2.0,2.0,1.0,B01
201500041211,0,37,0,0.0,2.0,2.0,1.0,B01
201500041211,0,7,0,0.0,2.0,1.0,1.0,A01
201500041212,0,7,0,0.0,1.0,0.0,0.0,A01
201500041213,0,7,0,0.0,2.0,2.0,1.0,B01
201500041213,0,2,0,0.0,2.0,3.0,16.0,A01
201500041214,0,3,0,0.0,2.0,8.0,16.0,A01
201500041214,0,3,0,0.0,2.0,2.0,1.0,B01
201500041215,0,30,0,0.0,2.0,7.0,17.0,A01
201500041215,0,7,0,0.0,2.0,3.0,2.0,B01
201500041216,0,7,0,0.0,0.0,4.0,16.0,A01
201500041216,0,7,0,0.0,2.0,1.0,2.0,B01
201500041217,0,32,0,0.0,2.0,2.0,17.0,A01
201500041217,0,7,0,0.0,2.0,8.0,13.0,B01
201500041218,0,7,0,0.0,2.0,1.0,2.0,A01
201500041218,0,1,0,0.0,2.0,8.0,19.0,B01
201500041219,0,7,0,0.0,2.0,1.0,1.0,A01
201500041219,0,7,0,0.0,2.0,7.0,1.0,B01
201500041220,0,7,0,0.0,2.0,1.0,1.0,A01
201500041220,0,7,0,0.0,2.0,3.0,1.0,B01
201500041221,0,7,0,0.0,2.0,8.0,16.0,A01
201500041221,1,7,0,0.0,2.0,0.0,17.0,B01
201500041222,0,7,0,0.0,2.0,6.0,2.0,A01
201500041222,0,7,0,0.0,2.0,1.0,2.0,B01
201500041223,0,10,0,0.0,2.0,1.0,1.0,A01
201500041223,0,7,0,0.0,2.0,6.0,1.0,B01
201500041224,0,7,0,0.0,1.0,4.0,4.0,A01
201500041225,0,7,0,0.0,2.0,1.0,2.0,A01
201500041225,0,7,0,0.0,0.0,4.0,2.0,B01
201500041226,0,7,0,0.0,1.0,0.0,0.0,A01
201500041227,0,7,0,0.0,2.0,2.0,0.0,A01
201500041227,0,7,0,0.0,2.0,2.0,2.0,B01
201500041228,0,7,0,0.0,1.0,1.0,16.0,A01
201500041229,0,7,0,0.0,1.0,1.0,1.0,A01
201500041229,0,33,0,0.0,2.0,1.0,11.0,B01
201500041230,0,7,0,0.0,1.0,2.0,1.0,A01
201500041231,0,7,0,0.0,1.0,1.0,15.0,A01
201500041232,0,7,0,0.0,2.0,2.0,1.0,A01
201500041232,0,7,0,0.0,2.0,4.0,2.0,B01
201500041233,0,7,0,0.0,2.0,8.0,2.0,A01
201500041233,0,7,0,0.0,2.0,8.0,15.0,B01
201500041234,0,14,0,0.0,1.0,2.0,0.0,A01
201500041235,0,10,0,0.0,1.0,0.0,2.0,A01
201500041236,0,3,0,0.0,2.0,3.0,10.0,A01
201500041236,0,3,0,0.0,2.0,2.0,1.0,B01
201500041237,0,3,0,0.0,0.0,8.0,1.0,A01
201500041237,0,33,0,0.0,2.0,7.0,1.0,B01
201500041238,0,7,0,0.0,2.0,3.0,9.0,A01
201500041238,0,14,0,0.0,2.0,2.0,2.0,B01
201500041239,2,30,0,1.0,0.0,1.0,1.0,B02
201500041240,0,7,0,0.0,2.0,3.0,0.0,A01
201500041240,0,1,0,0.0,2.0,1.0,1.0,B01
201500041241,1,32,0,0.0,1.0,0.0,0.0,A01
201500041242,0,7,0,0.0,2.0,3.0,1.0,A01
201500041242,0,32,0,0.0,2.0,3.0,1.0,B01
201500041243,0,7,0,0.0,2.0,7.0,1.0,A01
201500041243,0,7,0,0.0,2.0,1.0,1.0,B01
201500041244,0,7,0,0.0,2.0,3.0,1.0,A01
201500041244,0,1,0,0.0,0.0,0.0,1.0,B01
201500041245,0,7,0,0.0,2.0,5.0,1.0,A01
201500041245,0,7,0,0.0,2.0,1.0,1.0,B01
201500041246,0,7,0,0.0,1.0,3.0,1.0,A01
201500041247,0,7,0,0.0,2.0,1.0,1.0,A01
201500041247,0,33,0,0.0,0.0,4.0,23.0,B01
201500041248,0,7,0,0.0,2.0,2.0,9.0,A01
201500041248,0,31,0,0.0,2.0,2.0,3.0,B01
201500041249,0,10,0,0.0,1.0,1.0,1.0,A01
201500041250,0,7,0,0.0,1.0,1.0,11.0,A01
201500041251,0,7,0,0.0,2.0,3.0,15.0,A01
201500041251,0,31,0,0.0,2.0,1.0,15.0,B01
201500041252,0,7,0,0.0,1.0,7.0,1.0,A01
201500041253,0,7,0,0.0,1.0,2.0,1.0,A01
201500041254,0,7,0,0.0,2.0,2.0,1.0,A01
201500041254,0,31,0,0.0,2.0,1.0,1.0,B01
201500041255,0,7,0,0.0,2.0,1.0,0.0,A01
201500041255,0,7,0,0.0,2.0,8.0,0.0,B01
201500041256,0,7,0,6.0,0.0,1.0,0.0,A01
201500041257,0,7,0,0.0,0.0,0.0,0.0,A01
201500041258,0,7,0,0.0,0.0,4.0,0.0,A01
201500041258,0,10,0,0.0,0.0,1.0,0.0,B01
201500041259,0,7,0,0.0,1.0,3.0,15.0,A01
201500041260,0,7,0,0.0,2.0,4.0,0.0,C01
201500041260,0,7,0,0.0,2.0,4.0,1.0,B01
201500041260,0,7,0,0.0,2.0,1.0,1.0,A01
201500041261,0,10,0,0.0,1.0,3.0,1.0,A01
201500041262,0,32,0,0.0,2.0,5.0,0.0,A01
201500041262,0,7,0,0.0,2.0,1.0,0.0,B01
201500041263,0,7,0,0.0,2.0,1.0,15.0,A01
201500041263,0,7,0,0.0,2.0,6.0,1.0,B01
201500041264,0,10,0,0.0,1.0,1.0,1.0,A01
201500041265,1,7,0,0.0,1.0,0.0,0.0,Z01
201500041266,0,37,0,0.0,1.0,2.0,1.0,A01
201500041267,0,10,0,0.0,9.0,8.0,13.0,A01
201500041267,0,32,0,0.0,2.0,7.0,1.0,B01
201500041268,0,7,0,0.0,2.0,2.0,15.0,A01
201500041268,0,30,0,0.0,2.0,8.0,1.0,B01
201500041269,0,7,0,0.0,1.0,2.0,2.0,A01
201500041270,0,7,0,0.0,9.0,1.0,1.0,A01
201500041270,0,1,0,0.0,0.0,6.0,1.0,B01
201500041271,0,7,0,1.0,2.0,6.0,11.0,A01
201500041271,0,13,0,0.0,2.0,7.0,2.0,B01
201500041271,0,37,1,0.0,2.0,8.0,24.0,C01
201500041272,0,7,0,0.0,1.0,1.0,1.0,A01
201500041273,0,10,0,0.0,2.0,1.0,2.0,A01
201500041273,0,7,0,0.0,2.0,4.0,2.0,B01
201500041273,0,7,0,0.0,2.0,4.0,2.0,C01
201500041273,0,7,0,0.0,2.0,4.0,2.0,D01
201500041274,0,7,0,8.0,0.0,3.0,10.0,A01
201500041275,0,7,0,0.0,0.0,6.0,2.0,A01
201500041275,0,7,0,0.0,0.0,0.0,0.0,B01
201500041275,1,7,0,0.0,0.0,0.0,0.0,Z01
201500041276,0,7,0,0.0,1.0,2.0,16.0,A01
201500041277,0,10,0,0.0,1.0,7.0,0.0,A01
201500041278,0,7,0,10.0,1.0,2.0,6.0,A01
201500041278,0,7,0,0.0,0.0,0.0,17.0,B01
201500041279,0,7,0,0.0,1.0,2.0,2.0,A01
201500041280,0,37,0,0.0,1.0,2.0,16.0,A01
201500041281,1,7,0,0.0,1.0,1.0,0.0,Z01
201500041282,0,7,0,0.0,1.0,1.0,9.0,A01
201500041283,0,7,0,0.0,2.0,1.0,2.0,B01
201500041283,0,7,0,0.0,2.0,3.0,15.0,A01
201500041284,0,7,0,0.0,2.0,8.0,11.0,A01
201500041284,0,30,0,0.0,2.0,1.0,1.0,B01
201500041285,0,7,0,0.0,1.0,1.0,1.0,A01
201500041286,0,37,4,1.0,0.0,2.0,1.0,A01
201500041286,0,34,0,0.0,0.0,6.0,24.0,C01
201500041287,0,37,1,0.0,2.0,2.0,14.0,A01
201500041287,0,14,0,0.0,0.0,6.0,16.0,B01
201500041288,0,7,0,0.0,1.0,2.0,15.0,A01
201500041289,0,7,0,0.0,2.0,4.0,2.0,A01
201500041289,0,7,0,0.0,2.0,1.0,2.0,B01
201500041289,0,7,0,0.0,2.0,1.0,2.0,C01
201500041289,0,7,0,0.0,2.0,1.0,2.0,D01
201500041289,0,7,0,0.0,0.0,4.0,2.0,E01
201500041290,0,2,0,0.0,1.0,1.0,0.0,A01
201500041291,0,2,0,0.0,1.0,1.0,0.0,A01
201500041292,0,7,0,0.0,1.0,8.0,0.0,A01
201500041292,0,37,1,0.0,0.0,0.0,0.0,B01
201500041293,0,7,0,0.0,1.0,1.0,1.0,A01
201500041294,0,7,0,0.0,2.0,2.0,15.0,A01
201500041294,0,2,0,0.0,2.0,1.0,1.0,B01
201500041295,0,7,0,0.0,1.0,3.0,0.0,A01
201500041296,0,7,0,0.0,2.0,2.0,19.0,A01
201500041296,0,7,0,0.0,2.0,7.0,15.0,B01
201500041297,0,7,0,0.0,2.0,1.0,1.0,A01
201500041297,0,7,0,0.0,2.0,4.0,23.0,B01
201500041297,0,7,0,0.0,2.0,4.0,23.0,C01
201500041298,0,7,0,0.0,1.0,1.0,0.0,A01
201500041299,0,2,0,0.0,1.0,1.0,0.0,A01
201500041300,0,3,0,0.0,1.0,2.0,2.0,A01
201500041301,0,3,0,0.0,1.0,0.0,0.0,A01
201500041302,0,7,0,1.0,0.0,4.0,2.0,A01
201500041302,0,7,0,0.0,0.0,4.0,2.0,B01
201500041303,0,7,0,0.0,1.0,1.0,0.0,A01
201500041304,0,2,0,0.0,2.0,1.0,1.0,A01
201500041304,0,7,0,0.0,2.0,6.0,1.0,B01
201500041305,1,7,0,0.0,1.0,2.0,6.0,A01
201500041306,1,33,0,0.0,1.0,8.0,0.0,Z01
201500041307,0,7,0,0.0,2.0,8.0,10.0,A01
201500041307,0,33,0,0.0,2.0,1.0,2.0,B01
201500041308,1,34,0,0.0,1.0,1.0,1.0,A01
201500041309,0,7,0,1.0,0.0,9.0,0.0,A01
201500041310,0,7,0,1.0,0.0,2.0,2.0,A01
201500041311,0,30,0,0.0,2.0,8.0,11.0,B01
201500041311,1,13,0,0.0,2.0,0.0,0.0,Z01
201500041312,0,7,0,0.0,1.0,2.0,2.0,A01
201500041313,0,7,0,0.0,1.0,1.0,0.0,A01
201500041314,0,7,0,0.0,9.0,1.0,1.0,A01
201500041314,0,1,0,0.0,2.0,3.0,1.0,B01
201500041315,0,7,0,0.0,0.0,4.0,23.0,A01
201500041315,0,37,1,1.0,0.0,1.0,15.0,B01
201500041316,0,7,0,0.0,1.0,3.0,0.0,A01
201500041317,0,31,0,0.0,2.0,1.0,1.0,B01
201500041317,0,10,0,0.0,0.0,7.0,15.0,A01
201500041318,0,7,0,0.0,1.0,1.0,2.0,A01
201500041319,0,7,0,0.0,1.0,1.0,2.0,A01
201500041320,1,99,0,0.0,1.0,0.0,0.0,Z01
201500041321,0,7,0,0.0,0.0,0.0,0.0,A01
201500041321,0,33,0,0.0,0.0,0.0,0.0,B01
201500041322,2,7,0,0.0,2.0,1.0,0.0,A01
201500041322,0,7,0,0.0,0.0,4.0,1.0,B01
201500041323,1,30,0,0.0,2.0,1.0,5.0,Z01
201500041324,0,34,0,0.0,2.0,2.0,2.0,A01
201500041324,1,7,0,0.0,2.0,3.0,10.0,Z01
201500041325,0,7,0,0.0,2.0,5.0,1.0,A01
201500041325,0,7,0,0.0,2.0,1.0,1.0,B01
201500041326,0,13,0,0.0,0.0,0.0,0.0,A01
201500041326,0,34,0,0.0,0.0,9.0,15.0,B01
201500041327,0,7,0,0.0,1.0,2.0,0.0,A01
201500041328,0,7,0,0.0,2.0,3.0,10.0,A01
201500041328,0,33,0,0.0,2.0,1.0,5.0,B01
201500041329,0,33,0,0.0,1.0,1.0,2.0,A01
201500041330,0,33,0,0.0,2.0,1.0,1.0,B01
201500041330,1,15,0,0.0,0.0,0.0,15.0,Z01
201500041331,0,7,0,0.0,1.0,1.0,1.0,A01
201500041332,0,7,0,15.0,0.0,2.0,1.0,A01
201500041333,0,7,0,0.0,9.0,2.0,2.0,A01
201500041333,0,1,0,0.0,2.0,2.0,2.0,B01
201500041334,0,7,0,0.0,2.0,1.0,1.0,A01
201500041334,0,33,0,0.0,2.0,1.0,19.0,B01
201500041335,0,7,0,0.0,2.0,3.0,0.0,A01
201500041335,0,7,0,0.0,2.0,2.0,0.0,B01
201500041336,0,33,0,0.0,1.0,7.0,1.0,A01
201500041337,0,7,0,0.0,1.0,1.0,0.0,A01
201500041338,1,7,0,0.0,1.0,0.0,0.0,A01
201500041339,0,38,0,0.0,1.0,3.0,10.0,A01
201500041340,0,7,0,0.0,2.0,1.0,1.0,A01
201500041340,0,7,0,0.0,2.0,4.0,1.0,B01
201500041341,1,99,0,0.0,2.0,8.0,11.0,A01
201500041341,0,30,0,0.0,2.0,7.0,1.0,B01
201500041342,0,7,0,0.0,1.0,2.0,0.0,A01
201500041343,0,7,0,0.0,2.0,1.0,1.0,A01
201500041343,0,2,0,0.0,2.0,3.0,15.0,B01
201500041344,0,7,0,0.0,2.0,2.0,2.0,A01
201500041344,0,1,0,0.0,2.0,8.0,2.0,B01
201500041345,0,7,0,0.0,1.0,2.0,1.0,A01
201500041346,0,7,0,8.0,0.0,1.0,1.0,A01
201500041347,0,7,0,0.0,2.0,1.0,2.0,A01
201500041347,0,7,0,0.0,0.0,4.0,2.0,B01
201500041348,0,7,0,0.0,2.0,0.0,0.0,A01
201500041348,0,7,0,0.0,2.0,1.0,14.0,B01
201500041348,0,7,0,9.0,0.0,9.0,2.0,C01
201500041349,0,7,0,0.0,0.0,2.0,0.0,A01
201500041349,0,34,0,0.0,0.0,0.0,0.0,B01
201500041350,0,33,0,0.0,2.0,2.0,0.0,A01
201500041350,0,7,0,0.0,2.0,5.0,0.0,B01
201500041351,0,7,0,0.0,2.0,7.0,15.0,A01
201500041351,0,34,0,0.0,2.0,1.0,0.0,B01
201500041352,0,33,0,8.0,0.0,0.0,0.0,A01
201500041353,0,13,0,0.0,2.0,7.0,2.0,A01
201500041353,0,30,0,0.0,2.0,8.0,2.0,B01
201500041354,0,7,0,0.0,1.0,1.0,0.0,A01
201500041355,0,7,0,0.0,0.0,8.0,9.0,A01
201500041355,0,7,0,0.0,2.0,2.0,5.0,B01
201500041355,0,7,0,0.0,2.0,8.0,1.0,C01
201500041356,0,7,0,0.0,0.0,0.0,10.0,A01