Num_Acc,senc,catv,occutc,obs,obsm,choc,manv,num_veh
201500041356,0,34,0,0.0,2.0,2.0,10.0,B01
201500041357,0,34,0,0.0,2.0,8.0,17.0,A01
201500041357,0,7,0,0.0,2.0,3.0,20.0,B01
201500041358,0,7,0,0.0,2.0,0.0,10.0,A01
201500041358,0,33,0,0.0,2.0,3.0,1.0,B01
201500041359,0,99,0,0.0,2.0,4.0,4.0,A01
201500041359,0,7,0,0.0,2.0,1.0,2.0,B01
201500041360,0,7,0,8.0,2.0,1.0,1.0,A01
201500041361,0,34,0,0.0,2.0,7.0,1.0,B01
201500041361,1,7,0,0.0,2.0,8.0,10.0,Z01
201500041362,0,7,0,0.0,0.0,2.0,0.0,A01
201500041362,0,30,0,0.0,2.0,0.0,1.0,B01
201500041363,1,32,0,0.0,2.0,8.0,19.0,A01
201500041363,0,7,0,0.0,2.0,1.0,1.0,B01
201500041364,0,7,0,0.0,1.0,1.0,1.0,A01
201500041365,1,7,0,0.0,1.0,0.0,0.0,Z01
201500041366,0,7,0,0.0,1.0,1.0,15.0,A01
201500041367,1,7,0,0.0,0.0,0.0,0.0,Z01
201500041367,0,7,0,0.0,0.0,0.0,0.0,A01
201500041368,0,7,0,0.0,1.0,8.0,21.0,A01
201500041368,0,7,0,0.0,0.0,3.0,0.0,B01
201500041369,0,7,0,0.0,0.0,8.0,1.0,B01
201500041369,0,7,0,9.0,2.0,1.0,6.0,A01
201500041370,0,2,0,0.0,2.0,1.0,5.0,A01
201500041370,0,7,0,0.0,2.0,2.0,1.0,B01
201500041371,2,7,0,0.0,2.0,1.0,1.0,Z01
201500041371,0,7,0,0.0,2.0,5.0,1.0,B01
201500041372,0,7,0,0.0,2.0,1.0,2.0,A01
201500041372,0,7,0,0.0,0.0,4.0,2.0,B01
201500041373,0,7,0,0.0,2.0,5.0,1.0,A01
201500041373,0,34,0,0.0,2.0,1.0,0.0,B01
201500041374,0,7,0,0.0,9.0,8.0,15.0,A01
201500041374,0,34,0,0.0,2.0,7.0,0.0,B01
201500041375,1,34,0,0.0,1.0,1.0,2.0,Z01
201500041376,0,10,0,0.0,2.0,2.0,2.0,A01
201500041376,0,33,0,0.0,2.0,8.0,2.0,B01
201500041377,0,34,0,0.0,2.0,8.0,2.0,A01
201500041377,1,7,0,0.0,2.0,8.0,2.0,Z01
201500041378,0,7,0,0.0,2.0,1.0,2.0,A01
201500041378,0,7,0,0.0,2.0,4.0,2.0,B01
201500041378,0,7,0,0.0,2.0,4.0,2.0,C01
201500041379,2,7,0,0.0,0.0,1.0,0.0,A01
201500041379,0,7,0,0.0,0.0,4.0,0.0,B01
201500041379,0,7,0,0.0,0.0,4.0,0.0,C01
201500041379,0,7,0,0.0,0.0,4.0,0.0,D01
201500041380,0,7,0,0.0,2.0,1.0,0.0,A01
201500041380,0,33,0,0.0,2.0,0.0,0.0,B01
201500041381,0,7,0,0.0,1.0,2.0,2.0,A01
201500041382,0,7,0,0.0,2.0,1.0,2.0,A01
201500041382,0,7,0,0.0,2.0,5.0,2.0,B01
201500041383,0,13,0,0.0,1.0,1.0,0.0,A01
201500041384,0,7,0,0.0,2.0,4.0,0.0,A01
201500041384,0,32,0,0.0,0.0,0.0,0.0,B01
201500041385,0,7,0,0.0,2.0,6.0,11.0,A01
201500041385,0,7,0,0.0,2.0,0.0,1.0,B01
201500041386,0,7,0,0.0,1.0,7.0,0.0,A01
201500041387,0,7,0,0.0,2.0,1.0,5.0,A01
201500041387,0,7,0,0.0,2.0,1.0,1.0,B01
201500041388,0,7,0,0.0,0.0,0.0,0.0,A01
201500041388,0,34,0,0.0,2.0,2.0,16.0,B01
201500041389,0,7,0,0.0,2.0,5.0,2.0,A01
201500041389,0,33,0,1.0,2.0,1.0,18.0,B01
201500041390,0,7,0,0.0,2.0,1.0,2.0,A01
201500041390,0,7,0,0.0,2.0,6.0,9.0,B01
201500041391,0,7,0,0.0,2.0,1.0,0.0,A01
201500041391,0,7,0,0.0,2.0,1.0,11.0,B01
201500041392,2,7,0,7.0,2.0,1.0,2.0,A01
201500041392,0,7,0,0.0,0.0,4.0,0.0,B01
201500041393,0,7,0,0.0,2.0,2.0,15.0,A01
201500041393,0,30,0,0.0,2.0,1.0,16.0,B01
201500041394,0,7,0,0.0,2.0,1.0,1.0,A01
201500041394,0,7,0,0.0,2.0,3.0,0.0,B01
201500041395,0,99,0,0.0,2.0,0.0,0.0,A01
201500041395,0,1,0,0.0,0.0,0.0,0.0,B01
201500041396,0,37,1,0.0,1.0,2.0,20.0,A01
201500041397,0,3,0,0.0,1.0,3.0,1.0,A01
201500041398,0,7,0,0.0,2.0,3.0,10.0,A01
201500041398,0,33,0,0.0,2.0,3.0,1.0,B01
201500041399,0,7,0,0.0,2.0,3.0,0.0,A01
201500041399,0,34,0,0.0,2.0,6.0,15.0,B01
201500041400,0,7,0,0.0,1.0,5.0,0.0,A01
201500041401,0,30,0,0.0,2.0,3.0,0.0,B01
201500041401,0,7,0,0.0,2.0,2.0,0.0,A01
201500041402,0,7,0,4.0,0.0,3.0,2.0,A01
201500041403,0,7,0,0.0,1.0,1.0,2.0,A01
201500041404,0,7,0,0.0,2.0,1.0,0.0,A01
201500041404,0,33,0,0.0,2.0,1.0,0.0,B01
201500041405,0,7,0,0.0,1.0,2.0,0.0,A01
201500041405,0,1,0,0.0,0.0,0.0,0.0,B01
201500041406,0,7,0,0.0,2.0,8.0,11.0,A01
201500041406,0,33,0,0.0,2.0,2.0,18.0,B01
201500041407,0,7,0,12.0,0.0,1.0,9.0,A01
201500041408,1,30,0,0.0,1.0,0.0,1.0,Z01
201500041409,0,7,0,1.0,0.0,4.0,12.0,B01
201500041410,0,7,0,8.0,0.0,1.0,2.0,A01
201500041411,0,7,0,15.0,0.0,2.0,0.0,A01
201500041412,0,7,0,0.0,2.0,1.0,5.0,A01
201500041412,0,7,0,0.0,2.0,1.0,1.0,B01
201500041413,0,7,0,0.0,2.0,9.0,0.0,A01
201500041413,0,7,0,0.0,2.0,7.0,0.0,B01
201500041414,0,37,1,0.0,0.0,2.0,2.0,A01
201500041414,0,7,0,0.0,0.0,4.0,0.0,B01
201500041415,1,32,0,0.0,1.0,0.0,0.0,A01
201500041416,0,33,0,0.0,2.0,8.0,2.0,A01
201500041416,0,7,0,0.0,2.0,7.0,2.0,B01
201500041417,0,7,0,0.0,0.0,4.0,1.0,A01
201500041417,0,7,0,0.0,2.0,1.0,2.0,B01
201500041418,0,10,0,0.0,2.0,2.0,0.0,A01
201500041418,0,7,0,0.0,2.0,6.0,0.0,B01
201500041419,0,1,0,0.0,1.0,1.0,0.0,B01
201500041419,0,10,0,0.0,0.0,4.0,0.0,A01
201500041420,0,7,0,0.0,2.0,2.0,15.0,A01
201500041420,0,33,0,0.0,2.0,4.0,15.0,B01
201500041421,0,10,0,0.0,2.0,0.0,0.0,B01
201500041421,0,10,0,0.0,0.0,0.0,0.0,C01
201500041421,0,10,0,0.0,0.0,0.0,0.0,D01
201500041421,2,10,0,0.0,2.0,0.0,0.0,Z01
201500041422,1,10,0,0.0,1.0,2.0,0.0,Z01
201500041423,0,15,0,0.0,2.0,7.0,2.0,A01
201500041423,0,1,0,0.0,0.0,8.0,2.0,B01
201500041424,0,10,0,0.0,2.0,0.0,0.0,A01
201500041424,0,33,0,0.0,2.0,0.0,0.0,B01
201500041425,0,7,0,0.0,0.0,0.0,0.0,A01
201500041425,0,33,0,0.0,0.0,0.0,0.0,B01
201500041426,0,10,0,0.0,2.0,2.0,1.0,B01
201500041426,0,30,0,0.0,2.0,8.0,9.0,A01
201500041427,0,10,0,0.0,2.0,8.0,0.0,A01
201500041427,0,10,0,0.0,2.0,7.0,0.0,B01
201500041428,1,7,0,0.0,1.0,0.0,0.0,Z01
201500041429,0,7,0,0.0,1.0,1.0,1.0,A01
201500041429,0,7,0,0.0,1.0,5.0,24.0,B01
201500041430,0,7,0,0.0,2.0,3.0,0.0,A01
201500041430,0,33,0,0.0,0.0,7.0,0.0,B01
201500041431,1,7,0,0.0,1.0,0.0,0.0,Z01
201500041432,1,7,0,0.0,0.0,0.0,0.0,Z01
201500041432,0,7,0,0.0,2.0,3.0,1.0,A01
201500041433,0,7,0,6.0,0.0,1.0,14.0,A01
201500041434,0,7,0,0.0,0.0,4.0,10.0,A01
201500041434,0,33,0,0.0,2.0,1.0,1.0,B01
201500041435,0,33,0,0.0,2.0,2.0,0.0,A01
201500041435,0,10,0,0.0,2.0,3.0,0.0,B01
201500041436,0,7,0,0.0,2.0,6.0,2.0,A01
201500041436,0,13,0,0.0,2.0,2.0,2.0,B01
201500041437,1,7,0,0.0,1.0,0.0,0.0,Z01
201500041438,0,33,0,0.0,2.0,7.0,2.0,A01
201500041438,0,14,0,0.0,0.0,5.0,1.0,B01
201500041439,0,7,0,0.0,1.0,3.0,17.0,A01
201500041440,0,33,0,0.0,2.0,3.0,1.0,A01
201500041440,0,7,0,0.0,2.0,3.0,10.0,B01
201500041441,0,7,0,0.0,0.0,1.0,1.0,A01
201500041441,0,33,0,0.0,2.0,4.0,20.0,B01
201500041442,0,7,0,14.0,0.0,1.0,0.0,A01
201500041443,0,37,0,0.0,0.0,0.0,0.0,A01
201500041444,0,7,0,0.0,0.0,4.0,23.0,B01
201500041444,1,7,0,0.0,0.0,0.0,0.0,Z01
201500041444,0,7,0,0.0,0.0,1.0,23.0,A01
201500041445,0,7,0,0.0,0.0,1.0,2.0,B01
201500041445,0,7,0,0.0,0.0,4.0,16.0,A01
201500041446,0,7,0,8.0,0.0,1.0,1.0,A01
201500041447,0,34,0,0.0,2.0,1.0,2.0,A01
201500041447,0,7,0,0.0,0.0,3.0,10.0,B01
201500041448,0,33,0,0.0,2.0,1.0,0.0,A01
201500041448,0,7,0,0.0,2.0,1.0,2.0,B01
201500041449,0,3,0,0.0,0.0,0.0,0.0,A01
201500041449,0,7,0,0.0,0.0,0.0,0.0,B01
201500041450,0,32,0,0.0,2.0,1.0,7.0,A01
201500041450,0,7,0,0.0,2.0,3.0,15.0,B01
201500041451,0,7,0,0.0,2.0,2.0,2.0,A01
201500041451,0,7,0,0.0,2.0,3.0,15.0,B01
201500041452,0,10,0,0.0,0.0,3.0,0.0,A01
201500041452,0,7,0,0.0,0.0,5.0,0.0,B01
201500041453,0,2,0,0.0,2.0,1.0,1.0,B01
201500041453,0,7,0,0.0,2.0,3.0,9.0,A01
201500041454,0,7,0,0.0,1.0,1.0,0.0,A01
201500041455,0,30,0,14.0,0.0,1.0,15.0,A01
201500041456,0,30,0,0.0,2.0,1.0,5.0,B01
201500041456,0,7,0,0.0,2.0,3.0,8.0,A01
201500041457,0,7,0,0.0,2.0,1.0,0.0,A01
201500041457,0,7,0,0.0,2.0,4.0,0.0,B01
201500041458,0,7,0,0.0,2.0,1.0,2.0,A01
201500041458,0,7,0,0.0,0.0,4.0,23.0,B01
201500041459,0,14,0,12.0,0.0,3.0,0.0,A01
201500041460,0,33,0,0.0,2.0,0.0,16.0,B01
201500041460,0,7,0,0.0,2.0,0.0,15.0,A01
201500041461,1,10,0,0.0,0.0,0.0,0.0,A01
201500041461,0,34,0,0.0,2.0,3.0,0.0,B01
201500041462,2,7,0,0.0,2.0,1.0,1.0,A01
201500041462,0,33,0,0.0,2.0,7.0,15.0,B01
201500041463,0,7,0,9.0,0.0,9.0,1.0,A01
201500041464,0,7,0,0.0,1.0,4.0,23.0,A01
201500041464,0,7,0,0.0,2.0,1.0,1.0,B01
201500041465,0,3,0,0.0,0.0,8.0,10.0,A01
201500041465,0,32,0,0.0,0.0,2.0,3.0,B01
201500041466,1,7,0,0.0,2.0,1.0,1.0,Z01
201500041466,0,7,0,0.0,2.0,3.0,9.0,B01
201500041467,1,7,0,0.0,1.0,1.0,1.0,Z01
201500041468,0,7,0,0.0,2.0,3.0,15.0,A01
201500041468,0,34,0,0.0,2.0,2.0,17.0,B01
201500041469,0,7,0,0.0,1.0,3.0,0.0,A01
201500041470,1,7,0,0.0,2.0,1.0,9.0,A01
201500041470,0,30,0,0.0,2.0,4.0,1.0,B01
201500041471,0,7,0,0.0,2.0,3.0,0.0,A01
201500041471,0,14,0,0.0,2.0,2.0,0.0,B01
201500041472,0,7,0,0.0,0.0,3.0,9.0,A01
201500041472,0,33,0,0.0,2.0,1.0,3.0,B01
201500041473,0,2,0,0.0,0.0,1.0,18.0,A01
201500041473,0,10,0,0.0,0.0,7.0,16.0,B01
201500041474,0,7,0,0.0,0.0,1.0,0.0,A01
201500041474,0,34,0,0.0,0.0,1.0,0.0,B01
201500041475,0,7,0,0.0,1.0,2.0,1.0,A01
201500041476,0,7,0,0.0,2.0,2.0,0.0,A01
201500041476,0,1,0,0.0,2.0,3.0,0.0,B01
201500041477,1,14,0,0.0,1.0,0.0,1.0,A01
201500041478,0,7,0,0.0,0.0,3.0,0.0,A01
201500041478,0,13,0,0.0,0.0,2.0,0.0,B01
201500041479,0,1,0,1.0,0.0,1.0,21.0,B01
201500041479,1,7,0,0.0,2.0,3.0,24.0,Z01
201500041480,0,2,0,0.0,2.0,7.0,0.0,A01
201500041480,0,7,0,0.0,2.0,3.0,0.0,B01
201500041481,0,34,0,0.0,1.0,1.0,0.0,A01
201500041482,0,7,0,0.0,2.0,1.0,0.0,B01
201500041482,0,30,0,0.0,2.0,7.0,0.0,A01
201500041483,0,7,0,0.0,0.0,3.0,2.0,A01
201500041483,0,31,0,0.0,2.0,2.0,17.0,B01
201500041484,0,34,0,0.0,1.0,1.0,0.0,A01
201500041485,0,7,0,0.0,1.0,1.0,1.0,A01
201500041486,0,10,0,0.0,2.0,1.0,1.0,A01
201500041486,0,7,0,0.0,0.0,4.0,1.0,B01
201500041487,0,7,0,0.0,1.0,2.0,1.0,A01
201500041488,0,7,0,0.0,1.0,0.0,0.0,A01
201500041489,0,34,0,0.0,2.0,1.0,0.0,A01
201500041489,0,10,0,0.0,2.0,3.0,15.0,B01
201500041490,0,2,0,0.0,0.0,8.0,7.0,A01
201500041490,0,7,0,0.0,0.0,7.0,2.0,B01
201500041491,0,7,0,0.0,0.0,2.0,15.0,A01
201500041491,0,34,0,0.0,2.0,1.0,1.0,B01
201500041492,0,7,0,0.0,0.0,6.0,2.0,A01
201500041492,0,1,0,0.0,2.0,2.0,3.0,B01
201500041493,0,7,0,0.0,0.0,8.0,1.0,A01
201500041493,0,34,0,0.0,2.0,2.0,17.0,B01
201500041494,0,7,0,0.0,2.0,1.0,9.0,A01
201500041494,0,33,0,0.0,2.0,1.0,5.0,B01
201500041495,0,7,0,0.0,2.0,2.0,2.0,A01
201500041495,0,33,0,0.0,2.0,3.0,2.0,B01
201500041496,0,33,0,0.0,0.0,1.0,0.0,A01
201500041496,0,3,0,0.0,0.0,3.0,0.0,B01
201500041497,0,10,0,0.0,1.0,1.0,15.0,A01
201500041498,0,37,1,0.0,1.0,5.0,1.0,A01
201500041499,0,33,0,0.0,1.0,1.0,17.0,A01
201500041499,0,10,0,0.0,0.0,3.0,15.0,B01
201500041500,0,7,0,0.0,2.0,3.0,11.0,A01
201500041500,0,32,0,0.0,2.0,7.0,17.0,B01
201500041501,1,7,0,0.0,1.0,0.0,0.0,Z01
201500041502,0,30,0,0.0,2.0,1.0,2.0,B01
201500041502,0,7,0,0.0,2.0,1.0,2.0,A01
201500041503,0,10,0,0.0,0.0,8.0,15.0,A01
201500041503,0,32,0,0.0,0.0,1.0,17.0,B01
201500041504,0,7,0,0.0,2.0,0.0,0.0,A01
201500041504,0,33,0,0.0,2.0,0.0,0.0,B01
201500041505,0,7,0,0.0,0.0,3.0,15.0,A01
201500041505,0,1,0,0.0,0.0,1.0,0.0,B01
201500041506,0,7,0,0.0,2.0,6.0,0.0,A01
201500041506,0,7,0,0.0,0.0,0.0,0.0,B01
201500041507,0,7,0,0.0,1.0,2.0,2.0,A01
201500041508,0,32,0,0.0,2.0,1.0,1.0,B01
201500041508,0,32,0,0.0,2.0,1.0,1.0,C01
201500041508,1,7,0,0.0,2.0,3.0,13.0,Z01
201500041509,0,7,0,0.0,2.0,4.0,0.0,A01
201500041509,0,7,0,0.0,2.0,1.0,2.0,B01
201500041510,0,7,0,0.0,2.0,1.0,2.0,A01
201500041510,0,7,0,0.0,2.0,1.0,1.0,B01
201500041511,0,10,0,0.0,0.0,4.0,2.0,A01
201500041511,0,7,0,0.0,0.0,4.0,2.0,B01
201500041512,0,7,0,0.0,2.0,6.0,10.0,A01
201500041512,0,7,0,0.0,2.0,1.0,1.0,B01
201500041513,0,31,0,0.0,0.0,1.0,2.0,A01
201500041513,0,7,0,0.0,2.0,6.0,1.0,B01
201500041514,0,7,0,0.0,2.0,3.0,9.0,A01
201500041514,0,34,0,0.0,2.0,1.0,1.0,B01
201500041515,0,2,0,0.0,0.0,2.0,15.0,A01
201500041516,0,33,0,0.0,2.0,1.0,0.0,A01
201500041516,0,37,0,0.0,2.0,8.0,0.0,B01
201500041517,0,10,0,0.0,2.0,1.0,0.0,A01
201500041517,0,7,0,0.0,2.0,4.0,2.0,B01
201500041518,0,7,0,0.0,2.0,2.0,14.0,A01
201500041518,0,7,0,0.0,2.0,8.0,2.0,B01
201500041518,0,7,0,0.0,2.0,7.0,23.0,C01
201500041519,0,10,0,0.0,1.0,3.0,0.0,A01
201500041520,0,34,0,0.0,1.0,1.0,0.0,A01
201500041521,0,7,0,0.0,2.0,3.0,1.0,A01
201500041521,0,33,0,0.0,2.0,1.0,3.0,B01
201500041522,0,33,0,1.0,2.0,7.0,3.0,A01
201500041522,0,10,0,0.0,0.0,7.0,23.0,B01
201500041523,0,7,0,4.0,0.0,0.0,0.0,A01
201500041524,0,33,0,0.0,1.0,1.0,0.0,A01
201500041525,0,7,0,0.0,1.0,0.0,0.0,A01
201500041526,0,7,0,0.0,0.0,8.0,19.0,A01
201500041526,0,33,0,0.0,2.0,1.0,3.0,B01
201500041527,0,7,0,0.0,0.0,4.0,23.0,B01
201500041527,1,7,0,0.0,0.0,1.0,10.0,Z01
201500041528,0,7,0,0.0,1.0,1.0,0.0,A01
201500041529,0,13,0,0.0,1.0,7.0,4.0,A01
201500041530,0,14,0,0.0,1.0,7.0,0.0,A01
201500041531,0,37,1,0.0,1.0,3.0,0.0,A01
201500041532,1,7,0,0.0,1.0,1.0,1.0,A01
201500041533,0,30,0,0.0,2.0,2.0,3.0,A01
201500041533,0,10,0,0.0,2.0,2.0,19.0,B01
201500041534,0,7,0,0.0,2.0,1.0,2.0,A01
201500041534,0,1,0,0.0,0.0,4.0,2.0,B01
201500041535,0,7,0,0.0,1.0,1.0,2.0,A01
201500041536,0,33,0,0.0,2.0,0.0,3.0,A01
201500041536,0,7,0,0.0,2.0,0.0,0.0,B01
201500041536,0,7,0,0.0,2.0,0.0,0.0,C01
201500041537,0,32,0,0.0,2.0,1.0,14.0,A01
201500041537,0,7,0,0.0,2.0,3.0,15.0,B01
201500041538,0,34,0,0.0,2.0,1.0,1.0,A01
201500041538,0,7,0,0.0,0.0,0.0,0.0,B01
201500041539,0,7,0,0.0,2.0,3.0,15.0,A01
201500041539,0,33,0,0.0,2.0,1.0,17.0,B01
201500041540,0,10,0,0.0,0.0,2.0,15.0,A01
201500041540,0,32,0,0.0,0.0,8.0,15.0,B01
201500041541,0,7,0,0.0,0.0,3.0,9.0,A01
201500041541,0,34,0,0.0,0.0,2.0,17.0,B01
201500041542,0,7,0,0.0,0.0,3.0,15.0,A01
201500041542,0,33,0,0.0,2.0,1.0,1.0,B01
201500041543,0,33,0,0.0,2.0,2.0,1.0,A01
201500041543,0,7,0,0.0,0.0,7.0,6.0,B01
201500041544,0,7,0,0.0,2.0,2.0,15.0,A01
201500041544,0,7,0,0.0,2.0,1.0,1.0,B01
201500041545,0,7,0,0.0,1.0,2.0,0.0,A01
201500041546,0,7,0,0.0,2.0,3.0,16.0,B01
201500041546,0,7,0,0.0,2.0,3.0,15.0,A01
201500041547,0,7,0,0.0,1.0,2.0,15.0,A01
201500041548,0,7,0,0.0,2.0,1.0,1.0,A01
201500041548,0,7,0,0.0,2.0,4.0,1.0,B01
201500041549,0,7,0,0.0,1.0,3.0,24.0,A01
201500041550,0,7,0,0.0,1.0,3.0,0.0,A01
201500041551,0,7,0,0.0,1.0,3.0,0.0,A01
201500041552,0,7,0,0.0,2.0,7.0,0.0,A01
201500041552,2,7,0,0.0,2.0,1.0,0.0,B01
201500041553,0,7,0,0.0,1.0,3.0,1.0,A01
201500041554,0,7,0,0.0,0.0,3.0,1.0,B01
201500041554,0,1,0,0.0,0.0,1.0,19.0,A01
201500041555,0,7,0,0.0,2.0,1.0,1.0,A01
201500041555,0,7,0,1.0,2.0,4.0,19.0,B01
201500041556,0,30,0,0.0,2.0,1.0,1.0,A01
201500041556,0,7,0,0.0,2.0,3.0,15.0,B01
201500041557,0,7,0,0.0,2.0,2.0,15.0,B01
201500041557,0,7,0,0.0,2.0,3.0,1.0,A01
201500041558,0,7,0,0.0,1.0,3.0,1.0,A01
201500041559,0,7,0,0.0,1.0,3.0,23.0,A01
201500041559,0,7,0,0.0,2.0,1.0,2.0,B01
201500041560,0,7,0,0.0,2.0,2.0,15.0,A01
201500041560,0,32,0,0.0,2.0,1.0,1.0,B01
201500041561,0,1,0,0.0,2.0,1.0,0.0,A01
201500041561,0,7,0,0.0,9.0,7.0,1.0,B01
201500041562,0,7,0,0.0,2.0,4.0,2.0,A01
201500041562,0,30,0,0.0,2.0,1.0,2.0,B01
201500041563,0,7,0,0.0,2.0,3.0,5.0,A01
201500041563,0,7,0,0.0,2.0,3.0,1.0,B01
201500041564,0,32,0,0.0,1.0,1.0,17.0,A01
201500041565,0,7,0,0.0,2.0,7.0,17.0,A01
201500041565,0,7,0,0.0,2.0,3.0,1.0,B01
201500041566,0,7,0,0.0,0.0,4.0,11.0,A01
201500041566,0,7,0,0.0,2.0,4.0,1.0,B01
201500041566,1,10,0,0.0,2.0,1.0,1.0,C01
201500041567,0,37,3,0.0,2.0,0.0,0.0,A01
201500041568,0,7,0,0.0,1.0,2.0,1.0,A01
201500041569,0,7,0,0.0,1.0,2.0,16.0,A01
201500041570,0,33,0,0.0,2.0,7.0,0.0,M01
201500041570,0,7,0,0.0,9.0,3.0,0.0,A01
201500041571,0,7,0,0.0,2.0,6.0,0.0,A01
201500041571,0,7,0,0.0,2.0,2.0,0.0,B01
201500041572,0,37,1,0.0,1.0,3.0,1.0,A01
201500041573,0,7,0,0.0,2.0,2.0,15.0,A01
201500041573,0,7,0,0.0,2.0,1.0,1.0,B01
201500041574,0,7,0,0.0,2.0,1.0,2.0,A01
201500041574,0,7,0,0.0,0.0,4.0,23.0,B01
201500041575,0,7,0,1.0,0.0,2.0,1.0,A01
201500041576,0,7,0,0.0,2.0,3.0,1.0,A01
201500041576,0,2,0,0.0,0.0,8.0,2.0,B01
201500041577,0,7,0,1.0,2.0,2.0,17.0,A01
201500041577,0,7,0,1.0,0.0,6.0,15.0,B01
201500041578,0,32,0,0.0,2.0,2.0,2.0,A01
201500041578,0,7,0,0.0,2.0,3.0,15.0,B01
201500041579,0,7,0,1.0,0.0,1.0,0.0,A01
201500041579,0,7,0,0.0,0.0,0.0,24.0,B01
201500041580,0,7,0,0.0,0.0,2.0,1.0,A01
201500041580,0,32,0,0.0,2.0,1.0,1.0,B01
201500041581,0,7,0,0.0,0.0,1.0,1.0,A01
201500041581,0,7,0,0.0,0.0,4.0,1.0,B01
201500041582,0,7,0,0.0,1.0,1.0,24.0,A01
201500041582,0,1,0,1.0,0.0,0.0,0.0,B02
201500041583,0,7,0,15.0,0.0,1.0,15.0,A01
201500041584,0,7,0,0.0,2.0,1.0,2.0,A01
201500041584,0,7,0,0.0,2.0,4.0,2.0,B01
201500041585,0,7,0,0.0,2.0,2.0,15.0,A01
201500041585,0,34,0,0.0,2.0,1.0,1.0,B01
201500041586,0,7,0,0.0,2.0,3.0,1.0,A01
201500041586,0,7,0,0.0,2.0,2.0,15.0,B01
201500041587,0,7,0,0.0,0.0,4.0,0.0,A01
201500041587,1,7,0,0.0,2.0,1.0,1.0,B01
201500041588,0,7,0,0.0,2.0,1.0,0.0,A01
201500041588,0,7,0,0.0,2.0,1.0,0.0,B01
201500041589,0,7,0,0.0,2.0,3.0,0.0,A01
201500041589,0,7,0,0.0,2.0,2.0,0.0,B01
201500041590,0,7,0,0.0,2.0,3.0,0.0,A01
201500041590,0,7,0,0.0,2.0,6.0,0.0,B01
201500041590,0,7,0,0.0,2.0,1.0,0.0,C01
201500041591,0,7,0,0.0,1.0,3.0,16.0,A01
201500041592,0,7,0,0.0,2.0,3.0,0.0,B01
201500041592,0,7,0,0.0,2.0,1.0,2.0,A01
201500041592,0,10,0,0.0,2.0,1.0,1.0,C01
201500041593,0,7,0,0.0,2.0,2.0,15.0,A01
201500041593,0,32,0,0.0,2.0,1.0,0.0,B01
201500041594,0,7,0,0.0,2.0,1.0,19.0,A01
201500041594,0,7,0,0.0,2.0,1.0,19.0,B01
201500041595,2,7,0,14.0,2.0,8.0,1.0,C01
201500041595,0,7,0,0.0,2.0,1.0,1.0,A01
201500041595,0,7,0,0.0,2.0,8.0,16.0,B01
201500041596,0,7,0,0.0,1.0,2.0,0.0,A01
201500041597,0,7,0,0.0,1.0,3.0,0.0,A01
201500041598,0,7,0,1.0,0.0,0.0,0.0,A01
201500041599,0,7,0,0.0,0.0,0.0,0.0,A01
201500041599,0,7,0,0.0,0.0,0.0,0.0,B01
201500041600,0,7,0,1.0,0.0,1.0,1.0,A01
201500041601,0,7,0,0.0,1.0,8.0,0.0,A01
201500041602,0,7,0,0.0,2.0,1.0,1.0,A01
201500041602,0,7,0,0.0,2.0,4.0,1.0,B01
201500041603,0,7,0,0.0,1.0,1.0,9.0,A01
201500041604,0,7,0,0.0,1.0,1.0,16.0,A01
201500041605,0,7,0,0.0,1.0,2.0,1.0,A01
201500041606,0,7,0,0.0,1.0,2.0,0.0,A01
201500041607,0,33,0,0.0,2.0,1.0,7.0,A01
201500041607,0,7,0,0.0,2.0,8.0,15.0,B01
201500041608,0,1,0,0.0,2.0,3.0,9.0,B01
201500041608,1,7,0,0.0,9.0,3.0,9.0,Z01
201500041609,0,30,0,0.0,2.0,1.0,1.0,B01
201500041609,1,7,0,0.0,2.0,6.0,10.0,Z01
201500041610,1,7,0,0.0,1.0,3.0,5.0,Z01
201500041611,0,7,0,0.0,2.0,3.0,1.0,A01
201500041611,0,31,0,0.0,2.0,1.0,1.0,B01
201500041612,0,7,0,0.0,1.0,1.0,1.0,A01
201500041613,0,7,0,0.0,1.0,2.0,0.0,A01
201500041614,0,7,0,0.0,1.0,8.0,0.0,A01
201500041615,0,7,0,1.0,0.0,1.0,21.0,A01
201500041616,2,7,0,0.0,2.0,1.0,2.0,A01
201500041616,0,7,0,0.0,2.0,4.0,23.0,B01
201500041616,0,7,0,0.0,0.0,4.0,23.0,C01
201500041617,0,7,0,8.0,0.0,1.0,15.0,A01
201500041618,1,31,0,0.0,1.0,0.0,0.0,Z01
201500041619,2,7,0,0.0,2.0,1.0,1.0,A01
201500041619,0,7,0,0.0,2.0,7.0,1.0,B01
201500041620,0,7,0,0.0,1.0,2.0,16.0,A01
201500041621,0,32,0,0.0,0.0,0.0,0.0,A01
201500041622,0,33,0,0.0,2.0,1.0,2.0,A01
201500041622,0,7,0,0.0,2.0,4.0,23.0,B01
201500041623,0,30,0,4.0,0.0,6.0,23.0,A01
201500041623,0,7,0,0.0,0.0,6.0,23.0,B01
201500041624,1,30,0,0.0,1.0,7.0,5.0,Z01
201500041625,0,7,0,0.0,0.0,4.0,23.0,A01
201500041625,0,10,0,0.0,2.0,1.0,2.0,B01
201500041626,2,99,0,0.0,1.0,1.0,2.0,Z01
201500041627,0,7,0,0.0,2.0,3.0,15.0,A01
201500041627,0,32,0,1.0,2.0,1.0,5.0,B01