Num_Acc,senc,catv,occutc,obs,obsm,choc,manv,num_veh
201500041628,0,10,0,6.0,0.0,2.0,2.0,A01
201500041628,0,10,0,0.0,2.0,3.0,15.0,B01
201500041629,0,32,0,0.0,2.0,0.0,0.0,A01
201500041629,0,7,0,0.0,0.0,5.0,0.0,B01
201500041630,0,7,0,0.0,0.0,1.0,0.0,A01
201500041630,0,7,0,0.0,0.0,1.0,2.0,B01
201500041631,0,7,0,0.0,2.0,7.0,16.0,A01
201500041631,0,1,0,0.0,2.0,1.0,2.0,B01
201500041632,0,7,0,8.0,0.0,1.0,16.0,A01
201500041633,0,33,0,0.0,2.0,1.0,1.0,A01
201500041633,0,7,0,0.0,2.0,3.0,16.0,B01
201500041634,0,7,0,0.0,2.0,1.0,1.0,B01
201500041634,0,7,0,0.0,2.0,2.0,0.0,A01
201500041635,0,30,0,0.0,1.0,1.0,17.0,A01
201500041636,0,7,0,0.0,2.0,4.0,2.0,A01
201500041636,0,7,0,0.0,0.0,4.0,23.0,B01
201500041637,0,7,0,0.0,1.0,2.0,0.0,A01
201500041638,0,7,0,0.0,1.0,3.0,2.0,A01
201500041639,1,30,0,0.0,1.0,0.0,0.0,A01
201500041640,0,7,0,0.0,1.0,3.0,0.0,A01
201500041641,0,7,0,0.0,2.0,1.0,1.0,A01
201500041641,0,33,0,0.0,2.0,8.0,1.0,B01
201500041642,0,10,0,0.0,1.0,1.0,2.0,A01
201500041643,0,7,0,0.0,1.0,1.0,1.0,A01
201500041644,0,7,0,0.0,2.0,1.0,2.0,A01
201500041644,0,7,0,0.0,0.0,4.0,23.0,B01
201500041645,0,7,0,0.0,2.0,2.0,9.0,A01
201500041645,0,32,0,0.0,2.0,1.0,1.0,B01
201500041646,0,7,0,0.0,0.0,7.0,12.0,A01
201500041646,0,7,0,0.0,0.0,1.0,2.0,B01
201500041647,0,34,0,0.0,2.0,9.0,3.0,A01
201500041647,0,7,0,0.0,2.0,5.0,23.0,B01
201500041647,0,10,0,0.0,2.0,3.0,23.0,C01
201500041648,0,40,0,0.0,1.0,1.0,0.0,A01
201500041649,0,7,0,0.0,0.0,2.0,15.0,A01
201500041649,0,2,0,0.0,2.0,1.0,0.0,B01
201500041650,0,10,0,0.0,2.0,3.0,1.0,A01
201500041650,0,33,0,0.0,2.0,1.0,5.0,B01
201500041651,0,14,0,0.0,1.0,3.0,1.0,A01
201500041652,1,7,0,0.0,2.0,1.0,2.0,Z01
201500041652,0,7,0,0.0,1.0,3.0,15.0,A01
201500041653,2,33,0,0.0,2.0,1.0,0.0,A01
201500041653,0,7,0,0.0,2.0,3.0,0.0,B01
201500041654,0,1,0,0.0,2.0,4.0,10.0,B01
201500041654,0,7,0,0.0,2.0,2.0,16.0,A01
201500041655,0,7,0,0.0,2.0,7.0,0.0,A01
201500041655,0,34,0,0.0,2.0,8.0,0.0,B01
201500041656,0,32,0,0.0,2.0,1.0,1.0,A01
201500041656,0,7,0,0.0,2.0,3.0,11.0,B01
201500041657,0,3,0,8.0,0.0,7.0,10.0,A01
201500041658,0,7,0,0.0,2.0,1.0,1.0,A01
201500041658,0,7,0,0.0,2.0,4.0,1.0,B01
201500041659,0,1,0,0.0,0.0,4.0,1.0,B01
201500041659,1,7,0,0.0,0.0,0.0,2.0,Z01
201500041660,0,7,0,0.0,2.0,1.0,13.0,C01
201500041660,0,7,0,0.0,2.0,1.0,0.0,B01
201500041660,0,7,0,0.0,0.0,1.0,13.0,A01
201500041661,0,7,0,4.0,0.0,1.0,1.0,A01
201500041662,0,33,0,0.0,2.0,0.0,0.0,A01
201500041662,0,7,0,0.0,2.0,2.0,0.0,B01
201500041663,0,7,0,2.0,0.0,8.0,17.0,A01
201500041664,0,7,0,0.0,2.0,3.0,10.0,A01
201500041664,0,7,0,0.0,2.0,3.0,1.0,B01
201500041665,0,7,0,0.0,0.0,1.0,16.0,A01
201500041665,0,1,0,0.0,0.0,4.0,1.0,B01
201500041666,0,10,0,0.0,2.0,1.0,1.0,A01
201500041666,0,10,0,0.0,2.0,3.0,15.0,B01
201500041667,0,7,0,0.0,0.0,1.0,1.0,A01
201500041668,0,33,0,0.0,2.0,1.0,0.0,A01
201500041669,0,7,0,0.0,2.0,3.0,0.0,A01
201500041669,0,7,0,0.0,2.0,3.0,0.0,B01
201500041670,0,7,0,0.0,2.0,7.0,0.0,A01
201500041670,0,7,0,0.0,2.0,1.0,0.0,B01
201500041671,0,7,0,0.0,9.0,7.0,1.0,A01
201500041671,0,30,0,0.0,2.0,0.0,9.0,B01
201500041672,0,7,0,0.0,1.0,1.0,1.0,A01
201500041673,1,7,0,0.0,1.0,1.0,2.0,A01
201500041674,0,10,0,0.0,0.0,6.0,10.0,A01
201500041674,0,7,0,0.0,0.0,1.0,1.0,B01
201500041675,0,7,0,0.0,2.0,1.0,1.0,B01
201500041675,0,7,0,0.0,2.0,8.0,1.0,A01
201500041676,0,7,0,0.0,2.0,4.0,0.0,A01
201500041676,0,7,0,0.0,2.0,1.0,0.0,B01
201500041677,0,7,0,0.0,2.0,1.0,2.0,B01
201500041677,0,7,0,1.0,2.0,3.0,2.0,A01
201500041678,0,7,0,0.0,1.0,2.0,11.0,A01
201500041679,0,3,0,0.0,0.0,4.0,2.0,B01
201500041680,0,7,0,0.0,2.0,3.0,9.0,A01
201500041680,0,33,0,0.0,2.0,1.0,1.0,B01
201500041681,0,33,0,0.0,2.0,3.0,1.0,A01
201500041681,1,7,0,0.0,2.0,0.0,1.0,B01
201500041682,0,7,0,0.0,2.0,4.0,23.0,C01
201500041682,0,10,0,0.0,2.0,4.0,23.0,B01
201500041682,0,14,0,0.0,2.0,1.0,1.0,A01
201500041683,0,7,0,0.0,1.0,1.0,4.0,A01
201500041684,0,30,0,0.0,2.0,2.0,2.0,B01
201500041684,0,7,0,0.0,9.0,1.0,2.0,A01
201500041685,0,7,0,0.0,1.0,3.0,1.0,A01
201500041686,0,7,0,0.0,9.0,2.0,0.0,A01
201500041686,0,1,0,0.0,2.0,2.0,0.0,B01
201500041687,0,7,0,0.0,2.0,3.0,1.0,A01
201500041687,0,7,0,0.0,2.0,2.0,0.0,B01
201500041688,0,7,0,0.0,0.0,3.0,15.0,A01
201500041688,0,33,0,0.0,0.0,1.0,13.0,B01
201500041689,0,10,0,14.0,0.0,1.0,3.0,A01
201500041689,0,7,0,0.0,0.0,4.0,1.0,B01
201500041689,0,7,0,0.0,0.0,4.0,2.0,C01
201500041689,0,7,0,0.0,0.0,6.0,2.0,D01
201500041690,0,7,0,1.0,2.0,1.0,2.0,A01
201500041691,0,10,0,0.0,2.0,1.0,0.0,A01
201500041691,0,7,0,0.0,2.0,4.0,1.0,B01
201500041692,0,7,0,0.0,2.0,1.0,2.0,A01
201500041692,0,7,0,0.0,2.0,7.0,9.0,B01
201500041693,1,7,0,0.0,2.0,0.0,15.0,A01
201500041693,0,33,0,0.0,2.0,8.0,1.0,B01
201500041694,0,7,0,2.0,0.0,1.0,0.0,A01
201500041695,0,10,0,0.0,2.0,1.0,11.0,A01
201500041695,0,7,0,0.0,1.0,4.0,1.0,B01
201500041696,0,7,0,0.0,1.0,1.0,2.0,A01
201500041697,0,7,0,0.0,2.0,1.0,2.0,A01
201500041697,0,7,0,0.0,2.0,4.0,1.0,B01
201500041698,0,7,0,0.0,2.0,4.0,0.0,A01
201500041698,0,7,0,14.0,0.0,1.0,2.0,B01
201500041699,0,7,0,0.0,0.0,4.0,1.0,B01
201500041699,0,7,0,0.0,2.0,1.0,1.0,A01
201500041700,0,7,0,4.0,0.0,1.0,13.0,A01
201500041701,0,7,0,0.0,2.0,2.0,0.0,A01
201500041701,0,7,0,0.0,2.0,3.0,0.0,B01
201500041702,0,7,0,0.0,2.0,1.0,2.0,A01
201500041702,0,7,0,0.0,2.0,1.0,2.0,B01
201500041702,0,7,0,0.0,0.0,4.0,2.0,C01
201500041703,0,7,0,0.0,2.0,1.0,1.0,A01
201500041703,0,33,0,0.0,2.0,8.0,1.0,B01
201500041704,0,7,0,0.0,0.0,7.0,15.0,A01
201500041704,0,7,0,0.0,0.0,1.0,1.0,B01
201500041705,0,7,0,10.0,2.0,1.0,5.0,A01
201500041705,0,7,0,0.0,2.0,3.0,15.0,B01
201500041706,0,7,0,0.0,6.0,6.0,2.0,A01
201500041706,0,7,0,0.0,2.0,2.0,2.0,B01
201500041707,0,37,1,0.0,2.0,3.0,1.0,A01
201500041707,0,7,0,0.0,2.0,3.0,15.0,B01
201500041708,0,7,0,0.0,9.0,3.0,2.0,A01
201500041708,0,30,0,0.0,2.0,1.0,2.0,B01
201500041709,0,7,0,4.0,0.0,1.0,2.0,A01
201500041710,0,7,0,0.0,2.0,3.0,1.0,B01
201500041710,0,7,0,0.0,2.0,2.0,2.0,A01
201500041711,0,10,0,14.0,2.0,7.0,10.0,A01
201500041711,0,10,0,0.0,2.0,1.0,1.0,B01
201500041712,0,7,0,6.0,0.0,1.0,2.0,A01
201500041713,0,7,0,0.0,2.0,2.0,1.0,A01
201500041713,0,33,0,0.0,2.0,1.0,2.0,B01
201500041714,0,7,0,15.0,0.0,2.0,0.0,A01
201500041715,0,7,0,0.0,1.0,2.0,9.0,A01
201500041716,0,7,0,0.0,2.0,3.0,1.0,A01
201500041716,0,1,0,0.0,0.0,0.0,0.0,B01
201500041717,0,37,1,0.0,2.0,3.0,0.0,B01
201500041717,0,7,0,0.0,2.0,5.0,24.0,C01
201500041717,0,7,0,0.0,2.0,4.0,24.0,D01
201500041717,0,7,0,0.0,2.0,2.0,9.0,A01
201500041718,0,3,0,13.0,0.0,7.0,6.0,A01
201500041719,0,7,0,15.0,2.0,6.0,0.0,A01
201500041719,0,7,0,0.0,2.0,6.0,0.0,B01
201500041719,0,14,0,0.0,0.0,0.0,0.0,C01
201500041720,1,33,0,0.0,2.0,3.0,1.0,A01
201500041720,0,7,0,0.0,2.0,2.0,16.0,B01
201500041721,0,7,0,0.0,0.0,1.0,1.0,A01
201500041722,0,7,0,0.0,2.0,3.0,1.0,A01
201500041722,0,7,0,0.0,0.0,2.0,16.0,B01
201500041723,0,2,0,0.0,2.0,1.0,2.0,A01
201500041723,0,7,0,0.0,2.0,7.0,15.0,B01
201500041724,0,32,0,0.0,2.0,1.0,1.0,A01
201500041724,1,7,0,0.0,0.0,0.0,0.0,Z01
201500041725,0,1,0,0.0,2.0,7.0,19.0,Y01
201500041725,0,7,0,0.0,9.0,1.0,1.0,A01
201500041726,0,37,0,0.0,0.0,1.0,2.0,A01
201500041726,0,7,0,0.0,0.0,4.0,2.0,B01
201500041726,0,7,0,0.0,0.0,4.0,2.0,C01
201500041727,0,7,0,15.0,2.0,1.0,0.0,A01
201500041727,0,7,0,15.0,2.0,2.0,2.0,B01
201500041728,0,7,0,0.0,1.0,1.0,15.0,A01
201500041729,0,7,0,0.0,0.0,2.0,0.0,A01
201500041729,0,7,0,0.0,0.0,3.0,0.0,B01
201500041730,1,7,0,0.0,1.0,1.0,0.0,A01
201500041731,0,7,0,0.0,1.0,6.0,24.0,B01
201500041731,0,33,0,1.0,0.0,9.0,0.0,A01
201500041732,0,30,0,0.0,2.0,2.0,0.0,A01
201500041732,0,7,0,0.0,2.0,8.0,0.0,B01
201500041733,0,7,0,1.0,2.0,1.0,2.0,A01
201500041733,0,7,0,0.0,0.0,4.0,23.0,B01
201500041734,1,7,0,0.0,1.0,1.0,1.0,A01
201500041735,0,31,0,0.0,2.0,1.0,2.0,A01
201500041735,0,13,0,0.0,2.0,4.0,2.0,B01
201500041736,0,31,0,0.0,2.0,7.0,0.0,A01
201500041736,1,7,0,0.0,2.0,0.0,11.0,B01
201500041737,0,7,0,5.0,0.0,1.0,13.0,A01
201500041738,0,34,0,0.0,2.0,7.0,13.0,A01
201500041738,0,7,0,0.0,9.0,3.0,15.0,B01
201500041738,0,37,10,0.0,0.0,2.0,1.0,C01
201500041739,0,7,0,0.0,2.0,3.0,2.0,A01
201500041739,0,7,0,0.0,2.0,5.0,0.0,B01
201500041740,0,7,0,0.0,1.0,3.0,21.0,A01
201500041741,1,7,0,0.0,1.0,1.0,1.0,A01
201500041742,0,7,0,0.0,1.0,3.0,9.0,A01
201500041743,0,7,0,0.0,2.0,1.0,1.0,A01
201500041743,2,2,0,0.0,2.0,7.0,1.0,B01
201500041744,0,7,0,1.0,1.0,8.0,1.0,A01
201500041745,1,7,0,0.0,0.0,0.0,0.0,A01
201500041745,0,1,0,0.0,2.0,0.0,1.0,B01
201500041746,0,10,0,0.0,2.0,2.0,15.0,A01
201500041746,0,2,0,0.0,2.0,1.0,1.0,B01
201500041747,0,3,0,0.0,2.0,1.0,1.0,A01
201500041747,0,7,0,0.0,2.0,4.0,1.0,B01
201500041748,1,1,0,0.0,1.0,1.0,1.0,A01
201500041749,0,7,0,0.0,1.0,1.0,1.0,B01
201500041750,0,33,0,0.0,2.0,4.0,15.0,A01
201500041750,0,33,0,0.0,2.0,1.0,2.0,B01
201500041751,0,7,0,0.0,1.0,4.0,4.0,A01
201500041752,0,32,0,0.0,0.0,8.0,1.0,B01
201500041752,0,7,0,0.0,0.0,1.0,1.0,A01
201500041753,0,7,0,0.0,1.0,4.0,4.0,A01
201500041754,0,32,0,14.0,0.0,1.0,1.0,B01
201500041754,0,7,0,0.0,9.0,3.0,15.0,A01
201500041755,0,2,0,0.0,0.0,3.0,21.0,B01
201500041756,0,7,0,0.0,1.0,3.0,20.0,A01
201500041757,0,30,0,0.0,2.0,1.0,1.0,A01
201500041757,1,7,0,0.0,2.0,6.0,15.0,B01
201500041758,0,3,0,1.0,0.0,9.0,20.0,A01
201500041759,0,7,0,0.0,1.0,3.0,1.0,A01
201500041760,0,7,0,0.0,1.0,2.0,0.0,A01
201500041761,0,7,0,1.0,0.0,2.0,0.0,A01
201500041762,0,10,0,0.0,1.0,3.0,0.0,A01
201500041763,1,7,0,0.0,2.0,0.0,0.0,A01
201500041763,0,7,0,1.0,1.0,6.0,2.0,B01
201500041764,0,32,0,0.0,2.0,1.0,16.0,A01
201500041764,0,10,0,0.0,2.0,5.0,23.0,B01
201500041765,0,7,0,0.0,2.0,3.0,16.0,B01
201500041765,0,7,0,0.0,2.0,2.0,0.0,A01
201500041766,0,2,0,0.0,0.0,8.0,1.0,A01
201500041767,0,7,0,0.0,0.0,1.0,1.0,B01
201500041767,0,7,0,0.0,0.0,1.0,9.0,A01
201500041768,0,33,0,0.0,0.0,1.0,1.0,A01
201500041768,0,7,0,0.0,0.0,7.0,1.0,B01
201500041769,0,7,0,0.0,1.0,0.0,0.0,A01
201500041770,0,10,0,0.0,0.0,6.0,1.0,B01
201500041770,0,32,0,0.0,2.0,3.0,1.0,A01
201500041771,0,7,0,0.0,1.0,5.0,4.0,A01
201500041772,0,7,0,0.0,0.0,1.0,1.0,A01
201500041772,0,37,0,0.0,0.0,3.0,2.0,B01
201500041773,0,7,0,0.0,2.0,1.0,1.0,B01
201500041773,0,7,0,0.0,2.0,2.0,1.0,A01
201500041774,0,7,0,2.0,0.0,8.0,1.0,A01
201500041775,0,1,0,15.0,0.0,1.0,1.0,A01
201500041776,0,32,0,0.0,2.0,1.0,1.0,A01
201500041776,0,7,0,0.0,2.0,5.0,1.0,B01
201500041777,0,30,0,0.0,2.0,1.0,1.0,B01
201500041777,0,7,0,0.0,2.0,3.0,15.0,A01
201500041778,0,7,0,0.0,2.0,3.0,1.0,B01
201500041778,0,7,0,0.0,2.0,2.0,15.0,A01
201500041779,0,7,0,0.0,1.0,1.0,1.0,A01
201500041780,0,7,0,0.0,1.0,1.0,1.0,A01
201500041781,0,7,0,0.0,1.0,2.0,1.0,A01
201500041782,0,1,0,0.0,2.0,1.0,1.0,B01
201500041782,0,10,0,0.0,2.0,1.0,15.0,A01
201500041783,0,7,0,0.0,2.0,3.0,15.0,A01
201500041783,0,1,0,0.0,2.0,1.0,0.0,B01
201500041784,0,7,0,0.0,2.0,6.0,1.0,B01
201500041784,0,1,0,0.0,2.0,1.0,15.0,A01
201500041785,0,10,0,0.0,1.0,1.0,2.0,A01
201500041786,0,7,0,0.0,1.0,0.0,0.0,A01
201500041787,0,1,0,0.0,2.0,1.0,2.0,B01
201500041787,0,10,0,0.0,2.0,5.0,4.0,A01
201500041788,0,33,0,0.0,0.0,1.0,1.0,B01
201500041788,0,7,0,0.0,0.0,8.0,15.0,A01
201500041789,0,7,0,0.0,0.0,1.0,23.0,D01
201500041789,0,7,0,0.0,0.0,1.0,23.0,C01
201500041789,0,10,0,0.0,0.0,2.0,1.0,A01
201500041789,0,10,0,0.0,0.0,1.0,1.0,B01
201500041790,0,2,0,0.0,2.0,3.0,1.0,A01
201500041790,0,7,0,0.0,9.0,3.0,15.0,B01
201500041791,0,32,0,0.0,2.0,7.0,2.0,A01
201500041791,0,10,0,0.0,0.0,5.0,23.0,B01
201500041792,0,32,0,12.0,0.0,8.0,2.0,A01
201500041793,0,7,0,0.0,2.0,1.0,2.0,A01
201500041793,0,7,0,0.0,1.0,4.0,1.0,B01
201500041794,0,13,0,8.0,2.0,1.0,0.0,A01
201500041794,0,7,0,0.0,2.0,1.0,0.0,B01
201500041795,0,37,38,0.0,1.0,6.0,1.0,B01
201500041795,0,7,0,0.0,1.0,3.0,1.0,A01
201500041796,0,7,0,0.0,2.0,2.0,1.0,B01
201500041796,0,2,0,0.0,2.0,1.0,1.0,A01
201500041797,0,14,0,0.0,2.0,1.0,15.0,A01
201500041797,0,7,0,0.0,0.0,6.0,16.0,B01
201500041798,0,7,0,0.0,0.0,1.0,19.0,B01
201500041798,0,7,0,0.0,0.0,1.0,15.0,A01
201500041799,0,10,0,0.0,1.0,4.0,4.0,A01
201500041800,0,7,0,0.0,1.0,1.0,2.0,A01
201500041801,0,7,0,0.0,1.0,1.0,20.0,A01
201500041802,0,7,0,0.0,0.0,3.0,15.0,A01
201500041802,0,33,0,0.0,0.0,8.0,2.0,B01
201500041803,0,33,0,1.0,0.0,8.0,1.0,A01
201500041804,0,7,0,0.0,2.0,1.0,2.0,A01
201500041804,0,7,0,0.0,0.0,4.0,2.0,B01
201500041805,0,7,0,0.0,1.0,1.0,1.0,A01
201500041806,0,7,0,0.0,2.0,3.0,1.0,B01
201500041806,0,7,0,0.0,2.0,1.0,15.0,A01
201500041807,0,14,0,0.0,2.0,4.0,1.0,B01
201500041807,0,15,0,0.0,2.0,1.0,2.0,A01
201500041808,0,33,0,0.0,2.0,1.0,1.0,B01
201500041808,0,7,0,0.0,2.0,3.0,15.0,A01
201500041809,0,7,0,0.0,2.0,1.0,15.0,A01
201500041809,0,7,0,0.0,2.0,1.0,1.0,B01
201500041810,0,7,0,0.0,2.0,8.0,2.0,A01
201500041810,0,1,0,0.0,2.0,1.0,2.0,B01
201500041811,0,2,0,2.0,0.0,7.0,1.0,A01
201500041812,0,37,0,0.0,1.0,7.0,1.0,A01
201500041813,0,7,0,0.0,2.0,8.0,15.0,B01
201500041813,0,34,0,0.0,2.0,7.0,17.0,A01
201500041814,0,7,0,0.0,2.0,4.0,1.0,B01
201500041814,0,10,0,0.0,2.0,1.0,1.0,A01
201500041815,0,7,0,0.0,1.0,3.0,1.0,A01
201500041816,0,1,0,0.0,0.0,0.0,1.0,A01
201500041817,0,7,0,0.0,2.0,8.0,15.0,B01
201500041817,0,7,0,0.0,2.0,1.0,1.0,A01
201500041818,0,7,0,0.0,2.0,3.0,15.0,A01
201500041818,0,32,0,0.0,2.0,2.0,9.0,B01
201500041819,0,7,0,1.0,2.0,3.0,20.0,A01
201500041819,0,7,0,0.0,2.0,2.0,2.0,B01
201500041820,0,7,0,0.0,2.0,4.0,1.0,B01
201500041820,0,15,0,0.0,2.0,1.0,2.0,A01
201500041821,0,7,0,0.0,2.0,2.0,2.0,A01
201500041821,0,7,0,0.0,9.0,3.0,16.0,B01
201500041822,0,7,0,6.0,0.0,1.0,1.0,A01
201500041823,0,7,0,4.0,0.0,1.0,1.0,A01
201500041824,0,7,0,0.0,0.0,8.0,23.0,C01
201500041824,2,7,0,1.0,2.0,3.0,1.0,A01
201500041824,0,7,0,0.0,2.0,1.0,16.0,B01
201500041825,0,1,0,0.0,2.0,1.0,1.0,B01
201500041825,0,7,0,0.0,2.0,7.0,1.0,A01
201500041826,0,33,0,0.0,2.0,7.0,3.0,A01
201500041826,0,7,0,0.0,2.0,1.0,9.0,B01
201500041827,0,7,0,0.0,1.0,1.0,0.0,A01
201500041828,2,7,0,0.0,2.0,3.0,7.0,A01
201500041828,0,10,0,0.0,2.0,7.0,1.0,B01
201500041829,0,32,0,0.0,2.0,9.0,1.0,B01
201500041829,0,7,0,0.0,2.0,5.0,15.0,A01
201500041830,0,7,0,0.0,1.0,3.0,1.0,A01
201500041831,0,32,0,0.0,2.0,3.0,1.0,A01
201500041831,0,7,0,0.0,2.0,3.0,1.0,B01
201500041832,0,7,0,15.0,0.0,1.0,1.0,A01
201500041833,0,7,0,0.0,2.0,6.0,10.0,A01
201500041833,0,31,0,0.0,2.0,1.0,1.0,B01
201500041834,0,7,0,0.0,1.0,3.0,2.0,A01
201500041835,0,7,0,0.0,2.0,4.0,9.0,B01
201500041835,0,7,0,0.0,2.0,1.0,2.0,A01
201500041836,0,7,0,0.0,1.0,1.0,0.0,A01
201500041837,0,7,0,0.0,0.0,1.0,2.0,A01
201500041837,0,7,0,0.0,0.0,4.0,2.0,B01
201500041838,0,7,0,0.0,1.0,1.0,0.0,A01
201500041839,0,7,0,3.0,0.0,1.0,1.0,A01
201500041840,0,7,0,0.0,2.0,3.0,9.0,A01
201500041840,0,34,0,0.0,2.0,2.0,21.0,B01
201500041841,0,7,0,0.0,2.0,3.0,15.0,B01
201500041841,0,7,0,0.0,2.0,2.0,16.0,A01
201500041842,1,30,0,0.0,1.0,1.0,0.0,A01
201500041843,0,7,0,15.0,0.0,9.0,9.0,A01
201500041844,0,37,1,0.0,1.0,2.0,15.0,A01
201500041845,0,7,0,0.0,2.0,2.0,1.0,B01
201500041845,0,2,0,0.0,2.0,1.0,0.0,A01
201500041846,0,10,0,0.0,2.0,8.0,17.0,A01
201500041846,0,30,0,0.0,2.0,2.0,17.0,B01
201500041847,0,7,0,0.0,2.0,4.0,2.0,B01
201500041847,0,33,0,0.0,2.0,1.0,2.0,A01
201500041848,0,7,0,0.0,2.0,3.0,9.0,A01
201500041848,0,2,0,0.0,2.0,6.0,1.0,B01
201500041849,0,7,0,0.0,1.0,2.0,1.0,A01
201500041850,0,7,0,0.0,1.0,1.0,1.0,B01
201500041850,0,7,0,0.0,0.0,3.0,19.0,A01
201500041851,0,34,0,14.0,0.0,3.0,17.0,A01
201500041852,0,34,0,16.0,0.0,8.0,15.0,A01
201500041853,0,10,0,0.0,1.0,2.0,1.0,A01
201500041854,0,7,0,0.0,2.0,3.0,15.0,A01
201500041854,0,7,0,0.0,2.0,3.0,1.0,B01
201500041855,0,7,0,0.0,9.0,2.0,15.0,A01
201500041855,0,1,0,0.0,2.0,1.0,15.0,B01
201500041856,0,34,0,0.0,2.0,3.0,2.0,B01
201500041856,1,7,0,0.0,2.0,5.0,1.0,A01
201500041857,0,7,0,0.0,0.0,4.0,2.0,B01
201500041857,0,7,0,0.0,2.0,1.0,2.0,A01
201500041858,0,2,0,0.0,2.0,1.0,2.0,A01
201500041858,0,2,0,0.0,0.0,4.0,10.0,B01
201500041859,0,7,0,0.0,1.0,1.0,1.0,A01
201500041860,0,7,0,0.0,2.0,4.0,1.0,A01
201500041860,0,7,0,0.0,2.0,1.0,2.0,B01
201500041861,0,33,0,0.0,2.0,7.0,17.0,B01
201500041861,1,7,0,0.0,2.0,8.0,13.0,A01
201500041862,0,38,1,0.0,2.0,3.0,15.0,B01
201500041862,0,10,0,15.0,2.0,7.0,21.0,A01
201500041862,0,7,0,0.0,9.0,1.0,15.0,C01
201500041863,0,7,0,0.0,1.0,2.0,1.0,A01
201500041864,0,7,0,0.0,0.0,0.0,0.0,A01
201500041864,0,33,0,0.0,0.0,0.0,0.0,B01
201500041865,0,30,0,0.0,2.0,5.0,17.0,A01
201500041865,0,7,0,0.0,2.0,3.0,15.0,B01
201500041866,0,7,0,0.0,2.0,1.0,15.0,A01
201500041866,0,7,0,0.0,2.0,1.0,1.0,B01
201500041867,0,33,0,0.0,1.0,1.0,0.0,A01
201500041868,0,3,0,0.0,2.0,2.0,15.0,A01
201500041868,0,32,0,0.0,2.0,1.0,1.0,B01
201500041869,0,7,0,0.0,2.0,2.0,2.0,A01
201500041869,0,34,0,0.0,0.0,8.0,2.0,B01
201500041870,0,7,0,15.0,0.0,2.0,14.0,A01
201500041871,0,7,0,0.0,2.0,1.0,1.0,B01
201500041871,0,7,0,0.0,2.0,8.0,1.0,A01
201500041872,0,2,0,1.0,0.0,7.0,2.0,A01
201500041873,0,7,0,6.0,0.0,1.0,0.0,A01
201500041874,0,7,0,0.0,2.0,1.0,1.0,A01
201500041874,0,7,0,0.0,0.0,8.0,9.0,B01
201500041875,0,34,0,11.0,0.0,0.0,17.0,A01
201500041876,0,33,0,0.0,2.0,7.0,17.0,A01
201500041876,0,7,0,0.0,2.0,1.0,20.0,B01
201500041877,1,99,0,0.0,1.0,2.0,0.0,A01
201500041878,2,7,0,14.0,0.0,0.0,2.0,A01
201500041879,0,37,0,0.0,2.0,2.0,1.0,A01
201500041879,0,7,0,0.0,2.0,1.0,15.0,B01
201500041880,0,7,0,0.0,2.0,1.0,15.0,A01
201500041880,0,7,0,0.0,2.0,2.0,1.0,B01
201500041881,0,7,0,0.0,1.0,1.0,1.0,A01
201500041882,0,7,0,0.0,2.0,1.0,15.0,A01
201500041882,0,7,0,0.0,2.0,3.0,1.0,B01
201500041883,0,7,0,0.0,2.0,7.0,2.0,A01
201500041883,0,7,0,0.0,2.0,1.0,2.0,B01
201500041884,0,7,0,4.0,0.0,1.0,13.0,A01
201500041885,0,7,0,6.0,0.0,9.0,1.0,A01
201500041886,0,7,0,0.0,1.0,1.0,15.0,A01
201500041887,0,7,0,0.0,0.0,1.0,0.0,A01
201500041887,0,7,0,0.0,0.0,4.0,0.0,B01
201500041888,0,7,0,0.0,1.0,2.0,1.0,A01
201500041889,0,7,0,0.0,0.0,9.0,15.0,A01
201500041890,0,32,0,0.0,2.0,1.0,2.0,A01
201500041890,0,7,0,0.0,2.0,6.0,11.0,B01
201500041891,0,7,0,0.0,2.0,1.0,2.0,A01
201500041891,0,7,0,0.0,0.0,4.0,15.0,B01
201500041892,0,7,0,0.0,1.0,6.0,1.0,A01
201500041893,0,32,0,0.0,0.0,7.0,1.0,A01
201500041894,0,37,0,0.0,1.0,2.0,1.0,A01
201500041895,0,7,0,0.0,2.0,2.0,15.0,A01
201500041895,0,2,0,0.0,2.0,1.0,2.0,B01
201500041896,0,7,0,15.0,2.0,2.0,2.0,A01
201500041896,0,7,0,0.0,2.0,3.0,15.0,B01
201500041897,0,7,0,0.0,2.0,8.0,22.0,A01
201500041897,0,33,0,0.0,2.0,5.0,1.0,B01
201500041898,0,7,0,0.0,2.0,3.0,5.0,A01
201500041898,0,7,0,0.0,2.0,3.0,1.0,B01
201500041899,0,33,0,0.0,1.0,3.0,2.0,A01
201500041900,0,30,0,0.0,0.0,7.0,0.0,A01
201500041901,0,33,0,0.0,2.0,7.0,14.0,A01
201500041901,0,7,0,0.0,2.0,4.0,1.0,B01
201500041902,0,7,0,8.0,0.0,1.0,0.0,A01
201500041903,0,33,0,0.0,2.0,7.0,3.0,A01
201500041903,0,7,0,0.0,0.0,6.0,1.0,B01
201500041904,0,1,0,0.0,9.0,1.0,1.0,A01
201500041904,0,1,0,0.0,9.0,1.0,1.0,B01
201500041905,0,33,0,0.0,2.0,7.0,3.0,B01
201500041905,0,7,0,0.0,2.0,3.0,9.0,A01