Num_Acc,senc,catv,occutc,obs,obsm,choc,manv,num_veh
201500041906,0,7,0,0.0,2.0,2.0,9.0,B01
201500041906,2,99,0,0.0,2.0,1.0,5.0,A01
201500041907,0,7,0,0.0,2.0,3.0,15.0,A01
201500041907,0,7,0,0.0,2.0,8.0,1.0,B01
201500041908,0,33,0,0.0,2.0,1.0,17.0,A01
201500041908,0,14,0,0.0,2.0,3.0,15.0,B01
201500041909,0,7,0,0.0,2.0,8.0,10.0,A01
201500041909,0,10,0,0.0,2.0,2.0,1.0,B01
201500041910,0,7,0,0.0,1.0,1.0,0.0,A01
201500041911,0,7,0,0.0,1.0,0.0,1.0,A01
201500041912,0,7,0,0.0,2.0,7.0,15.0,A01
201500041912,0,33,0,0.0,2.0,1.0,1.0,B01
201500041913,0,7,0,0.0,0.0,1.0,1.0,A01
201500041914,0,7,0,0.0,2.0,4.0,1.0,B01
201500041914,0,30,0,0.0,2.0,1.0,1.0,A01
201500041915,1,30,0,0.0,1.0,2.0,1.0,A01
201500041916,0,7,0,2.0,0.0,2.0,2.0,A01
201500041917,0,7,0,0.0,2.0,1.0,11.0,B01
201500041917,0,7,0,0.0,2.0,1.0,2.0,A01
201500041918,0,7,0,0.0,0.0,4.0,2.0,B01
201500041918,0,7,0,0.0,0.0,1.0,2.0,A01
201500041918,0,7,0,0.0,0.0,4.0,2.0,C01
201500041919,0,14,0,0.0,2.0,2.0,14.0,A01
201500041919,0,7,0,0.0,2.0,1.0,1.0,C01
201500041919,0,7,0,0.0,2.0,6.0,1.0,B01
201500041919,0,15,0,0.0,2.0,6.0,1.0,D01
201500041920,0,1,0,12.0,0.0,8.0,1.0,A01
201500041921,0,10,0,0.0,2.0,1.0,2.0,A01
201500041921,0,10,0,0.0,2.0,6.0,23.0,B01
201500041922,0,33,0,0.0,2.0,3.0,18.0,A01
201500041922,0,30,0,0.0,2.0,2.0,1.0,B01
201500041923,0,7,0,0.0,2.0,1.0,15.0,A01
201500041923,0,7,0,0.0,2.0,8.0,15.0,B01
201500041924,0,7,0,0.0,2.0,8.0,1.0,C01
201500041924,0,7,0,0.0,2.0,3.0,15.0,A01
201500041924,0,7,0,0.0,2.0,3.0,1.0,B01
201500041925,0,7,0,0.0,2.0,1.0,1.0,A01
201500041925,0,7,0,0.0,2.0,4.0,23.0,B01
201500041925,0,7,0,0.0,2.0,3.0,16.0,C01
201500041926,0,10,0,0.0,2.0,1.0,5.0,A01
201500041926,0,7,0,0.0,2.0,3.0,1.0,B01
201500041927,0,7,0,0.0,2.0,6.0,15.0,A01
201500041927,1,10,0,0.0,2.0,1.0,17.0,Z01
201500041928,0,7,0,0.0,2.0,3.0,15.0,A01
201500041928,0,33,0,0.0,2.0,1.0,2.0,B01
201500041929,0,33,0,0.0,2.0,3.0,1.0,B01
201500041929,0,7,0,0.0,2.0,3.0,6.0,A01
201500041930,0,7,0,0.0,2.0,1.0,13.0,A01
201500041930,0,7,0,0.0,2.0,1.0,2.0,B01
201500041931,0,7,0,0.0,2.0,6.0,1.0,C01
201500041931,0,10,0,0.0,2.0,6.0,1.0,B01
201500041931,0,33,0,0.0,2.0,8.0,2.0,A01
201500041932,0,7,0,0.0,1.0,3.0,15.0,A01
201500041933,0,37,0,0.0,1.0,0.0,20.0,A01
201500041934,0,10,0,0.0,0.0,4.0,1.0,C01
201500041934,0,7,0,0.0,0.0,1.0,1.0,A01
201500041934,0,7,0,0.0,0.0,4.0,1.0,B01
201500041935,0,7,0,5.0,0.0,1.0,0.0,A01
201500041936,0,7,0,0.0,0.0,4.0,23.0,B01
201500041936,0,7,0,0.0,2.0,1.0,2.0,A01
201500041937,0,30,0,0.0,2.0,1.0,17.0,A01
201500041937,0,7,0,0.0,0.0,6.0,15.0,B01
201500041938,0,7,0,3.0,0.0,2.0,1.0,A01
201500041939,0,10,0,0.0,1.0,1.0,21.0,A01
201500041940,0,99,0,0.0,1.0,1.0,1.0,A01
201500041941,0,31,0,1.0,0.0,8.0,13.0,A01
201500041942,0,7,0,0.0,2.0,1.0,2.0,B01
201500041942,0,7,0,0.0,2.0,1.0,6.0,A01
201500041942,0,7,0,14.0,2.0,1.0,2.0,C01
201500041943,0,7,0,0.0,2.0,4.0,1.0,B01
201500041943,0,7,0,0.0,2.0,1.0,2.0,A01
201500041944,0,7,0,2.0,0.0,1.0,1.0,A01
201500041945,0,32,0,0.0,2.0,8.0,3.0,A01
201500041945,0,10,0,0.0,2.0,7.0,2.0,B01
201500041945,0,14,0,0.0,2.0,3.0,1.0,C01
201500041946,0,7,0,0.0,2.0,1.0,2.0,A01
201500041946,0,7,0,0.0,2.0,4.0,1.0,B01
201500041947,0,7,0,0.0,2.0,2.0,9.0,A01
201500041947,0,7,0,0.0,2.0,7.0,1.0,B01
201500041948,0,7,0,0.0,1.0,1.0,1.0,A01
201500041949,0,7,0,0.0,2.0,1.0,1.0,A01
201500041949,0,1,0,0.0,2.0,7.0,1.0,B01
201500041950,0,7,0,0.0,2.0,2.0,15.0,A01
201500041950,0,7,0,0.0,2.0,2.0,1.0,B01
201500041951,0,7,0,0.0,1.0,3.0,1.0,A01
201500041952,0,7,0,0.0,1.0,2.0,2.0,A01
201500041953,0,7,0,0.0,2.0,3.0,15.0,A01
201500041953,0,7,0,0.0,2.0,2.0,1.0,B01
201500041954,0,33,0,0.0,2.0,0.0,1.0,B01
201500041954,0,7,0,0.0,2.0,3.0,1.0,A01
201500041955,0,7,0,1.0,0.0,1.0,21.0,A01
201500041956,0,7,0,0.0,2.0,1.0,2.0,A01
201500041956,0,7,0,0.0,2.0,6.0,23.0,B01
201500041957,0,7,0,0.0,2.0,3.0,0.0,A01
201500041957,0,7,0,0.0,2.0,2.0,1.0,B01
201500041958,0,7,0,0.0,2.0,1.0,15.0,A01
201500041958,0,32,0,0.0,2.0,1.0,23.0,B01
201500041959,0,7,0,0.0,2.0,1.0,17.0,A01
201500041959,0,33,0,0.0,2.0,1.0,1.0,B01
201500041960,0,7,0,0.0,2.0,1.0,1.0,A01
201500041960,0,7,0,6.0,2.0,1.0,1.0,B01
201500041961,0,34,0,0.0,0.0,0.0,0.0,B01
201500041961,0,7,0,0.0,0.0,0.0,0.0,A01
201500041962,0,7,0,0.0,2.0,3.0,15.0,A01
201500041962,0,33,0,0.0,2.0,1.0,17.0,B01
201500041963,0,31,0,0.0,0.0,8.0,1.0,B01
201500041963,0,7,0,0.0,0.0,0.0,15.0,A01
201500041964,0,7,0,0.0,0.0,0.0,0.0,B01
201500041964,0,7,0,0.0,0.0,0.0,0.0,A01
201500041965,0,30,0,0.0,2.0,2.0,17.0,B01
201500041965,0,7,0,0.0,2.0,8.0,6.0,A01
201500041966,0,31,0,0.0,2.0,1.0,1.0,B01
201500041966,0,10,0,0.0,2.0,3.0,15.0,A01
201500041967,0,7,0,0.0,2.0,1.0,1.0,B01
201500041967,0,7,0,0.0,2.0,1.0,11.0,A01
201500041968,0,7,0,0.0,1.0,0.0,0.0,A01
201500041969,0,30,0,0.0,1.0,1.0,1.0,A01
201500041970,0,7,0,0.0,1.0,1.0,15.0,A01
201500041971,0,7,0,0.0,2.0,0.0,0.0,A01
201500041971,0,33,0,0.0,0.0,0.0,0.0,B01
201500041972,0,7,0,0.0,1.0,1.0,15.0,A01
201500041973,0,13,0,10.0,0.0,4.0,1.0,A01
201500041974,0,7,0,0.0,0.0,0.0,0.0,A01
201500041974,0,31,0,0.0,0.0,0.0,0.0,B01
201500041975,0,7,0,0.0,1.0,1.0,1.0,A01
201500041976,0,7,0,0.0,2.0,1.0,9.0,A01
201500041976,0,1,0,0.0,2.0,4.0,0.0,B01
201500041977,0,7,0,0.0,2.0,2.0,15.0,A01
201500041977,0,33,0,0.0,2.0,1.0,1.0,B01
201500041978,0,7,0,0.0,2.0,2.0,5.0,A01
201500041978,0,7,0,0.0,2.0,1.0,1.0,B01
201500041979,0,7,0,0.0,1.0,0.0,0.0,A01
201500041980,0,7,0,0.0,2.0,1.0,9.0,A01
201500041980,0,7,0,0.0,2.0,7.0,1.0,B01
201500041981,0,7,0,0.0,1.0,0.0,0.0,A01
201500041982,0,37,1,0.0,2.0,6.0,23.0,C01
201500041982,0,7,0,1.0,2.0,1.0,1.0,A01
201500041982,0,7,0,0.0,2.0,4.0,1.0,B01
201500041983,0,7,0,0.0,2.0,7.0,1.0,A01
201500041983,0,34,0,0.0,2.0,1.0,1.0,B01
201500041984,0,7,0,0.0,2.0,3.0,15.0,A01
201500041984,0,33,0,0.0,2.0,1.0,17.0,B01
201500041985,0,7,0,0.0,0.0,0.0,0.0,A01
201500041985,0,15,0,0.0,0.0,4.0,0.0,B01
201500041986,0,33,0,0.0,2.0,1.0,1.0,B01
201500041986,0,7,0,0.0,2.0,2.0,15.0,A01
201500041987,0,7,0,0.0,1.0,3.0,0.0,A01
201500041988,0,33,0,0.0,2.0,1.0,19.0,A01
201500041988,0,7,0,0.0,2.0,4.0,1.0,B01
201500041989,0,7,0,0.0,0.0,0.0,0.0,B01
201500041989,0,7,0,0.0,0.0,0.0,0.0,A01
201500041990,0,7,0,0.0,1.0,3.0,1.0,A01
201500041991,0,7,0,0.0,2.0,1.0,1.0,A01
201500041991,0,7,0,0.0,2.0,8.0,1.0,B01
201500041992,0,7,0,0.0,2.0,4.0,1.0,B01
201500041992,0,31,0,0.0,2.0,1.0,2.0,A01
201500041993,0,7,0,0.0,1.0,0.0,0.0,A01
201500041994,0,33,0,0.0,2.0,1.0,1.0,B01
201500041994,0,7,0,0.0,2.0,8.0,13.0,A01
201500041995,0,7,0,0.0,2.0,2.0,1.0,B01
201500041995,0,10,0,0.0,2.0,2.0,23.0,A01
201500041996,0,30,0,0.0,1.0,1.0,1.0,A01
201500041997,0,33,0,0.0,0.0,0.0,0.0,B01
201500041997,0,7,0,0.0,0.0,0.0,0.0,A01
201500041998,0,7,0,0.0,2.0,4.0,1.0,C01
201500041998,0,7,0,0.0,2.0,4.0,1.0,B01
201500041998,0,7,0,0.0,2.0,1.0,1.0,A01
201500041999,0,7,0,0.0,1.0,1.0,15.0,A01
201500042000,0,7,0,0.0,1.0,2.0,16.0,A01
201500042001,0,30,0,0.0,2.0,1.0,1.0,A01
201500042001,0,7,0,0.0,2.0,8.0,1.0,B01
201500042002,0,2,0,0.0,1.0,0.0,0.0,A01
201500042003,0,7,0,0.0,2.0,2.0,16.0,A01
201500042003,0,30,0,0.0,2.0,8.0,1.0,B01
201500042004,0,7,0,0.0,0.0,0.0,0.0,B01
201500042004,0,37,10,0.0,0.0,1.0,0.0,A01
201500042005,0,33,0,0.0,2.0,2.0,1.0,A01
201500042006,0,7,0,0.0,2.0,1.0,1.0,A01
201500042006,0,7,0,0.0,2.0,4.0,23.0,B01
201500042007,0,7,0,9.0,0.0,8.0,23.0,C01
201500042007,0,7,0,0.0,2.0,4.0,23.0,B01
201500042007,0,7,0,9.0,2.0,1.0,1.0,A01
201500042008,0,7,0,0.0,0.0,4.0,0.0,B01
201500042008,0,2,0,0.0,0.0,1.0,0.0,A01
201500042009,2,7,0,0.0,1.0,1.0,1.0,A01
201500042010,0,7,0,0.0,0.0,0.0,0.0,B01
201500042010,0,7,0,0.0,1.0,0.0,0.0,A01
201500042011,0,7,0,0.0,1.0,1.0,16.0,A01
201500042012,0,7,0,0.0,0.0,0.0,0.0,A01
201500042012,0,34,0,0.0,0.0,0.0,0.0,B01
201500042013,0,7,0,0.0,1.0,1.0,1.0,A01
201500042014,0,7,0,0.0,0.0,0.0,0.0,A01
201500042014,0,1,0,0.0,1.0,0.0,0.0,B01
201500042015,0,7,0,0.0,1.0,1.0,0.0,A01
201500042016,0,7,0,0.0,0.0,0.0,0.0,C01
201500042016,0,7,0,0.0,2.0,0.0,0.0,A01
201500042016,0,7,0,0.0,0.0,0.0,0.0,B01
201500042017,0,33,0,0.0,0.0,0.0,1.0,B01
201500042017,2,7,0,0.0,2.0,0.0,0.0,A01
201500042018,0,7,0,0.0,2.0,0.0,0.0,B01
201500042018,0,30,0,0.0,0.0,0.0,0.0,A01
201500042019,0,7,0,0.0,1.0,0.0,0.0,A01
201500042020,0,7,0,0.0,2.0,3.0,15.0,A01
201500042020,0,10,0,0.0,2.0,6.0,23.0,B01
201500042020,0,33,0,0.0,2.0,3.0,1.0,C01
201500042021,0,33,0,0.0,1.0,0.0,0.0,A01
201500042022,0,34,0,0.0,2.0,1.0,1.0,B01
201500042022,0,7,0,0.0,2.0,2.0,1.0,A01
201500042023,0,1,0,0.0,2.0,4.0,1.0,B01
201500042023,0,7,0,0.0,2.0,1.0,2.0,A01
201500042024,0,1,0,0.0,2.0,1.0,1.0,B01
201500042024,2,7,0,0.0,2.0,2.0,1.0,Z01
201500042025,0,7,0,0.0,0.0,0.0,0.0,A01
201500042025,0,7,0,0.0,0.0,0.0,0.0,C01
201500042025,0,7,0,0.0,0.0,0.0,0.0,B01
201500042025,0,7,0,0.0,0.0,0.0,0.0,D01
201500042026,0,7,0,1.0,0.0,9.0,1.0,A01
201500042027,0,7,0,0.0,1.0,2.0,0.0,A01
201500042028,0,1,0,0.0,2.0,1.0,5.0,B01
201500042028,0,7,0,0.0,2.0,2.0,15.0,A01
201500042029,0,7,0,0.0,2.0,4.0,1.0,B01
201500042029,0,10,0,0.0,2.0,1.0,1.0,A01
201500042030,0,7,0,0.0,0.0,0.0,0.0,B01
201500042030,0,33,0,0.0,0.0,0.0,0.0,A01
201500042031,0,7,0,0.0,1.0,1.0,1.0,A01
201500042032,0,7,0,0.0,2.0,3.0,1.0,C01
201500042032,0,7,0,8.0,2.0,1.0,17.0,A01
201500042032,0,7,0,0.0,2.0,3.0,1.0,B01
201500042033,0,7,0,2.0,0.0,2.0,15.0,B01
201500042033,0,7,0,0.0,0.0,3.0,0.0,A01
201500042034,0,30,0,0.0,0.0,0.0,0.0,A01
201500042034,0,7,0,0.0,0.0,0.0,0.0,B01
201500042035,0,7,0,0.0,1.0,3.0,0.0,A01
201500042036,0,7,0,0.0,0.0,0.0,0.0,A01
201500042036,0,7,0,0.0,0.0,0.0,0.0,B01
201500042037,0,33,0,9.0,2.0,1.0,0.0,A01
201500042037,0,7,0,0.0,2.0,5.0,2.0,B01
201500042038,0,7,0,0.0,0.0,0.0,0.0,A01
201500042038,0,33,0,0.0,0.0,0.0,0.0,B01
201500042039,0,7,0,0.0,2.0,3.0,2.0,C01
201500042039,0,7,0,0.0,2.0,3.0,2.0,A01
201500042039,0,7,0,0.0,2.0,2.0,1.0,B01
201500042040,0,7,0,0.0,1.0,4.0,1.0,A01
201500042041,0,33,0,0.0,2.0,1.0,0.0,B01
201500042041,0,7,0,0.0,2.0,6.0,0.0,A01
201500042042,0,7,0,0.0,0.0,0.0,0.0,B01
201500042042,0,7,0,0.0,0.0,0.0,0.0,A01
201500042043,0,7,0,0.0,2.0,1.0,15.0,B01
201500042043,0,7,0,0.0,2.0,7.0,2.0,A01
201500042044,0,7,0,0.0,2.0,2.0,9.0,A01
201500042044,0,31,0,0.0,2.0,1.0,1.0,B01
201500042045,0,7,0,0.0,1.0,1.0,15.0,A01
201500042046,0,7,0,0.0,9.0,4.0,17.0,A01
201500042046,0,1,0,0.0,2.0,1.0,1.0,B01
201500042047,0,7,0,0.0,2.0,3.0,13.0,B01
201500042047,0,32,0,0.0,2.0,7.0,17.0,A01
201500042048,0,2,0,0.0,2.0,1.0,1.0,B01
201500042048,0,10,0,0.0,2.0,1.0,15.0,A01
201500042049,0,33,0,0.0,2.0,8.0,1.0,B01
201500042049,0,7,0,0.0,2.0,3.0,15.0,A01
201500042050,0,7,0,0.0,1.0,1.0,1.0,A01
201500042051,0,7,0,0.0,2.0,0.0,0.0,A01
201500042051,0,7,0,0.0,2.0,0.0,0.0,B01
201500042052,0,7,0,0.0,1.0,2.0,1.0,A01
201500042053,0,7,0,0.0,0.0,0.0,0.0,A01
201500042053,0,30,0,0.0,0.0,0.0,0.0,B01
201500042054,0,7,0,0.0,1.0,1.0,16.0,A01
201500042055,0,7,0,0.0,0.0,0.0,0.0,A01
201500042055,0,30,0,0.0,0.0,0.0,0.0,B01
201500042056,0,2,0,0.0,1.0,1.0,17.0,A01
201500042057,0,7,0,0.0,2.0,4.0,23.0,C01
201500042057,0,7,0,0.0,2.0,4.0,23.0,B01
201500042057,2,7,0,0.0,2.0,1.0,2.0,A01
201500042058,0,7,0,0.0,0.0,0.0,0.0,B01
201500042058,0,7,0,0.0,0.0,0.0,0.0,A01
201500042059,0,7,0,0.0,1.0,4.0,4.0,A01
201500042060,0,7,0,0.0,2.0,3.0,10.0,A01
201500042060,0,34,0,0.0,2.0,1.0,1.0,B01
201500042061,0,7,0,0.0,0.0,0.0,0.0,A01
201500042061,0,34,0,0.0,0.0,0.0,0.0,B01
201500042062,0,34,0,0.0,2.0,6.0,9.0,A01
201500042062,0,32,0,0.0,2.0,3.0,9.0,B01
201500042063,0,7,0,0.0,0.0,0.0,0.0,A01
201500042063,0,7,0,0.0,0.0,0.0,0.0,B01
201500042064,0,14,0,0.0,1.0,2.0,16.0,A01
201500042065,0,33,0,0.0,2.0,1.0,2.0,B01
201500042065,0,7,0,0.0,2.0,8.0,15.0,A01
201500042066,0,33,0,0.0,2.0,1.0,1.0,B01
201500042066,0,7,0,0.0,2.0,1.0,15.0,A01
201500042067,0,31,0,0.0,2.0,4.0,2.0,B01
201500042067,0,7,0,0.0,2.0,1.0,2.0,A01
201500042068,0,7,0,0.0,1.0,2.0,1.0,A01
201500042069,0,7,0,0.0,1.0,0.0,0.0,A01
201500042070,0,7,0,0.0,2.0,2.0,9.0,B01
201500042070,0,31,0,0.0,2.0,8.0,18.0,A01
201500042071,0,7,0,0.0,2.0,1.0,1.0,B01
201500042071,0,7,0,0.0,2.0,7.0,19.0,A01
201500042072,0,30,0,0.0,0.0,0.0,0.0,B01
201500042072,0,7,0,0.0,0.0,0.0,0.0,A01
201500042073,0,7,0,0.0,1.0,1.0,1.0,A01
201500042074,0,7,0,0.0,0.0,3.0,10.0,A01
201500042074,0,31,0,0.0,0.0,8.0,1.0,B01
201500042075,0,33,0,4.0,0.0,1.0,17.0,A01
201500042076,0,7,0,0.0,2.0,1.0,1.0,A01
201500042076,0,7,0,0.0,2.0,3.0,1.0,B01
201500042077,0,7,0,0.0,0.0,0.0,0.0,B01
201500042077,0,1,0,0.0,0.0,0.0,0.0,A01
201500042078,0,7,0,0.0,1.0,6.0,20.0,A01
201500042079,0,7,0,0.0,1.0,2.0,2.0,A01
201500042080,0,7,0,0.0,0.0,0.0,0.0,B01
201500042080,0,1,0,1.0,0.0,0.0,0.0,A01
201500042081,0,7,0,0.0,1.0,1.0,9.0,A01
201500042082,0,7,0,0.0,9.0,1.0,8.0,A01
201500042082,0,1,0,0.0,2.0,5.0,1.0,B01
201500042083,0,7,0,0.0,0.0,0.0,0.0,A01
201500042083,0,34,0,0.0,0.0,0.0,0.0,B01
201500042084,0,2,0,0.0,0.0,0.0,0.0,A01
201500042084,0,7,0,0.0,0.0,0.0,0.0,B01
201500042085,0,7,0,0.0,2.0,7.0,17.0,B01
201500042085,0,13,0,0.0,2.0,8.0,2.0,A01
201500042086,0,30,0,0.0,2.0,1.0,1.0,B01
201500042086,0,7,0,0.0,2.0,6.0,16.0,A01
201500042087,0,99,0,1.0,2.0,8.0,9.0,A01
201500042087,0,99,0,0.0,2.0,2.0,0.0,B01
201500042088,0,7,0,0.0,2.0,8.0,1.0,B01
201500042088,0,7,0,0.0,2.0,1.0,15.0,A01
201500042089,1,7,0,0.0,0.0,0.0,15.0,B01
201500042089,0,2,0,0.0,2.0,1.0,1.0,A01
201500042090,0,7,0,8.0,0.0,1.0,1.0,A01
201500042091,0,34,0,0.0,2.0,8.0,17.0,B01
201500042091,0,7,0,0.0,2.0,2.0,16.0,A01
201500042092,0,7,0,0.0,2.0,2.0,15.0,A01
201500042092,0,30,0,0.0,2.0,1.0,2.0,B01
201500042093,0,7,0,0.0,1.0,1.0,0.0,A01
201500042094,0,7,0,0.0,1.0,4.0,4.0,A01
201500042095,0,32,0,0.0,2.0,1.0,1.0,B01
201500042095,0,7,0,0.0,2.0,2.0,15.0,A01
201500042096,0,7,0,0.0,1.0,3.0,1.0,A01
201500042097,0,7,0,0.0,1.0,3.0,15.0,A01
201500042098,0,7,0,0.0,0.0,3.0,0.0,A01
201500042098,0,34,0,0.0,2.0,1.0,0.0,B01
201500042099,0,7,0,0.0,1.0,2.0,1.0,A01
201500042100,0,3,0,0.0,2.0,3.0,12.0,A01
201500042100,0,1,0,0.0,2.0,2.0,0.0,B01
201500042101,0,7,0,0.0,1.0,3.0,2.0,A01
201500042102,0,7,0,0.0,1.0,2.0,0.0,A01
201500042103,0,33,0,0.0,0.0,1.0,1.0,A01
201500042104,0,7,0,0.0,2.0,1.0,1.0,B01
201500042104,0,2,0,0.0,2.0,4.0,11.0,A01
201500042105,0,2,0,0.0,2.0,1.0,1.0,A01
201500042105,0,7,0,0.0,2.0,4.0,1.0,B01
201500042106,0,7,0,0.0,2.0,1.0,1.0,A01
201500042106,0,7,0,0.0,2.0,7.0,15.0,B01
201500042107,0,7,0,0.0,1.0,0.0,4.0,A01
201500042108,0,37,50,0.0,2.0,1.0,0.0,B01
201500042108,0,7,0,0.0,2.0,1.0,13.0,A01
201500042109,0,2,0,0.0,2.0,1.0,1.0,A01
201500042109,0,7,0,0.0,0.0,6.0,10.0,B01
201500042110,0,2,0,0.0,2.0,7.0,17.0,A01
201500042110,0,7,0,0.0,2.0,6.0,15.0,B01
201500042111,0,7,0,0.0,1.0,2.0,1.0,A01
201500042112,1,30,0,0.0,1.0,1.0,1.0,A01
201500042113,0,7,0,0.0,1.0,1.0,15.0,A01
201500042114,0,7,0,0.0,2.0,3.0,20.0,A01
201500042114,0,34,0,0.0,2.0,2.0,1.0,B01
201500042115,0,2,0,0.0,0.0,7.0,0.0,A01
201500042116,0,7,0,0.0,1.0,3.0,0.0,A01
201500042117,0,30,0,0.0,2.0,1.0,21.0,A01
201500042118,0,30,0,1.0,0.0,1.0,0.0,A01
201500042119,0,7,0,4.0,0.0,3.0,1.0,A01
201500042120,0,7,0,0.0,2.0,4.0,10.0,B01
201500042120,0,32,0,0.0,2.0,1.0,1.0,A01
201500042121,0,7,0,0.0,2.0,3.0,0.0,A01
201500042121,0,32,0,0.0,2.0,1.0,2.0,B01
201500042122,0,7,0,2.0,0.0,1.0,0.0,A01
201500042123,0,7,0,0.0,0.0,3.0,10.0,A01
201500042123,0,30,0,0.0,0.0,0.0,1.0,B01
201500042124,0,10,0,0.0,2.0,1.0,2.0,A01
201500042124,0,32,0,0.0,2.0,9.0,2.0,B01
201500042124,0,7,0,0.0,2.0,6.0,1.0,C01
201500042125,0,31,0,0.0,2.0,7.0,5.0,A01
201500042125,0,7,0,0.0,2.0,2.0,15.0,B01
201500042126,0,14,0,0.0,2.0,2.0,11.0,A01
201500042126,0,2,0,0.0,2.0,6.0,2.0,B01
201500042127,0,7,0,0.0,2.0,2.0,15.0,A01
201500042127,0,2,0,0.0,2.0,1.0,1.0,B01
201500042128,0,7,0,0.0,1.0,3.0,1.0,A01
201500042129,0,10,0,0.0,2.0,2.0,15.0,A01
201500042129,0,34,0,0.0,2.0,1.0,1.0,B01
201500042130,0,10,0,0.0,1.0,2.0,2.0,A01
201500042131,0,32,0,0.0,2.0,1.0,1.0,B01
201500042131,0,7,0,0.0,2.0,2.0,15.0,A01
201500042132,0,7,0,0.0,2.0,5.0,15.0,A01
201500042132,0,31,0,0.0,2.0,1.0,1.0,B01
201500042133,1,7,0,0.0,1.0,0.0,14.0,A01
201500042134,0,7,0,15.0,0.0,7.0,1.0,A01
201500042135,0,30,0,0.0,1.0,0.0,0.0,A01
201500042136,0,31,0,0.0,2.0,1.0,1.0,A01
201500042136,0,7,0,0.0,2.0,3.0,15.0,B01
201500042137,0,33,0,1.0,0.0,1.0,1.0,A01
201500042138,0,32,0,0.0,2.0,1.0,1.0,B01
201500042138,0,7,0,0.0,2.0,2.0,10.0,A01
201500042139,0,7,0,0.0,1.0,3.0,0.0,A01
201500042140,0,7,0,0.0,1.0,1.0,1.0,A01
201500042141,0,7,0,0.0,1.0,1.0,16.0,A01
201500042142,0,7,0,0.0,1.0,3.0,1.0,A01
201500042143,0,7,0,0.0,1.0,1.0,0.0,A01
201500042144,0,7,0,0.0,2.0,3.0,15.0,B01
201500042144,0,33,0,0.0,2.0,1.0,17.0,A01
201500042145,0,33,0,1.0,0.0,1.0,1.0,A01
201500042146,0,7,0,0.0,2.0,1.0,0.0,A01
201500042146,0,7,0,0.0,2.0,1.0,1.0,B01
201500042147,0,7,0,0.0,1.0,3.0,15.0,A01
201500042148,0,7,0,0.0,2.0,4.0,1.0,B01
201500042148,0,7,0,0.0,2.0,1.0,1.0,A01
201500042149,0,7,0,0.0,2.0,1.0,17.0,A01
201500042149,0,33,0,0.0,2.0,1.0,1.0,B01
201500042150,0,7,0,1.0,1.0,1.0,16.0,A01
201500042151,0,7,0,0.0,1.0,1.0,1.0,A01
201500042152,1,7,0,0.0,2.0,1.0,1.0,A01
201500042152,0,7,0,0.0,2.0,4.0,1.0,B01
201500042153,0,7,0,0.0,2.0,3.0,1.0,B01
201500042153,0,10,0,0.0,2.0,2.0,1.0,A01
201500042154,0,37,1,0.0,2.0,7.0,0.0,B01
201500042154,0,7,0,0.0,2.0,1.0,16.0,A01
201500042155,0,7,0,0.0,1.0,1.0,0.0,A01
201500042156,0,7,0,0.0,1.0,3.0,4.0,A01
201500042157,0,32,0,0.0,2.0,1.0,1.0,B01
201500042157,0,7,0,0.0,0.0,2.0,0.0,A01
201500042158,0,7,0,0.0,2.0,1.0,1.0,A01
201500042158,0,7,0,0.0,0.0,6.0,0.0,B01
201500042159,0,7,0,0.0,2.0,1.0,1.0,A01
201500042160,1,7,0,0.0,1.0,1.0,0.0,A01
201500042161,0,7,0,9.0,0.0,2.0,14.0,A01
201500042162,0,33,0,0.0,0.0,0.0,0.0,B01
201500042162,0,7,0,0.0,2.0,2.0,15.0,A01
201500042163,0,31,0,0.0,2.0,1.0,11.0,A01
201500042163,0,37,0,0.0,2.0,1.0,1.0,B01
201500042164,0,7,0,0.0,2.0,4.0,1.0,B01
201500042164,0,7,0,0.0,2.0,1.0,1.0,A01
201500042165,0,7,0,0.0,2.0,1.0,1.0,A01
201500042165,0,7,0,0.0,2.0,1.0,1.0,B01
201500042166,0,7,0,1.0,0.0,0.0,1.0,A01
201500042167,0,7,0,0.0,2.0,1.0,1.0,B01
201500042167,0,7,0,0.0,2.0,1.0,1.0,A01
201500042168,0,7,0,0.0,1.0,1.0,9.0,A01
201500042169,0,30,0,0.0,2.0,1.0,1.0,A01
201500042169,0,7,0,0.0,2.0,4.0,1.0,B01
201500042170,0,7,0,0.0,1.0,1.0,9.0,A01
201500042171,0,7,0,0.0,0.0,2.0,0.0,A01
201500042172,0,7,0,0.0,2.0,7.0,0.0,B01
201500042173,0,33,0,1.0,0.0,1.0,17.0,A01
201500042174,0,7,0,0.0,1.0,3.0,1.0,B01
201500042175,0,7,0,0.0,2.0,4.0,23.0,A01
201500042175,0,7,0,0.0,2.0,1.0,1.0,B01
201500042176,0,99,0,0.0,2.0,1.0,0.0,A01
201500042176,0,7,0,0.0,2.0,7.0,1.0,B01
201500042177,0,7,0,0.0,2.0,8.0,1.0,B01
201500042177,0,30,0,0.0,2.0,1.0,1.0,A01
201500042178,0,7,0,0.0,1.0,1.0,16.0,A01
201500042179,0,34,0,0.0,2.0,3.0,1.0,B01
201500042179,0,7,0,0.0,2.0,8.0,1.0,A01
201500042180,0,7,0,0.0,1.0,2.0,1.0,A01
201500042181,0,7,0,0.0,2.0,1.0,15.0,A01
201500042181,0,34,0,0.0,2.0,1.0,1.0,B01