Num_Acc,senc,catv,occutc,obs,obsm,choc,manv,num_veh
201500042182,0,7,0,0.0,1.0,1.0,1.0,A01
201500042183,0,33,0,0.0,2.0,1.0,5.0,A01
201500042184,0,32,0,0.0,2.0,1.0,1.0,A01
201500042184,0,7,0,0.0,2.0,3.0,1.0,B01
201500042185,0,7,0,0.0,1.0,5.0,4.0,A01
201500042186,0,30,0,0.0,2.0,1.0,1.0,B01
201500042186,0,7,0,0.0,2.0,7.0,1.0,A01
201500042187,0,7,0,0.0,2.0,3.0,16.0,A01
201500042187,0,7,0,0.0,2.0,3.0,1.0,B01
201500042188,0,7,0,0.0,2.0,2.0,15.0,A01
201500042188,0,7,0,0.0,2.0,1.0,19.0,B01
201500042189,0,7,0,0.0,2.0,5.0,1.0,B01
201500042189,0,7,0,8.0,2.0,9.0,17.0,A01
201500042190,0,7,0,0.0,2.0,1.0,1.0,B01
201500042190,0,7,0,0.0,2.0,1.0,1.0,A01
201500042191,0,7,0,0.0,0.0,7.0,1.0,B01
201500042191,0,7,0,0.0,0.0,1.0,19.0,A01
201500042192,0,7,0,0.0,2.0,1.0,1.0,B01
201500042192,0,7,0,0.0,2.0,2.0,15.0,A01
201500042193,0,7,0,0.0,1.0,1.0,1.0,A01
201500042194,0,7,0,0.0,2.0,1.0,1.0,A01
201500042194,0,7,0,0.0,2.0,0.0,1.0,B01
201500042195,0,10,0,0.0,1.0,4.0,4.0,A01
201500042196,0,33,0,0.0,2.0,1.0,17.0,B01
201500042196,0,7,0,0.0,2.0,3.0,15.0,A01
201500042197,0,10,0,0.0,2.0,1.0,1.0,A01
201500042197,0,7,0,0.0,2.0,4.0,2.0,B01
201500042198,0,7,0,0.0,2.0,8.0,16.0,B01
201500042198,0,7,0,0.0,2.0,1.0,15.0,A01
201500042199,0,7,0,0.0,1.0,3.0,1.0,A01
201500042200,0,7,0,0.0,2.0,8.0,1.0,B01
201500042200,0,7,0,0.0,2.0,1.0,1.0,A01
201500042201,0,7,0,0.0,0.0,0.0,1.0,B01
201500042201,0,7,0,0.0,2.0,1.0,1.0,A01
201500042202,0,30,0,0.0,2.0,4.0,1.0,B01
201500042202,0,7,0,0.0,2.0,1.0,1.0,A01
201500042203,0,7,0,0.0,1.0,2.0,1.0,A01
201500042204,0,7,0,0.0,2.0,1.0,15.0,A01
201500042204,0,33,0,0.0,2.0,8.0,14.0,B01
201500042205,0,2,0,0.0,2.0,1.0,1.0,A01
201500042205,0,7,0,0.0,2.0,1.0,0.0,B01
201500042206,0,7,0,0.0,0.0,8.0,0.0,B01
201500042206,0,34,0,0.0,1.0,1.0,0.0,A01
201500042207,0,7,0,0.0,2.0,2.0,15.0,A01
201500042207,0,33,0,0.0,2.0,1.0,1.0,B01
201500042208,0,7,0,0.0,2.0,1.0,1.0,A01
201500042208,0,7,0,0.0,2.0,4.0,0.0,B01
201500042209,0,7,0,0.0,0.0,3.0,0.0,B01
201500042209,0,7,0,0.0,0.0,2.0,0.0,A01
201500042210,0,7,0,0.0,1.0,2.0,1.0,A01
201500042211,0,7,0,0.0,2.0,5.0,15.0,A01
201500042211,0,1,0,0.0,2.0,1.0,1.0,B01
201500042212,0,7,0,0.0,2.0,1.0,15.0,A01
201500042212,0,7,0,0.0,2.0,1.0,1.0,B01
201500042213,0,7,0,0.0,1.0,2.0,1.0,A01
201500042214,0,33,0,0.0,2.0,2.0,1.0,A01
201500042214,0,7,0,0.0,2.0,0.0,0.0,B01
201500042215,0,7,0,0.0,1.0,1.0,1.0,A01
201500042216,0,7,0,0.0,2.0,1.0,0.0,A01
201500042216,0,7,0,0.0,2.0,4.0,1.0,B01
201500042217,0,1,0,0.0,2.0,0.0,1.0,B01
201500042217,0,7,0,0.0,1.0,0.0,1.0,A01
201500042218,0,33,0,12.0,0.0,1.0,1.0,A01
201500042219,0,33,0,1.0,0.0,1.0,0.0,A01
201500042220,0,7,0,0.0,1.0,1.0,1.0,A01
201500042221,0,7,0,0.0,2.0,1.0,1.0,B01
201500042221,0,7,0,0.0,2.0,8.0,1.0,A01
201500042222,0,7,0,0.0,2.0,2.0,15.0,A01
201500042222,0,10,0,0.0,2.0,1.0,1.0,B01
201500042223,0,7,0,0.0,0.0,0.0,0.0,A01
201500042223,0,34,0,0.0,0.0,0.0,0.0,B01
201500042224,0,7,0,0.0,0.0,0.0,0.0,A01
201500042225,0,7,0,0.0,2.0,7.0,15.0,A01
201500042225,0,33,0,0.0,2.0,1.0,1.0,B01
201500042226,0,7,0,0.0,2.0,1.0,1.0,A01
201500042226,0,2,0,0.0,2.0,1.0,1.0,B01
201500042227,0,7,0,0.0,1.0,2.0,1.0,A01
201500042228,0,10,0,0.0,2.0,7.0,1.0,B01
201500042228,0,37,1,0.0,2.0,3.0,15.0,A01
201500042229,0,7,0,0.0,1.0,2.0,1.0,A01
201500042230,0,7,0,0.0,2.0,4.0,2.0,A01
201500042230,0,7,0,0.0,2.0,4.0,2.0,B01
201500042231,0,31,0,0.0,0.0,4.0,0.0,B01
201500042231,0,7,0,0.0,0.0,2.0,2.0,A01
201500042232,0,7,0,9.0,0.0,1.0,1.0,A01
201500042233,0,7,0,0.0,2.0,8.0,15.0,B01
201500042233,0,7,0,0.0,2.0,1.0,1.0,A01
201500042234,0,7,0,0.0,2.0,3.0,1.0,A01
201500042234,0,7,0,0.0,2.0,4.0,2.0,B01
201500042235,0,7,0,0.0,1.0,0.0,0.0,A01
201500042236,0,7,0,0.0,1.0,1.0,9.0,A01
201500042237,0,7,0,0.0,0.0,0.0,0.0,A01
201500042237,0,30,0,0.0,0.0,0.0,0.0,B01
201500042238,0,1,0,0.0,2.0,4.0,2.0,B01
201500042238,0,7,0,0.0,2.0,2.0,2.0,A01
201500042239,0,7,0,0.0,1.0,2.0,1.0,A01
201500042240,0,7,0,0.0,0.0,2.0,1.0,B01
201500042240,0,31,0,0.0,0.0,3.0,23.0,A01
201500042241,0,7,0,0.0,2.0,4.0,1.0,B01
201500042241,0,7,0,0.0,2.0,1.0,1.0,A01
201500042241,0,7,0,0.0,2.0,3.0,1.0,C01
201500042242,0,7,0,0.0,2.0,2.0,0.0,A01
201500042242,0,7,0,0.0,2.0,3.0,0.0,B01
201500042243,0,7,0,0.0,1.0,3.0,0.0,A01
201500042244,0,7,0,0.0,2.0,1.0,1.0,A01
201500042244,0,7,0,0.0,2.0,6.0,1.0,B01
201500042245,0,34,0,0.0,2.0,7.0,2.0,B01
201500042245,0,7,0,0.0,2.0,1.0,10.0,A01
201500042246,0,7,0,0.0,2.0,4.0,23.0,B01
201500042246,0,7,0,0.0,2.0,1.0,2.0,A01
201500042247,0,10,0,0.0,1.0,2.0,1.0,A01
201500042248,0,7,0,0.0,2.0,1.0,0.0,A01
201500042248,0,10,0,0.0,2.0,7.0,19.0,B01
201500042249,0,7,0,3.0,0.0,1.0,1.0,A01
201500042250,0,7,0,0.0,2.0,1.0,13.0,A01
201500042250,0,37,0,0.0,2.0,3.0,2.0,B01
201500042251,0,10,0,0.0,0.0,3.0,0.0,A01
201500042251,0,7,0,0.0,2.0,3.0,0.0,B01
201500042252,0,7,0,0.0,2.0,7.0,10.0,A01
201500042252,0,33,0,0.0,2.0,1.0,0.0,B01
201500042253,0,37,1,0.0,1.0,0.0,0.0,B01
201500042254,0,7,0,0.0,2.0,1.0,2.0,A01
201500042254,0,7,0,0.0,2.0,4.0,1.0,B01
201500042255,0,37,0,0.0,0.0,0.0,1.0,A01
201500042256,0,7,0,0.0,0.0,1.0,2.0,A01
201500042256,0,7,0,0.0,0.0,4.0,0.0,B01
201500042257,0,7,0,5.0,0.0,7.0,0.0,A01
201500042258,0,7,0,0.0,2.0,2.0,15.0,A01
201500042258,0,99,0,0.0,2.0,1.0,1.0,B01
201500042259,0,2,0,0.0,2.0,3.0,1.0,A01
201500042259,0,7,0,0.0,2.0,1.0,1.0,B01
201500042260,0,33,0,0.0,2.0,9.0,0.0,A01
201500042260,0,14,0,0.0,0.0,8.0,9.0,B01
201500042261,0,7,0,0.0,1.0,1.0,1.0,A01
201500042262,0,13,0,0.0,2.0,1.0,9.0,A01
201500042262,0,7,0,0.0,2.0,7.0,1.0,B01
201500042263,0,37,1,0.0,1.0,2.0,7.0,A01
201500042264,0,7,0,0.0,2.0,1.0,2.0,A01
201500042264,0,7,0,0.0,2.0,4.0,2.0,B01
201500042265,0,17,0,0.0,1.0,4.0,4.0,A01
201500042266,0,34,0,0.0,2.0,4.0,15.0,B01
201500042266,2,7,0,0.0,2.0,2.0,17.0,A01
201500042267,0,7,0,0.0,2.0,3.0,17.0,A01
201500042267,0,37,15,0.0,2.0,2.0,7.0,B01
201500042268,0,30,0,0.0,0.0,7.0,2.0,B01
201500042268,0,15,0,0.0,2.0,1.0,2.0,A01
201500042269,0,10,0,0.0,0.0,5.0,12.0,A01
201500042269,0,37,0,0.0,2.0,3.0,1.0,B01
201500042270,0,7,0,0.0,2.0,1.0,2.0,A01
201500042270,0,7,0,0.0,2.0,4.0,2.0,C01
201500042270,0,7,0,0.0,2.0,1.0,2.0,B01
201500042271,0,10,0,0.0,1.0,2.0,2.0,A01
201500042272,0,10,0,0.0,2.0,1.0,1.0,B01
201500042272,0,10,0,0.0,2.0,5.0,15.0,A01
201500042273,0,7,0,0.0,1.0,1.0,11.0,A01
201500042274,0,7,0,0.0,2.0,1.0,2.0,A01
201500042274,0,7,0,0.0,2.0,6.0,23.0,B01
201500042275,0,7,0,0.0,1.0,1.0,0.0,A01
201500042276,0,7,0,1.0,0.0,1.0,11.0,A01
201500042276,0,37,10,0.0,0.0,6.0,24.0,B01
201500042277,2,7,0,0.0,2.0,2.0,0.0,A01
201500042277,0,10,0,0.0,2.0,6.0,24.0,C01
201500042277,0,10,0,0.0,2.0,3.0,9.0,B01
201500042278,0,7,0,0.0,1.0,2.0,0.0,A01
201500042279,0,31,0,0.0,2.0,8.0,0.0,B01
201500042279,0,7,0,0.0,2.0,3.0,1.0,A01
201500042280,0,7,0,0.0,0.0,1.0,1.0,A01
201500042280,0,7,0,0.0,2.0,4.0,1.0,B01
201500042281,0,1,0,0.0,2.0,1.0,18.0,A01
201500042281,0,3,0,0.0,2.0,7.0,16.0,B01
201500042282,0,7,0,0.0,1.0,2.0,1.0,A01
201500042283,2,7,0,2.0,0.0,1.0,6.0,A01
201500042284,0,37,1,0.0,1.0,2.0,7.0,A01
201500042285,1,7,0,0.0,1.0,2.0,1.0,A01
201500042286,0,7,0,0.0,2.0,1.0,1.0,B01
201500042286,0,7,0,0.0,2.0,5.0,15.0,A01
201500042287,0,10,0,0.0,1.0,8.0,16.0,A01
201500042288,0,7,0,0.0,2.0,8.0,9.0,A01
201500042288,0,37,1,0.0,2.0,2.0,2.0,B01
201500042289,0,10,0,0.0,1.0,1.0,1.0,A01
201500042290,0,33,0,1.0,2.0,1.0,1.0,A01
201500042290,0,7,0,0.0,0.0,2.0,15.0,B01
201500042291,0,7,0,0.0,2.0,2.0,1.0,B01
201500042291,0,3,0,0.0,2.0,1.0,15.0,A01
201500042292,0,7,0,0.0,2.0,1.0,16.0,B01
201500042292,0,7,0,0.0,2.0,2.0,1.0,A01
201500042293,0,33,0,0.0,2.0,7.0,1.0,B01
201500042293,0,10,0,0.0,0.0,6.0,11.0,A01
201500042294,0,7,0,0.0,2.0,1.0,1.0,A01
201500042294,0,7,0,0.0,2.0,3.0,1.0,B01
201500042295,0,37,1,0.0,2.0,1.0,7.0,B01
201500042295,0,7,0,0.0,2.0,6.0,10.0,A01
201500042296,0,7,0,0.0,1.0,2.0,12.0,A01
201500042297,0,7,0,0.0,2.0,1.0,1.0,A01
201500042297,0,7,0,0.0,2.0,8.0,1.0,B01
201500042298,0,7,0,0.0,2.0,8.0,1.0,B01
201500042298,0,7,0,0.0,2.0,7.0,17.0,A01
201500042299,0,7,0,0.0,1.0,2.0,11.0,A01
201500042300,0,7,0,0.0,2.0,3.0,21.0,B01
201500042300,0,7,0,0.0,2.0,3.0,13.0,A01
201500042301,0,7,0,0.0,0.0,7.0,15.0,A01
201500042301,0,7,0,0.0,0.0,1.0,1.0,B01
201500042302,0,10,0,0.0,1.0,4.0,2.0,A01
201500042303,0,7,0,0.0,0.0,4.0,2.0,B01
201500042303,0,7,0,0.0,2.0,1.0,2.0,A01
201500042304,0,30,0,0.0,2.0,4.0,2.0,A01
201500042304,0,7,0,0.0,2.0,1.0,2.0,B01
201500042305,1,99,0,0.0,1.0,1.0,17.0,A01
201500042306,1,7,0,0.0,1.0,0.0,0.0,A01
201500042307,0,7,0,0.0,1.0,1.0,15.0,A01
201500042308,0,7,0,0.0,1.0,1.0,0.0,A01
201500042309,0,32,0,0.0,2.0,1.0,2.0,A01
201500042309,0,7,0,0.0,0.0,2.0,16.0,B01
201500042310,0,7,0,0.0,1.0,3.0,0.0,A01
201500042311,0,34,0,0.0,2.0,4.0,1.0,B01
201500042311,0,10,0,0.0,2.0,1.0,2.0,A01
201500042312,0,7,0,0.0,2.0,2.0,1.0,A01
201500042312,0,2,0,0.0,2.0,3.0,1.0,B01
201500042313,0,30,0,0.0,2.0,8.0,1.0,A01
201500042313,0,14,0,0.0,2.0,1.0,0.0,B01
201500042314,2,10,0,0.0,2.0,1.0,1.0,A01
201500042314,0,7,0,0.0,2.0,7.0,15.0,B01
201500042315,0,7,0,0.0,1.0,6.0,4.0,A01
201500042316,0,7,0,0.0,1.0,2.0,16.0,A01
201500042317,0,37,0,0.0,1.0,2.0,7.0,A01
201500042318,0,14,0,0.0,1.0,6.0,2.0,A01
201500042319,0,31,0,14.0,0.0,1.0,2.0,A01
201500042320,0,30,0,0.0,2.0,1.0,1.0,B01
201500042320,0,7,0,0.0,2.0,2.0,15.0,A01
201500042321,0,32,0,0.0,0.0,0.0,21.0,B01
201500042321,0,21,0,0.0,0.0,0.0,9.0,A01
201500042322,1,30,0,0.0,1.0,0.0,17.0,A01
201500042323,0,7,0,0.0,2.0,2.0,15.0,B01
201500042323,0,7,0,0.0,2.0,1.0,1.0,A01
201500042324,0,7,0,0.0,1.0,1.0,1.0,A01
201500042325,0,37,100,1.0,0.0,5.0,17.0,B01
201500042325,0,7,0,0.0,0.0,3.0,24.0,A01
201500042326,0,7,0,0.0,2.0,1.0,15.0,A01
201500042326,0,30,0,0.0,2.0,8.0,1.0,B01
201500042327,0,7,0,0.0,2.0,8.0,11.0,A01
201500042327,0,37,0,0.0,2.0,2.0,2.0,B01
201500042328,0,7,0,0.0,2.0,6.0,2.0,B01
201500042328,0,7,0,0.0,2.0,2.0,2.0,A01
201500042329,0,7,0,0.0,1.0,1.0,1.0,A01
201500042330,0,7,0,0.0,1.0,2.0,2.0,A01
201500042331,0,7,0,0.0,2.0,6.0,1.0,A01
201500042331,0,1,0,0.0,2.0,1.0,11.0,B01
201500042332,0,34,0,0.0,2.0,1.0,1.0,B01
201500042332,0,7,0,0.0,2.0,7.0,10.0,A01
201500042333,0,7,0,0.0,2.0,1.0,1.0,B01
201500042333,0,7,0,0.0,0.0,5.0,16.0,A01
201500042334,0,1,0,0.0,2.0,2.0,19.0,A01
201500042334,0,7,0,0.0,2.0,3.0,1.0,B01
201500042335,0,13,0,0.0,2.0,7.0,19.0,A01
201500042335,0,1,0,0.0,2.0,8.0,18.0,B01
201500042336,0,7,0,0.0,1.0,1.0,15.0,A01
201500042337,0,7,0,0.0,0.0,4.0,2.0,C01
201500042337,0,7,0,0.0,2.0,1.0,2.0,A01
201500042337,0,99,0,0.0,0.0,4.0,2.0,B01
201500042338,0,10,0,0.0,1.0,4.0,4.0,A01
201500042339,0,7,0,0.0,2.0,2.0,15.0,A01
201500042339,0,7,0,0.0,2.0,1.0,1.0,B01
201500042340,0,13,0,0.0,2.0,3.0,1.0,A01
201500042340,0,32,0,0.0,2.0,5.0,1.0,B01
201500042341,0,13,0,0.0,1.0,1.0,1.0,A01
201500042342,0,2,0,8.0,0.0,8.0,15.0,A01
201500042343,0,2,0,0.0,0.0,1.0,2.0,B01
201500042343,0,7,0,0.0,0.0,3.0,10.0,A01
201500042344,0,32,0,0.0,2.0,1.0,1.0,A01
201500042344,0,1,0,0.0,0.0,8.0,19.0,B01
201500042345,0,7,0,0.0,2.0,4.0,17.0,A01
201500042345,0,7,0,0.0,2.0,5.0,1.0,B01
201500042346,0,30,0,0.0,2.0,3.0,15.0,B01
201500042346,0,7,0,0.0,2.0,3.0,15.0,A01
201500042347,0,7,0,0.0,0.0,2.0,15.0,A01
201500042347,0,7,0,0.0,2.0,3.0,2.0,B01
201500042348,0,1,0,0.0,2.0,1.0,19.0,B01
201500042348,0,37,0,0.0,2.0,7.0,7.0,A01
201500042349,0,10,0,0.0,1.0,2.0,1.0,A01
201500042350,1,7,0,0.0,2.0,1.0,1.0,Z01
201500042350,0,7,0,0.0,2.0,4.0,21.0,A01
201500042350,0,7,0,0.0,2.0,1.0,21.0,B01
201500042351,0,7,0,0.0,1.0,1.0,2.0,A01
201500042352,0,7,0,0.0,0.0,9.0,0.0,A01
201500042353,0,37,0,0.0,1.0,0.0,1.0,A01
201500042354,0,7,0,0.0,2.0,3.0,0.0,A01
201500042354,0,33,0,0.0,2.0,1.0,1.0,B01
201500042355,0,7,0,0.0,2.0,3.0,1.0,B01
201500042355,0,7,0,0.0,2.0,2.0,0.0,A01
201500042356,0,7,0,0.0,2.0,1.0,2.0,B01
201500042356,0,7,0,0.0,2.0,1.0,10.0,A01
201500042357,0,33,0,0.0,2.0,7.0,2.0,A01
201500042357,0,7,0,0.0,2.0,4.0,15.0,B01
201500042358,0,7,0,0.0,2.0,1.0,2.0,A01
201500042358,0,7,0,0.0,0.0,4.0,2.0,B01
201500042359,0,7,0,0.0,1.0,2.0,2.0,A01
201500042360,0,7,0,0.0,2.0,1.0,2.0,A01
201500042360,0,32,0,0.0,0.0,4.0,23.0,B01
201500042361,0,7,0,0.0,2.0,7.0,13.0,A01
201500042361,0,7,0,0.0,0.0,8.0,23.0,B01
201500042362,0,30,0,0.0,2.0,9.0,2.0,B01
201500042362,0,7,0,0.0,2.0,3.0,15.0,A01
201500042363,0,7,0,0.0,2.0,2.0,2.0,A01
201500042363,0,30,0,0.0,0.0,1.0,2.0,B01
201500042364,1,7,0,0.0,1.0,1.0,1.0,A01
201500042365,0,7,0,0.0,2.0,1.0,1.0,C01
201500042365,0,7,0,0.0,2.0,1.0,13.0,A01
201500042365,0,7,0,0.0,2.0,1.0,1.0,B01
201500042366,0,7,0,0.0,2.0,1.0,1.0,A01
201500042366,0,37,3,0.0,2.0,3.0,1.0,B01
201500042367,0,30,0,0.0,2.0,1.0,1.0,B01
201500042367,0,7,0,0.0,2.0,8.0,9.0,A01
201500042368,0,7,0,0.0,2.0,8.0,1.0,A01
201500042368,0,7,0,0.0,0.0,1.0,1.0,B01
201500042369,0,37,1,0.0,1.0,7.0,7.0,A01
201500042370,0,7,0,0.0,0.0,4.0,1.0,B01
201500042370,0,7,0,0.0,2.0,1.0,1.0,A01
201500042371,0,7,0,0.0,2.0,2.0,10.0,A01
201500042371,0,33,0,0.0,2.0,1.0,2.0,B01
201500042372,0,30,0,0.0,2.0,1.0,9.0,A01
201500042372,0,7,0,0.0,2.0,8.0,1.0,B01
201500042373,0,7,0,0.0,2.0,1.0,9.0,A01
201500042373,0,7,0,0.0,0.0,4.0,1.0,B01
201500042374,0,7,0,0.0,2.0,1.0,1.0,A01
201500042374,0,34,0,0.0,2.0,8.0,1.0,B01
201500042375,0,7,0,0.0,1.0,1.0,1.0,A01
201500042376,1,14,0,0.0,2.0,1.0,2.0,B01
201500042376,0,7,0,0.0,0.0,4.0,1.0,A01
201500042377,0,7,0,0.0,2.0,1.0,1.0,A01
201500042377,0,7,0,0.0,2.0,8.0,1.0,B01
201500042378,1,7,0,0.0,1.0,1.0,1.0,A01
201500042379,0,7,0,0.0,2.0,3.0,18.0,A01
201500042379,0,20,0,0.0,2.0,2.0,2.0,B01
201500042380,0,7,0,0.0,1.0,9.0,1.0,A01
201500042381,0,7,0,0.0,2.0,1.0,2.0,A01
201500042381,0,34,0,0.0,2.0,4.0,2.0,B01
201500042382,0,37,0,0.0,2.0,8.0,9.0,B01
201500042382,0,33,0,0.0,2.0,1.0,1.0,A01
201500042383,0,7,0,12.0,0.0,1.0,0.0,A01
201500042384,0,7,0,0.0,2.0,1.0,1.0,B01
201500042384,0,7,0,0.0,2.0,4.0,1.0,A01
201500042385,0,31,0,0.0,0.0,8.0,1.0,B01
201500042385,0,7,0,0.0,2.0,3.0,15.0,A01
201500042386,0,7,0,0.0,2.0,5.0,1.0,B01
201500042386,0,7,0,0.0,2.0,2.0,9.0,A01
201500042387,0,7,0,8.0,0.0,1.0,9.0,A01
201500042388,0,7,0,0.0,2.0,1.0,1.0,B01
201500042388,0,7,0,0.0,2.0,1.0,5.0,A01
201500042389,0,7,0,0.0,2.0,1.0,2.0,C01
201500042389,0,7,0,0.0,2.0,1.0,2.0,B01
201500042389,0,7,0,0.0,2.0,4.0,13.0,A01
201500042390,0,7,0,0.0,2.0,3.0,1.0,B01
201500042390,0,7,0,0.0,2.0,2.0,12.0,A01
201500042391,0,7,0,0.0,2.0,0.0,1.0,A01
201500042391,0,31,0,0.0,2.0,0.0,1.0,B01
201500042392,0,7,0,0.0,2.0,2.0,1.0,A01
201500042392,0,1,0,0.0,2.0,2.0,0.0,B01
201500042393,0,14,0,0.0,2.0,1.0,2.0,A01
201500042393,0,7,0,0.0,2.0,4.0,1.0,B01
201500042394,0,7,0,14.0,0.0,0.0,1.0,A01
201500042395,0,7,0,0.0,9.0,7.0,22.0,A01
201500042395,0,1,0,1.0,0.0,1.0,1.0,B01
201500042396,0,7,0,0.0,0.0,4.0,2.0,C01
201500042396,0,2,0,0.0,2.0,1.0,2.0,B01
201500042396,0,7,0,0.0,2.0,1.0,2.0,A01
201500042397,0,2,0,0.0,2.0,1.0,21.0,B01
201500042397,0,15,0,0.0,2.0,8.0,15.0,A01
201500042398,0,7,0,0.0,1.0,1.0,20.0,A01
201500042399,0,30,0,0.0,2.0,1.0,2.0,A01
201500042399,0,7,0,0.0,0.0,3.0,2.0,B01
201500042400,0,7,0,0.0,1.0,1.0,2.0,A01
201500042401,0,7,0,0.0,2.0,1.0,2.0,B01
201500042401,0,3,0,0.0,2.0,5.0,1.0,A01
201500042402,0,30,0,0.0,0.0,8.0,15.0,A01
201500042403,1,7,0,0.0,1.0,7.0,0.0,A01
201500042404,0,7,0,15.0,0.0,1.0,1.0,A01
201500042405,0,7,0,0.0,2.0,3.0,15.0,A01
201500042405,0,33,0,0.0,2.0,7.0,17.0,B01
201500042406,1,7,0,0.0,1.0,0.0,0.0,Z01
201500042407,0,7,0,0.0,1.0,2.0,0.0,A01
201500042408,0,7,0,0.0,1.0,1.0,1.0,A01
201500042409,0,7,0,0.0,2.0,1.0,1.0,B01
201500042409,0,7,0,0.0,2.0,1.0,1.0,A01
201500042410,0,7,0,0.0,2.0,1.0,2.0,A01
201500042410,0,7,0,0.0,2.0,1.0,23.0,B01
201500042411,0,7,0,0.0,0.0,4.0,23.0,C01
201500042411,0,7,0,0.0,2.0,1.0,2.0,A01
201500042411,0,7,0,0.0,2.0,1.0,23.0,B01
201500042412,0,7,0,0.0,0.0,2.0,0.0,A01
201500042413,0,31,0,0.0,2.0,4.0,1.0,A01
201500042413,0,7,0,0.0,2.0,1.0,12.0,B01
201500042414,0,33,0,0.0,2.0,1.0,15.0,A01
201500042414,0,7,0,0.0,2.0,3.0,2.0,B01
201500042415,0,7,0,0.0,2.0,1.0,2.0,A01
201500042415,0,7,0,0.0,2.0,9.0,23.0,B01
201500042415,0,7,0,0.0,2.0,4.0,23.0,C01
201500042416,0,7,0,0.0,2.0,1.0,2.0,A01
201500042416,0,7,0,0.0,2.0,4.0,1.0,B01
201500042417,0,33,0,0.0,2.0,7.0,2.0,A01
201500042417,0,7,0,0.0,2.0,3.0,15.0,B01
201500042418,0,2,0,16.0,0.0,9.0,0.0,A01
201500042419,1,7,0,0.0,2.0,1.0,1.0,A01
201500042419,0,7,0,0.0,2.0,7.0,1.0,B02
201500042420,0,7,0,0.0,1.0,4.0,1.0,A01
201500042420,0,7,0,0.0,2.0,1.0,1.0,B01
201500042421,0,7,0,0.0,2.0,5.0,15.0,A01
201500042421,0,7,0,0.0,0.0,1.0,1.0,B01
201500042422,0,7,0,14.0,2.0,5.0,1.0,B01
201500042422,0,7,0,0.0,2.0,1.0,9.0,A01
201500042423,0,33,0,0.0,2.0,4.0,1.0,A01
201500042423,0,7,0,0.0,2.0,5.0,1.0,B01
201500042424,0,7,0,0.0,2.0,1.0,1.0,A01
201500042424,0,3,0,0.0,2.0,4.0,1.0,B01
201500042425,0,7,0,0.0,1.0,1.0,1.0,A01
201500042426,0,7,0,0.0,1.0,1.0,1.0,A01
201500042427,0,7,0,0.0,2.0,1.0,17.0,A01
201500042427,0,7,0,0.0,0.0,8.0,15.0,B01
201500042428,0,37,0,0.0,1.0,0.0,1.0,A01
201500042429,0,15,0,0.0,2.0,5.0,12.0,A01
201500042429,0,7,0,0.0,2.0,3.0,2.0,B01
201500042430,0,7,0,0.0,2.0,4.0,1.0,A01
201500042430,0,7,0,0.0,2.0,1.0,1.0,B01
201500042431,0,7,0,15.0,0.0,1.0,2.0,A01
201500042432,0,7,0,0.0,2.0,1.0,2.0,A01
201500042432,0,7,0,0.0,2.0,4.0,2.0,B01
201500042433,0,1,0,0.0,2.0,1.0,1.0,A01
201500042433,0,7,0,0.0,1.0,1.0,1.0,B01
201500042434,0,33,0,0.0,1.0,8.0,21.0,A01
201500042435,0,7,0,0.0,2.0,1.0,1.0,A01
201500042435,0,7,0,0.0,2.0,2.0,1.0,B01
201500042436,0,30,0,0.0,0.0,2.0,1.0,A01
201500042437,0,32,0,0.0,2.0,8.0,11.0,A01
201500042437,0,37,1,0.0,0.0,7.0,2.0,B01
201500042438,0,7,0,0.0,0.0,5.0,15.0,A01
201500042438,0,34,0,0.0,2.0,1.0,2.0,B01
201500042439,0,33,0,0.0,0.0,7.0,0.0,A01
201500042440,0,7,0,0.0,0.0,3.0,15.0,A01
201500042440,0,2,0,0.0,2.0,1.0,17.0,B01
201500042441,0,7,0,0.0,2.0,2.0,16.0,A01
201500042441,0,30,0,0.0,0.0,8.0,16.0,B01
201500042442,0,7,0,0.0,2.0,1.0,2.0,B01
201500042442,0,7,0,0.0,2.0,7.0,19.0,A01
201500042443,0,7,0,1.0,0.0,1.0,2.0,A01
201500042444,0,7,0,0.0,1.0,1.0,1.0,A01
201500042445,0,7,0,0.0,1.0,1.0,1.0,A01
201500042446,0,7,0,2.0,0.0,1.0,1.0,A01
201500042447,0,7,0,0.0,1.0,2.0,15.0,A01
201500042448,0,37,1,0.0,0.0,1.0,1.0,A01
201500042448,0,33,0,0.0,2.0,7.0,15.0,B01
201500042449,0,7,0,0.0,2.0,1.0,2.0,A01
201500042449,0,7,0,0.0,0.0,4.0,1.0,B01
201500042450,0,1,0,0.0,2.0,1.0,19.0,B01
201500042450,0,7,0,0.0,0.0,6.0,1.0,A01
201500042451,0,7,0,0.0,1.0,1.0,1.0,A01
201500042452,0,7,0,0.0,1.0,1.0,1.0,A01
201500042453,0,7,0,0.0,2.0,1.0,1.0,A01
201500042453,0,33,0,0.0,0.0,4.0,16.0,B01
201500042454,0,7,0,0.0,0.0,4.0,1.0,C01
201500042454,0,7,0,0.0,2.0,1.0,1.0,A01
201500042454,0,7,0,0.0,1.0,4.0,1.0,B01
201500042455,0,7,0,0.0,2.0,2.0,1.0,A01
201500042455,0,7,0,0.0,2.0,6.0,23.0,B01
201500042455,0,7,0,0.0,2.0,3.0,1.0,C01
201500042456,0,7,0,0.0,1.0,1.0,1.0,A01