Num_Acc,senc,catv,occutc,obs,obsm,choc,manv,num_veh
201500042457,0,1,0,0.0,2.0,8.0,1.0,B01
201500042457,0,7,0,0.0,9.0,1.0,1.0,A01
201500042458,0,7,0,8.0,0.0,1.0,1.0,A01
201500042459,0,7,0,0.0,2.0,2.0,16.0,A01
201500042459,0,37,1,0.0,2.0,8.0,1.0,B01
201500042460,0,7,0,14.0,0.0,1.0,1.0,A01
201500042461,0,30,0,0.0,2.0,1.0,9.0,A01
201500042461,0,7,0,0.0,2.0,2.0,2.0,B01
201500042462,0,7,0,0.0,2.0,1.0,2.0,A01
201500042462,0,33,0,0.0,0.0,4.0,1.0,B01
201500042463,0,7,0,0.0,2.0,4.0,23.0,B01
201500042463,0,7,0,0.0,2.0,1.0,2.0,A01
201500042464,0,7,0,0.0,2.0,2.0,1.0,A01
201500042464,0,1,0,0.0,2.0,1.0,1.0,B01
201500042465,0,7,0,0.0,2.0,3.0,1.0,B01
201500042465,0,30,0,0.0,2.0,1.0,1.0,A01
201500042466,0,7,0,0.0,1.0,0.0,0.0,A01
201500042467,1,7,0,0.0,1.0,1.0,15.0,Z01
201500042468,0,7,0,0.0,2.0,1.0,5.0,A01
201500042468,0,7,0,0.0,2.0,1.0,1.0,B01
201500042469,0,7,0,0.0,0.0,1.0,2.0,A01
201500042469,1,7,0,0.0,2.0,1.0,2.0,Z01
201500042470,0,7,0,0.0,2.0,4.0,23.0,B01
201500042470,0,7,0,0.0,2.0,1.0,2.0,A01
201500042470,0,7,0,0.0,2.0,4.0,23.0,C01
201500042471,0,2,0,0.0,2.0,2.0,9.0,A01
201500042472,0,7,0,0.0,0.0,7.0,15.0,A01
201500042472,0,7,0,0.0,2.0,1.0,2.0,B01
201500042473,0,7,0,0.0,2.0,1.0,15.0,A01
201500042473,0,7,0,0.0,2.0,3.0,1.0,B01
201500042474,0,7,0,0.0,2.0,4.0,1.0,A01
201500042474,0,1,0,0.0,2.0,2.0,1.0,B01
201500042475,0,7,0,0.0,1.0,3.0,17.0,A01
201500042476,0,7,0,0.0,1.0,1.0,1.0,A01
201500042477,0,7,0,0.0,1.0,2.0,17.0,A01
201500042478,0,7,0,0.0,0.0,1.0,2.0,A01
201500042479,0,7,0,0.0,1.0,1.0,2.0,A01
201500042480,0,7,0,0.0,2.0,6.0,11.0,A01
201500042480,0,30,0,0.0,2.0,1.0,2.0,B01
201500042481,0,7,0,0.0,2.0,5.0,11.0,A01
201500042481,0,33,0,0.0,2.0,2.0,1.0,B01
201500042482,0,7,0,0.0,2.0,1.0,10.0,A01
201500042482,0,30,0,0.0,2.0,1.0,2.0,B01
201500042483,0,7,0,0.0,2.0,2.0,1.0,B01
201500042483,0,7,0,0.0,2.0,3.0,9.0,A01
201500042484,0,7,0,0.0,1.0,1.0,1.0,A01
201500042485,0,32,0,0.0,0.0,0.0,1.0,A01
201500042486,0,10,0,0.0,2.0,7.0,2.0,B01
201500042486,0,33,0,0.0,2.0,1.0,2.0,A01
201500042486,1,7,0,0.0,2.0,1.0,7.0,Z01
201500042487,0,7,0,0.0,0.0,4.0,24.0,B01
201500042487,0,7,0,0.0,2.0,1.0,0.0,A01
201500042488,0,7,0,0.0,2.0,1.0,2.0,A01
201500042488,0,13,0,0.0,2.0,4.0,2.0,B01
201500042489,0,37,0,0.0,1.0,2.0,2.0,A01
201500042490,0,7,0,0.0,1.0,1.0,20.0,A01
201500042491,0,32,0,0.0,2.0,1.0,1.0,B01
201500042491,0,7,0,0.0,2.0,8.0,9.0,A01
201500042492,0,7,0,1.0,1.0,1.0,0.0,A01
201500042493,0,7,0,0.0,1.0,1.0,0.0,A01
201500042494,0,33,0,0.0,2.0,4.0,23.0,B01
201500042494,0,10,0,0.0,2.0,1.0,2.0,A01
201500042495,0,34,0,0.0,2.0,7.0,1.0,B01
201500042495,0,7,0,0.0,2.0,6.0,14.0,A01
201500042496,0,7,0,0.0,2.0,3.0,1.0,A01
201500042496,0,7,0,0.0,2.0,3.0,15.0,B01
201500042497,0,7,0,0.0,2.0,1.0,12.0,A01
201500042497,0,37,3,0.0,0.0,3.0,1.0,B01
201500042498,0,30,0,0.0,2.0,1.0,2.0,B01
201500042498,0,7,0,0.0,0.0,8.0,10.0,A01
201500042499,0,7,0,0.0,1.0,1.0,2.0,A01
201500042500,0,7,0,0.0,2.0,1.0,10.0,A01
201500042500,0,33,0,0.0,2.0,9.0,2.0,B01
201500042501,0,7,0,0.0,1.0,1.0,0.0,A01
201500042502,0,7,0,0.0,2.0,1.0,1.0,B01
201500042502,0,7,0,0.0,2.0,7.0,15.0,A01
201500042503,0,7,0,0.0,1.0,1.0,1.0,A01
201500042504,0,7,0,0.0,1.0,2.0,1.0,A01
201500042505,0,30,0,0.0,2.0,8.0,2.0,B01
201500042505,0,7,0,0.0,2.0,7.0,14.0,A01
201500042506,0,7,0,0.0,2.0,7.0,15.0,B01
201500042506,0,7,0,0.0,0.0,1.0,1.0,A01
201500042507,0,34,0,0.0,0.0,9.0,1.0,A01
201500042508,0,7,0,0.0,2.0,1.0,9.0,A01
201500042508,0,7,0,0.0,2.0,1.0,1.0,B01
201500042509,0,7,0,0.0,2.0,4.0,23.0,B02
201500042509,0,7,0,0.0,2.0,1.0,2.0,A01
201500042510,0,7,0,0.0,2.0,5.0,1.0,B01
201500042510,0,7,0,0.0,2.0,1.0,9.0,A01
201500042511,0,7,0,0.0,2.0,2.0,9.0,A01
201500042511,0,7,0,0.0,2.0,3.0,9.0,B01
201500042512,0,1,0,0.0,2.0,1.0,1.0,B01
201500042512,0,7,0,0.0,0.0,2.0,9.0,A01
201500042513,0,7,0,0.0,2.0,3.0,20.0,A01
201500042513,0,7,0,1.0,0.0,2.0,2.0,B01
201500042514,0,33,0,0.0,2.0,7.0,1.0,A01
201500042514,0,37,1,0.0,2.0,2.0,7.0,B01
201500042515,0,7,0,0.0,2.0,1.0,1.0,A01
201500042515,0,7,0,0.0,0.0,4.0,1.0,B01
201500042516,0,7,0,0.0,1.0,1.0,1.0,A01
201500042517,0,7,0,0.0,2.0,2.0,9.0,A01
201500042517,0,33,0,0.0,2.0,1.0,2.0,B01
201500042518,0,31,0,0.0,1.0,1.0,2.0,A01
201500042519,0,7,0,0.0,2.0,3.0,6.0,A01
201500042519,0,33,0,0.0,2.0,1.0,2.0,B01
201500042520,0,7,0,0.0,2.0,1.0,2.0,A01
201500042520,0,7,0,0.0,2.0,1.0,2.0,C01
201500042520,0,7,0,0.0,2.0,1.0,2.0,B01
201500042521,0,31,0,0.0,2.0,7.0,1.0,B01
201500042521,0,7,0,0.0,2.0,3.0,15.0,A01
201500042522,0,14,0,0.0,2.0,2.0,9.0,A01
201500042522,0,7,0,0.0,2.0,3.0,1.0,B01
201500042523,0,7,0,0.0,1.0,1.0,1.0,A01
201500042524,0,7,0,0.0,2.0,1.0,1.0,A01
201500042524,0,7,0,0.0,2.0,4.0,1.0,B01
201500042525,0,7,0,0.0,1.0,1.0,2.0,A01
201500042526,0,7,0,0.0,1.0,5.0,1.0,A01
201500042527,1,7,0,0.0,1.0,3.0,17.0,A01
201500042528,0,7,0,0.0,0.0,9.0,1.0,A01
201500042529,0,7,0,0.0,1.0,2.0,1.0,A01
201500042530,0,31,0,0.0,2.0,1.0,15.0,A01
201500042530,0,7,0,0.0,0.0,3.0,1.0,B01
201500042531,0,7,0,0.0,0.0,6.0,1.0,B01
201500042531,0,7,0,0.0,0.0,1.0,0.0,A01
201500042531,0,3,0,0.0,0.0,6.0,1.0,C01
201500042532,1,7,0,1.0,1.0,2.0,2.0,A01
201500042532,0,7,0,0.0,0.0,8.0,24.0,B01
201500042533,0,7,0,0.0,1.0,2.0,11.0,A01
201500042534,1,7,0,0.0,1.0,2.0,1.0,Z01
201500042535,0,7,0,14.0,0.0,1.0,1.0,A01
201500042536,0,7,0,1.0,2.0,2.0,0.0,A01
201500042537,0,7,0,0.0,0.0,3.0,23.0,B01
201500042537,0,1,0,0.0,2.0,1.0,17.0,A01
201500042538,0,37,1,0.0,1.0,2.0,16.0,A01
201500042539,0,7,0,0.0,1.0,7.0,1.0,A01
201500042540,0,7,0,1.0,0.0,2.0,1.0,A01
201500042541,2,7,0,1.0,0.0,1.0,0.0,A01
201500042542,0,7,0,2.0,0.0,1.0,1.0,A01
201500042543,0,7,0,0.0,1.0,4.0,4.0,A01
201500042544,0,30,0,0.0,0.0,1.0,2.0,A01
201500042544,0,7,0,0.0,0.0,4.0,2.0,B01
201500042545,0,7,0,0.0,0.0,7.0,0.0,B01
201500042545,0,7,0,0.0,0.0,1.0,0.0,A01
201500042546,0,7,0,0.0,2.0,1.0,2.0,A01
201500042546,0,7,0,0.0,0.0,4.0,2.0,B01
201500042547,0,7,0,0.0,1.0,2.0,1.0,A01
201500042548,0,7,0,0.0,2.0,1.0,1.0,A01
201500042548,0,7,0,0.0,1.0,3.0,1.0,B01
201500042549,0,33,0,0.0,2.0,7.0,17.0,B01
201500042549,0,7,0,0.0,2.0,3.0,15.0,A01
201500042550,1,7,0,0.0,1.0,0.0,0.0,Z01
201500042551,0,7,0,0.0,0.0,5.0,1.0,B01
201500042551,0,7,0,14.0,0.0,9.0,0.0,A01
201500042552,0,7,0,0.0,1.0,2.0,0.0,A01
201500042553,0,7,0,0.0,1.0,2.0,5.0,A01
201500042554,0,7,0,0.0,2.0,3.0,1.0,A01
201500042554,0,34,0,0.0,2.0,2.0,2.0,B01
201500042555,0,7,0,0.0,2.0,1.0,1.0,A01
201500042555,0,7,0,0.0,0.0,4.0,1.0,B01
201500042556,0,3,0,0.0,2.0,2.0,0.0,A01
201500042556,0,1,0,0.0,0.0,1.0,0.0,B01
201500042557,0,1,0,0.0,2.0,1.0,2.0,A01
201500042557,0,7,0,0.0,9.0,5.0,2.0,B01
201500042558,2,7,0,9.0,0.0,1.0,1.0,A01
201500042559,0,30,0,4.0,0.0,1.0,1.0,A01
201500042560,0,7,0,0.0,2.0,3.0,0.0,B01
201500042560,0,7,0,0.0,2.0,3.0,13.0,A01
201500042561,0,10,0,0.0,9.0,0.0,15.0,A01
201500042561,0,1,0,0.0,2.0,1.0,21.0,B01
201500042562,0,32,0,0.0,1.0,2.0,21.0,A01
201500042563,0,33,0,0.0,9.0,1.0,16.0,A01
201500042563,0,1,0,0.0,2.0,4.0,16.0,B01
201500042564,0,7,0,0.0,9.0,3.0,15.0,A01
201500042564,0,1,0,0.0,2.0,9.0,17.0,B01
201500042565,0,33,0,0.0,2.0,2.0,1.0,A01
201500042565,0,10,0,0.0,0.0,4.0,1.0,B01
201500042566,0,2,0,0.0,2.0,1.0,1.0,B01
201500042566,0,1,0,0.0,2.0,8.0,0.0,A01
201500042567,0,7,0,8.0,0.0,1.0,5.0,A01
201500042568,0,7,0,0.0,1.0,8.0,1.0,A01
201500042569,0,33,0,0.0,2.0,1.0,2.0,A01
201500042569,0,33,0,0.0,2.0,7.0,15.0,B01
201500042570,0,7,0,8.0,0.0,2.0,0.0,A01
201500042570,0,7,0,0.0,2.0,1.0,0.0,B01
201500042571,0,10,0,0.0,2.0,8.0,15.0,B01
201500042571,0,37,2,0.0,2.0,2.0,1.0,A01
201500042572,0,7,0,0.0,2.0,7.0,16.0,A01
201500042572,0,31,0,0.0,2.0,8.0,1.0,B01
201500042573,0,7,0,0.0,1.0,1.0,1.0,A01
201500042574,0,7,0,0.0,1.0,6.0,4.0,A01
201500042575,0,7,0,0.0,2.0,1.0,1.0,B01
201500042575,0,7,0,0.0,2.0,3.0,1.0,A01
201500042576,0,7,0,0.0,2.0,3.0,13.0,A01
201500042577,0,7,0,0.0,1.0,4.0,4.0,A01
201500042578,0,7,0,0.0,2.0,6.0,0.0,A01
201500042578,0,37,1,0.0,2.0,2.0,1.0,B01
201500042579,0,33,0,0.0,2.0,8.0,1.0,A01
201500042579,0,7,0,0.0,2.0,8.0,9.0,B01
201500042580,0,7,0,0.0,1.0,2.0,1.0,A01
201500042581,0,30,0,0.0,2.0,1.0,21.0,B01
201500042581,0,3,0,0.0,2.0,3.0,1.0,A01
201500042582,0,33,0,8.0,2.0,2.0,2.0,A01
201500042582,0,7,0,0.0,2.0,3.0,15.0,B01
201500042583,0,7,0,0.0,0.0,6.0,2.0,B01
201500042583,0,33,0,0.0,2.0,1.0,2.0,A01
201500042584,0,7,0,0.0,1.0,3.0,11.0,A01
201500042585,0,7,0,0.0,1.0,3.0,0.0,A01
201500042586,0,7,0,0.0,2.0,3.0,1.0,B01
201500042586,0,7,0,0.0,2.0,1.0,1.0,A01
201500042587,0,7,0,0.0,1.0,2.0,1.0,A01
201500042588,0,7,0,6.0,0.0,1.0,1.0,A01
201500042589,0,7,0,0.0,1.0,1.0,17.0,A01
201500042590,0,7,0,0.0,2.0,2.0,12.0,A01
201500042590,0,33,0,0.0,2.0,0.0,1.0,B01
201500042591,0,7,0,8.0,0.0,1.0,17.0,A01
201500042592,1,7,0,0.0,2.0,0.0,0.0,Z01
201500042592,0,30,0,0.0,2.0,3.0,1.0,A01
201500042593,0,10,0,0.0,2.0,3.0,11.0,A01
201500042593,0,2,0,0.0,2.0,2.0,1.0,B01
201500042594,0,2,0,0.0,2.0,1.0,3.0,A01
201500042594,0,7,0,0.0,0.0,6.0,1.0,B01
201500042595,0,7,0,0.0,2.0,3.0,15.0,B01
201500042595,0,10,0,0.0,2.0,1.0,1.0,A01
201500042596,0,33,0,11.0,0.0,0.0,2.0,A01
201500042597,0,7,0,0.0,0.0,3.0,0.0,A01
201500042597,0,32,0,0.0,0.0,4.0,2.0,B01
201500042598,0,7,0,0.0,1.0,1.0,1.0,A01
201500042599,1,7,0,0.0,1.0,1.0,15.0,Z01
201500042600,0,7,0,0.0,2.0,2.0,0.0,A01
201500042600,0,2,0,0.0,2.0,1.0,0.0,B01
201500042601,0,7,0,0.0,0.0,1.0,2.0,A01
201500042601,0,7,0,0.0,0.0,4.0,2.0,B01
201500042602,1,7,0,0.0,1.0,0.0,0.0,Z01
201500042603,0,7,0,0.0,1.0,2.0,1.0,A01
201500042604,0,7,0,0.0,1.0,0.0,15.0,A01
201500042605,0,7,0,0.0,2.0,1.0,0.0,A01
201500042605,0,7,0,0.0,2.0,1.0,0.0,B01
201500042606,0,7,0,0.0,1.0,3.0,1.0,A01
201500042607,0,7,0,0.0,0.0,7.0,15.0,A01
201500042607,0,2,0,0.0,0.0,1.0,1.0,B01
201500042608,0,31,0,0.0,0.0,7.0,1.0,A01
201500042609,0,7,0,14.0,1.0,3.0,0.0,A01
201500042610,0,7,0,0.0,2.0,6.0,0.0,B01
201500042610,0,1,0,0.0,2.0,1.0,1.0,A01
201500042611,0,7,0,0.0,1.0,3.0,1.0,A01
201500042612,1,10,0,0.0,1.0,1.0,16.0,A01
201500042613,0,30,0,8.0,0.0,1.0,1.0,A01
201500042614,0,7,0,0.0,2.0,1.0,1.0,A01
201500042614,0,7,0,0.0,2.0,1.0,15.0,B01
201500042615,0,7,0,0.0,2.0,7.0,15.0,A01
201500042615,0,33,0,0.0,2.0,1.0,2.0,B01
201500042616,0,7,0,0.0,1.0,2.0,15.0,A01
201500042617,0,7,0,0.0,2.0,3.0,2.0,A01
201500042617,0,34,0,0.0,2.0,2.0,1.0,B01
201500042618,0,7,0,0.0,1.0,7.0,16.0,A01
201500042619,0,33,0,0.0,0.0,1.0,0.0,A01
201500042620,0,7,0,0.0,1.0,1.0,1.0,A01
201500042621,1,3,0,0.0,1.0,1.0,1.0,A01
201500042622,0,33,0,0.0,2.0,3.0,2.0,A01
201500042622,0,7,0,0.0,2.0,2.0,2.0,B01
201500042623,1,99,0,0.0,2.0,1.0,0.0,A01
201500042623,0,7,0,0.0,2.0,1.0,1.0,B01
201500042624,0,34,0,0.0,2.0,1.0,1.0,B01
201500042624,0,7,0,0.0,2.0,2.0,15.0,A01
201500042625,0,30,0,0.0,0.0,1.0,0.0,A01
201500042625,0,10,0,0.0,0.0,3.0,0.0,B01
201500042626,0,13,0,0.0,2.0,3.0,15.0,A01
201500042626,0,30,0,0.0,2.0,1.0,17.0,B01
201500042627,1,7,0,0.0,2.0,0.0,13.0,A01
201500042627,0,37,2,0.0,2.0,7.0,13.0,B01
201500042628,0,2,0,0.0,1.0,1.0,5.0,A01
201500042629,0,7,0,15.0,0.0,1.0,1.0,A01
201500042630,0,7,0,0.0,2.0,3.0,2.0,A01
201500042630,0,2,0,0.0,2.0,5.0,2.0,B01
201500042631,0,2,0,0.0,2.0,1.0,2.0,B01
201500042631,0,7,0,0.0,2.0,3.0,10.0,A01
201500042632,0,7,0,1.0,0.0,2.0,1.0,A01
201500042633,0,7,0,0.0,1.0,1.0,15.0,A01
201500042634,0,7,0,0.0,1.0,1.0,0.0,A01
201500042635,0,7,0,0.0,2.0,1.0,2.0,A01
201500042635,0,7,0,0.0,2.0,4.0,23.0,B01
201500042636,0,7,0,0.0,1.0,1.0,1.0,A01
201500042637,0,2,0,0.0,2.0,3.0,2.0,A01
201500042637,0,7,0,0.0,2.0,3.0,2.0,B01
201500042638,0,7,0,0.0,0.0,1.0,0.0,A01
201500042638,0,1,0,0.0,0.0,8.0,0.0,B01
201500042639,0,7,0,0.0,1.0,1.0,16.0,A01
201500042640,0,31,0,0.0,2.0,2.0,2.0,A01
201500042640,0,7,0,0.0,2.0,3.0,2.0,B01
201500042641,0,7,0,0.0,2.0,3.0,22.0,A01
201500042641,0,1,0,1.0,0.0,1.0,1.0,B01
201500042642,0,32,0,0.0,2.0,1.0,13.0,A01
201500042642,0,30,0,0.0,2.0,1.0,1.0,B01
201500042643,0,99,0,0.0,0.0,8.0,15.0,B01
201500042643,0,99,0,0.0,0.0,1.0,11.0,A01
201500042644,0,32,0,0.0,2.0,1.0,2.0,B01
201500042644,0,7,0,0.0,0.0,6.0,2.0,A01
201500042645,0,7,0,0.0,1.0,0.0,4.0,A01
201500042646,0,10,0,1.0,0.0,0.0,1.0,A01
201500042647,0,7,0,0.0,2.0,6.0,23.0,A01
201500042647,0,2,0,0.0,2.0,1.0,17.0,B01
201500042648,0,7,0,0.0,2.0,4.0,20.0,B01
201500042648,0,7,0,0.0,2.0,1.0,0.0,A01
201500042649,0,34,0,0.0,2.0,1.0,1.0,B01
201500042649,0,7,0,0.0,2.0,2.0,15.0,A01
201500042650,1,7,0,0.0,2.0,1.0,9.0,Z01
201500042650,0,33,0,0.0,2.0,3.0,2.0,B01
201500042651,1,13,0,0.0,1.0,1.0,1.0,Z01
201500042652,0,10,0,0.0,2.0,8.0,9.0,A01
201500042652,0,34,0,0.0,2.0,7.0,1.0,B01
201500042653,0,34,0,0.0,0.0,0.0,13.0,A01
201500042653,0,7,0,0.0,2.0,2.0,0.0,B01
201500042654,0,7,0,0.0,1.0,7.0,1.0,A01
201500042655,0,37,0,0.0,1.0,1.0,1.0,A01
201500042656,0,7,0,0.0,1.0,2.0,16.0,A01
201500042657,0,30,0,0.0,2.0,8.0,1.0,A01
201500042657,0,7,0,0.0,2.0,7.0,16.0,B01
201500042658,0,32,0,0.0,0.0,8.0,1.0,B01
201500042658,0,7,0,0.0,0.0,1.0,23.0,C01
201500042658,0,7,0,0.0,0.0,1.0,1.0,A01
201500042659,0,7,0,0.0,2.0,0.0,0.0,A01
201500042659,0,33,0,0.0,0.0,6.0,2.0,B01
201500042660,0,7,0,0.0,2.0,4.0,2.0,B01
201500042660,0,7,0,0.0,2.0,1.0,2.0,A01
201500042661,0,32,0,0.0,2.0,1.0,1.0,B01
201500042661,0,7,0,0.0,2.0,1.0,1.0,A01
201500042662,0,7,0,0.0,2.0,3.0,1.0,A01
201500042662,0,99,0,0.0,2.0,1.0,15.0,B01
201500042663,0,30,0,0.0,2.0,3.0,0.0,B01
201500042663,0,7,0,0.0,2.0,2.0,10.0,A01
201500042664,0,7,0,0.0,2.0,1.0,1.0,A01
201500042664,0,7,0,0.0,2.0,8.0,15.0,B01
201500042665,0,10,0,0.0,2.0,1.0,2.0,A01
201500042665,0,7,0,0.0,2.0,4.0,23.0,B01
201500042665,0,7,0,0.0,0.0,4.0,23.0,C01
201500042666,1,30,0,0.0,2.0,0.0,1.0,B01
201500042666,1,7,0,0.0,2.0,0.0,0.0,Z01
201500042667,0,7,0,0.0,1.0,3.0,0.0,A01
201500042668,0,7,0,0.0,2.0,1.0,15.0,A01
201500042668,0,34,0,0.0,2.0,1.0,1.0,B01
201500042669,0,33,0,0.0,2.0,1.0,1.0,B01
201500042669,0,7,0,0.0,2.0,2.0,15.0,A01
201500042670,0,7,0,0.0,2.0,1.0,1.0,A01
201500042670,0,33,0,0.0,2.0,8.0,1.0,B01
201500042671,0,33,0,0.0,0.0,7.0,21.0,A01
201500042671,0,7,0,14.0,0.0,1.0,2.0,B01
201500042672,0,10,0,0.0,0.0,0.0,0.0,A01
201500042672,0,7,0,0.0,0.0,2.0,1.0,B01
201500042673,0,33,0,0.0,0.0,2.0,17.0,A01
201500042673,0,7,0,0.0,0.0,3.0,15.0,B01
201500042674,2,7,0,2.0,0.0,8.0,1.0,A01
201500042675,0,32,0,0.0,2.0,1.0,1.0,A01
201500042675,0,7,0,0.0,2.0,4.0,0.0,B01
201500042676,0,3,0,1.0,0.0,6.0,2.0,A01
201500042676,0,7,0,0.0,2.0,6.0,24.0,B01
201500042677,0,37,1,0.0,0.0,3.0,15.0,B01
201500042677,0,30,0,0.0,0.0,1.0,1.0,A01
201500042678,0,7,0,0.0,2.0,2.0,15.0,A01
201500042678,0,33,0,0.0,2.0,1.0,1.0,B01
201500042679,0,7,0,0.0,1.0,1.0,0.0,A01
201500042680,0,7,0,0.0,2.0,6.0,0.0,B01
201500042680,0,31,0,0.0,2.0,1.0,1.0,A01
201500042681,0,3,0,0.0,1.0,0.0,1.0,A01
201500042682,0,7,0,0.0,2.0,2.0,10.0,A01
201500042682,0,33,0,0.0,2.0,1.0,2.0,B01
201500042683,0,34,0,0.0,1.0,1.0,2.0,A01
201500042684,1,7,0,0.0,2.0,0.0,1.0,Z01
201500042684,0,7,0,0.0,0.0,5.0,1.0,A01
201500042685,1,7,0,0.0,1.0,1.0,1.0,Z01
201500042686,0,1,0,0.0,2.0,1.0,0.0,B01
201500042686,0,7,0,0.0,9.0,5.0,0.0,A01
201500042687,0,32,0,0.0,0.0,1.0,0.0,B01
201500042687,0,7,0,0.0,0.0,1.0,9.0,A01
201500042688,0,7,0,0.0,2.0,0.0,1.0,A01
201500042688,0,7,0,0.0,2.0,0.0,0.0,B01
201500042689,0,7,0,0.0,2.0,4.0,1.0,B01
201500042689,0,33,0,0.0,2.0,1.0,1.0,A01
201500042690,0,7,0,0.0,2.0,6.0,1.0,C01
201500042690,0,7,0,0.0,0.0,2.0,23.0,B01
201500042690,0,31,0,1.0,0.0,3.0,3.0,A01
201500042691,0,7,0,0.0,1.0,2.0,0.0,A01
201500042692,0,7,0,0.0,2.0,2.0,15.0,A01
201500042692,0,7,0,0.0,2.0,1.0,1.0,B01
201500042693,0,10,0,0.0,2.0,1.0,0.0,A01
201500042693,0,10,0,0.0,2.0,4.0,4.0,B01
201500042693,0,10,0,0.0,2.0,1.0,23.0,C01
201500042694,0,7,0,0.0,2.0,2.0,1.0,B01
201500042694,0,7,0,1.0,2.0,3.0,5.0,A01
201500042695,0,30,0,0.0,2.0,1.0,2.0,A01
201500042695,0,7,0,0.0,2.0,4.0,2.0,B01
201500042696,0,7,0,6.0,0.0,1.0,13.0,A01
201500042697,0,7,0,12.0,2.0,6.0,0.0,C01
201500042697,0,7,0,0.0,2.0,8.0,11.0,A01
201500042697,0,7,0,12.0,2.0,7.0,2.0,B01
201500042698,0,7,0,0.0,2.0,8.0,0.0,A01
201500042698,0,7,0,15.0,2.0,2.0,1.0,B01
201500042699,0,7,0,0.0,2.0,5.0,0.0,B01
201500042699,0,34,0,0.0,2.0,5.0,2.0,A01
201500042700,0,7,0,0.0,2.0,6.0,15.0,B01
201500042700,0,2,0,0.0,2.0,1.0,13.0,A01
201500042701,0,10,0,0.0,1.0,3.0,0.0,A01
201500042702,0,7,0,0.0,2.0,1.0,0.0,A01
201500042702,0,32,0,0.0,0.0,7.0,0.0,B01
201500042703,1,7,0,0.0,1.0,1.0,0.0,Z01
201500042704,1,7,0,8.0,2.0,2.0,17.0,Z01
201500042704,0,7,0,8.0,2.0,8.0,15.0,A01
201500042705,0,7,0,0.0,2.0,8.0,0.0,B01
201500042705,0,10,0,0.0,2.0,0.0,0.0,A01
201500042706,0,7,0,0.0,2.0,2.0,1.0,A01
201500042706,0,7,0,0.0,2.0,4.0,1.0,B01
201500042707,0,2,0,0.0,0.0,0.0,0.0,A01
201500042708,0,7,0,0.0,2.0,1.0,2.0,A01
201500042708,0,7,0,0.0,2.0,1.0,2.0,B01
201500042708,0,7,0,0.0,0.0,4.0,2.0,C01
201500042709,0,34,0,14.0,0.0,1.0,1.0,C01
201500042709,0,30,0,14.0,0.0,1.0,1.0,B01
201500042709,0,7,0,0.0,2.0,4.0,1.0,A01
201500042710,0,10,0,0.0,2.0,1.0,2.0,B01
201500042710,0,7,0,0.0,2.0,7.0,2.0,C01
201500042710,0,7,0,0.0,2.0,2.0,1.0,A01
201500042711,0,13,0,0.0,2.0,3.0,1.0,A01
201500042711,0,10,0,0.0,2.0,2.0,15.0,B01
201500042712,1,7,0,0.0,1.0,1.0,1.0,A01
201500042713,0,7,0,0.0,0.0,1.0,2.0,A01
201500042713,0,7,0,0.0,1.0,4.0,2.0,B01
201500042714,0,7,0,1.0,0.0,1.0,1.0,A01
201500042715,0,7,0,0.0,2.0,1.0,1.0,A01
201500042715,0,7,0,0.0,2.0,8.0,1.0,B01
201500042716,0,10,0,0.0,1.0,7.0,17.0,A01
201500042717,0,99,0,0.0,1.0,1.0,1.0,A01
201500042718,0,7,0,0.0,2.0,5.0,1.0,B01
201500042718,0,7,0,0.0,2.0,2.0,15.0,A01
201500042719,0,10,0,0.0,0.0,2.0,12.0,A01
201500042719,0,1,0,0.0,2.0,3.0,0.0,B01
201500042720,0,7,0,0.0,1.0,1.0,15.0,A01
201500042721,0,7,0,0.0,0.0,1.0,2.0,A01
201500042721,0,7,0,0.0,0.0,4.0,2.0,B01
201500042722,0,7,0,0.0,2.0,3.0,9.0,B01
201500042722,0,7,0,0.0,2.0,3.0,1.0,A01
201500042722,0,7,0,9.0,2.0,3.0,0.0,C01
201500042723,0,7,0,0.0,1.0,0.0,1.0,A01
201500042724,1,10,0,0.0,1.0,4.0,4.0,Z01
201500042725,0,32,0,0.0,2.0,1.0,17.0,A01
201500042725,0,7,0,0.0,2.0,6.0,1.0,B01
201500042726,0,7,0,0.0,2.0,4.0,0.0,B01
201500042726,0,34,0,0.0,2.0,1.0,0.0,A01
201500042727,2,30,0,0.0,2.0,2.0,0.0,B01
201500042727,0,7,0,0.0,2.0,6.0,6.0,A01
201500042728,0,34,0,0.0,2.0,1.0,17.0,A01
201500042728,0,7,0,0.0,2.0,1.0,15.0,B01
201500042729,0,7,0,0.0,2.0,3.0,9.0,A01
201500042729,0,33,0,0.0,2.0,1.0,2.0,B01
201500042730,0,32,0,8.0,2.0,1.0,1.0,B01
201500042730,0,7,0,0.0,2.0,2.0,16.0,A01
201500042731,0,2,0,0.0,1.0,1.0,1.0,A01
201500042732,0,7,0,0.0,1.0,2.0,2.0,A01
201500042733,0,7,0,0.0,1.0,1.0,0.0,A01
201500042734,0,33,0,0.0,2.0,1.0,2.0,A01
201500042734,0,14,0,0.0,2.0,4.0,2.0,B01
201500042735,0,32,0,0.0,2.0,8.0,1.0,B01
201500042735,0,7,0,0.0,2.0,3.0,15.0,A01
201500042736,0,7,0,0.0,1.0,6.0,4.0,A01
201500042737,0,7,0,0.0,2.0,2.0,12.0,B01
201500042737,0,31,0,0.0,2.0,3.0,2.0,A01
201500042738,0,33,0,0.0,2.0,2.0,17.0,A01