Num_Acc,senc,catv,occutc,obs,obsm,choc,manv,num_veh
201500043018,0,31,0,0.0,1.0,1.0,1.0,A01
201500043019,0,7,0,0.0,1.0,2.0,2.0,A01
201500043020,1,30,0,0.0,1.0,1.0,1.0,B01
201500043021,0,14,0,0.0,2.0,7.0,16.0,A01
201500043021,0,1,0,0.0,2.0,7.0,1.0,B01
201500043022,0,32,0,0.0,2.0,1.0,17.0,B01
201500043022,0,10,0,0.0,0.0,6.0,17.0,A01
201500043023,0,7,0,0.0,2.0,0.0,16.0,A01
201500043023,0,1,0,0.0,2.0,0.0,2.0,B01
201500043024,0,2,0,0.0,2.0,1.0,1.0,B01
201500043024,0,7,0,0.0,2.0,3.0,15.0,A01
201500043025,0,7,0,0.0,1.0,3.0,1.0,A01
201500043026,0,2,0,1.0,0.0,1.0,16.0,A01
201500043027,0,7,0,0.0,2.0,6.0,23.0,B01
201500043027,0,30,0,1.0,0.0,1.0,2.0,A01
201500043028,2,7,0,0.0,0.0,3.0,9.0,A01
201500043028,0,31,0,0.0,2.0,1.0,1.0,B01
201500043029,0,10,0,0.0,1.0,2.0,1.0,B01
201500043030,0,7,0,0.0,1.0,1.0,1.0,A01
201500043031,0,7,0,0.0,2.0,2.0,2.0,A01
201500043031,0,7,0,0.0,2.0,1.0,2.0,B01
201500043032,0,30,0,0.0,2.0,0.0,1.0,B01
201500043032,0,7,0,0.0,2.0,1.0,5.0,A01
201500043033,0,34,0,0.0,2.0,3.0,7.0,A01
201500043033,0,7,0,0.0,2.0,2.0,7.0,B01
201500043034,0,7,0,0.0,2.0,1.0,1.0,B01
201500043034,2,7,0,0.0,2.0,2.0,15.0,A01
201500043035,0,7,0,0.0,1.0,1.0,1.0,A01
201500043036,0,7,0,0.0,2.0,1.0,15.0,A01
201500043036,0,30,0,0.0,2.0,1.0,1.0,B01
201500043037,0,7,0,0.0,0.0,4.0,2.0,B01
201500043037,0,7,0,0.0,2.0,1.0,2.0,A01
201500043038,0,7,0,0.0,1.0,7.0,1.0,A01
201500043039,0,33,0,0.0,0.0,1.0,2.0,B01
201500043039,0,7,0,0.0,0.0,8.0,15.0,A01
201500043040,0,2,0,0.0,9.0,5.0,2.0,B01
201500043040,0,1,0,0.0,2.0,1.0,2.0,A01
201500043041,0,3,0,0.0,0.0,7.0,22.0,A01
201500043041,0,1,0,1.0,9.0,1.0,2.0,B01
201500043042,0,7,0,0.0,2.0,8.0,21.0,B01
201500043042,0,7,0,2.0,2.0,1.0,5.0,A01
201500043043,0,37,0,0.0,0.0,2.0,1.0,B01
201500043043,0,1,0,0.0,0.0,6.0,7.0,A01
201500043044,0,34,0,0.0,2.0,5.0,0.0,A01
201500043044,0,3,0,0.0,2.0,2.0,0.0,B01
201500043045,0,10,0,0.0,1.0,2.0,1.0,A01
201500043046,1,37,0,0.0,1.0,3.0,1.0,Z01
201500043047,0,99,0,0.0,0.0,7.0,24.0,A01
201500043047,0,1,0,1.0,0.0,7.0,1.0,B01
201500043048,0,31,0,12.0,0.0,8.0,2.0,A01
201500043049,0,7,0,0.0,1.0,1.0,1.0,A01
201500043050,0,30,0,0.0,2.0,8.0,1.0,B01
201500043050,0,7,0,0.0,0.0,2.0,12.0,A01
201500043051,0,7,0,0.0,2.0,2.0,16.0,B01
201500043051,0,32,0,0.0,2.0,1.0,5.0,A01
201500043052,0,10,0,0.0,1.0,4.0,4.0,A01
201500043053,0,2,0,0.0,2.0,1.0,0.0,A01
201500043053,0,7,0,0.0,2.0,3.0,0.0,B01
201500043054,0,10,0,0.0,1.0,0.0,15.0,A01
201500043055,0,7,0,0.0,1.0,3.0,2.0,A01
201500043056,0,7,0,1.0,0.0,3.0,1.0,A01
201500043057,0,7,0,0.0,0.0,1.0,2.0,A01
201500043057,0,7,0,0.0,0.0,4.0,1.0,B01
201500043058,1,7,0,0.0,1.0,8.0,0.0,Z01
201500043059,0,10,0,0.0,1.0,1.0,1.0,A01
201500043060,0,7,0,0.0,2.0,2.0,19.0,B01
201500043060,0,7,0,0.0,2.0,0.0,19.0,A01
201500043060,0,7,0,0.0,2.0,8.0,0.0,C01
201500043061,0,10,0,0.0,0.0,1.0,1.0,A01
201500043061,0,32,0,0.0,0.0,3.0,1.0,B01
201500043062,0,7,0,0.0,1.0,3.0,15.0,A01
201500043063,0,7,0,14.0,2.0,3.0,1.0,B01
201500043063,0,32,0,14.0,2.0,1.0,1.0,A01
201500043064,0,37,1,0.0,1.0,7.0,8.0,A01
201500043065,0,34,0,0.0,2.0,1.0,2.0,A01
201500043065,0,10,0,0.0,0.0,4.0,2.0,B01
201500043066,0,7,0,0.0,0.0,6.0,11.0,A01
201500043066,0,33,0,0.0,0.0,7.0,2.0,B01
201500043067,0,7,0,0.0,2.0,4.0,2.0,B01
201500043067,0,2,0,0.0,2.0,1.0,2.0,A01
201500043068,0,7,0,0.0,2.0,2.0,0.0,B01
201500043068,0,31,0,0.0,2.0,1.0,5.0,A01
201500043069,0,33,0,0.0,1.0,8.0,0.0,A01
201500043070,0,14,0,0.0,0.0,2.0,0.0,A01
201500043070,0,34,0,0.0,0.0,4.0,0.0,B01
201500043071,0,30,0,0.0,0.0,2.0,23.0,B01
201500043071,0,1,0,0.0,0.0,1.0,0.0,A01
201500043072,0,7,0,0.0,1.0,2.0,15.0,A01
201500043073,0,7,0,0.0,2.0,3.0,15.0,A01
201500043073,0,32,0,0.0,2.0,1.0,1.0,B01
201500043074,0,10,0,15.0,0.0,1.0,0.0,A01
201500043075,0,7,0,0.0,1.0,2.0,6.0,A01
201500043076,0,34,0,1.0,0.0,1.0,1.0,A01
201500043077,0,10,0,0.0,1.0,6.0,4.0,A01
201500043078,0,7,0,0.0,1.0,1.0,0.0,A01
201500043079,0,7,0,0.0,1.0,1.0,1.0,B01
201500043080,0,7,0,1.0,0.0,2.0,14.0,A01
201500043081,0,10,0,0.0,1.0,2.0,0.0,A01
201500043082,0,10,0,0.0,1.0,4.0,4.0,A01
201500043083,0,31,0,0.0,2.0,2.0,18.0,A01
201500043083,0,14,0,0.0,2.0,2.0,16.0,B01
201500043084,0,7,0,0.0,2.0,2.0,10.0,A01
201500043084,0,31,0,0.0,2.0,9.0,1.0,B01
201500043085,0,30,0,0.0,2.0,1.0,1.0,A01
201500043085,0,7,0,0.0,2.0,5.0,23.0,B01
201500043086,0,37,1,1.0,0.0,7.0,1.0,A01
201500043087,0,7,0,0.0,1.0,1.0,1.0,A01
201500043088,0,7,0,0.0,2.0,9.0,1.0,A01
201500043088,0,7,0,0.0,2.0,1.0,1.0,B01
201500043089,0,30,0,0.0,1.0,9.0,1.0,A01
201500043090,1,7,0,0.0,2.0,8.0,1.0,Z01
201500043090,0,34,0,0.0,2.0,7.0,1.0,A01
201500043091,0,7,0,0.0,1.0,1.0,1.0,A01
201500043092,0,7,0,0.0,2.0,1.0,1.0,A01
201500043092,0,7,0,0.0,0.0,0.0,1.0,B01
201500043093,0,2,0,0.0,0.0,1.0,0.0,A01
201500043093,0,7,0,0.0,0.0,1.0,0.0,B01
201500043094,0,7,0,1.0,0.0,0.0,0.0,A01
201500043095,0,7,0,0.0,1.0,1.0,1.0,A01
201500043096,0,7,0,0.0,2.0,1.0,0.0,B01
201500043096,0,10,0,0.0,2.0,7.0,15.0,A01
201500043097,0,7,0,0.0,2.0,8.0,0.0,A01
201500043097,0,14,0,0.0,2.0,5.0,0.0,B01
201500043098,0,30,0,0.0,1.0,7.0,1.0,A01
201500043099,0,33,0,0.0,2.0,4.0,12.0,A01
201500043099,0,7,0,0.0,2.0,4.0,23.0,B01
201500043100,0,7,0,0.0,0.0,7.0,0.0,A01
201500043100,0,2,0,0.0,2.0,4.0,0.0,B01
201500043101,0,3,0,0.0,2.0,2.0,1.0,B01
201500043101,0,7,0,0.0,2.0,1.0,9.0,A01
201500043102,0,7,0,0.0,1.0,2.0,0.0,A01
201500043103,0,7,0,0.0,0.0,9.0,0.0,B01
201500043103,0,7,0,0.0,2.0,4.0,1.0,C01
201500043103,0,7,0,0.0,0.0,1.0,0.0,A01
201500043104,2,7,0,8.0,0.0,1.0,1.0,A01
201500043105,1,7,0,0.0,0.0,0.0,15.0,Z01
201500043105,0,34,0,0.0,2.0,2.0,1.0,B01
201500043106,0,7,0,0.0,2.0,5.0,1.0,B01
201500043106,0,33,0,1.0,0.0,1.0,0.0,A01
201500043107,0,7,0,0.0,9.0,1.0,1.0,A01
201500043107,0,1,0,1.0,2.0,4.0,19.0,B01
201500043108,0,7,0,0.0,0.0,6.0,0.0,A01
201500043108,0,2,0,0.0,0.0,1.0,0.0,B01
201500043109,0,32,0,0.0,2.0,8.0,1.0,B01
201500043109,0,7,0,0.0,2.0,2.0,15.0,A01
201500043110,0,7,0,0.0,2.0,2.0,0.0,A01
201500043110,0,31,0,0.0,2.0,1.0,0.0,B01
201500043111,0,13,0,0.0,1.0,0.0,1.0,A01
201500043112,0,7,0,0.0,1.0,3.0,1.0,A01
201500043113,0,7,0,0.0,9.0,3.0,15.0,A01
201500043113,0,31,0,0.0,2.0,1.0,1.0,B01
201500043114,0,7,0,1.0,0.0,1.0,1.0,A01
201500043115,0,7,0,1.0,2.0,2.0,1.0,A01
201500043115,0,7,0,0.0,0.0,7.0,0.0,C01
201500043115,0,7,0,0.0,2.0,3.0,1.0,B01
201500043116,0,7,0,0.0,2.0,3.0,0.0,A01
201500043116,0,33,0,0.0,2.0,6.0,0.0,B01
201500043117,0,7,0,0.0,1.0,7.0,17.0,A01
201500043118,0,30,0,0.0,2.0,1.0,17.0,A01
201500043118,0,7,0,0.0,2.0,3.0,10.0,B01
201500043119,0,10,0,0.0,0.0,8.0,0.0,A01
201500043119,0,33,0,0.0,0.0,2.0,0.0,B01
201500043120,0,7,0,0.0,2.0,1.0,1.0,B01
201500043120,0,7,0,0.0,2.0,8.0,15.0,A01
201500043121,0,7,0,0.0,9.0,4.0,23.0,B01
201500043121,0,30,0,1.0,0.0,1.0,1.0,A01
201500043122,0,7,0,8.0,0.0,1.0,0.0,A01
201500043123,0,7,0,0.0,0.0,1.0,0.0,A01
201500043124,0,7,0,0.0,0.0,4.0,0.0,A01
201500043124,0,10,0,0.0,0.0,1.0,0.0,B01
201500043125,0,7,0,0.0,2.0,4.0,11.0,B01
201500043125,0,7,0,0.0,2.0,1.0,1.0,A01
201500043126,0,7,0,0.0,2.0,1.0,11.0,A01
201500043126,0,7,0,0.0,2.0,4.0,0.0,B01
201500043127,0,7,0,0.0,2.0,3.0,10.0,A01
201500043127,0,33,0,0.0,2.0,1.0,1.0,B01
201500043128,0,33,0,0.0,2.0,8.0,1.0,B01
201500043128,0,7,0,8.0,2.0,1.0,1.0,A01
201500043129,0,2,0,0.0,0.0,1.0,0.0,A01
201500043129,0,1,0,0.0,2.0,0.0,19.0,B01
201500043130,0,7,0,0.0,2.0,1.0,1.0,A01
201500043130,0,10,0,0.0,2.0,4.0,23.0,B01
201500043131,0,2,0,0.0,1.0,1.0,0.0,A01
201500043132,0,7,0,0.0,1.0,2.0,0.0,A01
201500043133,0,7,0,0.0,2.0,1.0,1.0,A01
201500043133,0,7,0,0.0,2.0,1.0,1.0,C01
201500043133,0,1,0,0.0,2.0,1.0,1.0,B01
201500043134,0,1,0,0.0,2.0,7.0,0.0,A01
201500043134,0,7,0,0.0,9.0,3.0,0.0,B01
201500043135,0,7,0,2.0,0.0,0.0,0.0,A01
201500043136,0,7,0,0.0,2.0,3.0,1.0,A01
201500043136,0,7,0,0.0,2.0,1.0,1.0,B01
201500043137,0,33,0,0.0,0.0,7.0,0.0,B01
201500043137,0,7,0,0.0,0.0,3.0,11.0,A01
201500043138,0,33,0,0.0,2.0,7.0,0.0,A01
201500043138,0,30,0,0.0,2.0,8.0,0.0,B01
201500043139,0,7,0,0.0,2.0,1.0,1.0,A01
201500043139,0,7,0,0.0,2.0,4.0,23.0,B01
201500043140,0,7,0,0.0,2.0,1.0,0.0,A01
201500043140,0,7,0,0.0,2.0,4.0,0.0,B01
201500043141,0,30,0,0.0,2.0,1.0,1.0,B01
201500043141,2,34,0,0.0,2.0,1.0,1.0,Z01
201500043142,0,7,0,0.0,2.0,1.0,16.0,A01
201500043142,0,1,0,0.0,2.0,1.0,19.0,B01
201500043143,0,7,0,0.0,1.0,1.0,1.0,A01
201500043144,0,7,0,8.0,2.0,2.0,1.0,A01
201500043144,0,37,0,0.0,2.0,3.0,13.0,B01
201500043145,0,7,0,0.0,0.0,3.0,0.0,A01
201500043145,0,7,0,0.0,0.0,3.0,0.0,B01
201500043146,0,7,0,0.0,1.0,0.0,1.0,A01
201500043147,0,7,0,0.0,2.0,1.0,1.0,A01
201500043147,0,7,0,0.0,2.0,3.0,16.0,B01
201500043148,0,7,0,0.0,1.0,1.0,1.0,A01
201500043149,0,7,0,0.0,2.0,3.0,15.0,A01
201500043149,0,34,0,1.0,2.0,2.0,2.0,B01
201500043150,0,30,0,8.0,0.0,2.0,0.0,A01
201500043151,0,7,0,0.0,2.0,7.0,10.0,A01
201500043151,0,33,0,0.0,2.0,8.0,1.0,B01
201500043152,0,33,0,0.0,1.0,1.0,17.0,A01
201500043153,0,7,0,0.0,2.0,0.0,15.0,A01
201500043153,0,1,0,0.0,2.0,0.0,1.0,B01
201500043154,0,7,0,0.0,1.0,2.0,1.0,A01
201500043155,0,2,0,0.0,2.0,1.0,1.0,B01
201500043155,0,7,0,0.0,2.0,5.0,12.0,A01
201500043156,0,7,0,0.0,1.0,1.0,1.0,A01
201500043157,0,10,0,0.0,2.0,3.0,10.0,A01
201500043157,0,7,0,0.0,2.0,2.0,1.0,B01
201500043158,0,7,0,0.0,2.0,3.0,15.0,B01
201500043158,0,2,0,0.0,2.0,2.0,3.0,A01
201500043159,0,7,0,0.0,2.0,3.0,15.0,B01
201500043159,0,2,0,0.0,2.0,2.0,3.0,A01
201500043160,0,10,0,0.0,0.0,4.0,23.0,B01
201500043160,0,10,0,0.0,2.0,1.0,0.0,A01
201500043160,0,7,0,0.0,0.0,4.0,23.0,C01
201500043161,0,7,0,0.0,2.0,3.0,1.0,B01
201500043161,0,7,0,0.0,2.0,3.0,13.0,A01
201500043162,0,7,0,0.0,0.0,8.0,1.0,B01
201500043162,0,3,0,0.0,2.0,1.0,13.0,A01
201500043163,0,7,0,0.0,2.0,8.0,22.0,A01
201500043163,0,1,0,1.0,0.0,7.0,3.0,Z01
201500043164,0,33,0,0.0,2.0,8.0,2.0,B01
201500043164,0,7,0,0.0,2.0,2.0,9.0,A01
201500043165,0,7,0,0.0,0.0,3.0,13.0,A01
201500043165,0,7,0,0.0,0.0,3.0,1.0,B01
201500043166,0,2,0,0.0,1.0,1.0,1.0,A01
201500043167,1,7,0,0.0,1.0,2.0,0.0,A01
201500043168,0,7,0,0.0,0.0,6.0,15.0,A01
201500043168,0,99,0,0.0,0.0,4.0,4.0,B01
201500043169,0,33,0,0.0,1.0,1.0,17.0,A01
201500043170,0,33,0,0.0,2.0,2.0,17.0,B01
201500043170,0,7,0,0.0,2.0,8.0,15.0,A01
201500043171,0,7,0,0.0,2.0,1.0,2.0,A01
201500043171,0,10,0,0.0,2.0,6.0,2.0,B01
201500043172,0,7,0,0.0,2.0,1.0,11.0,A01
201500043172,0,7,0,0.0,0.0,4.0,23.0,B01
201500043173,0,7,0,0.0,1.0,2.0,15.0,A01
201500043174,0,7,0,0.0,1.0,2.0,1.0,A01
201500043175,0,7,0,0.0,1.0,6.0,4.0,A01
201500043176,0,30,0,0.0,2.0,1.0,0.0,B01
201500043176,0,10,0,12.0,2.0,6.0,23.0,C01
201500043176,0,10,0,0.0,2.0,2.0,11.0,A01
201500043177,0,7,0,0.0,1.0,3.0,1.0,A01
201500043178,0,7,0,0.0,1.0,3.0,0.0,A01
201500043179,0,1,0,0.0,2.0,4.0,15.0,B02
201500043179,0,10,0,0.0,2.0,3.0,15.0,A01
201500043180,0,31,0,0.0,0.0,1.0,1.0,A01
201500043180,0,7,0,0.0,0.0,5.0,1.0,B01
201500043181,0,7,0,0.0,2.0,1.0,1.0,A01
201500043181,0,7,0,0.0,2.0,6.0,1.0,B01
201500043182,0,7,0,0.0,1.0,2.0,2.0,A01
201500043183,0,7,0,0.0,0.0,1.0,4.0,A01
201500043183,0,1,0,0.0,0.0,0.0,0.0,B01
201500043184,0,7,0,0.0,1.0,7.0,15.0,A01
201500043185,0,1,0,0.0,2.0,1.0,16.0,A01
201500043185,0,1,0,0.0,2.0,1.0,15.0,B01
201500043186,0,32,0,0.0,2.0,8.0,1.0,B01
201500043186,0,30,0,0.0,2.0,8.0,5.0,A01
201500043187,0,10,0,0.0,1.0,4.0,4.0,A01
201500043188,0,30,0,1.0,0.0,1.0,2.0,A01
201500043189,0,7,0,0.0,9.0,5.0,23.0,B01
201500043189,0,1,0,0.0,0.0,3.0,18.0,A01
201500043190,0,7,0,1.0,0.0,3.0,2.0,A01
201500043191,0,2,0,14.0,2.0,1.0,17.0,A01
201500043191,0,7,0,0.0,2.0,4.0,23.0,B01
201500043192,0,10,0,0.0,0.0,0.0,16.0,A01
201500043192,0,30,0,0.0,0.0,8.0,16.0,B01
201500043193,0,7,0,0.0,2.0,1.0,1.0,A01
201500043193,0,7,0,0.0,2.0,4.0,23.0,B01
201500043194,0,7,0,0.0,2.0,1.0,15.0,A01
201500043194,0,2,0,0.0,2.0,1.0,1.0,B01
201500043195,0,7,0,0.0,1.0,2.0,0.0,A01
201500043196,0,10,0,0.0,2.0,4.0,2.0,B01
201500043196,0,30,0,0.0,2.0,1.0,2.0,A01
201500043197,0,7,0,0.0,1.0,8.0,1.0,A01
201500043198,0,7,0,0.0,1.0,3.0,15.0,A01
201500043199,0,34,0,0.0,2.0,3.0,1.0,B01
201500043199,0,7,0,0.0,2.0,2.0,15.0,A01
201500043200,0,34,0,0.0,2.0,1.0,1.0,B01
201500043200,0,7,0,0.0,2.0,2.0,15.0,A01
201500043201,0,1,0,0.0,1.0,1.0,1.0,A01
201500043202,0,7,0,0.0,1.0,2.0,2.0,A01
201500043203,0,7,0,0.0,2.0,1.0,2.0,A01
201500043203,0,7,0,0.0,0.0,4.0,2.0,B01
201500043204,0,38,0,0.0,1.0,1.0,1.0,A01
201500043205,0,2,0,0.0,2.0,1.0,2.0,B01
201500043205,0,7,0,0.0,0.0,6.0,10.0,A01
201500043206,0,7,0,0.0,1.0,2.0,1.0,A01
201500043207,0,1,0,0.0,2.0,4.0,2.0,B01
201500043207,0,7,0,0.0,2.0,7.0,2.0,A01
201500043208,0,7,0,0.0,2.0,1.0,0.0,A01
201500043208,0,7,0,0.0,0.0,3.0,0.0,B01
201500043209,0,10,0,0.0,2.0,1.0,2.0,A01
201500043209,0,7,0,0.0,0.0,4.0,2.0,B01
201500043210,0,2,0,0.0,1.0,1.0,2.0,A01
201500043211,0,7,0,0.0,0.0,1.0,0.0,A01
201500043211,0,34,0,0.0,0.0,0.0,0.0,B01
201500043212,0,32,0,0.0,1.0,1.0,2.0,A01
201500043213,0,7,0,0.0,2.0,2.0,15.0,A01
201500043213,0,30,0,0.0,2.0,1.0,0.0,B01
201500043214,0,32,0,0.0,2.0,1.0,0.0,A01
201500043214,0,7,0,0.0,2.0,4.0,2.0,B01
201500043215,0,7,0,0.0,2.0,3.0,10.0,A01
201500043215,0,33,0,0.0,2.0,1.0,3.0,B01
201500043216,0,2,0,0.0,2.0,2.0,1.0,A01
201500043216,0,7,0,0.0,2.0,3.0,9.0,B01
201500043217,0,7,0,0.0,2.0,4.0,23.0,A01
201500043217,0,7,0,0.0,2.0,1.0,2.0,B01
201500043218,0,7,0,0.0,2.0,8.0,15.0,A01
201500043218,0,31,0,0.0,2.0,7.0,17.0,B01
201500043219,0,7,0,0.0,2.0,1.0,1.0,A01
201500043219,0,7,0,0.0,2.0,4.0,1.0,B01
201500043220,0,30,0,0.0,0.0,1.0,1.0,B01
201500043220,0,7,0,0.0,0.0,7.0,2.0,A01
201500043221,0,7,0,0.0,2.0,1.0,2.0,A01
201500043221,0,10,0,2.0,0.0,4.0,23.0,B01
201500043222,0,30,0,0.0,2.0,7.0,19.0,A01
201500043222,0,7,0,0.0,2.0,5.0,1.0,B01
201500043223,0,30,0,0.0,2.0,7.0,15.0,A01
201500043223,0,31,0,0.0,2.0,1.0,1.0,B01
201500043224,0,7,0,0.0,2.0,1.0,1.0,B01
201500043224,0,7,0,0.0,2.0,1.0,1.0,A01
201500043225,0,7,0,1.0,0.0,1.0,20.0,A01
201500043225,0,7,0,0.0,1.0,8.0,0.0,B01
201500043226,0,7,0,0.0,2.0,2.0,1.0,A01
201500043226,0,7,0,0.0,2.0,3.0,15.0,B01
201500043227,0,2,0,0.0,2.0,2.0,3.0,A01
201500043227,0,10,0,0.0,2.0,3.0,15.0,B01
201500043228,0,7,0,0.0,1.0,3.0,1.0,A01
201500043229,0,33,0,0.0,2.0,0.0,2.0,B01
201500043229,0,7,0,0.0,2.0,3.0,13.0,A01
201500043230,0,15,0,0.0,1.0,2.0,1.0,A01
201500043231,0,7,0,1.0,0.0,2.0,14.0,A01
201500043232,0,10,0,0.0,2.0,2.0,2.0,B01
201500043232,0,7,0,0.0,2.0,3.0,9.0,A01
201500043233,0,2,0,0.0,2.0,1.0,2.0,A01
201500043233,0,7,0,0.0,0.0,7.0,16.0,B01
201500043234,0,7,0,0.0,1.0,0.0,0.0,A01
201500043235,0,30,0,0.0,2.0,1.0,13.0,A01
201500043235,0,7,0,0.0,2.0,3.0,15.0,B01
201500043236,0,2,0,0.0,2.0,1.0,3.0,A01
201500043236,0,7,0,0.0,2.0,3.0,15.0,B01
201500043237,0,7,0,0.0,0.0,5.0,2.0,A01
201500043237,0,10,0,0.0,2.0,3.0,2.0,B01
201500043238,0,33,0,0.0,2.0,7.0,1.0,B01
201500043238,0,7,0,0.0,2.0,8.0,15.0,A01
201500043239,0,10,0,0.0,1.0,3.0,15.0,A01
201500043240,0,7,0,0.0,1.0,2.0,1.0,A01
201500043241,0,7,0,0.0,2.0,8.0,13.0,B01
201500043241,0,31,0,0.0,2.0,1.0,1.0,A01
201500043242,0,34,0,0.0,2.0,2.0,2.0,B01
201500043242,0,7,0,0.0,2.0,2.0,9.0,A01
201500043243,0,7,0,0.0,2.0,3.0,15.0,B02
201500043243,0,7,0,0.0,2.0,8.0,1.0,A01
201500043244,0,7,0,8.0,2.0,1.0,1.0,A01
201500043244,0,7,0,0.0,0.0,6.0,23.0,B01
201500043245,0,33,0,0.0,2.0,3.0,7.0,B01
201500043245,0,7,0,0.0,2.0,2.0,15.0,A01
201500043246,0,7,0,0.0,2.0,3.0,15.0,A01
201500043246,0,2,0,0.0,2.0,2.0,17.0,B01
201500043247,0,7,0,0.0,2.0,3.0,1.0,B01
201500043247,0,7,0,0.0,2.0,1.0,15.0,A01
201500043248,0,33,0,0.0,2.0,3.0,1.0,A01
201500043249,0,7,0,0.0,1.0,2.0,1.0,A01
201500043250,0,7,0,0.0,1.0,3.0,1.0,A01
201500043251,0,7,0,0.0,2.0,8.0,11.0,B01
201500043251,0,33,0,0.0,2.0,7.0,1.0,A01
201500043252,0,7,0,0.0,2.0,3.0,1.0,B01
201500043252,0,10,0,0.0,2.0,2.0,16.0,A01
201500043253,0,7,0,0.0,1.0,2.0,1.0,A01
201500043254,0,7,0,0.0,1.0,2.0,16.0,A01
201500043255,0,7,0,0.0,2.0,2.0,16.0,A01
201500043255,0,1,0,0.0,2.0,1.0,5.0,Z01
201500043256,0,1,0,1.0,0.0,1.0,1.0,Z01
201500043257,0,37,0,0.0,2.0,5.0,16.0,B01
201500043257,0,7,0,0.0,2.0,3.0,2.0,A01
201500043258,0,7,0,0.0,1.0,1.0,1.0,A01
201500043259,0,1,0,0.0,0.0,1.0,1.0,B01
201500043259,0,7,0,0.0,0.0,3.0,0.0,A01
201500043260,0,7,0,0.0,1.0,3.0,1.0,A01
201500043261,0,31,0,0.0,2.0,1.0,2.0,A01
201500043261,0,7,0,0.0,2.0,8.0,15.0,B01
201500043262,0,32,0,0.0,2.0,1.0,21.0,A01
201500043262,0,10,0,0.0,2.0,3.0,15.0,B01
201500043263,0,33,0,0.0,2.0,8.0,1.0,B01
201500043263,0,7,0,0.0,2.0,1.0,15.0,A01
201500043264,0,7,0,0.0,1.0,1.0,1.0,A01
201500043265,0,7,0,0.0,0.0,4.0,2.0,B01
201500043265,0,7,0,0.0,2.0,1.0,2.0,A01
201500043266,0,1,0,0.0,2.0,1.0,5.0,A01
201500043266,0,3,0,0.0,2.0,3.0,16.0,B01
201500043267,0,14,0,0.0,2.0,2.0,1.0,A01
201500043267,0,33,0,0.0,2.0,3.0,3.0,B01
201500043268,0,7,0,0.0,1.0,7.0,1.0,B01
201500043268,0,10,0,0.0,2.0,1.0,1.0,A01
201500043269,0,33,0,0.0,2.0,1.0,1.0,B01
201500043269,0,7,0,0.0,2.0,3.0,15.0,A01
201500043270,0,7,0,0.0,2.0,1.0,1.0,B01
201500043270,1,2,0,0.0,2.0,6.0,15.0,A01
201500043271,0,7,0,0.0,1.0,2.0,16.0,A01
201500043272,0,7,0,0.0,1.0,3.0,1.0,A01
201500043273,0,7,0,3.0,2.0,6.0,15.0,A01
201500043273,0,7,0,0.0,2.0,3.0,1.0,B01
201500043274,0,7,0,14.0,1.0,1.0,2.0,A01
201500043275,0,7,0,0.0,2.0,6.0,15.0,B01
201500043275,0,34,0,0.0,2.0,7.0,1.0,A01
201500043276,0,7,0,0.0,9.0,1.0,0.0,A01
201500043276,0,30,0,0.0,0.0,4.0,23.0,B01
201500043277,0,7,0,0.0,2.0,2.0,15.0,A01
201500043277,0,7,0,0.0,2.0,3.0,1.0,B01
201500043278,0,7,0,0.0,2.0,1.0,2.0,A01
201500043278,0,7,0,0.0,2.0,4.0,1.0,B01
201500043278,0,7,0,0.0,2.0,4.0,1.0,C01
201500043279,0,10,0,0.0,9.0,3.0,2.0,A01
201500043279,0,1,0,0.0,0.0,4.0,17.0,B01
201500043280,0,33,0,0.0,0.0,6.0,15.0,B01
201500043280,0,7,0,0.0,2.0,2.0,15.0,A01
201500043281,0,7,0,0.0,2.0,3.0,2.0,B01
201500043281,0,7,0,0.0,2.0,3.0,13.0,A01
201500043282,0,7,0,0.0,1.0,3.0,16.0,A01
201500043283,0,7,0,0.0,1.0,3.0,1.0,A01
201500043284,0,33,0,0.0,2.0,1.0,1.0,B01
201500043284,0,7,0,0.0,2.0,1.0,15.0,A01
201500043285,0,10,0,0.0,1.0,2.0,15.0,A01
201500043286,0,7,0,0.0,2.0,4.0,1.0,B01
201500043286,0,30,0,0.0,2.0,1.0,2.0,A01
201500043287,0,7,0,0.0,2.0,3.0,9.0,A01
201500043287,0,3,0,0.0,2.0,2.0,1.0,B01
201500043288,0,7,0,0.0,2.0,1.0,1.0,A01
201500043288,0,34,0,0.0,2.0,8.0,1.0,B01
201500043289,0,7,0,0.0,1.0,3.0,15.0,A01
201500043290,0,7,0,0.0,2.0,0.0,0.0,B01
201500043290,0,7,0,0.0,2.0,3.0,1.0,A01
201500043291,0,31,0,0.0,2.0,1.0,1.0,B01
201500043291,0,7,0,0.0,2.0,3.0,15.0,A01
201500043292,0,2,0,0.0,2.0,1.0,1.0,B01
201500043292,0,7,0,0.0,2.0,2.0,15.0,A01
201500043293,0,7,0,0.0,2.0,2.0,1.0,A01
201500043293,0,2,0,0.0,2.0,8.0,1.0,B01
201500043294,0,7,0,0.0,2.0,3.0,15.0,A01
201500043294,0,30,0,0.0,2.0,0.0,1.0,B01
201500043295,0,7,0,0.0,1.0,3.0,0.0,A01
201500043296,0,7,0,0.0,1.0,2.0,16.0,A01
201500043297,0,7,0,0.0,1.0,3.0,1.0,A01