Num_Acc,senc,catv,occutc,obs,obsm,choc,manv,num_veh
201500043298,0,2,0,0.0,2.0,3.0,0.0,A01
201500043298,0,7,0,0.0,2.0,6.0,15.0,B01
201500043299,0,7,0,0.0,1.0,1.0,2.0,A01
201500043300,0,7,0,0.0,2.0,0.0,1.0,B01
201500043300,0,7,0,0.0,2.0,8.0,1.0,A01
201500043301,0,34,0,0.0,2.0,1.0,1.0,A01
201500043301,0,7,0,0.0,2.0,1.0,1.0,B01
201500043302,0,2,0,0.0,2.0,9.0,1.0,A01
201500043302,0,7,0,0.0,2.0,1.0,1.0,B01
201500043303,0,7,0,0.0,9.0,0.0,0.0,A01
201500043303,0,1,0,0.0,2.0,1.0,1.0,B01
201500043304,0,1,0,0.0,2.0,8.0,1.0,B01
201500043304,0,7,0,0.0,2.0,0.0,1.0,A01
201500043305,0,7,0,0.0,2.0,5.0,15.0,A01
201500043305,0,33,0,0.0,2.0,1.0,1.0,B01
201500043306,0,2,0,0.0,0.0,9.0,15.0,A01
201500043307,0,7,0,0.0,2.0,1.0,1.0,A01
201500043307,0,10,0,0.0,2.0,4.0,1.0,B01
201500043308,0,7,0,0.0,2.0,3.0,1.0,B01
201500043308,0,7,0,0.0,2.0,7.0,1.0,A01
201500043309,0,33,0,1.0,0.0,2.0,21.0,A01
201500043310,0,10,0,8.0,2.0,2.0,1.0,A01
201500043310,0,33,0,0.0,2.0,1.0,0.0,B01
201500043311,0,37,0,0.0,1.0,7.0,1.0,A01
201500043312,0,32,0,0.0,2.0,0.0,1.0,A01
201500043312,0,7,0,0.0,2.0,0.0,15.0,B01
201500043313,0,7,0,0.0,1.0,7.0,2.0,A01
201500043314,0,7,0,0.0,2.0,6.0,15.0,A01
201500043314,0,33,0,0.0,2.0,1.0,17.0,B01
201500043315,0,7,0,0.0,2.0,1.0,0.0,B01
201500043315,0,7,0,0.0,2.0,1.0,1.0,A01
201500043316,0,7,0,0.0,2.0,1.0,1.0,B01
201500043316,0,7,0,8.0,2.0,7.0,1.0,A01
201500043317,0,7,0,0.0,9.0,3.0,15.0,A01
201500043317,0,1,0,0.0,2.0,0.0,0.0,B01
201500043318,0,7,0,0.0,2.0,2.0,1.0,A01
201500043318,0,7,0,12.0,2.0,3.0,0.0,B01
201500043319,0,33,0,0.0,2.0,0.0,2.0,B01
201500043319,0,7,0,0.0,2.0,2.0,1.0,A01
201500043320,0,33,0,0.0,2.0,1.0,17.0,A01
201500043320,0,7,0,0.0,2.0,6.0,15.0,B01
201500043321,0,7,0,0.0,1.0,2.0,16.0,A01
201500043322,0,7,0,0.0,2.0,2.0,15.0,A01
201500043322,0,7,0,0.0,2.0,1.0,1.0,B01
201500043323,0,33,0,0.0,2.0,0.0,1.0,A01
201500043323,0,7,0,0.0,2.0,3.0,0.0,B01
201500043324,0,7,0,0.0,1.0,1.0,2.0,A01
201500043325,0,7,0,8.0,0.0,1.0,1.0,A01
201500043326,0,10,0,0.0,2.0,2.0,9.0,A01
201500043326,0,33,0,0.0,2.0,1.0,2.0,B01
201500043327,0,7,0,0.0,2.0,3.0,1.0,B01
201500043327,0,7,0,0.0,2.0,1.0,1.0,A01
201500043328,0,7,0,0.0,1.0,0.0,1.0,A01
201500043329,0,7,0,0.0,1.0,2.0,1.0,A01
201500043330,0,1,0,0.0,2.0,1.0,1.0,B01
201500043330,0,7,0,0.0,9.0,2.0,1.0,A01
201500043331,0,2,0,1.0,2.0,2.0,17.0,A01
201500043331,0,7,0,0.0,2.0,8.0,2.0,B01
201500043332,0,33,0,0.0,2.0,1.0,1.0,B01
201500043332,0,30,0,0.0,2.0,1.0,5.0,A01
201500043333,0,1,0,0.0,1.0,0.0,16.0,A01
201500043334,0,7,0,0.0,2.0,2.0,1.0,A01
201500043334,0,33,0,0.0,2.0,1.0,1.0,B01
201500043335,0,7,0,0.0,2.0,6.0,4.0,A01
201500043335,0,33,0,0.0,2.0,1.0,1.0,B01
201500043336,0,7,0,0.0,2.0,3.0,9.0,A01
201500043336,0,3,0,0.0,2.0,2.0,2.0,B01
201500043336,0,7,0,0.0,2.0,6.0,1.0,C01
201500043336,0,7,0,0.0,2.0,8.0,1.0,D01
201500043337,0,7,0,0.0,9.0,1.0,1.0,A01
201500043337,0,1,0,0.0,2.0,0.0,1.0,B01
201500043338,0,7,0,0.0,2.0,4.0,2.0,A01
201500043338,0,33,0,0.0,2.0,1.0,2.0,B01
201500043339,0,33,0,0.0,2.0,7.0,1.0,A01
201500043339,0,7,0,0.0,2.0,1.0,13.0,B01
201500043340,0,10,0,0.0,9.0,1.0,0.0,A01
201500043340,0,1,0,0.0,2.0,0.0,0.0,B01
201500043341,0,1,0,0.0,2.0,7.0,1.0,A01
201500043341,0,7,0,0.0,2.0,1.0,1.0,B01
201500043342,0,7,0,8.0,1.0,1.0,0.0,A01
201500043343,0,7,0,0.0,0.0,0.0,0.0,A01
201500043344,0,7,0,0.0,1.0,1.0,15.0,A01
201500043345,0,7,0,0.0,2.0,3.0,15.0,A01
201500043345,0,2,0,0.0,2.0,1.0,1.0,B01
201500043346,0,1,0,0.0,2.0,1.0,0.0,A01
201500043346,0,7,0,0.0,2.0,0.0,1.0,B01
201500043347,0,34,0,0.0,2.0,1.0,2.0,A01
201500043347,0,7,0,0.0,2.0,2.0,15.0,B01
201500043348,0,1,0,0.0,2.0,1.0,1.0,A01
201500043348,0,7,0,0.0,2.0,4.0,1.0,B01
201500043349,0,7,0,0.0,2.0,2.0,1.0,A01
201500043349,0,7,0,0.0,2.0,3.0,1.0,B01
201500043350,0,7,0,0.0,2.0,8.0,15.0,A01
201500043350,0,33,0,0.0,2.0,5.0,1.0,B01
201500043351,0,7,0,1.0,0.0,1.0,1.0,A01
201500043352,0,7,0,0.0,2.0,5.0,1.0,B01
201500043352,0,33,0,0.0,2.0,1.0,1.0,A01
201500043353,0,1,0,0.0,0.0,0.0,1.0,A01
201500043354,0,7,0,0.0,2.0,1.0,1.0,A01
201500043354,0,30,0,0.0,2.0,4.0,1.0,B01
201500043355,0,7,0,0.0,2.0,8.0,1.0,B01
201500043355,0,10,0,0.0,2.0,1.0,1.0,A01
201500043356,0,37,0,0.0,1.0,7.0,1.0,A01
201500043357,0,33,0,0.0,2.0,1.0,1.0,A01
201500043357,0,7,0,8.0,2.0,1.0,1.0,B01
201500043358,0,32,0,0.0,2.0,1.0,1.0,B01
201500043358,0,7,0,0.0,2.0,1.0,10.0,A01
201500043359,0,7,0,0.0,2.0,1.0,15.0,A01
201500043359,0,32,0,0.0,2.0,0.0,0.0,B01
201500043360,0,7,0,0.0,2.0,3.0,10.0,A01
201500043360,0,33,0,0.0,2.0,3.0,2.0,B01
201500043361,0,7,0,0.0,2.0,4.0,23.0,B01
201500043361,0,7,0,0.0,2.0,4.0,23.0,C01
201500043361,0,7,0,0.0,2.0,1.0,2.0,A01
201500043362,0,30,0,0.0,2.0,1.0,1.0,A01
201500043362,0,7,0,0.0,2.0,3.0,1.0,B01
201500043363,0,7,0,0.0,2.0,3.0,2.0,B01
201500043363,0,7,0,0.0,1.0,5.0,1.0,A01
201500043364,0,7,0,0.0,1.0,1.0,15.0,A01
201500043365,0,7,0,0.0,0.0,6.0,1.0,B01
201500043365,0,2,0,0.0,2.0,1.0,1.0,A01
201500043366,0,7,0,0.0,1.0,2.0,1.0,A01
201500043367,0,10,0,0.0,2.0,1.0,2.0,A01
201500043367,0,33,0,0.0,2.0,8.0,9.0,B01
201500043368,0,2,0,0.0,0.0,1.0,14.0,A01
201500043369,0,7,0,0.0,2.0,1.0,2.0,A01
201500043369,0,7,0,0.0,0.0,4.0,23.0,B01
201500043370,0,7,0,0.0,2.0,1.0,1.0,A01
201500043370,0,7,0,0.0,2.0,3.0,15.0,B01
201500043371,0,7,0,0.0,2.0,6.0,10.0,A01
201500043371,0,30,0,0.0,2.0,1.0,1.0,B01
201500043372,0,10,0,0.0,2.0,1.0,2.0,A01
201500043372,0,7,0,0.0,0.0,8.0,1.0,B01
201500043373,0,7,0,0.0,2.0,3.0,0.0,B01
201500043373,0,7,0,0.0,2.0,1.0,17.0,A01
201500043374,0,10,0,0.0,1.0,2.0,1.0,A01
201500043375,0,7,0,0.0,1.0,3.0,1.0,A01
201500043376,0,33,0,14.0,2.0,3.0,21.0,A01
201500043376,0,7,0,0.0,0.0,5.0,15.0,B01
201500043377,0,1,0,1.0,0.0,1.0,1.0,B01
201500043377,0,7,0,0.0,2.0,3.0,22.0,A01
201500043378,0,7,0,0.0,2.0,1.0,2.0,A01
201500043378,0,33,0,0.0,0.0,6.0,15.0,B01
201500043379,0,7,0,0.0,2.0,3.0,1.0,B01
201500043379,0,7,0,0.0,2.0,2.0,1.0,A01
201500043380,0,7,0,0.0,1.0,1.0,1.0,A01
201500043381,0,33,0,0.0,2.0,2.0,17.0,B01
201500043381,0,7,0,0.0,2.0,6.0,23.0,A01
201500043382,0,7,0,0.0,2.0,1.0,1.0,A01
201500043382,0,7,0,0.0,2.0,4.0,2.0,B01
201500043383,0,7,0,1.0,2.0,7.0,1.0,A01
201500043383,0,7,0,0.0,2.0,1.0,1.0,B01
201500043384,0,7,0,0.0,1.0,5.0,1.0,A01
201500043385,0,30,0,0.0,2.0,0.0,0.0,A01
201500043385,0,10,0,0.0,2.0,0.0,15.0,B01
201500043386,0,2,0,0.0,2.0,0.0,21.0,B01
201500043386,0,7,0,0.0,2.0,0.0,1.0,A01
201500043387,0,7,0,0.0,1.0,3.0,0.0,A01
201500043388,0,7,0,0.0,2.0,1.0,1.0,A01
201500043388,0,7,0,0.0,2.0,8.0,1.0,B01
201500043389,0,7,0,0.0,1.0,1.0,2.0,A01
201500043390,0,7,0,0.0,1.0,2.0,2.0,A01
201500043391,0,7,0,0.0,1.0,0.0,15.0,A01
201500043392,0,7,0,0.0,2.0,1.0,1.0,A01
201500043392,0,7,0,0.0,2.0,4.0,1.0,B01
201500043393,0,7,0,0.0,1.0,3.0,15.0,A01
201500043394,0,7,0,0.0,1.0,3.0,15.0,A01
201500043395,0,7,0,0.0,2.0,8.0,23.0,C01
201500043395,0,33,0,0.0,2.0,4.0,2.0,A01
201500043395,0,33,0,0.0,2.0,1.0,2.0,B01
201500043396,0,33,0,0.0,0.0,7.0,1.0,A01
201500043397,0,10,0,0.0,2.0,1.0,2.0,A01
201500043397,0,1,0,0.0,2.0,0.0,0.0,B01
201500043398,0,7,0,0.0,1.0,1.0,15.0,A01
201500043399,0,7,0,0.0,1.0,3.0,15.0,A01
201500043400,0,7,0,0.0,2.0,3.0,1.0,B01
201500043400,0,30,0,0.0,2.0,1.0,1.0,A01
201500043401,0,33,0,0.0,1.0,0.0,0.0,A01
201500043402,0,7,0,0.0,2.0,4.0,15.0,B01
201500043402,0,7,0,0.0,2.0,1.0,1.0,C01
201500043402,0,7,0,0.0,2.0,1.0,2.0,A01
201500043403,0,7,0,1.0,1.0,9.0,1.0,A01
201500043404,0,7,0,0.0,1.0,1.0,15.0,A01
201500043405,1,10,0,0.0,2.0,0.0,9.0,Z01
201500043405,0,31,0,0.0,2.0,7.0,1.0,B01
201500043406,0,7,0,8.0,0.0,1.0,0.0,A01
201500043407,0,2,0,0.0,2.0,4.0,1.0,B01
201500043408,0,33,0,1.0,2.0,0.0,2.0,A01
201500043408,0,7,0,0.0,2.0,2.0,10.0,B01
201500043409,0,7,0,0.0,1.0,1.0,1.0,A01
201500043410,0,33,0,0.0,2.0,0.0,1.0,B01
201500043410,0,7,0,0.0,2.0,0.0,0.0,A01
201500043411,0,2,0,0.0,0.0,0.0,0.0,A01
201500043412,0,7,0,0.0,2.0,3.0,1.0,B01
201500043412,0,7,0,0.0,2.0,2.0,15.0,A01
201500043413,0,30,0,1.0,0.0,1.0,1.0,A01
201500043414,0,7,0,6.0,0.0,1.0,15.0,A01
201500043415,0,10,0,0.0,2.0,2.0,1.0,A01
201500043415,0,10,0,0.0,2.0,3.0,16.0,B01
201500043416,1,10,0,0.0,2.0,1.0,1.0,Z01
201500043416,0,7,0,0.0,2.0,4.0,1.0,B01
201500043417,1,35,0,0.0,0.0,0.0,1.0,Z01
201500043417,0,30,0,0.0,2.0,4.0,23.0,A01
201500043417,0,7,0,0.0,2.0,4.0,23.0,B01
201500043418,1,7,0,0.0,1.0,7.0,2.0,A01
201500043419,0,2,0,11.0,0.0,1.0,1.0,A01
201500043420,0,7,0,0.0,2.0,1.0,23.0,B01
201500043420,0,7,0,9.0,2.0,1.0,14.0,A01
201500043421,0,7,0,0.0,2.0,2.0,1.0,A01
201500043421,0,2,0,0.0,2.0,1.0,1.0,B01
201500043422,1,7,0,0.0,1.0,0.0,0.0,Z01
201500043423,0,31,0,0.0,2.0,1.0,1.0,A01
201500043423,0,7,0,0.0,2.0,2.0,15.0,B01
201500043424,1,7,0,0.0,1.0,1.0,0.0,Z01
201500043425,0,2,0,1.0,0.0,0.0,0.0,A01
201500043426,0,7,0,8.0,0.0,1.0,1.0,A01
201500043427,0,7,0,0.0,2.0,2.0,15.0,A01
201500043427,0,7,0,0.0,2.0,1.0,1.0,B01
201500043428,0,7,0,0.0,2.0,7.0,1.0,A01
201500043428,0,37,3,0.0,2.0,1.0,1.0,B01
201500043429,0,37,1,0.0,2.0,4.0,1.0,B01
201500043429,0,7,0,0.0,2.0,1.0,2.0,A01
201500043430,0,7,0,0.0,2.0,8.0,15.0,B01
201500043430,2,7,0,0.0,2.0,1.0,1.0,A01
201500043431,0,30,0,0.0,2.0,1.0,0.0,A01
201500043431,0,7,0,0.0,2.0,3.0,0.0,B01
201500043432,0,7,0,0.0,2.0,3.0,0.0,A01
201500043432,0,7,0,0.0,2.0,3.0,1.0,B01
201500043433,0,7,0,0.0,2.0,6.0,23.0,B01
201500043433,0,7,0,0.0,2.0,4.0,23.0,C01
201500043433,0,33,0,0.0,2.0,9.0,2.0,A01
201500043434,0,7,0,0.0,1.0,0.0,0.0,A01
201500043435,0,7,0,0.0,1.0,0.0,1.0,A01
201500043436,0,7,0,0.0,2.0,8.0,1.0,B01
201500043436,0,37,50,0.0,2.0,1.0,1.0,A01
201500043437,0,10,0,0.0,1.0,4.0,4.0,A01
201500043438,0,7,0,0.0,0.0,0.0,0.0,A01
201500043439,0,2,0,0.0,0.0,0.0,0.0,A01
201500043440,0,7,0,4.0,0.0,3.0,0.0,A01
201500043441,0,7,0,0.0,1.0,1.0,1.0,A01
201500043442,0,7,0,0.0,2.0,1.0,13.0,A01
201500043442,0,7,0,0.0,2.0,8.0,2.0,B01
201500043443,0,32,0,0.0,2.0,1.0,1.0,B01
201500043443,0,7,0,0.0,2.0,2.0,15.0,A01
201500043444,0,7,0,0.0,2.0,1.0,1.0,A01
201500043444,0,7,0,0.0,2.0,2.0,15.0,B01
201500043445,0,7,0,0.0,1.0,1.0,1.0,A01
201500043446,0,7,0,14.0,0.0,3.0,1.0,A01
201500043447,0,33,0,0.0,2.0,1.0,2.0,A01
201500043447,0,7,0,0.0,2.0,4.0,23.0,B01
201500043448,1,33,0,0.0,0.0,1.0,2.0,A01
201500043449,0,33,0,0.0,0.0,7.0,1.0,A01
201500043450,0,7,0,0.0,2.0,1.0,3.0,A01
201500043450,0,7,0,0.0,0.0,8.0,6.0,B01
201500043451,0,7,0,0.0,2.0,4.0,1.0,B01
201500043451,0,7,0,0.0,2.0,4.0,1.0,C01
201500043451,0,7,0,0.0,2.0,1.0,17.0,A01
201500043452,0,30,0,0.0,1.0,3.0,7.0,A01
201500043453,0,7,0,0.0,2.0,5.0,6.0,A01
201500043453,0,34,0,0.0,2.0,1.0,1.0,B01
201500043454,0,33,0,0.0,1.0,2.0,3.0,A01
201500043455,0,7,0,0.0,2.0,4.0,1.0,B01
201500043455,0,7,0,0.0,2.0,9.0,2.0,A01
201500043455,0,33,0,0.0,2.0,1.0,2.0,C01
201500043456,0,7,0,0.0,2.0,3.0,1.0,B01
201500043456,0,7,0,0.0,2.0,1.0,17.0,A01
201500043457,0,7,0,0.0,1.0,1.0,1.0,A01
201500043458,0,33,0,15.0,1.0,1.0,0.0,A01
201500043459,0,7,0,0.0,2.0,5.0,12.0,A01
201500043459,0,33,0,0.0,2.0,1.0,1.0,B01
201500043460,0,7,0,0.0,2.0,1.0,1.0,B01
201500043460,0,7,0,0.0,2.0,3.0,1.0,A01
201500043461,0,7,0,0.0,2.0,1.0,2.0,A01
201500043461,0,7,0,0.0,0.0,4.0,23.0,B01
201500043462,0,7,0,0.0,0.0,2.0,2.0,A01
201500043462,0,10,0,0.0,0.0,8.0,10.0,B01
201500043463,0,7,0,0.0,0.0,3.0,1.0,A01
201500043463,0,7,0,0.0,0.0,3.0,2.0,B01
201500043464,0,10,0,0.0,1.0,1.0,2.0,A01
201500043465,0,7,0,9.0,0.0,3.0,1.0,A01
201500043466,0,7,0,0.0,2.0,6.0,23.0,C01
201500043466,0,7,0,0.0,2.0,8.0,1.0,D01
201500043466,0,7,0,0.0,2.0,9.0,23.0,B01
201500043466,0,7,0,0.0,2.0,1.0,2.0,A01
201500043467,0,7,0,0.0,2.0,1.0,1.0,A01
201500043467,0,7,0,0.0,2.0,3.0,1.0,B01
201500043468,0,7,0,1.0,0.0,9.0,13.0,A01
201500043469,0,7,0,0.0,1.0,3.0,15.0,A01
201500043470,0,7,0,0.0,0.0,0.0,0.0,B01
201500043470,0,7,0,0.0,0.0,0.0,0.0,A01
201500043470,0,37,0,0.0,0.0,0.0,0.0,C01
201500043471,0,7,0,0.0,1.0,1.0,1.0,A01
201500043472,0,1,0,0.0,0.0,0.0,0.0,A01
201500043473,0,7,0,1.0,0.0,2.0,1.0,A01
201500043474,0,7,0,0.0,2.0,6.0,1.0,B01
201500043474,0,7,0,0.0,2.0,6.0,1.0,C01
201500043474,2,7,0,0.0,2.0,1.0,1.0,A01
201500043475,0,10,0,0.0,1.0,8.0,1.0,A01
201500043476,0,7,0,0.0,0.0,5.0,1.0,B01
201500043476,0,7,0,0.0,2.0,3.0,2.0,A01
201500043477,0,7,0,0.0,1.0,1.0,1.0,A01
201500043478,0,7,0,0.0,1.0,1.0,1.0,A01
201500043479,0,3,0,0.0,2.0,3.0,17.0,A01
201500043479,0,3,0,0.0,2.0,3.0,1.0,B01
201500043480,0,7,0,0.0,2.0,1.0,17.0,A01
201500043480,0,7,0,0.0,2.0,3.0,15.0,B01
201500043481,0,7,0,0.0,1.0,2.0,2.0,A01
201500043482,0,33,0,11.0,0.0,1.0,1.0,A01
201500043483,0,33,0,15.0,0.0,1.0,1.0,A01
201500043484,0,7,0,0.0,1.0,1.0,2.0,A01
201500043485,0,7,0,0.0,2.0,1.0,2.0,A01
201500043485,0,33,0,0.0,0.0,2.0,2.0,B01
201500043486,0,7,0,0.0,2.0,1.0,0.0,A01
201500043486,0,34,0,0.0,2.0,3.0,1.0,B01
201500043487,0,7,0,0.0,2.0,3.0,1.0,C01
201500043487,0,7,0,0.0,0.0,3.0,0.0,A01
201500043487,0,7,0,1.0,0.0,1.0,1.0,B01
201500043488,0,7,0,0.0,0.0,4.0,0.0,B01
201500043488,0,7,0,0.0,2.0,1.0,1.0,A01
201500043489,0,7,0,0.0,2.0,3.0,0.0,B01
201500043489,0,7,0,0.0,2.0,1.0,1.0,A01
201500043490,0,7,0,0.0,2.0,1.0,2.0,A01
201500043490,0,13,0,0.0,2.0,1.0,1.0,B01
201500043490,0,7,0,0.0,0.0,1.0,1.0,C01
201500043491,0,7,0,0.0,1.0,2.0,1.0,A01
201500043492,0,7,0,0.0,2.0,7.0,15.0,A01
201500043492,0,33,0,0.0,2.0,1.0,18.0,B01
201500043493,0,15,0,0.0,9.0,2.0,16.0,A01
201500043493,0,1,0,0.0,2.0,3.0,1.0,B01
201500043494,0,7,0,0.0,2.0,1.0,17.0,B01
201500043494,0,7,0,0.0,2.0,8.0,15.0,A01
201500043495,0,7,0,0.0,2.0,1.0,1.0,A01
201500043495,0,7,0,0.0,0.0,4.0,0.0,B01
201500043495,0,7,0,0.0,0.0,7.0,0.0,C01
201500043496,2,7,0,0.0,2.0,1.0,2.0,A01
201500043496,0,7,0,0.0,0.0,0.0,2.0,B01
201500043497,0,34,0,0.0,2.0,1.0,1.0,A01
201500043497,0,7,0,0.0,2.0,2.0,15.0,B01
201500043498,0,7,0,0.0,2.0,3.0,23.0,C01
201500043498,0,7,0,0.0,2.0,4.0,23.0,B01
201500043498,0,7,0,0.0,2.0,1.0,21.0,A01
201500043499,0,10,0,0.0,2.0,1.0,2.0,A01
201500043499,0,7,0,0.0,2.0,4.0,23.0,B01
201500043500,0,37,1,0.0,9.0,5.0,2.0,A01
201500043500,0,1,0,0.0,2.0,3.0,2.0,B01
201500043501,0,7,0,0.0,0.0,2.0,15.0,A01
201500043501,0,30,0,0.0,2.0,1.0,2.0,B01
201500043502,0,2,0,0.0,0.0,1.0,1.0,A01
201500043503,0,33,0,12.0,0.0,1.0,1.0,A01
201500043504,0,7,0,0.0,2.0,1.0,2.0,A01
201500043504,0,10,0,0.0,2.0,4.0,1.0,B01
201500043505,0,33,0,0.0,2.0,2.0,1.0,A01
201500043506,0,7,0,0.0,2.0,9.0,1.0,A01
201500043506,0,7,0,0.0,2.0,1.0,1.0,C01
201500043506,0,7,0,0.0,2.0,1.0,15.0,B01
201500043507,0,7,0,0.0,9.0,5.0,15.0,B01
201500043507,0,99,0,0.0,2.0,1.0,0.0,A01
201500043508,0,2,0,0.0,2.0,1.0,5.0,A01
201500043508,0,7,0,0.0,2.0,1.0,1.0,B01
201500043509,0,7,0,0.0,1.0,1.0,0.0,A01
201500043510,1,99,0,0.0,1.0,0.0,0.0,A01
201500043511,0,7,0,6.0,0.0,3.0,0.0,A01
201500043512,0,31,0,0.0,0.0,0.0,0.0,A01
201500043513,0,1,0,0.0,2.0,1.0,1.0,A01
201500043513,0,7,0,0.0,1.0,3.0,1.0,B01
201500043514,0,10,0,0.0,2.0,1.0,1.0,A01
201500043514,0,7,0,0.0,2.0,3.0,9.0,B01
201500043515,0,33,0,0.0,2.0,1.0,2.0,A01
201500043515,0,7,0,0.0,2.0,6.0,23.0,B01
201500043515,0,7,0,0.0,2.0,5.0,23.0,C01
201500043516,0,7,0,0.0,1.0,1.0,1.0,A01
201500043517,0,7,0,6.0,0.0,1.0,2.0,A01
201500043518,0,33,0,0.0,2.0,1.0,1.0,A01
201500043518,0,10,0,0.0,2.0,2.0,15.0,B01
201500043519,0,7,0,0.0,0.0,4.0,0.0,B01
201500043519,0,7,0,1.0,0.0,1.0,2.0,A01
201500043520,0,33,0,0.0,2.0,3.0,3.0,A01
201500043520,0,7,0,0.0,2.0,8.0,15.0,B01
201500043521,0,7,0,0.0,2.0,2.0,0.0,A01
201500043521,0,1,0,0.0,0.0,1.0,0.0,B01
201500043522,0,34,0,0.0,2.0,1.0,1.0,B01
201500043522,0,7,0,0.0,2.0,2.0,15.0,A01
201500043523,0,7,0,0.0,0.0,9.0,1.0,A01
201500043524,0,7,0,0.0,0.0,6.0,1.0,A01
201500043524,0,7,0,0.0,2.0,1.0,0.0,B01
201500043525,0,7,0,0.0,1.0,1.0,0.0,A01
201500043526,0,30,0,0.0,0.0,1.0,2.0,B01
201500043526,0,7,0,0.0,0.0,1.0,15.0,A01
201500043527,0,10,0,0.0,2.0,2.0,1.0,A01
201500043527,0,7,0,0.0,2.0,6.0,23.0,B01
201500043528,0,7,0,0.0,2.0,1.0,1.0,B01
201500043528,0,7,0,15.0,2.0,7.0,15.0,A01
201500043529,0,7,0,0.0,2.0,1.0,1.0,B01
201500043529,0,7,0,0.0,2.0,6.0,9.0,A01
201500043530,0,7,0,0.0,2.0,4.0,1.0,B01
201500043530,0,13,0,0.0,2.0,1.0,2.0,A01
201500043531,0,32,0,4.0,0.0,2.0,1.0,A01
201500043532,0,7,0,0.0,2.0,3.0,13.0,A01
201500043532,0,33,0,0.0,2.0,2.0,0.0,B01
201500043533,0,7,0,0.0,1.0,2.0,1.0,A01
201500043534,0,10,0,0.0,1.0,2.0,1.0,A01
201500043535,0,33,0,0.0,0.0,8.0,1.0,A01
201500043536,1,7,0,0.0,2.0,3.0,2.0,Z01
201500043536,0,31,0,0.0,0.0,7.0,2.0,A01
201500043537,0,7,0,0.0,2.0,1.0,1.0,C01
201500043537,0,7,0,0.0,2.0,1.0,6.0,A01
201500043537,0,7,0,0.0,2.0,8.0,21.0,B01
201500043538,0,2,0,0.0,0.0,7.0,1.0,A01
201500043539,0,7,0,0.0,1.0,1.0,1.0,A01
201500043540,0,33,0,0.0,0.0,0.0,1.0,A01
201500043541,0,7,0,0.0,1.0,8.0,1.0,A01
201500043542,0,33,0,0.0,2.0,1.0,1.0,B01
201500043542,0,7,0,0.0,2.0,1.0,1.0,A01
201500043543,0,31,0,0.0,0.0,1.0,1.0,A01
201500043544,0,7,0,0.0,2.0,5.0,2.0,B01
201500043544,0,7,0,0.0,2.0,3.0,2.0,A01
201500043545,0,1,0,8.0,0.0,0.0,1.0,A01
201500043546,0,7,0,0.0,0.0,0.0,2.0,A01
201500043547,0,34,0,0.0,2.0,1.0,2.0,A01
201500043547,0,7,0,0.0,2.0,4.0,1.0,B01
201500043548,0,7,0,0.0,1.0,2.0,0.0,A01
201500043549,0,30,0,0.0,2.0,3.0,11.0,A01
201500043549,0,7,0,0.0,2.0,7.0,1.0,B01
201500043550,0,1,0,0.0,2.0,1.0,0.0,B01
201500043551,0,33,0,0.0,1.0,1.0,3.0,A01
201500043552,0,7,0,0.0,2.0,1.0,1.0,A01
201500043552,0,10,0,0.0,1.0,4.0,1.0,B01
201500043553,1,33,0,0.0,1.0,1.0,1.0,Z01
201500043554,0,7,0,0.0,1.0,2.0,1.0,A01
201500043555,0,33,0,0.0,2.0,1.0,5.0,A01
201500043555,0,7,0,0.0,2.0,2.0,1.0,B01
201500043556,0,7,0,0.0,2.0,2.0,15.0,A01
201500043556,0,33,0,0.0,2.0,1.0,1.0,B01
201500043557,0,1,0,0.0,2.0,8.0,0.0,B01
201500043557,2,7,0,0.0,2.0,2.0,16.0,A01
201500043558,2,7,0,4.0,2.0,1.0,21.0,B01
201500043558,0,7,0,0.0,2.0,1.0,1.0,C01
201500043558,2,7,0,0.0,2.0,1.0,5.0,A01
201500043559,0,7,0,0.0,2.0,4.0,1.0,C01
201500043559,0,7,0,0.0,2.0,4.0,2.0,B01
201500043559,0,7,0,0.0,2.0,1.0,2.0,A01
201500043560,0,7,0,0.0,2.0,3.0,9.0,A01
201500043560,0,33,0,0.0,2.0,7.0,1.0,B01
201500043561,1,7,0,0.0,1.0,1.0,5.0,A01
201500043562,0,7,0,1.0,1.0,2.0,17.0,A01
201500043563,0,34,0,0.0,1.0,1.0,1.0,A01
201500043564,0,7,0,0.0,2.0,1.0,15.0,A01
201500043564,0,7,0,0.0,2.0,8.0,0.0,B01
201500043565,0,7,0,0.0,2.0,3.0,0.0,A01
201500043565,0,7,0,0.0,2.0,3.0,0.0,B01
201500043566,0,7,0,0.0,2.0,1.0,1.0,B01
201500043566,0,7,0,0.0,2.0,1.0,15.0,A01
201500043567,0,2,0,0.0,2.0,2.0,1.0,B01
201500043567,0,7,0,0.0,2.0,3.0,1.0,A01
201500043568,0,10,0,0.0,2.0,1.0,2.0,A01
201500043568,0,10,0,0.0,0.0,4.0,2.0,B01
201500043569,0,30,0,0.0,1.0,1.0,2.0,A01
201500043570,0,2,0,11.0,0.0,1.0,1.0,A01
201500043571,0,15,0,0.0,2.0,2.0,1.0,A01
201500043571,0,7,0,0.0,2.0,8.0,9.0,B01
201500043572,0,31,0,0.0,2.0,1.0,2.0,A01
201500043572,0,7,0,0.0,2.0,4.0,1.0,B01
201500043573,0,7,0,0.0,2.0,9.0,23.0,B01
201500043573,0,7,0,0.0,2.0,1.0,2.0,A01
201500043573,0,10,0,0.0,2.0,4.0,23.0,D01