Num_Acc,senc,catv,occutc,obs,obsm,choc,manv,num_veh
201500043573,0,7,0,0.0,2.0,9.0,23.0,C01
201500043574,0,7,0,0.0,1.0,3.0,17.0,A01
201500043575,1,2,0,0.0,1.0,0.0,0.0,A01
201500043576,0,7,0,0.0,1.0,2.0,1.0,A01
201500043577,0,33,0,0.0,2.0,1.0,15.0,B01
201500043577,0,14,0,0.0,2.0,6.0,4.0,A01
201500043578,0,7,0,0.0,1.0,3.0,15.0,A01
201500043579,0,1,0,0.0,2.0,6.0,19.0,B01
201500043579,0,30,0,0.0,2.0,0.0,9.0,A01
201500043580,0,33,0,0.0,2.0,3.0,21.0,B01
201500043580,0,7,0,0.0,2.0,1.0,15.0,A01
201500043581,0,7,0,1.0,2.0,8.0,15.0,B01
201500043581,0,7,0,1.0,2.0,1.0,1.0,A01
201500043582,0,7,0,0.0,1.0,7.0,15.0,A01
201500043583,0,7,0,0.0,2.0,5.0,17.0,A01
201500043583,0,30,0,0.0,2.0,3.0,17.0,B01
201500043584,0,2,0,0.0,2.0,1.0,2.0,A01
201500043584,0,34,0,0.0,2.0,5.0,2.0,B01
201500043585,0,7,0,0.0,2.0,4.0,0.0,A01
201500043585,0,1,0,0.0,2.0,1.0,1.0,B01
201500043586,0,32,0,0.0,1.0,1.0,1.0,A01
201500043587,0,1,0,1.0,0.0,0.0,0.0,B01
201500043587,0,34,0,0.0,2.0,8.0,22.0,A01
201500043588,0,1,0,0.0,2.0,8.0,2.0,B01
201500043588,0,10,0,0.0,2.0,5.0,9.0,A01
201500043589,0,7,0,0.0,2.0,5.0,1.0,A01
201500043589,0,7,0,0.0,2.0,2.0,1.0,B01
201500043590,0,10,0,0.0,1.0,1.0,0.0,A01
201500043591,0,2,0,0.0,0.0,0.0,0.0,A01
201500043591,0,1,0,0.0,0.0,0.0,0.0,B01
201500043592,0,7,0,0.0,1.0,3.0,15.0,A01
201500043593,2,7,0,0.0,2.0,1.0,15.0,Z01
201500043593,0,30,0,0.0,2.0,8.0,1.0,B01
201500043594,0,7,0,0.0,2.0,3.0,15.0,B01
201500043594,0,31,0,0.0,2.0,1.0,17.0,A01
201500043595,0,7,0,0.0,2.0,1.0,19.0,B01
201500043595,0,7,0,0.0,2.0,7.0,19.0,A01
201500043596,0,30,0,0.0,2.0,1.0,1.0,A01
201500043596,0,7,0,0.0,2.0,5.0,16.0,B01
201500043597,0,7,0,0.0,0.0,2.0,1.0,A01
201500043597,0,7,0,0.0,0.0,1.0,1.0,B01
201500043598,0,1,0,0.0,2.0,3.0,19.0,B01
201500043598,0,7,0,0.0,9.0,2.0,1.0,A01
201500043599,0,1,0,1.0,0.0,1.0,0.0,B01
201500043599,0,7,0,0.0,9.0,4.0,23.0,A01
201500043600,0,7,0,0.0,1.0,2.0,0.0,A01
201500043601,0,10,0,0.0,2.0,1.0,10.0,B01
201500043601,0,31,0,0.0,2.0,1.0,1.0,A01
201500043602,0,7,0,0.0,1.0,3.0,1.0,A01
201500043603,0,7,0,0.0,2.0,5.0,2.0,A01
201500043603,0,1,0,0.0,2.0,6.0,2.0,B01
201500043604,0,7,0,0.0,2.0,8.0,1.0,A01
201500043604,0,1,0,0.0,2.0,1.0,1.0,B01
201500043605,0,10,0,0.0,2.0,3.0,2.0,A01
201500043605,0,7,0,0.0,0.0,4.0,0.0,B01
201500043606,0,7,0,0.0,2.0,1.0,14.0,A01
201500043606,0,7,0,0.0,2.0,2.0,15.0,B01
201500043607,0,7,0,0.0,2.0,3.0,10.0,A01
201500043607,0,33,0,0.0,2.0,1.0,1.0,B01
201500043608,0,10,0,0.0,1.0,3.0,1.0,A01
201500043609,0,99,0,0.0,1.0,6.0,4.0,A01
201500043610,0,1,0,0.0,1.0,2.0,2.0,A01
201500043611,0,30,0,0.0,2.0,2.0,2.0,A01
201500043611,0,7,0,0.0,2.0,3.0,13.0,B01
201500043612,0,99,0,0.0,2.0,3.0,0.0,B01
201500043612,1,99,0,1.0,0.0,1.0,0.0,Z01
201500043613,0,31,0,0.0,2.0,4.0,1.0,A01
201500043613,0,7,0,0.0,0.0,0.0,23.0,B01
201500043614,0,7,0,0.0,2.0,1.0,5.0,A01
201500043614,0,7,0,0.0,2.0,1.0,1.0,B01
201500043615,0,3,0,0.0,1.0,1.0,15.0,A01
201500043616,0,7,0,0.0,1.0,1.0,16.0,A01
201500043617,0,7,0,0.0,1.0,4.0,4.0,A01
201500043618,0,33,0,0.0,2.0,3.0,1.0,B01
201500043618,0,7,0,0.0,2.0,2.0,1.0,A01
201500043619,1,99,0,0.0,2.0,0.0,10.0,A01
201500043619,0,2,0,8.0,0.0,1.0,21.0,B01
201500043620,0,3,0,0.0,2.0,8.0,10.0,A01
201500043620,0,31,0,0.0,2.0,2.0,1.0,B01
201500043621,0,34,0,0.0,2.0,2.0,2.0,A01
201500043621,0,32,0,0.0,2.0,4.0,2.0,B01
201500043622,0,34,0,0.0,0.0,0.0,21.0,B01
201500043622,0,7,0,0.0,0.0,0.0,20.0,A01
201500043623,0,2,0,0.0,1.0,0.0,0.0,A01
201500043624,0,7,0,0.0,2.0,4.0,2.0,A01
201500043624,0,2,0,0.0,2.0,1.0,2.0,B01
201500043625,0,34,0,0.0,2.0,8.0,1.0,B01
201500043625,0,7,0,0.0,2.0,7.0,16.0,A01
201500043626,0,33,0,0.0,2.0,8.0,0.0,B01
201500043626,0,7,0,0.0,2.0,3.0,15.0,A01
201500043627,0,7,0,0.0,2.0,0.0,9.0,A01
201500043627,0,31,0,0.0,0.0,0.0,1.0,B01
201500043628,0,33,0,0.0,2.0,7.0,21.0,A01
201500043628,0,7,0,0.0,2.0,3.0,20.0,B01
201500043629,0,10,0,0.0,1.0,2.0,5.0,A01
201500043630,0,2,0,0.0,2.0,1.0,2.0,B01
201500043630,0,34,0,0.0,0.0,8.0,15.0,A01
201500043631,0,33,0,0.0,2.0,1.0,0.0,B01
201500043631,0,7,0,0.0,2.0,3.0,10.0,A01
201500043632,0,1,0,0.0,2.0,1.0,2.0,A01
201500043632,0,34,0,0.0,0.0,6.0,16.0,B01
201500043633,0,7,0,0.0,1.0,4.0,4.0,A01
201500043634,0,32,0,0.0,0.0,4.0,12.0,B01
201500043634,0,34,0,0.0,2.0,2.0,1.0,A01
201500043635,0,33,0,0.0,2.0,7.0,1.0,B01
201500043635,0,7,0,0.0,2.0,3.0,9.0,A01
201500043636,0,7,0,0.0,1.0,2.0,2.0,A01
201500043637,0,7,0,0.0,2.0,3.0,15.0,A01
201500043637,0,1,0,0.0,2.0,0.0,0.0,B01
201500043638,0,7,0,0.0,2.0,1.0,2.0,A01
201500043638,0,7,0,0.0,2.0,4.0,23.0,B01
201500043639,0,99,0,0.0,2.0,3.0,1.0,B01
201500043639,0,30,0,0.0,2.0,7.0,1.0,A01
201500043640,0,7,0,0.0,2.0,3.0,10.0,A01
201500043640,0,32,0,0.0,2.0,5.0,2.0,B01
201500043641,0,31,0,0.0,0.0,8.0,0.0,A01
201500043642,0,1,0,0.0,2.0,1.0,1.0,B01
201500043642,0,7,0,1.0,2.0,3.0,22.0,A01
201500043643,1,3,0,0.0,1.0,0.0,0.0,A01
201500043644,0,7,0,0.0,1.0,2.0,1.0,A01
201500043645,1,7,0,0.0,1.0,0.0,0.0,A01
201500043646,0,7,0,0.0,1.0,2.0,16.0,A01
201500043647,0,34,0,0.0,0.0,0.0,0.0,B01
201500043647,0,7,0,1.0,0.0,3.0,16.0,A01
201500043648,0,7,0,0.0,1.0,1.0,1.0,A01
201500043649,0,7,0,2.0,0.0,9.0,14.0,A01
201500043650,0,7,0,0.0,2.0,2.0,2.0,A01
201500043650,0,7,0,0.0,2.0,8.0,9.0,B01
201500043651,0,7,0,0.0,1.0,0.0,0.0,A01
201500043651,0,7,0,0.0,0.0,0.0,0.0,B01
201500043652,0,1,0,0.0,0.0,6.0,2.0,B01
201500043652,0,7,0,0.0,2.0,2.0,15.0,A01
201500043653,0,7,0,0.0,1.0,1.0,1.0,A01
201500043654,0,1,0,0.0,2.0,4.0,2.0,B01
201500043654,1,7,0,0.0,2.0,2.0,2.0,A01
201500043655,0,7,0,0.0,2.0,6.0,2.0,B01
201500043655,0,7,0,0.0,2.0,1.0,2.0,A01
201500043656,0,7,0,0.0,0.0,1.0,2.0,A01
201500043656,0,7,0,0.0,0.0,1.0,16.0,B01
201500043657,0,14,0,0.0,2.0,1.0,2.0,A01
201500043657,0,7,0,0.0,2.0,4.0,23.0,B01
201500043658,0,7,0,0.0,1.0,1.0,1.0,A01
201500043659,0,7,0,0.0,1.0,1.0,17.0,A01
201500043660,0,7,0,0.0,2.0,1.0,9.0,A01
201500043660,0,7,0,0.0,2.0,2.0,1.0,B01
201500043661,0,7,0,0.0,2.0,2.0,15.0,A01
201500043661,0,7,0,15.0,2.0,3.0,1.0,B01
201500043662,0,7,0,0.0,1.0,6.0,4.0,A01
201500043663,0,32,0,0.0,2.0,7.0,17.0,A01
201500043663,0,7,0,0.0,2.0,3.0,15.0,B01
201500043664,0,10,0,0.0,1.0,1.0,15.0,A01
201500043665,0,7,0,0.0,2.0,3.0,15.0,A01
201500043665,0,34,0,0.0,2.0,8.0,2.0,B01
201500043666,0,33,0,0.0,2.0,1.0,1.0,B01
201500043666,0,10,0,0.0,2.0,2.0,10.0,A01
201500043667,0,7,0,0.0,1.0,0.0,0.0,A01
201500043668,0,7,0,0.0,1.0,0.0,0.0,A01
201500043669,0,7,0,0.0,0.0,8.0,10.0,A01
201500043669,0,7,0,0.0,2.0,2.0,1.0,B01
201500043670,0,2,0,0.0,1.0,8.0,1.0,A01
201500043671,0,7,0,0.0,1.0,2.0,1.0,A01
201500043672,0,7,0,0.0,0.0,4.0,1.0,C01
201500043672,0,7,0,0.0,2.0,4.0,1.0,B01
201500043672,0,14,0,0.0,2.0,1.0,1.0,A01
201500043673,0,10,0,0.0,2.0,1.0,2.0,A01
201500043673,0,7,0,0.0,0.0,4.0,15.0,B01
201500043674,0,33,0,0.0,0.0,1.0,0.0,A01
201500043674,0,7,0,0.0,0.0,0.0,0.0,B01
201500043675,0,7,0,0.0,1.0,4.0,4.0,A01
201500043676,0,7,0,0.0,1.0,3.0,1.0,A01
201500043677,0,32,0,0.0,2.0,3.0,1.0,B01
201500043677,0,7,0,0.0,2.0,2.0,19.0,A01
201500043678,0,7,0,0.0,2.0,3.0,1.0,B01
201500043678,0,30,0,0.0,2.0,1.0,1.0,A01
201500043679,0,30,0,0.0,2.0,1.0,1.0,A01
201500043680,0,7,0,0.0,2.0,1.0,1.0,A01
201500043681,0,7,0,0.0,2.0,5.0,0.0,A01
201500043681,0,7,0,0.0,2.0,1.0,0.0,B01
201500043682,0,7,0,0.0,1.0,1.0,1.0,A01
201500043683,0,7,0,0.0,2.0,1.0,1.0,A01
201500043683,0,7,0,0.0,2.0,4.0,1.0,B01
201500043684,0,32,0,0.0,2.0,1.0,1.0,A01
201500043684,0,7,0,0.0,2.0,3.0,15.0,B01
201500043685,0,7,0,0.0,1.0,2.0,1.0,A01
201500043686,0,7,0,0.0,2.0,1.0,1.0,A01
201500043686,0,7,0,0.0,2.0,6.0,1.0,B01
201500043687,0,10,0,0.0,1.0,0.0,1.0,A01
201500043688,0,7,0,0.0,2.0,1.0,15.0,A01
201500043688,0,37,0,0.0,2.0,3.0,1.0,B01
201500043689,0,7,0,0.0,2.0,4.0,23.0,B01
201500043689,0,7,0,0.0,2.0,1.0,2.0,A01
201500043690,0,33,0,0.0,2.0,1.0,1.0,B01
201500043690,0,7,0,0.0,2.0,1.0,15.0,A01
201500043691,0,7,0,0.0,2.0,3.0,20.0,B01
201500043691,0,7,0,0.0,2.0,1.0,1.0,A01
201500043692,0,7,0,0.0,1.0,1.0,1.0,A01
201500043693,0,7,0,0.0,1.0,4.0,1.0,A01
201500043694,0,7,0,0.0,1.0,3.0,1.0,A01
201500043695,0,7,0,1.0,0.0,4.0,1.0,B01
201500043695,0,7,0,0.0,2.0,1.0,1.0,A01
201500043696,0,7,0,0.0,1.0,0.0,0.0,A01
201500043697,0,7,0,0.0,2.0,6.0,10.0,A01
201500043697,0,7,0,0.0,2.0,3.0,1.0,B01
201500043698,0,7,0,0.0,1.0,1.0,1.0,A01
201500043699,0,7,0,4.0,0.0,1.0,1.0,A01
201500043700,0,33,0,0.0,0.0,0.0,1.0,A01
201500043701,0,1,0,1.0,2.0,1.0,1.0,A01
201500043701,0,7,0,0.0,2.0,8.0,1.0,B01
201500043702,0,7,0,0.0,2.0,0.0,1.0,B01
201500043702,0,7,0,0.0,2.0,5.0,1.0,A01
201500043703,0,7,0,0.0,2.0,3.0,1.0,B01
201500043703,0,30,0,0.0,2.0,1.0,13.0,A01
201500043704,0,7,0,0.0,2.0,1.0,1.0,A01
201500043704,0,7,0,0.0,2.0,4.0,0.0,B01
201500043705,1,7,0,1.0,1.0,2.0,20.0,A01
201500043706,0,7,0,0.0,2.0,3.0,1.0,A01
201500043706,0,34,0,0.0,2.0,1.0,0.0,B01
201500043707,0,33,0,0.0,2.0,6.0,1.0,B01
201500043708,0,7,0,0.0,1.0,3.0,1.0,A01
201500043709,1,99,0,0.0,1.0,1.0,1.0,A01
201500043710,0,32,0,0.0,2.0,1.0,2.0,A01
201500043710,0,7,0,0.0,2.0,3.0,2.0,B01
201500043711,0,7,0,0.0,1.0,0.0,1.0,A01
201500043712,0,7,0,0.0,0.0,1.0,2.0,A01
201500043712,0,7,0,0.0,0.0,4.0,2.0,B01
201500043713,0,7,0,1.0,1.0,2.0,2.0,A01
201500043714,0,7,0,11.0,0.0,1.0,1.0,A01
201500043715,0,30,0,0.0,0.0,1.0,0.0,A01
201500043715,0,7,0,0.0,0.0,1.0,1.0,B01
201500043716,0,7,0,0.0,1.0,3.0,1.0,A01
201500043717,0,7,0,0.0,1.0,2.0,21.0,A01
201500043718,0,7,0,0.0,1.0,2.0,15.0,A01
201500043719,0,30,0,0.0,2.0,1.0,17.0,A01
201500043719,0,7,0,0.0,2.0,8.0,15.0,B01
201500043720,0,2,0,0.0,0.0,0.0,0.0,A01
201500043721,0,7,0,0.0,2.0,3.0,15.0,A01
201500043721,0,33,0,0.0,2.0,1.0,1.0,B01
201500043722,0,10,0,0.0,1.0,3.0,16.0,A01
201500043723,0,33,0,0.0,0.0,0.0,1.0,B01
201500043723,0,14,0,0.0,0.0,0.0,15.0,A01
201500043724,0,7,0,0.0,1.0,0.0,0.0,A01
201500043725,0,7,0,0.0,1.0,7.0,2.0,A01
201500043726,0,7,0,0.0,2.0,1.0,2.0,A01
201500043726,0,33,0,0.0,2.0,4.0,23.0,B01
201500043727,0,1,0,0.0,2.0,1.0,17.0,B01
201500043727,0,37,1,0.0,2.0,3.0,1.0,A01
201500043728,0,7,0,9.0,0.0,9.0,1.0,A01
201500043729,0,7,0,8.0,0.0,9.0,1.0,A01
201500043730,0,3,0,0.0,0.0,5.0,2.0,B01
201500043730,0,7,0,0.0,2.0,3.0,2.0,A01
201500043731,0,7,0,0.0,0.0,5.0,9.0,A01
201500043731,0,37,10,0.0,0.0,3.0,9.0,B01
201500043732,0,7,0,9.0,2.0,1.0,1.0,A01
201500043732,0,7,0,0.0,2.0,2.0,1.0,B01
201500043733,0,7,0,1.0,0.0,1.0,14.0,A01
201500043734,0,7,0,0.0,2.0,1.0,2.0,A01
201500043734,0,7,0,0.0,2.0,4.0,23.0,B01
201500043735,0,7,0,0.0,1.0,0.0,0.0,A01
201500043736,0,10,0,0.0,2.0,1.0,2.0,A01
201500043736,0,7,0,0.0,2.0,4.0,23.0,B01
201500043737,0,7,0,0.0,2.0,4.0,23.0,B01
201500043737,1,7,0,0.0,2.0,1.0,1.0,A01
201500043738,0,7,0,0.0,0.0,3.0,1.0,B01
201500043738,0,7,0,0.0,2.0,1.0,1.0,A01
201500043739,0,7,0,0.0,2.0,1.0,1.0,B01
201500043739,0,10,0,0.0,2.0,2.0,15.0,A01
201500043740,0,7,0,0.0,2.0,1.0,2.0,A01
201500043740,0,7,0,0.0,2.0,4.0,23.0,B01
201500043741,0,33,0,0.0,2.0,8.0,9.0,A01
201500043741,0,15,0,0.0,2.0,8.0,15.0,B01
201500043742,0,30,0,8.0,1.0,1.0,2.0,A01
201500043743,0,14,0,0.0,0.0,0.0,16.0,A01
201500043743,0,2,0,0.0,0.0,0.0,1.0,B01
201500043744,0,30,0,12.0,0.0,1.0,2.0,A01
201500043745,0,10,0,0.0,1.0,4.0,2.0,A01
201500043746,0,7,0,0.0,2.0,3.0,2.0,B01
201500043746,0,30,0,0.0,2.0,7.0,17.0,A01
201500043747,0,37,0,0.0,1.0,2.0,1.0,A01
201500043748,0,7,0,0.0,1.0,1.0,0.0,A01
201500043749,0,31,0,0.0,0.0,0.0,21.0,A01
201500043749,0,7,0,0.0,0.0,0.0,11.0,B01
201500043750,0,7,0,0.0,2.0,2.0,2.0,A01
201500043750,0,7,0,0.0,2.0,4.0,23.0,B01
201500043751,0,33,0,0.0,0.0,4.0,23.0,B01
201500043751,0,10,0,0.0,0.0,1.0,2.0,A01
201500043752,0,7,0,0.0,2.0,7.0,1.0,B01
201500043752,0,2,0,0.0,2.0,1.0,5.0,A01
201500043753,0,7,0,0.0,2.0,8.0,1.0,B01
201500043753,0,7,0,0.0,2.0,8.0,17.0,A01
201500043754,0,32,0,0.0,2.0,8.0,2.0,B01
201500043754,0,7,0,0.0,2.0,3.0,9.0,A01
201500043755,0,31,0,0.0,2.0,1.0,13.0,A01
201500043755,0,7,0,0.0,2.0,1.0,15.0,B01
201500043756,0,10,0,0.0,2.0,1.0,2.0,B01
201500043756,0,7,0,0.0,2.0,4.0,2.0,A01
201500043757,1,7,0,0.0,2.0,2.0,12.0,A01
201500043757,0,33,0,0.0,2.0,8.0,1.0,B01
201500043758,0,36,0,9.0,2.0,1.0,1.0,A01
201500043759,0,7,0,0.0,2.0,5.0,1.0,B01
201500043759,0,30,0,0.0,2.0,1.0,1.0,A01
201500043760,0,7,0,0.0,1.0,2.0,1.0,A01
201500043761,0,10,0,0.0,1.0,1.0,0.0,A01
201500043762,0,7,0,0.0,1.0,0.0,1.0,A01
201500043763,0,14,0,0.0,1.0,2.0,16.0,A01
201500043764,0,7,0,0.0,2.0,2.0,17.0,B01
201500043764,0,2,0,0.0,2.0,1.0,5.0,A01
201500043765,0,7,0,0.0,1.0,2.0,1.0,A01
201500043766,0,2,0,0.0,0.0,3.0,0.0,A01
201500043767,0,7,0,0.0,2.0,8.0,10.0,A01
201500043767,0,33,0,0.0,2.0,1.0,3.0,B01
201500043768,0,7,0,0.0,1.0,3.0,2.0,A01
201500043769,0,37,0,1.0,1.0,1.0,7.0,A01
201500043770,0,7,0,0.0,1.0,0.0,0.0,A01
201500043771,0,33,0,8.0,2.0,2.0,17.0,B01
201500043771,0,7,0,0.0,2.0,3.0,15.0,A01
201500043772,0,7,0,0.0,0.0,3.0,15.0,A01
201500043772,0,33,0,0.0,0.0,9.0,1.0,B01
201500043773,0,32,0,0.0,2.0,2.0,1.0,A01
201500043773,0,7,0,0.0,2.0,2.0,15.0,B01
201500043774,0,7,0,0.0,1.0,0.0,0.0,A01
201500043775,0,7,0,0.0,1.0,7.0,9.0,A01
201500043776,0,7,0,0.0,2.0,1.0,2.0,A01
201500043776,0,3,0,0.0,2.0,4.0,2.0,B01
201500043777,0,33,0,0.0,0.0,0.0,0.0,A01
201500043777,0,7,0,0.0,0.0,0.0,0.0,B01
201500043778,0,7,0,0.0,2.0,6.0,2.0,B01
201500043778,0,7,0,0.0,2.0,1.0,2.0,A01
201500043779,0,7,0,0.0,1.0,3.0,1.0,A01
201500043780,0,7,0,0.0,1.0,1.0,15.0,A01
201500043781,0,7,0,3.0,2.0,1.0,2.0,A01
201500043781,0,7,0,3.0,2.0,4.0,1.0,B01
201500043782,0,7,0,0.0,2.0,2.0,9.0,A01
201500043782,0,32,0,0.0,2.0,1.0,1.0,B01
201500043783,1,2,0,0.0,1.0,1.0,1.0,Z01
201500043784,0,7,0,0.0,1.0,1.0,1.0,A01
201500043785,0,7,0,0.0,1.0,3.0,1.0,A01
201500043786,0,7,0,0.0,1.0,1.0,16.0,A01
201500043787,0,14,0,0.0,1.0,1.0,1.0,A01
201500043788,0,7,0,0.0,2.0,4.0,2.0,C01
201500043788,0,7,0,0.0,2.0,1.0,1.0,A01
201500043788,0,7,0,0.0,2.0,4.0,2.0,B01
201500043789,0,7,0,0.0,2.0,6.0,15.0,B01
201500043789,0,33,0,0.0,2.0,1.0,17.0,A01
201500043790,0,33,0,0.0,2.0,8.0,1.0,B01
201500043790,0,7,0,0.0,2.0,1.0,15.0,A01
201500043791,0,33,0,0.0,2.0,7.0,1.0,B01
201500043791,0,7,0,0.0,2.0,8.0,15.0,A01
201500043792,0,7,0,0.0,1.0,1.0,15.0,A01
201500043793,0,30,0,9.0,0.0,1.0,1.0,A01
201500043794,0,34,0,0.0,2.0,1.0,1.0,A01
201500043794,0,7,0,0.0,2.0,2.0,1.0,B01
201500043795,0,30,0,11.0,0.0,1.0,1.0,A01
201500043796,0,7,0,0.0,2.0,5.0,16.0,B01
201500043796,0,34,0,0.0,2.0,1.0,16.0,A01
201500043797,0,7,0,0.0,1.0,1.0,1.0,A01
201500043798,2,7,0,0.0,2.0,1.0,1.0,A01
201500043798,0,7,0,8.0,2.0,2.0,9.0,B01
201500043799,0,7,0,0.0,2.0,1.0,1.0,A01
201500043799,0,7,0,0.0,2.0,4.0,23.0,B01
201500043800,0,7,0,0.0,1.0,1.0,1.0,A01
201500043801,0,7,0,0.0,2.0,2.0,1.0,A01
201500043801,0,7,0,0.0,2.0,6.0,12.0,B01
201500043802,0,7,0,0.0,2.0,1.0,1.0,B01
201500043802,0,7,0,0.0,2.0,8.0,1.0,C01
201500043802,0,7,0,0.0,2.0,1.0,21.0,A01
201500043803,0,37,13,3.0,0.0,1.0,1.0,A01
201500043804,0,7,0,0.0,2.0,5.0,15.0,A01
201500043804,0,30,0,0.0,2.0,1.0,1.0,B01
201500043805,1,7,0,0.0,1.0,0.0,16.0,Z01
201500043806,0,2,0,0.0,2.0,1.0,14.0,B01
201500043806,0,7,0,0.0,2.0,4.0,4.0,A01
201500043807,0,10,0,0.0,1.0,4.0,20.0,A01
201500043808,0,7,0,0.0,1.0,3.0,1.0,A01
201500043809,0,7,0,0.0,1.0,3.0,1.0,A01
201500043810,0,1,0,6.0,0.0,3.0,13.0,A01
201500043811,0,7,0,0.0,2.0,2.0,1.0,A01
201500043811,0,1,0,0.0,2.0,1.0,16.0,B01
201500043812,0,7,0,1.0,2.0,3.0,1.0,B01
201500043812,0,7,0,0.0,2.0,2.0,15.0,A01
201500043813,0,7,0,0.0,2.0,7.0,15.0,A01
201500043813,0,33,0,0.0,2.0,1.0,1.0,B01
201500043814,0,30,0,0.0,2.0,1.0,1.0,B01
201500043814,0,32,0,0.0,2.0,7.0,1.0,A01
201500043815,0,30,0,7.0,0.0,1.0,1.0,A01
201500043816,0,7,0,0.0,1.0,1.0,15.0,A01
201500043817,0,7,0,0.0,1.0,8.0,1.0,A01
201500043818,0,1,0,14.0,0.0,9.0,1.0,A01
201500043819,0,7,0,0.0,2.0,2.0,15.0,A01
201500043819,0,7,0,0.0,2.0,1.0,1.0,B01
201500043820,0,7,0,6.0,1.0,1.0,1.0,A01
201500043821,0,30,0,0.0,1.0,1.0,1.0,A01
201500043822,0,10,0,0.0,2.0,3.0,13.0,A01
201500043822,0,32,0,0.0,2.0,3.0,1.0,B01
201500043823,0,7,0,0.0,2.0,2.0,9.0,A01
201500043823,0,33,0,0.0,2.0,8.0,1.0,B01
201500043824,0,33,0,0.0,1.0,1.0,1.0,A01
201500043825,0,7,0,0.0,2.0,8.0,11.0,A01
201500043825,0,30,0,0.0,2.0,2.0,17.0,B01
201500043826,0,7,0,0.0,2.0,1.0,1.0,B01
201500043826,0,7,0,0.0,2.0,8.0,19.0,A01
201500043827,0,7,0,0.0,2.0,2.0,15.0,A01
201500043827,0,7,0,0.0,2.0,1.0,2.0,B01
201500043828,0,7,0,0.0,0.0,3.0,9.0,B01
201500043828,0,33,0,0.0,2.0,3.0,1.0,A01
201500043829,0,7,0,0.0,1.0,7.0,1.0,A01
201500043830,0,1,0,0.0,2.0,2.0,19.0,B01
201500043830,0,7,0,0.0,2.0,3.0,1.0,A01
201500043831,0,7,0,12.0,0.0,1.0,1.0,A01
201500043832,0,7,0,14.0,2.0,1.0,1.0,A01
201500043832,0,7,0,0.0,2.0,2.0,16.0,C01
201500043832,0,7,0,0.0,2.0,2.0,15.0,B01
201500043833,0,32,0,0.0,2.0,1.0,1.0,B01
201500043833,0,7,0,0.0,2.0,2.0,15.0,A01
201500043834,1,7,0,0.0,1.0,1.0,17.0,Z01
201500043835,0,7,0,0.0,2.0,1.0,17.0,B01
201500043835,0,7,0,0.0,2.0,3.0,15.0,A01
201500043836,0,33,0,0.0,2.0,8.0,16.0,A01
201500043836,0,10,0,0.0,2.0,5.0,12.0,B01
201500043837,0,31,0,0.0,2.0,7.0,3.0,A01
201500043837,0,7,0,0.0,2.0,3.0,9.0,B01
201500043838,0,7,0,0.0,2.0,7.0,1.0,A01
201500043838,0,7,0,0.0,2.0,1.0,1.0,B01
201500043839,0,30,0,0.0,2.0,7.0,1.0,A01
201500043839,0,7,0,0.0,2.0,1.0,15.0,B01
201500043840,0,7,0,0.0,1.0,1.0,1.0,A01
201500043841,0,7,0,0.0,2.0,1.0,17.0,A01
201500043841,0,1,0,0.0,2.0,8.0,1.0,B01
201500043842,0,7,0,0.0,1.0,7.0,21.0,A01
201500043843,0,33,0,0.0,2.0,1.0,17.0,A01
201500043843,0,10,0,0.0,2.0,1.0,1.0,C01
201500043843,0,7,0,0.0,2.0,3.0,11.0,B01
201500043844,0,32,0,0.0,2.0,1.0,17.0,B01
201500043844,0,7,0,0.0,2.0,3.0,9.0,A01
201500043845,0,33,0,16.0,0.0,0.0,14.0,A01
201500043846,0,34,0,0.0,1.0,1.0,1.0,A01
201500043847,1,7,0,0.0,2.0,0.0,0.0,Z01
201500043847,0,7,0,0.0,2.0,3.0,1.0,B01
201500043848,0,33,0,0.0,2.0,4.0,21.0,B01
201500043848,1,10,0,0.0,2.0,1.0,1.0,Z01
201500043849,0,33,0,0.0,2.0,1.0,2.0,A01
201500043849,0,7,0,0.0,2.0,6.0,15.0,B01
201500043850,0,7,0,0.0,2.0,4.0,2.0,B01
201500043850,0,7,0,0.0,2.0,1.0,1.0,A01
201500043851,0,31,0,0.0,2.0,1.0,1.0,B01
201500043851,0,7,0,0.0,2.0,2.0,19.0,A01
201500043852,2,7,0,6.0,0.0,2.0,13.0,A01
201500043853,0,2,0,16.0,0.0,7.0,1.0,A01
201500043854,0,7,0,0.0,2.0,1.0,1.0,B01
201500043854,0,7,0,1.0,2.0,6.0,1.0,A01
201500043855,0,34,0,1.0,2.0,1.0,3.0,A01
201500043855,0,7,0,0.0,2.0,8.0,1.0,B01
201500043856,0,7,0,0.0,1.0,3.0,1.0,A01
201500043857,1,2,0,16.0,0.0,0.0,0.0,Z01
201500043858,0,10,0,0.0,2.0,1.0,1.0,B01
201500043858,0,10,0,0.0,2.0,3.0,19.0,A01
201500043859,0,7,0,0.0,2.0,3.0,1.0,B01
201500043859,0,7,0,0.0,2.0,1.0,15.0,A01
201500043860,0,7,0,0.0,2.0,2.0,15.0,A01
201500043860,0,33,0,0.0,2.0,1.0,1.0,B01
201500043861,0,7,0,0.0,2.0,4.0,2.0,B01
201500043861,0,7,0,0.0,2.0,1.0,1.0,A01
201500043862,0,7,0,0.0,2.0,4.0,23.0,B01
201500043862,0,7,0,0.0,2.0,1.0,1.0,A01
201500043863,0,7,0,0.0,2.0,2.0,1.0,B01