Num_Acc,senc,catv,occutc,obs,obsm,choc,manv,num_veh
201500044145,0,1,0,1.0,0.0,1.0,1.0,A01
201500044145,0,7,0,0.0,2.0,4.0,23.0,B01
201500044146,0,34,0,0.0,2.0,1.0,1.0,B01
201500044146,0,7,0,0.0,2.0,3.0,15.0,A01
201500044147,0,7,0,0.0,2.0,3.0,15.0,A01
201500044147,0,2,0,0.0,2.0,1.0,1.0,B01
201500044148,0,7,0,0.0,2.0,1.0,9.0,B01
201500044148,0,7,0,0.0,2.0,3.0,1.0,A01
201500044149,0,7,0,0.0,2.0,4.0,2.0,A01
201500044149,0,7,0,0.0,2.0,1.0,1.0,B01
201500044150,0,7,0,0.0,1.0,1.0,16.0,A01
201500044151,0,7,0,0.0,1.0,1.0,16.0,A01
201500044152,0,7,0,0.0,2.0,3.0,1.0,B01
201500044152,0,7,0,0.0,2.0,3.0,15.0,A01
201500044153,0,7,0,0.0,2.0,2.0,1.0,B01
201500044153,0,7,0,0.0,2.0,3.0,19.0,A01
201500044154,0,7,0,0.0,1.0,1.0,1.0,A01
201500044155,0,7,0,1.0,0.0,1.0,1.0,A01
201500044156,0,7,0,0.0,1.0,1.0,1.0,A01
201500044157,0,10,0,0.0,1.0,1.0,16.0,A01
201500044158,0,30,0,0.0,2.0,1.0,1.0,B01
201500044158,0,7,0,0.0,2.0,1.0,13.0,A01
201500044159,0,7,0,0.0,2.0,4.0,2.0,A01
201500044159,0,13,0,0.0,2.0,1.0,1.0,B01
201500044160,0,7,0,0.0,1.0,1.0,1.0,A01
201500044161,0,7,0,0.0,1.0,1.0,1.0,A01
201500044162,0,7,0,0.0,1.0,3.0,1.0,A01
201500044163,0,33,0,0.0,2.0,4.0,2.0,B01
201500044163,0,7,0,0.0,2.0,1.0,1.0,A01
201500044163,0,7,0,0.0,2.0,2.0,1.0,C01
201500044164,0,7,0,0.0,1.0,1.0,1.0,A01
201500044165,0,7,0,0.0,1.0,1.0,1.0,A01
201500044166,0,7,0,0.0,2.0,1.0,1.0,A01
201500044166,0,7,0,0.0,2.0,8.0,16.0,B01
201500044167,0,7,0,0.0,1.0,3.0,1.0,A01
201500044168,0,2,0,0.0,2.0,1.0,1.0,A01
201500044168,0,7,0,0.0,2.0,3.0,1.0,B01
201500044169,0,7,0,0.0,2.0,8.0,15.0,A01
201500044169,1,7,0,0.0,2.0,1.0,1.0,Z01
201500044170,0,7,0,12.0,0.0,9.0,19.0,A01
201500044171,0,7,0,8.0,2.0,3.0,5.0,A01
201500044171,0,7,0,6.0,2.0,2.0,1.0,B01
201500044172,0,7,0,2.0,0.0,1.0,21.0,A01
201500044173,0,7,0,0.0,1.0,1.0,1.0,A01
201500044174,0,7,0,0.0,1.0,1.0,1.0,A01
201500044175,0,7,0,0.0,1.0,1.0,1.0,A01
201500044176,0,7,0,0.0,2.0,3.0,13.0,A01
201500044176,0,7,0,0.0,2.0,3.0,1.0,B01
201500044177,0,7,0,0.0,1.0,1.0,1.0,A01
201500044178,0,3,0,1.0,0.0,1.0,1.0,B01
201500044179,0,33,0,15.0,2.0,9.0,17.0,A01
201500044179,0,17,0,0.0,2.0,3.0,15.0,B01
201500044180,0,7,0,0.0,1.0,1.0,16.0,A01
201500044181,1,7,0,0.0,1.0,0.0,0.0,Z01
201500044182,1,7,0,0.0,1.0,0.0,0.0,Z01
201500044183,0,30,0,0.0,2.0,2.0,17.0,A01
201500044183,0,7,0,0.0,2.0,3.0,15.0,B01
201500044184,0,7,0,0.0,2.0,7.0,1.0,A01
201500044184,0,7,0,0.0,2.0,2.0,9.0,B01
201500044185,0,7,0,16.0,0.0,1.0,13.0,A01
201500044186,1,7,0,0.0,2.0,0.0,1.0,Z01
201500044186,0,7,0,0.0,2.0,4.0,2.0,A01
201500044187,0,7,0,0.0,1.0,3.0,1.0,A01
201500044188,0,31,0,0.0,2.0,3.0,1.0,A01
201500044188,0,7,0,0.0,2.0,6.0,2.0,B01
201500044189,0,7,0,0.0,2.0,1.0,23.0,B01
201500044189,0,7,0,2.0,2.0,7.0,21.0,A01
201500044190,1,7,0,0.0,0.0,0.0,0.0,Z01
201500044190,0,7,0,0.0,2.0,1.0,1.0,A01
201500044191,0,7,0,0.0,2.0,5.0,24.0,B01
201500044191,0,33,0,1.0,0.0,1.0,14.0,A01
201500044192,0,7,0,0.0,1.0,3.0,1.0,A01
201500044193,0,7,0,0.0,1.0,1.0,1.0,A01
201500044194,0,7,0,0.0,2.0,7.0,1.0,A01
201500044194,0,1,0,0.0,2.0,1.0,1.0,B01
201500044195,0,7,0,0.0,2.0,3.0,15.0,A01
201500044195,0,1,0,0.0,2.0,7.0,17.0,B01
201500044196,0,7,0,0.0,1.0,1.0,16.0,A01
201500044197,0,33,0,0.0,1.0,3.0,1.0,A01
201500044198,0,10,0,0.0,1.0,1.0,1.0,A01
201500044199,0,15,0,0.0,1.0,1.0,1.0,A01
201500044200,0,7,0,0.0,1.0,7.0,17.0,A01
201500044201,0,34,0,0.0,2.0,1.0,1.0,B01
201500044201,0,7,0,0.0,2.0,5.0,4.0,A01
201500044202,0,7,0,0.0,1.0,2.0,1.0,A01
201500044203,0,7,0,0.0,1.0,2.0,1.0,A01
201500044204,0,10,0,0.0,1.0,1.0,1.0,A01
201500044205,0,7,0,0.0,1.0,1.0,1.0,A01
201500044206,0,7,0,0.0,2.0,1.0,13.0,A01
201500044206,0,7,0,0.0,2.0,2.0,1.0,B01
201500044207,0,7,0,0.0,2.0,3.0,1.0,A01
201500044207,0,7,0,0.0,2.0,3.0,13.0,B01
201500044208,0,7,0,0.0,2.0,3.0,1.0,A01
201500044208,0,7,0,0.0,2.0,2.0,1.0,B01
201500044209,0,7,0,0.0,1.0,1.0,1.0,A01
201500044210,1,7,0,0.0,2.0,1.0,1.0,Z01
201500044210,0,1,0,0.0,2.0,2.0,1.0,A01
201500044211,0,7,0,0.0,2.0,4.0,23.0,A01
201500044211,0,7,0,0.0,2.0,1.0,1.0,B01
201500044212,0,7,0,0.0,2.0,1.0,1.0,A01
201500044212,0,7,0,7.0,2.0,7.0,15.0,B01
201500044213,0,15,0,0.0,2.0,3.0,9.0,B01
201500044213,0,7,0,0.0,2.0,2.0,1.0,A01
201500044214,0,7,0,0.0,2.0,4.0,2.0,A01
201500044214,0,7,0,0.0,0.0,1.0,1.0,B01
201500044215,0,7,0,1.0,0.0,4.0,24.0,B01
201500044215,0,7,0,1.0,0.0,4.0,24.0,C01
201500044215,0,7,0,1.0,0.0,1.0,1.0,A01
201500044216,0,7,0,15.0,2.0,7.0,1.0,B01
201500044216,0,7,0,0.0,2.0,1.0,1.0,A01
201500044217,1,33,0,0.0,2.0,1.0,1.0,A01
201500044217,0,7,0,0.0,2.0,6.0,2.0,B01
201500044218,0,7,0,0.0,2.0,4.0,2.0,B01
201500044218,0,7,0,0.0,2.0,4.0,2.0,C01
201500044218,0,7,0,0.0,2.0,4.0,23.0,A01
201500044218,0,7,0,0.0,2.0,1.0,1.0,D01
201500044219,0,2,0,11.0,0.0,3.0,6.0,A01
201500044220,0,7,0,0.0,1.0,3.0,1.0,A01
201500044221,0,7,0,0.0,2.0,9.0,2.0,C01
201500044221,0,7,0,0.0,2.0,4.0,2.0,A01
201500044221,0,7,0,0.0,2.0,1.0,1.0,B01
201500044222,0,7,0,0.0,1.0,2.0,15.0,A01
201500044223,0,33,0,0.0,2.0,1.0,1.0,B01
201500044223,0,7,0,0.0,2.0,6.0,10.0,A01
201500044224,0,7,0,0.0,1.0,1.0,1.0,A01
201500044225,0,7,0,0.0,2.0,4.0,2.0,C01
201500044225,0,7,0,0.0,2.0,1.0,2.0,B01
201500044225,0,7,0,1.0,1.0,1.0,1.0,A01
201500044226,0,2,0,0.0,2.0,3.0,3.0,B01
201500044226,0,7,0,0.0,2.0,7.0,1.0,A01
201500044227,0,33,0,0.0,2.0,1.0,1.0,B01
201500044227,0,7,0,0.0,2.0,7.0,15.0,A01
201500044228,0,2,0,0.0,2.0,1.0,1.0,A01
201500044228,0,7,0,0.0,2.0,3.0,10.0,B01
201500044229,0,7,0,0.0,1.0,2.0,1.0,A01
201500044230,0,31,0,0.0,2.0,1.0,1.0,B01
201500044230,0,7,0,0.0,2.0,2.0,15.0,A01
201500044231,0,7,0,0.0,1.0,1.0,1.0,A01
201500044232,0,7,0,0.0,2.0,8.0,11.0,A01
201500044232,0,7,0,0.0,2.0,1.0,1.0,B01
201500044233,0,7,0,0.0,2.0,2.0,15.0,A01
201500044233,0,30,0,0.0,2.0,1.0,1.0,B01
201500044234,0,7,0,0.0,2.0,3.0,1.0,A01
201500044234,0,7,0,0.0,2.0,2.0,12.0,B01
201500044235,0,7,0,12.0,0.0,9.0,17.0,A01
201500044236,0,7,0,0.0,2.0,2.0,1.0,C01
201500044236,0,7,0,0.0,2.0,1.0,1.0,B01
201500044236,0,2,0,0.0,2.0,7.0,3.0,A01
201500044237,0,7,0,0.0,2.0,1.0,1.0,A01
201500044237,0,7,0,0.0,2.0,2.0,15.0,B01
201500044238,0,33,0,0.0,2.0,1.0,1.0,B01
201500044238,0,7,0,0.0,2.0,7.0,15.0,A01
201500044239,0,7,0,0.0,2.0,1.0,15.0,A01
201500044239,0,33,0,0.0,2.0,3.0,1.0,B01
201500044239,0,7,0,0.0,2.0,4.0,1.0,C01
201500044240,0,32,0,0.0,2.0,1.0,1.0,B01
201500044240,0,7,0,0.0,2.0,8.0,10.0,A01
201500044241,0,7,0,0.0,1.0,1.0,1.0,A01
201500044242,0,31,0,0.0,2.0,1.0,1.0,B01
201500044242,0,31,0,0.0,2.0,8.0,15.0,A01
201500044243,0,7,0,0.0,1.0,4.0,4.0,A01
201500044244,0,3,0,0.0,1.0,8.0,4.0,A01
201500044245,0,33,0,0.0,2.0,1.0,17.0,B01
201500044245,0,7,0,0.0,2.0,8.0,10.0,A01
201500044246,0,7,0,0.0,1.0,1.0,1.0,A01
201500044247,0,30,0,0.0,2.0,1.0,1.0,A01
201500044247,0,7,0,0.0,2.0,4.0,2.0,B01
201500044248,0,7,0,0.0,1.0,3.0,1.0,A01
201500044249,1,10,0,0.0,2.0,0.0,1.0,Z01
201500044249,0,7,0,0.0,2.0,8.0,15.0,A01
201500044250,0,7,0,0.0,2.0,8.0,1.0,B01
201500044250,0,7,0,0.0,2.0,3.0,1.0,A01
201500044251,0,7,0,0.0,2.0,1.0,1.0,C01
201500044251,0,7,0,0.0,2.0,3.0,1.0,B01
201500044251,0,7,0,0.0,2.0,3.0,13.0,A01
201500044252,1,7,0,0.0,1.0,1.0,1.0,Z01
201500044253,0,7,0,0.0,1.0,7.0,1.0,A01
201500044254,0,7,0,0.0,1.0,2.0,1.0,A01
201500044255,0,10,0,4.0,0.0,1.0,0.0,A01
201500044256,0,33,0,0.0,2.0,1.0,1.0,A01
201500044256,0,10,0,0.0,2.0,4.0,2.0,B01
201500044257,0,7,0,0.0,2.0,4.0,2.0,C01
201500044257,0,7,0,0.0,2.0,1.0,1.0,A01
201500044257,0,7,0,0.0,2.0,1.0,2.0,B01
201500044258,0,33,0,12.0,0.0,1.0,14.0,A01
201500044259,0,13,0,0.0,0.0,1.0,13.0,A01
201500044259,0,7,0,0.0,0.0,1.0,1.0,B01
201500044260,0,7,0,0.0,2.0,4.0,2.0,A01
201500044260,0,7,0,0.0,2.0,1.0,2.0,E01
201500044260,0,7,0,0.0,2.0,1.0,2.0,C01
201500044260,0,7,0,0.0,2.0,1.0,2.0,D01
201500044260,0,7,0,0.0,2.0,1.0,2.0,B01
201500044261,0,7,0,4.0,2.0,9.0,1.0,B01
201500044261,0,38,1,0.0,2.0,5.0,2.0,A01
201500044262,0,7,0,0.0,2.0,3.0,1.0,A01
201500044262,0,7,0,0.0,2.0,5.0,15.0,B01
201500044263,0,7,0,0.0,2.0,5.0,2.0,B01
201500044263,0,7,0,0.0,2.0,1.0,1.0,A01
201500044264,0,7,0,3.0,0.0,8.0,1.0,A01
201500044265,0,7,0,0.0,0.0,3.0,1.0,B01
201500044265,0,7,0,0.0,0.0,1.0,13.0,A01
201500044266,0,7,0,8.0,0.0,0.0,0.0,A01
201500044267,0,7,0,6.0,0.0,3.0,1.0,A01
201500044268,0,7,0,14.0,0.0,3.0,13.0,A01
201500044269,0,7,0,0.0,2.0,3.0,1.0,A01
201500044269,0,33,0,0.0,2.0,5.0,14.0,B01
201500044270,0,10,0,0.0,2.0,1.0,1.0,A01
201500044270,0,3,0,0.0,2.0,3.0,1.0,B01
201500044271,0,10,0,14.0,0.0,1.0,1.0,A01
201500044272,0,33,0,16.0,0.0,9.0,1.0,A01
201500044273,0,15,0,0.0,2.0,6.0,10.0,A01
201500044273,0,31,0,0.0,2.0,1.0,1.0,B01
201500044274,0,7,0,0.0,2.0,5.0,2.0,A01
201500044274,2,7,0,0.0,2.0,3.0,1.0,Z01
201500044275,0,10,0,5.0,0.0,3.0,13.0,A01
201500044276,0,7,0,0.0,2.0,5.0,2.0,B01
201500044276,0,7,0,0.0,2.0,4.0,12.0,A01
201500044277,0,7,0,0.0,2.0,3.0,9.0,A01
201500044277,0,7,0,0.0,2.0,3.0,1.0,B01
201500044278,0,10,0,3.0,0.0,3.0,13.0,A01
201500044279,0,7,0,0.0,2.0,4.0,2.0,C01
201500044279,0,7,0,0.0,2.0,1.0,1.0,A01
201500044279,0,7,0,0.0,2.0,4.0,2.0,B01
201500044280,0,30,0,16.0,0.0,9.0,1.0,A01
201500044281,0,7,0,0.0,1.0,1.0,1.0,A01
201500044282,0,7,0,3.0,0.0,0.0,0.0,A01
201500044283,0,7,0,0.0,2.0,8.0,17.0,A01
201500044283,0,17,0,0.0,2.0,3.0,1.0,B01
201500044284,0,7,0,15.0,0.0,3.0,15.0,A01
201500044285,0,7,0,11.0,0.0,1.0,1.0,A01
201500044286,0,7,0,0.0,2.0,4.0,2.0,A01
201500044286,1,7,0,0.0,2.0,2.0,1.0,Z01
201500044287,0,7,0,6.0,0.0,6.0,13.0,A01
201500044288,0,10,0,0.0,2.0,1.0,2.0,A01
201500044288,0,31,0,0.0,2.0,1.0,2.0,B01
201500044289,0,7,0,0.0,0.0,4.0,23.0,B01
201500044289,0,31,0,0.0,2.0,1.0,2.0,A01
201500044290,0,15,0,0.0,2.0,2.0,0.0,B01
201500044290,0,7,0,3.0,0.0,4.0,2.0,A01
201500044291,0,7,0,0.0,2.0,2.0,1.0,B01
201500044291,0,7,0,0.0,2.0,4.0,2.0,A01
201500044292,0,7,0,0.0,2.0,1.0,5.0,A01
201500044292,0,7,0,0.0,2.0,8.0,1.0,B01
201500044293,0,7,0,0.0,2.0,4.0,23.0,B01
201500044293,0,7,0,0.0,2.0,1.0,1.0,C01
201500044293,0,7,0,0.0,2.0,4.0,23.0,A01
201500044294,0,7,0,0.0,1.0,1.0,1.0,A01
201500044295,0,37,2,0.0,2.0,2.0,1.0,B01
201500044295,0,7,0,0.0,2.0,6.0,11.0,A01
201500044296,0,10,0,7.0,0.0,1.0,14.0,A01
201500044297,0,7,0,0.0,0.0,4.0,2.0,B01
201500044297,0,7,0,0.0,2.0,1.0,1.0,A01
201500044298,0,7,0,0.0,2.0,9.0,2.0,B01
201500044298,0,7,0,0.0,2.0,4.0,2.0,C01
201500044298,0,15,0,0.0,2.0,1.0,1.0,D01
201500044298,0,7,0,0.0,2.0,9.0,1.0,A01
201500044299,0,7,0,0.0,2.0,1.0,1.0,A01
201500044299,0,7,0,0.0,2.0,4.0,2.0,B01
201500044300,0,30,0,0.0,1.0,1.0,1.0,A01
201500044301,0,7,0,0.0,1.0,3.0,1.0,A01
201500044302,0,7,0,14.0,0.0,1.0,1.0,A01
201500044303,0,7,0,0.0,2.0,8.0,10.0,A01
201500044303,0,31,0,0.0,2.0,1.0,1.0,B01
201500044304,0,7,0,0.0,2.0,4.0,2.0,A01
201500044304,0,7,0,0.0,2.0,1.0,1.0,B01
201500044305,1,2,0,0.0,1.0,1.0,1.0,Z01
201500044306,0,7,0,0.0,1.0,1.0,1.0,A01
201500044307,0,10,0,0.0,1.0,1.0,16.0,A01
201500044308,0,34,0,8.0,2.0,3.0,1.0,A01
201500044308,0,10,0,0.0,2.0,4.0,2.0,B01
201500044309,0,37,2,0.0,2.0,1.0,13.0,A01
201500044309,1,7,0,0.0,0.0,3.0,13.0,Z01
201500044310,0,7,0,9.0,0.0,1.0,14.0,A01
201500044311,0,7,0,0.0,1.0,1.0,15.0,A01
201500044312,0,1,0,16.0,0.0,1.0,13.0,A01
201500044313,0,7,0,0.0,0.0,6.0,14.0,A01
201500044314,1,7,0,0.0,2.0,0.0,17.0,Z01
201500044314,0,7,0,0.0,2.0,3.0,1.0,A01
201500044315,0,7,0,0.0,2.0,6.0,2.0,C01
201500044315,0,7,0,0.0,2.0,1.0,1.0,A01
201500044315,0,7,0,0.0,2.0,5.0,2.0,B01
201500044316,0,30,0,16.0,0.0,9.0,1.0,A01
201500044317,1,31,0,0.0,1.0,0.0,0.0,Z01
201500044318,0,7,0,0.0,1.0,2.0,17.0,A01
201500044319,0,7,0,0.0,2.0,2.0,2.0,C01
201500044319,0,7,0,0.0,2.0,1.0,5.0,A01
201500044319,0,7,0,0.0,2.0,1.0,1.0,B01
201500044320,0,30,0,0.0,2.0,1.0,17.0,B01
201500044320,0,7,0,0.0,2.0,1.0,1.0,A01
201500044321,0,30,0,0.0,2.0,1.0,1.0,A01
201500044321,0,7,0,0.0,2.0,8.0,1.0,B01
201500044322,0,7,0,0.0,1.0,1.0,1.0,A01
201500044323,1,2,0,0.0,1.0,1.0,1.0,Z01
201500044324,0,7,0,0.0,2.0,3.0,1.0,A01
201500044324,0,33,0,0.0,2.0,1.0,5.0,B01
201500044325,0,7,0,0.0,1.0,2.0,21.0,A01
201500044326,0,7,0,0.0,1.0,1.0,1.0,B01
201500044326,0,7,0,0.0,2.0,1.0,21.0,A01
201500044327,0,7,0,0.0,1.0,1.0,1.0,A01
201500044328,0,7,0,0.0,2.0,3.0,15.0,A01
201500044328,0,34,0,8.0,2.0,1.0,17.0,B01
201500044329,0,7,0,0.0,2.0,1.0,1.0,A01
201500044329,0,7,0,0.0,2.0,4.0,2.0,B01
201500044330,0,7,0,0.0,1.0,1.0,1.0,A01
201500044331,1,2,0,0.0,1.0,1.0,1.0,Z01
201500044332,0,7,0,12.0,1.0,1.0,16.0,A01
201500044333,0,7,0,0.0,1.0,2.0,1.0,A01
201500044334,0,10,0,0.0,2.0,3.0,1.0,C01
201500044334,0,7,0,0.0,2.0,3.0,1.0,B01
201500044334,0,7,0,0.0,2.0,2.0,10.0,A01
201500044335,0,7,0,14.0,0.0,2.0,21.0,A01
201500044336,0,7,0,2.0,0.0,1.0,1.0,A01
201500044337,0,33,0,0.0,2.0,1.0,1.0,B01
201500044337,0,7,0,0.0,2.0,3.0,16.0,A01
201500044338,0,7,0,0.0,2.0,1.0,1.0,A01
201500044338,0,7,0,0.0,0.0,4.0,2.0,B01
201500044339,0,1,0,0.0,1.0,1.0,1.0,A01
201500044340,0,7,0,0.0,1.0,1.0,1.0,A01
201500044341,0,7,0,0.0,1.0,3.0,1.0,A01
201500044342,0,10,0,0.0,2.0,1.0,1.0,A01
201500044342,0,13,0,0.0,2.0,4.0,2.0,B01
201500044343,0,7,0,0.0,2.0,1.0,1.0,B01
201500044343,0,7,0,0.0,2.0,3.0,1.0,A01
201500044344,0,7,0,0.0,1.0,3.0,1.0,A01
201500044345,0,7,0,0.0,1.0,1.0,1.0,A01
201500044346,0,7,0,0.0,1.0,1.0,1.0,A01
201500044347,0,7,0,0.0,2.0,1.0,1.0,A01
201500044347,0,34,0,0.0,2.0,4.0,2.0,B01
201500044348,0,34,0,16.0,0.0,2.0,1.0,A01
201500044349,0,7,0,0.0,2.0,4.0,2.0,B01
201500044349,0,10,0,0.0,2.0,1.0,1.0,A01
201500044350,0,7,0,0.0,2.0,4.0,2.0,B01
201500044350,0,7,0,0.0,2.0,1.0,1.0,A01
201500044351,0,7,0,0.0,1.0,1.0,1.0,A01
201500044352,0,31,0,0.0,2.0,1.0,1.0,B01
201500044352,0,7,0,0.0,2.0,3.0,15.0,A01
201500044353,0,7,0,0.0,1.0,1.0,1.0,A01
201500044354,0,7,0,0.0,1.0,1.0,1.0,A01
201500044355,0,7,0,0.0,1.0,2.0,1.0,A01
201500044356,0,10,0,0.0,2.0,1.0,1.0,A01
201500044356,0,10,0,0.0,2.0,3.0,13.0,B01
201500044357,0,7,0,0.0,1.0,1.0,11.0,A01
201500044358,0,7,0,0.0,2.0,1.0,1.0,A01
201500044358,0,7,0,0.0,0.0,4.0,2.0,C01
201500044358,0,7,0,0.0,2.0,4.0,2.0,B01
201500044359,1,7,0,0.0,0.0,1.0,1.0,Z01
201500044359,0,7,0,0.0,9.0,4.0,2.0,B01
201500044359,0,7,0,0.0,2.0,4.0,2.0,A01
201500044360,0,7,0,0.0,1.0,3.0,1.0,A01
201500044361,0,7,0,0.0,1.0,1.0,1.0,A01
201500044362,0,7,0,0.0,1.0,3.0,1.0,A01
201500044363,0,7,0,0.0,2.0,8.0,1.0,B01
201500044363,0,1,0,0.0,2.0,3.0,17.0,A01
201500044364,0,7,0,0.0,1.0,2.0,1.0,A01
201500044365,0,7,0,0.0,2.0,1.0,1.0,B01
201500044365,0,10,0,0.0,2.0,4.0,2.0,A01
201500044366,0,7,0,0.0,2.0,4.0,23.0,B01
201500044366,0,7,0,1.0,0.0,1.0,21.0,A01
201500044367,0,33,0,0.0,2.0,1.0,21.0,B01
201500044367,0,7,0,0.0,2.0,5.0,17.0,A01
201500044368,0,7,0,0.0,1.0,1.0,1.0,A01
201500044369,0,33,0,0.0,2.0,7.0,15.0,A01
201500044369,0,7,0,0.0,2.0,1.0,9.0,B01
201500044370,0,7,0,0.0,1.0,1.0,1.0,A01
201500044371,0,1,0,0.0,2.0,1.0,1.0,B01
201500044371,0,7,0,0.0,2.0,1.0,15.0,A01
201500044372,0,7,0,0.0,2.0,3.0,1.0,B01
201500044372,0,31,0,0.0,2.0,7.0,1.0,A01
201500044373,0,30,0,0.0,2.0,7.0,1.0,A01
201500044373,0,7,0,0.0,2.0,3.0,15.0,B01
201500044374,0,7,0,0.0,1.0,1.0,1.0,A01
201500044375,0,7,0,0.0,2.0,3.0,5.0,A01
201500044375,0,7,0,14.0,2.0,2.0,1.0,B01
201500044376,0,7,0,0.0,2.0,2.0,15.0,A01
201500044376,0,31,0,0.0,2.0,1.0,1.0,B01
201500044377,0,7,0,0.0,1.0,1.0,16.0,A01
201500044378,0,7,0,0.0,1.0,1.0,1.0,A01
201500044379,1,7,0,0.0,2.0,1.0,1.0,Z01
201500044379,0,7,0,6.0,2.0,7.0,1.0,A01
201500044380,0,7,0,0.0,2.0,2.0,1.0,A01
201500044380,0,7,0,0.0,2.0,3.0,1.0,B01
201500044381,0,7,0,0.0,0.0,5.0,24.0,B01
201500044381,0,7,0,1.0,0.0,2.0,1.0,A01
201500044382,0,7,0,15.0,0.0,3.0,9.0,A01
201500044383,0,14,0,0.0,2.0,1.0,20.0,A01
201500044383,0,33,0,0.0,2.0,1.0,1.0,B01
201500044384,0,7,0,0.0,2.0,3.0,15.0,A01
201500044384,0,1,0,0.0,2.0,8.0,1.0,B01
201500044385,0,7,0,0.0,2.0,8.0,10.0,A01
201500044385,0,33,0,0.0,2.0,1.0,3.0,B01
201500044386,0,2,0,0.0,2.0,1.0,1.0,A01
201500044386,0,7,0,0.0,2.0,4.0,1.0,B01
201500044387,0,7,0,0.0,2.0,3.0,0.0,A01
201500044387,0,34,0,0.0,2.0,2.0,1.0,B01
201500044388,0,7,0,0.0,2.0,2.0,13.0,A01
201500044388,0,7,0,0.0,2.0,6.0,20.0,B01
201500044389,0,7,0,0.0,2.0,2.0,1.0,B01
201500044389,0,7,0,0.0,2.0,3.0,15.0,A01
201500044390,0,7,0,0.0,2.0,3.0,1.0,A01
201500044390,0,7,0,0.0,2.0,5.0,9.0,B01
201500044391,0,7,0,0.0,2.0,1.0,1.0,A01
201500044391,0,7,0,0.0,2.0,8.0,9.0,B01
201500044392,0,33,0,0.0,0.0,0.0,0.0,A01
201500044393,0,30,0,0.0,2.0,1.0,1.0,A01
201500044393,0,7,0,0.0,2.0,8.0,17.0,B01
201500044394,0,33,0,11.0,0.0,1.0,17.0,A01
201500044395,0,7,0,0.0,1.0,2.0,1.0,A01
201500044396,0,33,0,0.0,0.0,0.0,1.0,A01
201500044397,0,7,0,0.0,2.0,3.0,9.0,A01
201500044397,0,31,0,0.0,2.0,1.0,1.0,B01
201500044398,0,7,0,0.0,2.0,8.0,9.0,A01
201500044398,0,31,0,0.0,2.0,0.0,1.0,B01
201500044399,0,31,0,0.0,2.0,1.0,1.0,A01
201500044399,0,7,0,0.0,2.0,4.0,1.0,B01
201500044400,0,33,0,0.0,2.0,7.0,1.0,B01
201500044400,0,7,0,0.0,2.0,3.0,9.0,A01
201500044401,0,20,0,0.0,2.0,2.0,5.0,A01
201500044401,0,20,0,0.0,2.0,1.0,15.0,B01
201500044402,0,7,0,0.0,9.0,1.0,1.0,A01
201500044402,0,31,0,1.0,0.0,1.0,1.0,B01
201500044403,0,7,0,0.0,1.0,6.0,1.0,A01
201500044404,0,33,0,3.0,0.0,3.0,1.0,A01
201500044405,0,33,0,0.0,2.0,0.0,1.0,A01
201500044405,0,7,0,0.0,2.0,8.0,15.0,B01
201500044406,0,7,0,0.0,6.0,1.0,1.0,A01
201500044407,0,31,0,0.0,2.0,0.0,1.0,A01
201500044407,0,7,0,0.0,2.0,5.0,9.0,B01
201500044408,0,7,0,0.0,2.0,2.0,9.0,A01
201500044408,0,33,0,1.0,2.0,1.0,1.0,B01
201500044408,0,37,1,0.0,2.0,4.0,24.0,C01
201500044409,0,31,0,0.0,2.0,1.0,1.0,B01
201500044409,1,2,0,0.0,0.0,0.0,0.0,Z01
201500044410,0,32,0,0.0,0.0,0.0,1.0,A01
201500044411,0,7,0,0.0,2.0,1.0,1.0,A01
201500044411,0,7,0,0.0,2.0,4.0,23.0,B01
201500044412,0,7,0,0.0,1.0,1.0,1.0,A01
201500044413,0,33,0,0.0,2.0,0.0,1.0,B01
201500044413,0,32,0,0.0,2.0,1.0,9.0,A01
201500044414,0,7,0,0.0,2.0,3.0,15.0,A01
201500044414,0,32,0,0.0,2.0,1.0,17.0,B01
201500044415,0,7,0,0.0,2.0,1.0,13.0,A01
201500044415,0,33,0,0.0,2.0,0.0,1.0,B01
201500044415,0,7,0,0.0,2.0,1.0,1.0,C01
201500044415,0,7,0,0.0,2.0,5.0,1.0,D01
201500044416,0,33,0,0.0,2.0,2.0,12.0,A01
201500044416,0,7,0,0.0,2.0,3.0,0.0,B01
201500044417,0,7,0,0.0,2.0,3.0,13.0,A01
201500044417,0,7,0,0.0,0.0,0.0,0.0,B01
201500044418,0,7,0,0.0,1.0,1.0,0.0,A01
201500044419,0,30,0,0.0,2.0,3.0,7.0,A01
201500044419,0,7,0,0.0,0.0,0.0,0.0,B01
201500044420,0,33,0,0.0,0.0,0.0,0.0,B01
201500044420,1,10,0,0.0,2.0,1.0,1.0,Z01
201500044421,0,33,0,0.0,2.0,3.0,1.0,A01
201500044421,0,7,0,0.0,2.0,5.0,9.0,B01
201500044422,0,31,0,0.0,2.0,6.0,1.0,B01
201500044422,0,7,0,0.0,2.0,2.0,9.0,A01
201500044423,0,34,0,0.0,1.0,0.0,1.0,A01
201500044424,0,7,0,0.0,2.0,3.0,15.0,A01
201500044424,0,33,0,0.0,2.0,1.0,17.0,B01
201500044425,0,7,0,0.0,2.0,8.0,11.0,A01
201500044425,0,33,0,3.0,2.0,7.0,1.0,B01
201500044426,0,7,0,0.0,1.0,1.0,1.0,A01
201500044427,0,2,0,0.0,1.0,3.0,17.0,A01