Num_Acc,senc,catv,occutc,obs,obsm,choc,manv,num_veh
201500044428,0,7,0,0.0,2.0,1.0,13.0,A01
201500044428,0,7,0,0.0,2.0,3.0,1.0,B01
201500044429,0,7,0,0.0,1.0,0.0,1.0,A01
201500044430,0,7,0,0.0,2.0,8.0,23.0,B01
201500044430,0,7,0,0.0,2.0,8.0,23.0,C01
201500044430,0,7,0,0.0,2.0,4.0,24.0,D01
201500044430,0,7,0,0.0,2.0,5.0,1.0,E01
201500044430,1,7,0,0.0,2.0,0.0,1.0,Z01
201500044431,0,7,0,0.0,1.0,1.0,1.0,A01
201500044432,0,33,0,0.0,2.0,1.0,17.0,A01
201500044432,0,7,0,0.0,2.0,8.0,15.0,B01
201500044433,1,1,0,0.0,1.0,0.0,0.0,Z01
201500044434,0,7,0,0.0,1.0,1.0,1.0,A01
201500044435,0,33,0,0.0,1.0,3.0,1.0,A01
201500044436,0,30,0,0.0,2.0,1.0,1.0,B01
201500044436,0,7,0,0.0,2.0,3.0,9.0,A01
201500044437,0,7,0,0.0,2.0,3.0,24.0,A01
201500044437,0,2,0,0.0,0.0,0.0,0.0,B01
201500044438,0,2,0,0.0,2.0,0.0,1.0,A01
201500044438,0,14,0,0.0,2.0,0.0,15.0,B01
201500044439,0,2,0,16.0,0.0,0.0,1.0,B01
201500044440,0,7,0,0.0,1.0,3.0,15.0,A01
201500044441,0,1,0,0.0,1.0,1.0,1.0,A01
201500044442,0,7,0,1.0,1.0,1.0,1.0,A01
201500044443,0,7,0,0.0,1.0,4.0,4.0,A01
201500044444,0,32,0,8.0,0.0,1.0,5.0,A01
201500044445,0,7,0,4.0,0.0,1.0,1.0,A01
201500044446,0,7,0,4.0,0.0,1.0,1.0,A01
201500044447,0,7,0,0.0,2.0,6.0,0.0,A01
201500044447,2,7,0,0.0,2.0,1.0,2.0,B01
201500044448,0,7,0,0.0,0.0,0.0,13.0,A01
201500044448,0,7,0,4.0,0.0,1.0,1.0,B01
201500044449,0,7,0,0.0,2.0,4.0,23.0,A01
201500044449,0,7,0,0.0,2.0,1.0,2.0,B01
201500044450,0,7,0,0.0,2.0,4.0,1.0,A01
201500044450,1,7,0,0.0,2.0,1.0,2.0,Z01
201500044451,0,33,0,0.0,0.0,3.0,1.0,A01
201500044452,0,31,0,0.0,0.0,8.0,3.0,A01
201500044453,0,7,0,4.0,2.0,8.0,1.0,A01
201500044454,0,7,0,0.0,2.0,4.0,1.0,A01
201500044454,0,7,0,0.0,2.0,9.0,2.0,B01
201500044454,0,7,0,0.0,2.0,9.0,2.0,C01
201500044454,0,7,0,0.0,2.0,1.0,2.0,D01
201500044455,0,7,0,0.0,2.0,4.0,1.0,A01
201500044455,0,7,0,0.0,2.0,9.0,2.0,B01
201500044455,0,10,0,0.0,2.0,1.0,2.0,C01
201500044456,0,99,0,0.0,2.0,5.0,2.0,A01
201500044456,0,10,0,0.0,2.0,1.0,2.0,B01
201500044457,0,7,0,0.0,2.0,4.0,1.0,A01
201500044457,0,7,0,0.0,2.0,1.0,2.0,B01
201500044458,0,33,0,3.0,0.0,7.0,13.0,A01
201500044459,0,7,0,4.0,0.0,1.0,1.0,A01
201500044460,0,7,0,0.0,2.0,3.0,11.0,A01
201500044460,0,34,0,0.0,2.0,1.0,3.0,B01
201500044461,0,7,0,0.0,0.0,0.0,0.0,A01
201500044461,0,33,0,0.0,2.0,0.0,0.0,B01
201500044462,0,15,0,0.0,2.0,5.0,1.0,A01
201500044462,0,10,0,0.0,2.0,3.0,14.0,B01
201500044463,0,33,0,0.0,2.0,8.0,1.0,A01
201500044463,0,10,0,0.0,2.0,5.0,1.0,C01
201500044463,0,7,0,0.0,2.0,8.0,11.0,B01
201500044463,0,10,0,0.0,2.0,4.0,1.0,D01
201500044464,0,7,0,0.0,2.0,8.0,1.0,A01
201500044464,0,17,0,0.0,2.0,2.0,17.0,B01
201500044464,0,10,0,0.0,2.0,7.0,21.0,C01
201500044464,0,16,0,0.0,2.0,8.0,13.0,D01
201500044465,0,31,0,0.0,2.0,4.0,1.0,A01
201500044465,0,10,0,0.0,2.0,1.0,2.0,B01
201500044466,0,7,0,3.0,0.0,1.0,1.0,A01
201500044467,0,33,0,0.0,2.0,3.0,3.0,A01
201500044467,0,7,0,0.0,9.0,7.0,1.0,B01
201500044467,0,7,0,0.0,9.0,4.0,2.0,C01
201500044468,0,7,0,0.0,2.0,4.0,23.0,A01
201500044468,0,7,0,1.0,2.0,1.0,12.0,B01
201500044468,0,10,0,0.0,2.0,7.0,21.0,C01
201500044469,0,7,0,4.0,0.0,1.0,1.0,A01
201500044470,0,7,0,0.0,0.0,0.0,0.0,A01
201500044470,0,7,0,0.0,0.0,0.0,0.0,B01
201500044470,0,7,0,0.0,2.0,1.0,2.0,C01
201500044471,0,7,0,0.0,2.0,4.0,1.0,A01
201500044471,0,7,0,0.0,2.0,0.0,0.0,B01
201500044472,0,7,0,0.0,2.0,6.0,1.0,A01
201500044472,0,33,0,0.0,2.0,1.0,3.0,B01
201500044472,0,33,0,0.0,2.0,4.0,3.0,C01
201500044473,0,7,0,2.0,0.0,1.0,0.0,A01
201500044474,0,7,0,4.0,0.0,1.0,1.0,A01
201500044475,0,7,0,4.0,0.0,1.0,1.0,A01
201500044476,0,7,0,4.0,9.0,3.0,13.0,A01
201500044476,0,7,0,14.0,0.0,1.0,1.0,E01
201500044476,0,34,0,4.0,2.0,7.0,1.0,C01
201500044476,0,7,0,16.0,0.0,0.0,0.0,H02
201500044476,0,7,0,16.0,0.0,0.0,0.0,G02
201500044476,0,7,0,0.0,2.0,1.0,1.0,D01
201500044476,0,7,0,0.0,2.0,3.0,1.0,F02
201500044476,0,7,0,14.0,0.0,2.0,1.0,I02
201500044476,0,7,0,0.0,2.0,8.0,2.0,B01
201500044477,0,7,0,0.0,2.0,7.0,1.0,A01
201500044477,0,13,0,0.0,2.0,3.0,9.0,B01
201500044478,0,10,0,0.0,0.0,4.0,2.0,A01
201500044478,0,7,0,0.0,2.0,1.0,2.0,B01
201500044479,0,7,0,0.0,2.0,4.0,1.0,A01
201500044479,0,7,0,0.0,2.0,9.0,2.0,B01
201500044479,0,7,0,0.0,2.0,1.0,2.0,C01
201500044480,0,7,0,0.0,2.0,1.0,9.0,A01
201500044480,0,31,0,0.0,2.0,7.0,1.0,B01
201500044481,2,7,0,0.0,2.0,1.0,1.0,A01
201500044481,0,7,0,0.0,2.0,6.0,1.0,B01
201500044481,0,7,0,0.0,2.0,5.0,1.0,C01
201500044482,0,14,0,0.0,2.0,1.0,2.0,A01
201500044482,0,7,0,0.0,2.0,9.0,2.0,B01
201500044482,0,7,0,0.0,2.0,4.0,1.0,C01
201500044483,0,7,0,6.0,0.0,1.0,1.0,A01
201500044484,0,7,0,0.0,2.0,8.0,1.0,A01
201500044484,0,17,0,0.0,2.0,2.0,12.0,B01
201500044485,0,31,0,0.0,2.0,8.0,1.0,A01
201500044485,1,15,0,0.0,2.0,5.0,12.0,Z01
201500044486,0,10,0,0.0,2.0,1.0,2.0,A01
201500044486,0,7,0,0.0,2.0,4.0,2.0,B01
201500044486,0,7,0,0.0,2.0,4.0,2.0,C01
201500044486,0,7,0,0.0,2.0,4.0,2.0,D01
201500044487,0,10,0,0.0,2.0,4.0,1.0,A01
201500044487,0,33,0,0.0,2.0,1.0,2.0,B01
201500044488,0,7,0,4.0,0.0,2.0,1.0,A01
201500044489,0,7,0,0.0,2.0,5.0,2.0,A01
201500044489,0,7,0,0.0,2.0,3.0,2.0,B01
201500044489,0,33,0,0.0,2.0,1.0,2.0,C01
201500044490,0,7,0,4.0,0.0,0.0,0.0,A01
201500044491,0,33,0,4.0,0.0,7.0,1.0,A01
201500044492,0,7,0,0.0,2.0,4.0,23.0,A01
201500044492,0,7,0,0.0,2.0,1.0,2.0,C01
201500044492,0,7,0,0.0,2.0,9.0,2.0,B01
201500044493,0,31,0,0.0,0.0,8.0,1.0,A01
201500044494,0,7,0,0.0,2.0,1.0,2.0,A01
201500044494,0,7,0,0.0,2.0,4.0,2.0,B01
201500044495,0,7,0,0.0,2.0,8.0,1.0,A01
201500044495,0,15,0,0.0,2.0,2.0,12.0,B01
201500044496,0,7,0,1.0,2.0,1.0,1.0,B01
201500044496,0,14,0,0.0,2.0,3.0,21.0,C01
201500044496,0,7,0,4.0,0.0,1.0,13.0,A01
201500044497,0,7,0,0.0,2.0,1.0,1.0,C01
201500044497,0,7,0,0.0,2.0,6.0,1.0,A01
201500044497,0,7,0,0.0,2.0,9.0,1.0,B01
201500044498,0,7,0,4.0,2.0,3.0,0.0,C01
201500044498,0,7,0,0.0,2.0,7.0,1.0,A01
201500044498,0,7,0,0.0,2.0,0.0,1.0,B01
201500044499,0,34,0,0.0,2.0,1.0,3.0,B01
201500044499,0,7,0,0.0,2.0,6.0,11.0,A01
201500044500,0,7,0,0.0,2.0,1.0,2.0,A01
201500044500,0,7,0,0.0,2.0,5.0,1.0,B01
201500044501,0,7,0,0.0,2.0,1.0,1.0,A01
201500044501,0,10,0,0.0,2.0,4.0,1.0,B01
201500044502,0,7,0,4.0,0.0,3.0,21.0,A01
201500044503,0,7,0,0.0,2.0,4.0,2.0,A01
201500044503,0,7,0,0.0,2.0,1.0,2.0,C01
201500044503,0,7,0,0.0,2.0,4.0,2.0,B01
201500044504,0,7,0,0.0,2.0,8.0,1.0,A01
201500044504,0,7,0,0.0,2.0,2.0,14.0,B01
201500044505,0,7,0,0.0,2.0,1.0,2.0,A01
201500044505,0,7,0,0.0,2.0,4.0,2.0,B01
201500044506,0,7,0,0.0,2.0,4.0,2.0,A01
201500044506,0,7,0,0.0,2.0,1.0,2.0,B01
201500044507,0,7,0,4.0,0.0,0.0,0.0,A01
201500044508,0,7,0,0.0,0.0,9.0,13.0,A01
201500044509,0,7,0,4.0,0.0,1.0,1.0,A01
201500044510,0,7,0,0.0,2.0,6.0,1.0,A01
201500044510,1,15,0,0.0,2.0,2.0,12.0,Z01
201500044511,0,7,0,0.0,2.0,4.0,1.0,A01
201500044511,0,31,0,0.0,2.0,3.0,2.0,B01
201500044512,0,7,0,0.0,0.0,7.0,12.0,A01
201500044512,0,33,0,0.0,2.0,1.0,3.0,B01
201500044513,0,7,0,0.0,2.0,5.0,12.0,A01
201500044513,0,34,0,0.0,2.0,1.0,3.0,B01
201500044514,0,14,0,0.0,2.0,4.0,2.0,A01
201500044514,0,15,0,0.0,2.0,1.0,2.0,B01
201500044515,0,7,0,0.0,2.0,4.0,1.0,A01
201500044515,0,34,0,0.0,2.0,1.0,2.0,B01
201500044516,0,7,0,0.0,2.0,0.0,0.0,A01
201500044516,0,7,0,0.0,2.0,0.0,0.0,B01
201500044516,0,7,0,0.0,2.0,0.0,0.0,C01
201500044517,0,10,0,1.0,0.0,4.0,0.0,B01
201500044517,0,7,0,1.0,0.0,1.0,2.0,D01
201500044517,0,10,0,1.0,0.0,4.0,0.0,C01
201500044517,0,10,0,0.0,9.0,4.0,0.0,A01
201500044518,0,33,0,0.0,0.0,8.0,1.0,A01
201500044519,0,15,0,3.0,0.0,3.0,0.0,A01
201500044520,0,7,0,0.0,2.0,1.0,1.0,A01
201500044520,0,7,0,0.0,2.0,5.0,1.0,B01
201500044520,0,7,0,0.0,0.0,6.0,1.0,C01
201500044521,0,7,0,0.0,2.0,1.0,1.0,D01
201500044521,0,10,0,0.0,2.0,1.0,1.0,E01
201500044521,0,7,0,0.0,2.0,8.0,1.0,B01
201500044521,0,7,0,0.0,2.0,2.0,14.0,A01
201500044521,0,7,0,0.0,2.0,4.0,1.0,C01
201500044522,0,15,0,0.0,2.0,2.0,14.0,B01
201500044522,0,7,0,0.0,2.0,6.0,1.0,A01
201500044523,0,7,0,0.0,2.0,4.0,23.0,A01
201500044523,0,7,0,0.0,2.0,8.0,21.0,B01
201500044523,0,7,0,0.0,2.0,1.0,2.0,C01
201500044523,0,7,0,0.0,2.0,1.0,1.0,D01
201500044524,0,7,0,4.0,0.0,3.0,17.0,A01
201500044525,0,7,0,4.0,0.0,3.0,1.0,A01
201500044526,0,7,0,4.0,0.0,1.0,1.0,A01
201500044527,0,7,0,0.0,2.0,7.0,1.0,D01
201500044527,0,10,0,0.0,2.0,3.0,1.0,B01
201500044527,0,33,0,0.0,2.0,7.0,21.0,C01
201500044527,0,7,0,3.0,0.0,1.0,1.0,A01
201500044528,2,7,0,0.0,2.0,0.0,0.0,B01
201500044528,1,31,0,0.0,2.0,8.0,0.0,A01
201500044529,0,30,0,0.0,0.0,0.0,0.0,A01
201500044530,0,31,0,0.0,0.0,7.0,3.0,A01
201500044531,0,7,0,3.0,0.0,8.0,1.0,A01
201500044532,0,7,0,4.0,0.0,1.0,0.0,A01
201500044533,0,7,0,4.0,0.0,1.0,0.0,A01
201500044534,0,7,0,0.0,2.0,1.0,2.0,A01
201500044534,0,7,0,0.0,0.0,6.0,2.0,B01
201500044535,0,7,0,0.0,2.0,4.0,23.0,A01
201500044535,0,7,0,0.0,2.0,4.0,23.0,B01
201500044535,0,7,0,0.0,2.0,4.0,23.0,C01
201500044535,0,7,0,0.0,2.0,1.0,2.0,D01
201500044536,0,7,0,4.0,0.0,1.0,9.0,A01
201500044537,0,7,0,4.0,0.0,4.0,1.0,A01
201500044538,0,7,0,0.0,2.0,4.0,1.0,C01
201500044538,0,7,0,0.0,2.0,9.0,2.0,B01
201500044538,0,7,0,0.0,2.0,1.0,2.0,A01
201500044539,0,7,0,15.0,0.0,1.0,1.0,A01
201500044540,0,7,0,0.0,2.0,1.0,2.0,A01
201500044540,0,7,0,0.0,2.0,4.0,2.0,B01
201500044540,0,7,0,0.0,2.0,4.0,0.0,C01
201500044541,0,7,0,4.0,0.0,2.0,1.0,A01
201500044542,0,14,0,0.0,2.0,6.0,23.0,A01
201500044542,0,10,0,0.0,2.0,2.0,14.0,B01
201500044543,0,15,0,0.0,2.0,4.0,1.0,A01
201500044543,0,10,0,0.0,2.0,1.0,2.0,B01
201500044544,0,10,0,0.0,2.0,2.0,14.0,A01
201500044544,0,7,0,0.0,0.0,6.0,1.0,B01
201500044544,0,7,0,0.0,0.0,0.0,0.0,T01
201500044545,0,7,0,4.0,0.0,3.0,1.0,A01
201500044546,0,7,0,0.0,2.0,4.0,1.0,C01
201500044546,0,33,0,0.0,2.0,7.0,3.0,A01
201500044546,0,7,0,0.0,2.0,8.0,11.0,B01
201500044547,0,7,0,0.0,2.0,6.0,1.0,B01
201500044547,0,7,0,0.0,2.0,3.0,11.0,A01
201500044548,0,7,0,0.0,2.0,1.0,2.0,C01
201500044548,0,7,0,0.0,2.0,4.0,1.0,A01
201500044548,0,7,0,0.0,2.0,9.0,2.0,B01
201500044549,0,7,0,4.0,2.0,8.0,11.0,A01
201500044549,0,7,0,0.0,2.0,2.0,1.0,B01
201500044550,0,7,0,4.0,0.0,9.0,0.0,A01
201500044551,0,33,0,0.0,2.0,8.0,1.0,A01
201500044551,0,7,0,0.0,2.0,7.0,12.0,B01
201500044552,0,7,0,0.0,2.0,3.0,11.0,B01
201500044552,0,7,0,0.0,2.0,7.0,1.0,C01
201500044552,0,33,0,0.0,2.0,2.0,3.0,A01
201500044552,0,7,0,0.0,2.0,5.0,1.0,D01
201500044553,0,10,0,0.0,2.0,4.0,2.0,A01
201500044553,0,10,0,0.0,2.0,4.0,2.0,B01
201500044553,0,38,1,0.0,2.0,1.0,2.0,C01
201500044554,0,7,0,0.0,2.0,4.0,2.0,A01
201500044554,0,7,0,0.0,2.0,1.0,2.0,B01
201500044554,0,7,0,0.0,2.0,1.0,2.0,C01
201500044555,0,33,0,0.0,2.0,1.0,3.0,C01
201500044555,0,7,0,0.0,2.0,3.0,12.0,A01
201500044555,0,7,0,0.0,2.0,5.0,1.0,B01
201500044556,0,7,0,0.0,2.0,8.0,11.0,A01
201500044556,0,33,0,0.0,2.0,2.0,3.0,B01
201500044557,0,33,0,0.0,2.0,2.0,14.0,A01
201500044558,0,7,0,0.0,2.0,4.0,2.0,A01
201500044558,0,7,0,0.0,2.0,1.0,2.0,B01
201500044558,0,7,0,0.0,2.0,4.0,2.0,C01
201500044558,0,7,0,0.0,2.0,4.0,2.0,D01
201500044558,0,7,0,0.0,2.0,1.0,2.0,E01
201500044559,0,14,0,0.0,2.0,6.0,23.0,A01
201500044559,0,14,0,1.0,0.0,2.0,11.0,B01
201500044559,0,17,0,3.0,2.0,2.0,2.0,C01
201500044560,0,15,0,0.0,2.0,8.0,23.0,A01
201500044560,0,14,0,0.0,2.0,3.0,23.0,B01
201500044560,0,7,0,0.0,2.0,4.0,0.0,C01
201500044560,0,7,0,0.0,2.0,1.0,0.0,D01
201500044561,0,33,0,3.0,0.0,8.0,1.0,A01
201500044562,0,7,0,0.0,2.0,4.0,1.0,A01
201500044562,0,7,0,0.0,2.0,4.0,1.0,B01
201500044562,0,7,0,0.0,2.0,1.0,1.0,C01
201500044563,0,7,0,0.0,0.0,4.0,12.0,A01
201500044563,0,33,0,0.0,2.0,1.0,12.0,B01
201500044564,0,17,0,0.0,2.0,2.0,12.0,B01
201500044564,0,7,0,0.0,2.0,6.0,1.0,A01
201500044565,0,15,0,0.0,2.0,2.0,12.0,A01
201500044565,0,7,0,0.0,2.0,9.0,1.0,B01
201500044566,0,33,0,0.0,0.0,0.0,0.0,B01
201500044566,0,7,0,0.0,2.0,2.0,14.0,A01
201500044567,0,33,0,0.0,2.0,1.0,3.0,A01
201500044567,0,7,0,0.0,2.0,4.0,12.0,B01
201500044568,0,7,0,0.0,2.0,4.0,1.0,C01
201500044568,0,7,0,0.0,2.0,1.0,2.0,A01
201500044568,0,7,0,0.0,2.0,9.0,2.0,B01
201500044569,0,7,0,4.0,2.0,4.0,23.0,A01
201500044569,0,7,0,0.0,2.0,1.0,2.0,B01
201500044570,0,33,0,0.0,2.0,3.0,2.0,B01
201500044570,0,7,0,0.0,2.0,5.0,23.0,A01
201500044571,0,7,0,4.0,2.0,5.0,1.0,A01
201500044571,0,15,0,0.0,2.0,1.0,11.0,B01
201500044572,0,7,0,4.0,0.0,1.0,1.0,A01
201500044573,0,15,0,0.0,2.0,8.0,1.0,B01
201500044573,0,7,0,0.0,2.0,0.0,1.0,C01
201500044573,0,7,0,0.0,2.0,0.0,0.0,A01
201500044574,0,33,0,0.0,2.0,7.0,1.0,B01
201500044574,0,7,0,0.0,2.0,8.0,11.0,A01
201500044575,0,7,0,4.0,0.0,1.0,1.0,A01
201500044576,0,7,0,0.0,2.0,4.0,1.0,C01
201500044576,0,33,0,0.0,2.0,9.0,3.0,B01
201500044576,0,7,0,0.0,2.0,8.0,11.0,A01
201500044577,0,34,0,0.0,0.0,1.0,1.0,A01
201500044578,0,7,0,0.0,2.0,1.0,12.0,A01
201500044578,0,7,0,3.0,2.0,1.0,1.0,B01
201500044579,0,7,0,4.0,0.0,0.0,1.0,A01
201500044580,0,7,0,0.0,2.0,3.0,2.0,C01
201500044580,0,7,0,0.0,2.0,4.0,2.0,A01
201500044580,0,10,0,0.0,2.0,5.0,2.0,B01
201500044581,0,10,0,4.0,0.0,0.0,2.0,A01
201500044582,0,7,0,4.0,2.0,3.0,1.0,A01
201500044582,0,7,0,0.0,2.0,3.0,1.0,B01
201500044583,0,7,0,0.0,2.0,4.0,1.0,A01
201500044583,0,10,0,0.0,0.0,0.0,13.0,C01
201500044583,0,34,0,0.0,2.0,1.0,3.0,B01
201500044584,0,15,0,0.0,2.0,1.0,12.0,A01
201500044584,0,7,0,0.0,2.0,4.0,1.0,B01
201500044585,0,31,0,0.0,2.0,8.0,1.0,A01
201500044585,1,7,0,0.0,2.0,2.0,12.0,Z01
201500044586,0,10,0,0.0,2.0,4.0,1.0,B01
201500044586,0,7,0,0.0,2.0,1.0,2.0,A01
201500044587,0,7,0,0.0,2.0,1.0,2.0,A01
201500044587,0,7,0,0.0,2.0,4.0,2.0,B01
201500044588,0,7,0,0.0,2.0,1.0,2.0,A01
201500044588,0,7,0,0.0,2.0,4.0,1.0,B01
201500044589,0,7,0,4.0,0.0,8.0,1.0,A01
201500044590,0,7,0,0.0,2.0,1.0,9.0,A01
201500044590,0,7,0,3.0,2.0,1.0,1.0,B01
201500044591,0,7,0,3.0,0.0,1.0,9.0,A01
201500044591,0,7,0,0.0,9.0,2.0,0.0,B01
201500044592,0,7,0,0.0,2.0,4.0,2.0,A01
201500044592,0,7,0,0.0,2.0,1.0,2.0,B01
201500044593,0,33,0,0.0,2.0,1.0,2.0,A01
201500044594,0,10,0,0.0,2.0,1.0,2.0,A01
201500044594,0,7,0,0.0,2.0,4.0,2.0,B01
201500044594,0,7,0,0.0,2.0,8.0,1.0,C01
201500044594,0,7,0,0.0,2.0,8.0,1.0,D01
201500044595,0,7,0,0.0,2.0,1.0,1.0,A01
201500044595,0,7,0,0.0,2.0,4.0,2.0,B01
201500044596,0,34,0,0.0,2.0,8.0,2.0,A01
201500044596,1,7,0,0.0,2.0,5.0,1.0,B01
201500044597,0,10,0,0.0,2.0,9.0,2.0,B01
201500044597,0,7,0,0.0,2.0,4.0,1.0,A01
201500044597,0,7,0,0.0,2.0,1.0,2.0,D01
201500044597,0,7,0,0.0,2.0,9.0,2.0,C01
201500044598,0,7,0,3.0,0.0,1.0,1.0,A01
201500044599,0,7,0,0.0,2.0,4.0,2.0,A01
201500044599,0,7,0,0.0,2.0,4.0,2.0,B01
201500044599,0,14,0,0.0,2.0,2.0,2.0,C01
201500044600,0,33,0,0.0,2.0,8.0,2.0,A01
201500044600,0,7,0,0.0,0.0,4.0,2.0,B01
201500044601,0,33,0,0.0,2.0,1.0,3.0,A01
201500044601,0,7,0,0.0,2.0,2.0,12.0,B01
201500044602,0,7,0,0.0,2.0,6.0,1.0,B01
201500044602,0,15,0,0.0,2.0,2.0,12.0,A01
201500044603,0,7,0,0.0,2.0,4.0,1.0,A01
201500044603,0,7,0,0.0,2.0,4.0,2.0,B01
201500044603,0,7,0,0.0,2.0,1.0,2.0,C01
201500044604,0,7,0,0.0,2.0,1.0,2.0,C01
201500044604,0,7,0,0.0,2.0,4.0,1.0,A01
201500044604,0,7,0,0.0,2.0,9.0,2.0,B01
201500044605,0,7,0,0.0,2.0,1.0,2.0,A01
201500044605,0,7,0,0.0,2.0,1.0,2.0,B01
201500044605,0,7,0,0.0,2.0,4.0,2.0,C01
201500044606,0,7,0,0.0,2.0,7.0,11.0,B01
201500044606,0,7,0,6.0,2.0,8.0,1.0,A01
201500044607,0,7,0,0.0,0.0,4.0,1.0,B01
201500044607,0,7,0,0.0,2.0,1.0,1.0,A01
201500044608,0,7,0,0.0,2.0,1.0,2.0,B01
201500044608,0,7,0,0.0,2.0,4.0,23.0,A01
201500044609,0,7,0,0.0,2.0,6.0,1.0,B01
201500044609,0,17,0,0.0,2.0,7.0,12.0,A01
201500044610,0,7,0,3.0,2.0,3.0,2.0,A01
201500044610,0,7,0,4.0,2.0,2.0,2.0,B01
201500044610,0,13,0,0.0,2.0,8.0,2.0,C01
201500044611,0,17,0,0.0,2.0,7.0,1.0,C01
201500044611,0,7,0,4.0,2.0,6.0,1.0,A01
201500044611,0,17,0,0.0,2.0,2.0,12.0,B01
201500044612,1,7,0,0.0,2.0,1.0,1.0,Z01
201500044612,0,10,0,0.0,2.0,2.0,1.0,A01
201500044612,0,7,0,4.0,2.0,6.0,1.0,B01
201500044613,0,7,0,0.0,2.0,1.0,12.0,A01
201500044613,0,32,0,0.0,2.0,7.0,3.0,B01
201500044613,0,7,0,0.0,2.0,4.0,1.0,C01
201500044614,0,7,0,0.0,1.0,2.0,1.0,A01
201500044615,0,7,0,0.0,2.0,8.0,11.0,A01
201500044615,0,15,0,0.0,2.0,2.0,12.0,B01
201500044616,0,7,0,0.0,2.0,4.0,2.0,B01
201500044616,0,7,0,0.0,2.0,4.0,2.0,C01
201500044616,0,7,0,0.0,2.0,1.0,2.0,A01
201500044617,0,33,0,0.0,2.0,2.0,1.0,A01
201500044617,2,7,0,0.0,2.0,8.0,11.0,B01
201500044618,0,33,0,0.0,2.0,1.0,2.0,A01
201500044618,0,7,0,0.0,2.0,6.0,2.0,B01
201500044618,0,7,0,0.0,0.0,0.0,2.0,T01
201500044619,0,7,0,0.0,2.0,7.0,12.0,A01
201500044619,0,31,0,0.0,2.0,8.0,1.0,B01
201500044620,0,7,0,0.0,2.0,4.0,2.0,A01
201500044620,0,7,0,0.0,2.0,1.0,2.0,B01
201500044621,0,7,0,0.0,2.0,4.0,12.0,A01
201500044621,0,34,0,0.0,2.0,1.0,3.0,B01
201500044622,0,7,0,0.0,2.0,4.0,23.0,A01
201500044622,0,7,0,0.0,2.0,1.0,2.0,B01
201500044623,0,7,0,0.0,0.0,0.0,0.0,A01
201500044624,0,7,0,0.0,2.0,5.0,12.0,C01
201500044624,0,7,0,0.0,2.0,4.0,1.0,A01
201500044624,0,33,0,0.0,2.0,8.0,3.0,B01
201500044625,0,15,0,4.0,0.0,1.0,11.0,A01
201500044626,0,7,0,4.0,0.0,1.0,1.0,A01
201500044627,0,7,0,4.0,0.0,1.0,14.0,A01
201500044628,0,7,0,4.0,0.0,0.0,1.0,A01
201500044629,0,7,0,4.0,0.0,3.0,1.0,A01
201500044630,0,10,0,4.0,0.0,1.0,1.0,A01
201500044631,0,7,0,4.0,0.0,1.0,1.0,A01
201500044632,0,7,0,4.0,0.0,2.0,1.0,A01
201500044633,0,7,0,0.0,2.0,1.0,1.0,A01
201500044633,0,14,0,0.0,2.0,8.0,1.0,B01
201500044634,0,7,0,5.0,0.0,1.0,2.0,A01
201500044635,0,7,0,0.0,2.0,0.0,0.0,A01
201500044635,0,7,0,0.0,2.0,5.0,0.0,B01
201500044635,0,7,0,0.0,2.0,1.0,1.0,C01
201500044636,0,7,0,0.0,2.0,1.0,1.0,A01
201500044636,0,33,0,0.0,2.0,1.0,1.0,B01
201500044637,0,7,0,4.0,2.0,2.0,12.0,A01
201500044637,0,7,0,4.0,2.0,3.0,11.0,B01
201500044638,0,7,0,0.0,2.0,1.0,2.0,F01
201500044638,0,7,0,0.0,2.0,9.0,2.0,E01
201500044638,0,7,0,0.0,2.0,4.0,1.0,A01
201500044638,0,7,0,0.0,2.0,9.0,2.0,D01
201500044638,0,7,0,0.0,2.0,9.0,2.0,B01
201500044638,0,7,0,0.0,2.0,9.0,2.0,C01
201500044639,0,34,0,0.0,2.0,1.0,1.0,B01
201500044639,0,7,0,0.0,2.0,4.0,1.0,A01
201500044640,0,7,0,0.0,2.0,9.0,1.0,A01
201500044640,0,7,0,0.0,2.0,1.0,2.0,B01
201500044640,1,7,0,0.0,2.0,6.0,11.0,Z01
201500044641,0,7,0,4.0,0.0,3.0,17.0,A01
201500044642,0,7,0,4.0,0.0,1.0,1.0,A01
201500044643,0,7,0,4.0,2.0,9.0,1.0,A01
201500044643,0,7,0,0.0,2.0,8.0,1.0,B01
201500044644,0,7,0,4.0,0.0,0.0,0.0,A01
201500044645,0,10,0,4.0,0.0,8.0,1.0,A01
201500044646,0,7,0,4.0,0.0,3.0,1.0,A01
201500044647,0,7,0,0.0,2.0,3.0,1.0,A01
201500044647,0,15,0,0.0,2.0,2.0,12.0,B01
201500044648,0,33,0,0.0,2.0,1.0,3.0,A01
201500044648,0,10,0,0.0,2.0,5.0,12.0,B01
201500044649,0,7,0,0.0,2.0,1.0,2.0,C01
201500044649,0,7,0,0.0,2.0,4.0,1.0,A01
201500044649,0,10,0,0.0,2.0,9.0,2.0,B01
201500044650,0,7,0,0.0,2.0,4.0,2.0,A01
201500044650,0,7,0,0.0,2.0,1.0,2.0,B01
201500044651,0,7,0,0.0,2.0,5.0,12.0,A01
201500044651,0,33,0,0.0,2.0,8.0,3.0,B01
201500044652,0,7,0,0.0,2.0,6.0,11.0,A01
201500044652,0,33,0,0.0,2.0,1.0,1.0,B01
201500044653,0,7,0,0.0,0.0,4.0,2.0,A01