Num_Acc,senc,catv,occutc,obs,obsm,choc,manv,num_veh
201500044653,0,7,0,3.0,2.0,1.0,2.0,B01
201500044654,0,7,0,14.0,2.0,1.0,2.0,A01
201500044654,0,7,0,14.0,0.0,4.0,2.0,B01
201500044654,0,7,0,14.0,0.0,1.0,1.0,C01
201500044654,0,15,0,3.0,0.0,0.0,21.0,D01
201500044654,0,7,0,14.0,0.0,2.0,2.0,E01
201500044655,0,10,0,0.0,2.0,7.0,12.0,A01
201500044655,0,33,0,0.0,2.0,8.0,3.0,B01
201500044656,0,34,0,0.0,0.0,8.0,1.0,A01
201500044657,0,7,0,0.0,2.0,4.0,11.0,A01
201500044657,0,33,0,0.0,2.0,1.0,1.0,B01
201500044658,0,7,0,2.0,0.0,2.0,0.0,A01
201500044659,0,7,0,0.0,2.0,6.0,23.0,A01
201500044659,0,7,0,0.0,2.0,2.0,1.0,B01
201500044660,0,7,0,3.0,0.0,1.0,1.0,A01
201500044661,0,7,0,0.0,2.0,3.0,2.0,A01
201500044661,0,17,0,0.0,2.0,4.0,2.0,B01
201500044662,0,15,0,0.0,2.0,8.0,23.0,A01
201500044662,0,34,0,0.0,2.0,7.0,1.0,B01
201500044663,0,33,0,0.0,2.0,1.0,3.0,A01
201500044663,0,7,0,0.0,2.0,5.0,12.0,B01
201500044664,0,7,0,0.0,2.0,4.0,1.0,A01
201500044664,0,33,0,0.0,2.0,1.0,2.0,B01
201500044665,0,31,0,0.0,2.0,8.0,1.0,B01
201500044665,0,7,0,0.0,2.0,7.0,12.0,A01
201500044666,0,33,0,0.0,2.0,1.0,2.0,B01
201500044666,0,7,0,0.0,0.0,5.0,1.0,A01
201500044667,0,7,0,0.0,1.0,2.0,0.0,A01
201500044668,0,33,0,0.0,2.0,1.0,2.0,A01
201500044668,0,7,0,0.0,0.0,6.0,2.0,B01
201500044669,0,7,0,0.0,2.0,9.0,2.0,B01
201500044669,0,7,0,0.0,2.0,1.0,2.0,C01
201500044669,0,7,0,0.0,2.0,4.0,23.0,A01
201500044670,0,7,0,0.0,2.0,4.0,1.0,C01
201500044670,0,7,0,0.0,2.0,4.0,12.0,A01
201500044670,0,33,0,0.0,2.0,1.0,3.0,B01
201500044671,0,10,0,0.0,2.0,5.0,1.0,B01
201500044671,0,7,0,4.0,2.0,9.0,12.0,A01
201500044672,0,7,0,6.0,2.0,3.0,21.0,A01
201500044672,0,7,0,6.0,2.0,8.0,1.0,B01
201500044673,0,7,0,2.0,0.0,1.0,1.0,A01
201500044674,0,33,0,0.0,2.0,4.0,1.0,A01
201500044674,0,7,0,0.0,2.0,1.0,2.0,B01
201500044675,0,34,0,0.0,2.0,1.0,1.0,B01
201500044675,0,10,0,0.0,2.0,5.0,12.0,A01
201500044676,0,7,0,0.0,2.0,0.0,0.0,A01
201500044676,0,7,0,0.0,2.0,1.0,2.0,B01
201500044676,0,7,0,0.0,2.0,6.0,2.0,C01
201500044677,0,7,0,0.0,2.0,3.0,1.0,C01
201500044677,0,7,0,0.0,2.0,5.0,1.0,A01
201500044677,0,33,0,0.0,2.0,9.0,2.0,B01
201500044678,0,7,0,0.0,2.0,2.0,2.0,A01
201500044678,0,7,0,0.0,2.0,6.0,23.0,B01
201500044679,0,10,0,0.0,2.0,2.0,12.0,A01
201500044679,0,33,0,0.0,2.0,3.0,17.0,B01
201500044680,0,7,0,0.0,2.0,0.0,12.0,A01
201500044680,0,7,0,0.0,2.0,7.0,21.0,B01
201500044680,0,33,0,0.0,2.0,8.0,1.0,C01
201500044681,0,7,0,0.0,2.0,8.0,1.0,B01
201500044681,2,7,0,0.0,2.0,7.0,14.0,A01
201500044682,0,7,0,5.0,0.0,0.0,0.0,A01
201500044682,0,7,0,0.0,0.0,0.0,2.0,B01
201500044683,0,7,0,0.0,2.0,1.0,0.0,A01
201500044683,0,7,0,0.0,2.0,1.0,2.0,B01
201500044684,0,7,0,0.0,2.0,4.0,2.0,A01
201500044684,0,3,0,0.0,9.0,4.0,9.0,B01
201500044685,0,7,0,4.0,0.0,1.0,21.0,A01
201500044686,0,33,0,0.0,2.0,8.0,1.0,A01
201500044686,1,7,0,0.0,2.0,7.0,14.0,B01
201500044687,0,10,0,0.0,2.0,3.0,11.0,A01
201500044687,0,33,0,0.0,2.0,1.0,3.0,B01
201500044688,0,7,0,0.0,2.0,3.0,12.0,A01
201500044688,0,7,0,0.0,2.0,4.0,0.0,B01
201500044688,0,7,0,0.0,2.0,4.0,0.0,C01
201500044689,0,33,0,14.0,0.0,8.0,1.0,A01
201500044690,0,7,0,0.0,2.0,5.0,1.0,B01
201500044690,0,7,0,0.0,2.0,8.0,1.0,C01
201500044690,0,33,0,0.0,2.0,9.0,3.0,A01
201500044691,0,7,0,0.0,0.0,0.0,0.0,A01
201500044691,0,7,0,0.0,0.0,0.0,0.0,B01
201500044692,0,7,0,0.0,0.0,0.0,0.0,A01
201500044692,0,33,0,0.0,0.0,0.0,0.0,B01
201500044693,0,7,0,15.0,2.0,4.0,2.0,A01
201500044693,0,7,0,0.0,2.0,1.0,2.0,B01
201500044694,0,33,0,0.0,2.0,7.0,3.0,B01
201500044694,0,10,0,0.0,2.0,3.0,11.0,A01
201500044695,0,31,0,0.0,2.0,1.0,2.0,A01
201500044695,0,7,0,0.0,2.0,6.0,11.0,B01
201500044696,0,7,0,0.0,2.0,1.0,2.0,B01
201500044696,0,7,0,0.0,2.0,4.0,1.0,A01
201500044697,0,33,0,3.0,0.0,2.0,14.0,A01
201500044698,0,7,0,4.0,2.0,2.0,1.0,A01
201500044698,1,7,0,0.0,2.0,6.0,11.0,Z01
201500044699,0,33,0,0.0,9.0,7.0,0.0,A01
201500044700,0,33,0,0.0,2.0,9.0,3.0,B01
201500044700,0,7,0,0.0,2.0,2.0,12.0,A01
201500044700,0,7,0,0.0,2.0,8.0,1.0,C01
201500044701,0,7,0,0.0,2.0,5.0,2.0,A01
201500044701,0,7,0,0.0,2.0,5.0,2.0,B01
201500044702,0,33,0,0.0,2.0,1.0,3.0,A01
201500044702,0,7,0,0.0,2.0,2.0,12.0,B01
201500044703,0,15,0,0.0,2.0,2.0,12.0,B01
201500044703,0,7,0,0.0,2.0,6.0,1.0,A01
201500044704,0,34,0,0.0,2.0,1.0,21.0,A01
201500044704,0,7,0,0.0,2.0,6.0,11.0,B01
201500044705,0,7,0,0.0,2.0,9.0,2.0,B01
201500044705,0,7,0,0.0,2.0,4.0,1.0,A01
201500044705,0,7,0,0.0,2.0,9.0,2.0,C01
201500044705,0,7,0,0.0,2.0,1.0,2.0,D01
201500044706,0,7,0,0.0,2.0,4.0,2.0,A01
201500044706,0,7,0,0.0,2.0,1.0,2.0,B01
201500044707,0,33,0,3.0,0.0,1.0,1.0,A01
201500044708,0,7,0,0.0,0.0,0.0,0.0,A01
201500044709,0,7,0,0.0,2.0,1.0,2.0,B01
201500044709,0,7,0,0.0,2.0,5.0,1.0,A01
201500044710,0,33,0,4.0,0.0,3.0,13.0,A01
201500044711,0,33,0,0.0,9.0,7.0,2.0,A01
201500044712,0,7,0,0.0,2.0,2.0,2.0,A01
201500044712,0,7,0,0.0,0.0,4.0,2.0,B01
201500044713,0,7,0,0.0,2.0,9.0,2.0,B01
201500044713,1,7,0,0.0,2.0,9.0,1.0,Z01
201500044713,0,7,0,0.0,2.0,2.0,2.0,C01
201500044713,0,7,0,0.0,2.0,5.0,12.0,A01
201500044714,0,33,0,6.0,0.0,8.0,13.0,A01
201500044715,0,7,0,0.0,2.0,4.0,1.0,B01
201500044715,0,33,0,0.0,2.0,1.0,2.0,A01
201500044716,0,7,0,0.0,2.0,3.0,1.0,A01
201500044716,0,7,0,0.0,2.0,1.0,2.0,B01
201500044717,0,10,0,4.0,0.0,3.0,1.0,A01
201500044718,0,7,0,6.0,0.0,1.0,21.0,A01
201500044719,0,33,0,0.0,2.0,3.0,3.0,B01
201500044719,0,10,0,0.0,2.0,2.0,12.0,A01
201500044720,0,33,0,0.0,2.0,2.0,1.0,B01
201500044720,0,10,0,0.0,2.0,6.0,11.0,A01
201500044721,0,7,0,0.0,2.0,4.0,1.0,C01
201500044721,0,15,0,0.0,2.0,1.0,1.0,A01
201500044721,0,33,0,0.0,2.0,4.0,11.0,B01
201500044722,0,7,0,0.0,2.0,0.0,2.0,A01
201500044722,0,17,0,0.0,2.0,6.0,2.0,B01
201500044723,1,7,0,0.0,2.0,7.0,12.0,Z01
201500044723,0,33,0,0.0,2.0,8.0,1.0,A01
201500044724,0,34,0,0.0,0.0,0.0,2.0,A01
201500044725,0,7,0,0.0,2.0,1.0,2.0,A01
201500044725,0,7,0,0.0,2.0,5.0,2.0,B01
201500044725,0,7,0,0.0,2.0,4.0,2.0,C01
201500044726,0,7,0,0.0,2.0,4.0,1.0,A01
201500044726,0,7,0,3.0,2.0,1.0,11.0,B01
201500044727,0,17,0,0.0,0.0,4.0,2.0,A01
201500044727,0,7,0,0.0,2.0,4.0,2.0,B01
201500044727,0,7,0,0.0,2.0,4.0,2.0,C01
201500044727,0,7,0,0.0,2.0,4.0,2.0,D01
201500044727,0,17,0,0.0,2.0,1.0,2.0,E01
201500044728,0,7,0,0.0,2.0,3.0,11.0,A01
201500044728,0,33,0,0.0,2.0,7.0,3.0,B01
201500044729,1,7,0,0.0,2.0,4.0,1.0,A01
201500044730,0,7,0,0.0,2.0,8.0,23.0,C01
201500044730,0,33,0,3.0,2.0,9.0,3.0,A01
201500044730,0,7,0,0.0,2.0,3.0,23.0,B01
201500044731,0,33,0,0.0,2.0,0.0,0.0,A01
201500044731,0,7,0,0.0,2.0,0.0,0.0,B01
201500044731,0,7,0,0.0,2.0,0.0,0.0,C01
201500044732,0,34,0,0.0,2.0,4.0,1.0,A01
201500044732,0,34,0,0.0,2.0,1.0,13.0,B01
201500044733,0,33,0,0.0,2.0,7.0,3.0,B01
201500044733,0,7,0,0.0,2.0,8.0,11.0,A01
201500044734,0,7,0,0.0,2.0,5.0,1.0,A01
201500044734,0,7,0,0.0,2.0,3.0,11.0,B01
201500044734,0,31,0,0.0,2.0,1.0,3.0,C01
201500044735,0,7,0,3.0,0.0,1.0,1.0,A01
201500044736,0,33,0,0.0,2.0,1.0,0.0,A01
201500044736,0,7,0,0.0,2.0,8.0,0.0,B01
201500044737,0,31,0,0.0,2.0,1.0,2.0,B01
201500044737,0,33,0,0.0,2.0,4.0,23.0,A01
201500044738,0,33,0,0.0,2.0,1.0,3.0,C01
201500044738,0,10,0,0.0,2.0,6.0,1.0,A01
201500044738,0,10,0,0.0,2.0,3.0,13.0,B01
201500044739,0,7,0,4.0,0.0,1.0,1.0,A01
201500044740,0,31,0,0.0,2.0,7.0,3.0,B01
201500044740,0,7,0,0.0,2.0,6.0,11.0,A01
201500044741,0,7,0,0.0,2.0,2.0,12.0,A01
201500044741,0,7,0,0.0,2.0,6.0,1.0,B01
201500044741,0,7,0,0.0,2.0,4.0,1.0,C01
201500044742,0,7,0,0.0,2.0,4.0,2.0,A01
201500044742,0,7,0,0.0,2.0,4.0,2.0,B01
201500044742,0,17,0,0.0,2.0,1.0,2.0,C01
201500044743,0,13,0,0.0,2.0,4.0,0.0,A01
201500044743,0,7,0,0.0,2.0,4.0,0.0,B01
201500044743,0,7,0,0.0,2.0,1.0,0.0,C01
201500044744,0,7,0,0.0,2.0,7.0,12.0,A01
201500044744,0,33,0,0.0,2.0,8.0,2.0,B01
201500044745,0,7,0,0.0,0.0,0.0,0.0,A01
201500044745,0,13,0,0.0,0.0,0.0,0.0,B01
201500044746,0,7,0,13.0,0.0,0.0,0.0,A01
201500044747,0,33,0,16.0,0.0,7.0,1.0,A01
201500044748,0,7,0,4.0,0.0,3.0,0.0,A01
201500044749,0,7,0,0.0,2.0,6.0,11.0,A01
201500044749,0,33,0,0.0,2.0,1.0,3.0,B01
201500044750,0,15,0,0.0,2.0,2.0,12.0,A01
201500044750,0,7,0,0.0,2.0,8.0,1.0,B01
201500044751,0,33,0,0.0,2.0,0.0,0.0,A01
201500044751,0,7,0,0.0,2.0,0.0,0.0,B01
201500044751,0,7,0,0.0,2.0,0.0,0.0,C01
201500044752,0,7,0,0.0,2.0,6.0,2.0,A01
201500044752,0,7,0,0.0,2.0,3.0,2.0,B01
201500044753,0,33,0,0.0,2.0,6.0,3.0,B01
201500044753,0,7,0,0.0,2.0,2.0,12.0,A01
201500044754,0,10,0,0.0,2.0,9.0,1.0,C01
201500044754,0,15,0,0.0,2.0,3.0,1.0,D01
201500044754,0,33,0,0.0,2.0,1.0,3.0,A01
201500044754,0,7,0,0.0,2.0,5.0,1.0,B01
201500044755,0,7,0,0.0,2.0,1.0,2.0,B01
201500044755,0,7,0,0.0,2.0,4.0,23.0,A01
201500044756,0,33,0,16.0,0.0,9.0,18.0,A01
201500044757,0,10,0,0.0,0.0,9.0,2.0,A01
201500044758,0,33,0,16.0,0.0,8.0,1.0,A01
201500044759,0,7,0,0.0,2.0,1.0,2.0,C01
201500044759,0,7,0,0.0,2.0,4.0,23.0,A01
201500044759,0,7,0,0.0,2.0,9.0,23.0,B01
201500044760,0,31,0,16.0,0.0,8.0,1.0,A01
201500044761,0,34,0,16.0,0.0,8.0,1.0,A01
201500044762,0,7,0,13.0,0.0,2.0,1.0,A01
201500044763,0,7,0,0.0,2.0,6.0,1.0,B01
201500044763,0,7,0,0.0,2.0,9.0,21.0,A01
201500044764,0,15,0,0.0,2.0,0.0,9.0,A01
201500044764,0,10,0,0.0,0.0,0.0,0.0,B01
201500044765,0,7,0,0.0,2.0,1.0,2.0,C01
201500044765,0,7,0,0.0,2.0,4.0,1.0,A01
201500044765,0,7,0,0.0,2.0,9.0,2.0,B01
201500044766,0,33,0,0.0,2.0,7.0,3.0,A01
201500044766,0,7,0,0.0,2.0,3.0,11.0,B01
201500044767,0,10,0,0.0,2.0,5.0,12.0,A01
201500044767,0,31,0,0.0,2.0,1.0,3.0,B01
201500044768,0,7,0,0.0,2.0,5.0,1.0,A01
201500044768,0,7,0,0.0,2.0,7.0,12.0,C01
201500044768,0,7,0,0.0,2.0,6.0,1.0,B01
201500044768,0,33,0,0.0,2.0,9.0,3.0,D01
201500044769,0,33,0,0.0,2.0,1.0,17.0,A01
201500044769,0,33,0,0.0,0.0,4.0,1.0,B01
201500044770,0,7,0,0.0,2.0,0.0,0.0,B01
201500044770,0,7,0,0.0,2.0,1.0,0.0,A01
201500044771,0,7,0,0.0,2.0,6.0,11.0,A01
201500044771,0,33,0,0.0,2.0,1.0,12.0,B01
201500044772,0,10,0,4.0,0.0,8.0,1.0,A01
201500044773,0,7,0,0.0,2.0,7.0,12.0,A01
201500044773,0,7,0,3.0,0.0,7.0,2.0,B01
201500044773,0,7,0,0.0,0.0,8.0,18.0,C01
201500044774,0,33,0,0.0,2.0,1.0,2.0,A01
201500044774,0,7,0,0.0,2.0,4.0,1.0,B01
201500044775,0,7,0,4.0,2.0,4.0,1.0,A01
201500044775,1,7,0,0.0,2.0,1.0,2.0,Z01
201500044776,0,32,0,3.0,0.0,8.0,1.0,A01
201500044777,0,7,0,4.0,0.0,9.0,1.0,A01
201500044778,0,17,0,0.0,2.0,2.0,12.0,A01
201500044778,0,7,0,4.0,2.0,8.0,1.0,B01
201500044779,0,7,0,0.0,2.0,4.0,1.0,B01
201500044779,0,33,0,6.0,2.0,9.0,14.0,A01
201500044780,0,7,0,0.0,2.0,6.0,11.0,A01
201500044780,0,34,0,0.0,2.0,1.0,1.0,B01
201500044781,0,7,0,4.0,2.0,6.0,1.0,A01
201500044781,1,13,0,0.0,2.0,2.0,12.0,Z01
201500044782,0,7,0,0.0,2.0,8.0,11.0,A01
201500044782,0,7,0,0.0,0.0,0.0,0.0,B01
201500044783,0,7,0,0.0,2.0,4.0,1.0,A01
201500044783,0,7,0,0.0,2.0,1.0,0.0,B01
201500044784,0,7,0,0.0,2.0,4.0,1.0,A01
201500044784,0,7,0,0.0,2.0,1.0,2.0,B01
201500044784,0,7,0,14.0,0.0,2.0,1.0,C01
201500044785,0,7,0,0.0,0.0,0.0,11.0,A01
201500044785,0,34,0,0.0,0.0,7.0,1.0,B01
201500044786,0,7,0,2.0,0.0,1.0,2.0,A01
201500044787,0,7,0,0.0,2.0,5.0,23.0,A01
201500044787,0,33,0,0.0,2.0,1.0,2.0,B01
201500044788,0,7,0,4.0,0.0,1.0,11.0,A01
201500044789,0,10,0,0.0,2.0,4.0,23.0,A01
201500044789,0,7,0,1.0,0.0,1.0,14.0,B01
201500044790,0,33,0,0.0,2.0,1.0,2.0,A01
201500044790,0,7,0,0.0,2.0,6.0,9.0,B01
201500044791,0,7,0,13.0,0.0,0.0,14.0,A01
201500044792,0,7,0,0.0,2.0,6.0,11.0,A01
201500044792,0,33,0,0.0,2.0,1.0,1.0,B01
201500044793,0,7,0,0.0,2.0,4.0,1.0,A01
201500044793,0,7,0,0.0,2.0,1.0,14.0,B01
201500044794,0,7,0,3.0,0.0,1.0,2.0,A01
201500044795,0,33,0,0.0,2.0,4.0,2.0,A01
201500044795,0,7,0,0.0,2.0,2.0,11.0,B01
201500044796,0,7,0,0.0,2.0,5.0,23.0,D01
201500044796,0,7,0,0.0,2.0,6.0,21.0,C01
201500044796,0,33,0,0.0,2.0,1.0,21.0,E01
201500044796,0,7,0,0.0,2.0,7.0,1.0,B01
201500044796,0,7,0,0.0,2.0,3.0,11.0,A01
201500044797,0,34,0,16.0,0.0,3.0,21.0,A01
201500044798,0,7,0,6.0,0.0,3.0,1.0,A01
201500044799,0,7,0,4.0,0.0,3.0,19.0,A01
201500044800,0,10,0,0.0,2.0,3.0,11.0,A01
201500044800,0,33,0,0.0,2.0,7.0,1.0,B01
201500044801,0,7,0,0.0,2.0,1.0,1.0,B01
201500044801,0,7,0,4.0,2.0,9.0,11.0,A01
201500044802,0,10,0,0.0,2.0,4.0,0.0,A01
201500044802,0,7,0,0.0,2.0,1.0,0.0,B01
201500044802,0,7,0,0.0,2.0,4.0,0.0,C01
201500044802,0,7,0,0.0,2.0,0.0,0.0,D01
201500044802,1,7,0,0.0,2.0,1.0,0.0,Z01
201500044803,0,7,0,0.0,2.0,6.0,23.0,B01
201500044803,0,7,0,0.0,2.0,1.0,2.0,A01
201500044804,0,7,0,0.0,2.0,1.0,1.0,A01
201500044804,0,13,0,0.0,2.0,4.0,1.0,B01
201500044805,0,7,0,0.0,2.0,5.0,1.0,A01
201500044805,0,33,0,0.0,2.0,1.0,21.0,B01
201500044806,0,7,0,0.0,2.0,4.0,2.0,B01
201500044806,0,7,0,0.0,2.0,1.0,2.0,A01
201500044806,0,10,0,0.0,2.0,4.0,2.0,C01
201500044807,0,7,0,0.0,2.0,3.0,11.0,A01
201500044807,0,7,0,0.0,2.0,5.0,1.0,B01
201500044808,0,7,0,0.0,2.0,1.0,2.0,A01
201500044808,0,7,0,0.0,2.0,4.0,1.0,B01
201500044809,0,7,0,0.0,2.0,4.0,1.0,A01
201500044809,0,7,0,0.0,2.0,1.0,2.0,B01
201500044810,0,7,0,0.0,2.0,9.0,23.0,B01
201500044810,0,7,0,0.0,2.0,4.0,23.0,A01
201500044810,0,7,0,0.0,2.0,1.0,2.0,C01
201500044811,0,7,0,0.0,2.0,1.0,2.0,A01
201500044811,0,7,0,0.0,2.0,4.0,23.0,B01
201500044812,0,33,0,0.0,0.0,7.0,3.0,A01
201500044812,0,7,0,0.0,2.0,3.0,11.0,B01
201500044813,0,33,0,0.0,2.0,1.0,2.0,A01
201500044813,0,10,0,0.0,0.0,4.0,2.0,B01
201500044814,0,15,0,0.0,2.0,4.0,1.0,A01
201500044814,0,14,0,0.0,2.0,1.0,2.0,B01
201500044815,0,7,0,0.0,2.0,1.0,2.0,A01
201500044815,0,7,0,0.0,2.0,4.0,1.0,B01
201500044816,0,7,0,0.0,2.0,6.0,2.0,A01
201500044816,0,33,0,0.0,2.0,1.0,3.0,B01
201500044817,0,7,0,0.0,2.0,7.0,14.0,A01
201500044817,0,15,0,0.0,2.0,3.0,1.0,B01
201500044817,0,33,0,0.0,2.0,5.0,1.0,C01
201500044818,0,7,0,0.0,0.0,0.0,0.0,C01
201500044818,0,14,0,0.0,0.0,0.0,0.0,A01
201500044818,0,7,0,0.0,0.0,0.0,0.0,B01
201500044819,0,33,0,0.0,2.0,1.0,2.0,A01
201500044819,0,7,0,0.0,2.0,4.0,23.0,B01
201500044820,0,33,0,16.0,0.0,0.0,0.0,A01
201500044821,0,7,0,0.0,2.0,1.0,1.0,B01
201500044821,0,7,0,3.0,2.0,9.0,1.0,A01
201500044822,0,7,0,0.0,2.0,8.0,11.0,A01
201500044822,0,33,0,0.0,2.0,1.0,3.0,B01
201500044823,0,33,0,0.0,2.0,1.0,3.0,A01
201500044823,0,7,0,0.0,2.0,4.0,1.0,B01
201500044824,0,7,0,0.0,2.0,4.0,1.0,B01
201500044824,0,7,0,0.0,2.0,1.0,2.0,A01
201500044825,0,7,0,0.0,2.0,8.0,1.0,A01
201500044825,0,14,0,0.0,2.0,2.0,12.0,B01
201500044826,0,31,0,0.0,2.0,1.0,2.0,C01
201500044826,0,7,0,0.0,2.0,4.0,1.0,A01
201500044826,0,7,0,0.0,2.0,9.0,2.0,B01
201500044827,0,33,0,0.0,0.0,7.0,3.0,A01
201500044828,0,33,0,4.0,0.0,0.0,0.0,A01
201500044829,0,7,0,0.0,2.0,4.0,1.0,A01
201500044829,0,33,0,0.0,2.0,1.0,2.0,B01
201500044830,0,33,0,0.0,2.0,1.0,0.0,A01
201500044830,0,7,0,0.0,2.0,7.0,0.0,B01
201500044831,0,7,0,0.0,2.0,4.0,1.0,C01
201500044831,0,14,0,0.0,2.0,1.0,2.0,A01
201500044831,0,10,0,0.0,2.0,9.0,2.0,B01
201500044832,0,32,0,0.0,2.0,1.0,3.0,A01
201500044832,0,33,0,0.0,2.0,4.0,3.0,B01
201500044833,0,7,0,3.0,2.0,1.0,21.0,A01
201500044833,0,7,0,0.0,2.0,5.0,2.0,B01
201500044834,0,7,0,0.0,2.0,4.0,2.0,A01
201500044834,0,7,0,0.0,2.0,1.0,2.0,B01
201500044835,0,7,0,0.0,2.0,4.0,23.0,A01
201500044835,0,7,0,0.0,2.0,1.0,2.0,B01
201500044836,0,7,0,0.0,2.0,5.0,0.0,A01
201500044837,0,7,0,4.0,0.0,1.0,1.0,A01
201500044838,0,7,0,3.0,0.0,2.0,14.0,A01
201500044839,0,7,0,3.0,0.0,1.0,2.0,A01
201500044839,0,7,0,0.0,2.0,1.0,2.0,B01
201500044840,0,7,0,3.0,0.0,1.0,1.0,A01
201500044841,0,3,0,4.0,0.0,1.0,23.0,A01
201500044841,0,7,0,14.0,2.0,1.0,11.0,B01
201500044842,0,7,0,3.0,2.0,3.0,0.0,A01
201500044842,0,7,0,3.0,0.0,1.0,0.0,B01
201500044843,0,10,0,0.0,2.0,7.0,1.0,A01
201500044843,0,7,0,0.0,2.0,2.0,2.0,B01
201500044844,0,7,0,6.0,0.0,3.0,9.0,A01
201500044845,0,7,0,0.0,2.0,4.0,2.0,C01
201500044845,0,7,0,0.0,2.0,4.0,2.0,B01
201500044845,0,7,0,0.0,2.0,1.0,2.0,A01
201500044846,0,7,0,0.0,2.0,4.0,23.0,B01
201500044846,0,7,0,0.0,2.0,1.0,2.0,A01
201500044847,0,7,0,0.0,2.0,7.0,12.0,A01
201500044847,0,33,0,0.0,2.0,3.0,3.0,B01
201500044848,0,7,0,0.0,2.0,1.0,0.0,A01
201500044848,0,7,0,0.0,2.0,4.0,0.0,B01
201500044849,0,7,0,0.0,2.0,1.0,0.0,C01
201500044849,0,7,0,0.0,2.0,4.0,2.0,B01
201500044849,0,7,0,4.0,2.0,1.0,2.0,A01
201500044850,1,7,0,0.0,2.0,4.0,1.0,B01
201500044850,0,33,0,0.0,2.0,1.0,2.0,A01
201500044851,0,33,0,0.0,0.0,8.0,11.0,A01
201500044852,0,33,0,0.0,2.0,1.0,3.0,B01
201500044852,0,10,0,0.0,2.0,8.0,1.0,A01
201500044853,0,17,0,3.0,2.0,9.0,17.0,A01
201500044853,0,7,0,0.0,0.0,3.0,1.0,C01
201500044853,0,17,0,3.0,2.0,1.0,1.0,B01
201500044853,0,7,0,0.0,2.0,3.0,1.0,D01
201500044854,0,7,0,0.0,2.0,4.0,1.0,A01
201500044854,0,31,0,0.0,2.0,1.0,2.0,B01
201500044855,0,7,0,0.0,2.0,7.0,12.0,A01
201500044855,0,33,0,0.0,2.0,8.0,3.0,B01
201500044856,0,7,0,0.0,2.0,8.0,1.0,B01
201500044856,0,10,0,0.0,2.0,2.0,17.0,A01
201500044857,0,33,0,0.0,0.0,3.0,3.0,A01
201500044858,0,7,0,4.0,0.0,1.0,21.0,A01
201500044859,0,7,0,0.0,2.0,2.0,1.0,B01
201500044859,0,33,0,0.0,2.0,6.0,1.0,A01
201500044860,0,7,0,0.0,2.0,5.0,23.0,B01
201500044860,0,7,0,4.0,1.0,3.0,1.0,C01
201500044860,0,7,0,6.0,0.0,3.0,1.0,A01
201500044861,0,7,0,1.0,2.0,4.0,23.0,B01
201500044861,0,7,0,1.0,2.0,1.0,2.0,C01
201500044861,0,7,0,0.0,2.0,4.0,23.0,A01
201500044862,0,7,0,3.0,2.0,1.0,13.0,B01
201500044862,0,10,0,0.0,2.0,4.0,23.0,A01
201500044863,0,15,0,0.0,0.0,4.0,2.0,A01
201500044863,0,15,0,0.0,2.0,1.0,2.0,B01
201500044864,0,10,0,0.0,2.0,2.0,2.0,A01
201500044864,0,10,0,0.0,2.0,6.0,23.0,B01
201500044865,0,7,0,0.0,2.0,7.0,12.0,A01
201500044865,0,31,0,0.0,2.0,1.0,3.0,B01
201500044866,0,7,0,0.0,0.0,4.0,2.0,A01
201500044866,0,7,0,0.0,0.0,4.0,2.0,B01
201500044866,0,7,0,0.0,0.0,0.0,0.0,C01
201500044866,0,7,0,0.0,0.0,0.0,0.0,D01
201500044867,0,7,0,0.0,2.0,6.0,13.0,A01
201500044867,0,15,0,0.0,2.0,2.0,1.0,B01
201500044867,0,7,0,0.0,2.0,7.0,1.0,C01
201500044868,0,33,0,0.0,2.0,7.0,1.0,A01
201500044868,1,7,0,0.0,2.0,8.0,11.0,B01
201500044869,0,7,0,0.0,0.0,9.0,17.0,A01
201500044870,0,7,0,4.0,0.0,1.0,13.0,A01
201500044871,0,33,0,0.0,2.0,1.0,3.0,A01
201500044871,0,7,0,0.0,2.0,4.0,11.0,B01
201500044872,0,7,0,0.0,0.0,0.0,0.0,A01
201500044873,0,7,0,0.0,2.0,6.0,2.0,A01
201500044873,0,7,0,0.0,2.0,1.0,2.0,B01
201500044873,0,7,0,0.0,2.0,3.0,1.0,C01
201500044873,0,7,0,0.0,2.0,4.0,13.0,D01
201500044873,0,7,0,0.0,2.0,1.0,2.0,E01
201500044873,0,33,0,0.0,2.0,1.0,1.0,F02
201500044874,0,7,0,0.0,2.0,8.0,1.0,B01
201500044874,0,15,0,0.0,2.0,2.0,12.0,A01
201500044875,0,7,0,0.0,2.0,4.0,1.0,A01
201500044875,0,33,0,0.0,2.0,1.0,3.0,B01
201500044875,0,7,0,0.0,2.0,3.0,1.0,C01
201500044876,0,33,0,0.0,0.0,0.0,0.0,A01
201500044876,0,7,0,0.0,0.0,0.0,0.0,B01
201500044876,0,7,0,0.0,0.0,0.0,0.0,C01
201500044877,0,32,0,0.0,0.0,7.0,1.0,A01
201500044878,1,10,0,0.0,2.0,3.0,11.0,Z01
201500044878,0,32,0,0.0,2.0,7.0,3.0,A01
201500044879,0,7,0,0.0,2.0,5.0,12.0,B01
201500044879,0,33,0,0.0,2.0,1.0,3.0,A01
201500044880,0,33,0,0.0,2.0,4.0,14.0,B01