Num_Acc,senc,catv,occutc,obs,obsm,choc,manv,num_veh
201500045103,0,7,0,0.0,2.0,1.0,2.0,B01
201500045104,0,7,0,0.0,2.0,4.0,2.0,A01
201500045104,0,15,0,0.0,2.0,1.0,1.0,B01
201500045105,0,7,0,0.0,2.0,1.0,12.0,A01
201500045105,0,7,0,0.0,2.0,8.0,1.0,B01
201500045106,0,7,0,4.0,0.0,1.0,1.0,A01
201500045107,0,7,0,0.0,2.0,4.0,2.0,B01
201500045107,0,7,0,0.0,2.0,1.0,2.0,A01
201500045107,0,33,0,0.0,2.0,1.0,3.0,C01
201500045108,0,7,0,4.0,0.0,1.0,17.0,A01
201500045109,0,33,0,4.0,0.0,7.0,0.0,A01
201500045110,0,7,0,0.0,2.0,6.0,2.0,B01
201500045110,0,7,0,0.0,9.0,2.0,14.0,A01
201500045111,0,3,0,4.0,0.0,1.0,14.0,A01
201500045112,0,7,0,,2.0,3.0,2.0,B01
201500045112,0,7,0,0.0,2.0,1.0,12.0,A01
201500045113,0,7,0,3.0,0.0,1.0,12.0,A01
201500045114,0,7,0,3.0,0.0,1.0,1.0,A01
201500045115,0,31,0,0.0,2.0,7.0,0.0,A01
201500045115,0,7,0,0.0,2.0,7.0,0.0,B01
201500045116,0,7,0,0.0,2.0,1.0,1.0,A01
201500045116,0,7,0,0.0,2.0,4.0,2.0,B01
201500045117,0,7,0,0.0,2.0,3.0,1.0,B01
201500045117,0,33,0,0.0,2.0,2.0,9.0,A01
201500045118,0,7,0,4.0,0.0,3.0,13.0,A01
201500045119,0,7,0,13.0,0.0,3.0,14.0,A01
201500045120,0,7,0,4.0,0.0,3.0,13.0,A01
201500045121,0,7,0,0.0,2.0,8.0,11.0,A01
201500045121,0,33,0,0.0,2.0,7.0,2.0,B01
201500045122,0,7,0,4.0,0.0,3.0,13.0,A01
201500045123,0,7,0,0.0,2.0,0.0,0.0,C01
201500045123,0,15,0,0.0,2.0,1.0,0.0,A01
201500045123,0,7,0,0.0,2.0,0.0,0.0,B01
201500045124,0,7,0,0.0,2.0,1.0,2.0,A01
201500045124,0,7,0,0.0,0.0,0.0,0.0,B01
201500045125,0,7,0,0.0,0.0,9.0,9.0,A01
201500045126,0,7,0,4.0,0.0,1.0,13.0,A01
201500045127,0,15,0,0.0,1.0,1.0,0.0,A01
201500045128,0,34,0,0.0,0.0,0.0,0.0,A01
201500045129,0,33,0,0.0,2.0,1.0,1.0,A01
201500045129,0,7,0,0.0,2.0,6.0,11.0,B01
201500045130,0,33,0,0.0,0.0,2.0,1.0,A01
201500045131,0,7,0,0.0,2.0,4.0,2.0,A01
201500045131,0,7,0,0.0,2.0,1.0,1.0,B01
201500045132,0,33,0,0.0,2.0,6.0,2.0,B01
201500045132,0,7,0,0.0,2.0,2.0,12.0,A01
201500045133,0,14,0,0.0,2.0,6.0,2.0,B01
201500045133,0,7,0,4.0,2.0,1.0,1.0,A01
201500045134,0,33,0,0.0,0.0,0.0,0.0,A01
201500045135,0,7,0,0.0,2.0,5.0,12.0,B01
201500045135,0,33,0,0.0,2.0,3.0,3.0,A01
201500045136,0,7,0,4.0,0.0,0.0,0.0,A01
201500045137,0,7,0,3.0,0.0,3.0,1.0,A01
201500045138,0,7,0,4.0,0.0,2.0,14.0,A01
201500045139,0,7,0,0.0,2.0,4.0,0.0,A01
201500045139,0,7,0,0.0,2.0,1.0,0.0,B01
201500045140,0,7,0,0.0,2.0,4.0,0.0,A01
201500045140,0,7,0,0.0,2.0,1.0,0.0,B01
201500045140,0,7,0,0.0,2.0,0.0,0.0,C01
201500045141,0,7,0,0.0,0.0,0.0,0.0,A01
201500045142,0,7,0,0.0,2.0,0.0,0.0,A01
201500045142,0,7,0,0.0,2.0,0.0,0.0,B01
201500045143,0,7,0,0.0,2.0,0.0,0.0,C01
201500045143,0,7,0,0.0,2.0,0.0,0.0,A01
201500045143,0,7,0,0.0,2.0,0.0,0.0,D01
201500045143,0,7,0,0.0,2.0,0.0,0.0,B01
201500045144,0,15,0,16.0,0.0,1.0,1.0,A01
201500045145,0,7,0,4.0,0.0,1.0,0.0,A01
201500045146,2,7,0,0.0,2.0,3.0,0.0,C01
201500045146,0,7,0,0.0,0.0,8.0,1.0,A01
201500045146,0,7,0,0.0,0.0,8.0,1.0,B01
201500045147,0,7,0,0.0,2.0,1.0,1.0,B01
201500045147,0,7,0,0.0,2.0,1.0,1.0,C01
201500045147,0,7,0,0.0,2.0,1.0,1.0,A01
201500045148,0,7,0,4.0,0.0,9.0,0.0,A01
201500045149,0,7,0,4.0,0.0,1.0,14.0,A01
201500045150,0,33,0,0.0,0.0,7.0,0.0,A01
201500045151,0,7,0,4.0,0.0,1.0,0.0,A01
201500045152,0,7,0,4.0,0.0,1.0,13.0,A01
201500045153,0,7,0,4.0,0.0,2.0,14.0,A01
201500045154,0,10,0,0.0,2.0,1.0,0.0,D01
201500045154,0,10,0,0.0,2.0,4.0,0.0,B01
201500045154,0,10,0,0.0,2.0,4.0,0.0,A01
201500045154,0,10,0,0.0,2.0,4.0,0.0,C01
201500045155,0,7,0,0.0,2.0,8.0,11.0,A01
201500045155,0,34,0,0.0,2.0,1.0,3.0,B01
201500045156,0,7,0,0.0,2.0,1.0,0.0,A01
201500045156,0,7,0,0.0,2.0,3.0,0.0,C01
201500045156,0,15,0,0.0,2.0,4.0,0.0,B01
201500045157,0,7,0,0.0,2.0,6.0,1.0,B01
201500045157,0,17,0,0.0,2.0,2.0,1.0,A01
201500045158,0,7,0,0.0,2.0,4.0,0.0,A01
201500045158,0,7,0,0.0,2.0,1.0,0.0,B01
201500045159,0,32,0,0.0,2.0,8.0,1.0,A01
201500045159,0,7,0,0.0,2.0,2.0,0.0,B01
201500045160,0,7,0,0.0,0.0,0.0,0.0,B01
201500045160,0,7,0,0.0,2.0,4.0,0.0,A01
201500045161,0,7,0,4.0,0.0,1.0,0.0,A01
201500045162,0,7,0,0.0,2.0,3.0,11.0,A01
201500045162,0,34,0,0.0,2.0,1.0,0.0,B01
201500045163,0,7,0,0.0,2.0,3.0,5.0,A01
201500045163,0,15,0,0.0,2.0,3.0,2.0,B01
201500045164,0,7,0,0.0,0.0,4.0,2.0,B01
201500045164,0,7,0,0.0,2.0,1.0,2.0,A01
201500045165,0,7,0,3.0,0.0,0.0,0.0,A01
201500045166,0,7,0,0.0,2.0,7.0,1.0,B01
201500045166,0,7,0,0.0,2.0,4.0,2.0,C01
201500045166,0,7,0,0.0,2.0,1.0,1.0,A01
201500045167,0,34,0,0.0,0.0,0.0,0.0,A01
201500045167,0,1,0,0.0,0.0,0.0,0.0,B01
201500045167,0,1,0,0.0,0.0,0.0,0.0,C01
201500045168,0,7,0,0.0,2.0,5.0,0.0,A01
201500045168,0,7,0,0.0,2.0,3.0,0.0,B01
201500045169,0,7,0,2.0,0.0,1.0,6.0,A01
201500045170,0,7,0,4.0,0.0,1.0,14.0,A01
201500045171,0,7,0,0.0,1.0,2.0,1.0,B01
201500045172,0,15,0,0.0,2.0,5.0,2.0,B01
201500045172,0,10,0,0.0,2.0,1.0,1.0,A01
201500045173,0,7,0,0.0,2.0,8.0,1.0,B01
201500045173,0,7,0,0.0,2.0,2.0,18.0,A01
201500045174,0,7,0,16.0,0.0,5.0,21.0,A01
201500045175,0,7,0,0.0,2.0,0.0,0.0,D01
201500045175,0,7,0,0.0,2.0,0.0,0.0,A01
201500045175,0,7,0,0.0,2.0,0.0,0.0,B01
201500045175,0,7,0,0.0,2.0,0.0,0.0,C01
201500045176,0,34,0,0.0,1.0,2.0,2.0,A01
201500045177,0,34,0,0.0,0.0,0.0,0.0,A01
201500045178,0,7,0,4.0,0.0,2.0,14.0,A01
201500045179,0,7,0,1.0,2.0,2.0,14.0,A01
201500045179,0,7,0,0.0,2.0,6.0,24.0,B01
201500045179,0,7,0,0.0,2.0,1.0,2.0,C01
201500045179,0,7,0,0.0,2.0,1.0,2.0,D01
201500045180,0,7,0,16.0,0.0,9.0,1.0,A01
201500045181,0,7,0,0.0,2.0,1.0,1.0,A01
201500045181,0,7,0,0.0,2.0,4.0,2.0,B01
201500045182,0,7,0,0.0,0.0,0.0,0.0,A01
201500045183,0,7,0,4.0,0.0,2.0,2.0,A01
201500045184,0,7,0,16.0,0.0,9.0,1.0,A01
201500045185,0,7,0,0.0,2.0,1.0,0.0,A01
201500045185,0,7,0,0.0,2.0,4.0,0.0,B01
201500045186,0,1,0,5.0,0.0,8.0,14.0,A01
201500045187,0,33,0,0.0,2.0,4.0,21.0,A01
201500045187,0,7,0,0.0,2.0,3.0,9.0,B01
201500045187,0,7,0,0.0,2.0,2.0,2.0,C01
201500045188,0,7,0,0.0,2.0,1.0,0.0,A01
201500045188,0,7,0,0.0,2.0,4.0,0.0,C01
201500045188,0,15,0,0.0,2.0,4.0,0.0,D01
201500045188,0,7,0,0.0,2.0,1.0,0.0,E01
201500045188,0,7,0,0.0,2.0,1.0,0.0,B01
201500045189,0,7,0,0.0,2.0,1.0,2.0,A01
201500045189,0,7,0,0.0,2.0,4.0,2.0,B01
201500045190,0,7,0,0.0,2.0,1.0,2.0,B01
201500045190,0,7,0,0.0,2.0,3.0,0.0,C01
201500045190,0,7,0,4.0,0.0,9.0,13.0,A01
201500045191,0,7,0,0.0,2.0,4.0,2.0,B01
201500045191,0,7,0,0.0,2.0,9.0,1.0,A01
201500045191,0,7,0,0.0,2.0,6.0,2.0,C01
201500045192,0,33,0,0.0,0.0,1.0,0.0,A01
201500045193,0,7,0,0.0,2.0,4.0,0.0,B01
201500045193,0,7,0,0.0,2.0,1.0,2.0,A01
201500045194,0,7,0,0.0,2.0,8.0,1.0,A01
201500045194,0,14,0,0.0,2.0,2.0,9.0,B01
201500045195,0,7,0,4.0,0.0,1.0,0.0,A01
201500045195,0,7,0,1.0,2.0,2.0,0.0,B01
201500045196,0,33,0,14.0,0.0,9.0,9.0,A01
201500045197,1,7,0,0.0,2.0,1.0,1.0,Z01
201500045197,0,7,0,0.0,2.0,4.0,2.0,A01
201500045198,0,7,0,0.0,2.0,1.0,1.0,B01
201500045198,0,7,0,3.0,0.0,1.0,1.0,A01
201500045199,1,7,0,0.0,2.0,7.0,12.0,Z01
201500045199,0,7,0,4.0,2.0,8.0,1.0,A01
201500045200,0,10,0,3.0,0.0,1.0,2.0,A01
201500045201,0,7,0,0.0,2.0,4.0,2.0,C01
201500045201,0,7,0,0.0,2.0,4.0,2.0,B01
201500045201,0,7,0,0.0,2.0,1.0,2.0,A01
201500045202,0,7,0,4.0,0.0,1.0,16.0,A01
201500045203,0,7,0,0.0,2.0,4.0,2.0,C01
201500045203,0,7,0,0.0,2.0,6.0,2.0,A01
201500045203,0,7,0,0.0,2.0,1.0,1.0,B01
201500045204,0,7,0,4.0,0.0,3.0,13.0,A01
201500045205,0,7,0,4.0,0.0,1.0,1.0,A01
201500045206,0,7,0,0.0,2.0,0.0,0.0,A01
201500045206,0,7,0,0.0,2.0,4.0,1.0,B01
201500045207,0,7,0,0.0,2.0,9.0,2.0,C01
201500045207,0,7,0,0.0,2.0,1.0,1.0,A01
201500045207,0,7,0,0.0,2.0,9.0,2.0,B01
201500045207,0,7,0,0.0,2.0,4.0,2.0,D01
201500045208,0,7,0,3.0,0.0,1.0,1.0,A01
201500045209,0,7,0,4.0,0.0,1.0,0.0,A01
201500045210,0,7,0,0.0,2.0,1.0,1.0,A01
201500045210,0,7,0,0.0,0.0,4.0,1.0,B01
201500045211,0,10,0,3.0,0.0,1.0,1.0,A01
201500045212,0,7,0,4.0,0.0,9.0,14.0,A01
201500045213,0,7,0,0.0,2.0,1.0,1.0,A01
201500045213,0,7,0,0.0,0.0,2.0,12.0,B01
201500045214,0,31,0,4.0,0.0,9.0,0.0,A01
201500045215,0,7,0,3.0,0.0,1.0,0.0,A01
201500045216,0,31,0,13.0,0.0,7.0,14.0,A01
201500045217,0,7,0,0.0,0.0,0.0,0.0,B01
201500045217,0,7,0,0.0,0.0,1.0,0.0,A01
201500045218,0,7,0,4.0,0.0,1.0,1.0,A01
201500045219,0,7,0,3.0,0.0,7.0,14.0,A01
201500045220,0,7,0,0.0,2.0,1.0,1.0,B01
201500045220,0,7,0,0.0,2.0,4.0,2.0,A01
201500045220,0,7,0,0.0,2.0,1.0,1.0,C01
201500045220,0,7,0,0.0,2.0,4.0,1.0,D01
201500045221,0,7,0,0.0,2.0,8.0,1.0,A01
201500045221,0,14,0,0.0,2.0,0.0,0.0,B01
201500045222,0,7,0,0.0,2.0,3.0,0.0,A01
201500045222,0,7,0,4.0,2.0,8.0,19.0,B01
201500045223,0,7,0,6.0,0.0,2.0,1.0,A01
201500045224,0,7,0,0.0,2.0,4.0,2.0,B01
201500045224,0,33,0,0.0,2.0,1.0,1.0,A01
201500045225,0,7,0,0.0,2.0,9.0,2.0,B01
201500045225,0,7,0,0.0,2.0,1.0,1.0,A01
201500045225,0,7,0,0.0,2.0,4.0,2.0,C01
201500045226,0,7,0,0.0,2.0,1.0,18.0,A01
201500045226,0,7,0,0.0,2.0,4.0,1.0,B01
201500045227,0,7,0,0.0,2.0,4.0,0.0,A01
201500045227,0,34,0,0.0,2.0,1.0,2.0,B01
201500045228,0,7,0,0.0,2.0,6.0,0.0,B01
201500045228,0,7,0,0.0,2.0,2.0,0.0,A01
201500045229,0,7,0,0.0,2.0,4.0,2.0,B01
201500045229,0,15,0,0.0,2.0,1.0,1.0,A01
201500045229,0,7,0,0.0,2.0,4.0,2.0,C01
201500045230,0,33,0,0.0,2.0,6.0,17.0,A01
201500045230,0,33,0,0.0,2.0,5.0,17.0,M01
201500045230,0,15,0,0.0,2.0,0.0,0.0,C01
201500045231,0,7,0,0.0,0.0,0.0,0.0,B01
201500045231,0,7,0,0.0,0.0,0.0,0.0,A01
201500045232,0,7,0,3.0,0.0,1.0,0.0,A01
201500045233,0,7,0,4.0,0.0,9.0,1.0,A01
201500045234,0,7,0,14.0,0.0,0.0,0.0,C01
201500045234,0,7,0,0.0,0.0,0.0,0.0,B01
201500045234,0,10,0,0.0,0.0,0.0,0.0,A01
201500045235,0,7,0,0.0,2.0,4.0,11.0,B01
201500045235,0,7,0,0.0,2.0,1.0,2.0,C01
201500045235,0,7,0,0.0,2.0,1.0,0.0,A01
201500045236,0,10,0,4.0,,1.0,1.0,A01
201500045237,0,7,0,4.0,0.0,3.0,13.0,A01
201500045238,0,7,0,4.0,0.0,1.0,0.0,A01
201500045239,0,7,0,0.0,2.0,5.0,1.0,A01
201500045239,2,7,0,0.0,2.0,1.0,2.0,B01
201500045240,0,7,0,0.0,2.0,4.0,0.0,B01
201500045240,0,7,0,0.0,2.0,1.0,0.0,A01
201500045241,0,7,0,16.0,0.0,9.0,1.0,A01
201500045242,0,7,0,0.0,2.0,0.0,0.0,C01
201500045242,0,33,0,0.0,2.0,0.0,0.0,B01
201500045242,0,7,0,0.0,2.0,1.0,0.0,A01
201500045243,0,7,0,0.0,2.0,4.0,2.0,B01
201500045243,2,14,0,0.0,2.0,1.0,1.0,A01
201500045244,0,7,0,0.0,2.0,4.0,0.0,C01
201500045244,0,7,0,0.0,2.0,1.0,0.0,B01
201500045244,0,7,0,0.0,2.0,1.0,0.0,A01
201500045245,0,7,0,3.0,0.0,8.0,17.0,A01
201500045246,0,7,0,0.0,2.0,2.0,1.0,A01
201500045246,1,7,0,0.0,2.0,0.0,0.0,Z01
201500045247,0,7,0,0.0,2.0,1.0,1.0,A01
201500045247,0,7,0,0.0,2.0,4.0,2.0,B01
201500045248,0,7,0,0.0,0.0,4.0,2.0,A01
201500045248,0,34,0,0.0,0.0,1.0,0.0,B01
201500045249,0,7,0,13.0,0.0,9.0,9.0,A01
201500045250,0,10,0,0.0,2.0,1.0,2.0,C01
201500045250,0,7,0,0.0,2.0,4.0,2.0,B01
201500045250,0,7,0,0.0,2.0,4.0,2.0,A01
201500045251,2,7,0,0.0,2.0,1.0,2.0,A01
201500045251,0,10,0,0.0,2.0,1.0,2.0,B01
201500045252,0,7,0,0.0,2.0,6.0,1.0,C01
201500045252,0,33,0,0.0,2.0,7.0,2.0,A01
201500045252,0,7,0,0.0,2.0,7.0,1.0,B01
201500045253,0,10,0,0.0,2.0,3.0,11.0,B01
201500045253,0,33,0,0.0,2.0,2.0,3.0,A01
201500045254,0,15,0,0.0,2.0,4.0,2.0,B01
201500045254,0,7,0,0.0,2.0,1.0,1.0,A01
201500045254,0,10,0,0.0,2.0,4.0,2.0,C01
201500045255,0,7,0,0.0,2.0,4.0,0.0,B01
201500045255,0,7,0,0.0,2.0,1.0,0.0,A01
201500045256,0,33,0,0.0,0.0,0.0,0.0,A01
201500045257,0,7,0,0.0,2.0,1.0,2.0,A01
201500045257,0,7,0,0.0,2.0,4.0,2.0,B01
201500045257,0,7,0,0.0,2.0,0.0,0.0,D01
201500045257,0,7,0,0.0,2.0,4.0,2.0,C01
201500045258,0,15,0,3.0,2.0,1.0,1.0,A01
201500045258,0,7,0,0.0,2.0,9.0,2.0,C01
201500045258,0,10,0,0.0,2.0,4.0,2.0,B01
201500045258,0,7,0,0.0,2.0,4.0,2.0,D01
201500045259,0,10,0,0.0,2.0,1.0,1.0,A01
201500045259,0,10,0,0.0,2.0,4.0,2.0,B01
201500045260,0,7,0,0.0,2.0,4.0,2.0,B01
201500045260,0,7,0,0.0,2.0,1.0,1.0,A01
201500045261,0,7,0,0.0,2.0,1.0,0.0,B01
201500045261,0,7,0,0.0,2.0,1.0,0.0,C01
201500045261,0,7,0,0.0,2.0,4.0,0.0,A01
201500045262,0,33,0,0.0,2.0,3.0,2.0,A01
201500045263,0,7,0,0.0,2.0,2.0,12.0,A01
201500045263,0,34,0,0.0,2.0,1.0,1.0,B01
201500045264,0,7,0,0.0,2.0,4.0,2.0,A01
201500045264,0,7,0,2.0,2.0,1.0,1.0,B01
201500045265,0,7,0,0.0,2.0,4.0,0.0,B01
201500045265,0,7,0,0.0,2.0,1.0,0.0,A01
201500045265,0,7,0,0.0,2.0,4.0,0.0,C01
201500045266,0,7,0,0.0,2.0,4.0,0.0,A01
201500045266,0,7,0,0.0,2.0,1.0,0.0,B01
201500045267,0,7,0,0.0,2.0,4.0,13.0,B01
201500045267,0,31,0,0.0,2.0,1.0,1.0,A01
201500045268,0,33,0,0.0,2.0,1.0,13.0,B01
201500045268,0,7,0,0.0,2.0,4.0,0.0,A01
201500045269,0,7,0,0.0,2.0,1.0,2.0,A01
201500045269,0,7,0,0.0,2.0,4.0,2.0,B01
201500045270,0,7,0,0.0,2.0,4.0,2.0,A01
201500045270,0,7,0,0.0,2.0,1.0,1.0,B01
201500045270,0,7,0,0.0,2.0,4.0,2.0,C01
201500045271,0,7,0,0.0,2.0,8.0,0.0,C01
201500045271,0,7,0,0.0,2.0,1.0,0.0,A01
201500045271,0,7,0,0.0,2.0,8.0,0.0,B01
201500045272,0,10,0,4.0,0.0,3.0,13.0,A01
201500045273,0,34,0,0.0,2.0,2.0,3.0,A01
201500045273,0,7,0,0.0,0.0,8.0,1.0,B01
201500045274,0,33,0,0.0,2.0,4.0,1.0,B01
201500045274,0,10,0,0.0,2.0,1.0,2.0,A01
201500045275,0,34,0,0.0,2.0,1.0,3.0,A01
201500045275,0,7,0,0.0,2.0,8.0,0.0,B01
201500045276,0,7,0,0.0,2.0,7.0,12.0,A01
201500045276,0,31,0,0.0,2.0,1.0,3.0,B01
201500045276,0,7,0,0.0,2.0,4.0,1.0,C01
201500045277,0,33,0,0.0,0.0,7.0,2.0,A01
201500045278,0,7,0,3.0,0.0,1.0,0.0,A01
201500045279,0,7,0,14.0,0.0,1.0,2.0,B01
201500045279,0,7,0,4.0,0.0,3.0,1.0,A01
201500045280,0,10,0,0.0,2.0,3.0,17.0,A01
201500045280,0,33,0,0.0,2.0,1.0,3.0,B01
201500045281,0,33,0,0.0,2.0,1.0,11.0,A01
201500045281,0,7,0,0.0,2.0,4.0,2.0,C01
201500045281,0,7,0,0.0,2.0,3.0,11.0,B01
201500045282,1,7,0,0.0,2.0,0.0,0.0,Z01
201500045282,0,33,0,0.0,2.0,0.0,0.0,A01
201500045283,0,7,0,0.0,2.0,0.0,0.0,B01
201500045283,0,7,0,0.0,2.0,0.0,0.0,A01
201500045284,0,7,0,0.0,2.0,4.0,0.0,B01
201500045284,0,7,0,0.0,2.0,1.0,1.0,A01
201500045285,0,7,0,0.0,2.0,0.0,0.0,B01
201500045285,0,7,0,0.0,2.0,1.0,0.0,A01
201500045285,0,7,0,0.0,2.0,1.0,2.0,C01
201500045286,0,33,0,0.0,2.0,2.0,1.0,A01
201500045286,0,7,0,0.0,2.0,3.0,11.0,B01
201500045287,0,7,0,0.0,2.0,1.0,0.0,B01
201500045287,0,7,0,0.0,2.0,4.0,0.0,C01
201500045287,0,7,0,0.0,2.0,1.0,0.0,A01
201500045288,0,14,0,0.0,0.0,8.0,0.0,A01
201500045289,0,7,0,4.0,0.0,1.0,0.0,A01
201500045290,1,10,0,0.0,2.0,0.0,0.0,Z01
201500045290,0,33,0,0.0,2.0,3.0,3.0,A01
201500045291,0,33,0,0.0,2.0,1.0,3.0,A01
201500045291,1,7,0,0.0,2.0,4.0,11.0,Z01
201500045292,0,7,0,4.0,0.0,1.0,0.0,A01
201500045293,0,15,0,0.0,2.0,7.0,0.0,A01
201500045293,0,7,0,0.0,2.0,8.0,0.0,B01
201500045294,0,7,0,0.0,2.0,0.0,0.0,A01
201500045294,0,7,0,0.0,2.0,0.0,0.0,B01
201500045295,0,3,0,4.0,0.0,9.0,1.0,A01
201500045296,0,7,0,0.0,2.0,0.0,0.0,B01
201500045296,0,7,0,0.0,2.0,0.0,0.0,A01
201500045297,0,7,0,0.0,2.0,0.0,0.0,B01
201500045297,0,7,0,0.0,2.0,7.0,12.0,A01
201500045298,0,10,0,0.0,2.0,1.0,2.0,A01
201500045298,0,7,0,0.0,2.0,4.0,0.0,B01
201500045298,0,7,0,0.0,2.0,0.0,0.0,C01
201500045299,0,15,0,0.0,2.0,7.0,0.0,B01
201500045299,0,7,0,0.0,2.0,9.0,0.0,A01
201500045300,0,7,0,4.0,0.0,0.0,0.0,C01
201500045300,0,15,0,0.0,2.0,2.0,2.0,A01
201500045300,0,7,0,0.0,2.0,8.0,9.0,B01
201500045301,0,7,0,0.0,2.0,1.0,1.0,A01
201500045301,0,7,0,0.0,2.0,4.0,2.0,C01
201500045301,0,7,0,0.0,2.0,4.0,2.0,D01
201500045301,0,7,0,0.0,2.0,4.0,2.0,B01
201500045302,0,7,0,0.0,2.0,7.0,1.0,B01
201500045302,0,7,0,0.0,2.0,3.0,11.0,A01
201500045303,0,33,0,0.0,2.0,1.0,1.0,B01
201500045303,0,7,0,0.0,2.0,5.0,12.0,A01
201500045304,0,7,0,0.0,2.0,6.0,2.0,B01
201500045304,2,7,0,0.0,2.0,1.0,12.0,A01
201500045305,0,34,0,0.0,2.0,1.0,3.0,A01
201500045305,0,7,0,0.0,2.0,6.0,1.0,B01
201500045306,0,7,0,3.0,0.0,1.0,12.0,A01
201500045307,0,7,0,4.0,0.0,8.0,13.0,A01
201500045308,0,7,0,3.0,0.0,9.0,2.0,A01
201500045309,1,7,0,0.0,2.0,0.0,0.0,Z01
201500045309,0,7,0,0.0,2.0,1.0,2.0,A01
201500045309,0,7,0,0.0,2.0,4.0,2.0,C01
201500045310,0,7,0,0.0,2.0,1.0,1.0,B01
201500045310,0,7,0,0.0,2.0,4.0,2.0,A01
201500045311,0,7,0,0.0,2.0,3.0,2.0,B01
201500045311,0,7,0,0.0,9.0,0.0,1.0,A01
201500045312,0,7,0,16.0,0.0,1.0,1.0,A01
201500045313,1,7,0,0.0,2.0,0.0,0.0,Z01
201500045313,0,7,0,0.0,2.0,4.0,2.0,A01
201500045314,0,7,0,0.0,2.0,4.0,2.0,D01
201500045314,0,7,0,0.0,2.0,4.0,2.0,B01
201500045314,0,7,0,0.0,2.0,1.0,2.0,A01
201500045314,0,7,0,0.0,2.0,6.0,2.0,C01
201500045315,0,7,0,0.0,2.0,4.0,2.0,B01
201500045315,0,10,0,0.0,2.0,1.0,2.0,A01
201500045316,0,7,0,4.0,0.0,1.0,14.0,A01
201500045317,0,7,0,4.0,0.0,1.0,0.0,A01
201500045318,0,7,0,4.0,0.0,2.0,0.0,A01
201500045319,1,7,0,0.0,2.0,0.0,0.0,Z01
201500045319,0,7,0,0.0,2.0,3.0,1.0,A01
201500045320,0,7,0,0.0,2.0,3.0,1.0,B01
201500045320,0,7,0,4.0,2.0,1.0,18.0,A01
201500045321,0,7,0,4.0,0.0,8.0,13.0,A01
201500045322,0,7,0,3.0,0.0,9.0,14.0,A01
201500045323,0,7,0,0.0,2.0,3.0,2.0,B01
201500045323,0,7,0,0.0,2.0,2.0,1.0,A01
201500045324,0,7,0,4.0,0.0,3.0,13.0,A01
201500045325,0,7,0,0.0,0.0,0.0,0.0,A01
201500045326,0,7,0,0.0,0.0,0.0,0.0,A01
201500045327,0,7,0,4.0,0.0,0.0,0.0,A01
201500045328,0,7,0,0.0,2.0,8.0,1.0,A01
201500045328,0,33,0,0.0,2.0,7.0,3.0,B01
201500045329,0,7,0,0.0,0.0,9.0,2.0,A01
201500045330,0,10,0,0.0,2.0,1.0,1.0,A01
201500045331,0,33,0,0.0,2.0,2.0,3.0,A01
201500045331,0,7,0,0.0,2.0,6.0,2.0,B01
201500045332,0,15,0,5.0,0.0,1.0,13.0,A01
201500045333,0,7,0,0.0,2.0,6.0,1.0,B01
201500045333,0,7,0,0.0,2.0,4.0,1.0,C01
201500045333,0,7,0,0.0,2.0,8.0,1.0,D01
201500045333,0,33,0,0.0,2.0,1.0,3.0,A01
201500045334,0,15,0,0.0,2.0,2.0,12.0,A01
201500045334,0,7,0,0.0,2.0,9.0,1.0,B01
201500045335,0,7,0,3.0,0.0,1.0,2.0,A01
201500045336,0,7,0,0.0,2.0,8.0,11.0,A01
201500045336,0,7,0,0.0,2.0,7.0,1.0,B01
201500045337,0,7,0,4.0,0.0,0.0,0.0,A01
201500045338,0,7,0,4.0,0.0,1.0,13.0,A01
201500045339,0,7,0,4.0,0.0,1.0,13.0,A01
201500045340,0,33,0,0.0,2.0,1.0,3.0,B01
201500045340,0,10,0,0.0,2.0,3.0,11.0,A01
201500045341,0,33,0,0.0,2.0,1.0,1.0,B01
201500045341,0,7,0,0.0,2.0,4.0,2.0,A01
201500045342,0,7,0,1.0,0.0,1.0,0.0,A01
201500045342,0,7,0,1.0,0.0,1.0,0.0,B01
201500045342,0,7,0,1.0,0.0,1.0,0.0,C01
201500045342,0,7,0,0.0,2.0,4.0,2.0,D01
201500045343,0,33,0,0.0,2.0,2.0,3.0,B01
201500045343,0,7,0,0.0,2.0,4.0,1.0,C01
201500045343,0,7,0,0.0,2.0,8.0,1.0,A01
201500045344,0,7,0,0.0,2.0,4.0,2.0,B01
201500045344,0,7,0,0.0,2.0,1.0,2.0,A01
201500045345,0,7,0,0.0,2.0,6.0,0.0,A01
201500045346,0,7,0,4.0,0.0,2.0,14.0,A01
201500045347,2,7,0,16.0,0.0,9.0,1.0,A01
201500045348,0,7,0,0.0,2.0,4.0,1.0,D01
201500045348,0,7,0,0.0,2.0,4.0,1.0,E01
201500045348,0,10,0,0.0,2.0,1.0,1.0,A01
201500045348,0,7,0,0.0,2.0,4.0,1.0,B01
201500045348,0,7,0,0.0,2.0,4.0,1.0,C01
201500045349,0,7,0,4.0,0.0,6.0,2.0,A01
201500045349,1,7,0,0.0,2.0,0.0,0.0,Z01
201500045350,0,7,0,0.0,2.0,2.0,2.0,A01
201500045350,0,7,0,0.0,0.0,6.0,11.0,B01
201500045350,0,7,0,0.0,2.0,6.0,2.0,C01
201500045351,0,33,0,0.0,2.0,1.0,0.0,A01
201500045351,0,7,0,0.0,2.0,4.0,0.0,B01
201500045352,0,7,0,0.0,2.0,5.0,12.0,A01