Num_Acc,senc,catv,occutc,obs,obsm,choc,manv,num_veh
201500045352,0,33,0,0.0,2.0,9.0,1.0,B01
201500045353,0,7,0,0.0,2.0,1.0,2.0,A01
201500045353,0,7,0,0.0,2.0,4.0,2.0,B01
201500045354,0,7,0,0.0,2.0,8.0,11.0,B01
201500045354,0,33,0,0.0,2.0,1.0,3.0,A01
201500045355,0,7,0,4.0,0.0,3.0,13.0,A01
201500045356,0,7,0,0.0,2.0,8.0,1.0,B01
201500045356,0,7,0,0.0,2.0,2.0,9.0,A01
201500045357,0,7,0,0.0,2.0,4.0,2.0,A01
201500045357,0,7,0,0.0,2.0,1.0,1.0,B01
201500045357,0,7,0,0.0,2.0,4.0,2.0,C01
201500045358,0,15,0,0.0,2.0,1.0,1.0,A01
201500045358,0,15,0,0.0,2.0,4.0,11.0,B01
201500045359,0,15,0,0.0,2.0,3.0,1.0,A01
201500045359,0,10,0,0.0,2.0,4.0,11.0,B01
201500045360,0,7,0,0.0,2.0,4.0,0.0,C01
201500045360,0,33,0,0.0,2.0,1.0,0.0,A01
201500045360,0,33,0,0.0,2.0,4.0,0.0,B01
201500045361,0,7,0,0.0,2.0,7.0,1.0,B01
201500045361,0,7,0,3.0,2.0,1.0,18.0,A01
201500045362,0,7,0,0.0,2.0,6.0,2.0,A01
201500045363,0,32,0,0.0,2.0,8.0,0.0,A01
201500045363,1,7,0,0.0,2.0,0.0,0.0,Z01
201500045364,0,7,0,4.0,0.0,9.0,14.0,A01
201500045365,0,7,0,4.0,0.0,9.0,14.0,A01
201500045366,0,7,0,3.0,9.0,9.0,1.0,A01
201500045367,0,7,0,0.0,0.0,0.0,0.0,C01
201500045367,0,15,0,0.0,0.0,0.0,0.0,B01
201500045367,0,7,0,0.0,2.0,0.0,0.0,A01
201500045368,0,33,0,0.0,2.0,1.0,0.0,A01
201500045368,0,7,0,0.0,2.0,6.0,0.0,B01
201500045369,0,7,0,0.0,2.0,4.0,2.0,A01
201500045369,0,7,0,0.0,2.0,1.0,2.0,E01
201500045369,0,99,0,0.0,2.0,4.0,2.0,D01
201500045369,0,99,0,0.0,2.0,4.0,2.0,C01
201500045369,0,7,0,0.0,2.0,4.0,2.0,B01
201500045370,0,7,0,0.0,2.0,1.0,2.0,A01
201500045370,0,7,0,0.0,2.0,4.0,2.0,B01
201500045370,0,7,0,0.0,2.0,4.0,2.0,C01
201500045371,0,7,0,0.0,2.0,1.0,1.0,A01
201500045371,0,7,0,0.0,2.0,4.0,2.0,B01
201500045372,0,7,0,0.0,2.0,8.0,0.0,A01
201500045372,0,7,0,0.0,2.0,0.0,0.0,B01
201500045373,0,14,0,0.0,2.0,1.0,2.0,A01
201500045373,0,34,0,0.0,2.0,1.0,3.0,C01
201500045373,0,7,0,0.0,2.0,4.0,2.0,B01
201500045374,0,34,0,0.0,2.0,0.0,0.0,A01
201500045374,0,7,0,0.0,2.0,6.0,0.0,B01
201500045374,0,7,0,0.0,2.0,7.0,0.0,C01
201500045375,0,7,0,0.0,2.0,4.0,2.0,B01
201500045375,0,7,0,0.0,2.0,1.0,2.0,A01
201500045376,0,7,0,4.0,0.0,2.0,21.0,A01
201500045377,0,7,0,0.0,2.0,4.0,1.0,A01
201500045377,0,7,0,0.0,2.0,2.0,2.0,B01
201500045378,0,7,0,0.0,2.0,6.0,23.0,B01
201500045378,0,10,0,0.0,2.0,2.0,14.0,A01
201500045379,0,7,0,0.0,2.0,1.0,2.0,A01
201500045379,0,7,0,0.0,2.0,4.0,2.0,B01
201500045380,0,7,0,0.0,2.0,0.0,0.0,B01
201500045380,0,15,0,0.0,2.0,0.0,0.0,A01
201500045381,0,33,0,16.0,0.0,9.0,1.0,A01
201500045382,0,7,0,16.0,0.0,9.0,1.0,A01
201500045383,0,7,0,0.0,9.0,1.0,1.0,A01
201500045384,0,7,0,0.0,2.0,4.0,2.0,C01
201500045384,0,7,0,0.0,2.0,1.0,2.0,A01
201500045384,0,7,0,0.0,2.0,4.0,2.0,B01
201500045385,0,7,0,16.0,0.0,9.0,1.0,A01
201500045386,0,7,0,0.0,2.0,3.0,1.0,A01
201500045386,0,7,0,0.0,2.0,7.0,12.0,B01
201500045387,0,7,0,0.0,2.0,1.0,2.0,A01
201500045387,0,7,0,0.0,2.0,4.0,2.0,B01
201500045387,0,7,0,0.0,2.0,4.0,2.0,C01
201500045387,0,7,0,0.0,2.0,4.0,2.0,D01
201500045388,0,7,0,3.0,2.0,1.0,13.0,A01
201500045388,0,7,0,0.0,2.0,5.0,2.0,C01
201500045388,0,10,0,0.0,2.0,4.0,2.0,B01
201500045389,0,14,0,0.0,2.0,2.0,12.0,A01
201500045389,0,7,0,0.0,2.0,6.0,1.0,B01
201500045390,0,7,0,3.0,0.0,1.0,0.0,A01
201500045391,0,7,0,0.0,2.0,1.0,0.0,A01
201500045391,0,7,0,0.0,2.0,4.0,0.0,B01
201500045392,0,7,0,4.0,0.0,9.0,0.0,A01
201500045393,0,7,0,0.0,0.0,0.0,0.0,A01
201500045393,0,7,0,0.0,0.0,0.0,0.0,B01
201500045393,1,13,0,0.0,0.0,0.0,0.0,Z01
201500045394,0,14,0,0.0,2.0,2.0,12.0,B01
201500045394,0,7,0,4.0,0.0,2.0,21.0,A01
201500045395,0,7,0,0.0,2.0,4.0,2.0,B01
201500045395,0,7,0,0.0,2.0,1.0,1.0,A01
201500045396,0,7,0,0.0,2.0,1.0,2.0,A01
201500045396,0,7,0,0.0,2.0,4.0,2.0,B01
201500045397,0,7,0,4.0,0.0,9.0,13.0,A01
201500045398,0,7,0,4.0,0.0,9.0,13.0,A01
201500045399,0,7,0,4.0,0.0,2.0,14.0,A01
201500045400,0,7,0,0.0,2.0,4.0,2.0,B01
201500045400,0,7,0,0.0,2.0,4.0,2.0,C01
201500045400,0,7,0,0.0,2.0,4.0,2.0,D01
201500045400,0,7,0,0.0,2.0,1.0,1.0,A01
201500045401,0,7,0,4.0,0.0,3.0,13.0,A01
201500045402,0,7,0,13.0,0.0,1.0,13.0,A01
201500045403,0,7,0,4.0,0.0,9.0,1.0,A01
201500045404,0,15,0,0.0,2.0,8.0,1.0,A01
201500045404,0,7,0,0.0,2.0,7.0,1.0,B01
201500045405,0,15,0,0.0,2.0,2.0,0.0,B01
201500045405,0,7,0,0.0,2.0,8.0,0.0,A01
201500045406,0,10,0,0.0,2.0,4.0,2.0,A01
201500045406,0,31,0,0.0,2.0,1.0,2.0,B01
201500045407,0,34,0,4.0,2.0,7.0,3.0,A01
201500045407,0,7,0,0.0,2.0,6.0,11.0,B01
201500045408,0,7,0,0.0,2.0,4.0,0.0,A01
201500045408,0,33,0,0.0,2.0,1.0,0.0,B01
201500045409,0,7,0,0.0,2.0,6.0,2.0,B01
201500045409,0,7,0,0.0,2.0,4.0,23.0,D01
201500045409,0,33,0,0.0,2.0,2.0,1.0,A01
201500045409,0,7,0,0.0,2.0,4.0,2.0,C01
201500045410,0,7,0,0.0,2.0,7.0,21.0,B01
201500045410,0,7,0,0.0,2.0,8.0,24.0,A01
201500045411,0,33,0,0.0,2.0,1.0,0.0,A01
201500045411,0,7,0,0.0,2.0,4.0,0.0,B01
201500045412,0,7,0,0.0,2.0,5.0,0.0,B01
201500045412,0,33,0,0.0,2.0,3.0,3.0,A01
201500045413,0,33,0,0.0,0.0,7.0,1.0,A01
201500045414,0,10,0,5.0,0.0,9.0,14.0,A01
201500045415,0,33,0,0.0,9.0,0.0,2.0,A01
201500045416,0,7,0,13.0,0.0,7.0,16.0,A01
201500045417,0,34,0,0.0,2.0,0.0,0.0,A01
201500045417,0,7,0,0.0,2.0,0.0,0.0,B01
201500045418,0,7,0,4.0,0.0,9.0,1.0,A01
201500045419,0,15,0,4.0,0.0,9.0,13.0,A01
201500045420,0,7,0,4.0,0.0,2.0,14.0,A01
201500045421,0,7,0,4.0,0.0,4.0,0.0,A01
201500045422,0,7,0,4.0,0.0,9.0,1.0,A01
201500045423,0,7,0,4.0,0.0,1.0,15.0,A01
201500045424,0,7,0,4.0,0.0,1.0,1.0,A01
201500045425,0,7,0,3.0,0.0,1.0,13.0,A01
201500045426,0,7,0,3.0,0.0,1.0,0.0,A01
201500045427,0,7,0,0.0,2.0,1.0,1.0,A01
201500045427,0,7,0,0.0,2.0,4.0,2.0,B01
201500045428,0,7,0,0.0,2.0,1.0,1.0,A01
201500045428,0,7,0,0.0,2.0,4.0,2.0,B01
201500045429,0,7,0,4.0,0.0,2.0,2.0,A01
201500045430,0,7,0,0.0,0.0,4.0,0.0,A01
201500045431,0,7,0,4.0,0.0,2.0,14.0,A01
201500045432,0,7,0,4.0,0.0,8.0,13.0,A01
201500045433,0,7,0,4.0,0.0,1.0,13.0,A01
201500045434,0,7,0,3.0,0.0,1.0,16.0,A01
201500045435,0,7,0,3.0,0.0,1.0,0.0,A01
201500045436,0,7,0,3.0,0.0,1.0,12.0,A01
201500045437,0,7,0,0.0,2.0,1.0,2.0,B01
201500045437,0,7,0,4.0,0.0,1.0,1.0,A01
201500045438,0,7,0,4.0,0.0,0.0,0.0,A01
201500045439,0,7,0,6.0,0.0,1.0,14.0,A01
201500045440,0,7,0,4.0,0.0,2.0,14.0,A01
201500045441,0,7,0,0.0,2.0,4.0,0.0,B01
201500045441,0,7,0,0.0,2.0,1.0,0.0,A01
201500045442,0,32,0,4.0,0.0,1.0,3.0,A01
201500045443,0,7,0,0.0,2.0,4.0,23.0,A01
201500045443,0,7,0,0.0,2.0,1.0,23.0,B01
201500045444,0,7,0,3.0,0.0,1.0,1.0,A01
201500045445,0,10,0,0.0,2.0,2.0,14.0,A01
201500045445,0,15,0,0.0,2.0,6.0,1.0,B01
201500045446,0,7,0,0.0,2.0,1.0,1.0,C01
201500045446,0,7,0,0.0,2.0,3.0,9.0,A01
201500045446,0,7,0,0.0,2.0,2.0,1.0,B01
201500045447,0,7,0,4.0,2.0,1.0,0.0,A01
201500045447,0,7,0,0.0,2.0,4.0,23.0,B01
201500045448,0,7,0,4.0,0.0,1.0,0.0,A01
201500045449,0,7,0,4.0,0.0,2.0,0.0,A01
201500045450,0,7,0,0.0,2.0,4.0,1.0,B01
201500045450,0,13,0,0.0,2.0,1.0,2.0,A01
201500045451,0,7,0,0.0,0.0,3.0,2.0,A01
201500045452,0,7,0,0.0,9.0,2.0,2.0,A01
201500045453,0,7,0,4.0,0.0,1.0,1.0,A01
201500045454,0,7,0,13.0,0.0,7.0,14.0,A01
201500045455,0,13,0,0.0,2.0,7.0,0.0,A01
201500045455,0,33,0,0.0,2.0,1.0,0.0,C01
201500045455,0,7,0,0.0,2.0,8.0,0.0,B01
201500045456,0,7,0,4.0,0.0,1.0,0.0,A01
201500045457,0,7,0,0.0,2.0,1.0,0.0,C01
201500045457,0,7,0,0.0,2.0,4.0,0.0,A01
201500045457,0,7,0,0.0,2.0,4.0,0.0,B01
201500045458,0,7,0,0.0,0.0,6.0,0.0,A01
201500045458,0,15,0,1.0,0.0,2.0,13.0,B01
201500045459,0,34,0,16.0,0.0,8.0,0.0,A01
201500045460,0,10,0,0.0,2.0,1.0,0.0,A01
201500045460,0,7,0,0.0,2.0,4.0,0.0,B01
201500045461,0,7,0,0.0,2.0,1.0,2.0,A01
201500045461,0,7,0,0.0,2.0,4.0,1.0,C01
201500045461,0,7,0,0.0,2.0,4.0,2.0,B01
201500045462,0,7,0,4.0,0.0,3.0,13.0,A01
201500045463,0,7,0,4.0,0.0,3.0,0.0,A01
201500045464,1,7,0,0.0,1.0,2.0,2.0,C01
201500045464,0,7,0,0.0,2.0,4.0,2.0,B01
201500045465,0,7,0,0.0,2.0,7.0,1.0,B01
201500045465,0,7,0,0.0,2.0,3.0,9.0,A01
201500045466,0,33,0,0.0,2.0,1.0,1.0,A01
201500045466,0,7,0,0.0,2.0,4.0,2.0,B01
201500045467,0,7,0,0.0,0.0,1.0,2.0,A01
201500045468,0,33,0,0.0,2.0,8.0,0.0,B01
201500045468,0,7,0,0.0,2.0,7.0,0.0,A01
201500045469,0,33,0,13.0,0.0,1.0,0.0,A01
201500045470,0,33,0,4.0,0.0,1.0,14.0,A01
201500045471,0,7,0,0.0,2.0,2.0,1.0,B01
201500045471,0,7,0,0.0,2.0,4.0,2.0,A01
201500045472,0,7,0,0.0,2.0,2.0,12.0,A01
201500045472,0,33,0,0.0,2.0,1.0,3.0,B01
201500045473,0,15,0,0.0,2.0,8.0,2.0,A01
201500045473,0,7,0,0.0,2.0,9.0,11.0,B01
201500045474,0,7,0,0.0,2.0,8.0,11.0,A01
201500045474,0,34,0,0.0,2.0,7.0,1.0,B01
201500045475,0,7,0,4.0,0.0,1.0,2.0,A01
201500045476,0,33,0,0.0,0.0,8.0,9.0,A01
201500045477,0,7,0,4.0,0.0,1.0,1.0,A01
201500045478,1,7,0,0.0,0.0,0.0,0.0,Z01
201500045478,0,7,0,0.0,2.0,1.0,2.0,B01
201500045478,1,7,0,0.0,2.0,8.0,2.0,A01
201500045479,0,10,0,4.0,0.0,1.0,13.0,A01
201500045480,0,7,0,16.0,0.0,8.0,13.0,A01
201500045481,0,7,0,0.0,2.0,4.0,0.0,D01
201500045481,0,7,0,0.0,2.0,5.0,0.0,C01
201500045481,0,7,0,0.0,2.0,1.0,0.0,B01
201500045481,0,7,0,0.0,2.0,6.0,0.0,E01
201500045481,0,7,0,0.0,2.0,4.0,0.0,A01
201500045482,0,7,0,0.0,2.0,4.0,2.0,B01
201500045482,0,14,0,0.0,2.0,1.0,1.0,A01
201500045483,0,7,0,0.0,2.0,5.0,2.0,B01
201500045483,0,7,0,0.0,2.0,3.0,1.0,A01
201500045484,0,7,0,0.0,2.0,1.0,0.0,A01
201500045484,0,7,0,0.0,2.0,5.0,0.0,B01
201500045485,0,33,0,0.0,2.0,8.0,0.0,A01
201500045485,0,10,0,0.0,2.0,5.0,0.0,B01
201500045486,0,7,0,0.0,2.0,8.0,2.0,A01
201500045486,0,7,0,0.0,2.0,3.0,0.0,B01
201500045487,0,7,0,0.0,2.0,2.0,1.0,B01
201500045487,0,7,0,0.0,2.0,2.0,1.0,C01
201500045487,0,15,0,0.0,2.0,8.0,11.0,A01
201500045488,0,15,0,16.0,2.0,2.0,0.0,C01
201500045488,0,7,0,0.0,2.0,2.0,0.0,A01
201500045488,0,7,0,0.0,2.0,6.0,0.0,B01
201500045489,0,7,0,3.0,2.0,4.0,0.0,A01
201500045489,0,7,0,0.0,2.0,1.0,1.0,B01
201500045490,0,7,0,0.0,2.0,2.0,0.0,C01
201500045490,0,15,0,0.0,2.0,2.0,3.0,A01
201500045490,0,7,0,0.0,2.0,7.0,2.0,B01
201500045491,0,7,0,0.0,2.0,8.0,0.0,B01
201500045491,0,14,0,0.0,2.0,2.0,14.0,A01
201500045492,0,33,0,0.0,2.0,3.0,1.0,B01
201500045492,0,10,0,0.0,2.0,3.0,1.0,A01
201500045493,0,33,0,0.0,2.0,1.0,3.0,C01
201500045493,0,7,0,0.0,2.0,8.0,0.0,A01
201500045493,0,7,0,0.0,2.0,6.0,0.0,B01
201500045494,0,14,0,0.0,2.0,3.0,0.0,B01
201500045494,0,7,0,0.0,2.0,2.0,0.0,A01
201500045495,0,7,0,0.0,2.0,3.0,0.0,A01
201500045495,0,7,0,0.0,2.0,5.0,0.0,B01
201500045496,0,7,0,16.0,0.0,0.0,0.0,A01
201500045496,0,7,0,16.0,0.0,0.0,0.0,B01
201500045497,0,7,0,0.0,2.0,4.0,0.0,A01
201500045497,0,7,0,0.0,2.0,1.0,0.0,B01
201500045498,0,33,0,0.0,2.0,1.0,11.0,A01
201500045498,0,7,0,0.0,2.0,6.0,0.0,B01
201500045499,0,7,0,0.0,2.0,4.0,0.0,E01
201500045499,0,7,0,0.0,2.0,1.0,0.0,A01
201500045499,0,7,0,0.0,2.0,4.0,2.0,B01
201500045499,0,7,0,0.0,2.0,4.0,2.0,C01
201500045499,0,7,0,0.0,2.0,4.0,0.0,D01
201500045500,0,7,0,0.0,2.0,4.0,2.0,B01
201500045500,0,7,0,0.0,2.0,1.0,2.0,A01
201500045500,0,7,0,0.0,2.0,1.0,2.0,C01
201500045500,0,10,0,0.0,2.0,4.0,0.0,D01
201500045501,0,7,0,0.0,2.0,4.0,0.0,B01
201500045501,0,15,0,0.0,2.0,1.0,0.0,A01
201500045502,0,33,0,0.0,2.0,2.0,3.0,A01
201500045502,0,7,0,0.0,2.0,6.0,11.0,B01
201500045502,0,7,0,0.0,2.0,7.0,1.0,C01
201500045503,0,10,0,0.0,1.0,1.0,1.0,A01
201500045504,0,99,0,0.0,0.0,9.0,0.0,A01
201500045505,0,33,0,0.0,2.0,1.0,2.0,A01
201500045505,0,7,0,0.0,2.0,6.0,2.0,B01
201500045506,0,7,0,4.0,0.0,2.0,1.0,A01
201500045507,0,7,0,0.0,2.0,4.0,2.0,A01
201500045507,0,7,0,0.0,2.0,4.0,2.0,B01
201500045507,0,7,0,0.0,2.0,1.0,1.0,C01
201500045508,0,7,0,0.0,2.0,1.0,0.0,A01
201500045508,0,7,0,0.0,2.0,4.0,0.0,B01
201500045509,0,33,0,0.0,2.0,1.0,2.0,A01
201500045509,0,33,0,0.0,2.0,4.0,2.0,B01
201500045510,0,7,0,0.0,2.0,1.0,2.0,A01
201500045510,0,7,0,0.0,2.0,4.0,2.0,B01
201500045510,0,7,0,0.0,2.0,4.0,2.0,C01
201500045511,0,7,0,6.0,0.0,1.0,14.0,A01
201500045512,0,33,0,4.0,0.0,1.0,1.0,A01
201500045513,0,7,0,4.0,0.0,1.0,14.0,A01
201500045514,0,7,0,4.0,0.0,1.0,0.0,A01
201500045515,0,7,0,4.0,2.0,1.0,9.0,A01
201500045515,0,7,0,0.0,2.0,4.0,21.0,B01
201500045516,0,7,0,0.0,2.0,4.0,2.0,C01
201500045516,0,3,0,0.0,2.0,1.0,2.0,A01
201500045516,0,7,0,0.0,2.0,9.0,2.0,B01
201500045517,0,7,0,0.0,2.0,4.0,2.0,D01
201500045517,0,7,0,0.0,2.0,4.0,2.0,B01
201500045517,0,7,0,0.0,2.0,1.0,2.0,A01
201500045517,0,7,0,0.0,2.0,4.0,2.0,C01
201500045518,0,15,0,0.0,2.0,1.0,2.0,A01
201500045518,0,7,0,16.0,0.0,4.0,2.0,B01
201500045519,0,7,0,0.0,2.0,3.0,0.0,A01
201500045519,0,7,0,0.0,2.0,5.0,0.0,B01
201500045520,0,7,0,0.0,2.0,6.0,2.0,C01
201500045520,0,7,0,0.0,2.0,4.0,2.0,B01
201500045520,0,7,0,0.0,2.0,1.0,1.0,A01
201500045521,0,7,0,3.0,0.0,1.0,11.0,A01
201500045522,0,7,0,0.0,2.0,1.0,9.0,B01
201500045522,0,7,0,0.0,2.0,4.0,1.0,A01
201500045523,0,33,0,4.0,0.0,7.0,0.0,A01
201500045524,0,10,0,0.0,2.0,4.0,2.0,B01
201500045524,0,7,0,0.0,2.0,1.0,1.0,A01
201500045525,0,7,0,0.0,2.0,4.0,12.0,B01
201500045525,0,33,0,0.0,2.0,1.0,1.0,A01
201500045526,0,31,0,0.0,2.0,6.0,11.0,A01
201500045526,0,7,0,0.0,2.0,2.0,1.0,B01
201500045527,0,33,0,0.0,2.0,1.0,1.0,A01
201500045527,0,7,0,0.0,2.0,4.0,2.0,B01
201500045528,0,33,0,0.0,2.0,3.0,3.0,A01
201500045528,0,7,0,0.0,2.0,5.0,0.0,B01
201500045529,0,33,0,0.0,2.0,3.0,2.0,B01
201500045529,0,7,0,0.0,2.0,5.0,1.0,A01
201500045530,0,7,0,0.0,2.0,3.0,9.0,A01
201500045530,0,10,0,0.0,2.0,2.0,1.0,B01
201500045531,0,7,0,4.0,2.0,5.0,12.0,B01
201500045531,0,7,0,0.0,2.0,3.0,1.0,A01
201500045532,0,7,0,0.0,2.0,0.0,0.0,D01
201500045532,0,7,0,0.0,2.0,0.0,0.0,B01
201500045532,0,7,0,0.0,2.0,0.0,0.0,A01
201500045532,0,14,0,0.0,2.0,0.0,0.0,C01
201500045533,0,7,0,3.0,0.0,2.0,12.0,A01
201500045534,0,7,0,3.0,0.0,9.0,1.0,A01
201500045535,0,10,0,0.0,2.0,1.0,1.0,A01
201500045535,0,7,0,0.0,2.0,4.0,2.0,C01
201500045535,0,7,0,0.0,2.0,9.0,2.0,B01
201500045536,0,34,0,0.0,2.0,3.0,13.0,A01
201500045536,0,7,0,0.0,2.0,7.0,1.0,B01
201500045537,0,7,0,0.0,2.0,1.0,1.0,A01
201500045537,0,7,0,0.0,2.0,4.0,9.0,B01
201500045538,0,31,0,4.0,0.0,1.0,0.0,A01
201500045539,0,7,0,4.0,0.0,9.0,13.0,A01
201500045540,0,7,0,3.0,0.0,0.0,18.0,A01
201500045541,0,33,0,0.0,2.0,2.0,1.0,A01
201500045541,0,7,0,0.0,2.0,6.0,11.0,B01
201500045542,0,7,0,0.0,2.0,2.0,0.0,A01
201500045542,0,7,0,0.0,2.0,6.0,0.0,B01
201500045543,0,10,0,0.0,2.0,4.0,2.0,A01
201500045543,0,14,0,0.0,2.0,1.0,2.0,B01
201500045544,0,7,0,0.0,2.0,1.0,2.0,A01
201500045544,0,7,0,0.0,2.0,4.0,1.0,B01
201500045545,0,7,0,0.0,2.0,1.0,1.0,A01
201500045545,0,14,0,0.0,2.0,6.0,1.0,B01
201500045545,0,7,0,0.0,2.0,0.0,0.0,C01
201500045546,0,31,0,14.0,0.0,1.0,1.0,A01
201500045547,0,7,0,3.0,0.0,1.0,14.0,A01
201500045548,0,7,0,3.0,0.0,3.0,13.0,A01
201500045549,0,7,0,0.0,2.0,1.0,2.0,B01
201500045549,0,7,0,0.0,2.0,4.0,2.0,A01
201500045550,0,7,0,3.0,0.0,2.0,1.0,A01
201500045551,0,7,0,0.0,2.0,1.0,0.0,A01
201500045551,0,15,0,0.0,2.0,9.0,0.0,B01
201500045551,0,13,0,0.0,2.0,4.0,2.0,C01
201500045551,2,10,0,0.0,2.0,4.0,0.0,D01
201500045552,0,7,0,0.0,2.0,1.0,0.0,A01
201500045552,0,7,0,0.0,2.0,4.0,0.0,B01
201500045553,0,33,0,0.0,0.0,7.0,1.0,A01
201500045554,0,17,0,0.0,2.0,2.0,2.0,A01
201500045554,0,7,0,0.0,2.0,4.0,2.0,B01
201500045555,0,10,0,0.0,2.0,7.0,2.0,C01
201500045555,0,7,0,0.0,2.0,3.0,11.0,A01
201500045555,0,7,0,0.0,2.0,3.0,2.0,B01
201500045556,0,7,0,0.0,2.0,1.0,1.0,A01
201500045556,0,7,0,0.0,2.0,4.0,2.0,B01
201500045557,0,7,0,0.0,2.0,2.0,1.0,A01
201500045557,0,33,0,0.0,2.0,6.0,2.0,B01
201500045558,0,33,0,0.0,2.0,1.0,3.0,A01
201500045558,0,33,0,0.0,2.0,8.0,1.0,B01
201500045559,0,7,0,0.0,9.0,9.0,1.0,A01
201500045560,0,10,0,0.0,2.0,4.0,2.0,B01
201500045560,0,33,0,0.0,2.0,1.0,1.0,A01
201500045561,0,7,0,0.0,2.0,9.0,0.0,B01
201500045561,0,7,0,0.0,2.0,4.0,0.0,C01
201500045561,0,7,0,0.0,2.0,1.0,0.0,A01
201500045562,0,7,0,0.0,2.0,2.0,1.0,B01
201500045562,0,34,0,0.0,2.0,3.0,3.0,A01
201500045563,0,7,0,0.0,2.0,8.0,0.0,A01
201500045563,0,15,0,0.0,2.0,2.0,12.0,B01
201500045564,0,7,0,4.0,0.0,4.0,0.0,A01
201500045565,0,7,0,0.0,2.0,2.0,14.0,A01
201500045565,0,7,0,0.0,2.0,6.0,1.0,B01
201500045566,0,7,0,0.0,2.0,1.0,2.0,B01
201500045566,0,7,0,0.0,2.0,4.0,2.0,D01
201500045566,0,7,0,0.0,2.0,4.0,23.0,C01
201500045566,0,7,0,0.0,2.0,4.0,2.0,A01
201500045566,0,7,0,0.0,2.0,2.0,2.0,E01
201500045567,0,7,0,0.0,2.0,1.0,2.0,A01
201500045567,0,7,0,0.0,2.0,4.0,2.0,B01
201500045568,0,7,0,8.0,0.0,1.0,1.0,A01
201500045569,0,7,0,0.0,2.0,0.0,0.0,B01
201500045569,0,7,0,0.0,2.0,0.0,0.0,A01
201500045570,0,7,0,0.0,2.0,4.0,2.0,A01
201500045570,0,7,0,0.0,2.0,4.0,2.0,B01
201500045570,1,7,0,0.0,0.0,0.0,1.0,Z01
201500045570,0,7,0,0.0,2.0,4.0,2.0,C01
201500045571,0,7,0,0.0,2.0,4.0,0.0,B01
201500045571,0,7,0,0.0,2.0,1.0,0.0,A01
201500045572,0,15,0,0.0,2.0,2.0,0.0,B01
201500045572,0,7,0,0.0,2.0,4.0,0.0,A01
201500045573,0,7,0,0.0,2.0,5.0,0.0,B01
201500045573,0,7,0,0.0,2.0,3.0,0.0,A01
201500045574,0,7,0,0.0,2.0,1.0,2.0,A01
201500045574,0,7,0,0.0,2.0,4.0,2.0,B01
201500045575,0,7,0,0.0,2.0,5.0,2.0,B01
201500045575,0,31,0,0.0,2.0,1.0,12.0,A01
201500045576,0,15,0,0.0,2.0,8.0,1.0,A01
201500045576,0,7,0,0.0,2.0,4.0,2.0,B01
201500045576,0,7,0,0.0,2.0,1.0,1.0,C01
201500045577,0,7,0,0.0,2.0,6.0,2.0,B01
201500045577,0,7,0,0.0,2.0,2.0,11.0,A01
201500045578,0,7,0,0.0,2.0,7.0,1.0,B01
201500045578,0,32,0,0.0,2.0,8.0,0.0,A01
201500045579,0,7,0,16.0,0.0,9.0,1.0,A01
201500045580,0,7,0,0.0,2.0,1.0,2.0,A01
201500045580,0,7,0,0.0,2.0,4.0,2.0,B01
201500045581,0,10,0,0.0,2.0,9.0,2.0,A01
201500045581,0,7,0,0.0,2.0,1.0,2.0,C01
201500045581,0,10,0,0.0,2.0,6.0,2.0,D01
201500045581,0,7,0,0.0,2.0,1.0,2.0,B01
201500045582,1,7,0,0.0,0.0,0.0,0.0,Z01
201500045582,0,33,0,0.0,0.0,0.0,0.0,A01
201500045583,0,7,0,0.0,2.0,5.0,1.0,A01
201500045583,0,33,0,0.0,2.0,1.0,3.0,B01
201500045584,0,7,0,0.0,2.0,0.0,1.0,B01
201500045584,0,7,0,0.0,2.0,0.0,1.0,C01
201500045584,0,7,0,0.0,2.0,0.0,1.0,D01
201500045584,0,33,0,0.0,2.0,1.0,3.0,A01
201500045585,0,7,0,0.0,2.0,1.0,1.0,A01
201500045585,0,7,0,0.0,2.0,4.0,2.0,C01
201500045585,0,7,0,0.0,2.0,4.0,2.0,B01
201500045586,0,31,0,0.0,2.0,7.0,0.0,B01
201500045586,0,7,0,16.0,0.0,4.0,0.0,A01
201500045587,0,7,0,0.0,2.0,6.0,11.0,A01
201500045587,0,33,0,0.0,2.0,1.0,3.0,B01
201500045588,0,7,0,0.0,2.0,4.0,2.0,A01
201500045588,0,7,0,0.0,2.0,4.0,2.0,B01
201500045588,0,7,0,0.0,2.0,1.0,2.0,C01
201500045589,0,14,0,0.0,2.0,4.0,2.0,A01
201500045589,0,10,0,14.0,2.0,1.0,1.0,B01
201500045590,0,7,0,0.0,2.0,1.0,0.0,A01
201500045590,0,7,0,0.0,2.0,4.0,0.0,B01
201500045591,0,7,0,0.0,2.0,2.0,2.0,B01
201500045591,0,7,0,0.0,2.0,6.0,23.0,A01
201500045592,0,7,0,0.0,2.0,7.0,12.0,A01
201500045592,0,34,0,0.0,2.0,8.0,1.0,B01
201500045593,0,7,0,0.0,2.0,1.0,1.0,A01
201500045593,0,7,0,0.0,2.0,4.0,2.0,B01
201500045594,0,7,0,2.0,0.0,1.0,1.0,A01
201500045595,0,33,0,4.0,0.0,0.0,0.0,A01
201500045596,0,7,0,,2.0,1.0,1.0,B01
201500045596,0,7,0,3.0,2.0,4.0,2.0,A01
201500045597,0,7,0,0.0,2.0,5.0,0.0,A01
201500045597,0,15,0,3.0,0.0,0.0,0.0,B01