Num_Acc,senc,catv,occutc,obs,obsm,choc,manv,num_veh
201500045598,0,7,0,0.0,2.0,9.0,0.0,B01
201500045598,2,7,0,0.0,2.0,1.0,0.0,Z01
201500045599,0,7,0,0.0,2.0,2.0,0.0,B01
201500045599,0,7,0,0.0,2.0,6.0,2.0,A01
201500045600,0,33,0,0.0,2.0,3.0,1.0,B01
201500045600,0,7,0,0.0,2.0,2.0,12.0,A01
201500045601,0,34,0,0.0,2.0,2.0,0.0,A01
201500045601,0,7,0,0.0,2.0,4.0,0.0,B01
201500045602,0,14,0,0.0,2.0,1.0,0.0,B01
201500045602,0,7,0,0.0,2.0,4.0,2.0,C01
201500045602,0,7,0,0.0,2.0,4.0,1.0,A01
201500045603,0,7,0,4.0,0.0,2.0,14.0,A01
201500045604,0,7,0,0.0,2.0,4.0,0.0,B01
201500045604,0,33,0,0.0,2.0,1.0,3.0,A01
201500045605,0,33,0,0.0,2.0,1.0,3.0,A01
201500045605,0,7,0,0.0,2.0,6.0,11.0,B01
201500045606,0,7,0,0.0,2.0,7.0,1.0,B01
201500045606,0,33,0,0.0,2.0,8.0,3.0,A01
201500045607,0,7,0,0.0,2.0,4.0,21.0,A01
201500045607,0,7,0,0.0,2.0,1.0,0.0,B01
201500045608,0,7,0,4.0,0.0,9.0,13.0,A01
201500045609,0,7,0,0.0,2.0,1.0,2.0,A01
201500045609,0,7,0,0.0,2.0,4.0,2.0,B01
201500045610,0,7,0,0.0,2.0,4.0,0.0,C01
201500045610,0,7,0,0.0,2.0,4.0,2.0,E01
201500045610,0,7,0,0.0,2.0,4.0,2.0,D01
201500045610,0,7,0,0.0,2.0,1.0,2.0,A01
201500045610,0,7,0,0.0,2.0,4.0,0.0,B01
201500045611,0,15,0,0.0,2.0,1.0,1.0,B01
201500045611,0,7,0,0.0,2.0,6.0,1.0,A01
201500045612,0,7,0,0.0,2.0,8.0,0.0,C01
201500045612,0,33,0,0.0,2.0,8.0,0.0,A01
201500045612,0,10,0,0.0,2.0,0.0,0.0,B01
201500045613,0,7,0,0.0,2.0,1.0,1.0,A01
201500045613,0,7,0,0.0,2.0,4.0,2.0,B01
201500045614,0,7,0,0.0,2.0,5.0,11.0,B01
201500045614,0,33,0,0.0,2.0,1.0,0.0,A01
201500045615,0,13,0,0.0,2.0,1.0,1.0,A01
201500045615,0,7,0,0.0,2.0,4.0,2.0,B01
201500045616,0,33,0,0.0,2.0,8.0,2.0,A01
201500045616,0,7,0,0.0,2.0,7.0,12.0,B01
201500045617,0,10,0,0.0,2.0,5.0,0.0,B01
201500045617,0,7,0,0.0,2.0,6.0,0.0,A01
201500045617,0,33,0,0.0,2.0,0.0,0.0,C01
201500045618,0,7,0,0.0,2.0,4.0,15.0,A01
201500045618,0,33,0,0.0,2.0,1.0,0.0,B01
201500045619,0,7,0,0.0,2.0,5.0,2.0,A01
201500045619,0,7,0,0.0,2.0,3.0,1.0,B01
201500045620,0,33,0,4.0,0.0,8.0,1.0,A01
201500045621,0,7,0,0.0,2.0,8.0,1.0,C01
201500045621,0,7,0,4.0,2.0,1.0,1.0,B01
201500045621,0,7,0,4.0,2.0,8.0,13.0,A01
201500045622,0,7,0,0.0,2.0,1.0,1.0,A01
201500045622,0,7,0,0.0,2.0,4.0,2.0,B01
201500045623,0,7,0,0.0,2.0,6.0,13.0,A01
201500045623,0,31,0,0.0,2.0,2.0,0.0,B01
201500045624,0,15,0,0.0,2.0,7.0,0.0,D01
201500045624,0,7,0,0.0,2.0,4.0,0.0,G01
201500045624,0,7,0,0.0,2.0,1.0,0.0,C02
201500045624,0,7,0,0.0,2.0,4.0,0.0,A01
201500045624,0,32,0,0.0,2.0,2.0,0.0,F01
201500045624,0,7,0,0.0,2.0,8.0,0.0,B02
201500045624,0,7,0,0.0,2.0,4.0,0.0,E01
201500045625,0,7,0,16.0,0.0,1.0,1.0,A01
201500045626,0,7,0,0.0,2.0,1.0,1.0,A01
201500045627,0,15,0,0.0,2.0,3.0,0.0,B01
201500045627,0,7,0,0.0,2.0,0.0,0.0,A01
201500045628,0,14,0,0.0,0.0,0.0,0.0,B01
201500045628,0,7,0,0.0,9.0,0.0,0.0,C01
201500045628,0,7,0,0.0,0.0,0.0,0.0,A01
201500045629,0,7,0,0.0,2.0,4.0,2.0,B01
201500045629,0,7,0,0.0,2.0,2.0,1.0,A01
201500045630,0,7,0,0.0,2.0,7.0,12.0,A01
201500045630,0,32,0,0.0,2.0,8.0,3.0,B01
201500045631,0,10,0,0.0,2.0,1.0,1.0,A01
201500045631,0,10,0,0.0,2.0,4.0,2.0,B01
201500045632,0,7,0,0.0,0.0,0.0,0.0,A01
201500045633,0,34,0,0.0,2.0,3.0,0.0,B01
201500045633,0,7,0,0.0,2.0,2.0,12.0,A01
201500045634,0,7,0,0.0,2.0,5.0,12.0,B01
201500045634,0,33,0,0.0,2.0,8.0,3.0,A01
201500045635,0,7,0,0.0,2.0,4.0,0.0,C01
201500045635,0,13,0,0.0,2.0,1.0,2.0,A01
201500045635,0,7,0,0.0,2.0,4.0,0.0,B01
201500045636,0,7,0,4.0,0.0,3.0,13.0,A01
201500045637,0,7,0,0.0,2.0,1.0,1.0,B01
201500045637,0,7,0,0.0,2.0,4.0,23.0,A01
201500045638,0,7,0,0.0,2.0,6.0,1.0,B01
201500045638,0,33,0,0.0,2.0,2.0,3.0,A01
201500045639,0,7,0,4.0,0.0,8.0,11.0,A01
201500045640,0,7,0,3.0,2.0,3.0,1.0,A01
201500045640,0,7,0,0.0,2.0,4.0,2.0,B01
201500045641,0,7,0,3.0,2.0,1.0,14.0,A01
201500045641,0,7,0,,2.0,4.0,2.0,B01
201500045642,0,7,0,0.0,2.0,3.0,0.0,C01
201500045642,0,7,0,0.0,2.0,4.0,0.0,B01
201500045642,0,7,0,0.0,2.0,3.0,0.0,A01
201500045643,0,7,0,0.0,2.0,1.0,0.0,C01
201500045643,0,7,0,0.0,2.0,4.0,0.0,A01
201500045643,0,7,0,0.0,2.0,1.0,0.0,B01
201500045644,0,20,0,0.0,2.0,1.0,1.0,A01
201500045644,0,7,0,0.0,2.0,4.0,2.0,C01
201500045644,0,7,0,0.0,2.0,4.0,2.0,B01
201500045645,0,14,0,0.0,2.0,1.0,0.0,B01
201500045645,0,7,0,0.0,2.0,4.0,0.0,A01
201500045646,0,7,0,0.0,2.0,2.0,12.0,A01
201500045646,0,7,0,0.0,2.0,3.0,1.0,B01
201500045647,0,7,0,15.0,0.0,9.0,12.0,A01
201500045648,0,33,0,0.0,0.0,0.0,0.0,A01
201500045649,0,33,0,0.0,2.0,4.0,2.0,B01
201500045649,0,10,0,0.0,2.0,1.0,1.0,A01
201500045650,0,7,0,3.0,0.0,2.0,1.0,A01
201500045651,0,7,0,0.0,2.0,8.0,1.0,C01
201500045651,0,14,0,0.0,2.0,2.0,12.0,A01
201500045651,0,7,0,0.0,2.0,6.0,1.0,B01
201500045652,0,7,0,0.0,2.0,4.0,2.0,B01
201500045652,0,7,0,0.0,2.0,1.0,1.0,A01
201500045653,0,33,0,4.0,0.0,8.0,13.0,A01
201500045654,0,7,0,0.0,2.0,4.0,1.0,A01
201500045654,1,7,0,0.0,2.0,1.0,0.0,Z01
201500045654,0,10,0,4.0,0.0,3.0,21.0,B01
201500045655,0,7,0,0.0,2.0,4.0,23.0,A01
201500045655,0,7,0,0.0,2.0,1.0,2.0,B01
201500045655,0,7,0,0.0,2.0,1.0,1.0,C01
201500045656,0,7,0,4.0,0.0,3.0,1.0,A01
201500045657,0,7,0,0.0,2.0,6.0,2.0,A01
201500045657,1,7,0,0.0,2.0,1.0,0.0,Z01
201500045658,0,7,0,3.0,0.0,1.0,0.0,A01
201500045659,0,7,0,3.0,0.0,1.0,9.0,A01
201500045660,0,7,0,0.0,2.0,1.0,1.0,B01
201500045660,0,7,0,0.0,2.0,6.0,2.0,A01
201500045661,0,7,0,0.0,2.0,4.0,2.0,B01
201500045661,0,7,0,0.0,2.0,1.0,1.0,A01
201500045662,0,10,0,0.0,2.0,9.0,2.0,B01
201500045662,0,7,0,0.0,2.0,9.0,2.0,C01
201500045662,0,7,0,0.0,2.0,4.0,2.0,E01
201500045662,0,10,0,0.0,2.0,1.0,2.0,A01
201500045662,0,7,0,0.0,2.0,9.0,2.0,D01
201500045663,0,7,0,1.0,0.0,1.0,0.0,B01
201500045663,2,7,0,1.0,0.0,4.0,0.0,A01
201500045664,0,7,0,0.0,2.0,3.0,1.0,A01
201500045664,0,7,0,0.0,2.0,5.0,2.0,B01
201500045665,0,7,0,0.0,2.0,1.0,1.0,C01
201500045665,0,7,0,0.0,2.0,4.0,1.0,B01
201500045665,0,10,0,0.0,2.0,4.0,1.0,A01
201500045665,0,7,0,0.0,2.0,4.0,1.0,D01
201500045666,0,33,0,0.0,2.0,8.0,3.0,A01
201500045666,0,7,0,0.0,2.0,7.0,0.0,B01
201500045667,0,10,0,16.0,0.0,8.0,13.0,A01
201500045668,0,7,0,0.0,2.0,6.0,1.0,C01
201500045668,0,33,0,0.0,2.0,7.0,1.0,B01
201500045668,0,7,0,0.0,2.0,3.0,11.0,A01
201500045669,0,7,0,0.0,2.0,8.0,11.0,B01
201500045669,0,14,0,0.0,2.0,2.0,1.0,A01
201500045670,0,10,0,4.0,2.0,8.0,2.0,A01
201500045670,1,7,0,0.0,0.0,0.0,1.0,Z01
201500045670,0,7,0,4.0,2.0,8.0,21.0,C01
201500045670,0,7,0,0.0,2.0,4.0,2.0,B01
201500045671,0,10,0,0.0,2.0,1.0,2.0,A01
201500045671,0,7,0,0.0,2.0,4.0,2.0,B01
201500045672,0,7,0,1.0,0.0,1.0,21.0,B01
201500045673,0,7,0,4.0,0.0,1.0,0.0,A01
201500045674,0,7,0,0.0,2.0,4.0,2.0,A01
201500045674,0,7,0,0.0,2.0,4.0,2.0,D01
201500045674,0,7,0,0.0,0.0,0.0,0.0,B01
201500045674,0,7,0,0.0,2.0,4.0,2.0,C01
201500045675,0,7,0,4.0,0.0,3.0,13.0,A01
201500045676,0,34,0,0.0,2.0,4.0,1.0,B01
201500045676,0,10,0,0.0,2.0,3.0,11.0,A01
201500045677,1,7,0,0.0,2.0,0.0,1.0,Z01
201500045677,0,7,0,0.0,2.0,4.0,2.0,A01
201500045677,0,7,0,0.0,2.0,6.0,2.0,B01
201500045678,0,7,0,4.0,0.0,9.0,21.0,A01
201500045679,0,10,0,4.0,0.0,1.0,2.0,A01
201500045680,0,7,0,4.0,0.0,1.0,0.0,A01
201500045681,0,7,0,4.0,2.0,7.0,0.0,B01
201500045681,0,13,0,0.0,2.0,1.0,0.0,A01
201500045682,0,17,0,0.0,2.0,4.0,2.0,A01
201500045682,0,7,0,0.0,2.0,1.0,2.0,B01
201500045683,0,7,0,0.0,2.0,1.0,12.0,A01
201500045683,0,7,0,0.0,2.0,1.0,1.0,B01
201500045684,0,7,0,0.0,2.0,4.0,1.0,B01
201500045684,0,10,0,0.0,2.0,4.0,1.0,C01
201500045684,0,7,0,0.0,2.0,1.0,0.0,A01
201500045685,0,7,0,4.0,0.0,8.0,13.0,A01
201500045686,0,10,0,4.0,0.0,1.0,2.0,A01
201500045687,0,15,0,2.0,0.0,1.0,13.0,A01
201500045688,0,7,0,0.0,2.0,0.0,0.0,A01
201500045688,0,7,0,0.0,2.0,9.0,0.0,B01
201500045688,0,7,0,0.0,2.0,1.0,0.0,D01
201500045688,0,7,0,0.0,2.0,9.0,0.0,C01
201500045689,0,31,0,4.0,0.0,1.0,0.0,A01
201500045690,0,7,0,4.0,0.0,8.0,1.0,A01
201500045691,0,7,0,4.0,0.0,3.0,13.0,A01
201500045692,0,7,0,0.0,2.0,9.0,1.0,A01
201500045693,0,7,0,0.0,2.0,1.0,0.0,A01
201500045693,0,7,0,0.0,2.0,0.0,0.0,C01
201500045693,0,7,0,0.0,2.0,0.0,0.0,D01
201500045693,0,7,0,0.0,2.0,0.0,0.0,B01
201500045693,0,7,0,0.0,2.0,0.0,0.0,E01
201500045694,0,7,0,0.0,2.0,0.0,0.0,D01
201500045694,0,7,0,0.0,2.0,0.0,0.0,B01
201500045694,0,10,0,0.0,2.0,0.0,0.0,C01
201500045694,0,7,0,0.0,2.0,1.0,0.0,E01
201500045694,0,7,0,0.0,2.0,0.0,0.0,A01
201500045695,0,7,0,0.0,2.0,3.0,9.0,B01
201500045695,0,7,0,4.0,0.0,3.0,21.0,A01
201500045696,0,7,0,0.0,2.0,1.0,1.0,A01
201500045696,0,7,0,0.0,2.0,6.0,2.0,C01
201500045696,0,10,0,0.0,2.0,1.0,2.0,B01
201500045697,0,17,0,0.0,0.0,7.0,1.0,B01
201500045697,0,7,0,0.0,2.0,2.0,9.0,A01
201500045698,0,7,0,0.0,2.0,1.0,2.0,A01
201500045698,0,7,0,0.0,2.0,4.0,0.0,C01
201500045698,0,7,0,0.0,2.0,4.0,2.0,B01
201500045699,1,7,0,0.0,0.0,9.0,2.0,A01
201500045700,0,7,0,3.0,0.0,9.0,0.0,A01
201500045701,0,10,0,0.0,0.0,5.0,2.0,B01
201500045701,0,33,0,0.0,2.0,5.0,3.0,A01
201500045702,0,2,0,16.0,0.0,5.0,0.0,A01
201500045703,0,34,0,16.0,0.0,7.0,1.0,A01
201500045704,0,33,0,0.0,2.0,9.0,3.0,B01
201500045704,0,7,0,0.0,2.0,7.0,12.0,A01
201500045704,0,10,0,0.0,2.0,6.0,2.0,C01
201500045705,0,7,0,16.0,0.0,9.0,1.0,A01
201500045706,0,7,0,0.0,0.0,0.0,0.0,B01
201500045706,0,32,0,0.0,2.0,0.0,0.0,A01
201500045707,0,7,0,0.0,2.0,4.0,2.0,B01
201500045707,0,7,0,0.0,2.0,1.0,1.0,A01
201500045708,0,14,0,0.0,2.0,4.0,2.0,A01
201500045708,0,7,0,0.0,2.0,1.0,1.0,B01
201500045709,0,7,0,3.0,0.0,1.0,14.0,A01
201500045710,0,7,0,3.0,0.0,9.0,0.0,A01
201500045711,0,7,0,3.0,0.0,0.0,0.0,A01
201500045712,0,7,0,0.0,0.0,0.0,0.0,A01
201500045713,0,7,0,4.0,0.0,2.0,14.0,A01
201500045714,0,7,0,2.0,0.0,1.0,13.0,A01
201500045715,0,7,0,0.0,2.0,1.0,2.0,A01
201500045715,0,7,0,0.0,2.0,4.0,2.0,B01
201500045715,0,7,0,0.0,2.0,4.0,2.0,C01
201500045716,0,10,0,0.0,2.0,2.0,12.0,A01
201500045716,0,15,0,0.0,2.0,5.0,2.0,B01
201500045716,0,7,0,0.0,2.0,9.0,1.0,C01
201500045717,0,7,0,0.0,2.0,5.0,2.0,C01
201500045717,0,7,0,0.0,2.0,9.0,2.0,A01
201500045717,0,7,0,0.0,2.0,1.0,1.0,D01
201500045717,0,7,0,0.0,2.0,4.0,2.0,B01
201500045718,0,33,0,0.0,9.0,8.0,1.0,A01
201500045719,0,10,0,0.0,2.0,4.0,2.0,D01
201500045719,0,7,0,0.0,2.0,4.0,2.0,C01
201500045719,0,7,0,0.0,2.0,1.0,1.0,A01
201500045719,0,7,0,0.0,2.0,4.0,2.0,B01
201500045720,0,7,0,0.0,2.0,4.0,24.0,A01
201500045720,0,7,0,1.0,0.0,1.0,0.0,B01
201500045721,0,15,0,0.0,2.0,5.0,2.0,B01
201500045721,0,7,0,0.0,2.0,3.0,1.0,A01
201500045722,0,7,0,4.0,0.0,3.0,11.0,A01
201500045723,0,33,0,0.0,2.0,8.0,3.0,B01
201500045723,0,7,0,0.0,0.0,7.0,1.0,A01
201500045724,0,7,0,0.0,0.0,7.0,0.0,A01
201500045725,0,7,0,0.0,2.0,4.0,0.0,A01
201500045725,1,7,0,0.0,2.0,0.0,0.0,Z01
201500045726,0,7,0,0.0,2.0,3.0,2.0,B01
201500045726,0,7,0,0.0,2.0,1.0,21.0,A01
201500045727,0,7,0,4.0,0.0,3.0,21.0,A01
201500045728,0,7,0,0.0,0.0,0.0,0.0,A01
201500045729,1,7,0,0.0,2.0,4.0,0.0,Z01
201500045729,0,33,0,0.0,2.0,1.0,1.0,A01
201500045730,0,7,0,4.0,0.0,7.0,0.0,A01
201500045731,0,10,0,1.0,1.0,1.0,21.0,A01
201500045732,0,7,0,0.0,0.0,1.0,1.0,A01
201500045733,0,7,0,4.0,0.0,2.0,14.0,A01
201500045734,0,7,0,0.0,0.0,0.0,0.0,A01
201500045735,0,7,0,0.0,0.0,0.0,0.0,A01
201500045735,0,7,0,0.0,0.0,0.0,0.0,B01
201500045736,0,7,0,0.0,0.0,0.0,0.0,A01
201500045737,0,7,0,3.0,0.0,1.0,14.0,A01
201500045738,0,7,0,3.0,2.0,1.0,1.0,A01
201500045738,0,7,0,0.0,0.0,2.0,1.0,B01
201500045739,0,7,0,0.0,2.0,6.0,0.0,A01
201500045739,0,7,0,0.0,2.0,4.0,0.0,B01
201500045740,0,7,0,0.0,0.0,0.0,0.0,A01
201500045741,0,7,0,0.0,2.0,6.0,2.0,A01
201500045741,0,7,0,0.0,2.0,1.0,1.0,B01
201500045742,0,7,0,0.0,2.0,6.0,2.0,A01
201500045743,0,7,0,0.0,2.0,4.0,2.0,C01
201500045743,0,7,0,0.0,2.0,6.0,2.0,B01
201500045743,0,7,0,0.0,2.0,1.0,1.0,A01
201500045744,0,33,0,0.0,2.0,1.0,1.0,A01
201500045744,0,10,0,0.0,2.0,5.0,1.0,B01
201500045745,0,14,0,0.0,2.0,2.0,9.0,A01
201500045745,0,7,0,0.0,2.0,8.0,1.0,B01
201500045746,0,7,0,0.0,1.0,0.0,23.0,A01
201500045747,0,7,0,3.0,0.0,1.0,11.0,A01
201500045748,0,7,0,3.0,0.0,7.0,0.0,A01
201500045749,0,7,0,4.0,0.0,9.0,13.0,A01
201500045750,0,7,0,0.0,2.0,2.0,0.0,B01
201500045750,0,7,0,0.0,2.0,6.0,0.0,A01
201500045751,0,33,0,16.0,0.0,3.0,16.0,A01
201500045752,0,30,0,4.0,0.0,8.0,13.0,A01
201500045753,0,7,0,0.0,2.0,5.0,1.0,B01
201500045753,0,33,0,0.0,2.0,1.0,1.0,A01
201500045754,0,7,0,4.0,0.0,9.0,11.0,A01
201500045755,0,10,0,0.0,2.0,1.0,1.0,A01
201500045755,0,7,0,0.0,2.0,6.0,2.0,B01
201500045756,0,7,0,4.0,0.0,1.0,0.0,A01
201500045757,0,7,0,0.0,2.0,1.0,15.0,A01
201500045757,0,14,0,0.0,2.0,1.0,1.0,B01
201500045758,0,33,0,4.0,0.0,9.0,1.0,A01
201500045759,0,7,0,4.0,0.0,2.0,2.0,A01
201500045759,0,10,0,0.0,2.0,1.0,2.0,B01
201500045760,0,7,0,0.0,2.0,4.0,2.0,B01
201500045760,0,10,0,0.0,2.0,1.0,1.0,A01
201500045761,0,10,0,0.0,2.0,4.0,2.0,B01
201500045761,0,7,0,0.0,2.0,1.0,1.0,A01
201500045762,0,7,0,0.0,2.0,4.0,2.0,B01
201500045762,0,7,0,0.0,2.0,1.0,1.0,A01
201500045763,0,10,0,0.0,2.0,8.0,0.0,A01
201500045763,0,32,0,0.0,2.0,7.0,0.0,B01
201500045764,0,7,0,0.0,2.0,0.0,0.0,A01
201500045764,0,7,0,0.0,2.0,0.0,0.0,B01
201500045765,0,7,0,3.0,5.0,9.0,21.0,A01
201500045766,0,34,0,16.0,0.0,9.0,1.0,A01
201500045767,0,7,0,0.0,2.0,1.0,1.0,A01
201500045767,0,7,0,0.0,2.0,4.0,2.0,B01
201500045768,0,7,0,5.0,0.0,3.0,13.0,A01
201500045769,0,2,0,0.0,0.0,0.0,0.0,B01
201500045769,0,10,0,0.0,0.0,0.0,0.0,A01
201500045770,0,7,0,4.0,0.0,2.0,14.0,A01
201500045771,0,10,0,0.0,2.0,4.0,2.0,B01
201500045771,0,7,0,0.0,2.0,1.0,1.0,A01
201500045772,0,7,0,0.0,0.0,4.0,2.0,B01
201500045772,0,7,0,0.0,2.0,1.0,2.0,A01
201500045773,0,7,0,0.0,2.0,4.0,2.0,C01
201500045773,0,7,0,0.0,2.0,1.0,12.0,A01
201500045773,0,7,0,0.0,2.0,4.0,2.0,B01
201500045774,0,7,0,0.0,2.0,3.0,11.0,B01
201500045774,0,15,0,0.0,2.0,2.0,2.0,A01
201500045775,0,15,0,,9.0,1.0,1.0,A01
201500045776,0,7,0,0.0,2.0,5.0,12.0,B01
201500045776,0,33,0,0.0,2.0,1.0,3.0,A01
201500045777,0,7,0,0.0,2.0,3.0,2.0,A01
201500045777,0,7,0,0.0,2.0,4.0,2.0,B01
201500045777,0,7,0,0.0,2.0,4.0,2.0,C01
201500045777,0,7,0,0.0,2.0,1.0,2.0,D01
201500045777,0,15,0,0.0,9.0,4.0,2.0,E01
201500045778,1,7,0,0.0,0.0,0.0,0.0,B01
201500045778,0,34,0,0.0,2.0,4.0,2.0,A01
201500045779,0,33,0,0.0,0.0,0.0,0.0,A01
201500045780,0,7,0,0.0,2.0,1.0,0.0,A01
201500045780,0,7,0,0.0,2.0,4.0,0.0,B01
201500045781,0,7,0,0.0,2.0,1.0,0.0,A01
201500045781,0,7,0,0.0,2.0,4.0,0.0,B01
201500045782,0,15,0,0.0,2.0,4.0,0.0,A01
201500045782,0,10,0,0.0,2.0,0.0,0.0,B01
201500045782,0,15,0,0.0,2.0,0.0,0.0,C01
201500045783,0,33,0,0.0,2.0,0.0,0.0,B01
201500045783,0,7,0,0.0,2.0,0.0,0.0,A01
201500045784,0,33,0,0.0,2.0,1.0,1.0,A01
201500045784,0,7,0,0.0,2.0,4.0,2.0,B01
201500045785,0,33,0,0.0,2.0,5.0,2.0,A01
201500045786,0,33,0,0.0,2.0,2.0,3.0,B01
201500045786,0,7,0,0.0,2.0,5.0,1.0,C01
201500045786,0,7,0,0.0,2.0,8.0,11.0,A01
201500045787,0,33,0,0.0,2.0,8.0,3.0,A01
201500045787,0,7,0,0.0,0.0,0.0,0.0,B01
201500045787,0,15,0,0.0,0.0,0.0,0.0,C01
201500045788,0,7,0,0.0,2.0,4.0,2.0,C01
201500045788,0,10,0,0.0,2.0,1.0,1.0,A01
201500045788,0,10,0,0.0,2.0,4.0,2.0,D01
201500045788,0,10,0,0.0,2.0,4.0,2.0,B01
201500045789,0,7,0,0.0,2.0,1.0,1.0,A01
201500045789,0,10,0,0.0,2.0,4.0,1.0,B01
201500045790,0,7,0,0.0,2.0,1.0,1.0,A01
201500045790,0,7,0,0.0,2.0,4.0,2.0,B01
201500045791,0,13,0,0.0,0.0,0.0,0.0,B01
201500045791,0,7,0,1.0,0.0,6.0,2.0,A01
201500045792,0,7,0,0.0,2.0,1.0,9.0,A01
201500045792,0,7,0,0.0,2.0,4.0,1.0,B01
201500045793,0,7,0,0.0,2.0,1.0,2.0,C01
201500045793,0,7,0,0.0,2.0,1.0,1.0,B01
201500045793,0,7,0,0.0,2.0,1.0,2.0,A01
201500045793,0,7,0,0.0,2.0,4.0,2.0,D01
201500045794,0,7,0,0.0,2.0,1.0,1.0,A01
201500045794,0,7,0,0.0,2.0,4.0,1.0,B01
201500045795,0,7,0,0.0,2.0,8.0,1.0,D01
201500045795,0,7,0,0.0,2.0,8.0,21.0,C01
201500045795,0,7,0,3.0,2.0,1.0,19.0,A01
201500045795,0,7,0,0.0,2.0,1.0,1.0,B01
201500045796,0,7,0,4.0,0.0,1.0,13.0,A01
201500045797,0,7,0,0.0,0.0,4.0,0.0,A01
201500045797,0,7,0,0.0,2.0,1.0,1.0,B01
201500045798,0,7,0,3.0,0.0,1.0,13.0,A01
201500045799,0,7,0,0.0,2.0,9.0,2.0,B01
201500045799,0,7,0,0.0,0.0,0.0,0.0,A01
201500045799,0,7,0,0.0,2.0,4.0,2.0,C01
201500045800,0,15,0,0.0,9.0,4.0,2.0,B01
201500045800,0,7,0,0.0,2.0,1.0,2.0,A01
201500045801,1,33,0,0.0,2.0,7.0,3.0,A01
201500045801,1,7,0,0.0,2.0,8.0,0.0,B01
201500045802,0,7,0,0.0,2.0,4.0,1.0,C01
201500045802,0,10,0,0.0,2.0,1.0,1.0,B01
201500045802,0,33,0,0.0,2.0,7.0,3.0,A01
201500045803,0,7,0,0.0,2.0,3.0,1.0,B01
201500045803,0,33,0,0.0,2.0,2.0,3.0,A01
201500045804,0,7,0,0.0,2.0,4.0,2.0,C01
201500045804,0,7,0,0.0,2.0,4.0,2.0,B01
201500045804,0,13,0,0.0,2.0,1.0,2.0,A01
201500045805,0,33,0,0.0,2.0,1.0,3.0,B01
201500045805,0,10,0,0.0,2.0,6.0,0.0,A01
201500045806,0,33,0,0.0,0.0,1.0,1.0,A01
201500045807,0,7,0,0.0,0.0,0.0,0.0,A01
201500045807,0,17,0,0.0,0.0,0.0,0.0,B01
201500045808,0,7,0,4.0,0.0,7.0,14.0,A01
201500045809,0,7,0,16.0,0.0,9.0,1.0,A01
201500045810,0,7,0,1.0,0.0,4.0,2.0,F02
201500045810,0,7,0,0.0,2.0,1.0,2.0,A01
201500045810,0,7,0,1.0,0.0,9.0,2.0,C01
201500045810,0,7,0,1.0,0.0,9.0,2.0,B01
201500045810,0,10,0,1.0,0.0,9.0,0.0,E01
201500045810,0,10,0,1.0,0.0,9.0,2.0,D01
201500045811,1,10,0,0.0,2.0,0.0,0.0,Z01
201500045811,0,32,0,0.0,2.0,0.0,0.0,A01
201500045812,0,7,0,0.0,2.0,2.0,0.0,B01
201500045812,0,7,0,0.0,2.0,1.0,0.0,C01
201500045812,0,34,0,0.0,2.0,1.0,0.0,A01
201500045813,0,13,0,0.0,2.0,2.0,12.0,C01
201500045813,0,10,0,0.0,2.0,4.0,2.0,B01
201500045813,0,7,0,0.0,2.0,4.0,2.0,A01
201500045814,0,34,0,0.0,2.0,1.0,3.0,A01
201500045814,0,7,0,0.0,2.0,5.0,1.0,B01
201500045815,0,7,0,4.0,0.0,1.0,14.0,A01
201500045816,0,7,0,0.0,2.0,4.0,2.0,A01
201500045816,0,7,0,0.0,2.0,1.0,1.0,B01
201500045817,0,7,0,3.0,0.0,0.0,1.0,A01
201500045818,0,7,0,4.0,0.0,2.0,14.0,A01
201500045819,0,7,0,0.0,2.0,5.0,2.0,C01
201500045819,0,7,0,0.0,2.0,1.0,2.0,A01
201500045819,0,7,0,0.0,2.0,4.0,1.0,B01
201500045820,0,33,0,0.0,2.0,1.0,3.0,A01
201500045820,0,7,0,0.0,2.0,7.0,2.0,B01
201500045821,0,7,0,3.0,0.0,2.0,14.0,A01
201500045822,0,7,0,4.0,0.0,6.0,13.0,A01
201500045823,0,7,0,0.0,2.0,1.0,2.0,A01
201500045823,0,7,0,0.0,2.0,4.0,2.0,C01
201500045823,0,7,0,0.0,2.0,4.0,2.0,B01
201500045824,0,7,0,0.0,2.0,3.0,9.0,B01
201500045824,0,7,0,0.0,2.0,5.0,1.0,A01
201500045825,0,7,0,4.0,0.0,2.0,14.0,A01
201500045826,0,7,0,4.0,0.0,1.0,1.0,A01
201500045827,0,7,0,4.0,0.0,1.0,13.0,A01
201500045828,0,7,0,0.0,2.0,0.0,2.0,B01
201500045828,0,7,0,0.0,2.0,0.0,2.0,A01
201500045829,0,7,0,5.0,0.0,1.0,13.0,A01
201500045830,0,7,0,0.0,2.0,1.0,14.0,A01
201500045830,0,13,0,0.0,2.0,6.0,1.0,B01
201500045831,0,7,0,0.0,2.0,8.0,0.0,A01
201500045831,0,7,0,0.0,2.0,1.0,0.0,B01
201500045831,0,33,0,0.0,2.0,1.0,0.0,C01
201500045831,1,7,0,0.0,0.0,0.0,0.0,Z01
201500045832,0,7,0,4.0,0.0,2.0,14.0,A01
201500045833,0,33,0,0.0,2.0,2.0,3.0,A01
201500045833,0,7,0,0.0,2.0,8.0,11.0,B01
201500045834,0,7,0,0.0,2.0,7.0,1.0,C01
201500045834,0,10,0,0.0,2.0,5.0,2.0,A01
201500045834,0,33,0,0.0,2.0,9.0,3.0,B01