Num_Acc,senc,catv,occutc,obs,obsm,choc,manv,num_veh
201500046075,0,7,0,0.0,2.0,5.0,9.0,A01
201500046076,0,10,0,0.0,2.0,2.0,2.0,C01
201500046076,0,7,0,0.0,2.0,3.0,1.0,A01
201500046076,0,7,0,0.0,2.0,4.0,2.0,B01
201500046077,0,7,0,0.0,0.0,4.0,2.0,B01
201500046077,0,7,0,14.0,2.0,1.0,2.0,A01
201500046078,0,33,0,0.0,2.0,8.0,1.0,A01
201500046078,1,7,0,0.0,0.0,,17.0,Z01
201500046079,0,7,0,0.0,2.0,8.0,1.0,A01
201500046079,0,7,0,14.0,0.0,1.0,0.0,B01
201500046079,1,7,0,0.0,0.0,0.0,0.0,Z01
201500046080,0,7,0,4.0,0.0,1.0,14.0,A01
201500046081,0,34,0,0.0,2.0,7.0,0.0,B01
201500046081,0,7,0,0.0,2.0,8.0,0.0,A01
201500046082,0,31,0,5.0,0.0,9.0,0.0,A01
201500046083,0,31,0,16.0,0.0,2.0,1.0,A01
201500046084,0,7,0,0.0,2.0,6.0,0.0,A01
201500046084,0,7,0,0.0,2.0,2.0,11.0,B01
201500046085,0,7,0,3.0,0.0,1.0,2.0,A01
201500046086,0,7,0,0.0,2.0,1.0,1.0,B01
201500046086,0,7,0,0.0,2.0,4.0,2.0,A01
201500046087,0,7,0,0.0,2.0,1.0,2.0,B01
201500046087,0,7,0,0.0,2.0,4.0,0.0,A01
201500046087,0,7,0,0.0,2.0,2.0,2.0,C01
201500046087,0,7,0,0.0,2.0,1.0,2.0,D01
201500046088,0,7,0,4.0,0.0,3.0,13.0,A01
201500046089,0,7,0,4.0,0.0,1.0,14.0,A01
201500046090,0,10,0,0.0,2.0,6.0,2.0,C01
201500046090,0,7,0,0.0,2.0,9.0,13.0,A01
201500046090,0,15,0,0.0,2.0,9.0,21.0,B01
201500046091,0,7,0,0.0,2.0,1.0,0.0,A01
201500046091,0,7,0,0.0,2.0,4.0,0.0,B01
201500046092,0,7,0,3.0,0.0,1.0,0.0,A01
201500046093,0,7,0,0.0,2.0,5.0,2.0,B01
201500046093,0,32,0,0.0,2.0,1.0,2.0,A01
201500046094,0,7,0,0.0,2.0,3.0,14.0,A01
201500046095,0,7,0,0.0,2.0,1.0,2.0,A01
201500046095,0,7,0,0.0,2.0,4.0,2.0,C01
201500046095,0,7,0,0.0,2.0,4.0,2.0,B01
201500046096,0,7,0,0.0,2.0,6.0,23.0,B01
201500046096,0,33,0,0.0,2.0,7.0,3.0,A01
201500046097,1,7,0,0.0,2.0,0.0,0.0,Z01
201500046097,0,7,0,0.0,2.0,5.0,0.0,A01
201500046098,0,7,0,0.0,2.0,7.0,0.0,A01
201500046098,0,33,0,0.0,2.0,1.0,0.0,B01
201500046099,0,7,0,0.0,2.0,5.0,1.0,B01
201500046099,0,33,0,0.0,2.0,1.0,13.0,A01
201500046100,0,7,0,0.0,2.0,1.0,1.0,A01
201500046100,0,1,0,0.0,0.0,4.0,2.0,B01
201500046101,0,7,0,0.0,2.0,1.0,2.0,A01
201500046101,0,7,0,0.0,2.0,4.0,2.0,B01
201500046102,0,33,0,0.0,2.0,8.0,1.0,B01
201500046102,0,7,0,0.0,2.0,7.0,12.0,A01
201500046103,2,7,0,0.0,2.0,4.0,1.0,B01
201500046103,0,15,0,0.0,2.0,2.0,0.0,A01
201500046103,0,7,0,0.0,2.0,4.0,0.0,C01
201500046104,0,33,0,0.0,2.0,1.0,1.0,A01
201500046104,0,7,0,0.0,2.0,4.0,2.0,B01
201500046105,0,33,0,0.0,2.0,1.0,3.0,A01
201500046105,0,7,0,0.0,2.0,8.0,11.0,B01
201500046106,0,33,0,0.0,2.0,1.0,3.0,A01
201500046106,1,33,0,0.0,2.0,4.0,3.0,B01
201500046107,0,10,0,0.0,2.0,1.0,0.0,A01
201500046107,0,10,0,0.0,2.0,4.0,0.0,C01
201500046107,0,7,0,0.0,2.0,4.0,0.0,B01
201500046107,0,7,0,0.0,2.0,4.0,0.0,D01
201500046108,0,7,0,0.0,2.0,1.0,0.0,C01
201500046108,0,7,0,0.0,2.0,4.0,0.0,A01
201500046108,0,7,0,0.0,2.0,0.0,0.0,B01
201500046109,0,7,0,0.0,2.0,4.0,2.0,B01
201500046109,0,7,0,0.0,2.0,1.0,2.0,A01
201500046110,0,7,0,0.0,2.0,1.0,2.0,B01
201500046110,0,7,0,0.0,2.0,4.0,2.0,C01
201500046110,0,15,0,0.0,2.0,1.0,1.0,A01
201500046111,0,10,0,0.0,2.0,4.0,2.0,B01
201500046111,0,33,0,0.0,2.0,1.0,2.0,A01
201500046112,0,7,0,0.0,2.0,7.0,0.0,A01
201500046112,0,33,0,0.0,2.0,0.0,0.0,B01
201500046113,0,7,0,0.0,2.0,3.0,0.0,A01
201500046113,0,33,0,0.0,2.0,2.0,0.0,B01
201500046114,0,33,0,0.0,2.0,0.0,0.0,A01
201500046114,0,7,0,0.0,2.0,0.0,0.0,B01
201500046115,0,7,0,0.0,2.0,4.0,0.0,A01
201500046115,0,7,0,0.0,2.0,4.0,1.0,B01
201500046116,0,33,0,0.0,0.0,0.0,2.0,A01
201500046117,0,7,0,4.0,0.0,3.0,13.0,A01
201500046118,0,7,0,0.0,2.0,4.0,2.0,B01
201500046118,0,7,0,0.0,2.0,1.0,1.0,A01
201500046119,0,7,0,0.0,2.0,4.0,2.0,B01
201500046119,0,7,0,0.0,2.0,1.0,1.0,A01
201500046120,0,7,0,0.0,2.0,1.0,2.0,D01
201500046120,0,7,0,0.0,2.0,6.0,2.0,A01
201500046120,0,7,0,0.0,2.0,1.0,1.0,B01
201500046120,0,7,0,0.0,2.0,1.0,2.0,C01
201500046121,0,15,0,0.0,2.0,4.0,0.0,B01
201500046121,0,10,0,0.0,2.0,1.0,2.0,A01
201500046122,0,7,0,0.0,2.0,8.0,0.0,A01
201500046122,0,14,0,0.0,2.0,2.0,12.0,B01
201500046123,0,7,0,0.0,2.0,3.0,0.0,B01
201500046123,0,31,0,0.0,2.0,2.0,0.0,A01
201500046124,0,7,0,4.0,0.0,1.0,16.0,A01
201500046125,0,33,0,0.0,2.0,1.0,3.0,A01
201500046125,0,7,0,0.0,2.0,5.0,1.0,C01
201500046125,0,10,0,0.0,2.0,8.0,0.0,B01
201500046126,0,10,0,4.0,0.0,1.0,13.0,A01
201500046127,0,7,0,0.0,2.0,7.0,12.0,C01
201500046127,0,33,0,0.0,2.0,8.0,3.0,B01
201500046127,0,7,0,0.0,9.0,4.0,1.0,A01
201500046128,0,7,0,4.0,0.0,3.0,13.0,A01
201500046129,0,10,0,0.0,2.0,5.0,2.0,A01
201500046129,0,33,0,0.0,2.0,1.0,1.0,B01
201500046130,0,7,0,0.0,2.0,6.0,2.0,B01
201500046130,0,7,0,1.0,2.0,2.0,11.0,A01
201500046130,0,15,0,0.0,2.0,5.0,2.0,C01
201500046131,0,7,0,0.0,2.0,1.0,2.0,A01
201500046131,0,7,0,0.0,2.0,4.0,2.0,B01
201500046132,0,7,0,0.0,2.0,9.0,2.0,B01
201500046132,0,7,0,0.0,2.0,9.0,1.0,A01
201500046133,0,7,0,0.0,2.0,1.0,1.0,A01
201500046133,0,7,0,0.0,2.0,4.0,2.0,B01
201500046134,0,7,0,0.0,2.0,4.0,2.0,A01
201500046134,0,7,0,0.0,2.0,1.0,1.0,B01
201500046135,0,7,0,4.0,0.0,8.0,13.0,A01
201500046136,0,15,0,0.0,2.0,0.0,0.0,A01
201500046136,0,7,0,0.0,0.0,0.0,0.0,B01
201500046137,0,7,0,0.0,2.0,4.0,2.0,B01
201500046137,0,7,0,0.0,2.0,4.0,2.0,A01
201500046137,0,7,0,0.0,2.0,1.0,1.0,C01
201500046138,0,7,0,0.0,2.0,8.0,9.0,A01
201500046138,0,14,0,0.0,2.0,7.0,1.0,B01
201500046139,0,7,0,4.0,2.0,9.0,18.0,A01
201500046139,0,10,0,0.0,2.0,7.0,1.0,B01
201500046140,0,7,0,0.0,1.0,3.0,1.0,B01
201500046141,0,7,0,4.0,0.0,3.0,13.0,A01
201500046142,1,7,0,0.0,0.0,0.0,0.0,Z01
201500046142,0,7,0,0.0,2.0,4.0,0.0,A01
201500046143,0,7,0,3.0,0.0,1.0,14.0,A01
201500046144,0,7,0,0.0,2.0,3.0,11.0,B01
201500046144,0,15,0,0.0,2.0,2.0,12.0,A01
201500046145,0,7,0,0.0,2.0,4.0,0.0,D01
201500046145,0,7,0,0.0,2.0,1.0,0.0,A01
201500046145,0,7,0,0.0,2.0,1.0,0.0,B01
201500046145,0,32,0,0.0,2.0,4.0,0.0,C01
201500046146,0,33,0,0.0,2.0,2.0,3.0,A01
201500046146,0,7,0,0.0,2.0,8.0,1.0,B01
201500046147,0,7,0,0.0,2.0,3.0,16.0,A01
201500046147,0,15,0,0.0,2.0,5.0,2.0,B01
201500046148,0,7,0,0.0,2.0,3.0,1.0,B01
201500046148,0,15,0,0.0,2.0,7.0,17.0,A01
201500046149,0,33,0,0.0,2.0,9.0,2.0,A01
201500046150,0,7,0,0.0,2.0,1.0,1.0,A01
201500046150,0,7,0,0.0,2.0,4.0,2.0,B01
201500046151,0,7,0,0.0,2.0,1.0,1.0,A01
201500046151,0,7,0,0.0,2.0,4.0,2.0,B01
201500046151,0,7,0,0.0,2.0,4.0,2.0,C01
201500046152,0,7,0,0.0,2.0,4.0,0.0,A01
201500046152,0,7,0,0.0,2.0,1.0,0.0,B01
201500046153,0,3,0,3.0,0.0,1.0,0.0,A01
201500046154,0,7,0,3.0,0.0,1.0,0.0,A01
201500046155,0,7,0,0.0,2.0,1.0,1.0,A01
201500046155,0,7,0,0.0,2.0,4.0,2.0,B01
201500046156,0,7,0,0.0,2.0,1.0,12.0,A01
201500046156,0,7,0,0.0,2.0,5.0,2.0,B01
201500046157,0,10,0,4.0,0.0,3.0,1.0,A01
201500046158,0,7,0,4.0,0.0,2.0,21.0,A01
201500046159,0,7,0,4.0,2.0,1.0,1.0,A01
201500046159,0,7,0,4.0,2.0,4.0,2.0,B01
201500046160,0,10,0,0.0,2.0,6.0,2.0,B01
201500046160,0,33,0,0.0,2.0,1.0,2.0,A01
201500046161,0,10,0,4.0,2.0,2.0,0.0,A01
201500046161,0,7,0,4.0,2.0,8.0,2.0,B01
201500046162,0,15,0,0.0,2.0,4.0,0.0,C01
201500046162,0,7,0,0.0,2.0,2.0,0.0,A01
201500046162,0,33,0,0.0,2.0,3.0,0.0,B01
201500046163,0,7,0,0.0,9.0,1.0,11.0,A01
201500046164,0,7,0,0.0,2.0,1.0,1.0,A01
201500046164,0,10,0,0.0,2.0,1.0,2.0,B01
201500046164,1,7,0,0.0,2.0,0.0,0.0,Z01
201500046165,0,7,0,0.0,2.0,2.0,1.0,A01
201500046165,0,13,0,0.0,2.0,6.0,24.0,B01
201500046166,0,7,0,0.0,2.0,4.0,2.0,B01
201500046166,0,7,0,0.0,2.0,1.0,1.0,A01
201500046167,0,7,0,0.0,0.0,1.0,0.0,A01
201500046168,0,7,0,0.0,2.0,1.0,1.0,A01
201500046168,0,7,0,0.0,2.0,4.0,2.0,B01
201500046168,0,7,0,0.0,2.0,4.0,2.0,C01
201500046168,0,7,0,0.0,2.0,4.0,2.0,D01
201500046168,0,7,0,0.0,2.0,4.0,2.0,E01
201500046169,0,7,0,0.0,0.0,1.0,2.0,A01
201500046170,0,10,0,3.0,0.0,9.0,14.0,A01
201500046171,0,7,0,0.0,2.0,1.0,1.0,A01
201500046171,0,7,0,4.0,2.0,5.0,2.0,B01
201500046172,0,7,0,0.0,2.0,7.0,0.0,B01
201500046172,0,7,0,0.0,2.0,1.0,11.0,A01
201500046173,0,7,0,4.0,0.0,1.0,1.0,A01
201500046174,0,7,0,0.0,2.0,4.0,2.0,B01
201500046174,0,7,0,0.0,2.0,4.0,1.0,C01
201500046174,0,7,0,0.0,2.0,1.0,1.0,A01
201500046175,0,7,0,0.0,9.0,0.0,0.0,A01
201500046176,0,7,0,0.0,2.0,4.0,2.0,B01
201500046176,0,7,0,0.0,2.0,4.0,2.0,C01
201500046176,0,7,0,0.0,2.0,1.0,1.0,A01
201500046177,0,7,0,0.0,2.0,1.0,1.0,B01
201500046177,0,7,0,0.0,2.0,3.0,14.0,A01
201500046178,0,31,0,1.0,2.0,1.0,0.0,A01
201500046178,0,7,0,1.0,2.0,6.0,18.0,C01
201500046178,0,7,0,1.0,2.0,9.0,23.0,B01
201500046179,0,7,0,4.0,0.0,1.0,14.0,A01
201500046180,0,14,0,4.0,0.0,2.0,14.0,A01
201500046181,0,7,0,3.0,2.0,9.0,12.0,A01
201500046182,0,7,0,0.0,2.0,7.0,2.0,A01
201500046183,0,7,0,0.0,2.0,1.0,3.0,A01
201500046183,0,7,0,14.0,0.0,4.0,1.0,B01
201500046183,0,7,0,14.0,0.0,0.0,0.0,C01
201500046184,0,7,0,0.0,2.0,4.0,2.0,A01
201500046184,0,7,0,0.0,2.0,1.0,2.0,B01
201500046184,0,7,0,0.0,2.0,1.0,2.0,C01
201500046184,0,7,0,0.0,2.0,1.0,2.0,D01
201500046184,0,7,0,0.0,2.0,1.0,2.0,E01
201500046185,0,7,0,4.0,0.0,1.0,0.0,A01
201500046186,0,7,0,4.0,0.0,3.0,21.0,A01
201500046187,0,7,0,0.0,2.0,4.0,1.0,B01
201500046187,0,7,0,0.0,2.0,1.0,14.0,A01
201500046188,0,7,0,4.0,0.0,3.0,13.0,A01
201500046189,0,7,0,4.0,0.0,5.0,0.0,A01
201500046190,0,33,0,0.0,0.0,6.0,2.0,B01
201500046190,0,33,0,0.0,2.0,1.0,2.0,A01
201500046191,0,7,0,0.0,0.0,6.0,0.0,B01
201500046191,0,31,0,0.0,2.0,1.0,0.0,A01
201500046192,0,7,0,4.0,0.0,1.0,0.0,A01
201500046193,0,33,0,0.0,2.0,1.0,2.0,A01
201500046193,0,7,0,0.0,0.0,4.0,2.0,B01
201500046194,0,33,0,0.0,0.0,8.0,0.0,A01
201500046195,0,7,0,0.0,2.0,1.0,1.0,B01
201500046195,0,7,0,0.0,2.0,6.0,9.0,A01
201500046196,0,33,0,0.0,0.0,8.0,21.0,A01
201500046197,0,7,0,4.0,0.0,3.0,0.0,A01
201500046198,0,7,0,0.0,2.0,1.0,2.0,A01
201500046198,0,7,0,0.0,2.0,4.0,2.0,B01
201500046199,0,7,0,0.0,2.0,1.0,2.0,A01
201500046199,0,7,0,0.0,0.0,0.0,0.0,B01
201500046200,0,17,0,0.0,0.0,0.0,0.0,A01
201500046200,0,7,0,0.0,0.0,0.0,0.0,B01
201500046201,0,7,0,0.0,0.0,0.0,0.0,C01
201500046201,0,7,0,0.0,2.0,1.0,2.0,A01
201500046201,0,7,0,0.0,0.0,0.0,0.0,B01
201500046202,0,7,0,0.0,0.0,0.0,0.0,C01
201500046202,0,7,0,0.0,0.0,0.0,0.0,B01
201500046202,0,33,0,0.0,0.0,0.0,0.0,A01
201500046203,0,7,0,0.0,2.0,0.0,0.0,B01
201500046203,0,34,0,0.0,2.0,0.0,0.0,A01
201500046204,0,32,0,0.0,0.0,0.0,0.0,A01
201500046205,0,7,0,0.0,0.0,0.0,0.0,A01
201500046205,0,7,0,0.0,0.0,0.0,0.0,B01
201500046206,0,7,0,4.0,0.0,1.0,2.0,A01
201500046207,0,7,0,0.0,0.0,3.0,1.0,A01
201500046208,0,7,0,0.0,0.0,0.0,0.0,A01
201500046209,0,10,0,0.0,2.0,1.0,0.0,A01
201500046209,0,7,0,0.0,0.0,4.0,0.0,B01
201500046210,0,7,0,0.0,0.0,0.0,0.0,A01
201500046210,0,33,0,0.0,2.0,1.0,3.0,B01
201500046211,0,7,0,0.0,0.0,0.0,0.0,B01
201500046211,0,33,0,0.0,2.0,8.0,3.0,A01
201500046212,0,33,0,0.0,2.0,0.0,3.0,A01
201500046213,0,31,0,0.0,2.0,5.0,0.0,B01
201500046213,0,15,0,0.0,2.0,6.0,0.0,D01
201500046213,0,7,0,13.0,0.0,1.0,0.0,A01
201500046213,0,7,0,1.0,2.0,1.0,0.0,C01
201500046214,0,7,0,4.0,0.0,3.0,11.0,A01
201500046215,0,33,0,0.0,0.0,0.0,0.0,A01
201500046215,0,7,0,0.0,0.0,0.0,0.0,B01
201500046216,0,7,0,4.0,2.0,5.0,17.0,B01
201500046216,0,7,0,0.0,2.0,3.0,13.0,A01
201500046217,0,7,0,4.0,9.0,7.0,2.0,A01
201500046218,0,7,0,4.0,0.0,3.0,15.0,A01
201500046219,0,7,0,4.0,0.0,1.0,0.0,A01
201500046220,0,33,0,16.0,0.0,7.0,0.0,A01
201500046221,0,7,0,0.0,0.0,4.0,2.0,B01
201500046221,0,7,0,0.0,2.0,1.0,2.0,A01
201500046222,0,33,0,0.0,2.0,1.0,3.0,A01
201500046222,0,7,0,0.0,2.0,6.0,11.0,B01
201500046223,0,7,0,0.0,0.0,0.0,0.0,A01
201500046224,0,7,0,0.0,2.0,4.0,2.0,B01
201500046224,0,7,0,0.0,2.0,1.0,2.0,A01
201500046224,0,10,0,0.0,2.0,4.0,2.0,D01
201500046224,0,7,0,0.0,2.0,4.0,2.0,C01
201500046225,0,7,0,5.0,2.0,7.0,6.0,A01
201500046225,0,34,0,0.0,0.0,8.0,0.0,B01
201500046226,0,15,0,4.0,0.0,3.0,2.0,A01
201500046227,0,7,0,0.0,2.0,4.0,1.0,C01
201500046227,0,7,0,0.0,2.0,3.0,2.0,A01
201500046227,0,7,0,0.0,2.0,1.0,2.0,B01
201500046228,0,7,0,0.0,2.0,1.0,2.0,A01
201500046228,0,7,0,0.0,0.0,4.0,1.0,B01
201500046229,0,7,0,3.0,0.0,7.0,1.0,A01
201500046230,0,7,0,4.0,0.0,1.0,1.0,A01
201500046231,0,32,0,0.0,2.0,2.0,3.0,A01
201500046231,0,7,0,0.0,0.0,4.0,1.0,B01
201500046232,0,7,0,0.0,2.0,1.0,2.0,A01
201500046232,0,7,0,0.0,2.0,4.0,23.0,B01
201500046232,0,7,0,0.0,2.0,4.0,23.0,D01
201500046232,0,7,0,0.0,2.0,4.0,23.0,C01
201500046233,0,7,0,0.0,2.0,3.0,11.0,B01
201500046233,0,33,0,0.0,2.0,2.0,1.0,A01
201500046234,0,7,0,0.0,2.0,1.0,2.0,A01
201500046234,0,7,0,0.0,2.0,4.0,2.0,B01
201500046235,0,3,0,4.0,0.0,2.0,14.0,A01
201500046236,0,7,0,5.0,0.0,2.0,0.0,A01
201500046237,0,7,0,0.0,2.0,1.0,5.0,A01
201500046237,0,7,0,0.0,2.0,1.0,1.0,B01
201500046238,0,7,0,0.0,2.0,1.0,2.0,A01
201500046238,0,7,0,0.0,0.0,0.0,0.0,B01
201500046239,0,7,0,0.0,2.0,1.0,2.0,A01
201500046239,0,7,0,0.0,2.0,4.0,2.0,B01
201500046240,0,7,0,0.0,2.0,8.0,11.0,A01
201500046240,0,33,0,0.0,2.0,7.0,0.0,B01
201500046241,0,33,0,0.0,2.0,3.0,0.0,B01
201500046241,0,10,0,0.0,2.0,5.0,12.0,A01
201500046242,0,33,0,0.0,2.0,3.0,3.0,A01
201500046242,0,7,0,0.0,2.0,7.0,12.0,B01
201500046243,0,7,0,0.0,2.0,4.0,23.0,C01
201500046243,0,7,0,0.0,2.0,1.0,2.0,A01
201500046243,0,7,0,0.0,2.0,4.0,23.0,B01
201500046244,0,33,0,0.0,0.0,4.0,1.0,A01
201500046244,0,7,0,0.0,0.0,5.0,2.0,C01
201500046244,0,7,0,0.0,0.0,0.0,2.0,B01
201500046245,2,7,0,4.0,0.0,9.0,23.0,Z01
201500046245,0,7,0,0.0,2.0,2.0,2.0,B01
201500046246,0,7,0,0.0,2.0,4.0,2.0,B01
201500046246,0,32,0,0.0,2.0,2.0,2.0,A01
201500046246,0,7,0,0.0,2.0,4.0,2.0,D01
201500046246,0,7,0,0.0,2.0,6.0,2.0,E01
201500046246,0,7,0,0.0,2.0,3.0,2.0,F02
201500046246,0,7,0,0.0,2.0,1.0,2.0,C01
201500046247,0,7,0,4.0,0.0,2.0,0.0,A01
201500046248,0,7,0,0.0,0.0,1.0,0.0,A01
201500046249,0,32,0,0.0,2.0,1.0,3.0,A01
201500046249,1,1,0,0.0,0.0,0.0,0.0,Z01
201500046250,0,7,0,0.0,0.0,0.0,0.0,A01
201500046251,0,15,0,3.0,2.0,1.0,1.0,A01
201500046251,0,7,0,3.0,0.0,6.0,2.0,B01
201500046252,0,33,0,0.0,2.0,7.0,3.0,B01
201500046252,0,7,0,0.0,2.0,8.0,11.0,A01
201500046253,0,7,0,14.0,0.0,1.0,0.0,A01
201500046254,0,33,0,0.0,2.0,1.0,0.0,A01
201500046254,0,7,0,0.0,2.0,4.0,0.0,B01
201500046254,0,7,0,0.0,2.0,4.0,0.0,C01
201500046255,0,33,0,0.0,2.0,1.0,2.0,A01
201500046255,0,10,0,0.0,2.0,4.0,1.0,B01
201500046256,0,7,0,0.0,2.0,7.0,12.0,A01
201500046256,0,33,0,0.0,2.0,3.0,1.0,B01
201500046257,0,7,0,0.0,2.0,1.0,2.0,A01
201500046257,0,7,0,0.0,9.0,4.0,2.0,B01
201500046258,0,7,0,0.0,0.0,4.0,2.0,B01
201500046258,0,7,0,0.0,2.0,1.0,2.0,A01
201500046259,0,14,0,0.0,2.0,8.0,13.0,A01
201500046259,0,7,0,0.0,2.0,1.0,2.0,B01
201500046260,0,33,0,0.0,0.0,8.0,16.0,A01
201500046261,0,32,0,0.0,0.0,7.0,2.0,A01
201500046262,0,7,0,0.0,2.0,6.0,2.0,B01
201500046262,0,7,0,0.0,2.0,2.0,2.0,A01
201500046263,0,7,0,3.0,0.0,3.0,2.0,A01
201500046264,0,7,0,4.0,2.0,1.0,2.0,A01
201500046264,0,7,0,0.0,2.0,6.0,2.0,B01
201500046265,0,34,0,0.0,2.0,2.0,2.0,A01
201500046266,0,7,0,0.0,0.0,8.0,2.0,D01
201500046266,0,7,0,0.0,2.0,2.0,2.0,A01
201500046266,0,7,0,0.0,0.0,4.0,2.0,C01
201500046266,0,7,0,0.0,0.0,6.0,2.0,B01
201500046267,0,34,0,0.0,0.0,0.0,0.0,A01
201500046268,0,15,0,4.0,0.0,3.0,0.0,A01
201500046269,0,7,0,3.0,0.0,1.0,17.0,A01
201500046270,0,7,0,3.0,0.0,2.0,0.0,A01
201500046271,0,33,0,14.0,0.0,2.0,6.0,A01
201500046272,0,7,0,4.0,0.0,1.0,0.0,A01
201500046273,0,32,0,4.0,0.0,7.0,2.0,A01
201500046274,0,32,0,0.0,0.0,0.0,0.0,A01
201500046275,0,7,0,0.0,2.0,4.0,2.0,B01
201500046275,0,7,0,0.0,2.0,1.0,2.0,A01
201500046276,0,33,0,16.0,0.0,3.0,3.0,A01
201500046277,0,7,0,0.0,2.0,4.0,2.0,B01
201500046277,0,7,0,0.0,2.0,1.0,2.0,A01
201500046278,0,7,0,0.0,2.0,3.0,1.0,B01
201500046278,0,15,0,0.0,2.0,2.0,3.0,A01
201500046279,0,7,0,0.0,2.0,6.0,23.0,B01
201500046279,0,34,0,0.0,0.0,0.0,0.0,A01
201500046280,0,7,0,0.0,2.0,4.0,0.0,B01
201500046280,0,33,0,0.0,2.0,1.0,0.0,A01
201500046280,0,7,0,0.0,0.0,0.0,0.0,C01
201500046281,0,7,0,0.0,2.0,4.0,23.0,D01
201500046281,0,7,0,0.0,2.0,4.0,23.0,C01
201500046281,0,7,0,0.0,2.0,4.0,23.0,B01
201500046281,0,7,0,0.0,2.0,1.0,2.0,A01
201500046282,0,7,0,0.0,2.0,1.0,2.0,A01
201500046282,0,7,0,0.0,2.0,4.0,2.0,B01
201500046283,0,15,0,0.0,1.0,7.0,2.0,B01
201500046284,0,33,0,0.0,2.0,1.0,1.0,A01
201500046284,0,7,0,0.0,2.0,4.0,1.0,B01
201500046285,0,7,0,0.0,2.0,3.0,11.0,A01
201500046285,0,34,0,0.0,2.0,5.0,0.0,B01
201500046286,0,7,0,4.0,0.0,3.0,19.0,A01
201500046287,0,33,0,0.0,0.0,0.0,0.0,B01
201500046287,0,7,0,0.0,0.0,0.0,0.0,A01
201500046288,0,7,0,0.0,0.0,4.0,2.0,C01
201500046288,0,7,0,0.0,2.0,1.0,2.0,A01
201500046288,0,7,0,0.0,2.0,4.0,2.0,B01
201500046289,0,7,0,0.0,2.0,4.0,2.0,B01
201500046289,0,34,0,0.0,2.0,1.0,2.0,A01
201500046289,0,7,0,0.0,2.0,4.0,2.0,C01
201500046290,0,7,0,0.0,2.0,5.0,2.0,B01
201500046290,0,34,0,0.0,2.0,3.0,3.0,A01
201500046291,0,7,0,0.0,2.0,3.0,12.0,A01
201500046291,0,7,0,0.0,9.0,5.0,1.0,B01
201500046292,0,7,0,3.0,0.0,1.0,1.0,A01
201500046293,0,7,0,0.0,2.0,0.0,0.0,B01
201500046293,0,15,0,0.0,0.0,0.0,0.0,A01
201500046294,0,7,0,0.0,0.0,0.0,0.0,B01
201500046294,0,7,0,0.0,0.0,0.0,0.0,C01
201500046294,0,7,0,0.0,0.0,0.0,0.0,A01
201500046295,0,7,0,0.0,2.0,1.0,2.0,A01
201500046295,0,7,0,0.0,2.0,4.0,2.0,B01
201500046296,0,7,0,0.0,2.0,6.0,12.0,B02
201500046296,0,33,0,0.0,2.0,1.0,3.0,A01
201500046297,0,33,0,7.0,0.0,1.0,11.0,A01
201500046298,0,7,0,3.0,0.0,6.0,0.0,A01
201500046299,1,7,0,0.0,0.0,0.0,0.0,Z01
201500046299,0,33,0,0.0,2.0,0.0,2.0,B01
201500046300,0,10,0,0.0,2.0,5.0,1.0,C01
201500046300,0,7,0,0.0,2.0,5.0,12.0,A01
201500046300,0,33,0,0.0,2.0,3.0,3.0,B01
201500046301,0,7,0,0.0,0.0,0.0,0.0,A01
201500046301,0,7,0,0.0,0.0,0.0,0.0,B01
201500046302,0,7,0,3.0,0.0,8.0,11.0,A01
201500046302,0,15,0,0.0,2.0,2.0,1.0,B01
201500046303,0,30,0,3.0,0.0,1.0,1.0,A01
201500046304,0,33,0,0.0,2.0,1.0,1.0,A01
201500046304,0,10,0,0.0,2.0,4.0,1.0,B01
201500046305,0,7,0,4.0,0.0,3.0,11.0,A01
201500046306,1,7,0,0.0,2.0,7.0,2.0,A01
201500046306,0,7,0,2.0,2.0,8.0,2.0,B01
201500046307,0,7,0,0.0,2.0,4.0,14.0,B01
201500046307,0,34,0,0.0,2.0,1.0,3.0,A01
201500046308,0,7,0,0.0,2.0,2.0,1.0,A01
201500046308,0,17,0,0.0,2.0,2.0,0.0,B01
201500046309,0,33,0,0.0,2.0,1.0,3.0,A01
201500046309,0,7,0,0.0,0.0,4.0,11.0,B01
201500046310,0,33,0,0.0,0.0,0.0,3.0,A01
201500046311,0,7,0,0.0,0.0,0.0,0.0,A01
201500046311,0,14,0,0.0,0.0,0.0,0.0,B01
201500046312,0,10,0,0.0,2.0,4.0,23.0,B01
201500046312,0,10,0,1.0,0.0,1.0,2.0,A01
201500046313,0,7,0,0.0,2.0,5.0,1.0,B01
201500046313,0,7,0,0.0,0.0,0.0,0.0,A01
201500046313,0,7,0,0.0,2.0,5.0,2.0,C01
201500046314,0,33,0,0.0,2.0,1.0,3.0,A01
201500046314,0,7,0,0.0,2.0,4.0,0.0,B01
201500046315,0,7,0,0.0,0.0,0.0,0.0,A01
201500046315,0,33,0,0.0,0.0,0.0,0.0,B01
201500046316,0,7,0,4.0,0.0,3.0,11.0,A01
201500046317,0,31,0,0.0,0.0,0.0,0.0,A01
201500046318,0,7,0,0.0,2.0,4.0,2.0,B01
201500046318,0,7,0,0.0,2.0,4.0,2.0,C01
201500046318,0,7,0,0.0,2.0,1.0,2.0,A01
201500046319,0,7,0,0.0,2.0,6.0,2.0,B01
201500046319,0,31,0,0.0,2.0,1.0,3.0,A01
201500046320,0,7,0,4.0,0.0,1.0,2.0,A01