Num_Acc,senc,catv,occutc,obs,obsm,choc,manv,num_veh
201500046321,0,7,0,0.0,0.0,5.0,1.0,B01
201500046321,0,33,0,0.0,2.0,3.0,3.0,A01
201500046322,0,7,0,0.0,2.0,1.0,2.0,C01
201500046322,0,7,0,0.0,2.0,1.0,1.0,B01
201500046322,0,7,0,0.0,2.0,8.0,1.0,A01
201500046323,0,7,0,0.0,9.0,1.0,1.0,A01
201500046324,0,7,0,0.0,0.0,0.0,0.0,B01
201500046324,0,33,0,0.0,0.0,0.0,0.0,A01
201500046325,0,34,0,0.0,2.0,2.0,3.0,A01
201500046325,0,15,0,0.0,2.0,3.0,2.0,B01
201500046326,0,7,0,0.0,2.0,2.0,12.0,A01
201500046326,0,32,0,0.0,2.0,3.0,3.0,B01
201500046327,0,7,0,0.0,0.0,0.0,0.0,A01
201500046327,0,33,0,0.0,0.0,0.0,0.0,B01
201500046328,0,7,0,0.0,0.0,0.0,0.0,B01
201500046328,0,31,0,0.0,2.0,1.0,0.0,A01
201500046329,0,33,0,0.0,2.0,8.0,2.0,B01
201500046329,0,7,0,0.0,2.0,5.0,12.0,A01
201500046330,0,15,0,0.0,0.0,0.0,0.0,A01
201500046330,0,7,0,0.0,0.0,0.0,0.0,B01
201500046331,0,32,0,0.0,0.0,3.0,3.0,A01
201500046332,0,7,0,0.0,2.0,5.0,2.0,A01
201500046332,0,7,0,0.0,2.0,3.0,2.0,B01
201500046333,0,7,0,0.0,2.0,4.0,2.0,B01
201500046333,0,10,0,0.0,2.0,4.0,2.0,D01
201500046333,0,7,0,0.0,2.0,4.0,2.0,C01
201500046333,0,10,0,0.0,2.0,1.0,2.0,A01
201500046334,0,7,0,0.0,2.0,2.0,1.0,C01
201500046334,1,34,0,0.0,0.0,0.0,0.0,A01
201500046334,0,34,0,0.0,2.0,5.0,3.0,B01
201500046335,0,7,0,3.0,2.0,5.0,12.0,A01
201500046335,0,7,0,3.0,2.0,8.0,1.0,B01
201500046336,0,15,0,0.0,2.0,6.0,0.0,B01
201500046336,0,7,0,3.0,2.0,2.0,1.0,C01
201500046336,0,33,0,1.0,0.0,2.0,18.0,A01
201500046337,0,33,0,0.0,2.0,2.0,3.0,A01
201500046337,0,7,0,0.0,2.0,7.0,1.0,C01
201500046337,0,7,0,0.0,2.0,3.0,11.0,B01
201500046338,0,33,0,0.0,0.0,2.0,21.0,A01
201500046339,0,7,0,0.0,2.0,4.0,2.0,C01
201500046339,0,7,0,0.0,2.0,4.0,2.0,B01
201500046339,0,7,0,0.0,2.0,1.0,2.0,A01
201500046340,0,7,0,0.0,2.0,4.0,2.0,B01
201500046340,0,7,0,0.0,2.0,1.0,1.0,A01
201500046340,0,7,0,0.0,2.0,6.0,2.0,C01
201500046340,0,7,0,0.0,2.0,4.0,2.0,D01
201500046341,0,7,0,0.0,2.0,1.0,2.0,A01
201500046341,0,7,0,0.0,2.0,4.0,2.0,B01
201500046342,0,7,0,4.0,0.0,9.0,14.0,A01
201500046343,0,10,0,0.0,2.0,6.0,11.0,A01
201500046343,0,10,0,4.0,2.0,2.0,1.0,B01
201500046344,0,34,0,0.0,2.0,2.0,1.0,B01
201500046344,0,7,0,0.0,2.0,3.0,14.0,A01
201500046345,0,31,0,6.0,2.0,1.0,2.0,A01
201500046345,0,7,0,0.0,2.0,2.0,1.0,B01
201500046346,0,31,0,0.0,2.0,7.0,3.0,A01
201500046346,0,7,0,0.0,0.0,6.0,11.0,B01
201500046347,0,7,0,0.0,0.0,0.0,0.0,B01
201500046347,0,7,0,0.0,2.0,3.0,1.0,A01
201500046348,0,10,0,0.0,0.0,0.0,0.0,A01
201500046348,0,7,0,0.0,0.0,0.0,0.0,B01
201500046349,0,7,0,4.0,0.0,3.0,13.0,A01
201500046350,0,7,0,0.0,2.0,4.0,2.0,B01
201500046350,0,10,0,0.0,2.0,1.0,2.0,A01
201500046351,0,7,0,3.0,2.0,4.0,23.0,A01
201500046351,0,7,0,3.0,2.0,1.0,2.0,B01
201500046352,0,33,0,4.0,2.0,2.0,3.0,A01
201500046352,0,7,0,0.0,2.0,8.0,11.0,B01
201500046353,0,33,0,0.0,2.0,3.0,3.0,A01
201500046353,0,7,0,0.0,2.0,0.0,1.0,B01
201500046354,0,34,0,0.0,2.0,4.0,2.0,A01
201500046355,0,7,0,0.0,2.0,1.0,2.0,A01
201500046355,0,7,0,0.0,2.0,1.0,2.0,B01
201500046355,0,7,0,0.0,2.0,4.0,2.0,C01
201500046356,0,7,0,4.0,0.0,3.0,13.0,A01
201500046357,0,7,0,0.0,2.0,2.0,2.0,B01
201500046357,0,7,0,4.0,2.0,7.0,0.0,A01
201500046358,0,33,0,0.0,2.0,3.0,3.0,A01
201500046358,0,7,0,0.0,2.0,2.0,12.0,B01
201500046359,0,7,0,0.0,2.0,7.0,1.0,C01
201500046359,0,34,0,0.0,2.0,1.0,3.0,B01
201500046359,0,37,0,0.0,0.0,6.0,0.0,A01
201500046359,0,33,0,0.0,2.0,3.0,3.0,D01
201500046360,0,7,0,4.0,0.0,3.0,0.0,A01
201500046361,0,7,0,0.0,2.0,0.0,0.0,A01
201500046361,0,15,0,0.0,2.0,0.0,0.0,B01
201500046362,0,33,0,0.0,2.0,3.0,3.0,A01
201500046362,0,33,0,0.0,2.0,5.0,2.0,B01
201500046363,0,7,0,4.0,0.0,3.0,13.0,A01
201500046364,0,7,0,0.0,2.0,4.0,2.0,B01
201500046364,0,10,0,0.0,2.0,1.0,2.0,A01
201500046365,0,7,0,0.0,2.0,5.0,2.0,C01
201500046365,0,7,0,0.0,2.0,2.0,12.0,A01
201500046365,0,7,0,0.0,2.0,3.0,2.0,B01
201500046366,0,7,0,4.0,2.0,2.0,0.0,A01
201500046366,0,7,0,0.0,0.0,5.0,0.0,B01
201500046367,0,10,0,4.0,0.0,2.0,1.0,A01
201500046368,0,7,0,0.0,2.0,4.0,2.0,C01
201500046368,0,7,0,0.0,2.0,1.0,2.0,A01
201500046368,0,7,0,0.0,2.0,4.0,2.0,B01
201500046369,0,7,0,4.0,0.0,2.0,2.0,A01
201500046370,0,7,0,3.0,0.0,2.0,2.0,A01
201500046371,0,33,0,0.0,2.0,1.0,3.0,B01
201500046371,0,7,0,0.0,2.0,2.0,12.0,A01
201500046372,0,7,0,4.0,0.0,2.0,2.0,A01
201500046373,0,7,0,4.0,0.0,2.0,2.0,A01
201500046374,0,7,0,2.0,0.0,3.0,0.0,A01
201500046375,0,31,0,0.0,2.0,8.0,2.0,A01
201500046375,1,7,0,0.0,0.0,0.0,0.0,Z01
201500046376,0,7,0,4.0,0.0,1.0,0.0,A01
201500046377,0,7,0,4.0,0.0,1.0,0.0,A01
201500046378,0,7,0,0.0,2.0,1.0,0.0,A01
201500046378,0,3,0,0.0,2.0,4.0,0.0,B01
201500046379,0,7,0,0.0,2.0,4.0,2.0,C01
201500046379,0,7,0,0.0,2.0,2.0,1.0,A01
201500046379,0,7,0,0.0,2.0,6.0,2.0,B01
201500046380,0,7,0,3.0,0.0,2.0,14.0,A01
201500046381,0,7,0,0.0,2.0,1.0,2.0,A01
201500046381,0,7,0,0.0,2.0,4.0,2.0,C01
201500046381,0,7,0,0.0,2.0,4.0,2.0,B01
201500046382,0,10,0,0.0,2.0,1.0,2.0,A01
201500046382,0,7,0,0.0,2.0,4.0,2.0,C01
201500046382,0,7,0,0.0,2.0,4.0,2.0,B01
201500046383,0,7,0,0.0,2.0,5.0,0.0,B01
201500046383,0,2,0,0.0,2.0,3.0,0.0,A01
201500046384,0,7,0,16.0,0.0,7.0,14.0,A01
201500046385,0,33,0,0.0,0.0,0.0,0.0,A01
201500046386,1,7,0,0.0,0.0,0.0,0.0,Z01
201500046386,0,31,0,0.0,0.0,3.0,9.0,A01
201500046387,0,7,0,0.0,2.0,1.0,2.0,A01
201500046387,0,7,0,6.0,2.0,1.0,2.0,B01
201500046388,0,7,0,0.0,2.0,1.0,2.0,A01
201500046388,0,7,0,0.0,0.0,6.0,2.0,B01
201500046389,0,7,0,0.0,2.0,4.0,2.0,B01
201500046389,0,7,0,0.0,2.0,1.0,2.0,A01
201500046390,1,7,0,3.0,0.0,7.0,1.0,A01
201500046391,0,33,0,0.0,2.0,1.0,2.0,A01
201500046391,0,33,0,0.0,2.0,0.0,0.0,C01
201500046391,0,7,0,0.0,2.0,5.0,1.0,B01
201500046392,0,7,0,4.0,0.0,3.0,13.0,A01
201500046393,0,7,0,0.0,0.0,0.0,0.0,A01
201500046393,0,33,0,0.0,0.0,0.0,0.0,B01
201500046393,0,15,0,0.0,2.0,0.0,0.0,C01
201500046394,0,7,0,9.0,0.0,1.0,1.0,A01
201500046395,0,33,0,0.0,2.0,2.0,3.0,A01
201500046395,0,7,0,0.0,2.0,2.0,12.0,B01
201500046396,0,7,0,0.0,2.0,1.0,2.0,A01
201500046396,0,7,0,0.0,2.0,4.0,2.0,B01
201500046397,0,7,0,0.0,2.0,4.0,2.0,B01
201500046397,0,10,0,0.0,2.0,1.0,1.0,A01
201500046397,0,7,0,0.0,2.0,4.0,2.0,C01
201500046397,0,7,0,0.0,2.0,4.0,2.0,D01
201500046398,0,10,0,0.0,2.0,1.0,2.0,C01
201500046398,0,7,0,0.0,2.0,4.0,0.0,E01
201500046398,0,7,0,0.0,2.0,1.0,2.0,A01
201500046398,0,7,0,0.0,2.0,4.0,2.0,B01
201500046398,0,7,0,0.0,2.0,1.0,2.0,D01
201500046399,0,7,0,0.0,2.0,2.0,14.0,A01
201500046399,0,33,0,3.0,2.0,3.0,2.0,B01
201500046400,0,7,0,0.0,2.0,2.0,12.0,B01
201500046400,0,33,0,0.0,2.0,3.0,3.0,A01
201500046401,0,15,0,0.0,2.0,8.0,2.0,B01
201500046401,0,7,0,4.0,2.0,1.0,2.0,A01
201500046401,0,7,0,0.0,2.0,3.0,2.0,C01
201500046402,0,7,0,4.0,2.0,3.0,1.0,A01
201500046402,0,7,0,0.0,2.0,3.0,1.0,B01
201500046403,0,7,0,0.0,2.0,6.0,23.0,B01
201500046403,0,33,0,0.0,2.0,1.0,0.0,A01
201500046404,0,7,0,4.0,0.0,3.0,0.0,A01
201500046405,0,7,0,0.0,0.0,0.0,0.0,A01
201500046406,0,7,0,3.0,2.0,1.0,0.0,A01
201500046406,0,7,0,4.0,2.0,4.0,0.0,B01
201500046407,0,7,0,4.0,0.0,3.0,0.0,A01
201500046408,0,15,0,0.0,2.0,2.0,1.0,A01
201500046408,0,7,0,0.0,2.0,3.0,0.0,B01
201500046409,0,7,0,3.0,2.0,5.0,12.0,A01
201500046409,0,15,0,0.0,2.0,3.0,1.0,B01
201500046410,0,7,0,0.0,2.0,1.0,2.0,A01
201500046410,0,33,0,0.0,2.0,4.0,2.0,B01
201500046411,0,7,0,0.0,0.0,0.0,0.0,B01
201500046411,0,7,0,0.0,0.0,0.0,0.0,C01
201500046411,0,17,0,0.0,0.0,0.0,0.0,A01
201500046412,0,7,0,0.0,2.0,4.0,0.0,C01
201500046412,0,7,0,0.0,2.0,1.0,0.0,A01
201500046412,0,7,0,0.0,2.0,4.0,0.0,B01
201500046413,0,33,0,0.0,2.0,4.0,2.0,B01
201500046413,0,7,0,0.0,2.0,1.0,2.0,A01
201500046414,0,7,0,0.0,2.0,0.0,0.0,B01
201500046414,0,33,0,1.0,0.0,1.0,1.0,A01
201500046415,0,33,0,0.0,2.0,1.0,1.0,D01
201500046415,0,7,0,0.0,2.0,6.0,12.0,A01
201500046415,0,7,0,0.0,2.0,3.0,1.0,C01
201500046415,0,99,0,0.0,2.0,3.0,1.0,B01
201500046416,0,7,0,0.0,2.0,5.0,11.0,A01
201500046416,0,7,0,0.0,2.0,6.0,0.0,C01
201500046416,0,7,0,0.0,2.0,1.0,1.0,B01
201500046417,0,7,0,0.0,2.0,6.0,2.0,B01
201500046417,0,33,0,0.0,2.0,1.0,2.0,A01
201500046418,0,7,0,13.0,0.0,1.0,14.0,A01
201500046419,0,7,0,0.0,2.0,1.0,14.0,A01
201500046419,0,15,0,0.0,2.0,4.0,2.0,B01
201500046420,0,34,0,4.0,0.0,0.0,0.0,A01
201500046421,0,99,0,4.0,0.0,6.0,1.0,A01
201500046422,0,10,0,4.0,0.0,1.0,1.0,A01
201500046423,0,7,0,0.0,2.0,0.0,0.0,A01
201500046423,0,33,0,0.0,0.0,0.0,0.0,B01
201500046424,0,31,0,0.0,2.0,5.0,2.0,A01
201500046424,0,7,0,0.0,0.0,5.0,2.0,B01
201500046425,0,7,0,0.0,2.0,7.0,0.0,B01
201500046425,0,14,0,4.0,2.0,3.0,0.0,A01
201500046426,0,31,0,0.0,2.0,3.0,3.0,A01
201500046426,0,7,0,0.0,2.0,5.0,2.0,B01
201500046427,0,7,0,3.0,0.0,1.0,1.0,A01
201500046428,0,7,0,4.0,0.0,3.0,1.0,A01
201500046429,0,7,0,0.0,0.0,0.0,0.0,B01
201500046429,0,7,0,0.0,0.0,0.0,0.0,A01
201500046430,0,32,0,0.0,2.0,3.0,3.0,A01
201500046430,0,7,0,0.0,2.0,2.0,11.0,B01
201500046431,0,7,0,0.0,2.0,5.0,2.0,B01
201500046431,0,7,0,0.0,2.0,3.0,2.0,A01
201500046432,0,7,0,0.0,2.0,4.0,2.0,C01
201500046432,0,7,0,0.0,2.0,4.0,2.0,B01
201500046432,0,14,0,0.0,2.0,1.0,2.0,A01
201500046433,0,33,0,0.0,0.0,2.0,0.0,A01
201500046434,0,7,0,0.0,2.0,2.0,2.0,A01
201500046434,0,7,0,0.0,2.0,6.0,0.0,B01
201500046435,0,33,0,0.0,2.0,8.0,0.0,C01
201500046435,0,7,0,0.0,2.0,5.0,0.0,B01
201500046435,0,33,0,0.0,2.0,3.0,3.0,A01
201500046435,0,34,0,0.0,2.0,0.0,0.0,D01
201500046436,0,34,0,0.0,0.0,0.0,0.0,A01
201500046437,0,7,0,4.0,0.0,0.0,11.0,A01
201500046437,0,7,0,0.0,2.0,4.0,2.0,B01
201500046437,0,7,0,0.0,2.0,1.0,2.0,C01
201500046438,0,34,0,0.0,0.0,0.0,1.0,A01
201500046439,0,10,0,0.0,0.0,0.0,0.0,A01
201500046440,0,34,0,0.0,0.0,0.0,0.0,A01
201500046440,0,7,0,0.0,0.0,0.0,0.0,B01
201500046441,0,7,0,4.0,0.0,3.0,1.0,A01
201500046442,0,7,0,0.0,2.0,2.0,1.0,D01
201500046442,0,7,0,0.0,2.0,5.0,1.0,C01
201500046442,0,7,0,0.0,2.0,3.0,18.0,A01
201500046442,0,7,0,0.0,2.0,5.0,1.0,B01
201500046443,0,32,0,0.0,0.0,3.0,0.0,A01
201500046444,0,7,0,4.0,0.0,1.0,2.0,A01
201500046445,0,7,0,4.0,0.0,2.0,1.0,A01
201500046446,0,7,0,0.0,2.0,4.0,2.0,B01
201500046446,0,7,0,0.0,2.0,1.0,2.0,C01
201500046446,0,7,0,0.0,2.0,1.0,2.0,A01
201500046447,0,17,0,0.0,2.0,1.0,0.0,A01
201500046447,0,7,0,0.0,2.0,4.0,2.0,D01
201500046447,0,7,0,0.0,2.0,4.0,2.0,B01
201500046447,0,7,0,0.0,2.0,4.0,2.0,C01
201500046447,0,7,0,0.0,2.0,4.0,2.0,E01
201500046448,0,7,0,0.0,2.0,5.0,2.0,B01
201500046448,0,7,0,0.0,2.0,3.0,2.0,A01
201500046449,0,33,0,0.0,2.0,7.0,21.0,A01
201500046449,0,15,0,0.0,2.0,8.0,2.0,B01
201500046450,0,33,0,0.0,2.0,1.0,1.0,A01
201500046450,0,7,0,0.0,2.0,5.0,0.0,B01
201500046451,0,15,0,0.0,2.0,5.0,23.0,B01
201500046451,0,7,0,0.0,2.0,2.0,0.0,A01
201500046452,0,33,0,0.0,0.0,2.0,3.0,A01
201500046453,0,7,0,0.0,2.0,5.0,2.0,B01
201500046453,0,34,0,0.0,2.0,3.0,2.0,A01
201500046454,0,7,0,0.0,2.0,1.0,2.0,A01
201500046454,0,7,0,0.0,2.0,4.0,2.0,B01
201500046455,0,10,0,0.0,2.0,1.0,2.0,A01
201500046455,0,7,0,0.0,2.0,4.0,0.0,B01
201500046456,0,7,0,0.0,2.0,4.0,2.0,B01
201500046456,0,10,0,0.0,2.0,1.0,2.0,A01
201500046456,0,7,0,0.0,2.0,4.0,2.0,E01
201500046456,0,7,0,0.0,2.0,8.0,2.0,D01
201500046456,0,10,0,0.0,2.0,6.0,2.0,C01
201500046457,0,7,0,4.0,2.0,6.0,2.0,B01
201500046457,0,7,0,0.0,2.0,2.0,12.0,A01
201500046458,1,7,0,0.0,2.0,2.0,12.0,Z01
201500046458,0,33,0,0.0,2.0,3.0,3.0,A01
201500046458,0,7,0,0.0,0.0,4.0,1.0,B01
201500046459,0,33,0,4.0,0.0,3.0,1.0,A01
201500046460,0,7,0,0.0,2.0,4.0,2.0,B01
201500046460,0,7,0,0.0,2.0,1.0,2.0,A01
201500046461,0,33,0,0.0,0.0,0.0,0.0,A01
201500046462,0,7,0,4.0,2.0,2.0,17.0,A01
201500046462,0,7,0,0.0,2.0,6.0,2.0,B01
201500046463,0,7,0,0.0,2.0,6.0,2.0,B01
201500046463,0,7,0,0.0,2.0,2.0,0.0,A01
201500046463,0,7,0,0.0,2.0,1.0,2.0,D01
201500046463,0,7,0,0.0,0.0,4.0,2.0,C01
201500046464,0,7,0,0.0,0.0,0.0,0.0,B01
201500046464,0,33,0,0.0,0.0,0.0,0.0,A01
201500046465,0,34,0,6.0,0.0,3.0,0.0,A01
201500046466,0,33,0,0.0,0.0,0.0,0.0,A01
201500046467,0,14,0,4.0,0.0,2.0,0.0,A01
201500046468,0,31,0,0.0,2.0,2.0,3.0,A01
201500046468,0,10,0,0.0,2.0,8.0,11.0,B01
201500046469,0,7,0,0.0,0.0,0.0,0.0,B01
201500046469,0,31,0,0.0,0.0,1.0,0.0,A01
201500046470,0,10,0,0.0,2.0,2.0,2.0,S01
201500046470,0,7,0,0.0,0.0,6.0,2.0,B01
201500046471,0,31,0,0.0,0.0,3.0,3.0,A01
201500046472,0,7,0,0.0,2.0,4.0,2.0,C01
201500046472,0,7,0,0.0,2.0,1.0,2.0,A01
201500046472,0,7,0,0.0,2.0,4.0,2.0,D01
201500046472,0,7,0,0.0,2.0,3.0,0.0,E01
201500046472,0,7,0,0.0,2.0,4.0,2.0,B01
201500046473,0,33,0,0.0,2.0,2.0,3.0,A01
201500046473,0,7,0,0.0,0.0,8.0,1.0,B01
201500046473,0,7,0,0.0,0.0,4.0,1.0,C01
201500046474,0,7,0,0.0,2.0,1.0,2.0,A01
201500046474,0,7,0,0.0,2.0,4.0,2.0,B01
201500046475,0,7,0,0.0,2.0,1.0,2.0,A01
201500046475,0,3,0,0.0,2.0,4.0,2.0,B01
201500046476,0,7,0,0.0,2.0,1.0,2.0,A01
201500046476,0,7,0,0.0,2.0,4.0,2.0,B01
201500046477,0,7,0,4.0,2.0,1.0,2.0,A01
201500046477,0,10,0,4.0,2.0,6.0,2.0,B01
201500046478,0,7,0,0.0,2.0,6.0,2.0,A01
201500046478,0,7,0,0.0,2.0,3.0,1.0,B01
201500046479,0,7,0,11.0,0.0,1.0,0.0,A01
201500046480,0,7,0,0.0,2.0,1.0,0.0,A01
201500046480,0,7,0,0.0,2.0,4.0,0.0,B01
201500046481,0,33,0,0.0,2.0,6.0,3.0,A01
201500046481,0,7,0,0.0,2.0,2.0,2.0,B01
201500046482,0,7,0,0.0,2.0,1.0,0.0,A01
201500046482,0,7,0,0.0,2.0,4.0,0.0,B01
201500046483,0,34,0,0.0,0.0,0.0,0.0,A01
201500046484,0,33,0,0.0,2.0,1.0,2.0,A01
201500046484,0,7,0,0.0,2.0,6.0,2.0,C01
201500046484,0,7,0,0.0,2.0,5.0,2.0,B01
201500046485,0,10,0,0.0,2.0,7.0,1.0,C01
201500046485,0,15,0,0.0,2.0,6.0,0.0,B01
201500046485,0,31,0,0.0,2.0,1.0,0.0,A01
201500046486,0,7,0,0.0,2.0,0.0,0.0,A01
201500046486,0,7,0,0.0,2.0,0.0,0.0,B01
201500046487,0,38,0,0.0,0.0,6.0,1.0,C01
201500046487,0,33,0,0.0,2.0,3.0,3.0,A01
201500046487,0,10,0,0.0,0.0,7.0,1.0,B01
201500046488,0,33,0,0.0,0.0,0.0,0.0,A01
201500046488,0,10,0,0.0,0.0,0.0,0.0,B01
201500046489,0,7,0,0.0,9.0,5.0,12.0,B01
201500046489,0,33,0,0.0,2.0,1.0,3.0,A01
201500046490,0,7,0,0.0,2.0,1.0,3.0,A01
201500046490,0,10,0,0.0,2.0,4.0,0.0,D01
201500046490,0,7,0,0.0,2.0,4.0,1.0,B01
201500046490,0,7,0,0.0,2.0,4.0,0.0,C01
201500046491,0,7,0,0.0,2.0,2.0,12.0,A01
201500046491,0,33,0,0.0,2.0,3.0,3.0,B01
201500046492,0,7,0,0.0,2.0,8.0,11.0,A01
201500046492,0,7,0,0.0,2.0,1.0,1.0,B01
201500046493,0,7,0,0.0,0.0,3.0,0.0,A01
201500046494,0,7,0,0.0,2.0,4.0,2.0,C01
201500046494,0,7,0,0.0,2.0,1.0,2.0,A01
201500046494,0,7,0,0.0,2.0,4.0,2.0,B01
201500046495,0,34,0,14.0,0.0,1.0,13.0,A01
201500046496,0,7,0,0.0,2.0,1.0,0.0,A01
201500046496,0,7,0,0.0,2.0,4.0,2.0,B01
201500046497,0,7,0,3.0,0.0,2.0,0.0,A01
201500046498,0,33,0,0.0,0.0,0.0,0.0,A01
201500046498,0,7,0,0.0,0.0,0.0,0.0,B01
201500046499,1,33,0,0.0,0.0,0.0,0.0,A01
201500046500,0,10,0,14.0,0.0,1.0,2.0,A01
201500046500,0,20,0,0.0,2.0,4.0,24.0,B01
201500046501,0,33,0,0.0,0.0,0.0,0.0,A01
201500046501,0,7,0,0.0,0.0,0.0,0.0,C01
201500046501,0,7,0,0.0,0.0,0.0,0.0,B01
201500046502,0,7,0,0.0,2.0,0.0,0.0,A01
201500046502,0,33,0,0.0,2.0,0.0,0.0,B01
201500046503,0,33,0,0.0,2.0,0.0,0.0,A01
201500046503,0,33,0,0.0,2.0,0.0,0.0,B01
201500046504,0,32,0,0.0,2.0,1.0,3.0,A01
201500046504,0,7,0,0.0,2.0,5.0,12.0,B01
201500046505,0,32,0,0.0,2.0,3.0,3.0,A01
201500046505,0,7,0,0.0,2.0,2.0,12.0,B01
201500046506,0,7,0,0.0,2.0,1.0,2.0,A01
201500046506,0,7,0,0.0,2.0,4.0,2.0,B01
201500046507,0,7,0,0.0,2.0,2.0,11.0,A01
201500046507,0,7,0,0.0,2.0,2.0,1.0,B01
201500046507,0,7,0,0.0,2.0,4.0,1.0,C01
201500046508,0,33,0,0.0,2.0,4.0,21.0,B01
201500046508,0,32,0,0.0,2.0,1.0,21.0,A01
201500046509,0,7,0,0.0,2.0,1.0,1.0,A01
201500046509,0,10,0,0.0,2.0,4.0,1.0,C01
201500046509,0,7,0,0.0,2.0,4.0,1.0,B01
201500046510,0,7,0,0.0,2.0,5.0,2.0,B01
201500046510,0,7,0,0.0,2.0,4.0,2.0,D01
201500046510,0,7,0,0.0,2.0,4.0,2.0,C01
201500046510,0,10,0,0.0,2.0,3.0,2.0,A01
201500046511,0,7,0,0.0,2.0,2.0,12.0,B01
201500046511,0,33,0,0.0,2.0,8.0,3.0,A01
201500046512,0,7,0,4.0,0.0,1.0,2.0,A01
201500046513,0,33,0,0.0,2.0,7.0,3.0,A01
201500046513,0,10,0,0.0,2.0,0.0,0.0,B01
201500046514,0,7,0,0.0,2.0,4.0,2.0,C01
201500046514,0,7,0,0.0,2.0,1.0,2.0,A01
201500046514,0,7,0,0.0,2.0,4.0,2.0,B01
201500046515,0,7,0,0.0,2.0,6.0,24.0,A01
201500046515,0,7,0,0.0,2.0,2.0,21.0,B01
201500046516,0,33,0,4.0,0.0,2.0,0.0,A01
201500046517,0,7,0,3.0,0.0,1.0,2.0,A01
201500046518,0,7,0,0.0,2.0,8.0,1.0,C01
201500046518,0,34,0,0.0,2.0,1.0,3.0,A01
201500046518,0,7,0,0.0,2.0,7.0,1.0,B01
201500046519,0,34,0,0.0,2.0,1.0,2.0,A01
201500046519,0,7,0,0.0,2.0,6.0,1.0,C01
201500046519,0,7,0,0.0,2.0,2.0,3.0,B01
201500046520,0,99,0,0.0,0.0,0.0,0.0,A01
201500046520,0,7,0,0.0,2.0,4.0,2.0,B01
201500046520,0,7,0,0.0,2.0,4.0,2.0,C01
201500046521,0,7,0,0.0,2.0,0.0,0.0,B01
201500046521,0,34,0,0.0,2.0,0.0,0.0,A01
201500046522,0,10,0,0.0,2.0,4.0,2.0,C01
201500046522,0,7,0,0.0,2.0,1.0,2.0,A01
201500046522,0,7,0,0.0,2.0,4.0,2.0,B01
201500046523,0,7,0,0.0,2.0,4.0,2.0,B01
201500046523,0,7,0,0.0,2.0,1.0,2.0,A01
201500046524,0,33,0,0.0,2.0,0.0,0.0,A01
201500046524,0,7,0,0.0,2.0,0.0,0.0,B01
201500046525,0,7,0,0.0,2.0,7.0,12.0,A01
201500046525,0,33,0,0.0,2.0,8.0,3.0,B01
201500046526,0,31,0,0.0,0.0,7.0,0.0,A01
201500046527,0,7,0,0.0,2.0,9.0,0.0,A01
201500046527,0,7,0,0.0,2.0,9.0,0.0,B01
201500046527,0,7,0,0.0,2.0,4.0,0.0,C01
201500046528,0,33,0,0.0,2.0,2.0,3.0,A01
201500046528,0,7,0,0.0,2.0,6.0,17.0,B01
201500046529,0,32,0,0.0,2.0,8.0,0.0,A01
201500046529,0,7,0,0.0,2.0,7.0,0.0,B01
201500046530,0,7,0,0.0,2.0,6.0,1.0,B01
201500046530,1,15,0,0.0,0.0,0.0,0.0,Z01
201500046531,0,33,0,0.0,2.0,2.0,3.0,A01
201500046531,0,7,0,0.0,2.0,6.0,23.0,B01
201500046531,0,7,0,0.0,2.0,2.0,1.0,C01
201500046531,0,7,0,0.0,2.0,4.0,1.0,D01
201500046532,0,7,0,0.0,2.0,4.0,2.0,C01
201500046532,0,7,0,0.0,2.0,4.0,2.0,B01
201500046532,0,14,0,0.0,2.0,1.0,2.0,A01
201500046532,0,7,0,0.0,2.0,4.0,2.0,D01
201500046533,0,34,0,0.0,2.0,1.0,2.0,A01
201500046533,0,7,0,0.0,0.0,5.0,2.0,B01
201500046534,1,7,0,0.0,2.0,4.0,0.0,A01
201500046534,0,33,0,0.0,2.0,1.0,0.0,B01
201500046535,0,7,0,0.0,2.0,4.0,2.0,B01
201500046535,0,7,0,0.0,2.0,4.0,2.0,C01
201500046535,0,7,0,0.0,2.0,1.0,2.0,A01
201500046536,0,34,0,0.0,2.0,2.0,0.0,A01
201500046536,0,34,0,0.0,2.0,4.0,0.0,B01
201500046537,0,3,0,0.0,2.0,2.0,0.0,B01
201500046537,0,33,0,0.0,2.0,3.0,0.0,A01
201500046538,0,7,0,0.0,2.0,0.0,0.0,C01
201500046538,0,7,0,0.0,2.0,0.0,0.0,D01
201500046538,0,10,0,0.0,2.0,0.0,0.0,B01
201500046538,0,7,0,0.0,2.0,0.0,0.0,A01
201500046539,0,7,0,0.0,2.0,2.0,0.0,A01
201500046539,0,7,0,0.0,2.0,4.0,1.0,C01
201500046539,0,7,0,0.0,2.0,3.0,1.0,B01
201500046540,0,7,0,4.0,0.0,3.0,0.0,A01
201500046541,0,7,0,0.0,0.0,0.0,0.0,A01
201500046542,0,7,0,4.0,0.0,2.0,0.0,A01
201500046543,0,7,0,4.0,0.0,3.0,1.0,A01
201500046544,0,7,0,4.0,0.0,1.0,0.0,A01
201500046545,0,7,0,0.0,2.0,7.0,1.0,B01
201500046545,2,7,0,0.0,2.0,8.0,3.0,A01
201500046545,0,7,0,0.0,2.0,4.0,2.0,C01
201500046545,0,7,0,0.0,2.0,5.0,2.0,D01