Num_Acc,senc,catv,occutc,obs,obsm,choc,manv,num_veh
201500046546,0,7,0,0.0,9.0,2.0,2.0,A01
201500046547,0,7,0,4.0,0.0,3.0,13.0,A01
201500046548,0,7,0,3.0,2.0,2.0,14.0,A01
201500046548,0,7,0,0.0,0.0,0.0,0.0,B01
201500046549,0,7,0,4.0,2.0,8.0,0.0,A01
201500046549,0,7,0,0.0,2.0,2.0,2.0,B01
201500046550,0,7,0,0.0,1.0,2.0,2.0,B01
201500046551,0,7,0,0.0,2.0,1.0,2.0,A01
201500046551,0,10,0,0.0,2.0,4.0,2.0,C01
201500046551,0,7,0,0.0,2.0,4.0,2.0,B01
201500046552,0,7,0,0.0,2.0,4.0,2.0,B01
201500046552,0,7,0,0.0,2.0,4.0,2.0,C01
201500046552,0,7,0,0.0,2.0,1.0,2.0,A01
201500046552,0,7,0,0.0,2.0,4.0,2.0,D01
201500046553,0,7,0,3.0,0.0,2.0,14.0,A01
201500046554,0,7,0,0.0,0.0,9.0,21.0,A01
201500046555,0,7,0,0.0,0.0,0.0,0.0,A01
201500046556,0,7,0,0.0,2.0,2.0,1.0,A01
201500046556,0,7,0,0.0,0.0,6.0,2.0,B01
201500046557,0,10,0,0.0,2.0,1.0,2.0,A01
201500046557,0,7,0,0.0,2.0,4.0,2.0,D01
201500046557,0,7,0,0.0,2.0,4.0,2.0,C01
201500046557,0,7,0,0.0,2.0,4.0,2.0,E01
201500046557,0,7,0,0.0,2.0,5.0,2.0,B01
201500046558,0,33,0,14.0,0.0,3.0,1.0,A01
201500046559,0,7,0,3.0,0.0,1.0,0.0,A01
201500046560,0,33,0,0.0,2.0,1.0,1.0,A01
201500046560,0,7,0,0.0,2.0,4.0,1.0,B01
201500046561,0,7,0,0.0,2.0,1.0,0.0,A01
201500046561,0,7,0,0.0,2.0,4.0,0.0,B01
201500046561,0,7,0,0.0,2.0,4.0,0.0,C01
201500046562,0,33,0,0.0,2.0,2.0,3.0,A01
201500046562,0,7,0,0.0,2.0,3.0,11.0,B01
201500046563,0,7,0,0.0,2.0,7.0,1.0,C01
201500046563,0,7,0,0.0,2.0,8.0,11.0,B01
201500046563,0,33,0,0.0,2.0,7.0,3.0,A01
201500046564,0,7,0,10.0,0.0,1.0,1.0,A01
201500046565,0,7,0,10.0,0.0,2.0,1.0,A01
201500046566,0,7,0,0.0,2.0,1.0,1.0,B01
201500046566,0,7,0,0.0,2.0,1.0,5.0,A01
201500046567,0,7,0,0.0,2.0,4.0,2.0,A01
201500046567,1,7,0,0.0,2.0,1.0,2.0,Z01
201500046568,0,7,0,4.0,0.0,1.0,14.0,A01
201500046569,0,33,0,0.0,2.0,2.0,1.0,A01
201500046569,0,7,0,0.0,2.0,3.0,0.0,B01
201500046570,0,30,0,0.0,0.0,0.0,0.0,A01
201500046571,0,7,0,0.0,2.0,1.0,2.0,C01
201500046571,0,7,0,0.0,2.0,1.0,2.0,A01
201500046571,0,7,0,0.0,2.0,4.0,2.0,B01
201500046572,0,33,0,0.0,2.0,2.0,12.0,A01
201500046572,0,33,0,0.0,2.0,3.0,1.0,B01
201500046573,0,33,0,0.0,2.0,5.0,3.0,A01
201500046573,0,7,0,0.0,2.0,8.0,1.0,C01
201500046573,0,7,0,0.0,2.0,2.0,12.0,B01
201500046574,0,10,0,0.0,2.0,5.0,1.0,C01
201500046574,0,7,0,3.0,2.0,1.0,1.0,A01
201500046574,0,10,0,0.0,2.0,1.0,1.0,B01
201500046575,0,33,0,0.0,2.0,3.0,3.0,A01
201500046575,0,7,0,0.0,2.0,5.0,0.0,B01
201500046576,0,33,0,12.0,0.0,3.0,2.0,A01
201500046577,0,7,0,1.0,0.0,1.0,2.0,A01
201500046577,0,7,0,0.0,2.0,4.0,23.0,B01
201500046578,0,15,0,0.0,2.0,6.0,1.0,B01
201500046578,0,38,0,0.0,2.0,2.0,12.0,A01
201500046579,0,10,0,0.0,2.0,4.0,0.0,B01
201500046579,0,34,0,0.0,2.0,7.0,0.0,A01
201500046580,0,7,0,0.0,2.0,7.0,2.0,A01
201500046580,0,10,0,0.0,2.0,2.0,2.0,B01
201500046581,0,33,0,0.0,0.0,8.0,3.0,A01
201500046582,0,7,0,4.0,0.0,1.0,0.0,A01
201500046583,0,33,0,16.0,0.0,7.0,1.0,A01
201500046584,0,7,0,0.0,0.0,0.0,0.0,A01
201500046585,0,10,0,0.0,2.0,6.0,9.0,B01
201500046585,0,7,0,0.0,2.0,2.0,2.0,A01
201500046586,0,33,0,0.0,2.0,0.0,0.0,A01
201500046586,0,7,0,0.0,2.0,0.0,0.0,B01
201500046587,0,34,0,16.0,0.0,7.0,1.0,A01
201500046588,0,10,0,0.0,2.0,2.0,1.0,B01
201500046588,0,10,0,4.0,2.0,1.0,1.0,C01
201500046588,0,7,0,0.0,2.0,6.0,11.0,A01
201500046589,0,10,0,1.0,0.0,1.0,2.0,A01
201500046589,0,7,0,0.0,0.0,0.0,0.0,B01
201500046590,0,7,0,4.0,0.0,1.0,2.0,A01
201500046591,0,7,0,0.0,2.0,1.0,12.0,B01
201500046591,0,7,0,0.0,2.0,4.0,23.0,A01
201500046591,0,7,0,0.0,2.0,5.0,1.0,C01
201500046592,0,14,0,0.0,0.0,0.0,0.0,C01
201500046592,0,7,0,0.0,0.0,0.0,0.0,B01
201500046592,0,7,0,0.0,0.0,0.0,0.0,A01
201500046593,0,7,0,4.0,0.0,3.0,13.0,A01
201500046593,0,7,0,0.0,2.0,8.0,2.0,B01
201500046594,0,7,0,4.0,0.0,1.0,14.0,A01
201500046595,0,7,0,4.0,0.0,2.0,0.0,A01
201500046596,0,7,0,6.0,0.0,3.0,1.0,A01
201500046597,0,32,0,0.0,0.0,3.0,1.0,A01
201500046598,0,7,0,0.0,2.0,2.0,0.0,A01
201500046598,0,7,0,0.0,0.0,6.0,0.0,B01
201500046599,0,33,0,0.0,2.0,3.0,3.0,A01
201500046599,0,7,0,0.0,2.0,5.0,2.0,B01
201500046600,0,7,0,3.0,0.0,1.0,0.0,A01
201500046601,0,7,0,3.0,0.0,1.0,1.0,A01
201500046602,0,33,0,0.0,0.0,0.0,0.0,A01
201500046603,0,7,0,4.0,0.0,8.0,1.0,A01
201500046604,0,7,0,0.0,2.0,4.0,0.0,C01
201500046604,0,15,0,0.0,2.0,1.0,1.0,B01
201500046604,0,7,0,0.0,2.0,1.0,12.0,A01
201500046605,0,33,0,0.0,2.0,3.0,2.0,A01
201500046605,0,7,0,0.0,2.0,5.0,2.0,B01
201500046606,0,15,0,0.0,0.0,0.0,0.0,C01
201500046606,0,7,0,0.0,0.0,0.0,0.0,B01
201500046606,0,10,0,0.0,0.0,0.0,0.0,A01
201500046607,0,7,0,0.0,2.0,1.0,2.0,A01
201500046607,0,7,0,0.0,2.0,4.0,2.0,B01
201500046607,0,7,0,0.0,2.0,4.0,2.0,C01
201500046608,0,7,0,0.0,2.0,0.0,0.0,A01
201500046608,0,7,0,0.0,2.0,0.0,0.0,B01
201500046609,0,7,0,0.0,0.0,0.0,0.0,A01
201500046609,0,10,0,0.0,0.0,0.0,0.0,B01
201500046610,0,7,0,0.0,6.0,1.0,1.0,A01
201500046611,0,7,0,0.0,2.0,1.0,2.0,C01
201500046611,0,7,0,0.0,0.0,0.0,0.0,A01
201500046611,0,7,0,0.0,2.0,1.0,2.0,B01
201500046612,0,7,0,0.0,2.0,6.0,0.0,B01
201500046612,0,7,0,0.0,2.0,2.0,0.0,A01
201500046613,0,7,0,0.0,0.0,0.0,0.0,A01
201500046613,0,7,0,0.0,0.0,4.0,2.0,B01
201500046614,0,7,0,0.0,2.0,4.0,1.0,B01
201500046614,0,32,0,0.0,2.0,1.0,14.0,A01
201500046615,0,34,0,0.0,2.0,1.0,1.0,A01
201500046615,0,7,0,0.0,2.0,4.0,1.0,B01
201500046616,0,7,0,0.0,2.0,3.0,1.0,B01
201500046616,0,34,0,0.0,2.0,2.0,2.0,A01
201500046617,0,7,0,0.0,2.0,3.0,1.0,C01
201500046617,0,7,0,0.0,2.0,2.0,12.0,A01
201500046617,0,33,0,0.0,2.0,2.0,12.0,B01
201500046618,0,10,0,0.0,0.0,0.0,0.0,B01
201500046618,0,7,0,0.0,0.0,0.0,0.0,A01
201500046619,0,7,0,0.0,0.0,0.0,0.0,B01
201500046619,0,33,0,0.0,0.0,0.0,0.0,A01
201500046620,0,15,0,0.0,2.0,2.0,3.0,A01
201500046620,0,7,0,0.0,2.0,3.0,1.0,B01
201500046621,0,7,0,0.0,2.0,4.0,2.0,C01
201500046621,0,7,0,0.0,2.0,4.0,2.0,D01
201500046621,0,7,0,0.0,2.0,4.0,2.0,B01
201500046621,0,7,0,0.0,2.0,1.0,2.0,A01
201500046622,0,32,0,0.0,2.0,2.0,0.0,A01
201500046622,0,7,0,0.0,2.0,6.0,23.0,B01
201500046623,0,7,0,0.0,2.0,2.0,0.0,C01
201500046623,0,7,0,0.0,2.0,4.0,0.0,B01
201500046623,0,7,0,0.0,0.0,0.0,0.0,A01
201500046624,0,7,0,3.0,0.0,3.0,1.0,A01
201500046625,0,7,0,0.0,2.0,5.0,6.0,A01
201500046625,0,7,0,0.0,2.0,2.0,1.0,B01
201500046626,0,7,0,0.0,2.0,4.0,2.0,D01
201500046626,0,7,0,0.0,2.0,4.0,2.0,B01
201500046626,0,7,0,0.0,2.0,1.0,2.0,A01
201500046626,0,7,0,0.0,0.0,0.0,0.0,C01
201500046627,0,34,0,0.0,2.0,1.0,3.0,A01
201500046627,0,7,0,0.0,2.0,6.0,11.0,B01
201500046628,0,7,0,4.0,0.0,3.0,2.0,A01
201500046629,0,7,0,0.0,2.0,1.0,2.0,B01
201500046629,0,7,0,4.0,2.0,4.0,2.0,A01
201500046630,0,7,0,4.0,0.0,1.0,0.0,A01
201500046631,0,33,0,6.0,0.0,2.0,13.0,A01
201500046632,0,7,0,4.0,0.0,1.0,2.0,A01
201500046633,0,7,0,0.0,0.0,0.0,0.0,A01
201500046633,0,7,0,0.0,0.0,0.0,0.0,B01
201500046634,0,33,0,0.0,0.0,3.0,1.0,A01
201500046635,0,7,0,0.0,2.0,4.0,2.0,C01
201500046635,0,7,0,0.0,2.0,1.0,2.0,A01
201500046635,0,7,0,0.0,2.0,4.0,2.0,B01
201500046636,0,7,0,0.0,0.0,0.0,0.0,C01
201500046636,0,7,0,0.0,0.0,0.0,0.0,A01
201500046636,0,7,0,0.0,0.0,0.0,0.0,B01
201500046637,0,7,0,0.0,0.0,0.0,2.0,A01
201500046638,0,34,0,0.0,2.0,1.0,2.0,A01
201500046638,0,7,0,0.0,2.0,5.0,2.0,B01
201500046639,0,31,0,0.0,2.0,1.0,1.0,A01
201500046639,0,7,0,0.0,2.0,5.0,2.0,B01
201500046640,2,7,0,4.0,0.0,3.0,0.0,A01
201500046641,0,7,0,0.0,2.0,4.0,2.0,B01
201500046641,0,7,0,0.0,2.0,1.0,2.0,A01
201500046642,0,7,0,4.0,0.0,3.0,17.0,A01
201500046643,0,31,0,0.0,2.0,3.0,3.0,A01
201500046644,0,7,0,0.0,2.0,4.0,2.0,C01
201500046644,0,10,0,0.0,2.0,4.0,2.0,B01
201500046644,0,14,0,0.0,2.0,1.0,2.0,A01
201500046645,0,7,0,0.0,2.0,3.0,11.0,A01
201500046645,0,33,0,4.0,2.0,2.0,3.0,B01
201500046646,0,7,0,0.0,2.0,3.0,13.0,A01
201500046646,0,33,0,0.0,2.0,1.0,2.0,B01
201500046647,0,17,0,0.0,2.0,0.0,0.0,B01
201500046647,0,7,0,3.0,2.0,0.0,0.0,A01
201500046648,0,10,0,0.0,2.0,4.0,23.0,B01
201500046648,0,7,0,0.0,2.0,1.0,2.0,A01
201500046648,0,7,0,0.0,2.0,4.0,23.0,C01
201500046649,0,7,0,0.0,2.0,1.0,2.0,C01
201500046649,0,7,0,0.0,2.0,4.0,2.0,A01
201500046649,0,7,0,0.0,2.0,1.0,2.0,B01
201500046650,0,33,0,0.0,2.0,7.0,3.0,A01
201500046650,1,1,0,0.0,0.0,0.0,0.0,Z01
201500046651,0,33,0,0.0,2.0,1.0,1.0,B01
201500046651,0,7,0,0.0,2.0,2.0,1.0,C01
201500046651,0,7,0,0.0,2.0,6.0,11.0,A01
201500046652,0,7,0,4.0,0.0,4.0,0.0,A01
201500046652,0,7,0,4.0,0.0,4.0,0.0,B01
201500046653,0,14,0,0.0,2.0,2.0,1.0,A01
201500046653,0,10,0,0.0,2.0,4.0,1.0,D01
201500046653,0,7,0,0.0,2.0,4.0,1.0,C01
201500046653,0,7,0,0.0,2.0,4.0,1.0,B01
201500046653,0,10,0,0.0,0.0,4.0,1.0,E01
201500046654,0,7,0,0.0,2.0,3.0,0.0,A01
201500046655,0,10,0,0.0,0.0,4.0,2.0,D01
201500046655,0,7,0,0.0,0.0,6.0,2.0,C01
201500046655,0,7,0,0.0,2.0,5.0,2.0,B01
201500046655,0,7,0,0.0,2.0,1.0,12.0,A01
201500046656,0,7,0,0.0,2.0,1.0,2.0,A01
201500046656,0,7,0,0.0,2.0,4.0,2.0,B01
201500046657,0,7,0,0.0,2.0,4.0,1.0,B01
201500046657,0,7,0,0.0,2.0,4.0,2.0,C01
201500046657,0,7,0,0.0,2.0,1.0,1.0,A01
201500046658,0,7,0,0.0,0.0,0.0,0.0,C01
201500046658,0,7,0,0.0,0.0,0.0,0.0,A01
201500046658,0,33,0,0.0,0.0,0.0,0.0,B01
201500046659,0,7,0,0.0,2.0,3.0,0.0,A01
201500046659,0,7,0,0.0,2.0,9.0,0.0,B01
201500046660,0,33,0,0.0,2.0,0.0,0.0,A01
201500046660,0,7,0,0.0,2.0,0.0,0.0,C01
201500046660,0,34,0,0.0,2.0,0.0,0.0,B01
201500046661,0,7,0,0.0,2.0,1.0,14.0,B01
201500046661,0,33,0,0.0,2.0,5.0,1.0,A01
201500046662,0,7,0,0.0,0.0,6.0,2.0,B01
201500046662,0,33,0,0.0,2.0,2.0,1.0,A01
201500046663,1,10,0,0.0,0.0,0.0,0.0,Z01
201500046663,0,33,0,0.0,2.0,4.0,3.0,A01
201500046664,0,7,0,0.0,2.0,5.0,12.0,A01
201500046664,0,32,0,0.0,0.0,0.0,0.0,B01
201500046665,0,33,0,0.0,2.0,1.0,2.0,A01
201500046665,0,7,0,0.0,2.0,6.0,11.0,B01
201500046666,0,7,0,0.0,2.0,2.0,0.0,B01
201500046666,0,7,0,0.0,2.0,3.0,0.0,C01
201500046666,0,33,0,0.0,2.0,6.0,0.0,A01
201500046667,0,32,0,0.0,2.0,1.0,0.0,A01
201500046667,0,7,0,0.0,0.0,0.0,0.0,B01
201500046668,0,7,0,0.0,2.0,3.0,2.0,A01
201500046668,0,7,0,0.0,2.0,5.0,2.0,B01
201500046669,0,7,0,0.0,2.0,4.0,2.0,B01
201500046669,0,32,0,0.0,2.0,1.0,2.0,A01
201500046670,0,7,0,0.0,2.0,1.0,1.0,A01
201500046670,0,7,0,0.0,2.0,4.0,0.0,B01
201500046670,0,7,0,0.0,2.0,4.0,1.0,C01
201500046671,0,7,0,0.0,2.0,4.0,2.0,C01
201500046671,0,7,0,0.0,2.0,3.0,0.0,A01
201500046671,0,7,0,4.0,2.0,5.0,2.0,B01
201500046672,0,7,0,4.0,0.0,3.0,13.0,A01
201500046673,0,14,0,0.0,2.0,2.0,12.0,A01
201500046673,0,7,0,0.0,2.0,8.0,1.0,B01
201500046674,0,10,0,0.0,2.0,8.0,23.0,B01
201500046674,0,33,0,0.0,2.0,7.0,0.0,A01
201500046675,0,7,0,0.0,2.0,8.0,1.0,B01
201500046675,0,34,0,0.0,2.0,7.0,3.0,A01
201500046676,0,7,0,0.0,2.0,2.0,13.0,B01
201500046676,0,7,0,0.0,2.0,4.0,2.0,C01
201500046676,0,33,0,0.0,2.0,3.0,3.0,A01
201500046677,0,33,0,0.0,2.0,8.0,2.0,B01
201500046677,0,7,0,0.0,2.0,5.0,12.0,A01
201500046678,0,7,0,0.0,2.0,4.0,2.0,B01
201500046678,0,7,0,0.0,2.0,4.0,0.0,C01
201500046678,0,7,0,0.0,2.0,0.0,2.0,A01
201500046679,0,7,0,0.0,2.0,5.0,12.0,B01
201500046679,0,33,0,0.0,2.0,3.0,3.0,A01
201500046680,0,7,0,0.0,2.0,2.0,14.0,B01
201500046680,0,33,0,0.0,2.0,3.0,3.0,A01
201500046681,0,7,0,0.0,2.0,0.0,0.0,C01
201500046681,0,7,0,0.0,2.0,2.0,0.0,A01
201500046681,0,7,0,0.0,2.0,0.0,0.0,B01
201500046682,0,32,0,0.0,0.0,0.0,0.0,A01
201500046683,0,31,0,0.0,2.0,2.0,11.0,A01
201500046683,0,7,0,0.0,2.0,6.0,1.0,B01
201500046684,0,10,0,4.0,0.0,1.0,0.0,A01
201500046685,0,33,0,0.0,2.0,1.0,2.0,A01
201500046685,0,7,0,0.0,2.0,4.0,2.0,B01
201500046686,0,33,0,0.0,0.0,7.0,3.0,A01
201500046687,0,7,0,0.0,2.0,1.0,2.0,A01
201500046687,0,7,0,0.0,2.0,4.0,1.0,B01
201500046688,0,33,0,0.0,0.0,7.0,1.0,A01
201500046689,0,33,0,0.0,2.0,3.0,3.0,A01
201500046689,0,10,0,0.0,2.0,0.0,14.0,B01
201500046690,0,7,0,0.0,2.0,5.0,2.0,B01
201500046690,0,7,0,0.0,2.0,3.0,2.0,A01
201500046691,0,7,0,0.0,2.0,4.0,2.0,A01
201500046691,0,14,0,0.0,2.0,1.0,2.0,B01
201500046692,0,7,0,3.0,0.0,2.0,14.0,A01
201500046693,0,7,0,0.0,2.0,4.0,2.0,C01
201500046693,0,7,0,0.0,2.0,4.0,2.0,B01
201500046693,0,10,0,0.0,2.0,1.0,2.0,A01
201500046694,0,33,0,0.0,2.0,1.0,2.0,A01
201500046694,0,7,0,0.0,2.0,4.0,2.0,B01
201500046695,0,33,0,0.0,2.0,3.0,3.0,B01
201500046695,0,7,0,0.0,2.0,2.0,12.0,A01
201500046696,0,7,0,13.0,0.0,2.0,2.0,A01
201500046697,0,33,0,3.0,0.0,3.0,3.0,A01
201500046698,0,34,0,0.0,2.0,1.0,3.0,A01
201500046698,0,7,0,0.0,0.0,5.0,1.0,B01
201500046699,0,33,0,0.0,2.0,3.0,3.0,A01
201500046699,0,7,0,0.0,2.0,7.0,14.0,B01
201500046700,0,7,0,4.0,0.0,1.0,2.0,A01
201500046701,0,10,0,0.0,2.0,4.0,2.0,B01
201500046701,0,10,0,0.0,2.0,1.0,0.0,A01
201500046702,0,7,0,0.0,2.0,4.0,2.0,C01
201500046702,0,10,0,0.0,2.0,1.0,2.0,A01
201500046702,0,7,0,0.0,2.0,4.0,2.0,B01
201500046703,0,33,0,0.0,0.0,0.0,1.0,A01
201500046704,0,7,0,0.0,2.0,1.0,1.0,A01
201500046704,0,7,0,0.0,2.0,4.0,1.0,B01
201500046705,0,33,0,0.0,2.0,7.0,3.0,A01
201500046705,0,10,0,0.0,2.0,8.0,11.0,B01
201500046706,0,7,0,13.0,0.0,1.0,13.0,A01
201500046707,0,10,0,0.0,0.0,0.0,12.0,B01
201500046707,0,33,0,0.0,0.0,9.0,0.0,A01
201500046708,0,7,0,0.0,2.0,1.0,2.0,A01
201500046708,0,7,0,0.0,2.0,4.0,0.0,C01
201500046708,0,7,0,0.0,2.0,4.0,2.0,B01
201500046709,0,7,0,0.0,2.0,2.0,12.0,A01
201500046709,0,33,0,0.0,2.0,3.0,3.0,B01
201500046710,0,7,0,0.0,2.0,1.0,2.0,A01
201500046710,0,7,0,0.0,2.0,4.0,0.0,B01
201500046711,0,32,0,0.0,2.0,1.0,0.0,A01
201500046711,0,7,0,0.0,2.0,4.0,0.0,B01
201500046712,0,7,0,0.0,2.0,5.0,23.0,C01
201500046712,0,7,0,0.0,2.0,6.0,23.0,D01
201500046712,0,7,0,0.0,2.0,5.0,23.0,B01
201500046712,0,33,0,0.0,2.0,3.0,3.0,A01
201500046713,0,7,0,4.0,0.0,1.0,0.0,A01
201500046714,0,7,0,0.0,2.0,2.0,0.0,A01
201500046714,1,10,0,0.0,2.0,5.0,0.0,B01
201500046715,0,7,0,0.0,0.0,0.0,0.0,C01
201500046715,0,7,0,0.0,2.0,7.0,12.0,B01
201500046715,0,33,0,0.0,2.0,8.0,3.0,A01
201500046716,0,31,0,0.0,0.0,0.0,0.0,A01
201500046717,0,7,0,0.0,2.0,1.0,2.0,C01
201500046717,0,7,0,0.0,2.0,4.0,0.0,D01
201500046717,1,10,0,0.0,2.0,1.0,0.0,Y01
201500046717,0,7,0,0.0,2.0,3.0,2.0,B01
201500046717,1,15,0,0.0,2.0,2.0,14.0,Z01
201500046718,0,7,0,0.0,2.0,3.0,2.0,A01
201500046718,0,7,0,0.0,2.0,5.0,2.0,C01
201500046718,0,7,0,0.0,2.0,2.0,2.0,B01
201500046719,0,33,0,0.0,0.0,0.0,0.0,A01
201500046720,0,31,0,0.0,0.0,7.0,2.0,A01
201500046721,0,7,0,0.0,2.0,1.0,2.0,A01
201500046721,0,7,0,0.0,2.0,1.0,2.0,B01
201500046722,0,7,0,0.0,2.0,1.0,2.0,A01
201500046722,0,7,0,0.0,2.0,4.0,2.0,B01
201500046723,0,30,0,16.0,0.0,7.0,16.0,A01
201500046724,0,7,0,0.0,2.0,3.0,1.0,C01
201500046724,0,33,0,0.0,2.0,2.0,3.0,A01
201500046724,0,7,0,0.0,2.0,8.0,11.0,B01
201500046725,0,33,0,16.0,0.0,1.0,9.0,A01
201500046726,0,7,0,0.0,2.0,3.0,0.0,B01
201500046726,0,15,0,0.0,2.0,2.0,12.0,A01
201500046727,0,33,0,0.0,2.0,7.0,1.0,B01
201500046727,1,10,0,0.0,0.0,0.0,0.0,Z01
201500046728,0,7,0,0.0,2.0,4.0,1.0,B01
201500046728,0,7,0,0.0,2.0,1.0,1.0,A01
201500046729,0,7,0,4.0,0.0,9.0,1.0,A01
201500046730,0,33,0,3.0,0.0,7.0,0.0,A01
201500046731,0,10,0,4.0,0.0,1.0,0.0,A01
201500046732,0,7,0,0.0,2.0,6.0,24.0,B01
201500046732,0,7,0,1.0,0.0,2.0,2.0,A01
201500046733,0,33,0,0.0,2.0,1.0,2.0,A01
201500046733,0,7,0,0.0,2.0,5.0,2.0,B01
201500046734,0,10,0,0.0,2.0,6.0,11.0,A01
201500046734,0,33,0,0.0,2.0,2.0,3.0,B01
201500046735,0,7,0,0.0,2.0,4.0,0.0,A01
201500046735,1,7,0,0.0,0.0,0.0,0.0,B01
201500046736,0,7,0,4.0,0.0,0.0,0.0,A01
201500046737,0,7,0,0.0,2.0,6.0,2.0,B01
201500046737,0,10,0,0.0,2.0,7.0,2.0,C01
201500046737,0,31,0,0.0,2.0,0.0,3.0,A01
201500046738,0,33,0,0.0,2.0,0.0,0.0,A01
201500046738,0,7,0,0.0,0.0,6.0,1.0,B01
201500046739,0,7,0,0.0,2.0,2.0,2.0,C01
201500046739,0,15,0,0.0,2.0,3.0,21.0,B01
201500046739,0,7,0,0.0,2.0,1.0,2.0,A01
201500046740,0,7,0,0.0,2.0,5.0,1.0,C01
201500046740,0,7,0,0.0,2.0,8.0,2.0,B01
201500046740,0,34,0,0.0,2.0,1.0,2.0,A01
201500046740,0,7,0,0.0,2.0,6.0,1.0,D01
201500046741,2,7,0,4.0,0.0,3.0,17.0,A01
201500046742,0,10,0,0.0,2.0,1.0,2.0,A01
201500046742,0,7,0,0.0,2.0,4.0,2.0,B01
201500046743,0,7,0,0.0,2.0,5.0,1.0,B01
201500046743,0,7,0,0.0,2.0,3.0,0.0,A01
201500046744,0,7,0,0.0,2.0,2.0,14.0,A01
201500046744,0,33,0,0.0,2.0,1.0,1.0,B01
201500046745,0,31,0,0.0,2.0,4.0,2.0,B01
201500046745,0,7,0,0.0,2.0,1.0,2.0,A01
201500046746,0,33,0,0.0,2.0,1.0,1.0,A01
201500046746,0,7,0,0.0,2.0,3.0,2.0,B01
201500046747,0,7,0,0.0,2.0,2.0,12.0,A01
201500046747,0,33,0,0.0,2.0,1.0,1.0,B01
201500046747,0,7,0,0.0,2.0,4.0,1.0,C01
201500046748,0,7,0,0.0,2.0,4.0,2.0,B01
201500046748,0,7,0,0.0,2.0,1.0,2.0,A01
201500046749,0,15,0,4.0,0.0,2.0,0.0,A01
201500046750,0,7,0,0.0,2.0,2.0,0.0,C01
201500046750,0,10,0,0.0,2.0,1.0,0.0,A01
201500046750,0,7,0,4.0,2.0,4.0,0.0,B01
201500046751,0,7,0,0.0,2.0,1.0,2.0,A01
201500046751,0,7,0,0.0,2.0,4.0,2.0,B01
201500046751,0,7,0,0.0,2.0,4.0,2.0,C01
201500046752,0,33,0,0.0,2.0,1.0,2.0,B01
201500046752,0,7,0,0.0,2.0,5.0,0.0,A01
201500046753,0,31,0,0.0,0.0,0.0,0.0,A01
201500046754,0,7,0,0.0,2.0,6.0,0.0,B01
201500046754,0,7,0,0.0,2.0,2.0,0.0,A01
201500046755,0,7,0,4.0,0.0,1.0,2.0,A01
201500046756,0,7,0,0.0,0.0,0.0,0.0,B01
201500046756,0,7,0,0.0,0.0,0.0,0.0,A01
201500046757,0,10,0,0.0,2.0,6.0,2.0,B01
201500046757,0,33,0,0.0,2.0,1.0,3.0,A01
201500046758,0,1,0,0.0,2.0,3.0,15.0,A01
201500046759,0,7,0,0.0,2.0,6.0,11.0,A01
201500046759,0,33,0,0.0,2.0,1.0,3.0,B01
201500046760,0,7,0,0.0,2.0,4.0,2.0,C01
201500046760,0,7,0,0.0,2.0,1.0,2.0,A01
201500046760,0,7,0,0.0,2.0,4.0,2.0,B01
201500046761,0,33,0,0.0,2.0,7.0,14.0,B01
201500046761,1,7,0,0.0,0.0,0.0,0.0,Z01
201500046761,0,33,0,0.0,2.0,3.0,2.0,A01
201500046762,0,33,0,0.0,0.0,3.0,0.0,A01
201500046763,0,7,0,0.0,2.0,1.0,2.0,A01
201500046763,0,7,0,0.0,2.0,4.0,2.0,B01
201500046764,0,7,0,0.0,2.0,6.0,1.0,B01
201500046764,0,33,0,0.0,2.0,1.0,1.0,A01
201500046765,0,15,0,0.0,2.0,6.0,24.0,B01
201500046765,0,10,0,1.0,0.0,2.0,1.0,A01
201500046766,0,7,0,0.0,2.0,4.0,2.0,C01
201500046766,0,7,0,0.0,2.0,1.0,2.0,A01
201500046766,0,7,0,0.0,2.0,1.0,2.0,B01
201500046767,0,33,0,0.0,2.0,4.0,0.0,B01
201500046767,0,33,0,0.0,2.0,1.0,0.0,A01
201500046767,0,7,0,0.0,2.0,5.0,2.0,C01
201500046768,0,7,0,0.0,2.0,2.0,2.0,A01
201500046768,0,7,0,0.0,2.0,6.0,2.0,B01
201500046769,0,10,0,0.0,2.0,1.0,0.0,A01
201500046769,0,7,0,0.0,0.0,4.0,0.0,C01
201500046769,0,7,0,0.0,2.0,4.0,0.0,B01
201500046770,0,33,0,0.0,0.0,7.0,3.0,A01
201500046770,0,7,0,0.0,2.0,3.0,0.0,B01
201500046771,0,33,0,0.0,0.0,0.0,1.0,A01
201500046772,0,7,0,0.0,2.0,0.0,0.0,A01
201500046772,0,33,0,0.0,0.0,0.0,0.0,B01
201500046773,0,7,0,0.0,2.0,4.0,2.0,C01
201500046773,0,7,0,0.0,2.0,4.0,2.0,E01
201500046773,0,15,0,0.0,2.0,1.0,2.0,A01
201500046773,0,7,0,0.0,2.0,4.0,2.0,D01
201500046773,0,7,0,0.0,2.0,4.0,2.0,B01
201500046774,0,7,0,0.0,2.0,5.0,2.0,B01
201500046774,0,33,0,0.0,2.0,3.0,2.0,A01
201500046775,0,7,0,0.0,2.0,4.0,2.0,B01
201500046775,0,7,0,0.0,2.0,1.0,2.0,A01
201500046776,0,7,0,0.0,2.0,4.0,2.0,C01
201500046776,0,7,0,0.0,2.0,1.0,2.0,A01
201500046776,0,7,0,0.0,2.0,9.0,2.0,B01