Num_Acc,senc,catv,occutc,obs,obsm,choc,manv,num_veh
201500047008,0,7,0,0.0,2.0,1.0,1.0,A01
201500047008,0,14,0,0.0,2.0,2.0,1.0,C01
201500047009,0,7,0,0.0,2.0,4.0,2.0,C01
201500047009,0,7,0,0.0,2.0,4.0,2.0,B01
201500047009,0,7,0,0.0,2.0,4.0,2.0,D01
201500047009,0,7,0,0.0,2.0,1.0,1.0,A01
201500047010,0,13,0,0.0,2.0,4.0,1.0,A01
201500047010,0,7,0,0.0,2.0,1.0,9.0,B01
201500047011,0,7,0,0.0,2.0,8.0,13.0,B01
201500047011,0,33,0,0.0,2.0,7.0,3.0,A01
201500047011,0,7,0,0.0,2.0,4.0,1.0,C01
201500047012,0,15,0,1.0,2.0,2.0,1.0,A01
201500047012,0,7,0,4.0,2.0,6.0,2.0,B01
201500047013,0,7,0,3.0,0.0,1.0,1.0,A01
201500047014,0,7,0,0.0,2.0,4.0,1.0,A01
201500047014,0,13,0,0.0,2.0,1.0,1.0,B01
201500047015,0,7,0,0.0,2.0,4.0,1.0,B01
201500047015,0,7,0,0.0,2.0,1.0,2.0,A01
201500047016,0,7,0,0.0,2.0,1.0,1.0,A01
201500047016,0,7,0,0.0,2.0,4.0,2.0,B01
201500047017,0,33,0,16.0,0.0,7.0,21.0,A01
201500047018,0,7,0,0.0,2.0,4.0,11.0,B01
201500047018,0,33,0,0.0,2.0,1.0,3.0,C01
201500047018,0,33,0,0.0,2.0,1.0,3.0,D01
201500047018,0,7,0,0.0,2.0,4.0,1.0,A01
201500047019,0,7,0,0.0,2.0,2.0,17.0,A01
201500047019,0,7,0,0.0,2.0,6.0,2.0,B01
201500047019,0,7,0,0.0,2.0,1.0,2.0,C01
201500047020,0,7,0,0.0,2.0,1.0,2.0,C01
201500047020,0,7,0,0.0,2.0,4.0,2.0,B01
201500047020,0,7,0,0.0,2.0,4.0,1.0,A01
201500047021,0,33,0,8.0,2.0,0.0,17.0,A01
201500047021,0,7,0,0.0,2.0,3.0,1.0,B01
201500047022,0,15,0,0.0,2.0,4.0,1.0,C01
201500047022,0,7,0,0.0,2.0,4.0,1.0,B01
201500047022,0,7,0,0.0,2.0,1.0,14.0,A01
201500047023,0,7,0,16.0,0.0,1.0,14.0,A01
201500047024,0,7,0,4.0,0.0,7.0,1.0,A01
201500047025,0,7,0,13.0,0.0,2.0,1.0,A01
201500047026,0,7,0,0.0,2.0,4.0,2.0,B01
201500047026,0,7,0,0.0,2.0,1.0,1.0,A01
201500047027,0,7,0,4.0,0.0,1.0,1.0,A01
201500047028,0,7,0,0.0,2.0,4.0,1.0,A01
201500047028,0,7,0,0.0,2.0,1.0,2.0,B01
201500047029,0,7,0,0.0,2.0,9.0,1.0,A01
201500047029,0,7,0,0.0,2.0,4.0,1.0,C01
201500047029,0,7,0,0.0,2.0,6.0,1.0,B01
201500047030,0,7,0,0.0,2.0,2.0,12.0,A01
201500047030,0,7,0,0.0,2.0,4.0,1.0,B01
201500047031,0,7,0,0.0,2.0,8.0,1.0,C01
201500047031,0,7,0,0.0,2.0,1.0,13.0,A01
201500047031,0,7,0,0.0,2.0,3.0,1.0,D01
201500047031,0,7,0,0.0,2.0,0.0,21.0,B01
201500047032,0,10,0,0.0,2.0,4.0,1.0,A01
201500047032,0,33,0,0.0,2.0,1.0,2.0,B01
201500047033,0,7,0,0.0,2.0,1.0,1.0,A01
201500047033,0,7,0,0.0,2.0,4.0,2.0,D01
201500047033,0,7,0,0.0,2.0,4.0,2.0,E01
201500047033,0,7,0,0.0,2.0,4.0,2.0,B01
201500047033,0,7,0,0.0,2.0,4.0,2.0,C01
201500047034,0,7,0,13.0,0.0,9.0,1.0,A01
201500047035,0,33,0,0.0,0.0,0.0,0.0,A01
201500047036,0,7,0,0.0,2.0,6.0,12.0,A01
201500047036,0,34,0,0.0,2.0,8.0,1.0,B01
201500047037,0,7,0,0.0,2.0,8.0,1.0,C01
201500047037,0,7,0,0.0,2.0,5.0,2.0,B01
201500047037,0,7,0,0.0,2.0,3.0,1.0,A01
201500047038,0,33,0,0.0,2.0,8.0,3.0,A01
201500047038,0,7,0,0.0,2.0,7.0,1.0,B01
201500047039,0,33,0,16.0,0.0,8.0,1.0,A01
201500047040,0,7,0,0.0,2.0,6.0,1.0,B01
201500047040,0,7,0,4.0,2.0,1.0,1.0,A01
201500047041,0,7,0,0.0,2.0,4.0,1.0,D01
201500047041,0,7,0,0.0,2.0,9.0,2.0,B01
201500047041,0,7,0,0.0,2.0,1.0,2.0,A01
201500047041,0,7,0,0.0,2.0,9.0,2.0,C01
201500047042,0,7,0,16.0,0.0,9.0,1.0,A01
201500047043,0,33,0,16.0,0.0,8.0,1.0,A01
201500047044,0,7,0,0.0,2.0,4.0,2.0,B01
201500047044,0,7,0,0.0,2.0,1.0,1.0,A01
201500047045,0,7,0,0.0,2.0,1.0,2.0,D01
201500047045,0,7,0,0.0,2.0,4.0,2.0,B01
201500047045,0,7,0,0.0,2.0,4.0,2.0,C01
201500047045,0,7,0,0.0,2.0,4.0,1.0,A01
201500047046,0,13,0,0.0,2.0,1.0,1.0,A01
201500047046,0,7,0,0.0,2.0,4.0,2.0,B01
201500047046,0,7,0,0.0,2.0,4.0,2.0,C01
201500047047,0,7,0,0.0,2.0,8.0,1.0,B01
201500047047,0,33,0,0.0,2.0,3.0,11.0,A01
201500047048,0,33,0,0.0,2.0,1.0,1.0,A01
201500047048,0,7,0,0.0,2.0,4.0,2.0,B01
201500047049,0,7,0,0.0,2.0,3.0,1.0,A01
201500047049,0,7,0,0.0,2.0,5.0,1.0,B01
201500047050,0,33,0,0.0,2.0,1.0,3.0,A01
201500047051,0,30,0,0.0,2.0,1.0,3.0,A01
201500047051,0,7,0,0.0,2.0,7.0,13.0,B01
201500047052,0,7,0,0.0,2.0,4.0,2.0,B01
201500047052,0,7,0,0.0,2.0,1.0,1.0,A01
201500047053,0,7,0,0.0,2.0,6.0,13.0,A01
201500047053,0,33,0,0.0,2.0,1.0,13.0,B01
201500047054,0,33,0,0.0,2.0,2.0,3.0,B01
201500047054,0,7,0,0.0,2.0,6.0,11.0,A01
201500047055,0,7,0,0.0,2.0,4.0,1.0,B01
201500047055,0,7,0,0.0,2.0,1.0,1.0,A01
201500047056,0,7,0,0.0,2.0,6.0,2.0,B01
201500047056,0,7,0,0.0,2.0,2.0,1.0,A01
201500047057,0,7,0,0.0,2.0,1.0,9.0,A01
201500047057,0,7,0,0.0,2.0,4.0,1.0,B01
201500047058,0,33,0,0.0,2.0,8.0,3.0,B01
201500047058,0,7,0,0.0,2.0,1.0,12.0,A01
201500047058,0,7,0,0.0,2.0,4.0,1.0,C01
201500047059,0,10,0,0.0,2.0,1.0,2.0,B01
201500047059,0,10,0,0.0,2.0,3.0,2.0,C01
201500047059,0,10,0,0.0,2.0,4.0,1.0,A01
201500047060,0,33,0,0.0,2.0,3.0,3.0,A01
201500047060,0,7,0,0.0,2.0,5.0,14.0,B01
201500047061,0,7,0,0.0,2.0,6.0,11.0,A01
201500047061,0,33,0,0.0,2.0,2.0,3.0,B01
201500047062,0,7,0,0.0,2.0,4.0,1.0,C01
201500047062,0,7,0,0.0,2.0,2.0,1.0,B01
201500047062,0,34,0,0.0,2.0,9.0,3.0,A01
201500047063,0,7,0,4.0,2.0,9.0,2.0,C01
201500047063,0,7,0,0.0,2.0,9.0,2.0,B01
201500047063,0,7,0,0.0,2.0,1.0,2.0,A01
201500047063,0,7,0,0.0,2.0,4.0,1.0,D01
201500047064,0,7,0,0.0,2.0,9.0,2.0,B01
201500047064,0,7,0,0.0,2.0,4.0,1.0,D01
201500047064,0,7,0,0.0,2.0,1.0,2.0,A01
201500047064,0,7,0,0.0,2.0,9.0,2.0,C01
201500047065,0,7,0,0.0,2.0,7.0,14.0,A01
201500047065,0,7,0,0.0,2.0,8.0,1.0,B01
201500047066,0,33,0,0.0,2.0,7.0,1.0,B01
201500047066,0,7,0,0.0,2.0,7.0,1.0,C01
201500047066,0,7,0,0.0,2.0,8.0,11.0,A01
201500047067,0,7,0,0.0,2.0,8.0,11.0,A01
201500047067,0,7,0,0.0,2.0,5.0,1.0,C01
201500047067,0,34,0,0.0,2.0,7.0,3.0,B01
201500047068,0,13,0,0.0,2.0,3.0,21.0,A01
201500047068,0,7,0,0.0,2.0,3.0,1.0,C01
201500047068,0,7,0,0.0,2.0,2.0,21.0,B01
201500047069,0,7,0,7.0,0.0,8.0,1.0,A01
201500047070,0,34,0,0.0,2.0,8.0,3.0,B01
201500047070,0,7,0,0.0,2.0,7.0,12.0,A01
201500047071,0,7,0,0.0,2.0,9.0,1.0,A01
201500047071,0,7,0,0.0,2.0,7.0,1.0,B01
201500047072,0,7,0,0.0,2.0,1.0,1.0,A01
201500047072,0,7,0,0.0,2.0,4.0,2.0,B01
201500047073,0,7,0,0.0,2.0,6.0,1.0,B01
201500047073,0,7,0,0.0,2.0,2.0,14.0,A01
201500047074,0,7,0,0.0,2.0,7.0,12.0,A01
201500047074,0,33,0,0.0,2.0,8.0,1.0,B01
201500047075,0,7,0,4.0,0.0,9.0,17.0,A01
201500047076,0,7,0,14.0,2.0,1.0,1.0,B01
201500047076,0,15,0,4.0,2.0,8.0,1.0,A01
201500047077,0,7,0,0.0,2.0,1.0,2.0,B01
201500047077,0,7,0,0.0,2.0,7.0,1.0,A01
201500047078,0,7,0,6.0,0.0,1.0,1.0,A01
201500047079,0,7,0,0.0,2.0,1.0,9.0,A01
201500047080,0,7,0,3.0,0.0,1.0,1.0,A01
201500047081,0,7,0,0.0,2.0,9.0,0.0,A01
201500047081,0,7,0,0.0,2.0,1.0,1.0,C01
201500047081,0,7,0,0.0,2.0,0.0,0.0,B01
201500047082,0,10,0,0.0,2.0,1.0,2.0,C01
201500047082,0,13,0,0.0,2.0,9.0,2.0,B01
201500047082,0,37,0,0.0,2.0,4.0,1.0,A01
201500047083,0,7,0,0.0,2.0,4.0,2.0,B01
201500047083,0,7,0,0.0,2.0,1.0,13.0,A01
201500047083,0,7,0,0.0,2.0,4.0,2.0,C01
201500047084,0,7,0,3.0,0.0,7.0,1.0,A01
201500047085,0,7,0,0.0,2.0,4.0,9.0,A01
201500047085,0,7,0,0.0,2.0,1.0,1.0,B01
201500047086,0,7,0,0.0,2.0,4.0,2.0,C01
201500047086,0,10,0,0.0,2.0,4.0,2.0,B01
201500047086,0,15,0,0.0,2.0,1.0,2.0,D01
201500047086,0,7,0,0.0,2.0,4.0,1.0,A01
201500047087,0,7,0,0.0,2.0,5.0,1.0,B01
201500047087,0,32,0,0.0,2.0,8.0,3.0,A01
201500047088,0,32,0,0.0,2.0,1.0,1.0,A01
201500047088,0,7,0,0.0,2.0,4.0,1.0,B01
201500047089,0,7,0,4.0,0.0,9.0,0.0,A01
201500047090,0,7,0,4.0,0.0,6.0,1.0,A01
201500047091,0,7,0,3.0,0.0,1.0,1.0,A01
201500047092,0,7,0,16.0,0.0,4.0,1.0,A01
201500047093,0,7,0,16.0,0.0,7.0,1.0,A01
201500047094,0,7,0,4.0,0.0,9.0,1.0,A01
201500047095,0,7,0,4.0,0.0,1.0,1.0,A01
201500047096,0,7,0,13.0,0.0,9.0,0.0,A01
201500047097,0,7,0,0.0,2.0,1.0,1.0,B01
201500047097,0,7,0,0.0,2.0,8.0,11.0,A01
201500047098,0,7,0,0.0,2.0,1.0,2.0,A01
201500047098,0,7,0,0.0,2.0,4.0,2.0,C01
201500047098,0,7,0,0.0,2.0,4.0,2.0,B01
201500047099,0,7,0,0.0,2.0,4.0,2.0,B01
201500047099,0,7,0,0.0,2.0,1.0,1.0,A01
201500047099,0,7,0,0.0,2.0,4.0,2.0,C01
201500047100,0,33,0,16.0,0.0,7.0,1.0,A01
201500047101,0,7,0,0.0,2.0,3.0,1.0,B01
201500047101,0,7,0,0.0,2.0,4.0,9.0,A01
201500047102,0,33,0,0.0,0.0,7.0,1.0,A01
201500047103,0,33,0,16.0,0.0,8.0,1.0,A01
201500047104,0,7,0,3.0,0.0,0.0,0.0,A01
201500047105,0,33,0,16.0,0.0,7.0,1.0,C01
201500047105,0,33,0,16.0,0.0,7.0,1.0,B01
201500047105,0,33,0,16.0,0.0,7.0,1.0,D01
201500047105,0,33,0,16.0,0.0,7.0,1.0,A01
201500047106,0,7,0,4.0,0.0,8.0,1.0,A01
201500047107,0,7,0,0.0,2.0,1.0,1.0,A01
201500047107,0,7,0,0.0,2.0,6.0,2.0,B01
201500047107,0,7,0,0.0,2.0,4.0,2.0,C01
201500047108,1,7,0,0.0,1.0,1.0,0.0,Z01
201500047109,0,7,0,0.0,2.0,1.0,2.0,D01
201500047109,0,7,0,0.0,2.0,9.0,2.0,B01
201500047109,0,7,0,0.0,2.0,4.0,23.0,A01
201500047109,0,7,0,0.0,2.0,9.0,2.0,C01
201500047110,0,7,0,0.0,2.0,1.0,2.0,A01
201500047110,0,7,0,0.0,2.0,9.0,23.0,B01
201500047110,0,7,0,0.0,2.0,4.0,23.0,C01
201500047111,0,7,0,0.0,2.0,2.0,12.0,B01
201500047111,0,7,0,0.0,2.0,6.0,1.0,C01
201500047111,0,33,0,0.0,2.0,1.0,3.0,A01
201500047112,0,33,0,4.0,0.0,0.0,1.0,A01
201500047113,0,7,0,0.0,2.0,4.0,1.0,C01
201500047113,0,33,0,0.0,2.0,3.0,3.0,A01
201500047113,0,7,0,0.0,2.0,2.0,12.0,B01
201500047114,0,7,0,0.0,2.0,4.0,2.0,B01
201500047114,0,7,0,0.0,2.0,1.0,1.0,A01
201500047115,0,34,0,0.0,2.0,2.0,3.0,A01
201500047115,0,7,0,0.0,2.0,3.0,11.0,B01
201500047116,0,7,0,0.0,2.0,1.0,1.0,A01
201500047116,0,7,0,0.0,2.0,4.0,2.0,B01
201500047117,0,33,0,0.0,2.0,7.0,3.0,B01
201500047117,0,7,0,0.0,2.0,8.0,11.0,A01
201500047118,0,7,0,16.0,0.0,9.0,0.0,A01
201500047119,0,33,0,0.0,2.0,1.0,21.0,B01
201500047119,0,7,0,0.0,2.0,4.0,1.0,A01
201500047120,0,15,0,0.0,2.0,7.0,12.0,A01
201500047120,0,7,0,0.0,2.0,8.0,1.0,B01
201500047121,0,7,0,0.0,2.0,4.0,2.0,B01
201500047121,0,7,0,0.0,2.0,1.0,1.0,A01
201500047122,0,15,0,0.0,2.0,6.0,1.0,B01
201500047122,0,7,0,0.0,2.0,5.0,12.0,A01
201500047122,0,7,0,0.0,2.0,2.0,1.0,C01
201500047123,0,7,0,0.0,2.0,1.0,1.0,A01
201500047123,0,7,0,0.0,2.0,4.0,2.0,B01
201500047123,0,7,0,0.0,2.0,4.0,2.0,C01
201500047124,0,33,0,0.0,2.0,3.0,3.0,A01
201500047124,0,7,0,0.0,2.0,5.0,12.0,B01
201500047125,1,38,2,0.0,2.0,2.0,1.0,Z01
201500047125,0,7,0,4.0,2.0,6.0,11.0,A01
201500047126,0,10,0,4.0,0.0,9.0,1.0,A01
201500047127,0,7,0,0.0,2.0,2.0,12.0,A01
201500047127,0,33,0,0.0,2.0,8.0,1.0,B01
201500047128,0,7,0,0.0,2.0,4.0,21.0,A01
201500047128,0,7,0,0.0,2.0,1.0,1.0,D01
201500047128,0,7,0,0.0,2.0,7.0,1.0,C01
201500047128,1,7,0,0.0,2.0,0.0,0.0,Z01
201500047128,0,33,0,0.0,2.0,1.0,2.0,B01
201500047129,0,7,0,0.0,2.0,4.0,2.0,C01
201500047129,0,7,0,0.0,2.0,1.0,1.0,A01
201500047129,0,7,0,0.0,2.0,4.0,2.0,B01
201500047130,2,7,0,0.0,2.0,7.0,1.0,Z01
201500047130,0,7,0,0.0,2.0,8.0,18.0,B01
201500047131,0,7,0,0.0,2.0,1.0,1.0,A01
201500047131,0,7,0,0.0,2.0,4.0,2.0,B01
201500047132,0,33,0,0.0,2.0,1.0,1.0,A01
201500047132,0,7,0,0.0,2.0,5.0,1.0,B01
201500047133,0,7,0,0.0,2.0,2.0,11.0,B01
201500047133,0,33,0,0.0,2.0,3.0,1.0,A01
201500047134,0,7,0,0.0,2.0,1.0,2.0,A01
201500047134,0,7,0,0.0,2.0,4.0,1.0,B01
201500047135,0,7,0,0.0,2.0,6.0,1.0,C01
201500047135,0,33,0,0.0,2.0,8.0,11.0,A01
201500047135,0,7,0,0.0,2.0,5.0,1.0,B01
201500047136,0,7,0,0.0,2.0,8.0,1.0,B01
201500047136,0,14,0,0.0,2.0,1.0,14.0,A01
201500047137,0,33,0,0.0,2.0,2.0,3.0,A01
201500047137,0,7,0,0.0,2.0,2.0,12.0,B01
201500047138,0,14,0,0.0,2.0,1.0,1.0,A01
201500047138,0,7,0,0.0,2.0,5.0,9.0,B01
201500047139,0,7,0,0.0,2.0,5.0,1.0,B01
201500047139,0,7,0,0.0,2.0,1.0,17.0,A01
201500047140,0,7,0,4.0,0.0,9.0,21.0,A01
201500047141,0,33,0,0.0,2.0,7.0,3.0,A01
201500047141,0,7,0,0.0,2.0,3.0,11.0,B01
201500047142,0,7,0,16.0,0.0,4.0,1.0,B01
201500047142,0,34,0,16.0,0.0,0.0,1.0,A01
201500047143,0,7,0,0.0,2.0,4.0,2.0,B01
201500047143,0,33,0,0.0,2.0,1.0,1.0,A01
201500047144,0,7,0,0.0,2.0,5.0,1.0,B01
201500047144,0,7,0,0.0,2.0,3.0,11.0,A01
201500047145,0,7,0,0.0,2.0,1.0,9.0,B01
201500047145,0,7,0,0.0,2.0,1.0,9.0,A01
201500047146,0,7,0,0.0,2.0,1.0,2.0,A01
201500047146,0,7,0,0.0,2.0,9.0,2.0,B01
201500047146,0,7,0,0.0,2.0,4.0,1.0,C01
201500047147,0,7,0,0.0,2.0,1.0,1.0,A01
201500047147,0,7,0,0.0,2.0,4.0,2.0,B01
201500047147,0,7,0,0.0,2.0,4.0,2.0,C01
201500047148,0,7,0,16.0,0.0,9.0,1.0,A01
201500047149,0,7,0,0.0,2.0,4.0,24.0,B01
201500047149,0,7,0,1.0,0.0,1.0,21.0,C01
201500047149,0,7,0,1.0,0.0,2.0,1.0,A01
201500047150,0,7,0,4.0,0.0,1.0,1.0,A01
201500047151,0,7,0,4.0,0.0,6.0,1.0,A01
201500047152,0,7,0,0.0,2.0,5.0,12.0,A01
201500047152,0,33,0,0.0,2.0,1.0,1.0,B01
201500047153,0,33,0,0.0,2.0,1.0,1.0,B01
201500047153,0,7,0,0.0,2.0,6.0,12.0,A01
201500047154,0,33,0,0.0,2.0,1.0,1.0,A01
201500047154,0,7,0,0.0,2.0,4.0,23.0,B01
201500047155,0,33,0,0.0,2.0,1.0,1.0,A01
201500047155,0,7,0,0.0,2.0,4.0,2.0,B01
201500047156,0,7,0,0.0,2.0,4.0,2.0,B01
201500047156,0,7,0,0.0,2.0,1.0,1.0,A01
201500047157,0,7,0,0.0,2.0,5.0,11.0,B01
201500047157,0,34,0,0.0,2.0,8.0,1.0,A01
201500047157,0,7,0,0.0,2.0,4.0,1.0,C01
201500047158,0,7,0,0.0,2.0,3.0,13.0,B01
201500047158,0,33,0,0.0,2.0,2.0,3.0,A01
201500047159,0,33,0,0.0,2.0,8.0,3.0,B01
201500047159,0,7,0,0.0,2.0,7.0,12.0,A01
201500047159,0,15,0,0.0,2.0,8.0,1.0,C01
201500047160,0,7,0,0.0,2.0,6.0,1.0,B01
201500047160,0,7,0,0.0,2.0,1.0,1.0,C01
201500047160,0,15,0,0.0,2.0,2.0,12.0,A01
201500047161,0,7,0,0.0,2.0,4.0,1.0,C01
201500047161,0,7,0,0.0,2.0,4.0,1.0,B01
201500047161,0,7,0,0.0,2.0,1.0,13.0,A01
201500047162,0,7,0,0.0,2.0,1.0,2.0,B01
201500047162,0,7,0,0.0,2.0,4.0,1.0,A01
201500047163,0,7,0,0.0,2.0,4.0,1.0,C01
201500047163,0,34,0,0.0,2.0,1.0,3.0,A01
201500047163,0,34,0,0.0,2.0,8.0,11.0,B01
201500047164,0,7,0,0.0,2.0,4.0,14.0,A01
201500047164,0,33,0,0.0,2.0,1.0,3.0,B01
201500047165,0,15,0,0.0,2.0,2.0,12.0,A01
201500047165,0,7,0,4.0,2.0,6.0,1.0,B01
201500047166,0,33,0,0.0,0.0,0.0,3.0,A01
201500047167,0,7,0,0.0,2.0,6.0,2.0,B01
201500047167,0,33,0,0.0,2.0,1.0,1.0,A01
201500047168,0,33,0,0.0,0.0,0.0,21.0,A01
201500047169,0,7,0,0.0,2.0,4.0,1.0,B01
201500047169,0,7,0,0.0,2.0,1.0,17.0,A01
201500047170,0,7,0,0.0,2.0,4.0,1.0,C01
201500047170,0,7,0,0.0,2.0,1.0,1.0,A01
201500047170,0,7,0,0.0,2.0,9.0,2.0,B01
201500047171,0,7,0,0.0,2.0,7.0,14.0,B01
201500047171,0,31,0,0.0,2.0,8.0,3.0,A01
201500047172,0,10,0,0.0,2.0,1.0,1.0,A01
201500047172,0,7,0,0.0,2.0,4.0,2.0,C01
201500047172,0,7,0,0.0,2.0,4.0,2.0,B01
201500047173,0,7,0,0.0,2.0,4.0,1.0,C01
201500047173,0,33,0,0.0,2.0,9.0,1.0,B01
201500047173,0,7,0,0.0,2.0,3.0,11.0,A01
201500047174,0,33,0,0.0,2.0,1.0,3.0,A01
201500047174,0,7,0,0.0,2.0,8.0,11.0,B01
201500047175,0,7,0,1.0,0.0,8.0,13.0,A01
201500047175,0,10,0,0.0,2.0,5.0,23.0,B01
201500047176,0,33,0,16.0,0.0,8.0,0.0,A01
201500047177,0,7,0,3.0,0.0,1.0,14.0,A01
201500047178,0,33,0,0.0,2.0,8.0,1.0,B01
201500047178,0,7,0,0.0,2.0,2.0,12.0,A01
201500047179,0,7,0,0.0,2.0,1.0,1.0,A01
201500047179,0,7,0,0.0,2.0,4.0,2.0,B01
201500047180,0,7,0,0.0,2.0,4.0,2.0,C01
201500047180,0,7,0,0.0,2.0,4.0,2.0,B01
201500047180,0,7,0,0.0,2.0,1.0,1.0,A01
201500047181,0,7,0,0.0,2.0,4.0,2.0,D01
201500047181,0,7,0,0.0,2.0,4.0,2.0,C01
201500047181,0,7,0,0.0,2.0,4.0,2.0,B01
201500047181,0,7,0,0.0,2.0,1.0,1.0,A01
201500047182,0,33,0,0.0,2.0,8.0,3.0,A01
201500047182,0,7,0,0.0,2.0,7.0,12.0,B01
201500047183,0,7,0,0.0,2.0,1.0,1.0,A01
201500047183,0,7,0,0.0,2.0,4.0,2.0,B01
201500047184,0,7,0,0.0,2.0,4.0,2.0,C01
201500047184,0,7,0,0.0,2.0,1.0,1.0,A01
201500047184,0,7,0,0.0,2.0,4.0,2.0,B01
201500047185,0,7,0,0.0,2.0,1.0,2.0,B01
201500047185,0,7,0,0.0,2.0,4.0,23.0,A01
201500047186,0,7,0,0.0,2.0,6.0,2.0,B01
201500047186,0,33,0,0.0,2.0,3.0,3.0,A01
201500047187,0,7,0,0.0,2.0,1.0,1.0,A01
201500047187,0,7,0,0.0,2.0,6.0,2.0,C01
201500047187,0,7,0,0.0,2.0,4.0,2.0,B01
201500047188,0,10,0,0.0,2.0,5.0,12.0,A01
201500047188,0,33,0,0.0,2.0,1.0,3.0,B01
201500047189,0,33,0,6.0,0.0,7.0,1.0,A01
201500047190,0,13,0,0.0,2.0,2.0,1.0,B01
201500047190,0,7,0,0.0,2.0,9.0,11.0,A01
201500047191,0,33,0,0.0,2.0,8.0,3.0,B01
201500047191,0,7,0,0.0,2.0,7.0,12.0,A01
201500047192,0,7,0,0.0,2.0,1.0,2.0,A01
201500047192,0,7,0,0.0,2.0,9.0,2.0,B01
201500047192,0,7,0,0.0,2.0,9.0,2.0,C01
201500047192,0,15,0,0.0,2.0,4.0,1.0,D01
201500047193,0,7,0,0.0,2.0,2.0,12.0,B01
201500047193,0,33,0,0.0,2.0,3.0,3.0,A01
201500047194,0,33,0,0.0,2.0,2.0,3.0,B01
201500047194,0,7,0,0.0,2.0,3.0,11.0,A01
201500047195,0,33,0,16.0,0.0,1.0,1.0,A01
201500047196,0,33,0,0.0,2.0,2.0,3.0,A01
201500047196,0,7,0,0.0,2.0,6.0,12.0,B01
201500047197,0,33,0,16.0,0.0,8.0,1.0,A01
201500047198,0,33,0,0.0,2.0,1.0,2.0,A01
201500047198,0,7,0,0.0,2.0,6.0,1.0,B01
201500047199,0,7,0,0.0,2.0,2.0,14.0,A01
201500047199,0,33,0,0.0,2.0,8.0,1.0,B01
201500047200,0,7,0,16.0,0.0,9.0,12.0,A01
201500047201,0,7,0,16.0,0.0,9.0,1.0,A01
201500047202,0,31,0,16.0,0.0,3.0,1.0,A01
201500047203,0,7,0,0.0,2.0,1.0,1.0,A01
201500047203,0,13,0,0.0,2.0,8.0,1.0,C01
201500047203,0,7,0,0.0,2.0,4.0,1.0,B01
201500047204,0,7,0,4.0,0.0,9.0,1.0,A01
201500047205,0,33,0,0.0,2.0,2.0,3.0,B01
201500047205,0,7,0,0.0,2.0,3.0,11.0,A01
201500047205,0,7,0,0.0,2.0,5.0,1.0,C01
201500047206,0,7,0,0.0,2.0,4.0,2.0,A01
201500047206,0,7,0,0.0,2.0,1.0,2.0,B01
201500047206,0,7,0,0.0,2.0,1.0,2.0,C01
201500047207,0,7,0,0.0,2.0,1.0,1.0,A01
201500047207,0,7,0,0.0,2.0,4.0,2.0,B01
201500047208,0,7,0,0.0,2.0,2.0,2.0,A01
201500047208,0,7,0,0.0,2.0,6.0,1.0,B01
201500047209,0,7,0,0.0,2.0,1.0,1.0,A01
201500047209,0,7,0,0.0,2.0,4.0,2.0,B01
201500047209,0,7,0,0.0,2.0,4.0,2.0,C01
201500047209,0,7,0,0.0,2.0,4.0,2.0,D01
201500047210,0,7,0,0.0,2.0,4.0,2.0,B01
201500047210,0,7,0,0.0,2.0,1.0,1.0,A01
201500047211,0,33,0,16.0,0.0,7.0,1.0,A01
201500047212,0,7,0,0.0,2.0,3.0,1.0,B01
201500047212,0,7,0,0.0,2.0,5.0,14.0,A01
201500047213,0,33,0,0.0,2.0,2.0,1.0,A01
201500047213,0,7,0,0.0,2.0,6.0,11.0,B01
201500047214,0,7,0,0.0,2.0,4.0,1.0,A01
201500047214,0,7,0,0.0,2.0,1.0,2.0,B01
201500047215,0,7,0,0.0,2.0,4.0,2.0,B01
201500047215,0,7,0,0.0,2.0,4.0,2.0,C01
201500047215,0,7,0,0.0,2.0,1.0,1.0,A01
201500047216,0,7,0,0.0,2.0,1.0,2.0,A01
201500047216,0,7,0,0.0,2.0,4.0,1.0,B01
201500047217,0,33,0,0.0,2.0,7.0,1.0,B01
201500047217,0,7,0,0.0,2.0,4.0,1.0,A01
201500047218,0,13,0,0.0,2.0,1.0,1.0,A01
201500047218,0,7,0,0.0,2.0,4.0,2.0,B01
201500047219,0,33,0,0.0,2.0,1.0,1.0,B01
201500047219,0,7,0,0.0,2.0,4.0,11.0,A01
201500047220,0,33,0,0.0,0.0,7.0,1.0,A01
201500047221,0,7,0,4.0,0.0,1.0,1.0,A01
201500047222,0,7,0,0.0,2.0,4.0,2.0,C01
201500047222,0,7,0,0.0,2.0,4.0,2.0,B01
201500047222,0,7,0,0.0,2.0,4.0,2.0,D01
201500047222,0,7,0,0.0,2.0,4.0,2.0,E01
201500047222,0,7,0,0.0,2.0,1.0,1.0,A01
201500047223,0,7,0,0.0,2.0,1.0,1.0,B01
201500047223,0,7,0,3.0,2.0,5.0,17.0,A01
201500047224,0,7,0,0.0,2.0,7.0,12.0,A01
201500047224,0,33,0,0.0,2.0,1.0,3.0,B01
201500047225,0,13,0,0.0,2.0,1.0,2.0,A01
201500047225,0,7,0,0.0,2.0,4.0,2.0,B01
201500047226,0,7,0,0.0,2.0,4.0,1.0,B01
201500047226,1,7,0,0.0,2.0,0.0,0.0,Z01
201500047226,0,7,0,0.0,2.0,5.0,1.0,A01