Num_Acc,senc,catv,occutc,obs,obsm,choc,manv,num_veh
201500047227,0,7,0,0.0,2.0,5.0,1.0,A01
201500047227,0,7,0,0.0,2.0,3.0,2.0,B01
201500047228,0,33,0,16.0,0.0,8.0,3.0,A01
201500047229,0,7,0,13.0,0.0,0.0,1.0,A01
201500047230,0,7,0,0.0,2.0,4.0,2.0,C01
201500047230,0,7,0,0.0,2.0,4.0,2.0,B01
201500047230,0,7,0,0.0,2.0,1.0,1.0,A01
201500047231,0,7,0,0.0,2.0,4.0,2.0,B01
201500047231,0,7,0,0.0,2.0,1.0,1.0,A01
201500047232,0,33,0,16.0,0.0,8.0,3.0,A01
201500047233,0,13,0,0.0,2.0,2.0,1.0,B01
201500047233,0,7,0,0.0,2.0,6.0,13.0,A01
201500047234,0,7,0,0.0,2.0,3.0,1.0,A01
201500047234,0,7,0,0.0,2.0,5.0,2.0,B01
201500047235,0,7,0,3.0,0.0,9.0,1.0,A01
201500047236,0,33,0,0.0,2.0,1.0,3.0,A01
201500047236,0,7,0,0.0,2.0,6.0,1.0,C01
201500047236,0,7,0,0.0,2.0,8.0,13.0,B01
201500047237,0,7,0,0.0,2.0,4.0,1.0,C01
201500047237,0,33,0,0.0,2.0,1.0,14.0,A01
201500047237,0,7,0,0.0,2.0,4.0,1.0,B01
201500047238,0,7,0,0.0,2.0,2.0,1.0,A01
201500047238,0,7,0,0.0,2.0,6.0,14.0,B01
201500047239,0,7,0,6.0,0.0,1.0,1.0,A01
201500047240,0,34,0,0.0,2.0,1.0,2.0,A01
201500047240,0,7,0,0.0,2.0,4.0,1.0,B01
201500047241,0,7,0,0.0,2.0,4.0,2.0,B01
201500047241,0,7,0,0.0,2.0,1.0,1.0,A01
201500047242,0,34,0,16.0,0.0,8.0,1.0,A01
201500047243,0,7,0,4.0,0.0,1.0,1.0,A01
201500047244,0,33,0,16.0,0.0,7.0,1.0,A01
201500047245,0,7,0,0.0,2.0,4.0,1.0,B01
201500047245,0,7,0,0.0,2.0,1.0,12.0,A01
201500047246,0,33,0,0.0,2.0,8.0,3.0,A01
201500047246,0,7,0,0.0,2.0,7.0,1.0,B01
201500047247,0,7,0,0.0,2.0,4.0,1.0,C01
201500047247,0,33,0,0.0,2.0,1.0,1.0,A01
201500047247,0,7,0,0.0,2.0,4.0,1.0,B01
201500047248,0,30,0,0.0,2.0,9.0,1.0,B01
201500047248,0,7,0,0.0,2.0,5.0,1.0,C01
201500047248,2,7,0,16.0,2.0,7.0,12.0,A01
201500047249,0,32,0,4.0,0.0,2.0,1.0,A01
201500047250,0,7,0,6.0,0.0,1.0,17.0,A01
201500047251,0,33,0,16.0,0.0,7.0,1.0,A01
201500047252,0,7,0,0.0,2.0,1.0,1.0,A01
201500047252,0,7,0,0.0,2.0,4.0,2.0,B01
201500047253,0,7,0,0.0,2.0,4.0,2.0,B01
201500047253,0,7,0,0.0,2.0,1.0,1.0,A01
201500047253,0,7,0,0.0,2.0,4.0,2.0,C01
201500047254,0,7,0,0.0,2.0,1.0,1.0,A01
201500047254,0,7,0,0.0,2.0,4.0,1.0,B01
201500047255,0,7,0,4.0,2.0,8.0,1.0,A01
201500047255,0,7,0,0.0,2.0,6.0,1.0,B01
201500047256,0,7,0,0.0,2.0,3.0,11.0,B01
201500047256,0,32,0,0.0,2.0,2.0,3.0,A01
201500047257,0,7,0,15.0,0.0,1.0,1.0,A01
201500047258,0,7,0,0.0,2.0,5.0,1.0,B01
201500047258,0,7,0,0.0,2.0,6.0,1.0,C01
201500047258,0,33,0,0.0,2.0,2.0,3.0,A01
201500047259,0,7,0,0.0,2.0,5.0,1.0,A01
201500047259,0,33,0,0.0,2.0,1.0,3.0,C01
201500047259,0,7,0,0.0,2.0,2.0,1.0,B01
201500047260,0,13,0,0.0,2.0,1.0,12.0,A01
201500047260,0,7,0,0.0,2.0,6.0,1.0,B01
201500047261,0,7,0,0.0,2.0,4.0,1.0,A01
201500047261,0,7,0,0.0,2.0,1.0,2.0,B01
201500047262,0,7,0,0.0,2.0,6.0,9.0,A01
201500047262,0,13,0,0.0,2.0,2.0,1.0,B01
201500047263,1,7,0,0.0,2.0,4.0,1.0,A01
201500047263,1,7,0,0.0,2.0,1.0,1.0,C01
201500047263,1,13,0,0.0,2.0,4.0,1.0,B01
201500047264,0,33,0,16.0,0.0,3.0,1.0,A01
201500047265,0,7,0,0.0,2.0,6.0,1.0,B01
201500047265,0,37,1,0.0,2.0,2.0,14.0,A01
201500047266,0,7,0,0.0,2.0,1.0,1.0,B01
201500047266,0,7,0,0.0,2.0,4.0,23.0,A01
201500047267,0,7,0,16.0,0.0,9.0,1.0,A01
201500047268,0,7,0,5.0,0.0,1.0,1.0,A01
201500047269,0,7,0,0.0,2.0,5.0,1.0,B01
201500047269,0,7,0,0.0,2.0,6.0,0.0,C01
201500047269,0,7,0,0.0,2.0,3.0,14.0,A01
201500047270,0,7,0,3.0,0.0,8.0,1.0,A01
201500047271,0,7,0,0.0,2.0,5.0,1.0,B01
201500047271,0,33,0,0.0,2.0,3.0,3.0,A01
201500047272,0,7,0,0.0,2.0,4.0,1.0,A01
201500047272,0,7,0,0.0,2.0,4.0,2.0,B01
201500047272,0,7,0,0.0,2.0,1.0,2.0,C01
201500047273,0,10,0,0.0,2.0,6.0,2.0,B01
201500047273,0,7,0,0.0,2.0,1.0,1.0,A01
201500047273,0,7,0,0.0,2.0,4.0,2.0,C01
201500047274,0,33,0,0.0,2.0,1.0,2.0,A01
201500047274,0,7,0,0.0,2.0,4.0,1.0,B01
201500047275,0,7,0,0.0,2.0,1.0,1.0,A01
201500047275,0,7,0,0.0,2.0,4.0,2.0,B01
201500047276,0,30,0,16.0,0.0,7.0,1.0,A01
201500047277,0,7,0,0.0,2.0,4.0,1.0,A01
201500047277,0,7,0,0.0,2.0,1.0,17.0,C01
201500047277,0,7,0,0.0,2.0,4.0,2.0,B01
201500047278,0,7,0,0.0,2.0,6.0,16.0,A01
201500047278,0,33,0,0.0,2.0,1.0,1.0,B01
201500047279,0,7,0,0.0,2.0,1.0,1.0,A01
201500047279,0,7,0,0.0,2.0,4.0,2.0,B01
201500047280,0,7,0,0.0,2.0,1.0,1.0,A01
201500047280,0,7,0,0.0,2.0,4.0,2.0,B01
201500047280,0,7,0,0.0,2.0,4.0,2.0,C01
201500047281,0,7,0,0.0,2.0,5.0,1.0,C01
201500047281,0,33,0,0.0,2.0,1.0,18.0,A01
201500047281,0,7,0,0.0,2.0,7.0,1.0,B01
201500047282,0,7,0,0.0,2.0,5.0,12.0,A01
201500047282,0,33,0,0.0,2.0,3.0,1.0,B01
201500047283,0,7,0,0.0,2.0,3.0,1.0,B01
201500047283,1,7,0,0.0,0.0,1.0,2.0,Z01
201500047283,0,7,0,4.0,2.0,6.0,1.0,A01
201500047284,0,33,0,3.0,0.0,1.0,1.0,A01
201500047285,0,33,0,0.0,2.0,1.0,1.0,B01
201500047285,0,7,0,0.0,2.0,4.0,11.0,A01
201500047286,0,7,0,16.0,0.0,0.0,1.0,A01
201500047286,0,34,0,16.0,0.0,0.0,1.0,B01
201500047287,0,7,0,16.0,0.0,0.0,1.0,A01
201500047288,0,7,0,4.0,0.0,1.0,1.0,A01
201500047289,0,7,0,16.0,0.0,9.0,1.0,A01
201500047290,0,7,0,16.0,0.0,9.0,1.0,A01
201500047291,0,7,0,0.0,2.0,7.0,12.0,B01
201500047291,0,7,0,0.0,2.0,4.0,1.0,C01
201500047291,0,33,0,0.0,2.0,3.0,3.0,A01
201500047292,0,7,0,0.0,2.0,4.0,1.0,C01
201500047292,0,7,0,0.0,2.0,1.0,1.0,B01
201500047292,0,7,0,0.0,2.0,4.0,1.0,A01
201500047293,0,33,0,0.0,2.0,4.0,1.0,B01
201500047293,0,7,0,0.0,2.0,1.0,2.0,A01
201500047294,0,7,0,0.0,1.0,1.0,1.0,B01
201500047295,0,7,0,0.0,2.0,5.0,1.0,C01
201500047295,0,33,0,0.0,2.0,9.0,3.0,B01
201500047295,0,7,0,0.0,2.0,3.0,11.0,A01
201500047296,0,7,0,16.0,0.0,9.0,1.0,A01
201500047297,0,7,0,0.0,2.0,2.0,12.0,A01
201500047297,0,7,0,0.0,2.0,4.0,1.0,B01
201500047298,0,7,0,0.0,2.0,3.0,9.0,A01
201500047298,0,7,0,0.0,2.0,2.0,1.0,B01
201500047299,0,7,0,3.0,0.0,1.0,1.0,A01
201500047300,0,7,0,4.0,0.0,1.0,1.0,A01
201500047301,0,7,0,3.0,0.0,3.0,1.0,A01
201500047302,0,7,0,16.0,0.0,9.0,14.0,A01
201500047303,0,7,0,0.0,2.0,1.0,1.0,A01
201500047303,0,7,0,0.0,2.0,4.0,2.0,B01
201500047304,0,7,0,0.0,2.0,1.0,1.0,A01
201500047304,0,7,0,0.0,2.0,4.0,2.0,B01
201500047305,0,7,0,0.0,2.0,4.0,2.0,C01
201500047305,0,7,0,0.0,2.0,1.0,1.0,A01
201500047305,0,7,0,0.0,2.0,1.0,2.0,B01
201500047306,0,7,0,0.0,2.0,9.0,2.0,C01
201500047306,0,7,0,0.0,2.0,1.0,2.0,D01
201500047306,0,7,0,0.0,2.0,9.0,2.0,B01
201500047306,0,7,0,0.0,2.0,4.0,1.0,A01
201500047307,0,7,0,4.0,0.0,1.0,1.0,A01
201500047308,0,7,0,0.0,2.0,1.0,2.0,A01
201500047308,0,7,0,0.0,2.0,4.0,2.0,B01
201500047309,0,33,0,0.0,2.0,2.0,3.0,A01
201500047309,0,7,0,0.0,2.0,8.0,1.0,B01
201500047310,0,7,0,0.0,2.0,5.0,1.0,B01
201500047310,0,7,0,0.0,2.0,3.0,11.0,A01
201500047310,0,7,0,0.0,2.0,4.0,1.0,C01
201500047311,0,7,0,0.0,2.0,4.0,1.0,A01
201500047311,0,13,0,0.0,2.0,1.0,2.0,B01
201500047312,0,7,0,0.0,2.0,1.0,2.0,C01
201500047312,0,7,0,0.0,2.0,4.0,1.0,A01
201500047312,0,7,0,0.0,2.0,4.0,2.0,B01
201500047313,0,7,0,4.0,0.0,1.0,19.0,A01
201500047314,0,7,0,0.0,2.0,1.0,2.0,B01
201500047314,0,7,0,0.0,2.0,3.0,2.0,C01
201500047314,0,7,0,0.0,2.0,1.0,5.0,A01
201500047315,1,7,0,,2.0,1.0,,B02
201500047315,0,7,0,0.0,2.0,7.0,9.0,A01
201500047316,0,7,0,0.0,2.0,5.0,12.0,B01
201500047316,0,33,0,0.0,2.0,1.0,3.0,A01
201500047317,0,7,0,16.0,0.0,1.0,1.0,A01
201500047318,0,7,0,0.0,2.0,8.0,11.0,A01
201500047318,0,13,0,0.0,2.0,7.0,1.0,B01
201500047319,0,7,0,0.0,2.0,4.0,1.0,C01
201500047319,0,13,0,0.0,2.0,1.0,2.0,A01
201500047319,0,7,0,0.0,2.0,9.0,2.0,B01
201500047320,0,7,0,0.0,2.0,1.0,1.0,A01
201500047320,0,7,0,0.0,2.0,4.0,2.0,B01
201500047321,0,7,0,0.0,2.0,4.0,2.0,B01
201500047321,0,7,0,0.0,2.0,1.0,1.0,A01
201500047322,0,31,0,16.0,0.0,7.0,1.0,A01
201500047323,0,31,0,0.0,2.0,1.0,3.0,A01
201500047323,0,7,0,0.0,2.0,7.0,12.0,B01
201500047324,0,7,0,0.0,2.0,4.0,2.0,B01
201500047324,0,7,0,0.0,2.0,4.0,2.0,C01
201500047324,0,7,0,0.0,2.0,1.0,1.0,A01
201500047325,0,7,0,0.0,2.0,4.0,2.0,C01
201500047325,0,7,0,0.0,2.0,1.0,2.0,A01
201500047325,0,7,0,0.0,2.0,4.0,0.0,B01
201500047326,0,33,0,0.0,0.0,7.0,1.0,A01
201500047327,0,7,0,0.0,2.0,9.0,1.0,B01
201500047327,2,7,0,0.0,2.0,9.0,13.0,A01
201500047328,0,33,0,4.0,0.0,8.0,1.0,A01
201500047329,0,7,0,4.0,0.0,1.0,1.0,A01
201500047330,0,7,0,0.0,2.0,4.0,12.0,A01
201500047330,0,33,0,0.0,2.0,1.0,3.0,B01
201500047331,0,7,0,0.0,2.0,4.0,2.0,B01
201500047331,0,7,0,0.0,2.0,4.0,2.0,C01
201500047331,0,13,0,0.0,2.0,1.0,2.0,D01
201500047331,0,7,0,0.0,2.0,4.0,1.0,A01
201500047332,0,33,0,16.0,0.0,8.0,1.0,A01
201500047333,0,33,0,0.0,2.0,1.0,1.0,A01
201500047333,0,7,0,0.0,2.0,4.0,2.0,B01
201500047333,0,7,0,0.0,2.0,4.0,11.0,C01
201500047334,0,7,0,0.0,2.0,4.0,1.0,B01
201500047334,0,7,0,0.0,2.0,1.0,2.0,A01
201500047335,0,7,0,0.0,2.0,1.0,1.0,A01
201500047335,0,7,0,0.0,2.0,1.0,2.0,B01
201500047335,0,7,0,0.0,2.0,4.0,2.0,C01
201500047336,0,7,0,0.0,2.0,1.0,1.0,A01
201500047336,0,34,0,0.0,2.0,4.0,2.0,B01
201500047337,0,32,0,0.0,2.0,7.0,3.0,A01
201500047338,0,7,0,4.0,0.0,6.0,1.0,A01
201500047339,0,7,0,16.0,0.0,9.0,1.0,A01
201500047340,0,7,0,0.0,2.0,4.0,2.0,B01
201500047340,0,15,0,0.0,2.0,1.0,1.0,A01
201500047341,0,7,0,0.0,2.0,1.0,2.0,B01
201500047341,0,7,0,0.0,2.0,5.0,1.0,A01
201500047341,0,7,0,0.0,2.0,1.0,2.0,C01
201500047342,0,13,0,0.0,2.0,1.0,1.0,A01
201500047342,0,7,0,0.0,2.0,4.0,2.0,B01
201500047343,0,33,0,0.0,2.0,1.0,1.0,B01
201500047343,0,7,0,0.0,2.0,3.0,10.0,A01
201500047344,0,7,0,0.0,2.0,1.0,2.0,B01
201500047344,0,7,0,0.0,2.0,4.0,1.0,A01
201500047345,0,7,0,0.0,2.0,6.0,23.0,A01
201500047345,0,7,0,0.0,2.0,1.0,12.0,B01
201500047346,0,33,0,0.0,2.0,8.0,3.0,B01
201500047346,0,7,0,0.0,2.0,7.0,12.0,A01
201500047347,0,7,0,0.0,2.0,4.0,2.0,C01
201500047347,0,7,0,0.0,2.0,4.0,2.0,D01
201500047347,0,7,0,0.0,2.0,1.0,1.0,A01
201500047347,0,7,0,0.0,2.0,4.0,2.0,B01
201500047348,0,10,0,0.0,2.0,1.0,1.0,E01
201500047348,0,7,0,0.0,2.0,4.0,1.0,D01
201500047348,0,10,0,0.0,2.0,4.0,21.0,A01
201500047348,0,33,0,0.0,2.0,1.0,1.0,C01
201500047348,0,10,0,0.0,2.0,1.0,21.0,B01
201500047349,0,7,0,0.0,2.0,4.0,2.0,C01
201500047349,0,7,0,0.0,2.0,1.0,1.0,A01
201500047349,0,7,0,0.0,2.0,4.0,2.0,B01
201500047350,0,7,0,1.0,2.0,4.0,23.0,B01
201500047350,0,10,0,1.0,2.0,1.0,1.0,A01
201500047351,0,7,0,0.0,2.0,4.0,2.0,A01
201500047351,0,33,0,0.0,2.0,1.0,2.0,B01
201500047352,0,7,0,0.0,2.0,4.0,1.0,B01
201500047352,0,10,0,0.0,2.0,1.0,12.0,A01
201500047353,0,33,0,16.0,0.0,7.0,3.0,A01
201500047354,0,33,0,16.0,0.0,7.0,1.0,A01
201500047355,0,7,0,4.0,0.0,8.0,1.0,A01
201500047356,0,7,0,0.0,2.0,4.0,23.0,B01
201500047356,0,33,0,0.0,2.0,1.0,1.0,A01
201500047357,0,7,0,0.0,2.0,2.0,1.0,B01
201500047357,0,7,0,0.0,2.0,1.0,5.0,A01
201500047358,0,7,0,3.0,0.0,1.0,1.0,A01
201500047359,0,7,0,3.0,0.0,1.0,1.0,A01
201500047360,0,33,0,0.0,2.0,1.0,1.0,A01
201500047360,0,7,0,0.0,2.0,4.0,2.0,B01
201500047361,0,7,0,4.0,0.0,3.0,1.0,A01
201500047362,0,7,0,4.0,0.0,1.0,1.0,A01
201500047363,0,7,0,0.0,2.0,1.0,21.0,A01
201500047363,0,7,0,0.0,2.0,2.0,1.0,B01
201500047364,0,7,0,3.0,0.0,1.0,1.0,A01
201500047365,0,7,0,0.0,2.0,1.0,1.0,A01
201500047365,0,7,0,0.0,2.0,6.0,23.0,B01
201500047366,0,7,0,13.0,0.0,1.0,1.0,A01
201500047367,0,7,0,3.0,0.0,1.0,1.0,A01
201500047368,0,7,0,4.0,0.0,5.0,1.0,A01
201500047369,0,7,0,15.0,0.0,2.0,1.0,A01
201500047370,0,7,0,0.0,0.0,9.0,1.0,A01
201500047371,0,7,0,3.0,0.0,1.0,1.0,A01
201500047372,0,10,0,0.0,2.0,2.0,12.0,B01
201500047372,0,32,0,0.0,2.0,1.0,3.0,A01
201500047373,0,7,0,7.0,0.0,2.0,1.0,A01
201500047374,0,33,0,0.0,2.0,3.0,3.0,A01
201500047374,0,7,0,0.0,2.0,3.0,11.0,B01
201500047374,0,7,0,0.0,2.0,5.0,1.0,C01
201500047375,0,33,0,0.0,2.0,9.0,3.0,A01
201500047375,0,7,0,0.0,2.0,6.0,1.0,C01
201500047375,0,7,0,0.0,2.0,5.0,11.0,B01
201500047376,0,16,0,0.0,2.0,1.0,1.0,A01
201500047376,0,10,0,0.0,2.0,4.0,2.0,C01
201500047376,0,7,0,0.0,2.0,4.0,2.0,B01
201500047377,0,7,0,0.0,2.0,1.0,2.0,A01
201500047377,0,7,0,0.0,2.0,4.0,2.0,B01
201500047378,0,7,0,0.0,2.0,9.0,1.0,B01
201500047378,0,7,0,0.0,2.0,2.0,14.0,A01
201500047379,0,7,0,0.0,2.0,4.0,12.0,B01
201500047379,0,7,0,0.0,2.0,6.0,1.0,C01
201500047379,0,33,0,0.0,2.0,1.0,1.0,A01
201500047380,0,37,8,0.0,2.0,4.0,21.0,C01
201500047380,0,14,0,0.0,2.0,9.0,1.0,B01
201500047380,0,14,0,0.0,2.0,7.0,13.0,A01
201500047381,0,33,0,16.0,0.0,8.0,1.0,A01
201500047382,0,7,0,0.0,2.0,4.0,2.0,D01
201500047382,0,7,0,0.0,2.0,4.0,2.0,B01
201500047382,0,33,0,0.0,2.0,1.0,1.0,A01
201500047382,0,7,0,0.0,2.0,4.0,2.0,C01
201500047383,0,7,0,0.0,2.0,5.0,1.0,A01
201500047383,0,32,0,0.0,2.0,1.0,2.0,B01
201500047384,0,33,0,4.0,0.0,2.0,1.0,A01
201500047385,0,7,0,0.0,2.0,4.0,1.0,B01
201500047385,0,33,0,0.0,2.0,1.0,2.0,A01
201500047386,0,7,0,0.0,2.0,2.0,12.0,C01
201500047386,0,33,0,0.0,2.0,1.0,3.0,B01
201500047386,0,7,0,0.0,2.0,3.0,1.0,A01
201500047387,0,7,0,0.0,2.0,4.0,2.0,B01
201500047387,0,7,0,0.0,2.0,1.0,1.0,A01
201500047388,0,7,0,0.0,2.0,4.0,2.0,C01
201500047388,0,7,0,0.0,2.0,4.0,2.0,B01
201500047388,0,7,0,0.0,2.0,1.0,1.0,A01
201500047389,0,7,0,0.0,2.0,4.0,1.0,A01
201500047389,0,7,0,0.0,2.0,4.0,2.0,B01
201500047389,0,7,0,0.0,2.0,1.0,2.0,D01
201500047389,0,7,0,0.0,2.0,4.0,2.0,C01
201500047390,0,33,0,4.0,0.0,8.0,1.0,A01
201500047391,0,7,0,0.0,2.0,1.0,2.0,B01
201500047391,0,7,0,0.0,2.0,3.0,1.0,D01
201500047391,0,7,0,0.0,2.0,3.0,1.0,C01
201500047391,0,7,0,0.0,2.0,1.0,17.0,A01
201500047392,0,7,0,0.0,2.0,4.0,2.0,B01
201500047392,0,10,0,0.0,2.0,1.0,1.0,A01
201500047393,0,33,0,0.0,2.0,8.0,3.0,A01
201500047393,0,7,0,0.0,2.0,2.0,12.0,B01
201500047394,0,7,0,0.0,0.0,9.0,1.0,A01
201500047395,0,7,0,3.0,0.0,3.0,1.0,A01
201500047396,0,33,0,16.0,0.0,8.0,3.0,A01
201500047397,0,7,0,0.0,2.0,4.0,2.0,B01
201500047397,0,7,0,0.0,2.0,4.0,2.0,C01
201500047397,0,7,0,0.0,2.0,4.0,2.0,D01
201500047397,0,7,0,0.0,2.0,1.0,1.0,A01
201500047397,0,7,0,0.0,2.0,4.0,2.0,E01
201500047398,0,33,0,16.0,0.0,7.0,14.0,A01
201500047399,0,7,0,0.0,2.0,9.0,23.0,B01
201500047399,0,7,0,0.0,2.0,1.0,2.0,A01
201500047399,0,32,0,0.0,2.0,4.0,23.0,D01
201500047399,0,7,0,0.0,2.0,9.0,23.0,C01
201500047400,0,7,0,0.0,2.0,1.0,1.0,B01
201500047400,0,7,0,0.0,2.0,6.0,11.0,A01
201500047401,0,7,0,15.0,0.0,1.0,1.0,A01
201500047402,0,34,0,0.0,2.0,3.0,1.0,A01
201500047402,0,7,0,0.0,2.0,6.0,12.0,B01
201500047403,0,7,0,0.0,0.0,0.0,0.0,A01
201500047404,0,33,0,0.0,0.0,7.0,1.0,A01
201500047405,0,33,0,0.0,2.0,2.0,3.0,B01
201500047405,0,7,0,0.0,2.0,8.0,11.0,A01
201500047406,0,7,0,0.0,2.0,1.0,2.0,A01
201500047406,0,7,0,0.0,2.0,4.0,1.0,B01
201500047407,0,34,0,0.0,2.0,1.0,3.0,B01
201500047407,0,33,0,0.0,2.0,4.0,11.0,A01
201500047408,0,7,0,0.0,2.0,4.0,2.0,B01
201500047408,0,33,0,0.0,2.0,1.0,1.0,A01
201500047409,0,7,0,1.0,0.0,1.0,1.0,A01
201500047410,0,7,0,0.0,2.0,3.0,1.0,A01
201500047410,1,7,0,0.0,2.0,2.0,14.0,B01
201500047411,1,14,0,0.0,2.0,8.0,2.0,Z01
201500047411,0,31,0,0.0,2.0,7.0,1.0,A01
201500047412,0,33,0,0.0,2.0,1.0,3.0,A01
201500047412,0,7,0,0.0,2.0,8.0,1.0,C01
201500047412,0,7,0,0.0,2.0,4.0,11.0,B01
201500047413,0,7,0,0.0,2.0,4.0,2.0,B01
201500047413,0,7,0,0.0,2.0,1.0,1.0,A01
201500047414,0,7,0,0.0,2.0,4.0,2.0,C01
201500047414,0,7,0,0.0,2.0,4.0,2.0,D01
201500047414,0,7,0,0.0,2.0,1.0,1.0,A01
201500047414,0,7,0,0.0,2.0,4.0,2.0,B01
201500047415,0,7,0,0.0,2.0,4.0,2.0,B01
201500047415,0,7,0,0.0,2.0,1.0,1.0,A01
201500047416,0,34,0,16.0,0.0,7.0,1.0,A01
201500047417,0,7,0,0.0,2.0,4.0,2.0,B01
201500047417,0,38,1,0.0,2.0,4.0,1.0,C01
201500047417,0,7,0,0.0,2.0,1.0,2.0,A01
201500047418,0,32,0,0.0,2.0,8.0,3.0,A01
201500047418,0,7,0,0.0,2.0,7.0,12.0,B01
201500047419,0,7,0,3.0,0.0,1.0,1.0,A01
201500047420,0,7,0,0.0,2.0,7.0,3.0,A01
201500047420,0,7,0,0.0,2.0,8.0,2.0,B01
201500047421,0,7,0,0.0,2.0,4.0,1.0,C01
201500047421,0,7,0,0.0,2.0,1.0,2.0,A01
201500047421,0,7,0,0.0,2.0,4.0,2.0,B01
201500047422,0,7,0,0.0,2.0,4.0,2.0,B01
201500047422,0,7,0,0.0,2.0,1.0,2.0,A01
201500047423,0,10,0,0.0,2.0,5.0,2.0,B01
201500047423,0,7,0,0.0,2.0,1.0,1.0,A01
201500047424,0,7,0,0.0,2.0,1.0,1.0,A01
201500047424,0,7,0,0.0,2.0,4.0,2.0,B01
201500047425,0,7,0,3.0,0.0,8.0,1.0,A01
201500047426,0,7,0,4.0,0.0,1.0,1.0,A01
201500047427,0,34,0,0.0,2.0,4.0,1.0,B01
201500047427,0,33,0,0.0,2.0,9.0,1.0,A01
201500047428,0,7,0,4.0,0.0,7.0,1.0,A01
201500047429,0,7,0,4.0,0.0,8.0,1.0,A01
201500047430,0,32,0,16.0,0.0,8.0,3.0,A01
201500047431,0,33,0,0.0,2.0,1.0,3.0,A01
201500047431,0,7,0,0.0,2.0,8.0,11.0,B01
201500047432,0,7,0,0.0,2.0,1.0,2.0,A01
201500047432,0,7,0,0.0,2.0,4.0,1.0,B01
201500047433,0,7,0,0.0,2.0,4.0,2.0,B01
201500047433,0,7,0,0.0,2.0,1.0,1.0,A01
201500047434,0,7,0,4.0,0.0,9.0,1.0,A01
201500047435,0,7,0,0.0,2.0,9.0,2.0,B01
201500047435,0,7,0,0.0,2.0,9.0,2.0,C01
201500047435,0,7,0,0.0,2.0,4.0,1.0,D01
201500047435,0,7,0,0.0,2.0,1.0,2.0,A01
201500047436,0,7,0,0.0,2.0,2.0,1.0,A01
201500047436,0,7,0,0.0,2.0,3.0,1.0,B01
201500047437,0,10,0,0.0,2.0,2.0,12.0,A01
201500047437,0,7,0,0.0,2.0,4.0,2.0,C01
201500047437,0,33,0,0.0,2.0,4.0,3.0,B01
201500047438,0,7,0,1.0,0.0,1.0,1.0,A01
201500047439,0,31,0,0.0,2.0,3.0,3.0,A01
201500047439,0,7,0,0.0,2.0,5.0,12.0,B01
201500047440,0,7,0,0.0,2.0,1.0,2.0,B01
201500047440,0,15,0,0.0,2.0,4.0,1.0,A01
201500047441,0,7,0,0.0,2.0,2.0,12.0,B01
201500047441,0,32,0,0.0,2.0,3.0,3.0,A01
201500047442,0,15,0,0.0,2.0,4.0,1.0,A01
201500047442,0,15,0,0.0,2.0,1.0,2.0,C01
201500047442,0,10,0,0.0,2.0,4.0,2.0,B01
201500047443,0,10,0,0.0,2.0,1.0,1.0,A01
201500047443,0,15,0,0.0,2.0,4.0,2.0,B01
201500047444,0,7,0,0.0,2.0,4.0,2.0,B01
201500047444,0,7,0,0.0,2.0,1.0,2.0,A01
201500047445,0,7,0,0.0,2.0,4.0,2.0,B01
201500047445,0,7,0,0.0,2.0,1.0,2.0,C01
201500047445,0,7,0,0.0,2.0,4.0,1.0,A01
201500047446,0,7,0,0.0,2.0,4.0,2.0,C01
201500047446,0,7,0,0.0,2.0,4.0,2.0,B01
201500047446,0,7,0,0.0,2.0,1.0,1.0,A01
201500047446,0,7,0,0.0,2.0,4.0,2.0,E01
201500047446,0,7,0,0.0,2.0,4.0,2.0,D01
201500047447,0,7,0,0.0,2.0,1.0,1.0,A01
201500047447,0,30,0,0.0,2.0,4.0,2.0,B01
201500047448,0,7,0,0.0,2.0,1.0,1.0,A01
201500047448,0,7,0,0.0,2.0,4.0,2.0,B01
201500047449,0,33,0,16.0,0.0,7.0,13.0,A01
201500047450,0,7,0,0.0,2.0,4.0,1.0,C01
201500047450,0,7,0,0.0,2.0,1.0,2.0,A01
201500047450,0,7,0,0.0,2.0,9.0,2.0,B01
201500047451,0,32,0,0.0,2.0,1.0,3.0,A01
201500047451,0,7,0,0.0,2.0,5.0,12.0,B01
201500047452,0,33,0,0.0,2.0,4.0,1.0,B01
201500047452,0,7,0,0.0,2.0,3.0,2.0,A01
201500047453,0,10,0,0.0,2.0,7.0,12.0,B01
201500047453,0,33,0,0.0,2.0,1.0,3.0,A01
201500047454,0,7,0,2.0,0.0,1.0,1.0,A01
201500047455,0,7,0,0.0,2.0,4.0,2.0,B01
201500047455,0,7,0,0.0,2.0,1.0,1.0,A01
201500047456,0,7,0,0.0,2.0,5.0,1.0,A01
201500047456,0,33,0,0.0,2.0,8.0,3.0,B01
201500047457,0,33,0,16.0,0.0,8.0,1.0,A01
201500047458,0,7,0,0.0,2.0,6.0,12.0,A01
201500047458,0,32,0,0.0,2.0,2.0,3.0,B01
201500047459,0,33,0,0.0,2.0,1.0,1.0,A01
201500047459,0,7,0,0.0,2.0,4.0,2.0,B01
201500047459,0,7,0,0.0,2.0,8.0,1.0,C01
201500047460,0,7,0,3.0,0.0,1.0,1.0,A01
201500047461,0,7,0,0.0,2.0,2.0,1.0,C01
201500047461,0,7,0,0.0,2.0,4.0,2.0,B01
201500047461,0,7,0,0.0,2.0,1.0,1.0,A01
201500047462,0,7,0,0.0,2.0,5.0,1.0,B01