Num_Acc,senc,catv,occutc,obs,obsm,choc,manv,num_veh
201500047699,0,10,0,0.0,2.0,1.0,2.0,B01
201500047700,0,7,0,0.0,2.0,3.0,9.0,A01
201500047700,0,7,0,0.0,2.0,2.0,0.0,B01
201500047701,0,33,0,0.0,2.0,1.0,1.0,A01
201500047701,0,7,0,0.0,2.0,5.0,15.0,B01
201500047702,0,7,0,0.0,0.0,4.0,2.0,B01
201500047702,0,7,0,0.0,2.0,1.0,2.0,A01
201500047703,0,30,0,0.0,0.0,3.0,1.0,A01
201500047704,0,30,0,0.0,2.0,4.0,2.0,B01
201500047704,1,7,0,0.0,2.0,1.0,2.0,Z01
201500047705,0,31,0,0.0,2.0,1.0,18.0,A01
201500047705,0,34,0,0.0,2.0,7.0,16.0,B01
201500047706,0,7,0,0.0,2.0,3.0,15.0,A01
201500047706,0,34,0,0.0,2.0,7.0,1.0,B01
201500047707,0,7,0,0.0,2.0,1.0,2.0,A01
201500047707,0,7,0,0.0,2.0,4.0,2.0,B01
201500047708,0,7,0,6.0,0.0,1.0,6.0,A01
201500047709,0,7,0,0.0,2.0,1.0,2.0,A01
201500047709,0,2,0,0.0,2.0,4.0,2.0,B01
201500047710,0,34,0,0.0,2.0,7.0,21.0,A01
201500047710,0,7,0,0.0,2.0,8.0,13.0,B01
201500047711,0,2,0,0.0,2.0,3.0,15.0,A01
201500047711,0,7,0,0.0,2.0,3.0,1.0,B01
201500047712,0,33,0,4.0,0.0,1.0,2.0,A01
201500047713,0,7,0,0.0,1.0,1.0,0.0,A01
201500047714,0,33,0,0.0,2.0,7.0,16.0,A01
201500047714,0,33,0,0.0,2.0,8.0,18.0,B01
201500047715,0,10,0,0.0,2.0,7.0,16.0,B01
201500047715,0,1,0,0.0,2.0,1.0,18.0,A01
201500047716,0,7,0,0.0,1.0,2.0,16.0,A01
201500047717,0,7,0,0.0,2.0,5.0,12.0,A01
201500047717,0,7,0,0.0,2.0,3.0,1.0,B01
201500047718,0,7,0,0.0,9.0,3.0,0.0,B01
201500047718,0,2,0,0.0,2.0,1.0,0.0,A01
201500047719,0,2,0,0.0,2.0,1.0,0.0,A01
201500047719,0,7,0,0.0,9.0,1.0,0.0,B01
201500047720,0,7,0,0.0,2.0,2.0,16.0,B01
201500047720,0,7,0,0.0,2.0,3.0,9.0,A01
201500047721,0,7,0,0.0,2.0,3.0,0.0,A01
201500047721,0,32,0,0.0,2.0,3.0,1.0,B01
201500047722,0,7,0,6.0,0.0,1.0,14.0,A01
201500047723,0,15,0,0.0,2.0,3.0,0.0,A01
201500047723,0,7,0,0.0,9.0,0.0,0.0,B01
201500047724,0,33,0,15.0,0.0,1.0,1.0,A01
201500047725,0,7,0,0.0,0.0,0.0,9.0,A01
201500047725,0,33,0,8.0,0.0,0.0,2.0,B01
201500047725,0,34,0,0.0,0.0,0.0,0.0,D01
201500047726,0,14,0,0.0,1.0,0.0,12.0,F01
201500047727,0,7,0,0.0,0.0,0.0,0.0,A01
201500047727,0,7,0,0.0,0.0,0.0,2.0,C01
201500047727,0,7,0,0.0,0.0,0.0,0.0,B01
201500047728,0,7,0,0.0,1.0,5.0,1.0,A01
201500047729,0,7,0,0.0,2.0,3.0,0.0,B01
201500047729,1,7,0,0.0,0.0,0.0,0.0,C01
201500047729,0,7,0,0.0,2.0,3.0,13.0,A02
201500047730,0,7,0,4.0,0.0,3.0,1.0,A01
201500047731,0,7,0,0.0,1.0,2.0,2.0,A01
201500047732,0,31,0,0.0,0.0,7.0,0.0,A01
201500047733,0,33,0,0.0,0.0,7.0,0.0,A01
201500047734,0,7,0,0.0,0.0,4.0,2.0,B01
201500047734,0,7,0,0.0,2.0,1.0,2.0,A01
201500047735,0,10,0,0.0,2.0,1.0,2.0,A01
201500047735,0,7,0,0.0,2.0,4.0,2.0,B01
201500047736,0,7,0,0.0,2.0,8.0,9.0,A01
201500047736,0,7,0,0.0,2.0,1.0,16.0,B01
201500047737,0,33,0,0.0,2.0,8.0,3.0,A01
201500047737,0,7,0,0.0,2.0,3.0,11.0,B01
201500047738,0,32,0,0.0,1.0,1.0,17.0,A01
201500047739,0,7,0,0.0,0.0,4.0,4.0,A01
201500047739,0,31,0,0.0,0.0,0.0,0.0,B01
201500047740,0,7,0,8.0,0.0,1.0,2.0,A01
201500047741,0,7,0,3.0,0.0,1.0,1.0,A01
201500047742,0,7,0,11.0,0.0,1.0,0.0,A01
201500047743,0,7,0,0.0,2.0,1.0,2.0,A01
201500047743,0,7,0,0.0,2.0,4.0,15.0,B01
201500047744,0,7,0,0.0,2.0,1.0,2.0,A01
201500047744,0,7,0,0.0,2.0,1.0,2.0,B01
201500047744,0,7,0,0.0,2.0,4.0,0.0,C01
201500047744,0,7,0,0.0,2.0,4.0,0.0,D01
201500047745,0,31,0,0.0,1.0,1.0,1.0,A01
201500047746,0,31,0,0.0,2.0,1.0,0.0,A01
201500047746,0,32,0,0.0,2.0,1.0,0.0,B01
201500047747,0,7,0,0.0,2.0,1.0,1.0,A01
201500047747,0,7,0,0.0,2.0,7.0,16.0,B01
201500047748,0,33,0,0.0,0.0,8.0,0.0,A01
201500047749,0,7,0,0.0,1.0,6.0,4.0,A01
201500047750,0,33,0,0.0,2.0,3.0,13.0,A01
201500047750,0,10,0,0.0,2.0,6.0,1.0,B01
201500047751,0,7,0,0.0,2.0,3.0,15.0,A01
201500047751,0,33,0,0.0,2.0,1.0,1.0,B01
201500047752,0,7,0,0.0,2.0,8.0,9.0,A01
201500047752,0,2,0,0.0,2.0,1.0,2.0,B01
201500047753,0,7,0,2.0,0.0,1.0,2.0,A01
201500047754,0,10,0,0.0,2.0,3.0,13.0,A01
201500047754,0,7,0,0.0,2.0,8.0,1.0,B01
201500047755,0,7,0,6.0,0.0,3.0,1.0,A01
201500047756,0,17,0,0.0,0.0,7.0,14.0,A01
201500047756,0,38,0,0.0,2.0,3.0,19.0,B01
201500047757,2,10,0,0.0,2.0,1.0,0.0,A01
201500047757,0,10,0,0.0,0.0,4.0,0.0,B01
201500047758,0,33,0,0.0,2.0,1.0,1.0,B01
201500047758,0,7,0,0.0,2.0,3.0,15.0,A01
201500047759,0,1,0,0.0,2.0,1.0,17.0,B01
201500047759,0,10,0,0.0,0.0,8.0,15.0,A01
201500047760,0,7,0,0.0,2.0,1.0,9.0,A01
201500047760,0,7,0,0.0,2.0,7.0,1.0,B01
201500047761,0,7,0,4.0,0.0,6.0,17.0,A01
201500047762,0,37,0,0.0,1.0,8.0,2.0,A01
201500047763,0,33,0,4.0,0.0,8.0,0.0,A01
201500047764,0,7,0,0.0,2.0,2.0,15.0,A01
201500047764,0,32,0,0.0,2.0,8.0,2.0,B01
201500047765,0,7,0,0.0,2.0,7.0,0.0,B01
201500047765,0,33,0,0.0,2.0,8.0,0.0,A01
201500047766,0,7,0,0.0,2.0,1.0,15.0,A01
201500047766,0,7,0,0.0,2.0,3.0,0.0,B01
201500047767,0,7,0,0.0,1.0,0.0,0.0,A01
201500047768,0,7,0,0.0,1.0,5.0,0.0,B01
201500047769,1,3,0,0.0,1.0,0.0,0.0,Z01
201500047770,0,7,0,0.0,2.0,3.0,1.0,B01
201500047770,2,7,0,0.0,2.0,3.0,1.0,A01
201500047770,0,32,0,0.0,2.0,1.0,2.0,C01
201500047771,0,7,0,0.0,1.0,7.0,1.0,A01
201500047772,0,7,0,4.0,2.0,2.0,0.0,B01
201500047772,0,7,0,4.0,2.0,6.0,13.0,A01
201500047773,0,17,0,0.0,2.0,0.0,0.0,A01
201500047773,0,7,0,0.0,2.0,0.0,0.0,B01
201500047774,0,7,0,4.0,0.0,8.0,0.0,A01
201500047775,0,7,0,0.0,1.0,1.0,2.0,A01
201500047776,0,7,0,0.0,1.0,8.0,2.0,A01
201500047777,0,33,0,0.0,0.0,1.0,2.0,B01
201500047777,0,2,0,4.0,0.0,4.0,11.0,A01
201500047778,0,7,0,0.0,2.0,3.0,2.0,B01
201500047778,0,7,0,0.0,5.0,3.0,21.0,A01
201500047779,0,33,0,1.0,2.0,8.0,1.0,B01
201500047779,0,7,0,1.0,2.0,2.0,1.0,A01
201500047780,0,7,0,0.0,2.0,1.0,5.0,A01
201500047780,0,7,0,0.0,2.0,8.0,0.0,B01
201500047781,0,13,0,0.0,2.0,0.0,0.0,A01
201500047781,0,34,0,0.0,0.0,0.0,0.0,B01
201500047782,0,2,0,0.0,2.0,1.0,2.0,A01
201500047782,0,7,0,0.0,2.0,4.0,0.0,B01
201500047783,0,7,0,0.0,2.0,2.0,15.0,A01
201500047783,0,7,0,0.0,2.0,3.0,15.0,B01
201500047784,0,7,0,0.0,2.0,3.0,16.0,A01
201500047784,0,10,0,0.0,2.0,2.0,1.0,B01
201500047785,0,7,0,0.0,2.0,6.0,2.0,B01
201500047785,0,31,0,0.0,2.0,1.0,2.0,A01
201500047786,0,30,0,0.0,2.0,1.0,17.0,B01
201500047786,0,7,0,0.0,2.0,3.0,20.0,A01
201500047787,0,7,0,0.0,0.0,0.0,0.0,T01
201500047787,0,10,0,0.0,2.0,2.0,1.0,A01
201500047787,0,10,0,0.0,2.0,3.0,0.0,B01
201500047788,0,7,0,0.0,1.0,0.0,1.0,A01
201500047789,0,10,0,0.0,2.0,1.0,2.0,A01
201500047789,0,7,0,0.0,2.0,4.0,2.0,B01
201500047790,0,7,0,4.0,0.0,1.0,2.0,A01
201500047790,2,7,0,4.0,0.0,1.0,2.0,B01
201500047791,0,7,0,0.0,2.0,1.0,1.0,A01
201500047791,0,7,0,0.0,2.0,1.0,1.0,B01
201500047792,0,10,0,0.0,2.0,1.0,2.0,A01
201500047792,0,7,0,0.0,2.0,4.0,2.0,B01
201500047793,0,33,0,0.0,2.0,1.0,1.0,B01
201500047793,0,7,0,0.0,2.0,3.0,15.0,A01
201500047794,0,10,0,0.0,2.0,4.0,2.0,C01
201500047794,0,7,0,0.0,2.0,4.0,2.0,B01
201500047794,0,10,0,0.0,2.0,1.0,2.0,A01
201500047795,0,7,0,0.0,2.0,1.0,5.0,A01
201500047795,0,7,0,0.0,2.0,1.0,1.0,B01
201500047795,0,7,0,0.0,2.0,3.0,1.0,C01
201500047796,0,40,0,0.0,2.0,2.0,2.0,B01
201500047796,0,7,0,0.0,4.0,3.0,15.0,A01
201500047797,0,7,0,0.0,1.0,1.0,1.0,A01
201500047798,0,30,0,0.0,2.0,1.0,1.0,A01
201500047798,0,10,0,0.0,2.0,2.0,1.0,B01
201500047799,0,7,0,0.0,2.0,1.0,0.0,A01
201500047799,0,7,0,0.0,2.0,4.0,2.0,B01
201500047800,0,7,0,0.0,1.0,1.0,1.0,A01
201500047801,0,30,0,0.0,2.0,0.0,1.0,A01
201500047801,0,7,0,0.0,2.0,8.0,20.0,B01
201500047802,0,7,0,0.0,1.0,0.0,0.0,A01
201500047803,0,2,0,0.0,0.0,7.0,1.0,A01
201500047804,0,1,0,0.0,2.0,0.0,0.0,B01
201500047804,0,7,0,0.0,2.0,1.0,1.0,A01
201500047805,0,7,0,0.0,1.0,5.0,4.0,A01
201500047806,0,7,0,8.0,0.0,1.0,1.0,A01
201500047807,0,37,0,0.0,1.0,1.0,2.0,A01
201500047808,0,33,0,0.0,2.0,1.0,13.0,A01
201500047808,0,7,0,0.0,2.0,8.0,15.0,B01
201500047809,0,7,0,0.0,2.0,5.0,1.0,A01
201500047809,0,1,0,0.0,2.0,3.0,2.0,B01
201500047810,0,7,0,0.0,2.0,3.0,22.0,A01
201500047810,0,1,0,0.0,2.0,1.0,1.0,B01
201500047811,0,7,0,0.0,1.0,4.0,4.0,A01
201500047812,0,30,0,0.0,2.0,1.0,1.0,A01
201500047812,0,7,0,0.0,2.0,6.0,15.0,B01
201500047813,1,99,0,0.0,1.0,0.0,0.0,Z01
201500047814,1,7,0,0.0,1.0,1.0,16.0,Z01
201500047815,0,7,0,8.0,0.0,1.0,15.0,A01
201500047816,0,1,0,0.0,9.0,1.0,15.0,A01
201500047816,0,1,0,0.0,9.0,2.0,1.0,B01
201500047817,0,7,0,0.0,2.0,4.0,2.0,B01
201500047817,0,7,0,0.0,2.0,1.0,2.0,A01
201500047818,0,30,0,0.0,1.0,8.0,2.0,A01
201500047819,0,10,0,0.0,1.0,2.0,14.0,A01
201500047820,0,7,0,0.0,1.0,2.0,1.0,A01
201500047821,0,7,0,15.0,0.0,0.0,1.0,A01
201500047822,0,32,0,0.0,0.0,8.0,14.0,A01
201500047823,0,30,0,0.0,2.0,8.0,1.0,A01
201500047823,0,7,0,0.0,2.0,1.0,1.0,B01
201500047824,0,7,0,0.0,1.0,0.0,0.0,A01
201500047825,0,32,0,0.0,2.0,4.0,1.0,B01
201500047825,0,7,0,0.0,2.0,1.0,1.0,A01
201500047826,0,33,0,14.0,0.0,9.0,21.0,A01
201500047827,0,7,0,0.0,1.0,1.0,0.0,A01
201500047828,0,7,0,0.0,2.0,3.0,24.0,A01
201500047828,0,1,0,0.0,2.0,1.0,1.0,B01
201500047829,0,7,0,12.0,0.0,9.0,1.0,A01
201500047830,0,7,0,0.0,2.0,7.0,2.0,A01
201500047830,0,7,0,0.0,2.0,1.0,2.0,B01
201500047831,0,7,0,0.0,1.0,2.0,1.0,A01
201500047832,0,2,0,0.0,2.0,6.0,2.0,B01
201500047832,0,7,0,0.0,2.0,2.0,2.0,A01
201500047833,0,7,0,0.0,2.0,8.0,1.0,B01
201500047833,0,15,0,0.0,2.0,8.0,1.0,A01
201500047834,0,7,0,0.0,1.0,1.0,1.0,A01
201500047835,0,7,0,0.0,2.0,3.0,1.0,B01
201500047835,0,7,0,0.0,2.0,6.0,4.0,A01
201500047836,0,7,0,14.0,0.0,1.0,16.0,A01
201500047837,0,32,0,0.0,2.0,4.0,3.0,A01
201500047837,0,32,0,0.0,2.0,1.0,2.0,B01
201500047838,0,7,0,0.0,1.0,4.0,4.0,A01
201500047839,0,7,0,0.0,1.0,2.0,1.0,A01
201500047840,0,31,0,0.0,2.0,7.0,1.0,B01
201500047840,0,7,0,0.0,2.0,1.0,1.0,A01
201500047841,0,7,0,0.0,1.0,2.0,1.0,A01
201500047842,0,7,0,0.0,1.0,3.0,1.0,A01
201500047843,0,7,0,0.0,2.0,2.0,15.0,B01
201500047843,0,7,0,0.0,2.0,3.0,1.0,A01
201500047844,0,7,0,0.0,2.0,2.0,1.0,B01
201500047844,0,7,0,0.0,2.0,3.0,0.0,A01
201500047845,0,1,0,0.0,2.0,1.0,1.0,A01
201500047845,0,7,0,0.0,2.0,7.0,1.0,B01
201500047846,0,7,0,0.0,1.0,4.0,4.0,G01
201500047847,0,7,0,0.0,2.0,1.0,2.0,A01
201500047847,0,7,0,0.0,2.0,5.0,0.0,B01
201500047848,0,2,0,0.0,2.0,1.0,2.0,A01
201500047848,0,7,0,0.0,2.0,0.0,2.0,B01
201500047849,0,7,0,0.0,1.0,1.0,1.0,A01
201500047850,0,7,0,0.0,1.0,2.0,1.0,A01
201500047851,0,7,0,0.0,1.0,7.0,17.0,A01
201500047852,0,7,0,0.0,1.0,0.0,0.0,A01
201500047853,0,7,0,0.0,4.0,3.0,10.0,A01
201500047853,0,40,30,0.0,2.0,2.0,1.0,B01
201500047854,0,2,0,0.0,2.0,1.0,2.0,A01
201500047854,0,7,0,0.0,0.0,6.0,15.0,B01
201500047855,0,7,0,0.0,2.0,7.0,10.0,A01
201500047855,0,33,0,0.0,2.0,1.0,1.0,B01
201500047856,0,7,0,1.0,2.0,2.0,1.0,A01
201500047857,0,7,0,0.0,2.0,7.0,1.0,A01
201500047857,0,7,0,0.0,2.0,1.0,1.0,B01
201500047858,0,7,0,0.0,1.0,1.0,16.0,A01
201500047859,0,7,0,0.0,2.0,6.0,1.0,H02
201500047859,0,7,0,0.0,2.0,5.0,2.0,D01
201500047859,0,7,0,0.0,2.0,5.0,1.0,E01
201500047859,0,7,0,0.0,2.0,6.0,1.0,G02
201500047859,0,7,0,0.0,2.0,6.0,2.0,B01
201500047859,0,7,0,0.0,2.0,8.0,1.0,F02
201500047859,0,7,0,0.0,2.0,7.0,2.0,C01
201500047859,0,7,0,0.0,2.0,1.0,1.0,A01
201500047860,0,7,0,0.0,2.0,8.0,1.0,B01
201500047860,0,7,0,0.0,2.0,3.0,19.0,A01
201500047861,0,7,0,0.0,2.0,7.0,15.0,B01
201500047861,0,33,0,0.0,2.0,2.0,13.0,A01
201500047862,0,37,0,0.0,2.0,3.0,15.0,B01
201500047862,0,7,0,0.0,2.0,1.0,1.0,A01
201500047863,0,10,0,0.0,2.0,2.0,7.0,A01
201500047863,0,32,0,0.0,2.0,8.0,1.0,B01
201500047864,0,7,0,0.0,2.0,5.0,15.0,B01
201500047864,0,2,0,0.0,2.0,1.0,18.0,A01
201500047865,0,36,0,6.0,2.0,2.0,2.0,A01
201500047866,0,7,0,0.0,2.0,3.0,15.0,A01
201500047866,0,31,0,0.0,2.0,1.0,17.0,B01
201500047867,0,7,0,0.0,2.0,1.0,2.0,A01
201500047867,0,7,0,0.0,2.0,4.0,2.0,B01
201500047868,0,2,0,0.0,2.0,3.0,15.0,A01
201500047868,0,7,0,0.0,2.0,3.0,1.0,B01
201500047869,0,7,0,0.0,1.0,3.0,1.0,A01
201500047870,1,99,0,0.0,1.0,1.0,17.0,A01
201500047871,0,33,0,0.0,2.0,2.0,1.0,A01
201500047871,0,7,0,0.0,2.0,3.0,9.0,B01
201500047872,0,1,0,1.0,2.0,7.0,1.0,B01
201500047872,1,7,0,0.0,9.0,9.0,1.0,Z01
201500047873,0,7,0,0.0,1.0,7.0,1.0,A01
201500047874,0,7,0,0.0,1.0,3.0,0.0,A01
201500047875,0,2,0,0.0,0.0,8.0,1.0,A01
201500047876,0,7,0,0.0,2.0,3.0,2.0,B01
201500047876,0,7,0,4.0,2.0,8.0,13.0,A01
201500047877,0,30,0,0.0,2.0,7.0,1.0,A01
201500047877,0,7,0,0.0,2.0,1.0,1.0,B01
201500047878,2,7,0,0.0,2.0,3.0,2.0,A01
201500047878,0,7,0,0.0,2.0,5.0,2.0,B01
201500047879,0,7,0,0.0,2.0,4.0,2.0,C01
201500047879,0,7,0,0.0,2.0,4.0,2.0,B01
201500047879,0,7,0,0.0,2.0,1.0,2.0,A01
201500047880,0,7,0,0.0,2.0,4.0,2.0,B01
201500047880,0,7,0,0.0,2.0,1.0,2.0,A01
201500047880,0,7,0,0.0,2.0,4.0,2.0,C01
201500047880,0,7,0,0.0,2.0,4.0,2.0,D01
201500047881,0,7,0,0.0,1.0,0.0,4.0,A01
201500047882,0,7,0,0.0,1.0,3.0,0.0,A01
201500047883,0,34,0,0.0,1.0,1.0,21.0,A01
201500047884,0,7,0,0.0,1.0,1.0,1.0,A01
201500047885,0,33,0,0.0,2.0,1.0,1.0,A01
201500047885,0,7,0,0.0,2.0,7.0,15.0,B01
201500047886,0,7,0,0.0,2.0,3.0,5.0,A01
201500047886,0,7,0,0.0,2.0,3.0,1.0,B01
201500047887,0,1,0,0.0,1.0,0.0,1.0,A01
201500047888,0,30,0,0.0,0.0,0.0,0.0,A01
201500047889,0,7,0,0.0,2.0,2.0,12.0,A01
201500047889,0,33,0,0.0,2.0,8.0,2.0,B01
201500047890,0,7,0,0.0,2.0,1.0,2.0,A01
201500047890,0,3,0,0.0,2.0,1.0,15.0,B01
201500047891,0,7,0,0.0,2.0,3.0,1.0,B01
201500047891,0,7,0,0.0,2.0,1.0,19.0,A01
201500047892,0,7,0,0.0,2.0,3.0,15.0,B01
201500047892,0,7,0,0.0,2.0,2.0,1.0,A01
201500047893,0,7,0,10.0,0.0,1.0,1.0,A01
201500047894,0,7,0,1.0,0.0,6.0,4.0,A01
201500047895,0,7,0,8.0,2.0,1.0,13.0,A01
201500047896,0,37,25,0.0,9.0,6.0,24.0,B01
201500047896,0,1,0,1.0,0.0,1.0,21.0,A01
201500047897,0,7,0,0.0,2.0,3.0,2.0,A01
201500047897,0,1,0,0.0,2.0,7.0,1.0,B01
201500047898,0,33,0,0.0,2.0,1.0,17.0,A01
201500047898,0,7,0,0.0,0.0,0.0,0.0,B01
201500047899,0,7,0,0.0,2.0,3.0,10.0,A01
201500047899,0,7,0,0.0,2.0,2.0,2.0,B01
201500047900,0,40,0,0.0,1.0,2.0,1.0,A01
201500047901,0,7,0,0.0,2.0,3.0,1.0,B01
201500047901,0,7,0,0.0,2.0,2.0,1.0,A01
201500047902,0,1,0,0.0,0.0,0.0,0.0,A01
201500047903,0,7,0,0.0,1.0,2.0,1.0,A01
201500047904,0,1,0,0.0,2.0,0.0,0.0,B01
201500047904,0,7,0,0.0,9.0,1.0,13.0,A01
201500047905,0,7,0,9.0,0.0,2.0,14.0,A01
201500047906,0,7,0,0.0,2.0,1.0,2.0,B01
201500047906,0,7,0,0.0,2.0,4.0,4.0,A01
201500047907,0,7,0,0.0,2.0,8.0,15.0,B01
201500047907,0,34,0,0.0,2.0,1.0,1.0,A01
201500047908,0,7,0,0.0,1.0,1.0,1.0,A01
201500047909,0,1,0,0.0,1.0,1.0,0.0,A01
201500047910,1,7,0,0.0,2.0,1.0,1.0,A01
201500047910,0,7,0,9.0,2.0,8.0,1.0,B01
201500047911,0,7,0,0.0,2.0,1.0,1.0,A01
201500047911,0,7,0,0.0,2.0,8.0,1.0,B01
201500047912,0,7,0,0.0,2.0,3.0,15.0,A01
201500047912,0,1,0,0.0,2.0,1.0,5.0,B01
201500047913,0,7,0,0.0,1.0,1.0,1.0,A01
201500047914,0,7,0,1.0,2.0,1.0,1.0,B01
201500047914,0,7,0,1.0,2.0,1.0,15.0,A01
201500047915,0,1,0,0.0,2.0,1.0,1.0,A01
201500047915,0,7,0,0.0,2.0,2.0,1.0,B01
201500047916,0,7,0,0.0,2.0,6.0,2.0,B01
201500047916,0,3,0,0.0,2.0,7.0,2.0,A01
201500047917,0,7,0,0.0,2.0,1.0,2.0,A01
201500047917,0,10,0,0.0,2.0,4.0,16.0,B01
201500047918,0,7,0,0.0,1.0,3.0,15.0,A01
201500047919,0,7,0,0.0,1.0,1.0,0.0,A01
201500047920,0,7,0,0.0,1.0,3.0,1.0,A01
201500047920,0,7,0,0.0,1.0,7.0,23.0,B01
201500047921,0,7,0,0.0,9.0,3.0,0.0,A01
201500047921,0,1,0,1.0,0.0,0.0,0.0,B01
201500047922,0,33,0,0.0,2.0,4.0,1.0,B01
201500047922,0,7,0,0.0,2.0,6.0,0.0,D01
201500047922,0,7,0,0.0,2.0,4.0,1.0,C01
201500047922,0,7,0,0.0,2.0,1.0,0.0,A01
201500047923,1,7,0,0.0,1.0,0.0,0.0,A01
201500047924,0,7,0,0.0,2.0,3.0,0.0,A01
201500047924,0,33,0,0.0,2.0,0.0,0.0,B01
201500047925,0,1,0,0.0,1.0,0.0,5.0,A01
201500047926,0,7,0,1.0,0.0,2.0,1.0,A01
201500047927,0,1,0,0.0,0.0,0.0,0.0,B01
201500047927,0,7,0,0.0,2.0,6.0,1.0,A01
201500047928,0,1,0,0.0,2.0,0.0,0.0,B01
201500047928,0,7,0,0.0,2.0,3.0,15.0,A01
201500047929,0,7,0,0.0,1.0,3.0,15.0,A01
201500047930,0,7,0,0.0,2.0,3.0,1.0,A01
201500047930,0,7,0,0.0,2.0,0.0,15.0,B01
201500047931,0,30,0,0.0,2.0,1.0,2.0,A01
201500047931,0,7,0,0.0,2.0,8.0,2.0,B01
201500047932,0,7,0,0.0,1.0,2.0,1.0,A01
201500047933,0,7,0,0.0,1.0,6.0,9.0,A01
201500047934,0,7,0,0.0,1.0,1.0,1.0,A01
201500047935,0,7,0,14.0,2.0,2.0,2.0,A01
201500047936,2,7,0,0.0,1.0,0.0,0.0,A01
201500047937,0,30,0,1.0,2.0,5.0,1.0,B01
201500047937,0,7,0,0.0,2.0,3.0,0.0,A01
201500047937,0,7,0,0.0,2.0,4.0,23.0,C01
201500047938,0,7,0,1.0,0.0,1.0,0.0,A01
201500047939,0,7,0,0.0,2.0,2.0,15.0,A01
201500047939,0,33,0,0.0,2.0,1.0,1.0,B01
201500047940,1,7,0,0.0,1.0,0.0,0.0,Z01
201500047941,0,7,0,0.0,1.0,7.0,2.0,A01
201500047942,0,7,0,0.0,2.0,5.0,1.0,B01
201500047942,0,7,0,1.0,2.0,1.0,2.0,A01
201500047943,0,7,0,0.0,2.0,1.0,2.0,A01
201500047943,0,7,0,0.0,2.0,4.0,2.0,B01
201500047943,0,7,0,0.0,2.0,4.0,2.0,C01
201500047943,0,7,0,0.0,2.0,4.0,2.0,D01
201500047944,0,7,0,0.0,2.0,7.0,19.0,B01
201500047944,0,32,0,0.0,2.0,1.0,0.0,A01
201500047945,0,7,0,0.0,2.0,1.0,12.0,A01
201500047945,0,7,0,0.0,2.0,4.0,1.0,C01
201500047945,0,7,0,0.0,2.0,8.0,1.0,B01
201500047946,0,7,0,0.0,2.0,1.0,1.0,A01
201500047946,0,7,0,0.0,2.0,4.0,15.0,B01
201500047947,0,7,0,0.0,2.0,1.0,5.0,A01
201500047947,0,7,0,0.0,2.0,8.0,1.0,B01
201500047948,0,99,0,0.0,2.0,2.0,1.0,A01
201500047948,0,1,0,0.0,2.0,3.0,0.0,B01
201500047949,0,31,0,0.0,2.0,7.0,17.0,B01
201500047949,1,7,0,0.0,2.0,8.0,17.0,Z01
201500047950,0,7,0,0.0,2.0,2.0,15.0,A01
201500047950,0,7,0,0.0,2.0,1.0,0.0,B01
201500047951,0,34,0,0.0,2.0,3.0,2.0,A01
201500047951,0,37,0,0.0,2.0,5.0,1.0,B01
201500047952,0,1,0,0.0,2.0,1.0,1.0,A01
201500047952,0,7,0,0.0,2.0,2.0,16.0,B01
201500047953,0,7,0,0.0,2.0,7.0,0.0,A01
201500047953,0,1,0,0.0,2.0,0.0,0.0,B01
201500047954,0,1,0,0.0,2.0,2.0,19.0,B01
201500047954,0,7,0,0.0,2.0,1.0,2.0,A01
201500047955,0,30,0,0.0,2.0,2.0,1.0,B01
201500047955,0,7,0,0.0,2.0,8.0,19.0,A01
201500047956,0,7,0,0.0,2.0,5.0,1.0,A01
201500047956,0,7,0,0.0,2.0,1.0,1.0,B01
201500047957,0,7,0,0.0,2.0,1.0,12.0,A01
201500047957,0,33,0,0.0,2.0,8.0,1.0,B01
201500047958,1,1,0,0.0,1.0,1.0,1.0,A01
201500047959,0,7,0,0.0,2.0,2.0,19.0,A01
201500047959,0,10,0,0.0,2.0,1.0,1.0,B01
201500047960,0,7,0,0.0,2.0,4.0,1.0,B01
201500047960,0,7,0,0.0,2.0,1.0,1.0,A01
201500047961,0,10,0,0.0,1.0,4.0,4.0,A01
201500047962,0,7,0,0.0,1.0,3.0,16.0,A01
201500047963,0,7,0,0.0,2.0,3.0,1.0,B01
201500047963,0,30,0,0.0,2.0,2.0,13.0,A01
201500047964,0,7,0,0.0,2.0,1.0,1.0,B01
201500047964,0,7,0,0.0,2.0,7.0,1.0,A01
201500047965,0,7,0,0.0,1.0,2.0,1.0,A01
201500047966,0,7,0,0.0,1.0,1.0,1.0,A01
201500047967,0,7,0,0.0,2.0,1.0,1.0,B01
201500047967,0,7,0,0.0,2.0,8.0,1.0,A01
201500047968,0,1,0,0.0,2.0,0.0,0.0,A01
201500047968,0,7,0,0.0,2.0,0.0,0.0,B01
201500047969,0,7,0,0.0,2.0,1.0,2.0,A01
201500047969,0,7,0,0.0,2.0,4.0,2.0,B01
201500047969,0,7,0,0.0,2.0,4.0,2.0,C01
201500047970,0,1,0,0.0,2.0,0.0,0.0,B01
201500047970,0,7,0,0.0,2.0,3.0,15.0,A01
201500047971,0,7,0,0.0,1.0,1.0,16.0,A01
201500047972,0,7,0,0.0,1.0,1.0,15.0,A01
201500047973,0,7,0,0.0,1.0,2.0,17.0,A01
201500047974,0,17,0,0.0,2.0,7.0,12.0,A01
201500047974,0,7,0,0.0,2.0,8.0,1.0,B01