Num_Acc,senc,catv,occutc,obs,obsm,choc,manv,num_veh
201500047975,0,7,0,0.0,2.0,7.0,1.0,B01
201500047975,0,30,0,16.0,2.0,7.0,9.0,A01
201500047976,0,7,0,0.0,2.0,7.0,17.0,A01
201500047976,0,7,0,0.0,2.0,8.0,1.0,B01
201500047977,0,7,0,0.0,1.0,1.0,17.0,A01
201500047978,2,7,0,0.0,1.0,0.0,19.0,A01
201500047979,0,7,0,14.0,0.0,1.0,0.0,A01
201500047980,0,7,0,0.0,1.0,3.0,15.0,A01
201500047981,0,33,0,,2.0,7.0,,A01
201500047982,0,7,0,0.0,2.0,1.0,2.0,A01
201500047982,0,7,0,0.0,2.0,4.0,2.0,B01
201500047982,0,7,0,0.0,2.0,4.0,2.0,C01
201500047983,0,7,0,13.0,9.0,9.0,19.0,A01
201500047984,0,7,0,0.0,0.0,4.0,2.0,B01
201500047984,0,37,35,0.0,2.0,1.0,11.0,A01
201500047985,0,10,0,0.0,2.0,2.0,1.0,B01
201500047985,0,2,0,0.0,2.0,1.0,19.0,A01
201500047986,0,2,0,0.0,2.0,1.0,1.0,B01
201500047986,0,7,0,0.0,2.0,3.0,15.0,A01
201500047987,0,7,0,4.0,2.0,9.0,1.0,A01
201500047988,0,7,0,0.0,1.0,4.0,4.0,A01
201500047989,0,7,0,0.0,0.0,2.0,15.0,A01
201500047989,0,32,0,0.0,0.0,1.0,1.0,B01
201500047990,0,7,0,0.0,2.0,1.0,2.0,B01
201500047990,0,3,0,1.0,2.0,1.0,1.0,A01
201500047991,0,2,0,0.0,0.0,0.0,0.0,A01
201500047992,0,34,0,14.0,0.0,7.0,6.0,A01
201500047993,0,7,0,0.0,2.0,6.0,1.0,B01
201500047993,0,15,0,0.0,2.0,7.0,14.0,A01
201500047994,0,33,0,11.0,0.0,7.0,0.0,A01
201500047995,0,7,0,0.0,2.0,1.0,19.0,A01
201500047995,0,7,0,0.0,2.0,8.0,1.0,B01
201500047996,0,7,0,0.0,2.0,1.0,1.0,B01
201500047996,0,7,0,0.0,2.0,8.0,0.0,A01
201500047997,0,7,0,0.0,1.0,2.0,1.0,A01
201500047998,0,7,0,0.0,2.0,1.0,2.0,A01
201500047998,0,7,0,0.0,2.0,4.0,2.0,B01
201500047999,0,7,0,0.0,2.0,4.0,23.0,C01
201500047999,0,7,0,0.0,2.0,4.0,23.0,B01
201500047999,0,7,0,0.0,2.0,1.0,2.0,A01
201500048000,0,7,0,0.0,2.0,1.0,1.0,A01
201500048000,0,7,0,0.0,2.0,4.0,15.0,B01
201500048001,0,2,0,0.0,2.0,0.0,0.0,A01
201500048001,0,7,0,0.0,2.0,2.0,1.0,B01
201500048002,0,7,0,0.0,0.0,2.0,15.0,A01
201500048002,0,2,0,0.0,0.0,1.0,1.0,B01
201500048003,0,7,0,6.0,2.0,4.0,4.0,A01
201500048004,0,1,0,0.0,0.0,0.0,0.0,A01
201500048005,0,7,0,0.0,2.0,3.0,15.0,A01
201500048005,0,7,0,0.0,2.0,2.0,2.0,B01
201500048006,0,10,0,0.0,1.0,1.0,16.0,A01
201500048007,0,7,0,0.0,2.0,1.0,2.0,A01
201500048007,0,7,0,0.0,2.0,5.0,2.0,C01
201500048007,0,7,0,0.0,2.0,4.0,2.0,B01
201500048008,0,7,0,0.0,1.0,0.0,0.0,A01
201500048009,0,7,0,0.0,1.0,0.0,15.0,A01
201500048010,0,33,0,0.0,2.0,2.0,17.0,A01
201500048010,0,7,0,0.0,2.0,3.0,15.0,B01
201500048011,0,7,0,0.0,2.0,5.0,1.0,B01
201500048011,0,1,0,0.0,2.0,3.0,13.0,A01
201500048012,0,7,0,0.0,1.0,3.0,1.0,A01
201500048013,0,33,0,0.0,2.0,0.0,0.0,B01
201500048013,0,7,0,0.0,2.0,2.0,15.0,A01
201500048014,0,2,0,0.0,2.0,4.0,23.0,B01
201500048014,0,14,0,0.0,2.0,1.0,1.0,A01
201500048015,0,34,0,0.0,2.0,2.0,15.0,B01
201500048015,0,7,0,0.0,2.0,1.0,15.0,A01
201500048016,0,7,0,0.0,0.0,0.0,0.0,B01
201500048016,0,7,0,0.0,2.0,1.0,2.0,C01
201500048016,0,7,0,0.0,2.0,0.0,0.0,A01
201500048017,0,1,0,0.0,2.0,7.0,2.0,B01
201500048017,1,7,0,0.0,2.0,0.0,0.0,Z01
201500048018,0,7,0,0.0,2.0,4.0,0.0,B01
201500048018,0,7,0,0.0,2.0,1.0,2.0,A01
201500048019,0,30,0,12.0,0.0,2.0,0.0,A01
201500048020,0,7,0,1.0,0.0,2.0,1.0,A01
201500048021,0,7,0,0.0,2.0,8.0,9.0,A01
201500048021,0,33,0,0.0,2.0,0.0,0.0,B01
201500048022,0,33,0,12.0,2.0,7.0,1.0,A01
201500048023,0,14,0,0.0,1.0,7.0,1.0,A01
201500048024,0,7,0,0.0,2.0,0.0,0.0,B01
201500048024,0,10,0,0.0,2.0,0.0,0.0,A01
201500048025,0,7,0,4.0,2.0,8.0,2.0,A01
201500048026,0,7,0,0.0,2.0,3.0,1.0,B01
201500048026,2,7,0,14.0,2.0,3.0,17.0,A01
201500048027,0,2,0,0.0,2.0,7.0,2.0,B01
201500048027,0,7,0,0.0,2.0,1.0,15.0,A01
201500048028,0,7,0,0.0,2.0,3.0,13.0,B01
201500048028,0,2,0,0.0,2.0,2.0,17.0,A01
201500048029,0,7,0,0.0,2.0,7.0,0.0,A01
201500048029,0,32,0,0.0,2.0,1.0,1.0,B01
201500048030,0,7,0,11.0,0.0,1.0,13.0,A01
201500048031,0,7,0,0.0,2.0,1.0,2.0,A01
201500048031,0,7,0,0.0,2.0,6.0,2.0,B01
201500048032,0,7,0,0.0,2.0,2.0,23.0,B01
201500048032,0,1,0,0.0,2.0,2.0,2.0,A01
201500048033,0,7,0,0.0,1.0,2.0,1.0,A01
201500048034,0,33,0,3.0,0.0,3.0,13.0,A01
201500048035,0,7,0,0.0,2.0,1.0,5.0,A01
201500048035,0,10,0,0.0,2.0,6.0,1.0,B01
201500048036,0,7,0,0.0,1.0,1.0,15.0,A01
201500048037,0,7,0,0.0,2.0,3.0,15.0,B01
201500048037,0,30,0,0.0,2.0,1.0,1.0,A01
201500048038,0,2,0,0.0,1.0,7.0,21.0,A01
201500048039,0,7,0,0.0,2.0,2.0,2.0,A01
201500048040,0,7,0,0.0,2.0,8.0,0.0,B01
201500048040,0,30,0,1.0,2.0,2.0,1.0,A01
201500048041,0,7,0,11.0,2.0,1.0,13.0,A01
201500048042,0,7,0,0.0,1.0,6.0,0.0,C01
201500048042,0,1,0,0.0,1.0,1.0,1.0,A01
201500048043,0,7,0,0.0,2.0,4.0,2.0,B01
201500048043,0,7,0,0.0,2.0,1.0,2.0,A01
201500048044,0,7,0,1.0,2.0,1.0,14.0,A01
201500048045,0,7,0,4.0,0.0,0.0,0.0,A01
201500048046,0,33,0,0.0,2.0,0.0,0.0,B01
201500048046,0,7,0,0.0,2.0,2.0,12.0,A01
201500048047,0,10,0,6.0,2.0,1.0,14.0,A01
201500048048,0,7,0,0.0,2.0,2.0,1.0,B01
201500048048,0,7,0,0.0,2.0,3.0,15.0,A01
201500048049,0,7,0,0.0,2.0,1.0,1.0,A01
201500048049,0,7,0,0.0,2.0,8.0,15.0,B01
201500048050,0,7,0,0.0,2.0,1.0,1.0,B01
201500048050,0,7,0,0.0,2.0,5.0,15.0,A01
201500048051,0,7,0,0.0,0.0,0.0,0.0,A01
201500048052,0,7,0,0.0,1.0,6.0,1.0,A01
201500048053,0,1,0,0.0,0.0,0.0,0.0,A01
201500048054,0,10,0,0.0,2.0,6.0,15.0,B01
201500048054,0,33,0,0.0,2.0,1.0,2.0,A01
201500048055,0,7,0,0.0,2.0,0.0,0.0,B01
201500048055,0,10,0,0.0,2.0,0.0,0.0,A01
201500048056,0,14,0,0.0,2.0,2.0,0.0,A01
201500048056,0,1,0,0.0,2.0,0.0,2.0,B01
201500048057,0,7,0,0.0,1.0,8.0,1.0,A01
201500048058,0,7,0,0.0,2.0,1.0,19.0,B01
201500048058,0,32,0,6.0,2.0,8.0,19.0,A01
201500048059,0,1,0,0.0,1.0,1.0,2.0,A01
201500048060,0,7,0,0.0,2.0,5.0,4.0,A01
201500048060,0,7,0,0.0,2.0,8.0,15.0,B01
201500048061,0,30,0,0.0,2.0,1.0,2.0,B01
201500048061,0,7,0,0.0,2.0,3.0,20.0,A01
201500048062,0,7,0,0.0,2.0,3.0,9.0,A01
201500048062,0,1,0,0.0,2.0,7.0,1.0,B01
201500048063,0,7,0,0.0,1.0,8.0,15.0,A01
201500048064,0,7,0,0.0,2.0,0.0,15.0,A01
201500048064,0,7,0,0.0,2.0,1.0,1.0,B01
201500048065,0,7,0,16.0,2.0,4.0,1.0,C01
201500048065,0,7,0,0.0,2.0,1.0,0.0,A01
201500048065,0,7,0,12.0,0.0,4.0,1.0,B01
201500048066,0,1,0,0.0,2.0,7.0,1.0,B01
201500048066,0,7,0,0.0,2.0,8.0,15.0,A01
201500048067,0,7,0,0.0,2.0,2.0,23.0,A01
201500048067,0,1,0,0.0,2.0,1.0,3.0,B01
201500048068,0,33,0,0.0,1.0,1.0,1.0,A01
201500048069,0,7,0,0.0,1.0,3.0,1.0,A01
201500048070,0,99,0,0.0,1.0,2.0,16.0,A01
201500048071,0,7,0,0.0,2.0,2.0,15.0,B01
201500048071,0,32,0,0.0,2.0,2.0,1.0,A01
201500048072,1,7,0,0.0,2.0,0.0,0.0,Z01
201500048072,0,7,0,0.0,2.0,3.0,1.0,A01
201500048073,0,10,0,0.0,1.0,4.0,4.0,A01
201500048074,0,7,0,0.0,1.0,3.0,1.0,A01
201500048075,0,1,0,0.0,2.0,1.0,2.0,B01
201500048075,0,7,0,0.0,2.0,3.0,2.0,A01
201500048076,0,7,0,0.0,2.0,1.0,0.0,B01
201500048076,0,7,0,0.0,2.0,1.0,0.0,A01
201500048077,0,7,0,0.0,2.0,2.0,0.0,B01
201500048077,0,7,0,0.0,2.0,3.0,9.0,A01
201500048078,0,1,0,1.0,0.0,2.0,14.0,A01
201500048079,0,10,0,0.0,2.0,6.0,11.0,B01
201500048079,0,7,0,0.0,2.0,2.0,17.0,A01
201500048080,0,33,0,0.0,2.0,1.0,2.0,B01
201500048080,0,10,0,0.0,2.0,1.0,0.0,A01
201500048081,0,7,0,0.0,2.0,4.0,2.0,B01
201500048081,0,7,0,0.0,2.0,1.0,2.0,A01
201500048082,0,32,0,0.0,2.0,1.0,2.0,B01
201500048082,0,7,0,0.0,2.0,0.0,0.0,A01
201500048083,0,13,0,0.0,1.0,5.0,5.0,A01
201500048084,0,2,0,0.0,2.0,1.0,1.0,B01
201500048084,0,7,0,0.0,2.0,1.0,4.0,A01
201500048085,0,7,0,0.0,1.0,0.0,1.0,A01
201500048086,0,10,0,0.0,1.0,4.0,0.0,A01
201500048087,0,1,0,0.0,1.0,1.0,21.0,A01
201500048088,0,7,0,0.0,1.0,2.0,1.0,A01
201500048089,0,2,0,0.0,2.0,1.0,17.0,A01
201500048089,0,7,0,0.0,2.0,8.0,15.0,B01
201500048090,0,7,0,0.0,2.0,8.0,17.0,B01
201500048090,0,33,0,0.0,2.0,7.0,17.0,A01
201500048091,0,7,0,0.0,2.0,3.0,1.0,A01
201500048091,0,32,0,0.0,2.0,1.0,16.0,B01
201500048092,0,30,0,0.0,1.0,3.0,1.0,A01
201500048093,1,7,0,0.0,1.0,3.0,1.0,A01
201500048094,0,7,0,0.0,1.0,1.0,1.0,A01
201500048095,0,10,0,0.0,1.0,2.0,15.0,A01
201500048096,0,7,0,0.0,1.0,2.0,1.0,A01
201500048097,0,33,0,0.0,2.0,1.0,17.0,A01
201500048097,0,10,0,0.0,2.0,3.0,15.0,B01
201500048098,0,7,0,0.0,1.0,3.0,1.0,A01
201500048099,0,30,0,0.0,0.0,0.0,0.0,A01
201500048100,0,7,0,0.0,1.0,2.0,1.0,A01
201500048101,0,7,0,0.0,2.0,3.0,17.0,A01
201500048101,0,7,0,0.0,0.0,0.0,24.0,C01
201500048101,0,7,0,0.0,0.0,6.0,17.0,B01
201500048102,0,33,0,0.0,2.0,2.0,17.0,A01
201500048102,0,7,0,0.0,2.0,3.0,15.0,B01
201500048103,0,7,0,0.0,2.0,1.0,9.0,A01
201500048103,0,7,0,0.0,2.0,8.0,1.0,B01
201500048104,0,7,0,0.0,1.0,0.0,15.0,A01
201500048105,0,7,0,0.0,2.0,5.0,0.0,C01
201500048105,0,7,0,0.0,2.0,1.0,0.0,A01
201500048105,0,7,0,0.0,2.0,7.0,0.0,B01
201500048105,0,7,0,0.0,2.0,1.0,0.0,D01
201500048106,0,1,0,0.0,2.0,0.0,0.0,B01
201500048106,0,7,0,0.0,2.0,3.0,15.0,A01
201500048107,0,30,0,0.0,2.0,1.0,3.0,B01
201500048107,0,7,0,0.0,2.0,3.0,15.0,A01
201500048108,0,7,0,0.0,1.0,2.0,1.0,A01
201500048109,0,1,0,1.0,0.0,1.0,13.0,A01
201500048110,0,7,0,0.0,1.0,1.0,1.0,A01
201500048111,0,37,0,0.0,1.0,0.0,0.0,A01
201500048112,0,33,0,0.0,2.0,8.0,21.0,B01
201500048112,0,7,0,0.0,2.0,1.0,12.0,A01
201500048113,0,1,0,0.0,2.0,1.0,2.0,B01
201500048113,0,7,0,0.0,2.0,2.0,15.0,A01
201500048114,1,2,0,0.0,1.0,0.0,0.0,Z01
201500048115,0,7,0,6.0,0.0,2.0,0.0,A01
201500048116,0,7,0,0.0,2.0,2.0,10.0,A01
201500048116,0,2,0,0.0,2.0,8.0,1.0,B01
201500048117,0,7,0,0.0,2.0,1.0,2.0,A01
201500048117,0,7,0,12.0,2.0,6.0,23.0,B01
201500048118,0,7,0,8.0,2.0,3.0,1.0,A01
201500048119,0,7,0,10.0,1.0,2.0,2.0,A01
201500048120,0,33,0,0.0,2.0,0.0,2.0,B01
201500048120,0,7,0,0.0,2.0,3.0,15.0,A01
201500048121,0,33,0,0.0,2.0,2.0,1.0,B01
201500048121,0,7,0,0.0,2.0,3.0,10.0,A01
201500048122,0,7,0,0.0,2.0,2.0,15.0,A01
201500048122,0,7,0,0.0,2.0,1.0,1.0,B01
201500048123,0,7,0,8.0,0.0,1.0,14.0,A01
201500048124,0,7,0,0.0,2.0,2.0,1.0,B01
201500048124,0,7,0,0.0,2.0,3.0,15.0,A01
201500048125,0,7,0,14.0,9.0,3.0,21.0,A01
201500048125,0,10,0,0.0,2.0,3.0,23.0,B01
201500048126,0,7,0,0.0,2.0,1.0,1.0,B01
201500048126,0,7,0,0.0,2.0,7.0,1.0,A01
201500048127,0,40,35,0.0,1.0,2.0,1.0,A01
201500048128,1,7,0,0.0,1.0,0.0,0.0,A01
201500048129,0,37,40,0.0,1.0,7.0,16.0,A01
201500048130,1,7,0,0.0,1.0,0.0,0.0,Z01
201500048131,0,2,0,0.0,2.0,2.0,17.0,B01
201500048131,0,7,0,0.0,2.0,3.0,15.0,A01
201500048132,0,33,0,0.0,1.0,1.0,1.0,A01
201500048133,0,7,0,0.0,1.0,0.0,0.0,A01
201500048134,0,7,0,0.0,2.0,3.0,19.0,A01
201500048134,0,33,0,0.0,2.0,2.0,1.0,B01
201500048135,0,7,0,0.0,2.0,2.0,1.0,B01
201500048135,0,7,0,0.0,2.0,3.0,1.0,A01
201500048136,0,7,0,0.0,2.0,3.0,15.0,B01
201500048136,1,7,0,0.0,2.0,1.0,1.0,A01
201500048137,0,7,0,0.0,2.0,1.0,15.0,A01
201500048137,0,31,0,0.0,2.0,1.0,1.0,B01
201500048138,0,10,0,0.0,1.0,0.0,0.0,A01
201500048139,0,15,0,0.0,1.0,3.0,1.0,A01
201500048140,0,10,0,0.0,2.0,1.0,1.0,C01
201500048140,0,37,40,0.0,0.0,6.0,23.0,A01
201500048140,0,7,0,0.0,2.0,4.0,23.0,B01
201500048141,0,7,0,14.0,0.0,3.0,13.0,A01
201500048142,0,7,0,0.0,2.0,6.0,9.0,A01
201500048142,0,2,0,0.0,2.0,1.0,1.0,B01
201500048143,0,30,0,0.0,2.0,8.0,1.0,B01
201500048143,0,7,0,0.0,2.0,7.0,14.0,A01
201500048144,0,7,0,0.0,1.0,5.0,20.0,A01
201500048145,0,1,0,0.0,4.0,8.0,13.0,A01
201500048145,0,40,75,0.0,2.0,2.0,1.0,B01
201500048146,0,7,0,0.0,2.0,6.0,2.0,B01
201500048146,0,7,0,0.0,2.0,2.0,1.0,A01
201500048147,0,10,0,0.0,1.0,1.0,1.0,A01
201500048147,0,7,0,0.0,0.0,0.0,0.0,B01
201500048148,0,33,0,0.0,2.0,1.0,1.0,B01
201500048148,0,7,0,0.0,2.0,1.0,13.0,A01
201500048149,1,7,0,0.0,1.0,0.0,4.0,A01
201500048150,0,7,0,0.0,1.0,3.0,1.0,A01
201500048151,0,7,0,0.0,2.0,7.0,16.0,A01
201500048151,0,2,0,0.0,2.0,8.0,18.0,B01
201500048152,0,7,0,0.0,2.0,8.0,15.0,B01
201500048152,0,33,0,0.0,2.0,1.0,17.0,A01
201500048153,1,7,0,0.0,2.0,0.0,2.0,Z01
201500048153,0,7,0,0.0,2.0,1.0,2.0,D01
201500048153,0,7,0,0.0,2.0,4.0,2.0,A01
201500048153,0,7,0,0.0,2.0,9.0,2.0,B01
201500048154,0,10,0,0.0,1.0,0.0,1.0,A01
201500048155,0,7,0,0.0,2.0,1.0,13.0,A01
201500048155,0,7,0,0.0,2.0,1.0,1.0,B01
201500048156,0,33,0,0.0,2.0,7.0,17.0,A01
201500048156,0,7,0,0.0,2.0,8.0,10.0,B01
201500048157,0,7,0,0.0,1.0,2.0,2.0,A01
201500048158,0,33,0,14.0,0.0,0.0,16.0,A01
201500048159,0,10,0,0.0,1.0,2.0,1.0,A01
201500048160,0,2,0,0.0,2.0,2.0,10.0,A01
201500048160,0,31,0,0.0,2.0,1.0,1.0,B01
201500048161,0,7,0,0.0,1.0,4.0,4.0,A01
201500048162,0,7,0,0.0,2.0,1.0,11.0,B01
201500048162,0,2,0,0.0,2.0,1.0,1.0,A01
201500048163,0,7,0,0.0,9.0,1.0,1.0,A01
201500048163,0,1,0,0.0,2.0,7.0,19.0,B01
201500048164,0,33,0,0.0,2.0,1.0,1.0,B01
201500048164,0,7,0,0.0,2.0,3.0,20.0,A01
201500048165,0,34,0,1.0,0.0,7.0,17.0,B01
201500048165,0,7,0,1.0,0.0,3.0,13.0,A01
201500048166,0,7,0,1.0,0.0,1.0,19.0,A01
201500048167,0,7,0,0.0,1.0,0.0,1.0,A01
201500048168,0,7,0,0.0,1.0,3.0,9.0,A01
201500048169,0,33,0,0.0,2.0,3.0,7.0,A01
201500048169,0,7,0,0.0,2.0,2.0,9.0,B01
201500048170,0,3,0,1.0,2.0,3.0,13.0,A01
201500048171,0,7,0,0.0,1.0,3.0,0.0,A01
201500048172,0,1,0,0.0,1.0,1.0,1.0,A01
201500048173,0,33,0,0.0,2.0,2.0,2.0,A01
201500048173,0,7,0,0.0,0.0,0.0,0.0,B01
201500048174,0,7,0,8.0,0.0,3.0,1.0,A01
201500048175,0,7,0,11.0,2.0,1.0,0.0,A01
201500048175,0,37,50,0.0,2.0,1.0,2.0,B01
201500048176,0,7,0,0.0,1.0,7.0,1.0,A01
201500048177,0,30,0,0.0,0.0,0.0,1.0,A01
201500048178,0,7,0,0.0,1.0,1.0,16.0,A01
201500048179,0,7,0,0.0,2.0,2.0,15.0,A01
201500048179,0,7,0,0.0,2.0,3.0,0.0,B01
201500048180,0,1,0,0.0,1.0,1.0,0.0,A01
201500048181,0,31,0,0.0,2.0,1.0,1.0,B01
201500048181,1,7,0,0.0,2.0,3.0,15.0,Z01
201500048182,0,7,0,0.0,2.0,3.0,17.0,A01
201500048182,0,37,0,0.0,2.0,1.0,5.0,B01
201500048183,2,7,0,15.0,1.0,1.0,14.0,A01
201500048184,0,7,0,0.0,1.0,2.0,1.0,A01
201500048185,0,1,0,0.0,2.0,1.0,1.0,B01
201500048185,0,37,45,0.0,2.0,0.0,0.0,C01
201500048185,0,7,0,0.0,2.0,2.0,16.0,A01
201500048186,0,10,0,0.0,2.0,3.0,1.0,B01
201500048186,0,2,0,0.0,2.0,5.0,12.0,A01
201500048187,0,32,0,0.0,0.0,0.0,0.0,A01
201500048188,0,7,0,0.0,2.0,1.0,1.0,A01
201500048188,0,7,0,0.0,0.0,8.0,1.0,B01
201500048189,0,7,0,0.0,2.0,1.0,13.0,A01
201500048189,0,7,0,0.0,2.0,1.0,1.0,B01
201500048190,0,30,0,0.0,0.0,0.0,1.0,A01
201500048191,0,7,0,3.0,0.0,1.0,0.0,A01
201500048192,0,7,0,0.0,1.0,2.0,1.0,A01
201500048193,0,7,0,0.0,2.0,4.0,1.0,B01
201500048193,0,2,0,0.0,2.0,1.0,2.0,A01
201500048194,0,7,0,0.0,1.0,2.0,16.0,A01
201500048195,0,7,0,0.0,2.0,8.0,1.0,B01
201500048195,0,7,0,0.0,2.0,1.0,1.0,A01
201500048196,0,7,0,0.0,2.0,1.0,2.0,A01
201500048196,0,7,0,15.0,0.0,4.0,2.0,B01
201500048197,0,7,0,3.0,2.0,8.0,13.0,A01
201500048197,0,7,0,0.0,2.0,8.0,1.0,B01
201500048198,0,33,0,0.0,2.0,7.0,1.0,B01
201500048198,0,7,0,0.0,2.0,8.0,9.0,A01
201500048199,0,33,0,0.0,2.0,1.0,17.0,B01
201500048199,0,10,0,0.0,2.0,3.0,15.0,A01
201500048200,0,1,0,0.0,2.0,1.0,2.0,B01
201500048200,0,7,0,0.0,2.0,8.0,2.0,A01
201500048201,0,31,0,0.0,2.0,1.0,17.0,A01
201500048201,0,7,0,0.0,2.0,3.0,15.0,B01
201500048202,0,30,0,16.0,0.0,0.0,0.0,A01
201500048203,0,3,0,0.0,2.0,1.0,2.0,C01
201500048203,0,7,0,0.0,2.0,1.0,2.0,B01
201500048203,0,7,0,0.0,2.0,1.0,2.0,A01
201500048204,0,99,0,0.0,2.0,7.0,2.0,A01
201500048204,0,31,0,0.0,2.0,1.0,2.0,B01
201500048205,0,7,0,0.0,2.0,7.0,15.0,A01
201500048205,0,33,0,0.0,2.0,8.0,1.0,B01
201500048206,0,1,0,0.0,2.0,1.0,1.0,B01
201500048206,0,7,0,0.0,2.0,5.0,15.0,A01
201500048207,0,7,0,0.0,2.0,3.0,15.0,B01
201500048207,0,7,0,0.0,2.0,3.0,1.0,A01
201500048208,0,7,0,0.0,1.0,8.0,2.0,A01
201500048209,0,7,0,0.0,2.0,3.0,2.0,B01
201500048209,0,7,0,0.0,2.0,1.0,15.0,A01
201500048210,0,7,0,0.0,1.0,6.0,4.0,A01
201500048211,0,33,0,0.0,2.0,1.0,1.0,B01
201500048211,0,7,0,0.0,2.0,1.0,2.0,A01
201500048212,0,1,0,0.0,1.0,1.0,1.0,A01
201500048213,0,37,0,0.0,1.0,3.0,0.0,A01
201500048214,0,3,0,15.0,1.0,1.0,2.0,A01
201500048215,0,33,0,0.0,2.0,4.0,2.0,B01
201500048215,0,7,0,0.0,2.0,1.0,2.0,A01
201500048216,0,7,0,0.0,2.0,2.0,15.0,A01
201500048216,0,2,0,0.0,2.0,1.0,1.0,B01
201500048217,0,7,0,0.0,1.0,2.0,1.0,A01
201500048218,0,7,0,0.0,1.0,1.0,15.0,A01
201500048219,0,7,0,0.0,1.0,1.0,15.0,A01
201500048220,0,7,0,0.0,0.0,2.0,1.0,A01
201500048221,0,7,0,0.0,1.0,1.0,2.0,A01
201500048222,0,1,0,0.0,2.0,2.0,2.0,B01
201500048222,0,7,0,0.0,2.0,7.0,15.0,A01
201500048223,0,7,0,0.0,2.0,4.0,1.0,B01
201500048223,0,7,0,0.0,2.0,1.0,1.0,A01
201500048224,1,7,0,0.0,2.0,0.0,0.0,A01
201500048224,0,2,0,0.0,0.0,0.0,0.0,B01
201500048225,0,31,0,0.0,2.0,1.0,0.0,B01
201500048225,0,7,0,0.0,2.0,2.0,19.0,A01
201500048226,0,7,0,0.0,2.0,3.0,1.0,B01
201500048226,0,1,0,0.0,2.0,8.0,19.0,A01
201500048227,0,10,0,0.0,1.0,2.0,1.0,A01
201500048228,0,7,0,0.0,1.0,4.0,4.0,A01
201500048229,0,7,0,0.0,2.0,2.0,0.0,A01
201500048229,0,7,0,0.0,2.0,0.0,0.0,B01
201500048230,0,7,0,0.0,2.0,6.0,15.0,B01
201500048230,0,2,0,0.0,2.0,1.0,1.0,A01
201500048231,0,7,0,0.0,1.0,1.0,1.0,A01
201500048232,0,7,0,0.0,2.0,6.0,1.0,C01
201500048232,0,7,0,0.0,2.0,3.0,13.0,A01
201500048232,0,31,0,0.0,2.0,4.0,1.0,B01
201500048233,0,7,0,0.0,1.0,2.0,3.0,A01
201500048234,1,7,0,0.0,2.0,4.0,2.0,Z01
201500048234,0,1,0,0.0,2.0,1.0,2.0,A01
201500048235,0,30,0,0.0,2.0,1.0,1.0,A01
201500048235,0,7,0,0.0,2.0,0.0,0.0,B01
201500048236,0,33,0,1.0,2.0,1.0,0.0,A01
201500048237,0,7,0,0.0,1.0,3.0,10.0,A01
201500048238,0,1,0,0.0,1.0,1.0,1.0,A01
201500048239,0,3,0,0.0,1.0,1.0,1.0,A01
201500048240,0,7,0,0.0,2.0,1.0,2.0,B01
201500048240,0,7,0,0.0,2.0,2.0,10.0,A01
201500048241,0,7,0,0.0,2.0,3.0,13.0,A01
201500048241,0,7,0,0.0,2.0,1.0,1.0,B01
201500048242,0,7,0,0.0,1.0,1.0,16.0,A01
201500048243,0,33,0,0.0,0.0,1.0,1.0,A01
201500048243,0,7,0,0.0,2.0,0.0,15.0,B01
201500048244,0,7,0,0.0,2.0,1.0,2.0,B01
201500048244,0,7,0,0.0,2.0,1.0,13.0,A01
201500048245,0,33,0,0.0,1.0,1.0,1.0,A01
201500048246,0,30,0,1.0,0.0,2.0,1.0,A01
201500048247,0,7,0,0.0,1.0,1.0,0.0,A01
201500048248,0,7,0,0.0,1.0,2.0,1.0,A01
201500048249,0,32,0,0.0,2.0,1.0,1.0,A01
201500048249,0,7,0,0.0,2.0,4.0,2.0,B01
201500048250,0,7,0,1.0,1.0,1.0,1.0,A01
201500048251,0,33,0,4.0,0.0,8.0,0.0,A01
201500048252,0,7,0,0.0,2.0,4.0,2.0,K02
201500048252,0,15,0,0.0,2.0,4.0,2.0,N03
201500048252,0,17,0,0.0,2.0,4.0,2.0,I02
201500048252,0,7,0,0.0,2.0,4.0,2.0,F01
201500048252,0,7,0,0.0,2.0,6.0,2.0,D01
201500048252,0,7,0,0.0,2.0,5.0,2.0,C01
201500048252,0,7,0,0.0,2.0,4.0,2.0,H02
201500048252,0,15,0,0.0,2.0,4.0,2.0,O03
201500048252,0,7,0,0.0,2.0,4.0,2.0,L02
201500048252,0,7,0,0.0,2.0,6.0,2.0,B03
201500048252,0,7,0,0.0,2.0,4.0,2.0,G01
201500048252,0,7,0,0.0,2.0,4.0,2.0,M03
201500048252,0,15,0,0.0,2.0,1.0,19.0,A03
201500048252,0,7,0,0.0,2.0,4.0,2.0,J02
201500048252,0,7,0,0.0,2.0,4.0,2.0,E01
201500048253,0,7,0,0.0,2.0,1.0,0.0,A01
201500048253,0,7,0,0.0,2.0,4.0,2.0,B01
201500048254,0,7,0,0.0,0.0,4.0,2.0,B01
201500048254,0,15,0,0.0,2.0,1.0,2.0,A01
201500048255,0,7,0,4.0,0.0,0.0,16.0,A01
201500048256,0,7,0,0.0,0.0,4.0,2.0,B01
201500048256,0,7,0,0.0,2.0,1.0,2.0,A01
201500048257,0,7,0,0.0,1.0,1.0,2.0,A01
201500048258,0,7,0,0.0,0.0,0.0,0.0,A01
201500048258,0,7,0,0.0,0.0,0.0,0.0,B01