Num_Acc,senc,catv,occutc,obs,obsm,choc,manv,num_veh
201500048259,0,10,0,0.0,0.0,6.0,0.0,A01
201500048259,0,15,0,0.0,2.0,2.0,2.0,B01
201500048260,0,7,0,0.0,2.0,8.0,11.0,A01
201500048260,0,33,0,0.0,2.0,7.0,3.0,B01
201500048261,0,7,0,4.0,0.0,1.0,1.0,A01
201500048262,0,7,0,0.0,2.0,0.0,1.0,D01
201500048262,0,7,0,0.0,2.0,0.0,11.0,A01
201500048262,0,7,0,0.0,2.0,0.0,1.0,B01
201500048262,0,7,0,0.0,2.0,0.0,1.0,C01
201500048263,0,7,0,0.0,9.0,0.0,0.0,B01
201500048263,0,33,0,0.0,2.0,0.0,3.0,A01
201500048264,0,7,0,0.0,1.0,2.0,21.0,A01
201500048265,0,7,0,1.0,0.0,1.0,9.0,A01
201500048265,0,15,0,0.0,9.0,4.0,0.0,B01
201500048265,0,15,0,1.0,2.0,4.0,24.0,C01
201500048266,0,10,0,4.0,0.0,3.0,1.0,A01
201500048267,0,7,0,4.0,0.0,0.0,0.0,A01
201500048268,0,7,0,4.0,0.0,0.0,0.0,A01
201500048269,0,7,0,0.0,2.0,4.0,2.0,C01
201500048269,0,7,0,0.0,2.0,4.0,2.0,B01
201500048269,0,7,0,0.0,2.0,1.0,2.0,A01
201500048270,0,7,0,10.0,0.0,0.0,1.0,A01
201500048271,0,10,0,0.0,1.0,1.0,1.0,A01
201500048272,0,7,0,4.0,0.0,0.0,1.0,A01
201500048273,0,7,0,0.0,2.0,1.0,2.0,A01
201500048273,0,7,0,0.0,2.0,4.0,2.0,B01
201500048273,0,7,0,0.0,2.0,4.0,2.0,C01
201500048274,0,7,0,4.0,0.0,0.0,1.0,A01
201500048275,0,7,0,0.0,0.0,0.0,0.0,C01
201500048275,0,7,0,0.0,2.0,1.0,5.0,A01
201500048275,0,7,0,0.0,2.0,1.0,1.0,B01
201500048276,0,7,0,0.0,2.0,8.0,11.0,A01
201500048276,0,15,0,0.0,2.0,7.0,1.0,B01
201500048277,0,7,0,3.0,0.0,2.0,0.0,A01
201500048278,0,7,0,0.0,2.0,4.0,2.0,C01
201500048278,0,7,0,0.0,2.0,4.0,2.0,E01
201500048278,0,13,0,0.0,2.0,1.0,2.0,D01
201500048278,0,7,0,0.0,2.0,4.0,2.0,B01
201500048278,0,7,0,0.0,2.0,1.0,2.0,A01
201500048279,0,7,0,1.0,0.0,7.0,21.0,A01
201500048279,0,10,0,0.0,0.0,4.0,24.0,B01
201500048279,0,7,0,0.0,0.0,4.0,0.0,C01
201500048280,0,7,0,0.0,2.0,0.0,0.0,A01
201500048280,0,7,0,0.0,2.0,0.0,0.0,B01
201500048281,0,15,0,0.0,2.0,7.0,12.0,A01
201500048281,0,7,0,0.0,0.0,8.0,1.0,B01
201500048282,0,7,0,0.0,2.0,4.0,2.0,C01
201500048282,0,7,0,0.0,2.0,4.0,2.0,B01
201500048282,0,7,0,0.0,2.0,1.0,2.0,A01
201500048283,0,7,0,0.0,2.0,1.0,2.0,A01
201500048283,0,7,0,0.0,2.0,4.0,2.0,B01
201500048283,0,7,0,0.0,0.0,4.0,2.0,C01
201500048284,0,7,0,0.0,2.0,0.0,0.0,B01
201500048284,1,7,0,0.0,2.0,0.0,0.0,Z01
201500048285,0,10,0,0.0,2.0,1.0,2.0,A01
201500048285,0,7,0,0.0,2.0,4.0,2.0,B01
201500048285,0,7,0,0.0,2.0,4.0,2.0,C01
201500048285,0,7,0,0.0,2.0,4.0,2.0,D01
201500048286,0,7,0,0.0,2.0,1.0,2.0,A01
201500048286,0,7,0,0.0,2.0,4.0,2.0,B01
201500048287,0,7,0,3.0,0.0,1.0,1.0,A01
201500048288,0,7,0,0.0,2.0,4.0,2.0,F02
201500048288,0,7,0,0.0,2.0,1.0,2.0,A01
201500048288,0,7,0,0.0,2.0,4.0,2.0,E01
201500048288,0,7,0,0.0,2.0,1.0,2.0,B01
201500048288,0,7,0,0.0,2.0,0.0,0.0,C01
201500048288,0,7,0,0.0,2.0,0.0,0.0,D01
201500048289,0,7,0,0.0,0.0,4.0,1.0,B01
201500048289,0,33,0,0.0,2.0,1.0,1.0,A01
201500048290,0,7,0,0.0,2.0,2.0,1.0,B01
201500048290,0,7,0,0.0,2.0,3.0,13.0,A01
201500048291,0,7,0,3.0,0.0,1.0,0.0,A01
201500048292,0,7,0,0.0,2.0,1.0,2.0,A01
201500048292,0,7,0,0.0,2.0,4.0,2.0,B01
201500048293,0,7,0,4.0,0.0,0.0,11.0,A01
201500048294,1,7,0,0.0,1.0,0.0,0.0,A01
201500048295,0,33,0,0.0,2.0,1.0,14.0,A01
201500048295,0,7,0,0.0,0.0,8.0,1.0,B01
201500048296,0,7,0,3.0,0.0,9.0,1.0,A01
201500048297,0,7,0,0.0,2.0,1.0,2.0,C01
201500048297,0,7,0,0.0,2.0,1.0,2.0,A01
201500048297,0,7,0,0.0,2.0,1.0,2.0,B01
201500048298,0,7,0,0.0,0.0,0.0,0.0,A01
201500048299,0,7,0,5.0,0.0,1.0,1.0,A01
201500048300,0,7,0,0.0,1.0,1.0,2.0,A01
201500048301,0,7,0,4.0,0.0,1.0,1.0,A01
201500048302,0,7,0,3.0,0.0,2.0,1.0,A01
201500048303,0,7,0,0.0,2.0,5.0,0.0,A01
201500048303,0,7,0,0.0,2.0,3.0,1.0,B01
201500048304,0,7,0,0.0,0.0,8.0,1.0,A01
201500048305,0,31,0,0.0,0.0,0.0,1.0,A01
201500048306,0,7,0,0.0,1.0,7.0,21.0,A01
201500048306,0,7,0,0.0,2.0,4.0,13.0,B01
201500048306,0,7,0,0.0,2.0,3.0,21.0,E01
201500048306,0,7,0,0.0,2.0,3.0,21.0,D01
201500048306,0,7,0,0.0,2.0,1.0,1.0,C01
201500048307,0,7,0,4.0,0.0,1.0,19.0,A01
201500048307,0,7,0,0.0,2.0,0.0,21.0,B01
201500048308,0,7,0,0.0,2.0,1.0,2.0,C01
201500048308,0,7,0,0.0,2.0,1.0,2.0,A01
201500048308,0,7,0,0.0,2.0,1.0,2.0,B01
201500048309,0,7,0,0.0,2.0,4.0,2.0,B01
201500048309,0,7,0,0.0,2.0,1.0,2.0,A01
201500048309,0,7,0,0.0,0.0,0.0,0.0,C01
201500048310,0,7,0,0.0,2.0,1.0,2.0,A01
201500048310,0,7,0,0.0,2.0,4.0,2.0,B01
201500048311,0,7,0,3.0,0.0,1.0,1.0,A01
201500048312,0,7,0,0.0,1.0,1.0,2.0,A01
201500048313,0,17,0,0.0,2.0,8.0,1.0,A01
201500048313,0,7,0,4.0,2.0,8.0,17.0,B01
201500048314,0,7,0,0.0,2.0,1.0,2.0,C01
201500048314,0,7,0,0.0,2.0,4.0,2.0,A01
201500048314,0,7,0,0.0,2.0,1.0,2.0,B01
201500048315,0,10,0,0.0,1.0,1.0,2.0,A01
201500048316,0,16,0,0.0,2.0,4.0,2.0,C01
201500048316,0,16,0,0.0,2.0,4.0,2.0,A01
201500048316,0,17,0,0.0,2.0,4.0,2.0,B01
201500048317,0,7,0,0.0,2.0,4.0,2.0,A01
201500048317,1,15,0,0.0,2.0,1.0,2.0,X01
201500048318,0,7,0,0.0,2.0,1.0,2.0,A01
201500048318,0,7,0,0.0,2.0,4.0,2.0,B01
201500048318,0,7,0,0.0,2.0,4.0,2.0,C01
201500048319,0,7,0,0.0,2.0,7.0,1.0,B01
201500048319,0,17,0,0.0,2.0,8.0,13.0,A01
201500048320,0,7,0,4.0,0.0,1.0,16.0,A01
201500048321,0,15,0,0.0,2.0,2.0,12.0,A01
201500048321,0,7,0,0.0,2.0,8.0,1.0,B01
201500048322,0,7,0,4.0,0.0,9.0,0.0,A01
201500048323,0,17,0,0.0,2.0,8.0,11.0,A01
201500048323,0,33,0,0.0,2.0,4.0,1.0,B01
201500048324,0,33,0,0.0,0.0,0.0,0.0,A01
201500048325,0,33,0,0.0,2.0,1.0,12.0,A01
201500048325,0,15,0,0.0,2.0,4.0,1.0,B01
201500048326,0,7,0,0.0,2.0,1.0,2.0,A01
201500048327,0,7,0,0.0,2.0,4.0,11.0,A01
201500048327,0,15,0,0.0,2.0,1.0,21.0,B01
201500048328,0,33,0,0.0,2.0,1.0,2.0,A01
201500048328,0,7,0,0.0,2.0,4.0,2.0,B01
201500048329,0,33,0,0.0,2.0,5.0,1.0,B01
201500048329,0,7,0,0.0,2.0,8.0,1.0,D01
201500048329,0,33,0,0.0,2.0,3.0,9.0,A01
201500048329,0,7,0,0.0,2.0,8.0,1.0,C01
201500048330,0,15,0,0.0,1.0,2.0,21.0,A01
201500048331,0,7,0,0.0,2.0,1.0,2.0,A01
201500048331,0,7,0,0.0,2.0,4.0,2.0,B01
201500048332,0,33,0,0.0,2.0,8.0,3.0,B01
201500048332,0,7,0,0.0,2.0,7.0,12.0,A01
201500048333,2,7,0,0.0,0.0,0.0,0.0,A01
201500048334,0,7,0,0.0,2.0,1.0,21.0,A01
201500048335,0,15,0,0.0,0.0,0.0,0.0,A01
201500048335,0,7,0,0.0,0.0,0.0,0.0,B01
201500048336,0,15,0,0.0,0.0,7.0,1.0,A01
201500048337,2,7,0,0.0,2.0,1.0,2.0,A01
201500048337,0,7,0,0.0,0.0,4.0,2.0,B01
201500048338,0,7,0,0.0,2.0,1.0,2.0,A01
201500048338,0,7,0,0.0,0.0,4.0,2.0,B01
201500048339,0,15,0,3.0,0.0,0.0,0.0,A01
201500048340,0,7,0,4.0,0.0,1.0,16.0,A01
201500048341,0,7,0,0.0,0.0,4.0,2.0,B01
201500048341,0,7,0,0.0,2.0,1.0,2.0,C01
201500048341,0,15,0,0.0,2.0,1.0,2.0,A01
201500048342,0,7,0,0.0,2.0,1.0,2.0,A01
201500048342,0,7,0,0.0,0.0,4.0,2.0,B01
201500048343,0,33,0,0.0,2.0,0.0,9.0,A01
201500048343,0,33,0,0.0,2.0,0.0,9.0,B01
201500048344,0,7,0,0.0,0.0,4.0,2.0,B01
201500048344,0,7,0,0.0,2.0,1.0,2.0,A01
201500048345,0,7,0,0.0,0.0,0.0,0.0,A01
201500048345,0,33,0,0.0,0.0,0.0,0.0,B01
201500048346,0,10,0,0.0,0.0,0.0,0.0,A01
201500048347,0,33,0,0.0,0.0,0.0,1.0,A01
201500048348,1,7,0,0.0,2.0,9.0,21.0,Z01
201500048348,0,7,0,0.0,2.0,0.0,21.0,B01
201500048349,0,7,0,0.0,1.0,0.0,1.0,A01
201500048350,0,7,0,5.0,0.0,0.0,9.0,A01
201500048350,0,15,0,0.0,2.0,0.0,1.0,B01
201500048351,0,15,0,3.0,2.0,1.0,6.0,A01
201500048351,0,7,0,0.0,2.0,1.0,1.0,B01
201500048352,0,7,0,0.0,2.0,1.0,2.0,A01
201500048352,0,33,0,0.0,2.0,4.0,2.0,B01
201500048353,0,7,0,0.0,2.0,0.0,1.0,B01
201500048353,0,7,0,4.0,2.0,0.0,0.0,A01
201500048354,0,7,0,0.0,2.0,1.0,2.0,A01
201500048354,0,7,0,0.0,2.0,4.0,2.0,B01
201500048354,0,7,0,0.0,2.0,4.0,2.0,C01
201500048355,0,7,0,0.0,0.0,0.0,1.0,A01
201500048356,0,7,0,0.0,2.0,1.0,2.0,A01
201500048356,0,7,0,0.0,2.0,4.0,2.0,B01
201500048357,0,7,0,0.0,2.0,0.0,18.0,A01
201500048357,0,7,0,0.0,0.0,0.0,1.0,B01
201500048358,1,15,0,0.0,1.0,0.0,0.0,Z01
201500048359,0,33,0,0.0,0.0,0.0,15.0,A01
201500048360,0,7,0,0.0,2.0,0.0,0.0,A01
201500048360,0,7,0,0.0,0.0,0.0,1.0,B01
201500048361,0,7,0,0.0,2.0,6.0,1.0,B01
201500048361,0,7,0,0.0,2.0,2.0,17.0,A01
201500048362,0,7,0,7.0,0.0,1.0,14.0,A01
201500048363,0,7,0,0.0,2.0,6.0,23.0,A01
201500048363,0,7,0,0.0,2.0,1.0,2.0,B01
201500048364,0,7,0,1.0,0.0,1.0,2.0,A01
201500048364,0,10,0,0.0,2.0,4.0,23.0,B01
201500048365,0,7,0,0.0,2.0,4.0,2.0,B01
201500048365,0,7,0,0.0,2.0,1.0,2.0,A01
201500048366,1,99,0,0.0,1.0,0.0,0.0,Z01
201500048367,0,33,0,0.0,0.0,8.0,1.0,A01
201500048368,0,7,0,0.0,0.0,9.0,1.0,A01
201500048369,0,7,0,0.0,0.0,0.0,1.0,B01
201500048369,1,7,0,0.0,2.0,0.0,18.0,Z01
201500048370,0,7,0,0.0,0.0,4.0,1.0,B01
201500048370,0,33,0,0.0,2.0,0.0,3.0,A01
201500048371,0,33,0,3.0,0.0,0.0,0.0,A01
201500048372,0,33,0,0.0,0.0,0.0,0.0,A01
201500048373,0,7,0,4.0,0.0,8.0,13.0,A01
201500048374,0,33,0,3.0,0.0,8.0,13.0,A01
201500048375,0,7,0,0.0,2.0,1.0,1.0,A01
201500048375,0,7,0,0.0,2.0,4.0,2.0,B01
201500048376,0,10,0,4.0,2.0,8.0,13.0,A01
201500048376,0,7,0,0.0,2.0,1.0,1.0,B01
201500048377,0,7,0,4.0,0.0,0.0,1.0,A01
201500048378,0,7,0,4.0,0.0,0.0,16.0,A01
201500048379,0,7,0,0.0,0.0,4.0,2.0,B01
201500048379,0,33,0,0.0,2.0,1.0,2.0,A01
201500048380,0,7,0,0.0,0.0,7.0,1.0,B01
201500048380,1,15,0,0.0,2.0,8.0,0.0,Z01
201500048381,0,15,0,0.0,2.0,1.0,2.0,A01
201500048381,0,7,0,0.0,2.0,4.0,2.0,B01
201500048382,0,31,0,0.0,1.0,1.0,21.0,A01
201500048383,0,7,0,0.0,2.0,1.0,2.0,A01
201500048383,0,10,0,0.0,0.0,4.0,23.0,B01
201500048384,0,7,0,0.0,2.0,8.0,2.0,B01
201500048384,0,7,0,4.0,2.0,8.0,13.0,A01
201500048385,0,7,0,0.0,2.0,1.0,2.0,A01
201500048385,0,7,0,4.0,2.0,4.0,2.0,B01
201500048386,0,7,0,0.0,2.0,4.0,2.0,B01
201500048386,0,7,0,0.0,2.0,1.0,2.0,A01
201500048386,0,7,0,0.0,2.0,4.0,2.0,E01
201500048386,0,7,0,0.0,2.0,4.0,2.0,C01
201500048386,0,7,0,0.0,2.0,4.0,2.0,D01
201500048387,0,7,0,0.0,2.0,1.0,2.0,A01
201500048387,0,7,0,0.0,2.0,4.0,2.0,B01
201500048388,0,7,0,4.0,0.0,3.0,15.0,A01
201500048389,0,7,0,0.0,0.0,0.0,0.0,A01
201500048390,0,7,0,0.0,2.0,1.0,2.0,A01
201500048390,0,7,0,0.0,2.0,4.0,2.0,B01
201500048390,0,7,0,0.0,2.0,4.0,2.0,C01
201500048391,0,7,0,4.0,0.0,0.0,1.0,A01
201500048392,0,7,0,3.0,0.0,9.0,14.0,A01
201500048393,0,7,0,0.0,0.0,0.0,1.0,A01
201500048394,0,7,0,1.0,1.0,3.0,21.0,A01
201500048395,0,7,0,0.0,2.0,4.0,2.0,C01
201500048395,0,7,0,0.0,2.0,4.0,2.0,D01
201500048395,0,7,0,0.0,2.0,1.0,2.0,A01
201500048395,0,7,0,0.0,2.0,4.0,2.0,B01
201500048396,0,7,0,0.0,2.0,1.0,2.0,A01
201500048396,0,7,0,0.0,2.0,4.0,2.0,C01
201500048396,0,7,0,0.0,2.0,4.0,2.0,B01
201500048396,0,7,0,0.0,2.0,4.0,2.0,D01
201500048397,0,7,0,0.0,2.0,1.0,2.0,A01
201500048397,0,7,0,0.0,2.0,4.0,2.0,B01
201500048398,0,14,0,0.0,1.0,1.0,10.0,A01
201500048399,1,15,0,0.0,2.0,7.0,12.0,Z01
201500048399,0,7,0,0.0,2.0,8.0,1.0,B01
201500048400,0,7,0,0.0,2.0,5.0,12.0,A01
201500048400,0,13,0,0.0,2.0,5.0,12.0,B01
201500048401,0,7,0,0.0,2.0,1.0,2.0,A01
201500048401,0,7,0,0.0,2.0,4.0,2.0,B01
201500048401,0,15,0,0.0,2.0,4.0,2.0,C01
201500048402,0,7,0,0.0,2.0,4.0,2.0,B01
201500048402,0,10,0,0.0,2.0,1.0,2.0,A01
201500048403,0,15,0,0.0,1.0,2.0,21.0,A01
201500048404,0,7,0,3.0,0.0,0.0,15.0,A01
201500048405,0,15,0,0.0,2.0,6.0,1.0,B01
201500048405,0,33,0,0.0,2.0,1.0,17.0,A01
201500048406,0,7,0,0.0,2.0,7.0,14.0,A01
201500048406,0,33,0,0.0,2.0,8.0,3.0,B01
201500048407,0,7,0,0.0,2.0,1.0,2.0,A01
201500048407,0,7,0,0.0,2.0,4.0,2.0,C01
201500048407,0,7,0,0.0,2.0,4.0,2.0,B01
201500048407,0,7,0,0.0,2.0,4.0,2.0,D01
201500048408,0,7,0,3.0,0.0,0.0,21.0,A01
201500048408,0,7,0,14.0,0.0,1.0,21.0,B01
201500048409,0,7,0,4.0,0.0,0.0,0.0,A01
201500048410,0,7,0,0.0,2.0,1.0,2.0,A01
201500048410,0,7,0,0.0,2.0,4.0,2.0,B01
201500048411,0,7,0,0.0,2.0,4.0,2.0,B01
201500048411,0,7,0,0.0,2.0,1.0,2.0,A01
201500048411,0,7,0,0.0,2.0,4.0,2.0,C01
201500048412,0,33,0,0.0,2.0,1.0,1.0,A01
201500048412,0,33,0,0.0,2.0,4.0,1.0,B01
201500048413,0,7,0,4.0,0.0,3.0,13.0,A01
201500048414,0,7,0,0.0,1.0,1.0,21.0,A01
201500048415,0,7,0,4.0,0.0,9.0,0.0,A01
201500048416,0,15,0,0.0,2.0,2.0,12.0,A01
201500048416,0,7,0,0.0,2.0,8.0,1.0,B01
201500048416,0,7,0,0.0,0.0,0.0,0.0,C01
201500048417,0,7,0,0.0,1.0,8.0,1.0,A01
201500048418,0,1,0,1.0,0.0,3.0,18.0,B01
201500048418,0,7,0,0.0,2.0,7.0,22.0,A01
201500048419,0,7,0,0.0,1.0,2.0,1.0,A01
201500048420,0,7,0,0.0,1.0,2.0,16.0,A01
201500048421,0,7,0,0.0,2.0,3.0,1.0,B01
201500048421,0,1,0,0.0,2.0,1.0,15.0,A01
201500048422,0,7,0,0.0,2.0,2.0,1.0,A01
201500048422,0,7,0,0.0,2.0,3.0,0.0,B01
201500048423,0,7,0,0.0,2.0,1.0,1.0,B01
201500048423,0,7,0,0.0,2.0,3.0,16.0,A01
201500048424,0,7,0,0.0,2.0,1.0,1.0,A01
201500048424,0,7,0,0.0,2.0,8.0,1.0,B01
201500048425,0,7,0,0.0,1.0,1.0,1.0,A01
201500048426,0,7,0,0.0,2.0,8.0,22.0,A01
201500048426,0,1,0,0.0,2.0,0.0,2.0,B01
201500048427,0,7,0,0.0,2.0,8.0,15.0,B01
201500048427,0,1,0,0.0,2.0,8.0,7.0,A01
201500048428,0,7,0,0.0,2.0,8.0,0.0,B01
201500048428,0,1,0,0.0,2.0,3.0,1.0,A01
201500048429,0,7,0,0.0,1.0,1.0,15.0,A01
201500048430,0,7,0,0.0,2.0,3.0,2.0,B01
201500048430,0,7,0,0.0,2.0,1.0,2.0,A01
201500048431,0,7,0,0.0,2.0,1.0,2.0,A01
201500048431,0,1,0,0.0,0.0,4.0,0.0,B01
201500048432,0,7,0,0.0,2.0,1.0,1.0,B01
201500048432,0,7,0,6.0,2.0,8.0,1.0,A01
201500048433,0,32,0,0.0,1.0,8.0,1.0,A01
201500048434,0,7,0,0.0,0.0,4.0,23.0,B01
201500048434,1,7,0,0.0,2.0,1.0,9.0,Z01
201500048434,0,7,0,0.0,0.0,3.0,23.0,C01
201500048435,0,7,0,15.0,2.0,7.0,1.0,A01
201500048435,0,7,0,0.0,2.0,1.0,1.0,B01
201500048436,0,7,0,0.0,1.0,1.0,15.0,A01
201500048437,0,7,0,0.0,1.0,1.0,1.0,A01
201500048438,0,7,0,0.0,1.0,1.0,1.0,A01
201500048439,0,10,0,0.0,2.0,3.0,1.0,A01
201500048439,0,1,0,0.0,2.0,7.0,1.0,B01
201500048440,0,7,0,0.0,1.0,1.0,15.0,A01
201500048441,0,7,0,0.0,2.0,2.0,1.0,B01
201500048441,0,7,0,0.0,2.0,1.0,1.0,A01
201500048442,0,7,0,0.0,1.0,1.0,1.0,A01
201500048443,0,31,0,0.0,2.0,1.0,2.0,A01
201500048443,0,7,0,0.0,2.0,6.0,2.0,B01
201500048444,0,10,0,8.0,1.0,1.0,19.0,A01
201500048445,0,7,0,0.0,1.0,1.0,1.0,A01
201500048446,1,10,0,0.0,1.0,0.0,15.0,A01
201500048447,0,33,0,0.0,0.0,0.0,0.0,B01
201500048447,0,7,0,0.0,0.0,0.0,19.0,A01
201500048448,0,7,0,0.0,1.0,2.0,1.0,A01
201500048449,0,1,0,0.0,1.0,1.0,1.0,A01
201500048450,0,7,0,0.0,2.0,3.0,11.0,A01
201500048450,0,7,0,0.0,2.0,2.0,1.0,B01
201500048451,0,7,0,0.0,1.0,3.0,15.0,A01
201500048452,0,7,0,0.0,2.0,1.0,15.0,A01
201500048452,0,1,0,0.0,2.0,1.0,1.0,B01
201500048453,0,37,0,0.0,1.0,2.0,1.0,A01
201500048454,0,1,0,0.0,2.0,0.0,1.0,B01
201500048454,0,7,0,0.0,2.0,1.0,1.0,A01
201500048455,2,7,0,0.0,0.0,1.0,0.0,A01
201500048456,0,1,0,0.0,2.0,1.0,1.0,B01
201500048456,0,7,0,0.0,2.0,1.0,15.0,A01
201500048457,0,7,0,0.0,0.0,1.0,0.0,A01
201500048457,0,10,0,0.0,0.0,2.0,0.0,B01
201500048458,0,7,0,0.0,2.0,2.0,1.0,B01
201500048458,0,1,0,0.0,2.0,6.0,1.0,A01
201500048459,0,17,0,0.0,2.0,7.0,20.0,B01
201500048459,0,7,0,0.0,2.0,3.0,1.0,A01
201500048460,0,7,0,0.0,1.0,1.0,15.0,A01
201500048461,2,7,0,8.0,0.0,1.0,1.0,A01
201500048462,0,7,0,0.0,1.0,5.0,4.0,A01
201500048463,0,7,0,0.0,2.0,2.0,15.0,B01
201500048463,0,33,0,0.0,2.0,1.0,7.0,A01
201500048464,0,7,0,0.0,1.0,1.0,2.0,A01
201500048465,0,10,0,0.0,2.0,3.0,1.0,B01
201500048465,0,7,0,0.0,2.0,3.0,13.0,A01
201500048466,0,7,0,0.0,2.0,1.0,1.0,B01
201500048466,0,7,0,0.0,2.0,7.0,1.0,A01
201500048467,0,7,0,0.0,1.0,5.0,1.0,A01
201500048468,0,7,0,0.0,1.0,3.0,1.0,A01
201500048469,0,33,0,0.0,2.0,1.0,3.0,A01
201500048469,0,10,0,0.0,2.0,6.0,9.0,B01
201500048470,0,7,0,2.0,0.0,1.0,2.0,A01
201500048471,0,33,0,0.0,2.0,1.0,1.0,A01
201500048471,1,7,0,0.0,2.0,1.0,19.0,Z01
201500048472,0,1,0,0.0,0.0,0.0,16.0,B01
201500048472,0,7,0,0.0,0.0,1.0,9.0,A01
201500048473,0,2,0,0.0,2.0,3.0,1.0,B01
201500048473,0,7,0,0.0,2.0,7.0,15.0,A01
201500048474,0,13,0,0.0,1.0,1.0,15.0,A01
201500048475,0,7,0,0.0,2.0,1.0,2.0,A01
201500048475,0,7,0,0.0,2.0,5.0,2.0,B01
201500048476,0,1,0,0.0,2.0,1.0,1.0,A01
201500048477,0,31,0,0.0,2.0,1.0,1.0,B01
201500048477,0,7,0,0.0,2.0,1.0,15.0,A01
201500048478,0,30,0,0.0,2.0,1.0,1.0,B01
201500048478,0,7,0,0.0,2.0,5.0,1.0,A01
201500048479,0,7,0,0.0,2.0,2.0,1.0,B01
201500048479,0,7,0,0.0,2.0,1.0,1.0,A01
201500048480,0,7,0,0.0,2.0,1.0,2.0,A01
201500048480,0,7,0,0.0,2.0,4.0,2.0,B01
201500048481,0,7,0,0.0,1.0,1.0,15.0,A01
201500048482,0,10,0,2.0,0.0,2.0,16.0,A01
201500048482,0,7,0,0.0,0.0,0.0,0.0,B01
201500048483,0,7,0,0.0,2.0,2.0,15.0,A01
201500048483,0,7,0,0.0,2.0,1.0,1.0,B01
201500048484,0,7,0,0.0,2.0,0.0,0.0,B01
201500048484,0,7,0,0.0,2.0,0.0,0.0,A01
201500048485,0,7,0,0.0,2.0,1.0,1.0,B01
201500048486,0,7,0,8.0,1.0,1.0,2.0,A01
201500048486,0,7,0,0.0,0.0,0.0,15.0,B01
201500048487,0,7,0,0.0,2.0,3.0,22.0,A01
201500048487,0,1,0,1.0,0.0,5.0,1.0,B01
201500048488,0,7,0,0.0,1.0,8.0,1.0,A01
201500048489,0,7,0,0.0,1.0,3.0,15.0,A01
201500048490,0,7,0,0.0,1.0,0.0,0.0,A01
201500048491,0,33,0,0.0,0.0,4.0,23.0,B01
201500048491,0,7,0,0.0,2.0,1.0,2.0,A01
201500048492,0,10,0,0.0,2.0,8.0,22.0,A01
201500048492,0,1,0,0.0,2.0,7.0,17.0,B01
201500048493,0,7,0,0.0,1.0,1.0,0.0,A01
201500048494,1,7,0,0.0,0.0,0.0,0.0,A01
201500048494,0,2,0,0.0,0.0,0.0,0.0,B01
201500048495,0,7,0,0.0,1.0,1.0,16.0,A01
201500048496,0,7,0,0.0,1.0,1.0,15.0,A01
201500048497,0,7,0,0.0,1.0,1.0,0.0,A01
201500048498,0,1,0,0.0,2.0,4.0,11.0,B01
201500048498,0,7,0,0.0,2.0,1.0,1.0,A01
201500048499,0,7,0,0.0,1.0,4.0,4.0,A01
201500048500,0,7,0,0.0,2.0,7.0,11.0,A01
201500048500,0,7,0,0.0,2.0,1.0,2.0,B01
201500048501,0,30,0,0.0,2.0,8.0,1.0,B01
201500048501,0,7,0,0.0,2.0,7.0,2.0,A01
201500048502,0,33,0,0.0,2.0,1.0,2.0,A01
201500048502,0,7,0,0.0,2.0,5.0,16.0,B01
201500048503,0,7,0,0.0,4.0,3.0,15.0,A01
201500048503,0,40,10,0.0,2.0,2.0,1.0,B01
201500048504,0,7,0,1.0,2.0,3.0,2.0,A01
201500048504,0,7,0,0.0,2.0,2.0,9.0,B01
201500048505,0,7,0,0.0,2.0,1.0,1.0,A01
201500048505,0,1,0,0.0,2.0,8.0,1.0,B01
201500048506,0,7,0,0.0,0.0,3.0,1.0,B01
201500048506,0,7,0,0.0,0.0,2.0,14.0,A01
201500048507,0,34,0,0.0,2.0,1.0,1.0,A01
201500048507,0,7,0,0.0,2.0,7.0,1.0,B01
201500048508,0,30,0,16.0,0.0,1.0,13.0,A01
201500048509,0,7,0,0.0,2.0,2.0,0.0,A01
201500048510,0,7,0,0.0,2.0,4.0,1.0,A01
201500048510,1,7,0,0.0,2.0,1.0,2.0,C01
201500048510,0,7,0,0.0,2.0,8.0,1.0,B01
201500048511,0,7,0,0.0,2.0,8.0,24.0,B01
201500048511,0,7,0,1.0,0.0,7.0,0.0,A01
201500048512,0,30,0,0.0,1.0,1.0,1.0,A01
201500048513,1,7,0,0.0,1.0,0.0,15.0,A01
201500048514,0,7,0,0.0,2.0,2.0,1.0,A01
201500048514,0,7,0,0.0,1.0,6.0,23.0,B01
201500048515,0,7,0,0.0,2.0,8.0,1.0,B01
201500048515,0,7,0,0.0,2.0,1.0,0.0,A01
201500048516,0,7,0,0.0,1.0,1.0,15.0,A01
201500048517,0,99,0,0.0,1.0,1.0,1.0,A01
201500048518,0,30,0,0.0,2.0,2.0,0.0,A01
201500048518,0,7,0,0.0,2.0,8.0,0.0,B01
201500048519,0,7,0,0.0,1.0,0.0,15.0,A01
201500048520,0,7,0,0.0,2.0,6.0,1.0,C01
201500048520,0,7,0,0.0,2.0,0.0,1.0,B01
201500048520,0,7,0,0.0,2.0,2.0,15.0,A01
201500048521,0,30,0,0.0,2.0,2.0,1.0,B01
201500048522,1,2,0,0.0,1.0,0.0,0.0,Z01
201500048523,0,37,48,0.0,1.0,3.0,1.0,A01
201500048524,0,1,0,0.0,0.0,0.0,0.0,B01
201500048524,0,10,0,0.0,0.0,0.0,0.0,A01