Num_Acc,senc,catv,occutc,obs,obsm,choc,manv,num_veh
201500048790,0,7,0,0.0,2.0,3.0,15.0,B01
201500048790,0,33,0,0.0,2.0,2.0,2.0,A01
201500048791,0,37,35,0.0,1.0,2.0,7.0,A01
201500048792,0,7,0,0.0,2.0,4.0,2.0,B01
201500048792,0,7,0,0.0,2.0,1.0,2.0,A01
201500048793,0,7,0,0.0,1.0,2.0,0.0,A01
201500048794,0,7,0,12.0,0.0,1.0,1.0,A01
201500048795,0,7,0,0.0,2.0,1.0,0.0,A01
201500048795,0,7,0,0.0,2.0,7.0,0.0,B01
201500048796,0,7,0,0.0,2.0,3.0,15.0,B01
201500048796,1,2,0,0.0,2.0,1.0,17.0,Z01
201500048797,0,7,0,0.0,1.0,3.0,15.0,A01
201500048798,0,33,0,0.0,2.0,1.0,1.0,B01
201500048798,0,7,0,0.0,2.0,3.0,15.0,A01
201500048799,0,7,0,0.0,2.0,8.0,0.0,A01
201500048799,0,13,0,1.0,2.0,7.0,1.0,B01
201500048800,0,7,0,0.0,1.0,1.0,1.0,A01
201500048801,0,7,0,0.0,2.0,3.0,2.0,B01
201500048801,0,7,0,0.0,2.0,1.0,15.0,A01
201500048802,0,1,0,0.0,2.0,0.0,0.0,A01
201500048802,0,7,0,0.0,2.0,0.0,0.0,B01
201500048803,1,7,0,0.0,1.0,7.0,1.0,Z01
201500048804,0,7,0,0.0,1.0,1.0,1.0,A01
201500048805,0,37,0,0.0,1.0,2.0,0.0,A01
201500048806,0,7,0,0.0,2.0,3.0,2.0,A01
201500048806,0,30,0,0.0,2.0,2.0,2.0,B01
201500048807,0,31,0,0.0,2.0,0.0,0.0,B01
201500048807,0,1,0,0.0,2.0,1.0,0.0,A01
201500048808,0,7,0,0.0,1.0,2.0,1.0,A01
201500048809,0,7,0,0.0,2.0,1.0,1.0,B01
201500048809,0,2,0,0.0,2.0,1.0,0.0,A01
201500048810,0,2,0,0.0,1.0,1.0,14.0,A01
201500048811,0,1,0,0.0,2.0,0.0,0.0,B01
201500048811,0,7,0,0.0,2.0,2.0,16.0,A01
201500048812,0,7,0,15.0,1.0,7.0,0.0,A01
201500048813,0,7,0,1.0,2.0,0.0,0.0,A01
201500048813,0,1,0,0.0,2.0,1.0,2.0,B01
201500048814,0,1,0,0.0,2.0,1.0,1.0,B01
201500048814,0,7,0,0.0,2.0,7.0,16.0,A01
201500048815,0,7,0,0.0,1.0,1.0,7.0,A01
201500048816,0,7,0,0.0,2.0,5.0,15.0,A01
201500048816,0,30,0,0.0,2.0,1.0,1.0,B01
201500048817,0,7,0,0.0,2.0,1.0,1.0,B01
201500048817,0,7,0,0.0,2.0,7.0,15.0,A01
201500048818,0,7,0,0.0,2.0,2.0,2.0,B01
201500048818,0,7,0,0.0,2.0,3.0,2.0,A01
201500048819,0,7,0,0.0,1.0,1.0,1.0,A01
201500048820,0,7,0,0.0,1.0,1.0,1.0,A01
201500048821,0,7,0,0.0,2.0,3.0,1.0,A01
201500048821,0,7,0,0.0,9.0,4.0,15.0,B01
201500048821,0,1,0,0.0,2.0,1.0,1.0,C01
201500048822,0,7,0,16.0,0.0,1.0,2.0,A01
201500048822,0,7,0,16.0,0.0,8.0,15.0,B01
201500048823,1,7,0,0.0,2.0,1.0,0.0,Z01
201500048823,0,7,0,0.0,2.0,5.0,15.0,B01
201500048824,0,33,0,0.0,1.0,1.0,1.0,A01
201500048825,0,7,0,0.0,1.0,0.0,0.0,A01
201500048826,0,7,0,0.0,2.0,8.0,15.0,A01
201500048826,0,32,0,0.0,2.0,2.0,1.0,B01
201500048827,0,10,0,0.0,2.0,2.0,1.0,B01
201500048827,0,32,0,0.0,2.0,1.0,1.0,A01
201500048828,0,7,0,0.0,2.0,5.0,15.0,A01
201500048828,0,30,0,0.0,2.0,1.0,1.0,B01
201500048829,0,7,0,0.0,9.0,2.0,15.0,A01
201500048829,0,1,0,0.0,0.0,8.0,2.0,B01
201500048830,0,10,0,0.0,9.0,7.0,1.0,A01
201500048830,0,1,0,0.0,2.0,8.0,1.0,B01
201500048831,0,7,0,0.0,1.0,1.0,1.0,A01
201500048832,0,1,0,0.0,2.0,0.0,0.0,B01
201500048832,0,7,0,0.0,2.0,1.0,1.0,A01
201500048833,0,7,0,0.0,2.0,2.0,14.0,A01
201500048833,0,1,0,0.0,2.0,4.0,1.0,B01
201500048834,0,7,0,0.0,1.0,3.0,1.0,A01
201500048835,0,7,0,0.0,1.0,3.0,15.0,A01
201500048836,0,7,0,0.0,2.0,2.0,15.0,A01
201500048836,0,2,0,0.0,2.0,3.0,1.0,B01
201500048837,0,7,0,0.0,2.0,6.0,1.0,B01
201500048837,0,7,0,0.0,2.0,3.0,13.0,A01
201500048838,0,7,0,8.0,0.0,1.0,0.0,A01
201500048839,0,1,0,0.0,2.0,4.0,0.0,B01
201500048839,1,7,0,0.0,2.0,0.0,0.0,A01
201500048840,0,7,0,0.0,2.0,2.0,1.0,A01
201500048840,1,33,0,0.0,2.0,1.0,19.0,Z01
201500048841,0,7,0,0.0,2.0,5.0,16.0,A01
201500048841,0,34,0,0.0,2.0,3.0,1.0,B01
201500048842,0,7,0,0.0,2.0,6.0,9.0,A01
201500048842,0,2,0,0.0,2.0,0.0,0.0,B01
201500048843,0,37,0,0.0,2.0,2.0,1.0,B01
201500048843,0,7,0,1.0,2.0,3.0,19.0,A01
201500048844,0,7,0,0.0,2.0,1.0,16.0,A01
201500048844,0,7,0,0.0,0.0,0.0,0.0,B01
201500048845,0,7,0,0.0,2.0,0.0,0.0,A01
201500048845,0,1,0,0.0,2.0,0.0,0.0,B01
201500048846,0,7,0,0.0,2.0,8.0,15.0,B01
201500048846,0,30,0,0.0,2.0,1.0,8.0,A01
201500048847,0,7,0,0.0,2.0,8.0,1.0,B01
201500048847,0,7,0,0.0,2.0,3.0,1.0,C01
201500048847,0,7,0,0.0,2.0,3.0,13.0,A01
201500048848,0,1,0,0.0,1.0,1.0,0.0,A01
201500048849,0,33,0,0.0,2.0,1.0,1.0,A01
201500048849,0,7,0,0.0,2.0,8.0,1.0,B01
201500048850,0,32,0,0.0,2.0,1.0,1.0,A01
201500048850,0,7,0,0.0,2.0,3.0,1.0,B01
201500048851,0,38,45,0.0,1.0,2.0,1.0,A01
201500048852,0,7,0,0.0,2.0,5.0,15.0,A01
201500048852,0,7,0,0.0,2.0,1.0,1.0,B01
201500048853,0,31,0,0.0,1.0,1.0,1.0,A01
201500048854,0,33,0,1.0,2.0,2.0,0.0,A01
201500048854,0,3,0,0.0,2.0,8.0,0.0,B01
201500048855,0,7,0,0.0,2.0,4.0,2.0,B01
201500048855,0,7,0,0.0,2.0,1.0,2.0,A01
201500048856,0,30,0,13.0,0.0,9.0,1.0,A01
201500048857,0,31,0,0.0,1.0,0.0,0.0,A01
201500048858,0,7,0,15.0,2.0,4.0,1.0,B01
201500048858,0,7,0,0.0,2.0,1.0,1.0,A01
201500048859,0,7,0,0.0,2.0,2.0,0.0,A01
201500048859,0,7,0,9.0,2.0,5.0,0.0,B01
201500048860,0,7,0,0.0,2.0,3.0,1.0,B01
201500048860,0,30,0,0.0,2.0,8.0,1.0,A01
201500048861,0,34,0,0.0,1.0,3.0,1.0,A01
201500048862,0,7,0,0.0,2.0,1.0,2.0,A01
201500048862,0,7,0,0.0,2.0,4.0,1.0,B01
201500048863,0,7,0,0.0,2.0,1.0,9.0,B01
201500048863,0,7,0,0.0,2.0,2.0,1.0,A01
201500048864,1,7,0,0.0,2.0,5.0,1.0,Z01
201500048864,0,34,0,9.0,2.0,3.0,1.0,A01
201500048865,0,7,0,0.0,2.0,3.0,0.0,B01
201500048865,0,7,0,0.0,2.0,2.0,0.0,A01
201500048866,0,7,0,0.0,2.0,3.0,1.0,B01
201500048866,0,7,0,0.0,2.0,2.0,0.0,A01
201500048867,0,7,0,0.0,2.0,4.0,2.0,C01
201500048867,0,7,0,0.0,2.0,5.0,4.0,A01
201500048867,0,30,0,0.0,2.0,1.0,17.0,B01
201500048868,0,7,0,0.0,2.0,7.0,1.0,B01
201500048868,0,30,0,0.0,2.0,1.0,18.0,A01
201500048869,1,7,0,0.0,2.0,1.0,0.0,Z01
201500048869,0,7,0,0.0,2.0,5.0,2.0,A01
201500048870,0,7,0,0.0,2.0,5.0,16.0,A01
201500048870,0,30,0,0.0,2.0,0.0,1.0,B01
201500048871,0,33,0,0.0,2.0,0.0,0.0,B01
201500048871,0,7,0,0.0,2.0,1.0,0.0,A01
201500048872,0,7,0,0.0,2.0,2.0,16.0,B01
201500048872,0,33,0,0.0,2.0,1.0,18.0,A01
201500048873,0,7,0,0.0,2.0,4.0,2.0,C01
201500048873,0,7,0,0.0,2.0,2.0,2.0,B01
201500048873,0,7,0,0.0,2.0,1.0,2.0,A01
201500048874,0,30,0,0.0,2.0,2.0,19.0,A01
201500048874,0,7,0,0.0,2.0,3.0,1.0,B01
201500048875,0,34,0,15.0,0.0,7.0,0.0,A01
201500048876,0,13,0,0.0,2.0,1.0,1.0,A01
201500048876,0,7,0,0.0,2.0,4.0,1.0,B01
201500048876,0,7,0,0.0,2.0,4.0,1.0,C01
201500048877,0,7,0,0.0,1.0,0.0,0.0,A01
201500048878,0,1,0,0.0,2.0,4.0,19.0,B01
201500048878,0,7,0,0.0,2.0,2.0,2.0,A01
201500048879,0,1,0,0.0,2.0,5.0,1.0,A01
201500048879,0,7,0,0.0,2.0,1.0,16.0,B01
201500048880,0,7,0,0.0,2.0,8.0,1.0,A01
201500048880,0,7,0,0.0,2.0,1.0,1.0,B01
201500048881,0,33,0,0.0,1.0,1.0,2.0,A01
201500048881,0,7,0,0.0,2.0,0.0,0.0,B01
201500048882,0,7,0,0.0,9.0,1.0,9.0,A01
201500048882,0,1,0,0.0,2.0,0.0,0.0,B01
201500048883,0,37,0,1.0,2.0,1.0,0.0,B01
201500048883,0,7,0,0.0,2.0,3.0,16.0,A01
201500048884,0,7,0,0.0,1.0,1.0,15.0,A01
201500048885,0,2,0,1.0,0.0,5.0,2.0,A01
201500048886,0,1,0,0.0,2.0,8.0,1.0,B01
201500048886,0,7,0,0.0,9.0,2.0,1.0,A01
201500048887,0,7,0,0.0,2.0,1.0,2.0,A01
201500048887,0,7,0,0.0,0.0,4.0,2.0,C01
201500048887,0,7,0,0.0,2.0,4.0,2.0,B01
201500048888,0,37,0,0.0,1.0,2.0,1.0,A01
201500048889,1,7,0,0.0,1.0,1.0,1.0,A01
201500048890,0,7,0,0.0,1.0,0.0,0.0,B01
201500048890,0,7,0,0.0,1.0,0.0,0.0,A01
201500048891,0,7,0,0.0,0.0,0.0,0.0,A01
201500048891,0,1,0,1.0,0.0,0.0,0.0,B01
201500048892,0,7,0,0.0,1.0,0.0,0.0,A01
201500048893,0,40,0,0.0,2.0,3.0,2.0,A01
201500048893,0,1,0,0.0,2.0,1.0,0.0,B01
201500048894,0,7,0,0.0,2.0,4.0,2.0,C01
201500048894,0,7,0,0.0,2.0,4.0,0.0,B01
201500048894,0,7,0,0.0,2.0,4.0,2.0,A01
201500048895,0,7,0,0.0,1.0,0.0,0.0,A01
201500048896,0,7,0,0.0,1.0,3.0,1.0,A01
201500048897,0,30,0,0.0,2.0,4.0,2.0,A01
201500048897,1,7,0,0.0,9.0,1.0,2.0,B01
201500048898,0,7,0,0.0,1.0,0.0,0.0,A01
201500048899,0,40,60,0.0,1.0,1.0,1.0,A01
201500048900,0,1,0,0.0,2.0,0.0,0.0,B01
201500048900,0,10,0,0.0,9.0,7.0,22.0,A01
201500048901,0,34,0,16.0,0.0,7.0,1.0,A01
201500048901,0,7,0,16.0,0.0,1.0,1.0,B01
201500048902,0,33,0,0.0,1.0,1.0,1.0,A01
201500048903,0,3,0,1.0,0.0,1.0,14.0,A01
201500048904,0,7,0,0.0,1.0,1.0,1.0,A01
201500048905,0,40,50,0.0,1.0,8.0,1.0,A01
201500048906,0,7,0,0.0,2.0,2.0,0.0,A01
201500048906,0,2,0,0.0,2.0,1.0,14.0,B01
201500048907,0,1,0,0.0,1.0,0.0,0.0,A01
201500048908,0,7,0,0.0,2.0,8.0,0.0,C01
201500048908,1,7,0,0.0,2.0,0.0,0.0,A01
201500048908,0,7,0,0.0,2.0,3.0,1.0,B01
201500048909,0,7,0,0.0,2.0,1.0,2.0,B01
201500048909,0,7,0,0.0,2.0,7.0,2.0,A01
201500048910,0,14,0,0.0,0.0,0.0,0.0,B01
201500048910,0,32,0,0.0,2.0,0.0,0.0,A01
201500048911,0,7,0,9.0,2.0,6.0,1.0,B01
201500048911,0,7,0,0.0,2.0,1.0,0.0,A01
201500048912,0,7,0,0.0,2.0,1.0,9.0,A01
201500048912,0,30,0,0.0,2.0,2.0,0.0,B01
201500048913,1,7,0,0.0,2.0,1.0,13.0,B01
201500048913,0,30,0,0.0,2.0,1.0,13.0,A01
201500048914,0,7,0,0.0,1.0,2.0,15.0,A01
201500048915,0,7,0,0.0,2.0,1.0,15.0,A01
201500048915,0,7,0,0.0,2.0,8.0,1.0,B01
201500048916,0,10,0,6.0,0.0,1.0,1.0,A01
201500048917,0,37,45,0.0,1.0,7.0,2.0,A01
201500048918,0,7,0,0.0,1.0,3.0,1.0,A01
201500048919,0,3,0,0.0,2.0,1.0,1.0,A01
201500048919,0,7,0,0.0,9.0,4.0,1.0,C01
201500048919,0,7,0,0.0,2.0,4.0,1.0,B01
201500048920,0,7,0,0.0,2.0,3.0,15.0,B01
201500048920,0,1,0,0.0,2.0,1.0,1.0,A01
201500048921,0,7,0,0.0,1.0,0.0,0.0,A01
201500048922,0,7,0,6.0,0.0,1.0,1.0,A01
201500048923,0,7,0,9.0,0.0,1.0,1.0,A01
201500048924,0,37,45,0.0,1.0,7.0,1.0,A01
201500048925,0,7,0,0.0,2.0,7.0,0.0,A01
201500048925,0,1,0,0.0,0.0,0.0,0.0,B01
201500048926,0,10,0,0.0,1.0,1.0,1.0,A01
201500048927,0,7,0,0.0,2.0,4.0,2.0,B01
201500048927,0,7,0,0.0,2.0,1.0,1.0,A01
201500048928,0,7,0,0.0,4.0,8.0,15.0,A01
201500048928,0,40,45,0.0,2.0,2.0,1.0,B01
201500048929,0,7,0,0.0,2.0,9.0,1.0,A01
201500048929,0,7,0,0.0,2.0,4.0,1.0,B01
201500048929,1,7,0,0.0,0.0,0.0,0.0,Y01
201500048930,0,13,0,0.0,1.0,1.0,15.0,A01
201500048931,0,7,0,0.0,0.0,9.0,15.0,A01
201500048932,0,37,0,0.0,1.0,2.0,1.0,A01
201500048933,0,10,0,0.0,2.0,1.0,1.0,B01
201500048933,0,7,0,0.0,2.0,8.0,1.0,A01
201500048934,0,7,0,0.0,1.0,3.0,1.0,A01
201500048935,0,37,55,0.0,1.0,0.0,0.0,A01
201500048936,0,7,0,0.0,2.0,3.0,1.0,A01
201500048936,0,7,0,0.0,2.0,2.0,15.0,B01
201500048937,0,7,0,0.0,1.0,0.0,0.0,A01
201500048937,0,7,0,0.0,2.0,4.0,24.0,B01
201500048938,0,30,0,0.0,2.0,1.0,0.0,A01
201500048938,0,7,0,0.0,2.0,0.0,1.0,B01
201500048939,0,10,0,0.0,1.0,3.0,1.0,A01
201500048940,0,7,0,0.0,2.0,3.0,15.0,A01
201500048940,0,33,0,0.0,2.0,8.0,1.0,B01
201500048941,0,7,0,0.0,2.0,1.0,1.0,A01
201500048941,0,7,0,0.0,2.0,3.0,1.0,B01
201500048942,0,33,0,0.0,2.0,4.0,1.0,B01
201500048942,0,7,0,0.0,2.0,4.0,1.0,C01
201500048942,0,7,0,0.0,2.0,2.0,12.0,A01
201500048943,0,7,0,0.0,1.0,2.0,0.0,A01
201500048944,0,34,0,0.0,1.0,1.0,17.0,A01
201500048945,0,7,0,0.0,2.0,3.0,2.0,A01
201500048945,0,7,0,0.0,2.0,4.0,0.0,C01
201500048945,0,31,0,0.0,2.0,4.0,23.0,B01
201500048946,0,7,0,0.0,1.0,1.0,15.0,A01
201500048947,0,40,0,0.0,1.0,2.0,1.0,A01
201500048948,0,7,0,0.0,2.0,2.0,16.0,A01
201500048948,0,1,0,0.0,2.0,1.0,1.0,B01
201500048949,0,7,0,0.0,1.0,3.0,15.0,A01
201500048950,0,7,0,0.0,2.0,8.0,0.0,A01
201500048950,0,2,0,0.0,2.0,1.0,0.0,B01
201500048951,0,7,0,0.0,1.0,2.0,2.0,A01
201500048952,0,1,0,0.0,2.0,1.0,1.0,B01
201500048952,0,7,0,0.0,2.0,1.0,15.0,A01
201500048953,0,7,0,0.0,2.0,8.0,1.0,B01
201500048953,0,7,0,0.0,2.0,1.0,1.0,A01
201500048954,0,7,0,0.0,2.0,4.0,1.0,B01
201500048954,0,7,0,0.0,2.0,1.0,2.0,A01
201500048955,0,7,0,6.0,0.0,2.0,16.0,A01
201500048956,0,30,0,0.0,2.0,8.0,1.0,A01
201500048956,0,7,0,0.0,2.0,3.0,1.0,B01
201500048957,0,7,0,0.0,2.0,1.0,1.0,A01
201500048957,0,1,0,0.0,2.0,1.0,0.0,B01
201500048958,0,7,0,0.0,2.0,3.0,1.0,B01
201500048958,0,7,0,0.0,2.0,2.0,1.0,A01
201500048959,0,7,0,0.0,1.0,2.0,2.0,A01
201500048960,0,7,0,0.0,2.0,0.0,0.0,A01
201500048960,0,7,0,0.0,2.0,0.0,0.0,B01
201500048961,0,7,0,0.0,1.0,1.0,15.0,A01
201500048962,0,7,0,0.0,2.0,3.0,15.0,A01
201500048962,0,33,0,0.0,2.0,1.0,2.0,B01
201500048963,0,1,0,0.0,2.0,3.0,19.0,B01
201500048963,0,7,0,0.0,2.0,6.0,4.0,A01
201500048964,0,7,0,0.0,2.0,2.0,14.0,B01
201500048964,0,7,0,0.0,2.0,0.0,14.0,A01
201500048965,0,3,0,0.0,2.0,3.0,1.0,B01
201500048965,0,7,0,0.0,2.0,3.0,15.0,R01
201500048966,0,1,0,0.0,0.0,0.0,0.0,B01
201500048966,0,7,0,0.0,2.0,0.0,0.0,A01
201500048967,0,7,0,2.0,0.0,1.0,1.0,A01
201500048968,0,7,0,6.0,2.0,1.0,1.0,A01
201500048968,0,7,0,0.0,2.0,2.0,2.0,B01
201500048969,0,1,0,0.0,2.0,1.0,5.0,A01
201500048969,0,7,0,0.0,2.0,8.0,1.0,B01
201500048970,0,7,0,0.0,1.0,1.0,1.0,A01
201500048971,0,2,0,1.0,0.0,0.0,0.0,B01
201500048971,0,7,0,0.0,2.0,0.0,0.0,C01
201500048971,0,10,0,0.0,2.0,0.0,0.0,A01
201500048972,0,7,0,0.0,0.0,4.0,1.0,C01
201500048972,0,7,0,0.0,2.0,4.0,1.0,B01
201500048972,0,7,0,0.0,2.0,1.0,1.0,A01
201500048973,0,30,0,0.0,0.0,0.0,0.0,B01
201500048973,1,1,0,0.0,0.0,0.0,0.0,Z01
201500048974,0,7,0,0.0,1.0,0.0,0.0,A01
201500048975,0,7,0,0.0,1.0,1.0,1.0,A01
201500048976,0,7,0,0.0,1.0,2.0,1.0,A01
201500048977,0,7,0,1.0,2.0,8.0,2.0,B01
201500048977,0,7,0,1.0,2.0,8.0,12.0,A01
201500048978,0,7,0,0.0,2.0,5.0,1.0,B01
201500048978,0,7,0,0.0,2.0,1.0,16.0,A01
201500048979,0,7,0,0.0,1.0,7.0,7.0,A01
201500048980,0,7,0,0.0,0.0,3.0,2.0,B01
201500048980,0,1,0,0.0,2.0,3.0,19.0,A01
201500048981,0,7,0,0.0,2.0,6.0,15.0,A01
201500048981,0,32,0,0.0,2.0,1.0,0.0,B01
201500048982,0,7,0,0.0,2.0,2.0,15.0,A01
201500048982,0,30,0,0.0,2.0,1.0,1.0,B01
201500048983,0,7,0,0.0,1.0,2.0,0.0,A01
201500048984,0,1,0,0.0,2.0,2.0,2.0,B01
201500048984,0,7,0,0.0,2.0,3.0,9.0,A01
201500048985,0,7,0,0.0,1.0,4.0,4.0,A01
201500048986,0,7,0,1.0,2.0,2.0,2.0,A01
201500048986,0,7,0,0.0,2.0,3.0,2.0,B01
201500048987,0,7,0,0.0,2.0,1.0,13.0,A01
201500048987,0,7,0,0.0,2.0,6.0,1.0,B01
201500048988,0,7,0,0.0,2.0,5.0,1.0,B01
201500048988,0,7,0,1.0,2.0,3.0,18.0,A01
201500048989,0,7,0,0.0,0.0,5.0,9.0,A01
201500048989,0,7,0,0.0,2.0,2.0,1.0,B01
201500048990,0,10,0,0.0,6.0,1.0,1.0,A01
201500048991,0,7,0,0.0,2.0,1.0,0.0,A01
201500048991,0,7,0,0.0,2.0,4.0,1.0,C01
201500048991,0,7,0,0.0,2.0,4.0,0.0,B01
201500048992,0,7,0,0.0,0.0,4.0,2.0,C01
201500048992,0,7,0,0.0,0.0,4.0,2.0,B01
201500048992,0,7,0,0.0,2.0,1.0,2.0,A01
201500048993,0,7,0,4.0,0.0,8.0,0.0,B01
201500048993,0,7,0,0.0,2.0,0.0,0.0,A01
201500048994,0,7,0,0.0,2.0,4.0,2.0,B01
201500048994,0,33,0,0.0,2.0,1.0,2.0,A01
201500048995,0,7,0,3.0,2.0,1.0,1.0,A01
201500048995,0,15,0,0.0,0.0,8.0,0.0,B01
201500048996,0,15,0,3.0,0.0,8.0,13.0,A01
201500048997,0,33,0,0.0,0.0,0.0,0.0,A01
201500048998,0,7,0,0.0,2.0,1.0,2.0,A01
201500048998,0,7,0,0.0,2.0,4.0,2.0,B01
201500048999,0,7,0,0.0,2.0,6.0,2.0,B01
201500048999,0,7,0,0.0,2.0,2.0,2.0,A01
201500049000,0,33,0,0.0,0.0,0.0,2.0,A01
201500049001,0,15,0,0.0,2.0,2.0,12.0,A01
201500049001,0,7,0,4.0,0.0,6.0,1.0,B01
201500049002,0,7,0,0.0,2.0,1.0,2.0,A01
201500049002,0,7,0,0.0,2.0,4.0,2.0,D01
201500049002,0,7,0,0.0,2.0,1.0,2.0,B01
201500049002,0,7,0,0.0,2.0,1.0,1.0,C01
201500049003,0,7,0,0.0,2.0,3.0,0.0,U01
201500049003,0,7,0,0.0,0.0,5.0,2.0,C01
201500049003,0,7,0,0.0,2.0,5.0,0.0,B01
201500049004,0,7,0,0.0,0.0,1.0,0.0,A01
201500049005,0,7,0,4.0,0.0,1.0,0.0,A01
201500049006,0,7,0,4.0,2.0,4.0,0.0,B01
201500049006,0,7,0,0.0,0.0,4.0,0.0,D01
201500049006,0,7,0,4.0,0.0,1.0,0.0,E01
201500049006,0,10,0,0.0,0.0,1.0,0.0,C01
201500049006,0,7,0,0.0,0.0,4.0,0.0,A01
201500049007,0,17,0,0.0,2.0,2.0,1.0,B01
201500049007,0,7,0,0.0,0.0,3.0,0.0,A01
201500049008,0,7,0,0.0,0.0,0.0,0.0,B01
201500049008,0,32,0,0.0,0.0,7.0,21.0,A01
201500049009,0,7,0,0.0,0.0,3.0,0.0,B01
201500049009,0,7,0,0.0,2.0,2.0,0.0,A01
201500049010,0,7,0,0.0,2.0,4.0,0.0,C01
201500049010,0,7,0,0.0,2.0,4.0,0.0,B01
201500049010,0,7,0,0.0,2.0,1.0,0.0,A01
201500049011,0,7,0,0.0,0.0,0.0,0.0,B01
201500049011,0,7,0,0.0,0.0,1.0,0.0,A01
201500049012,0,33,0,0.0,0.0,8.0,1.0,A01
201500049012,1,7,0,0.0,0.0,0.0,9.0,Z01
201500049013,0,7,0,6.0,0.0,3.0,2.0,A01
201500049014,0,7,0,0.0,2.0,1.0,0.0,B01
201500049014,0,32,0,0.0,2.0,8.0,0.0,A01
201500049015,0,7,0,0.0,2.0,1.0,0.0,A01
201500049015,0,10,0,0.0,2.0,4.0,0.0,C01
201500049015,0,7,0,0.0,2.0,4.0,0.0,B01
201500049016,0,7,0,0.0,0.0,1.0,0.0,A01
201500049016,0,7,0,0.0,2.0,1.0,0.0,B01
201500049017,0,7,0,0.0,2.0,0.0,1.0,C01
201500049017,0,7,0,0.0,2.0,4.0,1.0,B01
201500049017,0,10,0,0.0,2.0,1.0,1.0,A01
201500049018,0,10,0,0.0,2.0,1.0,0.0,A01
201500049018,0,7,0,0.0,2.0,4.0,0.0,B01
201500049018,0,7,0,0.0,2.0,4.0,0.0,C01
201500049019,0,7,0,4.0,0.0,8.0,2.0,A01
201500049020,0,7,0,0.0,0.0,4.0,0.0,B01
201500049020,0,7,0,0.0,2.0,1.0,0.0,A01
201500049021,0,7,0,0.0,0.0,0.0,0.0,A01
201500049021,0,10,0,0.0,0.0,1.0,0.0,C01
201500049021,0,7,0,0.0,2.0,0.0,0.0,B01
201500049022,0,7,0,0.0,2.0,1.0,0.0,A01
201500049022,1,15,0,0.0,0.0,0.0,0.0,Z01
201500049023,0,33,0,0.0,2.0,1.0,1.0,A01
201500049023,0,10,0,0.0,2.0,4.0,1.0,B01
201500049024,0,7,0,0.0,2.0,1.0,1.0,B01
201500049024,0,7,0,0.0,2.0,3.0,9.0,A01
201500049025,0,33,0,0.0,0.0,0.0,0.0,A01
201500049026,0,7,0,0.0,0.0,8.0,1.0,B01
201500049026,0,15,0,0.0,2.0,2.0,0.0,A01
201500049027,0,7,0,0.0,0.0,6.0,2.0,B01
201500049027,0,17,0,0.0,2.0,2.0,2.0,A01
201500049028,0,7,0,0.0,2.0,2.0,1.0,C01
201500049028,0,7,0,0.0,2.0,1.0,9.0,A01
201500049028,0,14,0,0.0,2.0,8.0,1.0,B01
201500049029,0,7,0,0.0,0.0,4.0,11.0,B01
201500049029,0,7,0,0.0,2.0,1.0,2.0,A01
201500049030,0,7,0,0.0,0.0,1.0,2.0,A01
201500049031,0,10,0,0.0,2.0,1.0,1.0,B01
201500049031,0,7,0,0.0,2.0,7.0,1.0,D01
201500049031,0,10,0,0.0,2.0,2.0,1.0,A01
201500049031,0,7,0,0.0,2.0,4.0,2.0,C01
201500049032,0,7,0,0.0,2.0,1.0,0.0,A01
201500049032,0,7,0,0.0,0.0,4.0,0.0,B01
201500049033,0,7,0,0.0,0.0,1.0,0.0,B01
201500049033,0,7,0,0.0,0.0,1.0,0.0,A01
201500049034,0,7,0,4.0,0.0,3.0,1.0,A01
201500049035,0,15,0,0.0,0.0,4.0,0.0,B01
201500049035,0,7,0,0.0,0.0,1.0,0.0,C01
201500049035,0,10,0,0.0,0.0,1.0,0.0,D01
201500049035,0,15,0,0.0,0.0,4.0,0.0,A01
201500049036,0,15,0,0.0,0.0,0.0,0.0,A01
201500049036,0,7,0,0.0,0.0,4.0,0.0,C01
201500049036,0,7,0,0.0,0.0,4.0,0.0,E01
201500049036,0,7,0,0.0,0.0,1.0,0.0,D01
201500049036,0,7,0,0.0,0.0,7.0,0.0,B01
201500049037,0,7,0,0.0,2.0,1.0,0.0,A01
201500049037,0,7,0,0.0,0.0,4.0,0.0,B01
201500049038,0,10,0,0.0,2.0,2.0,0.0,C01
201500049038,0,33,0,0.0,2.0,8.0,0.0,B01
201500049038,0,7,0,0.0,0.0,0.0,0.0,A01
201500049039,0,10,0,0.0,2.0,1.0,0.0,A01
201500049039,0,7,0,0.0,0.0,4.0,0.0,B01
201500049040,0,31,0,0.0,0.0,0.0,0.0,A01
201500049040,0,10,0,0.0,0.0,5.0,0.0,B01
201500049041,1,15,0,0.0,0.0,0.0,0.0,Z01
201500049041,0,7,0,0.0,0.0,1.0,0.0,A01
201500049042,0,7,0,0.0,2.0,1.0,1.0,B01
201500049042,0,7,0,0.0,2.0,4.0,0.0,E01
201500049042,0,7,0,0.0,2.0,1.0,1.0,A01
201500049042,0,33,0,0.0,2.0,4.0,1.0,F02
201500049042,0,7,0,0.0,2.0,4.0,2.0,C01
201500049042,0,7,0,3.0,2.0,4.0,1.0,D01
201500049043,0,33,0,0.0,0.0,0.0,0.0,A01
201500049044,0,10,0,0.0,2.0,1.0,0.0,A01
201500049044,0,7,0,0.0,0.0,4.0,0.0,B01
201500049045,0,15,0,0.0,0.0,7.0,0.0,A01
201500049045,0,7,0,0.0,0.0,0.0,0.0,B01