Num_Acc,senc,catv,occutc,obs,obsm,choc,manv,num_veh
201500049046,0,10,0,0.0,2.0,1.0,2.0,A01
201500049046,0,7,0,0.0,0.0,4.0,1.0,B01
201500049047,0,7,0,0.0,2.0,0.0,0.0,A01
201500049047,0,33,0,0.0,2.0,2.0,3.0,B01
201500049048,0,7,0,0.0,0.0,6.0,0.0,B01
201500049048,0,33,0,0.0,2.0,7.0,0.0,A01
201500049049,0,7,0,0.0,0.0,4.0,0.0,B01
201500049049,0,31,0,0.0,2.0,1.0,0.0,A01
201500049050,0,7,0,0.0,2.0,4.0,0.0,B01
201500049050,0,7,0,0.0,2.0,1.0,0.0,A01
201500049050,0,7,0,0.0,0.0,4.0,0.0,D01
201500049050,0,7,0,0.0,2.0,4.0,0.0,C01
201500049051,0,7,0,3.0,0.0,3.0,0.0,A01
201500049052,0,7,0,3.0,0.0,2.0,1.0,A01
201500049053,0,7,0,15.0,0.0,2.0,0.0,A01
201500049054,0,7,0,0.0,0.0,1.0,2.0,A01
201500049055,0,7,0,13.0,0.0,1.0,0.0,A01
201500049056,0,15,0,0.0,2.0,2.0,12.0,A01
201500049056,0,7,0,0.0,2.0,2.0,1.0,B01
201500049057,0,7,0,3.0,2.0,6.0,1.0,B01
201500049057,0,15,0,0.0,2.0,1.0,0.0,A01
201500049058,0,33,0,0.0,0.0,9.0,0.0,A01
201500049058,1,7,0,0.0,0.0,0.0,0.0,Z01
201500049059,0,7,0,0.0,2.0,1.0,1.0,A01
201500049059,0,33,0,0.0,2.0,4.0,1.0,B01
201500049060,0,7,0,0.0,0.0,2.0,0.0,A01
201500049060,0,7,0,0.0,0.0,8.0,13.0,B01
201500049061,0,10,0,0.0,2.0,3.0,1.0,A01
201500049061,0,7,0,0.0,2.0,1.0,1.0,D01
201500049061,0,7,0,0.0,2.0,7.0,1.0,B01
201500049061,0,7,0,0.0,2.0,4.0,1.0,C01
201500049062,0,7,0,0.0,2.0,6.0,1.0,F02
201500049062,0,7,0,0.0,2.0,1.0,1.0,A01
201500049062,0,7,0,0.0,0.0,8.0,0.0,C01
201500049062,0,7,0,0.0,2.0,4.0,1.0,B01
201500049062,0,7,0,0.0,2.0,1.0,1.0,E01
201500049062,0,7,0,0.0,0.0,8.0,1.0,D01
201500049063,0,33,0,0.0,0.0,7.0,0.0,A01
201500049064,0,7,0,6.0,0.0,1.0,14.0,A01
201500049064,0,7,0,0.0,0.0,4.0,23.0,B01
201500049065,0,7,0,0.0,2.0,0.0,1.0,A01
201500049065,0,7,0,0.0,0.0,4.0,2.0,B01
201500049066,0,7,0,4.0,0.0,3.0,2.0,A01
201500049067,0,7,0,0.0,2.0,1.0,0.0,A01
201500049067,0,7,0,0.0,0.0,4.0,0.0,B01
201500049068,0,14,0,0.0,2.0,2.0,0.0,A01
201500049068,0,7,0,0.0,0.0,8.0,1.0,B01
201500049069,0,7,0,3.0,2.0,4.0,0.0,B01
201500049069,0,7,0,0.0,2.0,1.0,0.0,A01
201500049069,0,7,0,0.0,0.0,4.0,0.0,C01
201500049070,0,7,0,0.0,2.0,0.0,14.0,A01
201500049070,0,15,0,0.0,0.0,3.0,1.0,B01
201500049071,0,15,0,0.0,0.0,4.0,2.0,B01
201500049071,0,15,0,0.0,2.0,1.0,1.0,A01
201500049072,0,7,0,4.0,0.0,0.0,1.0,B01
201500049072,0,15,0,0.0,2.0,2.0,12.0,A01
201500049073,0,7,0,0.0,2.0,4.0,0.0,C01
201500049073,0,7,0,0.0,2.0,2.0,0.0,B01
201500049073,0,7,0,0.0,0.0,6.0,0.0,A01
201500049074,0,10,0,0.0,2.0,4.0,1.0,D01
201500049074,0,7,0,0.0,2.0,4.0,1.0,B01
201500049074,0,10,0,0.0,2.0,4.0,1.0,C01
201500049074,0,7,0,0.0,2.0,1.0,0.0,A01
201500049075,0,7,0,3.0,0.0,1.0,1.0,A01
201500049076,0,15,0,0.0,2.0,3.0,24.0,B01
201500049076,0,7,0,0.0,2.0,1.0,14.0,A01
201500049077,0,33,0,0.0,0.0,8.0,2.0,A01
201500049078,0,7,0,0.0,2.0,7.0,0.0,B01
201500049078,0,33,0,0.0,2.0,1.0,0.0,A01
201500049079,0,33,0,0.0,0.0,8.0,0.0,A01
201500049080,0,10,0,0.0,0.0,8.0,0.0,C01
201500049080,0,7,0,0.0,2.0,4.0,2.0,B01
201500049080,0,7,0,0.0,2.0,1.0,2.0,A01
201500049081,0,33,0,0.0,0.0,7.0,0.0,B01
201500049081,0,7,0,0.0,0.0,2.0,0.0,A01
201500049082,0,7,0,0.0,0.0,0.0,0.0,A01
201500049082,0,7,0,0.0,0.0,4.0,0.0,B01
201500049083,0,7,0,0.0,2.0,4.0,2.0,B01
201500049083,0,7,0,0.0,2.0,1.0,2.0,A01
201500049083,0,7,0,0.0,0.0,4.0,2.0,C01
201500049084,0,7,0,0.0,0.0,2.0,0.0,A01
201500049084,0,7,0,0.0,0.0,4.0,0.0,B01
201500049085,0,7,0,0.0,0.0,8.0,0.0,B01
201500049085,0,17,0,0.0,2.0,2.0,14.0,A01
201500049086,0,7,0,0.0,2.0,1.0,2.0,A01
201500049086,0,7,0,3.0,2.0,4.0,1.0,B01
201500049087,0,7,0,3.0,0.0,5.0,0.0,B01
201500049087,0,7,0,0.0,2.0,2.0,0.0,C01
201500049087,0,7,0,0.0,0.0,1.0,0.0,A01
201500049088,0,7,0,4.0,0.0,0.0,0.0,B01
201500049088,0,15,0,0.0,0.0,3.0,0.0,A01
201500049089,0,33,0,0.0,2.0,8.0,1.0,B01
201500049089,0,7,0,0.0,2.0,8.0,12.0,A01
201500049090,0,33,0,0.0,2.0,0.0,1.0,B01
201500049090,0,7,0,0.0,2.0,2.0,0.0,A01
201500049091,0,7,0,0.0,1.0,3.0,15.0,A01
201500049092,0,7,0,0.0,2.0,2.0,0.0,B01
201500049092,0,38,0,0.0,0.0,6.0,0.0,A01
201500049093,0,10,0,0.0,2.0,1.0,2.0,A01
201500049093,0,7,0,0.0,2.0,4.0,2.0,C01
201500049093,0,7,0,0.0,2.0,4.0,2.0,B01
201500049094,0,7,0,3.0,2.0,4.0,1.0,B01
201500049094,0,7,0,0.0,2.0,1.0,2.0,A01
201500049095,0,7,0,0.0,2.0,1.0,1.0,B01
201500049095,0,7,0,4.0,2.0,1.0,5.0,A01
201500049095,0,15,0,0.0,2.0,8.0,1.0,D01
201500049095,0,7,0,0.0,2.0,7.0,12.0,C01
201500049096,0,7,0,3.0,2.0,8.0,0.0,A01
201500049096,0,17,0,0.0,2.0,2.0,0.0,B01
201500049097,0,7,0,0.0,2.0,4.0,2.0,B01
201500049097,0,7,0,0.0,2.0,3.0,2.0,A01
201500049098,0,7,0,0.0,0.0,1.0,2.0,A01
201500049099,0,7,0,0.0,2.0,0.0,0.0,A01
201500049099,0,7,0,0.0,2.0,4.0,0.0,B01
201500049100,0,7,0,0.0,2.0,5.0,2.0,C01
201500049100,0,33,0,0.0,2.0,2.0,3.0,B01
201500049100,0,7,0,0.0,2.0,3.0,11.0,A01
201500049101,0,10,0,0.0,2.0,4.0,2.0,B01
201500049101,0,7,0,0.0,2.0,1.0,2.0,A01
201500049102,0,7,0,0.0,2.0,1.0,0.0,C01
201500049102,0,7,0,0.0,2.0,1.0,0.0,A01
201500049102,0,7,0,0.0,2.0,4.0,0.0,B01
201500049103,0,15,0,0.0,0.0,0.0,0.0,C01
201500049103,0,7,0,0.0,2.0,1.0,0.0,A01
201500049103,0,7,0,0.0,2.0,2.0,0.0,B01
201500049104,0,7,0,0.0,0.0,3.0,1.0,D01
201500049104,0,7,0,0.0,2.0,5.0,0.0,A01
201500049104,0,7,0,0.0,2.0,6.0,0.0,C01
201500049104,0,33,0,0.0,2.0,8.0,0.0,B01
201500049105,0,7,0,3.0,0.0,0.0,0.0,A01
201500049105,0,7,0,0.0,0.0,0.0,0.0,C01
201500049105,0,37,4,0.0,0.0,8.0,0.0,B01
201500049106,0,7,0,0.0,0.0,0.0,0.0,A01
201500049106,0,15,0,0.0,0.0,4.0,0.0,B01
201500049107,0,10,0,0.0,2.0,0.0,0.0,A01
201500049107,0,7,0,0.0,0.0,4.0,0.0,B01
201500049107,0,7,0,0.0,0.0,5.0,0.0,C01
201500049107,0,7,0,0.0,0.0,4.0,0.0,D01
201500049108,0,7,0,0.0,2.0,1.0,1.0,A01
201500049109,0,7,0,0.0,0.0,4.0,2.0,D01
201500049109,0,10,0,0.0,2.0,1.0,2.0,A01
201500049109,0,7,0,0.0,2.0,4.0,2.0,C01
201500049109,0,7,0,0.0,2.0,1.0,2.0,B01
201500049110,0,33,0,0.0,2.0,7.0,0.0,A01
201500049110,0,7,0,0.0,0.0,6.0,0.0,B01
201500049111,0,7,0,0.0,0.0,8.0,0.0,B01
201500049111,0,15,0,0.0,2.0,2.0,0.0,A01
201500049112,0,7,0,0.0,0.0,4.0,0.0,C01
201500049112,0,7,0,0.0,0.0,1.0,0.0,A01
201500049112,0,7,0,0.0,0.0,1.0,0.0,B01
201500049113,0,7,0,0.0,0.0,6.0,0.0,B01
201500049113,0,33,0,0.0,2.0,1.0,0.0,A01
201500049114,0,7,0,0.0,0.0,4.0,2.0,C01
201500049114,0,7,0,0.0,2.0,1.0,2.0,A01
201500049114,0,7,0,0.0,2.0,4.0,2.0,B01
201500049115,0,15,0,0.0,0.0,2.0,0.0,A01
201500049115,0,7,0,0.0,0.0,3.0,0.0,B01
201500049116,0,7,0,0.0,0.0,4.0,0.0,B01
201500049116,0,7,0,0.0,0.0,1.0,0.0,A01
201500049117,0,7,0,0.0,2.0,4.0,2.0,C01
201500049117,0,7,0,0.0,2.0,1.0,2.0,A01
201500049117,0,7,0,0.0,2.0,4.0,2.0,B01
201500049118,0,31,0,0.0,2.0,8.0,3.0,A01
201500049118,0,7,0,0.0,2.0,4.0,2.0,C01
201500049118,0,7,0,0.0,2.0,2.0,12.0,B01
201500049119,0,7,0,0.0,2.0,4.0,2.0,D01
201500049119,0,7,0,0.0,2.0,4.0,2.0,C01
201500049119,0,7,0,0.0,2.0,1.0,1.0,A01
201500049119,0,7,0,0.0,2.0,1.0,2.0,B01
201500049120,0,7,0,0.0,2.0,4.0,2.0,C01
201500049120,0,7,0,0.0,2.0,1.0,2.0,A01
201500049120,0,7,0,0.0,2.0,4.0,2.0,B01
201500049121,0,15,0,0.0,2.0,4.0,0.0,C01
201500049121,0,7,0,0.0,0.0,1.0,0.0,B01
201500049121,0,14,0,0.0,0.0,0.0,0.0,A01
201500049122,0,7,0,4.0,0.0,8.0,1.0,A01
201500049123,0,17,0,0.0,2.0,2.0,1.0,A01
201500049123,0,7,0,0.0,2.0,8.0,9.0,B01
201500049124,0,7,0,0.0,2.0,4.0,1.0,B01
201500049124,0,7,0,0.0,2.0,4.0,1.0,C01
201500049124,0,7,0,0.0,2.0,1.0,1.0,A01
201500049125,0,7,0,3.0,0.0,1.0,0.0,A01
201500049126,0,7,0,0.0,2.0,4.0,2.0,B01
201500049126,0,17,0,0.0,2.0,4.0,2.0,C01
201500049126,0,17,0,0.0,2.0,1.0,2.0,A01
201500049127,0,7,0,0.0,2.0,4.0,1.0,C01
201500049127,0,7,0,0.0,2.0,8.0,1.0,B01
201500049127,0,33,0,0.0,2.0,8.0,3.0,A01
201500049128,0,7,0,0.0,2.0,4.0,1.0,C01
201500049128,0,7,0,0.0,2.0,1.0,2.0,A01
201500049128,0,7,0,0.0,2.0,4.0,2.0,B01
201500049129,0,7,0,0.0,2.0,0.0,0.0,C01
201500049129,0,7,0,0.0,2.0,6.0,2.0,B01
201500049129,0,14,0,0.0,2.0,2.0,12.0,A01
201500049130,0,7,0,0.0,2.0,6.0,12.0,A01
201500049130,0,33,0,0.0,2.0,7.0,3.0,B01
201500049131,0,7,0,0.0,2.0,3.0,1.0,C01
201500049131,0,7,0,0.0,2.0,1.0,1.0,D01
201500049131,0,7,0,0.0,2.0,3.0,1.0,B01
201500049131,0,7,0,4.0,2.0,1.0,9.0,A01
201500049132,0,7,0,5.0,0.0,1.0,14.0,A01
201500049133,0,7,0,0.0,2.0,0.0,1.0,A01
201500049133,0,33,0,0.0,9.0,1.0,2.0,B01
201500049134,0,10,0,0.0,2.0,4.0,2.0,B01
201500049134,0,10,0,0.0,9.0,1.0,17.0,C01
201500049134,0,10,0,0.0,2.0,1.0,1.0,A01
201500049135,0,33,0,0.0,0.0,7.0,2.0,A01
201500049136,0,10,0,0.0,0.0,4.0,0.0,B01
201500049136,0,7,0,0.0,2.0,2.0,0.0,A01
201500049137,0,7,0,0.0,2.0,2.0,9.0,A01
201500049137,0,7,0,0.0,2.0,7.0,2.0,B01
201500049138,0,7,0,0.0,2.0,4.0,9.0,A01
201500049138,0,33,0,0.0,2.0,1.0,1.0,B01
201500049139,0,15,0,0.0,2.0,2.0,2.0,B01
201500049139,0,7,0,0.0,2.0,8.0,2.0,A01
201500049140,0,7,0,0.0,2.0,2.0,12.0,A01
201500049140,0,7,0,0.0,2.0,3.0,2.0,B01
201500049141,0,31,0,0.0,0.0,8.0,2.0,A01
201500049142,0,7,0,3.0,2.0,4.0,2.0,B01
201500049142,0,15,0,0.0,2.0,2.0,2.0,A01
201500049143,0,7,0,0.0,0.0,0.0,2.0,A01
201500049144,0,7,0,0.0,0.0,4.0,2.0,C01
201500049144,0,7,0,0.0,2.0,4.0,2.0,B01
201500049144,0,17,0,0.0,2.0,1.0,2.0,A01
201500049144,0,7,0,0.0,0.0,4.0,0.0,D01
201500049145,0,33,0,0.0,0.0,1.0,0.0,A01
201500049146,0,33,0,3.0,0.0,7.0,1.0,A01
201500049147,0,33,0,0.0,2.0,2.0,3.0,B01
201500049147,0,10,0,0.0,2.0,8.0,11.0,A01
201500049148,0,7,0,4.0,0.0,1.0,12.0,A01
201500049149,0,7,0,4.0,0.0,8.0,2.0,A01
201500049150,0,7,0,4.0,0.0,1.0,2.0,A01
201500049151,0,10,0,0.0,2.0,1.0,12.0,A01
201500049151,0,15,0,0.0,2.0,4.0,2.0,B01
201500049152,0,7,0,0.0,2.0,1.0,2.0,A01
201500049152,0,7,0,0.0,0.0,5.0,2.0,B01
201500049153,0,10,0,0.0,2.0,4.0,2.0,B01
201500049153,0,15,0,0.0,2.0,1.0,2.0,A01
201500049154,0,14,0,0.0,2.0,2.0,2.0,C01
201500049154,0,7,0,0.0,2.0,1.0,9.0,A01
201500049154,0,7,0,0.0,2.0,4.0,2.0,B01
201500049155,0,7,0,0.0,2.0,5.0,2.0,B01
201500049155,0,31,0,0.0,2.0,1.0,2.0,A01
201500049156,2,7,0,0.0,2.0,1.0,1.0,A01
201500049156,0,7,0,0.0,2.0,4.0,2.0,B01
201500049156,0,7,0,0.0,2.0,4.0,2.0,C01
201500049157,0,7,0,3.0,0.0,2.0,1.0,A01
201500049158,0,7,0,4.0,0.0,3.0,1.0,A01
201500049159,0,15,0,0.0,2.0,7.0,12.0,A01
201500049159,0,7,0,4.0,2.0,3.0,2.0,B01
201500049160,0,15,0,0.0,2.0,2.0,12.0,A01
201500049160,0,7,0,0.0,2.0,1.0,2.0,C01
201500049160,0,7,0,4.0,2.0,4.0,2.0,B01
201500049161,0,7,0,0.0,2.0,7.0,12.0,Z01
201500049161,0,7,0,0.0,2.0,8.0,2.0,A01
201500049162,0,7,0,0.0,2.0,5.0,2.0,A01
201500049162,0,7,0,0.0,2.0,2.0,2.0,C01
201500049162,0,7,0,0.0,2.0,1.0,0.0,B01
201500049163,0,7,0,0.0,2.0,4.0,2.0,B01
201500049163,0,10,0,0.0,2.0,1.0,2.0,A01
201500049164,0,7,0,0.0,2.0,1.0,2.0,A01
201500049164,0,7,0,0.0,2.0,4.0,2.0,B01
201500049164,0,10,0,0.0,2.0,4.0,2.0,C01
201500049165,0,7,0,0.0,2.0,1.0,2.0,A01
201500049165,0,7,0,0.0,2.0,4.0,2.0,B01
201500049166,0,7,0,0.0,2.0,3.0,1.0,C01
201500049166,0,7,0,0.0,2.0,3.0,2.0,A01
201500049166,0,7,0,0.0,2.0,4.0,2.0,B01
201500049167,0,15,0,0.0,2.0,1.0,2.0,A01
201500049167,0,14,0,0.0,2.0,4.0,2.0,B01
201500049168,0,7,0,0.0,2.0,6.0,11.0,B01
201500049168,0,33,0,0.0,2.0,1.0,3.0,A01
201500049169,0,7,0,3.0,2.0,4.0,2.0,B01
201500049169,0,15,0,0.0,2.0,1.0,2.0,A01
201500049170,0,7,0,3.0,2.0,1.0,1.0,A01
201500049170,0,7,0,0.0,2.0,4.0,2.0,B01
201500049171,0,7,0,3.0,0.0,3.0,2.0,A01
201500049172,0,7,0,0.0,2.0,4.0,2.0,B01
201500049172,0,31,0,0.0,2.0,1.0,2.0,A01
201500049173,0,7,0,6.0,0.0,4.0,0.0,A01
201500049173,0,15,0,0.0,0.0,2.0,0.0,B01
201500049174,0,10,0,3.0,2.0,1.0,2.0,B01
201500049174,0,7,0,4.0,2.0,6.0,2.0,A01
201500049174,0,7,0,0.0,2.0,1.0,2.0,C01
201500049175,0,7,0,0.0,2.0,4.0,2.0,C01
201500049175,0,14,0,0.0,2.0,1.0,2.0,A01
201500049175,0,7,0,0.0,2.0,4.0,2.0,B01
201500049176,0,33,0,0.0,0.0,1.0,1.0,A01
201500049177,0,7,0,0.0,2.0,8.0,2.0,B01
201500049177,0,15,0,0.0,2.0,1.0,12.0,A01
201500049178,0,33,0,4.0,0.0,1.0,1.0,A01
201500049179,0,7,0,0.0,2.0,4.0,2.0,B01
201500049179,0,7,0,0.0,2.0,6.0,2.0,D01
201500049179,0,7,0,0.0,2.0,1.0,2.0,A01
201500049179,0,7,0,0.0,2.0,4.0,2.0,C01
201500049180,0,33,0,0.0,0.0,0.0,2.0,A01
201500049180,0,10,0,0.0,0.0,0.0,2.0,B01
201500049181,0,7,0,4.0,2.0,4.0,2.0,C01
201500049181,0,15,0,0.0,2.0,2.0,12.0,A01
201500049181,0,7,0,0.0,2.0,8.0,2.0,B01
201500049182,0,7,0,0.0,2.0,4.0,2.0,B01
201500049182,0,10,0,0.0,2.0,1.0,2.0,A01
201500049183,0,7,0,0.0,2.0,4.0,2.0,D01
201500049183,0,7,0,0.0,2.0,1.0,2.0,C01
201500049183,0,7,0,0.0,2.0,1.0,2.0,A01
201500049183,0,7,0,0.0,2.0,4.0,2.0,B01
201500049184,0,33,0,0.0,2.0,2.0,3.0,A01
201500049184,0,7,0,0.0,2.0,8.0,2.0,B01
201500049185,0,7,0,0.0,2.0,4.0,2.0,B01
201500049185,0,15,0,0.0,2.0,1.0,2.0,A01
201500049186,0,33,0,3.0,2.0,7.0,2.0,B01
201500049186,0,7,0,0.0,2.0,8.0,9.0,A01
201500049187,0,1,0,0.0,0.0,0.0,0.0,B01
201500049187,0,1,0,0.0,9.0,1.0,1.0,A01
201500049188,0,33,0,0.0,2.0,1.0,3.0,A01
201500049188,0,7,0,0.0,2.0,5.0,2.0,B01
201500049189,0,7,0,0.0,2.0,1.0,2.0,A01
201500049189,0,7,0,0.0,2.0,4.0,2.0,B01
201500049190,0,7,0,0.0,2.0,4.0,2.0,B01
201500049190,0,7,0,0.0,2.0,1.0,2.0,C01
201500049190,0,7,0,0.0,2.0,1.0,2.0,E01
201500049190,0,7,0,0.0,2.0,4.0,2.0,A01
201500049190,0,7,0,0.0,2.0,1.0,2.0,F02
201500049190,0,7,0,0.0,2.0,1.0,2.0,D01
201500049191,0,14,0,0.0,2.0,7.0,9.0,A01
201500049191,0,7,0,0.0,2.0,6.0,2.0,B01
201500049192,0,7,0,0.0,2.0,4.0,2.0,D01
201500049192,0,7,0,0.0,2.0,4.0,2.0,B01
201500049192,0,7,0,0.0,2.0,4.0,2.0,C01
201500049192,0,10,0,0.0,2.0,1.0,2.0,A01
201500049193,0,7,0,0.0,2.0,4.0,2.0,B01
201500049193,0,7,0,0.0,2.0,1.0,2.0,A01
201500049193,0,7,0,0.0,2.0,4.0,2.0,C01
201500049194,0,7,0,13.0,0.0,1.0,0.0,A01
201500049195,0,33,0,0.0,2.0,1.0,2.0,A01
201500049195,0,7,0,0.0,2.0,4.0,2.0,B01
201500049196,0,7,0,0.0,2.0,4.0,2.0,C01
201500049196,0,7,0,0.0,2.0,4.0,2.0,B01
201500049196,0,7,0,0.0,2.0,1.0,2.0,A01
201500049197,0,31,0,0.0,0.0,0.0,1.0,A01
201500049198,0,7,0,0.0,2.0,6.0,0.0,C01
201500049198,0,10,0,0.0,0.0,4.0,0.0,B01
201500049198,0,7,0,4.0,2.0,3.0,0.0,A01
201500049199,0,33,0,0.0,0.0,0.0,0.0,B01
201500049199,0,7,0,0.0,0.0,0.0,0.0,Z01
201500049200,0,7,0,0.0,0.0,8.0,0.0,B01
201500049200,1,7,0,0.0,2.0,1.0,0.0,Z01
201500049201,0,7,0,4.0,0.0,7.0,0.0,B01
201500049201,0,7,0,0.0,2.0,1.0,0.0,C01
201500049201,0,7,0,3.0,0.0,1.0,0.0,A01
201500049202,0,7,0,3.0,0.0,1.0,1.0,A01
201500049203,0,7,0,0.0,2.0,4.0,2.0,E01
201500049203,0,7,0,0.0,2.0,1.0,2.0,A01
201500049203,0,7,0,0.0,2.0,1.0,2.0,D01
201500049203,0,7,0,0.0,2.0,2.0,2.0,C01
201500049203,0,7,0,0.0,2.0,4.0,2.0,B01
201500049204,0,7,0,0.0,2.0,5.0,2.0,C01
201500049204,0,7,0,0.0,2.0,3.0,11.0,A01
201500049204,0,33,0,0.0,2.0,7.0,3.0,B01
201500049205,0,15,0,0.0,2.0,2.0,2.0,A01
201500049205,0,7,0,0.0,0.0,3.0,0.0,C01
201500049205,0,7,0,0.0,0.0,4.0,0.0,B01
201500049206,0,10,0,0.0,2.0,1.0,2.0,A01
201500049206,0,10,0,0.0,2.0,4.0,2.0,B01
201500049207,0,7,0,0.0,2.0,4.0,2.0,B01
201500049207,0,7,0,0.0,2.0,4.0,2.0,C01
201500049207,0,7,0,0.0,2.0,1.0,2.0,A01
201500049208,0,7,0,3.0,0.0,1.0,1.0,A01
201500049209,0,7,0,0.0,2.0,2.0,11.0,B01
201500049209,0,7,0,0.0,2.0,6.0,11.0,A01
201500049210,0,7,0,0.0,2.0,4.0,2.0,B01
201500049210,0,7,0,0.0,2.0,1.0,2.0,A01
201500049211,0,7,0,0.0,2.0,3.0,1.0,C01
201500049211,0,7,0,0.0,2.0,1.0,2.0,B01
201500049211,0,14,0,0.0,2.0,1.0,12.0,A01
201500049212,1,7,0,0.0,0.0,0.0,0.0,Z01
201500049212,0,7,0,0.0,0.0,5.0,0.0,C01
201500049212,0,33,0,0.0,0.0,8.0,0.0,B01
201500049213,0,33,0,0.0,2.0,8.0,2.0,A01
201500049213,0,7,0,0.0,2.0,6.0,11.0,B01
201500049214,0,7,0,4.0,2.0,1.0,9.0,A01
201500049214,0,15,0,0.0,2.0,2.0,12.0,B01
201500049215,0,10,0,0.0,2.0,4.0,2.0,B01
201500049215,0,7,0,3.0,2.0,1.0,2.0,A01
201500049216,0,33,0,0.0,0.0,7.0,2.0,A01
201500049217,0,15,0,3.0,0.0,7.0,1.0,A01
201500049218,0,10,0,0.0,0.0,0.0,2.0,A01
201500049218,0,7,0,0.0,0.0,0.0,2.0,B01
201500049219,0,31,0,0.0,2.0,2.0,3.0,B01
201500049219,0,7,0,0.0,2.0,8.0,11.0,A01
201500049220,0,33,0,0.0,2.0,2.0,3.0,B01
201500049220,0,7,0,0.0,2.0,6.0,11.0,A01
201500049221,0,31,0,0.0,0.0,0.0,2.0,A01
201500049222,0,7,0,0.0,2.0,2.0,2.0,A01
201500049222,0,17,0,0.0,2.0,3.0,11.0,B01
201500049223,0,7,0,3.0,0.0,1.0,2.0,A01
201500049224,0,7,0,3.0,0.0,1.0,2.0,A01
201500049225,0,7,0,4.0,0.0,1.0,2.0,A01
201500049226,0,7,0,0.0,2.0,4.0,2.0,B01
201500049226,0,7,0,0.0,2.0,1.0,2.0,A01
201500049227,0,7,0,0.0,0.0,4.0,0.0,B01
201500049227,0,7,0,0.0,2.0,3.0,0.0,C01
201500049227,0,17,0,0.0,0.0,1.0,0.0,A01
201500049228,0,7,0,0.0,2.0,2.0,0.0,A01
201500049228,0,10,0,0.0,0.0,0.0,0.0,B01
201500049229,0,10,0,0.0,2.0,1.0,0.0,B01
201500049229,0,7,0,0.0,2.0,8.0,0.0,A01
201500049230,0,15,0,0.0,2.0,2.0,12.0,B01
201500049230,0,7,0,3.0,2.0,8.0,2.0,A01
201500049231,0,7,0,0.0,2.0,5.0,2.0,A01
201500049231,0,15,0,0.0,2.0,3.0,11.0,B01
201500049232,0,33,0,0.0,2.0,3.0,3.0,B01
201500049232,0,7,0,0.0,2.0,5.0,12.0,A01
201500049233,0,7,0,0.0,2.0,8.0,2.0,C01
201500049233,0,7,0,0.0,2.0,1.0,2.0,A01
201500049233,0,7,0,0.0,2.0,7.0,2.0,D01
201500049233,0,15,0,0.0,2.0,3.0,2.0,E01
201500049233,0,7,0,0.0,2.0,5.0,2.0,B02
201500049233,0,15,0,0.0,2.0,4.0,2.0,F01
201500049234,0,7,0,0.0,2.0,5.0,12.0,B01
201500049234,0,33,0,0.0,2.0,3.0,3.0,A01
201500049235,0,7,0,4.0,2.0,1.0,1.0,E01
201500049235,0,7,0,0.0,2.0,4.0,1.0,D01
201500049235,0,7,0,0.0,0.0,0.0,1.0,A01
201500049235,0,7,0,0.0,9.0,8.0,1.0,C01
201500049235,0,7,0,0.0,9.0,3.0,0.0,B01
201500049236,0,7,0,0.0,2.0,7.0,12.0,B01
201500049236,0,7,0,0.0,2.0,6.0,2.0,C01
201500049236,0,33,0,0.0,2.0,8.0,3.0,A01
201500049237,0,7,0,0.0,2.0,7.0,2.0,B01
201500049237,0,33,0,0.0,2.0,3.0,3.0,A01
201500049238,0,7,0,7.0,0.0,2.0,1.0,A01
201500049239,0,7,0,0.0,2.0,4.0,1.0,C01
201500049239,0,7,0,0.0,2.0,8.0,0.0,A01
201500049239,0,33,0,0.0,2.0,1.0,1.0,B01
201500049240,0,33,0,0.0,2.0,7.0,2.0,B01
201500049240,0,7,0,0.0,2.0,8.0,11.0,A01
201500049241,0,7,0,0.0,2.0,4.0,2.0,D01
201500049241,0,7,0,0.0,2.0,4.0,2.0,C01
201500049241,0,7,0,0.0,2.0,4.0,2.0,B01
201500049241,0,10,0,0.0,2.0,1.0,2.0,A01
201500049242,0,7,0,0.0,2.0,4.0,2.0,B01
201500049242,0,7,0,0.0,2.0,1.0,2.0,A01
201500049243,0,31,0,0.0,2.0,3.0,2.0,B01
201500049243,1,7,0,0.0,2.0,0.0,12.0,A01
201500049244,0,7,0,0.0,0.0,0.0,1.0,A01
201500049245,0,15,0,0.0,2.0,6.0,0.0,B01
201500049245,0,7,0,0.0,2.0,2.0,2.0,A01
201500049246,0,7,0,0.0,2.0,6.0,2.0,D01
201500049246,0,7,0,0.0,2.0,1.0,2.0,E01
201500049246,0,7,0,0.0,2.0,6.0,2.0,B01
201500049246,0,7,0,0.0,2.0,1.0,2.0,A01
201500049246,0,32,0,0.0,2.0,1.0,2.0,C01
201500049247,0,33,0,3.0,2.0,8.0,2.0,A01
201500049247,0,7,0,0.0,9.0,0.0,2.0,C01
201500049247,0,7,0,0.0,2.0,2.0,2.0,D01
201500049247,0,7,0,0.0,2.0,4.0,2.0,B01
201500049248,0,7,0,4.0,0.0,7.0,2.0,A01
201500049249,0,7,0,0.0,2.0,1.0,2.0,A01
201500049249,0,7,0,0.0,2.0,4.0,2.0,B01
201500049250,0,14,0,0.0,2.0,1.0,2.0,A01
201500049250,0,7,0,0.0,2.0,4.0,2.0,B01
201500049251,0,7,0,0.0,2.0,4.0,2.0,B01
201500049251,0,7,0,0.0,2.0,4.0,2.0,E01
201500049251,0,7,0,0.0,2.0,4.0,2.0,D01
201500049251,0,7,0,0.0,2.0,4.0,2.0,C01
201500049251,0,7,0,0.0,2.0,1.0,2.0,A01