Num_Acc,senc,catv,occutc,obs,obsm,choc,manv,num_veh
201500049252,0,7,0,0.0,2.0,4.0,2.0,A01
201500049252,1,7,0,0.0,2.0,1.0,2.0,B01
201500049253,0,7,0,0.0,2.0,1.0,2.0,A01
201500049253,0,7,0,0.0,2.0,4.0,2.0,B01
201500049253,0,7,0,0.0,2.0,4.0,2.0,C01
201500049253,0,7,0,0.0,2.0,4.0,2.0,D01
201500049254,0,7,0,0.0,2.0,1.0,2.0,A01
201500049254,0,7,0,0.0,2.0,4.0,2.0,B01
201500049255,0,7,0,0.0,2.0,4.0,2.0,C01
201500049255,0,15,0,0.0,2.0,1.0,2.0,A01
201500049255,0,7,0,0.0,2.0,4.0,2.0,D01
201500049255,0,7,0,0.0,2.0,4.0,2.0,B01
201500049256,0,15,0,0.0,2.0,2.0,12.0,A01
201500049256,0,7,0,0.0,2.0,8.0,2.0,B01
201500049257,0,7,0,0.0,2.0,4.0,2.0,C01
201500049257,0,7,0,0.0,2.0,4.0,2.0,B01
201500049258,0,7,0,0.0,2.0,1.0,2.0,A01
201500049259,0,7,0,0.0,1.0,3.0,0.0,A01
201500049260,0,7,0,1.0,0.0,1.0,5.0,A01
201500049261,0,7,0,0.0,2.0,1.0,15.0,A01
201500049261,0,31,0,0.0,2.0,1.0,1.0,B01
201500049262,0,7,0,0.0,9.0,7.0,15.0,A01
201500049262,0,1,0,0.0,2.0,1.0,5.0,B01
201500049263,0,7,0,0.0,1.0,1.0,1.0,A01
201500049264,0,7,0,6.0,2.0,6.0,10.0,A01
201500049264,0,7,0,0.0,0.0,1.0,1.0,B01
201500049265,1,7,0,0.0,1.0,0.0,0.0,Z01
201500049266,0,7,0,0.0,2.0,1.0,2.0,A01
201500049266,0,7,0,0.0,0.0,4.0,9.0,B01
201500049267,0,7,0,6.0,0.0,1.0,9.0,A01
201500049268,0,33,0,0.0,0.0,2.0,15.0,A01
201500049269,0,30,0,0.0,2.0,1.0,17.0,A01
201500049269,0,7,0,0.0,2.0,3.0,15.0,B01
201500049270,0,7,0,0.0,2.0,2.0,10.0,A01
201500049270,0,1,0,0.0,2.0,1.0,1.0,B01
201500049271,0,7,0,0.0,2.0,1.0,5.0,A01
201500049271,0,7,0,0.0,2.0,1.0,1.0,B01
201500049272,0,10,0,0.0,1.0,2.0,17.0,A01
201500049273,0,33,0,15.0,1.0,3.0,21.0,A01
201500049273,0,7,0,0.0,2.0,3.0,1.0,B01
201500049274,0,7,0,0.0,2.0,2.0,15.0,A01
201500049274,0,7,0,0.0,0.0,3.0,1.0,B01
201500049275,0,7,0,0.0,2.0,2.0,1.0,A01
201500049275,0,7,0,0.0,2.0,3.0,1.0,B01
201500049276,0,7,0,0.0,2.0,8.0,2.0,A01
201500049276,0,7,0,0.0,2.0,2.0,0.0,B01
201500049277,0,10,0,4.0,0.0,1.0,1.0,A01
201500049277,0,7,0,4.0,2.0,1.0,1.0,B01
201500049278,0,7,0,3.0,0.0,6.0,1.0,A01
201500049278,0,17,0,0.0,2.0,2.0,12.0,B01
201500049279,0,7,0,0.0,2.0,1.0,2.0,C01
201500049279,0,7,0,0.0,2.0,1.0,2.0,B01
201500049279,0,7,0,0.0,2.0,4.0,2.0,A01
201500049280,0,7,0,3.0,0.0,8.0,1.0,A01
201500049280,0,15,0,0.0,2.0,2.0,12.0,B01
201500049280,0,7,0,0.0,2.0,3.0,1.0,C01
201500049281,0,7,0,0.0,2.0,0.0,23.0,A01
201500049281,0,17,0,0.0,2.0,4.0,23.0,B01
201500049281,0,7,0,1.0,0.0,1.0,1.0,C01
201500049282,0,7,0,0.0,2.0,6.0,17.0,A01
201500049282,0,15,0,0.0,2.0,0.0,12.0,B01
201500049283,0,7,0,0.0,0.0,0.0,23.0,A01
201500049283,0,10,0,0.0,2.0,4.0,23.0,B01
201500049283,0,7,0,0.0,2.0,4.0,23.0,C01
201500049283,0,7,0,0.0,2.0,1.0,2.0,D01
201500049284,0,7,0,0.0,0.0,8.0,23.0,A01
201500049284,0,33,0,0.0,2.0,4.0,1.0,B01
201500049284,0,7,0,0.0,2.0,3.0,1.0,C01
201500049285,0,10,0,0.0,0.0,6.0,23.0,A01
201500049285,0,7,0,1.0,0.0,2.0,1.0,B01
201500049286,0,7,0,7.0,0.0,3.0,16.0,A01
201500049287,0,7,0,0.0,2.0,4.0,2.0,A01
201500049287,0,7,0,0.0,2.0,1.0,2.0,B01
201500049287,0,7,0,0.0,2.0,1.0,2.0,C01
201500049288,0,10,0,0.0,2.0,4.0,23.0,A01
201500049288,0,7,0,0.0,2.0,6.0,1.0,B01
201500049288,0,7,0,0.0,2.0,4.0,1.0,C01
201500049288,0,7,0,0.0,2.0,4.0,1.0,D01
201500049288,0,7,0,0.0,2.0,1.0,1.0,E01
201500049289,0,7,0,0.0,2.0,5.0,0.0,A01
201500049289,0,33,0,0.0,2.0,1.0,0.0,B01
201500049290,0,7,0,0.0,2.0,5.0,0.0,A01
201500049290,0,34,0,0.0,2.0,0.0,0.0,B01
201500049291,0,7,0,0.0,2.0,4.0,1.0,A01
201500049291,0,7,0,0.0,2.0,3.0,11.0,B01
201500049291,0,31,0,0.0,2.0,2.0,3.0,C01
201500049292,0,7,0,0.0,2.0,4.0,2.0,A01
201500049292,0,7,0,0.0,2.0,1.0,2.0,B01
201500049293,0,7,0,4.0,0.0,2.0,1.0,A01
201500049294,0,7,0,0.0,2.0,8.0,1.0,A01
201500049294,0,17,0,0.0,2.0,2.0,12.0,B01
201500049295,0,13,0,0.0,2.0,6.0,2.0,A01
201500049295,0,7,0,0.0,2.0,2.0,11.0,B01
201500049295,0,15,0,0.0,2.0,7.0,1.0,C01
201500049296,0,10,0,0.0,0.0,4.0,2.0,A01
201500049296,0,7,0,0.0,2.0,4.0,2.0,B01
201500049296,0,17,0,0.0,2.0,1.0,2.0,C01
201500049297,0,7,0,3.0,0.0,6.0,1.0,A01
201500049297,0,15,0,0.0,2.0,2.0,12.0,B01
201500049298,0,7,0,3.0,0.0,3.0,13.0,A01
201500049299,0,7,0,0.0,2.0,5.0,2.0,A01
201500049299,0,7,0,0.0,2.0,3.0,2.0,B01
201500049300,0,7,0,0.0,2.0,5.0,2.0,C01
201500049300,0,7,0,0.0,2.0,3.0,1.0,B01
201500049300,0,7,0,0.0,2.0,6.0,1.0,A01
201500049300,0,7,0,0.0,2.0,3.0,2.0,D01
201500049301,0,7,0,0.0,2.0,4.0,23.0,C01
201500049301,0,7,0,0.0,2.0,1.0,23.0,B01
201500049301,0,7,0,0.0,2.0,4.0,23.0,A01
201500049301,0,7,0,0.0,2.0,1.0,2.0,D01
201500049302,0,7,0,0.0,2.0,3.0,9.0,A01
201500049302,0,13,0,0.0,2.0,2.0,1.0,B01
201500049303,0,7,0,0.0,2.0,4.0,1.0,A01
201500049303,0,7,0,0.0,2.0,1.0,2.0,B01
201500049304,0,7,0,3.0,2.0,6.0,1.0,A01
201500049304,0,14,0,0.0,2.0,2.0,12.0,B01
201500049304,0,7,0,0.0,2.0,1.0,1.0,C01
201500049305,0,7,0,0.0,2.0,4.0,2.0,A01
201500049305,0,7,0,0.0,2.0,1.0,2.0,B01
201500049306,0,7,0,13.0,0.0,1.0,9.0,A01
201500049307,0,7,0,0.0,2.0,8.0,1.0,A01
201500049307,0,20,0,0.0,2.0,2.0,12.0,B01
201500049308,0,7,0,0.0,2.0,0.0,0.0,B01
201500049308,0,7,0,0.0,2.0,0.0,0.0,A01
201500049309,0,7,0,0.0,2.0,1.0,2.0,C01
201500049309,0,7,0,0.0,2.0,4.0,2.0,A01
201500049309,0,7,0,0.0,2.0,4.0,2.0,B01
201500049310,0,7,0,0.0,2.0,1.0,2.0,B01
201500049310,0,10,0,0.0,2.0,4.0,2.0,A01
201500049311,0,7,0,5.0,0.0,3.0,1.0,A01
201500049312,0,15,0,0.0,2.0,2.0,1.0,B01
201500049312,0,7,0,0.0,2.0,3.0,11.0,A01
201500049313,0,7,0,0.0,2.0,4.0,2.0,A01
201500049313,1,7,0,0.0,2.0,1.0,2.0,Z01
201500049314,0,7,0,0.0,2.0,1.0,1.0,C01
201500049314,0,7,0,0.0,2.0,4.0,11.0,A01
201500049314,0,7,0,0.0,2.0,4.0,1.0,B01
201500049315,0,17,0,0.0,2.0,2.0,12.0,B01
201500049315,0,7,0,0.0,2.0,6.0,1.0,A01
201500049316,0,7,0,0.0,2.0,1.0,2.0,E01
201500049316,0,7,0,0.0,2.0,4.0,2.0,C01
201500049316,0,7,0,0.0,2.0,4.0,2.0,D01
201500049316,0,7,0,0.0,2.0,4.0,2.0,B01
201500049316,0,10,0,0.0,9.0,4.0,2.0,A01
201500049317,0,7,0,4.0,0.0,3.0,1.0,A01
201500049318,0,7,0,0.0,2.0,6.0,0.0,A01
201500049318,0,15,0,0.0,2.0,2.0,12.0,B01
201500049319,0,15,0,0.0,2.0,2.0,12.0,B01
201500049319,0,7,0,4.0,2.0,5.0,1.0,A01
201500049320,0,7,0,0.0,2.0,0.0,1.0,A01
201500049320,0,31,0,0.0,2.0,1.0,2.0,B01
201500049321,0,7,0,0.0,2.0,4.0,2.0,B01
201500049321,0,7,0,0.0,2.0,4.0,2.0,A01
201500049321,0,7,0,0.0,2.0,1.0,2.0,D01
201500049321,0,7,0,0.0,2.0,1.0,2.0,C01
201500049322,0,7,0,3.0,0.0,6.0,1.0,A01
201500049322,0,15,0,0.0,2.0,2.0,12.0,B01
201500049323,0,15,0,0.0,2.0,2.0,12.0,B01
201500049323,0,7,0,3.0,2.0,6.0,1.0,A01
201500049324,0,7,0,0.0,2.0,1.0,2.0,B01
201500049324,0,7,0,0.0,2.0,4.0,1.0,A01
201500049325,0,7,0,3.0,0.0,1.0,13.0,A01
201500049326,0,10,0,0.0,2.0,1.0,2.0,C01
201500049326,0,7,0,0.0,2.0,6.0,1.0,B01
201500049326,0,7,0,0.0,2.0,3.0,2.0,A01
201500049327,0,7,0,0.0,2.0,4.0,1.0,A01
201500049327,0,7,0,0.0,2.0,4.0,1.0,B01
201500049327,0,7,0,0.0,2.0,0.0,0.0,C01
201500049328,0,7,0,0.0,2.0,2.0,0.0,B01
201500049328,0,7,0,0.0,2.0,6.0,1.0,A01
201500049329,0,10,0,0.0,0.0,0.0,0.0,A01
201500049330,0,7,0,0.0,2.0,4.0,23.0,B01
201500049330,0,7,0,0.0,2.0,4.0,23.0,C01
201500049330,0,10,0,0.0,2.0,4.0,23.0,I02
201500049330,0,7,0,0.0,2.0,4.0,23.0,J02
201500049330,0,7,0,0.0,2.0,4.0,23.0,L03
201500049330,0,7,0,0.0,2.0,4.0,23.0,F02
201500049330,0,7,0,0.0,2.0,4.0,23.0,E01
201500049330,0,7,0,0.0,2.0,1.0,2.0,A01
201500049330,0,7,0,0.0,2.0,4.0,23.0,D01
201500049330,0,7,0,0.0,2.0,4.0,23.0,K03
201500049330,0,7,0,0.0,2.0,4.0,23.0,H02
201500049330,0,7,0,0.0,2.0,4.0,23.0,G02
201500049331,0,15,0,0.0,2.0,4.0,2.0,A01
201500049331,0,7,0,0.0,2.0,4.0,2.0,E02
201500049331,0,7,0,0.0,2.0,0.0,2.0,B01
201500049331,0,7,0,0.0,2.0,4.0,2.0,F01
201500049331,0,7,0,0.0,2.0,4.0,2.0,D01
201500049331,0,7,0,0.0,2.0,4.0,2.0,C01
201500049332,0,33,0,0.0,2.0,1.0,2.0,A01
201500049332,0,7,0,0.0,2.0,5.0,2.0,B01
201500049333,0,33,0,4.0,0.0,8.0,0.0,A01
201500049334,0,7,0,0.0,2.0,4.0,1.0,B01
201500049334,0,7,0,0.0,2.0,1.0,2.0,A01
201500049335,0,10,0,0.0,0.0,0.0,0.0,B01
201500049335,0,10,0,3.0,2.0,2.0,1.0,A01
201500049336,0,7,0,13.0,0.0,2.0,14.0,A01
201500049337,0,7,0,0.0,2.0,1.0,2.0,A01
201500049337,0,7,0,0.0,2.0,4.0,2.0,B01
201500049338,0,7,0,0.0,2.0,4.0,2.0,B01
201500049338,0,7,0,0.0,2.0,4.0,2.0,A01
201500049339,0,7,0,1.0,0.0,2.0,14.0,A01
201500049339,0,7,0,1.0,0.0,6.0,0.0,B01
201500049339,0,7,0,14.0,0.0,1.0,2.0,D01
201500049339,0,7,0,14.0,0.0,0.0,1.0,C01
201500049340,0,7,0,3.0,0.0,1.0,1.0,A01
201500049341,0,10,0,0.0,2.0,5.0,17.0,C01
201500049341,0,7,0,0.0,2.0,1.0,2.0,E01
201500049341,0,7,0,0.0,2.0,1.0,2.0,D01
201500049341,0,7,0,3.0,2.0,1.0,2.0,A01
201500049341,0,7,0,0.0,2.0,4.0,2.0,B01
201500049342,0,7,0,0.0,0.0,0.0,0.0,A01
201500049343,0,7,0,3.0,2.0,6.0,1.0,B01
201500049343,0,15,0,0.0,2.0,2.0,14.0,A01
201500049344,0,7,0,3.0,0.0,5.0,1.0,B01
201500049344,1,7,0,0.0,2.0,1.0,3.0,A01
201500049345,0,17,0,0.0,2.0,2.0,14.0,A01
201500049345,0,7,0,0.0,2.0,6.0,1.0,B01
201500049346,0,7,0,6.0,0.0,2.0,14.0,A01
201500049347,0,7,0,3.0,0.0,1.0,1.0,A01
201500049348,0,7,0,0.0,2.0,2.0,14.0,A01
201500049348,0,7,0,0.0,2.0,6.0,1.0,B01
201500049349,1,7,0,0.0,1.0,6.0,15.0,Z01
201500049350,0,7,0,15.0,0.0,1.0,14.0,A01
201500049351,0,15,0,0.0,2.0,0.0,2.0,A01
201500049351,0,7,0,0.0,2.0,6.0,1.0,B01
201500049352,0,7,0,0.0,2.0,4.0,2.0,A01
201500049352,0,7,0,0.0,2.0,4.0,2.0,B01
201500049353,0,10,0,0.0,9.0,3.0,1.0,A01
201500049354,0,17,0,0.0,2.0,1.0,2.0,A01
201500049354,0,7,0,0.0,2.0,4.0,2.0,B01
201500049355,2,10,0,0.0,2.0,4.0,2.0,Z01
201500049355,0,10,0,0.0,2.0,4.0,2.0,B01
201500049355,0,7,0,0.0,2.0,1.0,2.0,A01
201500049356,0,17,0,0.0,0.0,0.0,1.0,A01
201500049356,0,7,0,14.0,0.0,9.0,2.0,B01
201500049357,0,7,0,0.0,2.0,1.0,2.0,A01
201500049357,0,7,0,0.0,2.0,4.0,2.0,B01
201500049358,0,7,0,0.0,2.0,0.0,0.0,D01
201500049358,0,7,0,0.0,2.0,0.0,0.0,B01
201500049358,0,7,0,0.0,2.0,4.0,2.0,C01
201500049358,0,7,0,0.0,2.0,1.0,2.0,A01
201500049359,0,7,0,0.0,2.0,1.0,2.0,A01
201500049359,0,7,0,0.0,2.0,4.0,2.0,B01
201500049360,0,7,0,0.0,2.0,1.0,2.0,A01
201500049360,0,7,0,0.0,2.0,4.0,2.0,C01
201500049360,0,7,0,0.0,2.0,4.0,2.0,B01
201500049360,0,7,0,0.0,0.0,4.0,2.0,D01
201500049361,0,7,0,0.0,2.0,4.0,2.0,D01
201500049361,0,7,0,0.0,2.0,1.0,2.0,A01
201500049361,0,7,0,0.0,2.0,4.0,2.0,B01
201500049361,0,7,0,0.0,2.0,1.0,2.0,C01
201500049362,0,7,0,0.0,2.0,1.0,14.0,A01
201500049362,0,7,0,0.0,2.0,4.0,2.0,C01
201500049362,0,7,0,0.0,2.0,4.0,1.0,B01
201500049363,0,7,0,4.0,0.0,1.0,0.0,A01
201500049364,0,16,0,14.0,0.0,2.0,14.0,A01
201500049364,0,10,0,0.0,2.0,4.0,0.0,B01
201500049365,0,7,0,0.0,2.0,8.0,11.0,B01
201500049365,0,33,0,0.0,2.0,2.0,3.0,A01
201500049366,0,7,0,0.0,2.0,4.0,2.0,C01
201500049366,0,7,0,0.0,2.0,6.0,2.0,B01
201500049366,0,7,0,0.0,2.0,1.0,2.0,A01
201500049367,0,7,0,16.0,0.0,9.0,14.0,A01
201500049368,0,7,0,0.0,2.0,1.0,5.0,A01
201500049368,0,14,0,3.0,2.0,1.0,1.0,B01
201500049369,0,7,0,0.0,2.0,1.0,5.0,A01
201500049369,0,7,0,0.0,2.0,1.0,1.0,B01
201500049370,0,7,0,0.0,2.0,1.0,2.0,D01
201500049370,0,7,0,0.0,2.0,1.0,1.0,A01
201500049370,0,10,0,0.0,2.0,1.0,2.0,B01
201500049370,0,7,0,0.0,2.0,4.0,2.0,C01
201500049371,0,7,0,3.0,0.0,4.0,1.0,B01
201500049371,0,7,0,4.0,2.0,2.0,2.0,A01
201500049372,0,10,0,0.0,2.0,1.0,1.0,A01
201500049372,0,7,0,0.0,2.0,4.0,23.0,C01
201500049372,0,10,0,0.0,2.0,4.0,0.0,B01
201500049373,0,15,0,0.0,2.0,2.0,12.0,A01
201500049373,0,7,0,0.0,2.0,3.0,2.0,B01
201500049374,0,2,0,3.0,2.0,4.0,2.0,B01
201500049374,0,15,0,0.0,2.0,4.0,1.0,A01
201500049375,0,7,0,0.0,2.0,1.0,2.0,A01
201500049375,0,7,0,0.0,2.0,4.0,2.0,B01
201500049376,0,7,0,0.0,2.0,8.0,18.0,A01
201500049376,0,15,0,0.0,2.0,2.0,1.0,B01
201500049376,0,7,0,4.0,2.0,7.0,1.0,C01
201500049377,0,7,0,3.0,0.0,3.0,0.0,A01
201500049378,0,7,0,0.0,2.0,1.0,2.0,A01
201500049378,0,7,0,0.0,2.0,4.0,2.0,B01
201500049379,1,7,0,0.0,2.0,0.0,11.0,B01
201500049379,1,7,0,0.0,2.0,2.0,1.0,A01
201500049380,0,7,0,0.0,2.0,4.0,2.0,C01
201500049380,0,7,0,0.0,2.0,1.0,2.0,A01
201500049380,0,7,0,0.0,2.0,4.0,2.0,B01
201500049380,0,7,0,0.0,2.0,4.0,2.0,D01
201500049381,0,7,0,0.0,2.0,9.0,13.0,A01
201500049381,0,17,0,0.0,2.0,6.0,1.0,B01
201500049382,0,7,0,4.0,2.0,6.0,18.0,A01
201500049382,0,7,0,4.0,2.0,2.0,1.0,B01
201500049383,0,7,0,0.0,2.0,4.0,2.0,B01
201500049383,0,7,0,0.0,2.0,4.0,2.0,C01
201500049383,0,7,0,0.0,2.0,4.0,2.0,A01
201500049384,0,7,0,0.0,2.0,4.0,2.0,B01
201500049384,0,7,0,0.0,2.0,1.0,2.0,A01
201500049385,0,7,0,0.0,2.0,2.0,1.0,A01
201500049385,0,7,0,3.0,2.0,6.0,1.0,B01
201500049386,0,7,0,0.0,2.0,1.0,2.0,A01
201500049386,0,33,0,0.0,2.0,4.0,2.0,B01
201500049387,0,7,0,0.0,2.0,2.0,2.0,A01
201500049387,0,15,0,0.0,2.0,6.0,2.0,B01
201500049388,0,7,0,3.0,0.0,1.0,1.0,A01
201500049389,0,17,0,1.0,1.0,1.0,18.0,A01
201500049390,0,10,0,0.0,2.0,6.0,2.0,B01
201500049390,0,33,0,1.0,0.0,1.0,2.0,A01
201500049391,0,17,0,13.0,0.0,1.0,14.0,A01
201500049392,0,7,0,3.0,0.0,8.0,1.0,A01
201500049393,2,7,0,3.0,0.0,2.0,14.0,A01
201500049393,0,7,0,0.0,2.0,0.0,0.0,E01
201500049393,0,7,0,14.0,0.0,1.0,2.0,D01
201500049393,0,7,0,0.0,2.0,6.0,2.0,B01
201500049393,0,7,0,0.0,2.0,4.0,23.0,C01
201500049394,0,7,0,3.0,0.0,2.0,2.0,A01
201500049395,0,7,0,0.0,2.0,5.0,2.0,B01
201500049395,0,7,0,7.0,2.0,3.0,18.0,A01
201500049396,0,7,0,0.0,2.0,1.0,2.0,A01
201500049396,0,7,0,0.0,2.0,4.0,23.0,B01
201500049397,0,7,0,0.0,2.0,3.0,5.0,A01
201500049397,0,7,0,0.0,2.0,3.0,11.0,B01
201500049398,0,7,0,1.0,0.0,2.0,21.0,B01
201500049398,0,7,0,0.0,2.0,3.0,22.0,A01
201500049399,0,7,0,0.0,2.0,1.0,2.0,A01
201500049399,0,7,0,0.0,2.0,4.0,2.0,B01
201500049400,0,7,0,0.0,2.0,6.0,1.0,B01
201500049400,1,7,0,0.0,2.0,2.0,13.0,A01
201500049401,0,7,0,0.0,2.0,4.0,2.0,B01
201500049401,0,7,0,0.0,2.0,5.0,2.0,C01
201500049401,0,7,0,0.0,2.0,4.0,2.0,D01
201500049401,0,7,0,0.0,2.0,1.0,2.0,A01
201500049402,0,15,0,0.0,2.0,4.0,2.0,B01
201500049402,0,15,0,0.0,2.0,4.0,2.0,C01
201500049402,0,7,0,0.0,9.0,0.0,2.0,D01
201500049402,0,15,0,0.0,2.0,1.0,2.0,A01
201500049403,0,15,0,0.0,2.0,8.0,0.0,B01
201500049403,0,7,0,0.0,2.0,1.0,2.0,C01
201500049403,0,7,0,0.0,2.0,4.0,0.0,E01
201500049403,0,7,0,0.0,2.0,1.0,2.0,D01
201500049403,0,7,0,0.0,2.0,1.0,2.0,A01
201500049404,0,7,0,0.0,2.0,2.0,1.0,B01
201500049404,0,7,0,3.0,0.0,9.0,2.0,A01
201500049405,0,10,0,13.0,0.0,7.0,14.0,A01
201500049406,0,7,0,6.0,0.0,3.0,1.0,A01
201500049407,0,10,0,0.0,1.0,4.0,4.0,A01
201500049408,0,1,0,0.0,2.0,7.0,1.0,B01
201500049408,0,7,0,0.0,2.0,1.0,1.0,A01
201500049409,0,7,0,0.0,0.0,0.0,6.0,A01
201500049409,0,33,0,0.0,0.0,0.0,1.0,B01
201500049410,0,30,0,0.0,2.0,1.0,1.0,B01
201500049410,0,7,0,0.0,2.0,5.0,4.0,A01
201500049411,0,7,0,0.0,2.0,1.0,2.0,A01
201500049411,0,99,0,0.0,2.0,4.0,1.0,B01
201500049412,0,7,0,0.0,2.0,1.0,1.0,B01
201500049412,0,7,0,0.0,2.0,8.0,1.0,A01
201500049413,0,7,0,0.0,2.0,1.0,2.0,A01
201500049413,0,30,0,0.0,2.0,0.0,2.0,B01
201500049414,1,7,0,0.0,2.0,7.0,12.0,A01
201500049414,0,33,0,0.0,2.0,8.0,1.0,B01
201500049415,0,30,0,0.0,2.0,8.0,18.0,B01
201500049415,0,7,0,0.0,2.0,2.0,20.0,A01
201500049416,0,7,0,0.0,1.0,1.0,15.0,A01
201500049417,0,10,0,0.0,2.0,1.0,1.0,A01
201500049417,0,7,0,0.0,2.0,7.0,1.0,B01
201500049418,0,7,0,0.0,2.0,8.0,15.0,A01
201500049418,0,33,0,0.0,2.0,2.0,17.0,B01
201500049419,0,7,0,0.0,1.0,2.0,1.0,A01
201500049420,0,7,0,4.0,0.0,1.0,13.0,A01
201500049421,0,37,1,0.0,2.0,3.0,2.0,B01
201500049421,0,7,0,0.0,2.0,4.0,2.0,A01
201500049422,0,7,0,0.0,1.0,2.0,0.0,A01
201500049423,0,7,0,0.0,2.0,3.0,1.0,B01
201500049423,0,10,0,0.0,2.0,2.0,1.0,A01
201500049424,0,7,0,0.0,2.0,8.0,1.0,B01
201500049424,0,7,0,0.0,2.0,1.0,19.0,A01
201500049425,0,14,0,0.0,2.0,3.0,13.0,A01
201500049425,0,7,0,0.0,2.0,0.0,2.0,B01
201500049426,0,7,0,0.0,2.0,1.0,2.0,A01
201500049426,2,7,0,0.0,2.0,1.0,2.0,B01
201500049427,0,7,0,0.0,2.0,5.0,2.0,B01
201500049427,0,7,0,0.0,2.0,3.0,2.0,A01
201500049427,0,7,0,0.0,2.0,4.0,2.0,C01
201500049428,0,34,0,0.0,2.0,1.0,1.0,A01
201500049428,0,7,0,0.0,2.0,5.0,1.0,B01
201500049429,0,7,0,14.0,0.0,3.0,1.0,A01
201500049430,0,7,0,0.0,2.0,2.0,2.0,A01
201500049430,0,7,0,0.0,2.0,1.0,1.0,B01
201500049431,0,40,50,0.0,1.0,2.0,1.0,A01
201500049432,0,7,0,0.0,2.0,1.0,2.0,A01
201500049432,0,7,0,0.0,2.0,5.0,1.0,B01
201500049433,1,7,0,0.0,1.0,0.0,16.0,Z01
201500049434,0,1,0,0.0,2.0,7.0,1.0,A01
201500049434,0,7,0,0.0,2.0,3.0,1.0,B01
201500049435,0,10,0,0.0,4.0,8.0,15.0,A01
201500049435,0,40,30,0.0,2.0,1.0,1.0,B01
201500049436,0,7,0,0.0,2.0,4.0,2.0,B01
201500049436,0,7,0,0.0,2.0,1.0,2.0,A01
201500049437,0,1,0,0.0,1.0,4.0,2.0,A01
201500049438,0,7,0,0.0,1.0,1.0,1.0,A01
201500049439,0,30,0,0.0,2.0,8.0,1.0,A01
201500049439,1,99,0,0.0,2.0,0.0,15.0,Z01
201500049440,0,7,0,0.0,2.0,3.0,2.0,A01
201500049440,0,7,0,0.0,0.0,4.0,15.0,B01
201500049441,0,7,0,0.0,1.0,3.0,1.0,A01
201500049442,0,10,0,0.0,1.0,3.0,1.0,A01
201500049443,0,1,0,0.0,2.0,7.0,1.0,A01
201500049443,0,7,0,0.0,2.0,2.0,1.0,B01
201500049444,0,7,0,0.0,2.0,1.0,1.0,B01
201500049444,0,7,0,0.0,2.0,3.0,16.0,A01
201500049445,0,7,0,0.0,1.0,1.0,1.0,A01
201500049446,0,7,0,0.0,2.0,3.0,0.0,A01
201500049446,0,34,0,0.0,2.0,1.0,1.0,B01
201500049447,0,7,0,0.0,2.0,4.0,2.0,B01
201500049447,0,7,0,0.0,2.0,4.0,2.0,C01
201500049447,0,7,0,0.0,2.0,1.0,2.0,A01
201500049448,1,99,0,0.0,1.0,0.0,0.0,Z01
201500049449,0,7,0,0.0,2.0,6.0,3.0,A01
201500049449,0,7,0,0.0,2.0,2.0,3.0,B01
201500049450,0,7,0,0.0,1.0,1.0,2.0,A01
201500049451,0,7,0,0.0,2.0,6.0,15.0,B01
201500049451,0,10,0,0.0,2.0,1.0,2.0,A01
201500049452,0,30,0,0.0,2.0,1.0,2.0,A01
201500049452,0,7,0,0.0,0.0,4.0,2.0,B01
201500049453,0,7,0,0.0,1.0,2.0,2.0,A01
201500049454,0,7,0,0.0,1.0,0.0,0.0,A01
201500049455,0,7,0,0.0,2.0,6.0,1.0,B01
201500049455,0,7,0,0.0,2.0,1.0,0.0,A01
201500049456,0,7,0,0.0,1.0,7.0,1.0,A01
201500049457,0,7,0,0.0,0.0,8.0,2.0,A01
201500049457,0,33,0,0.0,2.0,7.0,16.0,B01
201500049458,0,7,0,0.0,2.0,1.0,1.0,A01
201500049458,0,7,0,0.0,2.0,4.0,2.0,B01
201500049458,0,7,0,0.0,2.0,4.0,23.0,C01
201500049459,0,37,2,0.0,2.0,2.0,21.0,A01
201500049459,0,7,0,0.0,2.0,4.0,4.0,B01
201500049460,0,1,0,0.0,2.0,1.0,5.0,A01
201500049460,0,7,0,0.0,2.0,7.0,0.0,B01
201500049461,0,7,0,0.0,2.0,1.0,2.0,A01
201500049461,0,7,0,0.0,2.0,4.0,2.0,B01
201500049462,0,30,0,0.0,2.0,1.0,1.0,B01
201500049462,0,7,0,0.0,2.0,3.0,15.0,A01
201500049463,0,10,0,0.0,1.0,4.0,4.0,A01
201500049464,0,7,0,0.0,1.0,0.0,0.0,A01
201500049465,0,7,0,0.0,2.0,7.0,15.0,A01
201500049465,1,7,0,0.0,0.0,0.0,15.0,Z01
201500049465,0,33,0,0.0,2.0,1.0,1.0,B01
201500049466,0,7,0,3.0,0.0,6.0,3.0,B01
201500049466,0,7,0,0.0,2.0,2.0,2.0,A01
201500049466,0,7,0,0.0,2.0,5.0,0.0,C01
201500049467,0,14,0,0.0,2.0,1.0,1.0,A01
201500049467,1,14,0,1.0,0.0,0.0,0.0,Z01
201500049467,0,15,0,0.0,2.0,4.0,0.0,C01
201500049467,0,15,0,0.0,2.0,4.0,1.0,B01
201500049468,0,7,0,0.0,2.0,1.0,1.0,A01
201500049468,0,7,0,0.0,2.0,1.0,1.0,B01
201500049469,0,33,0,0.0,2.0,4.0,1.0,B01
201500049469,0,7,0,0.0,2.0,1.0,9.0,A01
201500049470,0,7,0,3.0,0.0,3.0,2.0,A01