Num_Acc,senc,catv,occutc,obs,obsm,choc,manv,num_veh
201500049471,0,7,0,6.0,0.0,7.0,2.0,A01
201500049472,0,7,0,3.0,0.0,4.0,2.0,B01
201500049472,0,7,0,0.0,2.0,0.0,2.0,A01
201500049473,0,15,0,0.0,2.0,2.0,12.0,A01
201500049473,0,7,0,0.0,0.0,4.0,1.0,B01
201500049474,0,7,0,0.0,2.0,6.0,13.0,B01
201500049474,0,7,0,0.0,2.0,2.0,17.0,A01
201500049475,0,7,0,3.0,0.0,6.0,2.0,B01
201500049475,0,7,0,0.0,2.0,2.0,2.0,A01
201500049476,0,7,0,0.0,2.0,4.0,2.0,D01
201500049476,0,7,0,0.0,2.0,4.0,2.0,B01
201500049476,0,7,0,0.0,2.0,1.0,2.0,A01
201500049476,0,7,0,0.0,2.0,4.0,11.0,C01
201500049477,1,7,0,0.0,2.0,2.0,2.0,Z01
201500049477,0,7,0,4.0,0.0,6.0,1.0,B01
201500049478,0,33,0,0.0,2.0,1.0,2.0,A01
201500049478,0,10,0,0.0,0.0,4.0,2.0,B01
201500049479,0,10,0,0.0,2.0,2.0,2.0,A01
201500049479,0,10,0,0.0,2.0,4.0,2.0,B01
201500049479,1,7,0,0.0,2.0,0.0,0.0,Z01
201500049480,0,7,0,6.0,2.0,6.0,1.0,B01
201500049480,0,7,0,4.0,2.0,3.0,12.0,A01
201500049481,0,14,0,0.0,2.0,4.0,2.0,B01
201500049481,0,14,0,0.0,2.0,1.0,2.0,A01
201500049482,0,7,0,4.0,0.0,3.0,13.0,A01
201500049483,0,7,0,0.0,2.0,8.0,1.0,C01
201500049483,1,7,0,0.0,2.0,1.0,0.0,A01
201500049483,0,33,0,0.0,2.0,4.0,2.0,B01
201500049484,0,7,0,0.0,2.0,2.0,2.0,A01
201500049484,0,7,0,0.0,9.0,6.0,2.0,B01
201500049485,0,14,0,0.0,0.0,0.0,0.0,A01
201500049486,0,7,0,0.0,2.0,1.0,2.0,A01
201500049486,0,7,0,0.0,0.0,4.0,2.0,D01
201500049486,0,7,0,0.0,2.0,4.0,2.0,C01
201500049486,0,33,0,0.0,2.0,1.0,2.0,B01
201500049487,0,7,0,0.0,2.0,4.0,1.0,C01
201500049487,0,7,0,0.0,2.0,1.0,21.0,A01
201500049487,0,10,0,0.0,2.0,4.0,1.0,D01
201500049487,0,10,0,0.0,2.0,2.0,1.0,B01
201500049488,0,7,0,3.0,0.0,1.0,1.0,A01
201500049489,0,7,0,4.0,0.0,1.0,1.0,A01
201500049490,0,7,0,0.0,2.0,4.0,2.0,B01
201500049490,1,7,0,0.0,2.0,1.0,2.0,A01
201500049491,0,10,0,1.0,0.0,2.0,2.0,A01
201500049492,0,7,0,3.0,0.0,1.0,1.0,A01
201500049493,0,15,0,0.0,2.0,2.0,12.0,A01
201500049493,0,7,0,3.0,0.0,6.0,1.0,B01
201500049494,0,7,0,0.0,2.0,4.0,2.0,B01
201500049494,0,10,0,0.0,2.0,1.0,2.0,A01
201500049495,0,7,0,0.0,1.0,3.0,0.0,A01
201500049496,2,7,0,0.0,2.0,7.0,14.0,A01
201500049496,0,17,0,0.0,2.0,3.0,0.0,B01
201500049497,0,7,0,0.0,2.0,1.0,2.0,A01
201500049497,0,7,0,0.0,2.0,4.0,2.0,B01
201500049498,0,7,0,3.0,0.0,6.0,1.0,B01
201500049498,0,7,0,0.0,2.0,2.0,2.0,A01
201500049499,0,7,0,3.0,2.0,4.0,2.0,A01
201500049499,1,7,0,0.0,2.0,2.0,2.0,Z01
201500049500,0,7,0,0.0,2.0,2.0,2.0,A01
201500049500,0,7,0,0.0,2.0,6.0,2.0,B01
201500049501,0,7,0,0.0,2.0,1.0,2.0,A01
201500049501,0,7,0,0.0,2.0,1.0,2.0,B01
201500049501,0,7,0,0.0,9.0,4.0,23.0,C01
201500049502,0,32,0,14.0,0.0,6.0,2.0,B01
201500049502,1,17,0,0.0,2.0,2.0,2.0,Z01
201500049503,0,7,0,4.0,0.0,3.0,1.0,A01
201500049504,0,7,0,4.0,2.0,7.0,14.0,A01
201500049504,0,15,0,0.0,2.0,6.0,1.0,B01
201500049505,0,7,0,4.0,0.0,1.0,16.0,A01
201500049505,0,7,0,14.0,0.0,1.0,1.0,B01
201500049505,0,7,0,3.0,2.0,1.0,2.0,C01
201500049506,0,7,0,4.0,0.0,1.0,1.0,A01
201500049507,0,7,0,0.0,2.0,1.0,5.0,A01
201500049507,0,10,0,0.0,2.0,1.0,1.0,B01
201500049508,0,10,0,14.0,0.0,1.0,2.0,A01
201500049508,0,10,0,0.0,2.0,4.0,23.0,B01
201500049509,1,7,0,0.0,2.0,3.0,11.0,A01
201500049509,0,7,0,0.0,2.0,2.0,1.0,B01
201500049510,0,10,0,4.0,0.0,3.0,1.0,A01
201500049511,0,7,0,4.0,0.0,1.0,1.0,A01
201500049512,0,7,0,0.0,2.0,1.0,2.0,C01
201500049512,0,7,0,0.0,0.0,4.0,1.0,B01
201500049512,0,7,0,0.0,2.0,0.0,13.0,A01
201500049513,0,7,0,4.0,0.0,1.0,1.0,A01
201500049514,0,7,0,4.0,0.0,1.0,0.0,A01
201500049515,0,17,0,0.0,2.0,1.0,1.0,A01
201500049515,0,7,0,0.0,2.0,4.0,0.0,B01
201500049516,0,7,0,4.0,0.0,9.0,13.0,A01
201500049517,0,7,0,0.0,2.0,4.0,2.0,B01
201500049517,0,7,0,0.0,2.0,1.0,2.0,A01
201500049518,0,7,0,0.0,0.0,0.0,0.0,A01
201500049518,0,7,0,0.0,0.0,0.0,0.0,B01
201500049519,0,7,0,4.0,2.0,3.0,1.0,A01
201500049519,0,7,0,0.0,2.0,8.0,1.0,B01
201500049520,0,33,0,0.0,2.0,1.0,2.0,C01
201500049520,0,7,0,0.0,2.0,1.0,2.0,A01
201500049520,0,7,0,0.0,2.0,4.0,2.0,B01
201500049521,0,7,0,4.0,0.0,8.0,13.0,A01
201500049522,0,7,0,0.0,2.0,1.0,16.0,A01
201500049522,0,7,0,0.0,2.0,1.0,1.0,B01
201500049523,0,10,0,4.0,0.0,3.0,13.0,A01
201500049524,0,7,0,2.0,0.0,1.0,14.0,A01
201500049525,0,7,0,4.0,0.0,1.0,0.0,A01
201500049526,0,7,0,13.0,0.0,1.0,1.0,A01
201500049527,0,7,0,0.0,2.0,4.0,2.0,B01
201500049527,0,7,0,0.0,2.0,4.0,2.0,C01
201500049527,1,7,0,0.0,2.0,1.0,2.0,A01
201500049528,0,7,0,0.0,0.0,4.0,0.0,B01
201500049528,0,7,0,0.0,0.0,4.0,0.0,A01
201500049529,0,7,0,4.0,0.0,1.0,1.0,A01
201500049530,0,7,0,4.0,0.0,6.0,1.0,B01
201500049530,0,15,0,0.0,2.0,2.0,12.0,A01
201500049531,0,7,0,4.0,0.0,1.0,1.0,A01
201500049532,0,10,0,13.0,0.0,1.0,14.0,A01
201500049533,0,7,0,0.0,0.0,4.0,1.0,C01
201500049533,0,7,0,0.0,2.0,4.0,1.0,B01
201500049533,0,7,0,0.0,2.0,1.0,1.0,A01
201500049534,0,7,0,3.0,0.0,1.0,1.0,A01
201500049535,0,7,0,0.0,0.0,1.0,2.0,A01
201500049535,0,7,0,0.0,0.0,4.0,2.0,C01
201500049535,0,7,0,0.0,0.0,4.0,2.0,B01
201500049536,0,7,0,12.0,0.0,7.0,1.0,A01
201500049537,0,7,0,4.0,0.0,7.0,1.0,A01
201500049538,0,7,0,4.0,0.0,6.0,1.0,A01
201500049539,0,7,0,3.0,0.0,8.0,1.0,A01
201500049540,0,7,0,3.0,0.0,4.0,2.0,A01
201500049541,0,15,0,0.0,0.0,5.0,2.0,B01
201500049541,0,17,0,0.0,2.0,3.0,2.0,A01
201500049542,0,7,0,0.0,2.0,4.0,2.0,B01
201500049542,0,7,0,0.0,2.0,1.0,1.0,A01
201500049542,0,7,0,0.0,2.0,4.0,1.0,C01
201500049543,0,7,0,0.0,2.0,5.0,1.0,B01
201500049543,0,7,0,0.0,2.0,3.0,0.0,A01
201500049544,0,17,0,0.0,2.0,5.0,2.0,B01
201500049544,0,7,0,0.0,0.0,0.0,2.0,T01
201500049544,0,10,0,0.0,2.0,3.0,21.0,A01
201500049545,0,33,0,4.0,0.0,1.0,1.0,A01
201500049546,0,33,0,0.0,0.0,0.0,1.0,A01
201500049547,0,7,0,0.0,2.0,1.0,1.0,A01
201500049547,0,7,0,0.0,0.0,4.0,1.0,B01
201500049548,0,7,0,3.0,0.0,1.0,12.0,A01
201500049549,1,7,0,0.0,2.0,2.0,17.0,Z01
201500049549,0,7,0,4.0,0.0,6.0,12.0,A01
201500049550,0,7,0,0.0,2.0,1.0,2.0,A01
201500049550,0,7,0,0.0,2.0,4.0,2.0,B01
201500049551,1,7,0,0.0,2.0,0.0,2.0,Z01
201500049551,0,7,0,4.0,2.0,4.0,1.0,A01
201500049552,0,10,0,0.0,2.0,4.0,2.0,B01
201500049552,0,7,0,0.0,2.0,4.0,1.0,C01
201500049552,0,7,0,0.0,2.0,1.0,2.0,A01
201500049553,0,7,0,0.0,2.0,4.0,2.0,C01
201500049553,0,7,0,0.0,2.0,1.0,1.0,A01
201500049553,0,7,0,0.0,2.0,4.0,2.0,B01
201500049554,0,7,0,0.0,2.0,5.0,2.0,B01
201500049554,0,7,0,0.0,2.0,3.0,2.0,A01
201500049555,0,7,0,0.0,0.0,8.0,1.0,B01
201500049555,0,7,0,0.0,2.0,2.0,14.0,A01
201500049555,0,7,0,0.0,0.0,5.0,1.0,C01
201500049556,0,7,0,0.0,2.0,8.0,11.0,A01
201500049556,0,7,0,0.0,2.0,5.0,1.0,B01
201500049557,0,7,0,0.0,2.0,6.0,2.0,B01
201500049557,0,33,0,0.0,2.0,1.0,2.0,A01
201500049558,0,7,0,4.0,0.0,3.0,1.0,A01
201500049559,0,15,0,0.0,2.0,2.0,1.0,B01
201500049559,0,7,0,4.0,2.0,6.0,11.0,A01
201500049560,0,7,0,4.0,0.0,2.0,2.0,A01
201500049561,0,7,0,4.0,0.0,3.0,13.0,A01
201500049562,0,7,0,0.0,0.0,0.0,0.0,A01
201500049562,0,7,0,0.0,0.0,0.0,0.0,B01
201500049562,0,7,0,0.0,0.0,0.0,0.0,C01
201500049563,0,7,0,4.0,0.0,2.0,1.0,A01
201500049564,0,7,0,4.0,0.0,1.0,0.0,A01
201500049565,0,7,0,4.0,0.0,6.0,1.0,B01
201500049565,0,7,0,4.0,2.0,1.0,1.0,A01
201500049566,0,14,0,0.0,2.0,2.0,12.0,A01
201500049566,0,7,0,0.0,2.0,6.0,1.0,B01
201500049567,0,7,0,0.0,0.0,4.0,1.0,B01
201500049567,0,7,0,0.0,2.0,1.0,1.0,A01
201500049568,0,34,0,0.0,2.0,3.0,14.0,A01
201500049568,0,10,0,0.0,2.0,5.0,14.0,B01
201500049569,0,7,0,0.0,2.0,3.0,1.0,C01
201500049569,0,7,0,0.0,2.0,6.0,11.0,A01
201500049569,0,7,0,0.0,2.0,5.0,1.0,D01
201500049569,0,7,0,0.0,2.0,2.0,1.0,B01
201500049570,0,10,0,,2.0,1.0,,A01
201500049570,0,7,0,,2.0,4.0,,B02
201500049570,0,7,0,,2.0,4.0,,C02
201500049570,0,33,0,,2.0,0.0,,D02
201500049570,0,7,0,,2.0,4.0,,E02
201500049571,0,15,0,0.0,2.0,1.0,2.0,A01
201500049571,0,10,0,0.0,2.0,4.0,2.0,B01
201500049572,0,7,0,4.0,2.0,8.0,21.0,A01
201500049572,0,15,0,0.0,0.0,0.0,0.0,B01
201500049573,0,7,0,0.0,2.0,4.0,2.0,B01
201500049573,0,7,0,0.0,2.0,1.0,0.0,A01
201500049573,0,7,0,0.0,2.0,4.0,1.0,C01
201500049574,0,33,0,3.0,0.0,0.0,16.0,A01
201500049575,0,15,0,4.0,0.0,3.0,16.0,A01
201500049576,0,33,0,0.0,2.0,1.0,2.0,A01
201500049576,0,7,0,0.0,0.0,5.0,2.0,B01
201500049577,0,7,0,4.0,0.0,3.0,15.0,A01
201500049578,0,7,0,0.0,2.0,4.0,2.0,B01
201500049578,0,7,0,0.0,2.0,4.0,2.0,C01
201500049578,0,7,0,0.0,2.0,1.0,2.0,A01
201500049579,0,7,0,0.0,0.0,9.0,0.0,A01
201500049580,0,7,0,4.0,2.0,4.0,2.0,B01
201500049580,0,7,0,0.0,2.0,1.0,1.0,A01
201500049581,0,17,0,3.0,0.0,8.0,0.0,A01
201500049582,0,33,0,0.0,2.0,8.0,3.0,A01
201500049582,0,7,0,0.0,2.0,7.0,12.0,B01
201500049583,0,15,0,0.0,2.0,1.0,1.0,A01
201500049583,0,7,0,0.0,2.0,4.0,1.0,B01
201500049584,0,7,0,3.0,0.0,2.0,0.0,A01
201500049585,0,7,0,4.0,2.0,8.0,1.0,B01
201500049585,0,17,0,0.0,2.0,7.0,12.0,A01
201500049586,0,7,0,4.0,0.0,1.0,0.0,A01
201500049587,0,7,0,0.0,2.0,4.0,1.0,C01
201500049587,0,10,0,0.0,2.0,1.0,2.0,A01
201500049587,0,7,0,0.0,2.0,3.0,2.0,B01
201500049588,0,10,0,14.0,0.0,3.0,2.0,B01
201500049588,0,10,0,3.0,0.0,3.0,16.0,A01
201500049589,0,7,0,0.0,2.0,4.0,2.0,C01
201500049589,0,7,0,0.0,2.0,1.0,2.0,B01
201500049589,0,7,0,0.0,2.0,4.0,2.0,A01
201500049590,0,7,0,0.0,2.0,6.0,12.0,A01
201500049590,1,7,0,0.0,0.0,0.0,0.0,Z01
201500049590,0,7,0,0.0,2.0,6.0,1.0,B01
201500049591,0,7,0,0.0,2.0,1.0,2.0,A01
201500049591,0,7,0,0.0,2.0,4.0,2.0,B01
201500049592,0,34,0,0.0,0.0,0.0,15.0,A01
201500049593,0,7,0,4.0,2.0,2.0,0.0,A01
201500049593,0,7,0,0.0,2.0,3.0,1.0,C01
201500049593,0,10,0,0.0,2.0,8.0,1.0,B01
201500049594,0,7,0,4.0,0.0,4.0,0.0,A01
201500049595,0,7,0,13.0,0.0,0.0,2.0,A01
201500049596,0,7,0,0.0,2.0,1.0,0.0,B01
201500049596,0,7,0,0.0,2.0,1.0,9.0,A01
201500049596,0,7,0,0.0,2.0,8.0,0.0,C01
201500049597,0,7,0,0.0,2.0,6.0,0.0,A01
201500049597,0,10,0,0.0,2.0,7.0,1.0,C01
201500049597,0,14,0,0.0,2.0,2.0,1.0,B01
201500049598,0,7,0,0.0,2.0,1.0,2.0,A01
201500049598,0,7,0,0.0,0.0,4.0,2.0,B01
201500049599,0,7,0,3.0,0.0,1.0,1.0,A01
201500049600,0,7,0,0.0,2.0,0.0,11.0,B01
201500049600,0,7,0,0.0,2.0,2.0,1.0,A01
201500049600,0,7,0,0.0,2.0,0.0,1.0,C01
201500049601,0,7,0,0.0,2.0,4.0,0.0,B01
201500049601,0,33,0,0.0,2.0,1.0,2.0,A01
201500049602,0,7,0,0.0,2.0,6.0,2.0,B01
201500049602,0,7,0,3.0,2.0,2.0,2.0,A01
201500049603,0,7,0,0.0,2.0,1.0,2.0,A01
201500049603,0,7,0,0.0,2.0,4.0,2.0,C01
201500049603,0,7,0,0.0,2.0,4.0,2.0,D01
201500049603,0,7,0,0.0,2.0,4.0,2.0,B01
201500049604,0,7,0,0.0,2.0,1.0,2.0,A01
201500049604,0,10,0,0.0,2.0,4.0,2.0,B01
201500049605,0,7,0,0.0,2.0,1.0,2.0,A01
201500049605,0,7,0,0.0,2.0,4.0,2.0,B01
201500049606,0,7,0,0.0,2.0,4.0,23.0,B01
201500049606,0,7,0,0.0,2.0,1.0,9.0,A01
201500049607,0,7,0,0.0,2.0,4.0,1.0,B01
201500049607,0,33,0,0.0,2.0,1.0,1.0,A01
201500049608,0,15,0,3.0,0.0,1.0,1.0,A01
201500049609,0,7,0,0.0,2.0,1.0,12.0,A01
201500049609,0,15,0,0.0,0.0,5.0,1.0,B01
201500049609,0,7,0,0.0,9.0,1.0,2.0,C01
201500049610,0,7,0,0.0,0.0,0.0,11.0,C01
201500049610,0,7,0,4.0,0.0,3.0,11.0,A01
201500049610,0,7,0,0.0,2.0,2.0,1.0,B01
201500049611,0,7,0,3.0,0.0,5.0,14.0,A01
201500049612,0,7,0,4.0,0.0,3.0,1.0,A01
201500049613,0,7,0,0.0,2.0,1.0,2.0,B01
201500049613,0,7,0,4.0,0.0,3.0,0.0,A01
201500049614,0,7,0,0.0,2.0,1.0,2.0,A01
201500049614,0,13,0,0.0,2.0,4.0,2.0,C01
201500049614,0,7,0,0.0,2.0,4.0,2.0,B01
201500049615,0,7,0,0.0,2.0,4.0,2.0,C01
201500049615,0,7,0,0.0,2.0,1.0,2.0,A01
201500049615,0,7,0,0.0,2.0,4.0,2.0,B01
201500049616,0,7,0,4.0,2.0,6.0,1.0,B01
201500049616,0,17,0,0.0,2.0,2.0,12.0,A01
201500049617,0,7,0,0.0,2.0,4.0,2.0,C01
201500049617,0,7,0,0.0,2.0,4.0,2.0,B01
201500049617,0,7,0,0.0,2.0,1.0,2.0,A01
201500049618,0,7,0,3.0,0.0,1.0,14.0,A01
201500049619,0,7,0,0.0,2.0,6.0,9.0,A01
201500049619,0,7,0,0.0,2.0,2.0,1.0,B01
201500049620,0,7,0,0.0,0.0,1.0,2.0,A01
201500049621,0,15,0,4.0,0.0,1.0,19.0,A01
201500049621,0,7,0,0.0,9.0,1.0,1.0,B01
201500049622,0,7,0,4.0,0.0,5.0,12.0,A01
201500049623,0,7,0,0.0,2.0,4.0,1.0,B01
201500049623,0,7,0,0.0,2.0,1.0,12.0,A01
201500049624,0,7,0,4.0,0.0,1.0,12.0,A01
201500049625,0,7,0,0.0,2.0,2.0,1.0,A01
201500049625,1,7,0,0.0,2.0,0.0,0.0,Z01
201500049626,0,7,0,4.0,2.0,5.0,14.0,A01
201500049626,0,7,0,0.0,2.0,8.0,1.0,B01
201500049627,0,7,0,0.0,9.0,7.0,1.0,C01
201500049627,0,7,0,4.0,0.0,5.0,1.0,B01
201500049627,0,10,0,0.0,2.0,2.0,14.0,A01
201500049628,0,7,0,0.0,2.0,1.0,2.0,A01
201500049628,0,7,0,0.0,2.0,4.0,2.0,B01
201500049629,0,7,0,0.0,2.0,8.0,1.0,A01
201500049629,1,7,0,0.0,2.0,0.0,14.0,Z01
201500049630,0,7,0,4.0,0.0,1.0,21.0,A01
201500049631,0,7,0,0.0,2.0,2.0,21.0,A01
201500049631,0,7,0,0.0,2.0,8.0,2.0,B01
201500049632,0,7,0,4.0,0.0,8.0,1.0,A01
201500049633,0,7,0,0.0,2.0,3.0,1.0,A01
201500049634,0,7,0,0.0,2.0,4.0,1.0,B01
201500049634,0,7,0,0.0,2.0,1.0,2.0,A01
201500049635,0,15,0,0.0,2.0,8.0,1.0,B01
201500049635,0,7,0,0.0,2.0,7.0,12.0,A01
201500049636,0,17,0,0.0,2.0,7.0,12.0,A01
201500049636,0,7,0,3.0,2.0,8.0,1.0,B01
201500049637,0,7,0,0.0,2.0,0.0,2.0,B01
201500049637,0,7,0,0.0,2.0,1.0,2.0,A01
201500049638,2,7,0,3.0,2.0,2.0,12.0,A01
201500049638,0,7,0,3.0,2.0,6.0,1.0,B01
201500049639,0,7,0,4.0,0.0,1.0,0.0,A01
201500049640,0,33,0,0.0,0.0,0.0,11.0,A01
201500049641,0,7,0,0.0,2.0,1.0,2.0,A01
201500049641,0,7,0,0.0,2.0,4.0,2.0,B01
201500049642,0,31,0,0.0,2.0,1.0,2.0,B01
201500049642,0,7,0,0.0,2.0,7.0,12.0,A01
201500049643,0,7,0,0.0,2.0,4.0,2.0,E01
201500049643,0,7,0,0.0,2.0,4.0,2.0,D01
201500049643,0,7,0,0.0,2.0,4.0,2.0,B01
201500049643,0,7,0,0.0,2.0,1.0,2.0,A01
201500049643,0,7,0,0.0,2.0,4.0,2.0,C01
201500049644,0,7,0,4.0,0.0,1.0,21.0,A01
201500049645,0,7,0,0.0,2.0,4.0,23.0,C01
201500049645,0,7,0,0.0,2.0,4.0,23.0,B01
201500049645,1,7,0,0.0,2.0,4.0,23.0,Z01
201500049645,0,7,0,0.0,2.0,4.0,23.0,D01
201500049645,0,7,0,0.0,2.0,1.0,1.0,A01
201500049646,0,15,0,0.0,2.0,8.0,1.0,B01
201500049646,0,7,0,0.0,2.0,2.0,21.0,A01
201500049647,0,7,0,4.0,0.0,1.0,1.0,A01
201500049648,0,7,0,13.0,0.0,9.0,14.0,A01
201500049649,0,7,0,4.0,0.0,3.0,1.0,A01
201500049650,0,7,0,0.0,2.0,2.0,1.0,C01
201500049650,0,7,0,0.0,2.0,4.0,2.0,B01
201500049650,0,7,0,0.0,2.0,1.0,2.0,A01
201500049651,0,7,0,0.0,2.0,6.0,1.0,B01
201500049651,0,15,0,0.0,0.0,2.0,12.0,A01
201500049652,0,7,0,4.0,0.0,1.0,0.0,A01
201500049653,0,31,0,0.0,0.0,0.0,0.0,A01
201500049654,0,33,0,4.0,0.0,8.0,1.0,A01
201500049655,0,32,0,0.0,2.0,1.0,2.0,A01
201500049655,0,7,0,0.0,2.0,4.0,0.0,B01
201500049656,0,10,0,0.0,0.0,0.0,1.0,B01
201500049656,0,33,0,0.0,2.0,1.0,21.0,A01
201500049657,0,7,0,4.0,0.0,9.0,1.0,A01
201500049658,0,10,0,0.0,2.0,4.0,2.0,A01
201500049658,0,7,0,0.0,2.0,4.0,2.0,B01
201500049659,0,7,0,0.0,2.0,3.0,12.0,A01
201500049659,0,7,0,0.0,2.0,7.0,1.0,B01
201500049659,0,7,0,0.0,2.0,6.0,1.0,C01
201500049660,0,7,0,0.0,2.0,1.0,2.0,A01
201500049660,0,7,0,0.0,0.0,4.0,2.0,B01
201500049661,0,7,0,0.0,2.0,0.0,1.0,B01
201500049661,0,7,0,4.0,2.0,1.0,13.0,A01
201500049662,0,7,0,7.0,0.0,2.0,12.0,A01
201500049663,0,7,0,4.0,0.0,1.0,1.0,A01
201500049664,0,10,0,0.0,2.0,4.0,23.0,A01
201500049664,0,10,0,1.0,2.0,1.0,1.0,B01
201500049665,0,33,0,0.0,2.0,1.0,0.0,A01
201500049665,0,7,0,0.0,2.0,4.0,0.0,B01
201500049666,0,33,0,0.0,2.0,1.0,9.0,A01
201500049666,0,7,0,0.0,2.0,8.0,1.0,B01
201500049667,0,7,0,0.0,2.0,1.0,2.0,A01
201500049667,0,7,0,0.0,2.0,4.0,2.0,C01
201500049667,0,7,0,0.0,2.0,4.0,2.0,B01
201500049668,0,7,0,4.0,0.0,1.0,16.0,A01
201500049669,0,7,0,0.0,2.0,1.0,1.0,A01
201500049669,0,7,0,0.0,2.0,4.0,23.0,B01
201500049670,0,7,0,3.0,0.0,7.0,13.0,A01
201500049671,0,33,0,12.0,2.0,7.0,15.0,A01
201500049671,0,7,0,0.0,0.0,6.0,0.0,B01
201500049672,0,7,0,3.0,0.0,1.0,15.0,A01
201500049673,0,10,0,0.0,2.0,1.0,1.0,A01
201500049673,0,10,0,0.0,2.0,5.0,1.0,B01
201500049673,0,10,0,0.0,0.0,4.0,1.0,D01
201500049673,0,10,0,0.0,0.0,0.0,0.0,C01
201500049674,0,33,0,0.0,2.0,7.0,17.0,A01
201500049674,0,7,0,0.0,0.0,8.0,11.0,B01
201500049675,0,15,0,0.0,2.0,2.0,12.0,A01
201500049675,0,10,0,0.0,2.0,6.0,1.0,B01
201500049676,0,7,0,0.0,2.0,1.0,11.0,A01
201500049676,0,33,0,0.0,9.0,4.0,1.0,B01
201500049677,1,7,0,0.0,2.0,8.0,9.0,A01
201500049677,0,38,0,0.0,0.0,7.0,2.0,B01
201500049678,0,13,0,0.0,2.0,4.0,23.0,B01
201500049678,0,7,0,1.0,2.0,1.0,21.0,A01
201500049679,0,7,0,0.0,2.0,1.0,2.0,A01
201500049679,0,7,0,0.0,2.0,4.0,2.0,B01
201500049680,0,7,0,0.0,2.0,2.0,1.0,B01
201500049680,0,7,0,0.0,2.0,8.0,11.0,A01
201500049680,0,7,0,0.0,2.0,6.0,1.0,C01
201500049681,0,7,0,4.0,0.0,3.0,0.0,A01
201500049682,0,7,0,0.0,2.0,5.0,1.0,B01
201500049682,0,33,0,0.0,2.0,1.0,3.0,A01
201500049683,0,7,0,3.0,2.0,6.0,1.0,B01
201500049683,0,15,0,0.0,2.0,2.0,12.0,A01
201500049684,0,7,0,0.0,2.0,6.0,2.0,B01
201500049684,0,7,0,0.0,2.0,4.0,2.0,C01
201500049684,0,7,0,0.0,2.0,1.0,2.0,A01
201500049685,0,7,0,0.0,0.0,0.0,0.0,A01
201500049686,0,7,0,3.0,0.0,1.0,0.0,A01
201500049687,0,7,0,0.0,2.0,4.0,1.0,B01
201500049687,0,7,0,0.0,2.0,4.0,1.0,C01
201500049687,0,7,0,0.0,2.0,1.0,1.0,A01
201500049688,0,33,0,0.0,2.0,1.0,21.0,A01
201500049689,0,7,0,0.0,2.0,4.0,2.0,B01
201500049689,0,7,0,0.0,2.0,4.0,2.0,C01
201500049689,0,7,0,0.0,2.0,1.0,2.0,A01
201500049690,0,7,0,0.0,2.0,8.0,1.0,B01
201500049690,0,33,0,0.0,2.0,7.0,12.0,A01
201500049691,0,10,0,6.0,1.0,0.0,0.0,A01
201500049692,0,7,0,0.0,2.0,3.0,11.0,A01
201500049692,0,33,0,0.0,2.0,1.0,3.0,B01
201500049693,0,7,0,3.0,0.0,1.0,17.0,A01
201500049693,0,7,0,0.0,2.0,1.0,21.0,B01
201500049694,0,7,0,0.0,2.0,1.0,2.0,A01
201500049695,0,7,0,0.0,2.0,1.0,1.0,A01
201500049695,0,7,0,0.0,2.0,4.0,2.0,B01
201500049696,0,17,0,0.0,2.0,0.0,1.0,B01
201500049696,0,7,0,0.0,2.0,1.0,2.0,A01
201500049697,0,7,0,0.0,2.0,4.0,0.0,C01
201500049697,0,33,0,3.0,2.0,1.0,2.0,A01
201500049697,0,7,0,0.0,2.0,4.0,2.0,B01
201500049698,0,7,0,0.0,2.0,4.0,2.0,C01
201500049698,0,7,0,0.0,2.0,1.0,2.0,A01
201500049698,0,7,0,0.0,2.0,4.0,2.0,B01
201500049699,0,99,0,0.0,0.0,8.0,1.0,A01
201500049700,0,10,0,4.0,0.0,2.0,1.0,A01
201500049701,0,33,0,4.0,0.0,8.0,17.0,A01
201500049702,0,7,0,0.0,2.0,7.0,2.0,B01
201500049702,0,31,0,0.0,2.0,3.0,2.0,A01
201500049703,0,7,0,0.0,2.0,4.0,2.0,C01
201500049703,0,7,0,0.0,2.0,3.0,2.0,A01
201500049703,0,7,0,0.0,2.0,7.0,2.0,B01
201500049704,0,7,0,0.0,2.0,4.0,2.0,B01
201500049704,0,7,0,0.0,2.0,1.0,2.0,A01
201500049705,0,7,0,0.0,0.0,1.0,0.0,A01
201500049705,0,7,0,0.0,0.0,4.0,0.0,B01
201500049705,0,7,0,0.0,0.0,4.0,0.0,C01
201500049705,0,7,0,0.0,0.0,4.0,0.0,D01
201500049706,0,7,0,4.0,2.0,6.0,18.0,A01
201500049706,0,7,0,0.0,2.0,2.0,1.0,B01
201500049707,0,15,0,0.0,2.0,2.0,1.0,B01
201500049707,0,7,0,0.0,2.0,6.0,9.0,A01
201500049708,0,7,0,0.0,0.0,7.0,1.0,C01
201500049708,0,17,0,0.0,2.0,2.0,1.0,B01
201500049708,0,34,0,0.0,2.0,1.0,1.0,D01
201500049708,0,7,0,0.0,2.0,6.0,9.0,A01
201500049709,0,7,0,0.0,2.0,4.0,1.0,B01
201500049709,0,15,0,0.0,2.0,4.0,1.0,C01
201500049709,0,17,0,0.0,2.0,1.0,1.0,A01
201500049710,0,17,0,0.0,2.0,6.0,1.0,B01
201500049710,0,7,0,0.0,2.0,6.0,0.0,A01
201500049711,0,10,0,0.0,2.0,5.0,1.0,B01
201500049711,0,10,0,0.0,2.0,3.0,1.0,A01
201500049712,0,7,0,4.0,0.0,3.0,13.0,A01