Num_Acc,senc,catv,occutc,obs,obsm,choc,manv,num_veh
201500049713,0,7,0,3.0,0.0,1.0,0.0,A01
201500049714,0,7,0,3.0,0.0,3.0,1.0,A01
201500049715,0,31,0,0.0,2.0,1.0,2.0,A01
201500049715,0,7,0,0.0,2.0,4.0,2.0,B01
201500049716,0,7,0,4.0,2.0,8.0,1.0,B01
201500049716,0,7,0,0.0,2.0,2.0,17.0,A01
201500049717,0,17,0,0.0,2.0,1.0,12.0,A01
201500049717,0,7,0,0.0,2.0,0.0,1.0,B01
201500049717,0,7,0,0.0,2.0,1.0,1.0,C01
201500049718,0,7,0,0.0,2.0,1.0,2.0,A01
201500049718,0,33,0,0.0,2.0,4.0,1.0,B01
201500049719,0,7,0,0.0,2.0,3.0,1.0,B01
201500049719,0,7,0,0.0,2.0,4.0,13.0,A01
201500049720,0,7,0,0.0,2.0,4.0,2.0,B01
201500049720,0,7,0,0.0,2.0,4.0,2.0,C01
201500049720,0,15,0,0.0,2.0,6.0,2.0,D01
201500049720,0,7,0,0.0,2.0,1.0,2.0,A01
201500049721,0,7,0,0.0,0.0,4.0,2.0,B01
201500049721,0,7,0,0.0,2.0,0.0,2.0,A01
201500049722,0,7,0,4.0,0.0,9.0,13.0,A01
201500049722,1,7,0,0.0,0.0,0.0,0.0,Z01
201500049722,0,7,0,0.0,2.0,8.0,2.0,B01
201500049723,0,7,0,0.0,2.0,8.0,1.0,B01
201500049723,0,17,0,0.0,2.0,7.0,12.0,A01
201500049724,0,10,0,0.0,2.0,7.0,12.0,B01
201500049724,0,33,0,0.0,2.0,8.0,12.0,A01
201500049725,0,33,0,0.0,2.0,1.0,12.0,B01
201500049725,0,7,0,0.0,2.0,0.0,0.0,A01
201500049726,0,7,0,4.0,0.0,3.0,13.0,A01
201500049727,0,7,0,0.0,0.0,0.0,0.0,B01
201500049727,0,7,0,0.0,2.0,1.0,2.0,A01
201500049727,0,7,0,0.0,2.0,1.0,2.0,D01
201500049727,0,99,0,0.0,0.0,0.0,0.0,C01
201500049728,0,7,0,4.0,0.0,3.0,0.0,A01
201500049729,0,7,0,4.0,0.0,1.0,1.0,A01
201500049730,0,17,0,0.0,2.0,3.0,11.0,A01
201500049730,0,17,0,0.0,0.0,0.0,0.0,C01
201500049730,0,7,0,4.0,2.0,5.0,2.0,B01
201500049731,0,33,0,0.0,2.0,1.0,1.0,B01
201500049731,0,7,0,0.0,0.0,4.0,10.0,A01
201500049732,0,7,0,0.0,2.0,6.0,24.0,B01
201500049732,0,7,0,1.0,0.0,2.0,1.0,A01
201500049733,0,33,0,0.0,0.0,7.0,2.0,A01
201500049734,0,7,0,0.0,9.0,2.0,1.0,C01
201500049734,0,17,0,0.0,2.0,4.0,1.0,B01
201500049734,0,7,0,0.0,2.0,1.0,1.0,A01
201500049735,0,7,0,4.0,2.0,6.0,11.0,A01
201500049735,0,7,0,0.0,2.0,2.0,1.0,B01
201500049736,0,33,0,0.0,0.0,7.0,0.0,A01
201500049737,0,7,0,4.0,0.0,1.0,0.0,A01
201500049738,0,7,0,4.0,0.0,3.0,0.0,A01
201500049739,0,7,0,2.0,0.0,1.0,21.0,A01
201500049740,0,7,0,0.0,0.0,6.0,10.0,A01
201500049740,0,7,0,0.0,2.0,1.0,2.0,B01
201500049741,0,7,0,0.0,2.0,1.0,0.0,B01
201500049741,0,7,0,0.0,2.0,4.0,0.0,A01
201500049742,0,33,0,0.0,2.0,1.0,2.0,A01
201500049742,0,7,0,0.0,2.0,4.0,2.0,B01
201500049742,0,7,0,0.0,2.0,1.0,2.0,C01
201500049743,0,33,0,0.0,2.0,1.0,1.0,B01
201500049743,2,7,0,0.0,2.0,1.0,5.0,A01
201500049744,1,7,0,0.0,0.0,0.0,0.0,Z01
201500049744,0,7,0,0.0,0.0,6.0,0.0,A01
201500049745,0,7,0,0.0,0.0,0.0,0.0,A01
201500049746,0,7,0,0.0,2.0,8.0,1.0,B01
201500049746,0,15,0,0.0,2.0,2.0,12.0,A01
201500049747,0,7,0,0.0,2.0,1.0,2.0,A01
201500049747,0,7,0,0.0,2.0,4.0,2.0,B01
201500049748,0,15,0,0.0,2.0,6.0,2.0,B01
201500049748,0,7,0,0.0,2.0,1.0,1.0,A01
201500049749,0,38,35,0.0,2.0,5.0,2.0,B01
201500049749,0,13,0,4.0,2.0,1.0,2.0,A01
201500049750,0,30,0,3.0,0.0,2.0,1.0,A01
201500049751,0,17,0,3.0,0.0,8.0,13.0,A01
201500049752,0,7,0,0.0,0.0,6.0,1.0,B01
201500049752,0,7,0,0.0,2.0,2.0,17.0,A01
201500049753,0,7,0,0.0,2.0,1.0,2.0,A01
201500049753,0,7,0,0.0,0.0,4.0,2.0,B01
201500049754,0,7,0,0.0,2.0,4.0,0.0,B01
201500049754,0,7,0,0.0,2.0,1.0,2.0,A01
201500049755,0,7,0,0.0,2.0,3.0,2.0,A01
201500049755,0,7,0,0.0,2.0,5.0,2.0,B01
201500049756,0,33,0,4.0,0.0,9.0,0.0,A01
201500049757,0,7,0,0.0,2.0,1.0,1.0,A01
201500049757,0,7,0,0.0,2.0,9.0,0.0,B01
201500049758,0,7,0,4.0,0.0,9.0,1.0,A01
201500049759,0,7,0,0.0,2.0,8.0,13.0,A01
201500049759,0,7,0,0.0,2.0,1.0,1.0,B01
201500049760,0,33,0,0.0,2.0,4.0,1.0,B01
201500049760,0,15,0,0.0,2.0,1.0,12.0,A01
201500049761,0,7,0,0.0,0.0,0.0,0.0,A01
201500049762,0,7,0,0.0,0.0,3.0,13.0,A01
201500049763,0,7,0,0.0,2.0,2.0,0.0,B01
201500049763,0,7,0,0.0,2.0,2.0,5.0,A01
201500049763,0,7,0,0.0,2.0,7.0,21.0,C01
201500049764,0,7,0,0.0,0.0,6.0,0.0,A01
201500049764,0,15,0,1.0,0.0,2.0,21.0,B01
201500049765,0,7,0,0.0,2.0,4.0,2.0,B01
201500049765,0,14,0,0.0,2.0,1.0,2.0,A01
201500049766,0,7,0,0.0,0.0,8.0,2.0,A01
201500049766,0,7,0,0.0,0.0,0.0,0.0,B01
201500049767,0,7,0,0.0,2.0,1.0,5.0,A01
201500049767,0,7,0,0.0,2.0,1.0,1.0,B01
201500049768,0,7,0,4.0,0.0,3.0,1.0,A01
201500049769,0,33,0,0.0,2.0,8.0,3.0,A01
201500049769,0,7,0,0.0,2.0,2.0,1.0,B01
201500049770,0,7,0,0.0,2.0,4.0,2.0,C01
201500049770,0,7,0,0.0,2.0,4.0,2.0,D01
201500049770,0,7,0,0.0,2.0,1.0,2.0,A01
201500049770,0,7,0,0.0,2.0,4.0,2.0,B01
201500049771,0,17,0,0.0,0.0,0.0,0.0,A01
201500049771,0,7,0,0.0,0.0,0.0,0.0,B01
201500049772,0,7,0,0.0,2.0,4.0,2.0,B01
201500049772,0,14,0,0.0,2.0,1.0,2.0,A01
201500049773,0,13,0,0.0,0.0,4.0,2.0,B01
201500049773,0,7,0,0.0,2.0,1.0,2.0,A01
201500049774,0,7,0,0.0,0.0,8.0,24.0,B01
201500049774,0,7,0,1.0,0.0,2.0,1.0,A01
201500049775,0,10,0,0.0,0.0,0.0,0.0,A01
201500049776,0,7,0,0.0,2.0,5.0,1.0,B01
201500049776,0,7,0,0.0,2.0,3.0,13.0,A01
201500049777,0,7,0,4.0,0.0,9.0,16.0,A01
201500049778,0,7,0,0.0,2.0,4.0,1.0,B01
201500049778,0,7,0,0.0,2.0,1.0,2.0,A01
201500049779,0,7,0,4.0,0.0,2.0,14.0,A01
201500049780,0,15,0,0.0,2.0,4.0,2.0,B01
201500049780,0,7,0,0.0,2.0,1.0,2.0,A01
201500049780,1,7,0,0.0,2.0,6.0,11.0,Z01
201500049781,0,33,0,0.0,2.0,6.0,1.0,A01
201500049781,1,7,0,0.0,2.0,0.0,0.0,Z01
201500049781,0,7,0,4.0,0.0,2.0,21.0,B01
201500049782,0,7,0,0.0,2.0,4.0,23.0,B01
201500049782,0,7,0,0.0,2.0,1.0,2.0,A01
201500049782,0,7,0,0.0,2.0,4.0,23.0,E01
201500049782,0,7,0,0.0,2.0,4.0,23.0,F02
201500049782,0,7,0,0.0,2.0,4.0,23.0,D01
201500049782,0,7,0,0.0,2.0,4.0,23.0,C01
201500049783,0,7,0,0.0,0.0,4.0,23.0,B01
201500049783,0,7,0,0.0,0.0,4.0,23.0,C01
201500049783,0,7,0,0.0,0.0,1.0,2.0,A01
201500049784,0,7,0,0.0,2.0,1.0,2.0,A01
201500049784,0,7,0,0.0,2.0,1.0,2.0,C01
201500049784,0,7,0,0.0,2.0,4.0,1.0,B01
201500049785,0,7,0,0.0,2.0,1.0,2.0,A01
201500049785,0,7,0,0.0,2.0,4.0,2.0,B01
201500049785,0,10,0,0.0,2.0,5.0,2.0,C01
201500049786,0,7,0,4.0,0.0,3.0,13.0,A01
201500049787,0,7,0,0.0,2.0,8.0,0.0,B01
201500049787,0,33,0,0.0,2.0,8.0,0.0,A01
201500049787,1,7,0,0.0,0.0,0.0,12.0,Z01
201500049788,0,7,0,0.0,2.0,4.0,2.0,B01
201500049788,0,7,0,0.0,2.0,4.0,2.0,C01
201500049788,0,7,0,0.0,2.0,4.0,2.0,D01
201500049788,0,7,0,0.0,2.0,1.0,2.0,A01
201500049789,0,15,0,0.0,0.0,0.0,16.0,A01
201500049790,0,7,0,0.0,2.0,1.0,2.0,A01
201500049790,0,7,0,0.0,2.0,4.0,2.0,B01
201500049790,0,7,0,0.0,0.0,0.0,0.0,C01
201500049791,0,7,0,0.0,2.0,1.0,13.0,A01
201500049791,0,7,0,0.0,2.0,1.0,1.0,B01
201500049792,0,7,0,0.0,2.0,1.0,1.0,A01
201500049792,0,10,0,0.0,2.0,4.0,1.0,B01
201500049792,0,10,0,14.0,0.0,1.0,1.0,C01
201500049793,0,7,0,0.0,2.0,5.0,1.0,D01
201500049793,0,17,0,0.0,2.0,5.0,1.0,B01
201500049793,0,13,0,0.0,2.0,3.0,1.0,C01
201500049793,0,7,0,0.0,2.0,3.0,11.0,A01
201500049794,0,7,0,0.0,2.0,9.0,2.0,B01
201500049794,0,7,0,0.0,2.0,4.0,2.0,C01
201500049794,0,15,0,0.0,2.0,1.0,2.0,A01
201500049795,0,14,0,0.0,2.0,8.0,2.0,B01
201500049795,0,7,0,0.0,2.0,1.0,12.0,A01
201500049796,0,33,0,0.0,2.0,3.0,3.0,A01
201500049796,0,7,0,0.0,2.0,5.0,1.0,B01
201500049796,0,14,0,0.0,2.0,6.0,1.0,C01
201500049797,0,7,0,0.0,2.0,4.0,2.0,C01
201500049797,0,7,0,0.0,2.0,1.0,2.0,A01
201500049797,0,7,0,0.0,2.0,4.0,2.0,D01
201500049797,0,7,0,0.0,2.0,4.0,2.0,B01
201500049798,0,7,0,0.0,0.0,0.0,2.0,A01
201500049799,0,7,0,4.0,0.0,1.0,0.0,A01
201500049800,0,7,0,0.0,2.0,3.0,1.0,B01
201500049800,0,17,0,0.0,2.0,2.0,12.0,A01
201500049801,0,7,0,0.0,2.0,1.0,1.0,A01
201500049801,0,7,0,0.0,2.0,4.0,1.0,B01
201500049802,0,7,0,0.0,2.0,1.0,2.0,A01
201500049802,0,7,0,0.0,2.0,4.0,2.0,B01
201500049802,0,7,0,0.0,2.0,4.0,2.0,C01
201500049803,0,7,0,0.0,2.0,1.0,2.0,A01
201500049803,0,7,0,0.0,2.0,4.0,2.0,B01
201500049804,0,7,0,0.0,2.0,1.0,2.0,A01
201500049804,0,7,0,0.0,2.0,4.0,2.0,C01
201500049804,0,7,0,0.0,2.0,4.0,2.0,B01
201500049805,0,7,0,0.0,2.0,2.0,0.0,B01
201500049805,0,7,0,0.0,2.0,6.0,11.0,A01
201500049806,0,10,0,0.0,2.0,4.0,2.0,C01
201500049806,0,10,0,0.0,2.0,1.0,1.0,A01
201500049806,0,10,0,0.0,2.0,1.0,2.0,B01
201500049807,0,7,0,0.0,2.0,4.0,2.0,B01
201500049807,0,7,0,0.0,2.0,1.0,2.0,A01
201500049807,0,7,0,0.0,2.0,4.0,2.0,C01
201500049808,2,7,0,0.0,2.0,1.0,1.0,A01
201500049808,0,7,0,0.0,2.0,4.0,2.0,B01
201500049809,0,7,0,11.0,0.0,3.0,0.0,A01
201500049810,0,7,0,0.0,2.0,0.0,0.0,A01
201500049810,0,15,0,0.0,2.0,6.0,2.0,B01
201500049811,0,7,0,0.0,0.0,9.0,16.0,A01
201500049812,0,7,0,0.0,2.0,1.0,1.0,B01
201500049812,0,7,0,0.0,2.0,1.0,5.0,A01
201500049813,0,7,0,4.0,0.0,3.0,0.0,A01
201500049814,0,33,0,0.0,0.0,7.0,3.0,A01
201500049815,0,7,0,0.0,0.0,4.0,2.0,A01
201500049815,0,7,0,0.0,0.0,4.0,0.0,B01
201500049815,0,7,0,0.0,0.0,1.0,0.0,C01
201500049816,0,7,0,4.0,0.0,6.0,1.0,A01
201500049817,0,7,0,4.0,0.0,1.0,1.0,A01
201500049818,0,17,0,0.0,2.0,3.0,1.0,B01
201500049818,0,7,0,3.0,2.0,1.0,2.0,A01
201500049819,0,7,0,0.0,2.0,1.0,2.0,A01
201500049819,0,7,0,0.0,2.0,4.0,2.0,B01
201500049819,0,7,0,0.0,2.0,1.0,2.0,C01
201500049820,0,7,0,4.0,2.0,6.0,1.0,A01
201500049820,1,7,0,,,,,Z02
201500049821,0,7,0,0.0,2.0,9.0,13.0,A01
201500049821,0,10,0,0.0,2.0,2.0,1.0,B01
201500049822,0,7,0,14.0,,1.0,,A01
201500049823,0,7,0,0.0,2.0,6.0,0.0,C01
201500049823,0,7,0,0.0,2.0,1.0,1.0,E01
201500049823,0,7,0,0.0,2.0,1.0,1.0,D01
201500049823,0,7,0,0.0,2.0,3.0,1.0,B01
201500049823,0,7,0,0.0,2.0,2.0,9.0,A01
201500049824,0,7,0,0.0,0.0,0.0,0.0,A01
201500049824,0,15,0,0.0,0.0,0.0,0.0,B01
201500049825,0,7,0,15.0,0.0,7.0,14.0,A01
201500049826,1,7,0,0.0,0.0,0.0,0.0,Z01
201500049826,0,31,0,0.0,0.0,6.0,11.0,B01
201500049827,0,7,0,4.0,0.0,1.0,11.0,A01
201500049828,0,7,0,0.0,0.0,0.0,0.0,A01
201500049829,0,7,0,0.0,2.0,4.0,2.0,C01
201500049829,0,7,0,0.0,2.0,1.0,3.0,A01
201500049829,0,10,0,0.0,2.0,5.0,2.0,B01
201500049829,0,7,0,0.0,2.0,4.0,2.0,D01
201500049830,0,7,0,0.0,2.0,6.0,1.0,B01
201500049830,0,15,0,0.0,2.0,2.0,12.0,A01
201500049831,0,17,0,0.0,2.0,2.0,12.0,A01
201500049831,0,7,0,0.0,2.0,3.0,1.0,B01
201500049832,0,7,0,0.0,2.0,4.0,1.0,B01
201500049832,2,7,0,3.0,2.0,1.0,11.0,Z01
201500049833,0,10,0,0.0,2.0,1.0,1.0,A01
201500049833,0,7,0,0.0,2.0,3.0,21.0,C01
201500049833,0,7,0,0.0,2.0,4.0,23.0,B01
201500049834,0,7,0,14.0,0.0,1.0,1.0,A01
201500049835,0,7,0,0.0,2.0,2.0,17.0,B01
201500049835,0,32,0,0.0,2.0,1.0,15.0,A01
201500049836,0,10,0,0.0,2.0,2.0,15.0,A01
201500049836,0,10,0,0.0,2.0,1.0,1.0,B01
201500049837,0,7,0,14.0,0.0,3.0,1.0,A01
201500049838,0,7,0,0.0,2.0,5.0,15.0,B01
201500049838,0,31,0,0.0,2.0,7.0,1.0,A01
201500049839,0,7,0,0.0,2.0,3.0,15.0,B01
201500049839,0,31,0,0.0,2.0,3.0,7.0,A01
201500049840,0,7,0,0.0,1.0,2.0,1.0,A01
201500049841,0,32,0,0.0,2.0,0.0,2.0,A01
201500049842,0,7,0,1.0,9.0,8.0,24.0,A01
201500049842,0,1,0,1.0,0.0,7.0,1.0,B01
201500049843,0,7,0,0.0,0.0,2.0,1.0,A01
201500049844,0,7,0,0.0,2.0,1.0,2.0,A01
201500049844,0,33,0,0.0,2.0,4.0,1.0,B01
201500049845,0,30,0,0.0,0.0,3.0,17.0,A01
201500049845,0,7,0,0.0,0.0,3.0,15.0,B01
201500049846,0,7,0,0.0,2.0,1.0,1.0,A01
201500049846,0,7,0,0.0,2.0,8.0,1.0,B01
201500049847,0,7,0,0.0,2.0,3.0,15.0,A01
201500049847,0,2,0,0.0,2.0,3.0,1.0,B01
201500049848,0,7,0,0.0,1.0,3.0,1.0,A01
201500049849,0,7,0,0.0,2.0,7.0,14.0,A01
201500049849,0,7,0,16.0,0.0,0.0,0.0,C01
201500049849,0,34,0,7.0,2.0,8.0,1.0,B01
201500049850,0,7,0,0.0,2.0,4.0,2.0,C01
201500049850,0,7,0,0.0,2.0,1.0,2.0,A01
201500049850,0,7,0,0.0,2.0,4.0,2.0,B01
201500049851,0,32,0,16.0,0.0,8.0,1.0,A01
201500049852,1,7,0,0.0,2.0,1.0,2.0,A01
201500049852,0,7,0,0.0,2.0,4.0,1.0,B01
201500049853,0,32,0,16.0,0.0,0.0,21.0,A01
201500049854,0,7,0,0.0,2.0,4.0,23.0,B01
201500049854,0,7,0,0.0,2.0,4.0,23.0,C01
201500049854,0,7,0,0.0,2.0,1.0,2.0,A01
201500049854,0,7,0,0.0,2.0,4.0,23.0,D01
201500049855,0,17,0,0.0,2.0,1.0,0.0,A01
201500049855,0,7,0,0.0,2.0,4.0,23.0,C01
201500049855,0,7,0,0.0,2.0,4.0,23.0,D01
201500049855,0,7,0,3.0,2.0,4.0,23.0,B01
201500049856,0,7,0,0.0,2.0,5.0,12.0,A01
201500049856,0,33,0,3.0,2.0,3.0,3.0,B01
201500049857,0,7,0,7.0,2.0,2.0,14.0,A01
201500049857,0,7,0,0.0,2.0,1.0,1.0,B01
201500049858,0,7,0,0.0,2.0,8.0,1.0,B01
201500049858,1,7,0,0.0,2.0,7.0,14.0,Z01
201500049859,0,7,0,4.0,0.0,8.0,21.0,A01
201500049860,0,7,0,3.0,2.0,1.0,12.0,A01
201500049860,0,7,0,3.0,2.0,5.0,1.0,B01
201500049861,0,7,0,4.0,2.0,2.0,11.0,A01
201500049861,0,7,0,3.0,2.0,6.0,1.0,B01
201500049862,0,33,0,16.0,0.0,0.0,21.0,A01
201500049863,0,7,0,0.0,2.0,1.0,2.0,A01
201500049863,0,10,0,0.0,2.0,4.0,1.0,B01
201500049864,0,10,0,0.0,2.0,4.0,2.0,B01
201500049864,0,7,0,0.0,2.0,4.0,2.0,C01
201500049864,0,7,0,0.0,2.0,1.0,2.0,A01
201500049865,0,7,0,0.0,2.0,4.0,1.0,B01
201500049865,0,7,0,0.0,2.0,1.0,2.0,A01
201500049866,0,7,0,3.0,0.0,8.0,13.0,A01
201500049867,0,7,0,0.0,2.0,6.0,1.0,B01
201500049867,1,7,0,0.0,2.0,1.0,1.0,Z01
201500049868,0,7,0,0.0,2.0,1.0,21.0,B01
201500049868,0,7,0,3.0,2.0,1.0,14.0,A01
201500049869,0,33,0,0.0,2.0,1.0,2.0,A01
201500049869,0,7,0,0.0,2.0,4.0,1.0,B01
201500049870,0,31,0,0.0,0.0,0.0,16.0,A01
201500049871,0,7,0,4.0,0.0,2.0,14.0,A01
201500049872,0,7,0,0.0,2.0,7.0,1.0,B01
201500049872,0,7,0,3.0,2.0,3.0,11.0,A01
201500049873,0,10,0,4.0,0.0,7.0,14.0,A01
201500049874,0,7,0,0.0,2.0,1.0,2.0,A01
201500049874,0,7,0,0.0,2.0,4.0,1.0,B01
201500049875,0,7,0,0.0,2.0,4.0,23.0,B01
201500049875,0,7,0,0.0,2.0,1.0,2.0,A01
201500049876,0,7,0,0.0,2.0,2.0,13.0,A01
201500049876,0,7,0,0.0,2.0,6.0,1.0,B01
201500049877,0,7,0,3.0,0.0,8.0,11.0,A01
201500049878,0,7,0,0.0,2.0,4.0,1.0,B01
201500049878,0,7,0,0.0,2.0,1.0,2.0,A01
201500049879,0,33,0,3.0,0.0,1.0,13.0,A01
201500049880,0,7,0,16.0,0.0,0.0,19.0,A01
201500049881,0,7,0,0.0,2.0,1.0,1.0,A01
201500049881,0,7,0,0.0,2.0,4.0,11.0,B01
201500049882,0,33,0,4.0,0.0,8.0,13.0,A01
201500049883,0,7,0,0.0,2.0,4.0,23.0,B01
201500049883,0,7,0,0.0,2.0,8.0,23.0,C01
201500049883,0,7,0,0.0,2.0,1.0,2.0,A01
201500049884,0,33,0,0.0,2.0,1.0,3.0,A01
201500049884,0,7,0,0.0,2.0,4.0,1.0,B01
201500049885,0,7,0,0.0,2.0,4.0,23.0,B01
201500049885,0,7,0,0.0,2.0,1.0,1.0,C01
201500049885,0,7,0,0.0,2.0,1.0,2.0,A01
201500049886,0,33,0,0.0,2.0,8.0,3.0,B01
201500049886,0,7,0,0.0,2.0,7.0,12.0,A01
201500049887,0,7,0,0.0,2.0,1.0,2.0,A01
201500049887,0,33,0,0.0,2.0,4.0,23.0,B01
201500049888,0,34,0,0.0,2.0,4.0,23.0,B01
201500049888,0,7,0,0.0,2.0,1.0,1.0,A01
201500049889,0,33,0,0.0,0.0,0.0,21.0,A01
201500049890,0,33,0,16.0,0.0,0.0,3.0,A01
201500049891,0,7,0,0.0,2.0,4.0,1.0,B01
201500049891,0,7,0,0.0,2.0,1.0,1.0,A01
201500049892,0,7,0,0.0,2.0,4.0,23.0,B01
201500049892,0,33,0,0.0,2.0,1.0,2.0,A01
201500049893,0,7,0,0.0,2.0,4.0,24.0,B01
201500049893,0,7,0,1.0,0.0,1.0,14.0,A01
201500049894,0,7,0,0.0,2.0,1.0,2.0,A01
201500049894,0,99,0,0.0,2.0,4.0,23.0,B01
201500049895,0,7,0,0.0,2.0,1.0,2.0,A01
201500049895,0,7,0,0.0,2.0,4.0,1.0,B01
201500049896,0,7,0,0.0,2.0,2.0,2.0,A01
201500049896,0,33,0,0.0,0.0,6.0,1.0,B01
201500049897,0,7,0,0.0,2.0,3.0,2.0,A01
201500049897,0,7,0,0.0,2.0,6.0,1.0,B01
201500049898,0,7,0,0.0,2.0,5.0,1.0,B01
201500049898,1,7,0,0.0,2.0,3.0,11.0,A01
201500049898,0,7,0,6.0,2.0,6.0,1.0,C01
201500049899,0,31,0,0.0,0.0,0.0,1.0,A01
201500049900,0,33,0,0.0,2.0,8.0,1.0,B01
201500049900,0,7,0,0.0,2.0,7.0,1.0,C01
201500049900,0,33,0,0.0,2.0,7.0,12.0,A01
201500049901,0,7,0,0.0,2.0,1.0,2.0,A01
201500049901,0,10,0,0.0,2.0,4.0,23.0,B01
201500049901,0,7,0,0.0,2.0,4.0,23.0,C01
201500049902,0,7,0,3.0,0.0,7.0,1.0,A01
201500049903,0,32,0,0.0,0.0,0.0,1.0,A01
201500049904,0,33,0,0.0,0.0,0.0,1.0,A01
201500049905,1,7,0,0.0,2.0,1.0,2.0,A01
201500049905,0,7,0,0.0,2.0,4.0,1.0,B01
201500049905,0,7,0,0.0,2.0,4.0,1.0,C01
201500049906,0,30,0,0.0,2.0,7.0,12.0,B01
201500049906,1,7,0,0.0,2.0,8.0,11.0,Z01
201500049907,0,7,0,0.0,2.0,1.0,1.0,A01
201500049907,0,7,0,4.0,2.0,3.0,13.0,B01
201500049908,0,33,0,0.0,2.0,6.0,1.0,B01
201500049908,0,7,0,0.0,2.0,7.0,14.0,A01
201500049909,0,10,0,0.0,2.0,1.0,2.0,A01
201500049909,0,7,0,0.0,2.0,4.0,23.0,B01
201500049909,0,7,0,0.0,2.0,4.0,23.0,C01
201500049910,0,7,0,0.0,2.0,4.0,1.0,B01
201500049910,0,7,0,0.0,2.0,1.0,2.0,A01
201500049911,0,7,0,4.0,0.0,1.0,21.0,A01
201500049912,0,7,0,0.0,2.0,5.0,1.0,C01
201500049912,0,7,0,0.0,2.0,1.0,2.0,A01
201500049912,0,7,0,0.0,2.0,4.0,23.0,B01
201500049913,0,7,0,0.0,2.0,7.0,21.0,B01
201500049913,0,31,0,0.0,2.0,7.0,11.0,A01
201500049914,0,7,0,4.0,0.0,3.0,13.0,A01
201500049915,0,10,0,3.0,2.0,1.0,2.0,A01
201500049915,0,7,0,0.0,2.0,4.0,1.0,B01
201500049915,0,7,0,0.0,2.0,1.0,21.0,C01
201500049916,0,7,0,0.0,2.0,4.0,1.0,B01
201500049916,0,7,0,0.0,2.0,1.0,2.0,A01
201500049917,0,7,0,0.0,2.0,8.0,11.0,A01
201500049917,0,33,0,0.0,2.0,7.0,17.0,B01
201500049918,0,31,0,0.0,0.0,0.0,21.0,A01
201500049919,0,7,0,0.0,2.0,1.0,1.0,A01
201500049919,0,7,0,0.0,2.0,4.0,23.0,C01
201500049919,0,7,0,0.0,2.0,4.0,23.0,B01
201500049920,0,7,0,0.0,2.0,1.0,2.0,A01
201500049920,0,7,0,0.0,2.0,4.0,1.0,B01
201500049921,0,7,0,0.0,2.0,1.0,2.0,A01
201500049921,0,7,0,0.0,2.0,4.0,1.0,B01
201500049921,0,7,0,0.0,2.0,4.0,2.0,C01
201500049921,0,7,0,0.0,2.0,1.0,21.0,D01
201500049922,0,7,0,0.0,2.0,1.0,2.0,A01
201500049922,0,7,0,0.0,2.0,4.0,1.0,B01
201500049923,0,7,0,0.0,2.0,6.0,17.0,B01
201500049923,0,34,0,0.0,2.0,1.0,3.0,A01
201500049924,0,10,0,0.0,2.0,6.0,1.0,B01
201500049924,0,7,0,0.0,2.0,2.0,12.0,A01
201500049925,0,7,0,0.0,2.0,4.0,1.0,B01
201500049925,0,7,0,0.0,2.0,1.0,2.0,A01
201500049926,0,7,0,0.0,2.0,4.0,23.0,C01
201500049926,0,10,0,0.0,2.0,4.0,23.0,D01
201500049926,0,7,0,0.0,2.0,1.0,2.0,A01
201500049926,0,7,0,0.0,2.0,4.0,23.0,B01
201500049927,0,7,0,0.0,2.0,4.0,23.0,B01
201500049927,0,33,0,0.0,2.0,1.0,2.0,A01
201500049928,0,7,0,0.0,2.0,1.0,1.0,D01
201500049928,1,10,0,0.0,2.0,6.0,11.0,Z01
201500049928,0,7,0,0.0,2.0,2.0,1.0,B01
201500049928,0,32,0,0.0,2.0,1.0,2.0,E01
201500049928,0,7,0,0.0,2.0,7.0,1.0,C01
201500049929,0,7,0,0.0,2.0,8.0,11.0,A01
201500049929,0,31,0,0.0,2.0,7.0,1.0,B01
201500049930,0,7,0,6.0,,3.0,1.0,A01
201500049931,0,7,0,0.0,0.0,0.0,0.0,B01
201500049931,0,7,0,0.0,2.0,8.0,11.0,A01
201500049932,0,7,0,0.0,2.0,7.0,14.0,A01
201500049932,0,7,0,0.0,2.0,8.0,1.0,B01
201500049933,0,7,0,0.0,1.0,2.0,1.0,A01
201500049934,0,7,0,4.0,0.0,3.0,1.0,A01
201500049935,0,7,0,4.0,0.0,3.0,1.0,A01
201500049936,0,7,0,0.0,0.0,9.0,2.0,A01
201500049937,0,32,0,0.0,0.0,1.0,1.0,A01
201500049938,0,7,0,0.0,2.0,1.0,2.0,B01
201500049938,0,10,0,0.0,2.0,4.0,1.0,A01
201500049939,0,99,0,0.0,0.0,1.0,12.0,A01
201500049939,0,7,0,0.0,0.0,5.0,2.0,B01
201500049940,0,1,0,0.0,2.0,8.0,1.0,B01
201500049940,0,7,0,0.0,2.0,7.0,12.0,A01
201500049941,0,1,0,0.0,2.0,3.0,1.0,B01
201500049941,0,7,0,0.0,2.0,2.0,3.0,A01
201500049942,0,7,0,0.0,0.0,4.0,1.0,A01
201500049942,0,7,0,0.0,2.0,1.0,2.0,B01
201500049943,0,7,0,14.0,0.0,4.0,1.0,C01
201500049943,0,7,0,0.0,2.0,1.0,1.0,D01
201500049943,0,7,0,0.0,2.0,4.0,1.0,A01
201500049943,0,7,0,0.0,2.0,4.0,1.0,B01
201500049944,0,7,0,0.0,1.0,2.0,1.0,B01