Num_Acc,senc,catv,occutc,obs,obsm,choc,manv,num_veh
201500049944,0,7,0,0.0,1.0,3.0,1.0,A01
201500049945,0,10,0,0.0,0.0,1.0,2.0,A01
201500049946,0,7,0,0.0,2.0,0.0,0.0,A01
201500049946,0,7,0,0.0,2.0,2.0,0.0,B01
201500049947,0,7,0,0.0,0.0,7.0,0.0,A01
201500049948,0,7,0,0.0,2.0,6.0,2.0,A01
201500049948,1,7,0,0.0,2.0,2.0,2.0,Z01
201500049949,0,7,0,5.0,2.0,2.0,14.0,B01
201500049949,0,10,0,3.0,0.0,8.0,1.0,A01
201500049950,0,7,0,0.0,2.0,1.0,1.0,B01
201500049950,0,7,0,0.0,2.0,4.0,1.0,A01
201500049951,0,7,0,0.0,0.0,2.0,1.0,A01
201500049952,0,33,0,0.0,2.0,1.0,1.0,A01
201500049952,0,7,0,0.0,2.0,4.0,1.0,B01
201500049953,0,7,0,0.0,2.0,1.0,1.0,B01
201500049953,0,7,0,0.0,0.0,3.0,1.0,A01
201500049954,0,7,0,0.0,0.0,8.0,1.0,A01
201500049954,1,7,0,0.0,0.0,7.0,14.0,Z01
201500049955,0,14,0,0.0,0.0,4.0,2.0,A01
201500049955,0,10,0,0.0,0.0,1.0,2.0,B01
201500049956,0,7,0,0.0,0.0,1.0,2.0,C01
201500049956,0,13,0,0.0,0.0,1.0,2.0,B01
201500049956,0,10,0,0.0,0.0,4.0,2.0,A01
201500049957,0,7,0,0.0,0.0,0.0,0.0,B01
201500049957,0,10,0,0.0,0.0,1.0,2.0,A01
201500049958,0,7,0,4.0,0.0,3.0,1.0,A01
201500049959,0,7,0,0.0,0.0,9.0,1.0,A01
201500049960,0,7,0,0.0,2.0,4.0,1.0,B01
201500049960,0,7,0,0.0,2.0,1.0,1.0,C01
201500049960,0,7,0,0.0,0.0,4.0,2.0,A01
201500049961,0,7,0,0.0,2.0,1.0,0.0,A01
201500049961,0,7,0,0.0,2.0,3.0,1.0,B01
201500049962,0,7,0,0.0,2.0,4.0,2.0,C01
201500049962,0,7,0,0.0,2.0,1.0,2.0,A01
201500049962,0,7,0,0.0,2.0,4.0,2.0,B01
201500049963,0,7,0,3.0,0.0,2.0,19.0,A01
201500049964,0,7,0,0.0,2.0,4.0,1.0,B01
201500049964,0,7,0,0.0,2.0,1.0,1.0,C01
201500049964,0,7,0,0.0,2.0,4.0,1.0,A01
201500049965,0,7,0,0.0,0.0,9.0,2.0,A01
201500049966,0,7,0,0.0,2.0,8.0,1.0,B01
201500049966,0,7,0,0.0,2.0,2.0,14.0,A01
201500049967,0,3,0,0.0,2.0,1.0,2.0,C01
201500049967,0,3,0,0.0,2.0,4.0,2.0,A01
201500049967,0,3,0,0.0,2.0,4.0,2.0,B01
201500049968,0,7,0,0.0,0.0,4.0,1.0,B01
201500049968,0,7,0,0.0,0.0,4.0,1.0,A01
201500049968,0,7,0,0.0,0.0,0.0,0.0,C01
201500049969,0,33,0,0.0,0.0,0.0,0.0,B01
201500049969,0,7,0,0.0,2.0,3.0,1.0,C01
201500049969,0,7,0,0.0,2.0,7.0,1.0,A01
201500049970,0,7,0,0.0,2.0,4.0,2.0,A01
201500049970,0,10,0,0.0,2.0,1.0,12.0,E01
201500049970,0,7,0,0.0,2.0,4.0,2.0,B01
201500049970,0,7,0,0.0,2.0,4.0,2.0,D01
201500049970,0,7,0,0.0,2.0,4.0,23.0,C01
201500049971,0,7,0,3.0,2.0,1.0,18.0,B01
201500049971,0,7,0,3.0,2.0,7.0,1.0,A01
201500049972,0,7,0,0.0,2.0,4.0,2.0,A01
201500049973,0,14,0,0.0,2.0,6.0,2.0,B01
201500049973,0,7,0,0.0,2.0,1.0,1.0,C01
201500049973,0,7,0,0.0,2.0,1.0,2.0,A01
201500049974,0,7,0,16.0,0.0,9.0,16.0,A01
201500049975,0,7,0,0.0,2.0,6.0,2.0,C01
201500049975,0,7,0,0.0,2.0,6.0,1.0,A01
201500049975,0,7,0,4.0,0.0,0.0,12.0,B01
201500049976,0,7,0,0.0,0.0,4.0,1.0,A01
201500049976,0,33,0,0.0,2.0,1.0,1.0,B01
201500049976,0,7,0,0.0,2.0,3.0,3.0,C01
201500049977,0,7,0,0.0,2.0,4.0,3.0,A01
201500049977,0,7,0,0.0,2.0,1.0,2.0,B01
201500049978,0,7,0,0.0,2.0,4.0,1.0,A01
201500049978,0,13,0,0.0,2.0,2.0,1.0,B01
201500049979,0,7,0,0.0,0.0,0.0,0.0,A01
201500049980,0,7,0,0.0,2.0,2.0,1.0,B01
201500049980,0,31,0,3.0,0.0,9.0,6.0,A01
201500049981,0,10,0,0.0,0.0,9.0,17.0,A01
201500049982,0,7,0,3.0,0.0,2.0,14.0,A01
201500049983,0,7,0,4.0,0.0,1.0,0.0,A01
201500049984,0,7,0,0.0,2.0,4.0,2.0,B01
201500049984,0,7,0,0.0,2.0,4.0,2.0,A01
201500049984,0,7,0,0.0,2.0,4.0,0.0,C01
201500049984,0,7,0,14.0,1.0,2.0,2.0,E01
201500049985,0,7,0,0.0,2.0,8.0,12.0,A01
201500049985,0,7,0,0.0,2.0,7.0,1.0,B01
201500049986,0,31,0,0.0,0.0,8.0,2.0,A01
201500049987,0,7,0,0.0,2.0,1.0,2.0,A01
201500049987,0,33,0,0.0,2.0,4.0,2.0,B01
201500049988,0,7,0,0.0,0.0,0.0,0.0,A01
201500049988,0,7,0,0.0,5.0,1.0,2.0,B01
201500049989,0,7,0,0.0,2.0,4.0,1.0,A01
201500049989,0,7,0,0.0,2.0,0.0,0.0,B01
201500049990,0,7,0,0.0,2.0,6.0,2.0,A01
201500049990,0,7,0,0.0,2.0,1.0,2.0,B01
201500049991,0,7,0,0.0,2.0,8.0,2.0,A01
201500049991,0,7,0,10.0,0.0,9.0,2.0,B01
201500049992,0,7,0,0.0,2.0,8.0,2.0,A01
201500049992,0,7,0,0.0,2.0,0.0,0.0,B01
201500049993,0,7,0,0.0,2.0,1.0,1.0,H02
201500049993,0,7,0,0.0,2.0,3.0,1.0,B01
201500049993,0,31,0,0.0,2.0,1.0,1.0,F02
201500049993,0,7,0,0.0,2.0,4.0,1.0,C01
201500049993,0,7,0,0.0,2.0,1.0,1.0,G02
201500049993,0,7,0,0.0,9.0,3.0,1.0,A01
201500049993,0,7,0,0.0,2.0,1.0,1.0,E01
201500049993,0,7,0,0.0,2.0,1.0,1.0,D01
201500049994,0,7,0,5.0,0.0,1.0,0.0,A01
201500049995,0,7,0,0.0,2.0,3.0,2.0,B01
201500049995,0,7,0,0.0,2.0,4.0,2.0,A01
201500049996,0,7,0,0.0,2.0,7.0,14.0,B01
201500049996,0,7,0,3.0,2.0,8.0,1.0,A01
201500049997,0,7,0,0.0,2.0,1.0,2.0,C01
201500049997,0,7,0,0.0,2.0,4.0,23.0,A01
201500049997,0,7,0,0.0,2.0,4.0,23.0,B01
201500049998,0,7,0,0.0,2.0,4.0,1.0,A01
201500049998,0,7,0,0.0,2.0,1.0,1.0,B01
201500049999,0,7,0,0.0,2.0,9.0,0.0,B01
201500049999,0,7,0,0.0,2.0,1.0,2.0,D01
201500049999,0,7,0,0.0,2.0,9.0,2.0,C01
201500049999,0,7,0,0.0,2.0,4.0,2.0,A01
201500050000,0,7,0,0.0,0.0,0.0,0.0,A01
201500050000,0,7,0,0.0,2.0,1.0,1.0,C01
201500050000,0,7,0,0.0,0.0,0.0,0.0,B01
201500050001,0,7,0,0.0,2.0,4.0,2.0,B01
201500050001,0,7,0,0.0,0.0,0.0,0.0,C01
201500050001,0,7,0,0.0,0.0,4.0,2.0,A01
201500050002,0,7,0,4.0,0.0,1.0,1.0,A01
201500050003,0,7,0,0.0,6.0,3.0,2.0,A01
201500050004,0,7,0,0.0,2.0,1.0,2.0,B01
201500050004,0,7,0,0.0,2.0,4.0,2.0,A01
201500050005,0,7,0,2.0,0.0,1.0,1.0,A01
201500050006,0,7,0,0.0,2.0,5.0,2.0,A01
201500050006,0,7,0,0.0,2.0,4.0,2.0,B01
201500050007,0,7,0,13.0,0.0,1.0,1.0,A01
201500050008,0,7,0,3.0,2.0,3.0,0.0,A01
201500050008,0,3,0,0.0,2.0,2.0,1.0,B01
201500050008,0,7,0,3.0,9.0,3.0,0.0,C01
201500050009,0,7,0,4.0,0.0,2.0,0.0,A01
201500050010,0,7,0,0.0,2.0,4.0,2.0,B01
201500050010,0,7,0,0.0,2.0,4.0,2.0,A01
201500050010,0,7,0,0.0,2.0,1.0,2.0,C01
201500050011,0,7,0,0.0,2.0,1.0,2.0,B01
201500050011,0,7,0,0.0,0.0,4.0,2.0,A01
201500050012,0,7,0,0.0,2.0,1.0,2.0,B01
201500050012,0,7,0,0.0,0.0,4.0,2.0,A01
201500050012,2,7,0,0.0,2.0,4.0,2.0,C01
201500050012,0,7,0,0.0,2.0,1.0,2.0,D01
201500050013,0,32,0,0.0,2.0,8.0,1.0,B01
201500050013,0,7,0,0.0,2.0,5.0,2.0,A01
201500050014,0,17,0,0.0,0.0,4.0,1.0,A01
201500050014,0,10,0,0.0,2.0,1.0,1.0,B01
201500050015,0,7,0,0.0,2.0,2.0,21.0,B01
201500050015,0,7,0,3.0,2.0,2.0,5.0,A01
201500050015,0,7,0,0.0,2.0,1.0,1.0,C01
201500050016,0,7,0,0.0,2.0,4.0,2.0,A01
201500050016,0,7,0,0.0,2.0,4.0,2.0,B01
201500050016,0,7,0,0.0,2.0,1.0,2.0,C01
201500050016,0,10,0,0.0,2.0,1.0,2.0,D01
201500050017,2,7,0,3.0,0.0,3.0,13.0,A01
201500050017,0,7,0,4.0,0.0,5.0,21.0,B01
201500050017,0,7,0,0.0,2.0,1.0,21.0,C01
201500050018,0,7,0,0.0,2.0,3.0,1.0,B01
201500050018,0,7,0,6.0,2.0,1.0,1.0,A01
201500050019,0,7,0,0.0,2.0,2.0,1.0,B01
201500050019,0,7,0,0.0,0.0,4.0,0.0,A01
201500050020,0,7,0,0.0,2.0,1.0,2.0,B01
201500050020,0,7,0,4.0,0.0,1.0,2.0,A01
201500050021,0,7,0,0.0,2.0,4.0,2.0,A01
201500050021,0,7,0,0.0,2.0,1.0,2.0,B01
201500050022,0,7,0,3.0,2.0,8.0,1.0,B01
201500050022,0,17,0,0.0,2.0,7.0,12.0,A01
201500050023,0,7,0,0.0,2.0,4.0,2.0,B01
201500050023,0,7,0,14.0,0.0,1.0,2.0,D01
201500050023,0,7,0,0.0,2.0,4.0,2.0,A01
201500050023,0,7,0,14.0,2.0,4.0,2.0,C01
201500050024,0,7,0,10.0,0.0,2.0,0.0,A01
201500050025,0,7,0,0.0,2.0,1.0,1.0,B01
201500050025,0,7,0,0.0,2.0,4.0,1.0,A01
201500050026,0,7,0,3.0,0.0,1.0,1.0,A01
201500050027,0,7,0,0.0,2.0,4.0,1.0,A01
201500050027,0,7,0,0.0,2.0,1.0,2.0,C01
201500050027,0,7,0,0.0,2.0,1.0,2.0,B01
201500050028,0,7,0,0.0,2.0,1.0,2.0,B01
201500050028,0,7,0,0.0,2.0,4.0,1.0,A01
201500050029,0,10,0,0.0,2.0,7.0,12.0,A01
201500050029,0,34,0,0.0,2.0,8.0,2.0,B01
201500050030,0,33,0,15.0,0.0,7.0,1.0,A01
201500050031,0,7,0,4.0,0.0,3.0,2.0,A01
201500050032,0,32,0,0.0,2.0,1.0,2.0,B01
201500050032,0,7,0,0.0,2.0,6.0,2.0,A01
201500050033,0,33,0,4.0,9.0,8.0,2.0,A01
201500050034,0,16,0,0.0,2.0,7.0,12.0,B01
201500050034,0,7,0,0.0,2.0,8.0,1.0,A01
201500050034,0,7,0,0.0,2.0,8.0,1.0,C01
201500050035,0,7,0,0.0,2.0,4.0,2.0,C01
201500050035,0,7,0,0.0,2.0,6.0,2.0,A01
201500050035,0,7,0,0.0,2.0,1.0,2.0,D01
201500050035,0,7,0,0.0,2.0,4.0,2.0,B01
201500050036,0,7,0,0.0,2.0,1.0,1.0,B01
201500050036,0,7,0,0.0,0.0,4.0,1.0,A01
201500050037,0,7,0,0.0,2.0,1.0,2.0,D01
201500050037,0,7,0,0.0,2.0,4.0,2.0,B01
201500050037,0,7,0,0.0,2.0,4.0,2.0,A01
201500050037,0,7,0,0.0,2.0,4.0,2.0,C01
201500050038,0,33,0,0.0,2.0,0.0,2.0,B01
201500050038,0,7,0,0.0,2.0,1.0,2.0,A01
201500050039,0,7,0,0.0,2.0,1.0,1.0,B01
201500050039,0,7,0,0.0,0.0,4.0,1.0,A01
201500050040,0,33,0,0.0,0.0,8.0,15.0,A01
201500050040,0,15,0,0.0,2.0,5.0,15.0,B01
201500050040,0,7,0,0.0,2.0,3.0,14.0,C01
201500050041,0,7,0,3.0,2.0,0.0,0.0,B01
201500050041,0,14,0,0.0,0.0,0.0,0.0,A01
201500050042,0,10,0,0.0,0.0,5.0,1.0,A01
201500050043,0,7,0,0.0,2.0,4.0,2.0,A01
201500050043,0,7,0,0.0,2.0,4.0,2.0,B01
201500050043,0,7,0,0.0,2.0,1.0,2.0,C01
201500050044,0,7,0,0.0,2.0,4.0,1.0,B01
201500050044,0,7,0,0.0,2.0,2.0,1.0,A01
201500050044,0,7,0,0.0,2.0,6.0,1.0,C01
201500050045,0,7,0,0.0,2.0,4.0,14.0,A01
201500050045,0,7,0,0.0,2.0,1.0,1.0,B01
201500050046,0,7,0,4.0,0.0,3.0,1.0,A01
201500050047,0,7,0,0.0,2.0,1.0,1.0,A01
201500050047,0,33,0,0.0,0.0,4.0,1.0,B01
201500050048,0,10,0,0.0,2.0,1.0,1.0,A01
201500050048,0,7,0,0.0,2.0,4.0,2.0,B01
201500050049,0,7,0,0.0,0.0,9.0,13.0,A01
201500050050,0,7,0,3.0,0.0,1.0,1.0,A01
201500050051,0,7,0,0.0,0.0,4.0,2.0,B01
201500050051,0,7,0,0.0,0.0,1.0,2.0,C01
201500050051,0,7,0,0.0,0.0,4.0,2.0,A01
201500050052,0,33,0,14.0,0.0,7.0,12.0,B01
201500050052,0,33,0,0.0,2.0,3.0,1.0,C01
201500050052,0,7,0,0.0,0.0,5.0,23.0,A01
201500050053,0,7,0,0.0,0.0,1.0,1.0,A01
201500050054,0,7,0,4.0,0.0,2.0,2.0,A01
201500050055,0,7,0,13.0,0.0,1.0,2.0,A01
201500050056,0,7,0,4.0,0.0,3.0,0.0,A01
201500050057,0,10,0,2.0,0.0,9.0,0.0,A01
201500050058,0,7,0,0.0,2.0,7.0,1.0,B01
201500050058,0,7,0,0.0,2.0,4.0,21.0,A01
201500050059,0,7,0,0.0,2.0,4.0,1.0,A01
201500050059,0,7,0,0.0,2.0,1.0,0.0,B01
201500050060,0,7,0,0.0,2.0,1.0,0.0,B01
201500050060,0,7,0,0.0,2.0,4.0,2.0,A01
201500050061,0,32,0,0.0,2.0,3.0,2.0,C01
201500050061,0,10,0,0.0,2.0,4.0,1.0,A01
201500050061,0,7,0,0.0,2.0,9.0,1.0,B01
201500050062,0,7,0,6.0,0.0,1.0,1.0,A01
201500050063,0,7,0,3.0,0.0,2.0,1.0,A01
201500050064,0,7,0,4.0,0.0,8.0,1.0,A01
201500050065,0,7,0,0.0,2.0,6.0,9.0,A01
201500050065,0,7,0,0.0,2.0,1.0,2.0,B01
201500050066,0,7,0,0.0,2.0,4.0,2.0,A01
201500050066,0,7,0,0.0,2.0,1.0,2.0,B01
201500050067,0,33,0,0.0,2.0,1.0,3.0,B01
201500050067,0,7,0,0.0,0.0,5.0,2.0,A01
201500050068,0,17,0,0.0,2.0,1.0,1.0,B01
201500050068,0,7,0,3.0,2.0,8.0,0.0,A01
201500050069,0,7,0,0.0,2.0,4.0,2.0,A01
201500050069,0,10,0,0.0,2.0,5.0,2.0,B01
201500050069,0,7,0,0.0,2.0,3.0,2.0,C01
201500050070,0,10,0,0.0,2.0,4.0,23.0,A01
201500050070,0,7,0,0.0,2.0,4.0,23.0,C01
201500050070,0,7,0,0.0,2.0,1.0,2.0,D01
201500050070,0,7,0,0.0,2.0,4.0,23.0,B01
201500050071,0,7,0,0.0,2.0,1.0,2.0,B01
201500050071,0,7,0,0.0,2.0,4.0,23.0,A01
201500050072,0,7,0,4.0,0.0,5.0,17.0,A01
201500050072,1,7,0,0.0,0.0,0.0,0.0,Z01
201500050073,0,7,0,0.0,2.0,1.0,2.0,B01
201500050073,0,34,0,0.0,2.0,4.0,1.0,A01
201500050074,0,7,0,0.0,2.0,4.0,2.0,A01
201500050074,0,7,0,0.0,2.0,4.0,2.0,C01
201500050074,0,10,0,0.0,2.0,4.0,2.0,B01
201500050075,0,7,0,0.0,0.0,4.0,2.0,A01
201500050075,0,7,0,0.0,2.0,1.0,2.0,B01
201500050076,0,7,0,0.0,2.0,0.0,0.0,A01
201500050076,0,7,0,0.0,2.0,0.0,0.0,B01
201500050077,0,7,0,0.0,2.0,4.0,2.0,A01
201500050077,0,7,0,0.0,2.0,1.0,2.0,B01
201500050078,0,7,0,0.0,1.0,1.0,1.0,C01
201500050078,0,7,0,0.0,1.0,2.0,1.0,A01
201500050078,0,7,0,0.0,1.0,1.0,1.0,B01
201500050079,0,7,0,4.0,2.0,1.0,18.0,B01
201500050079,0,7,0,0.0,2.0,7.0,1.0,A01
201500050080,0,7,0,0.0,2.0,4.0,2.0,B01
201500050080,0,7,0,0.0,2.0,1.0,2.0,A01
201500050081,0,7,0,0.0,2.0,4.0,2.0,A01
201500050081,0,33,0,0.0,2.0,1.0,2.0,B01
201500050082,0,7,0,0.0,0.0,4.0,2.0,B01
201500050082,0,7,0,0.0,0.0,4.0,1.0,A01
201500050082,0,7,0,0.0,2.0,1.0,2.0,C01
201500050083,0,7,0,0.0,2.0,1.0,2.0,B01
201500050083,0,7,0,0.0,2.0,2.0,1.0,C01
201500050083,0,7,0,6.0,0.0,1.0,1.0,A01
201500050084,0,7,0,0.0,2.0,1.0,2.0,B01
201500050084,0,31,0,0.0,2.0,4.0,1.0,A01
201500050085,0,7,0,3.0,0.0,1.0,1.0,A01
201500050086,0,30,0,3.0,0.0,3.0,12.0,A01
201500050087,0,38,0,0.0,2.0,4.0,1.0,A01
201500050087,0,7,0,0.0,2.0,1.0,1.0,B01
201500050088,0,15,0,0.0,2.0,0.0,0.0,B01
201500050088,0,7,0,0.0,2.0,0.0,18.0,A01
201500050089,0,7,0,0.0,0.0,0.0,0.0,C01
201500050089,0,7,0,3.0,2.0,2.0,0.0,A01
201500050089,0,7,0,0.0,2.0,3.0,2.0,B01
201500050090,0,7,0,3.0,0.0,0.0,21.0,A01
201500050091,0,7,0,0.0,2.0,1.0,0.0,B01
201500050091,0,7,0,0.0,2.0,4.0,1.0,A01
201500050092,0,7,0,0.0,0.0,1.0,1.0,A01
201500050093,0,7,0,0.0,2.0,1.0,2.0,C01
201500050093,0,7,0,0.0,2.0,4.0,2.0,A01
201500050093,0,7,0,0.0,2.0,4.0,2.0,B01
201500050094,0,7,0,0.0,2.0,4.0,2.0,A01
201500050094,0,7,0,0.0,2.0,4.0,2.0,B01
201500050094,0,7,0,0.0,2.0,1.0,2.0,C01
201500050095,0,7,0,0.0,2.0,4.0,2.0,A01
201500050095,0,7,0,0.0,2.0,1.0,2.0,C01
201500050095,0,7,0,0.0,2.0,4.0,2.0,B01
201500050096,0,7,0,0.0,2.0,1.0,1.0,D01
201500050096,0,7,0,0.0,2.0,4.0,2.0,A01
201500050096,0,7,0,0.0,2.0,1.0,2.0,B01
201500050096,0,7,0,0.0,2.0,4.0,1.0,C01
201500050097,0,33,0,0.0,0.0,7.0,0.0,A01
201500050098,0,7,0,13.0,0.0,1.0,1.0,A01
201500050099,0,7,0,0.0,0.0,1.0,1.0,A01
201500050100,0,7,0,0.0,2.0,6.0,2.0,A01
201500050100,0,34,0,0.0,2.0,1.0,11.0,B01
201500050101,0,33,0,12.0,0.0,9.0,0.0,A01
201500050102,0,7,0,0.0,2.0,6.0,1.0,A01
201500050102,0,33,0,0.0,2.0,2.0,2.0,B01
201500050103,0,7,0,0.0,2.0,4.0,23.0,A01
201500050103,0,37,0,0.0,2.0,1.0,2.0,B01
201500050104,1,7,0,0.0,2.0,2.0,1.0,B01
201500050104,1,7,0,0.0,0.0,3.0,13.0,A01
201500050105,0,33,0,4.0,2.0,8.0,1.0,A01
201500050105,0,7,0,0.0,2.0,8.0,1.0,B01
201500050106,0,7,0,4.0,0.0,2.0,2.0,A01
201500050106,0,10,0,0.0,2.0,1.0,2.0,B01
201500050107,0,33,0,0.0,2.0,3.0,2.0,B01
201500050107,0,7,0,0.0,2.0,5.0,2.0,A01
201500050108,0,7,0,0.0,2.0,4.0,3.0,B01
201500050108,0,7,0,0.0,2.0,1.0,3.0,A01
201500050109,0,30,0,0.0,0.0,8.0,1.0,A01
201500050110,0,7,0,0.0,2.0,1.0,2.0,B01
201500050110,0,7,0,0.0,2.0,4.0,2.0,A01
201500050111,0,7,0,15.0,0.0,9.0,1.0,A01
201500050112,0,7,0,0.0,2.0,4.0,2.0,B01
201500050112,0,7,0,0.0,2.0,1.0,2.0,C01
201500050112,0,7,0,0.0,0.0,0.0,0.0,A01
201500050113,0,7,0,4.0,2.0,4.0,1.0,A01
201500050113,0,7,0,0.0,2.0,3.0,1.0,B01
201500050114,0,10,0,0.0,2.0,4.0,2.0,A01
201500050114,0,7,0,0.0,2.0,1.0,2.0,B01
201500050115,0,7,0,13.0,0.0,9.0,16.0,A01
201500050116,0,7,0,0.0,2.0,1.0,1.0,C01
201500050116,0,7,0,0.0,2.0,4.0,1.0,B01
201500050116,0,7,0,0.0,2.0,4.0,1.0,A01
201500050117,0,7,0,0.0,2.0,1.0,2.0,B01
201500050117,0,7,0,0.0,2.0,4.0,2.0,A01
201500050118,0,7,0,0.0,0.0,3.0,2.0,A01
201500050119,0,7,0,0.0,2.0,1.0,2.0,B01
201500050119,0,7,0,0.0,2.0,4.0,2.0,A01
201500050120,0,7,0,0.0,0.0,1.0,0.0,A01
201500050121,0,33,0,0.0,0.0,1.0,21.0,A01
201500050122,0,33,0,0.0,0.0,3.0,1.0,A01
201500050122,0,7,0,0.0,9.0,6.0,1.0,B01
201500050122,0,7,0,0.0,2.0,1.0,1.0,C01
201500050122,0,7,0,0.0,2.0,6.0,1.0,D01
201500050122,0,7,0,0.0,2.0,1.0,1.0,E01
201500050123,0,7,0,0.0,2.0,4.0,2.0,B01
201500050123,0,7,0,0.0,2.0,4.0,2.0,A01
201500050123,0,7,0,0.0,0.0,0.0,0.0,C01
201500050124,0,33,0,0.0,2.0,1.0,2.0,B01
201500050124,0,7,0,0.0,2.0,5.0,2.0,A01
201500050125,0,7,0,0.0,2.0,5.0,0.0,A01
201500050125,0,7,0,0.0,2.0,8.0,0.0,B01
201500050126,0,7,0,4.0,0.0,1.0,17.0,A01
201500050127,0,7,0,0.0,2.0,1.0,12.0,B01
201500050127,0,31,0,0.0,2.0,4.0,2.0,A01
201500050128,0,7,0,0.0,2.0,3.0,1.0,B01
201500050128,0,7,0,0.0,2.0,5.0,12.0,A01
201500050129,0,7,0,0.0,2.0,4.0,1.0,A01
201500050129,0,7,0,0.0,2.0,4.0,1.0,B01
201500050129,0,7,0,0.0,2.0,4.0,1.0,C01
201500050129,0,7,0,0.0,2.0,1.0,2.0,D01
201500050130,0,7,0,0.0,0.0,5.0,1.0,A01
201500050130,0,34,0,0.0,2.0,1.0,3.0,B01
201500050131,0,7,0,4.0,0.0,1.0,0.0,A01
201500050132,0,7,0,0.0,2.0,4.0,1.0,B01
201500050132,0,7,0,0.0,2.0,1.0,1.0,A01
201500050133,0,7,0,4.0,0.0,3.0,0.0,A01
201500050134,0,7,0,3.0,0.0,3.0,2.0,A01
201500050135,0,32,0,0.0,0.0,6.0,0.0,A01
201500050136,0,7,0,0.0,1.0,1.0,2.0,A01
201500050137,0,7,0,0.0,0.0,4.0,1.0,A01
201500050137,0,7,0,0.0,2.0,4.0,1.0,B01
201500050137,0,33,0,0.0,2.0,1.0,1.0,C01
201500050137,0,33,0,0.0,0.0,7.0,1.0,D01
201500050138,0,7,0,0.0,2.0,4.0,2.0,A01
201500050138,0,7,0,0.0,2.0,1.0,2.0,B01
201500050139,0,7,0,3.0,0.0,2.0,14.0,A01
201500050140,0,7,0,4.0,0.0,2.0,2.0,A01
201500050141,0,10,0,0.0,2.0,4.0,2.0,B01
201500050141,0,10,0,0.0,2.0,4.0,2.0,A01
201500050141,0,7,0,0.0,2.0,1.0,2.0,C01
201500050142,0,7,0,0.0,2.0,1.0,1.0,C01
201500050142,0,7,0,0.0,2.0,1.0,1.0,B01
201500050142,0,7,0,0.0,2.0,4.0,1.0,A01
201500050142,0,7,0,0.0,2.0,1.0,1.0,D01
201500050143,0,7,0,4.0,0.0,1.0,0.0,A01
201500050144,0,7,0,0.0,2.0,4.0,2.0,A01
201500050144,0,7,0,0.0,2.0,1.0,2.0,B01
201500050145,0,7,0,0.0,2.0,1.0,2.0,B01
201500050145,0,7,0,0.0,2.0,4.0,2.0,A01
201500050146,0,7,0,0.0,2.0,1.0,1.0,B01
201500050146,0,99,0,0.0,2.0,4.0,1.0,A01
201500050147,0,7,0,0.0,2.0,4.0,2.0,B01
201500050147,0,7,0,0.0,2.0,1.0,2.0,A01
201500050148,0,7,0,0.0,2.0,0.0,0.0,B01
201500050148,0,7,0,0.0,9.0,4.0,2.0,A01
201500050149,0,33,0,0.0,0.0,1.0,1.0,A01
201500050150,0,7,0,3.0,0.0,1.0,1.0,A01
201500050151,1,7,0,0.0,2.0,1.0,2.0,C01
201500050151,0,7,0,0.0,2.0,4.0,0.0,B01
201500050151,0,7,0,0.0,0.0,4.0,1.0,A01
201500050152,0,7,0,0.0,2.0,4.0,1.0,A01
201500050152,0,10,0,0.0,2.0,1.0,1.0,B01
201500050152,0,7,0,0.0,2.0,1.0,1.0,C01
201500050153,0,7,0,0.0,2.0,4.0,1.0,A01
201500050153,0,7,0,0.0,2.0,1.0,2.0,C01
201500050153,0,7,0,0.0,2.0,4.0,2.0,B01
201500050154,0,7,0,3.0,0.0,9.0,2.0,A01
201500050155,0,7,0,0.0,2.0,4.0,2.0,A01
201500050155,0,7,0,0.0,2.0,1.0,2.0,B01
201500050156,0,7,0,4.0,0.0,3.0,1.0,A01
201500050157,0,7,0,0.0,2.0,4.0,2.0,C01
201500050157,0,7,0,0.0,2.0,1.0,2.0,D01
201500050157,0,7,0,0.0,2.0,4.0,2.0,A01
201500050157,0,7,0,0.0,2.0,1.0,2.0,E01
201500050157,0,7,0,0.0,2.0,4.0,2.0,B01
201500050158,0,33,0,16.0,0.0,8.0,11.0,A01
201500050158,1,7,0,0.0,2.0,0.0,11.0,Z01
201500050159,0,14,0,0.0,2.0,2.0,3.0,B01
201500050159,0,7,0,0.0,2.0,4.0,3.0,A01
201500050160,0,7,0,0.0,0.0,0.0,0.0,A01
201500050161,0,7,0,13.0,0.0,3.0,13.0,A01
201500050162,0,32,0,0.0,0.0,0.0,0.0,A01
201500050163,0,7,0,0.0,2.0,8.0,0.0,B01
201500050163,0,7,0,0.0,2.0,1.0,13.0,A01
201500050164,0,10,0,0.0,2.0,1.0,2.0,B01
201500050164,0,7,0,0.0,2.0,4.0,0.0,A01
201500050165,0,1,0,0.0,0.0,0.0,0.0,B01
201500050165,0,33,0,0.0,2.0,0.0,0.0,A01
201500050166,0,7,0,0.0,0.0,4.0,2.0,A01
201500050166,0,33,0,0.0,2.0,1.0,2.0,B01
201500050167,0,7,0,0.0,2.0,4.0,1.0,A01
201500050167,0,10,0,0.0,2.0,1.0,2.0,B01
201500050168,0,7,0,0.0,0.0,8.0,1.0,A01
201500050168,0,33,0,0.0,2.0,7.0,17.0,B01
201500050169,0,7,0,0.0,0.0,2.0,1.0,A01
201500050170,0,7,0,0.0,2.0,4.0,1.0,A01
201500050170,0,7,0,0.0,2.0,1.0,1.0,B01
201500050171,0,7,0,0.0,2.0,9.0,3.0,B01
201500050171,0,7,0,0.0,2.0,8.0,2.0,A01
201500050172,0,7,0,0.0,2.0,4.0,1.0,A01