Num_Acc,senc,catv,occutc,obs,obsm,choc,manv,num_veh
201500050172,0,14,0,0.0,2.0,1.0,1.0,C01
201500050172,0,7,0,0.0,2.0,4.0,1.0,B01
201500050173,1,7,0,0.0,0.0,0.0,0.0,Z01
201500050173,0,31,0,0.0,2.0,1.0,1.0,A01
201500050174,0,32,0,0.0,2.0,8.0,1.0,B01
201500050174,0,10,0,0.0,2.0,2.0,1.0,A01
201500050175,0,7,0,0.0,2.0,4.0,2.0,A01
201500050175,0,2,0,0.0,2.0,1.0,2.0,B01
201500050176,0,10,0,0.0,2.0,1.0,0.0,C01
201500050176,0,10,0,0.0,0.0,4.0,1.0,A01
201500050176,0,10,0,0.0,2.0,4.0,1.0,B01
201500050177,0,7,0,0.0,2.0,4.0,1.0,A01
201500050177,0,7,0,0.0,2.0,4.0,1.0,B01
201500050177,0,10,0,0.0,2.0,1.0,1.0,C01
201500050178,0,7,0,0.0,2.0,7.0,12.0,B01
201500050178,0,33,0,0.0,2.0,8.0,1.0,A01
201500050179,0,15,0,0.0,0.0,0.0,0.0,B01
201500050179,0,7,0,0.0,2.0,8.0,2.0,A01
201500050180,0,7,0,0.0,2.0,6.0,1.0,A01
201500050180,0,7,0,0.0,2.0,2.0,16.0,B01
201500050181,0,31,0,0.0,0.0,0.0,1.0,A01
201500050182,0,7,0,0.0,2.0,3.0,1.0,A01
201500050182,1,7,0,0.0,2.0,2.0,1.0,Z01
201500050183,0,7,0,0.0,2.0,2.0,1.0,A01
201500050183,0,7,0,3.0,2.0,8.0,9.0,B01
201500050184,1,10,0,0.0,0.0,0.0,0.0,Z01
201500050184,0,33,0,0.0,2.0,8.0,3.0,A01
201500050185,0,7,0,0.0,2.0,1.0,2.0,C01
201500050185,0,7,0,0.0,2.0,4.0,2.0,A01
201500050185,0,7,0,0.0,2.0,4.0,2.0,B01
201500050186,0,7,0,0.0,2.0,2.0,1.0,A01
201500050186,0,7,0,0.0,2.0,6.0,1.0,B01
201500050187,0,7,0,0.0,2.0,4.0,1.0,A01
201500050187,0,7,0,0.0,2.0,1.0,1.0,B01
201500050188,0,7,0,0.0,2.0,2.0,3.0,B01
201500050188,0,7,0,0.0,2.0,4.0,2.0,A01
201500050189,0,7,0,0.0,2.0,4.0,2.0,B01
201500050189,0,10,0,0.0,2.0,1.0,2.0,C01
201500050189,0,7,0,0.0,2.0,4.0,2.0,A01
201500050190,0,7,0,0.0,0.0,0.0,0.0,A01
201500050191,0,7,0,0.0,0.0,4.0,2.0,B01
201500050191,0,10,0,0.0,0.0,0.0,0.0,A01
201500050191,0,7,0,0.0,2.0,1.0,2.0,C01
201500050192,0,34,0,0.0,0.0,9.0,1.0,A01
201500050193,0,7,0,0.0,2.0,4.0,1.0,A01
201500050193,0,7,0,0.0,2.0,1.0,1.0,B01
201500050194,0,7,0,0.0,2.0,4.0,0.0,D01
201500050194,0,7,0,0.0,2.0,1.0,2.0,A01
201500050194,0,7,0,0.0,2.0,4.0,2.0,E01
201500050194,0,7,0,0.0,2.0,1.0,2.0,B01
201500050194,0,7,0,0.0,2.0,4.0,0.0,C01
201500050195,1,7,0,0.0,2.0,4.0,2.0,Z01
201500050195,1,34,0,0.0,2.0,1.0,2.0,A01
201500050196,0,7,0,0.0,0.0,3.0,13.0,A01
201500050197,0,7,0,0.0,0.0,5.0,1.0,A01
201500050197,0,7,0,0.0,2.0,3.0,11.0,B01
201500050198,0,7,0,0.0,2.0,4.0,2.0,C01
201500050198,0,7,0,0.0,2.0,1.0,2.0,D01
201500050198,0,7,0,0.0,2.0,4.0,2.0,B01
201500050198,0,7,0,0.0,2.0,4.0,2.0,A01
201500050199,0,10,0,0.0,2.0,6.0,11.0,A01
201500050199,0,33,0,0.0,2.0,1.0,1.0,B01
201500050200,0,7,0,0.0,2.0,4.0,2.0,A01
201500050200,0,34,0,0.0,2.0,1.0,2.0,C01
201500050200,0,7,0,0.0,2.0,4.0,2.0,B01
201500050201,0,7,0,0.0,2.0,4.0,2.0,A01
201500050201,0,7,0,0.0,2.0,1.0,2.0,B01
201500050202,0,15,0,0.0,2.0,2.0,2.0,A01
201500050202,0,7,0,0.0,0.0,0.0,0.0,B01
201500050203,0,7,0,4.0,0.0,2.0,21.0,A01
201500050204,0,33,0,0.0,2.0,8.0,1.0,B01
201500050204,0,7,0,0.0,2.0,7.0,14.0,A01
201500050205,0,7,0,0.0,2.0,2.0,2.0,B01
201500050205,0,7,0,0.0,2.0,6.0,0.0,A01
201500050206,0,7,0,0.0,2.0,4.0,2.0,A01
201500050206,0,7,0,0.0,2.0,1.0,2.0,C01
201500050206,0,7,0,0.0,2.0,1.0,2.0,B01
201500050207,0,7,0,0.0,2.0,4.0,23.0,A01
201500050207,0,7,0,0.0,2.0,4.0,23.0,B01
201500050207,0,7,0,0.0,2.0,1.0,2.0,C01
201500050208,0,7,0,0.0,2.0,4.0,23.0,A01
201500050208,0,14,0,0.0,2.0,1.0,2.0,B01
201500050209,0,7,0,13.0,0.0,9.0,1.0,A01
201500050210,0,7,0,0.0,2.0,4.0,2.0,B01
201500050210,0,7,0,0.0,2.0,4.0,2.0,C01
201500050210,0,7,0,0.0,2.0,1.0,0.0,D01
201500050210,0,7,0,0.0,2.0,4.0,2.0,A01
201500050211,0,33,0,14.0,0.0,7.0,2.0,A01
201500050212,0,7,0,3.0,0.0,1.0,13.0,A01
201500050213,0,7,0,0.0,2.0,4.0,2.0,A01
201500050213,0,7,0,0.0,2.0,1.0,2.0,B01
201500050214,0,31,0,0.0,2.0,7.0,12.0,B01
201500050214,0,7,0,0.0,2.0,3.0,1.0,A01
201500050215,1,7,0,0.0,2.0,4.0,2.0,A01
201500050216,1,34,0,0.0,2.0,7.0,1.0,A01
201500050217,0,7,0,0.0,9.0,3.0,2.0,B01
201500050217,0,17,0,2.0,0.0,1.0,0.0,A01
201500050218,0,7,0,0.0,2.0,1.0,2.0,C01
201500050218,0,7,0,0.0,2.0,1.0,2.0,B01
201500050218,0,7,0,14.0,0.0,4.0,2.0,A01
201500050218,0,7,0,0.0,2.0,1.0,2.0,D01
201500050219,0,7,0,0.0,0.0,3.0,0.0,A01
201500050220,1,7,0,0.0,9.0,0.0,0.0,Z01
201500050220,0,7,0,0.0,9.0,4.0,2.0,A01
201500050220,0,7,0,0.0,2.0,1.0,2.0,C01
201500050220,0,7,0,0.0,9.0,4.0,2.0,B01
201500050221,0,7,0,3.0,0.0,3.0,13.0,A01
201500050222,0,7,0,0.0,2.0,7.0,14.0,B01
201500050222,0,7,0,0.0,0.0,8.0,1.0,A01
201500050223,0,33,0,0.0,2.0,0.0,3.0,B01
201500050223,0,7,0,0.0,2.0,4.0,2.0,A01
201500050224,0,7,0,0.0,2.0,1.0,2.0,B01
201500050224,0,7,0,0.0,2.0,4.0,2.0,A01
201500050225,0,7,0,0.0,2.0,4.0,2.0,A01
201500050225,0,7,0,0.0,2.0,1.0,2.0,C01
201500050225,0,7,0,0.0,2.0,3.0,2.0,B01
201500050226,0,7,0,0.0,2.0,1.0,2.0,B01
201500050226,0,33,0,0.0,2.0,4.0,2.0,A01
201500050227,0,2,0,0.0,2.0,1.0,5.0,A01
201500050227,0,7,0,0.0,9.0,2.0,21.0,B01
201500050227,0,7,0,0.0,9.0,3.0,1.0,C01
201500050228,0,32,0,3.0,0.0,1.0,13.0,A01
201500050229,0,7,0,0.0,0.0,6.0,1.0,A01
201500050229,0,33,0,0.0,2.0,1.0,1.0,B01
201500050230,0,7,0,0.0,2.0,5.0,1.0,E02
201500050230,0,14,0,0.0,2.0,6.0,1.0,B01
201500050230,0,7,0,0.0,2.0,5.0,2.0,C01
201500050230,0,7,0,0.0,2.0,4.0,1.0,A01
201500050230,0,10,0,0.0,2.0,1.0,2.0,F02
201500050230,0,7,0,0.0,2.0,5.0,1.0,D01
201500050231,1,7,0,0.0,0.0,0.0,0.0,Z01
201500050231,1,7,0,0.0,2.0,3.0,1.0,A01
201500050232,0,10,0,0.0,2.0,2.0,21.0,B01
201500050232,0,14,0,0.0,2.0,6.0,1.0,A01
201500050233,0,7,0,0.0,2.0,4.0,2.0,B01
201500050233,0,7,0,0.0,2.0,1.0,2.0,C01
201500050233,0,7,0,0.0,2.0,4.0,1.0,A01
201500050234,0,7,0,0.0,2.0,4.0,2.0,A01
201500050234,0,7,0,0.0,2.0,1.0,2.0,C01
201500050234,0,7,0,0.0,2.0,4.0,2.0,B01
201500050235,0,7,0,0.0,2.0,1.0,2.0,B01
201500050235,0,7,0,0.0,2.0,4.0,0.0,A01
201500050236,0,7,0,0.0,0.0,9.0,0.0,A01
201500050237,0,7,0,0.0,2.0,9.0,1.0,A01
201500050237,0,7,0,0.0,2.0,8.0,18.0,B01
201500050238,0,7,0,0.0,0.0,4.0,1.0,A01
201500050238,0,7,0,0.0,2.0,1.0,2.0,B01
201500050239,0,7,0,13.0,0.0,9.0,1.0,A01
201500050240,0,14,0,1.0,0.0,2.0,14.0,B01
201500050240,0,7,0,0.0,2.0,4.0,23.0,A01
201500050241,0,7,0,0.0,2.0,4.0,1.0,A01
201500050241,0,7,0,0.0,2.0,4.0,1.0,B01
201500050242,0,7,0,0.0,0.0,0.0,0.0,A01
201500050243,0,32,0,0.0,0.0,7.0,2.0,A01
201500050244,0,7,0,0.0,2.0,1.0,2.0,A01
201500050244,0,7,0,0.0,2.0,4.0,2.0,C01
201500050244,0,7,0,0.0,2.0,4.0,2.0,B01
201500050245,1,7,0,0.0,1.0,0.0,0.0,Z01
201500050246,0,33,0,0.0,0.0,7.0,9.0,A01
201500050247,0,7,0,0.0,2.0,4.0,1.0,A01
201500050248,0,15,0,0.0,2.0,3.0,2.0,A01
201500050248,0,7,0,0.0,2.0,4.0,2.0,B01
201500050249,0,7,0,0.0,2.0,1.0,0.0,B01
201500050249,0,7,0,0.0,2.0,4.0,1.0,A01
201500050250,0,10,0,0.0,2.0,1.0,2.0,B01
201500050250,0,7,0,0.0,2.0,4.0,0.0,A01
201500050251,0,7,0,4.0,0.0,0.0,0.0,A01
201500050252,0,7,0,3.0,2.0,1.0,2.0,B01
201500050252,0,7,0,16.0,2.0,4.0,1.0,A01
201500050253,0,10,0,0.0,2.0,3.0,2.0,D01
201500050253,0,7,0,0.0,2.0,6.0,2.0,C01
201500050253,0,7,0,0.0,2.0,1.0,2.0,B01
201500050253,0,7,0,0.0,2.0,3.0,2.0,A01
201500050254,0,7,0,0.0,2.0,8.0,9.0,B01
201500050254,0,15,0,0.0,2.0,2.0,2.0,A01
201500050255,0,7,0,0.0,2.0,1.0,2.0,B01
201500050255,0,7,0,0.0,2.0,7.0,2.0,A01
201500050256,0,7,0,0.0,2.0,1.0,2.0,B01
201500050256,0,7,0,0.0,2.0,4.0,2.0,A01
201500050257,0,7,0,0.0,0.0,9.0,1.0,A01
201500050258,0,7,0,0.0,0.0,0.0,0.0,A01
201500050259,0,7,0,0.0,2.0,1.0,2.0,A01
201500050259,0,7,0,0.0,2.0,4.0,2.0,C01
201500050259,0,7,0,0.0,2.0,4.0,2.0,B01
201500050260,0,33,0,0.0,0.0,7.0,1.0,A01
201500050261,0,7,0,0.0,2.0,7.0,0.0,A01
201500050261,0,7,0,0.0,2.0,9.0,0.0,B01
201500050262,0,7,0,0.0,2.0,4.0,2.0,A01
201500050262,0,7,0,0.0,2.0,4.0,2.0,B01
201500050262,0,7,0,0.0,2.0,1.0,2.0,C01
201500050263,0,7,0,0.0,2.0,1.0,2.0,D01
201500050263,0,7,0,0.0,2.0,4.0,2.0,C01
201500050263,0,7,0,0.0,2.0,6.0,3.0,B01
201500050263,0,3,0,0.0,2.0,4.0,2.0,A01
201500050264,1,7,0,0.0,2.0,4.0,1.0,B01
201500050264,0,7,0,0.0,2.0,1.0,1.0,D01
201500050264,0,7,0,0.0,2.0,4.0,0.0,C01
201500050265,0,7,0,0.0,0.0,4.0,1.0,A01
201500050265,0,7,0,0.0,2.0,1.0,1.0,B01
201500050266,0,33,0,0.0,0.0,8.0,0.0,A01
201500050267,0,7,0,0.0,2.0,2.0,17.0,A01
201500050267,0,7,0,0.0,2.0,6.0,1.0,B01
201500050268,0,7,0,0.0,2.0,5.0,2.0,A01
201500050269,0,7,0,0.0,2.0,4.0,2.0,A01
201500050269,0,7,0,0.0,2.0,1.0,2.0,C01
201500050269,0,7,0,0.0,2.0,4.0,2.0,B01
201500050270,0,7,0,0.0,2.0,4.0,2.0,A01
201500050270,0,7,0,0.0,2.0,1.0,2.0,B01
201500050271,0,7,0,0.0,2.0,8.0,13.0,A01
201500050271,0,33,0,5.0,2.0,1.0,2.0,B01
201500050272,0,33,0,0.0,0.0,8.0,13.0,A01
201500050273,0,7,0,0.0,2.0,1.0,2.0,B01
201500050273,0,7,0,0.0,2.0,4.0,2.0,A01
201500050274,0,14,0,1.0,0.0,1.0,1.0,B01
201500050274,0,7,0,0.0,2.0,4.0,23.0,A01
201500050275,0,7,0,0.0,2.0,1.0,0.0,B01
201500050275,0,7,0,0.0,2.0,4.0,1.0,A01
201500050276,0,7,0,0.0,2.0,2.0,0.0,A01
201500050276,0,34,0,0.0,0.0,0.0,0.0,B01
201500050277,0,7,0,4.0,0.0,1.0,1.0,A01
201500050278,0,7,0,0.0,2.0,4.0,1.0,B01
201500050278,0,7,0,0.0,0.0,4.0,0.0,A01
201500050278,0,7,0,0.0,2.0,1.0,1.0,C01
201500050279,0,33,0,0.0,2.0,1.0,2.0,B01
201500050279,0,7,0,0.0,2.0,5.0,2.0,A01
201500050280,0,10,0,0.0,2.0,2.0,14.0,A01
201500050280,0,7,0,0.0,2.0,6.0,1.0,B01
201500050281,0,7,0,4.0,0.0,7.0,1.0,A01
201500050282,0,7,0,4.0,0.0,1.0,1.0,A01
201500050283,0,7,0,4.0,0.0,0.0,1.0,A01
201500050284,0,7,0,0.0,2.0,7.0,14.0,A01
201500050284,0,33,0,0.0,2.0,8.0,1.0,B01
201500050285,0,7,0,0.0,2.0,3.0,1.0,B01
201500050285,0,7,0,0.0,2.0,5.0,1.0,A01
201500050286,0,10,0,0.0,0.0,0.0,0.0,B01
201500050286,0,7,0,1.0,0.0,1.0,2.0,A01
201500050287,0,7,0,0.0,2.0,1.0,1.0,B01
201500050287,0,7,0,0.0,0.0,4.0,1.0,A01
201500050288,0,7,0,0.0,0.0,0.0,0.0,A01
201500050288,0,7,0,0.0,2.0,1.0,2.0,B01
201500050289,0,7,0,0.0,0.0,0.0,0.0,C01
201500050289,0,7,0,4.0,0.0,4.0,2.0,A01
201500050289,0,7,0,0.0,0.0,0.0,0.0,B01
201500050290,0,7,0,4.0,0.0,1.0,1.0,A01
201500050291,0,7,0,0.0,2.0,2.0,2.0,B01
201500050291,0,7,0,0.0,2.0,6.0,1.0,A01
201500050292,0,7,0,0.0,2.0,6.0,2.0,A01
201500050292,0,7,0,0.0,2.0,2.0,13.0,B01
201500050293,0,7,0,0.0,2.0,4.0,2.0,A01
201500050293,0,7,0,0.0,2.0,1.0,2.0,B01
201500050294,0,7,0,0.0,2.0,9.0,1.0,A01
201500050294,0,15,0,3.0,0.0,8.0,1.0,B01
201500050295,0,7,0,0.0,0.0,0.0,0.0,B01
201500050295,0,7,0,0.0,0.0,4.0,2.0,A01
201500050296,2,7,0,0.0,2.0,1.0,2.0,B01
201500050296,2,7,0,0.0,2.0,4.0,1.0,A01
201500050297,0,7,0,0.0,2.0,2.0,12.0,A01
201500050297,0,32,0,0.0,2.0,1.0,1.0,B01
201500050298,0,7,0,0.0,2.0,1.0,2.0,B01
201500050298,0,10,0,0.0,2.0,4.0,2.0,A01
201500050299,0,7,0,0.0,2.0,6.0,1.0,C01
201500050299,0,7,0,0.0,2.0,6.0,11.0,A01
201500050299,0,33,0,0.0,9.0,9.0,1.0,B01
201500050300,0,15,0,0.0,2.0,1.0,1.0,C01
201500050300,0,10,0,0.0,2.0,1.0,1.0,B01
201500050300,0,7,0,0.0,0.0,4.0,1.0,A01
201500050301,0,10,0,0.0,2.0,1.0,1.0,B01
201500050301,0,10,0,0.0,2.0,4.0,1.0,A01
201500050301,0,33,0,0.0,2.0,1.0,1.0,D01
201500050301,0,10,0,0.0,2.0,1.0,1.0,C01
201500050302,0,10,0,0.0,0.0,4.0,0.0,A01
201500050302,0,7,0,0.0,2.0,1.0,2.0,B01
201500050303,0,7,0,0.0,2.0,1.0,2.0,B01
201500050303,0,7,0,11.0,0.0,1.0,14.0,A01
201500050304,0,7,0,0.0,2.0,4.0,0.0,A01
201500050304,0,7,0,0.0,2.0,1.0,0.0,B01
201500050305,0,7,0,0.0,2.0,6.0,11.0,B01
201500050305,0,7,0,0.0,2.0,2.0,0.0,A01
201500050306,0,7,0,0.0,2.0,4.0,1.0,B01
201500050306,0,7,0,0.0,2.0,1.0,1.0,C01
201500050306,0,7,0,0.0,2.0,4.0,1.0,A01
201500050307,0,7,0,0.0,2.0,4.0,2.0,A01
201500050307,0,7,0,0.0,2.0,1.0,2.0,C01
201500050307,0,7,0,0.0,0.0,0.0,0.0,B01
201500050308,0,7,0,0.0,2.0,1.0,1.0,C01
201500050308,0,7,0,0.0,2.0,4.0,2.0,B01
201500050308,0,7,0,0.0,2.0,0.0,2.0,A01
201500050309,0,7,0,0.0,2.0,1.0,1.0,C01
201500050309,0,7,0,0.0,2.0,0.0,2.0,A01
201500050309,0,7,0,0.0,2.0,4.0,2.0,B01
201500050310,0,7,0,0.0,2.0,1.0,1.0,A01
201500050310,0,7,0,0.0,2.0,4.0,1.0,B01
201500050311,0,20,0,6.0,0.0,0.0,0.0,C01
201500050311,0,7,0,14.0,0.0,3.0,1.0,A01
201500050312,0,32,0,0.0,2.0,1.0,2.0,B01
201500050312,0,7,0,0.0,2.0,1.0,2.0,A01
201500050313,0,7,0,0.0,2.0,1.0,5.0,A01
201500050313,0,7,0,14.0,0.0,1.0,2.0,D01
201500050313,0,7,0,0.0,2.0,1.0,2.0,B01
201500050313,0,7,0,14.0,0.0,2.0,2.0,C01
201500050314,0,7,0,0.0,9.0,6.0,1.0,A01
201500050314,0,17,0,1.0,0.0,1.0,2.0,B01
201500050315,0,10,0,0.0,2.0,4.0,2.0,A01
201500050315,0,33,0,0.0,2.0,1.0,2.0,B01
201500050316,0,7,0,0.0,2.0,0.0,0.0,C01
201500050316,2,7,0,3.0,0.0,8.0,19.0,A01
201500050316,0,7,0,14.0,0.0,3.0,1.0,B01
201500050317,0,7,0,0.0,0.0,8.0,1.0,A01
201500050317,0,7,0,0.0,2.0,1.0,12.0,B01
201500050318,0,7,0,4.0,0.0,1.0,13.0,A01
201500050319,0,7,0,0.0,2.0,1.0,2.0,B01
201500050319,0,7,0,0.0,2.0,4.0,2.0,A01
201500050320,0,7,0,0.0,0.0,9.0,0.0,A01
201500050321,0,7,0,0.0,0.0,1.0,2.0,B01
201500050321,0,7,0,0.0,0.0,4.0,2.0,A01
201500050322,0,7,0,0.0,0.0,2.0,2.0,A01
201500050323,0,7,0,6.0,2.0,4.0,11.0,B01
201500050323,0,7,0,0.0,2.0,4.0,2.0,A01
201500050323,0,7,0,0.0,2.0,1.0,1.0,C01
201500050324,0,7,0,0.0,0.0,0.0,0.0,B01
201500050324,0,7,0,4.0,0.0,1.0,0.0,A01
201500050325,0,7,0,0.0,2.0,5.0,2.0,B01
201500050325,0,7,0,0.0,2.0,3.0,12.0,A01
201500050326,0,7,0,0.0,2.0,5.0,23.0,C01
201500050326,0,10,0,14.0,0.0,3.0,17.0,B01
201500050326,0,7,0,0.0,0.0,0.0,0.0,A01
201500050327,0,7,0,4.0,0.0,1.0,13.0,A01
201500050328,0,7,0,0.0,2.0,2.0,12.0,A01
201500050328,0,31,0,0.0,2.0,7.0,3.0,B01
201500050329,0,7,0,0.0,2.0,6.0,2.0,A01
201500050329,1,7,0,0.0,2.0,2.0,0.0,Z01
201500050330,0,7,0,2.0,0.0,1.0,1.0,A01
201500050331,0,7,0,0.0,2.0,4.0,1.0,A01
201500050331,0,7,0,0.0,2.0,1.0,11.0,B01
201500050332,0,7,0,0.0,2.0,2.0,2.0,B01
201500050332,0,7,0,0.0,2.0,4.0,2.0,A01
201500050333,0,7,0,16.0,0.0,9.0,1.0,A01
201500050334,0,7,0,0.0,0.0,7.0,1.0,A01
201500050335,0,7,0,4.0,0.0,8.0,0.0,A01
201500050336,0,7,0,0.0,2.0,1.0,2.0,B01
201500050336,0,7,0,0.0,2.0,4.0,2.0,C01
201500050336,0,7,0,0.0,2.0,4.0,2.0,A01
201500050337,0,33,0,0.0,0.0,8.0,15.0,A01
201500050338,0,7,0,14.0,0.0,1.0,0.0,A01
201500050339,0,7,0,0.0,2.0,4.0,2.0,C01
201500050339,0,7,0,0.0,2.0,4.0,2.0,B01
201500050339,0,7,0,0.0,2.0,4.0,2.0,D01
201500050339,0,7,0,0.0,2.0,1.0,2.0,E01
201500050339,0,7,0,0.0,2.0,4.0,2.0,A01
201500050340,0,7,0,0.0,0.0,1.0,2.0,B01
201500050340,0,7,0,0.0,0.0,9.0,1.0,A01
201500050341,0,10,0,0.0,2.0,1.0,2.0,C01
201500050341,0,10,0,0.0,2.0,4.0,2.0,B01
201500050341,0,10,0,0.0,2.0,4.0,2.0,A01
201500050342,0,10,0,0.0,2.0,1.0,1.0,B01
201500050342,0,7,0,0.0,2.0,3.0,0.0,A01
201500050343,1,7,0,0.0,0.0,0.0,0.0,Z01
201500050343,0,7,0,0.0,2.0,8.0,9.0,A01
201500050344,0,7,0,0.0,0.0,0.0,0.0,A01
201500050345,0,7,0,0.0,2.0,4.0,2.0,A01
201500050345,0,7,0,0.0,2.0,1.0,2.0,B01
201500050346,0,7,0,0.0,2.0,4.0,2.0,A01
201500050346,0,7,0,0.0,2.0,1.0,17.0,B01
201500050347,0,32,0,0.0,2.0,4.0,1.0,B01
201500050347,0,33,0,0.0,2.0,1.0,12.0,A01
201500050348,0,7,0,0.0,2.0,4.0,2.0,A01
201500050348,0,7,0,0.0,2.0,1.0,1.0,B01
201500050349,0,7,0,0.0,0.0,9.0,0.0,A01
201500050350,0,7,0,3.0,2.0,6.0,1.0,A01
201500050350,0,7,0,0.0,2.0,2.0,14.0,B01
201500050351,0,7,0,0.0,5.0,4.0,1.0,A01
201500050351,0,7,0,0.0,5.0,1.0,2.0,B01
201500050352,2,7,0,0.0,2.0,1.0,1.0,C01
201500050352,0,7,0,0.0,2.0,4.0,1.0,A01
201500050352,0,7,0,0.0,2.0,4.0,2.0,B01
201500050353,0,7,0,0.0,0.0,3.0,13.0,A01
201500050354,0,7,0,0.0,2.0,5.0,2.0,A01
201500050354,0,33,0,0.0,2.0,3.0,2.0,B01
201500050355,0,10,0,0.0,2.0,4.0,2.0,A01
201500050355,0,7,0,0.0,2.0,1.0,2.0,D01
201500050355,0,7,0,0.0,2.0,4.0,2.0,C01
201500050355,0,7,0,0.0,2.0,4.0,2.0,B01
201500050356,0,7,0,0.0,0.0,4.0,0.0,A01
201500050356,1,31,0,0.0,0.0,0.0,0.0,Z01
201500050357,0,10,0,12.0,0.0,2.0,1.0,A01
201500050358,0,7,0,0.0,2.0,4.0,1.0,A01
201500050358,0,7,0,0.0,2.0,1.0,2.0,C01
201500050358,0,7,0,0.0,2.0,0.0,2.0,B01
201500050359,0,7,0,0.0,2.0,1.0,0.0,C01
201500050359,0,7,0,0.0,2.0,4.0,2.0,A01
201500050359,0,7,0,0.0,2.0,4.0,0.0,B01
201500050360,0,10,0,0.0,0.0,1.0,2.0,B01
201500050360,0,7,0,0.0,0.0,4.0,2.0,A01
201500050361,0,7,0,4.0,2.0,3.0,2.0,B01
201500050361,0,10,0,0.0,2.0,2.0,2.0,A01
201500050362,0,10,0,0.0,2.0,1.0,1.0,B01
201500050362,0,7,0,4.0,0.0,2.0,0.0,A01
201500050363,0,7,0,0.0,2.0,1.0,2.0,B01
201500050363,0,7,0,0.0,2.0,4.0,2.0,A01
201500050364,0,7,0,4.0,0.0,3.0,1.0,A01
201500050365,0,7,0,0.0,2.0,1.0,1.0,B01
201500050365,0,7,0,0.0,2.0,7.0,19.0,A01
201500050366,0,7,0,0.0,2.0,4.0,1.0,B01
201500050366,0,7,0,0.0,2.0,4.0,1.0,A01
201500050366,0,7,0,0.0,2.0,1.0,1.0,C01
201500050367,0,7,0,0.0,0.0,3.0,1.0,A01
201500050368,0,7,0,2.0,2.0,2.0,17.0,B01
201500050368,0,7,0,0.0,2.0,6.0,1.0,A01
201500050369,0,33,0,0.0,0.0,8.0,1.0,A01
201500050370,0,15,0,0.0,1.0,1.0,1.0,A01
201500050371,0,7,0,0.0,2.0,8.0,0.0,B01
201500050371,0,7,0,0.0,2.0,7.0,2.0,A01
201500050372,0,33,0,0.0,2.0,8.0,1.0,A01
201500050372,1,7,0,0.0,0.0,0.0,0.0,Z01
201500050373,0,7,0,0.0,2.0,6.0,2.0,A01
201500050373,0,34,0,0.0,2.0,1.0,3.0,B01
201500050374,0,33,0,0.0,0.0,8.0,11.0,A01
201500050375,0,7,0,0.0,2.0,1.0,2.0,B01
201500050375,0,7,0,0.0,2.0,4.0,2.0,A01
201500050376,0,7,0,0.0,0.0,4.0,1.0,A01
201500050376,0,7,0,0.0,2.0,1.0,1.0,B01
201500050377,0,10,0,0.0,2.0,2.0,13.0,B01
201500050377,0,7,0,3.0,2.0,6.0,1.0,A01
201500050378,0,7,0,0.0,2.0,0.0,0.0,A01
201500050378,0,7,0,0.0,2.0,1.0,2.0,B01
201500050379,0,7,0,0.0,0.0,4.0,2.0,A01
201500050379,0,33,0,0.0,0.0,1.0,2.0,B01
201500050380,0,10,0,0.0,0.0,4.0,1.0,A01
201500050380,0,7,0,0.0,0.0,1.0,2.0,B01
201500050380,0,15,0,0.0,0.0,1.0,2.0,C01
201500050381,0,20,0,0.0,2.0,4.0,2.0,A01
201500050381,0,10,0,0.0,2.0,1.0,2.0,B01
201500050382,0,7,0,13.0,2.0,9.0,14.0,B01
201500050382,0,7,0,0.0,0.0,0.0,0.0,A01
201500050383,0,7,0,0.0,2.0,4.0,2.0,A01
201500050383,0,7,0,0.0,2.0,1.0,2.0,B01
201500050384,0,7,0,4.0,0.0,3.0,1.0,A01
201500050385,0,7,0,0.0,2.0,4.0,2.0,C01
201500050385,0,7,0,0.0,2.0,1.0,2.0,D01
201500050385,0,7,0,0.0,2.0,4.0,2.0,B01
201500050385,0,7,0,0.0,2.0,4.0,2.0,A01
201500050386,0,7,0,0.0,2.0,0.0,0.0,C01
201500050386,0,7,0,14.0,0.0,4.0,1.0,B01
201500050386,0,7,0,0.0,2.0,4.0,1.0,A01
201500050387,0,7,0,0.0,2.0,1.0,2.0,A01
201500050387,0,10,0,0.0,2.0,1.0,2.0,B01
201500050388,0,7,0,0.0,2.0,4.0,2.0,A01
201500050388,0,7,0,0.0,2.0,1.0,2.0,B01
201500050389,0,7,0,4.0,0.0,3.0,0.0,A01
201500050390,0,7,0,0.0,2.0,0.0,0.0,B01
201500050390,0,7,0,0.0,2.0,0.0,0.0,A01
201500050390,0,7,0,0.0,2.0,0.0,0.0,C01
201500050391,0,7,0,0.0,2.0,1.0,1.0,B01
201500050391,0,7,0,0.0,2.0,5.0,13.0,A01
201500050392,1,15,0,0.0,0.0,0.0,0.0,Z01
201500050392,0,7,0,4.0,0.0,4.0,1.0,A01
201500050393,0,7,0,0.0,2.0,1.0,2.0,B01
201500050393,0,10,0,0.0,2.0,6.0,0.0,A01
201500050394,0,7,0,0.0,0.0,0.0,2.0,A01
201500050395,0,7,0,0.0,2.0,1.0,2.0,C01
201500050395,0,7,0,0.0,2.0,4.0,2.0,B01
201500050395,0,7,0,0.0,2.0,4.0,2.0,A01
201500050396,0,7,0,0.0,2.0,3.0,2.0,C01
201500050396,0,7,0,0.0,2.0,1.0,2.0,A01
201500050396,0,10,0,0.0,2.0,2.0,3.0,D01
201500050396,0,7,0,3.0,2.0,3.0,2.0,B01
201500050397,0,7,0,0.0,9.0,1.0,2.0,B01