Num_Acc,senc,catv,occutc,obs,obsm,choc,manv,num_veh
201500050661,0,7,0,0.0,2.0,3.0,15.0,A01
201500050662,0,1,0,0.0,0.0,0.0,21.0,A01
201500050663,0,7,0,0.0,1.0,1.0,15.0,A01
201500050664,0,1,0,0.0,1.0,1.0,5.0,A01
201500050665,0,2,0,0.0,1.0,0.0,1.0,A01
201500050666,0,2,0,0.0,2.0,3.0,13.0,A01
201500050666,0,1,0,0.0,2.0,5.0,14.0,B01
201500050667,1,31,0,0.0,1.0,1.0,1.0,Z01
201500050668,0,34,0,0.0,2.0,2.0,1.0,A01
201500050668,0,10,0,0.0,2.0,3.0,1.0,B01
201500050669,0,7,0,0.0,1.0,1.0,10.0,A01
201500050670,0,7,0,0.0,2.0,1.0,1.0,A01
201500050670,0,7,0,0.0,2.0,3.0,1.0,B01
201500050671,0,32,0,0.0,2.0,0.0,23.0,A01
201500050671,0,10,0,0.0,2.0,0.0,2.0,B01
201500050672,0,7,0,0.0,2.0,8.0,13.0,A01
201500050672,0,34,0,0.0,2.0,7.0,1.0,B01
201500050673,0,1,0,0.0,0.0,1.0,1.0,A01
201500050674,0,7,0,0.0,1.0,3.0,1.0,A01
201500050675,0,30,0,0.0,0.0,0.0,1.0,A01
201500050676,0,10,0,0.0,2.0,3.0,16.0,A01
201500050676,0,2,0,0.0,2.0,2.0,1.0,B01
201500050677,0,32,0,12.0,0.0,3.0,5.0,A01
201500050678,0,7,0,8.0,0.0,3.0,16.0,A01
201500050679,0,7,0,0.0,2.0,0.0,23.0,B01
201500050679,0,2,0,0.0,2.0,8.0,7.0,A01
201500050680,0,32,0,0.0,2.0,1.0,17.0,A01
201500050680,0,1,0,0.0,2.0,8.0,15.0,B01
201500050681,0,1,0,0.0,2.0,0.0,7.0,A01
201500050681,0,7,0,0.0,2.0,0.0,7.0,B01
201500050682,0,34,0,0.0,1.0,1.0,1.0,A01
201500050683,0,7,0,0.0,2.0,2.0,14.0,A01
201500050683,0,30,0,0.0,2.0,3.0,18.0,B01
201500050684,0,33,0,0.0,1.0,0.0,1.0,A01
201500050685,0,30,0,0.0,2.0,1.0,2.0,B01
201500050685,0,10,0,0.0,2.0,6.0,23.0,A01
201500050686,0,30,0,0.0,0.0,7.0,16.0,A01
201500050687,0,30,0,0.0,0.0,7.0,1.0,A01
201500050688,0,1,0,0.0,1.0,1.0,5.0,A01
201500050689,0,7,0,0.0,2.0,2.0,1.0,A01
201500050689,0,1,0,0.0,2.0,4.0,1.0,B01
201500050690,0,2,0,0.0,2.0,0.0,17.0,A01
201500050690,0,7,0,0.0,2.0,0.0,15.0,B01
201500050691,0,7,0,0.0,2.0,2.0,15.0,A01
201500050691,0,33,0,0.0,2.0,1.0,1.0,B01
201500050692,0,37,0,0.0,0.0,0.0,7.0,A01
201500050693,0,7,0,0.0,2.0,3.0,15.0,A01
201500050693,0,33,0,0.0,2.0,1.0,17.0,B01
201500050694,0,13,0,0.0,2.0,5.0,15.0,B01
201500050694,0,32,0,0.0,2.0,3.0,1.0,A01
201500050695,0,1,0,0.0,1.0,1.0,1.0,A01
201500050696,0,34,0,0.0,1.0,1.0,1.0,A01
201500050697,0,7,0,0.0,1.0,2.0,16.0,A01
201500050698,0,1,0,0.0,1.0,1.0,1.0,A01
201500050699,0,7,0,0.0,2.0,0.0,15.0,A01
201500050699,0,30,0,0.0,2.0,3.0,17.0,B01
201500050700,0,30,0,0.0,9.0,2.0,17.0,A01
201500050701,0,7,0,0.0,2.0,1.0,1.0,B01
201500050701,0,7,0,6.0,1.0,7.0,1.0,A01
201500050702,1,30,0,0.0,1.0,0.0,1.0,Z01
201500050703,0,37,0,0.0,1.0,2.0,16.0,A01
201500050704,0,34,0,0.0,2.0,2.0,1.0,B01
201500050704,0,1,0,0.0,2.0,3.0,1.0,A01
201500050705,0,7,0,0.0,2.0,3.0,1.0,A01
201500050705,0,37,0,0.0,2.0,2.0,1.0,B01
201500050706,0,2,0,0.0,0.0,0.0,1.0,A01
201500050707,0,7,0,0.0,1.0,0.0,15.0,A01
201500050708,0,7,0,0.0,2.0,6.0,13.0,A01
201500050708,0,34,0,0.0,2.0,0.0,17.0,B01
201500050709,0,32,0,0.0,0.0,3.0,21.0,A01
201500050710,0,7,0,0.0,2.0,5.0,1.0,B01
201500050710,0,7,0,0.0,2.0,2.0,1.0,C01
201500050710,0,31,0,0.0,2.0,1.0,1.0,A01
201500050711,0,7,0,0.0,2.0,6.0,1.0,A01
201500050711,1,7,0,0.0,2.0,5.0,14.0,Z01
201500050712,0,7,0,0.0,2.0,7.0,22.0,B01
201500050712,0,34,0,0.0,2.0,1.0,18.0,A01
201500050713,0,33,0,0.0,2.0,7.0,1.0,A01
201500050713,1,7,0,0.0,2.0,8.0,13.0,Z01
201500050714,0,34,0,0.0,0.0,0.0,7.0,A01
201500050715,0,34,0,0.0,2.0,3.0,5.0,A01
201500050715,0,2,0,0.0,2.0,2.0,15.0,B01
201500050716,0,33,0,0.0,2.0,2.0,12.0,A01
201500050716,0,34,0,0.0,2.0,3.0,18.0,B01
201500050717,0,33,0,0.0,2.0,4.0,15.0,A01
201500050717,0,7,0,0.0,2.0,1.0,15.0,B01
201500050718,0,1,0,0.0,1.0,2.0,16.0,A01
201500050719,0,31,0,0.0,2.0,0.0,2.0,A01
201500050719,1,7,0,0.0,2.0,0.0,2.0,Z01
201500050720,0,31,0,0.0,2.0,7.0,2.0,B01
201500050720,0,7,0,0.0,0.0,8.0,11.0,A01
201500050720,0,7,0,0.0,0.0,4.0,2.0,C01
201500050721,0,7,0,0.0,2.0,3.0,9.0,A01
201500050721,0,33,0,0.0,2.0,2.0,1.0,B01
201500050722,0,33,0,0.0,2.0,1.0,1.0,A01
201500050722,0,32,0,0.0,2.0,2.0,14.0,B01
201500050723,0,33,0,0.0,2.0,1.0,1.0,B01
201500050723,0,7,0,0.0,2.0,2.0,1.0,A01
201500050724,0,32,0,0.0,2.0,2.0,17.0,B01
201500050724,0,7,0,0.0,2.0,8.0,15.0,A01
201500050725,0,7,0,0.0,2.0,5.0,1.0,A01
201500050725,0,2,0,0.0,2.0,1.0,1.0,B01
201500050726,0,30,0,0.0,1.0,7.0,1.0,A01
201500050727,0,7,0,0.0,2.0,1.0,2.0,A01
201500050727,0,10,0,0.0,2.0,6.0,2.0,B01
201500050728,0,1,0,1.0,0.0,7.0,13.0,A01
201500050729,0,7,0,0.0,2.0,3.0,11.0,A01
201500050729,0,1,0,0.0,2.0,5.0,1.0,B01
201500050730,0,7,0,0.0,2.0,7.0,1.0,A01
201500050730,0,7,0,0.0,2.0,3.0,1.0,B01
201500050731,0,7,0,0.0,2.0,3.0,1.0,A01
201500050731,0,32,0,0.0,2.0,1.0,1.0,B01
201500050732,0,32,0,0.0,0.0,3.0,21.0,A01
201500050733,0,7,0,8.0,0.0,3.0,14.0,A01
201500050734,0,37,6,1.0,0.0,1.0,1.0,A01
201500050735,0,7,0,8.0,0.0,7.0,14.0,A01
201500050736,0,2,0,14.0,0.0,7.0,14.0,A01
201500050737,0,10,0,0.0,2.0,4.0,4.0,B01
201500050737,0,30,0,0.0,2.0,1.0,2.0,A01
201500050738,0,1,0,0.0,0.0,0.0,1.0,A01
201500050739,0,7,0,0.0,1.0,1.0,2.0,A01
201500050739,0,10,0,0.0,2.0,4.0,2.0,B01
201500050740,0,1,0,0.0,0.0,0.0,7.0,A01
201500050741,1,7,0,0.0,2.0,4.0,0.0,B01
201500050741,0,2,0,0.0,2.0,1.0,1.0,A01
201500050742,0,34,0,0.0,2.0,4.0,1.0,A01
201500050742,1,7,0,0.0,2.0,1.0,1.0,Z01
201500050743,0,7,0,0.0,1.0,3.0,15.0,A01
201500050744,0,7,0,0.0,2.0,3.0,1.0,B01
201500050744,0,30,0,0.0,2.0,1.0,1.0,A01
201500050745,0,7,0,0.0,2.0,2.0,16.0,A01
201500050745,0,30,0,0.0,2.0,8.0,7.0,B01
201500050746,0,7,0,0.0,1.0,2.0,15.0,A01
201500050747,0,2,0,0.0,1.0,1.0,17.0,A01
201500050748,0,32,0,0.0,2.0,3.0,18.0,B01
201500050748,0,7,0,0.0,2.0,5.0,16.0,A01
201500050749,1,7,0,0.0,1.0,0.0,16.0,Z01
201500050750,0,7,0,7.0,2.0,1.0,2.0,A01
201500050750,0,31,0,0.0,2.0,4.0,23.0,B01
201500050751,0,10,0,0.0,2.0,2.0,16.0,B01
201500050751,0,31,0,0.0,2.0,3.0,18.0,A01
201500050752,0,7,0,0.0,2.0,3.0,24.0,B01
201500050752,0,7,0,12.0,2.0,2.0,14.0,A01
201500050753,2,1,0,0.0,1.0,1.0,1.0,Z01
201500050754,0,31,0,0.0,2.0,2.0,1.0,B01
201500050754,0,10,0,0.0,2.0,3.0,9.0,A01
201500050755,0,7,0,0.0,1.0,1.0,15.0,A01
201500050756,0,7,0,0.0,1.0,3.0,1.0,A01
201500050757,0,10,0,0.0,1.0,1.0,15.0,A01
201500050758,0,7,0,0.0,1.0,7.0,4.0,A01
201500050759,0,7,0,0.0,1.0,7.0,15.0,A01
201500050760,0,1,0,0.0,1.0,7.0,1.0,A01
201500050761,0,10,0,0.0,2.0,7.0,1.0,B01
201500050761,0,1,0,0.0,2.0,1.0,15.0,A01
201500050762,0,34,0,0.0,2.0,8.0,7.0,A01
201500050762,0,31,0,0.0,2.0,7.0,11.0,B01
201500050763,0,7,0,0.0,1.0,7.0,1.0,A01
201500050764,0,2,0,14.0,2.0,1.0,18.0,A01
201500050764,0,7,0,0.0,2.0,7.0,22.0,B01
201500050765,0,33,0,12.0,0.0,1.0,2.0,A01
201500050766,0,32,0,0.0,2.0,3.0,1.0,B01
201500050766,0,7,0,0.0,2.0,2.0,1.0,A01
201500050767,0,33,0,0.0,1.0,1.0,1.0,A01
201500050768,0,7,0,0.0,1.0,1.0,15.0,A01
201500050769,0,31,0,0.0,2.0,1.0,2.0,A01
201500050769,0,7,0,0.0,2.0,5.0,23.0,B01
201500050770,1,7,0,0.0,2.0,0.0,13.0,Z01
201500050770,0,2,0,0.0,2.0,0.0,1.0,A01
201500050771,0,1,0,0.0,2.0,2.0,13.0,A01
201500050771,0,7,0,0.0,2.0,2.0,1.0,B01
201500050772,0,32,0,0.0,0.0,2.0,1.0,A01
201500050773,0,1,0,0.0,1.0,1.0,1.0,A01
201500050774,0,10,0,0.0,2.0,1.0,1.0,A01
201500050774,0,34,0,0.0,2.0,3.0,1.0,B01
201500050774,0,32,0,8.0,2.0,8.0,1.0,C01
201500050775,0,1,0,0.0,0.0,1.0,7.0,A01
201500050776,0,33,0,0.0,9.0,1.0,1.0,A01
201500050777,0,7,0,0.0,2.0,6.0,23.0,B01
201500050777,0,2,0,0.0,2.0,2.0,2.0,A01
201500050778,0,1,0,0.0,2.0,1.0,5.0,B01
201500050778,0,7,0,0.0,2.0,8.0,15.0,A01
201500050779,0,7,0,0.0,2.0,3.0,10.0,A01
201500050779,0,33,0,0.0,2.0,8.0,1.0,B01
201500050780,0,2,0,0.0,0.0,0.0,1.0,A01
201500050781,0,1,0,0.0,2.0,0.0,1.0,B01
201500050781,0,7,0,0.0,2.0,0.0,16.0,A01
201500050782,0,7,0,0.0,2.0,7.0,22.0,A01
201500050782,0,1,0,1.0,2.0,1.0,1.0,B01
201500050783,0,1,0,0.0,2.0,0.0,11.0,A01
201500050783,0,7,0,0.0,2.0,5.0,7.0,B01
201500050784,0,10,0,0.0,2.0,8.0,22.0,A01
201500050784,0,1,0,0.0,2.0,1.0,7.0,B01
201500050785,0,10,0,0.0,2.0,8.0,22.0,A01
201500050785,0,1,0,1.0,2.0,1.0,1.0,B01
201500050786,0,7,0,0.0,1.0,3.0,15.0,A01
201500050787,0,32,0,0.0,0.0,0.0,1.0,A01
201500050788,1,1,0,0.0,2.0,1.0,19.0,A01
201500050788,0,1,0,0.0,2.0,8.0,1.0,B01
201500050789,0,33,0,0.0,2.0,2.0,1.0,B01
201500050789,0,30,0,0.0,2.0,6.0,13.0,A01
201500050790,0,32,0,0.0,0.0,1.0,1.0,A01
201500050791,0,7,0,0.0,2.0,1.0,1.0,A01
201500050791,0,32,0,0.0,2.0,4.0,1.0,B01
201500050792,0,1,0,0.0,1.0,1.0,1.0,A01
201500050793,0,7,0,0.0,1.0,4.0,4.0,A01
201500050794,0,7,0,0.0,1.0,1.0,16.0,A01
201500050795,0,7,0,0.0,1.0,3.0,12.0,A01
201500050796,0,10,0,0.0,1.0,3.0,15.0,A01
201500050797,0,1,0,0.0,1.0,1.0,3.0,A01
201500050798,0,7,0,0.0,2.0,3.0,1.0,B01
201500050798,0,1,0,0.0,2.0,1.0,1.0,A01
201500050799,0,7,0,0.0,2.0,2.0,1.0,A01
201500050799,0,33,0,0.0,2.0,8.0,15.0,B01
201500050800,0,10,0,0.0,2.0,8.0,22.0,A01
201500050800,0,1,0,0.0,2.0,1.0,1.0,B01
201500050801,0,10,0,0.0,2.0,2.0,16.0,A01
201500050801,0,1,0,0.0,2.0,0.0,7.0,B01
201500050802,0,33,0,0.0,2.0,7.0,13.0,B01
201500050802,0,7,0,0.0,2.0,3.0,1.0,A01
201500050803,0,1,0,0.0,1.0,1.0,1.0,A01
201500050804,0,32,0,0.0,0.0,8.0,1.0,A01
201500050805,0,7,0,0.0,2.0,4.0,16.0,B01
201500050805,0,30,0,0.0,2.0,1.0,2.0,A01
201500050806,0,31,0,0.0,0.0,0.0,1.0,A01
201500050807,0,1,0,0.0,2.0,0.0,1.0,B01
201500050807,0,7,0,0.0,2.0,3.0,22.0,A01
201500050808,0,1,0,1.0,1.0,4.0,19.0,A01
201500050809,0,34,0,0.0,1.0,1.0,1.0,A01
201500050810,0,33,0,0.0,1.0,3.0,1.0,A01
201500050811,0,7,0,0.0,1.0,3.0,1.0,A01
201500050812,0,30,0,12.0,0.0,3.0,16.0,A01
201500050813,0,33,0,0.0,0.0,0.0,21.0,A01
201500050814,0,10,0,0.0,2.0,5.0,2.0,B01
201500050814,0,1,0,0.0,2.0,5.0,2.0,A01
201500050815,0,31,0,0.0,2.0,1.0,17.0,A01
201500050815,0,10,0,0.0,2.0,1.0,15.0,B01
201500050816,0,7,0,0.0,1.0,3.0,15.0,A01
201500050817,0,31,0,1.0,0.0,8.0,13.0,A01
201500050818,0,1,0,0.0,2.0,1.0,11.0,A01
201500050818,0,37,0,0.0,2.0,7.0,7.0,B01
201500050819,0,10,0,0.0,2.0,3.0,15.0,B01
201500050819,0,34,0,0.0,2.0,2.0,17.0,A01
201500050820,0,2,0,1.0,2.0,2.0,1.0,B01
201500050820,0,7,0,0.0,2.0,8.0,22.0,A01
201500050821,0,7,0,0.0,2.0,1.0,2.0,A01
201500050821,0,7,0,0.0,2.0,4.0,23.0,B01
201500050822,0,31,0,0.0,2.0,2.0,2.0,A01
201500050822,1,10,0,0.0,2.0,5.0,4.0,Z01
201500050823,0,32,0,7.0,2.0,8.0,15.0,A01
201500050823,0,32,0,0.0,2.0,1.0,2.0,B01
201500050824,0,31,0,0.0,0.0,0.0,1.0,A01
201500050825,0,32,0,0.0,2.0,7.0,17.0,B01
201500050825,0,7,0,0.0,2.0,8.0,10.0,A01
201500050826,0,7,0,0.0,2.0,1.0,1.0,A01
201500050826,0,31,0,0.0,2.0,4.0,23.0,B01
201500050827,0,7,0,0.0,2.0,8.0,10.0,A01
201500050827,0,7,0,0.0,2.0,2.0,1.0,B01
201500050828,0,7,0,0.0,2.0,7.0,22.0,A01
201500050828,0,1,0,0.0,2.0,1.0,1.0,B01
201500050829,0,32,0,0.0,2.0,1.0,1.0,B01
201500050829,0,7,0,0.0,2.0,5.0,23.0,A01
201500050830,0,31,0,0.0,2.0,1.0,1.0,B01
201500050830,0,1,0,0.0,2.0,7.0,1.0,A01
201500050831,1,1,0,0.0,1.0,5.0,1.0,Z01
201500050832,0,7,0,0.0,2.0,3.0,9.0,A01
201500050832,0,34,0,0.0,2.0,2.0,1.0,B01
201500050833,0,33,0,1.0,0.0,6.0,13.0,A01
201500050834,0,1,0,0.0,2.0,4.0,2.0,B01
201500050834,0,7,0,0.0,2.0,2.0,2.0,A01
201500050835,0,37,0,0.0,2.0,5.0,17.0,B01
201500050835,0,1,0,0.0,2.0,0.0,13.0,A01
201500050836,0,7,0,0.0,1.0,3.0,15.0,A01
201500050837,0,33,0,0.0,2.0,8.0,1.0,B01
201500050837,0,7,0,0.0,2.0,1.0,15.0,A01
201500050838,0,1,0,0.0,2.0,1.0,1.0,B01
201500050838,0,10,0,0.0,2.0,2.0,16.0,A01
201500050839,0,7,0,0.0,1.0,2.0,14.0,A01
201500050840,0,2,0,0.0,0.0,0.0,21.0,A01
201500050841,0,7,0,0.0,1.0,1.0,1.0,A01
201500050842,0,7,0,1.0,1.0,1.0,5.0,A01
201500050843,0,10,0,0.0,1.0,3.0,1.0,A01
201500050844,0,7,0,0.0,2.0,3.0,15.0,B01
201500050844,0,34,0,0.0,2.0,1.0,17.0,A01
201500050845,0,33,0,0.0,1.0,1.0,1.0,A01
201500050846,0,7,0,0.0,2.0,1.0,2.0,A01
201500050846,0,30,0,0.0,2.0,4.0,23.0,B01
201500050847,0,7,0,0.0,2.0,5.0,15.0,A01
201500050847,0,34,0,0.0,2.0,1.0,1.0,B01
201500050848,0,32,0,0.0,1.0,1.0,1.0,A01
201500050849,0,7,0,0.0,1.0,3.0,15.0,A01
201500050850,0,37,0,0.0,1.0,2.0,7.0,A01
201500050851,0,32,0,0.0,2.0,3.0,1.0,B01
201500050851,0,7,0,0.0,2.0,2.0,9.0,A01
201500050852,0,7,0,0.0,1.0,1.0,7.0,A01
201500050853,0,10,0,0.0,2.0,2.0,15.0,A01
201500050853,0,33,0,0.0,2.0,1.0,1.0,B01
201500050854,0,7,0,0.0,2.0,2.0,22.0,A01
201500050854,0,1,0,0.0,2.0,3.0,18.0,B01
201500050855,1,7,0,0.0,1.0,0.0,0.0,A01
201500050856,0,7,0,0.0,1.0,1.0,15.0,A01
201500050857,0,7,0,0.0,2.0,8.0,1.0,C01
201500050857,0,1,0,0.0,2.0,0.0,3.0,A01
201500050857,0,7,0,0.0,2.0,2.0,1.0,B01
201500050858,0,34,0,0.0,1.0,1.0,1.0,A01
201500050859,0,7,0,0.0,2.0,2.0,12.0,A01
201500050859,0,30,0,0.0,2.0,8.0,1.0,B01
201500050860,0,7,0,0.0,1.0,6.0,4.0,A01
201500050861,0,7,0,0.0,2.0,7.0,12.0,A01
201500050861,0,30,0,0.0,2.0,8.0,2.0,B01
201500050862,0,7,0,0.0,1.0,0.0,16.0,A01
201500050863,0,10,0,0.0,2.0,2.0,2.0,A01
201500050863,0,32,0,0.0,2.0,8.0,2.0,B01
201500050864,0,7,0,0.0,2.0,1.0,1.0,A01
201500050864,0,7,0,0.0,2.0,0.0,1.0,B01
201500050865,0,32,0,0.0,2.0,2.0,1.0,B01
201500050865,0,7,0,0.0,2.0,3.0,11.0,A01
201500050866,0,7,0,0.0,2.0,1.0,5.0,A01
201500050866,0,1,0,9.0,2.0,1.0,1.0,B01
201500050867,0,7,0,0.0,1.0,4.0,20.0,A01
201500050868,0,30,0,0.0,0.0,8.0,15.0,A01
201500050869,0,2,0,0.0,2.0,0.0,13.0,A01
201500050869,0,7,0,0.0,2.0,3.0,1.0,B01
201500050870,0,31,0,0.0,1.0,8.0,1.0,A01
201500050871,0,34,0,0.0,1.0,8.0,1.0,A01
201500050872,0,1,0,0.0,2.0,7.0,1.0,A01
201500050872,0,7,0,0.0,2.0,3.0,1.0,B01
201500050873,0,7,0,0.0,2.0,1.0,1.0,B01
201500050873,0,1,0,0.0,2.0,1.0,1.0,A01
201500050874,0,7,0,0.0,2.0,4.0,23.0,C01
201500050874,0,2,0,1.0,0.0,6.0,23.0,B01
201500050874,0,7,0,0.0,2.0,1.0,2.0,A01
201500050875,0,34,0,0.0,1.0,1.0,1.0,A01
201500050876,1,7,0,0.0,1.0,0.0,1.0,Z01
201500050877,0,1,0,0.0,1.0,8.0,7.0,A01
201500050878,1,7,0,0.0,2.0,8.0,13.0,Z01
201500050878,0,31,0,0.0,2.0,7.0,1.0,A01
201500050879,0,1,0,0.0,2.0,7.0,1.0,B01
201500050879,0,7,0,0.0,2.0,3.0,11.0,A01
201500050880,0,7,0,0.0,2.0,3.0,13.0,A01
201500050880,0,2,0,0.0,2.0,1.0,17.0,B01
201500050881,0,31,0,0.0,2.0,6.0,2.0,B01
201500050881,0,30,0,0.0,2.0,1.0,2.0,A01
201500050882,0,7,0,0.0,2.0,3.0,15.0,A01
201500050882,0,30,0,0.0,2.0,1.0,5.0,B01
201500050883,0,7,0,0.0,1.0,3.0,2.0,A01
201500050884,0,1,0,0.0,1.0,1.0,8.0,A01
201500050885,0,7,0,0.0,1.0,1.0,1.0,A01
201500050886,0,10,0,0.0,1.0,0.0,1.0,A01
201500050887,0,32,0,0.0,0.0,0.0,1.0,A01
201500050888,0,1,0,0.0,2.0,1.0,15.0,A01
201500050888,0,1,0,0.0,2.0,4.0,17.0,B01
201500050889,0,1,0,0.0,2.0,8.0,1.0,B01
201500050889,0,34,0,0.0,2.0,1.0,1.0,A01
201500050890,0,30,0,0.0,1.0,1.0,1.0,A01
201500050891,1,34,0,0.0,2.0,1.0,2.0,Z01
201500050891,0,1,0,0.0,2.0,4.0,2.0,A01
201500050892,0,7,0,0.0,2.0,8.0,16.0,A01
201500050892,0,33,0,0.0,2.0,3.0,1.0,B01
201500050893,0,1,0,0.0,2.0,4.0,2.0,A01
201500050893,1,10,0,0.0,2.0,0.0,2.0,Z01
201500050894,0,7,0,0.0,2.0,1.0,2.0,A01
201500050894,0,10,0,0.0,2.0,4.0,2.0,B01
201500050895,0,1,0,0.0,2.0,1.0,1.0,B01
201500050895,0,7,0,0.0,2.0,7.0,22.0,A01
201500050896,0,30,0,1.0,2.0,4.0,2.0,A01
201500050896,1,7,0,0.0,2.0,2.0,2.0,Z01
201500050897,0,30,0,8.0,0.0,3.0,13.0,A01
201500050898,0,1,0,0.0,2.0,7.0,19.0,B01
201500050898,0,34,0,0.0,2.0,1.0,1.0,A01
201500050899,1,37,0,0.0,2.0,0.0,1.0,Z01
201500050899,0,1,0,0.0,2.0,0.0,1.0,A01
201500050900,0,1,0,0.0,2.0,1.0,1.0,B01
201500050900,0,10,0,0.0,2.0,3.0,16.0,A01
201500050901,0,30,0,0.0,1.0,8.0,7.0,A01
201500050902,0,7,0,0.0,2.0,8.0,16.0,A01
201500050902,0,30,0,0.0,2.0,7.0,1.0,B01
201500050903,0,1,0,0.0,2.0,1.0,1.0,A01
201500050903,0,7,0,0.0,2.0,1.0,1.0,B01
201500050904,0,38,0,0.0,2.0,1.0,2.0,A01
201500050904,0,3,0,0.0,2.0,4.0,23.0,B01
201500050905,0,7,0,0.0,2.0,5.0,14.0,A01
201500050905,0,31,0,0.0,2.0,1.0,1.0,B01
201500050906,1,7,0,0.0,1.0,0.0,1.0,Z01
201500050907,0,7,0,3.0,0.0,1.0,14.0,A01
201500050908,0,14,0,0.0,2.0,7.0,1.0,A01
201500050908,0,1,0,0.0,2.0,8.0,11.0,B01
201500050909,0,32,0,0.0,1.0,7.0,1.0,A01
201500050910,0,7,0,0.0,1.0,0.0,16.0,A01
201500050911,0,33,0,0.0,1.0,1.0,1.0,A01
201500050912,0,1,0,0.0,1.0,1.0,0.0,A01
201500050913,0,1,0,0.0,0.0,0.0,1.0,A01
201500050914,0,34,0,1.0,0.0,1.0,1.0,A01
201500050915,1,7,0,0.0,1.0,3.0,1.0,Z01
201500050916,0,1,0,0.0,2.0,2.0,5.0,B01
201500050916,0,32,0,0.0,2.0,2.0,1.0,A01
201500050917,0,7,0,0.0,2.0,4.0,16.0,B01
201500050917,0,37,1,0.0,2.0,2.0,7.0,A01
201500050918,0,7,0,0.0,2.0,2.0,16.0,B01
201500050918,0,31,0,0.0,2.0,8.0,18.0,A01
201500050919,0,10,0,0.0,2.0,0.0,15.0,B01
201500050919,0,31,0,0.0,2.0,0.0,5.0,A01
201500050920,0,7,0,0.0,1.0,4.0,4.0,A01
201500050921,0,7,0,0.0,1.0,1.0,1.0,A01
201500050922,0,1,0,0.0,2.0,7.0,0.0,A01
201500050922,0,10,0,0.0,0.0,7.0,1.0,B01
201500050923,0,1,0,0.0,0.0,0.0,7.0,A01
201500050924,0,33,0,1.0,0.0,2.0,1.0,A01
201500050925,0,10,0,0.0,1.0,4.0,4.0,A01
201500050926,0,31,0,0.0,1.0,0.0,1.0,A01
201500050927,0,31,0,0.0,2.0,1.0,1.0,B01
201500050927,0,7,0,0.0,2.0,8.0,11.0,A01
201500050928,0,7,0,1.0,0.0,2.0,14.0,A01
201500050929,0,1,0,0.0,2.0,1.0,16.0,A01
201500050929,0,33,0,0.0,2.0,5.0,1.0,B01
201500050930,0,30,0,0.0,2.0,0.0,1.0,B01
201500050930,0,7,0,0.0,2.0,0.0,1.0,A01
201500050931,0,33,0,0.0,2.0,1.0,1.0,B01
201500050931,0,10,0,0.0,2.0,2.0,1.0,A01
201500050932,1,32,0,0.0,1.0,4.0,1.0,Z01
201500050933,0,10,0,0.0,2.0,6.0,23.0,B01
201500050933,0,32,0,0.0,2.0,7.0,1.0,A01
201500050934,0,1,0,0.0,1.0,1.0,1.0,A01
201500050935,0,30,0,0.0,0.0,3.0,1.0,A01
201500050936,0,7,0,0.0,2.0,3.0,15.0,A01
201500050936,0,3,0,0.0,2.0,1.0,1.0,B01
201500050937,0,7,0,0.0,2.0,0.0,1.0,A01
201500050937,0,33,0,0.0,2.0,1.0,23.0,B01
201500050938,0,33,0,0.0,0.0,7.0,21.0,A01
201500050939,0,33,0,0.0,2.0,7.0,17.0,A01
201500050939,0,7,0,0.0,2.0,1.0,15.0,B01
201500050940,0,1,0,0.0,2.0,0.0,1.0,A01
201500050940,1,7,0,0.0,2.0,2.0,16.0,Z01
201500050941,0,1,0,0.0,1.0,1.0,1.0,A01
201500050942,1,7,0,0.0,2.0,0.0,2.0,Z01
201500050942,0,33,0,0.0,2.0,0.0,2.0,A01
201500050943,0,7,0,0.0,2.0,3.0,15.0,B01
201500050943,0,31,0,0.0,2.0,2.0,17.0,A01
201500050944,0,33,0,0.0,2.0,7.0,3.0,B01
201500050944,0,7,0,0.0,2.0,3.0,11.0,A01
201500050945,0,1,0,0.0,2.0,0.0,2.0,A01
201500050945,0,14,0,0.0,2.0,0.0,2.0,B01
201500050946,0,32,0,0.0,1.0,1.0,1.0,A01
201500050947,0,1,0,0.0,1.0,0.0,8.0,A01
201500050948,0,10,0,0.0,1.0,0.0,4.0,A01
201500050949,0,32,0,0.0,1.0,1.0,3.0,A01
201500050950,0,1,0,0.0,2.0,7.0,19.0,A01
201500050950,0,7,0,0.0,2.0,1.0,1.0,B01
201500050951,0,10,0,0.0,1.0,2.0,5.0,A01
201500050952,0,1,0,0.0,2.0,1.0,1.0,A01
201500050952,1,7,0,0.0,2.0,0.0,1.0,Z01
201500050953,0,30,0,0.0,2.0,0.0,1.0,A01
201500050953,1,10,0,0.0,2.0,0.0,14.0,Z01
201500050954,0,1,0,0.0,1.0,1.0,7.0,A01
201500050955,0,30,0,1.0,0.0,0.0,14.0,A01
201500050956,0,10,0,0.0,1.0,0.0,1.0,A01
201500050957,0,10,0,0.0,2.0,2.0,16.0,A01
201500050957,0,1,0,0.0,2.0,1.0,1.0,B01
201500050958,0,33,0,0.0,2.0,3.0,7.0,A01
201500050958,0,7,0,0.0,2.0,2.0,12.0,B01
201500050959,0,1,0,0.0,2.0,7.0,1.0,A01
201500050959,0,7,0,0.0,2.0,3.0,16.0,B01