Num_Acc,senc,catv,occutc,obs,obsm,choc,manv,num_veh
201500050960,0,32,0,14.0,0.0,1.0,1.0,A01
201500050961,0,7,0,0.0,1.0,2.0,1.0,A01
201500050962,0,32,0,0.0,1.0,3.0,15.0,A01
201500050963,0,37,0,0.0,1.0,7.0,16.0,A01
201500050964,0,1,0,0.0,2.0,1.0,13.0,A01
201500050964,0,7,0,0.0,2.0,5.0,23.0,B01
201500050965,0,32,0,0.0,1.0,7.0,1.0,A01
201500050966,0,10,0,0.0,1.0,1.0,2.0,B01
201500050966,0,10,0,0.0,2.0,1.0,2.0,A01
201500050967,0,33,0,0.0,2.0,7.0,2.0,A01
201500050967,0,7,0,0.0,2.0,6.0,2.0,B01
201500050968,0,33,0,0.0,1.0,8.0,1.0,A01
201500050969,0,32,0,15.0,2.0,7.0,1.0,B01
201500050969,0,7,0,0.0,2.0,3.0,15.0,A01
201500050970,0,30,0,0.0,2.0,8.0,2.0,A01
201500050970,0,31,0,0.0,2.0,7.0,23.0,B01
201500050971,0,33,0,0.0,1.0,1.0,1.0,A01
201500050972,0,31,0,0.0,2.0,3.0,23.0,A01
201500050972,0,7,0,0.0,2.0,2.0,15.0,B01
201500050973,0,10,0,0.0,2.0,6.0,22.0,A01
201500050973,0,1,0,1.0,2.0,1.0,7.0,B01
201500050974,0,2,0,0.0,2.0,3.0,1.0,A01
201500050974,0,10,0,0.0,2.0,5.0,12.0,B01
201500050975,0,34,0,0.0,2.0,1.0,1.0,B01
201500050975,0,1,0,0.0,2.0,1.0,19.0,A01
201500050976,0,32,0,0.0,2.0,8.0,18.0,A01
201500050976,0,7,0,0.0,2.0,7.0,1.0,B01
201500050977,0,1,0,0.0,1.0,0.0,7.0,A01
201500050978,0,7,0,0.0,2.0,5.0,2.0,A01
201500050978,0,33,0,0.0,2.0,5.0,23.0,B01
201500050978,0,7,0,0.0,2.0,5.0,23.0,C01
201500050978,0,7,0,0.0,2.0,5.0,23.0,D01
201500050979,0,1,0,0.0,2.0,0.0,1.0,A01
201500050979,0,1,0,0.0,2.0,0.0,1.0,B01
201500050980,0,10,0,0.0,1.0,4.0,4.0,A01
201500050981,0,10,0,0.0,1.0,3.0,1.0,A01
201500050982,0,7,0,0.0,1.0,1.0,1.0,A01
201500050983,0,7,0,0.0,2.0,2.0,14.0,A01
201500050983,0,37,0,0.0,2.0,6.0,1.0,B01
201500050984,0,7,0,0.0,2.0,3.0,15.0,B01
201500050984,0,34,0,0.0,2.0,1.0,17.0,A01
201500050985,0,7,0,0.0,1.0,3.0,7.0,A01
201500050986,0,33,0,0.0,1.0,7.0,1.0,A01
201500050987,0,1,0,0.0,2.0,8.0,8.0,B01
201500050987,0,37,0,0.0,2.0,2.0,8.0,A01
201500050988,0,7,0,0.0,2.0,3.0,15.0,A01
201500050988,0,34,0,0.0,2.0,2.0,1.0,B01
201500050989,0,7,0,0.0,2.0,4.0,15.0,A01
201500050989,0,33,0,0.0,2.0,1.0,1.0,B01
201500050990,0,10,0,1.0,2.0,1.0,2.0,A01
201500050990,0,7,0,0.0,2.0,4.0,23.0,B01
201500050991,0,10,0,1.0,2.0,2.0,22.0,A01
201500050991,0,1,0,1.0,2.0,1.0,7.0,B01
201500050992,1,7,0,0.0,2.0,0.0,1.0,Z01
201500050992,0,30,0,0.0,2.0,0.0,16.0,A01
201500050993,0,7,0,1.0,0.0,9.0,13.0,A01
201500050994,0,30,0,0.0,2.0,7.0,17.0,A01
201500050994,0,7,0,0.0,2.0,8.0,15.0,B01
201500050995,0,7,0,0.0,2.0,8.0,7.0,B01
201500050995,0,32,0,0.0,2.0,7.0,16.0,A01
201500050996,0,10,0,0.0,1.0,4.0,4.0,A01
201500050997,0,10,0,0.0,1.0,0.0,1.0,A01
201500050998,0,7,0,0.0,2.0,4.0,23.0,C01
201500050998,0,33,0,0.0,2.0,4.0,23.0,B01
201500050998,0,7,0,0.0,2.0,1.0,1.0,A01
201500050999,0,1,0,0.0,2.0,7.0,1.0,A01
201500050999,0,33,0,0.0,2.0,7.0,1.0,B01
201500051000,0,32,0,0.0,2.0,0.0,16.0,A01
201500051000,0,1,0,0.0,2.0,0.0,7.0,B01
201500051001,0,34,0,1.0,0.0,1.0,1.0,A01
201500051002,0,7,0,0.0,2.0,0.0,10.0,B01
201500051002,0,30,0,0.0,2.0,2.0,1.0,A01
201500051003,0,32,0,0.0,2.0,8.0,15.0,A01
201500051003,0,7,0,0.0,2.0,7.0,1.0,B01
201500051004,0,7,0,0.0,1.0,2.0,1.0,A01
201500051005,0,7,0,1.0,2.0,8.0,22.0,A01
201500051005,0,1,0,1.0,2.0,1.0,1.0,B01
201500051006,0,1,0,0.0,1.0,1.0,1.0,A01
201500051007,0,7,0,0.0,1.0,8.0,1.0,A01
201500051008,0,31,0,0.0,2.0,7.0,23.0,B01
201500051008,0,7,0,0.0,2.0,8.0,14.0,A01
201500051009,0,1,0,0.0,2.0,8.0,1.0,A01
201500051009,1,7,0,0.0,2.0,2.0,16.0,Z01
201500051010,0,30,0,12.0,0.0,2.0,16.0,A01
201500051011,0,7,0,0.0,1.0,3.0,1.0,A01
201500051012,1,7,0,0.0,2.0,8.0,22.0,Z01
201500051012,0,1,0,1.0,2.0,1.0,1.0,A01
201500051013,0,31,0,0.0,0.0,0.0,1.0,A01
201500051014,0,1,0,0.0,1.0,0.0,5.0,A01
201500051015,0,31,0,0.0,2.0,7.0,5.0,A01
201500051015,0,7,0,0.0,2.0,8.0,15.0,B01
201500051016,0,33,0,0.0,2.0,8.0,1.0,B01
201500051016,0,7,0,0.0,2.0,1.0,15.0,A01
201500051017,0,7,0,0.0,2.0,3.0,15.0,B01
201500051017,0,31,0,0.0,2.0,1.0,17.0,A01
201500051018,0,1,0,0.0,2.0,2.0,1.0,B01
201500051018,0,7,0,0.0,2.0,8.0,22.0,A01
201500051019,0,30,0,0.0,0.0,8.0,1.0,A01
201500051020,0,7,0,0.0,2.0,5.0,16.0,A01
201500051020,0,37,0,0.0,2.0,2.0,1.0,B01
201500051021,0,30,0,0.0,2.0,1.0,1.0,A01
201500051021,0,7,0,0.0,2.0,2.0,15.0,B01
201500051022,0,32,0,0.0,1.0,1.0,1.0,A01
201500051023,0,7,0,0.0,2.0,3.0,1.0,B01
201500051023,0,33,0,0.0,2.0,2.0,17.0,A01
201500051024,0,30,0,0.0,1.0,1.0,1.0,A01
201500051025,0,7,0,11.0,0.0,1.0,1.0,A01
201500051026,0,7,0,0.0,2.0,2.0,16.0,A01
201500051026,0,34,0,0.0,2.0,8.0,1.0,B01
201500051027,0,10,0,0.0,2.0,1.0,1.0,A01
201500051027,0,7,0,0.0,2.0,4.0,23.0,B01
201500051028,0,32,0,0.0,1.0,1.0,1.0,A01
201500051029,0,33,0,0.0,1.0,1.0,1.0,A01
201500051030,0,31,0,0.0,2.0,0.0,17.0,A01
201500051030,0,10,0,0.0,2.0,8.0,15.0,B01
201500051031,0,10,0,0.0,2.0,2.0,1.0,A01
201500051031,0,1,0,0.0,2.0,1.0,1.0,B01
201500051032,0,7,0,11.0,0.0,1.0,1.0,A01
201500051033,0,33,0,0.0,2.0,1.0,17.0,A01
201500051033,0,7,0,0.0,2.0,8.0,15.0,B01
201500051034,0,7,0,14.0,0.0,3.0,13.0,A01
201500051035,0,7,0,0.0,1.0,2.0,1.0,A01
201500051036,0,34,0,0.0,1.0,1.0,1.0,A01
201500051037,0,2,0,0.0,2.0,1.0,1.0,A01
201500051037,0,31,0,0.0,2.0,4.0,1.0,B01
201500051038,0,1,0,0.0,2.0,1.0,1.0,B01
201500051038,0,7,0,0.0,2.0,3.0,22.0,A01
201500051039,0,30,0,0.0,2.0,2.0,16.0,B01
201500051039,0,2,0,0.0,2.0,3.0,1.0,A01
201500051040,0,33,0,14.0,0.0,1.0,17.0,A01
201500051041,0,1,0,0.0,2.0,4.0,1.0,B01
201500051041,0,34,0,0.0,2.0,1.0,9.0,A01
201500051042,0,32,0,0.0,1.0,3.0,1.0,A01
201500051043,0,30,0,0.0,2.0,1.0,1.0,A01
201500051043,0,7,0,0.0,2.0,4.0,1.0,B01
201500051044,0,31,0,14.0,0.0,1.0,13.0,A01
201500051045,0,7,0,0.0,1.0,7.0,1.0,A01
201500051046,0,10,0,0.0,2.0,4.0,23.0,B01
201500051046,0,34,0,0.0,2.0,1.0,2.0,A01
201500051047,0,7,0,0.0,2.0,2.0,16.0,A01
201500051047,0,7,0,0.0,2.0,3.0,7.0,B01
201500051048,0,7,0,0.0,1.0,2.0,1.0,A01
201500051049,0,32,0,0.0,0.0,1.0,1.0,A01
201500051050,0,1,0,1.0,0.0,2.0,7.0,A01
201500051051,0,7,0,0.0,2.0,2.0,15.0,A01
201500051051,0,31,0,0.0,2.0,1.0,1.0,B01
201500051052,0,7,0,0.0,2.0,5.0,1.0,B01
201500051052,0,1,0,0.0,2.0,6.0,13.0,A01
201500051053,0,7,0,1.0,2.0,3.0,9.0,A01
201500051053,0,30,0,0.0,2.0,1.0,1.0,B01
201500051054,0,30,0,0.0,2.0,8.0,1.0,A01
201500051054,1,7,0,0.0,2.0,8.0,1.0,Z01
201500051055,0,1,0,0.0,1.0,1.0,1.0,A01
201500051056,0,33,0,0.0,2.0,1.0,1.0,B01
201500051056,0,7,0,0.0,2.0,2.0,15.0,A01
201500051057,0,7,0,0.0,1.0,1.0,1.0,A01
201500051058,0,7,0,0.0,2.0,3.0,1.0,B01
201500051058,0,7,0,0.0,2.0,2.0,1.0,A01
201500051059,0,7,0,0.0,1.0,3.0,1.0,A01
201500051060,0,30,0,0.0,2.0,4.0,23.0,B01
201500051060,0,7,0,0.0,2.0,1.0,2.0,A01
201500051061,0,7,0,0.0,2.0,7.0,10.0,A01
201500051061,0,33,0,0.0,2.0,1.0,1.0,B01
201500051062,0,30,0,0.0,2.0,7.0,17.0,B01
201500051062,0,7,0,0.0,2.0,8.0,13.0,A01
201500051063,0,31,0,0.0,1.0,1.0,1.0,A01
201500051064,0,7,0,0.0,1.0,3.0,15.0,A01
201500051065,0,1,0,1.0,0.0,1.0,14.0,A01
201500051066,0,2,0,0.0,0.0,7.0,16.0,A01
201500051067,0,1,0,0.0,2.0,1.0,1.0,B01
201500051067,0,7,0,0.0,2.0,4.0,23.0,A01
201500051068,0,1,0,0.0,1.0,1.0,1.0,A01
201500051069,0,37,1,0.0,1.0,2.0,7.0,A01
201500051070,0,7,0,0.0,1.0,1.0,1.0,A01
201500051071,0,7,0,0.0,1.0,2.0,1.0,A01
201500051072,0,30,0,0.0,2.0,1.0,1.0,B01
201500051072,0,7,0,0.0,2.0,8.0,9.0,A01
201500051073,0,10,0,0.0,2.0,1.0,2.0,A01
201500051073,0,7,0,0.0,2.0,4.0,23.0,B01
201500051073,0,7,0,0.0,2.0,4.0,23.0,C01
201500051074,0,1,0,0.0,0.0,0.0,21.0,A01
201500051075,0,1,0,0.0,2.0,4.0,2.0,B01
201500051075,0,7,0,0.0,2.0,1.0,2.0,A01
201500051076,0,7,0,0.0,2.0,8.0,9.0,B01
201500051076,0,10,0,0.0,2.0,5.0,4.0,A01
201500051077,0,1,0,1.0,0.0,1.0,1.0,A01
201500051078,0,7,0,0.0,2.0,3.0,22.0,B01
201500051078,0,1,0,1.0,2.0,1.0,1.0,A01
201500051079,0,1,0,1.0,2.0,1.0,15.0,A01
201500051079,0,7,0,0.0,2.0,2.0,1.0,B01
201500051080,0,33,0,0.0,9.0,1.0,1.0,A01
201500051081,0,7,0,15.0,2.0,1.0,13.0,A01
201500051081,0,7,0,0.0,2.0,8.0,1.0,B01
201500051082,0,34,0,0.0,1.0,1.0,17.0,A01
201500051083,0,34,0,0.0,1.0,1.0,1.0,A01
201500051084,0,7,0,0.0,1.0,2.0,1.0,A01
201500051085,0,30,0,0.0,0.0,0.0,16.0,A01
201500051086,0,32,0,0.0,1.0,0.0,16.0,A01
201500051087,0,2,0,0.0,0.0,8.0,1.0,A01
201500051088,0,7,0,0.0,1.0,2.0,2.0,A01
201500051089,0,32,0,0.0,2.0,0.0,1.0,B01
201500051089,0,7,0,0.0,2.0,0.0,13.0,A01
201500051090,0,32,0,0.0,1.0,1.0,17.0,A01
201500051091,0,7,0,0.0,2.0,2.0,7.0,B01
201500051091,0,1,0,0.0,2.0,3.0,18.0,A01
201500051092,0,32,0,0.0,2.0,1.0,17.0,B01
201500051092,0,7,0,0.0,2.0,3.0,15.0,A01
201500051093,0,7,0,0.0,1.0,1.0,1.0,A01
201500051094,0,1,0,0.0,2.0,3.0,7.0,B01
201500051094,0,7,0,0.0,2.0,2.0,12.0,A01
201500051095,0,2,0,0.0,0.0,3.0,15.0,A01
201500051096,0,30,0,0.0,1.0,1.0,5.0,A01
201500051097,0,7,0,0.0,2.0,2.0,14.0,A01
201500051097,0,30,0,1.0,2.0,8.0,18.0,B01
201500051098,0,33,0,0.0,1.0,0.0,1.0,A01
201500051099,0,7,0,0.0,1.0,1.0,15.0,A01
201500051100,0,31,0,1.0,0.0,1.0,15.0,A01
201500051101,0,31,0,0.0,2.0,1.0,7.0,A01
201500051101,1,7,0,0.0,2.0,7.0,1.0,Z01
201500051102,0,14,0,0.0,2.0,3.0,22.0,A01
201500051102,0,1,0,0.0,2.0,7.0,7.0,B01
201500051103,0,7,0,0.0,2.0,4.0,2.0,C01
201500051103,0,7,0,0.0,2.0,1.0,2.0,A01
201500051103,0,7,0,0.0,2.0,4.0,2.0,B01
201500051104,0,2,0,0.0,2.0,1.0,18.0,A01
201500051104,0,7,0,0.0,2.0,2.0,20.0,B01
201500051105,0,7,0,0.0,2.0,2.0,12.0,A01
201500051105,0,7,0,2.0,2.0,3.0,7.0,B01
201500051106,0,7,0,0.0,1.0,1.0,15.0,A01
201500051107,0,7,0,0.0,2.0,7.0,16.0,A01
201500051107,0,33,0,9.0,2.0,1.0,1.0,B01
201500051108,0,33,0,0.0,2.0,0.0,1.0,B01
201500051108,0,7,0,0.0,2.0,3.0,10.0,A01
201500051109,0,1,0,0.0,2.0,3.0,1.0,A01
201500051109,0,7,0,0.0,2.0,3.0,1.0,B01
201500051110,0,33,0,0.0,2.0,7.0,2.0,B01
201500051110,0,10,0,0.0,2.0,1.0,2.0,A01
201500051111,0,7,0,0.0,2.0,3.0,16.0,A01
201500051111,0,1,0,0.0,2.0,1.0,7.0,B01
201500051112,0,30,0,0.0,1.0,1.0,1.0,A01
201500051113,0,10,0,0.0,2.0,5.0,16.0,B01
201500051113,0,1,0,0.0,2.0,2.0,7.0,A01
201500051114,0,31,0,0.0,2.0,8.0,5.0,A01
201500051114,0,33,0,0.0,2.0,1.0,15.0,B01
201500051115,0,7,0,0.0,2.0,1.0,1.0,A01
201500051115,0,7,0,0.0,2.0,3.0,1.0,B01
201500051116,0,7,0,0.0,2.0,3.0,15.0,A01
201500051116,0,31,0,0.0,2.0,2.0,17.0,B01
201500051117,0,1,0,0.0,2.0,3.0,7.0,B01
201500051117,0,38,0,0.0,2.0,2.0,16.0,A01
201500051118,0,34,0,0.0,1.0,1.0,1.0,A01
201500051119,0,7,0,0.0,1.0,0.0,4.0,A01
201500051120,0,3,0,0.0,2.0,6.0,1.0,A01
201500051120,0,33,0,0.0,2.0,6.0,23.0,B01
201500051121,0,1,0,0.0,1.0,0.0,1.0,A01
201500051122,0,33,0,0.0,2.0,8.0,16.0,B01
201500051122,0,2,0,0.0,2.0,0.0,7.0,A01
201500051123,0,34,0,0.0,2.0,4.0,23.0,B01
201500051123,0,7,0,0.0,2.0,1.0,2.0,A01
201500051124,0,2,0,0.0,2.0,3.0,18.0,A01
201500051124,0,10,0,0.0,2.0,0.0,16.0,B01
201500051125,0,1,0,0.0,2.0,7.0,1.0,A01
201500051125,1,7,0,0.0,2.0,0.0,14.0,Z01
201500051126,0,30,0,0.0,2.0,0.0,14.0,A01
201500051126,0,32,0,0.0,2.0,5.0,1.0,B01
201500051127,0,7,0,14.0,0.0,1.0,1.0,A01
201500051128,0,2,0,0.0,1.0,1.0,1.0,A01
201500051129,0,7,0,0.0,2.0,1.0,1.0,A01
201500051129,0,32,0,0.0,2.0,1.0,1.0,B01
201500051130,0,10,0,0.0,1.0,0.0,1.0,A01
201500051131,0,7,0,0.0,2.0,3.0,13.0,A01
201500051131,0,31,0,1.0,2.0,1.0,17.0,B01
201500051132,0,34,0,0.0,2.0,0.0,17.0,B01
201500051132,0,10,0,0.0,2.0,0.0,10.0,A01
201500051133,0,32,0,0.0,2.0,0.0,1.0,A01
201500051133,0,1,0,0.0,2.0,1.0,9.0,B01
201500051134,0,7,0,0.0,2.0,1.0,1.0,A01
201500051134,0,7,0,0.0,2.0,4.0,1.0,B01
201500051135,0,32,0,0.0,2.0,7.0,1.0,B01
201500051135,0,7,0,0.0,2.0,1.0,1.0,A01
201500051136,0,7,0,1.0,0.0,3.0,13.0,A01
201500051137,0,1,0,0.0,2.0,3.0,7.0,A01
201500051137,0,33,0,0.0,2.0,0.0,15.0,B01
201500051138,0,2,0,0.0,2.0,1.0,1.0,B01
201500051138,0,7,0,0.0,2.0,7.0,15.0,A01
201500051139,1,7,0,0.0,1.0,1.0,1.0,Z01
201500051140,0,33,0,0.0,2.0,4.0,23.0,B01
201500051140,0,7,0,14.0,2.0,2.0,1.0,A01
201500051141,0,31,0,12.0,0.0,7.0,14.0,A01
201500051142,0,30,0,0.0,0.0,3.0,1.0,A01
201500051143,0,7,0,0.0,2.0,3.0,15.0,A01
201500051143,0,2,0,1.0,2.0,2.0,17.0,B01
201500051144,0,10,0,0.0,2.0,4.0,23.0,B01
201500051144,0,2,0,0.0,2.0,1.0,2.0,A01
201500051145,0,1,0,0.0,2.0,3.0,13.0,A01
201500051145,0,1,0,0.0,2.0,1.0,17.0,B01
201500051146,0,30,0,0.0,1.0,0.0,1.0,A01
201500051147,1,7,0,0.0,1.0,8.0,1.0,Z01
201500051148,0,7,0,0.0,2.0,3.0,15.0,B01
201500051148,0,31,0,0.0,2.0,1.0,17.0,A01
201500051149,0,33,0,0.0,2.0,0.0,1.0,B01
201500051149,0,7,0,0.0,2.0,2.0,15.0,A01
201500051150,0,34,0,0.0,0.0,1.0,1.0,A01
201500051151,0,7,0,0.0,1.0,4.0,4.0,A01
201500051152,0,30,0,0.0,1.0,2.0,1.0,A01
201500051153,0,7,0,0.0,1.0,2.0,1.0,A01
201500051154,0,2,0,1.0,0.0,1.0,1.0,A01
201500051155,0,37,0,0.0,1.0,2.0,1.0,A01
201500051156,0,7,0,0.0,2.0,8.0,15.0,A01
201500051156,0,33,0,0.0,2.0,1.0,17.0,B01
201500051157,0,1,0,0.0,2.0,1.0,1.0,B01
201500051157,0,10,0,0.0,2.0,7.0,22.0,A01
201500051158,0,37,0,11.0,0.0,0.0,15.0,A01
201500051159,0,7,0,0.0,2.0,3.0,13.0,A01
201500051159,0,34,0,0.0,2.0,2.0,17.0,B01
201500051160,0,1,0,0.0,2.0,6.0,15.0,A01
201500051160,0,32,0,0.0,2.0,1.0,1.0,B01
201500051161,0,7,0,0.0,2.0,0.0,23.0,B01
201500051161,0,7,0,0.0,2.0,1.0,1.0,A01
201500051162,0,7,0,0.0,2.0,1.0,1.0,A01
201500051162,0,7,0,0.0,2.0,0.0,23.0,B01
201500051163,0,1,0,0.0,2.0,0.0,7.0,A01
201500051163,0,7,0,0.0,2.0,3.0,22.0,B01
201500051164,0,31,0,0.0,2.0,3.0,1.0,B01
201500051164,0,10,0,0.0,2.0,8.0,1.0,A01
201500051165,0,31,0,0.0,1.0,2.0,7.0,A01
201500051166,0,30,0,0.0,1.0,1.0,1.0,A01
201500051167,0,7,0,0.0,1.0,1.0,1.0,A01
201500051168,0,7,0,0.0,2.0,8.0,1.0,A01
201500051168,0,34,0,0.0,2.0,2.0,1.0,B01
201500051169,0,30,0,0.0,2.0,3.0,18.0,A01
201500051169,0,7,0,0.0,2.0,2.0,16.0,B01
201500051170,0,31,0,0.0,2.0,1.0,1.0,A01
201500051170,0,7,0,0.0,2.0,3.0,15.0,B01
201500051171,0,7,0,0.0,2.0,3.0,1.0,A01
201500051171,0,34,0,0.0,2.0,7.0,1.0,B01
201500051172,0,34,0,14.0,0.0,1.0,1.0,A01
201500051173,0,7,0,0.0,2.0,2.0,15.0,A01
201500051173,0,33,0,0.0,2.0,1.0,1.0,B01
201500051174,0,2,0,0.0,2.0,7.0,17.0,A01
201500051174,0,7,0,0.0,2.0,8.0,1.0,B01
201500051175,0,33,0,0.0,0.0,0.0,1.0,A01
201500051176,0,7,0,0.0,2.0,1.0,15.0,A01
201500051176,0,34,0,0.0,2.0,0.0,1.0,B01
201500051177,1,33,0,0.0,1.0,1.0,1.0,Z01
201500051178,0,33,0,0.0,0.0,0.0,1.0,A01
201500051179,0,2,0,0.0,1.0,1.0,1.0,A01
201500051180,0,32,0,0.0,2.0,0.0,1.0,B01
201500051180,0,1,0,0.0,2.0,0.0,15.0,A01
201500051181,0,1,0,1.0,2.0,2.0,21.0,A01
201500051181,0,10,0,1.0,2.0,3.0,22.0,B01
201500051182,0,33,0,0.0,2.0,4.0,23.0,B01
201500051182,0,7,0,0.0,2.0,1.0,1.0,A01
201500051183,0,31,0,7.0,0.0,3.0,1.0,A01
201500051184,0,7,0,0.0,1.0,4.0,4.0,A01
201500051185,0,7,0,0.0,2.0,3.0,15.0,A01
201500051185,0,33,0,0.0,2.0,7.0,1.0,B01
201500051186,0,7,0,0.0,1.0,1.0,1.0,A01
201500051187,0,7,0,0.0,2.0,3.0,1.0,B01
201500051187,0,7,0,0.0,2.0,7.0,1.0,A01
201500051188,0,7,0,0.0,2.0,0.0,15.0,A01
201500051188,0,31,0,0.0,2.0,0.0,1.0,B01
201500051189,0,7,0,0.0,2.0,6.0,15.0,B01
201500051189,0,31,0,0.0,2.0,2.0,2.0,A01
201500051190,0,1,0,0.0,2.0,1.0,17.0,A01
201500051190,1,10,0,0.0,2.0,3.0,15.0,Z01
201500051191,0,3,0,0.0,1.0,3.0,15.0,A01
201500051192,0,10,0,0.0,1.0,3.0,15.0,A01
201500051193,0,32,0,0.0,1.0,0.0,1.0,A01
201500051194,0,37,0,0.0,1.0,2.0,8.0,A01
201500051195,0,32,0,0.0,2.0,4.0,23.0,B01
201500051195,0,7,0,0.0,2.0,2.0,2.0,A01
201500051196,0,7,0,0.0,1.0,2.0,1.0,A01
201500051197,0,7,0,9.0,2.0,1.0,1.0,B01
201500051197,0,7,0,0.0,2.0,7.0,1.0,A01
201500051197,0,7,0,0.0,2.0,3.0,23.0,C01
201500051198,0,33,0,0.0,1.0,0.0,21.0,A01
201500051198,0,37,39,0.0,2.0,3.0,5.0,B01
201500051199,0,7,0,0.0,1.0,2.0,1.0,A01
201500051200,0,7,0,0.0,1.0,1.0,1.0,A01
201500051201,0,34,0,0.0,2.0,3.0,2.0,A01
201500051201,0,1,0,0.0,2.0,4.0,2.0,B01
201500051202,0,10,0,0.0,2.0,2.0,16.0,B01
201500051202,0,30,0,0.0,2.0,3.0,7.0,A01
201500051203,0,30,0,0.0,2.0,6.0,1.0,A01
201500051203,1,2,0,0.0,2.0,0.0,13.0,Z01
201500051204,0,7,0,0.0,1.0,3.0,15.0,A01
201500051205,0,34,0,0.0,1.0,1.0,1.0,A01
201500051206,0,7,0,0.0,2.0,4.0,23.0,B01
201500051206,0,7,0,0.0,2.0,1.0,1.0,A01
201500051207,0,2,0,0.0,0.0,0.0,1.0,A01
201500051208,0,10,0,0.0,1.0,3.0,15.0,A01
201500051209,0,7,0,0.0,1.0,2.0,1.0,A01
201500051210,0,7,0,0.0,2.0,6.0,1.0,A01
201500051210,0,33,0,0.0,2.0,7.0,1.0,B01
201500051211,0,1,0,0.0,2.0,1.0,5.0,A01
201500051211,0,7,0,0.0,2.0,3.0,1.0,B01
201500051212,0,7,0,0.0,2.0,1.0,16.0,B01
201500051212,0,7,0,0.0,2.0,2.0,1.0,A01
201500051213,0,34,0,0.0,2.0,3.0,18.0,B01
201500051213,0,7,0,0.0,2.0,5.0,16.0,A01
201500051214,0,7,0,0.0,1.0,2.0,1.0,A01
201500051215,0,1,0,0.0,1.0,8.0,7.0,A01
201500051216,1,10,0,0.0,2.0,4.0,23.0,Z01
201500051216,0,37,15,0.0,2.0,1.0,1.0,A01
201500051217,0,37,0,0.0,1.0,8.0,8.0,A01
201500051218,0,7,0,0.0,1.0,3.0,1.0,A01
201500051219,0,7,0,1.0,2.0,5.0,1.0,A01
201500051219,0,7,0,0.0,2.0,5.0,24.0,C01
201500051219,0,7,0,0.0,2.0,1.0,1.0,B01
201500051220,0,7,0,0.0,1.0,3.0,1.0,A01
201500051221,0,1,0,0.0,2.0,7.0,1.0,A01
201500051221,0,7,0,0.0,2.0,1.0,1.0,B01
201500051222,0,37,1,0.0,2.0,1.0,7.0,A01
201500051222,0,7,0,0.0,2.0,7.0,4.0,B01
201500051223,0,10,0,0.0,2.0,6.0,11.0,A01
201500051223,0,10,0,1.0,2.0,0.0,1.0,B01
201500051224,0,7,0,0.0,2.0,6.0,22.0,B01
201500051224,0,32,0,0.0,2.0,2.0,1.0,A01
201500051225,0,7,0,0.0,2.0,8.0,22.0,A01
201500051225,0,1,0,0.0,2.0,2.0,1.0,B01
201500051226,0,7,0,0.0,1.0,7.0,1.0,A01
201500051227,0,7,0,0.0,2.0,5.0,23.0,B01
201500051227,0,7,0,0.0,2.0,1.0,2.0,A01
201500051228,0,7,0,0.0,2.0,6.0,23.0,B01
201500051228,0,1,0,0.0,2.0,0.0,2.0,A01
201500051229,0,7,0,0.0,1.0,2.0,1.0,A01
201500051230,0,10,0,0.0,2.0,5.0,23.0,B01
201500051230,0,1,0,0.0,2.0,1.0,1.0,A01
201500051231,0,7,0,0.0,1.0,1.0,1.0,A01
201500051232,0,7,0,0.0,2.0,3.0,15.0,A01
201500051232,0,1,0,0.0,2.0,1.0,17.0,B01
201500051233,0,32,0,0.0,2.0,1.0,1.0,B01
201500051233,0,7,0,0.0,2.0,1.0,15.0,A01
201500051234,0,31,0,0.0,2.0,2.0,17.0,A01
201500051234,0,7,0,0.0,2.0,3.0,15.0,B01
201500051235,0,31,0,0.0,2.0,8.0,1.0,A01
201500051235,1,10,0,0.0,2.0,2.0,16.0,Z01
201500051236,0,7,0,8.0,0.0,1.0,15.0,A01
201500051237,0,7,0,0.0,2.0,2.0,22.0,B01
201500051237,0,31,0,1.0,2.0,7.0,18.0,A01
201500051238,0,7,0,0.0,2.0,7.0,17.0,A01
201500051238,0,1,0,0.0,2.0,8.0,13.0,B01
201500051239,0,7,0,0.0,2.0,1.0,15.0,A01
201500051239,0,30,0,0.0,2.0,6.0,1.0,B01
201500051240,0,37,0,0.0,1.0,2.0,7.0,A01
201500051241,0,32,0,0.0,0.0,2.0,1.0,A01
201500051242,0,2,0,14.0,0.0,3.0,1.0,A01
201500051243,0,7,0,0.0,2.0,2.0,1.0,A01
201500051243,0,7,0,0.0,2.0,1.0,1.0,B01
201500051244,0,1,0,0.0,1.0,1.0,1.0,A01
201500051245,0,32,0,0.0,0.0,0.0,1.0,A01
201500051246,0,1,0,0.0,2.0,8.0,23.0,B01
201500051246,0,7,0,0.0,2.0,2.0,1.0,A01
201500051247,0,7,0,0.0,2.0,0.0,15.0,A01
201500051247,0,33,0,0.0,2.0,0.0,1.0,B01
201500051248,0,7,0,0.0,2.0,2.0,1.0,A01
201500051248,0,31,0,0.0,2.0,1.0,1.0,B01
201500051249,0,7,0,0.0,1.0,1.0,18.0,A01
201500051250,0,7,0,0.0,2.0,3.0,15.0,B01
201500051250,0,30,0,0.0,2.0,1.0,1.0,A01
201500051251,0,7,0,0.0,1.0,5.0,4.0,A01