Num_Acc,senc,catv,occutc,obs,obsm,choc,manv,num_veh
201500051252,0,32,0,0.0,2.0,6.0,15.0,A01
201500051252,0,7,0,0.0,2.0,2.0,1.0,B01
201500051253,0,1,0,0.0,2.0,3.0,15.0,A01
201500051253,0,10,0,0.0,2.0,2.0,1.0,B01
201500051254,0,34,0,0.0,1.0,1.0,1.0,A01
201500051255,0,7,0,0.0,1.0,1.0,1.0,A01
201500051256,0,7,0,0.0,2.0,4.0,1.0,B01
201500051256,0,30,0,0.0,2.0,1.0,21.0,A01
201500051257,0,7,0,1.0,0.0,1.0,1.0,A01
201500051258,0,7,0,0.0,2.0,4.0,1.0,B01
201500051258,0,10,0,0.0,2.0,2.0,12.0,A01
201500051259,0,10,0,0.0,2.0,8.0,10.0,A01
201500051259,0,7,0,0.0,2.0,7.0,7.0,B01
201500051260,0,33,0,0.0,2.0,7.0,17.0,A01
201500051260,0,7,0,0.0,2.0,0.0,15.0,B01
201500051261,0,34,0,0.0,1.0,1.0,1.0,A01
201500051262,0,34,0,0.0,2.0,1.0,1.0,A01
201500051262,0,7,0,0.0,2.0,5.0,23.0,B01
201500051263,0,7,0,0.0,2.0,3.0,16.0,A01
201500051263,0,1,0,0.0,2.0,4.0,1.0,B01
201500051264,0,7,0,0.0,1.0,2.0,1.0,A01
201500051265,0,7,0,0.0,2.0,2.0,1.0,A01
201500051265,0,7,0,0.0,2.0,3.0,1.0,B01
201500051266,0,7,0,0.0,1.0,2.0,1.0,A01
201500051267,0,7,0,0.0,2.0,4.0,2.0,A01
201500051267,0,31,0,0.0,2.0,4.0,2.0,B01
201500051268,0,7,0,0.0,1.0,1.0,15.0,A01
201500051269,0,30,0,0.0,0.0,2.0,1.0,A01
201500051270,0,1,0,0.0,1.0,1.0,7.0,A01
201500051271,0,1,0,0.0,1.0,1.0,7.0,A01
201500051272,0,7,0,0.0,1.0,1.0,1.0,A01
201500051273,0,7,0,8.0,1.0,1.0,16.0,A01
201500051274,0,37,0,0.0,1.0,1.0,1.0,A01
201500051275,0,1,0,0.0,1.0,1.0,1.0,A01
201500051276,0,1,0,0.0,0.0,0.0,1.0,A01
201500051277,0,2,0,0.0,0.0,1.0,15.0,A01
201500051278,0,1,0,0.0,2.0,0.0,1.0,B01
201500051278,0,7,0,0.0,2.0,3.0,1.0,A01
201500051279,0,31,0,14.0,0.0,8.0,13.0,A01
201500051280,0,7,0,0.0,2.0,1.0,1.0,A01
201500051280,0,1,0,0.0,2.0,5.0,15.0,B01
201500051281,0,37,0,0.0,1.0,2.0,7.0,A01
201500051282,0,30,0,0.0,2.0,4.0,23.0,B01
201500051282,0,7,0,0.0,2.0,1.0,2.0,A01
201500051283,0,7,0,0.0,2.0,2.0,1.0,A01
201500051283,1,34,0,0.0,2.0,5.0,1.0,Z01
201500051284,0,38,0,0.0,2.0,0.0,16.0,A01
201500051284,0,1,0,0.0,2.0,8.0,7.0,B01
201500051285,0,37,0,0.0,2.0,1.0,1.0,B01
201500051285,0,10,0,0.0,1.0,1.0,1.0,A01
201500051285,0,10,0,0.0,2.0,1.0,1.0,C01
201500051286,0,1,0,1.0,2.0,1.0,1.0,B01
201500051286,0,7,0,0.0,2.0,8.0,22.0,A01
201500051287,0,30,0,0.0,2.0,1.0,1.0,A01
201500051287,1,7,0,0.0,2.0,0.0,1.0,B01
201500051288,0,31,0,0.0,0.0,0.0,1.0,A01
201500051289,0,7,0,0.0,2.0,3.0,22.0,A01
201500051289,0,1,0,0.0,2.0,0.0,1.0,B01
201500051289,0,7,0,0.0,2.0,0.0,1.0,C01
201500051290,0,7,0,0.0,1.0,4.0,4.0,A01
201500051291,0,10,0,0.0,1.0,3.0,15.0,A01
201500051292,0,37,0,0.0,1.0,5.0,8.0,A01
201500051293,0,7,0,0.0,2.0,2.0,15.0,A01
201500051293,0,31,0,0.0,2.0,8.0,1.0,B01
201500051294,0,2,0,0.0,2.0,8.0,1.0,A01
201500051294,1,7,0,0.0,2.0,0.0,17.0,Z01
201500051295,0,37,0,0.0,1.0,2.0,7.0,A01
201500051296,0,30,0,0.0,2.0,0.0,17.0,B01
201500051296,0,7,0,0.0,2.0,6.0,15.0,A01
201500051297,0,7,0,0.0,1.0,1.0,17.0,A01
201500051298,0,7,0,0.0,2.0,2.0,16.0,A01
201500051298,0,1,0,0.0,2.0,8.0,1.0,B01
201500051299,0,7,0,0.0,2.0,1.0,2.0,A01
201500051299,0,33,0,0.0,2.0,4.0,23.0,B01
201500051300,0,7,0,0.0,2.0,5.0,4.0,A01
201500051300,0,34,0,0.0,2.0,4.0,23.0,B01
201500051301,1,7,0,0.0,2.0,3.0,1.0,Z01
201500051301,0,7,0,14.0,2.0,3.0,1.0,A01
201500051302,0,7,0,0.0,2.0,2.0,1.0,B01
201500051302,0,10,0,0.0,2.0,8.0,1.0,A01
201500051303,0,37,0,0.0,2.0,3.0,15.0,B01
201500051303,0,33,0,0.0,2.0,2.0,17.0,A01
201500051304,0,10,0,0.0,1.0,2.0,17.0,A01
201500051305,0,33,0,0.0,0.0,7.0,1.0,A01
201500051306,1,7,0,0.0,2.0,1.0,2.0,Z01
201500051306,0,33,0,0.0,2.0,4.0,2.0,A01
201500051307,0,30,0,0.0,1.0,2.0,17.0,A01
201500051308,0,32,0,0.0,1.0,1.0,1.0,A01
201500051309,0,7,0,0.0,2.0,2.0,2.0,A01
201500051309,0,33,0,0.0,2.0,6.0,2.0,B01
201500051310,0,30,0,0.0,2.0,8.0,18.0,B01
201500051310,0,7,0,0.0,2.0,2.0,16.0,A01
201500051311,0,33,0,0.0,0.0,7.0,21.0,A01
201500051312,0,7,0,0.0,2.0,1.0,2.0,A01
201500051312,0,7,0,0.0,2.0,4.0,23.0,B01
201500051312,0,7,0,0.0,2.0,0.0,23.0,C01
201500051313,1,2,0,0.0,1.0,0.0,1.0,Z01
201500051314,0,7,0,0.0,2.0,6.0,2.0,C01
201500051314,0,7,0,0.0,2.0,4.0,2.0,A01
201500051314,0,7,0,0.0,2.0,5.0,2.0,B01
201500051315,0,7,0,0.0,1.0,0.0,16.0,A01
201500051316,0,31,0,0.0,1.0,1.0,1.0,A01
201500051317,0,7,0,0.0,0.0,0.0,0.0,B01
201500051317,0,2,0,0.0,2.0,6.0,20.0,A01
201500051318,0,32,0,0.0,2.0,8.0,16.0,A01
201500051318,0,7,0,0.0,2.0,7.0,16.0,B01
201500051319,0,34,0,0.0,1.0,1.0,3.0,A01
201500051320,0,31,0,0.0,0.0,0.0,1.0,A01
201500051321,0,1,0,0.0,2.0,3.0,13.0,A01
201500051321,0,37,0,0.0,2.0,2.0,7.0,B01
201500051322,0,1,0,0.0,2.0,8.0,1.0,A01
201500051322,1,7,0,0.0,2.0,0.0,22.0,Z01
201500051323,0,7,0,0.0,1.0,6.0,4.0,A01
201500051324,0,37,0,0.0,1.0,2.0,7.0,A01
201500051325,0,30,0,0.0,1.0,1.0,17.0,A01
201500051326,1,7,0,0.0,1.0,0.0,7.0,Z01
201500051327,0,1,0,0.0,1.0,1.0,1.0,A01
201500051328,0,1,0,0.0,2.0,8.0,1.0,B01
201500051328,0,7,0,0.0,2.0,1.0,15.0,A01
201500051329,0,32,0,15.0,0.0,1.0,21.0,A01
201500051330,0,37,0,0.0,1.0,8.0,1.0,A01
201500051331,0,30,0,0.0,2.0,1.0,2.0,A01
201500051331,0,7,0,0.0,2.0,5.0,23.0,B01
201500051332,0,31,0,0.0,2.0,7.0,1.0,A01
201500051332,0,7,0,0.0,2.0,2.0,1.0,B01
201500051333,0,10,0,0.0,2.0,3.0,24.0,A01
201500051333,0,1,0,1.0,2.0,2.0,7.0,B01
201500051334,0,31,0,0.0,1.0,1.0,1.0,A01
201500051335,0,7,0,0.0,2.0,1.0,0.0,A01
201500051335,0,7,0,0.0,2.0,2.0,0.0,B01
201500051336,0,1,0,0.0,1.0,3.0,1.0,A01
201500051337,0,33,0,0.0,0.0,0.0,1.0,A01
201500051338,0,7,0,0.0,1.0,1.0,1.0,A01
201500051339,0,1,0,0.0,2.0,2.0,5.0,A01
201500051339,0,7,0,0.0,2.0,2.0,15.0,B01
201500051340,0,2,0,0.0,2.0,8.0,1.0,B01
201500051340,0,7,0,0.0,2.0,1.0,10.0,A01
201500051341,0,7,0,0.0,1.0,7.0,7.0,A01
201500051342,0,1,0,0.0,1.0,1.0,1.0,A01
201500051343,0,7,0,0.0,2.0,3.0,22.0,A01
201500051343,0,1,0,0.0,2.0,0.0,7.0,B01
201500051344,0,30,0,0.0,2.0,3.0,18.0,B01
201500051344,0,7,0,0.0,2.0,2.0,12.0,A01
201500051345,0,32,0,0.0,2.0,0.0,1.0,B01
201500051345,0,7,0,0.0,2.0,3.0,15.0,A01
201500051346,0,7,0,0.0,2.0,0.0,23.0,B01
201500051346,0,32,0,1.0,2.0,6.0,2.0,A01
201500051347,0,7,0,0.0,2.0,3.0,15.0,A01
201500051347,0,33,0,0.0,2.0,0.0,1.0,B01
201500051348,0,32,0,12.0,0.0,7.0,14.0,A01
201500051349,0,7,0,0.0,2.0,0.0,1.0,C01
201500051349,0,7,0,1.0,2.0,3.0,22.0,A01
201500051349,0,1,0,0.0,2.0,0.0,1.0,B01
201500051350,0,31,0,0.0,1.0,2.0,1.0,A01
201500051351,0,37,0,0.0,1.0,2.0,8.0,A01
201500051352,1,7,0,0.0,2.0,0.0,15.0,Z01
201500051352,0,2,0,0.0,2.0,5.0,17.0,A01
201500051353,0,7,0,6.0,0.0,1.0,1.0,A01
201500051354,0,7,0,0.0,2.0,7.0,16.0,A01
201500051354,0,1,0,0.0,2.0,3.0,1.0,B01
201500051355,0,33,0,1.0,0.0,0.0,1.0,A01
201500051356,0,7,0,0.0,2.0,2.0,1.0,A01
201500051356,0,7,0,0.0,2.0,6.0,1.0,B01
201500051357,0,7,0,0.0,1.0,7.0,1.0,A01
201500051358,0,3,0,0.0,2.0,0.0,2.0,A01
201500051358,0,33,0,0.0,2.0,4.0,2.0,B01
201500051359,0,7,0,0.0,1.0,0.0,1.0,A01
201500051360,0,7,0,0.0,2.0,5.0,15.0,A01
201500051360,0,30,0,0.0,2.0,1.0,1.0,B01
201500051361,0,30,0,0.0,2.0,1.0,1.0,B01
201500051361,0,7,0,0.0,2.0,1.0,15.0,A01
201500051362,0,34,0,0.0,2.0,2.0,17.0,A01
201500051362,0,30,0,0.0,2.0,6.0,15.0,B01
201500051363,0,7,0,0.0,2.0,6.0,24.0,C01
201500051363,0,10,0,0.0,2.0,5.0,23.0,B01
201500051363,0,33,0,0.0,2.0,1.0,1.0,A01
201500051364,0,7,0,8.0,0.0,1.0,1.0,A01
201500051365,0,7,0,0.0,2.0,5.0,14.0,A01
201500051365,0,3,0,12.0,1.0,3.0,16.0,B01
201500051366,0,31,0,0.0,1.0,1.0,1.0,A01
201500051367,0,10,0,0.0,1.0,1.0,1.0,A01
201500051368,0,30,0,0.0,0.0,0.0,16.0,A01
201500051369,0,30,0,0.0,0.0,0.0,21.0,A01
201500051370,0,30,0,12.0,0.0,0.0,14.0,A01
201500051371,0,14,0,0.0,2.0,2.0,9.0,A01
201500051371,0,32,0,0.0,2.0,3.0,1.0,B01
201500051372,0,7,0,0.0,1.0,1.0,15.0,A01
201500051373,0,31,0,0.0,2.0,7.0,1.0,B01
201500051373,0,7,0,0.0,2.0,8.0,10.0,A01
201500051374,0,13,0,0.0,2.0,3.0,15.0,A01
201500051374,0,33,0,0.0,2.0,2.0,1.0,B01
201500051375,0,7,0,0.0,1.0,6.0,20.0,A01
201500051376,0,1,0,0.0,2.0,3.0,1.0,B01
201500051376,0,7,0,0.0,2.0,2.0,16.0,A01
201500051377,0,32,0,11.0,0.0,1.0,1.0,A01
201500051378,0,7,0,0.0,2.0,1.0,2.0,A01
201500051378,0,30,0,0.0,2.0,4.0,2.0,B01
201500051379,0,7,0,14.0,0.0,3.0,1.0,A01
201500051380,0,1,0,0.0,1.0,1.0,1.0,A01
201500051381,0,33,0,0.0,2.0,2.0,1.0,A01
201500051381,1,7,0,0.0,2.0,2.0,13.0,Z01
201500051382,0,10,0,0.0,2.0,2.0,14.0,A01
201500051382,0,1,0,0.0,2.0,3.0,1.0,B01
201500051383,0,10,0,0.0,1.0,4.0,4.0,A01
201500051384,0,1,0,0.0,1.0,4.0,15.0,A01
201500051385,0,30,0,0.0,0.0,0.0,1.0,A01
201500051386,0,10,0,0.0,2.0,7.0,1.0,B01
201500051386,0,2,0,0.0,2.0,8.0,13.0,A01
201500051387,0,33,0,0.0,2.0,1.0,21.0,A01
201500051388,0,34,0,0.0,1.0,1.0,1.0,A01
201500051389,0,7,0,0.0,2.0,3.0,15.0,B01
201500051389,0,31,0,1.0,2.0,1.0,8.0,A01
201500051390,0,7,0,0.0,1.0,2.0,15.0,A01
201500051391,0,7,0,0.0,2.0,8.0,1.0,A01
201500051391,0,7,0,0.0,2.0,7.0,1.0,B01
201500051392,0,31,0,0.0,0.0,0.0,1.0,A01
201500051393,0,30,0,0.0,1.0,0.0,5.0,A01
201500051394,0,7,0,0.0,2.0,2.0,15.0,A01
201500051394,0,1,0,0.0,2.0,7.0,1.0,B01
201500051395,0,7,0,0.0,2.0,8.0,22.0,A01
201500051395,0,1,0,0.0,2.0,7.0,1.0,B01
201500051396,0,1,0,0.0,2.0,1.0,14.0,A01
201500051396,0,7,0,0.0,2.0,4.0,23.0,B01
201500051397,0,1,0,0.0,2.0,1.0,1.0,B01
201500051397,0,7,0,0.0,2.0,7.0,22.0,A01
201500051398,0,30,0,12.0,0.0,3.0,13.0,A01
201500051399,0,7,0,0.0,2.0,6.0,23.0,B01
201500051399,0,7,0,0.0,2.0,5.0,23.0,C01
201500051399,0,30,0,14.0,2.0,1.0,3.0,A01
201500051400,0,32,0,0.0,1.0,1.0,1.0,A01
201500051401,0,33,0,0.0,2.0,7.0,17.0,A01
201500051401,0,7,0,0.0,2.0,3.0,13.0,B01
201500051402,0,32,0,0.0,2.0,8.0,1.0,A01
201500051402,1,7,0,0.0,2.0,0.0,1.0,B01
201500051403,0,7,0,8.0,1.0,2.0,15.0,A01
201500051404,0,7,0,0.0,2.0,2.0,1.0,A01
201500051404,0,32,0,0.0,2.0,1.0,1.0,B01
201500051405,0,32,0,0.0,2.0,2.0,15.0,A01
201500051405,0,7,0,0.0,2.0,3.0,8.0,B01
201500051406,0,32,0,0.0,0.0,0.0,21.0,A01
201500051407,0,1,0,12.0,2.0,8.0,18.0,B01
201500051407,0,7,0,0.0,2.0,2.0,22.0,A01
201500051408,0,7,0,0.0,2.0,1.0,14.0,A01
201500051408,0,7,0,0.0,2.0,1.0,23.0,B01
201500051408,0,7,0,0.0,2.0,3.0,23.0,C01
201500051409,0,33,0,0.0,2.0,1.0,1.0,B01
201500051409,0,1,0,0.0,2.0,4.0,1.0,A01
201500051410,0,33,0,11.0,0.0,8.0,17.0,A01
201500051411,0,2,0,14.0,0.0,1.0,13.0,A01
201500051412,0,1,0,0.0,2.0,1.0,1.0,B01
201500051412,0,10,0,0.0,2.0,8.0,22.0,A01
201500051413,0,7,0,0.0,1.0,1.0,15.0,A01
201500051414,0,7,0,8.0,0.0,3.0,15.0,A01
201500051415,0,7,0,0.0,1.0,5.0,20.0,A01
201500051416,0,33,0,0.0,2.0,0.0,23.0,B01
201500051416,0,30,0,0.0,1.0,0.0,16.0,A01
201500051417,0,7,0,0.0,1.0,0.0,1.0,A01
201500051418,0,7,0,0.0,2.0,5.0,14.0,B01
201500051418,0,31,0,0.0,2.0,3.0,7.0,A01
201500051419,0,33,0,0.0,2.0,7.0,2.0,A01
201500051419,0,31,0,0.0,2.0,4.0,16.0,B01
201500051420,0,7,0,9.0,0.0,1.0,1.0,A01
201500051421,0,7,0,0.0,1.0,1.0,15.0,A01
201500051422,0,2,0,0.0,2.0,8.0,14.0,B01
201500051422,0,38,1,0.0,2.0,5.0,1.0,A01
201500051423,0,7,0,0.0,2.0,2.0,13.0,A01
201500051423,0,33,0,0.0,2.0,1.0,1.0,B01
201500051424,0,10,0,0.0,1.0,4.0,4.0,A01
201500051425,0,34,0,0.0,0.0,8.0,1.0,A01
201500051426,0,7,0,0.0,2.0,2.0,9.0,A01
201500051426,0,34,0,0.0,2.0,6.0,1.0,B01
201500051427,0,32,0,0.0,1.0,1.0,1.0,A01
201500051428,0,30,0,0.0,0.0,0.0,15.0,A01
201500051429,0,1,0,0.0,2.0,8.0,15.0,A01
201500051429,0,34,0,0.0,2.0,2.0,17.0,B01
201500051430,0,7,0,0.0,2.0,1.0,1.0,A01
201500051430,0,7,0,0.0,2.0,4.0,20.0,B01
201500051431,0,37,0,0.0,2.0,1.0,1.0,A01
201500051431,0,7,0,0.0,2.0,5.0,23.0,B01
201500051432,0,32,0,0.0,2.0,3.0,1.0,A01
201500051432,0,7,0,0.0,2.0,2.0,15.0,B01
201500051433,0,1,0,0.0,2.0,1.0,1.0,B01
201500051433,0,7,0,0.0,2.0,3.0,22.0,A01
201500051434,0,7,0,0.0,2.0,5.0,15.0,A01
201500051434,0,33,0,0.0,2.0,1.0,1.0,B01
201500051435,0,7,0,0.0,1.0,2.0,7.0,A01
201500051436,0,7,0,0.0,2.0,7.0,10.0,A01
201500051436,0,32,0,0.0,2.0,1.0,7.0,B01
201500051437,0,7,0,15.0,1.0,4.0,4.0,A01
201500051438,0,1,0,0.0,1.0,1.0,1.0,A01
201500051439,0,2,0,0.0,2.0,8.0,13.0,A01
201500051439,0,33,0,0.0,2.0,7.0,1.0,B01
201500051440,0,34,0,0.0,2.0,7.0,17.0,A01
201500051440,0,7,0,0.0,2.0,8.0,1.0,B01
201500051441,0,32,0,0.0,2.0,2.0,17.0,B01
201500051441,0,7,0,0.0,2.0,3.0,15.0,A01
201500051442,0,10,0,12.0,1.0,2.0,1.0,A01
201500051443,0,7,0,0.0,2.0,3.0,10.0,A01
201500051443,0,33,0,0.0,2.0,5.0,1.0,B01
201500051444,0,2,0,0.0,1.0,2.0,1.0,A01
201500051445,0,10,0,0.0,1.0,6.0,4.0,A01
201500051446,0,10,0,0.0,1.0,3.0,16.0,A01
201500051447,0,34,0,0.0,2.0,4.0,23.0,B01
201500051447,0,7,0,0.0,2.0,1.0,2.0,A01
201500051448,0,7,0,0.0,2.0,1.0,15.0,A01
201500051448,0,33,0,0.0,2.0,8.0,1.0,B01
201500051449,0,33,0,0.0,2.0,1.0,1.0,B01
201500051449,0,1,0,0.0,2.0,1.0,1.0,A01
201500051450,0,30,0,0.0,2.0,1.0,7.0,A01
201500051450,0,7,0,0.0,2.0,2.0,16.0,B01
201500051451,0,10,0,0.0,2.0,7.0,16.0,A01
201500051451,0,33,0,0.0,2.0,8.0,1.0,B01
201500051452,0,7,0,11.0,0.0,3.0,13.0,A01
201500051453,0,2,0,0.0,2.0,2.0,17.0,A01
201500051453,1,10,0,0.0,2.0,6.0,13.0,Z01
201500051454,0,33,0,0.0,0.0,0.0,21.0,A01
201500051455,0,3,0,14.0,0.0,0.0,13.0,A01
201500051456,0,30,0,0.0,0.0,7.0,1.0,A01
201500051457,0,33,0,0.0,0.0,3.0,16.0,A01
201500051458,0,30,0,12.0,0.0,8.0,13.0,A01
201500051459,0,7,0,0.0,2.0,8.0,15.0,A01
201500051459,0,30,0,0.0,2.0,1.0,17.0,B01
201500051460,0,2,0,14.0,9.0,1.0,7.0,A01
201500051461,0,1,0,0.0,1.0,1.0,1.0,A01
201500051462,0,7,0,0.0,2.0,8.0,22.0,A01
201500051462,0,1,0,0.0,2.0,0.0,1.0,B01
201500051463,0,7,0,0.0,2.0,4.0,23.0,B01
201500051463,1,7,0,0.0,2.0,0.0,2.0,Z01
201500051463,0,10,0,0.0,2.0,4.0,23.0,A01
201500051464,0,31,0,0.0,2.0,3.0,1.0,A01
201500051464,0,1,0,0.0,2.0,0.0,14.0,B01
201500051465,0,32,0,12.0,0.0,1.0,1.0,A01
201500051466,0,37,0,0.0,1.0,2.0,1.0,A01
201500051467,0,1,0,0.0,2.0,6.0,23.0,B01
201500051467,0,7,0,0.0,2.0,3.0,2.0,A01
201500051468,0,31,0,0.0,2.0,7.0,1.0,A01
201500051468,0,7,0,0.0,2.0,1.0,1.0,B01
201500051469,0,31,0,0.0,2.0,1.0,2.0,A01
201500051469,0,7,0,0.0,2.0,6.0,2.0,B01
201500051470,0,7,0,0.0,2.0,4.0,23.0,B01
201500051470,0,10,0,0.0,2.0,1.0,1.0,A01
201500051471,0,7,0,0.0,2.0,0.0,1.0,A01
201500051471,0,32,0,0.0,2.0,0.0,15.0,B01
201500051472,0,1,0,0.0,1.0,0.0,0.0,A01
201500051473,0,7,0,0.0,1.0,2.0,1.0,A01
201500051474,0,7,0,0.0,1.0,5.0,4.0,A01
201500051475,0,34,0,0.0,2.0,2.0,7.0,A01
201500051475,0,10,0,0.0,2.0,3.0,15.0,B01
201500051476,0,30,0,0.0,0.0,0.0,1.0,A01
201500051477,0,2,0,11.0,2.0,0.0,1.0,B01
201500051477,0,7,0,0.0,2.0,0.0,13.0,A01
201500051478,0,7,0,0.0,2.0,0.0,23.0,B01
201500051478,0,34,0,0.0,2.0,1.0,1.0,A01
201500051479,0,1,0,1.0,0.0,1.0,1.0,A01
201500051480,0,30,0,0.0,0.0,0.0,1.0,A01
201500051481,0,30,0,0.0,1.0,1.0,1.0,A01
201500051482,0,37,0,0.0,1.0,2.0,7.0,A01
201500051483,0,34,0,0.0,1.0,3.0,1.0,A01
201500051484,0,30,0,0.0,0.0,0.0,1.0,A01
201500051485,0,32,0,0.0,2.0,2.0,17.0,A01
201500051485,0,7,0,0.0,2.0,3.0,13.0,B01
201500051486,0,10,0,0.0,1.0,4.0,4.0,A01
201500051487,0,7,0,0.0,2.0,1.0,1.0,A01
201500051487,0,7,0,0.0,2.0,4.0,23.0,B01
201500051488,0,1,0,0.0,2.0,1.0,19.0,A01
201500051488,0,7,0,0.0,2.0,3.0,1.0,B01
201500051489,0,34,0,0.0,2.0,7.0,15.0,A01
201500051489,0,30,0,0.0,2.0,1.0,1.0,B01
201500051490,0,1,0,0.0,0.0,0.0,1.0,A01
201500051491,0,1,0,0.0,2.0,2.0,19.0,B01
201500051491,0,7,0,0.0,2.0,2.0,1.0,A01
201500051492,0,2,0,0.0,2.0,1.0,2.0,A01
201500051492,0,7,0,0.0,2.0,6.0,2.0,B01
201500051493,0,7,0,0.0,2.0,4.0,23.0,C01
201500051493,0,7,0,0.0,2.0,4.0,23.0,B01
201500051493,0,7,0,0.0,2.0,1.0,1.0,A01
201500051494,0,33,0,0.0,2.0,1.0,2.0,A01
201500051494,0,37,0,0.0,2.0,0.0,15.0,C01
201500051494,0,7,0,0.0,2.0,5.0,23.0,B01
201500051495,0,1,0,0.0,2.0,1.0,1.0,B01
201500051495,0,10,0,0.0,2.0,3.0,22.0,A01
201500051496,0,33,0,0.0,2.0,3.0,1.0,B01
201500051496,0,7,0,0.0,2.0,2.0,16.0,A01
201500051497,0,32,0,0.0,2.0,7.0,17.0,A01
201500051497,0,7,0,0.0,2.0,3.0,15.0,B01
201500051498,0,7,0,0.0,2.0,2.0,1.0,A01
201500051498,0,33,0,0.0,2.0,3.0,15.0,B01
201500051499,0,7,0,0.0,1.0,2.0,16.0,A01
201500051500,0,7,0,0.0,1.0,5.0,1.0,A01
201500051501,0,1,0,0.0,2.0,0.0,7.0,A01
201500051501,0,7,0,0.0,9.0,2.0,1.0,B01
201500051502,0,7,0,0.0,2.0,8.0,1.0,B01
201500051502,0,7,0,0.0,2.0,1.0,15.0,A01
201500051503,0,7,0,0.0,2.0,6.0,15.0,B01
201500051503,0,2,0,0.0,2.0,6.0,1.0,A01
201500051504,0,7,0,0.0,1.0,1.0,15.0,A01
201500051505,0,7,0,0.0,2.0,3.0,15.0,A01
201500051505,0,2,0,0.0,2.0,4.0,1.0,B01
201500051506,0,31,0,0.0,9.0,0.0,1.0,A01
201500051507,0,34,0,0.0,0.0,5.0,13.0,A01
201500051508,0,32,0,0.0,0.0,0.0,21.0,A01
201500051509,0,7,0,0.0,2.0,2.0,15.0,A01
201500051509,0,31,0,0.0,2.0,0.0,1.0,B01
201500051510,0,7,0,0.0,2.0,2.0,5.0,A01
201500051510,0,7,0,0.0,2.0,3.0,23.0,B01
201500051511,0,10,0,0.0,2.0,2.0,15.0,A01
201500051511,0,7,0,0.0,2.0,1.0,7.0,B01
201500051512,0,32,0,0.0,2.0,6.0,23.0,B01
201500051512,0,7,0,0.0,2.0,0.0,2.0,A01
201500051513,0,30,0,11.0,0.0,0.0,13.0,A01
201500051514,0,32,0,0.0,2.0,4.0,23.0,B01
201500051514,0,38,0,0.0,2.0,1.0,1.0,A01
201500051515,0,32,0,0.0,0.0,0.0,9.0,A01
201500051516,0,7,0,0.0,1.0,3.0,15.0,A01
201500051517,1,31,0,0.0,2.0,2.0,1.0,Z01
201500051517,0,31,0,0.0,2.0,6.0,15.0,A01
201500051518,0,1,0,0.0,2.0,3.0,7.0,B01
201500051518,0,7,0,0.0,2.0,2.0,16.0,A01
201500051519,0,2,0,0.0,2.0,8.0,1.0,A01
201500051519,0,10,0,0.0,2.0,0.0,14.0,B01
201500051520,1,2,0,0.0,2.0,0.0,2.0,Z01
201500051520,0,30,0,0.0,2.0,0.0,2.0,A01
201500051521,0,1,0,0.0,0.0,0.0,1.0,A01
201500051522,0,32,0,0.0,2.0,8.0,7.0,A01
201500051522,0,7,0,0.0,2.0,2.0,16.0,B01
201500051523,0,7,0,0.0,2.0,4.0,23.0,A01
201500051523,0,10,0,0.0,2.0,1.0,1.0,B01
201500051524,0,32,0,0.0,0.0,8.0,21.0,A01
201500051525,0,1,0,0.0,2.0,1.0,1.0,B01
201500051525,0,7,0,0.0,2.0,5.0,10.0,A01
201500051526,0,13,0,0.0,2.0,7.0,1.0,B01
201500051526,0,33,0,14.0,2.0,7.0,3.0,A01
201500051527,0,31,0,0.0,2.0,5.0,17.0,B01
201500051527,0,7,0,0.0,2.0,3.0,15.0,A01
201500051528,0,1,0,0.0,2.0,8.0,2.0,B01
201500051528,0,10,0,0.0,2.0,7.0,2.0,A01
201500051529,0,33,0,1.0,2.0,1.0,1.0,B01
201500051529,0,10,0,0.0,2.0,8.0,9.0,A01
201500051530,1,7,0,0.0,1.0,3.0,1.0,Z01
201500051531,0,7,0,0.0,1.0,3.0,1.0,A01
201500051532,0,7,0,0.0,1.0,1.0,1.0,A01
201500051533,0,32,0,0.0,0.0,8.0,1.0,A01
201500051534,0,31,0,0.0,2.0,1.0,1.0,A01
201500051534,0,7,0,0.0,2.0,2.0,1.0,B01
201500051535,0,7,0,0.0,2.0,6.0,2.0,B01
201500051535,0,7,0,0.0,2.0,4.0,2.0,C01
201500051535,0,10,0,0.0,2.0,1.0,2.0,A01
201500051536,0,7,0,0.0,2.0,1.0,1.0,A01
201500051536,0,7,0,0.0,2.0,4.0,23.0,B01
201500051537,0,32,0,0.0,2.0,1.0,1.0,A01
201500051537,0,7,0,0.0,2.0,3.0,1.0,B01
201500051538,0,34,0,0.0,2.0,2.0,1.0,A01
201500051538,0,7,0,0.0,2.0,6.0,1.0,B01
201500051539,0,7,0,0.0,2.0,8.0,16.0,B01
201500051539,0,7,0,0.0,2.0,1.0,1.0,A01
201500051540,0,7,0,0.0,2.0,7.0,22.0,A01
201500051540,0,32,0,0.0,2.0,0.0,1.0,B01
201500051541,0,7,0,0.0,2.0,2.0,11.0,A01
201500051541,0,7,0,0.0,2.0,3.0,16.0,B01
201500051542,0,30,0,0.0,0.0,8.0,1.0,A01
201500051543,0,7,0,9.0,0.0,1.0,1.0,A01