Num_Acc,senc,catv,occutc,obs,obsm,choc,manv,num_veh
201500051544,0,7,0,0.0,2.0,2.0,15.0,A01
201500051544,0,33,0,0.0,2.0,1.0,1.0,B01
201500051545,0,7,0,0.0,1.0,0.0,1.0,A01
201500051546,1,7,0,0.0,1.0,0.0,1.0,Z01
201500051547,0,31,0,0.0,0.0,0.0,1.0,A01
201500051548,1,10,0,0.0,1.0,4.0,4.0,Z01
201500051549,0,30,0,0.0,2.0,1.0,9.0,A01
201500051549,0,7,0,0.0,2.0,3.0,1.0,B01
201500051550,0,7,0,0.0,2.0,0.0,13.0,A01
201500051550,0,33,0,0.0,2.0,7.0,17.0,B01
201500051551,0,7,0,0.0,2.0,1.0,2.0,A01
201500051551,0,1,0,0.0,2.0,5.0,2.0,B01
201500051552,0,7,0,0.0,1.0,2.0,1.0,A01
201500051552,0,7,0,0.0,2.0,8.0,1.0,B01
201500051553,0,31,0,0.0,1.0,1.0,1.0,A01
201500051554,0,2,0,0.0,1.0,1.0,1.0,A01
201500051555,0,31,0,0.0,1.0,3.0,16.0,A01
201500051556,0,7,0,0.0,2.0,5.0,2.0,B01
201500051556,0,30,0,0.0,2.0,1.0,2.0,A01
201500051557,0,7,0,0.0,2.0,1.0,1.0,B01
201500051557,0,7,0,0.0,2.0,7.0,1.0,A01
201500051558,0,31,0,0.0,1.0,8.0,7.0,A01
201500051559,0,7,0,0.0,2.0,3.0,1.0,B01
201500051559,0,30,0,0.0,2.0,1.0,15.0,A01
201500051560,0,33,0,0.0,0.0,0.0,17.0,A01
201500051561,0,7,0,0.0,1.0,2.0,1.0,A01
201500051562,0,2,0,0.0,0.0,0.0,1.0,A01
201500051563,0,30,0,0.0,0.0,0.0,1.0,A01
201500051564,0,34,0,12.0,2.0,9.0,17.0,A01
201500051564,0,7,0,0.0,2.0,8.0,1.0,B01
201500051565,0,30,0,0.0,0.0,0.0,21.0,A01
201500051566,0,32,0,0.0,1.0,1.0,1.0,A01
201500051567,0,33,0,0.0,1.0,1.0,1.0,A01
201500051568,0,34,0,0.0,1.0,3.0,1.0,A01
201500051569,0,7,0,9.0,0.0,2.0,15.0,A01
201500051570,0,32,0,0.0,2.0,3.0,15.0,A01
201500051570,0,7,0,0.0,2.0,2.0,1.0,B01
201500051571,0,7,0,0.0,2.0,2.0,16.0,A01
201500051571,0,32,0,0.0,2.0,6.0,18.0,B01
201500051572,0,32,0,0.0,0.0,0.0,1.0,A01
201500051573,0,7,0,0.0,1.0,4.0,4.0,A01
201500051574,0,32,0,0.0,2.0,1.0,18.0,A01
201500051574,0,10,0,0.0,2.0,2.0,16.0,B01
201500051575,0,7,0,0.0,2.0,1.0,13.0,A01
201500051575,0,32,0,0.0,2.0,1.0,1.0,B01
201500051576,0,7,0,0.0,2.0,3.0,16.0,A01
201500051576,0,34,0,0.0,2.0,1.0,1.0,B01
201500051577,0,10,0,0.0,2.0,1.0,11.0,A01
201500051577,0,31,0,0.0,2.0,4.0,23.0,B01
201500051578,0,31,0,0.0,0.0,8.0,15.0,A01
201500051579,0,2,0,0.0,1.0,1.0,1.0,A01
201500051580,0,30,0,0.0,0.0,7.0,1.0,A01
201500051581,0,32,0,0.0,1.0,5.0,1.0,A01
201500051582,0,33,0,0.0,2.0,2.0,1.0,A01
201500051583,0,7,0,0.0,2.0,5.0,22.0,A01
201500051583,0,32,0,1.0,2.0,8.0,18.0,B01
201500051584,0,7,0,0.0,1.0,6.0,1.0,A01
201500051585,1,7,0,0.0,2.0,0.0,2.0,Z01
201500051585,0,34,0,0.0,2.0,4.0,23.0,A01
201500051586,0,7,0,0.0,2.0,1.0,1.0,B01
201500051586,0,7,0,0.0,2.0,6.0,10.0,A01
201500051587,0,7,0,0.0,1.0,3.0,4.0,A01
201500051588,0,33,0,0.0,1.0,1.0,1.0,A01
201500051589,0,7,0,9.0,0.0,7.0,7.0,A01
201500051590,0,7,0,0.0,2.0,1.0,2.0,A01
201500051590,0,7,0,0.0,2.0,4.0,2.0,B01
201500051591,0,7,0,0.0,2.0,7.0,9.0,A01
201500051591,0,32,0,0.0,2.0,8.0,1.0,B01
201500051592,0,32,0,0.0,2.0,1.0,17.0,A01
201500051592,0,10,0,0.0,2.0,3.0,15.0,B01
201500051593,0,34,0,0.0,0.0,8.0,1.0,A01
201500051594,0,34,0,14.0,2.0,8.0,1.0,A01
201500051594,0,7,0,0.0,2.0,1.0,23.0,B01
201500051595,0,7,0,0.0,1.0,2.0,1.0,A01
201500051596,0,7,0,0.0,2.0,8.0,24.0,B01
201500051596,0,7,0,1.0,2.0,2.0,14.0,A01
201500051597,0,7,0,0.0,2.0,1.0,2.0,A01
201500051597,0,34,0,0.0,2.0,0.0,23.0,B01
201500051598,0,7,0,11.0,0.0,1.0,1.0,A01
201500051599,0,34,0,0.0,2.0,1.0,1.0,B01
201500051599,0,7,0,0.0,2.0,3.0,10.0,A01
201500051600,0,2,0,0.0,0.0,0.0,1.0,A01
201500051601,0,2,0,0.0,0.0,0.0,16.0,A01
201500051602,0,7,0,0.0,2.0,6.0,23.0,D01
201500051602,0,34,0,0.0,2.0,1.0,2.0,B01
201500051602,0,7,0,0.0,2.0,4.0,14.0,A01
201500051602,0,7,0,0.0,2.0,8.0,23.0,C01
201500051603,0,7,0,0.0,2.0,7.0,23.0,B01
201500051603,0,7,0,0.0,1.0,0.0,18.0,A01
201500051604,0,7,0,0.0,1.0,2.0,1.0,A01
201500051605,0,10,0,12.0,0.0,1.0,1.0,A01
201500051606,0,30,0,7.0,0.0,1.0,13.0,A01
201500051607,0,7,0,0.0,1.0,2.0,1.0,A01
201500051608,0,33,0,0.0,2.0,1.0,17.0,A01
201500051608,0,7,0,0.0,2.0,8.0,15.0,B01
201500051609,0,30,0,0.0,1.0,1.0,1.0,A01
201500051610,0,33,0,0.0,0.0,7.0,1.0,A01
201500051611,1,7,0,0.0,1.0,1.0,1.0,Z01
201500051612,0,33,0,0.0,2.0,2.0,5.0,A01
201500051612,0,7,0,0.0,2.0,1.0,1.0,B01
201500051613,0,2,0,0.0,1.0,1.0,1.0,A01
201500051614,0,7,0,0.0,2.0,1.0,1.0,A01
201500051614,0,7,0,0.0,2.0,4.0,23.0,B01
201500051615,0,7,0,0.0,1.0,1.0,7.0,A01
201500051616,0,1,0,0.0,2.0,2.0,13.0,B01
201500051616,0,2,0,0.0,2.0,3.0,17.0,A01
201500051617,0,1,0,0.0,2.0,8.0,13.0,B01
201500051617,0,14,0,0.0,2.0,5.0,17.0,A01
201500051618,0,7,0,0.0,1.0,3.0,1.0,A01
201500051619,0,1,0,0.0,2.0,4.0,2.0,B01
201500051619,0,7,0,0.0,2.0,1.0,2.0,A01
201500051620,0,10,0,0.0,2.0,3.0,15.0,A01
201500051620,0,31,0,0.0,2.0,2.0,17.0,B01
201500051621,0,7,0,1.0,1.0,2.0,1.0,A01
201500051622,0,7,0,0.0,2.0,8.0,23.0,C01
201500051622,0,34,0,1.0,2.0,1.0,2.0,A01
201500051622,0,33,0,0.0,1.0,4.0,23.0,B01
201500051623,0,7,0,0.0,1.0,1.0,1.0,A01
201500051624,0,1,0,0.0,2.0,3.0,15.0,A01
201500051624,0,34,0,0.0,2.0,3.0,1.0,B01
201500051625,0,7,0,0.0,2.0,0.0,9.0,C01
201500051625,0,7,0,0.0,2.0,1.0,1.0,A01
201500051625,0,7,0,11.0,2.0,8.0,1.0,B01
201500051626,0,1,0,0.0,2.0,3.0,1.0,B01
201500051626,0,7,0,0.0,2.0,1.0,1.0,A01
201500051627,0,32,0,0.0,2.0,1.0,1.0,B01
201500051627,0,7,0,0.0,2.0,2.0,15.0,A01
201500051628,0,32,0,0.0,1.0,1.0,1.0,A01
201500051629,0,10,0,0.0,2.0,1.0,1.0,B01
201500051629,0,7,0,0.0,2.0,8.0,1.0,A01
201500051630,0,7,0,1.0,0.0,1.0,13.0,A01
201500051631,0,7,0,1.0,2.0,7.0,7.0,A01
201500051631,0,1,0,0.0,2.0,8.0,7.0,B01
201500051632,0,32,0,0.0,2.0,3.0,1.0,A01
201500051632,0,38,2,0.0,2.0,2.0,1.0,B01
201500051633,0,10,0,0.0,2.0,8.0,22.0,A01
201500051633,0,1,0,0.0,2.0,1.0,1.0,B01
201500051634,0,30,0,0.0,2.0,1.0,1.0,B01
201500051634,0,7,0,0.0,2.0,2.0,1.0,A01
201500051635,0,10,0,0.0,2.0,3.0,2.0,A01
201500051635,0,7,0,0.0,2.0,5.0,23.0,B01
201500051636,1,7,0,0.0,2.0,0.0,2.0,Z01
201500051636,0,34,0,0.0,2.0,4.0,23.0,B01
201500051636,0,7,0,0.0,2.0,6.0,23.0,A01
201500051637,0,7,0,0.0,2.0,1.0,16.0,A01
201500051637,0,7,0,0.0,2.0,1.0,1.0,B01
201500051638,0,31,0,0.0,2.0,1.0,2.0,A01
201500051638,0,7,0,0.0,2.0,6.0,2.0,B01
201500051639,0,10,0,0.0,2.0,7.0,16.0,A01
201500051639,0,7,0,0.0,2.0,8.0,7.0,B01
201500051640,0,7,0,0.0,2.0,5.0,4.0,A01
201500051640,0,33,0,0.0,2.0,1.0,1.0,B01
201500051641,1,7,0,0.0,1.0,0.0,1.0,Z01
201500051642,0,1,0,0.0,2.0,0.0,13.0,A01
201500051642,0,7,0,0.0,2.0,0.0,1.0,B01
201500051643,0,7,0,0.0,2.0,5.0,22.0,A01
201500051643,0,10,0,1.0,2.0,6.0,23.0,C01
201500051643,0,33,0,0.0,2.0,1.0,18.0,B01
201500051644,0,7,0,1.0,2.0,8.0,1.0,B01
201500051644,0,7,0,0.0,2.0,2.0,15.0,A01
201500051645,0,7,0,0.0,2.0,1.0,2.0,A01
201500051645,0,33,0,0.0,2.0,4.0,23.0,B01
201500051646,0,33,0,0.0,0.0,0.0,21.0,A01
201500051647,0,32,0,0.0,2.0,4.0,1.0,B01
201500051647,0,32,0,0.0,2.0,1.0,1.0,A01
201500051647,0,7,0,0.0,2.0,8.0,1.0,C01
201500051648,0,7,0,0.0,2.0,1.0,1.0,A01
201500051648,0,31,0,0.0,2.0,6.0,1.0,B01
201500051649,0,2,0,0.0,1.0,1.0,1.0,A01
201500051650,0,32,0,14.0,0.0,7.0,1.0,A01
201500051651,0,33,0,0.0,2.0,8.0,1.0,A01
201500051651,1,7,0,0.0,2.0,0.0,14.0,Z01
201500051652,0,33,0,12.0,0.0,7.0,13.0,A01
201500051653,0,33,0,0.0,1.0,0.0,21.0,A01
201500051654,0,7,0,0.0,2.0,3.0,13.0,A01
201500051654,0,1,0,0.0,2.0,1.0,17.0,B01
201500051655,0,10,0,0.0,2.0,2.0,1.0,A01
201500051655,0,7,0,0.0,2.0,4.0,23.0,B01
201500051656,0,7,0,0.0,1.0,1.0,1.0,A01
201500051657,0,32,0,0.0,2.0,6.0,23.0,B01
201500051657,0,32,0,0.0,2.0,1.0,2.0,A01
201500051658,0,33,0,0.0,2.0,0.0,1.0,A01
201500051658,0,7,0,0.0,2.0,0.0,1.0,B01
201500051659,0,33,0,0.0,2.0,4.0,15.0,B01
201500051659,0,30,0,0.0,2.0,1.0,2.0,A01
201500051660,0,33,0,0.0,2.0,1.0,1.0,B01
201500051660,0,7,0,0.0,2.0,7.0,15.0,A01
201500051661,0,7,0,0.0,1.0,1.0,1.0,A01
201500051662,0,7,0,0.0,2.0,6.0,1.0,B01
201500051662,0,30,0,0.0,2.0,1.0,1.0,A01
201500051663,0,7,0,0.0,2.0,5.0,15.0,A01
201500051663,0,32,0,0.0,2.0,1.0,1.0,B01
201500051664,0,7,0,0.0,2.0,3.0,1.0,A01
201500051664,0,7,0,0.0,2.0,1.0,1.0,B01
201500051665,0,33,0,1.0,1.0,1.0,1.0,A01
201500051666,0,7,0,0.0,1.0,1.0,15.0,A01
201500051667,0,7,0,0.0,2.0,2.0,15.0,A01
201500051667,0,33,0,0.0,2.0,1.0,1.0,B01
201500051668,0,7,0,0.0,1.0,2.0,1.0,A01
201500051669,0,7,0,0.0,2.0,1.0,2.0,A01
201500051669,0,34,0,0.0,2.0,4.0,23.0,B01
201500051670,0,7,0,0.0,2.0,7.0,16.0,A01
201500051670,0,33,0,0.0,2.0,8.0,1.0,B01
201500051671,1,32,0,0.0,2.0,0.0,1.0,Z01
201500051671,0,33,0,0.0,2.0,1.0,1.0,A01
201500051672,0,7,0,0.0,2.0,3.0,15.0,B01
201500051672,0,7,0,0.0,2.0,3.0,1.0,A01
201500051672,0,7,0,1.0,2.0,6.0,24.0,C01
201500051673,1,7,0,0.0,1.0,4.0,4.0,Z01
201500051674,0,33,0,0.0,2.0,1.0,1.0,A01
201500051674,0,7,0,0.0,2.0,2.0,23.0,B01
201500051675,0,30,0,0.0,2.0,0.0,1.0,B01
201500051675,2,7,0,0.0,2.0,0.0,1.0,A01
201500051676,1,7,0,0.0,2.0,8.0,15.0,Z01
201500051676,0,30,0,0.0,2.0,1.0,23.0,A01
201500051677,0,30,0,14.0,0.0,1.0,1.0,A01
201500051678,0,2,0,0.0,2.0,7.0,1.0,A01
201500051678,0,7,0,0.0,2.0,3.0,10.0,B01
201500051679,0,7,0,0.0,2.0,4.0,23.0,C01
201500051679,0,7,0,0.0,2.0,1.0,1.0,A01
201500051679,0,7,0,0.0,2.0,4.0,23.0,B01
201500051680,0,33,0,0.0,0.0,0.0,1.0,A01
201500051681,0,1,0,0.0,2.0,0.0,1.0,A01
201500051681,1,7,0,0.0,2.0,0.0,22.0,Z01
201500051682,0,7,0,0.0,2.0,3.0,10.0,A01
201500051682,0,32,0,0.0,2.0,2.0,17.0,B01
201500051683,0,32,0,0.0,1.0,1.0,1.0,A01
201500051684,0,33,0,0.0,2.0,2.0,17.0,A01
201500051684,0,7,0,0.0,2.0,6.0,10.0,B01
201500051685,0,32,0,14.0,0.0,1.0,1.0,A01
201500051686,0,10,0,0.0,2.0,6.0,24.0,B01
201500051686,0,1,0,0.0,2.0,0.0,14.0,A01
201500051687,0,32,0,0.0,0.0,0.0,1.0,A01
201500051688,0,38,0,0.0,1.0,2.0,15.0,A01
201500051689,0,7,0,0.0,2.0,5.0,4.0,A01
201500051689,0,32,0,0.0,2.0,8.0,15.0,B01
201500051690,0,1,0,0.0,2.0,4.0,1.0,B01
201500051690,0,7,0,0.0,2.0,2.0,1.0,A01
201500051691,0,33,0,0.0,2.0,3.0,18.0,A01
201500051691,0,14,0,0.0,2.0,2.0,16.0,B01
201500051692,0,2,0,0.0,2.0,2.0,3.0,A01
201500051692,0,10,0,0.0,2.0,7.0,12.0,B01
201500051693,0,7,0,0.0,2.0,8.0,13.0,A01
201500051693,0,33,0,0.0,2.0,7.0,17.0,B01
201500051694,0,33,0,0.0,1.0,1.0,1.0,A01
201500051695,0,10,0,0.0,2.0,4.0,4.0,A01
201500051695,0,31,0,0.0,2.0,1.0,1.0,B01
201500051696,0,7,0,0.0,1.0,6.0,20.0,A01
201500051697,0,7,0,0.0,2.0,5.0,16.0,B01
201500051697,0,30,0,0.0,2.0,8.0,18.0,A01
201500051698,0,32,0,0.0,2.0,6.0,1.0,B01
201500051698,0,7,0,0.0,2.0,2.0,16.0,A01
201500051699,0,33,0,0.0,0.0,0.0,16.0,A01
201500051700,0,37,0,0.0,2.0,2.0,1.0,A01
201500051700,0,7,0,0.0,2.0,6.0,23.0,B01
201500051701,0,7,0,0.0,1.0,1.0,1.0,A01
201500051702,0,32,0,0.0,2.0,1.0,1.0,B01
201500051702,0,32,0,0.0,2.0,7.0,1.0,A01
201500051703,0,7,0,0.0,1.0,8.0,1.0,A01
201500051704,0,32,0,0.0,2.0,1.0,1.0,A01
201500051704,0,7,0,0.0,2.0,3.0,10.0,B01
201500051705,0,34,0,0.0,2.0,5.0,1.0,B01
201500051705,0,7,0,0.0,2.0,3.0,13.0,A01
201500051706,0,31,0,0.0,1.0,2.0,1.0,A01
201500051707,0,7,0,0.0,2.0,3.0,10.0,A01
201500051707,0,33,0,0.0,2.0,7.0,1.0,B01
201500051708,0,33,0,0.0,2.0,8.0,1.0,B01
201500051708,0,33,0,0.0,2.0,1.0,11.0,A01
201500051709,1,7,0,0.0,2.0,0.0,2.0,Z01
201500051709,0,32,0,0.0,2.0,6.0,2.0,A01
201500051710,0,32,0,0.0,2.0,2.0,17.0,A01
201500051710,0,10,0,0.0,2.0,3.0,15.0,B01
201500051711,0,31,0,0.0,2.0,1.0,1.0,A01
201500051711,1,7,0,0.0,2.0,1.0,10.0,Z01
201500051712,0,33,0,0.0,2.0,1.0,17.0,A01
201500051712,0,7,0,0.0,2.0,3.0,15.0,B01
201500051713,0,10,0,0.0,2.0,6.0,23.0,B01
201500051713,0,33,0,0.0,2.0,2.0,2.0,A01
201500051714,0,32,0,0.0,2.0,6.0,1.0,B01
201500051714,0,7,0,0.0,2.0,1.0,1.0,A01
201500051715,0,7,0,0.0,1.0,0.0,1.0,A01
201500051716,0,7,0,8.0,1.0,1.0,15.0,A01
201500051717,0,34,0,0.0,2.0,2.0,7.0,B01
201500051717,0,7,0,0.0,2.0,3.0,10.0,A01
201500051718,0,7,0,0.0,2.0,5.0,1.0,B01
201500051718,0,2,0,0.0,2.0,1.0,1.0,A01
201500051719,0,7,0,0.0,2.0,6.0,15.0,B01
201500051719,0,30,0,0.0,2.0,1.0,17.0,A01
201500051720,0,30,0,0.0,1.0,1.0,1.0,A01
201500051721,0,7,0,0.0,2.0,8.0,13.0,A01
201500051721,0,31,0,0.0,2.0,7.0,17.0,B01
201500051722,0,7,0,0.0,2.0,1.0,15.0,A01
201500051722,0,1,0,0.0,2.0,3.0,1.0,B01
201500051723,0,1,0,0.0,0.0,0.0,15.0,A01
201500051724,0,7,0,0.0,1.0,4.0,20.0,A01
201500051725,0,32,0,0.0,2.0,1.0,16.0,A01
201500051725,0,7,0,0.0,2.0,2.0,15.0,B01
201500051726,0,7,0,0.0,2.0,0.0,1.0,A01
201500051726,0,7,0,0.0,2.0,4.0,23.0,B01
201500051727,0,7,0,0.0,2.0,1.0,1.0,A01
201500051727,0,33,0,0.0,2.0,8.0,1.0,B01
201500051728,0,30,0,0.0,2.0,0.0,2.0,A01
201500051728,0,7,0,0.0,2.0,0.0,2.0,B01
201500051729,0,7,0,0.0,2.0,8.0,9.0,A01
201500051729,0,30,0,0.0,2.0,2.0,1.0,B01
201500051730,0,33,0,0.0,2.0,2.0,1.0,B01
201500051730,0,7,0,0.0,2.0,8.0,10.0,A01
201500051731,0,7,0,0.0,2.0,3.0,1.0,A01
201500051731,0,1,0,0.0,2.0,0.0,23.0,B01
201500051732,0,34,0,0.0,2.0,5.0,23.0,B01
201500051732,0,33,0,0.0,2.0,1.0,2.0,A01
201500051733,0,7,0,0.0,2.0,4.0,23.0,B01
201500051733,0,7,0,0.0,2.0,1.0,2.0,A01
201500051734,0,1,0,0.0,1.0,1.0,1.0,A01
201500051735,0,7,0,0.0,2.0,2.0,1.0,B01
201500051735,0,32,0,0.0,2.0,8.0,1.0,A01
201500051736,0,33,0,0.0,2.0,2.0,1.0,B01
201500051736,0,1,0,0.0,2.0,3.0,13.0,A01
201500051737,0,1,0,0.0,2.0,1.0,1.0,A01
201500051737,0,10,0,0.0,2.0,4.0,16.0,B01
201500051738,0,33,0,0.0,2.0,1.0,1.0,B01
201500051738,0,7,0,0.0,2.0,7.0,15.0,A01
201500051739,0,2,0,0.0,2.0,3.0,9.0,A01
201500051739,0,7,0,0.0,2.0,5.0,1.0,B01
201500051740,0,7,0,0.0,2.0,4.0,23.0,B01
201500051740,0,7,0,0.0,2.0,1.0,2.0,A01
201500051741,0,7,0,0.0,2.0,2.0,1.0,B01
201500051741,0,1,0,0.0,2.0,3.0,18.0,A01
201500051742,0,34,0,0.0,1.0,1.0,1.0,A01
201500051743,0,7,0,0.0,2.0,0.0,1.0,A01
201500051743,0,31,0,0.0,2.0,8.0,1.0,B01
201500051744,0,1,0,0.0,0.0,0.0,1.0,A01
201500051745,0,7,0,0.0,2.0,3.0,15.0,B01
201500051745,0,31,0,0.0,2.0,7.0,5.0,A01
201500051746,0,7,0,0.0,2.0,8.0,15.0,A01
201500051746,0,31,0,0.0,2.0,2.0,17.0,B01
201500051747,0,7,0,0.0,2.0,7.0,16.0,B01
201500051747,0,31,0,0.0,2.0,0.0,1.0,A01
201500051748,0,10,0,0.0,2.0,3.0,10.0,A01
201500051748,0,30,0,0.0,2.0,4.0,1.0,B01
201500051749,0,7,0,0.0,1.0,2.0,1.0,A01
201500051750,0,38,0,0.0,2.0,2.0,2.0,A01
201500051750,0,7,0,0.0,2.0,4.0,2.0,B01
201500051751,0,33,0,0.0,2.0,3.0,1.0,B01
201500051751,0,7,0,0.0,2.0,7.0,1.0,A01
201500051752,0,34,0,14.0,0.0,7.0,1.0,A01
201500051753,0,7,0,0.0,2.0,1.0,2.0,A01
201500051753,0,7,0,8.0,2.0,6.0,15.0,B01
201500051754,0,10,0,12.0,2.0,2.0,12.0,A01
201500051754,0,7,0,0.0,2.0,3.0,1.0,B01
201500051755,0,7,0,0.0,2.0,8.0,14.0,A01
201500051755,0,1,0,0.0,2.0,7.0,1.0,B01
201500051756,0,32,0,0.0,0.0,2.0,1.0,A01
201500051757,0,7,0,0.0,1.0,1.0,1.0,A01
201500051758,0,13,0,0.0,2.0,5.0,16.0,B01
201500051758,0,30,0,0.0,2.0,8.0,18.0,A01
201500051759,0,10,0,1.0,2.0,6.0,24.0,B01
201500051759,0,31,0,0.0,2.0,1.0,1.0,C01
201500051759,0,7,0,1.0,2.0,7.0,10.0,A01
201500051760,0,7,0,2.0,0.0,1.0,13.0,A01
201500051761,0,7,0,0.0,2.0,2.0,1.0,A01
201500051761,0,1,0,0.0,2.0,4.0,15.0,B01
201500051762,0,7,0,0.0,2.0,1.0,1.0,A01
201500051762,0,7,0,0.0,2.0,8.0,1.0,B01
201500051763,0,33,0,0.0,1.0,1.0,1.0,A01
201500051764,0,33,0,0.0,2.0,7.0,17.0,A01
201500051764,0,7,0,0.0,2.0,3.0,13.0,B01
201500051765,0,1,0,0.0,2.0,1.0,1.0,B01
201500051765,0,7,0,0.0,2.0,5.0,22.0,A01
201500051766,0,7,0,0.0,2.0,2.0,16.0,A01
201500051766,0,33,0,0.0,2.0,3.0,1.0,B01
201500051767,0,7,0,0.0,2.0,5.0,5.0,A01
201500051767,0,7,0,0.0,2.0,2.0,15.0,B01
201500051768,0,2,0,0.0,2.0,8.0,1.0,A01
201500051768,0,7,0,0.0,2.0,5.0,16.0,B01
201500051769,0,7,0,0.0,2.0,3.0,13.0,A01
201500051769,0,7,0,0.0,2.0,3.0,1.0,B01
201500051769,0,7,0,0.0,2.0,3.0,1.0,C01
201500051770,0,32,0,0.0,0.0,0.0,1.0,A01
201500051771,0,32,0,0.0,0.0,0.0,15.0,A01
201500051772,0,2,0,0.0,2.0,1.0,1.0,B01
201500051772,0,7,0,0.0,2.0,2.0,9.0,A01
201500051773,0,33,0,0.0,2.0,1.0,1.0,B01
201500051773,0,7,0,0.0,2.0,2.0,16.0,A01
201500051774,0,10,0,0.0,2.0,3.0,10.0,A01
201500051774,0,31,0,0.0,2.0,1.0,1.0,B01
201500051775,0,14,0,0.0,2.0,2.0,2.0,A01
201500051775,0,7,0,0.0,2.0,6.0,23.0,B01
201500051776,0,2,0,0.0,2.0,7.0,17.0,A01
201500051776,0,7,0,0.0,2.0,0.0,1.0,B01
201500051777,0,7,0,0.0,2.0,1.0,1.0,A01
201500051777,0,7,0,0.0,2.0,8.0,1.0,B01
201500051778,0,33,0,0.0,2.0,1.0,17.0,B01
201500051778,0,7,0,0.0,2.0,6.0,15.0,A01
201500051779,0,33,0,0.0,1.0,1.0,6.0,A01
201500051780,0,7,0,0.0,2.0,1.0,9.0,A01
201500051780,0,32,0,0.0,2.0,2.0,17.0,B01
201500051781,0,33,0,0.0,2.0,1.0,17.0,A01
201500051781,0,32,0,0.0,2.0,8.0,15.0,B01
201500051782,0,30,0,14.0,0.0,1.0,13.0,A01
201500051783,0,7,0,0.0,2.0,5.0,16.0,A01
201500051783,0,33,0,0.0,2.0,1.0,1.0,B01
201500051784,0,32,0,0.0,2.0,1.0,1.0,A01
201500051784,0,7,0,0.0,2.0,3.0,10.0,B01
201500051785,0,7,0,0.0,2.0,1.0,15.0,A01
201500051785,0,32,0,0.0,2.0,1.0,1.0,B01
201500051786,0,34,0,0.0,1.0,1.0,1.0,A01
201500051787,0,10,0,0.0,2.0,2.0,10.0,A01
201500051787,0,32,0,0.0,2.0,2.0,1.0,B01
201500051788,0,10,0,0.0,2.0,3.0,15.0,A01
201500051788,0,31,0,0.0,2.0,7.0,1.0,B01
201500051789,0,34,0,1.0,1.0,2.0,1.0,A01
201500051790,0,37,0,0.0,2.0,2.0,2.0,A01
201500051790,0,7,0,0.0,2.0,6.0,2.0,B01
201500051791,0,7,0,0.0,2.0,1.0,1.0,A01
201500051791,0,7,0,0.0,2.0,8.0,1.0,B01
201500051792,0,7,0,1.0,1.0,1.0,14.0,A01
201500051792,0,7,0,0.0,2.0,0.0,23.0,B01
201500051793,0,7,0,0.0,2.0,4.0,23.0,B01
201500051793,0,7,0,0.0,2.0,1.0,2.0,C01
201500051793,0,7,0,0.0,2.0,1.0,2.0,A01
201500051794,0,7,0,0.0,1.0,3.0,1.0,A01
201500051795,0,34,0,0.0,1.0,1.0,1.0,A01
201500051796,0,30,0,0.0,1.0,1.0,1.0,A01
201500051797,0,34,0,0.0,2.0,1.0,1.0,A01
201500051797,0,7,0,0.0,2.0,6.0,15.0,B01
201500051798,0,10,0,0.0,2.0,2.0,14.0,A01
201500051798,0,33,0,0.0,2.0,8.0,1.0,B01
201500051799,0,32,0,0.0,0.0,0.0,1.0,A01
201500051800,0,7,0,0.0,1.0,6.0,4.0,A01
201500051801,0,7,0,0.0,1.0,1.0,16.0,A01
201500051802,0,7,0,0.0,2.0,5.0,23.0,B01
201500051802,0,34,0,0.0,2.0,1.0,2.0,A01
201500051803,0,33,0,0.0,2.0,3.0,1.0,B01
201500051803,0,7,0,0.0,2.0,2.0,1.0,A01
201500051804,0,7,0,0.0,2.0,1.0,15.0,A01
201500051804,0,34,0,0.0,2.0,8.0,1.0,B01
201500051805,0,7,0,0.0,2.0,2.0,16.0,A01
201500051805,0,7,0,0.0,2.0,3.0,1.0,B01
201500051806,0,33,0,0.0,2.0,1.0,18.0,A01
201500051806,0,33,0,0.0,2.0,4.0,1.0,B01
201500051807,0,7,0,14.0,2.0,1.0,1.0,B01
201500051807,0,7,0,0.0,2.0,1.0,15.0,A01
201500051808,0,7,0,14.0,0.0,1.0,1.0,A01
201500051809,1,10,0,0.0,2.0,3.0,11.0,Z01
201500051809,0,33,0,0.0,2.0,2.0,1.0,A01
201500051810,0,7,0,0.0,2.0,2.0,15.0,B01
201500051810,0,32,0,0.0,2.0,2.0,1.0,A01
201500051811,0,31,0,0.0,2.0,3.0,13.0,A01
201500051811,0,7,0,0.0,2.0,2.0,1.0,B01
201500051812,0,7,0,0.0,1.0,3.0,1.0,A01
201500051813,0,30,0,0.0,1.0,1.0,1.0,A01
201500051814,0,7,0,0.0,1.0,2.0,1.0,A01
201500051815,0,7,0,0.0,2.0,7.0,1.0,A01
201500051815,0,7,0,0.0,2.0,1.0,1.0,B01
201500051816,0,30,0,0.0,2.0,0.0,1.0,A01
201500051816,0,7,0,0.0,2.0,0.0,1.0,B01
201500051817,0,30,0,0.0,2.0,0.0,2.0,A01
201500051817,0,10,0,0.0,2.0,3.0,23.0,B01
201500051818,1,32,0,0.0,2.0,0.0,2.0,Z01
201500051818,0,1,0,0.0,2.0,0.0,2.0,A01