Num_Acc,senc,catv,occutc,obs,obsm,choc,manv,num_veh
201500051819,1,7,0,0.0,2.0,3.0,16.0,Z01
201500051819,0,33,0,0.0,2.0,7.0,16.0,A01
201500051820,0,10,0,0.0,2.0,1.0,2.0,A01
201500051820,0,7,0,0.0,2.0,4.0,2.0,B01
201500051821,0,7,0,0.0,2.0,6.0,15.0,B01
201500051821,0,31,0,0.0,2.0,2.0,18.0,A01
201500051822,0,7,0,0.0,2.0,6.0,22.0,A01
201500051822,0,33,0,0.0,2.0,1.0,17.0,B01
201500051823,0,7,0,0.0,2.0,6.0,2.0,B01
201500051823,0,31,0,0.0,2.0,1.0,2.0,A01
201500051824,0,32,0,0.0,1.0,1.0,1.0,A01
201500051825,0,32,0,0.0,0.0,8.0,1.0,A01
201500051826,0,7,0,0.0,2.0,2.0,7.0,B01
201500051826,0,7,0,0.0,2.0,7.0,16.0,A01
201500051827,0,38,0,0.0,2.0,4.0,23.0,B01
201500051827,0,10,0,0.0,2.0,1.0,1.0,A01
201500051828,0,7,0,0.0,2.0,2.0,1.0,B01
201500051828,0,7,0,0.0,2.0,3.0,12.0,A01
201500051829,0,33,0,0.0,2.0,1.0,17.0,B01
201500051829,0,7,0,0.0,2.0,8.0,10.0,A01
201500051830,0,7,0,0.0,1.0,2.0,1.0,A01
201500051831,0,30,0,0.0,0.0,7.0,1.0,A01
201500051832,0,2,0,0.0,0.0,0.0,1.0,A01
201500051833,0,7,0,0.0,1.0,3.0,4.0,A01
201500051834,0,7,0,0.0,2.0,5.0,1.0,B01
201500051834,0,32,0,1.0,2.0,3.0,18.0,A01
201500051835,0,7,0,0.0,2.0,1.0,15.0,A01
201500051835,0,32,0,0.0,2.0,8.0,1.0,B01
201500051836,0,32,0,0.0,1.0,1.0,1.0,A01
201500051837,0,32,0,0.0,0.0,8.0,1.0,A01
201500051838,0,7,0,0.0,2.0,1.0,7.0,A01
201500051838,0,7,0,0.0,2.0,7.0,15.0,B01
201500051839,0,37,0,0.0,1.0,1.0,1.0,A01
201500051840,0,30,0,0.0,2.0,1.0,2.0,A01
201500051840,0,7,0,0.0,2.0,0.0,23.0,B01
201500051841,0,7,0,0.0,2.0,7.0,1.0,B01
201500051841,0,7,0,0.0,2.0,1.0,1.0,A01
201500051842,0,30,0,0.0,0.0,0.0,1.0,A01
201500051843,0,10,0,0.0,2.0,4.0,1.0,A01
201500051843,0,32,0,0.0,2.0,1.0,23.0,B01
201500051844,0,7,0,0.0,2.0,8.0,1.0,A01
201500051844,0,32,0,0.0,2.0,2.0,1.0,B01
201500051845,0,2,0,0.0,0.0,0.0,1.0,A01
201500051846,0,7,0,0.0,2.0,3.0,10.0,A01
201500051846,0,33,0,0.0,2.0,1.0,1.0,B01
201500051847,0,31,0,0.0,2.0,1.0,1.0,A01
201500051847,0,7,0,0.0,2.0,0.0,16.0,B01
201500051848,0,7,0,0.0,2.0,6.0,13.0,A01
201500051848,0,31,0,0.0,2.0,1.0,17.0,B01
201500051849,0,31,0,0.0,2.0,8.0,1.0,B01
201500051849,0,7,0,0.0,2.0,1.0,1.0,A01
201500051850,0,1,0,0.0,2.0,2.0,19.0,A01
201500051850,0,7,0,0.0,2.0,0.0,1.0,B01
201500051851,0,7,0,0.0,1.0,2.0,16.0,A01
201500051852,0,32,0,0.0,2.0,1.0,1.0,C01
201500051852,0,2,0,0.0,2.0,1.0,1.0,B01
201500051852,0,7,0,0.0,2.0,7.0,22.0,A01
201500051853,0,7,0,0.0,2.0,3.0,9.0,A01
201500051853,0,7,0,1.0,2.0,2.0,1.0,B01
201500051854,0,33,0,0.0,2.0,3.0,7.0,A01
201500051854,0,10,0,0.0,2.0,7.0,16.0,B01
201500051855,0,32,0,0.0,1.0,1.0,1.0,A01
201500051856,0,7,0,0.0,2.0,4.0,1.0,B01
201500051856,0,7,0,0.0,2.0,4.0,1.0,C01
201500051856,0,7,0,0.0,2.0,5.0,1.0,A01
201500051857,0,32,0,0.0,2.0,1.0,1.0,B01
201500051857,0,7,0,0.0,2.0,2.0,15.0,A01
201500051858,0,2,0,0.0,1.0,8.0,1.0,A01
201500051859,0,7,0,0.0,2.0,1.0,1.0,A01
201500051859,0,10,0,0.0,2.0,4.0,1.0,B01
201500051859,0,7,0,0.0,2.0,4.0,1.0,C01
201500051860,0,33,0,0.0,2.0,1.0,17.0,A01
201500051860,0,7,0,0.0,2.0,8.0,15.0,B01
201500051860,0,7,0,0.0,2.0,3.0,5.0,C01
201500051861,0,7,0,0.0,1.0,2.0,16.0,A01
201500051862,0,7,0,0.0,1.0,1.0,15.0,A01
201500051863,0,32,0,0.0,0.0,0.0,21.0,A01
201500051864,0,10,0,0.0,2.0,2.0,22.0,B01
201500051864,0,14,0,1.0,2.0,3.0,1.0,A01
201500051865,0,2,0,0.0,2.0,7.0,1.0,B01
201500051865,0,7,0,0.0,2.0,8.0,13.0,A01
201500051866,0,31,0,0.0,0.0,8.0,21.0,A01
201500051867,0,7,0,0.0,2.0,4.0,1.0,B01
201500051867,0,32,0,0.0,2.0,1.0,1.0,A01
201500051868,0,34,0,0.0,0.0,1.0,15.0,A01
201500051869,0,33,0,1.0,1.0,1.0,1.0,A01
201500051870,0,33,0,0.0,2.0,1.0,17.0,B01
201500051870,0,10,0,0.0,2.0,3.0,1.0,A01
201500051871,0,33,0,0.0,1.0,1.0,1.0,A01
201500051872,0,31,0,0.0,2.0,8.0,13.0,A01
201500051872,0,31,0,0.0,2.0,0.0,1.0,B01
201500051873,0,7,0,0.0,2.0,3.0,15.0,B01
201500051873,0,34,0,0.0,2.0,1.0,5.0,A01
201500051874,0,34,0,0.0,2.0,5.0,1.0,A01
201500051874,0,7,0,0.0,2.0,1.0,1.0,B01
201500051875,0,10,0,0.0,2.0,3.0,22.0,A01
201500051875,0,1,0,0.0,2.0,1.0,17.0,B01
201500051876,0,7,0,0.0,1.0,3.0,1.0,A01
201500051877,0,34,0,0.0,1.0,1.0,16.0,A01
201500051878,0,30,0,0.0,2.0,7.0,17.0,A01
201500051878,0,7,0,0.0,2.0,3.0,15.0,B01
201500051879,0,30,0,8.0,0.0,1.0,13.0,A01
201500051880,0,7,0,0.0,1.0,1.0,15.0,A01
201500051881,0,10,0,0.0,2.0,2.0,1.0,B01
201500051881,0,34,0,0.0,2.0,6.0,13.0,A01
201500051882,0,7,0,0.0,2.0,8.0,1.0,A01
201500051882,0,34,0,0.0,2.0,1.0,1.0,B01
201500051883,0,7,0,0.0,1.0,1.0,1.0,A01
201500051884,0,33,0,0.0,0.0,0.0,1.0,A01
201500051885,0,34,0,0.0,2.0,0.0,1.0,A01
201500051885,0,7,0,0.0,2.0,0.0,9.0,B01
201500051886,0,7,0,0.0,2.0,1.0,1.0,A01
201500051886,0,7,0,0.0,2.0,6.0,1.0,B01
201500051887,0,34,0,0.0,0.0,0.0,21.0,A01
201500051888,0,7,0,0.0,1.0,1.0,1.0,A01
201500051889,0,30,0,0.0,2.0,3.0,1.0,A01
201500051889,0,7,0,0.0,2.0,2.0,13.0,B01
201500051890,0,7,0,14.0,0.0,1.0,1.0,A01
201500051891,0,7,0,0.0,1.0,6.0,4.0,A01
201500051892,0,10,0,0.0,2.0,5.0,23.0,B01
201500051892,0,34,0,0.0,2.0,1.0,2.0,A01
201500051893,0,31,0,0.0,2.0,7.0,2.0,A01
201500051893,0,7,0,0.0,2.0,6.0,23.0,B01
201500051894,0,30,0,1.0,0.0,1.0,14.0,A01
201500051895,0,30,0,0.0,2.0,3.0,1.0,B01
201500051895,0,7,0,0.0,2.0,3.0,13.0,A01
201500051896,0,10,0,0.0,2.0,1.0,1.0,A01
201500051896,0,7,0,0.0,2.0,5.0,1.0,B01
201500051897,1,7,0,0.0,2.0,1.0,2.0,Z01
201500051897,0,7,0,0.0,2.0,4.0,2.0,A01
201500051898,0,7,0,9.0,2.0,1.0,0.0,B01
201500051898,0,7,0,0.0,2.0,8.0,10.0,A01
201500051899,0,7,0,0.0,1.0,6.0,4.0,A01
201500051900,0,1,0,0.0,2.0,4.0,18.0,A01
201500051900,0,7,0,0.0,2.0,7.0,1.0,B01
201500051901,0,7,0,0.0,2.0,4.0,1.0,A01
201500051901,1,7,0,0.0,2.0,0.0,1.0,Z01
201500051902,0,7,0,0.0,0.0,1.0,1.0,A01
201500051903,0,31,0,0.0,2.0,1.0,2.0,A01
201500051903,0,32,0,0.0,2.0,4.0,2.0,B01
201500051904,1,33,0,0.0,1.0,3.0,1.0,Z01
201500051905,0,31,0,0.0,2.0,1.0,18.0,B01
201500051905,0,7,0,0.0,2.0,5.0,22.0,A01
201500051906,0,7,0,0.0,2.0,5.0,16.0,A01
201500051906,1,7,0,0.0,2.0,1.0,18.0,Z01
201500051907,0,7,0,0.0,2.0,7.0,15.0,B01
201500051907,0,2,0,0.0,2.0,1.0,1.0,A01
201500051908,1,7,0,0.0,1.0,6.0,1.0,Z01
201500051909,0,7,0,1.0,1.0,2.0,17.0,A01
201500051910,0,7,0,0.0,2.0,4.0,4.0,A01
201500051910,0,2,0,0.0,2.0,7.0,1.0,B01
201500051911,0,7,0,0.0,2.0,1.0,1.0,A01
201500051911,0,32,0,0.0,2.0,2.0,1.0,B01
201500051912,0,34,0,0.0,1.0,2.0,1.0,A01
201500051913,0,30,0,0.0,2.0,0.0,1.0,B01
201500051913,0,7,0,0.0,2.0,0.0,1.0,A01
201500051914,0,7,0,0.0,2.0,8.0,16.0,A01
201500051914,0,31,0,0.0,2.0,1.0,7.0,B01
201500051915,0,7,0,0.0,1.0,1.0,1.0,A01
201500051916,0,33,0,0.0,1.0,1.0,1.0,A01
201500051917,0,31,0,0.0,2.0,8.0,1.0,A01
201500051917,0,7,0,0.0,2.0,1.0,1.0,B01
201500051918,0,7,0,0.0,2.0,2.0,16.0,B01
201500051918,0,30,0,0.0,2.0,8.0,7.0,A01
201500051919,1,7,0,0.0,1.0,1.0,1.0,Z01
201500051920,0,31,0,0.0,1.0,1.0,1.0,A01
201500051921,0,1,0,0.0,2.0,5.0,1.0,A01
201500051921,0,7,0,0.0,2.0,2.0,1.0,B01
201500051922,0,7,0,0.0,2.0,0.0,22.0,A01
201500051922,0,32,0,0.0,2.0,0.0,18.0,B01
201500051923,0,7,0,0.0,1.0,2.0,14.0,A01
201500051924,0,7,0,0.0,2.0,3.0,1.0,B01
201500051924,0,7,0,0.0,2.0,2.0,1.0,A01
201500051925,0,7,0,0.0,2.0,5.0,2.0,B01
201500051925,0,32,0,0.0,2.0,1.0,2.0,A01
201500051926,0,1,0,0.0,2.0,6.0,14.0,A01
201500051926,0,1,0,0.0,2.0,2.0,1.0,B01
201500051927,0,1,0,0.0,2.0,1.0,1.0,B01
201500051927,0,10,0,0.0,2.0,2.0,4.0,A01
201500051928,0,32,0,0.0,1.0,2.0,1.0,A01
201500051929,0,1,0,0.0,2.0,7.0,16.0,A01
201500051929,0,34,0,0.0,2.0,1.0,7.0,B01
201500051930,0,7,0,0.0,2.0,3.0,15.0,B01
201500051930,0,31,0,0.0,2.0,1.0,17.0,A01
201500051931,0,2,0,0.0,2.0,1.0,12.0,A01
201500051931,0,7,0,0.0,2.0,2.0,7.0,B01
201500051932,1,31,0,0.0,1.0,1.0,1.0,A01
201500051933,0,31,0,0.0,1.0,0.0,1.0,A01
201500051934,0,10,0,0.0,1.0,3.0,1.0,A01
201500051935,0,2,0,0.0,0.0,1.0,1.0,A01
201500051936,0,30,0,0.0,2.0,3.0,2.0,A01
201500051936,0,7,0,0.0,2.0,5.0,2.0,B01
201500051937,0,10,0,0.0,2.0,7.0,22.0,A01
201500051937,0,1,0,0.0,2.0,1.0,1.0,B01
201500051938,0,32,0,0.0,2.0,0.0,1.0,A01
201500051938,0,33,0,0.0,2.0,0.0,1.0,B01
201500051939,0,7,0,0.0,1.0,2.0,1.0,A01
201500051940,0,7,0,0.0,2.0,0.0,9.0,B01
201500051940,0,32,0,8.0,2.0,2.0,1.0,A01
201500051941,0,7,0,0.0,2.0,1.0,5.0,A01
201500051941,0,7,0,0.0,2.0,2.0,1.0,B01
201500051942,0,33,0,0.0,2.0,1.0,1.0,B01
201500051942,0,7,0,0.0,2.0,6.0,10.0,A01
201500051943,0,7,0,0.0,1.0,0.0,16.0,A01
201500051944,0,31,0,0.0,2.0,2.0,1.0,B01
201500051944,0,7,0,0.0,2.0,2.0,1.0,C01
201500051944,0,7,0,0.0,2.0,3.0,22.0,A01
201500051945,0,1,0,0.0,2.0,1.0,7.0,B01
201500051945,0,7,0,0.0,2.0,5.0,16.0,A01
201500051946,0,34,0,0.0,1.0,1.0,1.0,A01
201500051947,0,10,0,0.0,1.0,4.0,4.0,A01
201500051948,0,30,0,0.0,1.0,3.0,1.0,A01
201500051949,0,32,0,0.0,9.0,3.0,1.0,A01
201500051950,0,7,0,0.0,1.0,3.0,1.0,A01
201500051951,0,7,0,0.0,2.0,0.0,23.0,A01
201500051951,0,1,0,0.0,2.0,1.0,1.0,B01
201500051952,0,7,0,0.0,2.0,3.0,9.0,A01
201500051952,0,2,0,0.0,2.0,6.0,1.0,B01
201500051953,0,7,0,0.0,1.0,1.0,1.0,A01
201500051954,0,7,0,0.0,1.0,4.0,4.0,A01
201500051955,0,32,0,0.0,1.0,1.0,1.0,A01
201500051956,0,7,0,0.0,1.0,6.0,4.0,A01
201500051957,0,7,0,0.0,1.0,3.0,1.0,A01
201500051958,0,37,0,0.0,2.0,2.0,2.0,A01
201500051958,0,7,0,0.0,2.0,6.0,23.0,B01
201500051959,0,7,0,0.0,1.0,1.0,1.0,A01
201500051960,0,31,0,0.0,1.0,1.0,1.0,A01
201500051961,0,30,0,0.0,2.0,8.0,1.0,B01
201500051961,0,10,0,0.0,2.0,7.0,16.0,A01
201500051962,0,31,0,0.0,2.0,1.0,1.0,B01
201500051962,0,7,0,0.0,2.0,5.0,15.0,A01
201500051963,0,7,0,11.0,0.0,1.0,1.0,A01
201500051964,1,30,0,0.0,1.0,0.0,1.0,Z01
201500051965,0,7,0,0.0,1.0,1.0,15.0,A01
201500051966,0,7,0,0.0,2.0,3.0,1.0,B01
201500051966,0,33,0,0.0,2.0,1.0,15.0,A01
201500051967,1,34,0,0.0,1.0,0.0,1.0,Z01
201500051968,0,30,0,0.0,2.0,8.0,1.0,B01
201500051968,0,7,0,0.0,2.0,1.0,15.0,A01
201500051969,0,7,0,0.0,2.0,8.0,15.0,A01
201500051969,0,32,0,0.0,2.0,1.0,1.0,B01
201500051970,0,30,0,0.0,0.0,0.0,1.0,A01
201500051971,0,33,0,0.0,2.0,7.0,1.0,A01
201500051971,0,37,1,0.0,2.0,0.0,9.0,B01
201500051972,0,2,0,0.0,2.0,8.0,18.0,A01
201500051972,0,7,0,0.0,2.0,5.0,22.0,B01
201500051973,0,7,0,0.0,1.0,0.0,15.0,A01
201500051974,0,31,0,0.0,2.0,1.0,1.0,B01
201500051974,0,7,0,0.0,2.0,3.0,15.0,A01
201500051975,0,10,0,0.0,1.0,1.0,15.0,A01
201500051976,0,7,0,0.0,2.0,3.0,7.0,A01
201500051976,0,32,0,0.0,2.0,2.0,1.0,B01
201500051977,1,7,0,0.0,1.0,0.0,1.0,Z01
201500051978,0,32,0,0.0,2.0,0.0,3.0,B01
201500051978,0,7,0,0.0,2.0,6.0,1.0,C01
201500051978,0,7,0,0.0,2.0,5.0,1.0,A01
201500051979,0,15,0,0.0,2.0,8.0,13.0,A01
201500051979,0,2,0,0.0,2.0,2.0,17.0,B01
201500051980,1,7,0,0.0,2.0,0.0,17.0,Z01
201500051980,0,33,0,0.0,2.0,2.0,1.0,A01
201500051981,0,1,0,0.0,2.0,4.0,1.0,A01
201500051981,0,7,0,0.0,2.0,4.0,1.0,B01
201500051982,0,7,0,14.0,0.0,0.0,15.0,A01
201500051983,0,1,0,0.0,2.0,1.0,1.0,B01
201500051983,0,7,0,0.0,2.0,5.0,12.0,A01
201500051984,0,7,0,0.0,1.0,3.0,1.0,A01
201500051985,1,7,0,0.0,1.0,0.0,1.0,Z01
201500051986,0,10,0,0.0,2.0,0.0,1.0,A01
201500051986,0,33,0,0.0,2.0,1.0,1.0,B01
201500051987,0,7,0,0.0,1.0,3.0,1.0,A01
201500051988,0,30,0,0.0,0.0,0.0,21.0,A01
201500051989,0,2,0,0.0,2.0,2.0,1.0,B01
201500051989,0,7,0,0.0,2.0,0.0,13.0,A01
201500051990,0,2,0,0.0,2.0,8.0,1.0,A01
201500051990,0,7,0,0.0,2.0,0.0,12.0,B01
201500051991,0,32,0,0.0,2.0,1.0,17.0,A01
201500051991,0,10,0,0.0,2.0,8.0,15.0,B01
201500051992,0,7,0,0.0,1.0,3.0,15.0,A01
201500051993,0,7,0,0.0,2.0,2.0,1.0,A01
201500051993,0,1,0,0.0,2.0,6.0,15.0,B01
201500051994,0,7,0,0.0,2.0,3.0,15.0,A01
201500051994,0,30,0,0.0,2.0,1.0,17.0,B01
201500051995,0,33,0,0.0,2.0,4.0,15.0,A01
201500051995,0,32,0,0.0,2.0,1.0,1.0,B01
201500051996,1,7,0,0.0,2.0,1.0,2.0,Z01
201500051996,0,7,0,0.0,2.0,4.0,23.0,A01
201500051997,0,37,0,0.0,2.0,1.0,7.0,B01
201500051997,0,7,0,0.0,2.0,4.0,12.0,A01
201500051998,0,7,0,0.0,2.0,3.0,15.0,A01
201500051998,0,30,0,0.0,2.0,0.0,17.0,B01
201500051999,0,2,0,0.0,0.0,0.0,1.0,A01
201500052000,0,7,0,0.0,2.0,2.0,15.0,A01
201500052000,0,34,0,0.0,2.0,2.0,1.0,B01
201500052001,0,34,0,0.0,2.0,3.0,9.0,A01
201500052001,0,32,0,0.0,2.0,1.0,1.0,B01
201500052002,0,7,0,0.0,2.0,2.0,1.0,A01
201500052002,0,32,0,0.0,2.0,8.0,1.0,B01
201500052003,0,7,0,0.0,2.0,8.0,22.0,A01
201500052003,0,34,0,0.0,2.0,7.0,1.0,B01
201500052004,0,2,0,0.0,0.0,7.0,1.0,A01
201500052005,0,32,0,0.0,1.0,2.0,1.0,A01
201500052006,0,7,0,0.0,2.0,1.0,2.0,A01
201500052006,0,1,0,0.0,2.0,4.0,7.0,B01
201500052007,0,7,0,0.0,2.0,2.0,16.0,B01
201500052007,0,32,0,0.0,2.0,3.0,7.0,A01
201500052008,0,33,0,0.0,2.0,8.0,1.0,A01
201500052008,1,7,0,0.0,2.0,8.0,10.0,Z01
201500052009,0,7,0,0.0,2.0,2.0,15.0,A01
201500052009,0,34,0,0.0,2.0,1.0,1.0,B01
201500052010,0,7,0,0.0,1.0,1.0,1.0,A01
201500052011,1,32,0,0.0,1.0,0.0,1.0,Z01
201500052012,0,34,0,0.0,1.0,1.0,1.0,A01
201500052013,0,7,0,0.0,1.0,5.0,23.0,A01
201500052013,0,7,0,0.0,2.0,3.0,2.0,B01
201500052014,0,10,0,0.0,1.0,4.0,20.0,A01
201500052015,0,31,0,0.0,2.0,0.0,1.0,B01
201500052015,0,7,0,0.0,2.0,5.0,22.0,A01
201500052016,0,7,0,0.0,1.0,6.0,4.0,A01
201500052017,0,7,0,0.0,2.0,3.0,15.0,A01
201500052017,0,33,0,0.0,2.0,4.0,17.0,B01
201500052018,0,32,0,0.0,2.0,7.0,17.0,A01
201500052018,0,7,0,0.0,2.0,3.0,15.0,B01
201500052019,0,32,0,0.0,0.0,7.0,1.0,A01
201500052020,0,30,0,0.0,0.0,0.0,21.0,A01
201500052021,0,2,0,0.0,2.0,7.0,1.0,A01
201500052021,1,7,0,0.0,2.0,1.0,16.0,B01
201500052022,0,10,0,0.0,1.0,4.0,20.0,A01
201500052023,0,7,0,1.0,0.0,4.0,4.0,A01
201500052024,0,32,0,0.0,2.0,3.0,7.0,A01
201500052024,0,7,0,0.0,2.0,2.0,16.0,B01
201500052025,0,7,0,0.0,2.0,0.0,1.0,A01
201500052025,0,7,0,1.0,2.0,7.0,1.0,B01
201500052026,0,7,0,12.0,0.0,3.0,1.0,A01
201500052027,0,1,0,0.0,1.0,1.0,1.0,A01
201500052028,0,1,0,0.0,2.0,0.0,0.0,A01
201500052028,1,32,0,0.0,2.0,0.0,0.0,Z01
201500052029,0,32,0,0.0,1.0,1.0,1.0,A01
201500052030,0,7,0,7.0,0.0,1.0,1.0,A01
201500052031,0,7,0,0.0,2.0,2.0,1.0,A01
201500052031,0,7,0,0.0,2.0,3.0,1.0,B01
201500052032,0,7,0,0.0,2.0,0.0,15.0,B01
201500052032,0,1,0,0.0,2.0,2.0,7.0,A01
201500052033,0,7,0,0.0,1.0,3.0,15.0,A01
201500052034,0,31,0,0.0,1.0,1.0,1.0,A01
201500052035,0,7,0,0.0,1.0,2.0,1.0,A01
201500052036,0,1,0,0.0,2.0,8.0,1.0,B01
201500052036,0,7,0,0.0,2.0,2.0,14.0,A01
201500052037,0,7,0,0.0,2.0,0.0,2.0,A01
201500052037,0,33,0,0.0,2.0,4.0,2.0,B01
201500052038,0,33,0,0.0,1.0,1.0,1.0,A01
201500052039,0,30,0,0.0,0.0,7.0,1.0,A01
201500052040,0,37,0,0.0,2.0,8.0,13.0,A01
201500052040,0,7,0,0.0,2.0,2.0,23.0,B01
201500052041,0,37,0,0.0,2.0,4.0,23.0,B01
201500052041,0,30,0,0.0,2.0,1.0,7.0,A01
201500052042,0,33,0,0.0,2.0,8.0,16.0,A01
201500052042,0,7,0,0.0,2.0,2.0,16.0,B01
201500052043,0,7,0,0.0,1.0,3.0,15.0,A01
201500052044,0,14,0,0.0,2.0,0.0,15.0,A01
201500052044,0,1,0,0.0,2.0,0.0,1.0,B01
201500052045,2,32,0,0.0,1.0,1.0,1.0,Z01
201500052046,0,7,0,0.0,2.0,2.0,15.0,A01
201500052046,0,1,0,0.0,2.0,8.0,0.0,B01
201500052047,0,33,0,0.0,1.0,2.0,1.0,A01
201500052048,0,2,0,0.0,0.0,0.0,1.0,A01
201500052049,0,7,0,0.0,2.0,6.0,2.0,B01
201500052049,0,34,0,0.0,2.0,1.0,2.0,A01
201500052050,0,32,0,1.0,2.0,2.0,1.0,A01
201500052050,0,7,0,0.0,2.0,2.0,9.0,B01
201500052051,0,7,0,9.0,0.0,1.0,14.0,A01
201500052052,0,10,0,0.0,2.0,4.0,2.0,A01
201500052052,0,33,0,0.0,2.0,0.0,23.0,B01
201500052053,0,7,0,0.0,2.0,8.0,9.0,A01
201500052053,0,1,0,0.0,2.0,7.0,1.0,B01
201500052054,0,31,0,0.0,1.0,1.0,1.0,A01
201500052055,0,7,0,0.0,2.0,1.0,10.0,A01
201500052055,0,31,0,0.0,2.0,1.0,1.0,B01
201500052056,0,7,0,0.0,2.0,2.0,9.0,A01
201500052056,0,33,0,0.0,2.0,1.0,1.0,B01
201500052057,0,10,0,0.0,1.0,1.0,15.0,A01
201500052058,0,33,0,0.0,2.0,4.0,1.0,A01
201500052058,0,7,0,0.0,2.0,1.0,1.0,B01
201500052059,0,37,0,0.0,1.0,3.0,21.0,A01
201500052060,0,2,0,0.0,2.0,1.0,1.0,A01
201500052060,0,1,0,0.0,2.0,7.0,15.0,B01
201500052061,0,30,0,12.0,0.0,2.0,14.0,A01
201500052062,0,31,0,0.0,2.0,2.0,7.0,A01
201500052062,0,10,0,0.0,2.0,2.0,16.0,B01
201500052063,0,32,0,0.0,2.0,0.0,7.0,A01
201500052063,0,33,0,0.0,2.0,0.0,16.0,B01
201500052064,0,7,0,0.0,1.0,6.0,4.0,A01
201500052065,1,32,0,0.0,2.0,1.0,7.0,Z01
201500052065,0,1,0,0.0,2.0,6.0,19.0,A01
201500052066,0,31,0,0.0,2.0,0.0,1.0,B01
201500052066,0,7,0,0.0,2.0,6.0,14.0,A01
201500052067,0,7,0,0.0,2.0,7.0,16.0,B01
201500052067,0,31,0,0.0,2.0,8.0,18.0,A01
201500052068,0,7,0,0.0,2.0,2.0,1.0,B01
201500052068,0,31,0,1.0,2.0,1.0,18.0,A01
201500052069,0,30,0,0.0,2.0,0.0,5.0,A01
201500052069,0,7,0,0.0,2.0,3.0,15.0,B01
201500052070,0,7,0,0.0,2.0,5.0,22.0,A01
201500052070,0,32,0,0.0,2.0,1.0,18.0,B01
201500052071,0,7,0,0.0,2.0,3.0,15.0,A01
201500052071,0,34,0,0.0,2.0,7.0,17.0,B01
201500052072,0,33,0,0.0,2.0,3.0,1.0,B01
201500052072,0,32,0,0.0,2.0,2.0,13.0,A01
201500052073,0,7,0,14.0,0.0,3.0,1.0,A01
201500052074,0,32,0,0.0,2.0,7.0,17.0,A01
201500052074,0,7,0,0.0,2.0,8.0,15.0,B01
201500052075,0,10,0,0.0,2.0,2.0,20.0,B01
201500052075,0,33,0,0.0,2.0,3.0,18.0,A01
201500052076,0,31,0,0.0,0.0,0.0,7.0,A01
201500052077,1,32,0,0.0,1.0,0.0,17.0,Z01
201500052078,0,34,0,0.0,2.0,1.0,1.0,A01
201500052078,0,7,0,0.0,2.0,3.0,1.0,B01
201500052079,0,7,0,0.0,2.0,3.0,13.0,A01
201500052079,0,2,0,0.0,2.0,7.0,1.0,B01
201500052080,0,7,0,0.0,1.0,1.0,1.0,A01
201500052081,0,37,3,0.0,2.0,1.0,1.0,B01
201500052081,0,2,0,0.0,2.0,1.0,1.0,A01
201500052082,1,7,0,0.0,1.0,3.0,1.0,Z01
201500052083,0,33,0,0.0,0.0,0.0,1.0,A01
201500052084,0,32,0,0.0,0.0,1.0,1.0,A01
201500052085,0,7,0,0.0,1.0,3.0,1.0,A01
201500052086,0,37,4,0.0,1.0,3.0,7.0,A01
201500052087,0,31,0,0.0,0.0,0.0,1.0,A01
201500052088,0,1,0,0.0,2.0,4.0,1.0,B01
201500052088,0,7,0,0.0,2.0,1.0,13.0,A01
201500052089,0,7,0,0.0,1.0,3.0,16.0,A01
201500052090,0,33,0,0.0,0.0,0.0,21.0,A01
201500052091,0,7,0,0.0,2.0,1.0,2.0,B01
201500052091,0,7,0,0.0,1.0,1.0,23.0,A01
201500052092,0,7,0,0.0,2.0,1.0,15.0,A01
201500052092,0,32,0,0.0,2.0,8.0,1.0,B01
201500052093,0,7,0,0.0,1.0,1.0,16.0,A01
201500052094,0,7,0,15.0,2.0,1.0,11.0,A01
201500052094,0,7,0,0.0,2.0,7.0,1.0,B01
201500052095,0,1,0,0.0,1.0,7.0,1.0,A01
201500052096,0,1,0,0.0,1.0,1.0,1.0,A01
201500052097,0,7,0,0.0,2.0,1.0,15.0,A01
201500052097,0,2,0,0.0,2.0,1.0,1.0,B01
201500052098,0,7,0,0.0,1.0,1.0,1.0,A01
201500052099,0,13,0,0.0,2.0,3.0,2.0,A01
201500052099,0,7,0,0.0,2.0,5.0,2.0,B01
201500052099,0,7,0,0.0,2.0,4.0,2.0,C01
201500052100,0,33,0,0.0,1.0,0.0,1.0,A01
201500052101,0,1,0,0.0,2.0,1.0,17.0,B01
201500052101,0,7,0,0.0,2.0,5.0,14.0,A01
201500052102,0,32,0,0.0,2.0,2.0,1.0,A01
201500052102,0,7,0,0.0,2.0,1.0,1.0,B01
201500052103,0,7,0,0.0,2.0,1.0,1.0,A01
201500052103,0,7,0,0.0,2.0,8.0,1.0,B01
201500052104,0,32,0,0.0,2.0,1.0,1.0,B01
201500052104,0,7,0,0.0,2.0,8.0,10.0,A01
201500052105,0,30,0,0.0,1.0,1.0,1.0,A01
201500052106,0,14,0,0.0,2.0,3.0,15.0,A01
201500052106,0,7,0,0.0,2.0,4.0,23.0,B01
201500052107,0,7,0,0.0,1.0,1.0,1.0,A01
201500052108,0,7,0,0.0,1.0,4.0,4.0,A01
201500052109,0,7,0,0.0,1.0,4.0,20.0,A01