Num_Acc,senc,catv,occutc,obs,obsm,choc,manv,num_veh
201500052110,0,7,0,0.0,2.0,2.0,15.0,B01
201500052110,0,31,0,0.0,2.0,1.0,1.0,A01
201500052111,0,33,0,0.0,1.0,2.0,1.0,A01
201500052112,0,30,0,0.0,0.0,1.0,1.0,A01
201500052113,0,30,0,0.0,1.0,1.0,1.0,A01
201500052114,0,30,0,0.0,2.0,1.0,1.0,B01
201500052114,0,7,0,0.0,2.0,7.0,16.0,A01
201500052115,0,33,0,0.0,1.0,1.0,17.0,A01
201500052116,0,7,0,14.0,0.0,2.0,1.0,A01
201500052117,0,34,0,0.0,1.0,1.0,17.0,A01
201500052118,0,30,0,0.0,1.0,1.0,3.0,A01
201500052119,0,7,0,2.0,0.0,1.0,14.0,A01
201500052120,1,33,0,0.0,1.0,1.0,1.0,Z01
201500052121,0,7,0,0.0,1.0,7.0,7.0,A01
201500052122,0,30,0,0.0,2.0,8.0,1.0,B01
201500052122,0,7,0,0.0,2.0,2.0,10.0,A01
201500052123,0,7,0,11.0,0.0,1.0,1.0,A01
201500052124,0,7,0,0.0,1.0,2.0,1.0,A01
201500052125,0,30,0,0.0,2.0,3.0,2.0,A01
201500052125,0,7,0,0.0,2.0,5.0,23.0,B01
201500052126,1,30,0,0.0,1.0,1.0,1.0,Z01
201500052127,0,33,0,0.0,2.0,1.0,1.0,B01
201500052127,0,31,0,0.0,2.0,1.0,14.0,A01
201500052128,0,7,0,0.0,2.0,1.0,2.0,A01
201500052128,0,7,0,0.0,2.0,4.0,23.0,B01
201500052129,0,30,0,0.0,2.0,1.0,13.0,A01
201500052129,0,32,0,0.0,2.0,7.0,21.0,C01
201500052129,0,33,0,0.0,2.0,1.0,5.0,B01
201500052130,0,7,0,0.0,1.0,8.0,1.0,A01
201500052131,1,10,0,0.0,2.0,6.0,1.0,Z01
201500052131,0,33,0,0.0,2.0,1.0,1.0,A01
201500052132,0,31,0,11.0,0.0,1.0,1.0,A01
201500052133,1,7,0,0.0,2.0,5.0,14.0,Z01
201500052133,0,37,2,0.0,2.0,3.0,7.0,A01
201500052134,0,30,0,1.0,2.0,1.0,1.0,A01
201500052134,0,7,0,0.0,2.0,6.0,24.0,B01
201500052134,0,7,0,0.0,2.0,3.0,1.0,C01
201500052135,0,10,0,11.0,0.0,1.0,14.0,A01
201500052136,0,7,0,11.0,0.0,1.0,1.0,A01
201500052137,0,31,0,0.0,2.0,3.0,1.0,B01
201500052137,0,7,0,0.0,2.0,2.0,16.0,A01
201500052138,0,1,0,0.0,2.0,8.0,18.0,A01
201500052138,0,14,0,0.0,2.0,7.0,1.0,B01
201500052139,0,31,0,0.0,1.0,1.0,1.0,A01
201500052140,0,7,0,0.0,2.0,1.0,17.0,A01
201500052140,0,33,0,0.0,2.0,8.0,15.0,B01
201500052141,0,31,0,0.0,1.0,1.0,1.0,A01
201500052142,0,2,0,0.0,2.0,3.0,18.0,B01
201500052142,0,7,0,0.0,2.0,2.0,22.0,A01
201500052143,0,30,0,0.0,2.0,1.0,1.0,A01
201500052143,0,7,0,0.0,2.0,0.0,1.0,B01
201500052144,0,7,0,0.0,2.0,8.0,11.0,A01
201500052144,0,31,0,0.0,2.0,7.0,1.0,B01
201500052145,0,34,0,0.0,2.0,7.0,17.0,B01
201500052145,0,7,0,0.0,2.0,3.0,15.0,A01
201500052146,1,30,0,0.0,1.0,3.0,1.0,Z01
201500052147,0,1,0,0.0,2.0,8.0,1.0,B01
201500052147,0,7,0,0.0,2.0,2.0,1.0,A01
201500052148,0,7,0,0.0,1.0,1.0,1.0,A01
201500052149,0,1,0,0.0,2.0,1.0,15.0,A01
201500052149,0,30,0,0.0,2.0,1.0,1.0,B01
201500052150,0,7,0,0.0,1.0,2.0,16.0,A01
201500052151,0,33,0,0.0,2.0,7.0,18.0,B01
201500052151,0,14,0,0.0,2.0,2.0,1.0,A01
201500052152,0,7,0,0.0,2.0,1.0,2.0,A01
201500052152,0,33,0,0.0,2.0,4.0,23.0,B01
201500052153,0,7,0,0.0,1.0,4.0,4.0,A01
201500052154,1,30,0,0.0,1.0,0.0,0.0,Z01
201500052155,0,30,0,0.0,2.0,8.0,1.0,B01
201500052155,0,7,0,0.0,2.0,2.0,16.0,A01
201500052156,0,10,0,1.0,1.0,9.0,1.0,A01
201500052157,0,7,0,0.0,2.0,4.0,2.0,B01
201500052157,0,10,0,0.0,2.0,4.0,2.0,C01
201500052157,0,10,0,0.0,2.0,1.0,2.0,A01
201500052158,0,10,0,0.0,1.0,5.0,1.0,A01
201500052159,0,7,0,0.0,2.0,1.0,10.0,A01
201500052159,0,30,0,0.0,2.0,3.0,1.0,B01
201500052160,0,33,0,0.0,0.0,7.0,21.0,A01
201500052161,0,30,0,0.0,2.0,1.0,1.0,B01
201500052161,0,7,0,0.0,2.0,7.0,15.0,A01
201500052162,0,1,0,0.0,2.0,1.0,15.0,B01
201500052162,0,10,0,0.0,2.0,6.0,4.0,A01
201500052163,0,10,0,0.0,2.0,2.0,15.0,A01
201500052163,0,33,0,0.0,2.0,1.0,1.0,B01
201500052164,0,7,0,0.0,2.0,2.0,1.0,A01
201500052164,0,1,0,0.0,2.0,3.0,13.0,B01
201500052165,0,1,0,0.0,2.0,1.0,1.0,A01
201500052165,1,30,0,0.0,2.0,1.0,1.0,Z01
201500052166,0,31,0,0.0,1.0,0.0,1.0,A01
201500052167,0,7,0,0.0,2.0,7.0,22.0,A01
201500052167,0,7,0,0.0,2.0,8.0,1.0,C01
201500052167,0,32,0,0.0,2.0,8.0,3.0,B01
201500052168,0,33,0,0.0,2.0,4.0,1.0,B01
201500052168,0,1,0,0.0,2.0,1.0,1.0,A01
201500052169,0,32,0,0.0,1.0,1.0,1.0,A01
201500052170,0,7,0,0.0,2.0,5.0,23.0,B01
201500052170,0,30,0,0.0,2.0,3.0,2.0,A01
201500052171,0,7,0,0.0,2.0,3.0,16.0,A01
201500052171,0,1,0,11.0,2.0,3.0,1.0,B01
201500052172,0,1,0,0.0,1.0,1.0,1.0,A01
201500052173,0,7,0,0.0,1.0,1.0,1.0,A01
201500052174,0,7,0,0.0,1.0,1.0,1.0,A01
201500052175,0,32,0,14.0,9.0,4.0,1.0,A01
201500052176,0,34,0,0.0,2.0,1.0,1.0,B01
201500052176,0,7,0,0.0,2.0,3.0,1.0,A01
201500052177,0,7,0,0.0,2.0,1.0,2.0,A01
201500052177,0,32,0,0.0,2.0,4.0,2.0,B01
201500052177,0,33,0,0.0,2.0,4.0,2.0,C01
201500052178,0,7,0,0.0,1.0,3.0,15.0,A01
201500052179,0,10,0,0.0,2.0,8.0,15.0,B01
201500052179,0,1,0,0.0,2.0,1.0,1.0,A01
201500052180,0,1,0,0.0,2.0,1.0,1.0,B01
201500052180,0,7,0,0.0,2.0,1.0,15.0,A01
201500052181,0,33,0,0.0,1.0,1.0,1.0,A01
201500052182,0,30,0,0.0,2.0,3.0,17.0,A01
201500052182,0,7,0,0.0,2.0,6.0,15.0,B01
201500052183,0,30,0,14.0,2.0,0.0,17.0,A01
201500052183,0,7,0,0.0,2.0,3.0,1.0,B01
201500052184,0,31,0,0.0,0.0,1.0,21.0,A01
201500052185,0,7,0,0.0,1.0,2.0,1.0,A01
201500052186,0,34,0,0.0,0.0,8.0,1.0,A01
201500052187,0,7,0,0.0,2.0,5.0,22.0,A01
201500052187,0,1,0,0.0,2.0,8.0,1.0,B01
201500052188,0,7,0,0.0,1.0,7.0,1.0,A01
201500052189,0,2,0,0.0,2.0,1.0,15.0,B01
201500052189,0,7,0,0.0,2.0,1.0,1.0,A01
201500052190,0,37,0,0.0,2.0,8.0,1.0,A01
201500052190,0,7,0,0.0,2.0,8.0,1.0,B01
201500052191,0,2,0,0.0,2.0,1.0,18.0,A01
201500052191,0,7,0,0.0,2.0,5.0,16.0,B01
201500052192,0,7,0,0.0,1.0,8.0,15.0,A01
201500052193,0,2,0,0.0,1.0,1.0,5.0,A01
201500052194,0,30,0,0.0,1.0,1.0,5.0,A01
201500052195,0,1,0,0.0,2.0,8.0,3.0,A01
201500052195,0,14,0,0.0,2.0,7.0,1.0,B01
201500052196,0,34,0,0.0,1.0,5.0,1.0,A01
201500052197,0,7,0,0.0,2.0,1.0,1.0,A01
201500052197,0,32,0,0.0,2.0,7.0,1.0,B01
201500052198,0,13,0,0.0,2.0,0.0,22.0,B01
201500052198,0,10,0,0.0,2.0,8.0,1.0,A01
201500052199,0,10,0,0.0,2.0,7.0,16.0,A01
201500052199,0,1,0,0.0,2.0,8.0,1.0,B01
201500052200,0,2,0,0.0,2.0,1.0,2.0,B01
201500052200,0,10,0,0.0,2.0,4.0,4.0,A01
201500052201,0,31,0,0.0,1.0,0.0,1.0,A01
201500052202,0,7,0,0.0,1.0,2.0,1.0,A01
201500052203,0,10,0,14.0,0.0,1.0,1.0,A01
201500052204,0,10,0,0.0,2.0,4.0,24.0,C01
201500052204,0,37,0,0.0,2.0,7.0,23.0,B01
201500052204,0,38,0,1.0,2.0,1.0,1.0,A01
201500052205,0,33,0,1.0,0.0,0.0,14.0,A01
201500052206,0,34,0,0.0,0.0,1.0,1.0,A01
201500052207,0,14,0,9.0,1.0,4.0,4.0,A01
201500052208,0,30,0,0.0,2.0,1.0,1.0,B01
201500052208,0,7,0,0.0,2.0,2.0,15.0,A01
201500052209,0,2,0,0.0,1.0,7.0,1.0,A01
201500052210,0,33,0,0.0,2.0,1.0,1.0,B01
201500052210,0,7,0,0.0,2.0,3.0,15.0,A01
201500052211,0,34,0,0.0,2.0,2.0,2.0,A01
201500052211,0,7,0,0.0,2.0,6.0,2.0,B01
201500052211,0,7,0,0.0,2.0,6.0,1.0,C01
201500052212,0,30,0,11.0,2.0,1.0,13.0,A01
201500052212,0,7,0,0.0,9.0,1.0,1.0,B01
201500052213,0,1,0,0.0,1.0,1.0,1.0,A01
201500052214,0,7,0,6.0,0.0,1.0,13.0,A01
201500052215,0,31,0,0.0,2.0,0.0,1.0,B01
201500052215,0,1,0,0.0,2.0,0.0,1.0,A01
201500052216,0,37,0,0.0,1.0,0.0,1.0,A01
201500052217,0,2,0,0.0,2.0,0.0,13.0,A01
201500052217,0,1,0,0.0,2.0,0.0,15.0,B01
201500052218,0,31,0,0.0,0.0,2.0,1.0,B01
201500052218,0,7,0,0.0,0.0,2.0,9.0,A01
201500052219,0,33,0,0.0,1.0,3.0,1.0,A01
201500052220,0,7,0,0.0,2.0,2.0,16.0,B01
201500052220,0,33,0,0.0,2.0,3.0,7.0,A01
201500052221,0,7,0,0.0,2.0,1.0,1.0,A01
201500052221,0,1,0,0.0,2.0,4.0,1.0,B01
201500052222,0,7,0,0.0,2.0,1.0,1.0,A01
201500052222,0,7,0,0.0,2.0,7.0,1.0,B01
201500052223,0,1,0,0.0,2.0,2.0,19.0,A01
201500052223,0,30,0,0.0,2.0,1.0,1.0,B01
201500052224,0,7,0,0.0,2.0,1.0,1.0,A01
201500052224,0,7,0,0.0,2.0,4.0,1.0,C01
201500052224,0,7,0,0.0,2.0,4.0,1.0,B01
201500052225,0,1,0,0.0,1.0,1.0,7.0,A01
201500052226,0,7,0,0.0,2.0,3.0,15.0,A01
201500052226,0,33,0,0.0,2.0,1.0,17.0,B01
201500052227,0,33,0,0.0,1.0,1.0,1.0,A01
201500052228,0,7,0,0.0,2.0,2.0,15.0,B01
201500052228,0,30,0,0.0,2.0,1.0,1.0,A01
201500052229,1,7,0,0.0,1.0,0.0,1.0,Z01
201500052230,0,1,0,0.0,2.0,7.0,1.0,B01
201500052230,0,7,0,0.0,2.0,3.0,22.0,A01
201500052231,0,7,0,0.0,2.0,2.0,10.0,A01
201500052231,0,34,0,0.0,2.0,1.0,1.0,B01
201500052232,1,2,0,0.0,1.0,0.0,1.0,Z01
201500052233,0,7,0,0.0,2.0,0.0,15.0,A01
201500052233,0,33,0,0.0,2.0,5.0,17.0,B01
201500052234,0,30,0,0.0,2.0,1.0,1.0,A01
201500052234,0,7,0,0.0,2.0,6.0,14.0,B01
201500052235,0,7,0,8.0,0.0,1.0,1.0,A01
201500052236,0,1,0,0.0,1.0,0.0,1.0,A01
201500052237,0,2,0,0.0,2.0,1.0,17.0,B01
201500052237,0,7,0,0.0,2.0,8.0,15.0,A01
201500052238,0,7,0,0.0,2.0,3.0,1.0,B01
201500052238,0,30,0,0.0,2.0,1.0,1.0,A01
201500052239,2,7,0,9.0,0.0,2.0,1.0,Z01
201500052240,0,1,0,0.0,1.0,1.0,5.0,A01
201500052241,0,37,0,0.0,2.0,7.0,23.0,B01
201500052241,0,32,0,0.0,2.0,3.0,1.0,A01
201500052242,0,32,0,0.0,1.0,1.0,17.0,A01
201500052243,0,7,0,0.0,2.0,2.0,10.0,A01
201500052243,0,30,0,0.0,2.0,8.0,1.0,B01
201500052244,0,7,0,0.0,2.0,3.0,15.0,B01
201500052244,0,31,0,0.0,2.0,7.0,17.0,A01
201500052245,0,2,0,0.0,2.0,1.0,1.0,A01
201500052245,0,7,0,0.0,2.0,7.0,1.0,B01
201500052246,0,31,0,0.0,2.0,0.0,1.0,B01
201500052246,0,7,0,0.0,2.0,2.0,1.0,A01
201500052247,1,30,0,0.0,1.0,1.0,1.0,Z01
201500052248,0,7,0,0.0,2.0,3.0,15.0,A01
201500052248,0,31,0,0.0,2.0,2.0,1.0,B01
201500052249,0,1,0,0.0,1.0,0.0,1.0,A01
201500052250,0,10,0,0.0,2.0,2.0,16.0,B01
201500052250,0,34,0,0.0,2.0,5.0,18.0,A01
201500052251,0,1,0,0.0,2.0,6.0,2.0,A01
201500052251,1,33,0,0.0,2.0,2.0,2.0,Z01
201500052252,0,7,0,0.0,1.0,0.0,1.0,A01
201500052253,0,7,0,1.0,2.0,1.0,1.0,B01
201500052253,0,31,0,0.0,2.0,1.0,1.0,A01
201500052254,0,2,0,0.0,2.0,0.0,1.0,B01
201500052254,0,7,0,0.0,2.0,0.0,10.0,A01
201500052255,0,7,0,0.0,1.0,1.0,1.0,A01
201500052256,0,7,0,0.0,1.0,4.0,4.0,A01
201500052257,0,34,0,0.0,0.0,8.0,14.0,A01
201500052258,0,1,0,0.0,2.0,0.0,1.0,B01
201500052258,0,7,0,0.0,2.0,6.0,22.0,A01
201500052259,0,33,0,0.0,2.0,8.0,1.0,A01
201500052259,1,7,0,0.0,2.0,7.0,16.0,Z01
201500052260,0,7,0,15.0,0.0,1.0,1.0,A01
201500052261,0,1,0,0.0,0.0,1.0,21.0,A01
201500052262,0,32,0,0.0,1.0,0.0,1.0,A01
201500052263,0,7,0,11.0,0.0,2.0,21.0,A01
201500052264,1,7,0,0.0,2.0,0.0,5.0,Z01
201500052264,0,2,0,0.0,2.0,1.0,2.0,B01
201500052264,0,7,0,0.0,2.0,4.0,2.0,A01
201500052265,0,37,0,0.0,1.0,7.0,1.0,A01
201500052266,0,2,0,0.0,2.0,3.0,10.0,A01
201500052266,0,31,0,0.0,2.0,5.0,1.0,B01
201500052267,0,2,0,0.0,2.0,0.0,1.0,A01
201500052267,0,7,0,0.0,2.0,3.0,1.0,B01
201500052268,1,7,0,0.0,1.0,2.0,1.0,Z01
201500052269,0,34,0,0.0,2.0,1.0,1.0,B01
201500052269,0,10,0,0.0,2.0,3.0,15.0,A01
201500052270,0,7,0,0.0,2.0,8.0,16.0,A01
201500052270,0,1,0,0.0,2.0,0.0,1.0,B01
201500052271,0,32,0,0.0,2.0,3.0,1.0,A01
201500052271,1,7,0,0.0,2.0,0.0,15.0,Z01
201500052272,0,1,0,0.0,2.0,0.0,1.0,B01
201500052272,0,7,0,0.0,2.0,0.0,22.0,A01
201500052273,0,7,0,0.0,2.0,2.0,22.0,A01
201500052273,0,1,0,0.0,2.0,1.0,1.0,B01
201500052274,0,7,0,0.0,2.0,2.0,14.0,A01
201500052274,0,30,0,0.0,2.0,3.0,1.0,B01
201500052275,0,7,0,7.0,0.0,2.0,13.0,A01
201500052276,0,7,0,0.0,2.0,7.0,22.0,A01
201500052276,0,1,0,0.0,2.0,1.0,1.0,B01
201500052277,0,2,0,0.0,2.0,1.0,1.0,B01
201500052277,0,7,0,0.0,2.0,7.0,15.0,A01
201500052278,0,7,0,0.0,1.0,3.0,1.0,A01
201500052279,0,7,0,0.0,2.0,1.0,15.0,A01
201500052279,0,33,0,0.0,2.0,1.0,1.0,B01
201500052280,0,7,0,0.0,2.0,6.0,10.0,A01
201500052280,0,2,0,0.0,2.0,1.0,1.0,B01
201500052281,1,31,0,0.0,1.0,1.0,1.0,Z01
201500052282,0,10,0,0.0,1.0,1.0,15.0,A01
201500052283,0,7,0,0.0,2.0,0.0,15.0,A01
201500052283,0,31,0,0.0,2.0,0.0,17.0,B01
201500052284,0,2,0,0.0,2.0,4.0,2.0,B01
201500052284,0,7,0,0.0,2.0,3.0,2.0,A01
201500052285,0,30,0,0.0,1.0,3.0,5.0,A01
201500052286,0,7,0,0.0,2.0,1.0,2.0,B01
201500052286,0,13,0,0.0,2.0,4.0,4.0,A01
201500052287,0,30,0,0.0,2.0,1.0,17.0,A01
201500052287,0,31,0,0.0,2.0,1.0,1.0,B01
201500052288,0,31,0,0.0,2.0,1.0,15.0,A01
201500052288,0,7,0,0.0,2.0,8.0,1.0,B01
201500052289,0,7,0,0.0,2.0,2.0,10.0,A01
201500052289,0,31,0,1.0,2.0,0.0,1.0,B01
201500052290,0,32,0,0.0,2.0,1.0,1.0,B01
201500052290,0,7,0,0.0,2.0,5.0,15.0,A01
201500052291,0,7,0,0.0,2.0,3.0,23.0,C01
201500052291,0,10,0,0.0,2.0,9.0,1.0,A01
201500052291,0,10,0,8.0,2.0,1.0,1.0,B01
201500052292,1,1,0,0.0,1.0,0.0,1.0,Z01
201500052293,0,33,0,0.0,0.0,0.0,21.0,A01
201500052294,0,2,0,0.0,2.0,1.0,1.0,B01
201500052294,0,7,0,0.0,2.0,2.0,15.0,A01
201500052295,0,31,0,0.0,1.0,2.0,1.0,A01
201500052296,0,31,0,0.0,2.0,1.0,17.0,A01
201500052296,1,7,0,0.0,2.0,0.0,15.0,Z01
201500052297,0,10,0,0.0,2.0,8.0,9.0,A01
201500052297,0,33,0,0.0,2.0,1.0,1.0,B01
201500052298,0,30,0,0.0,2.0,1.0,1.0,B01
201500052298,0,7,0,0.0,2.0,2.0,1.0,A01
201500052299,0,7,0,0.0,2.0,1.0,10.0,A01
201500052299,0,32,0,0.0,2.0,1.0,1.0,B01
201500052300,0,7,0,1.0,0.0,1.0,14.0,A01
201500052301,0,33,0,0.0,1.0,1.0,1.0,A01
201500052302,0,2,0,12.0,1.0,1.0,17.0,A01
201500052303,0,7,0,1.0,0.0,2.0,1.0,A01
201500052304,0,32,0,12.0,0.0,8.0,1.0,A01
201500052305,0,34,0,0.0,1.0,1.0,1.0,A01
201500052306,0,33,0,1.0,0.0,7.0,14.0,A01
201500052307,0,2,0,0.0,1.0,1.0,1.0,A01
201500052308,0,1,0,0.0,2.0,8.0,1.0,A01
201500052308,0,30,0,0.0,2.0,8.0,1.0,B01
201500052309,0,34,0,0.0,2.0,1.0,1.0,A01
201500052309,0,7,0,0.0,2.0,5.0,1.0,B01
201500052310,0,30,0,0.0,2.0,3.0,18.0,A01
201500052310,0,7,0,0.0,2.0,2.0,16.0,B01
201500052311,0,7,0,0.0,2.0,3.0,10.0,A01
201500052311,0,33,0,0.0,2.0,2.0,1.0,B01
201500052312,0,7,0,0.0,1.0,3.0,1.0,A01
201500052313,0,10,0,0.0,2.0,7.0,15.0,A01
201500052313,0,1,0,0.0,2.0,1.0,1.0,B01
201500052314,0,30,0,0.0,2.0,3.0,1.0,B01
201500052314,0,7,0,0.0,2.0,1.0,15.0,A01
201500052315,0,7,0,0.0,2.0,1.0,2.0,A01
201500052315,0,1,0,0.0,2.0,4.0,23.0,B01
201500052316,0,7,0,0.0,1.0,1.0,15.0,A01
201500052317,1,30,0,0.0,1.0,0.0,1.0,Z01
201500052318,0,7,0,0.0,1.0,1.0,7.0,A01
201500052319,0,7,0,0.0,2.0,2.0,1.0,A01
201500052319,0,32,0,0.0,2.0,6.0,1.0,B01
201500052320,0,30,0,0.0,0.0,0.0,1.0,A01
201500052321,0,2,0,0.0,0.0,7.0,1.0,A01
201500052322,0,7,0,0.0,1.0,2.0,1.0,A01
201500052323,0,33,0,0.0,1.0,2.0,1.0,A01
201500052324,1,7,0,0.0,1.0,2.0,1.0,Z01
201500052325,0,1,0,8.0,2.0,4.0,1.0,B01
201500052325,0,7,0,0.0,2.0,6.0,16.0,A01
201500052326,0,10,0,0.0,2.0,2.0,15.0,A01
201500052326,0,33,0,0.0,2.0,3.0,1.0,B01
201500052327,0,10,0,0.0,1.0,5.0,16.0,A01
201500052328,0,7,0,0.0,2.0,3.0,10.0,A01
201500052328,0,30,0,0.0,2.0,2.0,1.0,B01
201500052329,1,1,0,0.0,1.0,1.0,5.0,Z01
201500052330,0,2,0,0.0,2.0,1.0,1.0,B01
201500052330,0,7,0,0.0,2.0,2.0,10.0,A01
201500052331,0,10,0,0.0,2.0,8.0,22.0,A01
201500052331,0,1,0,0.0,2.0,2.0,7.0,B01
201500052332,1,32,0,0.0,1.0,1.0,1.0,Z01
201500052333,0,7,0,0.0,2.0,8.0,1.0,B01
201500052333,0,1,0,0.0,2.0,1.0,1.0,A01
201500052334,0,7,0,0.0,1.0,2.0,1.0,A01
201500052335,0,7,0,0.0,1.0,1.0,1.0,A01
201500052336,0,2,0,14.0,2.0,7.0,1.0,A01
201500052336,1,7,0,0.0,2.0,0.0,13.0,Z01
201500052337,0,7,0,0.0,2.0,4.0,2.0,B01
201500052337,0,31,0,0.0,2.0,1.0,2.0,A01
201500052338,0,1,0,0.0,0.0,0.0,7.0,A01
201500052339,0,2,0,0.0,0.0,1.0,1.0,A01
201500052340,0,7,0,0.0,2.0,6.0,2.0,B01
201500052340,0,30,0,0.0,2.0,1.0,2.0,A01
201500052341,0,31,0,0.0,2.0,2.0,17.0,B01
201500052341,0,7,0,0.0,2.0,8.0,10.0,A01
201500052342,0,7,0,1.0,0.0,2.0,14.0,A01
201500052343,0,7,0,0.0,2.0,7.0,1.0,B01
201500052343,0,2,0,0.0,2.0,1.0,1.0,A01
201500052344,0,1,0,0.0,1.0,1.0,1.0,A01
201500052345,0,7,0,0.0,2.0,1.0,2.0,A01
201500052345,0,10,0,0.0,2.0,4.0,2.0,B01
201500052346,0,33,0,0.0,2.0,5.0,15.0,B01
201500052346,0,2,0,0.0,2.0,2.0,17.0,A01
201500052347,0,31,0,0.0,2.0,2.0,1.0,A01
201500052347,0,7,0,0.0,2.0,0.0,9.0,B01
201500052348,0,7,0,0.0,2.0,2.0,16.0,A01
201500052348,0,2,0,1.0,2.0,1.0,18.0,B01
201500052349,0,34,0,14.0,1.0,1.0,1.0,A01
201500052350,0,7,0,0.0,2.0,3.0,15.0,A01
201500052350,0,32,0,0.0,2.0,1.0,1.0,B01
201500052351,1,31,0,0.0,2.0,1.0,15.0,Z01
201500052351,0,32,0,0.0,2.0,7.0,1.0,A01
201500052352,0,31,0,0.0,2.0,1.0,1.0,B01
201500052352,0,7,0,0.0,2.0,8.0,10.0,A01
201500052353,0,7,0,0.0,2.0,2.0,1.0,A01
201500052353,0,31,0,0.0,2.0,1.0,1.0,B01
201500052354,0,1,0,0.0,2.0,4.0,1.0,B01
201500052354,1,7,0,0.0,2.0,1.0,1.0,A01
201500052355,1,30,0,0.0,2.0,0.0,1.0,Z01
201500052355,0,1,0,0.0,2.0,1.0,1.0,A01
201500052356,0,7,0,0.0,2.0,1.0,1.0,A01
201500052356,0,7,0,0.0,2.0,2.0,16.0,B01
201500052357,0,7,0,0.0,2.0,1.0,1.0,A01
201500052357,0,33,0,0.0,2.0,8.0,1.0,B01
201500052358,0,31,0,0.0,1.0,1.0,1.0,A01
201500052359,0,7,0,0.0,2.0,1.0,15.0,A01
201500052359,0,1,0,0.0,2.0,1.0,5.0,B01
201500052360,0,1,0,0.0,2.0,0.0,1.0,A01
201500052360,0,32,0,0.0,2.0,6.0,5.0,B01
201500052361,0,32,0,0.0,0.0,8.0,21.0,A01
201500052362,0,7,0,0.0,2.0,3.0,1.0,B01
201500052362,0,32,0,0.0,2.0,5.0,1.0,A01
201500052363,0,7,0,0.0,2.0,3.0,2.0,A01
201500052363,0,7,0,0.0,2.0,5.0,2.0,B01
201500052364,0,1,0,0.0,2.0,0.0,1.0,B01
201500052364,0,7,0,0.0,2.0,2.0,16.0,A01
201500052365,0,7,0,0.0,2.0,3.0,10.0,A01
201500052365,0,30,0,0.0,2.0,2.0,1.0,B01
201500052366,0,30,0,14.0,2.0,1.0,1.0,A01
201500052366,1,7,0,0.0,2.0,0.0,13.0,Z01
201500052367,0,33,0,0.0,0.0,3.0,15.0,A01
201500052368,0,2,0,0.0,2.0,1.0,17.0,B01
201500052368,0,10,0,0.0,2.0,8.0,13.0,A01
201500052369,0,7,0,0.0,2.0,2.0,10.0,A01
201500052369,0,32,0,0.0,2.0,1.0,1.0,B01
201500052370,0,7,0,0.0,2.0,2.0,16.0,B01
201500052370,0,30,0,0.0,2.0,1.0,18.0,A01
201500052371,0,1,0,0.0,2.0,7.0,1.0,B01
201500052371,0,7,0,0.0,2.0,3.0,15.0,A01
201500052372,0,7,0,0.0,2.0,2.0,1.0,B01
201500052372,0,31,0,0.0,2.0,8.0,1.0,A01
201500052373,0,7,0,0.0,1.0,1.0,1.0,A01
201500052374,1,7,0,0.0,2.0,2.0,1.0,Z01
201500052374,0,7,0,0.0,2.0,3.0,16.0,A01
201500052375,0,7,0,0.0,1.0,6.0,4.0,A01
201500052376,0,33,0,0.0,2.0,1.0,17.0,B01
201500052376,0,7,0,1.0,2.0,8.0,10.0,A01
201500052377,0,32,0,0.0,2.0,8.0,1.0,B01
201500052377,0,7,0,0.0,2.0,2.0,1.0,A01
201500052378,1,7,0,0.0,1.0,3.0,1.0,Z01
201500052379,0,1,0,0.0,2.0,1.0,1.0,B01
201500052379,0,7,0,0.0,2.0,3.0,10.0,A01
201500052380,0,7,0,0.0,2.0,1.0,2.0,A01
201500052380,0,1,0,0.0,2.0,4.0,23.0,B01
201500052381,0,37,2,0.0,2.0,1.0,1.0,A01
201500052381,0,7,0,0.0,2.0,4.0,23.0,B01
201500052382,0,7,0,0.0,1.0,2.0,1.0,A01
201500052383,0,7,0,0.0,1.0,3.0,1.0,A01
201500052384,0,7,0,0.0,1.0,5.0,4.0,A01
201500052385,0,30,0,0.0,1.0,0.0,17.0,A01
201500052386,0,7,0,0.0,2.0,7.0,1.0,A01
201500052386,0,1,0,0.0,2.0,1.0,1.0,B01
201500052387,0,7,0,0.0,2.0,8.0,22.0,A01
201500052387,0,1,0,1.0,2.0,1.0,1.0,B01
201500052388,0,7,0,0.0,2.0,6.0,1.0,A01
201500052388,0,30,0,0.0,2.0,1.0,23.0,B01
201500052389,0,7,0,0.0,2.0,2.0,15.0,A01
201500052389,0,2,0,0.0,2.0,1.0,1.0,B01
201500052390,0,7,0,0.0,2.0,2.0,1.0,B01
201500052390,0,7,0,8.0,2.0,0.0,16.0,A01
201500052391,0,30,0,0.0,2.0,0.0,2.0,A01
201500052391,0,7,0,0.0,2.0,0.0,23.0,B01
201500052392,0,7,0,0.0,1.0,2.0,1.0,A01
201500052393,0,2,0,0.0,2.0,1.0,18.0,A01
201500052393,0,7,0,0.0,2.0,5.0,22.0,B01
201500052394,0,10,0,0.0,2.0,2.0,1.0,A01
201500052394,0,31,0,0.0,2.0,3.0,1.0,B01
201500052395,0,33,0,1.0,2.0,1.0,1.0,B01
201500052395,0,7,0,0.0,2.0,3.0,15.0,A01
201500052396,0,34,0,0.0,2.0,1.0,1.0,A01