Num_Acc,senc,catv,occutc,obs,obsm,choc,manv,num_veh
201500052396,0,32,0,0.0,2.0,3.0,1.0,B01
201500052397,0,2,0,0.0,0.0,7.0,1.0,A01
201500052398,0,33,0,0.0,2.0,1.0,1.0,B01
201500052398,0,7,0,1.0,2.0,2.0,15.0,A01
201500052399,0,31,0,0.0,1.0,1.0,1.0,A01
201500052400,0,31,0,0.0,0.0,1.0,21.0,A01
201500052401,1,7,0,0.0,2.0,7.0,10.0,Z01
201500052401,0,30,0,0.0,2.0,8.0,1.0,B01
201500052402,1,7,0,0.0,1.0,2.0,1.0,Z01
201500052403,0,32,0,0.0,2.0,1.0,9.0,A01
201500052403,0,1,0,0.0,2.0,4.0,1.0,B01
201500052404,1,7,0,0.0,2.0,4.0,16.0,Z01
201500052404,0,32,0,0.0,2.0,1.0,1.0,A01
201500052405,1,7,0,0.0,2.0,0.0,15.0,Z01
201500052405,0,2,0,0.0,2.0,8.0,1.0,B01
201500052406,0,31,0,0.0,2.0,1.0,17.0,B01
201500052406,0,7,0,0.0,2.0,8.0,15.0,A01
201500052407,0,7,0,0.0,1.0,1.0,1.0,A01
201500052408,0,32,0,0.0,2.0,8.0,1.0,B01
201500052408,0,7,0,0.0,2.0,3.0,15.0,A01
201500052409,0,1,0,0.0,2.0,8.0,1.0,B01
201500052409,0,7,0,0.0,2.0,7.0,16.0,A01
201500052410,0,32,0,0.0,1.0,1.0,1.0,A01
201500052411,0,32,0,0.0,2.0,8.0,1.0,B01
201500052411,0,7,0,0.0,2.0,1.0,15.0,A01
201500052412,0,2,0,0.0,2.0,0.0,0.0,A01
201500052412,0,1,0,0.0,2.0,0.0,0.0,B01
201500052413,0,7,0,0.0,2.0,3.0,15.0,A01
201500052413,0,1,0,0.0,2.0,2.0,15.0,B01
201500052414,0,2,0,14.0,9.0,1.0,1.0,A01
201500052415,1,30,0,0.0,1.0,8.0,1.0,Z01
201500052416,0,32,0,0.0,2.0,8.0,1.0,B01
201500052416,0,1,0,0.0,2.0,1.0,19.0,A01
201500052417,0,32,0,0.0,2.0,9.0,1.0,C01
201500052417,0,7,0,0.0,2.0,4.0,23.0,B01
201500052417,0,7,0,0.0,2.0,8.0,22.0,A01
201500052418,0,33,0,0.0,2.0,1.0,1.0,B01
201500052418,0,30,0,0.0,2.0,1.0,1.0,A01
201500052419,0,1,0,0.0,2.0,8.0,7.0,B01
201500052419,0,7,0,0.0,2.0,5.0,14.0,A01
201500052420,0,30,0,0.0,1.0,1.0,1.0,A01
201500052421,0,7,0,0.0,2.0,1.0,1.0,A01
201500052421,0,33,0,0.0,2.0,7.0,15.0,B01
201500052422,0,10,0,1.0,1.0,4.0,4.0,A01
201500052423,0,10,0,0.0,1.0,6.0,15.0,A01
201500052424,0,7,0,0.0,2.0,0.0,1.0,B01
201500052424,0,1,0,0.0,2.0,4.0,11.0,A01
201500052425,0,7,0,0.0,1.0,8.0,15.0,A01
201500052426,0,33,0,0.0,0.0,1.0,1.0,A01
201500052427,0,1,0,0.0,2.0,2.0,1.0,A01
201500052427,0,10,0,0.0,2.0,2.0,15.0,B01
201500052428,0,7,0,0.0,2.0,7.0,1.0,A01
201500052428,0,7,0,1.0,2.0,1.0,1.0,B01
201500052429,0,32,0,0.0,1.0,1.0,1.0,A01
201500052430,1,7,0,0.0,1.0,0.0,1.0,Z01
201500052431,1,1,0,0.0,1.0,0.0,1.0,Z01
201500052432,0,7,0,0.0,2.0,3.0,22.0,A01
201500052432,0,1,0,1.0,2.0,2.0,1.0,B01
201500052432,0,2,0,1.0,2.0,1.0,1.0,C01
201500052433,0,7,0,0.0,2.0,3.0,13.0,A01
201500052433,0,32,0,0.0,2.0,7.0,1.0,B01
201500052434,0,1,0,0.0,2.0,7.0,1.0,A01
201500052434,1,7,0,0.0,2.0,3.0,1.0,Z01
201500052435,0,1,0,0.0,2.0,8.0,15.0,B01
201500052435,0,31,0,0.0,2.0,2.0,17.0,A01
201500052436,0,7,0,0.0,2.0,2.0,1.0,B01
201500052436,0,7,0,0.0,2.0,0.0,13.0,A01
201500052437,0,7,0,0.0,2.0,2.0,10.0,A01
201500052437,0,30,0,0.0,2.0,1.0,1.0,B01
201500052438,0,7,0,0.0,2.0,0.0,2.0,B01
201500052438,0,7,0,0.0,2.0,4.0,2.0,C01
201500052438,0,10,0,0.0,2.0,1.0,2.0,A01
201500052439,0,32,0,0.0,2.0,1.0,1.0,A01
201500052439,0,1,0,0.0,2.0,0.0,23.0,B01
201500052440,0,33,0,0.0,2.0,5.0,17.0,B01
201500052440,0,7,0,0.0,2.0,3.0,15.0,A01
201500052441,0,31,0,0.0,0.0,0.0,1.0,A01
201500052442,0,7,0,0.0,1.0,2.0,1.0,A01
201500052443,0,7,0,0.0,2.0,1.0,1.0,B01
201500052443,0,1,0,0.0,2.0,8.0,1.0,A01
201500052444,0,2,0,0.0,1.0,5.0,1.0,A01
201500052445,0,7,0,0.0,2.0,8.0,22.0,A01
201500052445,0,1,0,0.0,2.0,1.0,1.0,B01
201500052446,0,7,0,0.0,2.0,6.0,2.0,B01
201500052446,0,2,0,0.0,2.0,7.0,2.0,A01
201500052447,0,31,0,0.0,2.0,1.0,1.0,B01
201500052447,0,7,0,0.0,2.0,1.0,15.0,A01
201500052448,0,1,0,0.0,1.0,8.0,1.0,A01
201500052449,0,7,0,0.0,2.0,3.0,22.0,A01
201500052449,0,1,0,1.0,2.0,1.0,1.0,B01
201500052450,0,7,0,0.0,2.0,7.0,15.0,A01
201500052450,0,31,0,0.0,2.0,0.0,1.0,B01
201500052451,0,10,0,0.0,2.0,6.0,2.0,B01
201500052451,0,7,0,0.0,2.0,2.0,2.0,A01
201500052452,0,1,0,0.0,2.0,3.0,19.0,B01
201500052452,0,7,0,0.0,2.0,2.0,1.0,A01
201500052453,0,30,0,0.0,2.0,1.0,17.0,A01
201500052453,0,7,0,0.0,2.0,6.0,15.0,B01
201500052454,0,7,0,0.0,2.0,4.0,2.0,B01
201500052454,0,7,0,0.0,2.0,1.0,2.0,A01
201500052455,0,32,0,0.0,1.0,1.0,1.0,A01
201500052456,0,7,0,0.0,2.0,3.0,10.0,A01
201500052456,0,1,0,0.0,2.0,1.0,17.0,B01
201500052457,0,7,0,0.0,2.0,1.0,1.0,A01
201500052457,0,7,0,0.0,2.0,1.0,1.0,B01
201500052458,0,7,0,0.0,2.0,3.0,1.0,A01
201500052458,0,30,0,0.0,2.0,7.0,1.0,B01
201500052459,0,30,0,0.0,0.0,0.0,1.0,A01
201500052460,0,10,0,0.0,2.0,7.0,22.0,A01
201500052460,0,1,0,0.0,2.0,8.0,18.0,B01
201500052461,0,7,0,0.0,2.0,2.0,10.0,A01
201500052461,0,30,0,0.0,2.0,1.0,1.0,B01
201500052462,0,7,0,0.0,2.0,2.0,1.0,A01
201500052462,0,31,0,0.0,2.0,1.0,1.0,B01
201500052463,0,1,0,0.0,1.0,0.0,1.0,A01
201500052464,0,37,0,0.0,2.0,2.0,1.0,A01
201500052464,2,31,0,0.0,2.0,1.0,5.0,Z01
201500052465,0,7,0,0.0,2.0,3.0,15.0,A01
201500052465,0,32,0,0.0,2.0,2.0,17.0,B01
201500052466,0,2,0,0.0,0.0,0.0,1.0,A01
201500052467,0,2,0,0.0,2.0,2.0,1.0,A01
201500052467,1,34,0,0.0,2.0,0.0,11.0,Z01
201500052468,0,7,0,0.0,2.0,6.0,15.0,B01
201500052468,0,7,0,0.0,2.0,3.0,1.0,A01
201500052469,0,32,0,0.0,2.0,2.0,18.0,B01
201500052469,0,7,0,0.0,2.0,2.0,16.0,A01
201500052470,0,2,0,1.0,2.0,8.0,1.0,B01
201500052470,0,10,0,0.0,2.0,7.0,14.0,A01
201500052471,2,7,0,0.0,1.0,0.0,1.0,Z01
201500052472,0,1,0,0.0,2.0,3.0,13.0,B01
201500052472,0,7,0,0.0,2.0,2.0,1.0,A01
201500052473,1,7,0,0.0,1.0,0.0,1.0,Z01
201500052474,0,1,0,0.0,2.0,7.0,19.0,B01
201500052474,0,7,0,0.0,2.0,1.0,16.0,A01
201500052475,0,7,0,0.0,1.0,3.0,1.0,A01
201500052476,0,7,0,0.0,2.0,7.0,13.0,B01
201500052476,0,2,0,0.0,2.0,8.0,17.0,A01
201500052477,0,30,0,14.0,0.0,1.0,13.0,A01
201500052478,0,30,0,0.0,2.0,2.0,1.0,A01
201500052478,0,7,0,0.0,2.0,1.0,15.0,B01
201500052479,0,7,0,0.0,2.0,3.0,22.0,A01
201500052479,0,32,0,1.0,2.0,1.0,1.0,B01
201500052480,1,10,0,0.0,1.0,0.0,1.0,Z01
201500052481,0,7,0,0.0,2.0,3.0,9.0,A01
201500052481,0,31,0,0.0,2.0,1.0,17.0,B01
201500052482,0,10,0,0.0,2.0,3.0,2.0,A01
201500052482,0,2,0,0.0,2.0,4.0,23.0,B01
201500052483,0,7,0,0.0,1.0,1.0,15.0,A01
201500052484,0,7,0,0.0,2.0,1.0,1.0,A01
201500052484,0,7,0,0.0,2.0,1.0,1.0,B01
201500052485,1,7,0,0.0,2.0,3.0,22.0,Z01
201500052485,0,1,0,0.0,2.0,7.0,1.0,A01
201500052486,0,31,0,0.0,2.0,3.0,1.0,B01
201500052486,0,7,0,0.0,2.0,1.0,15.0,A01
201500052487,0,7,0,0.0,1.0,1.0,5.0,A01
201500052488,0,1,0,0.0,2.0,1.0,15.0,B01
201500052488,0,10,0,0.0,2.0,3.0,15.0,A01
201500052489,0,2,0,0.0,2.0,4.0,15.0,A01
201500052489,1,7,0,0.0,2.0,1.0,1.0,Z01
201500052490,0,7,0,0.0,2.0,6.0,1.0,B01
201500052490,0,2,0,0.0,2.0,2.0,17.0,A01
201500052491,0,32,0,0.0,2.0,1.0,1.0,B01
201500052491,0,7,0,0.0,2.0,2.0,15.0,A01
201500052492,0,10,0,0.0,2.0,3.0,9.0,A01
201500052492,0,33,0,0.0,2.0,7.0,1.0,B01
201500052493,0,2,0,0.0,2.0,8.0,1.0,A01
201500052493,1,7,0,0.0,2.0,0.0,16.0,Z01
201500052494,0,7,0,0.0,2.0,3.0,2.0,A01
201500052494,0,31,0,0.0,2.0,4.0,2.0,B01
201500052495,0,31,0,0.0,2.0,6.0,1.0,B01
201500052495,0,7,0,0.0,2.0,6.0,4.0,A01
201500052496,0,7,0,0.0,2.0,3.0,13.0,A01
201500052496,0,2,0,0.0,2.0,2.0,1.0,B01
201500052497,0,2,0,0.0,0.0,0.0,1.0,A01
201500052498,0,1,0,0.0,2.0,4.0,1.0,B01
201500052498,0,7,0,1.0,2.0,1.0,14.0,A01
201500052499,0,34,0,14.0,0.0,1.0,0.0,A01
201500052500,0,34,0,0.0,1.0,1.0,1.0,A01
201500052501,0,32,0,0.0,2.0,1.0,1.0,B01
201500052501,0,7,0,0.0,2.0,5.0,10.0,A01
201500052502,0,1,0,0.0,2.0,8.0,1.0,B01
201500052502,0,7,0,0.0,2.0,2.0,17.0,A01
201500052503,0,30,0,0.0,2.0,8.0,18.0,A01
201500052503,0,7,0,0.0,2.0,2.0,16.0,B01
201500052504,0,7,0,0.0,1.0,1.0,1.0,A01
201500052505,0,7,0,0.0,2.0,7.0,16.0,B01
201500052505,0,1,0,0.0,2.0,1.0,18.0,A01
201500052506,0,32,0,0.0,2.0,7.0,1.0,B01
201500052506,0,7,0,0.0,2.0,8.0,10.0,A01
201500052507,0,10,0,0.0,1.0,4.0,4.0,A01
201500052508,0,34,0,0.0,2.0,1.0,1.0,A01
201500052508,0,33,0,0.0,2.0,4.0,23.0,B01
201500052509,0,7,0,1.0,2.0,1.0,1.0,A01
201500052509,0,7,0,0.0,2.0,4.0,1.0,B01
201500052510,0,7,0,0.0,2.0,1.0,2.0,A01
201500052510,0,7,0,0.0,2.0,4.0,23.0,B01
201500052511,0,33,0,0.0,1.0,3.0,5.0,A01
201500052512,0,7,0,0.0,1.0,1.0,16.0,A01
201500052513,1,2,0,0.0,1.0,1.0,1.0,Z01
201500052514,0,33,0,0.0,2.0,1.0,1.0,B01
201500052514,0,7,0,0.0,2.0,8.0,10.0,A01
201500052515,0,10,0,0.0,2.0,2.0,2.0,A01
201500052515,0,13,0,0.0,2.0,6.0,23.0,B01
201500052516,0,34,0,0.0,2.0,3.0,17.0,B01
201500052516,0,7,0,0.0,2.0,3.0,10.0,A01
201500052517,0,10,0,0.0,1.0,3.0,15.0,A01
201500052518,0,32,0,0.0,1.0,0.0,1.0,A01
201500052519,0,10,0,0.0,1.0,4.0,4.0,A01
201500052520,0,2,0,0.0,2.0,8.0,18.0,A01
201500052520,0,7,0,0.0,2.0,7.0,1.0,B01
201500052521,0,7,0,0.0,2.0,5.0,12.0,A01
201500052521,0,2,0,0.0,2.0,6.0,1.0,B01
201500052522,0,1,0,0.0,2.0,1.0,2.0,A01
201500052522,0,7,0,0.0,2.0,4.0,23.0,B01
201500052523,0,7,0,0.0,1.0,0.0,1.0,A01
201500052524,0,30,0,1.0,0.0,1.0,13.0,A01
201500052525,0,1,0,0.0,2.0,2.0,17.0,A01
201500052525,0,1,0,0.0,2.0,3.0,1.0,B01
201500052526,0,33,0,0.0,2.0,2.0,17.0,B01
201500052526,0,7,0,0.0,2.0,3.0,15.0,A01
201500052527,1,7,0,0.0,2.0,0.0,2.0,Z01
201500052527,0,31,0,0.0,2.0,4.0,2.0,A01
201500052528,0,1,0,0.0,2.0,0.0,1.0,B01
201500052528,0,7,0,0.0,2.0,0.0,22.0,A01
201500052529,0,10,0,0.0,1.0,4.0,4.0,A01
201500052530,0,7,0,0.0,2.0,1.0,2.0,A01
201500052530,0,7,0,0.0,0.0,4.0,23.0,C01
201500052530,0,10,0,0.0,2.0,4.0,2.0,B01
201500052531,0,30,0,0.0,0.0,0.0,1.0,A01
201500052532,0,7,0,0.0,2.0,3.0,16.0,A01
201500052532,0,2,0,0.0,2.0,1.0,1.0,B01
201500052533,0,7,0,0.0,2.0,1.0,1.0,A01
201500052533,0,7,0,0.0,2.0,4.0,23.0,B01
201500052534,0,7,0,0.0,2.0,8.0,1.0,B01
201500052534,0,34,0,0.0,2.0,7.0,16.0,A01
201500052535,0,1,0,0.0,2.0,7.0,1.0,A01
201500052535,0,7,0,0.0,2.0,3.0,1.0,B01
201500052536,0,7,0,0.0,1.0,5.0,4.0,A01
201500052537,0,10,0,0.0,2.0,1.0,1.0,B01
201500052537,0,1,0,0.0,2.0,4.0,1.0,A01
201500052538,0,10,0,0.0,2.0,2.0,14.0,A01
201500052538,0,1,0,12.0,2.0,3.0,1.0,B01
201500052539,0,7,0,0.0,2.0,3.0,10.0,A01
201500052539,0,32,0,0.0,2.0,1.0,17.0,B01
201500052540,0,10,0,0.0,2.0,2.0,16.0,A01
201500052540,0,30,0,0.0,2.0,3.0,1.0,B01
201500052541,0,37,0,0.0,2.0,7.0,17.0,A01
201500052541,0,1,0,0.0,2.0,3.0,13.0,B01
201500052542,0,7,0,0.0,2.0,1.0,1.0,A01
201500052542,0,7,0,0.0,2.0,4.0,23.0,B01
201500052543,0,10,0,0.0,2.0,7.0,16.0,A01
201500052543,0,1,0,0.0,2.0,1.0,1.0,B01
201500052544,0,7,0,0.0,2.0,3.0,10.0,B01
201500052544,0,31,0,0.0,2.0,1.0,1.0,A01
201500052545,0,7,0,0.0,2.0,1.0,1.0,A01
201500052545,0,7,0,0.0,2.0,0.0,1.0,B01
201500052546,0,7,0,0.0,2.0,5.0,16.0,A01
201500052546,0,1,0,0.0,2.0,0.0,1.0,B01
201500052547,0,7,0,0.0,2.0,0.0,10.0,B01
201500052547,0,32,0,0.0,2.0,0.0,17.0,A01
201500052548,0,37,0,0.0,2.0,5.0,21.0,A01
201500052548,0,7,0,0.0,2.0,2.0,15.0,B01
201500052549,0,31,0,0.0,2.0,1.0,1.0,B01
201500052549,0,7,0,0.0,2.0,2.0,15.0,A01
201500052550,0,2,0,1.0,0.0,0.0,21.0,A01
201500052551,0,34,0,8.0,0.0,3.0,5.0,A01
201500052552,0,31,0,0.0,2.0,8.0,1.0,B01
201500052552,0,3,0,0.0,2.0,1.0,1.0,A01
201500052553,0,32,0,0.0,1.0,1.0,1.0,A01
201500052554,0,1,0,0.0,2.0,1.0,23.0,B01
201500052554,0,1,0,0.0,1.0,1.0,1.0,A01
201500052555,0,1,0,0.0,1.0,1.0,1.0,A01
201500052556,0,30,0,0.0,2.0,0.0,10.0,A01
201500052556,0,33,0,0.0,2.0,8.0,1.0,B01
201500052557,0,30,0,0.0,0.0,0.0,21.0,A01
201500052558,0,7,0,0.0,1.0,2.0,1.0,A01
201500052559,0,7,0,11.0,0.0,1.0,13.0,A01
201500052560,0,33,0,0.0,2.0,8.0,1.0,B01
201500052560,0,7,0,0.0,2.0,7.0,16.0,A01
201500052561,0,33,0,0.0,2.0,1.0,1.0,B01
201500052561,0,7,0,0.0,2.0,2.0,15.0,A01
201500052562,0,7,0,0.0,2.0,2.0,1.0,B01
201500052562,0,34,0,0.0,2.0,1.0,1.0,A01
201500052563,0,1,0,0.0,2.0,1.0,1.0,A01
201500052563,0,7,0,0.0,2.0,1.0,15.0,B01
201500052564,0,33,0,1.0,0.0,1.0,1.0,A01
201500052565,0,1,0,0.0,2.0,7.0,1.0,B01
201500052565,0,7,0,0.0,2.0,1.0,1.0,A01
201500052566,1,32,0,0.0,1.0,0.0,1.0,Z01
201500052567,0,1,0,0.0,2.0,1.0,1.0,A01
201500052567,0,7,0,0.0,2.0,2.0,16.0,B01
201500052568,0,31,0,0.0,2.0,1.0,2.0,A01
201500052568,0,10,0,0.0,2.0,5.0,23.0,B01
201500052569,1,10,0,0.0,2.0,3.0,13.0,Z01
201500052569,0,10,0,9.0,2.0,5.0,13.0,B01
201500052570,0,32,0,0.0,2.0,2.0,15.0,A01
201500052570,0,7,0,0.0,2.0,3.0,15.0,B01
201500052571,0,33,0,0.0,1.0,1.0,17.0,A01
201500052572,0,1,0,0.0,1.0,1.0,1.0,A01
201500052573,0,7,0,0.0,2.0,1.0,1.0,A01
201500052573,0,7,0,6.0,2.0,2.0,1.0,B01
201500052574,0,34,0,0.0,2.0,4.0,1.0,B01
201500052574,0,7,0,0.0,2.0,1.0,1.0,A01
201500052575,0,7,0,0.0,2.0,3.0,15.0,A01
201500052575,0,33,0,0.0,2.0,1.0,17.0,B01
201500052576,0,7,0,0.0,1.0,1.0,15.0,A01
201500052577,0,1,0,0.0,1.0,7.0,1.0,A01
201500052578,0,7,0,0.0,2.0,2.0,15.0,A01
201500052578,0,30,0,0.0,2.0,8.0,1.0,B01
201500052579,0,7,0,0.0,1.0,5.0,15.0,A01
201500052580,0,30,0,0.0,0.0,0.0,1.0,A01
201500052581,0,2,0,0.0,2.0,2.0,1.0,A01
201500052581,1,7,0,0.0,2.0,0.0,9.0,Z01
201500052582,0,30,0,0.0,2.0,2.0,17.0,A01
201500052582,0,7,0,0.0,2.0,3.0,15.0,B01
201500052583,0,10,0,0.0,2.0,8.0,10.0,A01
201500052583,0,34,0,0.0,2.0,7.0,1.0,B01
201500052584,0,2,0,0.0,1.0,1.0,1.0,A01
201500052585,0,7,0,0.0,1.0,1.0,1.0,A01
201500052586,0,10,0,0.0,2.0,1.0,22.0,A01
201500052586,0,1,0,1.0,2.0,2.0,1.0,B01
201500052587,1,32,0,0.0,2.0,1.0,0.0,Z01
201500052587,0,1,0,0.0,2.0,2.0,15.0,A01
201500052588,0,7,0,0.0,2.0,2.0,15.0,A01
201500052588,0,33,0,0.0,2.0,3.0,1.0,B01
201500052589,0,1,0,0.0,1.0,2.0,1.0,A01
201500052590,0,30,0,0.0,0.0,0.0,21.0,A01
201500052591,0,7,0,0.0,2.0,6.0,15.0,B01
201500052591,0,31,0,0.0,2.0,0.0,17.0,A01
201500052592,0,31,0,0.0,2.0,7.0,1.0,A01
201500052592,0,7,0,0.0,2.0,1.0,1.0,B01
201500052593,0,1,0,0.0,0.0,0.0,21.0,A01
201500052594,0,7,0,0.0,1.0,2.0,15.0,A01
201500052595,0,33,0,0.0,2.0,1.0,1.0,B01
201500052595,0,7,0,0.0,2.0,7.0,15.0,A01
201500052596,0,32,0,0.0,0.0,6.0,21.0,A01
201500052597,0,7,0,0.0,1.0,8.0,1.0,A01
201500052598,0,1,0,0.0,2.0,3.0,1.0,A01
201500052598,0,7,0,0.0,2.0,2.0,1.0,B01
201500052599,0,7,0,0.0,1.0,5.0,1.0,A01
201500052600,0,34,0,0.0,2.0,6.0,2.0,A01
201500052600,0,7,0,0.0,2.0,5.0,2.0,B01
201500052601,0,33,0,0.0,2.0,7.0,2.0,B01
201500052601,0,7,0,0.0,2.0,8.0,15.0,A01
201500052602,0,31,0,0.0,1.0,3.0,1.0,A01
201500052603,0,7,0,0.0,2.0,6.0,10.0,B01
201500052603,0,2,0,0.0,2.0,1.0,5.0,A01
201500052604,0,7,0,0.0,2.0,2.0,4.0,A01
201500052604,0,31,0,0.0,2.0,1.0,1.0,B01
201500052605,0,3,0,0.0,2.0,2.0,1.0,B01
201500052605,0,7,0,0.0,2.0,8.0,15.0,A01
201500052606,0,30,0,0.0,1.0,1.0,1.0,A01
201500052607,0,31,0,0.0,1.0,8.0,1.0,A01
201500052608,0,30,0,14.0,0.0,0.0,1.0,A01
201500052609,0,30,0,0.0,2.0,1.0,10.0,A01
201500052609,0,7,0,0.0,2.0,1.0,1.0,B01
201500052610,0,30,0,0.0,2.0,1.0,1.0,B01
201500052610,0,7,0,0.0,2.0,3.0,15.0,A01
201500052611,0,7,0,0.0,1.0,1.0,1.0,A01
201500052612,0,30,0,0.0,2.0,4.0,1.0,A01
201500052612,1,7,0,0.0,2.0,1.0,1.0,Z01
201500052613,0,7,0,0.0,2.0,2.0,1.0,A01
201500052613,0,30,0,0.0,2.0,3.0,1.0,B01
201500052614,0,7,0,0.0,2.0,1.0,15.0,A01
201500052614,0,34,0,0.0,2.0,3.0,1.0,B01
201500052615,0,1,0,0.0,1.0,8.0,5.0,A01
201500052616,0,34,0,0.0,2.0,7.0,17.0,B01
201500052616,0,7,0,0.0,2.0,8.0,13.0,A01
201500052617,0,34,0,0.0,1.0,1.0,1.0,A01
201500052618,0,32,0,0.0,2.0,1.0,1.0,B01
201500052618,0,7,0,0.0,2.0,2.0,15.0,A01
201500052619,0,34,0,0.0,1.0,0.0,1.0,A01
201500052620,0,1,0,0.0,2.0,0.0,2.0,B01
201500052620,0,7,0,0.0,2.0,0.0,23.0,A01
201500052621,0,34,0,0.0,2.0,4.0,23.0,B01
201500052621,0,31,0,0.0,2.0,1.0,1.0,A01
201500052622,0,7,0,0.0,1.0,0.0,15.0,A01
201500052623,0,7,0,0.0,2.0,2.0,9.0,A01
201500052623,0,32,0,0.0,2.0,1.0,1.0,B01
201500052624,0,7,0,0.0,1.0,1.0,1.0,A01
201500052625,0,7,0,0.0,2.0,7.0,1.0,B01
201500052625,0,33,0,0.0,2.0,3.0,3.0,A01
201500052625,0,10,0,0.0,2.0,8.0,1.0,C01
201500052626,0,30,0,0.0,2.0,1.0,1.0,C01
201500052626,0,30,0,0.0,2.0,1.0,1.0,B01
201500052626,0,7,0,0.0,2.0,2.0,15.0,A01
201500052627,0,33,0,0.0,2.0,1.0,1.0,B01
201500052627,0,7,0,0.0,2.0,5.0,10.0,A01
201500052628,0,7,0,0.0,1.0,3.0,15.0,A01
201500052629,0,7,0,0.0,2.0,5.0,9.0,A01
201500052629,0,32,0,0.0,2.0,7.0,1.0,B01
201500052630,0,31,0,0.0,2.0,1.0,17.0,A01
201500052630,0,7,0,0.0,2.0,6.0,10.0,B01
201500052631,0,7,0,0.0,2.0,3.0,13.0,A01
201500052631,0,31,0,0.0,2.0,7.0,17.0,B01
201500052632,0,32,0,0.0,1.0,2.0,1.0,A01
201500052633,0,7,0,12.0,0.0,1.0,14.0,A01
201500052634,0,1,0,0.0,2.0,1.0,1.0,A01
201500052634,0,7,0,0.0,2.0,1.0,15.0,B01
201500052635,0,32,0,0.0,2.0,8.0,1.0,A01
201500052635,1,10,0,0.0,2.0,2.0,18.0,Z01
201500052636,0,34,0,0.0,2.0,1.0,1.0,A01
201500052636,0,7,0,0.0,2.0,4.0,23.0,B01
201500052637,0,10,0,0.0,2.0,6.0,23.0,B01
201500052637,0,2,0,0.0,2.0,6.0,17.0,A01
201500052638,0,7,0,0.0,2.0,1.0,1.0,A01
201500052638,0,10,0,0.0,2.0,4.0,23.0,B01
201500052639,0,7,0,2.0,0.0,1.0,14.0,A01
201500052640,0,7,0,0.0,2.0,2.0,11.0,A01
201500052640,0,33,0,0.0,2.0,3.0,1.0,B01
201500052641,0,7,0,0.0,1.0,8.0,15.0,A01
201500052642,0,10,0,0.0,1.0,1.0,15.0,A01
201500052643,0,1,0,0.0,2.0,1.0,7.0,B01
201500052643,0,7,0,0.0,2.0,8.0,22.0,A01
201500052644,0,7,0,0.0,2.0,1.0,2.0,A01
201500052644,0,7,0,0.0,2.0,4.0,23.0,B01
201500052645,0,7,0,0.0,1.0,1.0,1.0,A01
201500052646,0,7,0,0.0,2.0,3.0,9.0,A01
201500052646,0,34,0,0.0,2.0,2.0,1.0,B01
201500052647,0,34,0,0.0,2.0,1.0,1.0,B01
201500052647,0,7,0,0.0,2.0,7.0,15.0,A01
201500052648,0,7,0,0.0,1.0,2.0,15.0,A01
201500052649,0,1,0,0.0,2.0,8.0,1.0,A01
201500052649,0,33,0,0.0,2.0,1.0,1.0,B01
201500052650,0,7,0,0.0,2.0,4.0,2.0,C01
201500052650,0,7,0,0.0,2.0,1.0,2.0,B01
201500052650,0,7,0,0.0,2.0,1.0,2.0,A01
201500052651,0,7,0,0.0,2.0,4.0,2.0,B01
201500052651,0,33,0,0.0,2.0,1.0,2.0,A01
201500052652,0,32,0,0.0,0.0,2.0,1.0,A01
201500052653,0,7,0,0.0,2.0,2.0,2.0,C01
201500052653,0,7,0,0.0,2.0,4.0,2.0,E01
201500052653,0,31,0,0.0,2.0,7.0,2.0,B01
201500052653,0,10,0,0.0,2.0,1.0,2.0,A01
201500052653,0,10,0,0.0,2.0,4.0,2.0,D01
201500052654,0,30,0,0.0,2.0,1.0,1.0,B01
201500052654,0,7,0,0.0,2.0,2.0,15.0,A01
201500052655,0,1,0,0.0,2.0,8.0,1.0,A01
201500052655,1,7,0,0.0,2.0,7.0,12.0,Z01
201500052656,0,7,0,0.0,2.0,1.0,2.0,A01
201500052656,0,7,0,0.0,2.0,4.0,2.0,B01
201500052657,0,7,0,1.0,0.0,3.0,13.0,A01
201500052658,1,7,0,0.0,2.0,4.0,9.0,Z01
201500052658,0,30,0,0.0,2.0,1.0,1.0,A01
201500052659,0,7,0,1.0,2.0,2.0,13.0,A01
201500052659,0,7,0,1.0,2.0,1.0,1.0,B01
201500052660,0,2,0,0.0,2.0,3.0,1.0,B01
201500052660,0,7,0,0.0,2.0,2.0,10.0,A01
201500052661,0,7,0,0.0,2.0,3.0,15.0,B01
201500052661,0,31,0,0.0,2.0,2.0,17.0,A01
201500052662,0,7,0,0.0,2.0,6.0,15.0,A01
201500052662,0,31,0,0.0,2.0,1.0,17.0,B01
201500052663,0,33,0,0.0,2.0,8.0,18.0,B01
201500052663,0,7,0,0.0,2.0,8.0,24.0,C01
201500052663,0,13,0,0.0,2.0,2.0,1.0,A01
201500052664,0,7,0,0.0,2.0,4.0,2.0,B01
201500052664,0,7,0,0.0,2.0,4.0,23.0,C01
201500052664,0,7,0,0.0,2.0,1.0,2.0,A01
201500052665,0,10,0,0.0,2.0,4.0,2.0,C01
201500052665,0,7,0,0.0,2.0,9.0,2.0,B01
201500052665,0,7,0,0.0,2.0,1.0,2.0,A01
201500052666,0,7,0,0.0,2.0,0.0,10.0,A01