Num_Acc,senc,catv,occutc,obs,obsm,choc,manv,num_veh
201500052666,0,32,0,0.0,2.0,0.0,1.0,B01
201500052667,0,33,0,0.0,2.0,8.0,1.0,B01
201500052667,0,7,0,0.0,2.0,2.0,15.0,A01
201500052668,0,30,0,1.0,0.0,1.0,13.0,A01
201500052669,0,7,0,0.0,2.0,2.0,16.0,B01
201500052669,0,30,0,0.0,2.0,1.0,18.0,A01
201500052670,0,7,0,0.0,2.0,4.0,2.0,A01
201500052670,0,7,0,0.0,2.0,4.0,23.0,C01
201500052670,0,7,0,0.0,2.0,4.0,23.0,B01
201500052671,0,7,0,0.0,2.0,6.0,9.0,B01
201500052671,0,7,0,0.0,2.0,3.0,23.0,C01
201500052671,0,32,0,0.0,2.0,1.0,1.0,A01
201500052672,0,1,0,0.0,1.0,1.0,1.0,A01
201500052673,0,7,0,0.0,2.0,6.0,10.0,A01
201500052673,0,33,0,0.0,2.0,6.0,1.0,B01
201500052674,0,1,0,0.0,1.0,1.0,1.0,A01
201500052675,0,31,0,0.0,2.0,1.0,1.0,A01
201500052675,0,7,0,0.0,2.0,2.0,15.0,B01
201500052676,0,34,0,0.0,2.0,7.0,14.0,A01
201500052676,0,1,0,0.0,2.0,8.0,1.0,B01
201500052677,0,7,0,0.0,1.0,4.0,20.0,A01
201500052678,0,33,0,0.0,2.0,3.0,9.0,A01
201500052678,0,34,0,0.0,2.0,7.0,1.0,B01
201500052679,0,31,0,11.0,0.0,1.0,14.0,A01
201500052680,0,37,0,0.0,1.0,2.0,1.0,A01
201500052681,0,33,0,0.0,1.0,1.0,1.0,A01
201500052682,0,1,0,0.0,2.0,1.0,1.0,A01
201500052682,0,7,0,0.0,2.0,1.0,1.0,B01
201500052683,0,32,0,0.0,2.0,1.0,17.0,B01
201500052683,0,7,0,0.0,2.0,3.0,9.0,A01
201500052684,0,7,0,0.0,1.0,2.0,1.0,A01
201500052685,0,34,0,0.0,1.0,1.0,1.0,A01
201500052686,0,30,0,0.0,1.0,0.0,1.0,A01
201500052687,0,1,0,0.0,0.0,0.0,1.0,A01
201500052688,1,7,0,0.0,1.0,4.0,4.0,Z01
201500052689,0,1,0,0.0,2.0,8.0,7.0,B01
201500052689,0,7,0,0.0,2.0,2.0,14.0,A01
201500052690,0,32,0,0.0,2.0,1.0,1.0,A01
201500052690,0,7,0,0.0,2.0,4.0,23.0,B01
201500052691,0,7,0,0.0,1.0,3.0,1.0,A01
201500052692,0,33,0,0.0,2.0,1.0,1.0,B01
201500052692,0,7,0,0.0,2.0,1.0,15.0,A01
201500052693,0,10,0,0.0,2.0,3.0,2.0,A01
201500052693,0,33,0,0.0,2.0,4.0,2.0,B01
201500052694,0,7,0,0.0,2.0,8.0,1.0,A01
201500052694,0,7,0,0.0,2.0,1.0,1.0,B01
201500052695,0,10,0,0.0,1.0,1.0,1.0,A01
201500052696,1,7,0,0.0,2.0,5.0,1.0,A01
201500052696,0,30,0,0.0,2.0,3.0,1.0,B01
201500052697,0,7,0,0.0,2.0,2.0,15.0,A01
201500052697,0,30,0,0.0,2.0,1.0,1.0,B01
201500052698,0,7,0,0.0,2.0,1.0,2.0,A01
201500052698,1,7,0,0.0,2.0,0.0,2.0,Z01
201500052698,0,7,0,0.0,2.0,4.0,23.0,B01
201500052699,0,7,0,0.0,2.0,2.0,17.0,A01
201500052699,0,1,0,0.0,2.0,8.0,1.0,B01
201500052700,0,32,0,0.0,2.0,1.0,1.0,B01
201500052700,0,7,0,0.0,2.0,2.0,15.0,A01
201500052701,0,7,0,0.0,2.0,8.0,22.0,B01
201500052701,0,7,0,0.0,2.0,6.0,4.0,A01
201500052702,0,31,0,0.0,2.0,3.0,1.0,B01
201500052702,0,7,0,0.0,2.0,1.0,15.0,A01
201500052703,0,33,0,0.0,0.0,3.0,16.0,A01
201500052704,0,31,0,0.0,2.0,4.0,2.0,B01
201500052704,0,10,0,0.0,2.0,1.0,2.0,A01
201500052705,0,7,0,0.0,2.0,3.0,10.0,A01
201500052705,0,30,0,0.0,2.0,1.0,1.0,B01
201500052706,0,7,0,8.0,0.0,1.0,13.0,A01
201500052707,0,30,0,0.0,2.0,7.0,18.0,B01
201500052707,1,10,0,0.0,2.0,7.0,22.0,A01
201500052708,0,31,0,0.0,2.0,8.0,18.0,B01
201500052708,0,7,0,0.0,2.0,7.0,22.0,A01
201500052709,0,10,0,0.0,0.0,7.0,1.0,A01
201500052710,0,1,0,0.0,2.0,1.0,1.0,B01
201500052710,0,7,0,0.0,2.0,2.0,15.0,A01
201500052711,0,2,0,0.0,1.0,2.0,1.0,A01
201500052712,0,7,0,0.0,2.0,2.0,1.0,A01
201500052712,0,2,0,0.0,2.0,3.0,1.0,B01
201500052713,0,7,0,0.0,2.0,2.0,15.0,A01
201500052713,0,7,0,0.0,2.0,3.0,1.0,B01
201500052714,0,33,0,0.0,2.0,0.0,3.0,A01
201500052715,0,2,0,0.0,0.0,0.0,1.0,A01
201500052716,0,7,0,0.0,2.0,5.0,23.0,B01
201500052716,0,1,0,0.0,2.0,3.0,2.0,A01
201500052717,1,7,0,0.0,0.0,0.0,9.0,Z01
201500052717,0,2,0,0.0,2.0,7.0,1.0,A01
201500052718,0,10,0,0.0,2.0,3.0,15.0,A01
201500052718,0,31,0,0.0,2.0,3.0,1.0,B01
201500052719,0,7,0,0.0,1.0,6.0,4.0,A01
201500052720,0,7,0,0.0,2.0,7.0,10.0,A01
201500052720,0,33,0,0.0,2.0,1.0,1.0,B01
201500052721,0,2,0,0.0,0.0,0.0,1.0,A01
201500052722,0,33,0,0.0,2.0,1.0,1.0,B01
201500052722,0,1,0,0.0,2.0,6.0,11.0,A01
201500052723,0,7,0,0.0,2.0,3.0,2.0,A01
201500052723,0,7,0,0.0,2.0,5.0,2.0,B01
201500052723,0,7,0,0.0,2.0,5.0,2.0,C01
201500052724,0,37,1,0.0,2.0,1.0,2.0,A01
201500052724,0,7,0,0.0,2.0,4.0,23.0,B01
201500052725,0,10,0,0.0,1.0,4.0,4.0,A01
201500052726,0,10,0,0.0,1.0,2.0,1.0,A01
201500052727,0,7,0,0.0,2.0,2.0,2.0,A01
201500052727,0,7,0,0.0,2.0,6.0,23.0,B01
201500052728,0,31,0,0.0,2.0,1.0,1.0,B01
201500052728,0,7,0,0.0,2.0,3.0,9.0,A01
201500052729,0,7,0,7.0,0.0,3.0,13.0,A01
201500052730,0,7,0,0.0,2.0,2.0,15.0,B01
201500052730,0,2,0,0.0,2.0,1.0,10.0,A01
201500052731,0,7,0,0.0,1.0,2.0,1.0,A01
201500052732,0,2,0,0.0,0.0,0.0,18.0,A01
201500052733,0,7,0,0.0,1.0,1.0,15.0,A01
201500052734,0,1,0,0.0,2.0,3.0,16.0,A01
201500052734,0,31,0,0.0,2.0,1.0,1.0,B01
201500052735,0,3,0,0.0,1.0,2.0,1.0,A01
201500052736,0,10,0,0.0,2.0,6.0,23.0,B01
201500052736,0,7,0,0.0,2.0,1.0,2.0,A01
201500052737,0,7,0,0.0,2.0,8.0,10.0,A01
201500052737,0,33,0,0.0,2.0,1.0,17.0,B01
201500052738,0,34,0,0.0,2.0,7.0,17.0,B01
201500052738,0,7,0,0.0,2.0,3.0,10.0,A01
201500052739,0,1,0,0.0,2.0,1.0,1.0,A01
201500052739,0,7,0,0.0,2.0,1.0,1.0,B01
201500052740,0,7,0,0.0,2.0,3.0,1.0,B01
201500052740,0,1,0,0.0,2.0,1.0,13.0,A01
201500052741,0,7,0,0.0,2.0,3.0,22.0,A01
201500052741,0,1,0,0.0,2.0,1.0,1.0,B01
201500052742,0,33,0,0.0,1.0,1.0,1.0,A01
201500052743,0,7,0,0.0,1.0,1.0,1.0,A01
201500052744,0,1,0,0.0,2.0,1.0,9.0,A01
201500052744,0,1,0,0.0,2.0,1.0,1.0,B01
201500052745,0,7,0,0.0,1.0,1.0,15.0,A01
201500052746,0,33,0,0.0,0.0,1.0,1.0,A01
201500052747,0,1,0,0.0,1.0,1.0,1.0,A01
201500052748,0,10,0,0.0,1.0,4.0,4.0,A01
201500052749,0,34,0,0.0,2.0,1.0,1.0,B01
201500052749,0,7,0,0.0,2.0,7.0,15.0,A01
201500052750,1,32,0,0.0,1.0,1.0,1.0,Z01
201500052751,0,7,0,0.0,2.0,3.0,15.0,A01
201500052751,0,33,0,0.0,2.0,1.0,17.0,B01
201500052752,0,7,0,0.0,2.0,5.0,23.0,B01
201500052752,0,33,0,0.0,2.0,1.0,2.0,A01
201500052753,0,7,0,0.0,1.0,8.0,1.0,A01
201500052754,0,7,0,0.0,2.0,3.0,2.0,A01
201500052754,0,7,0,0.0,2.0,5.0,2.0,B01
201500052755,0,10,0,0.0,2.0,1.0,2.0,A01
201500052755,0,7,0,0.0,2.0,4.0,2.0,B01
201500052755,0,7,0,0.0,2.0,4.0,2.0,C01
201500052756,0,7,0,0.0,1.0,7.0,1.0,A01
201500052757,0,2,0,9.0,0.0,0.0,1.0,A01
201500052758,0,31,0,0.0,1.0,1.0,17.0,A01
201500052759,0,7,0,0.0,2.0,3.0,2.0,A01
201500052759,0,7,0,0.0,2.0,4.0,23.0,B01
201500052760,0,10,0,6.0,0.0,1.0,1.0,A01
201500052761,0,7,0,0.0,2.0,1.0,1.0,C01
201500052761,0,10,0,0.0,2.0,4.0,1.0,B01
201500052761,0,33,0,0.0,2.0,3.0,3.0,A01
201500052762,0,7,0,0.0,1.0,1.0,1.0,A01
201500052763,0,2,0,0.0,2.0,3.0,11.0,A01
201500052763,0,33,0,0.0,2.0,5.0,1.0,B01
201500052764,0,7,0,0.0,2.0,1.0,15.0,A01
201500052764,0,1,0,0.0,2.0,1.0,1.0,B01
201500052765,0,33,0,0.0,2.0,2.0,17.0,B01
201500052765,0,7,0,0.0,2.0,3.0,10.0,A01
201500052766,0,7,0,0.0,2.0,5.0,15.0,A01
201500052766,0,30,0,0.0,2.0,1.0,1.0,B01
201500052767,0,1,0,8.0,0.0,1.0,1.0,A01
201500052768,0,1,0,0.0,1.0,1.0,1.0,A01
201500052769,0,7,0,0.0,2.0,2.0,15.0,A01
201500052769,0,7,0,0.0,2.0,3.0,1.0,B01
201500052770,0,7,0,0.0,1.0,1.0,1.0,A01
201500052771,0,7,0,0.0,1.0,2.0,1.0,A01
201500052772,0,33,0,0.0,2.0,1.0,3.0,A01
201500052772,1,33,0,0.0,2.0,4.0,14.0,Z01
201500052773,0,7,0,0.0,1.0,1.0,1.0,A01
201500052774,0,7,0,0.0,2.0,3.0,9.0,A01
201500052774,0,32,0,0.0,2.0,7.0,1.0,B01
201500052775,0,7,0,0.0,1.0,1.0,1.0,A01
201500052776,0,2,0,1.0,0.0,2.0,1.0,A01
201500052777,0,1,0,0.0,0.0,0.0,1.0,A01
201500052778,0,7,0,0.0,2.0,1.0,15.0,A01
201500052778,0,1,0,0.0,2.0,8.0,19.0,B01
201500052779,1,7,0,0.0,2.0,7.0,1.0,Z01
201500052779,0,33,0,0.0,2.0,8.0,15.0,A01
201500052780,0,1,0,0.0,2.0,1.0,1.0,B01
201500052780,0,7,0,0.0,2.0,2.0,16.0,A01
201500052781,0,1,0,0.0,1.0,0.0,1.0,A01
201500052782,1,30,0,0.0,2.0,0.0,0.0,Z01
201500052782,0,1,0,0.0,2.0,2.0,19.0,A01
201500052783,0,7,0,0.0,2.0,8.0,1.0,B01
201500052783,0,2,0,0.0,2.0,8.0,1.0,A01
201500052784,0,37,0,0.0,1.0,7.0,7.0,A01
201500052785,0,7,0,0.0,2.0,8.0,9.0,A01
201500052785,0,30,0,0.0,2.0,1.0,1.0,B01
201500052786,0,33,0,0.0,2.0,3.0,17.0,B01
201500052786,0,7,0,0.0,2.0,1.0,1.0,C01
201500052786,0,7,0,0.0,2.0,2.0,13.0,A01
201500052787,0,7,0,0.0,2.0,1.0,10.0,A01
201500052787,0,7,0,0.0,2.0,3.0,1.0,B01
201500052788,0,7,0,0.0,1.0,3.0,1.0,A01
201500052789,0,7,0,0.0,1.0,1.0,1.0,A01
201500052790,0,7,0,8.0,0.0,1.0,1.0,A01
201500052791,0,7,0,11.0,0.0,2.0,14.0,A01
201500052792,0,31,0,0.0,2.0,3.0,1.0,B01
201500052792,0,7,0,0.0,2.0,2.0,1.0,A01
201500052793,1,32,0,0.0,1.0,2.0,1.0,Z01
201500052794,0,31,0,0.0,2.0,2.0,17.0,A01
201500052794,0,7,0,0.0,2.0,3.0,15.0,B01
201500052795,0,7,0,0.0,2.0,3.0,15.0,A01
201500052795,0,31,0,0.0,2.0,1.0,1.0,B01
201500052796,0,10,0,0.0,2.0,1.0,2.0,A01
201500052796,0,32,0,0.0,2.0,1.0,23.0,B01
201500052797,0,7,0,0.0,2.0,3.0,22.0,A01
201500052797,0,33,0,0.0,2.0,7.0,1.0,B01
201500052798,0,30,0,0.0,2.0,1.0,1.0,B01
201500052798,0,10,0,0.0,2.0,2.0,16.0,A01
201500052799,0,37,0,0.0,1.0,2.0,7.0,A01
201500052800,0,7,0,0.0,1.0,1.0,1.0,A01
201500052801,0,1,0,0.0,2.0,1.0,1.0,B01
201500052801,0,7,0,0.0,2.0,8.0,1.0,A01
201500052802,0,34,0,0.0,2.0,8.0,1.0,B01
201500052802,0,7,0,0.0,2.0,3.0,15.0,A01
201500052803,0,30,0,0.0,2.0,0.0,18.0,B01
201500052803,0,7,0,0.0,2.0,2.0,22.0,A01
201500052804,0,30,0,0.0,1.0,1.0,1.0,A01
201500052805,0,7,0,0.0,2.0,8.0,9.0,A01
201500052805,0,33,0,0.0,2.0,1.0,1.0,B01
201500052806,0,7,0,0.0,2.0,1.0,1.0,B01
201500052806,0,2,0,0.0,2.0,7.0,5.0,A01
201500052807,0,7,0,0.0,1.0,2.0,1.0,A01
201500052808,0,33,0,0.0,2.0,1.0,1.0,B01
201500052808,0,31,0,0.0,2.0,7.0,1.0,A01
201500052809,0,7,0,0.0,2.0,2.0,1.0,A01
201500052809,0,31,0,0.0,2.0,3.0,1.0,B01
201500052810,0,1,0,0.0,2.0,2.0,1.0,B01
201500052810,0,10,0,0.0,2.0,2.0,16.0,A01
201500052811,0,7,0,8.0,0.0,1.0,13.0,A01
201500052812,0,7,0,0.0,2.0,3.0,15.0,B01
201500052812,0,34,0,0.0,2.0,7.0,17.0,A01
201500052813,0,32,0,0.0,2.0,8.0,18.0,A01
201500052813,0,7,0,0.0,2.0,2.0,12.0,B01
201500052814,0,7,0,0.0,2.0,8.0,13.0,A01
201500052814,0,33,0,0.0,2.0,5.0,17.0,B01
201500052815,0,7,0,0.0,2.0,3.0,15.0,A01
201500052815,0,34,0,0.0,2.0,1.0,17.0,B01
201500052816,0,7,0,0.0,2.0,3.0,2.0,A01
201500052816,0,7,0,0.0,2.0,7.0,23.0,B01
201500052817,0,2,0,12.0,0.0,0.0,14.0,A01
201500052818,1,7,0,0.0,2.0,8.0,9.0,Z01
201500052818,0,31,0,0.0,2.0,1.0,1.0,A01
201500052819,1,30,0,0.0,1.0,3.0,7.0,Z01
201500052820,0,7,0,0.0,1.0,2.0,1.0,A01
201500052821,0,7,0,0.0,2.0,3.0,10.0,A01
201500052821,0,2,0,0.0,2.0,2.0,1.0,B01
201500052822,0,7,0,0.0,2.0,2.0,15.0,A01
201500052822,0,7,0,0.0,2.0,1.0,1.0,B01
201500052823,0,2,0,0.0,2.0,0.0,1.0,A01
201500052823,1,7,0,0.0,2.0,0.0,1.0,Z01
201500052824,0,33,0,0.0,0.0,1.0,16.0,A01
201500052825,0,1,0,0.0,2.0,8.0,13.0,B01
201500052825,0,34,0,0.0,2.0,1.0,17.0,A01
201500052826,0,31,0,0.0,0.0,7.0,1.0,A01
201500052827,0,2,0,0.0,2.0,3.0,1.0,A01
201500052827,0,7,0,0.0,2.0,3.0,15.0,B01
201500052828,0,7,0,0.0,2.0,8.0,10.0,A01
201500052828,0,13,0,0.0,2.0,2.0,1.0,B01
201500052829,0,7,0,0.0,1.0,4.0,4.0,A01
201500052830,1,10,0,0.0,2.0,0.0,15.0,Z01
201500052830,0,33,0,0.0,2.0,1.0,1.0,A01
201500052831,0,33,0,0.0,2.0,7.0,1.0,A01
201500052831,0,7,0,0.0,2.0,3.0,15.0,B01
201500052832,0,30,0,0.0,2.0,6.0,18.0,A01
201500052832,0,1,0,0.0,2.0,3.0,12.0,B01
201500052833,0,7,0,0.0,2.0,1.0,1.0,A01
201500052833,0,7,0,7.0,2.0,7.0,15.0,B01
201500052834,0,7,0,1.0,0.0,1.0,14.0,A01
201500052835,0,7,0,0.0,2.0,8.0,1.0,B01
201500052835,0,15,0,0.0,2.0,7.0,1.0,A01
201500052836,0,7,0,0.0,2.0,5.0,15.0,A01
201500052836,0,31,0,0.0,2.0,1.0,1.0,B01
201500052837,0,10,0,0.0,1.0,1.0,1.0,A01
201500052838,0,7,0,0.0,2.0,3.0,10.0,A01
201500052838,0,33,0,0.0,2.0,7.0,1.0,B01
201500052839,0,1,0,0.0,2.0,6.0,19.0,B01
201500052839,0,30,0,0.0,2.0,1.0,1.0,A01
201500052840,0,34,0,0.0,1.0,8.0,17.0,A01
201500052841,0,37,0,0.0,2.0,1.0,1.0,B01
201500052841,0,7,0,0.0,2.0,8.0,1.0,A01
201500052842,0,33,0,0.0,2.0,7.0,3.0,A01
201500052842,0,17,0,0.0,2.0,6.0,1.0,B01
201500052843,0,10,0,0.0,2.0,4.0,12.0,B01
201500052843,0,33,0,0.0,2.0,3.0,3.0,A01
201500052844,0,7,0,8.0,0.0,3.0,1.0,A01
201500052845,0,2,0,15.0,0.0,1.0,14.0,A01
201500052846,0,7,0,0.0,1.0,3.0,1.0,A01
201500052847,0,7,0,0.0,2.0,2.0,12.0,A01
201500052847,0,33,0,0.0,2.0,1.0,18.0,B01
201500052848,0,7,0,0.0,2.0,3.0,9.0,A01
201500052848,0,30,0,0.0,2.0,1.0,1.0,B01
201500052849,0,33,0,0.0,1.0,1.0,1.0,A01
201500052850,0,10,0,0.0,2.0,2.0,1.0,A01
201500052850,0,1,0,0.0,2.0,1.0,1.0,B01
201500052851,0,1,0,0.0,2.0,0.0,1.0,B01
201500052851,0,7,0,0.0,2.0,0.0,22.0,A01
201500052852,0,2,0,0.0,2.0,8.0,1.0,A01
201500052852,1,7,0,0.0,2.0,1.0,1.0,Z01
201500052853,0,7,0,0.0,1.0,3.0,1.0,A01
201500052854,0,31,0,0.0,2.0,1.0,2.0,A01
201500052854,0,7,0,0.0,2.0,6.0,2.0,B01
201500052855,1,7,0,0.0,2.0,8.0,18.0,Z01
201500052855,0,33,0,0.0,2.0,7.0,23.0,A01
201500052856,0,7,0,0.0,1.0,2.0,1.0,A01
201500052857,0,2,0,0.0,2.0,3.0,23.0,A01
201500052857,0,2,0,0.0,2.0,3.0,23.0,B01
201500052857,1,7,0,0.0,2.0,2.0,1.0,Z01
201500052858,0,33,0,0.0,2.0,7.0,17.0,B01
201500052858,0,7,0,0.0,2.0,8.0,15.0,A01
201500052859,0,1,0,0.0,2.0,7.0,17.0,A01
201500052859,0,1,0,0.0,2.0,8.0,1.0,B01
201500052860,0,7,0,0.0,2.0,1.0,16.0,B01
201500052860,0,1,0,0.0,2.0,8.0,19.0,A01
201500052861,0,1,0,0.0,2.0,8.0,19.0,A01
201500052861,0,7,0,0.0,2.0,2.0,1.0,B01
201500052862,0,33,0,0.0,1.0,1.0,1.0,A01
201500052863,0,1,0,0.0,1.0,1.0,1.0,A01
201500052864,0,7,0,0.0,2.0,5.0,17.0,A01
201500052864,0,37,0,0.0,2.0,3.0,1.0,B01
201500052865,0,2,0,0.0,0.0,7.0,21.0,A01
201500052866,0,30,0,0.0,0.0,8.0,1.0,A01
201500052867,0,7,0,0.0,1.0,1.0,2.0,A01
201500052868,0,7,0,0.0,1.0,7.0,1.0,A01
201500052869,0,1,0,0.0,2.0,4.0,23.0,B01
201500052869,0,7,0,0.0,2.0,1.0,1.0,A01
201500052870,0,7,0,0.0,2.0,1.0,1.0,B01
201500052870,0,7,0,0.0,2.0,7.0,10.0,A01
201500052871,0,7,0,11.0,0.0,1.0,14.0,A01
201500052872,0,34,0,0.0,1.0,1.0,1.0,A01
201500052872,0,7,0,0.0,2.0,8.0,1.0,B01
201500052873,1,7,0,0.0,1.0,1.0,1.0,Z01
201500052874,0,7,0,0.0,2.0,2.0,1.0,A01
201500052874,0,7,0,0.0,2.0,3.0,1.0,B01
201500052875,0,31,0,0.0,0.0,7.0,1.0,A01
201500052876,0,7,0,0.0,2.0,7.0,1.0,A01
201500052876,0,30,0,0.0,2.0,1.0,1.0,B01
201500052877,0,31,0,0.0,2.0,0.0,5.0,A01
201500052877,0,7,0,0.0,2.0,0.0,16.0,B01
201500052878,0,7,0,0.0,2.0,3.0,13.0,B01
201500052878,0,33,0,1.0,1.0,1.0,1.0,A01
201500052879,0,30,0,0.0,2.0,3.0,1.0,B01
201500052879,0,10,0,0.0,2.0,5.0,12.0,A01
201500052880,0,10,0,0.0,2.0,3.0,13.0,A01
201500052880,0,7,0,0.0,2.0,5.0,1.0,B01
201500052881,0,7,0,9.0,0.0,3.0,1.0,A01
201500052882,0,30,0,0.0,2.0,1.0,1.0,B01
201500052882,0,10,0,0.0,2.0,2.0,15.0,A01
201500052883,0,10,0,6.0,0.0,1.0,1.0,A01
201500052884,0,7,0,0.0,2.0,5.0,10.0,A01
201500052884,0,34,0,0.0,2.0,1.0,1.0,B01
201500052885,0,30,0,1.0,0.0,1.0,1.0,A01
201500052886,0,7,0,9.0,0.0,2.0,1.0,A01
201500052887,0,7,0,0.0,1.0,4.0,4.0,A01
201500052888,0,15,0,0.0,2.0,0.0,10.0,B01
201500052888,0,34,0,0.0,2.0,3.0,16.0,A01
201500052889,0,7,0,0.0,2.0,8.0,15.0,A01
201500052889,0,33,0,0.0,2.0,7.0,17.0,B01
201500052890,0,32,0,0.0,1.0,1.0,1.0,A01
201500052891,0,1,0,0.0,2.0,8.0,1.0,B01
201500052891,0,7,0,0.0,2.0,1.0,16.0,A01
201500052892,0,33,0,0.0,2.0,1.0,1.0,A01
201500052892,0,1,0,0.0,2.0,7.0,9.0,B01
201500052893,1,7,0,0.0,1.0,7.0,16.0,Z01
201500052894,0,10,0,0.0,2.0,6.0,13.0,A01
201500052894,0,2,0,0.0,2.0,7.0,17.0,B01
201500052895,0,7,0,0.0,1.0,1.0,1.0,A01
201500052896,0,1,0,0.0,2.0,8.0,18.0,B01
201500052896,0,10,0,0.0,2.0,2.0,22.0,A01
201500052897,0,7,0,0.0,2.0,4.0,23.0,B01
201500052897,0,10,0,0.0,2.0,1.0,2.0,A01
201500052898,1,7,0,0.0,1.0,0.0,1.0,Z01
201500052899,0,33,0,0.0,2.0,2.0,2.0,A01
201500052899,0,1,0,0.0,2.0,3.0,15.0,B01
201500052900,0,7,0,0.0,2.0,2.0,12.0,B01
201500052900,0,33,0,0.0,2.0,1.0,3.0,A01
201500052901,0,32,0,0.0,2.0,2.0,1.0,B01
201500052901,0,10,0,0.0,2.0,3.0,10.0,A01
201500052902,0,10,0,0.0,2.0,3.0,15.0,A01
201500052902,0,30,0,0.0,2.0,0.0,1.0,B01
201500052903,0,32,0,0.0,2.0,1.0,1.0,B01
201500052903,0,7,0,0.0,2.0,1.0,9.0,A01
201500052904,0,30,0,0.0,1.0,8.0,1.0,A01
201500052905,0,10,0,0.0,2.0,7.0,1.0,B01
201500052905,0,33,0,0.0,2.0,8.0,14.0,A01
201500052906,0,7,0,0.0,2.0,2.0,1.0,B01
201500052906,0,7,0,0.0,2.0,5.0,15.0,A01
201500052906,0,31,0,0.0,2.0,8.0,21.0,C01
201500052907,0,31,0,0.0,2.0,1.0,17.0,B01
201500052907,0,7,0,0.0,2.0,8.0,10.0,A01
201500052908,1,7,0,0.0,2.0,2.0,14.0,Z01
201500052908,0,7,0,0.0,2.0,7.0,1.0,A01
201500052909,0,7,0,0.0,1.0,8.0,15.0,A01
201500052910,0,7,0,0.0,2.0,7.0,15.0,A01
201500052910,0,31,0,0.0,2.0,1.0,1.0,B01
201500052911,0,7,0,0.0,1.0,0.0,1.0,A01
201500052912,0,7,0,0.0,2.0,4.0,23.0,B01
201500052912,0,7,0,0.0,2.0,1.0,1.0,A01
201500052913,0,10,0,0.0,2.0,2.0,16.0,A01
201500052913,0,31,0,0.0,2.0,8.0,1.0,B01
201500052914,0,32,0,0.0,2.0,1.0,17.0,A01
201500052914,0,7,0,0.0,2.0,8.0,10.0,B01
201500052915,0,7,0,0.0,1.0,2.0,15.0,A01
201500052916,0,7,0,0.0,2.0,0.0,12.0,B01
201500052916,0,31,0,0.0,2.0,8.0,3.0,A01
201500052917,0,30,0,12.0,0.0,0.0,9.0,A01
201500052918,0,7,0,0.0,2.0,6.0,13.0,A01
201500052918,0,32,0,0.0,2.0,1.0,1.0,B01
201500052919,0,7,0,0.0,2.0,3.0,1.0,B01
201500052919,0,30,0,0.0,2.0,2.0,1.0,A01
201500052920,0,7,0,0.0,2.0,6.0,11.0,A01
201500052920,0,33,0,0.0,2.0,2.0,17.0,B01
201500052921,0,32,0,0.0,2.0,1.0,17.0,A01
201500052921,0,7,0,0.0,2.0,3.0,15.0,B01
201500052922,0,33,0,0.0,2.0,4.0,1.0,B01
201500052922,0,32,0,0.0,2.0,1.0,1.0,A01
201500052923,0,7,0,0.0,2.0,8.0,11.0,A01
201500052923,0,31,0,0.0,2.0,7.0,1.0,B01
201500052924,0,30,0,0.0,2.0,8.0,1.0,B01
201500052924,0,7,0,0.0,2.0,1.0,15.0,A01
201500052925,0,7,0,0.0,1.0,1.0,1.0,A01
201500052926,0,7,0,0.0,2.0,6.0,13.0,C01
201500052926,0,33,0,0.0,2.0,8.0,3.0,A01
201500052926,0,7,0,0.0,2.0,2.0,1.0,B01
201500052927,0,10,0,1.0,2.0,1.0,14.0,A01
201500052927,0,7,0,0.0,2.0,6.0,24.0,B01
201500052928,0,7,0,0.0,2.0,7.0,1.0,A01
201500052928,0,34,0,0.0,2.0,0.0,1.0,B01
201500052929,0,10,0,0.0,2.0,3.0,9.0,B01
201500052929,0,32,0,0.0,2.0,1.0,1.0,A01
201500052930,0,10,0,0.0,2.0,2.0,1.0,A01
201500052930,0,32,0,0.0,2.0,3.0,1.0,B01
201500052931,0,30,0,0.0,1.0,1.0,1.0,A01
201500052932,1,7,0,0.0,1.0,1.0,16.0,Z01
201500052933,0,7,0,11.0,0.0,3.0,13.0,A01
201500052934,0,7,0,0.0,2.0,8.0,13.0,A01
201500052934,0,30,0,0.0,2.0,8.0,1.0,B01
201500052935,0,7,0,0.0,1.0,0.0,16.0,A01
201500052936,0,32,0,0.0,1.0,3.0,16.0,A01
201500052937,0,33,0,0.0,2.0,1.0,2.0,A01
201500052937,0,7,0,0.0,2.0,6.0,23.0,B01
201500052938,0,7,0,0.0,1.0,1.0,1.0,A01
201500052939,0,10,0,1.0,2.0,2.0,14.0,A01
201500052939,0,7,0,8.0,2.0,6.0,24.0,B01
201500052940,0,1,0,1.0,2.0,7.0,1.0,B01
201500052940,0,7,0,0.0,2.0,8.0,22.0,A01
201500052941,0,7,0,0.0,1.0,4.0,4.0,A01
201500052942,0,30,0,0.0,1.0,2.0,17.0,A01
201500052943,0,33,0,0.0,2.0,3.0,2.0,A01
201500052943,0,10,0,0.0,2.0,5.0,2.0,B01
201500052944,1,7,0,0.0,2.0,0.0,15.0,Z01
201500052944,0,33,0,0.0,2.0,7.0,1.0,A01
201500052945,1,7,0,0.0,2.0,0.0,13.0,Z01
201500052945,0,33,0,0.0,2.0,0.0,3.0,A01
201500052946,0,33,0,0.0,2.0,2.0,1.0,B01