Num_Acc,senc,catv,occutc,obs,obsm,choc,manv,num_veh
201500052946,0,10,0,0.0,2.0,0.0,9.0,A01
201500052947,0,7,0,6.0,0.0,1.0,1.0,A01
201500052948,0,7,0,1.0,2.0,3.0,1.0,B01
201500052948,0,7,0,0.0,2.0,0.0,1.0,A01
201500052949,1,7,0,0.0,2.0,6.0,22.0,Z01
201500052949,0,2,0,0.0,2.0,2.0,1.0,A01
201500052950,0,33,0,8.0,0.0,1.0,1.0,A01
201500052951,0,37,0,0.0,1.0,3.0,1.0,A01
201500052952,0,7,0,0.0,2.0,3.0,15.0,A01
201500052952,0,33,0,0.0,2.0,1.0,1.0,B01
201500052953,0,7,0,0.0,2.0,2.0,2.0,A01
201500052953,0,33,0,0.0,2.0,4.0,23.0,B01
201500052954,1,7,0,0.0,2.0,1.0,2.0,Z01
201500052954,0,1,0,0.0,2.0,0.0,2.0,A01
201500052955,0,3,0,0.0,2.0,6.0,10.0,A01
201500052955,0,30,0,0.0,2.0,1.0,1.0,B01
201500052956,0,1,0,0.0,2.0,8.0,18.0,A01
201500052956,1,31,0,0.0,2.0,7.0,14.0,Z01
201500052957,0,30,0,1.0,0.0,1.0,1.0,A01
201500052958,0,7,0,0.0,2.0,0.0,2.0,A01
201500052958,0,7,0,0.0,2.0,0.0,23.0,B01
201500052958,0,7,0,0.0,2.0,4.0,23.0,C01
201500052959,0,40,0,0.0,1.0,2.0,1.0,A01
201500052960,0,7,0,0.0,2.0,6.0,9.0,A01
201500052960,0,2,0,0.0,2.0,1.0,1.0,B01
201500052961,0,10,0,0.0,2.0,3.0,9.0,A01
201500052961,0,30,0,0.0,2.0,1.0,1.0,B01
201500052962,0,7,0,7.0,0.0,3.0,1.0,A01
201500052963,0,7,0,0.0,2.0,4.0,23.0,B01
201500052963,0,33,0,0.0,2.0,1.0,2.0,A01
201500052964,0,7,0,0.0,2.0,8.0,9.0,A01
201500052964,0,31,0,0.0,2.0,1.0,1.0,B01
201500052965,0,10,0,2.0,0.0,2.0,16.0,A01
201500052966,0,33,0,0.0,2.0,0.0,21.0,A01
201500052967,0,30,0,0.0,2.0,3.0,1.0,B01
201500052967,0,7,0,0.0,2.0,7.0,15.0,A01
201500052968,0,31,0,0.0,0.0,8.0,17.0,A01
201500052969,0,31,0,0.0,2.0,0.0,1.0,A01
201500052969,0,7,0,0.0,2.0,0.0,1.0,B01
201500052970,0,37,0,0.0,2.0,6.0,23.0,B01
201500052970,0,7,0,0.0,2.0,1.0,1.0,A01
201500052971,0,1,0,0.0,2.0,1.0,9.0,B01
201500052971,0,7,0,0.0,2.0,2.0,15.0,A01
201500052972,0,33,0,0.0,2.0,2.0,1.0,B01
201500052972,0,7,0,0.0,2.0,6.0,13.0,A01
201500052973,0,1,0,0.0,2.0,1.0,13.0,A01
201500052973,0,7,0,0.0,2.0,3.0,1.0,B01
201500052974,0,7,0,0.0,2.0,6.0,0.0,B01
201500052974,0,30,0,0.0,1.0,1.0,5.0,A01
201500052975,0,32,0,0.0,1.0,1.0,1.0,A01
201500052976,0,7,0,1.0,2.0,3.0,1.0,A01
201500052976,0,7,0,1.0,2.0,3.0,23.0,B01
201500052976,0,7,0,0.0,2.0,5.0,1.0,C01
201500052977,0,32,0,9.0,2.0,7.0,15.0,A01
201500052977,0,7,0,0.0,2.0,8.0,9.0,B01
201500052978,0,7,0,0.0,2.0,3.0,10.0,A01
201500052978,0,33,0,0.0,2.0,1.0,17.0,B01
201500052979,0,30,0,0.0,2.0,1.0,17.0,B01
201500052979,0,7,0,0.0,2.0,8.0,9.0,A01
201500052980,0,7,0,0.0,2.0,4.0,23.0,B01
201500052980,0,7,0,1.0,2.0,1.0,1.0,A01
201500052981,0,33,0,1.0,0.0,8.0,18.0,B01
201500052981,0,7,0,0.0,2.0,2.0,22.0,A01
201500052982,0,1,0,0.0,1.0,1.0,1.0,A01
201500052983,0,32,0,0.0,0.0,0.0,21.0,A01
201500052984,0,10,0,0.0,2.0,2.0,1.0,A01
201500052984,0,30,0,0.0,2.0,3.0,10.0,B01
201500052985,0,33,0,0.0,2.0,2.0,16.0,B01
201500052985,0,1,0,0.0,2.0,1.0,1.0,A01
201500052986,0,7,0,0.0,2.0,2.0,12.0,A01
201500052986,0,33,0,0.0,2.0,3.0,3.0,B01
201500052986,0,7,0,0.0,2.0,6.0,1.0,C01
201500052987,0,7,0,0.0,1.0,1.0,17.0,A01
201500052988,0,7,0,0.0,1.0,3.0,1.0,A01
201500052989,0,7,0,1.0,0.0,2.0,21.0,A01
201500052990,0,7,0,1.0,2.0,4.0,4.0,A01
201500052990,0,10,0,0.0,2.0,1.0,24.0,B01
201500052991,0,2,0,8.0,0.0,3.0,13.0,A01
201500052992,0,7,0,0.0,1.0,1.0,1.0,A01
201500052993,0,2,0,0.0,1.0,1.0,1.0,A01
201500052994,0,7,0,0.0,2.0,5.0,15.0,A01
201500052994,0,31,0,0.0,2.0,1.0,1.0,B01
201500052995,0,30,0,0.0,2.0,1.0,18.0,B01
201500052995,0,7,0,0.0,2.0,5.0,16.0,A01
201500052996,0,7,0,0.0,2.0,3.0,11.0,A01
201500052996,0,33,0,0.0,2.0,5.0,1.0,B01
201500052997,0,7,0,0.0,1.0,1.0,15.0,A01
201500052998,0,1,0,0.0,2.0,1.0,23.0,B01
201500052998,0,7,0,0.0,2.0,4.0,2.0,A01
201500052999,0,30,0,0.0,2.0,6.0,1.0,B01
201500052999,0,7,0,0.0,2.0,2.0,16.0,A01
201500053000,0,30,0,0.0,2.0,8.0,5.0,A01
201500053000,0,7,0,0.0,2.0,1.0,9.0,B01
201500053001,0,30,0,0.0,2.0,7.0,17.0,A01
201500053001,0,10,0,0.0,2.0,3.0,15.0,B01
201500053002,0,7,0,6.0,0.0,1.0,13.0,A01
201500053003,0,32,0,4.0,0.0,1.0,14.0,A01
201500053004,0,7,0,14.0,1.0,1.0,14.0,A01
201500053005,0,7,0,0.0,2.0,5.0,16.0,B01
201500053005,0,33,0,0.0,2.0,1.0,7.0,A01
201500053006,1,2,0,0.0,2.0,0.0,10.0,Z01
201500053006,0,32,0,0.0,2.0,3.0,1.0,A01
201500053007,0,2,0,0.0,1.0,1.0,1.0,A01
201500053008,0,7,0,0.0,1.0,2.0,16.0,A01
201500053009,0,7,0,0.0,2.0,8.0,23.0,B01
201500053009,0,7,0,0.0,2.0,3.0,15.0,A01
201500053010,0,7,0,0.0,2.0,4.0,10.0,A01
201500053010,0,1,0,0.0,2.0,1.0,1.0,B01
201500053011,0,2,0,0.0,1.0,0.0,1.0,A01
201500053012,0,32,0,14.0,0.0,0.0,1.0,A01
201500053013,0,34,0,12.0,0.0,1.0,1.0,A01
201500053014,0,7,0,0.0,2.0,3.0,10.0,A01
201500053014,0,30,0,0.0,2.0,1.0,1.0,B01
201500053015,0,34,0,0.0,2.0,1.0,17.0,A01
201500053015,0,10,0,0.0,2.0,6.0,10.0,B01
201500053016,0,33,0,0.0,2.0,3.0,2.0,C01
201500053016,0,7,0,0.0,2.0,0.0,0.0,D01
201500053016,1,7,0,0.0,2.0,5.0,2.0,A01
201500053016,0,7,0,0.0,2.0,3.0,12.0,B01
201500053016,0,7,0,0.0,2.0,0.0,2.0,E01
201500053017,0,34,0,0.0,2.0,1.0,1.0,B01
201500053017,0,10,0,0.0,2.0,4.0,4.0,A01
201500053018,0,33,0,0.0,1.0,3.0,1.0,A01
201500053019,0,7,0,0.0,1.0,3.0,1.0,A01
201500053020,0,7,0,0.0,1.0,3.0,1.0,A01
201500053021,0,33,0,0.0,2.0,1.0,2.0,A01
201500053021,0,7,0,0.0,2.0,5.0,23.0,B01
201500053022,0,7,0,0.0,2.0,3.0,1.0,B01
201500053022,0,7,0,0.0,2.0,2.0,12.0,A01
201500053023,0,7,0,0.0,1.0,3.0,1.0,A01
201500053024,0,7,0,0.0,1.0,1.0,15.0,A01
201500053025,0,32,0,0.0,2.0,1.0,1.0,B01
201500053025,0,7,0,0.0,2.0,2.0,15.0,A01
201500053026,0,7,0,0.0,1.0,1.0,15.0,A01
201500053027,0,7,0,0.0,2.0,2.0,15.0,A01
201500053027,0,30,0,0.0,2.0,1.0,1.0,B01
201500053028,0,32,0,0.0,1.0,0.0,1.0,A01
201500053029,0,7,0,0.0,2.0,8.0,22.0,A01
201500053029,0,30,0,0.0,2.0,1.0,17.0,B01
201500053030,0,1,0,0.0,2.0,7.0,17.0,B01
201500053030,0,7,0,0.0,2.0,3.0,10.0,A01
201500053031,0,7,0,0.0,2.0,6.0,9.0,A01
201500053031,0,34,0,0.0,2.0,1.0,1.0,B01
201500053032,0,7,0,0.0,2.0,2.0,15.0,A01
201500053032,0,7,0,0.0,2.0,3.0,1.0,B01
201500053033,0,10,0,0.0,2.0,3.0,15.0,A01
201500053033,0,33,0,0.0,2.0,2.0,1.0,B01
201500053034,2,32,0,0.0,1.0,1.0,1.0,Z01
201500053035,0,33,0,0.0,2.0,0.0,17.0,A01
201500053035,0,10,0,0.0,2.0,6.0,1.0,B01
201500053035,0,37,1,0.0,2.0,1.0,1.0,C01
201500053036,0,33,0,1.0,0.0,7.0,21.0,A01
201500053037,1,7,0,0.0,1.0,0.0,1.0,Z01
201500053038,0,7,0,0.0,1.0,3.0,1.0,A01
201500053039,0,7,0,0.0,2.0,3.0,1.0,B01
201500053039,0,7,0,0.0,2.0,1.0,15.0,A01
201500053040,0,7,0,0.0,2.0,6.0,10.0,A01
201500053040,0,30,0,0.0,2.0,1.0,1.0,B01
201500053041,1,7,0,0.0,1.0,4.0,4.0,Z01
201500053042,0,7,0,11.0,0.0,8.0,15.0,A01
201500053043,0,10,0,0.0,2.0,4.0,2.0,B01
201500053043,0,31,0,0.0,2.0,1.0,2.0,A01
201500053044,0,7,0,0.0,1.0,3.0,15.0,A01
201500053045,0,37,1,0.0,1.0,5.0,7.0,A01
201500053046,0,31,0,0.0,2.0,2.0,1.0,A01
201500053046,0,7,0,0.0,2.0,3.0,16.0,B01
201500053047,0,7,0,0.0,2.0,6.0,10.0,A01
201500053047,0,30,0,0.0,2.0,1.0,17.0,B01
201500053048,0,31,0,0.0,2.0,1.0,1.0,B01
201500053048,0,10,0,0.0,2.0,8.0,10.0,A01
201500053049,0,31,0,0.0,2.0,1.0,1.0,B01
201500053049,0,7,0,0.0,2.0,5.0,15.0,A01
201500053050,0,7,0,0.0,2.0,7.0,22.0,B01
201500053050,0,32,0,0.0,2.0,1.0,18.0,A01
201500053051,0,7,0,0.0,1.0,2.0,1.0,A01
201500053052,0,7,0,0.0,2.0,1.0,13.0,A01
201500053052,0,14,0,0.0,2.0,0.0,24.0,C01
201500053052,0,7,0,0.0,2.0,2.0,1.0,B01
201500053053,0,7,0,0.0,1.0,3.0,1.0,A01
201500053054,0,7,0,0.0,2.0,4.0,23.0,B01
201500053054,0,1,0,0.0,2.0,1.0,2.0,A01
201500053055,0,7,0,0.0,2.0,2.0,1.0,B01
201500053055,0,2,0,0.0,2.0,3.0,19.0,A01
201500053056,0,7,0,0.0,2.0,2.0,17.0,B01
201500053056,0,1,0,0.0,2.0,1.0,13.0,A01
201500053057,0,7,0,0.0,2.0,7.0,15.0,A01
201500053057,0,31,0,0.0,2.0,1.0,1.0,B01
201500053058,0,10,0,0.0,1.0,5.0,20.0,A01
201500053059,0,7,0,0.0,1.0,2.0,1.0,A01
201500053060,0,7,0,7.0,0.0,2.0,13.0,A01
201500053061,0,32,0,0.0,2.0,7.0,17.0,B01
201500053061,0,10,0,0.0,2.0,3.0,22.0,A01
201500053062,0,30,0,0.0,2.0,2.0,1.0,B01
201500053062,0,7,0,0.0,2.0,1.0,1.0,A01
201500053063,0,7,0,0.0,2.0,1.0,2.0,A01
201500053063,0,7,0,0.0,2.0,4.0,23.0,B01
201500053064,0,7,0,2.0,0.0,2.0,14.0,A01
201500053065,0,32,0,0.0,1.0,1.0,17.0,A01
201500053066,0,33,0,0.0,1.0,2.0,17.0,A01
201500053066,0,7,0,0.0,2.0,8.0,15.0,B01
201500053067,0,7,0,0.0,2.0,2.0,15.0,B01
201500053067,0,33,0,0.0,2.0,4.0,13.0,A01
201500053068,0,1,0,0.0,2.0,8.0,19.0,B01
201500053068,1,30,0,0.0,2.0,1.0,1.0,Z01
201500053069,0,1,0,0.0,2.0,1.0,1.0,A01
201500053069,1,7,0,0.0,2.0,1.0,16.0,Z01
201500053070,0,32,0,0.0,2.0,9.0,17.0,B01
201500053070,0,10,0,0.0,2.0,8.0,15.0,A01
201500053071,0,1,0,0.0,2.0,4.0,1.0,B01
201500053071,0,33,0,0.0,2.0,7.0,15.0,A01
201500053072,0,2,0,0.0,2.0,1.0,2.0,A01
201500053072,0,7,0,0.0,2.0,4.0,2.0,B01
201500053073,0,10,0,0.0,1.0,7.0,1.0,A01
201500053074,0,7,0,8.0,0.0,6.0,10.0,A01
201500053075,0,31,0,0.0,2.0,1.0,7.0,B01
201500053075,0,7,0,0.0,2.0,2.0,1.0,A01
201500053076,0,32,0,0.0,2.0,6.0,23.0,A01
201500053076,1,14,0,0.0,2.0,5.0,14.0,Z01
201500053077,0,30,0,0.0,0.0,3.0,9.0,A01
201500053078,0,7,0,0.0,2.0,2.0,15.0,A01
201500053078,0,33,0,0.0,2.0,3.0,1.0,B01
201500053079,0,7,0,0.0,1.0,3.0,18.0,A01
201500053080,0,10,0,0.0,2.0,2.0,14.0,A01
201500053080,0,1,0,0.0,2.0,8.0,1.0,B01
201500053081,0,7,0,0.0,1.0,2.0,16.0,A01
201500053082,0,7,0,0.0,2.0,4.0,2.0,B01
201500053082,0,7,0,0.0,2.0,4.0,23.0,C01
201500053082,0,7,0,0.0,2.0,1.0,2.0,A01
201500053083,0,7,0,0.0,2.0,3.0,22.0,A01
201500053083,0,30,0,1.0,2.0,2.0,1.0,B01
201500053084,0,7,0,0.0,1.0,4.0,4.0,A01
201500053085,0,7,0,0.0,2.0,1.0,1.0,A01
201500053085,0,1,0,0.0,2.0,8.0,16.0,B01
201500053086,0,1,0,0.0,2.0,1.0,1.0,B01
201500053086,0,14,0,0.0,2.0,5.0,16.0,A01
201500053087,0,30,0,0.0,2.0,1.0,15.0,A01
201500053087,0,10,0,0.0,2.0,3.0,1.0,B01
201500053088,0,7,0,0.0,1.0,5.0,1.0,A01
201500053089,0,2,0,0.0,0.0,7.0,1.0,A01
201500053090,0,7,0,0.0,1.0,2.0,1.0,A01
201500053091,0,1,0,0.0,2.0,8.0,1.0,A01
201500053091,1,7,0,0.0,2.0,0.0,15.0,Z01
201500053092,0,33,0,0.0,2.0,1.0,1.0,B01
201500053092,0,7,0,0.0,2.0,2.0,15.0,A01
201500053093,0,1,0,0.0,2.0,1.0,7.0,A01
201500053093,0,37,1,0.0,2.0,3.0,15.0,B01
201500053094,0,2,0,0.0,1.0,1.0,1.0,A01
201500053095,0,7,0,0.0,2.0,2.0,2.0,A01
201500053095,0,7,0,0.0,2.0,6.0,23.0,B01
201500053096,0,7,0,0.0,1.0,7.0,1.0,A01
201500053097,1,7,0,0.0,1.0,4.0,4.0,Z01
201500053098,0,7,0,0.0,2.0,1.0,5.0,A01
201500053098,0,32,0,0.0,2.0,1.0,1.0,B01
201500053099,0,34,0,0.0,0.0,4.0,2.0,A01
201500053100,0,32,0,0.0,2.0,3.0,13.0,A01
201500053100,0,7,0,0.0,2.0,3.0,1.0,B01
201500053101,0,10,0,11.0,0.0,0.0,15.0,A01
201500053102,0,7,0,0.0,1.0,1.0,16.0,A01
201500053103,0,34,0,0.0,2.0,1.0,17.0,B01
201500053103,0,7,0,0.0,2.0,6.0,15.0,A01
201500053104,0,33,0,12.0,0.0,3.0,13.0,A01
201500053105,0,2,0,8.0,0.0,8.0,1.0,A01
201500053106,0,30,0,0.0,1.0,1.0,1.0,A01
201500053107,0,33,0,0.0,2.0,1.0,16.0,A01
201500053107,0,7,0,0.0,2.0,6.0,14.0,B01
201500053108,0,30,0,0.0,1.0,1.0,21.0,A01
201500053109,0,7,0,0.0,2.0,4.0,23.0,B01
201500053109,0,7,0,0.0,2.0,1.0,2.0,A01
201500053110,0,1,0,0.0,2.0,1.0,2.0,A01
201500053110,0,7,0,0.0,2.0,5.0,23.0,B01
201500053111,0,31,0,0.0,2.0,1.0,1.0,B01
201500053111,0,33,0,0.0,2.0,7.0,15.0,A01
201500053112,0,7,0,0.0,2.0,3.0,16.0,B01
201500053112,0,33,0,0.0,2.0,2.0,21.0,A01
201500053113,0,7,0,0.0,2.0,1.0,15.0,A01
201500053113,0,30,0,0.0,2.0,1.0,1.0,B01
201500053114,0,7,0,0.0,2.0,1.0,10.0,A01
201500053114,0,7,0,0.0,2.0,1.0,1.0,C01
201500053114,0,7,0,0.0,2.0,1.0,1.0,B01
201500053115,0,33,0,0.0,2.0,8.0,1.0,B01
201500053115,0,7,0,0.0,2.0,1.0,15.0,A01
201500053116,0,7,0,0.0,2.0,3.0,15.0,A01
201500053116,0,7,0,0.0,2.0,2.0,1.0,B01
201500053117,0,1,0,0.0,1.0,1.0,17.0,A01
201500053118,0,7,0,1.0,0.0,3.0,13.0,A01
201500053119,0,7,0,0.0,1.0,1.0,1.0,A01
201500053120,0,1,0,0.0,2.0,1.0,2.0,A01
201500053120,0,37,1,0.0,2.0,4.0,23.0,B01
201500053121,0,33,0,0.0,1.0,3.0,1.0,A01
201500053122,0,7,0,0.0,2.0,5.0,16.0,A01
201500053122,0,1,0,0.0,2.0,5.0,1.0,B01
201500053123,0,2,0,0.0,1.0,1.0,1.0,A01
201500053124,0,7,0,1.0,0.0,7.0,14.0,A01
201500053125,0,10,0,0.0,1.0,3.0,16.0,A01
201500053126,0,1,0,0.0,1.0,1.0,1.0,A01
201500053127,0,31,0,0.0,2.0,8.0,1.0,B01
201500053127,0,7,0,0.0,2.0,1.0,15.0,A01
201500053128,0,7,0,0.0,2.0,1.0,1.0,A01
201500053128,1,7,0,0.0,2.0,2.0,10.0,Z01
201500053129,0,7,0,0.0,2.0,2.0,15.0,A01
201500053129,0,31,0,0.0,2.0,1.0,1.0,B01
201500053130,0,7,0,0.0,1.0,2.0,1.0,A01
201500053131,0,1,0,0.0,2.0,1.0,9.0,B01
201500053131,0,7,0,0.0,2.0,3.0,15.0,A01
201500053132,0,7,0,0.0,2.0,0.0,22.0,A01
201500053132,0,1,0,1.0,2.0,0.0,1.0,B01
201500053133,0,7,0,0.0,1.0,3.0,15.0,A01
201500053134,0,2,0,12.0,0.0,2.0,1.0,A01
201500053135,0,7,0,0.0,2.0,7.0,14.0,B01
201500053135,0,34,0,0.0,2.0,8.0,18.0,A01
201500053136,0,7,0,0.0,2.0,2.0,15.0,A01
201500053136,0,33,0,0.0,2.0,1.0,1.0,B01
201500053137,0,7,0,0.0,2.0,3.0,1.0,A01
201500053137,0,33,0,0.0,2.0,3.0,1.0,C01
201500053137,0,34,0,0.0,2.0,7.0,1.0,B01
201500053138,0,37,3,1.0,0.0,7.0,0.0,A01
201500053139,0,7,0,0.0,2.0,1.0,2.0,A01
201500053139,0,10,0,0.0,2.0,6.0,23.0,B01
201500053140,0,7,0,0.0,2.0,6.0,9.0,A01
201500053140,0,33,0,0.0,2.0,5.0,1.0,B01
201500053141,0,7,0,0.0,1.0,1.0,15.0,A01
201500053142,0,2,0,0.0,1.0,0.0,1.0,A01
201500053143,0,10,0,0.0,1.0,7.0,1.0,A01
201500053144,0,2,0,12.0,0.0,2.0,14.0,A01
201500053145,0,10,0,0.0,2.0,8.0,23.0,A01
201500053145,0,1,0,1.0,2.0,2.0,1.0,B01
201500053146,0,34,0,0.0,2.0,1.0,1.0,A01
201500053146,0,7,0,0.0,2.0,8.0,1.0,B01
201500053147,1,7,0,0.0,1.0,0.0,9.0,Z01
201500053148,0,33,0,0.0,2.0,1.0,17.0,B01
201500053148,0,10,0,0.0,2.0,8.0,9.0,A01
201500053149,0,10,0,0.0,2.0,3.0,1.0,B01
201500053149,0,7,0,0.0,2.0,2.0,15.0,A01
201500053150,0,30,0,0.0,1.0,8.0,1.0,A01
201500053151,0,7,0,0.0,2.0,0.0,10.0,A01
201500053151,0,32,0,0.0,2.0,7.0,1.0,B01
201500053152,0,7,0,0.0,2.0,3.0,15.0,A01
201500053152,0,1,0,0.0,2.0,2.0,1.0,B01
201500053153,0,1,0,0.0,1.0,1.0,1.0,A01
201500053154,0,37,0,0.0,2.0,2.0,1.0,B01
201500053154,0,7,0,0.0,2.0,5.0,16.0,A01
201500053155,0,30,0,9.0,0.0,1.0,1.0,A01
201500053156,0,33,0,12.0,0.0,1.0,14.0,A01
201500053157,0,7,0,0.0,2.0,0.0,1.0,A01
201500053157,0,1,0,0.0,2.0,0.0,1.0,B01
201500053158,0,7,0,0.0,2.0,2.0,15.0,A01
201500053158,0,34,0,0.0,2.0,8.0,1.0,B01
201500053159,0,7,0,0.0,1.0,6.0,4.0,A01
201500053160,0,7,0,0.0,2.0,1.0,15.0,B01
201500053160,0,34,0,0.0,2.0,7.0,1.0,A01
201500053161,0,7,0,0.0,2.0,1.0,1.0,A01
201500053161,0,33,0,0.0,2.0,4.0,1.0,B01
201500053162,0,7,0,0.0,2.0,4.0,23.0,B01
201500053162,2,2,0,0.0,2.0,0.0,1.0,Z01
201500053163,0,7,0,0.0,2.0,3.0,1.0,B01
201500053163,0,33,0,0.0,2.0,1.0,16.0,A01
201500053164,0,2,0,0.0,0.0,7.0,1.0,A01
201500053165,0,7,0,0.0,2.0,1.0,1.0,A01
201500053165,0,1,0,0.0,2.0,4.0,13.0,B01
201500053166,0,7,0,1.0,0.0,2.0,1.0,A01
201500053167,0,1,0,0.0,2.0,3.0,18.0,A01
201500053167,0,7,0,0.0,2.0,0.0,1.0,B01
201500053168,0,32,0,0.0,2.0,1.0,15.0,A01
201500053168,0,7,0,0.0,2.0,3.0,15.0,B01
201500053169,0,7,0,0.0,1.0,4.0,23.0,B01
201500053169,0,7,0,0.0,2.0,1.0,1.0,A01
201500053170,0,33,0,0.0,1.0,3.0,1.0,A01
201500053171,1,34,0,0.0,2.0,1.0,2.0,Z01
201500053171,0,1,0,0.0,2.0,4.0,2.0,A01
201500053172,0,7,0,0.0,2.0,8.0,10.0,A01
201500053172,0,31,0,0.0,2.0,1.0,1.0,B01
201500053173,0,7,0,0.0,2.0,3.0,7.0,B01
201500053173,0,33,0,0.0,2.0,1.0,16.0,A01
201500053174,0,7,0,0.0,2.0,6.0,1.0,B01
201500053174,0,7,0,0.0,2.0,3.0,1.0,A01
201500053174,1,7,0,0.0,2.0,0.0,15.0,Z01
201500053174,0,7,0,0.0,2.0,2.0,1.0,C01
201500053175,0,31,0,0.0,2.0,0.0,1.0,B01
201500053175,0,7,0,0.0,2.0,0.0,15.0,A01
201500053176,0,33,0,0.0,2.0,1.0,2.0,A01
201500053176,0,7,0,0.0,2.0,5.0,2.0,B01
201500053177,0,33,0,0.0,2.0,8.0,1.0,B01
201500053177,0,7,0,0.0,2.0,3.0,15.0,A01
201500053178,0,7,0,0.0,2.0,2.0,2.0,A01
201500053178,0,7,0,0.0,2.0,6.0,23.0,B01
201500053179,0,7,0,0.0,2.0,4.0,23.0,B01
201500053179,0,7,0,0.0,2.0,1.0,2.0,A01
201500053180,0,7,0,0.0,2.0,1.0,2.0,A01
201500053180,0,33,0,0.0,2.0,4.0,23.0,B01
201500053181,0,7,0,0.0,1.0,2.0,1.0,A01
201500053182,0,7,0,0.0,2.0,4.0,2.0,A01
201500053182,0,31,0,0.0,2.0,1.0,2.0,B01
201500053183,1,7,0,0.0,2.0,0.0,15.0,Z01
201500053183,0,2,0,0.0,2.0,8.0,1.0,A01
201500053184,0,7,0,0.0,2.0,3.0,15.0,A01
201500053184,0,32,0,0.0,2.0,8.0,1.0,B01
201500053185,0,7,0,0.0,2.0,2.0,1.0,B01
201500053185,0,33,0,0.0,2.0,8.0,13.0,A01
201500053186,0,7,0,0.0,2.0,5.0,15.0,A01
201500053186,0,1,0,0.0,2.0,1.0,1.0,B01
201500053187,0,7,0,11.0,0.0,1.0,15.0,A01
201500053188,0,7,0,1.0,0.0,9.0,13.0,A01
201500053189,0,1,0,0.0,2.0,0.0,1.0,B01
201500053189,0,7,0,0.0,2.0,8.0,22.0,A01
201500053190,0,1,0,0.0,2.0,5.0,1.0,A01
201500053190,1,34,0,0.0,2.0,1.0,1.0,Z01
201500053191,0,7,0,0.0,2.0,7.0,16.0,A01
201500053191,0,37,0,0.0,2.0,3.0,7.0,B01
201500053192,1,7,0,0.0,2.0,4.0,2.0,Z01
201500053192,0,7,0,0.0,2.0,4.0,23.0,A01
201500053193,0,7,0,0.0,1.0,2.0,1.0,A01
201500053194,0,33,0,0.0,2.0,0.0,1.0,A01
201500053194,0,7,0,0.0,2.0,3.0,15.0,B01
201500053195,0,13,0,0.0,2.0,2.0,16.0,A01
201500053195,0,1,0,0.0,2.0,8.0,1.0,B01
201500053196,0,10,0,0.0,2.0,7.0,22.0,A01
201500053196,0,1,0,0.0,2.0,0.0,1.0,B01
201500053197,0,10,0,0.0,2.0,1.0,2.0,A01
201500053197,0,7,0,0.0,2.0,4.0,2.0,B01
201500053198,0,1,0,12.0,0.0,1.0,14.0,A01
201500053199,0,7,0,11.0,0.0,3.0,1.0,A01
201500053200,0,34,0,0.0,2.0,7.0,1.0,A01
201500053200,1,7,0,0.0,2.0,0.0,14.0,Z01
201500053201,0,7,0,0.0,2.0,4.0,23.0,C01
201500053201,0,7,0,0.0,2.0,1.0,2.0,A01
201500053201,0,7,0,0.0,2.0,4.0,23.0,B01
201500053202,0,7,0,0.0,2.0,8.0,10.0,A01
201500053202,0,33,0,0.0,2.0,7.0,1.0,B01
201500053203,0,7,0,0.0,2.0,4.0,2.0,A01
201500053203,0,33,0,0.0,2.0,1.0,2.0,B01
201500053204,0,37,0,0.0,2.0,0.0,21.0,A01
201500053205,0,33,0,0.0,2.0,3.0,7.0,A01
201500053205,0,10,0,0.0,2.0,2.0,16.0,B01
201500053206,0,7,0,12.0,0.0,3.0,13.0,A01
201500053207,0,7,0,0.0,1.0,1.0,1.0,A01
201500053208,0,7,0,7.0,0.0,3.0,15.0,A01
201500053209,0,33,0,0.0,2.0,2.0,1.0,B01
201500053209,0,7,0,0.0,2.0,3.0,13.0,A01
201500053210,0,7,0,0.0,2.0,6.0,2.0,C01
201500053210,0,7,0,0.0,2.0,0.0,2.0,B01
201500053210,0,33,0,0.0,2.0,3.0,17.0,A01
201500053211,0,33,0,12.0,2.0,8.0,17.0,A01
201500053211,0,1,0,0.0,2.0,8.0,13.0,B01
201500053212,0,30,0,0.0,2.0,1.0,2.0,A01
201500053212,0,7,0,0.0,2.0,4.0,23.0,B01
201500053213,0,7,0,0.0,2.0,7.0,15.0,A01
201500053213,0,33,0,0.0,2.0,1.0,1.0,B01
201500053214,0,32,0,0.0,2.0,1.0,1.0,B01
201500053214,0,7,0,0.0,2.0,2.0,15.0,A01
201500053215,0,31,0,0.0,2.0,1.0,17.0,A01
201500053215,0,10,0,0.0,2.0,3.0,15.0,B01
201500053216,0,2,0,0.0,2.0,3.0,2.0,A01
201500053216,0,7,0,0.0,2.0,5.0,15.0,B01
201500053217,0,7,0,0.0,2.0,2.0,1.0,A01
201500053217,0,7,0,0.0,2.0,3.0,16.0,B01
201500053218,0,7,0,1.0,0.0,3.0,13.0,A01
201500053219,0,7,0,0.0,2.0,3.0,1.0,B01
201500053219,0,7,0,0.0,2.0,1.0,15.0,A01
201500053220,0,31,0,12.0,0.0,3.0,14.0,A01
201500053221,0,2,0,0.0,2.0,4.0,23.0,B01
201500053221,0,10,0,0.0,2.0,1.0,2.0,A01
201500053222,0,31,0,0.0,2.0,1.0,1.0,B01