Num_Acc,senc,catv,occutc,obs,obsm,choc,manv,num_veh
201500053516,0,7,0,0.0,2.0,2.0,17.0,A01
201500053516,0,1,0,0.0,2.0,4.0,7.0,B01
201500053517,0,31,0,0.0,2.0,0.0,17.0,B01
201500053517,0,7,0,0.0,2.0,0.0,23.0,A01
201500053518,0,7,0,0.0,2.0,4.0,23.0,B01
201500053518,0,7,0,0.0,2.0,1.0,2.0,A01
201500053519,0,7,0,1.0,2.0,1.0,14.0,A01
201500053519,0,7,0,0.0,2.0,0.0,22.0,B01
201500053520,0,7,0,0.0,2.0,4.0,2.0,B01
201500053520,0,7,0,0.0,2.0,1.0,2.0,A01
201500053521,1,10,0,0.0,1.0,0.0,1.0,Z01
201500053522,0,34,0,1.0,0.0,2.0,5.0,A01
201500053523,0,32,0,0.0,2.0,5.0,17.0,A01
201500053523,0,7,0,0.0,2.0,3.0,13.0,B01
201500053524,0,30,0,0.0,2.0,8.0,1.0,A01
201500053524,0,7,0,0.0,2.0,1.0,1.0,B01
201500053525,0,1,0,0.0,2.0,1.0,1.0,A01
201500053526,0,14,0,0.0,2.0,4.0,4.0,A01
201500053526,0,38,0,0.0,2.0,1.0,23.0,B01
201500053527,0,1,0,0.0,2.0,1.0,1.0,B01
201500053527,0,7,0,0.0,2.0,8.0,1.0,A01
201500053528,0,30,0,1.0,0.0,1.0,13.0,A01
201500053529,0,7,0,0.0,2.0,1.0,15.0,A01
201500053529,0,34,0,0.0,2.0,2.0,1.0,B01
201500053530,0,31,0,0.0,0.0,0.0,1.0,A01
201500053531,0,32,0,0.0,2.0,0.0,1.0,B01
201500053531,0,7,0,0.0,2.0,0.0,15.0,A01
201500053532,0,7,0,0.0,2.0,2.0,16.0,B01
201500053532,0,32,0,0.0,2.0,3.0,18.0,A01
201500053533,0,7,0,11.0,0.0,2.0,1.0,A01
201500053534,0,7,0,0.0,1.0,5.0,4.0,A01
201500053535,0,7,0,0.0,2.0,3.0,1.0,B01
201500053535,0,7,0,0.0,2.0,1.0,10.0,A01
201500053536,0,7,0,0.0,2.0,7.0,16.0,B01
201500053536,0,30,0,0.0,2.0,8.0,7.0,A01
201500053537,0,2,0,0.0,2.0,3.0,13.0,A01
201500053537,0,7,0,0.0,2.0,5.0,1.0,B01
201500053538,0,7,0,14.0,0.0,3.0,15.0,A01
201500053539,0,7,0,0.0,2.0,2.0,15.0,A01
201500053539,0,30,0,0.0,2.0,1.0,1.0,B01
201500053540,0,31,0,0.0,0.0,0.0,1.0,A01
201500053541,0,33,0,0.0,2.0,1.0,1.0,B01
201500053541,0,7,0,0.0,2.0,7.0,14.0,A01
201500053542,0,2,0,0.0,0.0,0.0,1.0,A01
201500053543,0,7,0,0.0,2.0,3.0,10.0,A01
201500053543,0,33,0,0.0,2.0,1.0,1.0,B01
201500053544,0,37,0,0.0,2.0,5.0,17.0,B01
201500053544,0,1,0,0.0,2.0,3.0,7.0,A01
201500053545,0,7,0,0.0,1.0,1.0,1.0,A01
201500053546,0,7,0,0.0,1.0,3.0,1.0,A01
201500053547,0,7,0,0.0,1.0,6.0,4.0,A01
201500053548,0,7,0,0.0,2.0,7.0,15.0,A01
201500053548,0,1,0,0.0,2.0,1.0,7.0,B01
201500053549,0,31,0,0.0,2.0,1.0,3.0,A01
201500053549,0,33,0,0.0,2.0,4.0,3.0,C01
201500053549,0,10,0,0.0,2.0,7.0,1.0,B01
201500053549,0,7,0,0.0,2.0,6.0,1.0,D01
201500053550,0,30,0,0.0,2.0,0.0,18.0,B01
201500053550,0,7,0,0.0,2.0,2.0,16.0,A01
201500053551,0,33,0,0.0,2.0,4.0,2.0,B01
201500053551,0,34,0,0.0,2.0,1.0,2.0,A01
201500053552,1,2,0,0.0,0.0,0.0,1.0,Z01
201500053553,0,7,0,0.0,2.0,2.0,22.0,A01
201500053553,0,30,0,0.0,2.0,3.0,18.0,B01
201500053554,0,30,0,0.0,2.0,1.0,1.0,B01
201500053554,0,7,0,0.0,2.0,2.0,15.0,A01
201500053555,0,31,0,0.0,2.0,1.0,1.0,A01
201500053555,0,7,0,0.0,2.0,4.0,1.0,B01
201500053556,0,31,0,0.0,1.0,1.0,1.0,A01
201500053557,0,2,0,0.0,2.0,8.0,1.0,B01
201500053557,0,7,0,0.0,2.0,1.0,9.0,A01
201500053558,1,7,0,0.0,2.0,0.0,1.0,Z01
201500053558,0,2,0,0.0,2.0,0.0,1.0,A01
201500053559,0,2,0,0.0,2.0,1.0,1.0,A01
201500053559,0,7,0,0.0,2.0,8.0,1.0,B01
201500053560,0,30,0,0.0,2.0,2.0,2.0,A01
201500053560,0,1,0,0.0,2.0,6.0,2.0,B01
201500053561,0,40,0,0.0,2.0,0.0,1.0,B01
201500053561,0,30,0,0.0,2.0,7.0,19.0,A01
201500053562,0,37,0,0.0,2.0,3.0,1.0,B01
201500053562,0,32,0,0.0,2.0,3.0,14.0,A01
201500053563,0,37,0,0.0,2.0,8.0,1.0,B01
201500053563,0,7,0,0.0,2.0,1.0,15.0,A01
201500053564,0,33,0,0.0,2.0,3.0,18.0,B01
201500053564,0,7,0,0.0,2.0,8.0,16.0,A01
201500053565,0,32,0,0.0,2.0,1.0,1.0,B01
201500053565,0,7,0,0.0,2.0,6.0,1.0,A01
201500053566,1,14,0,0.0,2.0,0.0,1.0,Z01
201500053566,0,7,0,0.0,2.0,8.0,23.0,B01
201500053566,0,7,0,0.0,2.0,8.0,23.0,C01
201500053567,0,7,0,0.0,2.0,2.0,1.0,B01
201500053567,0,7,0,0.0,2.0,3.0,1.0,A01
201500053568,0,2,0,0.0,0.0,3.0,1.0,A01
201500053569,0,1,0,0.0,2.0,0.0,1.0,B01
201500053569,0,7,0,0.0,2.0,2.0,16.0,A01
201500053570,0,7,0,0.0,1.0,0.0,1.0,A01
201500053571,0,7,0,0.0,1.0,7.0,1.0,A01
201500053572,0,7,0,1.0,0.0,3.0,13.0,A01
201500053573,0,7,0,0.0,1.0,1.0,15.0,A01
201500053574,0,7,0,11.0,0.0,3.0,15.0,A01
201500053575,0,7,0,0.0,1.0,2.0,7.0,A01
201500053576,0,1,0,0.0,2.0,2.0,1.0,B01
201500053576,0,7,0,0.0,2.0,8.0,22.0,A01
201500053577,0,33,0,0.0,2.0,7.0,1.0,A01
201500053578,0,37,0,0.0,1.0,0.0,1.0,A01
201500053579,0,7,0,0.0,2.0,1.0,15.0,A01
201500053579,0,33,0,0.0,2.0,3.0,1.0,B01
201500053580,0,7,0,0.0,2.0,4.0,16.0,B01
201500053580,0,7,0,0.0,2.0,1.0,16.0,A01
201500053581,0,10,0,11.0,0.0,3.0,15.0,A01
201500053582,0,31,0,0.0,1.0,1.0,1.0,A01
201500053583,0,10,0,0.0,1.0,0.0,1.0,A01
201500053584,0,37,0,0.0,1.0,0.0,0.0,A01
201500053585,0,10,0,0.0,1.0,3.0,1.0,A01
201500053586,0,32,0,0.0,2.0,2.0,17.0,A01
201500053586,0,7,0,0.0,2.0,3.0,15.0,B01
201500053587,0,10,0,9.0,2.0,6.0,4.0,A01
201500053587,0,37,0,0.0,2.0,2.0,1.0,B01
201500053588,0,33,0,0.0,1.0,1.0,1.0,A01
201500053589,0,13,0,0.0,2.0,5.0,1.0,B01
201500053589,0,7,0,1.0,2.0,2.0,14.0,A01
201500053590,0,10,0,0.0,1.0,5.0,4.0,A01
201500053591,0,7,0,0.0,1.0,0.0,1.0,A01
201500053592,0,7,0,0.0,2.0,6.0,15.0,A01
201500053592,0,30,0,0.0,2.0,2.0,17.0,B01
201500053593,0,30,0,0.0,0.0,8.0,16.0,A01
201500053594,0,33,0,0.0,2.0,8.0,1.0,B01
201500053594,0,7,0,0.0,2.0,1.0,15.0,A01
201500053595,0,2,0,0.0,2.0,4.0,1.0,A01
201500053595,1,7,0,0.0,2.0,1.0,1.0,Z01
201500053596,0,1,0,0.0,2.0,8.0,1.0,B01
201500053596,0,7,0,0.0,2.0,1.0,1.0,A01
201500053597,0,10,0,0.0,1.0,0.0,4.0,A01
201500053598,0,1,0,0.0,2.0,3.0,1.0,B01
201500053598,0,7,0,0.0,2.0,1.0,16.0,A01
201500053599,0,32,0,15.0,0.0,3.0,1.0,A01
201500053600,0,7,0,1.0,0.0,3.0,13.0,A01
201500053601,0,7,0,0.0,2.0,3.0,7.0,B01
201500053601,0,2,0,0.0,2.0,1.0,16.0,A01
201500053602,0,7,0,0.0,2.0,5.0,23.0,B01
201500053602,0,34,0,0.0,2.0,1.0,2.0,A01
201500053603,0,33,0,0.0,2.0,7.0,17.0,A01
201500053603,0,7,0,0.0,2.0,3.0,13.0,B01
201500053604,0,32,0,0.0,0.0,8.0,1.0,A01
201500053605,0,30,0,0.0,2.0,1.0,1.0,A01
201500053605,0,7,0,0.0,2.0,2.0,15.0,B01
201500053606,0,30,0,0.0,2.0,7.0,7.0,A01
201500053606,0,7,0,0.0,2.0,0.0,16.0,B01
201500053607,0,1,0,0.0,2.0,2.0,1.0,A01
201500053607,0,7,0,0.0,2.0,3.0,16.0,B01
201500053608,0,32,0,0.0,1.0,3.0,1.0,A01
201500053609,0,30,0,0.0,0.0,8.0,1.0,A01
201500053610,0,7,0,1.0,0.0,2.0,14.0,A01
201500053611,0,33,0,0.0,2.0,0.0,1.0,B01
201500053611,0,30,0,0.0,2.0,8.0,15.0,A01
201500053612,0,32,0,0.0,2.0,1.0,17.0,A01
201500053612,0,37,0,0.0,2.0,3.0,23.0,B01
201500053613,0,33,0,0.0,2.0,0.0,1.0,B01
201500053613,1,1,0,0.0,2.0,7.0,19.0,Z01
201500053614,0,32,0,1.0,2.0,1.0,1.0,A01
201500053614,0,10,0,0.0,2.0,3.0,1.0,B01
201500053615,0,30,0,0.0,0.0,0.0,21.0,A01
201500053616,0,7,0,0.0,2.0,3.0,2.0,A01
201500053616,0,7,0,0.0,2.0,5.0,23.0,B01
201500053617,0,31,0,0.0,2.0,4.0,2.0,B01
201500053617,0,7,0,0.0,2.0,1.0,2.0,A01
201500053618,0,32,0,0.0,2.0,8.0,1.0,B01
201500053618,1,7,0,0.0,2.0,7.0,16.0,Z01
201500053619,0,7,0,9.0,0.0,1.0,14.0,A01
201500053620,0,7,0,9.0,0.0,1.0,1.0,A01
201500053621,0,2,0,0.0,2.0,3.0,18.0,A01
201500053621,0,7,0,0.0,2.0,2.0,16.0,B01
201500053622,0,34,0,0.0,2.0,7.0,1.0,B01
201500053622,0,7,0,0.0,2.0,3.0,1.0,A01
201500053623,0,33,0,0.0,2.0,2.0,18.0,A01
201500053623,0,10,0,0.0,2.0,2.0,14.0,B01
201500053624,0,33,0,0.0,0.0,2.0,21.0,A01
201500053625,0,7,0,0.0,2.0,0.0,1.0,B01
201500053625,0,32,0,0.0,2.0,0.0,14.0,A01
201500053626,1,10,0,0.0,1.0,7.0,4.0,Z01
201500053627,0,30,0,1.0,0.0,0.0,15.0,A01
201500053628,0,2,0,0.0,0.0,0.0,14.0,A01
201500053629,0,7,0,0.0,2.0,6.0,18.0,A01
201500053629,0,1,0,0.0,2.0,7.0,1.0,B01
201500053630,1,7,0,0.0,1.0,0.0,16.0,Z01
201500053631,0,7,0,0.0,2.0,2.0,1.0,A01
201500053631,0,31,0,0.0,2.0,8.0,1.0,B01
201500053632,0,10,0,0.0,2.0,3.0,15.0,B01
201500053632,0,34,0,0.0,2.0,2.0,17.0,A01
201500053633,0,1,0,0.0,1.0,1.0,5.0,A01
201500053634,0,30,0,0.0,0.0,8.0,21.0,A01
201500053635,0,30,0,0.0,1.0,1.0,1.0,A01
201500053636,0,7,0,0.0,2.0,1.0,17.0,A01
201500053636,0,7,0,0.0,2.0,6.0,15.0,B01
201500053637,0,31,0,0.0,0.0,7.0,1.0,A01
201500053638,0,33,0,0.0,1.0,7.0,17.0,A01
201500053639,0,31,0,0.0,0.0,0.0,21.0,A01
201500053640,0,30,0,0.0,0.0,7.0,21.0,A01
201500053641,0,31,0,0.0,1.0,0.0,1.0,A01
201500053642,0,7,0,0.0,1.0,5.0,1.0,A01
201500053643,0,7,0,0.0,1.0,2.0,1.0,A01
201500053644,0,7,0,7.0,0.0,3.0,13.0,A01
201500053645,0,10,0,0.0,1.0,4.0,4.0,A01
201500053646,0,7,0,0.0,2.0,7.0,1.0,A01
201500053646,0,1,0,0.0,2.0,8.0,1.0,B01
201500053647,0,7,0,0.0,2.0,1.0,15.0,A01
201500053647,0,32,0,0.0,2.0,1.0,2.0,B01
201500053648,0,7,0,0.0,2.0,6.0,15.0,B01
201500053648,0,31,0,0.0,2.0,8.0,17.0,A01
201500053649,0,30,0,0.0,2.0,4.0,0.0,B01
201500053649,1,7,0,0.0,2.0,1.0,0.0,A01
201500053650,0,7,0,0.0,2.0,1.0,1.0,A01
201500053650,0,7,0,0.0,2.0,4.0,23.0,B01
201500053651,0,10,0,0.0,1.0,1.0,1.0,A01
201500053652,0,7,0,0.0,2.0,1.0,17.0,A01
201500053652,0,32,0,0.0,1.0,1.0,1.0,B01
201500053653,0,10,0,0.0,2.0,4.0,2.0,B01
201500053653,0,33,0,0.0,2.0,0.0,2.0,A01
201500053654,0,1,0,0.0,2.0,1.0,1.0,B01
201500053654,0,10,0,0.0,2.0,3.0,1.0,A01
201500053655,0,10,0,0.0,1.0,3.0,15.0,A01
201500053656,0,31,0,1.0,0.0,1.0,21.0,A01
201500053657,0,7,0,0.0,2.0,1.0,23.0,A01
201500053657,0,7,0,0.0,2.0,5.0,2.0,B01
201500053658,0,10,0,0.0,2.0,3.0,1.0,B01
201500053658,0,7,0,0.0,2.0,2.0,1.0,A01
201500053659,0,32,0,0.0,2.0,1.0,17.0,B01
201500053659,0,7,0,0.0,2.0,6.0,13.0,A01
201500053660,0,30,0,0.0,0.0,0.0,1.0,A01
201500053661,0,10,0,0.0,1.0,7.0,1.0,A01
201500053662,0,7,0,0.0,2.0,1.0,2.0,A01
201500053662,0,7,0,0.0,2.0,4.0,23.0,B01
201500053663,0,30,0,0.0,2.0,2.0,1.0,A01
201500053663,0,7,0,0.0,2.0,2.0,1.0,B01
201500053664,0,7,0,2.0,0.0,1.0,13.0,A01
201500053665,0,7,0,0.0,2.0,2.0,1.0,B01
201500053665,0,33,0,0.0,2.0,7.0,1.0,A01
201500053666,0,7,0,0.0,2.0,5.0,16.0,A01
201500053666,0,33,0,0.0,2.0,3.0,1.0,B01
201500053667,1,7,0,0.0,1.0,2.0,1.0,Z01
201500053668,0,7,0,0.0,1.0,2.0,1.0,A01
201500053669,0,10,0,0.0,1.0,3.0,15.0,A01
201500053670,0,7,0,0.0,1.0,2.0,1.0,A01
201500053671,0,7,0,0.0,1.0,2.0,1.0,A01
201500053672,0,7,0,0.0,2.0,1.0,10.0,A01
201500053672,0,33,0,0.0,2.0,8.0,1.0,B01
201500053673,0,10,0,0.0,1.0,1.0,15.0,A01
201500053674,0,32,0,0.0,2.0,1.0,2.0,A01
201500053674,0,7,0,0.0,2.0,6.0,2.0,B01
201500053675,0,7,0,0.0,1.0,0.0,16.0,A01
201500053676,0,31,0,0.0,1.0,4.0,1.0,A01
201500053677,0,10,0,0.0,2.0,4.0,2.0,B01
201500053677,0,38,30,0.0,2.0,2.0,2.0,A01
201500053678,0,7,0,0.0,2.0,3.0,1.0,A01
201500053678,0,1,0,0.0,2.0,2.0,1.0,B01
201500053679,0,32,0,0.0,0.0,0.0,1.0,A01
201500053680,0,7,0,0.0,1.0,3.0,17.0,A01
201500053681,0,7,0,0.0,2.0,2.0,1.0,A01
201500053681,0,31,0,0.0,2.0,1.0,15.0,B01
201500053682,0,7,0,14.0,0.0,1.0,1.0,A01
201500053683,0,1,0,0.0,1.0,1.0,1.0,A01
201500053684,1,7,0,0.0,1.0,0.0,1.0,Z01
201500053685,1,32,0,0.0,1.0,1.0,7.0,Z01
201500053686,0,7,0,0.0,1.0,2.0,16.0,A01
201500053687,0,33,0,0.0,2.0,7.0,1.0,A01
201500053687,0,7,0,0.0,2.0,1.0,16.0,B01
201500053688,0,7,0,0.0,2.0,2.0,2.0,A01
201500053688,0,7,0,0.0,2.0,6.0,23.0,B01
201500053689,0,31,0,0.0,2.0,2.0,1.0,B01
201500053689,0,7,0,0.0,2.0,3.0,13.0,A01
201500053690,0,7,0,0.0,2.0,4.0,23.0,B01
201500053690,0,10,0,0.0,2.0,1.0,2.0,A01
201500053691,0,7,0,0.0,1.0,3.0,1.0,A01
201500053692,0,7,0,12.0,0.0,1.0,13.0,A01
201500053693,0,7,0,0.0,2.0,1.0,9.0,B01
201500053693,0,1,0,0.0,2.0,7.0,1.0,A01
201500053694,0,30,0,0.0,2.0,3.0,18.0,A01
201500053694,0,7,0,0.0,2.0,7.0,22.0,B01
201500053695,0,7,0,0.0,2.0,1.0,1.0,B01
201500053695,0,1,0,0.0,2.0,2.0,1.0,A01
201500053696,0,1,0,0.0,0.0,0.0,1.0,A01
201500053697,0,30,0,0.0,0.0,0.0,1.0,A01
201500053698,0,7,0,0.0,1.0,4.0,20.0,A01
201500053699,1,7,0,0.0,2.0,4.0,1.0,Z01
201500053699,0,34,0,0.0,2.0,1.0,1.0,A01
201500053700,0,7,0,0.0,2.0,3.0,1.0,B01
201500053700,0,7,0,0.0,2.0,2.0,1.0,A01
201500053701,0,2,0,0.0,2.0,1.0,1.0,A01
201500053701,0,7,0,0.0,2.0,5.0,1.0,B01
201500053702,0,33,0,0.0,2.0,8.0,1.0,B01
201500053702,0,7,0,0.0,0.0,8.0,13.0,A01
201500053703,0,7,0,0.0,1.0,2.0,1.0,A01
201500053704,0,31,0,0.0,2.0,1.0,17.0,A01
201500053704,0,7,0,0.0,2.0,3.0,15.0,B01
201500053705,0,7,0,0.0,2.0,4.0,23.0,B01
201500053705,0,1,0,0.0,2.0,1.0,1.0,A01
201500053706,0,7,0,7.0,0.0,3.0,1.0,A01
201500053707,0,30,0,0.0,0.0,0.0,1.0,A01
201500053708,0,7,0,0.0,1.0,4.0,4.0,A01
201500053709,0,33,0,0.0,0.0,8.0,1.0,A01
201500053710,0,7,0,0.0,2.0,3.0,1.0,A01
201500053710,1,7,0,0.0,2.0,1.0,1.0,Z01
201500053711,0,10,0,0.0,2.0,3.0,1.0,B01
201500053711,0,7,0,0.0,2.0,3.0,13.0,A01
201500053712,1,30,0,0.0,1.0,1.0,1.0,Z01
201500053713,0,7,0,0.0,1.0,0.0,1.0,A01
201500053714,0,7,0,0.0,1.0,1.0,1.0,A01
201500053715,0,7,0,0.0,2.0,7.0,16.0,A01
201500053715,0,31,0,0.0,2.0,8.0,18.0,B01
201500053716,0,7,0,0.0,2.0,6.0,15.0,A01
201500053716,0,32,0,0.0,2.0,1.0,17.0,B01
201500053717,0,10,0,0.0,1.0,8.0,16.0,A01
201500053718,0,1,0,0.0,1.0,1.0,1.0,A01
201500053719,1,10,0,0.0,1.0,6.0,4.0,Z01
201500053720,0,30,0,0.0,1.0,1.0,1.0,A01
201500053721,0,1,0,0.0,0.0,0.0,1.0,A01
201500053722,0,1,0,15.0,0.0,1.0,1.0,A01
201500053723,0,30,0,0.0,2.0,1.0,1.0,B01
201500053723,0,7,0,0.0,2.0,7.0,15.0,A01
201500053724,0,7,0,0.0,2.0,3.0,15.0,A01
201500053724,0,40,0,0.0,2.0,2.0,1.0,B01
201500053725,0,7,0,0.0,1.0,1.0,15.0,A01
201500053726,0,7,0,0.0,1.0,3.0,1.0,A01
201500053727,0,32,0,0.0,2.0,1.0,18.0,A01
201500053727,0,7,0,0.0,2.0,7.0,16.0,B01
201500053728,0,40,0,0.0,1.0,2.0,1.0,A01
201500053729,0,7,0,0.0,1.0,1.0,1.0,A01
201500053730,0,7,0,14.0,0.0,1.0,1.0,A01
201500053731,0,7,0,0.0,1.0,3.0,1.0,A01
201500053732,1,10,0,0.0,1.0,1.0,15.0,Z01
201500053733,0,37,0,0.0,1.0,2.0,16.0,A01
201500053734,0,7,0,0.0,1.0,2.0,16.0,A01
201500053735,0,1,0,0.0,1.0,1.0,1.0,A01
201500053736,0,7,0,0.0,2.0,4.0,23.0,C01
201500053736,0,7,0,0.0,0.0,1.0,2.0,A01
201500053736,0,7,0,0.0,2.0,4.0,23.0,B01
201500053737,0,1,0,0.0,2.0,4.0,1.0,B01
201500053737,0,7,0,0.0,2.0,5.0,16.0,A01
201500053738,0,7,0,0.0,1.0,3.0,1.0,A01
201500053739,0,10,0,0.0,1.0,3.0,1.0,A01
201500053740,0,7,0,0.0,1.0,4.0,4.0,A01
201500053741,0,31,0,0.0,2.0,6.0,2.0,A01
201500053741,0,7,0,0.0,2.0,1.0,23.0,B01
201500053742,0,7,0,0.0,2.0,6.0,11.0,A01
201500053742,0,7,0,0.0,2.0,3.0,1.0,C01
201500053742,0,7,0,0.0,2.0,3.0,1.0,B01
201500053743,0,7,0,0.0,1.0,2.0,1.0,A01
201500053744,0,7,0,0.0,1.0,0.0,4.0,A01
201500053745,0,2,0,0.0,0.0,8.0,1.0,A01
201500053746,0,7,0,0.0,2.0,2.0,10.0,A01
201500053746,0,32,0,0.0,2.0,2.0,1.0,B01
201500053747,0,7,0,0.0,1.0,1.0,1.0,A01
201500053748,0,7,0,0.0,2.0,2.0,1.0,B01
201500053748,0,31,0,0.0,2.0,8.0,14.0,A01
201500053749,0,7,0,0.0,1.0,2.0,1.0,A01
201500053750,0,34,0,0.0,1.0,1.0,1.0,A01
201500053751,0,1,0,1.0,2.0,0.0,1.0,B01
201500053751,0,10,0,0.0,2.0,3.0,22.0,A01
201500053752,0,10,0,0.0,1.0,7.0,16.0,A01
201500053753,0,7,0,1.0,0.0,2.0,9.0,A01
201500053754,0,32,0,1.0,1.0,3.0,1.0,A01
201500053755,0,7,0,0.0,2.0,3.0,10.0,A01
201500053755,0,31,0,0.0,2.0,1.0,1.0,B01
201500053756,0,7,0,0.0,2.0,5.0,1.0,C01
201500053756,0,32,0,1.0,2.0,2.0,3.0,A01
201500053756,0,7,0,0.0,2.0,8.0,22.0,B01
201500053757,0,30,0,0.0,0.0,3.0,1.0,A01
201500053758,0,10,0,0.0,1.0,4.0,4.0,A01
201500053759,0,7,0,0.0,1.0,2.0,1.0,A01
201500053760,0,1,0,1.0,2.0,1.0,1.0,A01
201500053760,0,7,0,0.0,2.0,4.0,23.0,B01
201500053761,1,7,0,0.0,1.0,0.0,1.0,Z01
201500053762,0,33,0,0.0,1.0,1.0,17.0,A01
201500053763,0,7,0,0.0,2.0,1.0,1.0,B01
201500053763,0,7,0,0.0,2.0,4.0,1.0,A01
201500053764,0,7,0,0.0,1.0,2.0,1.0,A01
201500053765,0,32,0,0.0,2.0,1.0,15.0,A01
201500053765,0,7,0,0.0,2.0,3.0,1.0,B01
201500053766,0,30,0,0.0,0.0,7.0,21.0,A01
201500053767,0,7,0,0.0,1.0,7.0,1.0,A01
201500053768,0,32,0,0.0,2.0,1.0,1.0,B01
201500053768,0,7,0,0.0,2.0,3.0,15.0,A01
201500053769,0,7,0,0.0,2.0,2.0,1.0,A01
201500053769,0,30,0,0.0,2.0,1.0,1.0,B01
201500053770,0,34,0,0.0,1.0,1.0,1.0,A01
201500053771,0,7,0,0.0,1.0,6.0,1.0,A01
201500053772,0,7,0,0.0,1.0,2.0,16.0,A01
201500053773,0,7,0,0.0,2.0,6.0,11.0,A01
201500053773,0,30,0,0.0,2.0,2.0,1.0,B01
201500053774,0,7,0,0.0,1.0,2.0,17.0,A01
201500053775,0,7,0,0.0,2.0,1.0,1.0,B01
201500053775,0,30,0,0.0,2.0,7.0,15.0,A01
201500053776,0,33,0,0.0,2.0,1.0,1.0,B01
201500053776,0,7,0,0.0,2.0,1.0,1.0,A01
201500053777,0,7,0,0.0,2.0,1.0,15.0,A01
201500053777,0,1,0,0.0,2.0,1.0,1.0,B01
201500053778,0,32,0,0.0,2.0,0.0,15.0,A01
201500053778,0,7,0,0.0,2.0,3.0,1.0,B01
201500053779,0,33,0,14.0,0.0,1.0,1.0,A01
201500053780,0,30,0,12.0,0.0,1.0,14.0,A01
201500053781,0,30,0,0.0,2.0,2.0,17.0,B01
201500053781,0,7,0,0.0,2.0,2.0,9.0,A01
201500053782,0,7,0,0.0,1.0,2.0,1.0,A01
201500053783,0,33,0,0.0,1.0,1.0,17.0,A01
201500053784,0,7,0,0.0,1.0,1.0,1.0,A01
201500053785,0,7,0,0.0,2.0,2.0,15.0,A01
201500053785,0,34,0,0.0,2.0,1.0,1.0,B01
201500053786,0,10,0,0.0,1.0,2.0,1.0,A01
201500053787,0,7,0,0.0,1.0,2.0,1.0,A01
201500053788,0,7,0,8.0,0.0,1.0,13.0,A01
201500053789,0,1,0,0.0,0.0,1.0,1.0,A01
201500053790,1,7,0,0.0,1.0,2.0,1.0,Z01
201500053791,0,7,0,0.0,2.0,2.0,1.0,A01
201500053791,0,33,0,0.0,2.0,8.0,1.0,B01
201500053792,0,7,0,0.0,2.0,1.0,15.0,A01
201500053792,0,33,0,0.0,2.0,8.0,1.0,B01
201500053793,0,33,0,0.0,2.0,2.0,1.0,A01
201500053793,0,7,0,0.0,2.0,2.0,1.0,B01
201500053794,0,7,0,0.0,2.0,4.0,23.0,B01
201500053794,0,32,0,0.0,2.0,1.0,1.0,A01
201500053795,0,37,0,0.0,2.0,6.0,23.0,B01
201500053795,0,37,0,0.0,2.0,6.0,2.0,A01
201500053796,0,7,0,0.0,2.0,1.0,2.0,A01
201500053796,0,7,0,0.0,2.0,4.0,2.0,B01
201500053797,0,7,0,0.0,1.0,1.0,16.0,A01
201500053798,0,7,0,0.0,2.0,2.0,2.0,A01
201500053798,0,1,0,0.0,2.0,6.0,15.0,B01
201500053799,0,30,0,0.0,2.0,0.0,1.0,B01
201500053799,0,7,0,0.0,2.0,1.0,1.0,A01
201500053800,0,31,0,0.0,2.0,5.0,15.0,A01
201500053800,0,7,0,0.0,2.0,2.0,1.0,B01
201500053801,0,10,0,0.0,2.0,1.0,15.0,A01
201500053801,0,34,0,0.0,2.0,1.0,1.0,B01
201500053802,1,2,0,0.0,1.0,0.0,1.0,Z01
201500053803,0,31,0,0.0,2.0,1.0,1.0,A01
201500053803,0,7,0,0.0,2.0,2.0,15.0,B01
201500053804,0,31,0,0.0,0.0,0.0,1.0,A01
201500053805,0,31,0,0.0,2.0,8.0,1.0,B01
201500053805,0,7,0,0.0,2.0,3.0,15.0,A01
201500053806,0,7,0,0.0,2.0,5.0,23.0,B01
201500053806,0,7,0,0.0,2.0,4.0,23.0,C01
201500053806,0,7,0,0.0,2.0,3.0,2.0,A01
201500053807,1,7,0,0.0,1.0,2.0,1.0,Z01
201500053808,2,14,0,0.0,2.0,2.0,1.0,B01
201500053808,0,7,0,0.0,2.0,2.0,1.0,A01
201500053809,0,7,0,0.0,1.0,2.0,16.0,A01
201500053810,0,1,0,0.0,2.0,6.0,13.0,B01
201500053810,0,7,0,0.0,2.0,2.0,1.0,A01
201500053811,0,7,0,0.0,2.0,0.0,16.0,A01
201500053811,0,2,0,0.0,2.0,0.0,1.0,B01
201500053812,0,33,0,0.0,2.0,3.0,1.0,B01
201500053812,0,7,0,0.0,2.0,3.0,15.0,A01
201500053813,0,7,0,0.0,1.0,6.0,20.0,A01
201500053814,0,1,0,0.0,2.0,1.0,1.0,A01
201500053814,0,7,0,0.0,2.0,2.0,10.0,B01
201500053815,0,10,0,0.0,1.0,4.0,4.0,A01
201500053816,0,7,0,0.0,2.0,3.0,15.0,A01
201500053816,0,33,0,1.0,2.0,2.0,1.0,B01
201500053817,0,1,0,12.0,0.0,1.0,14.0,A01
201500053818,1,7,0,0.0,1.0,1.0,1.0,Z01
201500053819,0,32,0,0.0,2.0,2.0,1.0,B01