Num_Acc,senc,catv,occutc,obs,obsm,choc,manv,num_veh
201500053819,0,7,0,0.0,2.0,3.0,9.0,A01
201500053820,0,7,0,0.0,1.0,3.0,1.0,A01
201500053821,0,7,0,0.0,1.0,0.0,4.0,A01
201500053822,0,32,0,15.0,0.0,1.0,1.0,A01
201500053823,0,7,0,0.0,2.0,7.0,1.0,A01
201500053823,0,7,0,0.0,2.0,3.0,7.0,B01
201500053824,2,7,0,0.0,2.0,3.0,22.0,A01
201500053824,0,30,0,1.0,2.0,2.0,1.0,B01
201500053825,0,7,0,1.0,2.0,1.0,1.0,A01
201500053825,0,7,0,0.0,2.0,4.0,23.0,B01
201500053826,0,7,0,0.0,2.0,0.0,23.0,A01
201500053826,0,7,0,0.0,2.0,0.0,1.0,B01
201500053827,0,34,0,0.0,2.0,1.0,1.0,A01
201500053827,0,7,0,0.0,2.0,4.0,23.0,B01
201500053828,1,34,0,0.0,1.0,1.0,1.0,Z01
201500053829,0,30,0,0.0,0.0,8.0,1.0,A01
201500053830,0,7,0,0.0,1.0,2.0,16.0,A01
201500053831,0,7,0,0.0,2.0,3.0,10.0,A01
201500053831,0,30,0,0.0,2.0,2.0,1.0,B01
201500053832,0,7,0,0.0,2.0,1.0,1.0,A01
201500053832,2,7,0,0.0,2.0,2.0,1.0,Z01
201500053833,0,7,0,0.0,1.0,6.0,4.0,A01
201500053834,0,1,0,0.0,2.0,2.0,0.0,A01
201500053834,0,7,0,0.0,2.0,1.0,15.0,B01
201500053835,0,37,0,0.0,2.0,1.0,1.0,A01
201500053835,0,37,0,0.0,2.0,4.0,23.0,B01
201500053836,0,7,0,0.0,2.0,2.0,15.0,A01
201500053836,0,32,0,0.0,2.0,2.0,17.0,B01
201500053837,0,7,0,0.0,1.0,6.0,20.0,A01
201500053838,0,33,0,0.0,2.0,3.0,1.0,B01
201500053838,0,7,0,0.0,2.0,5.0,1.0,A01
201500053839,0,10,0,0.0,2.0,7.0,15.0,A01
201500053839,0,32,0,0.0,2.0,1.0,1.0,B01
201500053840,0,7,0,8.0,0.0,1.0,14.0,A01
201500053841,0,7,0,0.0,1.0,2.0,1.0,A01
201500053842,0,7,0,0.0,2.0,2.0,17.0,A01
201500053842,0,7,0,0.0,2.0,3.0,1.0,B01
201500053843,0,30,0,0.0,0.0,8.0,1.0,A01
201500053844,0,7,0,0.0,2.0,3.0,15.0,B01
201500053844,0,30,0,0.0,2.0,6.0,1.0,A01
201500053845,0,30,0,0.0,2.0,7.0,17.0,A01
201500053845,0,10,0,0.0,2.0,3.0,15.0,B01
201500053846,0,33,0,0.0,2.0,0.0,7.0,B01
201500053846,0,7,0,0.0,2.0,3.0,15.0,A01
201500053847,0,7,0,0.0,2.0,7.0,1.0,A01
201500053847,0,7,0,0.0,2.0,1.0,1.0,B01
201500053848,0,30,0,0.0,0.0,1.0,1.0,A01
201500053849,0,30,0,0.0,0.0,3.0,1.0,A01
201500053850,0,7,0,0.0,1.0,0.0,1.0,A01
201500053851,0,31,0,0.0,1.0,1.0,1.0,A01
201500053852,0,2,0,0.0,2.0,7.0,17.0,A01
201500053852,0,7,0,0.0,2.0,6.0,10.0,B01
201500053853,0,30,0,0.0,1.0,1.0,18.0,A01
201500053854,0,1,0,0.0,1.0,1.0,17.0,A01
201500053855,0,1,0,0.0,1.0,1.0,17.0,A01
201500053856,0,10,0,0.0,1.0,1.0,15.0,A01
201500053857,0,7,0,0.0,1.0,7.0,16.0,A01
201500053858,0,7,0,0.0,2.0,4.0,23.0,C01
201500053858,0,7,0,0.0,2.0,1.0,2.0,A01
201500053858,0,7,0,0.0,2.0,4.0,23.0,B01
201500053859,0,7,0,0.0,1.0,8.0,1.0,A01
201500053860,0,1,0,0.0,1.0,1.0,1.0,A01
201500053861,0,10,0,0.0,2.0,3.0,9.0,B01
201500053861,0,31,0,0.0,2.0,2.0,1.0,A01
201500053862,0,7,0,0.0,2.0,2.0,16.0,B01
201500053862,0,30,0,0.0,2.0,0.0,7.0,A01
201500053863,0,7,0,0.0,1.0,1.0,15.0,A01
201500053864,0,34,0,0.0,2.0,4.0,23.0,B01
201500053864,0,32,0,0.0,2.0,1.0,2.0,A01
201500053865,0,7,0,0.0,2.0,2.0,15.0,B01
201500053865,0,31,0,0.0,2.0,5.0,1.0,A01
201500053866,1,13,0,8.0,2.0,0.0,5.0,Z01
201500053866,0,7,0,0.0,2.0,7.0,16.0,A01
201500053867,0,2,0,0.0,2.0,7.0,1.0,B01
201500053867,0,7,0,0.0,2.0,3.0,9.0,A01
201500053868,0,30,0,0.0,2.0,8.0,5.0,A01
201500053868,0,7,0,0.0,2.0,2.0,1.0,B01
201500053869,0,7,0,0.0,1.0,6.0,1.0,A01
201500053870,0,1,0,0.0,2.0,3.0,13.0,B01
201500053870,0,33,0,0.0,2.0,2.0,1.0,A01
201500053871,0,30,0,0.0,2.0,7.0,17.0,B01
201500053871,0,7,0,0.0,2.0,3.0,15.0,A01
201500053872,0,32,0,0.0,2.0,1.0,1.0,A01
201500053872,0,7,0,0.0,2.0,4.0,23.0,B01
201500053873,1,10,0,0.0,2.0,0.0,13.0,Z01
201500053873,0,31,0,0.0,2.0,7.0,1.0,A01
201500053874,0,7,0,0.0,2.0,2.0,15.0,A01
201500053874,0,31,0,0.0,2.0,1.0,1.0,B01
201500053875,0,7,0,0.0,2.0,2.0,15.0,A01
201500053875,0,7,0,0.0,2.0,8.0,1.0,B01
201500053876,0,31,0,0.0,1.0,2.0,17.0,A01
201500053877,0,14,0,0.0,2.0,0.0,14.0,B01
201500053877,0,7,0,0.0,2.0,0.0,24.0,C01
201500053877,0,30,0,0.0,2.0,0.0,18.0,A01
201500053878,0,7,0,0.0,2.0,0.0,15.0,A01
201500053878,0,31,0,0.0,2.0,0.0,15.0,B01
201500053879,0,7,0,0.0,1.0,1.0,1.0,A01
201500053880,0,7,0,0.0,2.0,8.0,1.0,B01
201500053880,0,2,0,0.0,2.0,1.0,1.0,A01
201500053881,0,30,0,0.0,1.0,8.0,14.0,A01
201500053882,0,33,0,0.0,2.0,1.0,1.0,B01
201500053882,0,10,0,0.0,2.0,7.0,15.0,A01
201500053883,0,7,0,0.0,2.0,3.0,15.0,B01
201500053883,0,2,0,0.0,2.0,2.0,1.0,A01
201500053884,0,37,0,0.0,2.0,4.0,2.0,A01
201500053884,0,33,0,0.0,2.0,4.0,23.0,B01
201500053885,0,2,0,0.0,2.0,0.0,2.0,A01
201500053885,0,1,0,0.0,2.0,0.0,2.0,B01
201500053886,0,7,0,1.0,0.0,3.0,13.0,A01
201500053887,0,10,0,0.0,2.0,3.0,1.0,B01
201500053887,0,2,0,0.0,2.0,8.0,1.0,A01
201500053888,0,7,0,0.0,2.0,3.0,24.0,B01
201500053888,0,7,0,1.0,2.0,2.0,14.0,A01
201500053889,0,1,0,0.0,2.0,1.0,7.0,A01
201500053889,0,7,0,0.0,2.0,5.0,15.0,B01
201500053890,0,33,0,0.0,1.0,1.0,1.0,A01
201500053891,0,7,0,0.0,2.0,0.0,10.0,A01
201500053891,0,7,0,0.0,2.0,0.0,1.0,B01
201500053892,0,7,0,0.0,1.0,2.0,1.0,A01
201500053893,0,7,0,0.0,1.0,8.0,1.0,A01
201500053893,0,7,0,0.0,2.0,6.0,23.0,B01
201500053894,0,7,0,0.0,1.0,1.0,1.0,A01
201500053895,0,33,0,0.0,2.0,3.0,1.0,B01
201500053895,0,7,0,0.0,2.0,2.0,15.0,A01
201500053896,0,33,0,0.0,2.0,1.0,1.0,B01
201500053896,0,7,0,0.0,2.0,3.0,9.0,A01
201500053897,0,7,0,0.0,1.0,0.0,1.0,A01
201500053898,0,32,0,0.0,2.0,1.0,1.0,B01
201500053898,0,7,0,0.0,2.0,2.0,15.0,A01
201500053899,0,7,0,6.0,0.0,2.0,13.0,A01
201500053900,0,1,0,0.0,2.0,5.0,2.0,A01
201500053900,0,10,0,0.0,2.0,5.0,23.0,B01
201500053901,0,33,0,0.0,1.0,1.0,1.0,A01
201500053902,0,33,0,1.0,0.0,1.0,14.0,A01
201500053903,0,7,0,0.0,1.0,2.0,17.0,A01
201500053904,0,31,0,0.0,2.0,1.0,2.0,B01
201500053904,0,10,0,0.0,2.0,4.0,4.0,A01
201500053905,0,33,0,0.0,1.0,0.0,0.0,A01
201500053906,0,1,0,0.0,2.0,3.0,1.0,A01
201500053906,0,31,0,0.0,2.0,2.0,1.0,B01
201500053907,0,7,0,0.0,2.0,2.0,15.0,A01
201500053907,0,7,0,0.0,2.0,1.0,1.0,B01
201500053908,0,33,0,0.0,2.0,6.0,1.0,B01
201500053908,0,7,0,0.0,2.0,0.0,15.0,A01
201500053909,0,7,0,0.0,1.0,3.0,1.0,A01
201500053910,0,31,0,0.0,2.0,2.0,1.0,B01
201500053910,0,7,0,0.0,2.0,8.0,15.0,A01
201500053911,0,34,0,0.0,2.0,7.0,17.0,A01
201500053911,0,7,0,0.0,2.0,3.0,15.0,B01
201500053912,0,7,0,0.0,0.0,9.0,1.0,A01
201500053913,0,7,0,0.0,2.0,1.0,2.0,A01
201500053913,0,7,0,0.0,2.0,4.0,2.0,B01
201500053914,0,10,0,0.0,2.0,1.0,15.0,A01
201500053914,0,7,0,0.0,2.0,8.0,1.0,B01
201500053915,0,32,0,0.0,2.0,1.0,15.0,B01
201500053915,0,7,0,0.0,2.0,3.0,15.0,A01
201500053916,0,31,0,0.0,2.0,1.0,1.0,A01
201500053916,0,1,0,0.0,2.0,4.0,15.0,B01
201500053917,0,7,0,0.0,1.0,2.0,7.0,A01
201500053918,0,33,0,0.0,2.0,6.0,23.0,B01
201500053918,0,7,0,0.0,2.0,2.0,16.0,A01
201500053919,0,7,0,0.0,2.0,3.0,10.0,A01
201500053919,0,32,0,0.0,2.0,7.0,1.0,B01
201500053920,0,33,0,0.0,1.0,1.0,1.0,A01
201500053921,0,30,0,0.0,0.0,8.0,1.0,A01
201500053922,0,1,0,11.0,0.0,1.0,1.0,A01
201500053923,0,7,0,1.0,0.0,9.0,14.0,A01
201500053924,0,10,0,0.0,2.0,4.0,23.0,B01
201500053924,0,7,0,0.0,2.0,1.0,2.0,A01
201500053925,0,7,0,0.0,1.0,1.0,1.0,A01
201500053926,0,31,0,0.0,0.0,1.0,1.0,A01
201500053927,0,7,0,2.0,0.0,1.0,14.0,A01
201500053928,0,14,0,0.0,2.0,8.0,1.0,B01
201500053928,0,33,0,0.0,2.0,7.0,14.0,A01
201500053929,0,10,0,0.0,2.0,2.0,1.0,C01
201500053929,0,7,0,0.0,2.0,3.0,1.0,B01
201500053929,0,7,0,14.0,2.0,1.0,14.0,A01
201500053930,0,14,0,0.0,2.0,0.0,10.0,A01
201500053930,0,33,0,0.0,2.0,0.0,1.0,B01
201500053931,0,7,0,0.0,1.0,2.0,15.0,A01
201500053932,0,7,0,0.0,2.0,2.0,1.0,A01
201500053932,0,2,0,0.0,2.0,6.0,16.0,B01
201500053933,0,31,0,0.0,0.0,0.0,1.0,A01
201500053934,0,32,0,0.0,2.0,1.0,1.0,B01
201500053934,0,7,0,0.0,2.0,7.0,1.0,A01
201500053935,0,7,0,1.0,0.0,2.0,1.0,A01
201500053936,1,10,0,0.0,2.0,7.0,13.0,Z01
201500053936,0,34,0,0.0,2.0,7.0,1.0,A01
201500053937,0,31,0,1.0,0.0,0.0,17.0,A01
201500053938,0,32,0,0.0,2.0,1.0,13.0,A01
201500053938,0,7,0,0.0,2.0,4.0,1.0,B01
201500053939,0,32,0,0.0,0.0,0.0,21.0,A01
201500053940,0,7,0,0.0,1.0,2.0,15.0,A01
201500053941,0,7,0,0.0,1.0,2.0,1.0,A01
201500053942,0,7,0,0.0,2.0,1.0,1.0,A01
201500053942,0,7,0,0.0,2.0,3.0,15.0,B01
201500053943,0,7,0,0.0,2.0,2.0,10.0,A01
201500053943,0,33,0,0.0,2.0,6.0,1.0,B01
201500053944,0,32,0,0.0,2.0,1.0,17.0,B01
201500053944,0,7,0,0.0,2.0,3.0,15.0,A01
201500053945,0,32,0,0.0,2.0,1.0,1.0,B01
201500053945,0,7,0,0.0,2.0,8.0,10.0,A01
201500053946,0,33,0,0.0,0.0,7.0,1.0,A01
201500053947,0,7,0,9.0,0.0,1.0,1.0,A01
201500053948,0,7,0,0.0,1.0,1.0,1.0,A01
201500053949,1,1,0,0.0,1.0,0.0,15.0,Z01
201500053950,0,7,0,1.0,0.0,3.0,14.0,A01
201500053951,0,33,0,0.0,1.0,1.0,1.0,A01
201500053952,0,10,0,0.0,1.0,2.0,16.0,A01
201500053953,0,7,0,0.0,1.0,1.0,1.0,A01
201500053954,0,30,0,0.0,0.0,0.0,1.0,A01
201500053955,0,7,0,0.0,2.0,6.0,10.0,A01
201500053955,0,33,0,0.0,2.0,1.0,1.0,B01
201500053956,0,7,0,0.0,2.0,2.0,15.0,A01
201500053956,0,34,0,0.0,2.0,3.0,1.0,B01
201500053957,0,7,0,0.0,1.0,3.0,1.0,A01
201500053958,0,7,0,0.0,2.0,1.0,1.0,B01
201500053958,0,7,0,0.0,2.0,7.0,15.0,A01
201500053959,0,7,0,0.0,2.0,3.0,9.0,A01
201500053959,0,2,0,0.0,2.0,3.0,1.0,B01
201500053960,0,31,0,0.0,2.0,3.0,17.0,B01
201500053960,0,7,0,0.0,2.0,6.0,15.0,A01
201500053961,0,10,0,0.0,2.0,2.0,15.0,A01
201500053961,0,32,0,0.0,2.0,1.0,1.0,B01
201500053962,0,7,0,0.0,1.0,1.0,15.0,A01
201500053963,0,7,0,0.0,1.0,1.0,15.0,A01
201500053964,0,30,0,0.0,2.0,1.0,5.0,A01
201500053964,0,7,0,0.0,2.0,3.0,15.0,B01
201500053965,0,31,0,0.0,0.0,0.0,1.0,A01
201500053966,0,7,0,0.0,2.0,1.0,2.0,C01
201500053966,0,7,0,0.0,2.0,4.0,23.0,A01
201500053966,0,7,0,0.0,2.0,1.0,2.0,B01
201500053967,0,7,0,0.0,2.0,6.0,23.0,B01
201500053967,0,1,0,0.0,2.0,1.0,14.0,A01
201500053968,1,7,0,0.0,2.0,1.0,2.0,Z01
201500053968,0,7,0,0.0,2.0,4.0,23.0,B01
201500053968,0,7,0,0.0,2.0,4.0,23.0,A01
201500053969,0,7,0,0.0,1.0,3.0,1.0,A01
201500053970,0,32,0,0.0,2.0,1.0,1.0,B01
201500053970,0,7,0,0.0,2.0,3.0,9.0,A01
201500053971,0,32,0,0.0,2.0,8.0,1.0,B01
201500053971,0,7,0,0.0,2.0,1.0,15.0,A01
201500053972,0,30,0,14.0,0.0,8.0,1.0,A01
201500053973,0,2,0,12.0,0.0,0.0,1.0,A01
201500053974,0,7,0,0.0,2.0,4.0,23.0,C01
201500053974,0,7,0,0.0,2.0,1.0,1.0,A01
201500053974,0,7,0,0.0,2.0,4.0,23.0,B01
201500053975,0,7,0,0.0,2.0,1.0,1.0,A01
201500053975,0,7,0,0.0,2.0,4.0,23.0,B01
201500053976,0,7,0,1.0,0.0,2.0,1.0,A01
201500053977,0,7,0,0.0,2.0,5.0,1.0,B01
201500053977,0,31,0,0.0,2.0,1.0,13.0,A01
201500053978,0,32,0,0.0,0.0,0.0,1.0,A01
201500053979,0,7,0,0.0,2.0,2.0,1.0,A01
201500053979,0,7,0,0.0,2.0,6.0,23.0,B01
201500053980,0,7,0,0.0,2.0,3.0,15.0,A01
201500053980,0,34,0,8.0,2.0,3.0,18.0,B01
201500053981,0,7,0,0.0,2.0,2.0,1.0,B01
201500053981,0,30,0,0.0,2.0,8.0,15.0,A01
201500053982,0,7,0,0.0,2.0,7.0,13.0,A01
201500053982,0,34,0,0.0,2.0,1.0,17.0,B01
201500053983,0,7,0,11.0,0.0,3.0,21.0,A01
201500053984,0,7,0,1.0,0.0,1.0,21.0,A01
201500053985,0,2,0,0.0,2.0,8.0,1.0,B01
201500053985,0,7,0,0.0,2.0,7.0,16.0,A01
201500053986,0,1,0,0.0,2.0,8.0,19.0,B01
201500053986,0,7,0,0.0,2.0,2.0,17.0,A01
201500053987,0,2,0,0.0,2.0,4.0,1.0,A01
201500053987,0,7,0,0.0,2.0,1.0,1.0,B01
201500053988,0,7,0,0.0,1.0,3.0,1.0,A01
201500053989,0,7,0,0.0,2.0,6.0,10.0,A01
201500053989,0,34,0,0.0,2.0,1.0,1.0,B01
201500053990,0,33,0,0.0,2.0,1.0,1.0,A01
201500053990,1,7,0,0.0,2.0,1.0,5.0,Z01
201500053991,0,32,0,0.0,2.0,3.0,15.0,B01
201500053991,0,7,0,0.0,2.0,2.0,1.0,A01
201500053992,0,33,0,0.0,2.0,1.0,2.0,A01
201500053992,0,7,0,0.0,2.0,6.0,2.0,B01
201500053993,0,7,0,0.0,2.0,0.0,1.0,A01
201500053993,0,33,0,0.0,2.0,2.0,1.0,B01
201500053994,0,7,0,1.0,1.0,3.0,7.0,A01
201500053995,0,7,0,0.0,2.0,2.0,1.0,B01
201500053995,0,7,0,0.0,2.0,3.0,10.0,A01
201500053996,0,7,0,0.0,1.0,1.0,1.0,A01
201500053997,0,34,0,0.0,1.0,1.0,1.0,A01
201500053998,0,7,0,0.0,1.0,5.0,17.0,A01
201500053998,0,14,0,0.0,2.0,6.0,23.0,B01
201500053999,0,7,0,11.0,0.0,2.0,14.0,A01
201500054000,0,7,0,1.0,0.0,3.0,1.0,A01
201500054001,0,7,0,0.0,1.0,3.0,1.0,A01
201500054002,0,7,0,0.0,2.0,8.0,1.0,B01
201500054002,0,7,0,0.0,2.0,1.0,1.0,A01
201500054003,0,33,0,14.0,0.0,2.0,1.0,A01
201500054004,0,31,0,0.0,2.0,8.0,1.0,B01
201500054004,0,7,0,0.0,2.0,3.0,1.0,A01
201500054005,0,7,0,0.0,1.0,5.0,1.0,A01
201500054006,0,7,0,0.0,2.0,3.0,12.0,B01
201500054006,0,33,0,0.0,2.0,2.0,3.0,A01
201500054007,0,10,0,0.0,2.0,3.0,10.0,A01
201500054007,0,7,0,0.0,2.0,9.0,1.0,B01
201500054008,0,1,0,0.0,2.0,7.0,15.0,B01
201500054008,0,31,0,0.0,2.0,7.0,17.0,A01
201500054009,0,7,0,0.0,2.0,3.0,10.0,A01
201500054009,0,33,0,0.0,2.0,2.0,1.0,B01
201500054010,0,10,0,0.0,2.0,8.0,10.0,A01
201500054010,0,31,0,0.0,2.0,1.0,1.0,B01
201500054011,0,7,0,0.0,1.0,2.0,1.0,A01
201500054012,0,7,0,0.0,2.0,2.0,15.0,B01
201500054012,0,3,0,0.0,2.0,3.0,1.0,A01
201500054013,0,7,0,0.0,2.0,3.0,1.0,B01
201500054013,0,1,0,0.0,2.0,1.0,1.0,A01
201500054014,0,33,0,0.0,1.0,7.0,1.0,A01
201500054015,0,32,0,0.0,1.0,1.0,1.0,A01
201500054016,0,7,0,0.0,2.0,3.0,2.0,A01
201500054016,0,31,0,0.0,2.0,4.0,15.0,B01
201500054017,0,34,0,0.0,2.0,1.0,1.0,B01
201500054017,0,7,0,0.0,2.0,6.0,10.0,A01
201500054018,0,10,0,0.0,1.0,1.0,16.0,A01
201500054019,0,7,0,0.0,2.0,5.0,15.0,B01
201500054019,0,7,0,0.0,2.0,1.0,1.0,A01
201500054020,0,2,0,0.0,2.0,1.0,1.0,B01
201500054020,0,33,0,0.0,2.0,7.0,10.0,A01
201500054021,0,32,0,0.0,2.0,3.0,1.0,A01
201500054021,1,7,0,0.0,2.0,0.0,14.0,Z01
201500054022,0,30,0,0.0,2.0,1.0,2.0,B01
201500054022,0,7,0,0.0,2.0,4.0,4.0,A01
201500054023,0,7,0,0.0,1.0,2.0,1.0,A01
201500054024,0,2,0,0.0,2.0,1.0,17.0,B01
201500054024,0,7,0,0.0,2.0,8.0,10.0,A01
201500054025,0,30,0,8.0,0.0,1.0,1.0,A01
201500054026,0,30,0,0.0,1.0,1.0,1.0,A01
201500054027,0,33,0,0.0,2.0,8.0,2.0,A01
201500054027,0,10,0,0.0,2.0,6.0,23.0,B01
201500054028,0,31,0,0.0,2.0,8.0,15.0,A01
201500054028,0,34,0,0.0,2.0,7.0,1.0,B01
201500054029,0,7,0,0.0,1.0,1.0,15.0,A01
201500054030,0,7,0,0.0,2.0,1.0,2.0,A01
201500054030,0,7,0,0.0,2.0,4.0,23.0,B01
201500054031,0,7,0,0.0,2.0,3.0,1.0,B01
201500054031,0,33,0,0.0,2.0,7.0,18.0,A01
201500054032,0,7,0,0.0,1.0,1.0,1.0,A01
201500054033,0,7,0,0.0,1.0,2.0,16.0,A01
201500054034,0,30,0,0.0,1.0,1.0,21.0,A01
201500054035,0,7,0,0.0,2.0,1.0,15.0,A01
201500054035,0,30,0,0.0,2.0,3.0,1.0,B01
201500054036,0,33,0,0.0,0.0,7.0,1.0,A01
201500054037,0,7,0,0.0,1.0,4.0,4.0,A01
201500054038,0,7,0,0.0,2.0,1.0,13.0,A01
201500054038,0,7,0,0.0,2.0,1.0,1.0,C01
201500054038,0,7,0,1.0,2.0,9.0,1.0,B01
201500054039,0,32,0,12.0,0.0,2.0,14.0,A01
201500054040,0,32,0,0.0,2.0,2.0,17.0,B01
201500054040,0,7,0,0.0,2.0,1.0,15.0,A01
201500054041,0,34,0,0.0,1.0,1.0,1.0,A01
201500054042,0,7,0,0.0,2.0,2.0,1.0,A01
201500054042,0,31,0,0.0,2.0,3.0,18.0,B01
201500054043,0,33,0,0.0,2.0,1.0,1.0,B01
201500054043,0,7,0,0.0,2.0,6.0,15.0,A01
201500054044,1,7,0,0.0,2.0,1.0,1.0,Z01
201500054044,0,1,0,0.0,2.0,4.0,13.0,A01
201500054045,0,7,0,0.0,2.0,1.0,23.0,A01
201500054045,0,7,0,1.0,2.0,4.0,2.0,C01
201500054045,0,7,0,0.0,2.0,1.0,23.0,B01
201500054046,0,7,0,0.0,1.0,2.0,1.0,A01
201500054047,0,2,0,0.0,2.0,9.0,1.0,B01
201500054047,0,7,0,0.0,2.0,2.0,10.0,A01
201500054048,0,7,0,0.0,2.0,7.0,15.0,A01
201500054048,0,31,0,0.0,2.0,8.0,1.0,B01
201500054049,0,7,0,0.0,2.0,2.0,15.0,A01
201500054049,0,33,0,0.0,2.0,3.0,1.0,B01
201500054050,0,7,0,0.0,1.0,4.0,4.0,A01
201500054051,0,7,0,0.0,1.0,6.0,2.0,A01
201500054052,2,7,0,15.0,0.0,1.0,15.0,Z01
201500054053,0,32,0,0.0,2.0,3.0,1.0,B01
201500054053,0,33,0,0.0,2.0,1.0,1.0,A01
201500054054,0,7,0,0.0,2.0,0.0,24.0,A01
201500054054,1,14,0,0.0,2.0,0.0,1.0,Z01
201500054055,0,10,0,0.0,2.0,4.0,15.0,A01
201500054055,0,31,0,0.0,2.0,1.0,1.0,B01
201500054056,0,7,0,0.0,2.0,7.0,15.0,A01
201500054056,0,1,0,0.0,2.0,1.0,15.0,B01
201500054057,0,7,0,0.0,1.0,2.0,1.0,A01
201500054058,0,7,0,0.0,2.0,3.0,9.0,A01
201500054058,0,33,0,0.0,2.0,7.0,1.0,B01
201500054059,0,37,1,0.0,1.0,2.0,1.0,A01
201500054060,0,7,0,0.0,2.0,3.0,22.0,A01
201500054060,0,32,0,0.0,2.0,2.0,17.0,B01
201500054061,0,7,0,0.0,2.0,4.0,2.0,B01
201500054061,0,7,0,0.0,2.0,1.0,2.0,A01
201500054062,0,1,0,0.0,1.0,1.0,1.0,A01
201500054063,0,7,0,0.0,1.0,2.0,20.0,A01
201500054064,0,2,0,0.0,2.0,1.0,1.0,A01
201500054064,0,7,0,0.0,2.0,5.0,1.0,B01
201500054065,0,33,0,0.0,2.0,3.0,1.0,B01
201500054065,0,7,0,0.0,2.0,2.0,1.0,A01
201500054066,0,7,0,0.0,2.0,1.0,1.0,A01
201500054066,0,1,0,0.0,2.0,1.0,19.0,B01
201500054067,0,7,0,0.0,1.0,2.0,1.0,A01
201500054068,0,37,1,0.0,1.0,2.0,1.0,A01
201500054069,0,34,0,0.0,2.0,4.0,2.0,B01
201500054069,0,30,0,0.0,2.0,1.0,2.0,A01
201500054070,0,7,0,0.0,2.0,1.0,1.0,A01
201500054070,0,7,0,0.0,2.0,8.0,1.0,B01
201500054071,0,7,0,0.0,2.0,5.0,1.0,B01
201500054071,0,34,0,0.0,2.0,1.0,1.0,A01
201500054072,0,7,0,0.0,2.0,4.0,23.0,B01
201500054072,0,32,0,0.0,2.0,1.0,2.0,A01
201500054073,0,2,0,0.0,2.0,4.0,1.0,A01
201500054073,0,7,0,0.0,2.0,4.0,23.0,B01
201500054074,0,7,0,0.0,1.0,2.0,1.0,A01
201500054075,0,32,0,0.0,1.0,8.0,1.0,A01
201500054076,0,7,0,0.0,1.0,1.0,1.0,A01
201500054077,0,7,0,7.0,0.0,1.0,15.0,A01
201500054078,0,7,0,11.0,0.0,3.0,13.0,A01
201500054079,0,31,0,0.0,2.0,8.0,23.0,A01
201500054079,1,7,0,0.0,2.0,3.0,13.0,Z01
201500054080,1,15,0,0.0,2.0,8.0,13.0,Z01
201500054080,0,31,0,4.0,2.0,7.0,1.0,A01
201500054081,0,7,0,0.0,2.0,2.0,2.0,A01
201500054081,0,31,0,0.0,2.0,4.0,23.0,B01
201500054082,0,33,0,0.0,2.0,8.0,1.0,B01
201500054082,0,7,0,0.0,2.0,7.0,15.0,A01
201500054083,0,7,0,0.0,1.0,1.0,1.0,A01
201500054084,1,7,0,0.0,1.0,0.0,1.0,Z01
201500054085,0,7,0,6.0,0.0,2.0,9.0,A01
201500054086,0,7,0,0.0,2.0,6.0,10.0,A01
201500054086,0,34,0,0.0,2.0,1.0,1.0,B01
201500054087,0,31,0,0.0,2.0,1.0,1.0,B01
201500054087,0,7,0,0.0,2.0,6.0,10.0,A01
201500054088,0,7,0,0.0,1.0,1.0,16.0,A01
201500054089,0,7,0,0.0,2.0,1.0,15.0,A01
201500054089,0,30,0,0.0,2.0,1.0,1.0,B01
201500054090,0,7,0,0.0,2.0,1.0,2.0,B01
201500054090,0,7,0,0.0,2.0,5.0,2.0,A01
201500054091,0,34,0,0.0,2.0,9.0,3.0,A01
201500054091,0,7,0,0.0,2.0,5.0,1.0,B01
201500054091,0,7,0,0.0,2.0,8.0,1.0,C01
201500054092,0,7,0,0.0,2.0,3.0,24.0,B01
201500054092,0,30,0,0.0,2.0,7.0,16.0,A01
201500054093,0,7,0,0.0,1.0,2.0,9.0,A01
201500054094,0,7,0,0.0,2.0,3.0,13.0,A01
201500054094,0,30,0,0.0,2.0,3.0,17.0,B01
201500054095,0,31,0,0.0,2.0,1.0,17.0,B01
201500054095,0,7,0,0.0,2.0,2.0,15.0,A01
201500054096,0,10,0,0.0,1.0,4.0,4.0,A01
201500054097,0,7,0,0.0,1.0,2.0,1.0,A01
201500054098,0,34,0,0.0,1.0,2.0,1.0,A01
201500054099,0,33,0,0.0,0.0,0.0,1.0,A01
201500054100,0,32,0,0.0,2.0,2.0,1.0,A01
201500054100,0,33,0,0.0,2.0,6.0,23.0,B01
201500054101,0,33,0,0.0,2.0,1.0,9.0,B01
201500054101,0,7,0,0.0,2.0,2.0,1.0,A01
201500054102,0,34,0,0.0,2.0,1.0,1.0,B01
201500054102,0,7,0,0.0,2.0,2.0,15.0,A01
201500054103,0,7,0,0.0,2.0,5.0,12.0,A01
201500054103,0,32,0,0.0,2.0,3.0,1.0,B01
201500054104,0,7,0,0.0,1.0,1.0,1.0,A01
201500054105,0,7,0,1.0,0.0,3.0,13.0,A01
201500054106,0,7,0,0.0,1.0,4.0,4.0,A01
201500054107,0,31,0,15.0,0.0,1.0,14.0,A01
201500054108,0,7,0,7.0,0.0,3.0,13.0,A01
201500054109,0,7,0,0.0,1.0,4.0,4.0,A01