Num_Acc,senc,catv,occutc,obs,obsm,choc,manv,num_veh
201500054110,0,7,0,0.0,1.0,3.0,15.0,A01
201500054111,0,7,0,0.0,2.0,4.0,2.0,B01
201500054111,0,10,0,0.0,2.0,3.0,2.0,A01
201500054112,0,34,0,0.0,1.0,1.0,1.0,A01
201500054113,0,7,0,0.0,2.0,2.0,16.0,A01
201500054113,0,34,0,0.0,2.0,8.0,1.0,B01
201500054114,0,31,0,0.0,2.0,1.0,1.0,B01
201500054114,0,7,0,0.0,2.0,3.0,9.0,A01
201500054115,0,7,0,0.0,2.0,7.0,22.0,B01
201500054115,0,31,0,0.0,2.0,1.0,18.0,A01
201500054116,0,7,0,0.0,2.0,3.0,13.0,A01
201500054116,0,33,0,0.0,2.0,7.0,17.0,B01
201500054117,0,7,0,0.0,1.0,3.0,1.0,A01
201500054118,0,1,0,0.0,1.0,1.0,1.0,A01
201500054119,0,33,0,0.0,1.0,1.0,17.0,A01
201500054120,1,7,0,0.0,1.0,1.0,1.0,Z01
201500054121,0,7,0,0.0,2.0,4.0,2.0,A01
201500054121,0,7,0,0.0,2.0,1.0,2.0,B01
201500054121,0,7,0,0.0,2.0,4.0,2.0,C01
201500054122,1,7,0,0.0,1.0,0.0,1.0,Z01
201500054123,0,2,0,0.0,2.0,1.0,1.0,A01
201500054123,0,7,0,0.0,2.0,5.0,23.0,B01
201500054124,0,33,0,0.0,2.0,1.0,18.0,B01
201500054124,0,7,0,0.0,2.0,7.0,16.0,A01
201500054125,0,7,0,0.0,2.0,4.0,23.0,C01
201500054125,0,7,0,0.0,2.0,1.0,1.0,A01
201500054125,0,7,0,0.0,2.0,4.0,21.0,B01
201500054125,0,7,0,0.0,2.0,4.0,23.0,D01
201500054126,0,7,0,0.0,1.0,6.0,20.0,A01
201500054127,0,7,0,0.0,2.0,1.0,1.0,A01
201500054127,0,7,0,0.0,2.0,4.0,23.0,B01
201500054128,0,32,0,0.0,2.0,8.0,18.0,A01
201500054128,0,7,0,0.0,2.0,7.0,1.0,B01
201500054129,0,7,0,0.0,1.0,2.0,15.0,A01
201500054130,0,7,0,0.0,1.0,2.0,1.0,A01
201500054131,0,7,0,0.0,2.0,1.0,1.0,A01
201500054131,0,32,0,0.0,2.0,1.0,15.0,B01
201500054132,0,7,0,0.0,2.0,1.0,1.0,A01
201500054132,0,7,0,0.0,2.0,9.0,23.0,B01
201500054132,0,7,0,0.0,2.0,0.0,23.0,C01
201500054133,0,33,0,0.0,1.0,1.0,17.0,A01
201500054134,0,32,0,0.0,2.0,2.0,17.0,B01
201500054134,0,7,0,0.0,2.0,3.0,10.0,A01
201500054135,0,32,0,0.0,0.0,7.0,1.0,A01
201500054136,0,7,0,0.0,2.0,2.0,1.0,A01
201500054136,0,7,0,0.0,2.0,5.0,23.0,B01
201500054137,0,1,0,0.0,2.0,0.0,2.0,B01
201500054137,0,7,0,0.0,2.0,1.0,2.0,A01
201500054138,1,7,0,0.0,2.0,3.0,1.0,Z01
201500054138,0,34,0,0.0,2.0,5.0,1.0,A01
201500054139,0,7,0,0.0,2.0,9.0,13.0,B01
201500054139,0,7,0,0.0,2.0,4.0,23.0,C01
201500054139,0,33,0,0.0,2.0,9.0,17.0,A01
201500054140,0,7,0,0.0,2.0,2.0,10.0,B01
201500054140,0,7,0,0.0,2.0,3.0,1.0,A01
201500054141,0,7,0,0.0,1.0,3.0,1.0,A01
201500054142,0,7,0,0.0,1.0,1.0,1.0,A01
201500054143,0,30,0,0.0,0.0,7.0,1.0,A01
201500054144,0,7,0,0.0,2.0,4.0,1.0,A01
201500054144,0,7,0,0.0,2.0,4.0,1.0,B01
201500054144,1,7,0,0.0,2.0,1.0,1.0,Z01
201500054145,0,7,0,0.0,1.0,7.0,1.0,A01
201500054146,0,1,0,0.0,0.0,0.0,1.0,A01
201500054147,0,7,0,0.0,2.0,3.0,16.0,A01
201500054147,0,30,0,0.0,2.0,3.0,1.0,B01
201500054148,0,7,0,0.0,2.0,4.0,23.0,C01
201500054148,0,7,0,0.0,2.0,1.0,1.0,A01
201500054148,0,7,0,0.0,2.0,4.0,23.0,B01
201500054149,0,34,0,0.0,0.0,3.0,13.0,A01
201500054150,0,7,0,0.0,1.0,2.0,1.0,A01
201500054151,0,34,0,0.0,1.0,1.0,1.0,A01
201500054152,0,10,0,0.0,1.0,5.0,20.0,A01
201500054153,0,1,0,0.0,2.0,1.0,1.0,B01
201500054153,0,7,0,0.0,2.0,3.0,9.0,A01
201500054154,0,1,0,0.0,1.0,1.0,1.0,A01
201500054155,0,34,0,0.0,2.0,3.0,1.0,A01
201500054155,0,10,0,0.0,2.0,5.0,15.0,B01
201500054156,0,1,0,0.0,0.0,1.0,1.0,A01
201500054157,0,7,0,0.0,1.0,6.0,4.0,A01
201500054158,0,7,0,0.0,1.0,6.0,1.0,A01
201500054159,0,7,0,0.0,2.0,1.0,1.0,A01
201500054159,0,32,0,0.0,2.0,7.0,1.0,B01
201500054160,0,32,0,0.0,2.0,5.0,17.0,B01
201500054160,0,7,0,0.0,2.0,8.0,11.0,A01
201500054161,0,34,0,0.0,2.0,1.0,3.0,A01
201500054161,0,2,0,0.0,2.0,0.0,11.0,B01
201500054161,0,7,0,0.0,2.0,6.0,23.0,C01
201500054162,0,33,0,0.0,2.0,1.0,17.0,A01
201500054162,0,7,0,0.0,2.0,1.0,15.0,B01
201500054163,1,7,0,0.0,1.0,4.0,4.0,Z01
201500054164,0,7,0,0.0,2.0,1.0,16.0,A01
201500054164,0,7,0,0.0,2.0,5.0,1.0,B01
201500054165,0,32,0,0.0,2.0,1.0,1.0,B01
201500054165,0,7,0,0.0,2.0,4.0,4.0,A01
201500054166,0,31,0,1.0,0.0,6.0,1.0,A01
201500054167,0,32,0,0.0,1.0,1.0,1.0,A01
201500054168,0,7,0,0.0,2.0,2.0,10.0,A01
201500054168,0,33,0,0.0,2.0,0.0,1.0,B01
201500054169,0,33,0,0.0,2.0,4.0,23.0,B01
201500054169,0,7,0,0.0,2.0,1.0,1.0,A01
201500054170,0,7,0,0.0,2.0,4.0,1.0,B01
201500054170,0,7,0,14.0,2.0,1.0,1.0,A01
201500054170,0,7,0,0.0,2.0,4.0,23.0,C01
201500054171,0,33,0,12.0,0.0,7.0,1.0,A01
201500054172,0,1,0,0.0,2.0,1.0,2.0,B01
201500054172,0,10,0,0.0,2.0,5.0,4.0,A01
201500054173,0,30,0,0.0,2.0,7.0,1.0,A01
201500054173,1,7,0,0.0,2.0,8.0,15.0,Z01
201500054174,0,7,0,0.0,1.0,6.0,4.0,A01
201500054175,0,7,0,1.0,2.0,2.0,14.0,A01
201500054175,0,7,0,0.0,2.0,4.0,24.0,B01
201500054176,0,7,0,0.0,1.0,2.0,1.0,A01
201500054177,0,33,0,0.0,2.0,1.0,2.0,A01
201500054177,0,7,0,0.0,2.0,4.0,2.0,B01
201500054178,0,30,0,0.0,2.0,3.0,15.0,A01
201500054178,0,37,0,0.0,2.0,7.0,15.0,B01
201500054179,0,14,0,0.0,2.0,6.0,10.0,A01
201500054179,0,7,0,0.0,2.0,1.0,1.0,B01
201500054180,0,7,0,0.0,2.0,6.0,2.0,B01
201500054180,0,33,0,0.0,2.0,1.0,2.0,A01
201500054181,0,7,0,0.0,2.0,3.0,9.0,A01
201500054181,0,30,0,0.0,2.0,1.0,1.0,B01
201500054182,0,7,0,0.0,2.0,4.0,2.0,A01
201500054182,0,7,0,0.0,2.0,4.0,2.0,B01
201500054183,0,33,0,0.0,2.0,1.0,2.0,B01
201500054183,0,7,0,0.0,2.0,6.0,16.0,A01
201500054184,0,7,0,0.0,2.0,6.0,4.0,A01
201500054184,0,33,0,0.0,2.0,1.0,1.0,B01
201500054185,0,33,0,0.0,2.0,8.0,1.0,B01
201500054185,0,10,0,0.0,2.0,5.0,16.0,A01
201500054186,0,32,0,0.0,2.0,0.0,3.0,A01
201500054186,0,7,0,0.0,2.0,0.0,11.0,B01
201500054187,0,7,0,1.0,0.0,1.0,14.0,A01
201500054188,0,7,0,0.0,2.0,2.0,1.0,B01
201500054188,0,7,0,1.0,2.0,2.0,16.0,A01
201500054189,0,7,0,8.0,0.0,1.0,1.0,A01
201500054190,0,33,0,1.0,2.0,1.0,1.0,A01
201500054190,0,7,0,0.0,2.0,6.0,1.0,B01
201500054190,0,7,0,0.0,2.0,8.0,23.0,C01
201500054191,0,7,0,0.0,2.0,2.0,1.0,A01
201500054191,0,7,0,8.0,2.0,3.0,1.0,B01
201500054192,0,33,0,0.0,2.0,1.0,1.0,A01
201500054192,0,7,0,0.0,2.0,2.0,15.0,B01
201500054193,0,7,0,0.0,1.0,3.0,15.0,A01
201500054194,0,7,0,0.0,2.0,3.0,10.0,A01
201500054194,0,1,0,0.0,2.0,1.0,1.0,B01
201500054195,0,10,0,0.0,2.0,1.0,2.0,A01
201500054195,0,7,0,0.0,2.0,4.0,2.0,B01
201500054196,0,33,0,0.0,2.0,8.0,18.0,B01
201500054196,0,7,0,0.0,2.0,5.0,16.0,A01
201500054197,0,7,0,0.0,2.0,4.0,20.0,A01
201500054197,0,34,0,0.0,2.0,7.0,9.0,B01
201500054198,0,7,0,0.0,0.0,0.0,1.0,A01
201500054199,0,2,0,0.0,1.0,1.0,17.0,A01
201500054200,0,1,0,0.0,2.0,5.0,1.0,B01
201500054200,0,34,0,0.0,2.0,6.0,9.0,A01
201500054201,0,7,0,0.0,2.0,6.0,13.0,A01
201500054201,0,32,0,0.0,2.0,7.0,17.0,B01
201500054202,0,7,0,0.0,2.0,1.0,15.0,A01
201500054202,0,34,0,0.0,2.0,8.0,1.0,B01
201500054203,0,7,0,0.0,2.0,5.0,23.0,B01
201500054203,0,13,0,0.0,2.0,3.0,2.0,A01
201500054204,0,7,0,0.0,2.0,3.0,15.0,B01
201500054204,0,30,0,0.0,2.0,2.0,17.0,A01
201500054205,0,7,0,1.0,0.0,1.0,14.0,A01
201500054206,0,7,0,0.0,2.0,5.0,1.0,B01
201500054206,0,2,0,0.0,2.0,1.0,1.0,A01
201500054207,0,31,0,0.0,2.0,2.0,17.0,A01
201500054207,0,7,0,0.0,2.0,3.0,15.0,B01
201500054208,0,34,0,0.0,2.0,7.0,16.0,A01
201500054208,0,34,0,0.0,2.0,0.0,16.0,B01
201500054209,0,7,0,0.0,2.0,4.0,23.0,B01
201500054209,0,10,0,0.0,2.0,1.0,2.0,A01
201500054210,0,10,0,0.0,2.0,3.0,15.0,B01
201500054210,0,30,0,0.0,2.0,1.0,7.0,A01
201500054211,0,1,0,0.0,1.0,1.0,1.0,A01
201500054212,0,7,0,0.0,2.0,7.0,15.0,A01
201500054212,0,33,0,0.0,2.0,1.0,1.0,B01
201500054213,0,1,0,0.0,2.0,0.0,1.0,A01
201500054213,1,7,0,0.0,2.0,0.0,10.0,Z01
201500054214,0,2,0,14.0,2.0,2.0,2.0,A01
201500054214,0,10,0,0.0,2.0,6.0,23.0,B01
201500054215,0,2,0,0.0,2.0,1.0,17.0,A01
201500054215,0,7,0,0.0,2.0,3.0,15.0,B01
201500054216,0,7,0,0.0,2.0,5.0,2.0,B01
201500054216,0,32,0,0.0,2.0,1.0,2.0,A01
201500054217,0,7,0,0.0,2.0,2.0,14.0,B01
201500054217,0,7,0,2.0,2.0,9.0,1.0,A01
201500054218,0,1,0,12.0,2.0,8.0,1.0,A01
201500054218,1,7,0,0.0,2.0,7.0,13.0,Z01
201500054219,0,1,0,0.0,2.0,4.0,2.0,C01
201500054219,0,1,0,0.0,2.0,1.0,2.0,A01
201500054219,0,1,0,0.0,2.0,1.0,2.0,B01
201500054220,0,7,0,1.0,2.0,2.0,1.0,B01
201500054220,0,7,0,0.0,2.0,0.0,1.0,A01
201500054221,0,7,0,0.0,2.0,7.0,9.0,A01
201500054221,0,33,0,0.0,2.0,7.0,1.0,B01
201500054222,0,31,0,14.0,0.0,8.0,13.0,A01
201500054223,0,10,0,0.0,1.0,3.0,1.0,A01
201500054224,0,1,0,0.0,2.0,1.0,5.0,A01
201500054224,0,7,0,0.0,2.0,3.0,1.0,B01
201500054225,0,1,0,0.0,2.0,1.0,7.0,A01
201500054225,0,10,0,0.0,2.0,6.0,24.0,B01
201500054226,0,1,0,0.0,1.0,1.0,1.0,A01
201500054227,0,7,0,0.0,2.0,1.0,2.0,A01
201500054227,0,7,0,0.0,2.0,4.0,23.0,B01
201500054228,0,34,0,0.0,0.0,0.0,21.0,A01
201500054229,0,7,0,0.0,2.0,6.0,1.0,B01
201500054229,0,31,0,0.0,2.0,1.0,1.0,A01
201500054230,0,2,0,14.0,0.0,8.0,1.0,A01
201500054231,0,33,0,0.0,2.0,1.0,1.0,B01
201500054231,0,10,0,0.0,2.0,1.0,15.0,A01
201500054232,0,7,0,0.0,2.0,3.0,2.0,A01
201500054232,0,2,0,0.0,2.0,4.0,2.0,B01
201500054233,0,32,0,4.0,0.0,2.0,14.0,A01
201500054234,0,7,0,0.0,2.0,5.0,2.0,B01
201500054234,0,1,0,0.0,2.0,1.0,2.0,A01
201500054235,0,1,0,0.0,2.0,4.0,11.0,B01
201500054235,0,32,0,0.0,2.0,1.0,1.0,A01
201500054236,0,7,0,0.0,2.0,8.0,10.0,A01
201500054236,0,7,0,0.0,2.0,1.0,1.0,B01
201500054237,0,33,0,0.0,2.0,8.0,1.0,B01
201500054237,0,7,0,0.0,2.0,7.0,14.0,A01
201500054238,0,7,0,0.0,1.0,4.0,4.0,A01
201500054239,0,7,0,0.0,1.0,2.0,1.0,A01
201500054240,0,7,0,0.0,2.0,3.0,10.0,A01
201500054240,0,7,0,0.0,2.0,7.0,1.0,B01
201500054241,0,7,0,0.0,2.0,2.0,15.0,A01
201500054241,0,32,0,0.0,2.0,1.0,1.0,B01
201500054242,0,7,0,0.0,2.0,2.0,1.0,A01
201500054242,0,33,0,0.0,2.0,7.0,1.0,C01
201500054242,0,31,0,0.0,2.0,8.0,1.0,B01
201500054243,0,10,0,0.0,2.0,5.0,23.0,B01
201500054243,0,33,0,0.0,2.0,1.0,2.0,A01
201500054244,0,7,0,0.0,2.0,3.0,15.0,A01
201500054244,0,1,0,0.0,2.0,1.0,1.0,B01
201500054245,0,32,0,0.0,2.0,2.0,1.0,B01
201500054245,0,7,0,0.0,2.0,6.0,13.0,A01
201500054246,0,15,0,0.0,2.0,7.0,16.0,A01
201500054246,0,33,0,0.0,2.0,7.0,1.0,B01
201500054247,0,10,0,0.0,2.0,7.0,9.0,A01
201500054247,0,30,0,0.0,2.0,3.0,15.0,B01
201500054248,0,30,0,0.0,1.0,8.0,1.0,A01
201500054249,0,1,0,0.0,2.0,8.0,1.0,B01
201500054249,0,7,0,0.0,2.0,2.0,15.0,A01
201500054250,0,7,0,0.0,2.0,1.0,1.0,A01
201500054250,0,7,0,0.0,2.0,4.0,23.0,B01
201500054250,0,7,0,0.0,2.0,4.0,23.0,C01
201500054251,0,2,0,0.0,2.0,2.0,17.0,B01
201500054251,0,7,0,0.0,2.0,3.0,15.0,A01
201500054252,0,7,0,0.0,2.0,3.0,15.0,A01
201500054252,0,34,0,0.0,2.0,1.0,1.0,B01
201500054253,0,7,0,0.0,1.0,3.0,16.0,A01
201500054254,0,7,0,0.0,1.0,2.0,1.0,A01
201500054255,0,7,0,0.0,2.0,1.0,1.0,B01
201500054255,0,7,0,0.0,2.0,8.0,1.0,A01
201500054256,0,33,0,0.0,2.0,2.0,17.0,A01
201500054256,0,7,0,0.0,2.0,3.0,13.0,B01
201500054257,0,31,0,0.0,2.0,2.0,1.0,B01
201500054257,0,7,0,0.0,2.0,8.0,13.0,A01
201500054257,0,7,0,0.0,2.0,0.0,1.0,C01
201500054258,0,7,0,0.0,2.0,7.0,1.0,A01
201500054258,0,7,0,0.0,2.0,3.0,1.0,B01
201500054259,0,31,0,1.0,0.0,1.0,13.0,A01
201500054260,0,34,0,0.0,0.0,7.0,21.0,A01
201500054261,0,37,0,0.0,2.0,4.0,23.0,B01
201500054261,0,10,0,0.0,2.0,1.0,2.0,A01
201500054262,0,30,0,0.0,2.0,1.0,2.0,A01
201500054262,0,7,0,0.0,2.0,6.0,23.0,B01
201500054263,0,10,0,0.0,2.0,1.0,15.0,A01
201500054263,0,31,0,0.0,2.0,1.0,1.0,B01
201500054264,0,2,0,0.0,2.0,2.0,1.0,B01
201500054264,0,7,0,0.0,2.0,0.0,11.0,A01
201500054265,0,7,0,1.0,0.0,1.0,9.0,A01
201500054266,0,30,0,0.0,2.0,2.0,1.0,A01
201500054266,0,7,0,0.0,2.0,3.0,9.0,B01
201500054267,0,31,0,0.0,2.0,8.0,14.0,A01
201500054267,1,7,0,0.0,2.0,0.0,1.0,Z01
201500054268,0,7,0,0.0,2.0,3.0,15.0,A01
201500054268,0,33,0,0.0,2.0,2.0,1.0,B01
201500054269,0,2,0,0.0,0.0,0.0,1.0,A01
201500054270,0,33,0,12.0,0.0,1.0,21.0,A01
201500054271,0,32,0,0.0,2.0,3.0,17.0,B01
201500054271,0,7,0,0.0,2.0,3.0,15.0,A01
201500054272,0,30,0,0.0,2.0,0.0,17.0,B01
201500054272,0,7,0,0.0,2.0,1.0,9.0,A01
201500054273,0,33,0,5.0,2.0,2.0,1.0,B01
201500054273,0,7,0,0.0,2.0,0.0,10.0,A01
201500054274,0,7,0,0.0,1.0,3.0,1.0,A01
201500054275,0,7,0,0.0,2.0,3.0,13.0,A01
201500054275,0,7,0,0.0,2.0,8.0,1.0,B01
201500054275,0,7,0,0.0,2.0,8.0,1.0,C01
201500054276,0,33,0,0.0,1.0,2.0,1.0,A01
201500054277,0,7,0,0.0,2.0,4.0,23.0,B01
201500054277,0,32,0,0.0,2.0,1.0,2.0,A01
201500054278,0,32,0,0.0,2.0,1.0,1.0,B01
201500054278,0,1,0,0.0,2.0,4.0,9.0,A01
201500054279,0,7,0,0.0,2.0,5.0,1.0,B01
201500054279,1,7,0,0.0,2.0,3.0,13.0,Z01
201500054279,0,30,0,0.0,2.0,2.0,21.0,A01
201500054280,0,7,0,0.0,1.0,2.0,16.0,A01
201500054281,0,7,0,0.0,2.0,8.0,10.0,A01
201500054281,0,34,0,0.0,2.0,1.0,1.0,B01
201500054282,0,7,0,0.0,2.0,1.0,2.0,A01
201500054282,0,31,0,0.0,2.0,4.0,23.0,B01
201500054283,0,7,0,0.0,2.0,1.0,1.0,B01
201500054283,0,2,0,0.0,2.0,7.0,15.0,A01
201500054284,0,7,0,0.0,2.0,1.0,2.0,A01
201500054284,0,7,0,0.0,2.0,4.0,23.0,B01
201500054285,0,7,0,0.0,2.0,3.0,1.0,B01
201500054285,0,1,0,0.0,2.0,7.0,5.0,A01
201500054286,0,1,0,0.0,2.0,1.0,19.0,A01
201500054286,0,34,0,0.0,2.0,1.0,1.0,B01
201500054287,0,31,0,0.0,2.0,0.0,2.0,A01
201500054287,0,7,0,0.0,2.0,3.0,1.0,C01
201500054287,0,7,0,0.0,0.0,6.0,23.0,B01
201500054288,0,7,0,0.0,2.0,2.0,1.0,B01
201500054288,0,7,0,0.0,2.0,3.0,9.0,A01
201500054289,0,7,0,0.0,2.0,5.0,10.0,A01
201500054289,0,30,0,0.0,2.0,1.0,1.0,B01
201500054290,0,7,0,1.0,2.0,8.0,10.0,A01
201500054290,0,34,0,0.0,2.0,7.0,1.0,B01
201500054291,0,7,0,0.0,1.0,4.0,4.0,A01
201500054292,0,7,0,0.0,2.0,1.0,15.0,A01
201500054292,0,1,0,0.0,2.0,8.0,1.0,B01
201500054293,0,33,0,0.0,2.0,8.0,1.0,A01
201500054293,0,7,0,0.0,2.0,6.0,23.0,B01
201500054294,0,33,0,0.0,2.0,8.0,1.0,B01
201500054294,0,7,0,0.0,2.0,3.0,15.0,A01
201500054295,0,7,0,7.0,0.0,1.0,1.0,A01
201500054296,0,32,0,0.0,2.0,7.0,17.0,B01
201500054296,0,7,0,0.0,2.0,3.0,13.0,A01
201500054297,0,32,0,0.0,2.0,2.0,1.0,B01
201500054297,0,10,0,0.0,2.0,8.0,22.0,A01
201500054298,0,30,0,0.0,2.0,3.0,2.0,A01
201500054298,0,7,0,0.0,2.0,4.0,16.0,B01
201500054299,0,7,0,2.0,0.0,7.0,13.0,A01
201500054300,0,7,0,0.0,2.0,2.0,10.0,A01
201500054300,0,32,0,1.0,2.0,6.0,17.0,B01
201500054301,0,7,0,0.0,2.0,3.0,15.0,B01
201500054301,0,32,0,0.0,2.0,1.0,1.0,A01
201500054302,0,7,0,0.0,2.0,3.0,22.0,A01
201500054302,0,1,0,1.0,2.0,1.0,1.0,B01
201500054303,0,33,0,1.0,2.0,8.0,18.0,A01
201500054303,0,7,0,0.0,2.0,7.0,1.0,B01
201500054304,0,33,0,0.0,2.0,3.0,1.0,A01
201500054304,1,10,0,0.0,2.0,0.0,10.0,Z01
201500054305,0,7,0,11.0,0.0,1.0,13.0,A01
201500054306,0,7,0,0.0,2.0,0.0,2.0,A01
201500054306,0,1,0,0.0,2.0,4.0,2.0,B01
201500054307,0,7,0,0.0,2.0,1.0,2.0,A01
201500054307,0,7,0,0.0,2.0,1.0,2.0,B01
201500054307,0,7,0,0.0,2.0,4.0,2.0,D01
201500054307,0,7,0,0.0,2.0,1.0,2.0,C01
201500054308,0,7,0,1.0,2.0,2.0,17.0,A01
201500054308,0,7,0,1.0,2.0,6.0,0.0,B01
201500054309,0,7,0,0.0,2.0,1.0,15.0,A01
201500054309,0,33,0,0.0,2.0,1.0,1.0,B01
201500054310,0,7,0,0.0,2.0,3.0,10.0,A01
201500054310,0,32,0,0.0,2.0,2.0,1.0,B01
201500054311,0,7,0,1.0,2.0,9.0,14.0,A01
201500054311,0,7,0,0.0,2.0,6.0,24.0,B01
201500054312,0,7,0,0.0,0.0,1.0,14.0,A01
201500054313,0,33,0,12.0,0.0,2.0,14.0,A01
201500054314,0,7,0,0.0,2.0,0.0,2.0,A01
201500054314,0,7,0,0.0,2.0,0.0,23.0,B01
201500054315,0,33,0,14.0,0.0,1.0,1.0,A01
201500054316,0,7,0,0.0,1.0,3.0,1.0,A01
201500054317,0,7,0,0.0,2.0,7.0,15.0,A01
201500054317,0,7,0,0.0,2.0,3.0,1.0,B01
201500054318,0,7,0,0.0,2.0,3.0,22.0,A01
201500054318,0,1,0,0.0,2.0,7.0,17.0,B01
201500054319,0,7,0,0.0,1.0,2.0,1.0,A01
201500054320,0,7,0,0.0,2.0,3.0,13.0,A01
201500054320,0,7,0,0.0,2.0,3.0,23.0,B01
201500054321,0,34,0,0.0,2.0,1.0,2.0,A01
201500054321,0,7,0,0.0,2.0,6.0,23.0,B01
201500054322,0,1,0,0.0,2.0,1.0,1.0,B01
201500054322,1,7,0,0.0,2.0,6.0,15.0,Z01
201500054323,0,2,0,0.0,2.0,2.0,9.0,A01
201500054323,0,10,0,15.0,2.0,3.0,1.0,B01
201500054324,0,7,0,0.0,2.0,5.0,15.0,A01
201500054324,0,32,0,0.0,2.0,1.0,1.0,B01
201500054325,0,7,0,1.0,0.0,1.0,14.0,A01
201500054326,0,7,0,0.0,1.0,2.0,1.0,A01
201500054327,0,7,0,0.0,2.0,8.0,13.0,A01
201500054327,0,33,0,0.0,2.0,7.0,17.0,B01
201500054328,0,32,0,0.0,2.0,8.0,1.0,A01
201500054328,0,7,0,0.0,2.0,2.0,15.0,B01
201500054329,0,1,0,0.0,2.0,1.0,2.0,A01
201500054329,1,7,0,0.0,2.0,0.0,23.0,Z01
201500054330,1,33,0,0.0,2.0,1.0,1.0,Z01
201500054330,0,1,0,0.0,2.0,8.0,1.0,A01
201500054331,0,7,0,0.0,2.0,1.0,16.0,B01
201500054331,0,33,0,0.0,2.0,8.0,18.0,A01
201500054332,0,1,0,0.0,2.0,0.0,2.0,A01
201500054332,0,1,0,0.0,2.0,0.0,2.0,B01
201500054333,0,7,0,0.0,1.0,1.0,16.0,A01
201500054334,0,7,0,0.0,2.0,2.0,22.0,A01
201500054334,0,1,0,0.0,2.0,1.0,1.0,B01
201500054335,0,33,0,0.0,2.0,8.0,1.0,B01
201500054335,0,10,0,0.0,2.0,7.0,12.0,A01
201500054336,0,7,0,0.0,2.0,2.0,15.0,B01
201500054336,0,31,0,0.0,2.0,1.0,1.0,A01
201500054337,0,7,0,0.0,1.0,4.0,20.0,A01
201500054338,0,33,0,0.0,2.0,1.0,18.0,A01
201500054338,0,7,0,0.0,2.0,2.0,1.0,B01
201500054339,0,7,0,0.0,2.0,6.0,10.0,A01
201500054339,0,34,0,0.0,2.0,0.0,1.0,B01
201500054340,0,7,0,0.0,2.0,3.0,1.0,A01
201500054340,0,7,0,0.0,2.0,5.0,1.0,B01
201500054341,0,31,0,1.0,0.0,1.0,14.0,A01
201500054342,0,7,0,2.0,0.0,8.0,14.0,A01
201500054343,0,7,0,0.0,1.0,1.0,1.0,A01
201500054344,0,30,0,15.0,0.0,1.0,16.0,A01
201500054345,0,34,0,0.0,2.0,2.0,1.0,B01
201500054345,0,7,0,0.0,2.0,3.0,1.0,A01
201500054346,0,10,0,0.0,2.0,1.0,1.0,A01
201500054346,0,32,0,0.0,2.0,0.0,1.0,B01
201500054347,0,7,0,0.0,2.0,7.0,1.0,A01
201500054347,0,7,0,0.0,2.0,1.0,1.0,B01
201500054348,0,7,0,0.0,2.0,0.0,1.0,A01
201500054348,0,1,0,0.0,2.0,6.0,15.0,B01
201500054349,0,7,0,0.0,2.0,4.0,1.0,B01
201500054349,0,7,0,0.0,2.0,1.0,23.0,A01
201500054350,0,33,0,7.0,0.0,1.0,5.0,A01
201500054351,0,33,0,0.0,2.0,1.0,1.0,B01
201500054351,0,7,0,0.0,2.0,3.0,10.0,A01
201500054352,0,30,0,0.0,1.0,2.0,16.0,A01
201500054353,0,31,0,0.0,2.0,1.0,2.0,A01
201500054353,0,7,0,0.0,2.0,4.0,23.0,B01
201500054354,0,10,0,0.0,1.0,1.0,1.0,A01
201500054355,0,7,0,0.0,2.0,4.0,23.0,B01
201500054355,0,30,0,0.0,2.0,1.0,1.0,A01
201500054356,0,31,0,0.0,2.0,2.0,14.0,A01
201500054356,0,1,0,0.0,2.0,4.0,1.0,B01
201500054357,0,2,0,0.0,2.0,1.0,1.0,A01
201500054357,0,7,0,1.0,2.0,8.0,1.0,B01
201500054358,0,7,0,0.0,0.0,1.0,1.0,A01
201500054359,0,7,0,0.0,1.0,2.0,1.0,A01
201500054360,0,7,0,0.0,2.0,0.0,1.0,B01
201500054360,0,31,0,0.0,2.0,0.0,18.0,A01
201500054361,0,32,0,14.0,0.0,2.0,1.0,A01
201500054362,0,7,0,0.0,1.0,4.0,4.0,A01
201500054363,0,31,0,0.0,2.0,1.0,1.0,B01
201500054363,0,7,0,0.0,2.0,2.0,9.0,A01
201500054364,0,34,0,0.0,1.0,1.0,1.0,A01
201500054365,0,1,0,1.0,0.0,3.0,13.0,A01
201500054366,0,7,0,1.0,0.0,3.0,13.0,A01
201500054367,0,7,0,0.0,1.0,1.0,16.0,A01
201500054368,0,7,0,0.0,2.0,1.0,2.0,A01
201500054368,0,10,0,0.0,2.0,5.0,2.0,B01
201500054369,0,7,0,0.0,2.0,7.0,15.0,A01
201500054369,0,34,0,0.0,2.0,1.0,1.0,B01
201500054370,0,7,0,0.0,1.0,3.0,1.0,A01
201500054371,0,33,0,0.0,2.0,1.0,1.0,B01
201500054371,0,7,0,0.0,2.0,1.0,15.0,A01
201500054372,0,7,0,0.0,2.0,3.0,9.0,A01
201500054372,0,34,0,0.0,2.0,2.0,1.0,B01
201500054373,0,1,0,0.0,2.0,1.0,18.0,A01
201500054373,0,7,0,0.0,2.0,0.0,22.0,B01
201500054374,0,7,0,0.0,2.0,2.0,15.0,A01