Num_Acc,senc,catv,occutc,obs,obsm,choc,manv,num_veh
201500054374,0,31,0,0.0,2.0,1.0,1.0,B01
201500054375,0,30,0,0.0,0.0,0.0,1.0,A01
201500054376,0,7,0,0.0,2.0,4.0,23.0,B01
201500054376,0,7,0,0.0,2.0,1.0,1.0,A01
201500054377,0,2,0,0.0,0.0,0.0,21.0,A01
201500054378,0,7,0,0.0,2.0,1.0,1.0,A01
201500054378,0,7,0,0.0,2.0,4.0,23.0,C01
201500054378,0,7,0,0.0,2.0,4.0,23.0,D01
201500054378,0,2,0,0.0,2.0,4.0,23.0,B01
201500054379,0,1,0,0.0,2.0,1.0,19.0,A01
201500054379,0,10,0,0.0,2.0,2.0,16.0,B01
201500054380,0,33,0,0.0,1.0,1.0,1.0,A01
201500054381,0,7,0,0.0,1.0,3.0,16.0,A01
201500054382,0,33,0,0.0,2.0,2.0,1.0,B01
201500054382,0,7,0,0.0,2.0,3.0,15.0,A01
201500054383,0,1,0,0.0,2.0,1.0,1.0,A01
201500054383,0,34,0,0.0,2.0,2.0,1.0,B01
201500054384,0,7,0,0.0,2.0,1.0,1.0,A01
201500054384,0,7,0,0.0,2.0,1.0,23.0,B01
201500054384,0,7,0,0.0,2.0,4.0,23.0,C01
201500054385,0,7,0,0.0,2.0,5.0,22.0,A01
201500054385,0,31,0,0.0,2.0,6.0,18.0,B01
201500054386,0,7,0,0.0,2.0,6.0,2.0,B01
201500054386,0,30,0,0.0,2.0,1.0,2.0,A01
201500054387,0,7,0,0.0,2.0,2.0,2.0,A01
201500054387,0,7,0,0.0,2.0,6.0,24.0,B01
201500054388,0,31,0,0.0,2.0,0.0,1.0,A01
201500054388,0,31,0,0.0,2.0,0.0,1.0,B01
201500054389,0,10,0,0.0,2.0,5.0,16.0,B01
201500054389,0,37,0,0.0,2.0,2.0,7.0,A01
201500054389,0,7,0,0.0,2.0,3.0,1.0,C01
201500054390,0,1,0,0.0,2.0,7.0,1.0,A01
201500054390,0,10,0,0.0,2.0,8.0,22.0,B01
201500054391,0,7,0,0.0,2.0,2.0,1.0,A01
201500054391,0,2,0,0.0,2.0,1.0,16.0,B01
201500054392,0,7,0,0.0,2.0,3.0,1.0,B01
201500054392,0,1,0,0.0,2.0,1.0,13.0,A01
201500054393,0,31,0,0.0,2.0,0.0,21.0,A01
201500054394,0,7,0,0.0,2.0,5.0,9.0,A01
201500054394,0,33,0,0.0,2.0,1.0,1.0,B01
201500054395,0,7,0,0.0,2.0,5.0,1.0,A01
201500054395,0,33,0,0.0,2.0,8.0,1.0,B01
201500054396,0,7,0,0.0,2.0,3.0,23.0,A01
201500054396,0,7,0,0.0,2.0,5.0,2.0,B01
201500054397,0,2,0,0.0,2.0,7.0,1.0,A01
201500054397,1,7,0,0.0,2.0,3.0,15.0,Z01
201500054398,0,7,0,0.0,1.0,2.0,15.0,A01
201500054399,0,33,0,0.0,2.0,1.0,1.0,A01
201500054399,0,7,0,0.0,2.0,6.0,23.0,B01
201500054400,0,32,0,0.0,2.0,1.0,17.0,B01
201500054400,0,7,0,0.0,2.0,3.0,1.0,A01
201500054401,0,7,0,0.0,2.0,6.0,2.0,B01
201500054401,0,7,0,0.0,2.0,2.0,2.0,A01
201500054402,0,30,0,0.0,0.0,0.0,1.0,A01
201500054403,0,31,0,0.0,2.0,1.0,5.0,A01
201500054403,0,7,0,0.0,2.0,3.0,15.0,B01
201500054404,0,7,0,4.0,0.0,1.0,13.0,A01
201500054405,0,32,0,0.0,1.0,1.0,1.0,A01
201500054406,0,7,0,0.0,2.0,3.0,13.0,B01
201500054406,0,10,0,0.0,2.0,2.0,17.0,A01
201500054407,0,32,0,0.0,2.0,2.0,17.0,B01
201500054407,0,7,0,0.0,2.0,3.0,10.0,A01
201500054408,0,2,0,12.0,0.0,3.0,1.0,A01
201500054409,0,34,0,0.0,2.0,8.0,18.0,B01
201500054409,0,7,0,0.0,2.0,7.0,23.0,A01
201500054410,0,15,0,0.0,2.0,2.0,16.0,A01
201500054410,0,33,0,0.0,2.0,5.0,23.0,B01
201500054411,0,33,0,0.0,2.0,1.0,1.0,B01
201500054411,0,7,0,0.0,2.0,5.0,15.0,A01
201500054412,0,7,0,0.0,2.0,8.0,13.0,A01
201500054412,0,34,0,0.0,2.0,7.0,1.0,B01
201500054413,2,2,0,0.0,2.0,1.0,17.0,Z01
201500054413,0,32,0,0.0,2.0,1.0,1.0,A01
201500054414,0,7,0,0.0,1.0,3.0,15.0,A01
201500054415,0,7,0,0.0,2.0,4.0,23.0,C01
201500054415,0,7,0,0.0,2.0,4.0,23.0,D01
201500054415,0,7,0,0.0,2.0,4.0,23.0,B01
201500054415,0,7,0,0.0,2.0,2.0,2.0,A01
201500054416,0,2,0,0.0,2.0,6.0,2.0,A01
201500054416,0,7,0,0.0,2.0,5.0,23.0,B01
201500054417,0,31,0,0.0,2.0,2.0,18.0,B01
201500054417,0,7,0,0.0,2.0,8.0,24.0,A01
201500054417,0,7,0,0.0,2.0,2.0,1.0,C01
201500054417,0,7,0,0.0,2.0,5.0,1.0,D01
201500054418,0,7,0,0.0,2.0,2.0,16.0,B01
201500054418,0,32,0,0.0,2.0,6.0,18.0,A01
201500054419,0,33,0,0.0,2.0,6.0,15.0,B01
201500054419,0,7,0,0.0,2.0,2.0,1.0,A01
201500054420,0,7,0,0.0,2.0,1.0,16.0,B01
201500054420,0,10,0,0.0,2.0,7.0,1.0,A01
201500054421,0,7,0,0.0,1.0,5.0,1.0,A01
201500054422,0,31,0,0.0,2.0,1.0,2.0,A01
201500054422,0,7,0,0.0,2.0,4.0,2.0,B01
201500054423,0,7,0,0.0,2.0,1.0,9.0,A01
201500054423,0,33,0,0.0,2.0,7.0,1.0,B01
201500054424,0,7,0,0.0,2.0,1.0,2.0,A01
201500054424,0,31,0,0.0,2.0,4.0,23.0,B01
201500054425,0,7,0,0.0,1.0,1.0,1.0,A01
201500054426,0,15,0,0.0,2.0,8.0,1.0,B01
201500054426,0,7,0,0.0,2.0,7.0,12.0,A01
201500054427,0,7,0,0.0,2.0,1.0,1.0,A01
201500054427,0,7,0,0.0,2.0,2.0,1.0,B01
201500054428,0,7,0,0.0,1.0,2.0,1.0,A01
201500054429,0,32,0,0.0,2.0,7.0,17.0,A01
201500054429,0,7,0,0.0,2.0,8.0,13.0,B01
201500054430,0,2,0,0.0,1.0,1.0,16.0,A01
201500054431,0,34,0,0.0,2.0,8.0,9.0,B01
201500054431,0,7,0,0.0,2.0,2.0,1.0,A01
201500054432,0,32,0,0.0,1.0,1.0,23.0,B01
201500054432,0,7,0,0.0,2.0,1.0,1.0,A01
201500054433,0,7,0,0.0,2.0,1.0,16.0,A01
201500054433,0,1,0,0.0,2.0,8.0,1.0,B01
201500054434,0,7,0,0.0,2.0,1.0,1.0,A01
201500054434,0,7,0,0.0,2.0,3.0,16.0,B01
201500054435,0,32,0,0.0,1.0,1.0,1.0,A01
201500054436,0,33,0,1.0,2.0,1.0,1.0,A01
201500054436,0,7,0,0.0,2.0,4.0,23.0,B01
201500054437,0,34,0,0.0,2.0,6.0,1.0,B01
201500054437,0,7,0,0.0,2.0,2.0,16.0,A01
201500054438,0,33,0,0.0,1.0,0.0,21.0,A01
201500054439,0,7,0,0.0,2.0,6.0,1.0,B01
201500054439,0,7,0,0.0,2.0,3.0,1.0,C01
201500054439,0,7,0,0.0,2.0,1.0,1.0,A01
201500054440,0,1,0,0.0,2.0,2.0,17.0,A01
201500054440,0,7,0,0.0,2.0,8.0,22.0,B01
201500054441,0,15,0,0.0,2.0,1.0,2.0,A01
201500054441,0,31,0,0.0,2.0,4.0,23.0,B01
201500054442,0,1,0,0.0,2.0,8.0,18.0,B01
201500054442,0,7,0,0.0,2.0,7.0,22.0,A01
201500054443,0,7,0,0.0,2.0,3.0,10.0,A01
201500054443,0,7,0,0.0,2.0,2.0,1.0,B01
201500054444,0,31,0,0.0,2.0,2.0,17.0,A01
201500054444,0,7,0,0.0,2.0,1.0,15.0,B01
201500054445,0,7,0,0.0,1.0,3.0,15.0,A01
201500054446,0,34,0,0.0,2.0,1.0,1.0,A01
201500054446,0,7,0,0.0,2.0,6.0,10.0,B01
201500054447,0,30,0,0.0,1.0,1.0,1.0,A01
201500054448,0,33,0,0.0,2.0,2.0,17.0,A01
201500054448,0,7,0,0.0,2.0,3.0,15.0,B01
201500054449,0,37,1,2.0,1.0,2.0,21.0,A01
201500054450,0,7,0,0.0,1.0,7.0,1.0,A01
201500054451,0,7,0,0.0,2.0,4.0,23.0,B01
201500054451,0,7,0,0.0,2.0,1.0,1.0,A01
201500054452,0,31,0,0.0,2.0,1.0,9.0,A01
201500054452,0,7,0,0.0,2.0,1.0,1.0,B01
201500054453,0,1,0,12.0,0.0,2.0,16.0,A01
201500054454,0,7,0,0.0,1.0,4.0,4.0,A01
201500054455,0,34,0,0.0,2.0,1.0,1.0,B01
201500054455,0,10,0,0.0,2.0,6.0,10.0,A01
201500054456,0,31,0,0.0,2.0,8.0,11.0,A01
201500054456,0,7,0,0.0,2.0,2.0,17.0,B01
201500054457,0,7,0,0.0,2.0,8.0,22.0,B01
201500054457,0,2,0,0.0,2.0,1.0,17.0,A01
201500054458,0,7,0,0.0,1.0,7.0,15.0,A01
201500054459,0,7,0,0.0,2.0,5.0,4.0,A01
201500054459,0,33,0,0.0,2.0,8.0,9.0,B01
201500054460,0,7,0,0.0,2.0,5.0,1.0,B01
201500054460,0,31,0,0.0,2.0,1.0,1.0,A01
201500054461,0,7,0,0.0,2.0,7.0,16.0,A01
201500054461,0,33,0,0.0,2.0,8.0,1.0,B01
201500054462,0,33,0,0.0,2.0,8.0,15.0,B01
201500054462,0,7,0,0.0,2.0,1.0,2.0,A01
201500054463,0,33,0,0.0,1.0,1.0,1.0,A01
201500054464,0,7,0,0.0,2.0,2.0,2.0,A01
201500054464,0,7,0,0.0,2.0,6.0,23.0,B01
201500054465,0,7,0,0.0,1.0,1.0,1.0,A01
201500054466,0,13,0,0.0,1.0,3.0,15.0,A01
201500054467,0,33,0,0.0,2.0,1.0,2.0,A01
201500054467,0,7,0,0.0,2.0,4.0,23.0,B01
201500054468,0,7,0,0.0,2.0,2.0,1.0,A01
201500054468,0,32,0,0.0,2.0,8.0,1.0,B01
201500054469,0,7,0,0.0,2.0,2.0,16.0,B01
201500054469,0,33,0,0.0,2.0,3.0,18.0,A01
201500054470,0,7,0,0.0,1.0,2.0,1.0,A01
201500054471,0,7,0,0.0,2.0,8.0,10.0,A01
201500054471,0,31,0,0.0,2.0,7.0,1.0,B01
201500054472,0,7,0,0.0,2.0,2.0,1.0,A01
201500054472,0,30,0,0.0,2.0,8.0,1.0,B01
201500054473,0,7,0,0.0,2.0,3.0,15.0,A01
201500054473,0,1,0,0.0,2.0,4.0,1.0,B01
201500054474,0,10,0,0.0,2.0,5.0,23.0,A01
201500054474,2,7,0,0.0,2.0,1.0,2.0,Z01
201500054475,0,7,0,0.0,2.0,1.0,2.0,B01
201500054475,0,10,0,0.0,2.0,1.0,2.0,A01
201500054476,0,7,0,0.0,1.0,7.0,1.0,A01
201500054477,0,30,0,0.0,2.0,7.0,1.0,A01
201500054477,0,7,0,0.0,2.0,3.0,1.0,B01
201500054478,0,34,0,0.0,2.0,7.0,17.0,B01
201500054478,0,7,0,0.0,2.0,8.0,10.0,A01
201500054479,0,33,0,0.0,2.0,1.0,1.0,B01
201500054479,0,7,0,0.0,2.0,2.0,16.0,A01
201500054480,0,33,0,0.0,2.0,1.0,17.0,A01
201500054480,0,7,0,0.0,2.0,8.0,13.0,B01
201500054481,0,7,0,0.0,2.0,0.0,15.0,A01
201500054481,0,33,0,0.0,2.0,7.0,15.0,B01
201500054482,0,7,0,11.0,0.0,3.0,1.0,A01
201500054483,0,7,0,0.0,2.0,4.0,23.0,B01
201500054483,0,7,0,0.0,2.0,1.0,7.0,A01
201500054484,0,7,0,0.0,1.0,4.0,4.0,A01
201500054485,0,7,0,0.0,1.0,1.0,15.0,A01
201500054486,0,7,0,0.0,2.0,2.0,13.0,A01
201500054486,0,33,0,0.0,2.0,3.0,1.0,B01
201500054487,0,33,0,0.0,2.0,2.0,16.0,B01
201500054487,0,7,0,0.0,2.0,3.0,13.0,A01
201500054488,0,7,0,0.0,1.0,1.0,1.0,A01
201500054489,0,2,0,0.0,1.0,0.0,17.0,A01
201500054490,0,7,0,0.0,2.0,8.0,13.0,A01
201500054490,0,32,0,0.0,2.0,2.0,17.0,B01
201500054491,0,7,0,0.0,2.0,1.0,13.0,A01
201500054491,0,7,0,0.0,2.0,7.0,1.0,B01
201500054492,0,7,0,0.0,2.0,8.0,7.0,B01
201500054492,0,30,0,0.0,2.0,7.0,17.0,A01
201500054493,0,7,0,0.0,2.0,4.0,23.0,B01
201500054493,0,7,0,0.0,2.0,1.0,1.0,A01
201500054494,0,32,0,14.0,0.0,1.0,1.0,A01
201500054495,0,7,0,0.0,2.0,2.0,17.0,A01
201500054495,0,1,0,0.0,2.0,8.0,1.0,B01
201500054496,0,33,0,0.0,0.0,0.0,1.0,A01
201500054497,1,7,0,0.0,1.0,1.0,16.0,Z01
201500054498,0,7,0,12.0,0.0,1.0,1.0,A01
201500054499,0,7,0,0.0,2.0,1.0,1.0,A01
201500054499,0,7,0,0.0,2.0,1.0,1.0,B01
201500054500,0,10,0,0.0,2.0,1.0,1.0,A01
201500054500,0,10,0,0.0,2.0,7.0,1.0,B01
201500054501,0,7,0,0.0,2.0,2.0,1.0,A01
201500054501,0,1,0,0.0,2.0,4.0,18.0,B01
201500054502,0,7,0,0.0,1.0,2.0,1.0,A01
201500054503,0,33,0,0.0,2.0,4.0,23.0,B01
201500054503,0,7,0,0.0,2.0,3.0,2.0,A01
201500054504,0,31,0,0.0,1.0,1.0,17.0,A01
201500054505,0,30,0,0.0,0.0,0.0,1.0,A01
201500054506,0,7,0,1.0,0.0,2.0,14.0,A01
201500054507,0,7,0,0.0,2.0,3.0,15.0,A01
201500054507,0,33,0,0.0,2.0,1.0,17.0,B01
201500054508,0,7,0,0.0,2.0,5.0,2.0,A01
201500054508,2,7,0,0.0,2.0,1.0,2.0,Z01
201500054509,0,7,0,0.0,2.0,2.0,2.0,A01
201500054509,0,31,0,0.0,2.0,8.0,15.0,B01
201500054510,0,33,0,0.0,2.0,1.0,14.0,A01
201500054510,0,7,0,0.0,2.0,2.0,18.0,B01
201500054511,0,7,0,0.0,2.0,2.0,14.0,B01
201500054511,0,33,0,0.0,2.0,3.0,18.0,A01
201500054512,0,32,0,0.0,2.0,2.0,1.0,A01
201500054512,0,7,0,0.0,2.0,3.0,15.0,B01
201500054513,0,1,0,0.0,2.0,8.0,19.0,A01
201500054513,0,34,0,0.0,2.0,1.0,1.0,B01
201500054514,0,7,0,1.0,0.0,3.0,13.0,A01
201500054515,0,7,0,0.0,2.0,1.0,1.0,A01
201500054515,0,7,0,0.0,2.0,6.0,23.0,B01
201500054516,0,7,0,0.0,1.0,5.0,16.0,A01
201500054517,0,7,0,0.0,2.0,2.0,2.0,A01
201500054517,0,33,0,0.0,2.0,4.0,2.0,B01
201500054518,0,30,0,0.0,1.0,1.0,1.0,A01
201500054519,0,31,0,0.0,2.0,7.0,17.0,B01
201500054519,0,7,0,0.0,2.0,3.0,22.0,A01
201500054520,0,1,0,0.0,1.0,1.0,1.0,A01
201500054521,0,7,0,0.0,1.0,1.0,1.0,A01
201500054522,1,7,0,0.0,2.0,0.0,16.0,Z01
201500054522,0,34,0,0.0,2.0,8.0,1.0,A01
201500054523,0,30,0,0.0,2.0,1.0,15.0,B01
201500054523,0,7,0,0.0,2.0,0.0,1.0,A01
201500054524,0,31,0,0.0,2.0,8.0,2.0,A01
201500054524,0,7,0,0.0,2.0,7.0,2.0,B01
201500054525,1,7,0,14.0,1.0,0.0,1.0,Z01
201500054526,0,30,0,1.0,0.0,7.0,1.0,A01
201500054527,0,37,2,0.0,2.0,2.0,1.0,B01
201500054527,0,30,0,0.0,2.0,8.0,9.0,A01
201500054528,0,2,0,0.0,2.0,1.0,17.0,B01
201500054528,0,7,0,0.0,2.0,3.0,10.0,A01
201500054529,0,33,0,0.0,0.0,8.0,1.0,A01
201500054530,0,7,0,0.0,1.0,3.0,1.0,A01
201500054531,0,7,0,0.0,2.0,2.0,18.0,A01
201500054531,0,1,0,0.0,2.0,8.0,14.0,B01
201500054532,0,7,0,0.0,1.0,2.0,1.0,A01
201500054533,0,30,0,0.0,2.0,3.0,18.0,A01
201500054533,0,33,0,0.0,2.0,7.0,16.0,B01
201500054534,0,30,0,0.0,2.0,1.0,1.0,B01
201500054534,0,7,0,0.0,2.0,2.0,15.0,A01
201500054535,0,32,0,0.0,2.0,2.0,17.0,B01
201500054535,0,7,0,0.0,2.0,3.0,11.0,A01
201500054536,0,31,0,0.0,1.0,2.0,16.0,A01
201500054537,0,2,0,0.0,2.0,3.0,18.0,A01
201500054537,0,7,0,0.0,2.0,2.0,1.0,B01
201500054538,0,31,0,0.0,2.0,1.0,1.0,A01
201500054538,0,7,0,7.0,2.0,8.0,1.0,B01
201500054539,0,10,0,1.0,2.0,5.0,4.0,A01
201500054539,0,31,0,0.0,2.0,1.0,1.0,B01
201500054540,0,7,0,0.0,1.0,2.0,1.0,A01
201500054541,0,7,0,0.0,2.0,1.0,15.0,A01
201500054541,0,33,0,0.0,2.0,8.0,1.0,B01
201500054542,0,10,0,0.0,2.0,7.0,16.0,A01
201500054542,0,1,0,0.0,2.0,8.0,7.0,B01
201500054543,0,31,0,0.0,2.0,1.0,1.0,B01
201500054543,0,7,0,0.0,2.0,8.0,1.0,A01
201500054544,1,13,0,0.0,2.0,5.0,12.0,Z01
201500054544,0,1,0,0.0,2.0,3.0,1.0,A01
201500054545,0,7,0,0.0,1.0,2.0,15.0,A01
201500054546,0,7,0,0.0,2.0,8.0,22.0,A01
201500054546,0,1,0,0.0,2.0,1.0,1.0,B01
201500054547,0,1,0,0.0,2.0,4.0,17.0,B01
201500054547,0,7,0,0.0,2.0,1.0,2.0,A01
201500054548,0,7,0,0.0,2.0,1.0,2.0,A01
201500054548,0,33,0,0.0,2.0,4.0,23.0,B01
201500054549,0,7,0,0.0,2.0,3.0,1.0,B01
201500054549,0,31,0,0.0,2.0,9.0,1.0,A01
201500054550,0,1,0,0.0,1.0,1.0,1.0,A01
201500054551,0,10,0,0.0,1.0,1.0,15.0,A01
201500054552,0,31,0,0.0,2.0,4.0,1.0,B01
201500054552,0,7,0,0.0,2.0,3.0,1.0,C01
201500054552,0,7,0,0.0,2.0,1.0,15.0,A01
201500054553,0,7,0,0.0,1.0,7.0,1.0,A01
201500054554,0,30,0,0.0,2.0,3.0,11.0,A01
201500054554,0,7,0,0.0,2.0,5.0,1.0,B01
201500054555,0,7,0,0.0,2.0,3.0,10.0,A01
201500054555,0,2,0,0.0,2.0,1.0,1.0,B01
201500054556,0,2,0,0.0,1.0,1.0,1.0,A01
201500054557,0,7,0,0.0,1.0,3.0,1.0,A01
201500054558,0,34,0,0.0,2.0,8.0,1.0,B01
201500054558,0,7,0,0.0,2.0,2.0,15.0,A01
201500054559,0,7,0,0.0,2.0,1.0,1.0,A01
201500054559,0,7,0,0.0,2.0,4.0,23.0,B01
201500054560,0,30,0,4.0,2.0,8.0,18.0,A01
201500054560,0,14,0,0.0,2.0,7.0,1.0,B01
201500054561,0,7,0,0.0,2.0,2.0,1.0,A01
201500054561,0,34,0,0.0,2.0,8.0,18.0,B01
201500054562,0,7,0,1.0,1.0,3.0,1.0,A01
201500054563,0,31,0,0.0,2.0,3.0,1.0,B01
201500054563,0,7,0,0.0,2.0,1.0,1.0,A01
201500054564,0,10,0,0.0,2.0,1.0,2.0,A01
201500054564,0,7,0,0.0,2.0,4.0,2.0,B01
201500054565,0,10,0,0.0,1.0,1.0,15.0,A01
201500054566,0,7,0,0.0,2.0,0.0,10.0,B01
201500054566,0,34,0,0.0,2.0,1.0,17.0,A01
201500054567,0,33,0,0.0,2.0,2.0,17.0,A01
201500054567,0,7,0,0.0,2.0,3.0,13.0,B01
201500054568,0,3,0,0.0,2.0,5.0,2.0,B01
201500054568,0,7,0,0.0,2.0,5.0,2.0,C01
201500054568,0,14,0,0.0,2.0,2.0,2.0,A01
201500054569,0,7,0,0.0,2.0,3.0,20.0,B01
201500054569,0,34,0,0.0,2.0,7.0,1.0,A01
201500054570,0,32,0,0.0,2.0,7.0,1.0,A01
201500054570,0,10,0,0.0,2.0,3.0,15.0,B01
201500054571,0,7,0,0.0,1.0,1.0,1.0,A01
201500054572,0,7,0,0.0,2.0,1.0,15.0,A01
201500054572,0,33,0,0.0,2.0,8.0,1.0,B01
201500054573,0,7,0,0.0,2.0,8.0,9.0,A01
201500054573,0,30,0,0.0,2.0,1.0,1.0,B01
201500054574,0,10,0,0.0,1.0,5.0,4.0,A01
201500054575,0,7,0,0.0,2.0,2.0,1.0,A01
201500054575,0,33,0,0.0,2.0,6.0,1.0,B01
201500054576,0,33,0,0.0,0.0,1.0,1.0,A01
201500054577,0,1,0,1.0,2.0,1.0,22.0,A01
201500054577,1,13,0,0.0,2.0,0.0,1.0,Z01
201500054578,0,31,0,1.0,2.0,1.0,1.0,A01
201500054578,0,10,0,0.0,2.0,4.0,24.0,B01
201500054579,0,1,0,0.0,1.0,1.0,1.0,A01
201500054580,0,7,0,0.0,2.0,0.0,15.0,A01
201500054580,0,2,0,0.0,2.0,0.0,16.0,B01
201500054581,0,34,0,0.0,2.0,3.0,1.0,B01
201500054581,0,1,0,0.0,2.0,2.0,1.0,A01
201500054582,0,10,0,0.0,1.0,2.0,20.0,A01
201500054583,1,33,0,0.0,1.0,1.0,1.0,Z01
201500054584,0,32,0,0.0,2.0,1.0,17.0,A01
201500054584,0,10,0,0.0,2.0,3.0,15.0,B01
201500054585,0,31,0,0.0,1.0,3.0,1.0,A01
201500054586,0,7,0,0.0,2.0,5.0,23.0,B01
201500054586,0,33,0,1.0,2.0,3.0,3.0,A01
201500054587,0,7,0,0.0,2.0,8.0,1.0,B01
201500054587,0,34,0,0.0,2.0,1.0,17.0,A01
201500054588,0,1,0,0.0,2.0,1.0,1.0,B01
201500054588,0,32,0,0.0,2.0,7.0,9.0,A01
201500054589,0,34,0,0.0,2.0,7.0,9.0,A01
201500054589,0,1,0,0.0,2.0,1.0,1.0,B01
201500054590,0,7,0,0.0,2.0,6.0,13.0,A01
201500054590,0,33,0,0.0,2.0,7.0,1.0,B01
201500054591,0,30,0,0.0,0.0,8.0,13.0,A01
201500054592,0,32,0,0.0,2.0,8.0,9.0,B01
201500054592,0,7,0,0.0,2.0,7.0,1.0,A01
201500054593,0,7,0,0.0,2.0,2.0,16.0,A01
201500054593,0,1,0,0.0,2.0,8.0,19.0,B01
201500054594,0,32,0,0.0,1.0,2.0,1.0,A01
201500054595,0,1,0,0.0,2.0,8.0,19.0,B01
201500054595,0,7,0,0.0,2.0,1.0,1.0,A01
201500054596,0,32,0,0.0,2.0,4.0,23.0,B01
201500054596,0,7,0,0.0,2.0,1.0,1.0,A01
201500054597,0,32,0,0.0,2.0,1.0,1.0,A01
201500054597,0,7,0,0.0,2.0,1.0,15.0,B01
201500054598,0,32,0,0.0,1.0,8.0,1.0,A01
201500054599,0,7,0,0.0,2.0,2.0,10.0,A01
201500054599,0,33,0,0.0,2.0,3.0,1.0,B01
201500054600,0,10,0,0.0,2.0,2.0,1.0,B01
201500054600,0,1,0,0.0,2.0,3.0,13.0,A01
201500054601,0,2,0,1.0,2.0,5.0,3.0,A01
201500054601,0,15,0,0.0,2.0,5.0,23.0,B01
201500054602,0,7,0,0.0,2.0,2.0,1.0,B01
201500054602,0,30,0,0.0,2.0,1.0,13.0,A01
201500054602,0,7,0,0.0,2.0,8.0,1.0,C01
201500054603,0,1,0,0.0,2.0,1.0,1.0,B01
201500054603,0,7,0,0.0,2.0,1.0,1.0,A01
201500054604,0,2,0,0.0,2.0,3.0,1.0,A01
201500054604,0,7,0,0.0,2.0,2.0,16.0,B01
201500054605,0,33,0,0.0,1.0,1.0,1.0,A01
201500054606,0,7,0,0.0,2.0,6.0,20.0,A01
201500054606,0,7,0,0.0,2.0,3.0,10.0,B01
201500054607,0,31,0,0.0,2.0,7.0,1.0,A01
201500054607,0,7,0,0.0,2.0,1.0,1.0,B01
201500054608,0,30,0,0.0,2.0,8.0,1.0,A01
201500054608,1,7,0,0.0,2.0,0.0,14.0,Z01
201500054609,0,33,0,0.0,2.0,1.0,1.0,B01
201500054609,0,7,0,0.0,2.0,7.0,1.0,A01
201500054610,0,7,0,0.0,2.0,3.0,15.0,B01
201500054610,0,33,0,0.0,2.0,1.0,1.0,A01
201500054611,0,7,0,0.0,1.0,0.0,4.0,A01
201500054612,0,7,0,0.0,1.0,4.0,4.0,A01
201500054613,0,7,0,0.0,2.0,2.0,1.0,A01
201500054613,0,1,0,0.0,2.0,3.0,13.0,B01
201500054614,0,7,0,0.0,2.0,4.0,23.0,B01
201500054614,0,10,0,0.0,2.0,1.0,2.0,A01
201500054615,0,32,0,0.0,2.0,1.0,2.0,A01
201500054615,0,7,0,0.0,2.0,5.0,23.0,B01
201500054616,0,1,0,0.0,2.0,7.0,19.0,B01
201500054616,0,7,0,0.0,2.0,1.0,16.0,A01
201500054617,1,34,0,0.0,1.0,0.0,1.0,Z01
201500054618,0,33,0,0.0,2.0,1.0,1.0,B01
201500054618,0,7,0,0.0,2.0,2.0,1.0,A01
201500054619,1,33,0,0.0,1.0,1.0,3.0,Z01
201500054620,0,33,0,0.0,2.0,1.0,2.0,B01
201500054620,0,7,0,0.0,2.0,4.0,23.0,A01
201500054621,0,30,0,0.0,2.0,1.0,5.0,A01
201500054621,0,7,0,0.0,2.0,3.0,1.0,B01
201500054622,0,31,0,0.0,0.0,3.0,21.0,A01
201500054623,0,2,0,0.0,1.0,0.0,1.0,A01
201500054624,0,7,0,0.0,2.0,7.0,16.0,A01
201500054624,0,32,0,0.0,2.0,1.0,1.0,B01
201500054625,0,1,0,0.0,1.0,1.0,5.0,A01
201500054626,0,7,0,6.0,0.0,1.0,14.0,A01
201500054627,0,30,0,0.0,2.0,1.0,17.0,A01
201500054627,0,7,0,0.0,2.0,3.0,1.0,B01
201500054628,0,31,0,0.0,2.0,7.0,1.0,A01
201500054628,0,7,0,0.0,2.0,3.0,15.0,B01
201500054629,0,7,0,0.0,2.0,3.0,15.0,A01
201500054629,0,32,0,0.0,2.0,3.0,1.0,B01
201500054630,0,7,0,0.0,2.0,5.0,1.0,B01
201500054630,0,33,0,0.0,2.0,0.0,1.0,A01
201500054631,0,7,0,1.0,1.0,4.0,4.0,A01
201500054632,0,31,0,0.0,2.0,7.0,5.0,A01
201500054632,0,7,0,0.0,2.0,8.0,10.0,B01
201500054633,1,31,0,0.0,1.0,0.0,0.0,Z01
201500054634,1,7,0,0.0,2.0,7.0,17.0,Z01
201500054634,0,30,0,0.0,2.0,8.0,1.0,A01
201500054635,0,7,0,0.0,1.0,1.0,17.0,A01
201500054636,0,7,0,0.0,1.0,3.0,15.0,A01
201500054637,0,7,0,0.0,1.0,1.0,15.0,A01
201500054638,0,7,0,0.0,1.0,1.0,16.0,A01
201500054639,0,32,0,0.0,2.0,8.0,16.0,B01
201500054639,0,7,0,0.0,2.0,3.0,1.0,A01
201500054640,0,30,0,0.0,2.0,1.0,2.0,A01
201500054640,0,7,0,0.0,2.0,6.0,23.0,B01
201500054641,0,33,0,7.0,0.0,2.0,1.0,A01
201500054642,0,33,0,0.0,2.0,1.0,17.0,A01
201500054642,0,7,0,0.0,2.0,4.0,15.0,B01