Num_Acc,senc,catv,occutc,obs,obsm,choc,manv,num_veh
201500054643,0,2,0,0.0,0.0,7.0,1.0,A01
201500054644,0,7,0,8.0,2.0,1.0,1.0,A01
201500054644,0,7,0,0.0,2.0,6.0,15.0,B01
201500054645,0,7,0,2.0,2.0,2.0,1.0,A01
201500054645,0,7,0,0.0,2.0,6.0,1.0,B01
201500054646,0,10,0,0.0,2.0,1.0,2.0,A01
201500054646,0,7,0,0.0,2.0,4.0,23.0,B01
201500054647,2,7,0,2.0,0.0,2.0,14.0,Z01
201500054648,0,2,0,0.0,1.0,1.0,1.0,A01
201500054649,0,32,0,12.0,0.0,8.0,13.0,A01
201500054650,0,7,0,0.0,2.0,3.0,15.0,A01
201500054650,0,33,0,0.0,2.0,7.0,1.0,B01
201500054651,0,7,0,0.0,2.0,2.0,16.0,A01
201500054651,0,1,0,0.0,2.0,1.0,16.0,B01
201500054652,0,30,0,0.0,2.0,0.0,1.0,B01
201500054652,0,7,0,0.0,2.0,0.0,1.0,A01
201500054653,0,10,0,0.0,1.0,5.0,15.0,A01
201500054654,0,32,0,0.0,2.0,1.0,17.0,A01
201500054654,1,7,0,0.0,2.0,3.0,10.0,Z01
201500054655,0,7,0,0.0,2.0,2.0,14.0,B01
201500054655,0,32,0,0.0,2.0,8.0,18.0,A01
201500054656,0,7,0,0.0,2.0,4.0,23.0,B01
201500054656,0,7,0,0.0,2.0,2.0,2.0,A01
201500054657,0,31,0,0.0,2.0,4.0,23.0,C01
201500054657,0,7,0,0.0,2.0,4.0,23.0,B01
201500054657,0,7,0,0.0,2.0,1.0,2.0,A01
201500054658,0,1,0,0.0,2.0,6.0,1.0,B01
201500054658,0,7,0,0.0,2.0,2.0,1.0,A01
201500054659,0,33,0,0.0,2.0,1.0,17.0,A01
201500054659,0,7,0,0.0,2.0,8.0,10.0,B01
201500054660,0,7,0,0.0,2.0,8.0,1.0,A01
201500054660,0,1,0,0.0,2.0,7.0,1.0,B01
201500054661,0,31,0,0.0,2.0,1.0,3.0,A01
201500054661,0,7,0,0.0,2.0,5.0,12.0,B01
201500054662,0,33,0,0.0,2.0,1.0,1.0,B01
201500054662,0,7,0,0.0,2.0,6.0,10.0,A01
201500054663,0,33,0,0.0,2.0,1.0,17.0,A01
201500054663,0,7,0,0.0,2.0,2.0,15.0,B01
201500054664,0,10,0,0.0,2.0,3.0,10.0,A01
201500054664,0,34,0,0.0,2.0,7.0,17.0,B01
201500054665,0,7,0,0.0,2.0,3.0,10.0,A01
201500054665,0,31,0,0.0,2.0,1.0,1.0,B01
201500054666,0,7,0,0.0,2.0,3.0,1.0,A01
201500054666,0,7,0,0.0,2.0,2.0,1.0,B01
201500054667,0,7,0,0.0,2.0,2.0,1.0,B01
201500054667,0,32,0,0.0,2.0,8.0,1.0,A01
201500054668,0,30,0,0.0,2.0,4.0,15.0,B01
201500054668,0,7,0,0.0,2.0,1.0,1.0,A01
201500054669,0,32,0,0.0,1.0,7.0,1.0,A01
201500054670,0,7,0,0.0,2.0,8.0,18.0,A01
201500054670,0,33,0,0.0,2.0,7.0,16.0,B01
201500054671,0,32,0,0.0,2.0,3.0,1.0,A01
201500054671,0,7,0,0.0,2.0,5.0,12.0,B01
201500054672,0,7,0,0.0,2.0,3.0,15.0,A01
201500054672,0,31,0,0.0,2.0,2.0,17.0,B01
201500054673,0,34,0,0.0,2.0,1.0,1.0,A01
201500054673,0,10,0,0.0,2.0,3.0,10.0,B01
201500054674,0,1,0,0.0,1.0,1.0,17.0,A01
201500054675,0,7,0,0.0,2.0,3.0,2.0,A01
201500054675,0,7,0,0.0,2.0,3.0,1.0,C01
201500054675,0,30,0,0.0,2.0,4.0,15.0,B01
201500054676,0,33,0,0.0,2.0,1.0,1.0,B01
201500054676,0,7,0,0.0,2.0,2.0,1.0,A01
201500054677,0,7,0,7.0,0.0,1.0,1.0,A01
201500054678,0,2,0,0.0,2.0,1.0,1.0,B01
201500054678,0,7,0,0.0,2.0,6.0,10.0,A01
201500054679,0,7,0,0.0,2.0,8.0,1.0,B01
201500054679,0,30,0,0.0,2.0,1.0,1.0,A01
201500054680,0,7,0,0.0,0.0,1.0,14.0,A01
201500054681,0,32,0,0.0,2.0,3.0,18.0,A01
201500054681,0,7,0,0.0,2.0,2.0,16.0,B01
201500054682,0,7,0,11.0,0.0,1.0,1.0,A01
201500054683,0,7,0,0.0,2.0,2.0,10.0,A01
201500054683,0,30,0,0.0,2.0,0.0,17.0,B01
201500054684,0,2,0,0.0,2.0,8.0,18.0,A01
201500054684,0,7,0,0.0,2.0,2.0,16.0,B01
201500054685,0,7,0,0.0,2.0,4.0,1.0,B01
201500054685,0,32,0,0.0,2.0,1.0,1.0,A01
201500054686,1,1,0,0.0,1.0,0.0,14.0,Z01
201500054687,0,10,0,0.0,2.0,3.0,15.0,B01
201500054687,0,32,0,0.0,2.0,2.0,1.0,A01
201500054688,0,7,0,0.0,2.0,6.0,10.0,A01
201500054688,0,33,0,0.0,2.0,1.0,17.0,B01
201500054689,0,7,0,0.0,1.0,1.0,1.0,A01
201500054690,1,7,0,0.0,1.0,0.0,1.0,Z01
201500054691,0,7,0,0.0,2.0,1.0,1.0,A01
201500054691,0,7,0,0.0,2.0,2.0,1.0,B01
201500054692,0,32,0,0.0,2.0,6.0,13.0,A01
201500054692,1,7,0,0.0,2.0,6.0,2.0,Z01
201500054693,0,7,0,0.0,1.0,1.0,16.0,A01
201500054694,0,2,0,0.0,2.0,3.0,18.0,A01
201500054694,0,7,0,0.0,2.0,2.0,16.0,B01
201500054695,0,7,0,0.0,2.0,5.0,16.0,B01
201500054695,0,32,0,0.0,2.0,8.0,18.0,A01
201500054696,0,10,0,0.0,2.0,8.0,10.0,A01
201500054696,0,30,0,0.0,2.0,1.0,1.0,B01
201500054697,0,10,0,0.0,1.0,5.0,20.0,A01
201500054698,0,7,0,9.0,0.0,1.0,1.0,A01
201500054699,0,37,0,0.0,2.0,3.0,1.0,B01
201500054699,0,7,0,0.0,2.0,2.0,1.0,A01
201500054700,0,34,0,0.0,2.0,1.0,1.0,A01
201500054700,0,7,0,0.0,2.0,1.0,10.0,B01
201500054701,0,33,0,15.0,0.0,1.0,14.0,A01
201500054702,0,33,0,0.0,2.0,2.0,17.0,B01
201500054702,0,7,0,0.0,2.0,3.0,15.0,A01
201500054703,0,34,0,0.0,2.0,1.0,17.0,A01
201500054703,0,7,0,0.0,2.0,3.0,9.0,B01
201500054704,0,10,0,0.0,1.0,2.0,1.0,A01
201500054705,0,31,0,0.0,2.0,1.0,17.0,A01
201500054705,0,7,0,0.0,2.0,3.0,10.0,B01
201500054706,0,34,0,0.0,2.0,6.0,1.0,B01
201500054706,0,7,0,0.0,2.0,2.0,1.0,A01
201500054707,0,33,0,0.0,2.0,1.0,17.0,B01
201500054707,0,14,0,0.0,2.0,8.0,10.0,A01
201500054708,0,32,0,12.0,0.0,7.0,14.0,A01
201500054709,0,30,0,1.0,2.0,1.0,1.0,A01
201500054709,0,34,0,0.0,2.0,4.0,23.0,B01
201500054710,0,7,0,0.0,1.0,3.0,15.0,A01
201500054711,0,30,0,0.0,2.0,7.0,18.0,A01
201500054711,0,7,0,0.0,2.0,7.0,16.0,B01
201500054712,0,31,0,0.0,2.0,3.0,18.0,A01
201500054712,0,10,0,0.0,2.0,5.0,16.0,B01
201500054713,0,7,0,0.0,2.0,6.0,15.0,B01
201500054713,0,30,0,0.0,2.0,1.0,1.0,A01
201500054714,0,34,0,0.0,1.0,1.0,1.0,A01
201500054715,0,7,0,0.0,2.0,4.0,1.0,C01
201500054715,0,7,0,0.0,2.0,4.0,1.0,B01
201500054715,0,10,0,0.0,2.0,1.0,1.0,A01
201500054716,0,14,0,0.0,1.0,3.0,15.0,A01
201500054717,0,1,0,0.0,2.0,0.0,9.0,A01
201500054717,0,37,0,0.0,2.0,5.0,1.0,B01
201500054718,0,7,0,0.0,2.0,3.0,15.0,A01
201500054718,0,32,0,0.0,2.0,8.0,17.0,B01
201500054719,0,2,0,0.0,1.0,1.0,1.0,A01
201500054720,0,2,0,0.0,0.0,0.0,1.0,A01
201500054721,0,7,0,0.0,2.0,7.0,1.0,A01
201500054721,0,7,0,0.0,2.0,8.0,23.0,B01
201500054722,1,7,0,0.0,2.0,0.0,17.0,Z01
201500054722,0,2,0,0.0,2.0,3.0,1.0,A01
201500054723,0,31,0,0.0,2.0,8.0,1.0,A01
201500054723,0,7,0,0.0,2.0,1.0,15.0,B01
201500054724,0,7,0,0.0,2.0,5.0,23.0,B01
201500054724,0,1,0,0.0,2.0,1.0,2.0,A01
201500054725,0,30,0,0.0,1.0,1.0,1.0,A01
201500054726,0,10,0,0.0,2.0,2.0,15.0,A01
201500054726,0,1,0,0.0,2.0,1.0,1.0,B01
201500054727,0,7,0,14.0,0.0,1.0,13.0,A01
201500054728,0,7,0,0.0,2.0,4.0,1.0,B01
201500054728,0,31,0,0.0,1.0,1.0,17.0,A01
201500054729,0,7,0,0.0,2.0,2.0,2.0,A01
201500054729,0,7,0,0.0,2.0,6.0,23.0,B01
201500054730,0,32,0,0.0,2.0,1.0,1.0,A01
201500054730,1,7,0,0.0,2.0,8.0,10.0,Z01
201500054731,0,31,0,0.0,2.0,3.0,1.0,B01
201500054731,0,7,0,0.0,2.0,3.0,10.0,A01
201500054732,0,33,0,0.0,2.0,1.0,1.0,A01
201500054732,0,30,0,0.0,2.0,6.0,15.0,B01
201500054733,0,7,0,0.0,2.0,2.0,15.0,A01
201500054733,0,2,0,0.0,2.0,8.0,15.0,B01
201500054734,0,7,0,0.0,2.0,4.0,1.0,B01
201500054734,0,34,0,0.0,2.0,1.0,1.0,A01
201500054735,0,7,0,0.0,2.0,2.0,1.0,A01
201500054735,0,1,0,0.0,2.0,6.0,13.0,B01
201500054736,0,2,0,12.0,0.0,0.0,21.0,A01
201500054737,0,7,0,0.0,2.0,2.0,16.0,B01
201500054737,0,32,0,0.0,2.0,2.0,18.0,A01
201500054738,0,33,0,1.0,2.0,1.0,1.0,B01
201500054738,0,7,0,0.0,2.0,3.0,22.0,A01
201500054739,0,14,0,0.0,2.0,1.0,1.0,A01
201500054739,0,7,0,0.0,2.0,4.0,23.0,B01
201500054740,0,2,0,0.0,2.0,1.0,1.0,A01
201500054740,0,1,0,0.0,2.0,4.0,19.0,B01
201500054741,0,1,0,0.0,2.0,1.0,1.0,A01
201500054741,0,7,0,0.0,2.0,5.0,15.0,B01
201500054742,0,7,0,0.0,2.0,8.0,16.0,B01
201500054742,0,31,0,0.0,2.0,7.0,14.0,A01
201500054743,0,7,0,0.0,1.0,1.0,1.0,A01
201500054743,0,7,0,0.0,2.0,4.0,1.0,B01
201500054744,0,7,0,0.0,1.0,3.0,9.0,A01
201500054745,0,31,0,0.0,2.0,3.0,1.0,A01
201500054745,0,7,0,0.0,2.0,1.0,1.0,B01
201500054746,0,31,0,0.0,2.0,0.0,21.0,A01
201500054747,0,31,0,0.0,2.0,0.0,17.0,A01
201500054747,0,7,0,0.0,2.0,0.0,13.0,B01
201500054748,0,7,0,0.0,2.0,1.0,23.0,A01
201500054748,0,33,0,0.0,2.0,4.0,2.0,B01
201500054749,0,7,0,0.0,1.0,8.0,1.0,A01
201500054750,0,30,0,0.0,0.0,0.0,1.0,A01
201500054751,0,7,0,0.0,1.0,2.0,15.0,A01
201500054752,0,14,0,0.0,2.0,2.0,2.0,A01
201500054752,0,7,0,0.0,2.0,5.0,23.0,C01
201500054752,0,7,0,0.0,2.0,9.0,23.0,B01
201500054753,0,7,0,0.0,2.0,6.0,10.0,B01
201500054753,0,31,0,0.0,2.0,1.0,17.0,A01
201500054754,0,1,0,1.0,2.0,0.0,1.0,A01
201500054754,0,14,0,0.0,2.0,3.0,22.0,B01
201500054755,0,32,0,0.0,1.0,3.0,1.0,A01
201500054756,0,7,0,0.0,2.0,0.0,15.0,A01
201500054756,0,34,0,0.0,2.0,8.0,1.0,B01
201500054757,0,32,0,0.0,2.0,1.0,7.0,A01
201500054757,0,10,0,0.0,2.0,2.0,16.0,B01
201500054758,0,30,0,0.0,1.0,8.0,7.0,A01
201500054759,0,1,0,0.0,2.0,1.0,19.0,A01
201500054759,1,7,0,0.0,2.0,3.0,15.0,Z01
201500054760,0,7,0,0.0,1.0,1.0,16.0,A01
201500054761,0,7,0,0.0,2.0,3.0,2.0,A01
201500054761,0,7,0,0.0,2.0,4.0,23.0,B01
201500054762,0,32,0,0.0,2.0,7.0,1.0,B01
201500054762,0,7,0,0.0,2.0,1.0,1.0,A01
201500054763,0,7,0,0.0,2.0,2.0,16.0,B01
201500054763,0,31,0,0.0,2.0,1.0,18.0,A01
201500054764,1,7,0,0.0,2.0,7.0,17.0,Z01
201500054764,0,1,0,12.0,2.0,8.0,1.0,A01
201500054765,0,30,0,0.0,2.0,6.0,1.0,B01
201500054765,0,7,0,0.0,2.0,2.0,1.0,A01
201500054766,0,1,0,0.0,2.0,1.0,1.0,B01
201500054766,0,7,0,0.0,2.0,2.0,15.0,A01
201500054767,0,33,0,0.0,0.0,0.0,1.0,A01
201500054768,0,7,0,0.0,2.0,8.0,15.0,B01
201500054768,0,7,0,0.0,2.0,1.0,1.0,A01
201500054769,1,7,0,0.0,2.0,0.0,13.0,Z01
201500054769,0,7,0,9.0,2.0,1.0,1.0,A01
201500054770,0,33,0,0.0,2.0,1.0,17.0,A01
201500054770,0,7,0,0.0,2.0,3.0,15.0,B01
201500054771,0,7,0,0.0,2.0,7.0,16.0,A01
201500054771,0,31,0,0.0,2.0,3.0,1.0,B01
201500054772,0,7,0,0.0,2.0,2.0,1.0,A01
201500054772,0,7,0,0.0,2.0,3.0,1.0,B01
201500054773,0,7,0,0.0,2.0,3.0,10.0,A01
201500054773,0,33,0,0.0,2.0,6.0,17.0,B01
201500054774,0,7,0,0.0,1.0,1.0,1.0,A01
201500054775,0,7,0,0.0,2.0,7.0,16.0,B01
201500054775,0,2,0,0.0,2.0,1.0,18.0,A01
201500054776,0,10,0,0.0,2.0,2.0,16.0,B01
201500054776,0,34,0,0.0,2.0,3.0,18.0,A01
201500054777,0,32,0,0.0,2.0,1.0,15.0,B01
201500054777,1,7,0,0.0,2.0,0.0,15.0,A01
201500054778,0,34,0,0.0,2.0,5.0,16.0,A01
201500054778,0,1,0,0.0,2.0,1.0,1.0,B01
201500054779,0,33,0,0.0,2.0,1.0,1.0,A01
201500054779,0,7,0,0.0,2.0,2.0,15.0,B01
201500054780,0,1,0,0.0,2.0,3.0,1.0,B01
201500054780,0,7,0,0.0,2.0,2.0,17.0,A01
201500054781,0,7,0,8.0,1.0,1.0,1.0,A01
201500054782,0,7,0,0.0,2.0,2.0,16.0,A01
201500054782,0,33,0,0.0,2.0,1.0,18.0,B01
201500054783,0,33,0,0.0,2.0,3.0,18.0,A01
201500054783,0,7,0,0.0,2.0,5.0,16.0,B01
201500054784,0,7,0,0.0,2.0,3.0,10.0,B01
201500054784,0,33,0,0.0,2.0,7.0,17.0,A01
201500054785,0,7,0,0.0,1.0,1.0,16.0,A01
201500054786,0,7,0,0.0,2.0,7.0,9.0,A01
201500054786,0,30,0,0.0,2.0,0.0,1.0,B01
201500054787,0,7,0,0.0,2.0,3.0,1.0,B01
201500054787,0,34,0,0.0,2.0,7.0,17.0,A01
201500054788,0,7,0,0.0,2.0,7.0,16.0,B01
201500054788,0,32,0,0.0,2.0,3.0,18.0,A01
201500054789,0,7,0,0.0,2.0,8.0,15.0,B01
201500054789,0,10,0,0.0,2.0,1.0,1.0,A01
201500054790,0,37,0,0.0,1.0,2.0,1.0,A01
201500054791,0,7,0,0.0,2.0,7.0,10.0,B01
201500054791,0,34,0,0.0,2.0,1.0,1.0,A01
201500054792,0,7,0,9.0,2.0,4.0,16.0,B01
201500054792,0,7,0,0.0,2.0,2.0,1.0,A01
201500054793,0,1,0,1.0,0.0,1.0,13.0,A01
201500054794,0,7,0,0.0,2.0,3.0,2.0,A01
201500054794,0,7,0,0.0,2.0,5.0,2.0,B01
201500054795,0,30,0,12.0,0.0,3.0,13.0,A01
201500054796,1,7,0,0.0,2.0,8.0,15.0,Z01
201500054796,0,30,0,0.0,2.0,7.0,1.0,A01
201500054797,0,7,0,0.0,1.0,2.0,1.0,A01
201500054798,0,7,0,0.0,2.0,1.0,13.0,A01
201500054798,0,7,0,0.0,2.0,1.0,1.0,B01
201500054799,0,7,0,0.0,1.0,1.0,15.0,A01
201500054800,0,10,0,0.0,2.0,1.0,2.0,A01
201500054800,0,7,0,0.0,2.0,4.0,23.0,B01
201500054801,0,10,0,0.0,2.0,3.0,10.0,A01
201500054801,0,7,0,0.0,2.0,2.0,1.0,B01
201500054802,0,7,0,0.0,2.0,8.0,10.0,A01
201500054802,0,31,0,0.0,2.0,7.0,17.0,B01
201500054803,1,7,0,0.0,1.0,0.0,1.0,Z01
201500054804,0,7,0,0.0,2.0,3.0,13.0,B01
201500054804,0,33,0,0.0,2.0,1.0,16.0,A01
201500054805,0,7,0,0.0,2.0,2.0,12.0,A01
201500054805,0,30,0,0.0,2.0,3.0,7.0,B01
201500054806,0,33,0,0.0,1.0,1.0,1.0,A01
201500054806,0,10,0,0.0,2.0,8.0,1.0,B01
201500054807,2,7,0,0.0,1.0,3.0,1.0,Z01
201500054808,0,33,0,0.0,0.0,0.0,1.0,A01
201500054809,0,30,0,0.0,0.0,0.0,21.0,A01
201500054810,0,7,0,0.0,1.0,6.0,4.0,A01
201500054811,0,3,0,0.0,2.0,1.0,13.0,A01
201500054811,0,7,0,0.0,2.0,1.0,1.0,B01
201500054812,0,7,0,0.0,2.0,8.0,1.0,B01
201500054812,0,2,0,0.0,2.0,7.0,14.0,A01
201500054813,0,7,0,0.0,2.0,7.0,14.0,B01
201500054813,0,31,0,0.0,2.0,8.0,1.0,A01
201500054814,0,32,0,0.0,0.0,7.0,7.0,A01
201500054815,0,32,0,0.0,0.0,8.0,1.0,A01
201500054816,0,32,0,0.0,2.0,1.0,1.0,A01
201500054816,0,7,0,0.0,2.0,7.0,1.0,B01
201500054817,0,7,0,0.0,1.0,2.0,9.0,A01
201500054818,0,7,0,11.0,0.0,2.0,1.0,A01
201500054819,0,10,0,0.0,1.0,4.0,4.0,A01
201500054820,0,33,0,14.0,1.0,1.0,1.0,A01
201500054821,0,30,0,1.0,2.0,7.0,18.0,A01
201500054821,0,7,0,0.0,2.0,3.0,22.0,B01
201500054822,0,7,0,0.0,2.0,3.0,10.0,A01
201500054822,0,33,0,0.0,2.0,7.0,17.0,B01
201500054823,0,33,0,0.0,1.0,1.0,1.0,A01
201500054824,0,32,0,15.0,0.0,0.0,7.0,A01
201500054825,0,7,0,7.0,0.0,1.0,1.0,A01
201500054826,0,31,0,0.0,2.0,2.0,1.0,A01
201500054826,0,7,0,0.0,2.0,5.0,10.0,B01
201500054827,0,7,0,0.0,1.0,2.0,1.0,A01
201500054828,0,7,0,0.0,2.0,1.0,9.0,A01
201500054828,0,1,0,0.0,2.0,8.0,1.0,B01
201500054829,0,33,0,0.0,1.0,0.0,1.0,A01
201500054830,0,37,0,0.0,1.0,3.0,1.0,A01
201500054831,0,7,0,11.0,0.0,1.0,7.0,A01
201500054832,0,10,0,0.0,2.0,6.0,23.0,C01
201500054832,0,1,0,0.0,2.0,6.0,19.0,A01
201500054832,0,32,0,0.0,2.0,1.0,1.0,B01
201500054833,0,33,0,0.0,1.0,3.0,1.0,A01
201500054834,0,30,0,0.0,2.0,2.0,7.0,B01
201500054834,0,7,0,0.0,2.0,8.0,16.0,A01
201500054835,0,7,0,0.0,1.0,3.0,1.0,A01
201500054836,0,30,0,0.0,0.0,1.0,21.0,A01
201500054837,0,7,0,1.0,2.0,8.0,1.0,B01
201500054837,0,7,0,0.0,2.0,1.0,1.0,A01
201500054838,0,32,0,0.0,2.0,1.0,17.0,A01
201500054838,0,7,0,0.0,2.0,0.0,15.0,B01
201500054839,0,7,0,0.0,2.0,2.0,15.0,A01
201500054839,0,34,0,0.0,2.0,3.0,1.0,B01
201500054840,0,7,0,0.0,1.0,6.0,4.0,A01
201500054841,0,7,0,0.0,2.0,0.0,15.0,A01
201500054841,0,34,0,0.0,2.0,0.0,1.0,B01
201500054842,0,31,0,0.0,1.0,1.0,17.0,A01
201500054843,1,7,0,0.0,1.0,0.0,1.0,Z01
201500054844,0,30,0,0.0,2.0,7.0,15.0,A01
201500054844,0,33,0,0.0,2.0,3.0,1.0,B01
201500054845,0,7,0,0.0,1.0,0.0,1.0,A01
201500054846,0,32,0,0.0,0.0,7.0,21.0,A01
201500054847,0,33,0,0.0,2.0,3.0,13.0,A01
201500054847,1,7,0,0.0,2.0,2.0,17.0,Z01
201500054848,0,7,0,0.0,1.0,3.0,1.0,A01
201500054849,0,31,0,0.0,0.0,0.0,1.0,A01
201500054850,0,32,0,0.0,1.0,2.0,16.0,A01
201500054851,0,7,0,0.0,2.0,2.0,16.0,A01
201500054851,0,31,0,0.0,2.0,3.0,1.0,B01
201500054852,0,7,0,0.0,1.0,1.0,1.0,A01
201500054853,0,7,0,0.0,2.0,1.0,2.0,A01
201500054853,0,31,0,0.0,2.0,4.0,2.0,B01
201500054854,0,30,0,0.0,2.0,1.0,7.0,B01
201500054854,0,7,0,0.0,2.0,5.0,23.0,A01
201500054855,0,15,0,0.0,2.0,7.0,17.0,A01
201500054855,0,37,15,0.0,2.0,8.0,23.0,B01
201500054856,0,30,0,0.0,2.0,1.0,17.0,A01
201500054856,0,7,0,0.0,2.0,8.0,1.0,B01
201500054857,0,31,0,0.0,1.0,3.0,17.0,A01
201500054858,0,33,0,1.0,2.0,2.0,17.0,A01
201500054858,0,7,0,0.0,2.0,8.0,13.0,B01
201500054859,0,31,0,0.0,1.0,2.0,17.0,A01
201500054860,0,7,0,0.0,2.0,2.0,15.0,A01
201500054860,0,31,0,0.0,2.0,1.0,1.0,B01
201500054861,0,7,0,8.0,0.0,1.0,1.0,A01
201500054862,0,7,0,0.0,2.0,1.0,15.0,B01
201500054862,0,33,0,0.0,2.0,8.0,1.0,A01
201500054863,0,13,0,0.0,2.0,7.0,16.0,A01
201500054863,0,31,0,0.0,2.0,1.0,18.0,B01
201500054864,0,10,0,0.0,1.0,2.0,15.0,A01
201500054865,0,10,0,9.0,0.0,3.0,14.0,A01
201500054866,0,31,0,0.0,2.0,0.0,1.0,A01
201500054866,1,7,0,0.0,2.0,0.0,15.0,Z01
201500054867,0,7,0,0.0,2.0,3.0,10.0,A01
201500054867,0,34,0,0.0,2.0,2.0,17.0,B01
201500054868,0,7,0,0.0,1.0,3.0,0.0,A01
201500054869,0,7,0,0.0,2.0,1.0,16.0,B01
201500054869,0,34,0,0.0,2.0,2.0,1.0,A01
201500054870,0,7,0,0.0,1.0,1.0,1.0,A01
201500054871,0,10,0,0.0,1.0,3.0,16.0,A01
201500054872,0,2,0,8.0,2.0,7.0,17.0,A01
201500054872,0,7,0,0.0,2.0,3.0,15.0,B01
201500054873,0,7,0,0.0,1.0,2.0,1.0,A01
201500054874,0,7,0,0.0,2.0,1.0,1.0,B01
201500054874,0,7,0,0.0,2.0,2.0,1.0,A01
201500054875,0,33,0,0.0,1.0,0.0,1.0,A01
201500054876,0,7,0,7.0,0.0,3.0,13.0,A01
201500054877,0,7,0,14.0,2.0,2.0,1.0,A01
201500054877,0,10,0,0.0,2.0,3.0,1.0,B01
201500054878,2,34,0,0.0,1.0,1.0,1.0,Z01
201500054879,1,7,0,0.0,1.0,1.0,1.0,Z01
201500054880,0,7,0,0.0,1.0,1.0,1.0,A01
201500054881,0,7,0,0.0,1.0,7.0,1.0,A01
201500054882,0,32,0,0.0,2.0,0.0,0.0,A01
201500054882,0,32,0,0.0,2.0,2.0,0.0,B01
201500054883,0,7,0,0.0,2.0,1.0,17.0,A01
201500054883,0,1,0,0.0,2.0,4.0,1.0,B01
201500054884,0,7,0,0.0,2.0,3.0,1.0,A01
201500054884,0,1,0,0.0,2.0,1.0,17.0,B01
201500054885,2,7,0,4.0,0.0,2.0,1.0,Z01
201500054886,0,31,0,0.0,2.0,0.0,17.0,A01
201500054886,0,33,0,0.0,2.0,6.0,13.0,B01
201500054887,0,7,0,0.0,2.0,3.0,10.0,A01
201500054887,0,33,0,0.0,2.0,7.0,17.0,B01
201500054888,0,7,0,0.0,1.0,3.0,15.0,A01
201500054889,1,7,0,0.0,2.0,3.0,22.0,Z01
201500054889,0,1,0,0.0,2.0,7.0,1.0,A01
201500054890,0,32,0,15.0,0.0,7.0,1.0,A01
201500054891,0,7,0,0.0,2.0,4.0,4.0,A01
201500054891,0,33,0,0.0,2.0,8.0,1.0,B01
201500054892,0,10,0,0.0,1.0,2.0,9.0,A01
201500054893,0,31,0,0.0,1.0,2.0,1.0,A01
201500054894,0,10,0,0.0,1.0,8.0,15.0,A01
201500054895,0,7,0,0.0,2.0,8.0,15.0,B01
201500054895,0,1,0,0.0,2.0,1.0,15.0,A01
201500054896,0,7,0,0.0,2.0,8.0,15.0,A01
201500054896,0,32,0,0.0,2.0,1.0,17.0,B01
201500054897,0,32,0,0.0,2.0,5.0,16.0,B01
201500054897,0,33,0,0.0,2.0,1.0,16.0,A01
201500054898,0,7,0,0.0,1.0,1.0,1.0,A01
201500054899,0,7,0,0.0,1.0,1.0,1.0,A01
201500054900,0,7,0,0.0,2.0,4.0,2.0,A01
201500054900,0,7,0,0.0,2.0,1.0,2.0,B01
201500054901,0,7,0,0.0,1.0,1.0,15.0,A01
201500054902,0,34,0,0.0,2.0,1.0,16.0,B01
201500054902,0,7,0,0.0,2.0,2.0,15.0,A01
201500054903,0,33,0,0.0,1.0,1.0,1.0,A01
201500054904,0,32,0,0.0,0.0,8.0,1.0,A01
201500054905,0,30,0,0.0,1.0,2.0,1.0,A01
201500054906,0,31,0,0.0,0.0,0.0,1.0,A01
201500054907,0,7,0,0.0,1.0,1.0,1.0,A01
201500054908,0,31,0,0.0,2.0,5.0,1.0,A01
201500054908,0,7,0,0.0,2.0,1.0,1.0,B01
201500054909,0,7,0,0.0,1.0,1.0,7.0,A01
201500054910,0,2,0,8.0,2.0,0.0,1.0,A01
201500054910,1,7,0,0.0,2.0,0.0,1.0,Z01
201500054911,0,30,0,0.0,1.0,1.0,16.0,A01
201500054912,0,7,0,0.0,1.0,5.0,4.0,A01
201500054913,0,33,0,0.0,2.0,3.0,7.0,B01
201500054913,0,10,0,0.0,2.0,2.0,15.0,A01
201500054914,0,7,0,0.0,1.0,3.0,15.0,A01
201500054915,0,37,1,0.0,2.0,5.0,7.0,B01
201500054915,0,30,0,0.0,2.0,8.0,13.0,A01
201500054916,0,7,0,0.0,1.0,2.0,1.0,A01
201500054917,0,7,0,0.0,1.0,2.0,1.0,A01
201500054918,0,7,0,0.0,1.0,3.0,1.0,A01
201500054919,0,7,0,0.0,1.0,3.0,15.0,A01
201500054920,0,7,0,0.0,2.0,2.0,15.0,A01
201500054920,0,34,0,0.0,2.0,1.0,1.0,B01
201500054921,0,33,0,0.0,2.0,0.0,2.0,C01
201500054921,0,33,0,0.0,2.0,4.0,1.0,B01
201500054921,0,7,0,0.0,2.0,1.0,1.0,A01
201500054922,0,7,0,1.0,2.0,4.0,23.0,C01
201500054922,0,7,0,0.0,2.0,0.0,1.0,A01
201500054922,0,7,0,1.0,2.0,4.0,1.0,B01
201500054923,0,30,0,0.0,2.0,2.0,1.0,B01
201500054923,0,7,0,0.0,2.0,3.0,15.0,A01
201500054924,0,7,0,0.0,1.0,1.0,1.0,A01
201500054925,0,7,0,0.0,2.0,4.0,23.0,B01