Num_Acc,senc,catv,occutc,obs,obsm,choc,manv,num_veh
201500054925,0,34,0,0.0,1.0,1.0,17.0,A01
201500054926,0,7,0,0.0,1.0,1.0,1.0,A01
201500054927,2,7,0,0.0,2.0,3.0,2.0,Z01
201500054927,0,7,0,8.0,2.0,2.0,2.0,A01
201500054928,0,7,0,0.0,2.0,3.0,13.0,A01
201500054928,0,1,0,0.0,2.0,1.0,1.0,B01
201500054929,0,7,0,0.0,2.0,3.0,13.0,A01
201500054929,0,33,0,0.0,2.0,4.0,17.0,B01
201500054930,0,37,0,0.0,1.0,2.0,7.0,A01
201500054931,0,7,0,0.0,2.0,2.0,1.0,B01
201500054931,0,1,0,0.0,2.0,7.0,19.0,A01
201500054932,0,7,0,0.0,2.0,8.0,1.0,B01
201500054932,0,10,0,0.0,2.0,2.0,10.0,A01
201500054933,0,7,0,0.0,2.0,1.0,1.0,A01
201500054933,0,7,0,0.0,2.0,0.0,23.0,B01
201500054934,0,31,0,0.0,0.0,0.0,11.0,A01
201500054935,0,7,0,0.0,1.0,5.0,4.0,A01
201500054936,0,7,0,0.0,2.0,2.0,14.0,B01
201500054936,0,33,0,1.0,2.0,3.0,18.0,A01
201500054937,1,7,0,0.0,1.0,0.0,1.0,Z01
201500054938,0,7,0,0.0,2.0,0.0,4.0,A01
201500054938,0,31,0,0.0,2.0,0.0,1.0,B01
201500054939,0,7,0,0.0,2.0,8.0,10.0,A01
201500054939,0,34,0,0.0,2.0,8.0,17.0,B01
201500054940,0,2,0,8.0,0.0,1.0,14.0,A01
201500054941,0,10,0,0.0,2.0,1.0,1.0,A01
201500054941,0,7,0,0.0,2.0,4.0,1.0,B01
201500054942,0,7,0,0.0,1.0,1.0,1.0,A01
201500054943,0,33,0,1.0,1.0,1.0,17.0,A01
201500054944,0,2,0,0.0,1.0,1.0,1.0,A01
201500054945,1,30,0,0.0,1.0,1.0,1.0,Z01
201500054946,0,1,0,0.0,2.0,0.0,1.0,B01
201500054946,0,10,0,0.0,2.0,3.0,15.0,A01
201500054947,0,1,0,0.0,2.0,4.0,7.0,B01
201500054947,0,10,0,0.0,2.0,1.0,7.0,A01
201500054948,0,2,0,0.0,2.0,8.0,1.0,B01
201500054948,0,7,0,0.0,2.0,1.0,1.0,A01
201500054949,0,2,0,0.0,0.0,0.0,1.0,A01
201500054950,0,7,0,0.0,1.0,1.0,1.0,A01
201500054951,0,32,0,0.0,1.0,8.0,1.0,A01
201500054952,0,32,0,0.0,2.0,1.0,1.0,A01
201500054952,0,7,0,0.0,2.0,3.0,1.0,B01
201500054953,0,7,0,0.0,1.0,2.0,16.0,A01
201500054954,1,34,0,0.0,1.0,2.0,1.0,Z01
201500054955,0,30,0,0.0,1.0,1.0,1.0,A01
201500054956,1,7,0,0.0,1.0,6.0,4.0,Z01
201500054957,0,7,0,0.0,1.0,2.0,15.0,A01
201500054958,1,7,0,0.0,1.0,1.0,7.0,Z01
201500054959,0,31,0,0.0,2.0,8.0,1.0,B01
201500054959,0,10,0,0.0,2.0,7.0,12.0,A01
201500054960,0,10,0,0.0,2.0,6.0,2.0,B01
201500054960,0,7,0,0.0,2.0,0.0,2.0,A01
201500054961,0,31,0,0.0,1.0,7.0,1.0,A01
201500054962,0,7,0,0.0,2.0,0.0,1.0,A01
201500054962,1,7,0,0.0,2.0,0.0,13.0,Z01
201500054963,0,7,0,0.0,2.0,1.0,2.0,A01
201500054963,0,7,0,0.0,2.0,4.0,2.0,C01
201500054963,0,7,0,0.0,2.0,4.0,2.0,B01
201500054964,0,30,0,0.0,0.0,3.0,21.0,A01
201500054965,0,34,0,0.0,2.0,1.0,2.0,A01
201500054965,0,7,0,0.0,2.0,6.0,23.0,B01
201500054966,0,10,0,0.0,1.0,1.0,1.0,A01
201500054967,0,7,0,0.0,2.0,0.0,2.0,A01
201500054967,0,1,0,0.0,2.0,0.0,2.0,B01
201500054968,0,14,0,0.0,1.0,4.0,4.0,A01
201500054969,0,7,0,0.0,1.0,3.0,15.0,A01
201500054970,0,2,0,11.0,2.0,1.0,1.0,A01
201500054970,0,34,0,0.0,2.0,2.0,1.0,B01
201500054971,0,34,0,0.0,2.0,7.0,1.0,A01
201500054971,1,10,0,0.0,2.0,0.0,15.0,Z01
201500054972,0,33,0,0.0,2.0,2.0,1.0,A01
201500054972,0,7,0,0.0,2.0,3.0,10.0,B01
201500054973,0,10,0,0.0,1.0,3.0,15.0,A01
201500054974,0,7,0,0.0,2.0,1.0,11.0,B01
201500054974,0,15,0,0.0,2.0,2.0,1.0,A01
201500054975,0,32,0,0.0,0.0,8.0,21.0,A01
201500054976,0,2,0,0.0,1.0,1.0,1.0,A01
201500054977,0,7,0,0.0,2.0,1.0,1.0,B01
201500054977,0,1,0,0.0,2.0,7.0,1.0,A01
201500054978,0,31,0,0.0,2.0,8.0,1.0,B01
201500054978,0,7,0,0.0,2.0,3.0,15.0,A01
201500054979,0,7,0,0.0,2.0,3.0,10.0,A01
201500054979,0,2,0,0.0,2.0,1.0,1.0,B01
201500054980,0,7,0,0.0,1.0,2.0,1.0,A01
201500054981,0,7,0,0.0,2.0,3.0,9.0,A01
201500054981,0,30,0,0.0,2.0,2.0,1.0,B01
201500054982,0,7,0,14.0,0.0,1.0,21.0,A01
201500054983,0,7,0,0.0,2.0,4.0,23.0,A01
201500054983,1,7,0,0.0,2.0,2.0,2.0,Z01
201500054984,0,7,0,0.0,1.0,6.0,4.0,A01
201500054985,0,7,0,0.0,1.0,6.0,1.0,A01
201500054986,0,7,0,0.0,2.0,2.0,15.0,A01
201500054986,0,30,0,0.0,2.0,3.0,1.0,B01
201500054987,0,32,0,0.0,2.0,1.0,1.0,B01
201500054987,0,7,0,0.0,2.0,3.0,15.0,A01
201500054988,0,30,0,1.0,0.0,1.0,13.0,A01
201500054989,0,7,0,0.0,2.0,1.0,18.0,A01
201500054989,0,7,0,0.0,2.0,2.0,2.0,B01
201500054989,0,7,0,0.0,2.0,2.0,2.0,C01
201500054990,1,7,0,0.0,1.0,1.0,1.0,Z01
201500054991,0,7,0,1.0,0.0,2.0,14.0,A01
201500054992,0,33,0,0.0,2.0,2.0,1.0,A01
201500054992,0,10,0,0.0,2.0,2.0,15.0,B01
201500054993,0,1,0,0.0,1.0,1.0,16.0,A01
201500054994,0,7,0,0.0,2.0,0.0,16.0,A01
201500054994,0,2,0,0.0,2.0,2.0,1.0,B01
201500054995,0,7,0,0.0,1.0,2.0,1.0,A01
201500054996,1,7,0,0.0,1.0,0.0,16.0,Z01
201500054997,1,7,0,0.0,2.0,7.0,15.0,Z01
201500054997,0,33,0,0.0,2.0,6.0,1.0,A01
201500054998,0,7,0,0.0,2.0,3.0,7.0,A01
201500054998,0,7,0,0.0,2.0,7.0,16.0,B01
201500054999,0,7,0,0.0,2.0,8.0,13.0,A01
201500054999,0,30,0,0.0,2.0,9.0,17.0,B01
201500055000,0,7,0,0.0,2.0,8.0,20.0,A01
201500055000,0,1,0,0.0,2.0,1.0,1.0,B01
201500055001,0,7,0,0.0,2.0,1.0,1.0,B01
201500055001,0,7,0,0.0,2.0,2.0,1.0,A01
201500055002,1,1,0,0.0,1.0,0.0,1.0,Z01
201500055003,0,7,0,0.0,2.0,3.0,15.0,A01
201500055003,2,2,0,0.0,2.0,1.0,17.0,Z01
201500055004,0,32,0,0.0,1.0,3.0,1.0,A01
201500055005,0,33,0,0.0,2.0,1.0,17.0,A01
201500055005,0,33,0,0.0,2.0,1.0,1.0,B01
201500055006,0,32,0,0.0,2.0,8.0,15.0,B01
201500055006,0,10,0,0.0,2.0,3.0,1.0,A01
201500055007,0,7,0,0.0,1.0,4.0,4.0,A01
201500055008,0,7,0,1.0,0.0,3.0,13.0,A01
201500055009,0,7,0,0.0,2.0,0.0,12.0,A01
201500055009,0,32,0,0.0,2.0,0.0,18.0,B01
201500055010,0,34,0,0.0,2.0,6.0,2.0,A01
201500055010,0,1,0,0.0,2.0,6.0,2.0,B01
201500055011,0,7,0,4.0,0.0,1.0,1.0,A01
201500055012,1,30,0,0.0,1.0,0.0,0.0,Z01
201500055013,1,32,0,0.0,1.0,0.0,1.0,Z01
201500055014,0,10,0,0.0,2.0,8.0,15.0,A01
201500055014,0,33,0,0.0,2.0,1.0,1.0,B01
201500055015,0,7,0,0.0,2.0,4.0,2.0,B01
201500055015,0,7,0,0.0,2.0,1.0,2.0,A01
201500055016,0,7,0,0.0,1.0,1.0,16.0,A01
201500055017,0,10,0,0.0,2.0,1.0,1.0,A01
201500055017,0,2,0,0.0,2.0,7.0,1.0,B01
201500055018,0,7,0,0.0,2.0,2.0,14.0,A01
201500055018,0,31,0,12.0,2.0,6.0,16.0,B01
201500055019,0,37,0,0.0,1.0,2.0,1.0,A01
201500055020,0,10,0,0.0,2.0,8.0,10.0,A01
201500055020,0,32,0,0.0,2.0,1.0,1.0,B01
201500055021,1,7,0,0.0,2.0,0.0,17.0,Z01
201500055021,0,1,0,0.0,2.0,0.0,1.0,A01
201500055022,0,10,0,0.0,2.0,4.0,23.0,B01
201500055022,0,1,0,0.0,2.0,1.0,1.0,A01
201500055023,0,7,0,14.0,0.0,3.0,1.0,A01
201500055024,0,34,0,0.0,1.0,1.0,3.0,A01
201500055024,0,7,0,0.0,2.0,3.0,1.0,B01
201500055025,0,30,0,0.0,2.0,0.0,1.0,A01
201500055025,1,2,0,0.0,0.0,0.0,13.0,Z01
201500055026,0,7,0,0.0,2.0,1.0,15.0,B01
201500055026,0,31,0,0.0,2.0,8.0,1.0,A01
201500055027,0,7,0,1.0,2.0,8.0,22.0,A01
201500055027,0,1,0,0.0,2.0,0.0,1.0,B01
201500055028,0,2,0,0.0,1.0,0.0,17.0,A01
201500055029,0,7,0,0.0,1.0,1.0,16.0,A01
201500055030,0,32,0,0.0,1.0,1.0,1.0,A01
201500055031,0,2,0,0.0,0.0,8.0,1.0,A01
201500055032,0,1,0,0.0,2.0,1.0,1.0,B01
201500055032,0,31,0,0.0,2.0,7.0,15.0,A01
201500055033,0,10,0,0.0,1.0,5.0,4.0,A01
201500055034,0,7,0,0.0,2.0,1.0,1.0,B01
201500055034,0,7,0,1.0,2.0,5.0,1.0,A01
201500055035,0,30,0,0.0,2.0,7.0,15.0,A01
201500055035,0,31,0,0.0,2.0,0.0,1.0,B01
201500055036,0,34,0,0.0,2.0,3.0,1.0,A01
201500055036,0,14,0,0.0,2.0,2.0,16.0,B01
201500055037,0,7,0,0.0,2.0,3.0,10.0,A01
201500055037,0,30,0,0.0,2.0,1.0,1.0,B01
201500055038,0,32,0,0.0,2.0,8.0,1.0,B01
201500055038,0,7,0,0.0,2.0,1.0,1.0,A01
201500055039,0,30,0,0.0,0.0,2.0,21.0,A01
201500055040,0,7,0,0.0,2.0,4.0,23.0,B01
201500055040,0,10,0,0.0,2.0,1.0,1.0,A01
201500055041,0,7,0,0.0,1.0,1.0,1.0,A01
201500055042,0,30,0,0.0,2.0,1.0,1.0,A01
201500055042,0,7,0,0.0,2.0,4.0,23.0,B01
201500055043,1,7,0,0.0,1.0,0.0,1.0,Z01
201500055044,0,10,0,0.0,1.0,4.0,4.0,A01
201500055045,0,7,0,0.0,2.0,3.0,9.0,A01
201500055045,0,33,0,0.0,2.0,2.0,1.0,B01
201500055046,0,7,0,16.0,1.0,4.0,4.0,A01
201500055047,0,7,0,0.0,2.0,0.0,23.0,B01
201500055047,0,7,0,8.0,2.0,9.0,1.0,A01
201500055048,0,31,0,0.0,0.0,7.0,1.0,A01
201500055049,0,30,0,0.0,2.0,0.0,18.0,B01
201500055049,0,7,0,0.0,2.0,7.0,16.0,A01
201500055050,0,32,0,0.0,2.0,1.0,1.0,B01
201500055050,0,7,0,0.0,2.0,2.0,10.0,A01
201500055051,0,7,0,0.0,1.0,2.0,7.0,A01
201500055052,0,2,0,0.0,2.0,6.0,1.0,B01
201500055052,0,7,0,0.0,2.0,1.0,15.0,A01
201500055053,1,7,0,0.0,1.0,0.0,1.0,Z01
201500055054,0,33,0,0.0,1.0,1.0,2.0,A01
201500055055,0,30,0,0.0,2.0,7.0,1.0,B01
201500055055,0,7,0,0.0,2.0,1.0,1.0,A01
201500055056,0,15,0,0.0,2.0,2.0,15.0,A01
201500055056,0,7,0,0.0,2.0,8.0,15.0,B01
201500055057,0,7,0,0.0,1.0,2.0,1.0,A01
201500055058,0,7,0,0.0,2.0,2.0,1.0,A01
201500055058,0,32,0,16.0,2.0,4.0,23.0,B01
201500055059,0,7,0,0.0,2.0,8.0,15.0,A01
201500055059,0,34,0,0.0,2.0,7.0,17.0,B01
201500055060,0,7,0,0.0,2.0,8.0,10.0,A01
201500055060,0,30,0,0.0,2.0,0.0,17.0,B01
201500055061,0,7,0,0.0,1.0,3.0,1.0,A01
201500055062,0,30,0,0.0,2.0,1.0,1.0,B01
201500055062,0,7,0,0.0,2.0,7.0,1.0,A01
201500055063,0,34,0,0.0,1.0,2.0,1.0,A01
201500055064,0,1,0,0.0,0.0,0.0,1.0,A01
201500055065,0,7,0,0.0,1.0,1.0,1.0,A01
201500055066,0,34,0,0.0,1.0,1.0,1.0,A01
201500055067,0,1,0,0.0,2.0,1.0,19.0,A01
201500055067,1,7,0,0.0,2.0,1.0,1.0,Z01
201500055068,0,7,0,14.0,0.0,1.0,1.0,A01
201500055069,0,32,0,0.0,1.0,1.0,17.0,A01
201500055070,0,7,0,0.0,2.0,7.0,1.0,B01
201500055070,0,7,0,0.0,2.0,8.0,13.0,A01
201500055071,0,2,0,0.0,1.0,1.0,17.0,A01
201500055072,0,7,0,0.0,2.0,3.0,10.0,A01
201500055072,0,30,0,0.0,2.0,7.0,17.0,B01
201500055073,0,7,0,11.0,0.0,9.0,1.0,A01
201500055074,0,37,0,0.0,1.0,0.0,16.0,A01
201500055075,0,10,0,0.0,1.0,1.0,1.0,A01
201500055076,0,7,0,0.0,1.0,2.0,1.0,A01
201500055077,0,7,0,0.0,1.0,1.0,1.0,A01
201500055078,0,7,0,0.0,1.0,0.0,4.0,A01
201500055079,0,7,0,0.0,2.0,3.0,9.0,A01
201500055079,0,31,0,0.0,2.0,5.0,1.0,B01
201500055080,0,7,0,0.0,2.0,2.0,16.0,B01
201500055080,0,30,0,0.0,2.0,0.0,18.0,A01
201500055081,0,7,0,0.0,2.0,7.0,1.0,B01
201500055081,0,2,0,0.0,2.0,8.0,18.0,A01
201500055082,0,7,0,0.0,2.0,3.0,1.0,B01
201500055082,0,1,0,0.0,2.0,1.0,13.0,A01
201500055083,1,2,0,0.0,1.0,0.0,1.0,Z01
201500055084,0,7,0,0.0,2.0,2.0,16.0,A01
201500055084,0,2,0,0.0,2.0,8.0,18.0,B01
201500055085,0,2,0,0.0,2.0,0.0,18.0,A01
201500055085,0,7,0,0.0,2.0,0.0,16.0,B01
201500055086,0,10,0,0.0,1.0,0.0,1.0,A01
201500055087,0,7,0,0.0,1.0,3.0,1.0,A01
201500055088,0,14,0,0.0,2.0,3.0,22.0,A01
201500055088,0,1,0,1.0,2.0,1.0,7.0,B01
201500055089,1,7,0,0.0,1.0,1.0,1.0,Z01
201500055090,1,32,0,0.0,1.0,0.0,1.0,Z01
201500055091,0,32,0,0.0,1.0,1.0,17.0,A01
201500055092,0,31,0,0.0,1.0,3.0,1.0,A01
201500055093,0,2,0,0.0,0.0,0.0,1.0,A01
201500055094,0,33,0,0.0,1.0,3.0,1.0,A01
201500055095,0,7,0,0.0,2.0,6.0,10.0,A01
201500055095,0,34,0,0.0,2.0,0.0,1.0,B01
201500055096,0,1,0,0.0,2.0,1.0,14.0,A01
201500055096,0,7,0,0.0,2.0,0.0,24.0,B01
201500055097,0,37,0,0.0,1.0,2.0,1.0,A01
201500055098,0,33,0,0.0,2.0,8.0,1.0,B01
201500055098,0,7,0,0.0,2.0,3.0,13.0,A01
201500055099,0,33,0,0.0,1.0,7.0,1.0,A01
201500055100,0,32,0,0.0,2.0,1.0,2.0,A01
201500055100,0,7,0,0.0,2.0,4.0,2.0,B01
201500055101,0,30,0,1.0,0.0,2.0,1.0,A01
201500055102,0,7,0,0.0,2.0,2.0,10.0,A01
201500055102,0,34,0,0.0,2.0,1.0,1.0,B01
201500055103,0,7,0,0.0,1.0,3.0,1.0,A01
201500055104,0,7,0,0.0,2.0,3.0,1.0,A01
201500055104,0,32,0,0.0,2.0,2.0,1.0,B01
201500055105,0,7,0,0.0,2.0,2.0,15.0,A01
201500055105,0,7,0,0.0,2.0,3.0,1.0,B01
201500055106,0,7,0,0.0,1.0,3.0,15.0,A01
201500055107,0,33,0,0.0,2.0,0.0,15.0,A01
201500055107,0,13,0,0.0,2.0,1.0,1.0,B01
201500055108,0,31,0,0.0,2.0,1.0,17.0,A01
201500055108,0,2,0,0.0,2.0,6.0,15.0,B01
201500055109,1,7,0,0.0,1.0,0.0,1.0,Z01
201500055110,0,31,0,0.0,0.0,0.0,1.0,A01
201500055111,0,7,0,0.0,2.0,4.0,4.0,A01
201500055111,0,31,0,1.0,2.0,5.0,1.0,B01
201500055112,0,7,0,0.0,2.0,7.0,14.0,A01
201500055112,0,31,0,0.0,2.0,8.0,7.0,B01
201500055113,0,7,0,0.0,2.0,3.0,1.0,A01
201500055113,0,7,0,0.0,2.0,2.0,1.0,B01
201500055114,0,14,0,8.0,1.0,0.0,1.0,A01
201500055115,0,14,0,0.0,2.0,0.0,1.0,B01
201500055115,0,33,0,0.0,2.0,0.0,17.0,A01
201500055116,0,7,0,0.0,1.0,7.0,1.0,A01
201500055117,0,2,0,0.0,2.0,1.0,1.0,A01
201500055117,0,7,0,0.0,2.0,6.0,1.0,B01
201500055118,0,38,0,0.0,2.0,6.0,24.0,B01
201500055118,0,1,0,0.0,2.0,2.0,7.0,A01
201500055119,0,7,0,0.0,1.0,6.0,20.0,A01
201500055120,0,37,0,0.0,2.0,0.0,13.0,A01
201500055120,0,7,0,0.0,2.0,0.0,9.0,B01
201500055121,0,7,0,0.0,2.0,1.0,13.0,A01
201500055121,0,7,0,0.0,2.0,1.0,1.0,B01
201500055122,0,2,0,0.0,2.0,1.0,1.0,A01
201500055122,1,7,0,0.0,2.0,0.0,15.0,Z01
201500055123,0,99,0,1.0,0.0,9.0,16.0,A01
201500055124,0,33,0,0.0,2.0,2.0,23.0,B01
201500055124,0,7,0,0.0,2.0,3.0,1.0,A01
201500055125,0,7,0,0.0,1.0,1.0,1.0,A01
201500055126,0,2,0,0.0,1.0,1.0,1.0,A01
201500055127,1,2,0,0.0,1.0,1.0,1.0,Z01
201500055128,0,10,0,0.0,2.0,5.0,23.0,B01
201500055128,0,37,8,0.0,2.0,1.0,2.0,A01
201500055129,0,10,0,0.0,1.0,2.0,15.0,A01
201500055130,0,10,0,0.0,2.0,2.0,1.0,A01
201500055130,0,1,0,0.0,2.0,3.0,19.0,B01
201500055131,0,7,0,0.0,2.0,2.0,16.0,A01
201500055131,0,34,0,0.0,2.0,2.0,18.0,B01
201500055132,0,7,0,0.0,2.0,7.0,16.0,B01
201500055132,0,32,0,0.0,2.0,7.0,7.0,A01
201500055133,0,7,0,0.0,2.0,3.0,17.0,A01
201500055133,0,31,0,0.0,2.0,1.0,5.0,B01
201500055134,0,7,0,0.0,2.0,6.0,18.0,A01
201500055134,0,16,0,0.0,2.0,2.0,16.0,B01
201500055135,0,7,0,0.0,2.0,7.0,16.0,B01
201500055135,0,2,0,0.0,2.0,1.0,18.0,A01
201500055136,0,7,0,0.0,2.0,1.0,5.0,A01
201500055136,0,10,0,0.0,2.0,3.0,1.0,B01
201500055137,0,7,0,0.0,2.0,8.0,11.0,A01
201500055137,0,33,0,0.0,2.0,7.0,1.0,B01
201500055138,1,30,0,0.0,1.0,0.0,1.0,Z01
201500055139,0,7,0,0.0,1.0,3.0,1.0,A01
201500055140,0,1,0,0.0,0.0,0.0,1.0,A01
201500055141,0,7,0,0.0,1.0,1.0,15.0,A01
201500055142,0,34,0,0.0,2.0,1.0,23.0,B01
201500055142,0,10,0,0.0,2.0,4.0,4.0,A01
201500055143,1,7,0,0.0,2.0,3.0,1.0,Z01
201500055143,0,1,0,0.0,2.0,2.0,19.0,A01
201500055144,0,30,0,0.0,2.0,1.0,1.0,B01
201500055144,0,7,0,0.0,2.0,2.0,9.0,A01
201500055145,0,14,0,0.0,2.0,2.0,16.0,A01
201500055145,0,1,0,0.0,2.0,4.0,1.0,B01
201500055146,0,7,0,0.0,2.0,3.0,15.0,A01
201500055146,0,32,0,0.0,2.0,1.0,1.0,B01
201500055147,0,34,0,0.0,2.0,7.0,3.0,A01
201500055147,1,34,0,0.0,2.0,8.0,18.0,Z01
201500055148,0,34,0,0.0,2.0,3.0,16.0,B01
201500055148,0,7,0,0.0,2.0,5.0,16.0,A01
201500055149,0,7,0,9.0,0.0,2.0,1.0,A01
201500055150,1,10,0,0.0,2.0,0.0,12.0,B01
201500055150,0,2,0,0.0,2.0,2.0,7.0,A01
201500055151,0,30,0,0.0,1.0,1.0,1.0,A01
201500055152,0,7,0,0.0,2.0,1.0,2.0,A01
201500055152,0,7,0,0.0,2.0,4.0,23.0,D01
201500055152,0,7,0,0.0,2.0,4.0,23.0,B01
201500055152,0,7,0,0.0,2.0,4.0,23.0,C01
201500055153,1,7,0,0.0,2.0,8.0,15.0,A01
201500055153,0,33,0,0.0,2.0,2.0,17.0,B01
201500055154,0,33,0,0.0,1.0,1.0,1.0,A01
201500055155,0,7,0,0.0,2.0,4.0,23.0,A01
201500055155,1,10,0,0.0,2.0,1.0,2.0,Z01
201500055156,0,31,0,0.0,2.0,1.0,13.0,A01
201500055156,0,7,0,0.0,2.0,5.0,1.0,B01
201500055157,0,1,0,0.0,2.0,8.0,1.0,B01
201500055157,0,10,0,0.0,2.0,5.0,16.0,A01
201500055158,0,31,0,1.0,2.0,3.0,1.0,A01
201500055158,0,7,0,0.0,2.0,3.0,16.0,B01
201500055159,0,7,0,0.0,2.0,2.0,20.0,A01
201500055159,0,1,0,0.0,2.0,3.0,18.0,B01
201500055160,0,30,0,0.0,2.0,1.0,2.0,B01
201500055160,0,30,0,0.0,2.0,4.0,2.0,A01
201500055161,0,32,0,0.0,2.0,1.0,17.0,A01
201500055161,0,30,0,0.0,2.0,6.0,15.0,B01
201500055162,0,7,0,0.0,2.0,1.0,15.0,A01
201500055162,0,30,0,0.0,2.0,8.0,1.0,B01
201500055163,0,2,0,1.0,0.0,3.0,21.0,A01
201500055164,0,30,0,0.0,2.0,7.0,1.0,B01
201500055164,0,7,0,0.0,2.0,8.0,9.0,A01
201500055165,0,7,0,0.0,1.0,3.0,1.0,A01
201500055166,0,37,0,0.0,2.0,6.0,18.0,A01
201500055166,0,31,0,0.0,2.0,3.0,1.0,B01
201500055167,0,32,0,0.0,2.0,0.0,1.0,A01
201500055168,0,7,0,0.0,1.0,1.0,1.0,A01
201500055169,0,37,0,0.0,1.0,2.0,7.0,A01
201500055170,0,7,0,0.0,1.0,3.0,1.0,A01
201500055171,0,31,0,0.0,2.0,0.0,15.0,B01
201500055171,0,7,0,0.0,2.0,0.0,17.0,A01
201500055172,0,1,0,0.0,2.0,7.0,23.0,B01
201500055172,0,10,0,0.0,2.0,2.0,2.0,A01
201500055173,0,1,0,0.0,2.0,1.0,1.0,B01
201500055173,0,7,0,0.0,2.0,8.0,15.0,A01
201500055174,1,10,0,0.0,2.0,6.0,9.0,Z01
201500055174,0,32,0,0.0,2.0,2.0,1.0,A01
201500055175,0,30,0,1.0,0.0,2.0,14.0,A01
201500055176,0,7,0,0.0,2.0,1.0,1.0,A01
201500055176,0,33,0,0.0,2.0,0.0,23.0,B01
201500055177,1,7,0,0.0,2.0,0.0,7.0,Z01
201500055177,0,7,0,0.0,2.0,2.0,16.0,A01
201500055178,0,2,0,0.0,2.0,1.0,1.0,A01
201500055178,0,7,0,0.0,2.0,2.0,15.0,B01
201500055179,0,30,0,0.0,2.0,1.0,1.0,A01
201500055179,0,10,0,0.0,2.0,2.0,1.0,B01
201500055180,0,7,0,0.0,2.0,4.0,23.0,A01
201500055180,0,7,0,0.0,2.0,3.0,2.0,B01
201500055181,0,7,0,0.0,2.0,3.0,15.0,A01
201500055181,0,32,0,0.0,2.0,1.0,1.0,B01
201500055182,0,32,0,0.0,1.0,1.0,1.0,A01
201500055183,1,7,0,0.0,1.0,7.0,17.0,Z01
201500055184,1,7,0,0.0,2.0,4.0,23.0,Z01
201500055184,0,32,0,0.0,2.0,1.0,1.0,A01
201500055185,0,30,0,0.0,2.0,1.0,17.0,A01
201500055185,0,7,0,0.0,2.0,5.0,15.0,B01
201500055186,0,1,0,14.0,0.0,0.0,1.0,A01
201500055187,0,33,0,0.0,2.0,3.0,15.0,B01
201500055187,0,7,0,0.0,2.0,2.0,15.0,A01
201500055188,0,10,0,0.0,2.0,1.0,1.0,A01
201500055188,0,1,0,0.0,2.0,4.0,1.0,B01
201500055189,1,7,0,0.0,1.0,2.0,5.0,Z01
201500055190,1,7,0,0.0,2.0,2.0,1.0,Z01
201500055190,0,7,0,0.0,2.0,3.0,1.0,A01
201500055191,0,7,0,0.0,1.0,2.0,1.0,A01
201500055192,0,2,0,0.0,2.0,1.0,15.0,A01
201500055192,0,2,0,0.0,2.0,3.0,23.0,B01
201500055193,0,31,0,1.0,2.0,1.0,2.0,A01
201500055193,0,7,0,0.0,2.0,6.0,2.0,B01
201500055194,0,31,0,0.0,2.0,2.0,1.0,A01
201500055194,0,7,0,0.0,2.0,3.0,1.0,B01
201500055195,0,7,0,0.0,2.0,3.0,9.0,B01
201500055195,0,33,0,0.0,2.0,1.0,17.0,A01
201500055195,0,7,0,0.0,2.0,3.0,1.0,C01
201500055196,0,7,0,0.0,1.0,2.0,1.0,A01
201500055197,0,7,0,0.0,2.0,1.0,1.0,B01
201500055197,0,1,0,0.0,2.0,8.0,19.0,A01
201500055198,0,1,0,0.0,2.0,1.0,18.0,B01
201500055198,0,10,0,0.0,2.0,7.0,22.0,A01
201500055199,0,7,0,0.0,1.0,3.0,1.0,A01
201500055200,0,33,0,0.0,0.0,1.0,1.0,A01
201500055201,1,2,0,0.0,1.0,1.0,1.0,Z01
201500055202,0,7,0,0.0,1.0,1.0,15.0,A01
201500055203,0,30,0,0.0,2.0,2.0,2.0,A01
201500055203,0,14,0,0.0,2.0,4.0,23.0,B01
201500055204,0,10,0,0.0,1.0,2.0,1.0,A01
201500055205,1,31,0,0.0,1.0,0.0,1.0,Z01
201500055206,0,33,0,14.0,0.0,1.0,1.0,A01
201500055207,0,7,0,0.0,1.0,0.0,1.0,A01
201500055208,0,7,0,0.0,2.0,3.0,15.0,A01
201500055208,0,34,0,0.0,2.0,2.0,17.0,B01
201500055209,0,3,0,0.0,2.0,1.0,2.0,A01
201500055209,0,7,0,0.0,2.0,4.0,23.0,B01
201500055210,0,7,0,0.0,1.0,1.0,15.0,A01
201500055211,0,33,0,0.0,2.0,2.0,17.0,A01
201500055211,0,7,0,0.0,2.0,6.0,15.0,B01
201500055212,1,7,0,0.0,2.0,1.0,1.0,Z01
201500055212,0,7,0,0.0,2.0,8.0,1.0,A01
201500055213,0,7,0,0.0,2.0,1.0,2.0,A01
201500055213,0,7,0,0.0,2.0,6.0,2.0,B01
201500055214,0,34,0,0.0,2.0,3.0,13.0,A01
201500055214,0,7,0,0.0,2.0,3.0,1.0,B01
201500055215,0,33,0,0.0,2.0,1.0,2.0,A01
201500055215,0,7,0,0.0,2.0,4.0,2.0,B01
201500055216,0,1,0,0.0,1.0,1.0,1.0,A01
201500055217,0,33,0,0.0,1.0,1.0,1.0,A01
201500055218,0,7,0,0.0,2.0,4.0,23.0,A01
201500055218,0,7,0,0.0,2.0,1.0,2.0,B01
201500055219,1,7,0,0.0,2.0,1.0,2.0,Z01