Num_Acc,senc,catv,occutc,obs,obsm,choc,manv,num_veh
201500055219,0,30,0,0.0,2.0,4.0,2.0,A01
201500055220,0,7,0,0.0,2.0,0.0,17.0,A01
201500055220,0,33,0,1.0,2.0,8.0,1.0,B01
201500055221,0,10,0,0.0,2.0,6.0,14.0,B01
201500055221,0,30,0,0.0,2.0,8.0,18.0,A01
201500055222,0,7,0,0.0,1.0,3.0,1.0,A01
201500055223,0,34,0,0.0,2.0,1.0,9.0,B01
201500055223,0,7,0,0.0,2.0,7.0,1.0,A01
201500055224,0,33,0,0.0,2.0,1.0,17.0,B01
201500055224,0,7,0,0.0,2.0,8.0,15.0,A01
201500055225,0,1,0,0.0,2.0,8.0,15.0,A01
201500055225,0,1,0,0.0,2.0,7.0,17.0,B01
201500055226,0,33,0,0.0,2.0,1.0,18.0,A01
201500055226,0,10,0,0.0,2.0,5.0,16.0,B01
201500055227,0,30,0,0.0,1.0,7.0,5.0,A01
201500055228,0,7,0,0.0,2.0,3.0,1.0,B01
201500055228,0,31,0,0.0,2.0,2.0,17.0,A01
201500055229,0,1,0,0.0,0.0,0.0,1.0,A01
201500055230,0,7,0,0.0,2.0,4.0,23.0,B01
201500055230,0,7,0,0.0,2.0,1.0,2.0,A01
201500055231,0,7,0,0.0,2.0,3.0,15.0,B01
201500055231,0,34,0,0.0,2.0,1.0,17.0,A01
201500055232,0,7,0,0.0,2.0,1.0,16.0,A01
201500055232,0,1,0,0.0,2.0,3.0,1.0,B01
201500055233,0,7,0,0.0,1.0,3.0,1.0,A01
201500055234,0,33,0,0.0,2.0,1.0,1.0,A01
201500055234,0,7,0,0.0,2.0,6.0,10.0,B01
201500055235,0,32,0,0.0,2.0,2.0,1.0,B01
201500055235,0,30,0,0.0,2.0,1.0,10.0,A01
201500055236,0,7,0,0.0,1.0,1.0,1.0,A01
201500055237,0,10,0,0.0,1.0,3.0,15.0,A01
201500055238,0,7,0,0.0,1.0,2.0,16.0,A01
201500055239,0,31,0,0.0,0.0,8.0,1.0,A01
201500055240,0,10,0,0.0,2.0,6.0,1.0,A01
201500055240,0,33,0,0.0,2.0,1.0,1.0,B01
201500055241,0,30,0,0.0,1.0,1.0,17.0,A01
201500055242,0,1,0,0.0,2.0,1.0,1.0,B01
201500055242,0,7,0,0.0,2.0,2.0,16.0,A01
201500055243,0,7,0,0.0,2.0,3.0,1.0,C01
201500055243,0,7,0,0.0,2.0,0.0,23.0,A01
201500055243,0,7,0,0.0,2.0,4.0,23.0,B01
201500055244,0,7,0,0.0,2.0,5.0,1.0,A01
201500055244,1,7,0,0.0,2.0,0.0,23.0,Z01
201500055245,0,1,0,0.0,2.0,7.0,19.0,B01
201500055245,0,7,0,0.0,2.0,1.0,1.0,A01
201500055246,0,33,0,0.0,2.0,2.0,1.0,B01
201500055246,0,7,0,0.0,2.0,6.0,10.0,A01
201500055247,0,7,0,0.0,2.0,7.0,12.0,A01
201500055247,0,33,0,0.0,2.0,1.0,1.0,B01
201500055248,0,7,0,0.0,1.0,1.0,1.0,A01
201500055249,0,7,0,0.0,1.0,4.0,4.0,A01
201500055250,0,31,0,0.0,1.0,2.0,1.0,A01
201500055251,0,2,0,0.0,2.0,3.0,18.0,B01
201500055251,0,7,0,0.0,2.0,5.0,22.0,A01
201500055252,0,7,0,0.0,2.0,7.0,14.0,A01
201500055252,0,1,0,0.0,2.0,8.0,0.0,B01
201500055253,0,7,0,0.0,1.0,2.0,1.0,A01
201500055254,0,10,0,0.0,2.0,3.0,9.0,A01
201500055254,0,7,0,1.0,2.0,2.0,1.0,B01
201500055255,0,7,0,0.0,2.0,2.0,1.0,B01
201500055255,0,2,0,0.0,2.0,1.0,9.0,A01
201500055256,0,7,0,0.0,2.0,1.0,15.0,A01
201500055256,0,7,0,0.0,2.0,3.0,1.0,B01
201500055257,0,13,0,4.0,2.0,2.0,13.0,A01
201500055257,0,10,0,0.0,2.0,7.0,23.0,B01
201500055258,0,1,0,1.0,0.0,1.0,1.0,B01
201500055258,0,7,0,0.0,0.0,3.0,22.0,A01
201500055259,0,30,0,0.0,2.0,2.0,5.0,A01
201500055259,0,10,0,0.0,2.0,3.0,1.0,B01
201500055260,0,7,0,0.0,2.0,6.0,10.0,B01
201500055260,0,34,0,0.0,2.0,1.0,17.0,A01
201500055261,0,33,0,0.0,2.0,3.0,1.0,A01
201500055261,0,7,0,0.0,2.0,2.0,9.0,B01
201500055262,0,37,1,0.0,2.0,3.0,9.0,B01
201500055262,0,7,0,0.0,2.0,5.0,16.0,A01
201500055263,0,33,0,0.0,2.0,3.0,17.0,A01
201500055263,0,7,0,0.0,2.0,0.0,13.0,B01
201500055264,0,32,0,0.0,2.0,1.0,5.0,A01
201500055264,0,7,0,0.0,2.0,1.0,1.0,B01
201500055265,0,10,0,0.0,2.0,2.0,16.0,A01
201500055265,0,7,0,0.0,2.0,3.0,7.0,B01
201500055266,0,30,0,0.0,0.0,8.0,21.0,A01
201500055267,0,2,0,0.0,0.0,8.0,21.0,A01
201500055268,0,7,0,0.0,2.0,3.0,15.0,A01
201500055268,0,31,0,0.0,2.0,2.0,17.0,B01
201500055269,0,7,0,0.0,2.0,1.0,9.0,A01
201500055269,0,32,0,0.0,2.0,7.0,9.0,B01
201500055270,0,1,0,0.0,2.0,1.0,1.0,B01
201500055270,0,1,0,0.0,2.0,4.0,21.0,A01
201500055271,0,31,0,0.0,1.0,1.0,0.0,A01
201500055272,0,30,0,0.0,2.0,3.0,21.0,A01
201500055272,0,10,0,0.0,2.0,3.0,15.0,B01
201500055273,0,7,0,0.0,2.0,3.0,13.0,B01
201500055273,0,34,0,0.0,2.0,3.0,1.0,A01
201500055274,0,10,0,0.0,1.0,1.0,1.0,A01
201500055275,0,10,0,0.0,2.0,7.0,14.0,A01
201500055275,0,33,0,0.0,2.0,1.0,1.0,B01
201500055276,0,34,0,0.0,2.0,3.0,1.0,B01
201500055276,0,7,0,0.0,2.0,5.0,12.0,A01
201500055277,0,7,0,0.0,2.0,6.0,2.0,A01
201500055277,0,31,0,0.0,2.0,5.0,23.0,B01
201500055278,0,7,0,0.0,2.0,3.0,22.0,A01
201500055278,0,34,0,0.0,2.0,5.0,1.0,B01
201500055279,0,1,0,0.0,0.0,8.0,16.0,A01
201500055280,0,32,0,0.0,1.0,1.0,19.0,A01
201500055281,0,7,0,0.0,1.0,1.0,1.0,A01
201500055282,0,7,0,0.0,2.0,1.0,15.0,A01
201500055282,0,31,0,0.0,2.0,1.0,1.0,B01
201500055283,0,10,0,0.0,0.0,2.0,14.0,B01
201500055283,0,31,0,0.0,2.0,0.0,7.0,A01
201500055284,0,7,0,0.0,2.0,0.0,9.0,A01
201500055284,0,31,0,0.0,2.0,0.0,1.0,B01
201500055285,1,10,0,0.0,2.0,0.0,1.0,Z01
201500055285,0,30,0,0.0,2.0,0.0,23.0,A01
201500055286,0,32,0,0.0,2.0,7.0,18.0,A01
201500055286,0,7,0,0.0,2.0,2.0,16.0,B01
201500055287,0,7,0,0.0,1.0,1.0,1.0,A01
201500055288,0,7,0,0.0,2.0,1.0,7.0,A01
201500055288,0,7,0,0.0,2.0,2.0,1.0,B01
201500055289,0,7,0,0.0,2.0,6.0,23.0,B01
201500055289,0,33,0,0.0,2.0,1.0,2.0,A01
201500055290,0,7,0,0.0,2.0,6.0,1.0,A01
201500055290,0,10,0,0.0,2.0,1.0,9.0,B01
201500055291,0,1,0,0.0,2.0,1.0,1.0,B01
201500055291,0,7,0,0.0,2.0,8.0,22.0,A01
201500055292,0,33,0,0.0,2.0,6.0,1.0,A01
201500055292,0,7,0,0.0,2.0,6.0,13.0,B01
201500055293,0,32,0,0.0,2.0,3.0,1.0,B01
201500055293,0,7,0,0.0,2.0,5.0,1.0,A01
201500055294,0,37,0,0.0,2.0,2.0,14.0,A01
201500055294,0,1,0,0.0,2.0,4.0,1.0,B01
201500055295,0,10,0,0.0,1.0,1.0,15.0,A01
201500055296,0,30,0,0.0,2.0,1.0,1.0,A01
201500055297,0,32,0,0.0,2.0,8.0,1.0,A01
201500055297,0,7,0,0.0,2.0,8.0,15.0,B01
201500055298,0,32,0,0.0,2.0,4.0,1.0,B01
201500055298,1,7,0,0.0,2.0,1.0,1.0,Z01
201500055299,0,30,0,1.0,0.0,3.0,1.0,A01
201500055300,0,7,0,11.0,0.0,1.0,14.0,A01
201500055301,0,34,0,0.0,2.0,1.0,2.0,A01
201500055301,0,7,0,0.0,2.0,4.0,2.0,B01
201500055302,0,7,0,0.0,2.0,8.0,1.0,A01
201500055302,0,7,0,0.0,2.0,2.0,9.0,B01
201500055303,0,7,0,0.0,1.0,1.0,1.0,A01
201500055304,0,2,0,0.0,2.0,1.0,5.0,A01
201500055304,0,7,0,0.0,2.0,2.0,1.0,B01
201500055305,0,34,0,0.0,1.0,1.0,1.0,A01
201500055306,0,7,0,0.0,9.0,4.0,23.0,C01
201500055306,0,31,0,0.0,2.0,1.0,17.0,A01
201500055306,0,7,0,0.0,9.0,8.0,15.0,B01
201500055307,1,2,0,0.0,1.0,1.0,1.0,Z01
201500055308,0,10,0,0.0,2.0,3.0,1.0,B01
201500055308,0,7,0,0.0,2.0,5.0,17.0,A01
201500055309,1,7,0,0.0,1.0,2.0,1.0,Z01
201500055310,0,7,0,0.0,2.0,1.0,5.0,A01
201500055310,0,32,0,0.0,2.0,1.0,9.0,B01
201500055311,0,30,0,0.0,2.0,1.0,18.0,A01
201500055311,0,7,0,0.0,2.0,2.0,16.0,B01
201500055312,0,7,0,0.0,2.0,7.0,1.0,A01
201500055312,0,7,0,0.0,2.0,1.0,1.0,B01
201500055313,0,7,0,0.0,2.0,5.0,15.0,A01
201500055313,0,32,0,0.0,2.0,1.0,1.0,B01
201500055314,0,7,0,0.0,2.0,1.0,1.0,A01
201500055314,0,1,0,0.0,2.0,4.0,15.0,B01
201500055315,0,2,0,1.0,0.0,1.0,14.0,A01
201500055316,0,33,0,0.0,2.0,1.0,17.0,A01
201500055316,0,7,0,0.0,2.0,6.0,15.0,B01
201500055317,1,1,0,1.0,1.0,0.0,1.0,Z01
201500055318,0,7,0,0.0,2.0,1.0,2.0,A01
201500055318,0,7,0,0.0,2.0,4.0,23.0,B01
201500055318,0,10,0,0.0,2.0,4.0,23.0,C01
201500055319,0,10,0,0.0,2.0,7.0,16.0,A01
201500055319,0,34,0,0.0,2.0,8.0,1.0,B01
201500055320,0,30,0,0.0,1.0,7.0,1.0,A01
201500055321,0,33,0,0.0,2.0,2.0,1.0,A01
201500055321,0,7,0,0.0,2.0,8.0,11.0,B01
201500055322,0,30,0,1.0,0.0,1.0,1.0,A01
201500055323,0,7,0,4.0,0.0,2.0,13.0,A01
201500055324,0,10,0,0.0,2.0,6.0,2.0,B01
201500055324,0,38,0,0.0,2.0,7.0,2.0,C01
201500055324,0,33,0,0.0,2.0,1.0,2.0,A01
201500055325,2,7,0,0.0,2.0,2.0,1.0,Z01
201500055325,0,7,0,0.0,2.0,3.0,1.0,A01
201500055326,0,7,0,0.0,2.0,2.0,15.0,A01
201500055326,0,7,0,0.0,2.0,2.0,1.0,B01
201500055327,0,7,0,0.0,2.0,3.0,22.0,A01
201500055327,0,1,0,0.0,2.0,3.0,1.0,B01
201500055328,0,7,0,0.0,2.0,1.0,23.0,A01
201500055328,0,30,0,0.0,2.0,4.0,2.0,B01
201500055329,0,7,0,0.0,1.0,3.0,1.0,A01
201500055330,0,1,0,0.0,0.0,1.0,1.0,A01
201500055331,0,30,0,0.0,2.0,3.0,1.0,B01
201500055331,0,7,0,0.0,2.0,3.0,15.0,A01
201500055332,0,31,0,0.0,2.0,9.0,3.0,A01
201500055332,0,7,0,0.0,2.0,2.0,14.0,B01
201500055332,0,38,0,0.0,2.0,3.0,1.0,C01
201500055333,0,7,0,0.0,2.0,2.0,16.0,B01
201500055333,0,2,0,0.0,2.0,3.0,18.0,A01
201500055334,0,34,0,0.0,2.0,1.0,17.0,B01
201500055334,0,7,0,0.0,2.0,8.0,15.0,A01
201500055335,0,30,0,0.0,1.0,1.0,1.0,A01
201500055336,0,34,0,0.0,2.0,1.0,5.0,A01
201500055336,0,7,0,0.0,2.0,7.0,1.0,B01
201500055337,0,7,0,0.0,2.0,7.0,22.0,A01
201500055337,0,1,0,0.0,2.0,1.0,1.0,B01
201500055338,0,1,0,0.0,2.0,1.0,1.0,B01
201500055338,0,7,0,0.0,2.0,2.0,16.0,A01
201500055339,1,10,0,0.0,1.0,3.0,1.0,Z01
201500055340,0,7,0,14.0,0.0,3.0,1.0,A01
201500055341,0,31,0,8.0,0.0,1.0,13.0,A01
201500055342,0,10,0,0.0,1.0,4.0,4.0,A01
201500055343,1,7,0,0.0,1.0,1.0,1.0,Z01
201500055344,0,31,0,0.0,2.0,1.0,1.0,A01
201500055344,0,7,0,0.0,2.0,2.0,1.0,B01
201500055345,0,7,0,0.0,2.0,0.0,22.0,A01
201500055345,0,1,0,0.0,2.0,1.0,1.0,B01
201500055346,0,10,0,0.0,1.0,3.0,15.0,A01
201500055347,0,3,0,0.0,1.0,1.0,1.0,A01
201500055347,0,7,0,0.0,2.0,4.0,23.0,B01
201500055348,1,7,0,0.0,1.0,0.0,1.0,Z01
201500055349,1,2,0,0.0,1.0,1.0,1.0,A01
201500055350,0,1,0,0.0,1.0,0.0,1.0,A01
201500055351,1,7,0,0.0,2.0,8.0,9.0,Z01
201500055351,0,31,0,0.0,2.0,1.0,1.0,A01
201500055352,0,34,0,0.0,0.0,8.0,1.0,A01
201500055353,0,7,0,0.0,2.0,1.0,2.0,A01
201500055353,0,7,0,0.0,2.0,4.0,23.0,B01
201500055353,0,7,0,0.0,2.0,4.0,23.0,C01
201500055354,0,33,0,0.0,2.0,1.0,1.0,B01
201500055354,1,7,0,0.0,2.0,0.0,1.0,A01
201500055355,0,30,0,1.0,2.0,7.0,11.0,A01
201500055355,1,7,0,0.0,2.0,0.0,1.0,Z01
201500055356,0,7,0,0.0,1.0,2.0,17.0,A01
201500055357,0,2,0,0.0,0.0,0.0,1.0,A01
201500055358,0,7,0,0.0,2.0,0.0,9.0,A01
201500055358,0,37,0,0.0,2.0,0.0,1.0,B01
201500055359,0,10,0,0.0,2.0,1.0,2.0,A01
201500055359,0,7,0,0.0,2.0,4.0,23.0,B01
201500055360,1,7,0,0.0,1.0,3.0,9.0,Z01
201500055361,0,2,0,0.0,2.0,2.0,17.0,A01
201500055361,0,7,0,0.0,2.0,3.0,15.0,B01
201500055362,0,33,0,0.0,0.0,0.0,21.0,A01
201500055363,1,30,0,0.0,1.0,1.0,1.0,Z01
201500055364,0,7,0,8.0,2.0,1.0,13.0,A01
201500055365,0,10,0,0.0,0.0,5.0,10.0,B01
201500055365,0,34,0,0.0,2.0,1.0,1.0,A01
201500055366,0,33,0,0.0,0.0,8.0,1.0,A01
201500055367,0,7,0,0.0,2.0,1.0,13.0,A01
201500055367,0,31,0,0.0,2.0,1.0,1.0,B01
201500055368,0,33,0,0.0,2.0,0.0,2.0,B01
201500055368,0,31,0,0.0,2.0,8.0,2.0,A01
201500055368,0,33,0,0.0,2.0,0.0,2.0,C01
201500055368,0,2,0,0.0,2.0,1.0,2.0,D01
201500055369,0,7,0,0.0,2.0,1.0,1.0,B01
201500055369,0,7,0,0.0,2.0,1.0,1.0,C01
201500055369,0,1,0,0.0,2.0,8.0,1.0,A01
201500055370,0,10,0,0.0,1.0,4.0,4.0,A01
201500055371,0,32,0,0.0,1.0,1.0,1.0,A01
201500055372,0,30,0,0.0,2.0,1.0,1.0,A01
201500055372,0,7,0,0.0,2.0,3.0,1.0,B01
201500055373,0,31,0,0.0,2.0,1.0,15.0,A01
201500055373,0,7,0,0.0,2.0,5.0,1.0,B01
201500055374,0,2,0,0.0,0.0,8.0,1.0,A01
201500055375,0,7,0,0.0,2.0,1.0,2.0,A01
201500055375,0,7,0,0.0,2.0,4.0,23.0,B01
201500055376,0,7,0,0.0,2.0,4.0,23.0,C01
201500055376,0,7,0,0.0,2.0,4.0,23.0,B01
201500055376,0,7,0,0.0,2.0,1.0,2.0,A01
201500055377,1,7,0,0.0,1.0,1.0,1.0,Z01
201500055378,0,31,0,0.0,2.0,6.0,17.0,A01
201500055378,1,7,0,0.0,2.0,3.0,13.0,Z01
201500055379,0,7,0,0.0,2.0,2.0,16.0,B01
201500055379,0,30,0,0.0,2.0,1.0,18.0,A01
201500055380,0,7,0,0.0,1.0,1.0,15.0,A01
201500055381,0,2,0,0.0,1.0,1.0,15.0,A01
201500055382,0,1,0,12.0,0.0,1.0,14.0,A01
201500055383,0,31,0,0.0,2.0,1.0,2.0,A01
201500055383,0,7,0,0.0,2.0,6.0,2.0,B01
201500055384,0,32,0,0.0,2.0,1.0,17.0,A01
201500055384,0,7,0,0.0,2.0,8.0,10.0,B01
201500055385,0,7,0,0.0,2.0,0.0,1.0,B01
201500055385,0,30,0,0.0,2.0,0.0,1.0,A01
201500055386,0,1,0,0.0,1.0,0.0,1.0,A01
201500055387,0,33,0,0.0,2.0,1.0,5.0,B01
201500055387,0,7,0,0.0,2.0,8.0,13.0,A01
201500055388,0,2,0,0.0,1.0,7.0,16.0,A01
201500055389,0,31,0,0.0,2.0,1.0,5.0,B01
201500055389,0,10,0,0.0,2.0,3.0,10.0,A01
201500055390,0,33,0,0.0,0.0,0.0,1.0,A01
201500055391,0,7,0,1.0,1.0,3.0,1.0,A01
201500055392,0,33,0,0.0,1.0,0.0,1.0,A01
201500055393,0,34,0,0.0,1.0,1.0,1.0,A01
201500055394,1,7,0,0.0,1.0,0.0,1.0,Z01
201500055395,0,7,0,0.0,2.0,2.0,1.0,A01
201500055395,0,1,0,0.0,2.0,8.0,19.0,B01
201500055396,0,13,0,0.0,2.0,6.0,11.0,B01
201500055396,0,7,0,0.0,2.0,2.0,1.0,A01
201500055397,0,34,0,15.0,0.0,3.0,13.0,A01
201500055398,0,7,0,0.0,1.0,2.0,1.0,A01
201500055399,0,7,0,0.0,1.0,3.0,1.0,A01
201500055400,0,7,0,0.0,2.0,2.0,1.0,A01
201500055400,0,7,0,0.0,2.0,6.0,1.0,B01
201500055401,0,33,0,0.0,0.0,8.0,21.0,A01
201500055402,0,7,0,0.0,1.0,1.0,1.0,A01
201500055403,0,7,0,0.0,1.0,2.0,1.0,A01
201500055404,0,2,0,0.0,2.0,1.0,1.0,A01
201500055404,0,7,0,0.0,2.0,3.0,9.0,B01
201500055405,2,34,0,14.0,2.0,8.0,1.0,A01
201500055405,0,7,0,14.0,2.0,5.0,22.0,B01
201500055406,0,32,0,0.0,2.0,0.0,18.0,B01
201500055406,0,14,0,0.0,2.0,2.0,16.0,A01
201500055407,0,2,0,0.0,2.0,3.0,13.0,B01
201500055407,0,7,0,0.0,2.0,2.0,12.0,A01
201500055408,0,31,0,0.0,2.0,1.0,1.0,A01
201500055408,0,10,0,0.0,2.0,3.0,15.0,B01
201500055409,0,7,0,0.0,2.0,1.0,10.0,A01
201500055409,0,1,0,0.0,2.0,8.0,1.0,B01
201500055410,0,7,0,0.0,2.0,4.0,23.0,A01
201500055410,2,7,0,0.0,2.0,1.0,2.0,Z01
201500055411,0,32,0,0.0,2.0,1.0,1.0,B01
201500055411,0,7,0,0.0,2.0,3.0,22.0,A01
201500055412,0,7,0,0.0,2.0,2.0,16.0,A01
201500055412,0,33,0,0.0,2.0,6.0,16.0,B01
201500055413,0,7,0,0.0,2.0,6.0,23.0,C01
201500055413,0,7,0,0.0,2.0,2.0,23.0,B01
201500055413,0,33,0,0.0,2.0,2.0,1.0,A01
201500055414,0,33,0,0.0,2.0,1.0,1.0,A01
201500055414,0,7,0,0.0,2.0,7.0,23.0,B01
201500055415,0,7,0,0.0,1.0,0.0,15.0,A01
201500055416,0,31,0,0.0,0.0,3.0,21.0,A01
201500055417,1,2,0,0.0,1.0,0.0,1.0,Z01
201500055418,0,7,0,0.0,2.0,1.0,16.0,A01
201500055418,0,1,0,0.0,2.0,7.0,1.0,B01
201500055419,0,7,0,0.0,2.0,3.0,15.0,B01
201500055419,0,30,0,0.0,2.0,1.0,1.0,A01
201500055420,0,7,0,0.0,1.0,4.0,4.0,A01
201500055421,0,7,0,0.0,2.0,3.0,1.0,C01
201500055421,0,7,0,0.0,2.0,3.0,9.0,A01
201500055421,0,30,0,0.0,2.0,2.0,1.0,B01
201500055422,0,7,0,0.0,1.0,1.0,1.0,A01
201500055423,0,34,0,0.0,1.0,2.0,17.0,A01
201500055424,0,7,0,0.0,1.0,2.0,1.0,A01
201500055425,0,10,0,0.0,2.0,3.0,23.0,B01
201500055425,0,2,0,0.0,2.0,1.0,17.0,A01
201500055426,0,1,0,0.0,2.0,7.0,1.0,A01
201500055426,1,33,0,0.0,2.0,8.0,13.0,Z01
201500055427,0,30,0,0.0,2.0,1.0,1.0,A01
201500055427,0,7,0,0.0,2.0,5.0,15.0,B01
201500055428,0,7,0,0.0,1.0,1.0,1.0,A01
201500055429,1,7,0,0.0,1.0,3.0,1.0,A01
201500055430,0,2,0,0.0,1.0,1.0,1.0,A01
201500055431,0,7,0,0.0,1.0,3.0,1.0,A01
201500055432,0,31,0,12.0,0.0,1.0,13.0,A01
201500055433,0,7,0,0.0,1.0,2.0,1.0,A01
201500055434,0,7,0,0.0,2.0,4.0,1.0,A01
201500055434,0,7,0,0.0,2.0,2.0,1.0,B01
201500055435,0,7,0,0.0,1.0,2.0,15.0,A01
201500055436,0,7,0,0.0,1.0,1.0,1.0,A01
201500055437,0,7,0,0.0,1.0,2.0,16.0,A01
201500055438,0,37,0,0.0,1.0,2.0,1.0,A01
201500055439,0,7,0,0.0,2.0,2.0,1.0,A01
201500055439,0,2,0,0.0,2.0,1.0,1.0,B01
201500055440,1,7,0,0.0,1.0,1.0,1.0,Z01
201500055441,0,33,0,0.0,2.0,3.0,18.0,B01
201500055441,0,7,0,0.0,2.0,3.0,1.0,A01
201500055442,1,7,0,0.0,1.0,0.0,1.0,Z01
201500055443,0,34,0,8.0,0.0,3.0,1.0,A01
201500055444,1,30,0,8.0,0.0,1.0,5.0,A01
201500055445,0,30,0,0.0,0.0,0.0,21.0,A01
201500055446,0,7,0,0.0,2.0,3.0,15.0,A01
201500055446,0,33,0,0.0,2.0,1.0,17.0,B01
201500055447,0,7,0,0.0,1.0,2.0,1.0,A01
201500055448,0,33,0,0.0,2.0,3.0,1.0,B01
201500055448,0,7,0,0.0,2.0,5.0,16.0,A01
201500055449,0,32,0,0.0,1.0,1.0,1.0,A01
201500055450,0,32,0,0.0,1.0,1.0,1.0,A01
201500055451,0,7,0,0.0,1.0,2.0,1.0,A01
201500055452,0,30,0,0.0,2.0,3.0,1.0,A01
201500055452,1,7,0,0.0,2.0,2.0,15.0,Z01
201500055453,0,2,0,0.0,2.0,1.0,1.0,B01
201500055453,0,7,0,0.0,2.0,1.0,9.0,A01
201500055454,0,32,0,1.0,0.0,2.0,14.0,A01
201500055455,0,34,0,0.0,2.0,1.0,2.0,A01
201500055455,0,7,0,0.0,2.0,5.0,2.0,B01
201500055456,0,7,0,0.0,2.0,6.0,1.0,B01
201500055456,0,7,0,9.0,2.0,3.0,1.0,A01
201500055457,0,7,0,9.0,2.0,7.0,1.0,B01
201500055457,0,33,0,0.0,2.0,1.0,1.0,A01
201500055458,0,31,0,0.0,1.0,1.0,1.0,A01
201500055459,1,7,0,0.0,2.0,0.0,0.0,Z01
201500055459,0,10,0,0.0,2.0,4.0,12.0,A01
201500055460,0,40,0,0.0,2.0,1.0,1.0,B01
201500055460,0,30,0,0.0,2.0,1.0,1.0,A01
201500055461,0,2,0,0.0,0.0,8.0,12.0,A01
201500055462,0,2,0,0.0,2.0,1.0,1.0,A01
201500055462,2,7,0,6.0,2.0,6.0,1.0,B01
201500055463,0,7,0,0.0,2.0,2.0,15.0,B01
201500055463,0,33,0,0.0,2.0,1.0,18.0,A01
201500055464,0,32,0,0.0,1.0,0.0,1.0,A01
201500055465,0,1,0,0.0,1.0,0.0,1.0,A01
201500055466,0,7,0,0.0,2.0,3.0,15.0,A01
201500055466,0,34,0,0.0,2.0,5.0,17.0,B01
201500055467,0,7,0,0.0,2.0,3.0,11.0,B01
201500055467,0,33,0,0.0,2.0,7.0,17.0,A01
201500055468,0,7,0,8.0,1.0,1.0,1.0,A01
201500055469,0,1,0,0.0,1.0,1.0,7.0,A01
201500055470,0,1,0,0.0,2.0,4.0,1.0,B01
201500055470,0,7,0,0.0,2.0,2.0,1.0,A01
201500055471,0,7,0,0.0,1.0,2.0,1.0,A01
201500055472,0,30,0,12.0,0.0,1.0,14.0,A01
201500055473,0,37,0,0.0,1.0,2.0,1.0,A01
201500055474,0,31,0,0.0,0.0,8.0,1.0,A01
201500055475,0,30,0,0.0,2.0,1.0,1.0,B01
201500055475,0,7,0,0.0,2.0,1.0,15.0,A01
201500055476,0,33,0,0.0,2.0,1.0,1.0,C01
201500055476,0,7,0,0.0,2.0,1.0,13.0,A01
201500055476,0,33,0,0.0,2.0,1.0,1.0,B01
201500055477,0,34,0,0.0,2.0,6.0,23.0,B01
201500055477,0,34,0,0.0,2.0,1.0,21.0,A01
201500055478,0,33,0,0.0,2.0,2.0,1.0,B01
201500055478,0,7,0,0.0,2.0,3.0,10.0,A01
201500055479,0,1,0,0.0,0.0,1.0,1.0,A01
201500055480,0,33,0,0.0,2.0,8.0,1.0,A01
201500055480,1,7,0,0.0,2.0,3.0,15.0,Z01
201500055481,0,33,0,0.0,0.0,7.0,1.0,A01
201500055482,0,7,0,0.0,1.0,2.0,1.0,A01
201500055483,0,7,0,0.0,1.0,2.0,1.0,A01
201500055484,0,1,0,0.0,1.0,1.0,18.0,A01
201500055485,0,32,0,0.0,2.0,1.0,1.0,A01
201500055485,0,37,1,0.0,2.0,3.0,15.0,B01
201500055486,1,7,0,0.0,1.0,7.0,5.0,Z01
201500055487,0,7,0,0.0,1.0,1.0,1.0,A01
201500055488,0,7,0,0.0,2.0,1.0,1.0,A01
201500055488,0,7,0,0.0,2.0,8.0,15.0,B01
201500055489,0,7,0,0.0,2.0,2.0,9.0,B01
201500055489,0,31,0,1.0,2.0,9.0,1.0,A01
201500055490,0,30,0,0.0,2.0,3.0,13.0,B01
201500055490,0,31,0,0.0,2.0,2.0,17.0,A01
201500055491,0,7,0,0.0,2.0,3.0,9.0,A01
201500055491,0,32,0,0.0,2.0,1.0,1.0,B01
201500055492,0,33,0,1.0,0.0,2.0,7.0,A01
201500055493,0,37,0,0.0,1.0,2.0,7.0,A01
201500055494,0,7,0,0.0,2.0,1.0,15.0,B01
201500055494,0,33,0,0.0,2.0,7.0,1.0,A01
201500055495,0,7,0,0.0,1.0,1.0,1.0,A01
201500055496,0,7,0,0.0,1.0,3.0,1.0,A01
201500055497,0,7,0,0.0,2.0,2.0,1.0,A01
201500055497,0,33,0,0.0,2.0,3.0,1.0,B01
201500055498,0,7,0,1.0,0.0,1.0,1.0,A01
201500055499,0,7,0,0.0,1.0,2.0,1.0,A01
201500055500,0,7,0,0.0,1.0,2.0,1.0,A01
201500055501,0,31,0,0.0,2.0,1.0,1.0,B01
201500055501,0,7,0,0.0,2.0,2.0,9.0,A01
201500055502,0,7,0,0.0,1.0,2.0,1.0,A01
201500055503,0,7,0,0.0,1.0,1.0,15.0,A01
201500055504,0,14,0,0.0,2.0,2.0,16.0,A01
201500055504,0,32,0,0.0,2.0,6.0,16.0,B01
201500055505,0,17,0,0.0,2.0,1.0,11.0,A01
201500055505,0,7,0,0.0,2.0,8.0,1.0,B01
201500055506,0,30,0,0.0,1.0,1.0,1.0,A01
201500055507,0,30,0,7.0,0.0,1.0,14.0,A01