Num_Acc,senc,catv,occutc,obs,obsm,choc,manv,num_veh
201500056066,0,2,0,0.0,2.0,1.0,17.0,B01
201500056067,0,7,0,6.0,2.0,7.0,15.0,A01
201500056067,0,33,0,1.0,2.0,1.0,1.0,B01
201500056068,0,10,0,0.0,2.0,8.0,13.0,A01
201500056068,0,33,0,0.0,2.0,1.0,7.0,B01
201500056069,0,7,0,0.0,2.0,3.0,1.0,A01
201500056069,0,7,0,0.0,2.0,5.0,23.0,B01
201500056070,0,7,0,0.0,1.0,7.0,1.0,A01
201500056071,0,7,0,0.0,1.0,3.0,7.0,A01
201500056072,1,30,0,0.0,1.0,0.0,1.0,Z01
201500056073,0,33,0,0.0,2.0,1.0,1.0,B01
201500056073,0,10,0,0.0,2.0,7.0,15.0,A01
201500056074,0,33,0,4.0,0.0,1.0,13.0,A01
201500056075,0,7,0,0.0,2.0,1.0,15.0,A01
201500056075,0,33,0,0.0,2.0,1.0,1.0,B01
201500056076,0,7,0,0.0,2.0,8.0,22.0,A01
201500056076,0,1,0,0.0,2.0,5.0,1.0,B01
201500056077,0,7,0,0.0,1.0,1.0,11.0,A01
201500056078,0,1,0,0.0,2.0,5.0,13.0,A01
201500056078,0,7,0,0.0,2.0,5.0,23.0,B01
201500056079,0,7,0,0.0,2.0,1.0,16.0,A01
201500056079,0,1,0,0.0,2.0,7.0,19.0,B01
201500056080,0,33,0,0.0,2.0,3.0,3.0,A01
201500056080,0,7,0,0.0,2.0,7.0,12.0,B01
201500056081,0,13,0,0.0,2.0,4.0,1.0,C01
201500056081,0,7,0,0.0,2.0,1.0,13.0,A01
201500056081,0,10,0,0.0,2.0,2.0,1.0,B01
201500056082,2,7,0,0.0,2.0,1.0,5.0,Z01
201500056082,0,7,0,0.0,2.0,7.0,1.0,A01
201500056083,0,37,0,0.0,1.0,2.0,1.0,A01
201500056084,0,14,0,0.0,1.0,2.0,1.0,A01
201500056085,0,7,0,0.0,2.0,1.0,1.0,B01
201500056085,0,7,0,1.0,1.0,2.0,1.0,A01
201500056086,0,7,0,0.0,2.0,0.0,1.0,A01
201500056086,0,7,0,0.0,2.0,5.0,23.0,B01
201500056087,0,7,0,0.0,1.0,2.0,1.0,A01
201500056088,0,32,0,8.0,0.0,1.0,1.0,A01
201500056089,0,7,0,0.0,2.0,7.0,12.0,A01
201500056089,0,33,0,0.0,2.0,8.0,3.0,B01
201500056090,0,7,0,1.0,2.0,4.0,23.0,C01
201500056090,0,14,0,0.0,2.0,1.0,2.0,A01
201500056090,0,7,0,0.0,2.0,4.0,23.0,D01
201500056090,0,7,0,0.0,2.0,4.0,23.0,E01
201500056090,0,7,0,0.0,2.0,4.0,23.0,B01
201500056091,1,7,0,0.0,2.0,1.0,2.0,Z01
201500056091,0,7,0,4.0,2.0,4.0,2.0,A01
201500056092,0,7,0,0.0,2.0,6.0,2.0,B01
201500056092,0,33,0,0.0,2.0,8.0,2.0,A01
201500056093,0,33,0,0.0,2.0,2.0,1.0,A01
201500056093,1,7,0,0.0,2.0,6.0,11.0,Z01
201500056094,0,7,0,0.0,2.0,4.0,2.0,B01
201500056094,0,33,0,0.0,2.0,1.0,2.0,A01
201500056095,0,7,0,0.0,2.0,4.0,1.0,C01
201500056095,0,34,0,0.0,2.0,8.0,3.0,A01
201500056095,0,7,0,0.0,2.0,7.0,12.0,B01
201500056096,0,7,0,0.0,2.0,1.0,2.0,A01
201500056096,0,7,0,0.0,2.0,4.0,23.0,B01
201500056097,0,10,0,0.0,2.0,2.0,1.0,B01
201500056097,0,7,0,12.0,2.0,1.0,14.0,A01
201500056098,0,7,0,0.0,2.0,8.0,11.0,A01
201500056098,0,33,0,0.0,2.0,7.0,3.0,B01
201500056099,0,33,0,0.0,0.0,7.0,3.0,A01
201500056100,1,7,0,0.0,2.0,5.0,12.0,Z01
201500056100,0,33,0,0.0,2.0,3.0,3.0,A01
201500056101,1,7,0,0.0,2.0,3.0,11.0,Z01
201500056101,0,31,0,0.0,2.0,2.0,3.0,A01
201500056102,0,7,0,0.0,2.0,7.0,12.0,A01
201500056102,0,10,0,0.0,2.0,8.0,1.0,C01
201500056102,0,33,0,0.0,2.0,1.0,3.0,B01
201500056103,0,7,0,0.0,2.0,1.0,1.0,A01
201500056103,0,7,0,0.0,2.0,4.0,1.0,B01
201500056103,0,7,0,0.0,2.0,1.0,1.0,C01
201500056103,0,7,0,0.0,2.0,1.0,1.0,D01
201500056104,0,7,0,0.0,2.0,4.0,1.0,B01
201500056104,0,7,0,0.0,2.0,1.0,1.0,A01
201500056105,0,10,0,0.0,2.0,0.0,13.0,A01
201500056105,0,31,0,0.0,2.0,8.0,1.0,B01
201500056106,0,10,0,0.0,2.0,0.0,1.0,B01
201500056106,0,33,0,0.0,2.0,0.0,23.0,A01
201500056107,0,7,0,0.0,2.0,8.0,11.0,A01
201500056107,0,33,0,0.0,2.0,7.0,3.0,B01
201500056108,0,7,0,0.0,2.0,1.0,2.0,A01
201500056108,0,7,0,0.0,2.0,4.0,23.0,C01
201500056108,0,7,0,0.0,2.0,4.0,23.0,B01
201500056109,0,7,0,0.0,2.0,1.0,1.0,A01
201500056109,0,7,0,0.0,2.0,4.0,1.0,B01
201500056109,0,7,0,0.0,2.0,6.0,1.0,D01
201500056109,0,33,0,0.0,2.0,4.0,1.0,C01
201500056110,0,10,0,0.0,2.0,8.0,11.0,A01
201500056110,0,31,0,0.0,2.0,7.0,3.0,B01
201500056111,0,33,0,0.0,0.0,0.0,3.0,A01
201500056112,0,33,0,0.0,2.0,2.0,1.0,B01
201500056112,0,7,0,0.0,2.0,6.0,11.0,A01
201500056113,0,7,0,0.0,2.0,4.0,1.0,B01
201500056113,0,7,0,0.0,2.0,1.0,1.0,A01
201500056113,0,7,0,0.0,2.0,3.0,1.0,C01
201500056114,0,34,0,14.0,0.0,1.0,1.0,A01
201500056115,0,31,0,0.0,2.0,2.0,1.0,A01
201500056115,0,7,0,0.0,2.0,6.0,23.0,B01
201500056116,0,32,0,0.0,0.0,8.0,3.0,A01
201500056117,0,7,0,0.0,2.0,5.0,1.0,B01
201500056117,0,33,0,0.0,2.0,1.0,3.0,A01
201500056118,0,7,0,0.0,2.0,6.0,11.0,A01
201500056118,0,33,0,4.0,2.0,7.0,1.0,B01
201500056119,0,7,0,0.0,2.0,5.0,1.0,B01
201500056119,0,34,0,0.0,2.0,3.0,3.0,A01
201500056120,0,7,0,0.0,2.0,4.0,1.0,B01
201500056120,0,7,0,0.0,2.0,1.0,1.0,A01
201500056121,0,34,0,0.0,2.0,4.0,3.0,B01
201500056121,0,7,0,0.0,2.0,2.0,23.0,C01
201500056121,0,32,0,0.0,2.0,1.0,3.0,A01
201500056122,0,33,0,0.0,2.0,1.0,3.0,A01
201500056122,0,7,0,0.0,2.0,4.0,12.0,B01
201500056123,0,10,0,0.0,2.0,5.0,12.0,A01
201500056123,0,32,0,0.0,2.0,1.0,1.0,B01
201500056124,0,7,0,0.0,2.0,4.0,1.0,C01
201500056124,0,10,0,0.0,2.0,1.0,1.0,A01
201500056124,0,7,0,0.0,2.0,4.0,1.0,B01
201500056125,0,32,0,0.0,0.0,8.0,1.0,A01
201500056126,1,7,0,0.0,2.0,2.0,3.0,Z01
201500056126,0,7,0,0.0,2.0,6.0,1.0,A01
201500056127,0,7,0,0.0,2.0,8.0,23.0,C01
201500056127,0,10,0,0.0,2.0,3.0,13.0,A01
201500056127,0,33,0,4.0,2.0,2.0,11.0,B01
201500056128,0,7,0,4.0,2.0,2.0,13.0,A01
201500056128,0,7,0,0.0,2.0,0.0,23.0,B01
201500056129,0,33,0,0.0,2.0,1.0,2.0,A01
201500056129,0,7,0,0.0,2.0,4.0,2.0,B01
201500056130,0,7,0,0.0,2.0,1.0,2.0,A01
201500056130,0,10,0,0.0,2.0,4.0,2.0,B01
201500056131,0,10,0,0.0,2.0,6.0,11.0,A01
201500056131,0,34,0,0.0,2.0,1.0,3.0,B01
201500056132,0,7,0,4.0,2.0,4.0,2.0,C01
201500056132,0,7,0,0.0,2.0,4.0,2.0,D01
201500056132,0,10,0,0.0,2.0,1.0,2.0,A01
201500056132,0,7,0,0.0,2.0,4.0,2.0,B01
201500056133,0,10,0,0.0,2.0,4.0,2.0,D01
201500056133,0,7,0,0.0,2.0,1.0,2.0,A01
201500056133,0,10,0,0.0,2.0,4.0,2.0,C01
201500056133,0,7,0,0.0,2.0,4.0,2.0,B01
201500056134,0,7,0,0.0,2.0,1.0,2.0,A01
201500056134,0,7,0,0.0,2.0,4.0,2.0,B01
201500056135,0,33,0,0.0,2.0,1.0,3.0,B01
201500056135,0,7,0,0.0,2.0,5.0,12.0,A01
201500056136,0,31,0,0.0,2.0,1.0,3.0,A01
201500056136,0,34,0,0.0,2.0,4.0,3.0,B01
201500056136,0,7,0,0.0,2.0,4.0,1.0,C01
201500056137,0,33,0,0.0,2.0,1.0,2.0,A01
201500056137,0,7,0,0.0,2.0,5.0,2.0,B01
201500056138,0,7,0,0.0,2.0,7.0,12.0,A01
201500056138,0,34,0,0.0,2.0,8.0,1.0,B01
201500056139,0,33,0,0.0,2.0,4.0,3.0,B01
201500056139,0,32,0,0.0,2.0,1.0,3.0,A01
201500056140,0,33,0,0.0,2.0,1.0,1.0,A01
201500056140,0,7,0,0.0,2.0,4.0,1.0,B01
201500056141,0,7,0,3.0,0.0,1.0,1.0,A01
201500056142,0,10,0,0.0,2.0,1.0,1.0,A01
201500056142,0,7,0,0.0,2.0,4.0,23.0,B01
201500056142,0,7,0,0.0,2.0,4.0,23.0,C01
201500056143,0,7,0,0.0,2.0,3.0,1.0,B01
201500056143,0,31,0,0.0,2.0,7.0,17.0,A01
201500056144,0,34,0,0.0,2.0,8.0,3.0,A01
201500056144,0,10,0,0.0,2.0,5.0,1.0,B01
201500056145,0,31,0,12.0,0.0,1.0,12.0,A01
201500056146,0,7,0,0.0,2.0,4.0,1.0,C01
201500056146,0,7,0,0.0,2.0,4.0,1.0,B01
201500056146,0,7,0,0.0,2.0,1.0,1.0,A01
201500056147,0,7,0,0.0,2.0,7.0,12.0,A01
201500056147,0,7,0,0.0,2.0,4.0,1.0,C01
201500056147,0,33,0,0.0,2.0,1.0,1.0,B01
201500056148,0,7,0,0.0,2.0,4.0,1.0,B01
201500056148,0,7,0,0.0,2.0,1.0,1.0,A01
201500056149,0,7,0,15.0,2.0,5.0,1.0,A01
201500056149,0,7,0,0.0,2.0,8.0,1.0,B01
201500056150,0,7,0,0.0,2.0,4.0,1.0,B01
201500056150,0,7,0,0.0,2.0,2.0,11.0,A01
201500056151,0,7,0,2.0,2.0,4.0,23.0,B01
201500056151,0,10,0,0.0,0.0,4.0,23.0,C01
201500056151,0,7,0,0.0,2.0,1.0,2.0,A01
201500056152,0,7,0,0.0,2.0,5.0,23.0,A01
201500056152,0,7,0,0.0,2.0,3.0,21.0,B01
201500056153,0,33,0,0.0,2.0,3.0,12.0,A01
201500056153,0,33,0,0.0,2.0,8.0,1.0,B01
201500056154,0,7,0,0.0,2.0,1.0,2.0,A01
201500056154,0,7,0,4.0,2.0,4.0,2.0,B01
201500056155,0,7,0,0.0,2.0,7.0,12.0,A01
201500056155,0,31,0,0.0,2.0,8.0,3.0,B01
201500056156,0,31,0,0.0,2.0,2.0,3.0,A01
201500056156,0,7,0,0.0,2.0,6.0,13.0,B01
201500056157,0,33,0,0.0,2.0,1.0,2.0,A01
201500056157,0,7,0,0.0,2.0,4.0,2.0,B01
201500056158,0,33,0,0.0,2.0,3.0,3.0,B01
201500056158,0,7,0,0.0,2.0,5.0,1.0,D01
201500056158,0,33,0,0.0,2.0,8.0,11.0,A01
201500056158,0,7,0,0.0,2.0,6.0,1.0,C01
201500056159,0,7,0,4.0,0.0,3.0,14.0,A01
201500056160,0,31,0,0.0,2.0,8.0,18.0,A01
201500056160,1,10,0,0.0,2.0,0.0,14.0,Z01
201500056161,0,7,0,0.0,2.0,6.0,23.0,B01
201500056161,0,33,0,0.0,2.0,1.0,3.0,A01
201500056161,1,10,0,0.0,2.0,0.0,12.0,Z01
201500056162,0,33,0,0.0,2.0,7.0,2.0,A01
201500056162,0,10,0,0.0,2.0,6.0,2.0,B01
201500056163,0,10,0,0.0,2.0,1.0,2.0,C01
201500056163,0,10,0,0.0,2.0,1.0,2.0,A01
201500056163,0,10,0,0.0,2.0,4.0,2.0,B01
201500056164,0,7,0,0.0,2.0,6.0,23.0,B01
201500056164,0,7,0,0.0,2.0,2.0,2.0,A01
201500056165,0,7,0,0.0,2.0,2.0,13.0,A01
201500056165,0,31,0,0.0,2.0,3.0,3.0,B01
201500056165,0,7,0,0.0,2.0,4.0,23.0,C01
201500056166,0,7,0,0.0,2.0,5.0,1.0,B01
201500056166,0,2,0,0.0,2.0,8.0,13.0,A01
201500056167,0,7,0,0.0,2.0,4.0,23.0,C01
201500056167,0,7,0,0.0,2.0,1.0,2.0,A01
201500056167,0,7,0,0.0,2.0,4.0,23.0,B01
201500056168,0,7,0,0.0,2.0,4.0,2.0,B01
201500056168,0,7,0,0.0,2.0,1.0,2.0,A01
201500056168,0,7,0,0.0,2.0,4.0,23.0,D01
201500056168,0,7,0,0.0,2.0,4.0,2.0,C01
201500056169,0,7,0,0.0,2.0,6.0,1.0,B01
201500056169,1,7,0,0.0,2.0,1.0,2.0,Z01
201500056169,0,34,0,0.0,2.0,3.0,2.0,A01
201500056170,0,15,0,0.0,2.0,2.0,16.0,A01
201500056170,0,7,0,0.0,2.0,8.0,1.0,B01
201500056170,0,7,0,0.0,2.0,3.0,1.0,C01
201500056171,0,7,0,0.0,2.0,4.0,2.0,B01
201500056171,0,10,0,0.0,2.0,4.0,2.0,C01
201500056171,0,10,0,0.0,2.0,4.0,2.0,D01
201500056171,0,7,0,0.0,2.0,1.0,2.0,A01
201500056172,0,7,0,0.0,2.0,4.0,2.0,B01
201500056172,0,31,0,0.0,2.0,1.0,2.0,A01
201500056173,0,31,0,0.0,2.0,8.0,3.0,B01
201500056173,0,7,0,0.0,2.0,2.0,12.0,A01
201500056174,0,33,0,0.0,2.0,1.0,2.0,A01
201500056174,0,10,0,0.0,2.0,6.0,2.0,B01
201500056175,0,33,0,0.0,2.0,7.0,1.0,B01
201500056175,1,7,0,0.0,2.0,8.0,11.0,A01
201500056176,0,10,0,0.0,2.0,4.0,2.0,B01
201500056176,0,33,0,0.0,2.0,1.0,2.0,A01
201500056177,0,33,0,0.0,2.0,8.0,1.0,B01
201500056177,0,10,0,0.0,2.0,2.0,12.0,A01
201500056178,0,31,0,0.0,2.0,1.0,3.0,A01
201500056178,0,10,0,0.0,2.0,4.0,1.0,B01
201500056179,0,33,0,1.0,2.0,1.0,12.0,A01
201500056179,0,7,0,0.0,2.0,5.0,1.0,B01
201500056180,0,7,0,0.0,2.0,7.0,12.0,A01
201500056180,0,33,0,0.0,2.0,3.0,3.0,B01
201500056181,0,33,0,0.0,2.0,2.0,3.0,B01
201500056181,0,7,0,0.0,2.0,6.0,11.0,A01
201500056182,0,7,0,0.0,2.0,2.0,2.0,A01
201500056182,0,7,0,0.0,2.0,6.0,23.0,B01
201500056183,0,34,0,0.0,2.0,4.0,23.0,A01
201500056183,0,7,0,0.0,2.0,5.0,23.0,B01
201500056183,1,7,0,0.0,2.0,1.0,3.0,Z01
201500056184,0,33,0,0.0,2.0,8.0,18.0,A01
201500056184,0,10,0,0.0,2.0,7.0,1.0,B01
201500056185,0,7,0,0.0,2.0,3.0,11.0,A01
201500056185,0,33,0,0.0,2.0,7.0,3.0,B01
201500056186,0,7,0,10.0,0.0,3.0,13.0,A01
201500056187,0,7,0,0.0,2.0,6.0,11.0,A01
201500056187,0,33,0,0.0,2.0,2.0,1.0,B01
201500056188,0,34,0,0.0,0.0,8.0,1.0,A01
201500056189,0,33,0,0.0,2.0,3.0,1.0,A01
201500056189,2,7,0,0.0,2.0,7.0,12.0,Z01
201500056190,0,7,0,0.0,2.0,7.0,1.0,B01
201500056190,0,1,0,0.0,2.0,3.0,15.0,A01
201500056191,0,32,0,0.0,0.0,1.0,1.0,A01
201500056192,0,7,0,0.0,2.0,5.0,1.0,B01
201500056192,0,33,0,0.0,2.0,1.0,3.0,A01
201500056193,0,7,0,5.0,0.0,1.0,14.0,A01
201500056194,0,7,0,0.0,2.0,2.0,12.0,A01
201500056194,0,33,0,0.0,2.0,1.0,3.0,B01
201500056194,0,7,0,0.0,2.0,1.0,1.0,C01
201500056195,1,7,0,0.0,2.0,0.0,14.0,Z01
201500056195,0,7,0,4.0,2.0,8.0,1.0,A01
201500056196,0,32,0,0.0,0.0,8.0,1.0,A01
201500056197,0,7,0,0.0,2.0,4.0,1.0,B01
201500056197,0,14,0,0.0,2.0,1.0,1.0,A01
201500056198,0,33,0,0.0,2.0,7.0,3.0,A01
201500056198,0,10,0,0.0,2.0,6.0,12.0,B01
201500056199,0,7,0,0.0,2.0,4.0,2.0,B01
201500056199,0,7,0,0.0,2.0,4.0,2.0,D01
201500056199,0,7,0,0.0,2.0,1.0,2.0,A01
201500056199,0,7,0,0.0,2.0,4.0,2.0,C01
201500056200,0,10,0,0.0,2.0,5.0,2.0,D01
201500056200,0,7,0,0.0,2.0,3.0,2.0,C01
201500056200,0,2,0,0.0,2.0,8.0,12.0,A01
201500056200,0,7,0,0.0,2.0,5.0,2.0,B01
201500056201,0,34,0,0.0,0.0,8.0,1.0,A01
201500056202,0,7,0,0.0,2.0,1.0,2.0,A01
201500056202,0,10,0,0.0,2.0,4.0,23.0,B01
201500056203,0,7,0,0.0,2.0,4.0,1.0,C01
201500056203,0,7,0,0.0,2.0,0.0,11.0,A01
201500056203,0,33,0,0.0,2.0,1.0,1.0,B01
201500056204,0,31,0,0.0,2.0,1.0,2.0,A01
201500056204,0,7,0,0.0,2.0,5.0,23.0,B01
201500056205,0,33,0,0.0,2.0,3.0,11.0,A01
201500056205,0,33,0,0.0,2.0,2.0,3.0,B01
201500056205,0,10,0,0.0,2.0,5.0,23.0,D01
201500056205,0,7,0,0.0,2.0,8.0,23.0,C01
201500056206,0,7,0,0.0,2.0,4.0,2.0,B01
201500056206,0,14,0,2.0,2.0,1.0,2.0,A01
201500056207,0,10,0,0.0,2.0,1.0,2.0,A01
201500056207,0,34,0,0.0,2.0,4.0,2.0,B01
201500056207,0,7,0,0.0,2.0,6.0,1.0,C01
201500056208,0,7,0,0.0,2.0,4.0,2.0,C01
201500056208,0,10,0,0.0,2.0,4.0,2.0,B01
201500056208,0,10,0,0.0,2.0,4.0,2.0,D01
201500056208,0,10,0,0.0,2.0,1.0,2.0,A01
201500056209,0,7,0,0.0,2.0,3.0,11.0,B01
201500056209,0,33,0,0.0,2.0,1.0,3.0,A01
201500056210,0,33,0,12.0,2.0,1.0,14.0,A01
201500056210,0,7,0,0.0,2.0,2.0,1.0,B01
201500056211,0,33,0,12.0,0.0,7.0,14.0,A01
201500056212,0,33,0,0.0,2.0,6.0,3.0,B01
201500056212,0,33,0,0.0,2.0,5.0,14.0,A01
201500056213,0,32,0,0.0,2.0,8.0,3.0,B01
201500056213,0,7,0,0.0,2.0,3.0,11.0,A01
201500056214,0,32,0,0.0,2.0,1.0,1.0,B01
201500056214,0,7,0,0.0,2.0,8.0,22.0,A01
201500056215,0,10,0,0.0,2.0,0.0,1.0,B01
201500056215,0,7,0,0.0,2.0,1.0,1.0,A01
201500056216,0,33,0,0.0,2.0,2.0,3.0,A01
201500056216,0,7,0,0.0,2.0,3.0,13.0,B01
201500056217,0,32,0,0.0,2.0,1.0,1.0,B01
201500056217,0,7,0,0.0,2.0,6.0,4.0,A01
201500056218,0,33,0,0.0,2.0,6.0,2.0,A01
201500056218,1,33,0,0.0,2.0,0.0,2.0,Z01
201500056219,0,7,0,0.0,2.0,4.0,1.0,C01
201500056219,0,7,0,0.0,2.0,3.0,11.0,A01
201500056219,0,32,0,0.0,2.0,0.0,3.0,B01
201500056220,0,7,0,0.0,2.0,7.0,12.0,A01
201500056220,0,32,0,0.0,2.0,3.0,3.0,B01
201500056221,0,7,0,0.0,2.0,3.0,11.0,A01
201500056221,0,33,0,0.0,2.0,7.0,1.0,B01
201500056222,0,32,0,0.0,2.0,3.0,3.0,B01
201500056222,0,10,0,0.0,2.0,5.0,12.0,A01
201500056223,0,34,0,0.0,2.0,8.0,3.0,B01
201500056223,0,7,0,0.0,2.0,7.0,12.0,A01
201500056224,0,34,0,0.0,2.0,1.0,12.0,A01
201500056224,0,10,0,0.0,2.0,5.0,23.0,B01
201500056225,0,7,0,0.0,2.0,4.0,23.0,C01
201500056225,0,7,0,0.0,2.0,4.0,23.0,B01
201500056225,0,7,0,0.0,2.0,1.0,1.0,A01
201500056226,0,32,0,4.0,0.0,8.0,13.0,A01
201500056227,0,7,0,0.0,2.0,1.0,2.0,A01
201500056227,0,10,0,0.0,2.0,1.0,2.0,E01
201500056227,0,7,0,0.0,2.0,4.0,2.0,B01
201500056227,0,7,0,0.0,2.0,4.0,2.0,C01
201500056227,0,33,0,0.0,2.0,1.0,2.0,D01
201500056228,1,31,0,0.0,2.0,6.0,13.0,Z01
201500056228,0,10,0,0.0,2.0,5.0,2.0,B01
201500056228,0,33,0,0.0,2.0,2.0,2.0,A01
201500056229,0,7,0,0.0,2.0,1.0,1.0,A01
201500056229,1,7,0,0.0,2.0,0.0,1.0,Z01
201500056229,0,7,0,0.0,2.0,1.0,1.0,C01
201500056229,0,10,0,0.0,2.0,4.0,1.0,B01
201500056230,0,7,0,0.0,2.0,4.0,2.0,C01
201500056230,0,10,0,0.0,2.0,5.0,2.0,B01
201500056230,0,10,0,0.0,2.0,3.0,2.0,A01
201500056231,0,10,0,0.0,2.0,4.0,2.0,A01
201500056231,0,7,0,0.0,2.0,5.0,23.0,B01
201500056231,0,10,0,0.0,2.0,0.0,2.0,D01
201500056231,0,31,0,0.0,2.0,1.0,3.0,C01
201500056232,0,7,0,0.0,2.0,1.0,2.0,A01
201500056232,0,7,0,0.0,2.0,4.0,2.0,C01
201500056232,0,7,0,0.0,2.0,4.0,2.0,B01
201500056233,0,7,0,4.0,2.0,8.0,1.0,B01
201500056233,0,13,0,0.0,2.0,1.0,12.0,A01
201500056234,0,7,0,0.0,2.0,4.0,23.0,C01
201500056234,0,7,0,0.0,2.0,1.0,2.0,A01
201500056234,0,7,0,0.0,2.0,4.0,2.0,B01
201500056235,0,33,0,0.0,2.0,1.0,1.0,B01
201500056235,0,7,0,0.0,2.0,2.0,12.0,A01
201500056236,0,7,0,0.0,2.0,6.0,2.0,B01
201500056236,0,34,0,4.0,2.0,1.0,2.0,A01
201500056237,0,7,0,0.0,2.0,1.0,2.0,A01
201500056237,0,7,0,0.0,2.0,1.0,2.0,C01
201500056237,0,7,0,0.0,2.0,4.0,2.0,B01
201500056238,0,7,0,0.0,2.0,4.0,2.0,C01
201500056238,0,7,0,0.0,2.0,4.0,2.0,B01
201500056238,0,7,0,0.0,2.0,1.0,2.0,A01
201500056239,0,7,0,0.0,2.0,4.0,1.0,B01
201500056239,0,7,0,0.0,2.0,1.0,1.0,A01
201500056239,0,31,0,0.0,2.0,7.0,1.0,C01
201500056240,0,7,0,0.0,2.0,4.0,1.0,C01
201500056240,0,7,0,0.0,2.0,4.0,1.0,D01
201500056240,0,7,0,0.0,2.0,1.0,1.0,A01
201500056240,0,7,0,0.0,2.0,4.0,1.0,B01
201500056241,0,33,0,0.0,0.0,8.0,1.0,B01
201500056241,0,7,0,0.0,2.0,2.0,9.0,A01
201500056242,0,7,0,0.0,2.0,4.0,23.0,C01
201500056242,0,7,0,0.0,2.0,1.0,2.0,A01
201500056242,0,7,0,0.0,2.0,4.0,2.0,B01
201500056243,0,7,0,0.0,2.0,8.0,11.0,A01
201500056243,0,32,0,0.0,2.0,8.0,3.0,B01
201500056244,0,7,0,0.0,2.0,8.0,11.0,A01
201500056244,0,31,0,0.0,2.0,7.0,1.0,B01
201500056245,0,32,0,0.0,2.0,3.0,3.0,A01
201500056245,0,7,0,0.0,2.0,5.0,1.0,B01
201500056246,0,7,0,4.0,2.0,2.0,1.0,B01
201500056246,0,7,0,4.0,2.0,1.0,1.0,A01
201500056247,0,7,0,0.0,0.0,3.0,13.0,A01
201500056248,0,7,0,0.0,2.0,5.0,2.0,B01
201500056248,0,34,0,0.0,2.0,3.0,2.0,A01
201500056249,1,7,0,0.0,2.0,3.0,2.0,Z01
201500056249,0,7,0,0.0,2.0,5.0,2.0,A01
201500056249,0,7,0,0.0,2.0,0.0,23.0,B01
201500056250,0,7,0,4.0,2.0,3.0,1.0,B01
201500056250,0,7,0,0.0,2.0,2.0,14.0,A01
201500056251,0,10,0,0.0,2.0,6.0,2.0,B01
201500056251,0,33,0,0.0,2.0,1.0,2.0,A01
201500056252,0,7,0,8.0,0.0,8.0,14.0,A01
201500056253,0,33,0,0.0,2.0,8.0,13.0,A01
201500056253,0,7,0,0.0,2.0,5.0,1.0,B01
201500056254,0,33,0,0.0,2.0,2.0,3.0,A01
201500056254,0,10,0,0.0,2.0,4.0,23.0,B01
201500056255,0,7,0,0.0,2.0,1.0,2.0,C01
201500056255,0,7,0,0.0,2.0,4.0,2.0,B01
201500056255,0,10,0,0.0,2.0,4.0,2.0,D01
201500056255,0,7,0,0.0,2.0,1.0,2.0,A01
201500056256,0,33,0,0.0,2.0,8.0,1.0,B01
201500056256,0,7,0,0.0,2.0,7.0,12.0,A01
201500056257,0,7,0,0.0,2.0,4.0,23.0,C01
201500056257,0,7,0,0.0,2.0,4.0,23.0,B01
201500056257,0,7,0,0.0,2.0,1.0,2.0,A01
201500056257,0,10,0,0.0,2.0,4.0,23.0,D01
201500056258,0,7,0,0.0,2.0,7.0,12.0,A01
201500056258,0,33,0,0.0,2.0,8.0,1.0,B01
201500056259,0,10,0,0.0,2.0,8.0,11.0,A01
201500056259,0,7,0,4.0,2.0,7.0,1.0,B01
201500056259,0,7,0,0.0,2.0,8.0,1.0,C01
201500056260,0,10,0,0.0,2.0,7.0,16.0,A01
201500056260,0,32,0,0.0,2.0,8.0,1.0,B01
201500056261,0,33,0,0.0,2.0,2.0,1.0,A01
201500056261,1,15,0,0.0,2.0,0.0,11.0,Z01
201500056262,0,10,0,0.0,2.0,1.0,12.0,A01
201500056262,0,10,0,0.0,2.0,4.0,1.0,B01
201500056263,0,7,0,0.0,2.0,1.0,2.0,A01
201500056263,0,7,0,0.0,2.0,4.0,23.0,C01
201500056263,0,7,0,0.0,2.0,4.0,2.0,B01
201500056264,0,33,0,0.0,2.0,4.0,3.0,B01
201500056264,0,34,0,0.0,2.0,2.0,3.0,A01
201500056265,0,34,0,0.0,2.0,1.0,1.0,A01
201500056265,0,7,0,0.0,2.0,4.0,12.0,B01
201500056266,0,10,0,0.0,2.0,5.0,1.0,B01
201500056266,0,33,0,0.0,2.0,1.0,11.0,A01
201500056267,0,7,0,0.0,2.0,8.0,1.0,C01
201500056267,0,7,0,0.0,2.0,5.0,23.0,B01
201500056267,0,34,0,0.0,2.0,1.0,3.0,A01
201500056268,0,34,0,0.0,2.0,1.0,1.0,B01
201500056268,0,7,0,0.0,2.0,6.0,11.0,A01
201500056269,0,33,0,0.0,2.0,3.0,1.0,A01
201500056269,0,7,0,0.0,2.0,5.0,1.0,B01
201500056270,0,7,0,0.0,2.0,2.0,2.0,A01
201500056270,0,7,0,0.0,2.0,6.0,2.0,B01
201500056271,0,7,0,0.0,2.0,5.0,2.0,B01
201500056271,0,34,0,0.0,2.0,1.0,2.0,A01
201500056272,0,10,0,0.0,2.0,4.0,1.0,B01
201500056272,1,31,0,0.0,2.0,8.0,11.0,Z01
201500056272,0,31,0,0.0,2.0,7.0,3.0,A01