Num_Acc,senc,catv,occutc,obs,obsm,choc,manv,num_veh
201500056273,0,7,0,0.0,2.0,5.0,1.0,C01
201500056273,0,17,0,0.0,2.0,2.0,12.0,A01
201500056273,0,7,0,0.0,2.0,8.0,1.0,B01
201500056274,0,7,0,0.0,2.0,5.0,12.0,A01
201500056274,0,32,0,0.0,2.0,1.0,1.0,B01
201500056275,0,38,1,0.0,2.0,2.0,1.0,B01
201500056275,0,7,0,0.0,2.0,5.0,1.0,C01
201500056275,0,7,0,4.0,2.0,6.0,14.0,A01
201500056276,0,33,0,0.0,2.0,7.0,3.0,B01
201500056276,0,33,0,0.0,2.0,8.0,11.0,A01
201500056277,0,33,0,0.0,0.0,7.0,1.0,A01
201500056278,0,33,0,0.0,2.0,1.0,2.0,A01
201500056278,0,10,0,0.0,2.0,4.0,2.0,B01
201500056279,0,7,0,0.0,2.0,6.0,1.0,A01
201500056279,2,7,0,4.0,2.0,0.0,14.0,Z01
201500056280,0,7,0,0.0,2.0,1.0,2.0,A01
201500056280,0,7,0,0.0,2.0,4.0,2.0,B01
201500056281,0,7,0,0.0,2.0,1.0,2.0,A01
201500056281,0,33,0,0.0,2.0,4.0,2.0,B01
201500056282,0,33,0,0.0,2.0,4.0,23.0,B01
201500056282,0,7,0,0.0,2.0,8.0,23.0,C01
201500056282,0,34,0,0.0,2.0,1.0,3.0,A01
201500056283,1,33,0,0.0,0.0,0.0,1.0,A01
201500056284,0,7,0,0.0,2.0,1.0,2.0,A01
201500056284,0,7,0,0.0,2.0,4.0,2.0,B01
201500056285,0,33,0,0.0,2.0,4.0,11.0,B01
201500056285,0,33,0,0.0,2.0,1.0,3.0,A01
201500056285,0,7,0,0.0,2.0,3.0,1.0,C01
201500056286,0,33,0,0.0,2.0,1.0,1.0,A01
201500056286,0,10,0,0.0,2.0,4.0,23.0,B01
201500056287,0,7,0,0.0,2.0,4.0,23.0,B01
201500056287,0,32,0,0.0,2.0,1.0,1.0,A01
201500056288,1,7,0,0.0,2.0,0.0,12.0,A01
201500056288,0,7,0,0.0,2.0,7.0,1.0,C01
201500056288,0,34,0,4.0,2.0,8.0,3.0,B01
201500056289,0,34,0,0.0,2.0,0.0,11.0,A01
201500056289,0,33,0,0.0,2.0,1.0,3.0,B01
201500056290,0,14,0,0.0,2.0,2.0,1.0,A01
201500056290,0,7,0,0.0,2.0,8.0,1.0,B01
201500056291,0,7,0,0.0,2.0,6.0,11.0,B01
201500056291,0,33,0,0.0,2.0,7.0,1.0,A01
201500056292,0,32,0,0.0,2.0,2.0,1.0,A01
201500056292,1,7,0,0.0,2.0,6.0,11.0,Z01
201500056293,0,7,0,0.0,2.0,7.0,12.0,A01
201500056293,0,33,0,0.0,2.0,1.0,3.0,B01
201500056294,0,33,0,4.0,2.0,1.0,1.0,D01
201500056294,0,14,0,0.0,2.0,2.0,1.0,B01
201500056294,0,7,0,0.0,2.0,8.0,11.0,A01
201500056294,0,10,0,4.0,2.0,7.0,1.0,C01
201500056295,0,7,0,0.0,2.0,5.0,1.0,B01
201500056295,0,7,0,0.0,2.0,2.0,14.0,A01
201500056295,0,31,0,0.0,2.0,3.0,3.0,C01
201500056295,0,10,0,0.0,2.0,2.0,1.0,D01
201500056296,0,7,0,0.0,2.0,8.0,11.0,A01
201500056296,0,7,0,0.0,2.0,4.0,1.0,C01
201500056296,0,34,0,0.0,2.0,7.0,3.0,B01
201500056297,0,33,0,0.0,0.0,8.0,12.0,A01
201500056298,0,7,0,0.0,2.0,2.0,12.0,A01
201500056298,0,33,0,0.0,2.0,8.0,1.0,B01
201500056299,0,7,0,0.0,2.0,7.0,12.0,A01
201500056299,0,31,0,0.0,2.0,1.0,3.0,B01
201500056300,0,7,0,0.0,2.0,1.0,1.0,A01
201500056300,0,7,0,0.0,2.0,4.0,23.0,B01
201500056301,0,33,0,0.0,2.0,7.0,3.0,A01
201500056301,0,7,0,0.0,2.0,3.0,11.0,B01
201500056301,0,10,0,0.0,2.0,6.0,1.0,C01
201500056302,0,32,0,0.0,2.0,2.0,3.0,B01
201500056302,0,7,0,0.0,2.0,6.0,11.0,A01
201500056303,0,33,0,0.0,2.0,7.0,1.0,A01
201500056303,1,7,0,0.0,2.0,8.0,11.0,Z01
201500056304,0,7,0,0.0,2.0,1.0,1.0,A01
201500056304,1,15,0,0.0,2.0,4.0,1.0,B01
201500056305,0,33,0,1.0,2.0,5.0,1.0,B01
201500056305,0,7,0,0.0,2.0,3.0,12.0,A01
201500056306,0,7,0,0.0,2.0,2.0,1.0,A01
201500056306,0,33,0,0.0,2.0,8.0,1.0,B01
201500056307,0,7,0,0.0,2.0,2.0,12.0,A01
201500056307,0,33,0,0.0,2.0,8.0,3.0,B01
201500056308,0,33,0,4.0,2.0,2.0,1.0,B01
201500056308,0,7,0,0.0,2.0,3.0,11.0,A01
201500056309,0,7,0,1.0,2.0,3.0,11.0,A01
201500056309,0,31,0,0.0,2.0,4.0,11.0,B01
201500056310,0,10,0,0.0,2.0,4.0,1.0,B01
201500056310,0,17,0,0.0,2.0,1.0,1.0,A01
201500056311,0,33,0,0.0,2.0,1.0,2.0,A01
201500056311,0,7,0,0.0,2.0,4.0,2.0,B01
201500056312,0,7,0,0.0,2.0,7.0,1.0,C01
201500056312,0,7,0,0.0,2.0,6.0,1.0,B01
201500056312,0,13,0,0.0,2.0,2.0,12.0,A01
201500056313,0,7,0,0.0,2.0,1.0,1.0,A01
201500056313,0,7,0,0.0,2.0,4.0,23.0,B01
201500056314,0,7,0,0.0,2.0,1.0,1.0,A01
201500056314,0,7,0,0.0,2.0,4.0,1.0,B01
201500056315,0,7,0,0.0,2.0,4.0,23.0,C01
201500056315,0,7,0,0.0,2.0,4.0,23.0,B01
201500056315,0,7,0,0.0,2.0,1.0,1.0,A01
201500056316,0,7,0,0.0,2.0,3.0,11.0,A01
201500056316,0,32,0,0.0,2.0,2.0,1.0,B01
201500056317,0,7,0,0.0,2.0,4.0,11.0,B01
201500056317,0,33,0,0.0,2.0,1.0,3.0,A01
201500056318,0,7,0,0.0,2.0,6.0,11.0,A01
201500056318,0,33,0,5.0,2.0,2.0,1.0,B01
201500056319,0,7,0,0.0,2.0,4.0,23.0,C01
201500056319,0,33,0,0.0,2.0,1.0,3.0,B01
201500056319,0,7,0,0.0,2.0,4.0,12.0,A01
201500056320,0,33,0,0.0,2.0,2.0,3.0,B01
201500056320,0,7,0,0.0,2.0,2.0,1.0,C01
201500056320,0,7,0,0.0,2.0,3.0,22.0,A01
201500056321,0,7,0,0.0,2.0,7.0,12.0,A01
201500056321,0,33,0,0.0,2.0,2.0,3.0,B01
201500056322,0,31,0,0.0,2.0,7.0,3.0,B01
201500056322,0,7,0,0.0,2.0,3.0,11.0,A01
201500056323,0,10,0,0.0,2.0,4.0,1.0,B01
201500056323,0,7,0,0.0,2.0,1.0,1.0,A01
201500056324,0,33,0,0.0,2.0,2.0,12.0,A01
201500056324,0,7,0,0.0,2.0,8.0,1.0,B01
201500056325,0,7,0,3.0,2.0,1.0,1.0,A01
201500056325,0,7,0,0.0,2.0,4.0,1.0,B01
201500056326,0,32,0,0.0,2.0,7.0,3.0,A01
201500056326,1,7,0,0.0,2.0,0.0,12.0,Z01
201500056327,0,33,0,0.0,2.0,2.0,3.0,A01
201500056327,0,7,0,0.0,2.0,6.0,1.0,B01
201500056328,1,15,0,0.0,2.0,7.0,1.0,Z01
201500056328,0,2,0,0.0,2.0,8.0,9.0,A01
201500056329,0,7,0,0.0,2.0,5.0,12.0,A01
201500056329,0,33,0,0.0,2.0,8.0,1.0,B01
201500056330,1,7,0,0.0,2.0,8.0,11.0,A01
201500056330,0,34,0,0.0,2.0,5.0,1.0,B01
201500056331,0,7,0,0.0,2.0,5.0,11.0,A01
201500056331,0,7,0,0.0,2.0,5.0,23.0,B01
201500056331,0,7,0,0.0,2.0,4.0,23.0,C01
201500056332,0,31,0,0.0,0.0,7.0,1.0,A01
201500056333,0,7,0,0.0,2.0,6.0,1.0,C01
201500056333,0,31,0,0.0,2.0,7.0,1.0,B01
201500056333,0,7,0,0.0,2.0,8.0,11.0,A01
201500056334,0,32,0,0.0,2.0,1.0,18.0,A01
201500056334,0,7,0,0.0,2.0,5.0,1.0,B01
201500056335,0,7,0,0.0,2.0,4.0,1.0,C01
201500056335,0,7,0,0.0,2.0,1.0,1.0,A01
201500056335,0,7,0,0.0,2.0,4.0,1.0,B01
201500056336,0,7,0,0.0,2.0,4.0,1.0,B01
201500056336,0,32,0,0.0,2.0,6.0,1.0,C01
201500056336,0,7,0,0.0,2.0,1.0,1.0,A01
201500056337,0,33,0,0.0,2.0,1.0,1.0,A01
201500056337,0,7,0,0.0,2.0,4.0,1.0,B01
201500056338,1,7,0,0.0,2.0,1.0,1.0,Z01
201500056338,0,32,0,0.0,2.0,4.0,23.0,A01
201500056339,0,7,0,0.0,2.0,4.0,23.0,B01
201500056339,0,7,0,0.0,2.0,4.0,23.0,C01
201500056339,0,7,0,0.0,2.0,1.0,2.0,A01
201500056340,0,33,0,4.0,2.0,8.0,18.0,A01
201500056340,0,7,0,0.0,2.0,2.0,1.0,B01
201500056341,0,7,0,0.0,2.0,1.0,2.0,A01
201500056341,0,7,0,0.0,2.0,4.0,2.0,B01
201500056342,0,33,0,0.0,2.0,5.0,2.0,B01
201500056342,0,33,0,0.0,2.0,3.0,2.0,A01
201500056343,0,33,0,0.0,2.0,1.0,2.0,A01
201500056343,0,10,0,0.0,2.0,5.0,2.0,B01
201500056344,0,34,0,0.0,2.0,2.0,3.0,A01
201500056344,0,10,0,0.0,2.0,6.0,1.0,B01
201500056345,0,7,0,0.0,2.0,4.0,2.0,B01
201500056345,0,7,0,0.0,2.0,1.0,2.0,A01
201500056345,0,10,0,0.0,2.0,4.0,23.0,D01
201500056345,0,7,0,0.0,2.0,4.0,23.0,C01
201500056346,0,32,0,4.0,0.0,8.0,13.0,A01
201500056347,0,33,0,0.0,0.0,4.0,1.0,A01
201500056348,0,7,0,0.0,2.0,7.0,12.0,A01
201500056348,0,31,0,0.0,2.0,8.0,3.0,B01
201500056349,0,33,0,0.0,2.0,1.0,3.0,A01
201500056349,0,7,0,0.0,2.0,5.0,12.0,B01
201500056350,1,7,0,0.0,2.0,1.0,2.0,Z01
201500056350,0,7,0,0.0,2.0,4.0,2.0,A01
201500056351,0,16,0,0.0,2.0,1.0,1.0,B01
201500056351,0,7,0,0.0,2.0,8.0,11.0,A01
201500056352,0,7,0,0.0,2.0,4.0,23.0,C01
201500056352,0,7,0,0.0,2.0,1.0,2.0,A01
201500056352,0,10,0,4.0,2.0,4.0,23.0,B01
201500056353,0,33,0,0.0,2.0,1.0,2.0,A01
201500056353,0,10,0,0.0,2.0,6.0,2.0,B01
201500056354,0,7,0,0.0,2.0,2.0,12.0,A01
201500056354,0,33,0,0.0,2.0,3.0,3.0,B01
201500056355,0,32,0,0.0,2.0,1.0,1.0,B01
201500056355,0,10,0,0.0,2.0,7.0,12.0,A01
201500056356,0,2,0,0.0,2.0,1.0,16.0,A01
201500056356,0,7,0,0.0,2.0,4.0,23.0,B01
201500056357,0,16,0,0.0,2.0,1.0,2.0,A01
201500056357,0,7,0,0.0,0.0,4.0,23.0,B01
201500056358,0,7,0,0.0,2.0,7.0,12.0,A01
201500056358,0,33,0,0.0,2.0,3.0,3.0,B01
201500056359,0,7,0,0.0,2.0,0.0,1.0,C01
201500056359,0,7,0,0.0,2.0,6.0,1.0,B01
201500056359,0,15,0,0.0,2.0,2.0,12.0,A01
201500056360,0,32,0,0.0,2.0,3.0,3.0,B01
201500056360,0,7,0,0.0,2.0,7.0,12.0,A01
201500056361,0,31,0,0.0,2.0,8.0,2.0,A01
201500056361,0,7,0,0.0,2.0,5.0,2.0,B01
201500056362,0,31,0,0.0,2.0,7.0,14.0,A01
201500056362,0,7,0,0.0,2.0,8.0,1.0,B01
201500056363,0,7,0,0.0,2.0,6.0,2.0,B01
201500056363,0,14,0,0.0,2.0,2.0,2.0,A01
201500056364,0,13,0,0.0,2.0,1.0,2.0,A01
201500056364,0,7,0,0.0,2.0,4.0,2.0,B01
201500056365,0,7,0,0.0,2.0,4.0,2.0,D01
201500056365,0,7,0,0.0,2.0,4.0,2.0,B01
201500056365,0,7,0,0.0,2.0,4.0,2.0,C01
201500056365,0,7,0,0.0,2.0,1.0,2.0,A01
201500056366,0,7,0,0.0,2.0,6.0,2.0,B01
201500056366,0,33,0,0.0,2.0,1.0,2.0,A01
201500056367,0,10,0,0.0,2.0,6.0,2.0,B01
201500056367,0,34,0,0.0,2.0,1.0,2.0,A01
201500056368,0,7,0,0.0,2.0,1.0,2.0,A01
201500056368,0,7,0,0.0,2.0,4.0,2.0,B01
201500056369,0,17,0,0.0,2.0,3.0,1.0,B01
201500056369,0,7,0,0.0,2.0,4.0,13.0,A01
201500056370,0,7,0,0.0,2.0,4.0,1.0,B01
201500056370,0,7,0,0.0,2.0,1.0,1.0,A01
201500056371,0,31,0,0.0,0.0,8.0,1.0,A01
201500056372,0,7,0,4.0,0.0,7.0,21.0,A01
201500056373,0,7,0,0.0,2.0,6.0,11.0,A01
201500056373,0,7,0,0.0,2.0,2.0,1.0,B01
201500056374,0,17,0,0.0,2.0,2.0,12.0,A01
201500056374,0,7,0,4.0,2.0,3.0,1.0,B01
201500056375,0,33,0,0.0,2.0,2.0,3.0,B01
201500056375,0,7,0,0.0,2.0,3.0,1.0,A01
201500056375,1,7,0,0.0,2.0,0.0,13.0,Z01
201500056376,0,10,0,0.0,2.0,7.0,12.0,A01
201500056376,0,34,0,0.0,2.0,3.0,3.0,B01
201500056377,0,7,0,0.0,2.0,4.0,1.0,C01
201500056377,0,34,0,0.0,2.0,4.0,1.0,B01
201500056377,0,7,0,0.0,2.0,1.0,1.0,A01
201500056378,0,7,0,0.0,2.0,5.0,16.0,A01
201500056378,0,10,0,0.0,2.0,3.0,1.0,B01
201500056379,1,7,0,0.0,2.0,1.0,2.0,Z01
201500056379,0,7,0,0.0,2.0,4.0,23.0,A01
201500056379,0,7,0,0.0,2.0,4.0,23.0,B01
201500056380,0,7,0,0.0,2.0,4.0,2.0,C01
201500056380,0,7,0,0.0,2.0,1.0,2.0,A01
201500056380,0,7,0,0.0,2.0,4.0,2.0,B01
201500056381,0,7,0,0.0,2.0,3.0,11.0,A01
201500056381,0,33,0,0.0,2.0,2.0,3.0,B01
201500056382,0,7,0,0.0,2.0,4.0,2.0,C01
201500056382,0,10,0,0.0,2.0,1.0,2.0,A01
201500056382,0,7,0,0.0,2.0,4.0,2.0,B01
201500056383,0,33,0,0.0,2.0,1.0,1.0,A01
201500056383,0,7,0,0.0,2.0,5.0,1.0,B01
201500056384,0,33,0,0.0,2.0,8.0,13.0,A01
201500056384,0,33,0,0.0,2.0,7.0,17.0,B01
201500056385,0,15,0,0.0,2.0,1.0,2.0,A01
201500056385,0,7,0,4.0,2.0,4.0,2.0,B01
201500056386,0,7,0,0.0,2.0,2.0,1.0,B01
201500056386,0,7,0,0.0,2.0,6.0,11.0,A01
201500056387,0,10,0,0.0,2.0,4.0,23.0,C01
201500056387,0,10,0,0.0,2.0,1.0,2.0,A01
201500056387,0,7,0,0.0,2.0,4.0,23.0,B01
201500056388,0,7,0,0.0,2.0,4.0,2.0,B01
201500056388,0,10,0,0.0,2.0,1.0,2.0,A01
201500056389,0,7,0,4.0,0.0,1.0,13.0,A01
201500056390,0,31,0,0.0,0.0,2.0,1.0,A01
201500056391,0,7,0,0.0,2.0,4.0,23.0,D01
201500056391,0,7,0,0.0,2.0,4.0,23.0,C01
201500056391,0,10,0,0.0,2.0,4.0,23.0,B01
201500056391,0,7,0,0.0,2.0,1.0,2.0,A01
201500056392,0,7,0,0.0,2.0,1.0,2.0,A01
201500056392,0,7,0,0.0,2.0,4.0,23.0,B01
201500056393,0,7,0,4.0,0.0,7.0,11.0,A01
201500056394,0,33,0,0.0,0.0,0.0,1.0,A01
201500056395,0,33,0,0.0,2.0,3.0,13.0,A01
201500056396,0,33,0,0.0,2.0,7.0,1.0,A01
201500056396,0,10,0,0.0,2.0,8.0,13.0,B01
201500056397,0,33,0,14.0,0.0,1.0,1.0,A01
201500056398,0,7,0,0.0,2.0,4.0,2.0,B01
201500056398,0,7,0,0.0,2.0,4.0,2.0,C01
201500056398,1,7,0,0.0,2.0,1.0,13.0,Z01
201500056398,0,10,0,0.0,2.0,2.0,1.0,A01
201500056399,0,7,0,0.0,2.0,1.0,2.0,A01
201500056399,0,10,0,0.0,2.0,4.0,23.0,B01
201500056400,0,7,0,0.0,2.0,6.0,1.0,B01
201500056400,0,33,0,0.0,2.0,1.0,14.0,A01
201500056401,0,7,0,4.0,0.0,1.0,14.0,A01
201500056402,0,7,0,0.0,2.0,0.0,2.0,B01
201500056402,0,33,0,0.0,2.0,1.0,2.0,A01
201500056403,0,7,0,0.0,2.0,4.0,23.0,B01
201500056403,0,7,0,0.0,2.0,4.0,23.0,A01
201500056403,0,7,0,0.0,2.0,4.0,23.0,C01
201500056403,1,7,0,0.0,2.0,1.0,2.0,Z01
201500056404,0,7,0,0.0,2.0,1.0,2.0,A01
201500056404,0,7,0,1.0,2.0,6.0,23.0,D01
201500056404,0,7,0,0.0,2.0,5.0,2.0,B01
201500056404,0,7,0,0.0,2.0,8.0,1.0,C01
201500056405,0,7,0,0.0,2.0,4.0,2.0,B01
201500056405,0,10,0,0.0,2.0,1.0,2.0,A01
201500056405,0,7,0,0.0,2.0,4.0,2.0,D01
201500056405,0,7,0,0.0,2.0,4.0,2.0,C01
201500056406,0,7,0,0.0,2.0,1.0,1.0,C01
201500056406,0,14,0,0.0,2.0,2.0,14.0,A01
201500056406,0,7,0,0.0,2.0,8.0,1.0,B01
201500056407,0,7,0,0.0,2.0,2.0,12.0,B01
201500056407,0,14,0,0.0,2.0,6.0,1.0,C01
201500056407,0,34,0,0.0,2.0,1.0,3.0,A01
201500056408,0,10,0,0.0,2.0,1.0,1.0,A01
201500056408,0,7,0,0.0,2.0,4.0,11.0,B01
201500056409,0,7,0,0.0,2.0,1.0,2.0,A01
201500056409,0,7,0,0.0,2.0,4.0,2.0,B01
201500056409,0,7,0,0.0,2.0,4.0,23.0,C01
201500056410,0,14,0,0.0,2.0,1.0,2.0,A01
201500056410,0,15,0,0.0,2.0,6.0,2.0,B01
201500056411,0,33,0,0.0,0.0,1.0,1.0,A01
201500056412,0,7,0,0.0,2.0,4.0,2.0,C01
201500056412,0,10,0,0.0,2.0,6.0,12.0,A01
201500056412,0,7,0,0.0,2.0,6.0,2.0,B01
201500056413,0,7,0,0.0,2.0,8.0,1.0,C01
201500056413,0,33,0,0.0,2.0,8.0,22.0,A01
201500056413,0,7,0,0.0,2.0,5.0,2.0,B01
201500056414,0,13,0,0.0,2.0,1.0,2.0,B01
201500056414,0,7,0,0.0,2.0,4.0,2.0,A01
201500056414,0,7,0,0.0,2.0,4.0,2.0,C01
201500056415,0,7,0,0.0,2.0,4.0,2.0,B01
201500056415,0,7,0,0.0,2.0,4.0,2.0,C01
201500056415,0,7,0,0.0,2.0,1.0,2.0,A01
201500056416,0,7,0,0.0,2.0,1.0,2.0,A01
201500056416,0,7,0,0.0,2.0,4.0,23.0,B01
201500056417,0,31,0,4.0,2.0,1.0,1.0,A01
201500056417,1,7,0,0.0,2.0,6.0,16.0,Z01
201500056418,0,34,0,0.0,2.0,1.0,14.0,A01
201500056418,0,7,0,0.0,2.0,6.0,23.0,B01
201500056419,0,7,0,0.0,2.0,1.0,2.0,A01
201500056419,0,7,0,0.0,2.0,1.0,23.0,B01
201500056419,0,7,0,0.0,2.0,4.0,23.0,C01
201500056420,0,33,0,0.0,0.0,0.0,1.0,A01
201500056421,0,7,0,0.0,2.0,4.0,11.0,B01
201500056421,0,33,0,0.0,2.0,1.0,3.0,A01
201500056422,0,7,0,0.0,2.0,4.0,23.0,A01
201500056422,1,7,0,0.0,2.0,1.0,1.0,Z01
201500056423,0,32,0,0.0,2.0,1.0,3.0,A01
201500056423,0,10,0,0.0,2.0,4.0,23.0,B01
201500056424,0,32,0,0.0,0.0,0.0,1.0,A01
201500056425,0,7,0,0.0,2.0,4.0,1.0,C01
201500056425,0,7,0,0.0,2.0,1.0,1.0,A01
201500056425,0,7,0,0.0,2.0,4.0,1.0,B01
201500056426,0,10,0,0.0,2.0,1.0,1.0,A01
201500056426,0,7,0,0.0,2.0,1.0,1.0,B01
201500056426,0,7,0,0.0,2.0,4.0,1.0,C01
201500056427,0,31,0,0.0,0.0,8.0,3.0,A01
201500056428,0,33,0,12.0,0.0,1.0,14.0,A01
201500056429,0,10,0,0.0,2.0,2.0,1.0,B01
201500056429,1,14,0,0.0,2.0,0.0,12.0,Z01
201500056429,0,10,0,0.0,2.0,6.0,1.0,A01
201500056430,0,33,0,0.0,0.0,8.0,1.0,A01
201500056431,0,7,0,0.0,2.0,4.0,2.0,B01
201500056431,0,31,0,0.0,2.0,1.0,2.0,A01
201500056432,0,7,0,0.0,2.0,5.0,2.0,A01
201500056432,1,7,0,0.0,2.0,1.0,2.0,Z01
201500056432,0,7,0,4.0,2.0,1.0,1.0,B01
201500056433,2,7,0,0.0,2.0,0.0,0.0,Z01
201500056433,0,7,0,0.0,2.0,4.0,11.0,A01
201500056434,0,33,0,0.0,0.0,1.0,1.0,A01
201500056435,0,7,0,0.0,2.0,5.0,12.0,B01
201500056435,0,33,0,0.0,2.0,1.0,3.0,A01
201500056436,0,7,0,0.0,2.0,4.0,23.0,C01
201500056436,0,7,0,0.0,2.0,1.0,2.0,A01
201500056436,0,32,0,0.0,2.0,4.0,23.0,B01
201500056437,0,7,0,0.0,2.0,8.0,1.0,C01
201500056437,0,10,0,0.0,2.0,2.0,11.0,A01
201500056437,0,7,0,0.0,2.0,6.0,1.0,B01
201500056438,0,7,0,0.0,2.0,6.0,1.0,B01
201500056438,0,7,0,0.0,2.0,2.0,3.0,A01
201500056439,0,7,0,0.0,2.0,4.0,11.0,A01
201500056439,0,33,0,0.0,2.0,4.0,1.0,B01
201500056440,0,7,0,0.0,2.0,5.0,12.0,A01
201500056440,0,33,0,0.0,2.0,1.0,1.0,B01
201500056441,0,33,0,0.0,0.0,1.0,1.0,A01
201500056442,0,33,0,0.0,2.0,3.0,3.0,B01
201500056442,0,7,0,0.0,2.0,3.0,1.0,C01
201500056442,0,7,0,0.0,2.0,7.0,12.0,A01
201500056443,0,33,0,0.0,2.0,7.0,3.0,A01
201500056443,0,33,0,0.0,2.0,8.0,3.0,B01
201500056443,0,7,0,0.0,2.0,2.0,2.0,C01
201500056443,0,7,0,0.0,2.0,5.0,2.0,D01
201500056444,0,7,0,4.0,0.0,3.0,21.0,A01
201500056445,0,33,0,0.0,2.0,3.0,3.0,A01
201500056445,0,7,0,0.0,2.0,5.0,12.0,B01
201500056446,0,7,0,0.0,2.0,6.0,11.0,A01
201500056446,0,33,0,0.0,2.0,7.0,3.0,B01
201500056447,0,37,0,0.0,2.0,5.0,11.0,A01
201500056447,0,33,0,0.0,2.0,7.0,1.0,B01
201500056448,0,32,0,0.0,0.0,8.0,1.0,A01
201500056449,0,7,0,0.0,2.0,1.0,1.0,B01
201500056449,0,7,0,0.0,2.0,1.0,5.0,A01
201500056450,0,34,0,0.0,2.0,1.0,1.0,A01
201500056450,0,7,0,0.0,2.0,6.0,23.0,B01
201500056451,0,33,0,1.0,2.0,7.0,3.0,B01
201500056451,0,7,0,0.0,2.0,6.0,11.0,A01
201500056452,0,7,0,0.0,2.0,8.0,1.0,C01
201500056452,0,33,0,0.0,2.0,1.0,3.0,A01
201500056452,0,31,0,0.0,2.0,4.0,3.0,B01
201500056453,0,7,0,0.0,2.0,1.0,1.0,A01
201500056453,0,7,0,0.0,2.0,1.0,1.0,B01
201500056453,0,7,0,0.0,2.0,4.0,1.0,C01
201500056454,0,10,0,4.0,2.0,8.0,1.0,B01
201500056454,0,15,0,0.0,2.0,7.0,12.0,A01
201500056455,0,33,0,0.0,0.0,7.0,1.0,A01
201500056456,0,34,0,0.0,0.0,7.0,1.0,A01
201500056457,0,7,0,0.0,2.0,6.0,11.0,B01
201500056457,0,33,0,0.0,2.0,2.0,3.0,A01
201500056458,0,31,0,0.0,2.0,7.0,1.0,B01
201500056458,0,10,0,0.0,2.0,3.0,11.0,A01
201500056459,0,33,0,0.0,2.0,2.0,12.0,A01
201500056459,0,7,0,0.0,2.0,6.0,23.0,B01
201500056460,0,33,0,0.0,2.0,2.0,3.0,A01
201500056460,1,7,0,0.0,2.0,6.0,12.0,Z01
201500056461,0,33,0,0.0,2.0,1.0,2.0,A01
201500056461,0,7,0,0.0,2.0,4.0,2.0,B01
201500056462,0,10,0,0.0,2.0,1.0,2.0,A01
201500056462,0,7,0,0.0,2.0,4.0,23.0,B01
201500056463,0,7,0,4.0,0.0,1.0,14.0,A01
201500056464,0,33,0,0.0,2.0,1.0,2.0,A01
201500056464,0,7,0,0.0,2.0,5.0,2.0,B01
201500056465,0,7,0,0.0,2.0,4.0,23.0,A01
201500056465,1,7,0,0.0,2.0,1.0,2.0,Z01
201500056466,0,33,0,0.0,1.0,1.0,21.0,A01
201500056467,0,7,0,0.0,2.0,2.0,14.0,A01
201500056467,0,7,0,0.0,2.0,6.0,1.0,B01
201500056468,0,30,0,0.0,0.0,7.0,1.0,A01
201500056469,0,13,0,0.0,2.0,3.0,1.0,A01
201500056469,0,7,0,0.0,2.0,8.0,1.0,B01
201500056470,0,10,0,0.0,2.0,6.0,1.0,B01
201500056470,0,31,0,0.0,2.0,5.0,3.0,A01
201500056471,0,31,0,16.0,0.0,7.0,1.0,A01
201500056472,0,17,0,0.0,2.0,2.0,12.0,A01
201500056472,0,7,0,0.0,2.0,3.0,1.0,B01
201500056473,0,33,0,0.0,2.0,1.0,3.0,A01
201500056473,1,34,0,0.0,2.0,4.0,12.0,Z01
201500056474,0,7,0,0.0,2.0,4.0,23.0,C01
201500056474,0,7,0,0.0,2.0,1.0,1.0,A01
201500056474,0,7,0,0.0,2.0,4.0,23.0,B01
201500056475,0,7,0,0.0,2.0,1.0,1.0,A01
201500056475,0,7,0,0.0,2.0,4.0,1.0,B01
201500056476,0,7,0,0.0,2.0,1.0,1.0,A01
201500056476,0,7,0,0.0,2.0,4.0,1.0,B01
201500056476,0,7,0,0.0,2.0,4.0,1.0,C01
201500056477,0,33,0,0.0,2.0,8.0,3.0,B01
201500056477,0,7,0,0.0,2.0,7.0,12.0,A01
201500056478,0,33,0,4.0,0.0,3.0,13.0,A01
201500056479,0,33,0,0.0,0.0,1.0,1.0,A01
201500056480,0,7,0,0.0,2.0,5.0,1.0,B01
201500056480,0,33,0,0.0,2.0,1.0,1.0,A01
201500056481,0,7,0,0.0,2.0,1.0,1.0,A01
201500056481,0,7,0,0.0,2.0,0.0,1.0,C01
201500056481,0,7,0,0.0,2.0,4.0,1.0,B01
201500056482,0,33,0,4.0,2.0,8.0,1.0,A01
201500056482,1,7,0,0.0,2.0,0.0,13.0,Z01
201500056483,0,10,0,0.0,2.0,1.0,14.0,A01
201500056484,0,7,0,0.0,2.0,7.0,2.0,B01
201500056484,0,33,0,0.0,2.0,7.0,2.0,A01
201500056485,0,7,0,0.0,2.0,5.0,12.0,B01
201500056485,0,31,0,0.0,2.0,3.0,3.0,A01
201500056486,0,33,0,4.0,0.0,0.0,13.0,A01
201500056487,0,7,0,0.0,2.0,5.0,2.0,B01
201500056487,0,32,0,0.0,2.0,1.0,2.0,A01
201500056487,0,10,0,0.0,2.0,3.0,1.0,C01
201500056488,1,7,0,0.0,2.0,0.0,14.0,Z01
201500056488,0,32,0,0.0,2.0,8.0,1.0,A01