Num_Acc,senc,catv,occutc,obs,obsm,choc,manv,num_veh
201500056721,0,30,0,0.0,2.0,1.0,2.0,A01
201500056721,0,1,0,0.0,0.0,4.0,2.0,B02
201500056722,1,32,0,0.0,1.0,1.0,5.0,A01
201500056723,0,7,0,0.0,2.0,2.0,15.0,A01
201500056723,0,31,0,0.0,2.0,1.0,1.0,B02
201500056724,0,33,0,0.0,2.0,9.0,17.0,A01
201500056724,0,7,0,0.0,2.0,8.0,10.0,B02
201500056725,0,7,0,0.0,2.0,3.0,19.0,A01
201500056725,0,33,0,0.0,2.0,1.0,1.0,B02
201500056726,0,7,0,0.0,2.0,8.0,1.0,B02
201500056726,0,7,0,0.0,2.0,1.0,1.0,A01
201500056727,0,2,0,0.0,0.0,4.0,0.0,B02
201500056727,0,7,0,0.0,2.0,2.0,2.0,A01
201500056727,0,2,0,0.0,0.0,4.0,0.0,C03
201500056728,0,7,0,0.0,2.0,8.0,15.0,B02
201500056728,0,33,0,0.0,2.0,1.0,17.0,A01
201500056729,0,1,0,0.0,2.0,0.0,15.0,A01
201500056730,0,7,0,0.0,1.0,2.0,1.0,A01
201500056731,0,32,0,0.0,2.0,1.0,0.0,A01
201500056731,0,1,0,0.0,2.0,8.0,13.0,B02
201500056732,0,33,0,16.0,0.0,3.0,17.0,A01
201500056732,0,14,0,0.0,0.0,0.0,15.0,B02
201500056733,0,7,0,0.0,0.0,0.0,1.0,A01
201500056734,0,7,0,0.0,1.0,3.0,1.0,A01
201500056735,0,7,0,0.0,0.0,0.0,0.0,A01
201500056736,0,7,0,0.0,2.0,8.0,19.0,A01
201500056736,0,31,0,0.0,2.0,1.0,1.0,B02
201500056737,1,31,0,6.0,0.0,1.0,1.0,A01
201500056738,0,30,0,5.0,0.0,0.0,0.0,A01
201500056739,0,32,0,0.0,2.0,1.0,5.0,A01
201500056739,0,7,0,0.0,2.0,8.0,1.0,B02
201500056740,0,7,0,0.0,0.0,8.0,23.0,A01
201500056740,0,2,0,1.0,0.0,1.0,19.0,B02
201500056741,0,7,0,0.0,2.0,2.0,1.0,A01
201500056741,0,30,0,0.0,2.0,5.0,10.0,B02
201500056742,0,34,0,0.0,2.0,1.0,17.0,A01
201500056742,0,7,0,0.0,0.0,6.0,1.0,B02
201500056743,0,7,0,0.0,1.0,7.0,2.0,A01
201500056744,0,7,0,0.0,2.0,5.0,13.0,A01
201500056744,0,10,0,0.0,2.0,1.0,1.0,B02
201500056745,0,10,0,13.0,0.0,1.0,2.0,A01
201500056746,0,7,0,2.0,0.0,9.0,1.0,A01
201500056747,0,7,0,0.0,2.0,7.0,15.0,A01
201500056747,0,31,0,0.0,2.0,1.0,1.0,B02
201500056748,0,7,0,0.0,2.0,1.0,15.0,A01
201500056748,0,32,0,0.0,2.0,1.0,1.0,B02
201500056749,0,30,0,0.0,2.0,7.0,1.0,A01
201500056749,0,7,0,0.0,2.0,3.0,1.0,B02
201500056750,0,7,0,0.0,1.0,3.0,1.0,A01
201500056751,0,34,0,0.0,2.0,1.0,13.0,A01
201500056751,0,38,0,0.0,2.0,1.0,1.0,B02
201500056752,0,7,0,0.0,2.0,2.0,1.0,A01
201500056752,0,30,0,0.0,2.0,1.0,13.0,B02
201500056753,0,2,0,0.0,2.0,1.0,1.0,A01
201500056753,0,7,0,0.0,2.0,2.0,1.0,B02
201500056754,0,7,0,0.0,2.0,3.0,15.0,A01
201500056754,0,2,0,0.0,2.0,1.0,1.0,B02
201500056755,0,7,0,2.0,0.0,3.0,1.0,A01
201500056756,0,21,0,0.0,2.0,5.0,1.0,B02
201500056756,0,7,0,0.0,1.0,2.0,1.0,A01
201500056757,0,7,0,0.0,1.0,3.0,1.0,A01
201500056758,0,7,0,0.0,1.0,0.0,2.0,A01
201500056759,0,7,0,0.0,0.0,0.0,1.0,A01
201500056760,0,30,0,0.0,2.0,1.0,1.0,A01
201500056760,0,7,0,0.0,2.0,6.0,19.0,B02
201500056761,0,7,0,0.0,2.0,1.0,1.0,A01
201500056761,0,7,0,0.0,2.0,8.0,19.0,B02
201500056762,0,1,0,1.0,0.0,1.0,13.0,B02
201500056762,0,33,0,0.0,0.0,4.0,23.0,A01
201500056763,0,7,0,8.0,0.0,1.0,1.0,A01
201500056764,0,36,0,15.0,0.0,6.0,13.0,A01
201500056765,0,10,0,0.0,2.0,2.0,1.0,A01
201500056765,0,33,0,0.0,2.0,1.0,16.0,B02
201500056766,0,7,0,0.0,2.0,3.0,17.0,A01
201500056766,0,7,0,0.0,2.0,3.0,1.0,B02
201500056767,0,10,0,0.0,2.0,1.0,2.0,A01
201500056767,0,32,0,0.0,0.0,4.0,1.0,B02
201500056768,0,10,0,0.0,1.0,2.0,1.0,A01
201500056769,0,33,0,0.0,0.0,0.0,1.0,A01
201500056770,0,7,0,0.0,0.0,7.0,1.0,A01
201500056770,0,1,0,0.0,2.0,1.0,1.0,B02
201500056771,0,7,0,0.0,1.0,1.0,1.0,A01
201500056772,0,30,0,0.0,2.0,1.0,1.0,A01
201500056772,0,7,0,0.0,2.0,4.0,23.0,B02
201500056773,0,7,0,0.0,2.0,1.0,1.0,B02
201500056773,0,7,0,0.0,2.0,6.0,21.0,A01
201500056773,2,7,0,0.0,2.0,3.0,13.0,C03
201500056774,0,1,0,0.0,2.0,7.0,0.0,A01
201500056774,0,7,0,0.0,0.0,2.0,15.0,B02
201500056775,0,7,0,8.0,0.0,9.0,1.0,A01
201500056776,0,7,0,0.0,1.0,2.0,1.0,A01
201500056777,0,7,0,0.0,2.0,1.0,1.0,B02
201500056777,0,7,0,0.0,2.0,2.0,13.0,A01
201500056778,0,7,0,0.0,2.0,7.0,15.0,A01
201500056778,0,33,0,0.0,2.0,1.0,1.0,B02
201500056779,0,7,0,0.0,2.0,8.0,19.0,A01
201500056779,0,2,0,0.0,2.0,1.0,1.0,B02
201500056780,0,7,0,6.0,0.0,1.0,1.0,A01
201500056781,0,33,0,0.0,2.0,1.0,1.0,B02
201500056781,0,7,0,0.0,2.0,7.0,15.0,A01
201500056782,0,33,0,16.0,0.0,7.0,1.0,A01
201500056783,0,1,0,6.0,0.0,4.0,13.0,A01
201500056784,0,33,0,0.0,1.0,1.0,2.0,A01
201500056785,0,7,0,0.0,2.0,2.0,1.0,A01
201500056785,0,7,0,0.0,2.0,3.0,1.0,B02
201500056786,0,7,0,0.0,2.0,2.0,1.0,A01
201500056786,0,2,0,0.0,2.0,8.0,19.0,B02
201500056787,0,31,0,0.0,0.0,8.0,2.0,B02
201500056787,0,7,0,0.0,2.0,2.0,2.0,A01
201500056788,0,31,0,0.0,1.0,3.0,1.0,A01
201500056789,0,7,0,0.0,2.0,8.0,15.0,A01
201500056789,0,33,0,0.0,2.0,1.0,3.0,B02
201500056790,0,7,0,0.0,0.0,0.0,19.0,A01
201500056791,0,7,0,0.0,2.0,1.0,13.0,A01
201500056791,0,7,0,0.0,2.0,1.0,1.0,B02
201500056792,0,7,0,0.0,2.0,1.0,1.0,A01
201500056792,0,10,0,0.0,2.0,1.0,13.0,B02
201500056793,0,7,0,0.0,1.0,3.0,1.0,A01
201500056794,0,7,0,0.0,1.0,2.0,1.0,A01
201500056795,0,15,0,0.0,1.0,5.0,16.0,A01
201500056796,0,7,0,14.0,1.0,2.0,9.0,A01
201500056797,0,31,0,0.0,2.0,1.0,1.0,B02
201500056797,0,7,0,0.0,2.0,7.0,15.0,A01
201500056798,0,7,0,0.0,2.0,2.0,15.0,A01
201500056798,0,33,0,0.0,2.0,1.0,18.0,B02
201500056799,0,33,0,13.0,0.0,7.0,1.0,A01
201500056800,0,10,0,0.0,2.0,1.0,1.0,A01
201500056800,0,14,0,0.0,2.0,1.0,1.0,B02
201500056801,0,7,0,0.0,2.0,3.0,13.0,A01
201500056801,0,7,0,0.0,2.0,3.0,1.0,B02
201500056802,0,7,0,0.0,2.0,3.0,15.0,A01
201500056802,0,30,0,0.0,2.0,1.0,17.0,B02
201500056803,0,7,0,0.0,2.0,1.0,13.0,A01
201500056803,0,7,0,0.0,2.0,1.0,1.0,B02
201500056804,0,7,0,0.0,1.0,1.0,21.0,A01
201500056805,0,38,0,0.0,2.0,3.0,15.0,A01
201500056805,0,30,0,0.0,2.0,1.0,17.0,B02
201500056806,0,1,0,0.0,2.0,1.0,1.0,B02
201500056806,0,7,0,0.0,2.0,2.0,15.0,A01
201500056807,0,7,0,0.0,2.0,3.0,1.0,A01
201500056807,0,7,0,0.0,2.0,3.0,1.0,B02
201500056808,0,7,0,0.0,2.0,2.0,2.0,A01
201500056808,0,7,0,0.0,0.0,4.0,0.0,C03
201500056808,0,7,0,0.0,0.0,4.0,0.0,F06
201500056808,0,7,0,0.0,0.0,4.0,0.0,E05
201500056808,0,1,0,0.0,0.0,4.0,2.0,B02
201500056808,0,7,0,0.0,0.0,4.0,2.0,D04
201500056809,0,10,0,0.0,1.0,2.0,17.0,A01
201500056810,0,30,0,1.0,0.0,1.0,1.0,B02
201500056810,0,30,0,0.0,0.0,1.0,1.0,A01
201500056811,0,7,0,0.0,2.0,2.0,2.0,A01
201500056811,0,30,0,0.0,0.0,4.0,2.0,B02
201500056812,0,30,0,0.0,2.0,4.0,2.0,A01
201500056812,0,10,0,0.0,2.0,3.0,2.0,B02
201500056813,0,7,0,0.0,2.0,2.0,1.0,B02
201500056813,0,7,0,0.0,2.0,2.0,13.0,A01
201500056814,0,30,0,0.0,0.0,1.0,1.0,A01
201500056815,0,7,0,0.0,1.0,2.0,1.0,A01
201500056816,0,32,0,0.0,0.0,0.0,0.0,A01
201500056816,0,30,0,0.0,0.0,0.0,0.0,B02
201500056817,0,7,0,2.0,0.0,3.0,17.0,A01
201500056818,0,7,0,0.0,2.0,3.0,1.0,A01
201500056818,0,2,0,0.0,2.0,2.0,1.0,B02
201500056819,0,7,0,0.0,2.0,2.0,17.0,A01
201500056819,0,10,0,0.0,2.0,1.0,1.0,B02
201500056820,0,7,0,0.0,0.0,4.0,16.0,A01
201500056820,0,7,0,0.0,2.0,1.0,1.0,B02
201500056821,0,2,0,0.0,2.0,8.0,1.0,B02
201500056821,0,7,0,0.0,0.0,3.0,15.0,A01
201500056822,0,7,0,0.0,0.0,0.0,1.0,A01
201500056823,0,7,0,13.0,0.0,1.0,1.0,A01
201500056824,0,7,0,0.0,2.0,1.0,13.0,A01
201500056824,0,10,0,0.0,2.0,1.0,1.0,B02
201500056825,0,7,0,5.0,0.0,2.0,1.0,A01
201500056826,0,7,0,0.0,2.0,1.0,1.0,A01
201500056826,0,30,0,0.0,2.0,1.0,1.0,B02
201500056827,0,7,0,0.0,0.0,1.0,1.0,A01
201500056828,0,15,0,0.0,2.0,7.0,17.0,B02
201500056828,0,2,0,0.0,2.0,8.0,1.0,A01
201500056829,0,33,0,0.0,2.0,7.0,17.0,A01
201500056829,0,7,0,0.0,2.0,3.0,15.0,B02
201500056830,0,7,0,0.0,2.0,3.0,1.0,A01
201500056830,0,31,0,0.0,2.0,2.0,1.0,B02
201500056831,0,7,0,0.0,2.0,2.0,15.0,B02
201500056831,0,2,0,0.0,2.0,0.0,1.0,A01
201500056832,0,7,0,0.0,1.0,2.0,1.0,A01
201500056833,0,1,0,0.0,2.0,8.0,10.0,B02
201500056833,0,10,0,0.0,9.0,1.0,1.0,A01
201500056834,0,7,0,0.0,0.0,0.0,1.0,A01
201500056835,0,14,0,0.0,0.0,0.0,1.0,A01
201500056836,0,7,0,0.0,0.0,9.0,1.0,A01
201500056837,0,10,0,0.0,0.0,9.0,2.0,A01
201500056838,0,30,0,0.0,2.0,1.0,13.0,A01
201500056838,0,30,0,0.0,2.0,1.0,1.0,B02
201500056839,0,14,0,2.0,0.0,3.0,1.0,A01
201500056840,0,7,0,0.0,1.0,2.0,1.0,A01
201500056841,0,7,0,0.0,1.0,2.0,14.0,A01
201500056842,0,30,0,0.0,2.0,1.0,5.0,A01
201500056843,0,7,0,13.0,0.0,1.0,0.0,A01
201500056844,0,7,0,0.0,2.0,3.0,10.0,A01
201500056844,0,30,0,0.0,2.0,2.0,17.0,B02
201500056845,0,7,0,0.0,2.0,7.0,15.0,A01
201500056845,0,33,0,0.0,2.0,1.0,1.0,B02
201500056846,0,31,0,0.0,0.0,1.0,1.0,A01
201500056847,0,7,0,0.0,1.0,2.0,1.0,A01
201500056848,0,7,0,0.0,0.0,7.0,1.0,A01
201500056849,0,30,0,0.0,2.0,1.0,14.0,A01
201500056849,0,30,0,0.0,2.0,1.0,1.0,B02
201500056850,0,7,0,13.0,0.0,1.0,13.0,A01
201500056851,0,7,0,0.0,0.0,4.0,16.0,B02
201500056851,0,30,0,0.0,2.0,1.0,2.0,A01
201500056852,0,2,0,0.0,2.0,1.0,1.0,A01
201500056852,0,7,0,0.0,2.0,8.0,15.0,B02
201500056853,0,7,0,0.0,2.0,2.0,16.0,A01
201500056853,0,2,0,0.0,2.0,1.0,1.0,B02
201500056854,0,30,0,0.0,2.0,1.0,13.0,A01
201500056854,0,7,0,0.0,2.0,2.0,0.0,B02
201500056855,0,7,0,0.0,2.0,8.0,13.0,A01
201500056855,1,30,0,0.0,2.0,8.0,21.0,B02
201500056856,0,31,0,0.0,2.0,1.0,5.0,B02
201500056856,0,10,0,0.0,2.0,3.0,1.0,A01
201500056857,0,30,0,0.0,0.0,0.0,13.0,A01
201500056858,0,7,0,0.0,2.0,5.0,15.0,A01
201500056858,0,33,0,0.0,2.0,1.0,1.0,B02
201500056859,1,7,0,0.0,2.0,1.0,16.0,A01
201500056859,0,2,0,0.0,2.0,7.0,15.0,B02
201500056860,0,7,0,0.0,1.0,8.0,1.0,A01
201500056861,0,7,0,0.0,2.0,1.0,1.0,A01
201500056861,0,1,0,0.0,2.0,4.0,12.0,B02
201500056862,0,7,0,1.0,1.0,3.0,1.0,A01
201500056863,0,7,0,8.0,0.0,7.0,14.0,A01
201500056864,0,14,0,0.0,2.0,2.0,1.0,A01
201500056864,0,1,0,0.0,2.0,4.0,1.0,B02
201500056865,0,7,0,0.0,1.0,2.0,1.0,A01
201500056866,0,7,0,0.0,0.0,9.0,1.0,A01
201500056867,0,7,0,16.0,0.0,9.0,1.0,A01
201500056868,0,30,0,1.0,0.0,1.0,1.0,A01
201500056869,0,7,0,0.0,1.0,3.0,1.0,A01
201500056870,0,33,0,0.0,2.0,8.0,1.0,B02
201500056870,0,7,0,0.0,2.0,3.0,15.0,A01
201500056871,0,33,0,0.0,2.0,1.0,1.0,A01
201500056871,0,7,0,0.0,2.0,3.0,1.0,B02
201500056872,0,7,0,0.0,2.0,3.0,1.0,B02
201500056872,2,7,0,0.0,2.0,7.0,1.0,A01
201500056873,0,7,0,0.0,1.0,1.0,13.0,A01
201500056874,0,7,0,0.0,0.0,3.0,1.0,A01
201500056874,0,33,0,0.0,0.0,8.0,1.0,B02
201500056875,0,7,0,0.0,9.0,1.0,1.0,B02
201500056875,0,33,0,0.0,9.0,0.0,1.0,A01
201500056876,0,7,0,2.0,0.0,1.0,1.0,A01
201500056876,0,7,0,0.0,2.0,1.0,1.0,B02
201500056877,0,7,0,0.0,1.0,3.0,0.0,A01
201500056878,0,7,0,0.0,1.0,3.0,1.0,A01
201500056879,0,7,0,0.0,2.0,8.0,10.0,B02
201500056879,0,33,0,0.0,2.0,1.0,1.0,A01
201500056879,0,7,0,0.0,0.0,0.0,0.0,C03
201500056880,0,7,0,0.0,2.0,8.0,1.0,A01
201500056880,0,1,0,0.0,0.0,1.0,1.0,B02
201500056881,0,7,0,0.0,1.0,2.0,1.0,A01
201500056882,0,7,0,0.0,2.0,1.0,13.0,A01
201500056882,0,7,0,0.0,2.0,1.0,15.0,B02
201500056883,0,7,0,0.0,2.0,7.0,17.0,A01
201500056883,0,7,0,0.0,2.0,8.0,1.0,B02
201500056884,0,1,0,0.0,2.0,3.0,19.0,A01
201500056884,0,7,0,0.0,2.0,3.0,1.0,B02
201500056885,0,1,0,0.0,2.0,2.0,9.0,B02
201500056885,0,10,0,0.0,2.0,3.0,9.0,A01
201500056886,1,30,0,0.0,2.0,1.0,2.0,A01
201500056886,0,1,0,0.0,0.0,4.0,2.0,B02
201500056887,0,7,0,6.0,0.0,2.0,1.0,A01
201500056888,0,7,0,0.0,0.0,0.0,1.0,A01
201500056889,0,7,0,0.0,1.0,2.0,1.0,A01
201500056890,0,7,0,0.0,2.0,2.0,9.0,A01
201500056890,0,30,0,0.0,2.0,2.0,5.0,B02
201500056891,0,7,0,0.0,1.0,2.0,2.0,A01
201500056892,0,33,0,0.0,2.0,1.0,1.0,A01
201500056892,0,7,0,0.0,9.0,7.0,15.0,B02
201500056893,0,7,0,0.0,1.0,2.0,1.0,A01
201500056894,0,7,0,0.0,2.0,1.0,1.0,A01
201500056894,0,30,0,0.0,2.0,2.0,1.0,B02
201500056895,0,10,0,0.0,2.0,3.0,15.0,A01
201500056895,0,1,0,0.0,2.0,3.0,1.0,B02
201500056896,0,7,0,0.0,1.0,2.0,1.0,A01
201500056897,0,7,0,0.0,2.0,7.0,17.0,A01
201500056897,0,14,0,0.0,2.0,3.0,15.0,B02
201500056898,0,30,0,0.0,2.0,3.0,1.0,B02
201500056898,0,7,0,0.0,2.0,3.0,1.0,A01
201500056899,0,10,0,0.0,2.0,3.0,1.0,C03
201500056899,0,7,0,0.0,2.0,3.0,1.0,D04
201500056899,0,31,0,0.0,2.0,1.0,9.0,A01
201500056899,0,7,0,0.0,2.0,3.0,13.0,B02
201500056900,0,7,0,0.0,2.0,1.0,1.0,B02
201500056900,0,7,0,0.0,2.0,8.0,6.0,A01
201500056901,0,7,0,0.0,1.0,1.0,1.0,A01
201500056902,0,2,0,0.0,2.0,1.0,19.0,B02
201500056902,0,7,0,0.0,2.0,3.0,1.0,A01
201500056903,0,2,0,0.0,2.0,2.0,17.0,A01
201500056903,0,7,0,0.0,2.0,3.0,0.0,B02
201500056904,0,7,0,8.0,0.0,7.0,0.0,A01
201500056905,0,7,0,0.0,2.0,3.0,1.0,A01
201500056905,0,32,0,0.0,2.0,3.0,1.0,B02
201500056906,0,7,0,0.0,1.0,7.0,1.0,A01
201500056907,0,33,0,0.0,2.0,1.0,17.0,B02
201500056907,0,7,0,0.0,2.0,8.0,15.0,A01
201500056908,0,33,0,6.0,0.0,1.0,1.0,A01
201500056909,0,7,0,13.0,0.0,2.0,1.0,A01
201500056910,0,7,0,0.0,1.0,3.0,0.0,A01
201500056911,0,7,0,0.0,1.0,2.0,1.0,A01
201500056912,0,7,0,2.0,0.0,1.0,1.0,A01
201500056913,0,30,0,0.0,2.0,1.0,1.0,B02
201500056913,0,7,0,0.0,2.0,3.0,15.0,A01
201500056914,0,7,0,0.0,1.0,1.0,1.0,A01
201500056915,0,37,0,0.0,1.0,5.0,9.0,A01
201500056916,0,33,0,0.0,1.0,2.0,1.0,A01
201500056917,0,1,0,0.0,2.0,8.0,1.0,B02
201500056917,0,37,0,0.0,2.0,8.0,1.0,A01
201500056918,0,30,0,13.0,0.0,1.0,1.0,A01
201500056919,0,7,0,13.0,0.0,1.0,1.0,A01
201500056920,0,14,0,13.0,0.0,2.0,1.0,A01
201500056921,0,7,0,2.0,0.0,8.0,1.0,A01
201500056922,0,7,0,0.0,2.0,1.0,17.0,A01
201500056922,0,14,0,0.0,2.0,1.0,1.0,B02
201500056923,0,31,0,0.0,2.0,8.0,1.0,B02
201500056923,0,7,0,0.0,2.0,2.0,17.0,A01
201500056924,0,30,0,0.0,1.0,1.0,1.0,A01
201500056925,0,7,0,0.0,2.0,8.0,0.0,B02
201500056925,0,33,0,0.0,2.0,7.0,2.0,A01
201500056926,0,34,0,0.0,2.0,7.0,0.0,A01
201500056926,0,7,0,0.0,2.0,2.0,16.0,B02
201500056927,0,7,0,0.0,1.0,1.0,1.0,A01
201500056928,0,1,0,0.0,0.0,0.0,0.0,B02
201500056928,0,7,0,0.0,9.0,1.0,1.0,A01
201500056929,0,7,0,0.0,1.0,1.0,1.0,A01
201500056930,0,33,0,0.0,2.0,1.0,1.0,B02
201500056930,0,7,0,0.0,2.0,8.0,19.0,A01
201500056931,0,10,0,0.0,0.0,7.0,15.0,A01
201500056931,0,31,0,0.0,0.0,3.0,1.0,B02
201500056932,0,7,0,0.0,2.0,1.0,1.0,C03
201500056932,0,7,0,0.0,2.0,4.0,13.0,A01
201500056932,0,7,0,0.0,2.0,1.0,1.0,B02
201500056933,0,7,0,0.0,0.0,4.0,2.0,C03
201500056933,0,31,0,0.0,2.0,1.0,2.0,A01
201500056933,0,7,0,0.0,0.0,4.0,2.0,B02
201500056934,0,7,0,0.0,1.0,0.0,0.0,A01
201500056935,0,30,0,10.0,0.0,1.0,1.0,A01
201500056936,0,7,0,0.0,2.0,8.0,19.0,A01
201500056936,0,7,0,0.0,2.0,1.0,1.0,B02
201500056937,0,7,0,0.0,2.0,1.0,5.0,A01
201500056937,0,7,0,0.0,2.0,1.0,1.0,B02
201500056938,0,30,0,0.0,0.0,0.0,1.0,A01
201500056939,0,2,0,0.0,2.0,1.0,13.0,A01
201500056939,0,7,0,0.0,2.0,1.0,1.0,B02
201500056940,0,33,0,0.0,2.0,8.0,1.0,B02
201500056940,0,7,0,0.0,2.0,2.0,15.0,A01
201500056941,0,7,0,0.0,2.0,3.0,10.0,A01
201500056941,0,10,0,0.0,2.0,2.0,1.0,B02
201500056942,0,7,0,0.0,2.0,1.0,1.0,B02
201500056942,0,7,0,0.0,2.0,7.0,13.0,A01
201500056943,0,7,0,13.0,0.0,2.0,1.0,A01
201500056944,0,7,0,0.0,2.0,1.0,1.0,B02
201500056944,0,7,0,0.0,2.0,2.0,13.0,A01
201500056945,0,7,0,0.0,2.0,3.0,1.0,B02
201500056945,0,7,0,0.0,2.0,3.0,13.0,A01
201500056946,0,33,0,0.0,2.0,1.0,1.0,A01
201500056946,0,7,0,4.0,2.0,6.0,1.0,B02
201500056947,0,7,0,0.0,0.0,3.0,10.0,A01
201500056947,0,33,0,0.0,2.0,1.0,1.0,B02
201500056948,0,10,0,0.0,1.0,2.0,1.0,A01
201500056949,0,7,0,0.0,1.0,6.0,1.0,A01
201500056950,0,7,0,0.0,2.0,8.0,0.0,B02
201500056950,0,33,0,0.0,2.0,7.0,1.0,A01
201500056951,0,7,0,0.0,1.0,1.0,15.0,A01
201500056952,0,33,0,0.0,1.0,1.0,2.0,A01
201500056952,0,10,0,0.0,2.0,1.0,1.0,B02
201500056953,0,7,0,0.0,1.0,3.0,15.0,A01
201500056954,0,33,0,0.0,1.0,1.0,0.0,A01
201500056955,0,10,0,13.0,0.0,1.0,1.0,A01
201500056956,0,1,0,0.0,2.0,1.0,13.0,B02
201500056956,0,10,0,0.0,2.0,3.0,1.0,A01
201500056957,0,7,0,0.0,2.0,1.0,1.0,B02
201500056957,0,30,0,0.0,2.0,1.0,5.0,A01
201500056958,0,10,0,0.0,1.0,3.0,1.0,A01
201500056959,0,7,0,0.0,9.0,2.0,1.0,A01
201500056959,0,1,0,0.0,2.0,1.0,13.0,B02
201500056960,0,32,0,0.0,0.0,0.0,17.0,A01
201500056961,0,38,0,0.0,2.0,3.0,1.0,B02
201500056961,0,30,0,0.0,0.0,3.0,1.0,A01
201500056962,0,14,0,0.0,2.0,4.0,1.0,A01
201500056962,0,30,0,0.0,2.0,1.0,1.0,B02
201500056963,0,10,0,0.0,1.0,2.0,4.0,A01
201500056964,0,30,0,6.0,0.0,2.0,14.0,A01
201500056965,0,33,0,0.0,1.0,8.0,1.0,A01
201500056966,0,33,0,0.0,2.0,3.0,13.0,A01
201500056966,0,7,0,0.0,2.0,3.0,1.0,B02
201500056967,0,33,0,4.0,0.0,7.0,1.0,A01
201500056968,0,7,0,0.0,2.0,3.0,13.0,A01
201500056968,0,7,0,0.0,2.0,3.0,1.0,B02
201500056969,0,33,0,0.0,0.0,3.0,1.0,A01
201500056970,0,1,0,0.0,2.0,1.0,1.0,B02
201500056970,0,7,0,0.0,2.0,5.0,15.0,A01
201500056971,0,32,0,0.0,0.0,1.0,14.0,A01
201500056972,0,7,0,1.0,0.0,9.0,0.0,A01
201500056972,0,10,0,0.0,2.0,0.0,24.0,B02
201500056973,0,7,0,0.0,2.0,3.0,1.0,A01
201500056973,0,7,0,0.0,2.0,1.0,1.0,B02
201500056974,0,10,0,8.0,0.0,3.0,1.0,A01
201500056975,0,7,0,16.0,0.0,0.0,2.0,A01
201500056976,0,2,0,0.0,0.0,0.0,1.0,A01
201500056977,0,7,0,0.0,2.0,1.0,1.0,B02
201500056977,0,34,0,0.0,2.0,1.0,15.0,A01
201500056978,0,7,0,0.0,2.0,1.0,5.0,B02
201500056978,0,7,0,0.0,2.0,1.0,0.0,A01
201500056979,0,1,0,12.0,0.0,1.0,1.0,A01
201500056980,0,7,0,13.0,0.0,9.0,13.0,A01
201500056981,0,10,0,0.0,2.0,3.0,1.0,B02
201500056981,0,31,0,0.0,2.0,1.0,1.0,A01
201500056982,0,7,0,0.0,2.0,8.0,15.0,B02
201500056982,0,32,0,0.0,2.0,1.0,17.0,A01
201500056983,0,1,0,0.0,2.0,4.0,1.0,B02
201500056983,0,10,0,0.0,2.0,3.0,15.0,A01
201500056984,0,7,0,0.0,1.0,1.0,1.0,A01
201500056985,0,30,0,0.0,2.0,1.0,1.0,A01
201500056985,0,7,0,0.0,2.0,1.0,1.0,B02
201500056986,0,7,0,0.0,2.0,2.0,1.0,B02
201500056986,0,30,0,0.0,2.0,1.0,13.0,A01
201500056987,0,31,0,0.0,2.0,3.0,17.0,A01
201500056987,0,7,0,0.0,2.0,3.0,17.0,B02
201500056988,0,7,0,0.0,1.0,1.0,1.0,A01
201500056989,0,7,0,0.0,1.0,1.0,1.0,A01
201500056990,1,7,0,0.0,1.0,0.0,0.0,B02
201500056991,0,7,0,0.0,1.0,2.0,1.0,A01
201500056992,0,33,0,0.0,1.0,1.0,1.0,A01
201500056993,0,10,0,6.0,1.0,3.0,13.0,A01
201500056994,0,7,0,6.0,0.0,1.0,19.0,A01
201500056995,0,1,0,12.0,0.0,1.0,1.0,A01
201500056996,0,30,0,0.0,0.0,7.0,0.0,A01
201500056997,0,7,0,0.0,2.0,3.0,1.0,A01
201500056997,0,30,0,0.0,2.0,1.0,13.0,B02
201500056998,0,21,0,0.0,1.0,5.0,21.0,A01
201500056999,0,7,0,0.0,2.0,1.0,1.0,B02
201500056999,0,7,0,0.0,2.0,1.0,1.0,A01
201500057000,0,7,0,0.0,2.0,7.0,13.0,A01
201500057000,0,7,0,0.0,2.0,1.0,1.0,B02
201500057001,0,7,0,0.0,1.0,1.0,1.0,A01
201500057002,0,7,0,0.0,2.0,3.0,1.0,B02
201500057002,0,33,0,0.0,2.0,1.0,1.0,A01
201500057003,0,31,0,0.0,2.0,1.0,1.0,B02
201500057003,0,7,0,0.0,2.0,2.0,15.0,A01
201500057004,0,33,0,13.0,0.0,1.0,1.0,A01
201500057005,0,7,0,0.0,2.0,1.0,1.0,A01
201500057005,0,7,0,0.0,2.0,5.0,15.0,B02
201500057006,0,30,0,0.0,0.0,1.0,5.0,B02
201500057006,0,7,0,0.0,2.0,2.0,1.0,A01
201500057007,0,7,0,0.0,2.0,3.0,15.0,B02
201500057007,0,33,0,0.0,2.0,3.0,1.0,A01
201500057008,0,7,0,13.0,0.0,1.0,1.0,A01
201500057009,0,30,0,0.0,2.0,8.0,1.0,A01
201500057009,0,7,0,0.0,2.0,3.0,5.0,B02
201500057010,0,30,0,0.0,1.0,1.0,1.0,A01
201500057011,0,7,0,0.0,1.0,2.0,1.0,A01
201500057012,0,30,0,0.0,2.0,1.0,17.0,A01
201500057012,0,10,0,0.0,2.0,3.0,15.0,B02
201500057013,0,30,0,0.0,2.0,8.0,1.0,A01