Num_Acc,senc,catv,occutc,obs,obsm,choc,manv,num_veh
201500057013,0,7,0,0.0,2.0,1.0,1.0,B02
201500057014,0,10,0,0.0,2.0,3.0,1.0,A01
201500057014,0,10,0,0.0,2.0,3.0,13.0,B02
201500057015,0,30,0,0.0,2.0,1.0,15.0,A01
201500057015,0,7,0,0.0,2.0,3.0,1.0,B02
201500057016,0,7,0,0.0,2.0,2.0,17.0,A01
201500057016,0,7,0,0.0,2.0,6.0,1.0,B02
201500057017,0,10,0,0.0,2.0,1.0,1.0,A01
201500057017,0,31,0,0.0,2.0,1.0,13.0,B02
201500057018,0,33,0,0.0,2.0,1.0,13.0,A01
201500057018,0,7,0,0.0,2.0,2.0,1.0,B02
201500057019,0,7,0,0.0,2.0,2.0,11.0,A01
201500057019,0,2,0,0.0,2.0,1.0,1.0,B02
201500057020,0,7,0,13.0,0.0,9.0,1.0,A01
201500057021,0,31,0,0.0,2.0,1.0,1.0,B02
201500057021,0,7,0,0.0,0.0,5.0,15.0,A01
201500057022,0,2,0,0.0,1.0,1.0,1.0,A01
201500057023,0,7,0,0.0,2.0,1.0,17.0,A01
201500057023,0,7,0,0.0,2.0,1.0,1.0,B02
201500057024,0,7,0,0.0,1.0,6.0,21.0,A01
201500057025,0,7,0,0.0,2.0,2.0,15.0,A01
201500057025,0,31,0,0.0,2.0,1.0,1.0,B02
201500057026,0,7,0,0.0,1.0,3.0,1.0,A01
201500057027,0,36,0,0.0,0.0,3.0,1.0,A01
201500057028,0,10,0,1.0,0.0,3.0,0.0,A01
201500057029,0,30,0,0.0,1.0,1.0,1.0,A01
201500057030,0,7,0,0.0,1.0,2.0,17.0,A01
201500057031,0,30,0,2.0,0.0,8.0,1.0,A01
201500057031,0,10,0,2.0,0.0,3.0,0.0,B02
201500057032,0,10,0,0.0,1.0,3.0,1.0,A01
201500057033,0,14,0,0.0,0.0,1.0,1.0,A01
201500057034,0,7,0,0.0,0.0,3.0,1.0,A01
201500057035,0,30,0,3.0,2.0,7.0,2.0,B02
201500057035,0,7,0,3.0,2.0,8.0,2.0,A01
201500057036,0,7,0,0.0,0.0,6.0,15.0,A01
201500057036,0,2,0,0.0,2.0,1.0,17.0,B02
201500057037,0,32,0,0.0,2.0,1.0,1.0,A01
201500057037,0,7,0,0.0,2.0,3.0,15.0,B02
201500057038,0,7,0,0.0,2.0,4.0,23.0,B02
201500057038,0,34,0,0.0,2.0,1.0,1.0,A01
201500057039,0,7,0,0.0,2.0,2.0,15.0,A01
201500057039,0,30,0,0.0,2.0,1.0,1.0,B02
201500057040,0,7,0,0.0,2.0,2.0,15.0,B02
201500057040,0,32,0,0.0,2.0,1.0,1.0,A01
201500057041,0,7,0,0.0,2.0,1.0,1.0,B02
201500057041,0,7,0,0.0,2.0,7.0,5.0,A01
201500057042,0,7,0,0.0,2.0,3.0,2.0,A01
201500057042,0,1,0,0.0,0.0,4.0,1.0,B02
201500057043,0,33,0,0.0,2.0,1.0,1.0,B02
201500057043,0,7,0,0.0,2.0,7.0,15.0,A01
201500057044,0,7,0,0.0,1.0,1.0,21.0,A01
201500057045,0,14,0,0.0,0.0,3.0,0.0,A01
201500057045,0,33,0,0.0,2.0,2.0,0.0,B02
201500057046,2,7,0,1.0,0.0,1.0,2.0,B02
201500057046,0,7,0,0.0,0.0,4.0,23.0,A01
201500057047,0,7,0,0.0,1.0,2.0,1.0,A01
201500057048,0,10,0,0.0,1.0,1.0,1.0,A01
201500057049,0,33,0,0.0,2.0,2.0,0.0,A01
201500057049,0,10,0,0.0,2.0,3.0,0.0,B02
201500057050,0,10,0,0.0,1.0,1.0,0.0,A01
201500057051,0,7,0,0.0,2.0,8.0,17.0,A01
201500057051,0,7,0,0.0,2.0,8.0,1.0,B02
201500057051,0,7,0,0.0,2.0,3.0,1.0,C03
201500057051,0,7,0,0.0,2.0,1.0,1.0,D04
201500057052,0,7,0,0.0,1.0,3.0,1.0,A01
201500057053,0,7,0,2.0,0.0,2.0,14.0,A01
201500057054,0,7,0,5.0,0.0,1.0,13.0,A01
201500057055,0,30,0,0.0,0.0,3.0,1.0,B02
201500057055,0,7,0,0.0,0.0,3.0,13.0,A01
201500057056,0,33,0,0.0,2.0,3.0,1.0,B02
201500057056,0,7,0,0.0,2.0,3.0,13.0,A01
201500057057,0,7,0,0.0,2.0,3.0,1.0,A01
201500057057,2,7,0,0.0,2.0,2.0,17.0,B02
201500057058,0,30,0,0.0,2.0,6.0,23.0,A01
201500057058,0,7,0,0.0,2.0,8.0,13.0,B02
201500057059,0,14,0,0.0,1.0,1.0,1.0,A01
201500057060,0,32,0,0.0,0.0,1.0,21.0,A01
201500057061,0,14,0,0.0,1.0,1.0,1.0,A01
201500057062,0,7,0,0.0,1.0,5.0,1.0,A01
201500057063,0,10,0,0.0,2.0,1.0,13.0,A01
201500057063,0,3,0,0.0,0.0,1.0,0.0,B02
201500057064,0,32,0,0.0,2.0,1.0,1.0,A01
201500057064,0,7,0,0.0,2.0,3.0,20.0,B02
201500057065,0,7,0,0.0,1.0,1.0,1.0,A01
201500057066,2,10,0,15.0,1.0,3.0,5.0,A01
201500057067,1,7,0,0.0,1.0,2.0,1.0,A01
201500057068,0,33,0,2.0,0.0,1.0,1.0,A01
201500057069,0,7,0,0.0,2.0,1.0,1.0,A01
201500057069,0,7,0,0.0,2.0,1.0,13.0,B02
201500057070,0,7,0,0.0,0.0,3.0,21.0,A01
201500057070,0,2,0,0.0,0.0,0.0,5.0,B02
201500057071,0,10,0,0.0,0.0,5.0,15.0,A01
201500057071,0,2,0,0.0,2.0,1.0,1.0,B02
201500057072,1,7,0,0.0,2.0,2.0,0.0,C03
201500057072,0,7,0,0.0,2.0,6.0,2.0,A01
201500057072,0,7,0,0.0,2.0,8.0,0.0,B02
201500057073,0,7,0,0.0,2.0,7.0,15.0,A01
201500057073,0,30,0,0.0,2.0,1.0,1.0,B02
201500057074,0,33,0,0.0,0.0,7.0,1.0,A01
201500057074,0,7,0,0.0,0.0,2.0,15.0,B02
201500057075,0,7,0,0.0,1.0,1.0,1.0,A01
201500057076,0,30,0,0.0,0.0,4.0,18.0,A01
201500057076,0,7,0,0.0,0.0,3.0,15.0,B02
201500057077,0,7,0,0.0,2.0,7.0,15.0,A01
201500057077,0,1,0,0.0,2.0,3.0,1.0,B02
201500057078,0,2,0,0.0,2.0,1.0,1.0,B02
201500057078,0,7,0,0.0,2.0,5.0,5.0,A01
201500057079,0,1,0,0.0,0.0,1.0,5.0,B02
201500057079,0,7,0,0.0,9.0,2.0,1.0,A01
201500057080,0,7,0,0.0,0.0,2.0,15.0,A01
201500057080,0,31,0,0.0,2.0,1.0,1.0,B02
201500057081,0,7,0,0.0,2.0,3.0,1.0,B02
201500057081,0,30,0,0.0,2.0,1.0,13.0,A01
201500057082,0,30,0,0.0,1.0,1.0,1.0,A01
201500057083,0,7,0,0.0,0.0,9.0,1.0,A01
201500057084,0,10,0,0.0,1.0,2.0,1.0,A01
201500057085,0,10,0,0.0,1.0,2.0,1.0,A01
201500057086,0,7,0,0.0,2.0,2.0,1.0,B02
201500057086,0,7,0,0.0,0.0,6.0,11.0,A01
201500057087,0,10,0,13.0,0.0,3.0,1.0,A01
201500057088,0,7,0,0.0,2.0,6.0,1.0,B02
201500057088,0,30,0,0.0,2.0,1.0,1.0,A01
201500057089,0,10,0,0.0,1.0,0.0,23.0,A01
201500057089,0,10,0,14.0,2.0,1.0,1.0,B02
201500057090,0,30,0,0.0,2.0,1.0,1.0,B02
201500057090,0,7,0,0.0,2.0,1.0,9.0,A01
201500057091,0,30,0,0.0,2.0,3.0,9.0,A01
201500057091,0,7,0,0.0,2.0,3.0,1.0,B02
201500057092,0,7,0,1.0,0.0,9.0,1.0,A01
201500057093,0,7,0,0.0,2.0,2.0,10.0,A01
201500057093,0,7,0,0.0,2.0,1.0,1.0,B02
201500057094,0,7,0,0.0,2.0,3.0,17.0,A01
201500057094,0,2,0,0.0,2.0,1.0,1.0,B02
201500057095,0,30,0,0.0,2.0,1.0,1.0,A01
201500057095,0,7,0,0.0,2.0,8.0,1.0,B02
201500057096,0,32,0,0.0,2.0,1.0,1.0,B02
201500057096,0,10,0,0.0,2.0,8.0,15.0,A01
201500057097,0,32,0,0.0,2.0,1.0,1.0,A01
201500057097,0,7,0,0.0,2.0,3.0,17.0,B02
201500057098,0,10,0,0.0,2.0,7.0,15.0,A01
201500057098,0,33,0,0.0,2.0,1.0,1.0,B02
201500057099,0,7,0,0.0,2.0,3.0,13.0,A01
201500057099,0,10,0,0.0,2.0,3.0,1.0,B02
201500057100,0,1,0,13.0,0.0,1.0,1.0,B02
201500057100,0,1,0,13.0,0.0,1.0,1.0,A01
201500057101,0,2,0,0.0,2.0,1.0,1.0,B02
201500057101,0,7,0,0.0,2.0,8.0,10.0,A01
201500057102,0,30,0,0.0,2.0,1.0,21.0,B02
201500057102,0,7,0,0.0,2.0,1.0,21.0,A01
201500057103,0,30,0,0.0,2.0,1.0,13.0,A01
201500057104,0,7,0,0.0,2.0,2.0,10.0,A01
201500057104,0,34,0,0.0,2.0,1.0,1.0,B02
201500057105,0,7,0,1.0,2.0,3.0,1.0,B02
201500057105,1,30,0,0.0,2.0,1.0,1.0,A01
201500057106,0,30,0,0.0,2.0,1.0,17.0,A01
201500057106,0,30,0,0.0,2.0,1.0,1.0,B02
201500057107,0,34,0,0.0,2.0,0.0,1.0,A01
201500057108,0,7,0,0.0,1.0,5.0,1.0,A01
201500057109,0,7,0,0.0,2.0,8.0,15.0,A01
201500057109,0,7,0,0.0,2.0,1.0,1.0,B02
201500057110,0,30,0,0.0,2.0,3.0,13.0,A01
201500057110,0,10,0,0.0,2.0,3.0,15.0,B02
201500057111,0,7,0,0.0,2.0,4.0,1.0,B02
201500057111,0,30,0,0.0,2.0,1.0,1.0,A01
201500057112,0,38,0,0.0,1.0,7.0,1.0,A01
201500057113,0,38,0,0.0,2.0,3.0,15.0,B02
201500057113,0,30,0,0.0,2.0,1.0,13.0,A01
201500057114,0,33,0,0.0,2.0,6.0,2.0,B02
201500057114,0,33,0,0.0,2.0,1.0,2.0,A01
201500057115,0,7,0,0.0,1.0,5.0,1.0,A01
201500057116,0,10,0,0.0,2.0,6.0,15.0,A01
201500057116,0,2,0,0.0,2.0,1.0,17.0,B02
201500057117,0,7,0,0.0,2.0,5.0,17.0,A01
201500057117,0,33,0,0.0,2.0,1.0,1.0,B02
201500057118,0,7,0,4.0,0.0,1.0,1.0,A01
201500057119,0,7,0,0.0,2.0,1.0,1.0,B02
201500057119,0,30,0,0.0,2.0,1.0,5.0,A01
201500057120,0,7,0,1.0,0.0,8.0,1.0,A01
201500057121,0,7,0,0.0,1.0,3.0,0.0,A01
201500057122,0,7,0,0.0,2.0,1.0,13.0,A01
201500057122,0,7,0,0.0,2.0,1.0,1.0,B02
201500057123,0,33,0,10.0,0.0,1.0,1.0,A01
201500057124,0,7,0,0.0,0.0,1.0,17.0,A01
201500057124,0,30,0,0.0,0.0,1.0,1.0,B02
201500057125,0,2,0,0.0,2.0,8.0,1.0,A01
201500057125,0,7,0,0.0,2.0,1.0,1.0,C03
201500057125,0,7,0,0.0,2.0,3.0,1.0,B02
201500057126,0,10,0,6.0,0.0,1.0,9.0,A01
201500057127,0,7,0,0.0,1.0,3.0,1.0,A01
201500057128,0,2,0,0.0,2.0,8.0,13.0,B02
201500057128,0,7,0,0.0,2.0,3.0,13.0,A01
201500057129,0,1,0,0.0,0.0,2.0,1.0,A01
201500057130,0,7,0,0.0,1.0,1.0,1.0,A01
201500057131,0,7,0,13.0,2.0,1.0,1.0,A01
201500057131,0,7,0,0.0,2.0,3.0,13.0,B02
201500057132,0,1,0,0.0,2.0,0.0,0.0,B02
201500057132,0,7,0,0.0,2.0,2.0,1.0,A01
201500057133,0,1,0,0.0,2.0,2.0,17.0,A01
201500057133,0,7,0,0.0,9.0,3.0,15.0,B02
201500057134,0,30,0,0.0,2.0,1.0,1.0,A01
201500057134,0,31,0,0.0,2.0,1.0,5.0,B02
201500057135,0,7,0,0.0,2.0,3.0,1.0,A01
201500057135,0,30,0,0.0,2.0,1.0,13.0,B02
201500057136,0,7,0,0.0,0.0,0.0,1.0,C03
201500057136,0,7,0,0.0,2.0,3.0,1.0,B02
201500057136,0,7,0,0.0,2.0,3.0,13.0,A01
201500057137,0,7,0,1.0,0.0,1.0,15.0,A01
201500057138,0,30,0,0.0,1.0,1.0,1.0,A01
201500057139,0,33,0,0.0,2.0,5.0,2.0,B02
201500057139,0,7,0,0.0,2.0,1.0,2.0,A01
201500057140,0,7,0,4.0,0.0,9.0,14.0,A01
201500057141,0,7,0,0.0,1.0,3.0,13.0,A01
201500057142,0,7,0,0.0,0.0,5.0,0.0,B02
201500057142,0,30,0,1.0,0.0,1.0,1.0,A01
201500057143,0,30,0,0.0,1.0,1.0,17.0,A01
201500057144,0,7,0,0.0,2.0,3.0,1.0,B02
201500057144,0,33,0,0.0,2.0,1.0,13.0,A01
201500057145,0,7,0,0.0,0.0,9.0,1.0,A01
201500057146,0,31,0,0.0,2.0,8.0,1.0,B02
201500057146,0,7,0,0.0,2.0,3.0,15.0,A01
201500057147,0,7,0,0.0,1.0,4.0,24.0,A01
201500057147,0,7,0,0.0,2.0,1.0,2.0,C03
201500057147,0,7,0,1.0,0.0,1.0,2.0,B02
201500057148,0,7,0,0.0,2.0,3.0,9.0,A01
201500057148,0,2,0,0.0,2.0,1.0,1.0,B02
201500057149,0,7,0,0.0,0.0,1.0,15.0,A01
201500057149,0,1,0,0.0,0.0,1.0,1.0,B02
201500057150,0,33,0,0.0,2.0,1.0,1.0,B02
201500057150,0,7,0,0.0,0.0,3.0,15.0,A01
201500057151,0,34,0,0.0,2.0,2.0,1.0,A01
201500057151,0,7,0,0.0,9.0,6.0,11.0,B02
201500057152,0,7,0,1.0,1.0,1.0,1.0,A01
201500057152,0,13,0,0.0,0.0,6.0,24.0,B02
201500057153,0,7,0,0.0,2.0,6.0,1.0,A01
201500057153,0,33,0,0.0,2.0,8.0,12.0,B02
201500057154,0,7,0,0.0,2.0,3.0,1.0,A01
201500057154,0,7,0,0.0,2.0,8.0,1.0,B02
201500057155,0,33,0,6.0,0.0,1.0,1.0,A01
201500057156,0,7,0,0.0,2.0,1.0,1.0,B02
201500057156,0,7,0,0.0,2.0,0.0,1.0,C03
201500057156,0,7,0,0.0,2.0,1.0,17.0,A01
201500057157,0,3,0,0.0,0.0,9.0,1.0,A01
201500057158,0,33,0,0.0,2.0,1.0,1.0,D04
201500057158,0,7,0,0.0,2.0,3.0,1.0,C03
201500057158,0,33,0,0.0,2.0,1.0,13.0,A01
201500057158,0,7,0,0.0,2.0,3.0,1.0,B02
201500057159,0,2,0,0.0,0.0,1.0,1.0,A01
201500057160,0,7,0,0.0,0.0,1.0,1.0,A01
201500057161,0,33,0,0.0,1.0,4.0,1.0,A01
201500057162,0,7,0,0.0,2.0,2.0,2.0,A01
201500057162,0,2,0,0.0,0.0,0.0,0.0,B02
201500057163,0,7,0,0.0,2.0,3.0,10.0,A01
201500057163,0,33,0,0.0,2.0,1.0,17.0,B02
201500057164,0,10,0,0.0,2.0,3.0,13.0,A01
201500057164,0,7,0,0.0,2.0,1.0,21.0,C03
201500057164,0,10,0,0.0,2.0,3.0,1.0,B02
201500057165,0,7,0,0.0,2.0,3.0,5.0,A01
201500057165,0,7,0,0.0,2.0,3.0,1.0,B02
201500057166,0,7,0,2.0,0.0,5.0,1.0,A01
201500057167,0,33,0,0.0,2.0,1.0,2.0,B02
201500057167,0,7,0,0.0,2.0,4.0,2.0,A01
201500057168,0,7,0,0.0,2.0,1.0,1.0,A01
201500057168,0,34,0,0.0,2.0,1.0,5.0,B02
201500057169,0,10,0,0.0,2.0,1.0,5.0,A01
201500057169,0,7,0,0.0,2.0,1.0,1.0,B02
201500057169,0,38,1,0.0,2.0,1.0,1.0,C03
201500057170,0,7,0,0.0,2.0,2.0,1.0,A01
201500057170,0,1,0,0.0,2.0,8.0,10.0,B02
201500057171,0,33,0,0.0,2.0,1.0,13.0,C03
201500057171,0,31,0,0.0,2.0,4.0,1.0,B02
201500057171,0,10,0,0.0,2.0,1.0,1.0,A01
201500057172,0,7,0,3.0,0.0,2.0,1.0,A01
201500057173,0,7,0,0.0,1.0,3.0,1.0,A01
201500057174,0,7,0,0.0,2.0,1.0,17.0,A01
201500057174,0,30,0,0.0,2.0,1.0,1.0,B02
201500057175,0,33,0,0.0,2.0,1.0,5.0,A01
201500057175,0,10,0,0.0,2.0,1.0,1.0,B02
201500057176,0,7,0,9.0,0.0,1.0,1.0,A01
201500057177,0,7,0,0.0,2.0,3.0,1.0,A01
201500057177,0,7,0,0.0,2.0,2.0,13.0,B02
201500057178,0,7,0,0.0,0.0,5.0,23.0,B02
201500057178,0,33,0,0.0,2.0,1.0,2.0,A01
201500057179,0,7,0,2.0,0.0,2.0,14.0,A01
201500057180,0,14,0,0.0,2.0,1.0,1.0,A01
201500057180,0,1,0,0.0,2.0,1.0,16.0,B02
201500057181,0,7,0,2.0,0.0,1.0,1.0,A01
201500057182,0,10,0,0.0,2.0,0.0,1.0,A01
201500057182,0,7,0,0.0,2.0,1.0,17.0,B02
201500057183,0,7,0,0.0,0.0,0.0,0.0,B02
201500057183,0,33,0,0.0,0.0,0.0,0.0,A01
201500057183,0,7,0,0.0,0.0,0.0,0.0,C03
201500057184,0,2,0,6.0,0.0,2.0,1.0,A01
201500057185,0,10,0,0.0,2.0,1.0,13.0,A01
201500057185,0,33,0,0.0,2.0,1.0,1.0,B02
201500057186,0,7,0,0.0,1.0,2.0,1.0,A01
201500057187,0,7,0,0.0,2.0,2.0,1.0,B02
201500057187,0,14,0,0.0,2.0,1.0,13.0,A01
201500057188,0,7,0,2.0,0.0,7.0,14.0,A01
201500057189,0,33,0,0.0,0.0,9.0,1.0,A01
201500057190,0,7,0,0.0,2.0,1.0,1.0,B02
201500057190,0,7,0,0.0,2.0,1.0,17.0,A01
201500057191,0,7,0,16.0,0.0,8.0,1.0,A01
201500057192,0,7,0,0.0,2.0,3.0,1.0,B02
201500057192,0,33,0,0.0,2.0,8.0,13.0,A01
201500057193,0,7,0,0.0,0.0,3.0,13.0,A01
201500057193,0,7,0,0.0,0.0,3.0,1.0,B02
201500057194,0,31,0,0.0,1.0,1.0,1.0,A01
201500057195,0,7,0,0.0,1.0,6.0,4.0,A01
201500057196,0,7,0,0.0,2.0,3.0,1.0,A01
201500057196,0,34,0,0.0,2.0,1.0,1.0,B02
201500057197,0,7,0,0.0,2.0,1.0,1.0,A01
201500057197,0,30,0,0.0,2.0,1.0,17.0,B02
201500057198,0,1,0,0.0,2.0,1.0,5.0,A01
201500057198,0,30,0,0.0,2.0,1.0,1.0,B02
201500057199,0,10,0,0.0,1.0,1.0,14.0,A01
201500057200,0,14,0,0.0,1.0,1.0,1.0,A01
201500057201,0,33,0,6.0,0.0,3.0,0.0,A01
201500057202,0,1,0,0.0,2.0,8.0,5.0,A01
201500057202,0,7,0,0.0,2.0,1.0,1.0,B02
201500057203,0,1,0,0.0,0.0,0.0,23.0,B02
201500057203,0,7,0,0.0,2.0,1.0,1.0,A01
201500057204,0,7,0,3.0,0.0,2.0,1.0,A01
201500057205,0,7,0,0.0,1.0,1.0,0.0,A01
201500057206,0,7,0,0.0,1.0,1.0,0.0,A01
201500057207,2,30,0,0.0,1.0,1.0,1.0,Z01
201500057208,0,7,0,0.0,1.0,4.0,4.0,A01
201500057209,0,7,0,0.0,2.0,8.0,1.0,A01
201500057209,0,7,0,0.0,0.0,0.0,0.0,B01
201500057210,0,7,0,0.0,2.0,2.0,9.0,A01
201500057210,0,33,0,0.0,2.0,1.0,2.0,B01
201500057211,0,7,0,0.0,1.0,1.0,16.0,A01
201500057212,0,10,0,0.0,1.0,7.0,9.0,A01
201500057213,0,7,0,1.0,1.0,1.0,13.0,A01
201500057214,0,7,0,0.0,1.0,2.0,1.0,A01
201500057215,0,33,0,1.0,0.0,3.0,13.0,A01
201500057216,0,7,0,15.0,0.0,8.0,18.0,A01
201500057217,0,7,0,16.0,0.0,4.0,1.0,A01
201500057218,0,7,0,0.0,2.0,1.0,1.0,A01
201500057218,0,32,0,0.0,2.0,1.0,17.0,B01
201500057219,0,99,0,0.0,0.0,3.0,11.0,B01
201500057219,0,99,0,0.0,2.0,8.0,2.0,A01
201500057220,0,2,0,0.0,2.0,7.0,1.0,B01
201500057221,0,34,0,0.0,2.0,1.0,1.0,B01
201500057221,0,99,0,0.0,2.0,2.0,15.0,A01
201500057222,0,30,0,16.0,0.0,4.0,9.0,A01
201500057222,0,7,0,16.0,0.0,4.0,2.0,B01
201500057223,0,7,0,6.0,0.0,1.0,13.0,A01
201500057224,0,34,0,0.0,9.0,1.0,2.0,A01
201500057225,0,99,0,6.0,0.0,0.0,0.0,A01
201500057226,0,7,0,0.0,9.0,3.0,1.0,A01
201500057226,0,1,0,0.0,2.0,4.0,15.0,B01
201500057227,0,7,0,0.0,2.0,1.0,15.0,A01
201500057227,0,2,0,12.0,0.0,8.0,1.0,B01
201500057228,0,32,0,0.0,2.0,1.0,1.0,A01
201500057228,0,7,0,0.0,2.0,8.0,1.0,B01
201500057229,0,30,0,11.0,0.0,1.0,13.0,A01
201500057230,0,7,0,0.0,2.0,1.0,21.0,A01
201500057230,0,7,0,0.0,2.0,8.0,15.0,B01
201500057231,0,10,0,0.0,1.0,8.0,2.0,A01
201500057232,0,3,0,15.0,2.0,3.0,21.0,A01
201500057232,0,2,0,0.0,2.0,1.0,21.0,B01
201500057233,0,7,0,1.0,0.0,2.0,14.0,A01
201500057234,1,30,0,0.0,1.0,1.0,1.0,A01
201500057235,0,2,0,0.0,2.0,1.0,3.0,B01
201500057235,0,7,0,0.0,2.0,3.0,15.0,A01
201500057236,0,33,0,0.0,2.0,9.0,1.0,B01
201500057236,0,7,0,0.0,2.0,1.0,12.0,A01
201500057237,0,7,0,0.0,1.0,3.0,9.0,A01
201500057238,1,2,0,0.0,0.0,0.0,13.0,Z01
201500057238,0,7,0,0.0,9.0,0.0,1.0,A01
201500057239,0,7,0,0.0,2.0,8.0,15.0,B01
201500057239,0,7,0,0.0,2.0,1.0,17.0,A01
201500057240,0,7,0,0.0,2.0,5.0,1.0,B01
201500057240,0,7,0,0.0,2.0,2.0,15.0,A01
201500057241,0,7,0,0.0,2.0,8.0,15.0,A01
201500057241,0,31,0,0.0,2.0,1.0,17.0,B01
201500057242,1,1,0,0.0,1.0,0.0,0.0,Z01
201500057243,1,30,0,1.0,0.0,0.0,0.0,A01
201500057244,0,7,0,4.0,0.0,1.0,0.0,A01
201500057245,0,7,0,0.0,2.0,1.0,0.0,B01
201500057245,0,7,0,0.0,2.0,7.0,15.0,A01
201500057246,0,7,0,0.0,1.0,0.0,0.0,A01
201500057247,1,2,0,0.0,2.0,0.0,0.0,B01
201500057247,0,7,0,0.0,2.0,1.0,0.0,A01
201500057248,0,7,0,0.0,1.0,2.0,21.0,A01
201500057249,0,7,0,5.0,1.0,2.0,0.0,A01
201500057249,0,7,0,0.0,2.0,6.0,0.0,B01
201500057250,0,32,0,0.0,2.0,1.0,0.0,B01
201500057250,0,7,0,0.0,2.0,8.0,0.0,A01
201500057251,0,7,0,3.0,2.0,6.0,1.0,C01
201500057251,0,7,0,0.0,2.0,4.0,2.0,B01
201500057251,0,7,0,0.0,2.0,6.0,2.0,D01
201500057251,0,7,0,0.0,2.0,1.0,0.0,A01
201500057252,0,7,0,0.0,1.0,1.0,0.0,A01
201500057253,0,7,0,0.0,2.0,6.0,1.0,B01
201500057253,0,30,0,0.0,2.0,1.0,1.0,A01
201500057254,1,32,0,0.0,1.0,0.0,0.0,Z01
201500057255,0,7,0,0.0,2.0,1.0,13.0,A01
201500057255,0,7,0,0.0,2.0,1.0,1.0,B01
201500057256,0,7,0,0.0,2.0,8.0,2.0,A01
201500057256,0,7,0,0.0,2.0,3.0,2.0,B01
201500057257,0,2,0,0.0,1.0,1.0,0.0,A01
201500057258,0,7,0,0.0,1.0,1.0,0.0,A01
201500057259,0,7,0,0.0,1.0,0.0,0.0,A01
201500057260,1,30,0,0.0,2.0,0.0,1.0,A01
201500057260,0,7,0,0.0,2.0,2.0,1.0,B01
201500057261,0,30,0,0.0,2.0,1.0,3.0,A01
201500057261,0,7,0,0.0,2.0,8.0,15.0,B01
201500057262,0,7,0,0.0,1.0,3.0,0.0,A01
201500057263,0,38,1,0.0,1.0,5.0,1.0,A01
201500057264,0,37,0,0.0,1.0,0.0,20.0,A01
201500057265,0,7,0,0.0,2.0,4.0,1.0,B01
201500057265,0,33,0,0.0,2.0,1.0,2.0,A01
201500057266,0,7,0,0.0,1.0,3.0,15.0,A01
201500057267,0,7,0,0.0,1.0,1.0,1.0,A01
201500057268,0,7,0,0.0,1.0,0.0,1.0,A01
201500057269,0,7,0,0.0,2.0,0.0,15.0,A01
201500057269,0,1,0,0.0,2.0,1.0,1.0,B01
201500057270,0,7,0,0.0,2.0,3.0,2.0,E01
201500057270,0,7,0,0.0,2.0,4.0,4.0,B01
201500057270,0,7,0,0.0,2.0,4.0,2.0,C01
201500057270,0,7,0,0.0,2.0,4.0,2.0,D01
201500057270,0,7,0,0.0,2.0,1.0,2.0,A01
201500057271,0,7,0,6.0,0.0,1.0,13.0,A01
201500057272,0,1,0,0.0,2.0,8.0,11.0,A01
201500057272,0,7,0,0.0,2.0,2.0,2.0,B01
201500057273,0,7,0,0.0,2.0,2.0,15.0,B01
201500057273,0,32,0,0.0,2.0,1.0,18.0,A01
201500057274,0,7,0,0.0,2.0,8.0,1.0,B01
201500057274,0,7,0,0.0,2.0,4.0,1.0,C01
201500057274,1,30,0,0.0,2.0,0.0,0.0,A01
201500057275,0,7,0,0.0,2.0,3.0,1.0,A01
201500057275,0,7,0,0.0,2.0,1.0,1.0,B01
201500057275,0,1,0,0.0,2.0,0.0,0.0,C01
201500057276,0,10,0,0.0,1.0,7.0,1.0,A01
201500057277,0,1,0,0.0,0.0,0.0,0.0,B01
201500057277,0,13,0,0.0,0.0,8.0,15.0,A01
201500057278,0,1,0,0.0,2.0,0.0,0.0,A01
201500057278,0,7,0,0.0,2.0,2.0,16.0,B01
201500057279,0,7,0,0.0,1.0,1.0,0.0,A01
201500057280,0,7,0,15.0,1.0,1.0,2.0,A01
201500057281,0,7,0,0.0,0.0,0.0,0.0,B01
201500057281,0,31,0,0.0,0.0,0.0,0.0,A01
201500057282,0,7,0,0.0,1.0,3.0,0.0,A01
201500057283,0,7,0,0.0,0.0,0.0,0.0,A01
201500057283,0,1,0,0.0,0.0,0.0,0.0,B01
201500057284,0,31,0,0.0,2.0,1.0,17.0,A01
201500057284,0,7,0,0.0,2.0,2.0,15.0,B01
201500057285,0,7,0,0.0,2.0,0.0,0.0,A01
201500057285,0,7,0,0.0,2.0,0.0,0.0,B01
201500057286,0,32,0,0.0,0.0,0.0,1.0,A01
201500057287,0,38,0,0.0,2.0,8.0,1.0,C01
201500057287,0,7,0,0.0,2.0,7.0,17.0,A01
201500057287,0,7,0,0.0,2.0,1.0,1.0,B01
201500057288,0,7,0,0.0,1.0,2.0,2.0,A01
201500057289,0,7,0,0.0,2.0,1.0,15.0,A01
201500057289,0,7,0,0.0,2.0,1.0,1.0,B01
201500057290,0,33,0,15.0,0.0,1.0,0.0,A01
201500057291,0,7,0,13.0,0.0,1.0,2.0,A01
201500057292,0,7,0,6.0,0.0,3.0,0.0,A01
201500057293,0,7,0,0.0,2.0,3.0,9.0,A01
201500057293,0,7,0,0.0,2.0,4.0,1.0,B01
201500057294,0,30,0,0.0,2.0,3.0,14.0,A01