Num_Acc,senc,catv,occutc,obs,obsm,choc,manv,num_veh
201500057294,0,7,0,0.0,2.0,8.0,9.0,B01
201500057295,0,33,0,0.0,1.0,0.0,0.0,A01
201500057296,0,7,0,0.0,2.0,8.0,15.0,B01
201500057296,0,30,0,0.0,2.0,1.0,17.0,A01
201500057297,0,7,0,0.0,0.0,0.0,0.0,A01
201500057298,0,7,0,0.0,0.0,0.0,0.0,B01
201500057298,0,7,0,0.0,0.0,0.0,0.0,A01
201500057299,0,7,0,0.0,0.0,0.0,0.0,A01
201500057299,0,7,0,0.0,2.0,1.0,2.0,B01
201500057300,0,34,0,0.0,0.0,0.0,0.0,C01
201500057300,0,7,0,0.0,0.0,0.0,0.0,B01
201500057300,0,33,0,0.0,0.0,0.0,0.0,A01
201500057301,0,7,0,0.0,0.0,3.0,15.0,B01
201500057301,0,31,0,0.0,0.0,7.0,2.0,A01
201500057302,0,7,0,0.0,0.0,0.0,0.0,A01
201500057303,0,33,0,0.0,2.0,1.0,1.0,B01
201500057303,0,7,0,0.0,2.0,8.0,15.0,A01
201500057304,0,30,0,0.0,2.0,1.0,19.0,A01
201500057304,0,7,0,0.0,2.0,2.0,0.0,B01
201500057305,0,33,0,0.0,2.0,0.0,0.0,A01
201500057305,0,7,0,0.0,2.0,5.0,19.0,B01
201500057306,0,7,0,0.0,2.0,9.0,1.0,A01
201500057307,0,7,0,0.0,0.0,1.0,17.0,A01
201500057307,0,7,0,0.0,0.0,0.0,0.0,B01
201500057307,0,7,0,0.0,0.0,0.0,0.0,C01
201500057308,0,2,0,4.0,0.0,1.0,0.0,A01
201500057309,0,30,0,0.0,0.0,1.0,18.0,B01
201500057309,0,7,0,0.0,0.0,7.0,15.0,A01
201500057310,0,7,0,0.0,0.0,0.0,0.0,A01
201500057310,0,32,0,0.0,0.0,0.0,0.0,B01
201500057311,1,30,0,0.0,0.0,0.0,0.0,A01
201500057311,0,7,0,0.0,0.0,0.0,0.0,B01
201500057312,0,7,0,0.0,0.0,0.0,0.0,A01
201500057313,0,7,0,0.0,2.0,3.0,1.0,A01
201500057313,0,1,0,0.0,2.0,1.0,13.0,B01
201500057314,0,7,0,0.0,0.0,0.0,0.0,B01
201500057314,0,1,0,0.0,0.0,0.0,0.0,A01
201500057315,0,7,0,0.0,1.0,1.0,1.0,A01
201500057316,0,7,0,0.0,2.0,2.0,0.0,A01
201500057316,0,7,0,0.0,2.0,7.0,1.0,B01
201500057317,0,7,0,0.0,2.0,1.0,1.0,B01
201500057317,0,7,0,0.0,2.0,1.0,17.0,A01
201500057318,0,7,0,4.0,2.0,3.0,1.0,B01
201500057318,0,7,0,4.0,0.0,5.0,0.0,A01
201500057319,0,7,0,0.0,0.0,0.0,0.0,A01
201500057319,0,33,0,0.0,2.0,4.0,2.0,B01
201500057320,0,33,0,0.0,2.0,1.0,17.0,A01
201500057320,0,7,0,0.0,2.0,3.0,16.0,B01
201500057321,0,7,0,0.0,0.0,0.0,0.0,A01
201500057321,0,33,0,0.0,2.0,1.0,17.0,B01
201500057322,0,7,0,0.0,2.0,0.0,1.0,B01
201500057322,0,7,0,0.0,0.0,6.0,2.0,C01
201500057322,0,7,0,0.0,2.0,1.0,13.0,A01
201500057323,0,13,0,0.0,2.0,8.0,1.0,B01
201500057323,0,7,0,0.0,2.0,3.0,13.0,A01
201500057324,0,7,0,6.0,1.0,1.0,0.0,A01
201500057325,0,7,0,0.0,2.0,1.0,0.0,B01
201500057325,0,7,0,0.0,2.0,0.0,0.0,A01
201500057326,0,7,0,0.0,1.0,0.0,0.0,A01
201500057327,0,7,0,0.0,2.0,2.0,1.0,A01
201500057327,0,1,0,0.0,2.0,1.0,15.0,B01
201500057328,0,7,0,0.0,2.0,8.0,1.0,A01
201500057328,0,1,0,0.0,2.0,1.0,1.0,B01
201500057329,1,7,0,0.0,1.0,2.0,1.0,A01
201500057330,0,7,0,0.0,0.0,0.0,0.0,B01
201500057330,0,7,0,0.0,0.0,3.0,0.0,A01
201500057331,0,31,0,13.0,2.0,9.0,2.0,A01
201500057331,0,2,0,3.0,2.0,8.0,2.0,B01
201500057332,0,7,0,0.0,2.0,7.0,16.0,B01
201500057332,0,1,0,0.0,2.0,0.0,19.0,A01
201500057333,0,7,0,0.0,1.0,4.0,4.0,A01
201500057334,0,7,0,0.0,2.0,5.0,15.0,A01
201500057334,0,31,0,0.0,2.0,0.0,1.0,B01
201500057335,0,2,0,0.0,0.0,0.0,0.0,B01
201500057335,0,13,0,0.0,2.0,5.0,15.0,A01
201500057336,1,7,0,0.0,1.0,0.0,0.0,Z01
201500057337,0,7,0,0.0,0.0,0.0,0.0,A01
201500057338,0,7,0,0.0,1.0,2.0,1.0,A01
201500057339,0,7,0,0.0,0.0,0.0,0.0,A01
201500057339,0,7,0,0.0,0.0,0.0,0.0,B01
201500057340,0,7,0,0.0,0.0,0.0,0.0,B01
201500057340,0,34,0,0.0,0.0,0.0,0.0,A01
201500057341,0,1,0,0.0,0.0,0.0,0.0,A01
201500057342,1,7,0,0.0,2.0,0.0,5.0,B01
201500057342,0,7,0,0.0,2.0,7.0,15.0,A01
201500057343,0,2,0,0.0,1.0,0.0,0.0,A01
201500057344,0,7,0,0.0,1.0,0.0,0.0,A01
201500057345,0,7,0,0.0,0.0,2.0,15.0,A01
201500057345,0,34,0,0.0,0.0,1.0,18.0,B01
201500057346,0,7,0,0.0,1.0,0.0,0.0,A01
201500057347,0,7,0,0.0,0.0,3.0,15.0,A01
201500057347,0,32,0,0.0,2.0,1.0,5.0,B01
201500057348,0,32,0,0.0,0.0,0.0,0.0,A01
201500057349,0,7,0,0.0,1.0,2.0,0.0,A01
201500057350,0,7,0,0.0,2.0,1.0,1.0,A01
201500057350,0,1,0,0.0,2.0,7.0,10.0,B01
201500057351,0,7,0,8.0,0.0,8.0,13.0,A01
201500057352,0,7,0,13.0,0.0,0.0,0.0,A01
201500057353,0,1,0,0.0,2.0,1.0,18.0,A01
201500057353,0,7,0,0.0,2.0,2.0,15.0,B01
201500057354,0,7,0,3.0,2.0,4.0,24.0,B01
201500057354,1,30,0,0.0,2.0,1.0,14.0,A01
201500057355,0,7,0,0.0,0.0,2.0,0.0,B01
201500057355,0,1,0,0.0,0.0,0.0,0.0,A01
201500057356,0,7,0,0.0,2.0,8.0,11.0,A01
201500057356,0,7,0,0.0,2.0,2.0,17.0,B01
201500057357,0,7,0,0.0,2.0,1.0,1.0,B01
201500057357,0,33,0,0.0,2.0,1.0,17.0,A01
201500057358,0,7,0,0.0,2.0,7.0,15.0,A01
201500057358,0,7,0,0.0,2.0,1.0,1.0,B01
201500057359,0,1,0,3.0,0.0,2.0,14.0,Z01
201500057360,0,32,0,0.0,2.0,8.0,0.0,B01
201500057360,0,7,0,0.0,2.0,2.0,13.0,A01
201500057361,0,7,0,0.0,1.0,1.0,1.0,A01
201500057362,0,7,0,0.0,2.0,1.0,2.0,A01
201500057362,0,7,0,0.0,0.0,0.0,0.0,B01
201500057363,0,32,0,0.0,2.0,1.0,13.0,A01
201500057363,0,7,0,0.0,2.0,1.0,1.0,B01
201500057364,2,2,0,12.0,0.0,3.0,13.0,Z01
201500057365,0,33,0,4.0,0.0,8.0,13.0,A01
201500057366,0,31,0,0.0,2.0,1.0,17.0,A01
201500057366,0,7,0,0.0,2.0,3.0,1.0,B01
201500057367,0,7,0,0.0,2.0,8.0,1.0,B01
201500057367,0,33,0,0.0,2.0,3.0,13.0,Z01
201500057368,0,30,0,0.0,2.0,1.0,13.0,A01
201500057368,0,7,0,0.0,2.0,1.0,1.0,B01
201500057369,0,7,0,0.0,0.0,0.0,0.0,B01
201500057369,0,30,0,0.0,2.0,2.0,14.0,A01
201500057370,0,30,0,0.0,1.0,1.0,17.0,A01
201500057371,0,7,0,0.0,1.0,1.0,1.0,A01
201500057372,0,7,0,0.0,2.0,6.0,1.0,C01
201500057372,0,33,0,0.0,2.0,1.0,17.0,A01
201500057372,0,7,0,0.0,2.0,3.0,1.0,B01
201500057373,0,31,0,0.0,2.0,1.0,1.0,A01
201500057373,0,7,0,0.0,2.0,3.0,1.0,B01
201500057374,0,33,0,0.0,0.0,0.0,0.0,B01
201500057374,0,7,0,0.0,2.0,2.0,15.0,A01
201500057375,0,30,0,0.0,2.0,1.0,13.0,A01
201500057375,0,31,0,0.0,2.0,1.0,1.0,B01
201500057376,0,7,0,4.0,0.0,3.0,13.0,A01
201500057377,0,33,0,0.0,2.0,1.0,0.0,A01
201500057377,0,7,0,0.0,2.0,8.0,16.0,B01
201500057378,0,7,0,0.0,1.0,1.0,1.0,A01
201500057379,0,7,0,0.0,1.0,2.0,1.0,A01
201500057380,0,7,0,0.0,1.0,8.0,1.0,A01
201500057381,0,30,0,0.0,2.0,1.0,1.0,B01
201500057381,1,7,0,0.0,2.0,1.0,13.0,Z01
201500057382,0,31,0,2.0,0.0,1.0,1.0,A01
201500057383,0,37,5,6.0,0.0,5.0,20.0,A01
201500057384,0,7,0,0.0,1.0,3.0,1.0,A01
201500057385,2,30,0,16.0,0.0,7.0,14.0,Z01
201500057386,1,30,0,0.0,1.0,1.0,1.0,A01
201500057387,0,7,0,1.0,1.0,2.0,17.0,A01
201500057388,0,33,0,16.0,0.0,7.0,14.0,A01
201500057389,0,33,0,16.0,0.0,7.0,14.0,A01
201500057389,1,33,0,0.0,2.0,1.0,13.0,B01
201500057390,0,33,0,0.0,2.0,1.0,13.0,A01
201500057390,0,33,0,0.0,2.0,1.0,1.0,B01
201500057391,0,7,0,0.0,2.0,1.0,1.0,B01
201500057391,0,31,0,0.0,2.0,9.0,9.0,A01
201500057392,0,7,0,0.0,1.0,7.0,1.0,A01
201500057393,0,7,0,0.0,2.0,3.0,15.0,A01
201500057393,0,31,0,0.0,2.0,1.0,1.0,B01
201500057394,0,7,0,0.0,2.0,8.0,1.0,B01
201500057394,1,7,0,0.0,2.0,7.0,14.0,Z01
201500057395,0,7,0,0.0,2.0,1.0,2.0,A01
201500057395,0,1,0,0.0,2.0,4.0,1.0,B01
201500057396,0,7,0,9.0,1.0,2.0,14.0,A01
201500057397,0,7,0,0.0,1.0,4.0,4.0,A01
201500057398,0,7,0,0.0,1.0,1.0,16.0,A01
201500057399,1,37,1,0.0,1.0,7.0,0.0,Z01
201500057400,0,30,0,16.0,0.0,0.0,13.0,A01
201500057401,0,7,0,0.0,2.0,2.0,9.0,A01
201500057401,0,33,0,0.0,2.0,6.0,1.0,B01
201500057402,0,7,0,0.0,1.0,1.0,1.0,A01
201500057403,0,7,0,0.0,1.0,1.0,1.0,A01
201500057404,1,33,0,0.0,1.0,1.0,1.0,Z01
201500057405,0,33,0,0.0,2.0,3.0,7.0,B01
201500057405,0,7,0,0.0,2.0,2.0,16.0,A01
201500057406,0,7,0,0.0,1.0,1.0,1.0,A01
201500057407,0,7,0,0.0,1.0,1.0,16.0,A01
201500057408,0,7,0,6.0,0.0,2.0,14.0,A01
201500057409,0,30,0,0.0,2.0,7.0,17.0,A01
201500057409,0,7,0,0.0,2.0,8.0,15.0,B01
201500057410,0,7,0,0.0,2.0,1.0,15.0,A01
201500057410,0,7,0,0.0,2.0,1.0,1.0,B01
201500057411,0,7,0,0.0,2.0,2.0,1.0,B01
201500057411,0,30,0,0.0,2.0,1.0,16.0,A01
201500057412,1,7,0,0.0,1.0,4.0,4.0,Z01
201500057413,0,7,0,0.0,2.0,2.0,14.0,A01
201500057413,0,33,0,0.0,2.0,8.0,1.0,B01
201500057414,0,30,0,0.0,2.0,1.0,17.0,A01
201500057414,0,31,0,0.0,2.0,1.0,1.0,B01
201500057415,0,7,0,0.0,2.0,3.0,13.0,A01
201500057415,0,7,0,0.0,2.0,3.0,1.0,B01
201500057416,0,31,0,0.0,2.0,4.0,2.0,B01
201500057416,0,7,0,0.0,2.0,5.0,2.0,C01
201500057416,0,7,0,0.0,2.0,1.0,1.0,A01
201500057417,0,7,0,0.0,0.0,0.0,13.0,A01
201500057417,0,33,0,0.0,0.0,9.0,1.0,B01
201500057418,0,7,0,0.0,2.0,1.0,2.0,A01
201500057418,0,7,0,0.0,2.0,4.0,1.0,B01
201500057419,0,31,0,0.0,2.0,1.0,1.0,A01
201500057419,0,7,0,0.0,2.0,1.0,15.0,B01
201500057420,0,7,0,0.0,1.0,8.0,1.0,A01
201500057421,0,7,0,0.0,2.0,1.0,17.0,A01
201500057421,0,31,0,0.0,2.0,1.0,1.0,B01
201500057422,0,7,0,1.0,1.0,8.0,1.0,A01
201500057423,0,33,0,1.0,0.0,1.0,13.0,A01
201500057424,0,7,0,4.0,0.0,2.0,14.0,A01
201500057425,0,7,0,0.0,2.0,8.0,1.0,C01
201500057425,0,7,0,0.0,2.0,3.0,0.0,A01
201500057425,0,7,0,0.0,2.0,7.0,1.0,B01
201500057426,0,1,0,0.0,2.0,7.0,1.0,B01
201500057426,0,7,0,0.0,2.0,1.0,9.0,A01
201500057427,0,7,0,0.0,0.0,1.0,9.0,A01
201500057427,0,2,0,0.0,2.0,1.0,1.0,Z01
201500057428,0,14,0,0.0,2.0,1.0,12.0,A01
201500057428,0,7,0,0.0,2.0,4.0,12.0,B01
201500057429,0,33,0,13.0,0.0,8.0,13.0,A01
201500057430,0,30,0,0.0,2.0,9.0,1.0,B01
201500057430,0,7,0,0.0,2.0,0.0,9.0,A01
201500057431,0,7,0,0.0,1.0,1.0,1.0,A01
201500057432,1,7,0,0.0,2.0,2.0,1.0,A01
201500057432,0,7,0,0.0,2.0,3.0,1.0,B01
201500057433,0,31,0,0.0,2.0,7.0,17.0,A01
201500057433,0,14,0,0.0,2.0,6.0,1.0,B01
201500057434,0,33,0,1.0,2.0,1.0,13.0,A01
201500057435,0,7,0,0.0,2.0,1.0,1.0,B01
201500057435,2,30,0,0.0,2.0,1.0,10.0,A01
201500057436,0,7,0,0.0,2.0,2.0,13.0,A01
201500057436,0,30,0,0.0,2.0,1.0,1.0,B01
201500057437,0,7,0,0.0,2.0,6.0,23.0,B01
201500057437,0,7,0,0.0,2.0,2.0,2.0,A01
201500057438,0,1,0,0.0,2.0,1.0,1.0,B01
201500057438,0,7,0,0.0,2.0,7.0,0.0,A01
201500057439,0,7,0,0.0,2.0,7.0,14.0,A01
201500057439,0,7,0,0.0,2.0,8.0,1.0,B01
201500057440,0,33,0,16.0,0.0,1.0,14.0,A01
201500057441,0,7,0,0.0,2.0,5.0,15.0,A01
201500057441,0,1,0,0.0,2.0,1.0,1.0,B01
201500057442,0,1,0,0.0,2.0,1.0,1.0,B01
201500057442,0,7,0,0.0,2.0,1.0,12.0,A01
201500057443,0,7,0,0.0,2.0,6.0,24.0,B01
201500057443,0,7,0,1.0,0.0,4.0,4.0,A01
201500057444,0,33,0,0.0,2.0,1.0,1.0,B01
201500057444,0,7,0,0.0,2.0,7.0,15.0,A01
201500057445,0,7,0,16.0,0.0,7.0,14.0,A01
201500057446,0,7,0,0.0,1.0,4.0,4.0,A01
201500057447,0,2,0,0.0,1.0,1.0,1.0,A01
201500057448,0,1,0,0.0,2.0,1.0,2.0,A01
201500057448,0,7,0,0.0,2.0,4.0,1.0,B01
201500057449,0,7,0,0.0,1.0,1.0,15.0,A01
201500057450,0,7,0,0.0,1.0,8.0,1.0,A01
201500057451,0,7,0,0.0,2.0,3.0,13.0,A01
201500057451,0,7,0,0.0,2.0,3.0,1.0,B01
201500057452,0,2,0,0.0,2.0,2.0,1.0,B01
201500057452,0,7,0,0.0,2.0,3.0,15.0,A01
201500057453,0,30,0,0.0,2.0,1.0,13.0,A01
201500057453,0,7,0,0.0,2.0,3.0,1.0,B01
201500057454,0,32,0,0.0,2.0,2.0,17.0,A01
201500057454,0,7,0,0.0,2.0,3.0,1.0,B01
201500057455,0,7,0,0.0,1.0,1.0,14.0,A01
201500057456,0,31,0,0.0,2.0,7.0,17.0,B01
201500057456,0,7,0,0.0,2.0,3.0,13.0,A01
201500057457,0,7,0,0.0,2.0,3.0,23.0,B01
201500057457,0,33,0,0.0,2.0,1.0,1.0,A01
201500057458,0,31,0,0.0,2.0,1.0,1.0,B01
201500057458,0,7,0,0.0,2.0,3.0,15.0,A01
201500057459,0,33,0,0.0,2.0,1.0,1.0,B01
201500057459,0,7,0,0.0,2.0,1.0,12.0,A01
201500057460,0,7,0,0.0,1.0,2.0,15.0,A01
201500057461,0,31,0,0.0,2.0,7.0,19.0,A01
201500057461,0,7,0,0.0,2.0,3.0,1.0,B01
201500057462,0,7,0,0.0,0.0,0.0,0.0,B01
201500057462,0,33,0,0.0,2.0,1.0,2.0,A01
201500057463,1,7,0,0.0,1.0,1.0,1.0,Z01
201500057464,0,7,0,0.0,2.0,1.0,17.0,A01
201500057464,0,31,0,0.0,2.0,1.0,1.0,B01
201500057465,0,7,0,0.0,2.0,7.0,1.0,B01
201500057465,0,7,0,0.0,2.0,8.0,11.0,A01
201500057466,0,7,0,0.0,2.0,1.0,15.0,B01
201500057466,0,33,0,0.0,2.0,1.0,17.0,A01
201500057467,0,7,0,0.0,2.0,1.0,15.0,A01
201500057467,0,37,5,0.0,2.0,1.0,1.0,B01
201500057467,0,7,0,0.0,2.0,3.0,23.0,C01
201500057468,0,7,0,0.0,2.0,8.0,24.0,B01
201500057468,0,7,0,1.0,0.0,1.0,19.0,A01
201500057469,0,33,0,0.0,2.0,8.0,7.0,B01
201500057469,0,7,0,0.0,2.0,7.0,14.0,A01
201500057470,0,31,0,0.0,2.0,1.0,13.0,A01
201500057470,0,7,0,0.0,2.0,3.0,1.0,B01
201500057471,0,7,0,0.0,2.0,4.0,2.0,B01
201500057471,0,7,0,0.0,2.0,1.0,17.0,A01
201500057472,0,7,0,0.0,2.0,1.0,17.0,A01
201500057472,0,32,0,0.0,2.0,8.0,1.0,B01
201500057473,0,7,0,0.0,2.0,4.0,2.0,B01
201500057473,0,7,0,0.0,2.0,1.0,0.0,A01
201500057474,0,7,0,0.0,2.0,9.0,17.0,A01
201500057474,0,38,2,0.0,2.0,1.0,1.0,B01
201500057474,0,7,0,0.0,2.0,3.0,1.0,C01
201500057475,0,7,0,0.0,2.0,3.0,13.0,A01
201500057475,0,7,0,0.0,2.0,3.0,15.0,B01
201500057476,0,7,0,5.0,0.0,1.0,1.0,A01
201500057477,0,7,0,0.0,2.0,3.0,13.0,A01
201500057477,0,7,0,0.0,2.0,8.0,2.0,B01
201500057478,0,7,0,4.0,0.0,9.0,0.0,A01
201500057479,0,7,0,0.0,2.0,1.0,2.0,A01
201500057479,0,7,0,0.0,2.0,4.0,2.0,C01
201500057479,0,7,0,0.0,0.0,4.0,2.0,B01
201500057480,0,7,0,0.0,2.0,1.0,5.0,A01
201500057480,0,7,0,0.0,2.0,1.0,1.0,B01
201500057481,0,7,0,0.0,1.0,1.0,1.0,A01
201500057482,0,7,0,0.0,1.0,2.0,1.0,A01
201500057483,0,7,0,0.0,2.0,1.0,1.0,C01
201500057483,0,7,0,0.0,2.0,1.0,13.0,A01
201500057483,0,7,0,0.0,2.0,1.0,1.0,B01
201500057484,0,31,0,0.0,0.0,7.0,1.0,B01
201500057484,0,7,0,0.0,2.0,1.0,1.0,A01
201500057485,1,1,0,0.0,1.0,0.0,0.0,Z01
201500057486,0,7,0,0.0,2.0,1.0,2.0,A01
201500057486,0,7,0,0.0,2.0,4.0,23.0,C01
201500057486,0,7,0,0.0,2.0,4.0,23.0,B01
201500057487,0,7,0,0.0,2.0,4.0,1.0,B01
201500057487,0,7,0,0.0,2.0,5.0,1.0,C01
201500057487,0,33,0,1.0,2.0,1.0,3.0,A01
201500057488,0,1,0,0.0,9.0,4.0,1.0,B01
201500057488,0,13,0,0.0,9.0,5.0,1.0,A01
201500057489,0,7,0,0.0,2.0,1.0,1.0,B01
201500057489,0,7,0,0.0,2.0,1.0,13.0,A01
201500057490,0,7,0,0.0,2.0,7.0,1.0,A01
201500057490,0,7,0,0.0,2.0,3.0,1.0,B01
201500057491,0,7,0,0.0,0.0,1.0,1.0,A01
201500057491,0,7,0,0.0,0.0,4.0,2.0,B01
201500057492,0,7,0,0.0,2.0,1.0,2.0,A01
201500057492,0,7,0,0.0,2.0,4.0,2.0,B01
201500057493,0,33,0,0.0,2.0,1.0,0.0,A01
201500057493,0,7,0,0.0,0.0,0.0,0.0,B01
201500057494,0,7,0,0.0,2.0,1.0,1.0,A01
201500057494,0,2,0,0.0,2.0,1.0,5.0,B01
201500057495,0,30,0,0.0,2.0,0.0,0.0,Z01
201500057495,0,7,0,0.0,2.0,2.0,16.0,A01
201500057496,0,7,0,0.0,2.0,1.0,1.0,A01
201500057496,0,7,0,0.0,2.0,8.0,15.0,B01
201500057497,0,7,0,0.0,9.0,1.0,0.0,A01
201500057498,0,33,0,0.0,2.0,1.0,2.0,A01
201500057498,0,32,0,0.0,2.0,1.0,2.0,B01
201500057498,0,32,0,0.0,2.0,4.0,2.0,C01
201500057499,0,7,0,0.0,2.0,3.0,13.0,A01
201500057499,0,7,0,0.0,2.0,3.0,1.0,B01
201500057500,0,7,0,0.0,2.0,6.0,0.0,B01
201500057500,0,33,0,0.0,2.0,1.0,2.0,A01
201500057501,0,7,0,0.0,2.0,8.0,0.0,A01
201500057501,0,7,0,0.0,2.0,1.0,0.0,B01
201500057502,0,7,0,0.0,2.0,1.0,1.0,A01
201500057502,0,7,0,0.0,2.0,6.0,11.0,B01
201500057503,0,7,0,4.0,0.0,1.0,0.0,A01
201500057504,0,7,0,0.0,2.0,1.0,13.0,A01
201500057504,0,32,0,0.0,2.0,1.0,1.0,B01
201500057505,0,37,1,0.0,2.0,3.0,6.0,B01
201500057505,0,7,0,0.0,2.0,2.0,1.0,A01
201500057506,0,7,0,0.0,2.0,1.0,11.0,A01
201500057506,0,7,0,0.0,2.0,2.0,1.0,B01
201500057507,0,7,0,5.0,0.0,9.0,0.0,A01
201500057508,0,30,0,0.0,2.0,1.0,17.0,B01
201500057508,0,7,0,0.0,2.0,3.0,1.0,A01
201500057509,0,7,0,0.0,2.0,3.0,0.0,A01
201500057509,0,33,0,0.0,2.0,1.0,1.0,B01
201500057510,0,7,0,0.0,2.0,6.0,0.0,A01
201500057510,0,7,0,0.0,2.0,5.0,1.0,B01
201500057511,0,7,0,0.0,2.0,3.0,10.0,A01
201500057511,0,33,0,0.0,2.0,1.0,1.0,B01
201500057512,0,30,0,0.0,2.0,1.0,1.0,A01
201500057512,0,7,0,0.0,2.0,7.0,1.0,B01
201500057513,0,7,0,0.0,1.0,1.0,1.0,A01
201500057514,0,7,0,0.0,2.0,4.0,2.0,A01
201500057514,0,7,0,0.0,2.0,1.0,2.0,B01
201500057515,0,31,0,0.0,2.0,1.0,1.0,A01
201500057515,0,7,0,0.0,2.0,3.0,1.0,B01
201500057516,0,7,0,0.0,1.0,0.0,1.0,A01
201500057517,0,7,0,0.0,2.0,1.0,1.0,A01
201500057517,0,33,0,0.0,2.0,7.0,0.0,B01
201500057518,0,7,0,0.0,2.0,3.0,1.0,B01
201500057518,0,7,0,0.0,2.0,3.0,13.0,A01
201500057519,0,7,0,0.0,1.0,0.0,0.0,A01
201500057520,0,7,0,0.0,2.0,1.0,2.0,A01
201500057520,0,7,0,0.0,2.0,4.0,1.0,B01
201500057521,0,7,0,0.0,1.0,1.0,1.0,A01
201500057522,0,7,0,0.0,2.0,1.0,2.0,A01
201500057522,0,7,0,0.0,2.0,4.0,2.0,B01
201500057523,0,33,0,10.0,0.0,1.0,1.0,A01
201500057524,0,7,0,4.0,0.0,0.0,1.0,A01
201500057525,0,7,0,0.0,1.0,1.0,1.0,A01
201500057526,0,7,0,0.0,1.0,2.0,1.0,A01
201500057527,0,7,0,0.0,2.0,1.0,2.0,A01
201500057527,0,7,0,0.0,2.0,4.0,2.0,B01
201500057528,0,7,0,0.0,2.0,8.0,1.0,B01
201500057528,0,33,0,0.0,2.0,0.0,17.0,A01
201500057529,0,7,0,1.0,2.0,2.0,1.0,B01
201500057529,0,7,0,0.0,2.0,3.0,15.0,A01
201500057530,0,7,0,0.0,2.0,0.0,1.0,A01
201500057530,0,7,0,0.0,2.0,4.0,1.0,B01
201500057531,0,7,0,0.0,2.0,9.0,1.0,C01
201500057531,0,7,0,0.0,2.0,8.0,17.0,A01
201500057531,0,7,0,0.0,2.0,4.0,1.0,B01
201500057532,0,7,0,0.0,2.0,4.0,1.0,B01
201500057532,0,7,0,0.0,2.0,1.0,2.0,A01
201500057533,1,99,0,0.0,2.0,0.0,0.0,Z01
201500057533,0,1,0,0.0,0.0,0.0,19.0,B01
201500057534,0,7,0,0.0,2.0,4.0,1.0,B01
201500057534,0,7,0,1.0,2.0,1.0,2.0,A01
201500057535,0,7,0,0.0,2.0,4.0,1.0,B01
201500057535,0,31,0,0.0,2.0,1.0,2.0,A01
201500057536,0,7,0,0.0,2.0,1.0,1.0,B01
201500057536,0,7,0,0.0,2.0,1.0,13.0,A01
201500057537,1,1,0,0.0,0.0,0.0,0.0,Z01
201500057537,0,33,0,0.0,2.0,4.0,2.0,B01
201500057538,0,7,0,0.0,1.0,1.0,1.0,A01
201500057539,0,7,0,0.0,1.0,1.0,1.0,A01
201500057540,0,7,0,0.0,2.0,7.0,22.0,A01
201500057540,0,30,0,0.0,2.0,8.0,18.0,B01
201500057541,0,7,0,0.0,2.0,3.0,1.0,B01
201500057541,0,7,0,0.0,2.0,3.0,1.0,A01
201500057542,0,7,0,0.0,2.0,4.0,2.0,B01
201500057542,0,7,0,0.0,2.0,1.0,2.0,A01
201500057543,0,33,0,0.0,2.0,7.0,12.0,B01
201500057543,0,7,0,0.0,2.0,8.0,1.0,A01
201500057544,0,33,0,0.0,2.0,7.0,17.0,A01
201500057544,0,7,0,0.0,2.0,3.0,20.0,B01
201500057545,0,7,0,0.0,2.0,4.0,1.0,A01
201500057545,0,7,0,0.0,2.0,4.0,2.0,B01
201500057546,0,7,0,0.0,2.0,8.0,10.0,A01
201500057546,0,30,0,0.0,2.0,7.0,3.0,B01
201500057547,0,7,0,13.0,0.0,9.0,1.0,A01
201500057548,0,7,0,0.0,1.0,1.0,1.0,A01
201500057549,0,7,0,0.0,2.0,2.0,15.0,A01
201500057549,0,30,0,0.0,2.0,1.0,1.0,B01
201500057550,0,32,0,0.0,2.0,1.0,1.0,B01
201500057550,0,7,0,0.0,2.0,3.0,15.0,A01
201500057551,0,7,0,0.0,2.0,6.0,13.0,A01
201500057551,0,7,0,0.0,2.0,3.0,1.0,B01
201500057552,0,1,0,0.0,2.0,0.0,1.0,B01
201500057552,0,7,0,0.0,9.0,1.0,13.0,A01
201500057553,0,7,0,0.0,2.0,1.0,2.0,A01
201500057553,0,7,0,0.0,2.0,4.0,1.0,B01
201500057554,0,7,0,0.0,1.0,2.0,1.0,A01
201500057555,0,7,0,0.0,2.0,3.0,13.0,A01
201500057555,0,7,0,0.0,2.0,3.0,1.0,B01
201500057556,0,2,0,12.0,0.0,1.0,1.0,A01
201500057557,0,2,0,0.0,2.0,1.0,3.0,A01
201500057557,0,7,0,0.0,2.0,3.0,0.0,B01
201500057557,0,7,0,0.0,2.0,3.0,0.0,C01
201500057558,0,7,0,0.0,2.0,8.0,15.0,A01
201500057558,0,34,0,0.0,2.0,1.0,17.0,B01
201500057559,0,34,0,0.0,2.0,5.0,12.0,B01
201500057559,0,7,0,0.0,2.0,3.0,11.0,A01
201500057560,0,7,0,4.0,0.0,1.0,9.0,A01
201500057561,0,7,0,4.0,0.0,9.0,1.0,A01
201500057562,0,31,0,12.0,0.0,8.0,0.0,A01
201500057563,0,7,0,0.0,2.0,8.0,1.0,B01
201500057563,0,34,0,0.0,2.0,1.0,1.0,A01
201500057564,0,7,0,0.0,2.0,1.0,2.0,A01
201500057564,0,7,0,0.0,2.0,4.0,2.0,B01
201500057564,0,7,0,0.0,2.0,4.0,2.0,C01