Num_Acc,senc,catv,occutc,obs,obsm,choc,manv,num_veh
201500057815,0,7,0,0.0,2.0,5.0,1.0,B01
201500057815,0,7,0,0.0,2.0,3.0,2.0,A01
201500057816,0,7,0,0.0,9.0,1.0,17.0,A01
201500057816,0,2,0,0.0,2.0,8.0,1.0,B01
201500057817,0,7,0,0.0,2.0,8.0,15.0,B01
201500057817,0,2,0,0.0,2.0,1.0,17.0,A01
201500057818,0,7,0,0.0,0.0,0.0,0.0,B01
201500057818,0,2,0,0.0,2.0,1.0,1.0,A01
201500057819,0,7,0,0.0,2.0,1.0,15.0,A01
201500057819,0,30,0,0.0,2.0,1.0,1.0,B01
201500057820,0,30,0,0.0,2.0,7.0,0.0,B01
201500057820,0,7,0,0.0,2.0,6.0,0.0,A01
201500057821,0,7,0,0.0,2.0,1.0,9.0,B01
201500057821,0,7,0,0.0,2.0,7.0,9.0,A01
201500057822,0,30,0,0.0,2.0,1.0,2.0,A01
201500057822,0,7,0,0.0,2.0,6.0,2.0,B01
201500057823,0,2,0,0.0,2.0,8.0,1.0,B01
201500057823,0,7,0,0.0,2.0,7.0,1.0,A01
201500057824,0,7,0,0.0,2.0,1.0,15.0,A01
201500057824,0,2,0,0.0,2.0,1.0,1.0,B01
201500057825,0,7,0,0.0,2.0,7.0,15.0,A01
201500057825,0,2,0,0.0,2.0,1.0,1.0,B01
201500057826,0,7,0,0.0,2.0,6.0,0.0,B01
201500057826,0,7,0,0.0,0.0,0.0,0.0,A01
201500057827,0,30,0,0.0,2.0,1.0,2.0,A01
201500057827,0,7,0,0.0,0.0,5.0,1.0,B01
201500057828,0,30,0,0.0,0.0,1.0,1.0,B01
201500057828,0,7,0,0.0,0.0,0.0,15.0,A01
201500057829,0,7,0,0.0,2.0,8.0,0.0,A01
201500057829,0,7,0,0.0,2.0,1.0,1.0,B01
201500057830,1,7,0,0.0,0.0,0.0,0.0,Z01
201500057830,0,2,0,0.0,2.0,4.0,0.0,B01
201500057831,0,2,0,0.0,2.0,7.0,0.0,B01
201500057831,0,7,0,0.0,9.0,1.0,17.0,A01
201500057832,0,7,0,0.0,2.0,6.0,23.0,B01
201500057832,0,7,0,0.0,0.0,2.0,17.0,A01
201500057833,0,2,0,0.0,0.0,0.0,0.0,A01
201500057833,0,7,0,0.0,2.0,2.0,21.0,B01
201500057833,0,7,0,0.0,2.0,2.0,15.0,C01
201500057834,0,30,0,1.0,2.0,8.0,2.0,A01
201500057834,0,7,0,0.0,2.0,3.0,2.0,B01
201500057835,2,7,0,0.0,1.0,1.0,1.0,Z01
201500057836,0,31,0,0.0,2.0,1.0,17.0,A01
201500057836,0,7,0,0.0,9.0,8.0,15.0,B01
201500057837,0,7,0,0.0,2.0,1.0,2.0,B01
201500057837,0,7,0,0.0,2.0,4.0,2.0,A01
201500057838,0,7,0,0.0,1.0,0.0,13.0,A01
201500057839,0,7,0,0.0,1.0,4.0,4.0,A01
201500057840,0,30,0,0.0,2.0,2.0,2.0,B01
201500057840,0,7,0,0.0,2.0,3.0,15.0,A01
201500057841,0,33,0,0.0,9.0,1.0,0.0,A01
201500057841,0,7,0,0.0,0.0,0.0,15.0,B01
201500057842,0,7,0,0.0,2.0,3.0,9.0,A01
201500057842,0,2,0,0.0,2.0,1.0,17.0,B01
201500057843,1,7,0,0.0,2.0,0.0,0.0,A01
201500057843,0,30,0,0.0,2.0,1.0,0.0,B01
201500057844,0,30,0,0.0,2.0,2.0,17.0,A01
201500057844,0,7,0,0.0,2.0,3.0,15.0,B01
201500057845,0,7,0,0.0,2.0,4.0,2.0,B01
201500057845,0,7,0,0.0,2.0,1.0,2.0,D01
201500057845,0,7,0,0.0,0.0,5.0,2.0,C01
201500057845,0,7,0,0.0,2.0,1.0,2.0,A01
201500057846,0,7,0,0.0,9.0,7.0,0.0,B01
201500057846,0,1,0,0.0,2.0,1.0,19.0,A01
201500057847,0,2,0,0.0,2.0,1.0,1.0,B01
201500057847,0,7,0,0.0,9.0,6.0,15.0,A01
201500057848,0,7,0,0.0,2.0,1.0,2.0,A01
201500057848,0,7,0,0.0,2.0,4.0,2.0,B01
201500057849,0,7,0,0.0,0.0,0.0,0.0,B01
201500057849,0,2,0,0.0,2.0,6.0,1.0,A01
201500057850,0,7,0,0.0,1.0,1.0,1.0,A01
201500057851,0,30,0,0.0,9.0,1.0,1.0,A01
201500057852,0,15,0,0.0,2.0,7.0,21.0,B01
201500057852,0,7,0,0.0,2.0,7.0,21.0,C01
201500057852,0,7,0,0.0,2.0,9.0,15.0,A01
201500057853,0,30,0,0.0,1.0,0.0,1.0,A01
201500057854,0,7,0,0.0,2.0,8.0,1.0,A01
201500057854,0,13,0,0.0,2.0,8.0,1.0,B01
201500057855,0,1,0,0.0,2.0,1.0,1.0,A01
201500057855,0,7,0,0.0,0.0,4.0,24.0,B01
201500057856,0,7,0,0.0,9.0,7.0,15.0,A01
201500057856,0,2,0,0.0,2.0,1.0,1.0,B01
201500057857,1,2,0,0.0,1.0,1.0,1.0,Z01
201500057858,0,1,0,0.0,2.0,7.0,0.0,B01
201500057858,0,7,0,0.0,9.0,1.0,0.0,A01
201500057859,0,2,0,0.0,2.0,8.0,0.0,A01
201500057859,0,7,0,0.0,9.0,8.0,0.0,B01
201500057860,0,1,0,0.0,0.0,0.0,0.0,A01
201500057860,0,32,0,0.0,0.0,0.0,0.0,B01
201500057861,0,7,0,0.0,1.0,1.0,1.0,A01
201500057862,0,2,0,0.0,9.0,0.0,0.0,Z01
201500057862,0,1,0,0.0,9.0,7.0,15.0,A01
201500057863,0,2,0,0.0,2.0,7.0,1.0,A01
201500057863,0,7,0,0.0,2.0,1.0,1.0,B01
201500057864,0,7,0,0.0,2.0,4.0,2.0,C01
201500057864,0,7,0,0.0,2.0,1.0,1.0,A01
201500057864,0,7,0,0.0,2.0,4.0,2.0,B01
201500057865,0,7,0,0.0,2.0,4.0,2.0,C01
201500057865,0,7,0,0.0,2.0,4.0,2.0,D01
201500057865,0,7,0,0.0,2.0,1.0,2.0,A01
201500057865,0,7,0,0.0,2.0,0.0,2.0,B01
201500057865,0,7,0,0.0,0.0,4.0,2.0,E01
201500057866,0,7,0,0.0,9.0,8.0,0.0,B01
201500057866,0,2,0,0.0,2.0,0.0,17.0,A01
201500057867,1,33,0,12.0,0.0,0.0,0.0,A01
201500057867,0,1,0,0.0,0.0,1.0,19.0,B01
201500057868,0,7,0,0.0,0.0,0.0,0.0,A01
201500057868,0,30,0,0.0,0.0,0.0,0.0,B01
201500057869,1,7,0,0.0,0.0,0.0,0.0,A01
201500057869,0,1,0,0.0,0.0,0.0,0.0,B01
201500057870,0,2,0,0.0,9.0,1.0,5.0,A01
201500057870,0,1,0,0.0,9.0,1.0,5.0,B01
201500057871,0,2,0,0.0,0.0,1.0,14.0,A01
201500057872,0,7,0,0.0,2.0,5.0,11.0,A01
201500057872,0,2,0,0.0,2.0,6.0,2.0,B01
201500057873,0,7,0,0.0,2.0,8.0,2.0,A01
201500057873,0,30,0,0.0,2.0,7.0,2.0,B01
201500057874,0,2,0,0.0,2.0,2.0,2.0,A01
201500057874,0,7,0,0.0,2.0,3.0,2.0,B01
201500057875,0,7,0,0.0,2.0,1.0,2.0,A01
201500057875,0,7,0,0.0,2.0,4.0,2.0,B01
201500057876,0,7,0,0.0,0.0,9.0,2.0,A01
201500057877,0,30,0,0.0,0.0,8.0,2.0,B01
201500057877,0,7,0,0.0,0.0,7.0,2.0,A01
201500057878,0,7,0,0.0,9.0,1.0,15.0,A01
201500057878,0,31,0,0.0,2.0,9.0,1.0,B01
201500057879,0,7,0,0.0,0.0,5.0,15.0,B01
201500057879,0,2,0,0.0,0.0,5.0,1.0,A01
201500057880,0,30,0,0.0,2.0,4.0,0.0,A01
201500057880,0,7,0,0.0,2.0,3.0,2.0,B01
201500057881,0,3,0,0.0,1.0,8.0,0.0,A01
201500057882,0,2,0,0.0,2.0,1.0,1.0,B01
201500057882,0,7,0,0.0,2.0,7.0,15.0,A01
201500057883,0,33,0,0.0,2.0,1.0,1.0,B01
201500057883,0,7,0,0.0,9.0,7.0,10.0,A01
201500057884,0,2,0,0.0,2.0,1.0,1.0,B01
201500057884,0,2,0,0.0,2.0,1.0,1.0,A01
201500057885,2,32,0,0.0,0.0,0.0,0.0,A01
201500057886,0,7,0,0.0,0.0,8.0,15.0,A01
201500057886,0,32,0,0.0,2.0,1.0,1.0,B01
201500057887,0,7,0,0.0,9.0,1.0,15.0,A01
201500057887,0,1,0,0.0,9.0,8.0,1.0,B01
201500057888,0,2,0,0.0,2.0,7.0,0.0,A01
201500057888,0,7,0,0.0,2.0,3.0,18.0,B01
201500057889,0,30,0,1.0,0.0,1.0,22.0,B01
201500057889,0,7,0,0.0,2.0,5.0,22.0,A01
201500057890,0,33,0,0.0,1.0,1.0,0.0,A01
201500057891,0,7,0,0.0,0.0,5.0,0.0,B01
201500057891,0,7,0,1.0,0.0,5.0,0.0,C01
201500057891,0,7,0,0.0,2.0,3.0,1.0,A01
201500057892,2,7,0,0.0,9.0,7.0,17.0,Z01
201500057892,0,2,0,0.0,0.0,0.0,2.0,B01
201500057893,0,30,0,1.0,2.0,1.0,2.0,C01
201500057893,0,7,0,0.0,2.0,5.0,0.0,B01
201500057893,0,30,0,0.0,2.0,1.0,2.0,A01
201500057894,0,7,0,0.0,9.0,8.0,15.0,A01
201500057894,0,1,0,0.0,2.0,1.0,1.0,B01
201500057895,0,10,0,0.0,2.0,8.0,15.0,A01
201500057895,0,2,0,0.0,2.0,1.0,17.0,B01
201500057896,0,7,0,0.0,0.0,1.0,16.0,A01
201500057896,0,30,0,0.0,0.0,0.0,2.0,B01
201500057897,0,7,0,0.0,0.0,4.0,0.0,B01
201500057897,0,7,0,0.0,0.0,1.0,0.0,A01
201500057898,0,7,0,0.0,2.0,1.0,0.0,C01
201500057898,0,7,0,0.0,2.0,8.0,1.0,A01
201500057898,0,2,0,0.0,2.0,7.0,18.0,B01
201500057899,0,7,0,0.0,1.0,2.0,2.0,A01
201500057900,0,7,0,0.0,2.0,3.0,1.0,B01
201500057900,0,7,0,0.0,2.0,3.0,15.0,A01
201500057901,0,7,0,0.0,2.0,3.0,11.0,A01
201500057901,0,2,0,0.0,2.0,1.0,11.0,B01
201500057902,1,7,0,0.0,9.0,0.0,0.0,Z01
201500057902,0,2,0,0.0,2.0,8.0,1.0,A01
201500057903,0,34,0,0.0,2.0,1.0,0.0,A01
201500057903,0,7,0,0.0,0.0,0.0,0.0,B01
201500057904,0,7,0,0.0,2.0,2.0,15.0,B01
201500057904,0,2,0,0.0,2.0,1.0,1.0,A01
201500057905,0,7,0,0.0,2.0,8.0,2.0,B01
201500057905,0,2,0,0.0,2.0,1.0,2.0,A01
201500057906,0,2,0,0.0,2.0,1.0,0.0,B01
201500057906,0,7,0,0.0,2.0,4.0,0.0,A01
201500057907,0,7,0,0.0,5.0,1.0,0.0,A01
201500057908,0,7,0,0.0,2.0,6.0,10.0,A01
201500057908,0,31,0,0.0,2.0,1.0,1.0,B01
201500057909,0,30,0,0.0,2.0,1.0,18.0,B01
201500057909,0,7,0,0.0,2.0,3.0,9.0,A01
201500057910,0,7,0,0.0,2.0,0.0,1.0,B01
201500057910,0,7,0,0.0,2.0,1.0,2.0,A01
201500057910,1,7,0,0.0,2.0,4.0,2.0,C01
201500057911,0,7,0,3.0,0.0,7.0,0.0,A01
201500057912,0,7,0,0.0,2.0,1.0,2.0,A01
201500057912,0,7,0,0.0,2.0,4.0,23.0,B01
201500057913,0,30,0,0.0,2.0,1.0,1.0,A01
201500057913,0,1,0,0.0,2.0,8.0,0.0,B01
201500057914,0,33,0,0.0,0.0,0.0,2.0,A01
201500057915,0,2,0,1.0,0.0,1.0,13.0,A01
201500057916,0,2,0,0.0,2.0,8.0,2.0,B01
201500057916,0,7,0,0.0,9.0,7.0,2.0,A01
201500057917,0,7,0,0.0,9.0,3.0,0.0,A01
201500057917,0,2,0,0.0,2.0,1.0,0.0,B01
201500057918,0,7,0,0.0,1.0,2.0,1.0,A01
201500057919,0,7,0,0.0,2.0,1.0,15.0,A01
201500057919,0,2,0,0.0,2.0,7.0,1.0,B01
201500057920,0,7,0,15.0,0.0,1.0,16.0,A01
201500057921,0,30,0,0.0,1.0,0.0,21.0,A01
201500057922,1,2,0,0.0,1.0,0.0,0.0,A01
201500057923,0,2,0,0.0,0.0,0.0,0.0,A01
201500057924,1,7,0,2.0,0.0,0.0,0.0,A01
201500057924,0,1,0,0.0,0.0,0.0,0.0,B01
201500057925,0,7,0,0.0,2.0,1.0,1.0,B01
201500057925,0,2,0,0.0,2.0,1.0,0.0,A01
201500057926,0,7,0,0.0,2.0,1.0,2.0,A01
201500057926,0,7,0,0.0,0.0,4.0,2.0,B01
201500057927,0,7,0,0.0,0.0,1.0,0.0,B01
201500057927,0,1,0,0.0,2.0,1.0,5.0,A01
201500057928,0,7,0,0.0,0.0,1.0,0.0,B01
201500057928,0,1,0,0.0,2.0,0.0,0.0,A01
201500057929,0,7,0,8.0,0.0,1.0,0.0,A01
201500057930,0,7,0,0.0,2.0,4.0,2.0,B01
201500057930,0,7,0,0.0,2.0,1.0,2.0,A01
201500057930,0,7,0,0.0,2.0,4.0,2.0,C01
201500057931,0,7,0,0.0,2.0,7.0,0.0,B01
201500057931,0,7,0,0.0,2.0,1.0,0.0,A01
201500057932,0,7,0,0.0,1.0,1.0,1.0,A01
201500057933,0,7,0,0.0,2.0,5.0,2.0,B01
201500057933,0,2,0,0.0,2.0,8.0,2.0,A01
201500057934,0,7,0,0.0,2.0,3.0,0.0,B01
201500057934,0,7,0,0.0,2.0,8.0,15.0,A01
201500057935,0,7,0,0.0,9.0,8.0,10.0,A01
201500057935,0,34,0,0.0,2.0,2.0,2.0,B01
201500057936,0,32,0,0.0,2.0,1.0,2.0,A01
201500057936,0,7,0,0.0,9.0,4.0,2.0,B01
201500057937,0,7,0,0.0,2.0,2.0,16.0,A01
201500057937,0,30,0,0.0,2.0,2.0,0.0,B01
201500057938,1,7,0,0.0,2.0,3.0,15.0,A01
201500057938,0,2,0,0.0,2.0,7.0,1.0,B01
201500057939,0,7,0,0.0,9.0,7.0,16.0,A01
201500057939,0,34,0,0.0,2.0,8.0,9.0,B01
201500057940,0,7,0,0.0,2.0,8.0,1.0,B01
201500057940,0,7,0,0.0,2.0,1.0,1.0,A01
201500057941,0,7,0,0.0,9.0,2.0,15.0,A01
201500057941,0,2,0,0.0,2.0,1.0,13.0,B01
201500057942,0,7,0,0.0,1.0,1.0,0.0,A01
201500057943,0,2,0,0.0,9.0,8.0,1.0,B01
201500057943,0,7,0,0.0,9.0,7.0,16.0,A01
201500057944,0,2,0,0.0,2.0,0.0,1.0,A01
201500057944,0,7,0,0.0,9.0,7.0,9.0,B01
201500057945,0,30,0,0.0,2.0,1.0,21.0,B01
201500057945,0,7,0,0.0,0.0,2.0,17.0,A01
201500057946,0,30,0,0.0,0.0,1.0,0.0,B01
201500057946,1,30,0,0.0,0.0,0.0,0.0,A01
201500057947,0,2,0,0.0,0.0,1.0,0.0,B01
201500057947,0,7,0,0.0,0.0,1.0,0.0,A01
201500057948,0,33,0,0.0,2.0,1.0,17.0,B01
201500057948,0,7,0,0.0,2.0,3.0,9.0,A01
201500057949,0,1,0,0.0,1.0,1.0,1.0,A01
201500057950,0,2,0,0.0,2.0,1.0,1.0,B01
201500057950,0,7,0,0.0,2.0,6.0,15.0,A01
201500057951,0,7,0,0.0,9.0,1.0,0.0,B01
201500057951,0,1,0,0.0,2.0,1.0,0.0,A01
201500057952,0,10,0,0.0,0.0,3.0,0.0,B01
201500057952,0,10,0,0.0,0.0,2.0,0.0,A01
201500057953,0,2,0,0.0,1.0,1.0,13.0,A01
201500057954,0,10,0,0.0,2.0,5.0,16.0,A01
201500057954,0,30,0,0.0,2.0,1.0,1.0,B01
201500057955,0,1,0,0.0,2.0,1.0,1.0,A01
201500057955,0,7,0,0.0,2.0,5.0,16.0,B01
201500057956,0,7,0,0.0,2.0,1.0,1.0,A01
201500057956,0,7,0,0.0,0.0,1.0,19.0,B01
201500057957,0,30,0,0.0,2.0,1.0,17.0,B01
201500057957,0,7,0,0.0,2.0,3.0,15.0,A01
201500057958,0,2,0,0.0,1.0,1.0,16.0,A01
201500057959,0,31,0,0.0,2.0,0.0,1.0,B01
201500057959,1,7,0,0.0,0.0,0.0,0.0,Z01
201500057960,1,7,0,0.0,2.0,0.0,17.0,A01
201500057960,0,1,0,0.0,2.0,7.0,1.0,Z01
201500057961,0,7,0,0.0,2.0,1.0,1.0,B01
201500057961,0,7,0,1.0,2.0,1.0,1.0,A01
201500057962,0,7,0,0.0,0.0,0.0,0.0,A01
201500057962,0,7,0,0.0,0.0,5.0,0.0,B01
201500057963,0,31,0,0.0,2.0,1.0,1.0,B01
201500057963,0,7,0,0.0,9.0,6.0,15.0,A01
201500057964,0,1,0,0.0,0.0,0.0,2.0,A01
201500057964,0,7,0,0.0,0.0,2.0,2.0,B01
201500057965,0,7,0,0.0,1.0,1.0,0.0,A01
201500057966,0,7,0,0.0,2.0,1.0,2.0,A01
201500057966,0,10,0,0.0,2.0,4.0,2.0,B01
201500057967,0,33,0,0.0,2.0,1.0,1.0,B01
201500057967,0,7,0,0.0,0.0,1.0,19.0,A01
201500057968,0,2,0,0.0,2.0,1.0,1.0,B01
201500057968,0,7,0,0.0,2.0,2.0,15.0,A01
201500057969,0,7,0,0.0,2.0,1.0,15.0,A01
201500057969,0,2,0,0.0,2.0,8.0,1.0,B01
201500057970,0,7,0,0.0,1.0,2.0,0.0,A01
201500057971,0,1,0,0.0,2.0,1.0,16.0,A01
201500057971,0,3,0,0.0,9.0,6.0,0.0,B01
201500057972,0,2,0,0.0,2.0,4.0,1.0,B01
201500057972,0,7,0,0.0,0.0,4.0,0.0,A01
201500057973,0,10,0,0.0,2.0,3.0,0.0,A01
201500057973,0,33,0,0.0,2.0,8.0,1.0,B01
201500057974,0,7,0,0.0,9.0,4.0,24.0,B01
201500057974,0,2,0,0.0,2.0,1.0,0.0,A01
201500057975,0,30,0,0.0,1.0,1.0,1.0,A01
201500057976,0,7,0,0.0,2.0,2.0,2.0,A01
201500057976,1,2,0,0.0,2.0,1.0,1.0,B01
201500057977,0,7,0,0.0,2.0,1.0,0.0,B01
201500057977,0,7,0,0.0,2.0,8.0,0.0,C01
201500057977,0,7,0,1.0,2.0,0.0,0.0,A01
201500057978,0,7,0,0.0,2.0,1.0,1.0,A01
201500057978,0,7,0,0.0,2.0,4.0,1.0,B01
201500057979,0,7,0,0.0,2.0,2.0,1.0,B01
201500057979,0,7,0,0.0,2.0,1.0,1.0,A01
201500057980,0,2,0,14.0,0.0,1.0,1.0,A01
201500057981,0,2,0,0.0,0.0,1.0,1.0,A01
201500057982,0,31,0,0.0,2.0,3.0,2.0,A01
201500057982,0,7,0,0.0,2.0,3.0,1.0,B01
201500057983,0,31,0,0.0,2.0,0.0,1.0,B01
201500057983,0,1,0,0.0,0.0,0.0,0.0,A01
201500057984,0,7,0,0.0,2.0,3.0,15.0,A01
201500057984,0,7,0,14.0,2.0,8.0,1.0,B01
201500057985,0,7,0,0.0,2.0,2.0,1.0,B01
201500057985,0,7,0,0.0,2.0,3.0,13.0,A01
201500057985,0,7,0,0.0,2.0,4.0,1.0,C01
201500057986,0,2,0,0.0,9.0,1.0,1.0,A01
201500057986,0,2,0,0.0,9.0,1.0,1.0,B01
201500057987,0,2,0,0.0,9.0,1.0,0.0,A01
201500057987,0,2,0,0.0,9.0,1.0,0.0,B01
201500057988,0,7,0,8.0,0.0,1.0,1.0,A01
201500057989,0,7,0,0.0,9.0,7.0,1.0,B01
201500057989,0,1,0,0.0,2.0,1.0,1.0,A01
201500057990,0,7,0,0.0,2.0,8.0,1.0,B01
201500057990,0,7,0,0.0,2.0,1.0,9.0,A01
201500057991,0,33,0,0.0,2.0,1.0,9.0,A01
201500057991,0,7,0,0.0,9.0,4.0,1.0,B01
201500057992,0,7,0,0.0,1.0,8.0,1.0,A01
201500057993,0,7,0,0.0,2.0,1.0,9.0,A01
201500057993,0,7,0,0.0,2.0,7.0,1.0,B01
201500057993,0,7,0,1.0,0.0,1.0,2.0,C01
201500057994,0,7,0,0.0,1.0,4.0,4.0,A01
201500057995,0,1,0,0.0,2.0,8.0,1.0,A01
201500057995,0,7,0,0.0,9.0,1.0,1.0,B01
201500057996,0,99,0,0.0,0.0,0.0,0.0,Z01
201500057997,0,7,0,0.0,2.0,2.0,1.0,B01
201500057997,0,7,0,0.0,2.0,3.0,9.0,A01
201500057998,0,33,0,0.0,2.0,8.0,16.0,A01
201500057998,0,7,0,0.0,2.0,7.0,1.0,B01
201500057999,0,33,0,0.0,2.0,1.0,1.0,B01
201500057999,0,7,0,0.0,2.0,8.0,10.0,A01
201500058000,0,7,0,0.0,2.0,7.0,1.0,B01
201500058000,0,33,0,0.0,2.0,1.0,18.0,A01
201500058001,0,1,0,0.0,2.0,4.0,0.0,B01
201500058001,1,7,0,0.0,2.0,1.0,1.0,Z01
201500058002,0,7,0,0.0,0.0,0.0,0.0,A01
201500058003,1,33,0,0.0,2.0,4.0,1.0,Z01
201500058003,1,7,0,0.0,2.0,1.0,1.0,B01
201500058004,0,7,0,0.0,1.0,2.0,15.0,A01
201500058005,1,33,0,0.0,1.0,1.0,1.0,Z01
201500058006,0,33,0,0.0,2.0,8.0,1.0,B01
201500058006,0,7,0,0.0,2.0,7.0,15.0,A01
201500058007,0,7,0,0.0,0.0,1.0,1.0,A01
201500058008,0,7,0,0.0,0.0,0.0,0.0,A01
201500058009,1,99,0,1.0,0.0,1.0,1.0,Z01
201500058010,0,7,0,0.0,9.0,8.0,1.0,A01
201500058010,0,1,0,0.0,2.0,7.0,1.0,B01
201500058011,0,7,0,0.0,1.0,1.0,1.0,A01
201500058012,0,7,0,0.0,2.0,4.0,2.0,B01
201500058012,0,7,0,0.0,2.0,1.0,2.0,A01
201500058012,0,7,0,0.0,2.0,4.0,2.0,C01
201500058013,0,1,0,0.0,2.0,8.0,1.0,A01
201500058013,1,7,0,0.0,9.0,0.0,0.0,Z01
201500058014,0,33,0,0.0,2.0,2.0,1.0,B01
201500058014,0,7,0,0.0,2.0,1.0,9.0,A01
201500058015,0,33,0,0.0,2.0,1.0,9.0,A01
201500058015,0,7,0,0.0,2.0,4.0,1.0,B01
201500058016,0,7,0,5.0,2.0,1.0,2.0,A01
201500058016,0,7,0,0.0,2.0,4.0,2.0,B01
201500058017,0,33,0,0.0,9.0,1.0,1.0,B01
201500058017,0,14,0,0.0,9.0,1.0,13.0,A01
201500058018,1,32,0,0.0,1.0,1.0,1.0,Z01
201500058019,0,32,0,0.0,2.0,2.0,2.0,A01
201500058019,0,7,0,0.0,2.0,3.0,2.0,B01
201500058020,0,7,0,0.0,2.0,8.0,1.0,A01
201500058020,0,31,0,0.0,0.0,0.0,0.0,B01
201500058021,0,7,0,0.0,0.0,0.0,0.0,B01
201500058021,0,7,0,0.0,0.0,0.0,1.0,A01
201500058022,0,1,0,0.0,2.0,7.0,9.0,B01
201500058022,0,7,0,0.0,9.0,1.0,0.0,A01
201500058023,0,7,0,0.0,2.0,4.0,2.0,B01
201500058023,0,7,0,0.0,2.0,1.0,2.0,A01
201500058024,0,7,0,0.0,0.0,4.0,2.0,B01
201500058024,0,7,0,0.0,2.0,1.0,2.0,A01
201500058025,0,7,0,8.0,0.0,2.0,0.0,A01
201500058026,0,7,0,0.0,1.0,0.0,1.0,A01
201500058027,0,7,0,0.0,2.0,2.0,15.0,A01
201500058027,0,33,0,0.0,2.0,1.0,1.0,B01
201500058028,0,7,0,0.0,2.0,5.0,1.0,B01
201500058028,0,7,0,0.0,2.0,1.0,9.0,A01
201500058029,0,33,0,0.0,2.0,6.0,1.0,B01
201500058029,1,7,0,0.0,9.0,1.0,16.0,A01
201500058030,0,7,0,0.0,1.0,1.0,1.0,A01
201500058031,0,30,0,1.0,0.0,2.0,2.0,B01
201500058031,0,7,0,0.0,2.0,3.0,24.0,A01
201500058032,0,1,0,0.0,2.0,7.0,1.0,B01
201500058032,0,7,0,0.0,2.0,3.0,9.0,A01
201500058033,0,7,0,0.0,1.0,1.0,2.0,A01
201500058034,0,7,0,0.0,9.0,1.0,5.0,B01
201500058034,0,1,0,0.0,0.0,7.0,9.0,A01
201500058035,0,7,0,3.0,0.0,2.0,13.0,A01
201500058036,0,7,0,0.0,1.0,1.0,0.0,A01
201500058037,0,2,0,0.0,2.0,8.0,0.0,A01
201500058037,0,7,0,0.0,2.0,1.0,0.0,B01
201500058038,0,1,0,0.0,2.0,1.0,2.0,B01
201500058038,0,33,0,0.0,9.0,1.0,0.0,A01
201500058039,0,7,0,0.0,2.0,1.0,9.0,A01
201500058039,0,33,0,0.0,2.0,7.0,1.0,B01
201500058040,0,7,0,6.0,0.0,1.0,14.0,A01
201500058041,0,7,0,0.0,2.0,7.0,10.0,A01
201500058041,0,7,0,0.0,2.0,1.0,1.0,B01
201500058042,0,33,0,0.0,2.0,4.0,2.0,B01
201500058042,0,7,0,0.0,2.0,1.0,2.0,A01
201500058043,0,7,0,0.0,2.0,1.0,1.0,B01
201500058043,0,33,0,0.0,2.0,7.0,19.0,A01
201500058044,0,7,0,0.0,2.0,1.0,19.0,A01
201500058044,0,30,0,0.0,2.0,8.0,1.0,B01
201500058045,0,7,0,2.0,0.0,1.0,1.0,A01
201500058046,0,7,0,3.0,0.0,0.0,1.0,A01
201500058047,0,99,0,0.0,1.0,1.0,1.0,A01
201500058048,0,33,0,12.0,0.0,0.0,0.0,A01
201500058049,0,7,0,13.0,0.0,1.0,1.0,A01
201500058050,0,7,0,0.0,2.0,1.0,1.0,A01
201500058050,0,33,0,0.0,0.0,0.0,0.0,B01
201500058051,0,7,0,0.0,2.0,1.0,1.0,A01
201500058051,0,7,0,0.0,2.0,4.0,1.0,B01
201500058052,0,14,0,0.0,2.0,0.0,0.0,B01
201500058052,0,7,0,0.0,2.0,0.0,0.0,A01
201500058053,0,7,0,0.0,2.0,0.0,2.0,A01
201500058053,0,7,0,0.0,2.0,0.0,2.0,B01
201500058054,0,33,0,0.0,9.0,4.0,1.0,B01
201500058054,0,7,0,0.0,2.0,1.0,2.0,A01
201500058055,1,32,0,0.0,1.0,1.0,1.0,Z01
201500058056,0,7,0,0.0,1.0,1.0,1.0,A01
201500058057,0,7,0,0.0,2.0,1.0,1.0,A01
201500058057,0,7,0,0.0,2.0,2.0,1.0,B01
201500058058,0,7,0,5.0,0.0,2.0,1.0,A01
201500058059,0,7,0,0.0,2.0,1.0,1.0,B01
201500058059,0,1,0,0.0,2.0,1.0,1.0,A01
201500058060,0,1,0,0.0,2.0,2.0,6.0,A01
201500058060,0,7,0,0.0,2.0,3.0,1.0,B01
201500058061,0,7,0,0.0,0.0,9.0,0.0,A01
201500058062,0,1,0,0.0,0.0,0.0,0.0,B01
201500058062,0,7,0,0.0,0.0,0.0,0.0,A01
201500058063,0,7,0,0.0,0.0,0.0,0.0,A01
201500058064,0,33,0,6.0,0.0,1.0,0.0,A01
201500058065,0,7,0,8.0,0.0,1.0,1.0,A01
201500058066,0,7,0,4.0,0.0,9.0,14.0,A01
201500058067,0,7,0,0.0,1.0,5.0,1.0,A01
201500058068,0,7,0,0.0,2.0,3.0,23.0,B01
201500058068,1,2,0,1.0,1.0,1.0,17.0,Z01
201500058069,0,7,0,0.0,1.0,1.0,1.0,A01
201500058070,0,33,0,0.0,0.0,1.0,16.0,A01
201500058071,0,7,0,0.0,1.0,3.0,1.0,A01
201500058072,0,7,0,0.0,2.0,4.0,2.0,B01
201500058072,0,7,0,0.0,2.0,1.0,2.0,A01
201500058073,1,7,0,0.0,2.0,6.0,15.0,Z01
201500058073,0,30,0,0.0,2.0,2.0,17.0,A01
201500058074,0,7,0,0.0,2.0,3.0,15.0,A01