Num_Acc,senc,catv,occutc,obs,obsm,choc,manv,num_veh
201500058074,0,7,0,0.0,2.0,2.0,17.0,B01
201500058075,0,7,0,0.0,0.0,0.0,0.0,B01
201500058075,0,7,0,0.0,0.0,0.0,0.0,A01
201500058076,0,2,0,1.0,0.0,1.0,2.0,A01
201500058077,0,7,0,0.0,0.0,0.0,0.0,B01
201500058077,0,1,0,0.0,2.0,1.0,5.0,A01
201500058078,0,7,0,3.0,0.0,1.0,13.0,A01
201500058079,0,7,0,0.0,0.0,9.0,2.0,A01
201500058080,0,7,0,0.0,2.0,7.0,1.0,B01
201500058080,0,7,0,0.0,2.0,1.0,15.0,A01
201500058081,0,30,0,0.0,0.0,1.0,0.0,A01
201500058082,0,1,0,0.0,2.0,3.0,1.0,B01
201500058082,0,10,0,0.0,2.0,3.0,15.0,A01
201500058083,0,7,0,6.0,0.0,1.0,1.0,A01
201500058084,0,7,0,0.0,0.0,0.0,1.0,A01
201500058085,0,7,0,0.0,1.0,1.0,16.0,A01
201500058086,0,7,0,0.0,2.0,1.0,2.0,A01
201500058086,0,10,0,0.0,0.0,4.0,23.0,B01
201500058087,0,7,0,0.0,1.0,1.0,1.0,A01
201500058088,1,30,0,0.0,0.0,0.0,0.0,A01
201500058089,1,7,0,0.0,1.0,0.0,0.0,A01
201500058090,0,7,0,0.0,0.0,7.0,0.0,A01
201500058091,0,7,0,0.0,2.0,7.0,15.0,A01
201500058091,0,7,0,0.0,2.0,1.0,1.0,B01
201500058092,0,7,0,0.0,0.0,0.0,0.0,A01
201500058093,0,2,0,0.0,2.0,7.0,1.0,B01
201500058093,1,7,0,0.0,0.0,0.0,0.0,A01
201500058094,0,31,0,0.0,2.0,1.0,1.0,B01
201500058094,0,7,0,0.0,2.0,8.0,15.0,A01
201500058095,1,7,0,0.0,0.0,0.0,0.0,A01
201500058095,0,2,0,0.0,0.0,1.0,1.0,B01
201500058096,0,7,0,0.0,2.0,1.0,15.0,A01
201500058096,0,33,0,0.0,2.0,7.0,17.0,B01
201500058097,0,16,0,0.0,2.0,1.0,1.0,A01
201500058097,0,7,0,0.0,2.0,0.0,0.0,B01
201500058098,0,2,0,0.0,2.0,1.0,13.0,A01
201500058098,0,2,0,0.0,2.0,1.0,1.0,B01
201500058099,0,7,0,0.0,2.0,2.0,1.0,B01
201500058099,0,30,0,0.0,2.0,1.0,5.0,A01
201500058100,0,33,0,0.0,0.0,1.0,2.0,A01
201500058101,0,14,0,0.0,0.0,0.0,1.0,B01
201500058101,0,1,0,0.0,2.0,0.0,19.0,A01
201500058102,0,7,0,0.0,0.0,4.0,1.0,B01
201500058102,0,7,0,0.0,2.0,1.0,2.0,A01
201500058103,0,7,0,0.0,2.0,2.0,17.0,B01
201500058103,0,7,0,0.0,2.0,8.0,17.0,A01
201500058104,0,30,0,0.0,0.0,1.0,1.0,A01
201500058105,0,7,0,0.0,1.0,7.0,0.0,A01
201500058106,0,7,0,0.0,1.0,1.0,1.0,A01
201500058107,0,7,0,0.0,0.0,0.0,0.0,A01
201500058108,0,7,0,0.0,0.0,1.0,1.0,A01
201500058109,0,7,0,0.0,1.0,7.0,21.0,A01
201500058110,0,7,0,0.0,0.0,1.0,1.0,A01
201500058111,0,7,0,0.0,2.0,2.0,0.0,B01
201500058111,0,7,0,0.0,2.0,3.0,9.0,A01
201500058112,0,7,0,0.0,0.0,1.0,1.0,A01
201500058113,0,7,0,0.0,0.0,0.0,0.0,B01
201500058113,0,30,0,0.0,0.0,0.0,0.0,A01
201500058114,0,7,0,0.0,2.0,2.0,15.0,A01
201500058114,0,30,0,0.0,2.0,1.0,1.0,B01
201500058115,0,1,0,0.0,2.0,1.0,1.0,B01
201500058115,0,7,0,0.0,2.0,7.0,15.0,A01
201500058116,1,7,0,0.0,1.0,1.0,5.0,A01
201500058117,0,33,0,0.0,0.0,1.0,1.0,A01
201500058118,0,1,0,0.0,2.0,1.0,19.0,A01
201500058118,0,7,0,0.0,2.0,2.0,2.0,B01
201500058119,0,7,0,0.0,2.0,4.0,1.0,B01
201500058119,0,7,0,0.0,2.0,4.0,1.0,A01
201500058120,0,30,0,0.0,2.0,3.0,5.0,A01
201500058120,0,7,0,0.0,2.0,3.0,1.0,B01
201500058121,0,7,0,0.0,0.0,7.0,0.0,A01
201500058122,0,7,0,0.0,2.0,3.0,1.0,B01
201500058122,0,33,0,0.0,2.0,1.0,5.0,A01
201500058123,0,7,0,0.0,1.0,8.0,1.0,A01
201500058124,0,7,0,0.0,0.0,1.0,1.0,A01
201500058125,0,13,0,0.0,2.0,4.0,1.0,B01
201500058125,0,7,0,0.0,2.0,1.0,2.0,A01
201500058126,0,2,0,0.0,2.0,1.0,1.0,B01
201500058126,0,7,0,0.0,2.0,3.0,15.0,A01
201500058127,0,7,0,0.0,0.0,1.0,0.0,A01
201500058128,0,7,0,0.0,2.0,7.0,1.0,B01
201500058128,0,2,0,0.0,2.0,7.0,0.0,A01
201500058129,0,7,0,0.0,1.0,8.0,0.0,A01
201500058130,0,7,0,0.0,2.0,2.0,2.0,A01
201500058130,0,7,0,0.0,2.0,6.0,2.0,B01
201500058131,0,7,0,0.0,1.0,5.0,1.0,A01
201500058132,0,2,0,12.0,0.0,7.0,14.0,A01
201500058133,0,2,0,0.0,0.0,0.0,0.0,A01
201500058134,0,33,0,1.0,,2.0,1.0,A01
201500058135,0,7,0,0.0,2.0,3.0,10.0,A01
201500058135,1,2,0,0.0,2.0,2.0,0.0,B01
201500058136,0,33,0,11.0,0.0,1.0,6.0,A01
201500058137,0,7,0,0.0,2.0,3.0,1.0,C01
201500058137,0,7,0,0.0,2.0,1.0,5.0,A01
201500058137,0,7,0,0.0,2.0,1.0,1.0,B01
201500058138,0,33,0,0.0,2.0,1.0,21.0,A01
201500058138,0,7,0,0.0,2.0,3.0,19.0,B01
201500058139,0,7,0,0.0,2.0,7.0,1.0,A01
201500058139,0,7,0,0.0,2.0,1.0,19.0,B01
201500058140,0,30,0,12.0,0.0,0.0,0.0,A01
201500058141,0,7,0,0.0,2.0,0.0,0.0,A01
201500058141,0,33,0,0.0,2.0,0.0,0.0,B01
201500058142,0,7,0,0.0,1.0,2.0,15.0,A01
201500058143,0,7,0,4.0,0.0,2.0,1.0,A01
201500058144,0,7,0,6.0,0.0,1.0,15.0,A01
201500058145,0,7,0,0.0,0.0,4.0,23.0,B01
201500058145,0,7,0,1.0,0.0,2.0,14.0,A01
201500058145,1,1,0,0.0,0.0,0.0,0.0,C01
201500058146,1,7,0,0.0,2.0,3.0,1.0,Z01
201500058146,0,1,0,0.0,2.0,2.0,1.0,B01
201500058147,0,7,0,0.0,2.0,1.0,0.0,B01
201500058147,0,7,0,8.0,2.0,8.0,19.0,A01
201500058148,0,31,0,0.0,2.0,4.0,2.0,A01
201500058148,0,7,0,0.0,2.0,2.0,2.0,B01
201500058148,0,7,0,0.0,2.0,1.0,23.0,C01
201500058149,0,7,0,0.0,2.0,8.0,11.0,A01
201500058149,0,31,0,0.0,2.0,2.0,2.0,B01
201500058150,0,2,0,0.0,2.0,1.0,2.0,A01
201500058150,0,7,0,0.0,2.0,4.0,2.0,B01
201500058151,0,30,0,0.0,0.0,0.0,0.0,A01
201500058152,0,7,0,0.0,2.0,2.0,0.0,A01
201500058152,0,33,0,0.0,2.0,4.0,0.0,B01
201500058153,0,7,0,0.0,1.0,1.0,1.0,A01
201500058154,0,7,0,0.0,0.0,1.0,0.0,A01
201500058155,0,7,0,0.0,1.0,2.0,19.0,A01
201500058156,0,7,0,0.0,2.0,1.0,1.0,B01
201500058156,0,2,0,0.0,2.0,2.0,13.0,A01
201500058157,0,34,0,0.0,2.0,5.0,0.0,A01
201500058157,0,7,0,0.0,0.0,0.0,0.0,B01
201500058158,0,7,0,0.0,1.0,3.0,1.0,A01
201500058159,0,7,0,0.0,2.0,8.0,1.0,B01
201500058159,0,7,0,0.0,2.0,1.0,1.0,A01
201500058160,0,7,0,0.0,2.0,1.0,15.0,C01
201500058160,0,33,0,0.0,2.0,0.0,0.0,B01
201500058161,0,7,0,0.0,2.0,1.0,1.0,B01
201500058161,0,2,0,0.0,2.0,1.0,0.0,A01
201500058162,0,32,0,0.0,2.0,1.0,0.0,B01
201500058162,0,3,0,0.0,2.0,8.0,0.0,A01
201500058163,0,7,0,13.0,0.0,0.0,1.0,A01
201500058164,1,99,0,0.0,1.0,1.0,1.0,A01
201500058165,0,7,0,0.0,1.0,0.0,1.0,A01
201500058166,0,2,0,1.0,0.0,1.0,2.0,A01
201500058167,0,7,0,0.0,1.0,1.0,1.0,A01
201500058168,0,30,0,13.0,0.0,0.0,2.0,A01
201500058169,0,30,0,0.0,2.0,1.0,8.0,A01
201500058169,0,2,0,0.0,2.0,1.0,8.0,B01
201500058170,0,7,0,0.0,1.0,7.0,1.0,A01
201500058171,0,2,0,0.0,1.0,0.0,0.0,A01
201500058172,0,2,0,0.0,2.0,9.0,8.0,A01
201500058172,0,7,0,0.0,2.0,3.0,1.0,B01
201500058173,0,1,0,0.0,2.0,1.0,19.0,B01
201500058173,0,7,0,0.0,9.0,3.0,9.0,A01
201500058174,0,7,0,0.0,2.0,3.0,11.0,A01
201500058174,0,33,0,0.0,2.0,7.0,0.0,B01
201500058175,0,7,0,0.0,2.0,3.0,1.0,B01
201500058175,0,7,0,0.0,2.0,2.0,13.0,A01
201500058176,0,7,0,0.0,2.0,4.0,2.0,A01
201500058176,0,7,0,0.0,2.0,1.0,2.0,B01
201500058177,0,7,0,0.0,2.0,2.0,0.0,A01
201500058177,0,33,0,0.0,2.0,3.0,0.0,B01
201500058178,0,7,0,0.0,2.0,5.0,2.0,B01
201500058178,0,33,0,0.0,2.0,0.0,0.0,A01
201500058179,0,7,0,0.0,2.0,3.0,15.0,A01
201500058179,0,33,0,0.0,2.0,1.0,17.0,B01
201500058180,0,7,0,14.0,2.0,0.0,2.0,B01
201500058180,0,7,0,16.0,0.0,4.0,15.0,C01
201500058180,0,7,0,14.0,9.0,1.0,2.0,A01
201500058181,0,7,0,0.0,1.0,3.0,2.0,A01
201500058182,0,7,0,0.0,2.0,1.0,15.0,A01
201500058182,0,33,0,0.0,2.0,1.0,1.0,B01
201500058183,0,33,0,0.0,2.0,1.0,2.0,A01
201500058183,0,7,0,0.0,2.0,6.0,2.0,B01
201500058184,0,7,0,0.0,2.0,3.0,13.0,A01
201500058185,0,10,0,0.0,1.0,2.0,0.0,A01
201500058186,0,7,0,0.0,1.0,1.0,1.0,A01
201500058187,0,7,0,0.0,1.0,2.0,6.0,A01
201500058188,0,10,0,0.0,1.0,2.0,19.0,A01
201500058189,0,7,0,0.0,2.0,3.0,16.0,A01
201500058189,0,1,0,0.0,2.0,1.0,1.0,B01
201500058190,0,10,0,0.0,1.0,1.0,0.0,A01
201500058191,0,7,0,0.0,1.0,6.0,15.0,A01
201500058192,0,7,0,0.0,1.0,1.0,15.0,A01
201500058193,0,34,0,0.0,2.0,0.0,2.0,A01
201500058193,0,7,0,0.0,2.0,3.0,15.0,B01
201500058194,0,7,0,0.0,1.0,3.0,19.0,A01
201500058195,0,7,0,4.0,2.0,3.0,17.0,A01
201500058195,0,7,0,0.0,2.0,4.0,1.0,B01
201500058196,0,7,0,0.0,1.0,2.0,1.0,A01
201500058197,0,10,0,0.0,2.0,6.0,23.0,B01
201500058197,0,13,0,0.0,2.0,4.0,23.0,C01
201500058197,0,7,0,1.0,0.0,1.0,1.0,A01
201500058198,0,33,0,0.0,2.0,2.0,17.0,A01
201500058198,0,7,0,0.0,2.0,8.0,15.0,B01
201500058199,0,7,0,0.0,2.0,2.0,1.0,B01
201500058199,0,30,0,0.0,2.0,1.0,1.0,A01
201500058200,0,30,0,0.0,2.0,1.0,19.0,A01
201500058200,0,7,0,0.0,2.0,2.0,1.0,B01
201500058201,0,7,0,0.0,2.0,3.0,13.0,B01
201500058201,0,33,0,0.0,2.0,1.0,1.0,A01
201500058202,0,33,0,0.0,1.0,1.0,1.0,A01
201500058203,0,34,0,0.0,2.0,7.0,17.0,B01
201500058203,0,7,0,0.0,2.0,8.0,15.0,A01
201500058204,0,7,0,0.0,2.0,4.0,1.0,B01
201500058204,0,7,0,0.0,2.0,4.0,2.0,A01
201500058205,0,2,0,0.0,2.0,4.0,23.0,B01
201500058205,0,7,0,0.0,2.0,1.0,21.0,A01
201500058206,0,7,0,0.0,1.0,0.0,1.0,A01
201500058207,0,30,0,0.0,2.0,1.0,0.0,B01
201500058207,0,7,0,0.0,2.0,1.0,17.0,A01
201500058208,0,33,0,0.0,2.0,1.0,1.0,B01
201500058208,0,7,0,0.0,2.0,3.0,1.0,A01
201500058209,0,33,0,0.0,2.0,1.0,0.0,A01
201500058209,0,7,0,0.0,2.0,6.0,15.0,B01
201500058210,0,7,0,0.0,2.0,7.0,15.0,A01
201500058210,0,33,0,0.0,2.0,1.0,2.0,B01
201500058211,0,2,0,16.0,0.0,0.0,14.0,A01
201500058212,0,1,0,0.0,2.0,1.0,1.0,B01
201500058212,0,7,0,0.0,9.0,3.0,15.0,A01
201500058213,0,7,0,15.0,1.0,4.0,2.0,A01
201500058214,0,7,0,0.0,5.0,9.0,21.0,A01
201500058215,0,2,0,0.0,1.0,0.0,1.0,A01
201500058216,0,7,0,0.0,2.0,4.0,2.0,B01
201500058216,0,7,0,0.0,2.0,4.0,2.0,C01
201500058216,0,7,0,0.0,2.0,1.0,2.0,A01
201500058217,0,33,0,0.0,2.0,7.0,2.0,B01
201500058217,0,7,0,0.0,2.0,3.0,15.0,A01
201500058218,0,7,0,0.0,1.0,1.0,1.0,A01
201500058219,0,7,0,0.0,2.0,4.0,2.0,B01
201500058219,0,7,0,0.0,2.0,1.0,2.0,A01
201500058220,0,7,0,3.0,0.0,2.0,14.0,A01
201500058221,0,7,0,0.0,2.0,1.0,9.0,B01
201500058221,0,7,0,0.0,2.0,1.0,1.0,A01
201500058222,0,2,0,12.0,0.0,7.0,14.0,A01
201500058223,0,10,0,6.0,0.0,1.0,13.0,A01
201500058224,0,1,0,0.0,2.0,4.0,2.0,A01
201500058224,0,7,0,0.0,2.0,1.0,2.0,B01
201500058225,0,1,0,0.0,2.0,1.0,13.0,B01
201500058225,0,7,0,0.0,2.0,3.0,1.0,A01
201500058226,0,7,0,0.0,1.0,0.0,1.0,A01
201500058227,0,1,0,0.0,2.0,1.0,15.0,A01
201500058227,0,7,0,0.0,2.0,8.0,15.0,B01
201500058228,0,33,0,0.0,2.0,1.0,1.0,A01
201500058228,0,7,0,0.0,2.0,3.0,1.0,B01
201500058229,0,7,0,0.0,2.0,8.0,15.0,B01
201500058229,0,33,0,0.0,2.0,7.0,17.0,A01
201500058230,0,7,0,0.0,2.0,3.0,0.0,A01
201500058230,0,32,0,0.0,2.0,1.0,1.0,B01
201500058231,0,7,0,0.0,2.0,8.0,13.0,B01
201500058231,0,2,0,0.0,2.0,8.0,1.0,A01
201500058232,1,99,0,0.0,2.0,2.0,1.0,B01
201500058232,0,1,0,0.0,0.0,1.0,18.0,A01
201500058233,0,7,0,0.0,1.0,1.0,1.0,A01
201500058234,0,7,0,0.0,2.0,3.0,13.0,A01
201500058234,0,2,0,0.0,2.0,1.0,21.0,B01
201500058235,0,7,0,0.0,1.0,1.0,1.0,A01
201500058236,0,7,0,0.0,2.0,8.0,1.0,A01
201500058236,0,7,0,0.0,2.0,2.0,1.0,B01
201500058237,0,7,0,0.0,2.0,1.0,2.0,B01
201500058237,0,1,0,0.0,2.0,4.0,2.0,A01
201500058238,0,31,0,12.0,0.0,7.0,14.0,A01
201500058239,0,7,0,0.0,2.0,3.0,1.0,B01
201500058239,0,30,0,0.0,2.0,1.0,1.0,A01
201500058240,0,7,0,0.0,2.0,3.0,15.0,B01
201500058240,0,31,0,0.0,2.0,2.0,15.0,A01
201500058241,0,10,0,0.0,2.0,4.0,1.0,A01
201500058241,0,7,0,0.0,2.0,1.0,17.0,B01
201500058242,0,33,0,0.0,2.0,8.0,3.0,A01
201500058242,0,7,0,0.0,2.0,8.0,1.0,B01
201500058243,0,33,0,0.0,0.0,8.0,0.0,A01
201500058244,0,30,0,0.0,2.0,1.0,2.0,B01
201500058244,0,3,0,0.0,2.0,4.0,2.0,A01
201500058245,0,2,0,8.0,0.0,1.0,14.0,A01
201500058246,0,7,0,0.0,1.0,1.0,2.0,A01
201500058247,0,10,0,0.0,0.0,2.0,14.0,A01
201500058248,0,7,0,2.0,0.0,1.0,14.0,A01
201500058249,0,7,0,0.0,2.0,1.0,1.0,A01
201500058249,0,7,0,0.0,2.0,1.0,5.0,B01
201500058250,0,7,0,0.0,2.0,4.0,2.0,B01
201500058250,0,10,0,0.0,2.0,1.0,2.0,A01
201500058251,0,7,0,0.0,2.0,7.0,14.0,B01
201500058251,0,30,0,0.0,2.0,8.0,0.0,A01
201500058252,0,7,0,0.0,2.0,1.0,1.0,B01
201500058252,0,1,0,0.0,2.0,1.0,19.0,A01
201500058253,0,30,0,0.0,2.0,2.0,1.0,A01
201500058253,0,7,0,0.0,2.0,3.0,9.0,B01
201500058254,0,7,0,0.0,1.0,1.0,14.0,A01
201500058255,0,7,0,0.0,0.0,7.0,14.0,A01
201500058256,0,30,0,0.0,2.0,3.0,9.0,A01
201500058256,0,7,0,0.0,2.0,0.0,9.0,B01
201500058257,0,2,0,12.0,0.0,1.0,1.0,A01
201500058258,0,7,0,0.0,1.0,1.0,1.0,A01
201500058259,0,33,0,0.0,2.0,3.0,1.0,A01
201500058259,0,7,0,0.0,2.0,3.0,15.0,B01
201500058260,0,7,0,0.0,1.0,4.0,20.0,A01
201500058261,0,2,0,3.0,0.0,3.0,13.0,A01
201500058262,0,7,0,0.0,2.0,4.0,2.0,A01
201500058262,0,7,0,0.0,2.0,1.0,2.0,B01
201500058263,0,7,0,0.0,2.0,1.0,1.0,A01
201500058263,0,7,0,0.0,2.0,1.0,5.0,B01
201500058264,0,33,0,1.0,2.0,9.0,21.0,A01
201500058265,0,7,0,0.0,2.0,4.0,2.0,A01
201500058265,0,7,0,0.0,2.0,1.0,2.0,B01
201500058266,0,7,0,0.0,1.0,3.0,1.0,A01
201500058267,0,2,0,0.0,1.0,1.0,1.0,A01
201500058268,0,7,0,0.0,2.0,1.0,2.0,C01
201500058268,0,7,0,0.0,2.0,4.0,2.0,B01
201500058268,0,7,0,0.0,2.0,4.0,2.0,A01
201500058269,0,33,0,0.0,2.0,6.0,17.0,A01
201500058269,0,7,0,0.0,2.0,4.0,1.0,B01
201500058270,0,7,0,0.0,2.0,4.0,1.0,B01
201500058270,0,1,0,0.0,2.0,1.0,1.0,A01
201500058271,0,7,0,0.0,2.0,4.0,2.0,A01
201500058271,0,7,0,0.0,2.0,9.0,2.0,D01
201500058271,0,7,0,0.0,2.0,9.0,2.0,C01
201500058271,0,7,0,0.0,2.0,1.0,2.0,E01
201500058271,0,7,0,0.0,2.0,9.0,2.0,B01
201500058272,0,7,0,0.0,2.0,8.0,15.0,B01
201500058272,0,2,0,0.0,2.0,1.0,1.0,A01
201500058273,0,7,0,0.0,2.0,1.0,2.0,B01
201500058273,0,2,0,0.0,2.0,4.0,2.0,A01
201500058274,0,2,0,0.0,2.0,1.0,17.0,A01
201500058274,0,7,0,0.0,2.0,8.0,16.0,B01
201500058275,0,7,0,0.0,2.0,1.0,1.0,A01
201500058275,0,7,0,0.0,2.0,7.0,9.0,B01
201500058276,1,7,0,0.0,1.0,1.0,0.0,A01
201500058277,0,7,0,0.0,0.0,7.0,14.0,A01
201500058278,0,7,0,0.0,2.0,4.0,2.0,A01
201500058278,0,7,0,0.0,2.0,1.0,2.0,B01
201500058279,0,7,0,0.0,1.0,3.0,1.0,A01
201500058280,0,2,0,0.0,2.0,0.0,2.0,A01
201500058280,0,7,0,0.0,2.0,4.0,2.0,B01
201500058281,0,7,0,0.0,0.0,9.0,1.0,A01
201500058282,0,7,0,0.0,2.0,1.0,1.0,B01
201500058282,0,7,0,0.0,2.0,7.0,1.0,A01
201500058283,0,30,0,0.0,0.0,1.0,14.0,A01
201500058284,0,2,0,0.0,1.0,1.0,1.0,A01
201500058285,0,33,0,4.0,0.0,1.0,13.0,A01
201500058286,0,13,0,0.0,2.0,4.0,2.0,A01
201500058286,0,2,0,0.0,2.0,1.0,2.0,B01
201500058287,0,10,0,0.0,2.0,0.0,1.0,B01
201500058287,0,1,0,0.0,2.0,1.0,1.0,A01
201500058288,0,7,0,0.0,2.0,2.0,19.0,B01
201500058288,0,33,0,0.0,2.0,1.0,1.0,A01
201500058289,0,2,0,3.0,0.0,1.0,1.0,A01
201500058290,0,7,0,0.0,2.0,1.0,2.0,A01
201500058290,0,7,0,0.0,2.0,4.0,2.0,B01
201500058291,0,7,0,0.0,2.0,1.0,5.0,B01
201500058291,0,7,0,0.0,2.0,1.0,1.0,A01
201500058292,0,7,0,0.0,1.0,1.0,1.0,A01
201500058293,0,2,0,0.0,0.0,0.0,13.0,A01
201500058294,0,30,0,0.0,2.0,1.0,17.0,B01
201500058294,0,7,0,0.0,2.0,3.0,1.0,A01
201500058295,0,7,0,0.0,2.0,1.0,2.0,A01
201500058295,0,7,0,0.0,2.0,6.0,2.0,B01
201500058296,0,33,0,0.0,1.0,1.0,1.0,A01
201500058297,0,7,0,0.0,2.0,3.0,15.0,A01
201500058297,0,32,0,0.0,2.0,1.0,21.0,B01
201500058298,0,30,0,0.0,2.0,1.0,1.0,A01
201500058298,0,7,0,0.0,2.0,8.0,15.0,B01
201500058299,0,7,0,0.0,2.0,8.0,10.0,A01
201500058299,0,33,0,0.0,2.0,1.0,17.0,B01
201500058300,0,33,0,0.0,2.0,7.0,1.0,A01
201500058300,0,7,0,0.0,2.0,1.0,9.0,B01
201500058301,0,2,0,0.0,2.0,1.0,1.0,B01
201500058301,0,7,0,0.0,2.0,2.0,19.0,A01
201500058302,0,7,0,0.0,1.0,1.0,16.0,A01
201500058303,0,7,0,0.0,2.0,1.0,2.0,C01
201500058303,0,7,0,0.0,2.0,1.0,2.0,A01
201500058303,0,7,0,0.0,2.0,1.0,2.0,D01
201500058303,0,7,0,0.0,2.0,4.0,2.0,B01
201500058303,0,10,0,0.0,2.0,1.0,2.0,E01
201500058304,0,7,0,0.0,2.0,1.0,15.0,A01
201500058304,0,30,0,0.0,2.0,1.0,1.0,B01
201500058305,0,32,0,0.0,2.0,1.0,13.0,A01
201500058305,0,7,0,0.0,2.0,3.0,1.0,B01
201500058306,0,7,0,0.0,1.0,1.0,1.0,C01
201500058306,0,7,0,0.0,2.0,1.0,5.0,B01
201500058306,0,7,0,0.0,2.0,9.0,1.0,A01
201500058307,0,7,0,0.0,1.0,2.0,21.0,A01
201500058308,0,7,0,0.0,2.0,8.0,1.0,A01
201500058308,0,1,0,0.0,2.0,1.0,15.0,B01
201500058309,0,7,0,0.0,2.0,3.0,11.0,A01
201500058309,0,2,0,0.0,2.0,2.0,1.0,B01
201500058310,0,7,0,0.0,2.0,9.0,14.0,B01
201500058310,0,7,0,0.0,2.0,9.0,1.0,A01
201500058311,0,1,0,0.0,2.0,1.0,9.0,B01
201500058311,0,7,0,0.0,2.0,1.0,1.0,A01
201500058312,0,2,0,0.0,0.0,0.0,14.0,A01
201500058313,0,7,0,0.0,1.0,1.0,1.0,A01
201500058314,0,33,0,0.0,0.0,0.0,17.0,A01
201500058315,0,7,0,0.0,2.0,1.0,2.0,B01
201500058315,0,7,0,0.0,2.0,4.0,1.0,A01
201500058316,0,33,0,0.0,2.0,0.0,17.0,A01
201500058316,0,10,0,6.0,2.0,3.0,21.0,B01
201500058316,0,10,0,0.0,2.0,8.0,21.0,C01
201500058317,0,7,0,0.0,2.0,4.0,23.0,A01
201500058317,0,7,0,0.0,2.0,1.0,14.0,B01
201500058318,0,1,0,0.0,0.0,0.0,14.0,A01
201500058319,0,7,0,0.0,0.0,0.0,0.0,A01
201500058320,0,10,0,0.0,2.0,3.0,15.0,A01
201500058320,0,2,0,0.0,2.0,1.0,1.0,B01
201500058321,0,7,0,2.0,0.0,1.0,0.0,A01
201500058322,0,7,0,6.0,0.0,9.0,1.0,A01
201500058323,0,7,0,0.0,1.0,3.0,1.0,A01
201500058324,0,10,0,0.0,2.0,3.0,21.0,B01
201500058324,0,14,0,0.0,2.0,3.0,21.0,A01
201500058325,0,7,0,0.0,2.0,4.0,2.0,E01
201500058325,0,7,0,0.0,2.0,4.0,2.0,F02
201500058325,0,7,0,0.0,2.0,4.0,2.0,A01
201500058325,0,7,0,0.0,2.0,4.0,2.0,C01
201500058325,0,7,0,0.0,2.0,1.0,2.0,B01
201500058325,0,7,0,0.0,2.0,4.0,2.0,D01
201500058326,0,10,0,0.0,1.0,1.0,1.0,A01
201500058327,0,37,1,0.0,1.0,2.0,1.0,A01
201500058328,1,7,0,1.0,0.0,1.0,14.0,A01
201500058329,0,7,0,0.0,1.0,1.0,1.0,A01
201500058330,0,7,0,6.0,0.0,1.0,13.0,A01
201500058331,0,2,0,0.0,2.0,1.0,1.0,B01
201500058331,0,7,0,0.0,2.0,6.0,15.0,A01
201500058332,0,13,0,11.0,0.0,4.0,21.0,A01
201500058333,0,7,0,0.0,1.0,7.0,1.0,A01
201500058334,0,7,0,5.0,0.0,1.0,1.0,A01
201500058335,0,7,0,0.0,2.0,4.0,2.0,B01
201500058335,0,7,0,0.0,2.0,4.0,2.0,C01
201500058335,1,10,0,0.0,2.0,1.0,2.0,A01
201500058336,0,7,0,0.0,2.0,4.0,2.0,B01
201500058336,0,33,0,0.0,2.0,1.0,2.0,A01
201500058337,0,7,0,4.0,0.0,9.0,1.0,A01
201500058338,0,7,0,0.0,0.0,9.0,14.0,A01
201500058339,0,7,0,0.0,2.0,1.0,1.0,A01
201500058339,0,7,0,0.0,2.0,1.0,9.0,B01
201500058340,0,1,0,0.0,2.0,1.0,19.0,A01
201500058340,0,7,0,0.0,2.0,3.0,1.0,B01
201500058341,0,7,0,0.0,1.0,1.0,1.0,A01
201500058342,0,1,0,0.0,2.0,1.0,5.0,B01
201500058342,0,7,0,0.0,2.0,1.0,1.0,A01
201500058343,0,7,0,6.0,0.0,1.0,14.0,A01
201500058344,0,30,0,0.0,2.0,1.0,5.0,B01
201500058344,0,7,0,0.0,2.0,1.0,1.0,A01
201500058345,0,13,0,0.0,2.0,7.0,16.0,B01
201500058345,0,1,0,0.0,2.0,3.0,18.0,A01
201500058346,0,7,0,0.0,2.0,1.0,2.0,B01
201500058346,0,17,0,0.0,2.0,4.0,1.0,A01
201500058347,0,7,0,3.0,2.0,1.0,21.0,A01
201500058347,0,7,0,0.0,2.0,4.0,2.0,B01
201500058348,0,1,0,0.0,2.0,1.0,13.0,B01
201500058348,0,7,0,0.0,2.0,1.0,1.0,A01
201500058349,0,20,0,0.0,2.0,2.0,16.0,A01
201500058349,0,7,0,0.0,2.0,6.0,18.0,B01
201500058350,1,7,0,0.0,2.0,4.0,1.0,A01
201500058351,0,7,0,4.0,0.0,9.0,1.0,A01
201500058352,0,7,0,0.0,1.0,1.0,1.0,A01
201500058353,0,1,0,0.0,0.0,1.0,1.0,A01
201500058354,0,7,0,0.0,2.0,7.0,16.0,A01
201500058354,0,30,0,0.0,2.0,8.0,16.0,B01
201500058355,0,7,0,0.0,2.0,6.0,1.0,A01
201500058355,0,7,0,0.0,2.0,1.0,14.0,B01
201500058356,0,7,0,0.0,1.0,1.0,1.0,A01
201500058357,0,7,0,0.0,1.0,1.0,1.0,A01
201500058358,0,7,0,4.0,0.0,9.0,17.0,A01
201500058359,0,30,0,0.0,9.0,1.0,1.0,A01
201500058360,0,7,0,0.0,2.0,1.0,2.0,B01
201500058360,0,7,0,0.0,2.0,4.0,1.0,A01
201500058361,0,2,0,0.0,2.0,2.0,1.0,A01
201500058361,0,7,0,0.0,2.0,3.0,10.0,B01